char	cp	n_fonts	ink	strokes	merge	ids	in_vocab	in_dense
一	4E00	1	0.4000	1.308	0.8769	1	0	0
丁	4E01	5	0.1823	1.587	0.9843	1	1	0
丂	4E02	5	0.2333	2.627	0.9295	1	0	0
七	4E03	5	0.2400	2.608	0.9701	1	1	0
丄	4E04	5	0.1508	1.371	1.0078	1	0	0
丅	4E05	5	0.1538	1.369	1.0067	1	0	0
丆	4E06	5	0.1917	1.794	0.9661	2	0	0
万	4E07	5	0.2800	3.146	0.9348	1	1	0
丈	4E08	5	0.2692	3.672	0.9334	1	1	0
三	4E09	5	0.2500	1.855	1.0014	1	1	0
上	4E0A	5	0.1846	1.792	1.0072	1	1	0
下	4E0B	5	0.2431	2.033	0.9736	1	1	0
丌	4E0C	5	0.2850	2.568	0.9792	1	0	0
不	4E0D	5	0.2633	3.055	0.9567	1	1	0
与	4E0E	5	0.2723	3.679	0.9533	2	1	0
丏	4E0F	5	0.3281	3.394	0.9821	1	0	0
丐	4E10	5	0.3160	3.329	0.9475	1	0	0
丑	4E11	5	0.3428	3.297	0.9910	1	1	0
丒	4E12	5	0.3623	4.098	0.9578	2	0	0
专	4E13	5	0.2981	4.107	0.9544	1	1	0
且	4E14	5	0.3500	3.205	0.9994	1	1	0
丕	4E15	5	0.3424	3.501	0.9325	2	0	0
世	4E16	5	0.3092	3.896	0.9822	1	1	0
丗	4E17	5	0.3151	3.750	0.9949	1	0	0
丘	4E18	5	0.2769	3.044	0.9646	1	1	0
丙	4E19	5	0.3889	4.354	0.9665	2	1	0
业	4E1A	5	0.3150	3.655	0.9735	1	1	0
丛	4E1B	5	0.3168	3.960	0.9343	3	0	0
东	4E1C	5	0.3013	4.410	0.9424	1	1	0
丝	4E1D	5	0.3504	4.887	0.9413	3	1	0
丞	4E1E	5	0.3833	4.770	0.9602	2	1	0
丟	4E1F	5	0.3733	4.428	0.9770	3	0	0
丠	4E20	5	0.3267	3.849	0.9383	3	0	0
両	4E21	5	0.4028	4.541	0.9956	1	1	0
丢	4E22	5	0.3654	4.877	0.9579	3	0	0
丣	4E23	5	0.4184	4.098	0.9405	1	0	0
两	4E24	5	0.4479	5.048	0.9534	1	1	0
严	4E25	5	0.2768	3.346	0.9923	1	1	0
並	4E26	5	0.3536	4.475	0.9251	2	1	0
丧	4E27	5	0.3538	5.227	0.9607	2	1	0
丩	4E29	5	0.3136	2.058	0.9665	1	0	0
个	4E2A	5	0.1612	2.582	0.9713	2	1	0
丫	4E2B	5	0.1600	2.226	0.9008	1	0	0
丬	4E2C	5	0.3547	2.240	0.9559	1	0	0
中	4E2D	5	0.3007	2.818	1.0175	1	1	0
丮	4E2E	5	0.3216	3.749	0.9762	2	0	0
丯	4E2F	5	0.2894	3.854	0.9868	1	0	0
丰	4E30	5	0.2604	3.413	0.9691	1	1	0
丱	4E31	5	0.3199	3.652	0.8957	1	0	0
串	4E32	5	0.4266	4.375	1.0230	1	1	0
丳	4E33	5	0.4790	5.066	0.9584	1	0	0
临	4E34	5	0.3985	5.036	0.9679	2	1	0
丵	4E35	5	0.3373	5.127	0.9515	2	0	0
丶	4E36	5	0.2576	1.927	0.9024	1	0	0
丷	4E37	5	0.2531	2.511	0.8852	2	0	0
丸	4E38	5	0.2722	3.666	0.9338	1	1	0
丹	4E39	5	0.3031	3.786	0.9441	1	1	0
为	4E3A	5	0.2977	4.017	0.9059	1	1	0
主	4E3B	5	0.2816	3.124	0.9795	2	1	0
丼	4E3C	5	0.3595	4.113	0.9632	2	0	0
丽	4E3D	5	0.4138	5.255	0.9699	5	1	0
举	4E3E	5	0.3254	5.146	0.9267	3	1	0
丿	4E3F	5	0.2639	1.634	0.8247	1	0	0
乀	4E40	5	0.1310	1.951	0.9471	1	0	0
乁	4E41	5	0.1630	1.658	0.9707	1	0	0
乂	4E42	5	0.2356	3.376	0.9465	1	0	0
乃	4E43	5	0.2783	3.187	0.9136	1	1	0
乄	4E44	5	0.2104	2.964	0.9563	1	0	0
久	4E45	5	0.2249	3.433	0.9524	1	1	0
乆	4E46	5	0.2291	3.340	0.9731	1	0	0
乇	4E47	5	0.2530	3.298	0.9270	2	0	0
么	4E48	5	0.2388	3.749	0.9452	2	1	0
义	4E49	5	0.2262	3.723	0.9578	1	1	0
乊	4E4A	5	0.2625	2.957	0.9132	3	0	0
之	4E4B	5	0.2320	3.671	0.8939	1	1	0
乌	4E4C	5	0.3061	3.888	0.9982	2	1	0
乍	4E4D	5	0.2385	3.147	0.9892	1	0	0
乎	4E4E	5	0.2631	3.740	0.9790	1	1	0
乏	4E4F	5	0.2800	4.375	0.9088	2	1	0
乐	4E50	5	0.3092	4.149	0.9330	1	1	0
乑	4E51	5	0.2821	4.592	0.9593	1	0	0
乒	4E52	5	0.2633	3.667	0.9440	2	0	0
乓	4E53	5	0.2633	3.651	0.9482	2	0	0
乔	4E54	5	0.2959	4.619	0.9492	3	1	0
乕	4E55	5	0.4108	5.328	0.9747	2	0	0
乖	4E56	5	0.3477	5.156	0.9483	4	0	0
乗	4E57	5	0.4551	5.711	0.9634	1	1	0
乘	4E58	5	0.3935	6.024	0.9418	1	1	0
乙	4E59	5	0.2779	2.860	0.8741	1	0	0
乚	4E5A	5	0.1896	1.405	0.8984	1	0	0
乛	4E5B	5	0.3207	1.929	0.6705	1	0	0
乜	4E5C	5	0.2667	3.364	0.9543	1	0	0
九	4E5D	5	0.2204	2.976	0.9371	1	1	0
乞	4E5E	5	0.2800	3.778	0.9363	2	1	0
也	4E5F	5	0.2959	3.985	0.9362	1	1	0
习	4E60	5	0.3030	3.211	0.9225	1	1	0
乡	4E61	5	0.2991	4.283	0.9172	1	1	0
乢	4E62	5	0.3088	3.582	0.9826	2	0	0
乣	4E63	5	0.2785	4.268	0.9236	2	0	0
乤	4E64	5	0.3420	3.877	0.9244	2	0	0
乥	4E65	5	0.3182	4.333	0.9474	4	0	0
书	4E66	5	0.2853	3.728	0.9328	1	1	0
乧	4E67	5	0.3269	4.541	0.9433	2	0	0
乨	4E68	5	0.3107	4.568	0.9172	3	0	0
乩	4E69	5	0.2985	3.649	0.9675	3	0	0
乪	4E6A	5	0.4618	4.803	0.9542	2	0	0
乫	4E6B	5	0.3824	5.030	0.9344	3	0	0
乬	4E6C	5	0.4407	5.588	0.9288	2	0	0
乭	4E6D	5	0.4243	4.700	0.9463	2	0	0
乮	4E6E	5	0.4047	5.290	0.9416	3	0	0
乯	4E6F	5	0.3750	5.073	0.9157	2	0	0
买	4E70	5	0.3507	4.702	0.9527	2	1	0
乱	4E71	5	0.3343	4.340	0.9527	2	1	0
乲	4E72	5	0.3574	5.456	0.9215	3	0	0
乳	4E73	5	0.3151	5.055	0.8988	3	1	0
乴	4E74	5	0.4138	5.317	0.9229	3	0	0
乵	4E75	5	0.3210	4.404	0.8874	2	0	0
乶	4E76	5	0.3990	6.268	0.9463	2	0	0
乷	4E77	5	0.3092	5.570	0.9356	4	0	0
乸	4E78	5	0.3757	6.437	0.9291	2	0	0
乹	4E79	5	0.3580	4.578	0.9578	2	0	0
乺	4E7A	5	0.3787	5.418	0.9690	3	0	0
乻	4E7B	5	0.3506	5.787	0.9404	4	0	0
乼	4E7C	5	0.3954	5.620	0.9504	4	0	0
乽	4E7D	5	0.4108	6.152	0.9473	3	0	0
乾	4E7E	5	0.4038	5.488	0.9391	3	1	1
乿	4E7F	5	0.3373	5.962	0.8903	3	0	0
亀	4E80	5	0.4200	6.334	0.9980	2	1	1
亁	4E81	5	0.4068	5.776	0.9556	5	0	0
亂	4E82	5	0.3785	6.855	0.8677	2	1	1
亃	4E83	5	0.4031	6.392	0.8865	4	0	0
亄	4E84	5	0.3580	6.014	0.9369	5	0	0
亅	4E85	5	0.3000	1.078	0.9278	1	0	0
了	4E86	5	0.2027	1.987	0.9421	1	1	0
亇	4E87	5	0.2147	2.731	0.9159	2	0	0
予	4E88	5	0.2800	3.355	0.9418	1	1	0
争	4E89	5	0.3358	4.331	0.9680	2	1	0
亊	4E8A	5	0.3757	4.974	0.9395	1	0	0
事	4E8B	5	0.3903	5.568	0.9927	1	1	1
二	4E8C	5	0.1930	1.018	1.0034	1	0	0
亍	4E8D	5	0.2205	2.238	0.9868	2	0	0
于	4E8E	5	0.2465	2.427	0.9959	1	1	0
亏	4E8F	5	0.2733	3.153	0.9469	2	0	0
亐	4E90	5	0.2837	3.180	0.9762	2	0	0
云	4E91	5	0.3142	3.588	0.9508	2	1	0
互	4E92	5	0.3285	3.133	0.9728	1	1	0
亓	4E93	5	0.2639	2.983	0.9778	2	0	0
五	4E94	5	0.3428	2.810	1.0005	1	1	0
井	4E95	5	0.2997	3.706	0.9503	1	1	0
亖	4E96	5	0.3030	2.724	1.0102	2	0	0
亗	4E97	5	0.2784	3.104	0.9987	2	0	0
亘	4E98	5	0.3930	3.640	0.9835	3	0	0
亙	4E99	5	0.3595	3.873	0.9666	2	0	0
亚	4E9A	5	0.3878	3.888	0.9710	1	1	0
些	4E9B	5	0.3580	4.484	0.9563	3	1	0
亜	4E9C	5	0.4423	4.170	0.9901	1	1	0
亝	4E9D	5	0.3650	5.316	0.9530	4	0	0
亞	4E9E	5	0.4013	3.672	0.9955	1	1	0
亟	4E9F	5	0.3958	5.320	0.9552	1	0	0
亠	4EA0	5	0.3077	1.417	0.9772	1	0	0
亡	4EA1	5	0.2062	2.353	0.9653	1	1	0
亢	4EA2	5	0.2585	3.578	0.9223	2	0	0
亣	4EA3	5	0.2212	2.944	0.9879	2	0	0
交	4EA4	5	0.2973	4.736	0.9277	2	1	0
亥	4EA5	5	0.3413	4.981	0.9401	3	1	0
亦	4EA6	5	0.2870	4.390	0.9342	4	1	0
产	4EA7	5	0.2308	3.300	0.9264	2	1	0
亨	4EA8	5	0.3173	4.395	0.9693	3	1	0
亩	4EA9	5	0.3878	4.566	0.9927	2	1	0
亪	4EAA	5	0.2785	4.504	0.9603	5	0	0
享	4EAB	5	0.3892	5.131	0.9756	3	1	0
京	4EAC	5	0.3269	4.536	0.9656	3	1	0
亭	4EAD	5	0.3590	5.129	0.9490	4	1	0
亮	4EAE	5	0.3990	5.557	0.9226	4	1	0
亯	4EAF	5	0.4327	5.333	1.0062	3	0	0
亰	4EB0	5	0.3662	5.048	0.9595	2	0	0
亱	4EB1	5	0.3683	4.972	0.9747	4	0	0
亲	4EB2	5	0.3638	5.379	0.9397	2	1	0
亳	4EB3	5	0.4247	6.403	0.9374	5	0	0
亴	4EB4	5	0.4154	7.172	0.9230	5	0	0
亵	4EB5	5	0.4053	6.560	0.9440	4	0	0
亶	4EB6	5	0.4108	6.570	1.0064	3	0	0
亷	4EB7	5	0.5032	6.645	0.9384	3	0	0
亸	4EB8	5	0.4601	6.216	0.9621	6	0	0
亹	4EB9	5	0.4327	7.546	0.9748	5	0	0
人	4EBA	5	0.1744	2.581	0.9328	1	0	0
亻	4EBB	5	0.2404	2.087	0.9244	1	0	0
亼	4EBC	5	0.2367	2.875	0.9387	2	0	0
亽	4EBD	5	0.1626	2.741	0.9416	2	0	0
亾	4EBE	5	0.2850	3.057	0.9917	2	0	0
亿	4EBF	5	0.2708	4.017	0.9510	2	1	0
什	4EC0	5	0.2189	2.976	0.9758	2	1	0
仁	4EC1	5	0.1923	2.808	0.9450	2	1	0
仂	4EC2	5	0.3123	4.132	0.9049	2	0	0
仃	4EC3	5	0.2293	3.043	0.9479	2	0	0
仄	4EC4	5	0.2723	3.698	0.9649	2	0	0
仅	4EC5	5	0.2944	4.527	0.9345	2	1	0
仆	4EC6	5	0.2138	3.116	0.9356	2	0	0
仇	4EC7	5	0.2959	4.029	0.9260	2	1	0
仈	4EC8	5	0.2585	3.937	0.9526	2	0	0
仉	4EC9	5	0.2959	4.084	0.9323	2	0	0
今	4ECA	5	0.2322	3.728	0.9732	3	1	0
介	4ECB	5	0.1997	3.390	0.9699	2	1	0
仌	4ECC	5	0.2160	3.629	0.9315	2	0	0
仍	4ECD	5	0.3018	4.374	0.9233	2	1	0
从	4ECE	5	0.2608	3.824	0.9582	2	1	0
仏	4ECF	5	0.2600	3.882	0.9172	2	1	0
仐	4ED0	5	0.2160	3.317	0.9739	2	0	0
仑	4ED1	5	0.2480	3.667	0.9489	2	1	0
仒	4ED2	5	0.1750	3.274	0.9574	2	0	0
仓	4ED3	5	0.2944	4.006	0.9410	2	1	0
仔	4ED4	5	0.2751	3.877	0.9465	2	1	0
仕	4ED5	5	0.2633	3.591	0.9533	2	1	0
他	4ED6	5	0.3846	4.955	0.9237	2	1	0
仗	4ED7	5	0.3062	4.396	0.9274	2	0	0
付	4ED8	5	0.2544	3.680	0.9407	2	1	0
仙	4ED9	5	0.3123	3.799	0.9702	2	1	0
仚	4EDA	5	0.2678	4.018	0.9917	2	0	0
仛	4EDB	5	0.2885	4.217	0.9121	3	0	0
仜	4EDC	5	0.2485	3.350	0.9815	2	0	0
仝	4EDD	5	0.2631	3.424	0.9768	2	0	0
仞	4EDE	5	0.3446	4.806	0.8759	3	0	0
仟	4EDF	5	0.2781	3.507	0.9433	2	0	0
仠	4EE0	5	0.2574	3.443	0.9774	2	0	0
仡	4EE1	5	0.3077	4.611	0.8843	3	0	0
仢	4EE2	5	0.2923	4.077	0.8994	3	0	0
代	4EE3	5	0.2751	4.134	0.9258	2	1	0
令	4EE4	5	0.2446	4.029	0.9477	3	1	0
以	4EE5	5	0.2708	4.109	0.9544	2	1	0
仦	4EE6	5	0.2633	3.880	0.9368	2	0	0
仧	4EE7	5	0.2516	3.576	0.9468	2	0	0
仨	4EE8	5	0.2441	3.449	0.9757	2	0	0
仩	4EE9	5	0.2564	3.249	0.9697	2	0	0
仪	4EEA	5	0.3046	4.771	0.9473	2	1	0
仫	4EEB	5	0.2769	4.420	0.9481	3	0	0
们	4EEC	5	0.2923	3.581	0.9272	2	1	0
仭	4EED	5	0.3609	5.080	0.9501	2	0	0
仮	4EEE	5	0.3462	5.358	0.9404	3	1	0
仯	4EEF	5	0.2538	4.428	0.9494	3	0	0
仰	4EF0	5	0.3123	4.456	0.9489	3	1	0
仱	4EF1	5	0.2722	4.490	0.9413	4	0	0
仲	4EF2	5	0.3308	3.846	0.9828	2	1	0
仳	4EF3	5	0.3219	4.796	0.9167	2	0	0
仴	4EF4	5	0.3734	4.128	0.9586	2	0	0
仵	4EF5	5	0.2781	3.846	0.9700	3	0	0
件	4EF6	5	0.2840	3.903	0.9707	2	1	0
价	4EF7	5	0.2737	4.443	0.9402	3	1	0
仸	4EF8	5	0.3151	4.616	0.9333	3	0	0
仹	4EF9	5	0.3328	4.082	0.9563	2	0	0
仺	4EFA	5	0.2815	3.899	0.9749	2	0	0
任	4EFB	5	0.3018	4.172	0.9357	3	1	0
仼	4EFC	5	0.2929	3.995	0.9725	2	0	0
份	4EFD	5	0.3121	4.888	0.9206	3	1	0
仾	4EFE	5	0.3595	4.645	0.8735	2	0	0
仿	4EFF	5	0.3136	4.394	0.9409	2	1	0
伀	4F00	5	0.2864	4.789	0.9302	3	0	0
企	4F01	5	0.2754	3.751	0.9682	2	1	0
伂	4F02	5	0.3269	4.422	0.9523	2	0	0
伃	4F03	5	0.3092	4.478	0.9362	2	0	0
伄	4F04	5	0.3723	4.704	0.9733	2	0	0
伅	4F05	5	0.3358	4.447	0.9643	2	0	0
伆	4F06	5	0.3595	5.438	0.9337	3	0	0
伇	4F07	5	0.3417	5.204	0.9202	3	0	0
伈	4F08	5	0.2722	4.417	0.9144	2	0	0
伉	4F09	5	0.2959	4.405	0.9096	3	0	0
伊	4F0A	5	0.3358	4.495	0.9670	2	1	0
伋	4F0B	5	0.3432	5.337	0.9366	2	0	0
伌	4F0C	5	0.3373	5.110	0.9447	3	0	0
伍	4F0D	5	0.3240	4.397	0.9626	2	1	0
伎	4F0E	5	0.3447	4.958	0.9231	3	1	0
伏	4F0F	5	0.3062	4.488	0.9298	2	1	0
伐	4F10	5	0.3195	5.048	0.9257	2	1	0
休	4F11	5	0.3432	4.470	0.8949	2	1	0
伒	4F12	5	0.2840	4.041	0.9518	2	0	0
伓	4F13	5	0.2766	4.134	0.9303	2	0	0
伔	4F14	5	0.3299	4.585	0.9521	3	0	0
伕	4F15	5	0.3166	4.538	0.9408	2	0	0
伖	4F16	5	0.3536	5.119	0.9167	3	0	0
众	4F17	5	0.2722	4.567	0.9469	3	1	0
优	4F18	5	0.3120	4.762	0.9385	2	1	0
伙	4F19	5	0.2781	4.483	0.9219	2	1	0
会	4F1A	5	0.3269	4.975	0.9704	3	1	0
伛	4F1B	5	0.3476	5.250	0.9634	3	0	0
伜	4F1C	5	0.3151	4.404	0.9562	3	0	0
伝	4F1D	5	0.3077	4.418	0.9296	3	1	0
伞	4F1E	5	0.2574	4.171	0.9543	2	0	0
伟	4F1F	5	0.3446	4.499	0.9452	2	1	0
传	4F20	5	0.3180	4.550	0.9509	2	1	0
伡	4F21	5	0.3225	4.375	0.9714	2	0	0
伢	4F22	5	0.3358	4.611	0.9760	2	0	0
伣	4F23	5	0.3299	4.927	0.9719	2	0	0
伤	4F24	5	0.3277	4.812	0.9018	3	1	0
伥	4F25	5	0.3506	4.841	0.9295	2	0	0
伦	4F26	5	0.2959	4.691	0.8937	3	1	0
伧	4F27	5	0.3407	4.981	0.9567	3	0	0
伨	4F28	5	0.3031	4.644	0.9138	3	0	0
伩	4F29	5	0.3107	4.683	0.9487	2	0	0
伪	4F2A	5	0.3477	4.989	0.9188	2	1	0
伫	4F2B	5	0.2308	3.517	0.9537	2	0	0
伬	4F2C	5	0.3195	4.367	0.9423	2	0	0
伭	4F2D	5	0.3415	5.088	0.9093	2	0	0
伮	4F2E	5	0.3979	6.266	0.9238	3	0	0
伯	4F2F	5	0.3686	4.061	0.9804	2	1	0
估	4F30	5	0.3151	4.111	0.9591	3	1	0
伱	4F31	5	0.2885	4.799	0.9456	3	0	0
伲	4F32	5	0.3595	5.257	0.9364	3	0	0
伳	4F33	5	0.3595	4.888	0.9640	2	0	0
伴	4F34	5	0.3077	4.482	0.9488	2	1	0
伵	4F35	5	0.3985	4.899	0.9423	2	0	0
伶	4F36	5	0.3215	4.853	0.9432	4	0	0
伷	4F37	5	0.3837	4.362	0.9877	2	0	0
伸	4F38	5	0.3738	4.291	0.9744	2	1	0
伹	4F39	5	0.3580	4.578	0.9620	2	0	0
伺	4F3A	5	0.3708	4.503	0.9620	3	1	0
伻	4F3B	5	0.2944	4.445	0.9513	2	0	0
似	4F3C	5	0.3092	5.034	0.9359	3	1	0
伽	4F3D	5	0.3862	5.264	0.9583	3	1	0
伾	4F3E	5	0.3121	4.667	0.9519	3	0	0
伿	4F3F	5	0.3047	4.399	0.9749	3	0	0
佀	4F40	5	0.3554	4.384	0.9515	2	0	0
佁	4F41	5	0.3225	4.683	0.9322	3	0	0
佂	4F42	5	0.3121	4.231	0.9773	3	0	0
佃	4F43	5	0.4030	4.556	0.9991	2	0	0
佄	4F44	5	0.3432	4.343	0.9786	2	0	0
佅	4F45	5	0.3595	4.752	0.9429	2	0	0
但	4F46	5	0.3565	4.476	0.9666	3	1	0
佇	4F47	5	0.2796	4.043	0.9068	3	0	0
佈	4F48	5	0.3491	4.850	0.9557	3	1	0
佉	4F49	5	0.3314	4.668	0.9516	3	0	0
佊	4F4A	5	0.3817	5.471	0.9420	2	0	0
佋	4F4B	5	0.3692	4.920	0.9557	3	0	0
佌	4F4C	5	0.3504	5.173	0.9570	3	0	0
位	4F4D	5	0.2944	4.366	0.9634	2	1	0
低	4F4E	5	0.3550	5.187	0.9158	3	1	0
住	4F4F	5	0.3062	4.350	0.9594	3	1	0
佐	4F50	5	0.3299	4.562	0.9654	3	1	0
佑	4F51	5	0.3462	4.577	0.9622	3	1	0
佒	4F52	5	0.3491	4.819	0.9657	2	0	0
体	4F53	5	0.3299	4.848	0.9283	2	1	0
佔	4F54	5	0.3033	3.904	0.9803	3	1	0
何	4F55	5	0.3180	4.250	0.9729	3	1	0
佖	4F56	5	0.3491	5.527	0.9255	2	0	0
佗	4F57	5	0.2963	4.409	0.9157	3	0	0
佘	4F58	5	0.2796	4.831	0.9514	2	0	0
余	4F59	5	0.3136	4.976	0.9623	3	1	0
佚	4F5A	5	0.3358	4.903	0.9336	3	0	0
佛	4F5B	5	0.4154	5.528	0.9369	2	1	1
作	4F5C	5	0.2796	3.945	0.9554	2	1	0
佝	4F5D	5	0.3600	4.835	0.8884	3	0	0
佞	4F5E	5	0.3669	5.413	0.9485	3	0	0
佟	4F5F	5	0.3225	5.280	0.9103	3	0	0
你	4F60	5	0.3136	4.742	0.9368	3	1	0
佡	4F61	5	0.3225	4.760	0.9495	3	0	0
佢	4F62	5	0.3225	4.285	0.9739	2	0	0
佣	4F63	5	0.4215	4.858	0.9602	2	0	0
佤	4F64	5	0.3462	5.089	0.9386	2	0	0
佥	4F65	5	0.3008	4.454	0.9474	4	0	0
佦	4F66	5	0.3415	4.485	0.9505	2	0	0
佧	4F67	5	0.2737	3.841	0.9613	3	0	0
佨	4F68	5	0.3533	5.255	0.9489	3	0	0
佩	4F69	5	0.3669	6.264	0.9609	2	1	0
佪	4F6A	5	0.4169	4.884	0.9739	3	0	0
佫	4F6B	5	0.3639	5.208	0.9158	3	0	0
佬	4F6C	5	0.3728	5.413	0.9272	3	0	0
佭	4F6D	5	0.3624	5.509	0.9356	3	0	0
佮	4F6E	5	0.3240	4.905	0.9556	4	0	0
佯	4F6F	5	0.3284	4.623	0.9357	2	0	0
佰	4F70	5	0.3708	4.645	0.9822	3	0	0
佱	4F71	5	0.3536	4.652	0.9920	4	0	0
佲	4F72	5	0.3585	4.874	0.9321	3	0	0
佳	4F73	5	0.3417	4.607	0.9809	3	1	0
佴	4F74	5	0.3624	4.591	0.9801	2	0	0
併	4F75	5	0.3402	4.923	0.9179	5	1	0
佶	4F76	5	0.3754	4.531	0.9661	3	0	0
佷	4F77	5	0.3772	5.340	0.9616	2	0	0
佸	4F78	5	0.3639	4.699	0.9536	2	0	0
佹	4F79	5	0.3787	5.485	0.9152	4	0	0
佺	4F7A	5	0.3415	5.102	0.9265	3	0	0
佻	4F7B	5	0.3698	5.587	0.8709	2	0	0
佼	4F7C	5	0.3240	5.379	0.9332	3	0	0
佽	4F7D	5	0.3151	5.351	0.9149	3	0	0
佾	4F7E	5	0.3580	5.155	0.9215	2	0	0
使	4F7F	5	0.3876	5.359	0.9366	2	1	0
侀	4F80	5	0.4185	5.204	0.9508	4	0	0
侁	4F81	5	0.3565	5.024	0.9111	3	0	0
侂	4F82	5	0.3624	5.365	0.9142	2	0	0
侃	4F83	5	0.3565	4.981	0.9614	3	0	0
侄	4F84	5	0.3565	5.144	0.9715	3	0	0
侅	4F85	5	0.3358	5.402	0.9187	4	0	0
來	4F86	5	0.3343	5.183	0.9572	1	1	0
侇	4F87	5	0.4024	5.731	0.9295	2	0	0
侈	4F88	5	0.3600	5.707	0.9227	3	0	0
侉	4F89	5	0.3609	5.367	0.9137	4	0	0
侊	4F8A	5	0.3343	5.084	0.9078	4	0	0
例	4F8B	5	0.3892	5.269	0.9458	3	1	0
侌	4F8C	5	0.3772	5.958	0.9231	5	0	0
侍	4F8D	5	0.3432	4.636	0.9624	3	1	0
侎	4F8E	5	0.3343	5.248	0.9307	2	0	0
侏	4F8F	5	0.3669	5.110	0.9446	3	0	0
侐	4F90	5	0.3787	5.262	0.9612	3	0	0
侑	4F91	5	0.3757	4.895	0.9429	3	0	0
侒	4F92	5	0.3669	5.337	0.9089	3	0	0
侓	4F93	5	0.4038	5.189	0.9673	2	0	0
侔	4F94	5	0.3417	4.985	0.9451	3	0	0
侕	4F95	5	0.4108	5.335	0.9117	2	0	0
侖	4F96	5	0.3713	5.106	0.9718	3	0	0
侗	4F97	5	0.3908	5.052	0.9649	3	0	0
侘	4F98	5	0.3447	4.980	0.8857	4	0	0
侙	4F99	5	0.3240	4.884	0.9567	3	0	0
侚	4F9A	5	0.3815	4.951	0.9115	3	0	0
供	4F9B	5	0.3521	4.736	0.9177	3	1	0
侜	4F9C	5	0.3536	5.111	0.9407	2	0	0
依	4F9D	5	0.3476	5.284	0.9270	2	1	0
侞	4F9E	5	0.4154	5.483	0.9482	3	0	0
侟	4F9F	5	0.3388	4.978	0.9427	3	0	0
侠	4FA0	5	0.3743	5.308	0.9384	2	1	0
価	4FA1	5	0.4098	5.264	0.9608	2	1	0
侢	4FA2	5	0.4098	5.140	0.9691	3	0	0
侣	4FA3	5	0.3734	4.520	0.9598	3	0	0
侤	4FA4	5	0.3654	4.999	0.9425	3	0	0
侥	4FA5	5	0.3964	5.798	0.9187	3	0	0
侦	4FA6	5	0.3369	4.796	0.9396	3	0	0
侧	4FA7	5	0.4400	5.842	0.9651	3	1	0
侨	4FA8	5	0.3269	5.115	0.9662	4	0	0
侩	4FA9	5	0.3402	5.404	0.9431	4	0	0
侪	4FAA	5	0.3240	4.949	0.9209	2	0	0
侫	4FAB	5	0.3831	5.488	0.9196	3	0	0
侬	4FAC	5	0.3506	5.272	0.9156	3	0	0
侭	4FAD	5	0.3328	5.106	0.9528	3	0	0
侮	4FAE	5	0.3979	5.883	0.9067	3	0	0
侯	4FAF	5	0.3905	5.631	0.9398	2	1	0
侰	4FB0	5	0.4112	5.251	0.9778	3	0	0
侱	4FB1	5	0.3831	5.102	0.9914	3	0	0
侲	4FB2	5	0.3728	5.959	0.9616	2	0	0
侳	4FB3	5	0.3609	5.347	0.9423	5	0	0
侴	4FB4	5	0.3609	5.433	0.9558	4	0	0
侵	4FB5	5	0.4127	6.129	0.9193	2	1	0
侶	4FB6	5	0.3815	4.578	0.9847	4	1	0
侷	4FB7	5	0.4262	5.660	0.9344	3	0	0
侸	4FB8	5	0.3595	5.013	0.9168	4	0	0
侹	4FB9	5	0.3905	5.849	0.9094	3	0	0
侺	4FBA	5	0.3180	5.047	0.9412	5	0	0
侻	4FBB	5	0.3388	5.256	0.9038	3	0	0
侼	4FBC	5	0.3565	5.012	0.9478	3	0	0
侽	4FBD	5	0.4338	5.489	0.9263	3	0	0
侾	4FBE	5	0.3861	5.381	0.9363	3	0	0
便	4FBF	5	0.4320	5.786	0.9340	2	1	0
俀	4FC0	5	0.3402	5.795	0.9128	3	0	0
俁	4FC1	5	0.3891	5.536	0.9449	3	0	0
係	4FC2	5	0.3476	5.903	0.9039	3	1	0
促	4FC3	5	0.3447	4.902	0.9525	3	1	0
俄	4FC4	5	0.4142	6.165	0.9545	2	1	1
俅	4FC5	5	0.3343	5.605	0.9366	2	0	0
俆	4FC6	5	0.3358	5.521	0.9338	4	0	0
俇	4FC7	5	0.3831	5.474	0.9520	3	0	0
俈	4FC8	5	0.3654	5.001	0.9498	3	0	0
俉	4FC9	5	0.3950	5.064	0.9684	3	0	0
俊	4FCA	5	0.3785	6.289	0.9080	4	1	0
俋	4FCB	5	0.4142	5.318	0.9113	2	0	0
俌	4FCC	5	0.4275	5.520	0.9476	2	0	0
俍	4FCD	5	0.3728	5.301	0.9204	3	0	0
俎	4FCE	5	0.3692	4.944	0.9669	3	0	0
俏	4FCF	5	0.3654	5.250	0.9328	3	0	0
俐	4FD0	5	0.4046	5.259	0.9243	3	0	0
俑	4FD1	5	0.4487	5.429	0.8968	3	0	0
俒	4FD2	5	0.3550	5.102	0.9074	4	0	0
俓	4FD3	5	0.3639	5.818	0.9122	6	0	0
俔	4FD4	5	0.3979	5.285	0.9315	2	0	0
俕	4FD5	5	0.3521	5.120	0.9728	3	0	0
俖	4FD6	5	0.3785	5.121	0.9302	3	0	0
俗	4FD7	5	0.3402	5.493	0.9172	2	1	0
俘	4FD8	5	0.3323	5.236	0.9323	3	1	0
俙	4FD9	5	0.3876	5.726	0.9270	4	0	0
俚	4FDA	5	0.4186	5.345	0.9679	3	0	0
俛	4FDB	5	0.3964	5.457	0.9197	3	0	0
俜	4FDC	5	0.3891	5.282	0.9657	3	0	0
保	4FDD	5	0.3698	5.190	0.9522	3	1	0
俞	4FDE	5	0.3328	5.304	0.9390	4	0	0
俟	4FDF	5	0.3683	5.644	0.9142	3	0	0
俠	4FE0	5	0.3521	5.606	0.9297	2	1	0
信	4FE1	5	0.3595	5.277	0.9836	2	1	0
俢	4FE2	5	0.3462	6.037	0.9237	2	0	0
俣	4FE3	5	0.3831	5.460	0.9475	4	1	0
俤	4FE4	5	0.3938	5.683	0.9203	5	0	0
俥	4FE5	5	0.4172	5.198	0.9731	2	0	0
俦	4FE6	5	0.3935	5.672	0.9321	3	0	0
俧	4FE7	5	0.3519	5.173	0.9649	3	0	0
俨	4FE8	5	0.3136	4.516	0.9580	2	0	0
俩	4FE9	5	0.4142	5.956	0.9234	2	0	0
俪	4FEA	5	0.4364	6.335	0.9228	6	0	0
俫	4FEB	5	0.3723	5.445	0.9268	2	0	0
俬	4FEC	5	0.3728	5.686	0.9436	3	0	0
俭	4FED	5	0.3195	5.441	0.9331	5	0	0
修	4FEE	5	0.3388	6.300	0.9189	3	1	0
俯	4FEF	5	0.3817	5.729	0.9365	4	0	0
俰	4FF0	5	0.4369	5.497	0.9242	3	0	0
俱	4FF1	5	0.4068	5.587	0.9293	3	1	0
俲	4FF2	5	0.3728	6.495	0.9219	4	0	0
俳	4FF3	5	0.3447	4.876	0.9466	2	1	0
俴	4FF4	5	0.3950	6.452	0.9001	3	0	0
俵	4FF5	5	0.3935	5.937	0.9423	3	0	0
俶	4FF6	5	0.3979	6.110	0.9569	4	0	0
俷	4FF7	5	0.4098	6.482	0.9286	3	0	0
俸	4FF8	5	0.4068	5.885	0.9191	3	0	0
俹	4FF9	5	0.3743	4.894	0.9744	2	0	0
俺	4FFA	5	0.4290	5.758	0.9229	3	1	1
俻	4FFB	5	0.4157	5.647	0.9365	3	0	0
俼	4FFC	5	0.3950	5.635	0.9168	4	0	0
俽	4FFD	5	0.3333	6.167	0.9387	3	0	0
俾	4FFE	5	0.3979	5.216	0.9475	3	0	0
俿	4FFF	5	0.3950	6.084	0.9068	3	0	0
倀	5000	5	0.3787	5.589	0.9597	2	0	0
倁	5001	5	0.4123	5.327	0.9242	3	0	0
倂	5002	5	0.3314	5.054	0.9178	5	0	0
倃	5003	5	0.3831	6.046	0.9288	4	0	0
倄	5004	5	0.4201	5.964	0.9415	4	0	0
倅	5005	5	0.3107	5.028	0.9486	3	0	0
倆	5006	5	0.4077	6.497	0.8804	3	0	0
倇	5007	5	0.3905	6.035	0.9336	4	0	0
倈	5008	5	0.3713	5.686	0.9166	2	0	0
倉	5009	5	0.3291	5.957	0.9169	4	1	0
倊	500A	5	0.3314	6.007	0.9028	4	0	0
個	500B	5	0.4062	5.347	0.9757	4	1	0
倌	500C	5	0.3846	5.071	0.9710	3	0	0
倍	500D	5	0.3447	5.106	0.9470	3	1	0
倎	500E	5	0.3876	5.719	0.9550	3	0	0
倏	500F	5	0.3728	6.366	0.9214	3	0	0
倐	5010	5	0.3491	6.274	0.9257	3	0	0
們	5011	5	0.3908	4.608	0.9431	2	1	0
倒	5012	5	0.4108	5.646	0.9348	4	1	0
倓	5013	5	0.3136	5.627	0.9603	3	0	0
倔	5014	5	0.4215	5.877	0.9313	4	0	0
倕	5015	5	0.4246	5.481	0.9649	2	0	0
倖	5016	5	0.3565	4.981	0.9529	3	0	0
倗	5017	5	0.4523	6.438	0.9196	3	0	0
倘	5018	5	0.3728	5.521	0.9488	4	0	0
候	5019	5	0.3802	5.822	0.9282	3	1	0
倚	501A	5	0.3846	5.472	0.9594	4	0	0
倛	501B	5	0.3536	5.136	0.9660	3	0	0
倜	501C	5	0.4323	5.743	0.9579	3	0	0
倝	501D	5	0.3743	4.899	0.9814	2	0	0
倞	501E	5	0.3536	5.188	0.9113	4	0	0
借	501F	5	0.4068	5.091	0.9934	4	1	0
倠	5020	5	0.4009	5.118	0.9168	2	0	0
倡	5021	5	0.4631	5.466	0.9686	3	1	0
倢	5022	5	0.4467	5.991	0.9310	2	0	0
倣	5023	5	0.3802	6.150	0.9100	3	1	0
値	5024	5	0.3994	5.478	0.9690	2	1	0
倥	5025	5	0.3358	5.169	0.9578	4	0	0
倦	5026	5	0.3950	6.287	0.8946	3	0	0
倧	5027	5	0.3415	5.330	0.9193	3	0	0
倨	5028	5	0.4408	5.550	0.9563	4	0	0
倩	5029	5	0.4083	5.710	0.9700	2	0	0
倪	502A	5	0.3683	5.180	0.9325	3	0	0
倫	502B	5	0.3964	5.891	0.9467	4	1	1
倬	502C	5	0.3787	4.860	0.9616	4	0	0
倭	502D	5	0.4083	6.309	0.9060	3	1	0
倮	502E	5	0.4541	5.683	0.9408	2	0	0
倯	502F	5	0.3785	5.909	0.9152	4	0	0
倰	5030	5	0.3757	6.059	0.9204	4	0	0
倱	5031	5	0.4112	5.699	0.9449	3	0	0
倲	5032	5	0.4231	5.578	0.9722	2	0	0
倳	5033	5	0.4246	5.806	0.9705	2	0	0
倴	5034	5	0.3609	5.519	0.9444	4	0	0
倵	5035	5	0.3817	5.810	0.9268	3	0	0
倶	5036	5	0.4157	5.561	0.9476	2	1	0
倷	5037	5	0.3698	5.779	0.9483	3	0	0
倸	5038	5	0.3417	5.539	0.9374	3	0	0
倹	5039	5	0.3891	5.779	0.9284	2	0	0
债	503A	5	0.4015	5.845	0.9513	3	0	0
倻	503B	5	0.4024	5.935	0.9591	3	0	0
值	503C	5	0.3974	5.506	0.9479	3	1	0
倽	503D	5	0.3624	5.413	0.9236	3	0	0
倾	503E	5	0.3654	5.755	0.9557	3	1	0
倿	503F	5	0.3787	5.923	0.8831	3	0	0
偀	5040	5	0.4009	5.523	0.9366	3	0	0
偁	5041	5	0.3979	5.942	0.9257	3	0	0
偂	5042	5	0.4053	6.129	0.9193	4	0	0
偃	5043	5	0.3994	6.724	0.9455	4	0	0
偄	5044	5	0.4053	5.921	0.9452	3	0	0
偅	5045	5	0.4512	6.224	0.9516	2	0	0
偆	5046	5	0.4453	5.838	0.9685	3	0	0
假	5047	5	0.4009	5.923	0.9481	3	1	0
偈	5048	5	0.4215	6.160	0.9010	5	0	0
偉	5049	5	0.3580	5.666	0.9394	4	1	1
偊	504A	5	0.4415	5.738	0.9437	2	0	0
偋	504B	5	0.4260	6.047	0.9255	6	0	0
偌	504C	5	0.3891	5.178	0.9546	4	0	0
偍	504D	5	0.4142	5.713	0.8988	4	0	0
偎	504E	5	0.4112	5.985	0.9344	4	0	0
偏	504F	5	0.4646	6.322	0.9061	3	1	1
偐	5050	5	0.3580	6.545	0.9050	4	0	0
偑	5051	5	0.4453	6.642	0.9496	2	0	0
偒	5052	5	0.4320	6.263	0.9489	5	0	0
偓	5053	5	0.4497	6.552	0.9114	4	0	0
偔	5054	5	0.3600	5.215	0.9409	5	0	0
偕	5055	5	0.4098	5.696	0.9319	3	0	0
偖	5056	5	0.4142	5.750	0.9331	3	0	0
偗	5057	5	0.3787	5.733	0.9437	4	0	0
偘	5058	5	0.4231	4.964	0.9474	4	0	0
偙	5059	5	0.3639	5.328	0.9354	3	0	0
做	505A	5	0.4083	5.837	0.9488	4	1	0
偛	505B	5	0.3994	5.612	0.9595	2	0	0
停	505C	5	0.3417	5.264	0.9579	5	1	0
偝	505D	5	0.3802	5.683	0.9340	4	0	0
偞	505E	5	0.4231	5.801	0.9448	3	0	0
偟	505F	5	0.4201	5.546	0.9154	3	0	0
偠	5060	5	0.4275	6.179	0.9270	3	0	0
偡	5061	5	0.4127	5.730	0.9162	4	0	0
偢	5062	5	0.3609	6.274	0.9287	3	0	0
偣	5063	5	0.3905	5.380	0.9366	2	0	0
偤	5064	5	0.4379	5.880	0.9485	4	0	0
健	5065	5	0.4408	6.788	0.9286	3	1	1
偦	5066	5	0.4216	5.887	0.9081	3	0	0
偧	5067	5	0.3846	6.691	0.9087	4	0	0
偨	5068	5	0.3905	6.059	0.9617	4	0	0
偩	5069	5	0.4462	5.812	0.9187	3	0	0
偪	506A	5	0.4477	5.612	0.9438	3	0	0
偫	506B	5	0.3772	5.651	0.9324	4	0	0
偬	506C	5	0.3772	6.627	0.8904	4	0	0
偭	506D	5	0.4708	5.727	0.9103	2	0	0
偮	506E	5	0.3757	5.361	0.9542	3	0	0
偯	506F	5	0.3787	5.603	0.9404	3	0	0
偰	5070	5	0.4108	6.418	0.9064	3	0	0
偱	5071	5	0.4556	5.985	0.9607	3	0	0
偲	5072	5	0.4053	5.848	0.9369	3	0	0
偳	5073	5	0.3789	5.481	1.0012	3	0	0
側	5074	5	0.4292	5.487	0.9390	3	1	0
偵	5075	5	0.4138	5.448	0.9588	3	1	0
偶	5076	5	0.4646	5.749	0.9507	3	1	1
偷	5077	5	0.3994	6.158	0.9306	5	1	0
偸	5078	5	0.3595	6.954	0.9264	6	0	0
偹	5079	5	0.4275	6.058	0.9079	3	0	0
偺	507A	5	0.4216	6.107	0.9416	4	0	0
偻	507B	5	0.4231	6.356	0.8828	3	0	0
偼	507C	5	0.4038	5.566	0.9224	2	0	0
偽	507D	5	0.3920	6.215	0.9035	2	1	1
偾	507E	5	0.3757	5.745	0.9306	4	0	0
偿	507F	5	0.3920	5.942	0.9256	5	0	0
傀	5080	5	0.4260	6.038	0.8949	2	0	0
傁	5081	5	0.3994	6.101	0.9204	3	0	0
傂	5082	5	0.4112	6.990	0.9024	4	0	0
傃	5083	5	0.3989	6.566	0.9361	3	0	0
傄	5084	5	0.4364	5.937	0.9166	3	0	0
傅	5085	5	0.4038	6.029	0.9537	3	1	1
傆	5086	5	0.4275	6.098	0.9682	3	0	0
傇	5087	5	0.3920	5.083	0.9723	3	0	0
傈	5088	5	0.4408	6.009	0.9550	3	0	0
傉	5089	5	0.4262	6.442	0.9413	3	0	0
傊	508A	5	0.4334	5.983	0.9225	3	0	0
傋	508B	5	0.4808	6.151	0.9497	3	0	0
傌	508C	5	0.4172	5.995	0.9527	2	0	0
傍	508D	5	0.3891	5.534	0.9343	3	1	0
傎	508E	5	0.3846	6.609	0.9402	4	0	0
傏	508F	5	0.4453	6.130	0.9223	3	0	0
傐	5090	5	0.4038	5.793	0.9321	5	0	0
傑	5091	5	0.4053	6.427	0.9156	4	1	1
傒	5092	5	0.3891	6.759	0.8877	3	0	0
傓	5093	5	0.4296	7.044	0.9112	3	0	0
傔	5094	5	0.4630	6.652	0.9106	3	0	0
傕	5095	5	0.4046	5.805	0.9332	2	0	0
傖	5096	5	0.3787	6.300	0.9395	5	0	0
傗	5097	5	0.4364	6.195	0.9343	3	0	0
傘	5098	5	0.3388	6.236	0.9221	2	1	0
備	5099	5	0.4334	6.308	0.9482	2	1	1
傚	509A	5	0.3728	6.596	0.8922	4	0	0
傛	509B	5	0.3787	5.990	0.9471	3	0	0
傜	509C	5	0.3550	6.094	0.9121	2	0	0
傝	509D	5	0.4431	6.832	0.8943	2	0	0
傞	509E	5	0.4112	5.885	0.9027	3	0	0
傟	509F	5	0.3861	7.084	0.9094	4	0	0
傠	50A0	5	0.3328	5.636	0.9585	3	0	0
傡	50A1	5	0.3609	6.093	0.9551	3	0	0
傢	50A2	5	0.3639	6.312	0.9323	3	0	0
傣	50A3	5	0.4172	6.464	0.9239	3	0	0
傤	50A4	5	0.4408	6.913	0.9291	3	0	0
傥	50A5	5	0.3713	5.611	0.9289	3	0	0
傦	50A6	5	0.4127	5.506	0.9646	3	0	0
傧	50A7	5	0.3772	5.586	0.9432	4	0	0
储	50A8	5	0.4142	6.062	0.9294	4	1	1
傩	50A9	5	0.4290	6.216	0.9188	3	0	0
傪	50AA	5	0.3580	7.327	0.8853	3	0	0
傫	50AB	5	0.4320	6.569	0.9046	3	0	0
催	50AC	5	0.4364	5.846	0.9492	3	1	1
傭	50AD	5	0.4308	6.894	0.9658	4	0	0
傮	50AE	5	0.4778	6.123	0.9266	3	0	0
傯	50AF	5	0.3979	6.730	0.9121	4	0	0
傰	50B0	5	0.4554	6.554	0.8951	4	0	0
傱	50B1	5	0.3831	6.513	0.8887	3	0	0
傲	50B2	5	0.4320	6.432	0.9030	4	0	0
傳	50B3	5	0.4334	6.264	0.9701	3	1	1
傴	50B4	5	0.4186	6.030	0.9946	5	0	0
債	50B5	5	0.3713	6.632	0.9569	3	1	1
傶	50B6	5	0.4260	6.980	0.9065	4	0	0
傷	50B7	5	0.4127	6.928	0.9327	2	1	1
傸	50B8	5	0.3950	6.945	0.8999	4	0	0
傹	50B9	5	0.3831	6.067	0.9301	3	0	0
傺	50BA	5	0.3889	6.762	0.9033	3	0	0
傻	50BB	5	0.4142	7.238	0.9007	2	0	0
傼	50BC	5	0.4408	6.356	0.9410	2	0	0
傽	50BD	5	0.3802	5.746	0.9595	3	0	0
傾	50BE	5	0.4246	6.352	0.9143	3	1	0
傿	50BF	5	0.4275	6.518	0.9441	4	0	0
僀	50C0	5	0.4497	6.154	0.9499	4	0	0
僁	50C1	5	0.3846	6.571	0.8956	3	0	0
僂	50C2	5	0.4062	6.685	0.9476	3	0	0
僃	50C3	5	0.4645	6.407	0.9065	2	0	0
僄	50C4	5	0.4290	6.292	0.9352	3	0	0
僅	50C5	5	0.4527	6.032	0.9374	3	1	1
僆	50C6	5	0.4260	6.271	0.9476	3	0	0
僇	50C7	5	0.3402	7.227	0.9100	3	0	0
僈	50C8	5	0.3787	6.636	0.9447	3	0	0
僉	50C9	5	0.3728	5.713	0.9290	6	0	0
僊	50CA	5	0.4571	6.686	0.9449	2	0	0
僋	50CB	5	0.3565	6.616	0.9185	5	0	0
僌	50CC	5	0.4467	6.407	0.9515	2	0	0
働	50CD	5	0.4527	6.726	0.9779	3	1	1
僎	50CE	5	0.4216	6.478	0.9559	5	0	0
像	50CF	5	0.4112	6.816	0.9286	3	1	1
僐	50D0	5	0.4527	6.320	0.9342	4	0	0
僑	50D1	5	0.4349	6.588	0.9253	6	1	1
僒	50D2	5	0.4541	6.678	0.9129	5	0	0
僓	50D3	5	0.4038	6.548	0.9780	3	0	0
僔	50D4	5	0.4068	6.940	0.9211	5	0	0
僕	50D5	5	0.4320	6.328	0.9269	4	1	1
僖	50D6	5	0.4349	6.183	0.9175	6	0	0
僗	50D7	5	0.3969	6.745	0.8842	3	0	0
僘	50D8	5	0.3950	7.216	0.9434	5	0	0
僙	50D9	5	0.4408	6.117	0.9369	2	0	0
僚	50DA	5	0.4083	6.252	0.9166	4	1	1
僛	50DB	5	0.4275	6.555	0.9212	4	0	0
僜	50DC	5	0.4172	6.635	0.8724	5	0	0
僝	50DD	5	0.4074	7.066	0.9082	5	0	0
僞	50DE	5	0.4185	6.875	0.8978	2	0	0
僟	50DF	5	0.4231	7.830	0.8842	3	0	0
僠	50E0	5	0.4586	6.357	0.8894	3	0	0
僡	50E1	5	0.4068	6.720	0.9415	3	0	0
僢	50E2	5	0.4185	6.677	0.8958	4	0	0
僣	50E3	5	0.4497	6.327	0.9392	3	0	0
僤	50E4	5	0.4172	5.834	0.9329	4	0	0
僥	50E5	5	0.4393	6.392	0.9327	5	0	0
僦	50E6	5	0.3994	6.462	0.9048	5	0	0
僧	50E7	5	0.4320	6.263	0.9358	4	1	1
僨	50E8	5	0.3831	6.460	0.9258	4	0	0
僩	50E9	5	0.4569	5.807	0.9779	3	0	0
僪	50EA	5	0.4554	7.293	0.8745	4	0	0
僫	50EB	5	0.4157	6.218	0.9279	3	0	0
僬	50EC	5	0.4083	6.317	0.9159	3	0	0
僭	50ED	5	0.4408	6.939	0.9177	4	0	0
僮	50EE	5	0.4393	6.434	0.9189	4	0	0
僯	50EF	5	0.4127	6.731	0.9172	4	0	0
僰	50F0	5	0.4201	6.716	0.9201	3	0	0
僱	50F1	5	0.4512	6.682	0.9325	3	0	0
僲	50F2	5	0.4527	6.554	0.9155	4	0	0
僳	50F3	5	0.4586	6.445	0.9130	3	0	0
僴	50F4	5	0.4815	5.838	0.9396	3	0	0
僵	50F5	5	0.4349	7.233	0.9385	4	0	0
僶	50F6	5	0.4719	6.174	0.9282	2	0	0
僷	50F7	5	0.4630	6.271	0.9446	4	0	0
僸	50F8	5	0.3861	6.474	0.9208	4	0	0
價	50F9	5	0.4053	6.949	0.9547	3	1	1
僺	50FA	5	0.4201	6.059	0.9332	5	0	0
僻	50FB	5	0.4127	6.133	0.9410	3	0	0
僼	50FC	5	0.4068	6.500	0.9349	5	0	0
僽	50FD	5	0.3876	6.921	0.8780	4	0	0
僾	50FE	5	0.4446	7.266	0.8672	4	0	0
僿	50FF	5	0.4719	6.718	0.9041	3	0	0
儀	5100	5	0.4364	7.317	0.8989	3	1	1
儁	5101	5	0.4231	6.086	0.9457	3	0	0
儂	5102	5	0.4172	7.206	0.9591	3	0	0
儃	5103	5	0.3994	7.026	0.9338	4	0	0
億	5104	5	0.3935	6.663	0.9120	3	1	1
儅	5105	5	0.4692	6.133	0.9441	3	0	0
儆	5106	5	0.4408	6.685	0.8975	5	0	0
儇	5107	5	0.4527	6.751	0.9400	3	0	0
儈	5108	5	0.3506	6.581	0.9351	4	0	0
儉	5109	5	0.3802	6.406	0.9317	7	0	0
儊	510A	5	0.4349	6.562	0.8998	4	0	0
儋	510B	5	0.3964	7.213	0.9331	4	0	0
儌	510C	5	0.4288	6.700	0.9214	3	0	0
儍	510D	5	0.3876	7.606	0.8905	2	0	0
儎	510E	5	0.4704	7.342	0.9534	3	0	0
儏	510F	5	0.4024	6.947	0.8858	3	0	0
儐	5110	5	0.3846	7.058	0.9228	3	0	0
儑	5111	5	0.3769	7.323	0.9403	2	0	0
儒	5112	5	0.4512	6.834	0.9540	3	1	1
儓	5113	5	0.3698	7.466	0.9568	6	0	0
儔	5114	5	0.3639	7.389	0.9630	5	0	0
儕	5115	5	0.3911	6.577	0.9356	3	0	0
儖	5116	5	0.4512	6.199	0.9306	3	0	0
儗	5117	5	0.4202	7.271	0.8909	3	0	0
儘	5118	5	0.4970	7.087	0.8737	3	1	1
儙	5119	5	0.3846	6.916	0.9510	3	0	0
儚	511A	5	0.4379	6.445	0.9549	5	0	0
儛	511B	5	0.4689	6.786	0.9181	4	0	0
儜	511C	5	0.4053	6.457	0.9501	4	0	0
儝	511D	5	0.4369	7.151	0.9036	3	0	0
儞	511E	5	0.4675	7.785	0.8621	3	0	0
償	511F	5	0.3950	7.105	0.9284	3	1	1
儠	5120	5	0.4379	8.152	0.8469	7	0	0
儡	5121	5	0.4877	6.519	0.9593	4	0	0
儢	5122	5	0.4275	7.388	0.9241	4	0	0
儣	5123	5	0.4359	7.062	0.9328	3	0	0
儤	5124	5	0.4216	6.999	0.9398	3	0	0
儥	5125	5	0.3817	7.225	0.9502	4	0	0
儦	5126	5	0.4305	7.288	0.9314	3	0	0
儧	5127	5	0.4260	7.115	0.9108	3	0	0
儨	5128	5	0.3891	6.874	0.9232	4	0	0
儩	5129	5	0.4892	7.350	0.9200	5	0	0
優	512A	5	0.4393	7.603	0.9004	3	1	1
儫	512B	5	0.3640	7.429	0.9396	5	0	0
儬	512C	5	0.4763	7.073	0.9199	3	0	0
儭	512D	5	0.4364	7.141	0.9372	4	0	0
儮	512E	5	0.4393	7.226	0.8969	5	0	0
儯	512F	5	0.4275	7.384	0.8995	3	0	0
儰	5130	5	0.4098	7.141	0.9048	3	0	0
儱	5131	5	0.4320	7.120	0.8957	2	0	0
儲	5132	5	0.4556	6.877	0.9418	4	1	1
儳	5133	5	0.4172	8.184	0.8835	5	0	0
儴	5134	5	0.4290	7.094	0.9504	3	0	0
儵	5135	5	0.4231	7.899	0.8824	3	0	0
儶	5136	5	0.4385	7.487	0.9336	5	0	0
儷	5137	5	0.4615	7.967	0.9027	7	0	0
儸	5138	5	0.4763	7.608	0.9276	4	0	0
儹	5139	5	0.4157	7.639	0.9213	6	0	0
儺	513A	5	0.4852	7.265	0.9483	3	0	0
儻	513B	5	0.3979	7.934	0.9283	3	0	0
儼	513C	5	0.4749	7.826	0.9264	7	0	0
儽	513D	5	0.4415	8.018	0.9269	5	0	0
儾	513E	5	0.4201	8.264	0.9284	5	0	0
儿	513F	5	0.2000	2.758	0.9220	1	0	0
兀	5140	5	0.2660	3.142	0.9319	1	0	0
允	5141	5	0.2663	4.034	0.9036	2	1	0
兂	5142	5	0.3138	4.384	0.9294	1	0	0
元	5143	5	0.2900	3.428	0.9322	2	1	0
兄	5144	5	0.3169	3.543	0.9550	2	1	0
充	5145	5	0.3215	4.662	0.9065	3	1	0
兆	5146	5	0.3215	4.893	0.9006	1	1	0
兇	5147	5	0.3269	5.097	0.9206	3	0	0
先	5148	5	0.3062	4.202	0.9207	2	1	0
光	5149	5	0.2988	4.071	0.9543	3	1	0
兊	514A	5	0.2769	4.804	0.9147	3	0	0
克	514B	5	0.3400	4.350	0.9419	3	1	0
兌	514C	5	0.3301	4.598	0.9109	2	0	0
免	514D	5	0.3580	4.730	0.9224	2	1	0
兎	514E	5	0.3609	5.187	0.9177	3	0	0
兏	514F	5	0.3462	4.833	0.9151	2	0	0
児	5150	5	0.3400	4.523	0.8920	3	1	0
兑	5151	5	0.3169	4.193	0.8883	2	0	0
兒	5152	5	0.3195	4.447	0.9428	2	1	0
兓	5153	5	0.3785	5.796	0.9300	2	0	0
兔	5154	5	0.3802	5.091	0.9065	3	1	0
兕	5155	5	0.3385	4.285	0.9522	2	0	0
兖	5156	5	0.3354	5.453	0.9245	4	0	0
兗	5157	5	0.3565	5.323	0.9187	3	0	0
兘	5158	5	0.3683	5.594	0.9110	4	0	0
兙	5159	5	0.3476	4.812	0.9311	4	0	0
党	515A	5	0.3723	5.069	0.9128	2	1	0
兛	515B	5	0.3772	5.101	0.9312	4	0	0
兜	515C	5	0.3417	5.237	0.9302	2	0	0
兝	515D	5	0.4009	6.096	0.9464	5	0	0
兞	515E	5	0.4024	5.760	0.8915	4	0	0
兟	515F	5	0.4127	5.886	0.9311	4	0	0
兠	5160	5	0.3846	5.523	0.8985	5	0	0
兡	5161	5	0.4186	5.697	0.9553	5	0	0
兢	5162	5	0.4231	5.872	0.9451	6	0	0
兣	5163	5	0.4527	7.005	0.9389	6	0	0
兤	5164	5	0.4719	8.303	0.9003	5	0	0
入	5165	5	0.1808	2.765	0.9636	1	0	0
兦	5166	5	0.2934	3.312	0.9425	2	0	0
內	5167	5	0.3409	3.598	0.9450	1	1	0
全	5168	5	0.3047	4.072	0.9832	2	1	0
兩	5169	5	0.4317	5.711	0.9259	2	1	0
兪	516A	5	0.3521	6.105	0.9293	5	0	0
八	516B	5	0.1756	2.669	0.9547	1	0	0
公	516C	5	0.2560	4.004	0.9491	2	1	0
六	516D	5	0.2015	3.005	0.9392	2	1	0
兮	516E	5	0.2352	3.720	0.9417	2	0	0
兯	516F	5	0.2527	3.186	0.9561	3	0	0
兰	5170	5	0.2567	3.173	0.9638	3	1	0
共	5171	5	0.2914	4.004	0.9751	2	1	0
兲	5172	5	0.3200	4.030	0.9877	2	0	0
关	5173	5	0.3115	4.400	0.9376	2	1	0
兴	5174	5	0.2485	4.307	0.9511	2	1	0
兵	5175	5	0.2973	4.373	0.9366	2	1	0
其	5176	5	0.3830	4.937	0.9302	2	1	0
具	5177	5	0.3892	5.008	0.9328	2	1	0
典	5178	5	0.3920	4.995	0.9740	2	1	0
兹	5179	5	0.3609	6.204	0.9096	2	1	0
兺	517A	5	0.3723	5.582	0.9366	4	0	0
养	517B	5	0.3624	5.324	0.9299	3	1	0
兼	517C	5	0.4554	6.155	0.9335	2	1	1
兽	517D	5	0.3757	5.876	0.9622	4	1	0
兾	517E	5	0.3565	6.492	0.9381	5	0	0
兿	517F	5	0.4231	7.360	0.9247	2	0	0
冀	5180	5	0.3950	7.477	0.9413	5	1	1
冁	5181	5	0.4970	7.251	0.9336	5	0	0
冂	5182	5	0.2652	1.552	0.9699	1	0	0
冃	5183	5	0.3693	2.912	0.9956	2	0	0
冄	5184	5	0.3415	3.753	0.9806	1	0	0
内	5185	5	0.3322	3.447	0.9777	1	1	0
円	5186	5	0.3587	2.525	0.9866	1	1	0
冇	5187	5	0.2800	3.658	0.9498	2	0	0
冈	5188	5	0.4000	3.914	0.9400	2	1	0
冉	5189	5	0.3447	3.949	1.0130	1	0	0
冊	518A	5	0.4103	4.498	0.9733	1	1	0
冋	518B	5	0.3920	3.018	0.9732	2	0	0
册	518C	5	0.4151	4.951	0.9585	1	1	0
再	518D	5	0.4138	4.390	0.9832	2	1	0
冎	518E	5	0.3455	2.968	0.9896	1	0	0
冏	518F	5	0.4600	4.230	0.9924	2	0	0
冐	5190	5	0.5091	5.142	0.9628	2	0	0
冑	5191	5	0.4981	5.651	0.9839	3	0	0
冒	5192	5	0.5309	5.740	0.9903	2	1	0
冓	5193	5	0.4645	6.085	0.9702	2	0	0
冔	5194	5	0.3738	4.701	0.9847	3	0	0
冕	5195	5	0.4368	6.123	0.8982	3	1	1
冖	5196	5	0.4115	1.141	1.0773	1	0	0
冗	5197	5	0.2885	3.446	0.9417	2	0	0
冘	5198	5	0.2862	3.799	0.8613	1	0	0
写	5199	5	0.3333	4.041	0.9422	3	1	0
冚	519A	5	0.3370	3.258	0.9952	2	0	0
军	519B	5	0.3667	4.079	0.9700	2	1	0
农	519C	5	0.3200	4.558	0.9551	2	1	0
冝	519D	5	0.3974	3.751	0.9860	2	0	0
冞	519E	5	0.3696	4.922	0.9468	2	0	0
冟	519F	5	0.4800	5.236	0.9859	3	0	0
冠	51A0	5	0.4015	5.221	0.9416	2	1	0
冡	51A1	5	0.4400	6.510	0.9051	3	0	0
冢	51A2	5	0.4167	6.260	0.9006	3	0	0
冣	51A3	5	0.4480	5.445	0.9183	3	0	0
冤	51A4	5	0.4492	5.688	0.9225	4	0	0
冥	51A5	5	0.4250	5.515	0.9256	4	1	0
冦	51A6	5	0.4169	5.658	0.9271	2	0	0
冧	51A7	5	0.3831	5.216	0.9545	3	0	0
冨	51A8	5	0.4991	5.762	0.9334	3	1	0
冩	51A9	5	0.4350	6.169	0.9606	3	0	0
冪	51AA	5	0.4477	6.889	0.9153	5	0	0
冫	51AB	5	0.2443	2.648	0.8710	1	0	0
冬	51AC	5	0.2751	4.633	0.9372	2	1	0
冭	51AD	5	0.2523	4.121	0.9235	2	0	0
冮	51AE	5	0.2356	3.351	0.9770	2	0	0
冯	51AF	5	0.3168	4.460	0.8879	2	1	0
冰	51B0	5	0.2737	4.490	0.9465	2	1	0
冱	51B1	5	0.3301	4.224	0.9490	2	0	0
冲	51B2	5	0.2923	3.568	0.9865	2	1	0
决	51B3	5	0.2973	4.361	0.9614	2	1	0
冴	51B4	5	0.3108	4.482	0.9511	2	0	0
况	51B5	5	0.3169	4.285	0.9472	3	1	0
冶	51B6	5	0.2985	4.556	0.9482	3	1	0
冷	51B7	5	0.2585	4.576	0.9455	4	1	0
冸	51B8	5	0.2604	4.198	0.9482	2	0	0
冹	51B9	5	0.3343	5.315	0.9589	2	0	0
冺	51BA	5	0.3646	5.184	0.9246	2	0	0
冻	51BB	5	0.3015	4.801	0.9312	2	0	0
冼	51BC	5	0.3136	4.724	0.9201	3	0	0
冽	51BD	5	0.3508	4.994	0.9106	3	0	0
冾	51BE	5	0.2929	4.733	0.9386	4	0	0
冿	51BF	5	0.3713	5.051	0.9710	2	0	0
净	51C0	5	0.3508	4.770	0.9195	3	1	1
凁	51C1	5	0.3417	5.005	0.9721	2	0	0
凂	51C2	5	0.3506	5.131	0.8958	3	0	0
凃	51C3	5	0.2959	5.210	0.9413	4	0	0
凄	51C4	5	0.4305	6.280	0.9371	3	0	0
凅	51C5	5	0.4320	4.962	0.9794	4	0	0
准	51C6	5	0.3491	5.146	0.9512	2	1	0
凇	51C7	5	0.3358	5.743	0.9275	4	0	0
凈	51C8	5	0.3225	5.335	0.9156	3	0	0
凉	51C9	5	0.3062	4.881	0.9387	4	1	0
凊	51CA	5	0.3743	5.714	0.9663	2	0	0
凋	51CB	5	0.4256	5.279	0.9434	3	0	0
凌	51CC	5	0.3565	5.986	0.9349	4	1	0
凍	51CD	5	0.3935	5.519	0.9408	2	1	0
凎	51CE	5	0.3177	5.249	0.9358	2	0	0
减	51CF	5	0.3624	6.329	0.9238	4	1	0
凐	51D0	5	0.4200	5.391	0.9007	3	0	0
凑	51D1	5	0.3920	6.386	0.9403	4	0	0
凒	51D2	5	0.3787	5.327	0.9423	5	0	0
凓	51D3	5	0.4185	5.514	0.9171	3	0	0
凔	51D4	5	0.3817	6.239	0.9239	5	0	0
凕	51D5	5	0.3600	5.952	0.9216	5	0	0
凖	51D6	5	0.3521	5.373	0.9248	3	0	0
凗	51D7	5	0.4127	5.787	0.9571	3	0	0
凘	51D8	5	0.3831	6.099	0.9421	4	0	0
凙	51D9	5	0.4423	5.965	0.9608	4	0	0
凚	51DA	5	0.3802	6.481	0.9228	4	0	0
凛	51DB	5	0.3738	6.852	0.9643	3	0	0
凜	51DC	5	0.3772	6.957	0.9536	3	0	0
凝	51DD	5	0.4038	7.044	0.8818	3	1	1
凞	51DE	5	0.4092	6.971	0.9047	5	0	0
凟	51DF	5	0.3506	7.635	0.9598	4	0	0
几	51E0	5	0.2304	2.789	0.9178	1	0	0
凡	51E1	5	0.2554	3.360	0.9245	2	1	0
凢	51E2	5	0.2138	2.889	0.9097	2	0	0
凣	51E3	5	0.2092	2.793	0.9265	2	0	0
凤	51E4	5	0.3400	4.839	0.9409	2	1	0
凥	51E5	5	0.3523	4.317	0.9744	2	0	0
処	51E6	5	0.3107	5.235	0.9037	2	1	0
凧	51E7	5	0.3892	5.014	0.9648	2	0	0
凨	51E8	5	0.3631	5.028	0.9508	3	0	0
凩	51E9	5	0.3815	5.146	0.9484	2	0	0
凪	51EA	5	0.3523	4.792	0.9694	2	0	0
凫	51EB	5	0.3508	4.893	0.9611	2	0	0
凬	51EC	5	0.3831	4.939	0.9806	3	0	0
凭	51ED	5	0.3476	4.966	0.9371	4	0	0
凮	51EE	5	0.4000	5.186	0.9675	3	0	0
凯	51EF	5	0.3723	5.150	0.9561	3	1	0
凰	51F0	5	0.4508	6.209	0.9630	3	1	0
凱	51F1	5	0.3920	5.966	0.9380	5	1	1
凲	51F2	5	0.4815	7.085	0.9254	3	0	0
凳	51F3	5	0.3950	6.934	0.8825	5	0	0
凴	51F4	5	0.3632	6.581	0.8905	3	0	0
凵	51F5	5	0.2424	1.775	0.9808	1	0	0
凶	51F6	5	0.4055	4.360	0.9669	2	1	0
凷	51F7	5	0.3811	3.724	0.9989	2	0	0
凸	51F8	5	0.3127	2.689	0.9872	1	1	0
凹	51F9	5	0.3883	3.046	0.9954	1	1	0
出	51FA	5	0.3427	3.496	1.0092	2	1	0
击	51FB	5	0.3205	3.814	1.0371	2	1	0
凼	51FC	5	0.4266	4.782	0.9702	2	0	0
函	51FD	5	0.4517	5.879	0.9086	2	1	0
凾	51FE	5	0.4539	6.138	0.9191	4	0	0
凿	51FF	5	0.4157	5.872	0.9629	3	0	0
刀	5200	5	0.2911	3.050	0.8125	1	0	0
刁	5201	5	0.2708	2.915	0.9238	2	0	0
刂	5202	5	0.3252	1.413	0.9206	1	0	0
刃	5203	5	0.3251	3.551	0.9737	2	1	0
刄	5204	5	0.3567	4.041	0.9318	1	0	0
刅	5205	5	0.3077	4.005	0.9654	3	0	0
分	5206	5	0.2648	4.064	0.9307	2	1	0
切	5207	5	0.3323	4.452	0.9083	2	1	0
刈	5208	5	0.2917	3.723	0.9707	2	1	0
刉	5209	5	0.3285	4.270	0.9672	3	0	0
刊	520A	5	0.3246	3.283	0.9798	2	1	0
刋	520B	5	0.3569	3.713	0.9578	2	0	0
刌	520C	5	0.3013	3.497	0.9913	2	0	0
刍	520D	5	0.3545	4.238	0.9788	2	0	0
刎	520E	5	0.3708	5.296	0.9583	3	0	0
刏	520F	5	0.2869	4.124	0.9708	4	0	0
刐	5210	5	0.3708	4.600	0.9473	2	0	0
刑	5211	5	0.3646	4.290	0.9709	3	1	0
划	5212	5	0.3538	4.862	0.9272	2	1	0
刓	5213	5	0.3538	4.076	0.9713	3	0	0
刔	5214	5	0.3523	4.316	0.9682	2	0	0
刕	5215	5	0.3936	5.241	0.9274	2	0	0
刖	5216	5	0.3985	4.156	0.9835	2	0	0
列	5217	5	0.3338	4.402	0.9447	2	1	0
刘	5218	5	0.3123	4.246	0.9434	2	1	0
则	5219	5	0.4080	4.892	0.9827	2	1	0
刚	521A	5	0.4071	5.216	0.9465	3	1	0
创	521B	5	0.3892	4.750	0.9356	3	1	0
刜	521C	5	0.4487	5.277	0.9202	2	0	0
初	521D	5	0.3462	5.120	0.8929	2	1	0
刞	521E	5	0.3754	4.234	0.9767	2	0	0
刟	521F	5	0.3815	4.706	0.9671	3	0	0
删	5220	5	0.4862	6.081	0.9436	2	0	0
刡	5221	5	0.4292	4.994	0.9491	2	0	0
刢	5222	5	0.3200	4.499	0.9394	4	0	0
刣	5223	5	0.3846	4.546	0.9383	3	0	0
判	5224	5	0.3677	4.444	0.9645	2	1	0
別	5225	5	0.3923	4.317	0.9707	2	1	0
刦	5226	5	0.3574	4.359	0.9583	3	0	0
刧	5227	5	0.3646	5.147	0.9253	3	0	0
刨	5228	5	0.4000	4.984	0.9152	3	0	0
利	5229	5	0.3723	4.303	0.9298	2	1	0
刪	522A	5	0.4000	5.633	0.9737	2	0	0
别	522B	5	0.3908	4.580	0.9550	3	1	0
刬	522C	5	0.3894	5.110	0.9117	2	0	0
刭	522D	5	0.3538	4.689	0.9664	2	0	0
刮	522E	5	0.3846	4.486	0.9552	2	0	0
刯	522F	5	0.4432	4.880	0.9837	4	0	0
到	5230	5	0.3754	4.968	0.9557	3	1	0
刱	5231	5	0.4083	5.805	0.9641	4	0	0
刲	5232	5	0.3523	4.290	0.9788	3	0	0
刳	5233	5	0.3692	5.063	0.9197	4	0	0
刴	5234	5	0.3631	5.193	0.9297	3	0	0
刵	5235	5	0.3754	4.454	0.9662	2	0	0
制	5236	5	0.3923	4.877	0.9725	2	1	0
刷	5237	5	0.4138	5.230	0.9421	2	1	0
券	5238	5	0.3639	5.798	0.9161	2	1	0
刹	5239	5	0.3615	5.111	0.9453	3	0	0
刺	523A	5	0.3846	4.811	0.9613	2	1	0
刻	523B	5	0.3538	5.219	0.9420	4	1	0
刼	523C	5	0.3861	5.659	0.9354	4	0	0
刽	523D	5	0.3708	5.268	0.9454	4	0	0
刾	523E	5	0.3308	4.953	0.9473	2	0	0
刿	523F	5	0.3862	4.726	0.9563	3	0	0
剀	5240	5	0.3878	4.673	0.9009	3	0	0
剁	5241	5	0.3662	4.732	0.9569	3	0	0
剂	5242	5	0.3385	4.834	0.9334	2	1	0
剃	5243	5	0.4062	5.233	0.9327	5	0	0
剄	5244	5	0.3815	5.495	0.9525	6	0	0
剅	5245	5	0.3738	4.748	0.9829	4	0	0
剆	5246	5	0.3997	4.595	0.9708	3	0	0
則	5247	5	0.3785	4.655	0.9655	2	1	0
剈	5248	5	0.4699	4.672	0.9600	3	0	0
剉	5249	5	0.4000	5.429	0.9306	5	0	0
削	524A	5	0.3877	4.917	0.8822	3	1	0
剋	524B	5	0.3713	5.204	0.9275	4	0	0
剌	524C	5	0.4092	4.884	0.9684	2	0	0
前	524D	5	0.3609	5.063	0.9344	3	1	0
剎	524E	5	0.3738	5.340	0.9254	2	0	0
剏	524F	5	0.4062	6.067	0.9319	6	0	0
剐	5250	5	0.4487	5.065	0.9257	3	0	0
剑	5251	5	0.3523	5.196	0.9485	5	1	0
剒	5252	5	0.4108	4.754	0.9633	4	0	0
剓	5253	5	0.4092	6.085	0.9244	2	0	0
剔	5254	5	0.4369	5.724	0.9608	4	0	0
剕	5255	5	0.3800	4.799	0.9365	2	0	0
剖	5256	5	0.3738	4.965	0.9383	3	1	0
剗	5257	5	0.4277	6.572	0.8739	3	0	0
剘	5258	5	0.4015	4.972	0.9479	3	0	0
剙	5259	5	0.3846	6.104	0.9357	7	0	0
剚	525A	5	0.4585	5.532	0.9730	2	0	0
剛	525B	5	0.4231	5.789	0.9452	3	1	0
剜	525C	5	0.4169	5.825	0.9483	4	0	0
剝	525D	5	0.3837	5.708	0.9163	3	0	0
剞	525E	5	0.4138	5.234	0.9420	4	0	0
剟	525F	5	0.4262	6.699	0.9380	5	0	0
剠	5260	5	0.3677	4.819	0.9589	4	0	0
剡	5261	5	0.3431	5.416	0.9436	3	0	0
剢	5262	5	0.4046	5.639	0.9150	3	0	0
剣	5263	5	0.3938	5.219	0.9447	2	1	0
剤	5264	5	0.4062	5.327	0.9157	3	1	0
剥	5265	5	0.4000	5.419	0.9433	3	1	0
剦	5266	5	0.4600	5.481	0.9204	3	0	0
剧	5267	5	0.4277	5.207	0.9759	4	1	0
剨	5268	5	0.4279	5.432	0.9509	3	0	0
剩	5269	5	0.4292	6.086	0.9250	2	1	1
剪	526A	5	0.3798	6.063	0.9197	4	1	1
剫	526B	5	0.4338	5.804	0.9639	3	0	0
剬	526C	5	0.4385	5.513	0.9579	3	0	0
剭	526D	5	0.4354	6.100	0.9451	4	0	0
剮	526E	5	0.4375	5.121	0.9410	3	0	0
副	526F	5	0.4808	5.509	0.9574	3	1	0
剰	5270	5	0.4354	5.472	0.9762	2	1	1
剱	5271	5	0.4438	6.431	0.9599	3	0	0
割	5272	5	0.4263	5.329	0.9857	3	1	1
剳	5273	5	0.3938	5.420	0.9563	5	0	0
剴	5274	5	0.4292	5.518	0.9342	5	0	0
創	5275	5	0.4071	5.812	0.9309	5	1	1
剶	5276	5	0.4215	5.956	0.9038	3	0	0
剷	5277	5	0.4462	6.367	0.8964	4	0	0
剸	5278	5	0.4431	5.876	0.9514	3	0	0
剹	5279	5	0.3708	7.063	0.9012	3	0	0
剺	527A	5	0.4201	6.767	0.9293	2	0	0
剻	527B	5	0.4523	5.997	0.9572	4	0	0
剼	527C	5	0.3942	6.828	0.9266	3	0	0
剽	527D	5	0.4646	6.119	0.9594	3	0	0
剾	527E	5	0.4391	5.614	1.0154	5	0	0
剿	527F	5	0.4662	6.476	0.9005	5	0	0
劀	5280	5	0.4776	6.911	0.8817	4	0	0
劁	5281	5	0.4323	5.993	0.9098	3	0	0
劂	5282	5	0.4692	7.469	0.9077	5	0	0
劃	5283	5	0.4169	6.620	0.9861	4	1	1
劄	5284	5	0.3523	5.895	0.9152	5	0	0
劅	5285	5	0.4662	6.240	0.9719	3	0	0
劆	5286	5	0.4892	6.713	0.9239	4	0	0
劇	5287	5	0.4215	6.963	0.9343	3	1	1
劈	5288	5	0.4423	6.408	0.9122	3	0	0
劉	5289	5	0.4462	6.899	0.9061	2	1	1
劊	528A	5	0.4074	6.443	0.9259	4	0	0
劋	528B	5	0.4281	5.683	0.9412	5	0	0
劌	528C	5	0.4892	7.111	0.8932	3	0	0
劍	528D	5	0.3831	6.087	0.9378	7	1	1
劎	528E	5	0.3908	6.497	0.9326	7	0	0
劏	528F	5	0.4816	5.985	0.9469	3	0	0
劐	5290	5	0.4508	6.836	0.9123	4	0	0
劑	5291	5	0.3754	6.356	0.9262	3	1	1
劒	5292	5	0.4415	6.975	0.9192	8	0	0
劓	5293	5	0.3938	6.349	0.9572	4	0	0
劔	5294	5	0.4305	7.187	0.9312	7	0	0
劕	5295	5	0.4123	6.635	0.9370	4	0	0
劖	5296	5	0.4246	7.789	0.8932	5	0	0
劗	5297	5	0.4277	7.373	0.9393	6	0	0
劘	5298	5	0.4123	7.509	0.9253	5	0	0
劙	5299	5	0.4369	8.078	0.9451	4	0	0
劚	529A	5	0.4523	8.036	0.9173	4	0	0
力	529B	5	0.2642	3.324	0.8547	1	0	0
劜	529C	5	0.2944	3.922	0.9268	2	0	0
劝	529D	5	0.3415	4.827	0.9239	2	0	0
办	529E	5	0.2840	4.130	0.9452	1	1	0
功	529F	5	0.3123	4.140	0.9076	2	1	0
加	52A0	5	0.3969	4.277	0.9600	2	1	0
务	52A1	5	0.3385	5.271	0.9146	2	1	0
劢	52A2	5	0.3615	4.966	0.9121	2	0	0
劣	52A3	5	0.3173	5.179	0.9135	3	1	0
劤	52A4	5	0.3508	4.820	0.9292	2	0	0
劥	52A5	5	0.3462	4.859	0.9179	3	0	0
劦	52A6	5	0.3723	5.492	0.9229	3	0	0
劧	52A7	5	0.3600	4.828	0.9291	2	0	0
动	52A8	5	0.3526	4.855	0.9156	3	1	0
助	52A9	5	0.3985	5.045	0.9299	2	1	0
努	52AA	5	0.3817	6.123	0.9108	3	1	1
劫	52AB	5	0.3692	5.013	0.9095	3	1	0
劬	52AC	5	0.3862	5.282	0.9074	3	0	0
劭	52AD	5	0.3923	5.401	0.9198	3	0	0
劮	52AE	5	0.3662	5.165	0.9308	3	0	0
劯	52AF	5	0.3754	4.887	0.9319	2	0	0
劰	52B0	5	0.4022	4.506	0.9393	2	0	0
励	52B1	5	0.4138	5.769	0.9504	3	1	0
劲	52B2	5	0.3569	5.153	0.9365	2	0	0
劳	52B3	5	0.3782	4.940	0.9298	2	1	0
労	52B4	5	0.3478	4.831	0.9040	2	1	0
劵	52B5	5	0.3624	5.928	0.9178	2	0	0
劶	52B6	5	0.3877	5.537	0.9284	3	0	0
劷	52B7	5	0.3615	5.288	0.9032	2	0	0
劸	52B8	5	0.3908	5.083	0.9111	3	0	0
効	52B9	5	0.3526	5.657	0.8794	3	1	0
劺	52BA	5	0.3892	5.530	0.8728	3	0	0
劻	52BB	5	0.4279	5.334	0.9273	3	0	0
劼	52BC	5	0.3822	4.961	0.9598	3	0	0
劽	52BD	5	0.4006	5.775	0.9030	3	0	0
劾	52BE	5	0.3815	5.804	0.9018	4	0	0
势	52BF	5	0.3815	5.661	0.9273	3	1	1
勀	52C0	5	0.4022	5.375	0.9209	4	0	0
勁	52C1	5	0.4015	6.211	0.9282	6	1	0
勂	52C2	5	0.3892	5.287	0.9474	3	0	0
勃	52C3	5	0.3923	5.617	0.9150	3	1	1
勄	52C4	5	0.4354	6.451	0.8834	3	0	0
勅	52C5	5	0.4231	5.644	0.9076	2	1	0
勆	52C6	5	0.4046	5.512	0.9091	3	0	0
勇	52C7	5	0.4691	6.348	0.9077	3	1	1
勈	52C8	5	0.5016	5.786	0.9059	3	0	0
勉	52C9	5	0.4186	6.087	0.8784	3	1	1
勊	52CA	5	0.4068	5.591	0.9391	4	0	0
勋	52CB	5	0.4185	5.761	0.9257	3	1	0
勌	52CC	5	0.4015	6.597	0.8652	3	0	0
勍	52CD	5	0.3910	5.677	0.8930	4	0	0
勎	52CE	5	0.3923	5.749	0.9256	4	0	0
勏	52CF	5	0.4092	5.669	0.9185	3	0	0
勐	52D0	5	0.4169	5.743	0.9212	3	0	0
勑	52D1	5	0.4062	5.956	0.9084	2	0	0
勒	52D2	5	0.4415	5.560	0.9333	2	1	1
勓	52D3	5	0.4455	6.142	0.9182	3	0	0
勔	52D4	5	0.5144	6.097	0.8701	2	0	0
動	52D5	5	0.4785	6.353	0.9529	2	1	1
勖	52D6	5	0.4728	6.310	0.9392	3	0	0
勗	52D7	5	0.4816	5.819	0.9280	3	0	0
勘	52D8	5	0.4338	6.063	0.9373	4	1	1
務	52D9	5	0.4172	6.760	0.9244	3	1	1
勚	52DA	5	0.4092	6.146	0.9354	3	0	0
勛	52DB	5	0.4554	6.207	0.9526	3	0	0
勜	52DC	5	0.4163	7.102	0.8936	4	0	0
勝	52DD	5	0.4512	7.139	0.8943	2	1	1
勞	52DE	5	0.4087	6.650	0.8820	2	1	1
募	52DF	5	0.4186	6.750	0.9145	4	1	1
勠	52E0	5	0.3908	7.707	0.8928	3	0	0
勡	52E1	5	0.4862	6.762	0.9061	3	0	0
勢	52E2	5	0.3713	6.721	0.9270	5	1	1
勣	52E3	5	0.3817	6.612	0.9540	3	0	0
勤	52E4	5	0.4446	6.199	0.9299	3	1	1
勥	52E5	5	0.4400	6.704	0.8949	4	0	0
勦	52E6	5	0.4354	6.958	0.9056	5	0	0
勧	52E7	5	0.4477	6.364	0.8988	2	1	1
勨	52E8	5	0.4477	6.909	0.8773	3	0	0
勩	52E9	5	0.4431	6.836	0.9219	3	0	0
勪	52EA	5	0.4538	6.914	0.9071	6	0	0
勫	52EB	5	0.4696	6.693	0.9076	3	0	0
勬	52EC	5	0.4354	7.483	0.8718	3	0	0
勭	52ED	5	0.4431	6.533	0.9259	4	0	0
勮	52EE	5	0.4492	7.419	0.8919	3	0	0
勯	52EF	5	0.4062	6.681	0.9391	4	0	0
勰	52F0	5	0.4512	7.694	0.9062	5	0	0
勱	52F1	5	0.4585	6.681	0.9206	4	0	0
勲	52F2	5	0.4000	6.982	0.9213	3	1	1
勳	52F3	5	0.4308	7.397	0.9448	2	1	1
勴	52F4	5	0.4369	7.319	0.9277	4	0	0
勵	52F5	5	0.4985	7.396	0.9281	5	1	1
勶	52F6	5	0.4216	7.426	0.9064	3	0	0
勷	52F7	5	0.4508	7.467	0.9488	3	0	0
勸	52F8	5	0.4569	6.638	0.9319	5	1	1
勹	52F9	5	0.1908	2.560	0.8817	1	0	0
勺	52FA	5	0.2292	3.119	0.9427	2	0	0
勻	52FB	5	0.2804	3.754	0.9234	2	0	0
勼	52FC	5	0.3338	4.464	0.9483	2	0	0
勽	52FD	5	0.2815	3.956	0.9321	2	0	0
勾	52FE	5	0.3141	4.391	0.9044	2	1	0
勿	52FF	5	0.3231	4.532	0.9493	2	0	0
匀	5300	5	0.2692	3.887	0.8811	2	0	0
匁	5301	5	0.3107	4.433	0.9281	2	0	0
匂	5302	5	0.2985	4.066	0.9224	2	0	0
匃	5303	5	0.3292	4.726	0.9628	3	0	0
匄	5304	5	0.3109	4.148	0.9148	2	0	0
包	5305	5	0.3373	4.232	0.9361	2	1	0
匆	5306	5	0.3686	5.058	0.9265	2	0	0
匇	5307	5	0.3365	4.863	0.9283	2	0	0
匈	5308	5	0.3569	5.222	0.9237	3	1	0
匉	5309	5	0.3585	5.082	0.9317	2	0	0
匊	530A	5	0.3646	5.447	0.9190	2	0	0
匋	530B	5	0.3785	5.127	0.9722	2	0	0
匌	530C	5	0.3554	5.288	0.9327	4	0	0
匍	530D	5	0.4343	5.909	0.9134	2	0	0
匎	530E	5	0.4391	6.145	0.9227	3	0	0
匏	530F	5	0.4260	6.390	0.9057	5	0	0
匐	5310	5	0.4038	6.078	0.9490	3	0	0
匑	5311	5	0.4108	6.314	0.9485	3	0	0
匒	5312	5	0.4215	6.245	0.9141	5	0	0
匓	5313	5	0.4185	6.790	0.9166	2	0	0
匔	5314	5	0.4471	6.746	0.9177	4	0	0
匕	5315	5	0.2952	2.507	0.9655	1	0	0
化	5316	5	0.2530	4.061	0.9201	2	1	0
北	5317	5	0.2707	3.755	0.9269	2	1	0
匘	5318	5	0.4375	6.776	0.8772	2	0	0
匙	5319	5	0.3994	5.925	0.9089	4	0	0
匚	531A	5	0.2391	1.817	0.9798	1	0	0
匛	531B	5	0.3883	4.501	0.9471	2	0	0
匜	531C	5	0.4417	4.785	0.9752	2	0	0
匝	531D	5	0.4132	4.116	0.9854	2	0	0
匞	531E	5	0.3729	3.695	1.0146	2	0	0
匟	531F	5	0.4150	4.483	0.9903	3	0	0
匠	5320	5	0.3933	4.103	0.9787	2	1	0
匡	5321	5	0.3958	4.203	0.9914	2	1	0
匢	5322	5	0.4410	4.743	0.9531	3	0	0
匣	5323	5	0.4633	4.473	1.0004	2	0	0
匤	5324	5	0.4348	4.598	0.9563	2	0	0
匥	5325	5	0.4417	5.008	0.9676	3	0	0
匦	5326	5	0.4550	5.307	0.9762	3	0	0
匧	5327	5	0.4533	5.662	0.9574	2	0	0
匨	5328	5	0.4733	5.137	1.0027	3	0	0
匩	5329	5	0.4850	5.344	1.0096	2	0	0
匪	532A	5	0.4600	5.032	0.9941	2	0	0
匫	532B	5	0.4650	6.073	0.9818	4	0	0
匬	532C	5	0.4567	6.775	0.9613	5	0	0
匭	532D	5	0.4650	6.142	0.9683	3	0	0
匮	532E	5	0.5017	6.038	0.9765	3	0	0
匯	532F	5	0.4850	5.912	0.9281	3	1	1
匰	5330	5	0.4917	6.124	0.9902	4	0	0
匱	5331	5	0.4566	6.884	0.9525	3	0	0
匲	5332	5	0.4917	6.032	0.9433	2	0	0
匳	5333	5	0.4600	6.255	0.9206	7	0	0
匴	5334	5	0.5000	6.406	0.9526	4	0	0
匵	5335	5	0.5267	8.316	0.9273	4	0	0
匶	5336	5	0.4967	7.821	0.9394	4	0	0
匷	5337	5	0.5608	7.216	0.9759	3	0	0
匸	5338	5	0.2348	1.821	0.9723	1	0	0
匹	5339	5	0.3646	3.586	0.9677	2	1	0
区	533A	5	0.3478	4.036	0.9620	2	1	0
医	533B	5	0.4450	5.005	0.9621	2	1	0
匼	533C	5	0.4300	5.108	0.9631	4	0	0
匽	533D	5	0.4633	5.925	0.9718	3	0	0
匾	533E	5	0.4550	6.319	0.9731	3	0	0
匿	533F	5	0.5000	5.350	0.9885	4	1	0
區	5340	5	0.4567	4.747	1.0286	4	1	0
十	5341	5	0.1508	1.829	1.0076	1	0	0
卂	5342	5	0.2720	3.198	0.9506	2	0	0
千	5343	5	0.1953	2.636	0.9777	1	1	0
卄	5344	5	0.2231	2.688	1.0064	1	0	0
卅	5345	5	0.3047	3.763	0.9761	1	0	0
卆	5346	5	0.2604	3.595	0.9683	2	0	0
升	5347	5	0.2885	3.526	0.9709	2	1	0
午	5348	5	0.2246	2.950	0.9617	2	1	0
卉	5349	5	0.2692	3.567	0.9807	2	0	0
半	534A	5	0.2515	3.636	0.9692	1	1	0
卋	534B	5	0.2899	3.761	0.9715	2	0	0
卌	534C	5	0.3292	4.378	1.0074	1	0	0
卍	534D	5	0.3320	3.571	0.7156	1	0	0
华	534E	5	0.2766	4.099	0.9524	3	1	0
协	534F	5	0.3639	4.837	0.9543	2	1	0
卐	5350	5	0.3127	3.548	0.8563	1	0	0
卑	5351	5	0.3561	4.607	0.9596	2	1	0
卒	5352	5	0.2985	4.498	0.9566	2	1	0
卓	5353	5	0.3523	4.345	0.9976	3	1	0
協	5354	5	0.3713	5.679	0.9652	4	1	1
单	5355	5	0.3692	4.508	0.9716	3	1	0
卖	5356	5	0.3846	5.697	0.9353	3	1	0
南	5357	5	0.4151	5.329	0.9776	2	1	0
単	5358	5	0.3908	4.870	0.9589	2	1	0
卙	5359	5	0.3654	5.072	0.9403	4	0	0
博	535A	5	0.3905	5.774	0.9625	3	1	1
卛	535B	5	0.3432	7.727	0.9158	2	0	0
卜	535C	5	0.2718	1.584	1.0082	1	0	0
卝	535D	5	0.2115	2.522	0.9940	1	0	0
卞	535E	5	0.1820	2.672	0.9650	2	0	0
卟	535F	5	0.2692	3.045	0.9905	2	0	0
占	5360	5	0.3094	3.065	0.9901	2	1	0
卡	5361	5	0.2322	2.839	0.9553	2	1	0
卢	5362	5	0.2516	3.071	0.9998	2	1	0
卣	5363	5	0.4080	4.466	0.9981	3	0	0
卤	5364	5	0.4197	5.059	0.9779	3	0	0
卥	5365	5	0.4030	5.509	0.9548	3	0	0
卦	5366	5	0.3338	4.368	0.9524	3	1	0
卧	5367	5	0.3692	4.094	0.9947	2	0	0
卨	5368	5	0.4248	4.987	0.9711	3	0	0
卩	5369	5	0.4057	1.617	0.9955	1	0	0
卪	536A	5	0.4429	2.321	0.9683	2	0	0
卫	536B	5	0.2793	2.502	0.9984	2	1	0
卬	536C	5	0.3211	3.584	0.9390	2	0	0
卭	536D	5	0.3344	3.325	0.9623	2	0	0
卮	536E	5	0.3432	5.001	0.9171	2	0	0
卯	536F	5	0.3323	4.384	0.9541	2	1	0
印	5370	5	0.3361	3.891	0.9667	2	1	0
危	5371	5	0.3536	4.926	0.9135	3	1	0
卲	5372	5	0.4176	4.660	0.9957	3	0	0
即	5373	5	0.3952	4.691	0.9560	2	1	0
却	5374	5	0.3585	4.494	0.9838	3	1	0
卵	5375	5	0.3769	5.229	0.9408	3	1	0
卶	5376	5	0.3723	5.568	0.9389	3	0	0
卷	5377	5	0.3757	5.806	0.9242	2	1	0
卸	5378	5	0.3969	4.863	0.9899	2	1	0
卹	5379	5	0.3908	5.078	0.9984	3	0	0
卺	537A	5	0.4423	6.026	0.9577	3	0	0
卻	537B	5	0.3662	5.425	0.9445	2	1	0
卼	537C	5	0.4275	6.152	0.9565	4	0	0
卽	537D	5	0.4247	4.968	0.9725	3	0	0
卾	537E	5	0.4336	5.343	0.9470	5	0	0
卿	537F	5	0.4508	6.257	0.9319	4	1	0
厀	5380	5	0.3969	6.210	0.9423	3	0	0
厁	5381	5	0.3662	6.176	0.9682	5	0	0
厂	5382	5	0.1500	1.487	0.9935	1	0	0
厃	5383	5	0.2015	2.795	0.9499	2	0	0
厄	5384	5	0.3385	4.128	0.9193	2	1	0
厅	5385	5	0.2756	3.066	0.9895	2	1	0
历	5386	5	0.3277	4.191	0.9438	2	1	0
厇	5387	5	0.3429	4.432	0.9482	3	0	0
厈	5388	5	0.3141	3.600	0.9811	2	0	0
厉	5389	5	0.3520	4.307	0.9612	2	0	0
厊	538A	5	0.3692	4.692	0.9736	2	0	0
压	538B	5	0.3338	4.113	0.9760	3	1	0
厌	538C	5	0.3323	4.639	0.9568	2	0	0
厍	538D	5	0.3954	4.566	0.9719	2	0	0
厎	538E	5	0.3831	5.384	0.9178	3	0	0
厏	538F	5	0.3344	4.005	0.9687	2	0	0
厐	5390	5	0.3908	5.481	0.9221	2	0	0
厑	5391	5	0.3846	4.950	0.9806	3	0	0
厒	5392	5	0.3908	4.873	0.9648	2	0	0
厓	5393	5	0.4046	4.999	0.9981	3	0	0
厔	5394	5	0.4308	5.500	0.9659	3	0	0
厕	5395	5	0.4112	6.040	0.9140	3	0	0
厖	5396	5	0.4031	6.645	0.9061	3	0	0
厗	5397	5	0.3738	4.671	0.9462	2	0	0
厘	5398	5	0.4856	5.569	0.8897	3	1	0
厙	5399	5	0.4585	5.676	1.0011	2	0	0
厚	539A	5	0.4031	5.519	0.9926	2	1	0
厛	539B	5	0.3892	5.112	0.9848	3	0	0
厜	539C	5	0.4785	5.789	0.9585	2	0	0
厝	539D	5	0.4784	5.405	0.9732	4	0	0
厞	539E	5	0.4033	4.710	0.9946	2	0	0
原	539F	5	0.4208	5.332	0.9791	2	1	0
厠	53A0	5	0.4544	5.765	0.9575	3	0	0
厡	53A1	5	0.4720	6.046	0.9660	3	0	0
厢	53A2	5	0.4848	5.826	0.8617	3	0	0
厣	53A3	5	0.4754	5.826	0.8871	3	0	0
厤	53A4	5	0.4492	6.276	0.9183	3	0	0
厥	53A5	5	0.4323	6.706	0.8910	4	1	1
厦	53A6	5	0.4400	6.736	0.9291	3	1	0
厧	53A7	5	0.4608	6.608	0.9383	4	0	0
厨	53A8	5	0.4277	5.909	0.9569	2	0	0
厩	53A9	5	0.4646	6.352	0.9217	3	0	0
厪	53AA	5	0.4738	6.570	0.9114	3	0	0
厫	53AB	5	0.4492	6.467	0.9295	4	0	0
厬	53AC	5	0.4224	7.261	0.9291	5	0	0
厭	53AD	5	0.4523	6.504	0.9599	4	0	0
厮	53AE	5	0.4400	6.162	0.9454	4	0	0
厯	53AF	5	0.4262	6.293	0.9213	2	0	0
厰	53B0	5	0.4631	7.031	0.9155	5	0	0
厱	53B1	5	0.4292	6.496	0.9078	7	0	0
厲	53B2	5	0.4992	6.656	0.9645	4	0	0
厳	53B3	5	0.4571	6.991	0.9100	5	1	1
厴	53B4	5	0.4256	7.545	0.9676	5	0	0
厵	53B5	5	0.4446	9.102	0.9060	6	0	0
厶	53B6	5	0.2096	2.919	0.9281	1	0	0
厷	53B7	5	0.2877	4.254	0.9507	2	0	0
厸	53B8	5	0.2738	4.370	0.9492	2	0	0
厹	53B9	5	0.2800	4.323	0.9819	2	0	0
厺	53BA	5	0.2988	4.792	0.9522	2	0	0
去	53BB	5	0.2973	4.088	0.9662	2	1	0
厼	53BC	5	0.2564	4.163	0.9220	2	0	0
厽	53BD	5	0.2985	5.053	0.9156	3	0	0
厾	53BE	5	0.3888	4.940	0.9717	3	0	0
县	53BF	5	0.4067	4.791	0.9613	2	1	0
叀	53C0	5	0.4439	5.500	0.9761	2	0	0
叁	53C1	5	0.4046	5.390	0.9366	2	0	0
参	53C2	5	0.3432	5.992	0.9244	2	1	0
參	53C3	5	0.3343	6.577	0.9152	2	1	1
叄	53C4	5	0.4000	5.986	0.9362	2	0	0
叅	53C5	5	0.3388	6.500	0.8903	2	0	0
叆	53C6	5	0.3979	7.032	0.8888	5	0	0
叇	53C7	5	0.4053	6.904	0.9136	4	0	0
又	53C8	5	0.2756	3.608	0.9350	1	0	0
叉	53C9	5	0.2981	4.441	0.9229	2	1	0
及	53CA	5	0.3369	4.463	0.9396	1	1	0
友	53CB	5	0.3333	4.536	0.9402	2	1	0
双	53CC	5	0.3606	5.044	0.9264	2	1	0
反	53CD	5	0.3333	4.714	0.9426	2	1	0
収	53CE	5	0.3373	4.935	0.9588	2	1	0
叏	53CF	5	0.3417	4.800	0.9256	2	0	0
叐	53D0	5	0.3686	5.200	0.9454	3	0	0
发	53D1	5	0.3462	5.047	0.9158	3	1	0
叒	53D2	5	0.4015	6.112	0.9134	3	0	0
叓	53D3	5	0.4183	5.470	0.9354	2	0	0
叔	53D4	5	0.3521	5.424	0.9359	3	1	0
叕	53D5	5	0.4483	6.717	0.9147	4	0	0
取	53D6	5	0.4092	5.204	0.9358	2	1	0
受	53D7	5	0.4054	5.902	0.8575	2	1	0
变	53D8	5	0.3750	5.517	0.9086	5	1	0
叙	53D9	5	0.3817	6.175	0.9312	4	1	0
叚	53DA	5	0.4300	4.886	0.9477	2	0	0
叛	53DB	5	0.3994	6.197	0.9465	3	1	0
叜	53DC	5	0.4038	6.182	0.9079	3	0	0
叝	53DD	5	0.4068	6.093	0.9531	3	0	0
叞	53DE	5	0.4385	6.495	0.9087	2	0	0
叟	53DF	5	0.3923	5.610	0.9285	2	0	0
叠	53E0	5	0.4549	7.928	0.8843	5	0	0
叡	53E1	5	0.4068	7.111	0.9412	4	1	1
叢	53E2	5	0.4723	7.587	0.9248	4	1	1
口	53E3	5	0.3644	1.988	1.0375	1	0	0
古	53E4	5	0.2969	3.380	0.9969	2	1	0
句	53E5	5	0.3046	3.912	0.9622	2	1	0
另	53E6	5	0.3896	4.170	0.9280	2	1	0
叧	53E7	5	0.3617	4.084	0.9687	2	0	0
叨	53E8	5	0.3872	3.977	0.9273	2	0	0
叩	53E9	5	0.3594	3.085	1.0198	2	1	0
只	53EA	5	0.2917	3.513	0.9549	2	1	0
叫	53EB	5	0.3409	3.610	1.0030	2	1	0
召	53EC	5	0.3883	4.176	0.9675	2	1	0
叭	53ED	5	0.3088	3.886	0.9637	2	0	0
叮	53EE	5	0.2850	2.832	0.9167	2	0	0
可	53EF	5	0.3083	3.134	1.0052	2	1	0
台	53F0	5	0.3061	4.248	0.9638	2	1	0
叱	53F1	5	0.3000	3.659	0.9384	2	1	0
史	53F2	5	0.3385	4.257	0.9799	1	1	0
右	53F3	5	0.3015	3.861	0.9688	2	1	0
叴	53F4	5	0.3123	4.050	0.9967	2	0	0
叵	53F5	5	0.3495	3.414	0.9941	2	0	0
叶	53F6	5	0.2554	2.786	1.0022	2	1	0
号	53F7	5	0.3262	3.839	0.9572	2	1	0
司	53F8	5	0.3859	3.616	0.9953	2	1	0
叹	53F9	5	0.3767	4.449	0.9630	2	0	0
叺	53FA	5	0.2723	3.830	0.9716	2	0	0
叻	53FB	5	0.3574	4.092	0.9443	2	0	0
叼	53FC	5	0.3507	3.940	0.9094	3	0	0
叽	53FD	5	0.3856	3.984	0.9438	2	0	0
叾	53FE	5	0.3543	3.679	0.9341	2	0	0
叿	53FF	5	0.3409	2.979	0.9912	2	0	0
吀	5400	5	0.2815	3.333	0.9917	2	0	0
吁	5401	5	0.3136	3.245	1.0047	2	0	0
吂	5402	5	0.3237	4.228	0.9800	2	0	0
吃	5403	5	0.3508	4.313	0.9697	3	1	0
各	5404	5	0.3446	4.892	0.9719	2	1	0
吅	5405	5	0.4547	3.532	1.0036	2	0	0
吆	5406	5	0.3510	4.371	0.9807	2	0	0
吇	5407	5	0.3217	3.485	0.9344	2	0	0
合	5408	5	0.3077	4.182	0.9656	3	1	0
吉	5409	5	0.3272	4.020	1.0330	2	1	0
吊	540A	5	0.3691	3.598	0.9868	2	1	0
吋	540B	5	0.2923	3.528	0.9684	2	0	0
同	540C	5	0.4117	3.711	0.9918	2	1	0
名	540D	5	0.3333	4.417	0.9488	2	1	0
后	540E	5	0.3269	4.417	0.9621	2	1	0
吏	540F	5	0.3785	4.839	0.9873	1	1	0
吐	5410	5	0.3136	3.121	1.0190	2	1	0
向	5411	5	0.3357	3.567	0.9720	2	1	0
吒	5412	5	0.3308	3.934	0.9453	3	0	0
吓	5413	5	0.2992	3.183	0.9864	2	0	0
吔	5414	5	0.3969	4.468	0.9756	2	0	0
吕	5415	5	0.4080	3.654	1.0317	2	1	0
吖	5416	5	0.2523	3.305	0.9718	2	0	0
吗	5417	5	0.3483	4.095	0.9807	2	0	0
吘	5418	5	0.3400	3.590	0.9656	3	0	0
吙	5419	5	0.3215	4.243	0.9781	2	0	0
吚	541A	5	0.3900	4.085	0.9520	2	0	0
君	541B	5	0.4308	4.743	0.9531	2	1	0
吜	541C	5	0.4183	4.083	0.9803	2	0	0
吝	541D	5	0.3476	4.884	0.9632	2	0	0
吞	541E	5	0.3846	4.484	0.9604	3	1	0
吟	541F	5	0.3077	4.243	0.9625	4	1	0
吠	5420	5	0.3415	4.416	0.9484	2	0	0
吡	5421	5	0.3569	4.556	0.9334	2	0	0
吢	5422	5	0.2929	4.407	0.9861	2	0	0
吣	5423	5	0.2938	3.965	0.9619	2	0	0
吤	5424	5	0.3037	4.108	0.9778	3	0	0
吥	5425	5	0.3150	3.824	0.9406	2	0	0
否	5426	5	0.3536	4.303	0.9667	2	1	0
吧	5427	5	0.4250	4.247	0.9691	2	1	0
吨	5428	5	0.3677	4.432	0.9853	2	1	0
吩	5429	5	0.3615	4.680	0.9527	3	0	0
吪	542A	5	0.3800	4.643	0.9290	3	0	0
含	542B	5	0.3210	4.712	0.9545	4	1	0
听	542C	5	0.3200	3.929	0.9892	2	1	0
吭	542D	5	0.3354	4.350	0.9567	3	0	0
吮	542E	5	0.3462	4.718	0.9157	3	0	0
启	542F	5	0.3718	5.037	0.9625	2	1	0
吰	5430	5	0.3662	4.751	0.9665	3	0	0
吱	5431	5	0.3708	4.685	0.9437	3	0	0
吲	5432	5	0.3846	3.727	1.0262	3	0	0
吳	5433	5	0.3936	4.967	0.9366	2	1	0
吴	5434	5	0.4050	4.799	0.9410	3	1	0
吵	5435	5	0.3092	4.237	0.9442	3	0	0
吶	5436	5	0.3942	4.568	0.9472	2	0	0
吷	5437	5	0.3569	4.413	0.9883	2	0	0
吸	5438	5	0.4224	5.231	0.9142	2	1	0
吹	5439	5	0.3415	4.473	0.9528	2	1	0
吺	543A	5	0.4100	4.930	0.9644	3	0	0
吻	543B	5	0.3990	5.132	0.9687	3	1	0
吼	543C	5	0.3662	4.598	0.9118	3	0	0
吽	543D	5	0.3154	3.737	0.9835	2	0	0
吾	543E	5	0.3723	4.321	0.9539	2	1	0
吿	543F	5	0.3538	4.417	0.9782	2	0	0
呀	5440	5	0.3904	4.471	0.9595	2	0	0
呁	5441	5	0.3237	4.456	0.9231	3	0	0
呂	5442	5	0.4240	3.753	1.0338	3	1	0
呃	5443	5	0.4192	4.865	0.9538	3	0	0
呄	5444	5	0.4033	4.850	0.9838	3	0	0
呅	5445	5	0.3508	4.421	0.9781	2	0	0
呆	5446	5	0.3523	4.284	0.9761	2	0	0
呇	5447	5	0.3323	4.817	0.9758	2	0	0
呈	5448	5	0.3900	4.142	1.0145	2	1	0
呉	5449	5	0.3523	4.730	0.9393	4	1	0
告	544A	5	0.3472	4.387	1.0015	2	1	0
呋	544B	5	0.3354	4.289	0.9605	2	0	0
呌	544C	5	0.2938	3.796	0.9624	2	0	0
呍	544D	5	0.3533	4.114	0.9437	3	0	0
呎	544E	5	0.3817	4.204	0.9339	2	1	0
呏	544F	5	0.3477	4.206	0.9463	3	0	0
呐	5450	5	0.3974	4.347	0.9500	2	0	0
呑	5451	5	0.3550	4.777	0.9581	3	0	0
呒	5452	5	0.3808	4.326	0.9293	2	0	0
呓	5453	5	0.3615	4.404	0.9614	3	0	0
呔	5454	5	0.3354	4.410	0.9444	3	0	0
呕	5455	5	0.4050	4.745	0.9753	3	0	0
呖	5456	5	0.4208	4.929	0.9861	3	0	0
呗	5457	5	0.4017	4.739	0.9943	2	0	0
员	5458	5	0.3722	4.509	0.9753	2	1	0
呙	5459	5	0.4200	4.322	0.9597	2	0	0
呚	545A	5	0.3646	4.590	0.9592	2	0	0
呛	545B	5	0.3615	4.629	0.9548	3	0	0
呜	545C	5	0.3622	4.342	0.9610	3	0	0
呝	545D	5	0.4123	5.718	0.9409	3	0	0
呞	545E	5	0.3867	3.996	0.9948	3	0	0
呟	545F	5	0.3662	4.951	0.9467	2	0	0
呠	5460	5	0.3600	4.571	0.9582	2	0	0
呡	5461	5	0.4304	4.808	0.9360	2	0	0
呢	5462	5	0.4048	4.930	0.9858	3	0	0
呣	5463	5	0.4224	4.998	0.9764	2	0	0
呤	5464	5	0.3015	4.551	0.9352	4	0	0
呥	5465	5	0.4169	4.464	1.0053	2	0	0
呦	5466	5	0.4022	5.696	0.9138	3	0	0
呧	5467	5	0.3631	4.970	0.9267	3	0	0
周	5468	5	0.4450	4.796	0.9789	2	1	0
呩	5469	5	0.3500	4.272	0.9384	2	0	0
呪	546A	5	0.4048	4.418	0.9326	3	1	0
呫	546B	5	0.3569	3.708	1.0234	3	0	0
呬	546C	5	0.4733	4.570	0.9742	2	0	0
呭	546D	5	0.3954	4.553	0.9975	2	0	0
呮	546E	5	0.3600	4.234	0.9640	3	0	0
呯	546F	5	0.3152	3.984	1.0041	2	0	0
呰	5470	5	0.3462	4.731	0.9837	3	0	0
呱	5471	5	0.4092	5.535	0.9648	2	0	0
呲	5472	5	0.3872	5.219	0.9466	3	0	0
味	5473	5	0.3677	4.531	0.9591	2	1	0
呴	5474	5	0.3814	4.328	0.9388	3	0	0
呵	5475	5	0.3833	4.051	1.0044	3	0	0
呶	5476	5	0.3969	6.057	0.9492	3	0	0
呷	5477	5	0.4283	3.869	1.0125	2	0	0
呸	5478	5	0.3965	4.180	0.9397	3	0	0
呹	5479	5	0.3600	4.661	0.9537	3	0	0
呺	547A	5	0.3648	4.372	0.9834	3	0	0
呻	547B	5	0.4054	3.960	1.0190	2	0	0
呼	547C	5	0.3385	4.407	0.9813	2	1	0
命	547D	5	0.3210	4.783	0.9528	4	1	0
呾	547E	5	0.4139	4.014	0.9810	3	0	0
呿	547F	5	0.3677	4.433	0.9654	3	0	0
咀	5480	5	0.4333	4.053	1.0172	2	0	0
咁	5481	5	0.3723	4.020	1.0005	2	0	0
咂	5482	5	0.4333	4.858	0.9952	3	0	0
咃	5483	5	0.3954	5.539	0.9364	3	0	0
咄	5484	5	0.3942	4.316	0.9491	3	0	0
咅	5485	5	0.3358	4.516	0.9594	2	0	0
咆	5486	5	0.3862	4.723	0.9934	3	0	0
咇	5487	5	0.3754	5.114	0.9566	2	0	0
咈	5488	5	0.4311	5.229	0.9614	2	0	0
咉	5489	5	0.3846	4.660	0.9643	2	0	0
咊	548A	5	0.3692	4.674	0.9595	2	0	0
咋	548B	5	0.3215	3.686	0.9936	2	0	0
和	548C	5	0.3814	4.605	0.9664	2	1	0
咍	548D	5	0.3554	4.508	0.9615	3	0	0
咎	548E	5	0.3609	5.457	0.9568	3	0	0
咏	548F	5	0.3523	4.902	0.9779	2	0	0
咐	5490	5	0.3446	4.540	0.9719	3	0	0
咑	5491	5	0.3492	4.238	0.9523	3	0	0
咒	5492	5	0.3328	3.948	0.9676	3	1	0
咓	5493	5	0.4000	4.629	0.9809	2	0	0
咔	5494	5	0.3092	3.626	0.9884	3	0	0
咕	5495	5	0.3446	3.848	1.0021	3	0	0
咖	5496	5	0.4311	5.183	0.9736	3	1	0
咗	5497	5	0.3600	4.090	0.9779	3	0	0
咘	5498	5	0.3831	4.536	0.9932	3	0	0
咙	5499	5	0.3754	5.327	0.9312	2	0	0
咚	549A	5	0.3477	5.035	0.9471	3	0	0
咛	549B	5	0.3237	3.854	0.9330	3	0	0
咜	549C	5	0.3558	4.073	0.9471	3	0	0
咝	549D	5	0.3776	5.438	0.9267	4	0	0
咞	549E	5	0.3744	4.024	0.9991	3	0	0
咟	549F	5	0.4117	4.233	0.9719	3	0	0
咠	54A0	5	0.4600	4.967	0.9965	2	0	0
咡	54A1	5	0.4016	4.245	0.9893	2	0	0
咢	54A2	5	0.4133	4.688	1.0058	4	0	0
咣	54A3	5	0.3769	4.977	0.9566	4	0	0
咤	54A4	5	0.3662	4.593	0.9518	4	0	0
咥	54A5	5	0.4240	4.515	0.9555	3	0	0
咦	54A6	5	0.4385	5.625	0.9575	2	0	0
咧	54A7	5	0.4006	5.105	0.9667	3	0	0
咨	54A8	5	0.3457	5.176	0.9706	3	0	0
咩	54A9	5	0.3354	4.359	0.9416	2	0	0
咪	54AA	5	0.3708	5.048	0.9401	2	0	0
咫	54AB	5	0.3615	5.106	0.9224	3	0	0
咬	54AC	5	0.3554	5.150	0.9150	3	0	0
咭	54AD	5	0.3782	4.263	1.0037	3	0	0
咮	54AE	5	0.3862	4.836	0.9666	3	0	0
咯	54AF	5	0.4108	4.998	0.9541	3	0	0
咰	54B0	5	0.3814	4.639	0.9461	3	0	0
咱	54B1	5	0.4263	4.206	1.0009	2	0	0
咲	54B2	5	0.3646	4.971	0.9299	3	1	0
咳	54B3	5	0.3723	5.276	0.9549	4	0	0
咴	54B4	5	0.3662	5.325	0.9606	3	0	0
咵	54B5	5	0.3831	4.987	0.9701	4	0	0
咶	54B6	5	0.3662	4.369	0.9571	2	0	0
咷	54B7	5	0.3708	5.464	0.9295	2	0	0
咸	54B8	5	0.3802	5.793	0.9527	3	1	0
咹	54B9	5	0.3862	5.113	0.9340	3	0	0
咺	54BA	5	0.4350	4.181	0.9799	4	0	0
咻	54BB	5	0.4077	5.022	0.9377	3	0	0
咼	54BC	5	0.4509	4.307	0.9648	2	0	0
咽	54BD	5	0.4650	5.020	0.9633	3	0	0
咾	54BE	5	0.4062	4.937	0.9388	3	0	0
咿	54BF	5	0.3862	4.874	0.9595	3	0	0
哀	54C0	5	0.3536	5.261	0.9409	2	1	0
品	54C1	5	0.3933	3.827	1.0043	3	1	0
哂	54C2	5	0.4592	5.044	0.9793	2	0	0
哃	54C3	5	0.4667	4.605	0.9994	3	0	0
哄	54C4	5	0.3662	4.550	0.9678	3	0	0
哅	54C5	5	0.4231	5.430	0.9311	4	0	0
哆	54C6	5	0.3800	5.532	0.9068	3	0	0
哇	54C7	5	0.3840	4.121	1.0046	3	0	0
哈	54C8	5	0.3646	4.566	0.9879	4	1	0
哉	54C9	5	0.4009	5.549	0.9738	2	1	0
哊	54CA	5	0.4015	4.657	0.9352	3	0	0
哋	54CB	5	0.4092	5.376	0.9693	3	0	0
哌	54CC	5	0.3985	5.485	0.9705	2	0	0
响	54CD	5	0.4183	4.394	0.9932	3	1	0
哎	54CE	5	0.3446	4.621	0.9444	3	0	0
哏	54CF	5	0.4256	4.936	0.9766	2	0	0
哐	54D0	5	0.4400	4.583	0.9905	3	0	0
哑	54D1	5	0.4550	4.820	1.0049	2	0	0
哒	54D2	5	0.3800	5.097	0.9383	3	0	0
哓	54D3	5	0.4092	5.503	0.9734	3	0	0
哔	54D4	5	0.3508	4.484	0.9643	3	0	0
哕	54D5	5	0.3958	4.741	0.9816	3	0	0
哖	54D6	5	0.3631	4.200	1.0113	2	0	0
哗	54D7	5	0.3662	4.693	0.9617	4	0	0
哘	54D8	5	0.3508	4.591	0.9399	4	0	0
哙	54D9	5	0.3662	5.114	0.9751	4	0	0
哚	54DA	5	0.3856	4.747	0.9901	3	0	0
哛	54DB	5	0.3536	5.618	0.9072	4	0	0
哜	54DC	5	0.3600	4.695	0.9712	2	0	0
哝	54DD	5	0.3785	5.140	0.9320	3	0	0
哞	54DE	5	0.3708	4.740	0.9727	3	0	0
哟	54DF	5	0.3926	5.443	0.9272	4	0	0
哠	54E0	5	0.3908	4.695	0.9822	3	0	0
員	54E1	5	0.4450	5.686	0.9647	2	1	0
哢	54E2	5	0.4240	4.824	0.9536	3	0	0
哣	54E3	5	0.4048	4.344	0.9807	4	0	0
哤	54E4	5	0.4215	5.916	0.9656	3	0	0
哥	54E5	5	0.3908	4.839	0.9476	4	1	0
哦	54E6	5	0.4492	6.023	0.9253	2	0	0
哧	54E7	5	0.4054	4.964	0.9808	2	0	0
哨	54E8	5	0.3969	4.981	0.9606	3	0	0
哩	54E9	5	0.4950	4.664	1.0163	3	0	0
哪	54EA	5	0.4833	6.117	0.9489	3	1	1
哫	54EB	5	0.4112	4.677	0.9493	3	0	0
哬	54EC	5	0.3908	5.040	0.9807	4	0	0
哭	54ED	5	0.3892	5.042	0.9625	3	0	0
哮	54EE	5	0.4215	5.133	0.9427	3	0	0
哯	54EF	5	0.4480	4.864	0.9664	2	0	0
哰	54F0	5	0.3769	4.525	0.9959	3	0	0
哱	54F1	5	0.3738	4.669	0.9566	3	0	0
哲	54F2	5	0.3862	5.084	0.9765	3	1	0
哳	54F3	5	0.3523	5.080	0.9540	3	0	0
哴	54F4	5	0.4077	5.055	0.9759	3	0	0
哵	54F5	5	0.4439	5.365	0.9426	4	0	0
哶	54F6	5	0.3446	4.030	1.0069	2	0	0
哷	54F7	5	0.3446	4.886	0.9544	3	0	0
哸	54F8	5	0.3862	5.660	0.9187	3	0	0
哹	54F9	5	0.3662	5.109	0.9532	3	0	0
哺	54FA	5	0.4615	5.359	0.9505	2	1	1
哻	54FB	5	0.3792	4.475	0.9922	3	0	0
哼	54FC	5	0.3385	4.424	0.9745	4	0	0
哽	54FD	5	0.4864	5.392	0.9681	2	0	0
哾	54FE	5	0.3785	4.980	0.9197	3	0	0
哿	54FF	5	0.4054	5.368	0.9658	4	0	0
唀	5500	5	0.4154	5.696	0.9339	3	0	0
唁	5501	5	0.3990	4.889	0.9856	2	0	0
唂	5502	5	0.3631	5.006	0.9528	2	0	0
唃	5503	5	0.4311	5.007	0.9513	2	0	0
唄	5504	5	0.4128	4.839	0.9547	2	1	0
唅	5505	5	0.3800	5.054	0.9548	5	0	0
唆	5506	5	0.3822	6.071	0.9226	4	1	0
唇	5507	5	0.4262	5.999	0.9350	2	1	0
唈	5508	5	0.4208	4.717	0.9752	2	0	0
唉	5509	5	0.3785	5.459	0.9265	3	0	0
唊	550A	5	0.3877	5.291	0.9383	2	0	0
唋	550B	5	0.3800	5.278	0.9769	4	0	0
唌	550C	5	0.4092	6.161	0.9259	3	0	0
唍	550D	5	0.3677	4.909	0.9404	4	0	0
唎	550E	5	0.4151	5.060	0.9592	3	0	0
唏	550F	5	0.4246	5.579	0.9626	4	0	0
唐	5510	5	0.4453	5.800	0.9562	2	1	0
唑	5511	5	0.4144	4.979	0.9561	5	0	0
唒	5512	5	0.4752	5.369	0.9909	2	0	0
唓	5513	5	0.4031	4.909	0.9616	2	0	0
唔	5514	5	0.4368	4.672	0.9975	3	0	0
唕	5515	5	0.4046	4.308	0.9753	3	0	0
唖	5516	5	0.5322	4.960	0.9860	2	0	0
唗	5517	5	0.3754	4.753	0.9446	3	0	0
唘	5518	5	0.4154	5.618	0.9046	2	0	0
唙	5519	5	0.3923	5.936	0.9405	3	0	0
唚	551A	5	0.4624	5.782	0.9454	2	0	0
唛	551B	5	0.4400	5.578	0.9771	3	0	0
唜	551C	5	0.4311	5.924	0.9525	3	0	0
唝	551D	5	0.4080	5.076	0.9614	3	0	0
唞	551E	5	0.3646	5.160	0.9705	3	0	0
唟	551F	5	0.4231	5.773	0.9366	4	0	0
唠	5520	5	0.4015	5.141	0.9879	3	0	0
唡	5521	5	0.4583	5.780	0.8917	2	0	0
唢	5522	5	0.3674	5.356	0.9486	2	0	0
唣	5523	5	0.4150	4.795	0.9764	3	0	0
唤	5524	5	0.3923	5.206	0.9736	4	0	0
唥	5525	5	0.3262	5.433	0.9432	5	0	0
唦	5526	5	0.3446	5.295	0.9457	4	0	0
唧	5527	5	0.4567	5.249	0.9709	3	0	0
唨	5528	5	0.4512	5.916	0.9770	3	0	0
唩	5529	5	0.4308	5.866	0.9422	3	0	0
唪	552A	5	0.4385	5.459	0.9453	3	0	0
唫	552B	5	0.4160	5.274	0.9612	2	0	0
唬	552C	5	0.4308	5.731	0.9560	3	0	0
唭	552D	5	0.4123	4.923	0.9798	3	0	0
售	552E	5	0.4327	5.738	0.9706	2	1	0
唯	552F	5	0.4154	4.844	0.9708	2	1	0
唰	5530	5	0.5304	6.397	0.9247	3	0	0
唱	5531	5	0.5033	4.983	1.0025	3	1	0
唲	5532	5	0.3538	4.967	0.9658	3	0	0
唳	5533	5	0.4338	5.983	0.9352	3	0	0
唴	5534	5	0.4367	5.256	0.9401	3	0	0
唵	5535	5	0.4477	5.329	0.9280	3	0	0
唶	5536	5	0.4154	4.775	0.9620	4	0	0
唷	5537	5	0.4400	5.486	0.9565	4	0	0
唸	5538	5	0.3600	5.703	0.9117	5	0	0
唹	5539	5	0.3538	5.760	0.9239	4	0	0
唺	553A	5	0.4200	5.431	1.0075	3	0	0
唻	553B	5	0.3815	5.465	0.9228	2	0	0
唼	553C	5	0.4138	5.705	0.8942	3	0	0
唽	553D	5	0.3646	5.308	0.9613	3	0	0
唾	553E	5	0.4246	4.985	0.9796	2	0	0
唿	553F	5	0.3938	6.033	0.9611	4	0	0
啀	5540	5	0.4624	5.448	0.9765	4	0	0
啁	5541	5	0.4950	5.266	0.9882	3	0	0
啂	5542	5	0.3523	5.758	0.9073	4	0	0
啃	5543	5	0.4215	4.765	1.0128	3	0	0
啄	5544	5	0.4183	5.952	0.9140	3	0	0
啅	5545	5	0.4123	4.667	1.0041	4	0	0
商	5546	5	0.4135	5.939	0.9160	3	1	0
啇	5547	5	0.4423	5.576	0.9545	2	0	0
啈	5548	5	0.3958	4.867	0.9727	3	0	0
啉	5549	5	0.3815	5.491	0.9207	3	0	0
啊	554A	5	0.3888	5.960	0.9631	4	0	0
啋	554B	5	0.3862	5.446	0.9532	3	0	0
啌	554C	5	0.3744	4.589	0.9710	4	0	0
啍	554D	5	0.3846	5.071	0.9577	4	0	0
啎	554E	5	0.4015	5.207	0.9522	4	0	0
問	554F	5	0.5252	4.388	0.9379	2	1	0
啐	5550	5	0.3369	4.753	0.9542	3	0	0
啑	5551	5	0.4462	5.703	0.9558	2	0	0
啒	5552	5	0.5050	5.525	0.9497	4	0	0
啓	5553	5	0.3743	5.647	0.9290	2	1	0
啔	5554	5	0.3908	5.740	0.9136	2	0	0
啕	5555	5	0.4343	5.263	0.9497	3	0	0
啖	5556	5	0.3631	5.734	0.9312	3	0	0
啗	5557	5	0.4103	4.880	0.9720	3	0	0
啘	5558	5	0.3923	5.776	0.9260	4	0	0
啙	5559	5	0.4009	5.356	0.9982	4	0	0
啚	555A	5	0.4400	5.510	0.9893	2	0	0
啛	555B	5	0.4523	6.030	0.9441	3	0	0
啜	555C	5	0.4400	6.874	0.9102	5	0	0
啝	555D	5	0.4295	5.670	0.9078	3	0	0
啞	555E	5	0.4016	4.250	1.0024	2	0	0
啟	555F	5	0.3817	5.736	0.9321	3	1	0
啠	5560	5	0.3757	5.227	0.9565	3	0	0
啡	5561	5	0.3754	4.756	0.9861	2	1	0
啢	5562	5	0.4432	6.223	0.9085	3	0	0
啣	5563	5	0.4359	5.359	0.9713	3	0	0
啤	5564	5	0.4123	4.847	0.9344	3	0	0
啥	5565	5	0.4062	5.174	0.9608	3	0	0
啦	5566	5	0.3477	5.295	0.9805	3	0	0
啧	5567	5	0.4323	5.666	0.9847	3	0	0
啨	5568	5	0.4492	5.462	0.9877	2	0	0
啩	5569	5	0.3538	4.807	0.9963	4	0	0
啪	556A	5	0.4487	4.788	0.9687	3	0	0
啫	556B	5	0.4308	5.058	0.9699	3	0	0
啬	556C	5	0.4024	5.705	0.9775	3	0	0
啭	556D	5	0.4062	5.760	0.9401	3	0	0
啮	556E	5	0.3738	5.166	0.9762	4	0	0
啯	556F	5	0.4733	5.149	0.9877	3	0	0
啰	5570	5	0.4250	4.892	0.9498	3	0	0
啱	5571	5	0.3985	4.882	0.9884	3	0	0
啲	5572	5	0.4343	5.456	0.9238	4	0	0
啳	5573	5	0.4246	5.560	0.9597	3	0	0
啴	5574	5	0.4185	4.873	0.9815	4	0	0
啵	5575	5	0.4000	6.181	0.9528	3	0	0
啶	5576	5	0.3938	4.938	0.9323	3	0	0
啷	5577	5	0.4077	5.845	0.9924	4	0	0
啸	5578	5	0.4308	5.987	0.9457	5	0	0
啹	5579	5	0.4672	5.263	1.0147	4	0	0
啺	557A	5	0.4477	6.005	0.9551	5	0	0
啻	557B	5	0.4423	5.768	0.9472	3	0	0
啼	557C	5	0.4031	5.042	0.9401	3	0	0
啽	557D	5	0.4031	5.381	0.9615	5	0	0
啾	557E	5	0.4215	6.090	0.9357	3	0	0
啿	557F	5	0.4508	5.372	0.9625	4	0	0
喀	5580	5	0.4185	5.835	0.9095	4	1	1
喁	5581	5	0.5033	5.238	0.9685	3	0	0
喂	5582	5	0.4336	5.492	0.9600	4	0	0
喃	5583	5	0.4446	5.623	0.9260	3	0	0
善	5584	5	0.4482	5.993	0.9562	3	1	1
喅	5585	5	0.4464	4.949	0.9618	3	0	0
喆	5586	5	0.3964	5.087	0.9905	4	0	0
喇	5587	5	0.4856	5.480	0.9750	3	1	1
喈	5588	5	0.4277	5.419	0.9557	3	0	0
喉	5589	5	0.4277	5.913	0.9237	3	1	0
喊	558A	5	0.4554	6.284	0.9654	4	0	0
喋	558B	5	0.4569	5.629	0.9542	3	0	0
喌	558C	5	0.4157	5.209	0.9507	3	0	0
喍	558D	5	0.4077	5.820	0.9817	4	0	0
喎	558E	5	0.4633	4.901	0.9650	3	0	0
喏	558F	5	0.4154	4.902	0.9885	4	0	0
喐	5590	5	0.4492	5.922	0.9542	4	0	0
喑	5591	5	0.3954	5.136	0.9243	2	0	0
喒	5592	5	0.4292	5.838	0.9504	4	0	0
喓	5593	5	0.4736	5.783	0.9475	3	0	0
喔	5594	5	0.5104	6.076	0.9052	4	0	0
喕	5595	5	0.4768	5.199	1.0117	2	0	0
喖	5596	5	0.4338	5.211	0.8972	4	0	0
喗	5597	5	0.4656	5.280	1.0000	3	0	0
喘	5598	5	0.3923	5.330	0.9894	3	0	0
喙	5599	5	0.4369	6.363	0.9597	3	0	0
喚	559A	5	0.4169	5.850	0.9314	5	1	1
喛	559B	5	0.4508	6.622	0.8931	5	0	0
喜	559C	5	0.4201	5.982	0.9323	5	1	0
喝	559D	5	0.4567	5.719	0.9324	5	1	0
喞	559E	5	0.4471	5.279	0.9841	4	0	0
喟	559F	5	0.5100	5.217	0.9873	3	0	0
喠	55A0	5	0.4954	5.691	0.9719	2	0	0
喡	55A1	5	0.4492	5.315	0.9895	4	0	0
喢	55A2	5	0.4446	5.323	1.0156	2	0	0
喣	55A3	5	0.3877	5.622	0.9205	4	0	0
喤	55A4	5	0.4415	4.981	0.9846	3	0	0
喥	55A5	5	0.4439	6.003	0.9328	3	0	0
喦	55A6	5	0.4200	4.614	1.0072	4	0	0
喧	55A7	5	0.4368	5.051	0.9860	5	0	0
喨	55A8	5	0.3908	5.702	0.9449	5	0	0
喩	55A9	5	0.3852	6.623	0.9226	6	0	0
喪	55AA	5	0.3772	6.089	0.9380	2	1	0
喫	55AB	5	0.4077	6.020	0.9366	3	1	1
喬	55AC	5	0.4200	6.461	0.9414	5	1	0
喭	55AD	5	0.3954	6.324	0.8920	4	0	0
單	55AE	5	0.4450	5.215	1.0219	3	1	0
喯	55AF	5	0.3954	5.236	0.9666	4	0	0
喰	55B0	5	0.4169	5.885	0.9349	4	0	0
喱	55B1	5	0.4960	5.666	1.0131	4	0	0
喲	55B2	5	0.4103	6.288	0.8989	4	0	0
喳	55B3	5	0.4592	5.410	0.9686	4	0	0
喴	55B4	5	0.4308	6.671	0.9276	4	0	0
喵	55B5	5	0.4523	4.930	1.0199	3	0	0
営	55B6	5	0.4197	5.351	0.9601	3	1	0
喷	55B7	5	0.3800	5.512	0.9786	4	1	1
喸	55B8	5	0.4492	6.332	0.9650	3	0	0
喹	55B9	5	0.4544	5.540	0.9675	4	0	0
喺	55BA	5	0.4308	6.146	0.9366	4	0	0
喻	55BB	5	0.3908	5.855	0.9507	5	1	1
喼	55BC	5	0.4262	5.675	0.9860	4	0	0
喽	55BD	5	0.4471	6.092	0.9201	3	0	0
喾	55BE	5	0.4599	6.146	0.9012	3	0	0
喿	55BF	5	0.4535	5.647	0.9581	4	0	0
嗀	55C0	5	0.4290	6.349	0.9905	2	0	0
嗁	55C1	5	0.4154	6.819	0.9406	4	0	0
嗂	55C2	5	0.4185	5.829	0.9497	2	0	0
嗃	55C3	5	0.4385	5.495	0.9971	5	0	0
嗄	55C4	5	0.4576	6.034	0.9580	3	0	0
嗅	55C5	5	0.4154	5.693	0.9287	3	0	0
嗆	55C6	5	0.3877	6.012	0.9354	5	0	0
嗇	55C7	5	0.4663	6.645	0.9396	3	0	0
嗈	55C8	5	0.4138	6.002	0.8988	5	0	0
嗉	55C9	5	0.3957	6.297	0.9356	3	0	0
嗊	55CA	5	0.4224	5.717	0.9340	3	0	0
嗋	55CB	5	0.3954	6.550	0.9369	5	0	0
嗌	55CC	5	0.4215	5.636	0.9370	3	0	0
嗍	55CD	5	0.4519	5.959	0.9702	4	0	0
嗎	55CE	5	0.4683	5.517	0.9453	2	0	0
嗏	55CF	5	0.3923	5.714	0.9742	4	0	0
嗐	55D0	5	0.4554	5.523	0.9222	3	0	0
嗑	55D1	5	0.4646	5.554	0.9903	4	0	0
嗒	55D2	5	0.4046	5.322	0.9604	5	0	0
嗓	55D3	5	0.4246	7.010	0.8997	5	0	0
嗔	55D4	5	0.3970	6.430	0.9403	4	0	0
嗕	55D5	5	0.4624	6.244	0.9482	3	0	0
嗖	55D6	5	0.4615	5.745	0.9308	3	0	0
嗗	55D7	5	0.4483	4.972	0.9613	3	0	0
嗘	55D8	5	0.4215	6.554	0.9033	3	0	0
嗙	55D9	5	0.4169	5.295	0.9572	3	0	0
嗚	55DA	5	0.4154	5.565	0.9767	3	0	0
嗛	55DB	5	0.4708	6.322	0.9378	3	0	0
嗜	55DC	5	0.4692	6.137	0.9446	4	1	1
嗝	55DD	5	0.4768	5.812	0.9590	2	0	0
嗞	55DE	5	0.4185	6.552	0.9124	3	0	0
嗟	55DF	5	0.4400	5.496	0.9425	3	0	0
嗠	55E0	5	0.4127	6.426	0.8949	4	0	0
嗡	55E1	5	0.4015	6.840	0.9195	4	0	0
嗢	55E2	5	0.4704	5.415	0.9603	3	0	0
嗣	55E3	5	0.5200	5.715	0.9668	3	1	1
嗤	55E4	5	0.4523	5.733	0.9433	3	0	0
嗥	55E5	5	0.4446	5.672	0.9535	4	0	0
嗦	55E6	5	0.4038	5.901	0.9318	3	0	0
嗧	55E7	5	0.4277	6.473	0.9753	5	0	0
嗨	55E8	5	0.4400	6.438	0.9129	4	0	0
嗩	55E9	5	0.4262	5.698	0.9266	2	0	0
嗪	55EA	5	0.4538	6.142	0.9358	3	0	0
嗫	55EB	5	0.4384	6.551	0.9769	4	0	0
嗬	55EC	5	0.4354	5.433	0.9424	5	0	0
嗭	55ED	5	0.4015	7.040	0.9690	4	0	0
嗮	55EE	5	0.4896	6.013	1.0378	3	0	0
嗯	55EF	5	0.4464	6.165	0.9440	4	0	0
嗰	55F0	5	0.5160	5.862	0.9429	5	0	0
嗱	55F1	5	0.3807	6.246	0.9597	5	0	0
嗲	55F2	5	0.4167	7.036	0.8974	4	0	0
嗳	55F3	5	0.4785	6.644	0.9071	4	0	0
嗴	55F4	5	0.4480	6.060	0.8977	4	0	0
嗵	55F5	5	0.4862	6.361	0.9255	4	0	0
嗶	55F6	5	0.5040	5.414	1.0011	2	0	0
嗷	55F7	5	0.4323	6.333	0.9223	4	0	0
嗸	55F8	5	0.3831	6.312	0.9554	4	0	0
嗹	55F9	5	0.4538	6.333	0.9369	3	0	0
嗺	55FA	5	0.4677	5.644	0.9467	3	0	0
嗻	55FB	5	0.4185	5.806	0.9655	3	0	0
嗼	55FC	5	0.4692	5.791	0.9510	4	0	0
嗽	55FD	5	0.4477	6.366	0.9208	3	0	0
嗾	55FE	5	0.4354	6.585	0.9088	3	0	0
嗿	55FF	5	0.3837	6.395	0.9409	5	0	0
嘀	5600	5	0.4400	5.661	0.9799	3	0	0
嘁	5601	5	0.4462	6.862	0.9374	4	0	0
嘂	5602	5	0.4856	5.788	0.9003	2	0	0
嘃	5603	5	0.4615	6.687	0.9848	4	0	0
嘄	5604	5	0.3969	6.612	0.9367	3	0	0
嘅	5605	5	0.4528	6.191	0.9194	3	0	0
嘆	5606	5	0.4492	6.039	0.9591	2	1	1
嘇	5607	5	0.3769	7.174	0.9232	3	0	0
嘈	5608	5	0.4985	5.999	1.0024	3	0	0
嘉	5609	5	0.4548	6.878	0.9345	6	1	1
嘊	560A	5	0.4708	6.105	0.9110	5	0	0
嘋	560B	5	0.4615	6.443	0.8953	4	0	0
嘌	560C	5	0.4848	6.038	0.9507	3	0	0
嘍	560D	5	0.4492	6.320	0.9768	3	0	0
嘎	560E	5	0.4720	6.345	0.9236	3	0	0
嘏	560F	5	0.4585	6.186	0.9330	4	0	0
嘐	5610	5	0.3872	6.800	0.9265	3	0	0
嘑	5611	5	0.3852	6.266	0.9287	3	0	0
嘒	5612	5	0.4538	5.787	0.9919	4	0	0
嘓	5613	5	0.5233	6.666	0.9368	4	0	0
嘔	5614	5	0.4736	5.634	0.9939	5	0	0
嘕	5615	5	0.4688	6.120	0.9673	4	0	0
嘖	5616	5	0.3800	6.397	0.9563	3	0	0
嘗	5617	5	0.4006	7.302	0.9724	3	1	1
嘘	5618	5	0.4554	6.517	0.9442	3	0	0
嘙	5619	5	0.4415	6.940	0.8745	4	0	0
嘚	561A	5	0.4277	5.985	0.9325	3	0	0
嘛	561B	5	0.4292	6.807	0.9368	4	0	0
嘜	561C	5	0.4046	6.820	0.9199	3	0	0
嘝	561D	5	0.4400	6.420	0.9154	3	0	0
嘞	561E	5	0.5016	5.862	0.9426	3	0	0
嘟	561F	5	0.4776	6.358	0.9188	4	0	0
嘠	5620	5	0.4688	6.501	0.9568	3	0	0
嘡	5621	5	0.4538	5.200	0.9826	3	0	0
嘢	5622	5	0.4784	5.997	0.9572	4	0	0
嘣	5623	5	0.4877	5.806	0.9925	4	0	0
嘤	5624	5	0.4569	7.075	0.9498	4	0	0
嘥	5625	5	0.3908	5.890	0.9334	4	0	0
嘦	5626	5	0.4492	7.178	0.9310	4	0	0
嘧	5627	5	0.3908	6.178	0.9606	4	0	0
嘨	5628	5	0.4862	6.683	0.9429	2	0	0
嘩	5629	5	0.4677	5.414	0.9670	3	0	0
嘪	562A	5	0.4783	5.788	0.9543	3	0	0
嘫	562B	5	0.4154	6.527	0.9323	3	0	0
嘬	562C	5	0.4544	6.332	0.9723	4	0	0
嘭	562D	5	0.3954	6.030	0.9593	6	0	0
嘮	562E	5	0.3923	6.782	0.8976	3	0	0
嘯	562F	5	0.4062	6.718	1.0233	4	0	0
嘰	5630	5	0.4508	7.742	0.8811	3	0	0
嘱	5631	5	0.5117	6.646	0.9370	3	0	0
嘲	5632	5	0.4647	5.876	0.9673	3	0	0
嘳	5633	5	0.4046	6.218	0.9604	3	0	0
嘴	5634	5	0.4369	6.489	0.9286	4	1	1
嘵	5635	5	0.4646	6.091	0.9431	5	0	0
嘶	5636	5	0.4477	6.130	0.9280	4	0	0
嘷	5637	5	0.4062	6.084	0.9921	3	0	0
嘸	5638	5	0.4723	6.242	0.9231	3	0	0
嘹	5639	5	0.4151	6.030	0.9350	4	0	0
嘺	563A	5	0.4431	6.358	0.9826	6	0	0
嘻	563B	5	0.4554	5.959	0.9566	6	0	0
嘼	563C	5	0.4415	6.515	0.9955	2	0	0
嘽	563D	5	0.4832	5.340	0.9700	4	0	0
嘾	563E	5	0.4592	5.828	1.0227	4	0	0
嘿	563F	5	0.4800	6.276	0.9655	2	0	0
噀	5640	5	0.4528	6.085	0.9696	5	0	0
噁	5641	5	0.4464	5.780	0.9446	3	0	0
噂	5642	5	0.4062	6.433	0.9479	5	1	1
噃	5643	5	0.4877	6.288	0.8993	3	0	0
噄	5644	5	0.4323	7.057	0.9314	3	0	0
噅	5645	5	0.4583	6.738	0.9103	2	0	0
噆	5646	5	0.4708	6.558	0.9180	4	0	0
噇	5647	5	0.4677	5.894	0.9777	4	0	0
噈	5648	5	0.4585	6.485	0.9318	5	0	0
噉	5649	5	0.4462	6.198	0.9410	4	0	0
噊	564A	5	0.4633	7.053	0.8970	4	0	0
噋	564B	5	0.4354	6.437	0.9222	5	0	0
噌	564C	5	0.4292	5.912	0.9653	4	0	0
噍	564D	5	0.4338	5.961	0.9329	3	0	0
噎	564E	5	0.3840	5.939	0.9647	5	0	0
噏	564F	5	0.4207	7.000	0.9135	5	0	0
噐	5650	5	0.4846	5.676	1.0029	2	0	0
噑	5651	5	0.4471	5.762	0.9611	3	0	0
噒	5652	5	0.4154	6.434	0.9337	4	0	0
噓	5653	5	0.4615	6.175	0.9193	3	0	0
噔	5654	5	0.4354	6.104	0.9305	5	0	0
噕	5655	5	0.4022	7.215	0.9045	2	0	0
噖	5656	5	0.4240	5.789	0.9467	6	0	0
噗	5657	5	0.4400	6.303	0.9574	4	0	0
噘	5658	5	0.4864	7.045	0.9538	5	0	0
噙	5659	5	0.4015	6.824	0.9280	4	0	0
噚	565A	5	0.3850	5.842	0.9512	4	0	0
噛	565B	5	0.4446	6.320	0.9378	3	0	0
噜	565C	5	0.4792	6.214	0.9839	3	0	0
噝	565D	5	0.4262	7.099	0.9146	3	0	0
噞	565E	5	0.3923	5.982	0.9400	7	0	0
噟	565F	5	0.4508	6.700	0.9604	2	0	0
噠	5660	5	0.4369	6.462	0.9138	3	0	0
噡	5661	5	0.4215	6.958	0.9464	4	0	0
噢	5662	5	0.4292	6.775	0.9065	3	0	0
噣	5663	5	0.5000	5.927	0.9126	3	0	0
噤	5664	5	0.4246	6.352	0.9605	4	0	0
噥	5665	5	0.4923	7.133	0.9759	3	0	0
噦	5666	5	0.4662	6.887	0.9178	3	0	0
噧	5667	5	0.4400	5.991	1.0007	4	0	0
器	5668	5	0.4260	5.818	0.9322	2	1	1
噩	5669	5	0.5083	6.019	1.0016	1	0	0
噪	566A	5	0.4768	5.763	0.9716	5	0	0
噫	566B	5	0.4292	6.457	0.9588	3	0	0
噬	566C	5	0.4464	6.240	0.9327	6	0	0
噭	566D	5	0.4585	6.552	0.9045	3	0	0
噮	566E	5	0.4938	6.391	0.9470	3	0	0
噯	566F	5	0.4554	7.175	0.8705	4	0	0
噰	5670	5	0.4631	6.508	0.9182	3	0	0
噱	5671	5	0.4292	7.191	0.9489	3	0	0
噲	5672	5	0.3807	6.425	0.9164	4	0	0
噳	5673	5	0.4400	7.099	0.9624	4	0	0
噴	5674	5	0.4108	6.263	0.9527	4	1	1
噵	5675	5	0.4127	7.287	0.9507	3	0	0
噶	5676	5	0.4477	6.416	0.9317	6	1	1
噷	5677	5	0.4369	6.441	0.8914	3	0	0
噸	5678	5	0.4462	6.653	0.9353	3	1	1
噹	5679	5	0.4846	5.951	0.9468	3	0	0
噺	567A	5	0.4246	6.429	0.9075	4	0	0
噻	567B	5	0.4908	6.196	0.9714	3	0	0
噼	567C	5	0.4308	5.836	0.9600	3	0	0
噽	567D	5	0.4349	6.393	0.9596	7	0	0
噾	567E	5	0.4119	6.515	0.9552	4	0	0
噿	567F	5	0.4336	6.379	0.9343	4	0	0
嚀	5680	5	0.4000	6.295	0.9377	4	0	0
嚁	5681	5	0.4431	6.477	0.9668	3	0	0
嚂	5682	5	0.4615	5.961	0.9547	3	0	0
嚃	5683	5	0.4350	6.591	0.9313	4	0	0
嚄	5684	5	0.4631	6.970	0.9200	4	0	0
嚅	5685	5	0.4369	6.268	0.9994	3	0	0
嚆	5686	5	0.4281	6.445	0.9548	6	0	0
嚇	5687	5	0.4846	7.246	0.8850	3	0	0
嚈	5688	5	0.4544	7.044	0.9256	5	0	0
嚉	5689	5	0.4415	6.463	0.9479	3	0	0
嚊	568A	5	0.4323	6.622	0.9806	4	0	0
嚋	568B	5	0.3526	7.138	0.9536	5	0	0
嚌	568C	5	0.4031	6.488	0.9300	3	0	0
嚍	568D	5	0.4308	6.738	0.9597	3	0	0
嚎	568E	5	0.3843	7.140	0.9377	5	0	0
嚏	568F	5	0.4554	6.773	0.9543	4	0	0
嚐	5690	5	0.3769	6.541	0.9728	4	0	0
嚑	5691	5	0.4677	7.298	0.9133	2	0	0
嚒	5692	5	0.4738	7.017	0.9421	5	0	0
嚓	5693	5	0.4535	6.850	0.9288	4	0	0
嚔	5694	5	0.4554	6.914	0.9385	2	0	0
嚕	5695	5	0.4400	6.420	0.9141	3	0	0
嚖	5696	5	0.4108	6.933	0.9528	5	0	0
嚗	5697	5	0.4784	6.589	0.9591	3	0	0
嚘	5698	5	0.4624	7.263	0.9060	3	0	0
嚙	5699	5	0.4492	6.722	0.9157	3	0	0
嚚	569A	5	0.4557	6.744	1.0086	2	0	0
嚛	569B	5	0.4431	7.248	0.9045	4	0	0
嚜	569C	5	0.4624	6.600	0.9213	3	0	0
嚝	569D	5	0.4519	6.959	0.9259	3	0	0
嚞	569E	5	0.3417	6.983	0.9694	6	0	0
嚟	569F	5	0.4323	7.286	0.8807	4	0	0
嚠	56A0	5	0.4904	7.185	0.8883	3	0	0
嚡	56A1	5	0.4185	5.806	1.0041	4	0	0
嚢	56A2	5	0.4068	8.792	0.8989	5	0	0
嚣	56A3	5	0.4617	6.951	0.9606	5	0	0
嚤	56A4	5	0.4523	7.114	0.9137	5	0	0
嚥	56A5	5	0.3877	6.456	0.9631	4	0	0
嚦	56A6	5	0.4896	6.918	0.8731	5	0	0
嚧	56A7	5	0.4446	6.782	0.9312	3	0	0
嚨	56A8	5	0.4354	6.837	0.9310	2	0	0
嚩	56A9	5	0.4296	7.544	0.9289	4	0	0
嚪	56AA	5	0.4792	6.308	0.9506	4	0	0
嚫	56AB	5	0.4862	7.102	0.8935	4	0	0
嚬	56AC	5	0.4215	6.804	0.9231	4	0	0
嚭	56AD	5	0.4601	6.702	0.9440	7	0	0
嚮	56AE	5	0.4320	7.690	0.9095	4	0	0
嚯	56AF	5	0.4503	6.695	0.9367	3	0	0
嚰	56B0	5	0.4738	6.730	0.9118	5	0	0
嚱	56B1	5	0.4692	7.925	0.9115	3	0	0
嚲	56B2	5	0.4660	6.654	0.9942	6	0	0
嚳	56B3	5	0.4295	7.721	0.8921	3	0	0
嚴	56B4	5	0.4462	7.172	0.9323	6	1	1
嚵	56B5	5	0.4385	7.740	0.9031	5	0	0
嚶	56B6	5	0.4592	7.071	0.9165	4	0	0
嚷	56B7	5	0.4415	7.156	0.9684	3	0	0
嚸	56B8	5	0.4600	7.088	0.9434	4	0	0
嚹	56B9	5	0.4200	7.519	0.9260	4	0	0
嚺	56BA	5	0.4496	7.288	0.9056	4	0	0
嚻	56BB	5	0.5917	6.851	0.8642	2	0	0
嚼	56BC	5	0.4277	7.042	0.9446	4	0	0
嚽	56BD	5	0.4154	7.497	0.9398	5	0	0
嚾	56BE	5	0.4585	6.506	0.9426	5	0	0
嚿	56BF	5	0.4631	7.040	0.9456	4	0	0
囀	56C0	5	0.4593	6.935	0.9807	4	0	0
囁	56C1	5	0.4262	6.319	0.9580	4	0	0
囂	56C2	5	0.4433	7.906	0.9625	5	0	0
囃	56C3	5	0.4554	7.205	0.8794	4	0	0
囄	56C4	5	0.4846	7.576	0.8992	4	0	0
囅	56C5	5	0.5338	7.520	0.9411	5	0	0
囆	56C6	5	0.4523	7.569	0.9589	5	0	0
囇	56C7	5	0.4928	7.593	0.9430	7	0	0
囈	56C8	5	0.4439	8.034	0.8954	8	0	0
囉	56C9	5	0.5024	7.237	0.8973	4	0	0
囊	56CA	5	0.4523	9.188	0.9628	4	1	1
囋	56CB	5	0.4338	7.354	0.9149	6	0	0
囌	56CC	5	0.4892	7.186	0.9120	4	0	0
囍	56CD	5	0.4586	7.159	0.9805	10	0	0
囎	56CE	5	0.4864	7.291	0.9491	5	0	0
囏	56CF	5	0.4837	7.389	0.9499	6	0	0
囐	56D0	5	0.4754	8.159	0.9055	4	0	0
囑	56D1	5	0.4983	8.267	0.9110	4	0	0
囒	56D2	5	0.5262	7.791	0.9446	4	0	0
囓	56D3	5	0.4631	7.929	0.8921	4	0	0
囔	56D4	5	0.4831	8.473	0.9525	5	0	0
囕	56D5	5	0.4523	7.418	0.9465	3	0	0
囖	56D6	5	0.4800	8.174	0.9196	5	0	0
囗	56D7	5	0.3127	2.066	1.0007	1	0	0
囘	56D8	5	0.4533	3.759	0.9878	2	0	0
囙	56D9	5	0.4364	3.440	1.0144	2	0	0
囚	56DA	5	0.4050	3.833	0.9794	2	1	0
四	56DB	5	0.4802	3.718	0.9522	1	1	0
囜	56DC	5	0.4200	4.110	0.9655	2	0	0
囝	56DD	5	0.4818	4.258	0.9793	2	0	0
回	56DE	5	0.4483	3.473	0.9841	2	1	0
囟	56DF	5	0.4175	4.574	0.9716	2	0	0
因	56E0	5	0.4517	4.383	0.9743	2	1	0
囡	56E1	5	0.4733	4.931	0.9889	2	0	0
团	56E2	5	0.4833	4.150	0.9813	2	1	0
団	56E3	5	0.4317	4.086	0.9915	2	1	0
囤	56E4	5	0.5109	4.891	0.9735	2	0	0
囥	56E5	5	0.4733	4.671	0.9558	3	0	0
囦	56E6	5	0.4867	4.962	0.9784	2	0	0
囧	56E7	5	0.4350	4.272	0.9809	3	0	0
囨	56E8	5	0.4500	4.454	0.9838	2	0	0
囩	56E9	5	0.4817	4.791	0.9858	3	0	0
囪	56EA	5	0.4108	5.337	0.9166	2	0	0
囫	56EB	5	0.4850	5.356	0.9758	3	0	0
囬	56EC	5	0.4792	3.806	1.0073	2	0	0
园	56ED	5	0.4817	4.740	0.9954	3	1	0
囮	56EE	5	0.4650	4.769	0.9660	3	0	0
囯	56EF	5	0.4700	4.318	0.9994	2	0	0
困	56F0	5	0.4650	4.578	0.9648	2	1	0
囱	56F1	5	0.4242	5.225	0.9429	2	0	0
囲	56F2	5	0.4900	4.645	0.9773	2	1	0
図	56F3	5	0.5250	5.301	0.9210	2	1	0
围	56F4	5	0.5133	4.926	1.0001	2	1	0
囵	56F5	5	0.4650	4.951	0.9587	3	0	0
囶	56F6	5	0.4717	4.923	0.9749	2	0	0
囷	56F7	5	0.4900	5.048	0.9650	2	0	0
囸	56F8	5	0.4833	4.541	0.9744	3	0	0
囹	56F9	5	0.4567	5.126	0.9375	4	0	0
固	56FA	5	0.5500	4.321	0.9864	3	1	0
囻	56FB	5	0.5083	5.342	0.9821	2	0	0
囼	56FC	5	0.4626	4.902	0.9955	3	0	0
国	56FD	5	0.5500	4.674	0.9397	2	1	0
图	56FE	5	0.4950	5.594	0.9547	3	1	0
囿	56FF	5	0.4983	5.163	0.9929	3	0	0
圀	5700	5	0.4867	5.365	0.9776	3	0	0
圁	5701	5	0.4467	5.671	0.9821	2	0	0
圂	5702	5	0.5100	6.304	0.9471	2	0	0
圃	5703	5	0.5350	5.687	0.9791	2	0	0
圄	5704	5	0.4533	5.318	0.9750	3	0	0
圅	5705	5	0.4971	5.470	0.9120	3	0	0
圆	5706	5	0.5033	5.681	0.9884	3	1	0
圇	5707	5	0.5383	5.921	0.9372	4	0	0
圈	5708	5	0.5050	6.379	0.9505	3	1	1
圉	5709	5	0.4600	5.430	0.9692	3	0	0
圊	570A	5	0.5127	6.272	0.9796	2	0	0
國	570B	5	0.5133	5.993	0.9833	3	1	0
圌	570C	5	0.5067	5.715	0.9874	3	0	0
圍	570D	5	0.4900	6.096	0.9663	4	1	1
圎	570E	5	0.5050	6.335	0.8937	3	0	0
圏	570F	5	0.5033	6.252	0.9445	3	1	1
圐	5710	5	0.4833	5.647	0.9808	2	0	0
圑	5711	5	0.5150	6.398	0.9370	3	0	0
園	5712	5	0.4950	6.118	0.9684	5	1	0
圓	5713	5	0.5067	6.158	0.9954	3	1	0
圔	5714	5	0.5467	6.152	0.9737	4	0	0
圕	5715	5	0.5564	7.190	0.9591	3	0	0
圖	5716	5	0.4800	6.271	0.9932	3	1	0
圗	5717	5	0.5150	6.279	0.9854	5	0	0
團	5718	5	0.5600	7.049	0.9464	3	1	1
圙	5719	5	0.4833	6.237	0.9730	3	0	0
圚	571A	5	0.5800	7.318	0.9519	3	0	0
圛	571B	5	0.5545	6.485	0.9734	4	0	0
圜	571C	5	0.5333	6.967	0.9606	3	0	0
圝	571D	5	0.5255	8.309	0.8645	2	0	0
圞	571E	5	0.5533	8.668	0.8685	3	0	0
土	571F	5	0.2123	2.149	1.0007	1	0	0
圠	5720	5	0.2352	3.119	0.9741	2	0	0
圡	5721	5	0.2400	2.724	0.9911	2	0	0
圢	5722	5	0.2396	3.164	0.9603	2	0	0
圣	5723	5	0.3622	4.373	0.9397	2	1	0
圤	5724	5	0.2354	3.341	0.9314	2	0	0
圥	5725	5	0.3029	3.859	0.9190	2	0	0
圦	5726	5	0.2559	3.956	0.9458	2	0	0
圧	5727	5	0.3173	3.710	0.9896	2	1	0
在	5728	5	0.3108	4.145	0.9007	2	1	0
圩	5729	5	0.2648	3.520	0.9834	2	0	0
圪	572A	5	0.2959	4.385	0.9298	3	0	0
圫	572B	5	0.2969	4.025	0.9346	3	0	0
圬	572C	5	0.2811	4.056	0.9626	3	0	0
圭	572D	5	0.3467	3.705	1.0144	2	1	0
圮	572E	5	0.2929	3.847	0.9849	2	0	0
圯	572F	5	0.3343	4.222	0.9792	2	0	0
地	5730	5	0.3536	4.898	0.9344	2	1	0
圱	5731	5	0.2954	3.991	0.9639	2	0	0
圲	5732	5	0.2530	3.513	0.9633	2	0	0
圳	5733	5	0.3538	4.137	0.9901	2	1	0
圴	5734	5	0.2815	4.056	0.8680	3	0	0
圵	5735	5	0.2815	3.182	0.9950	2	0	0
圶	5736	5	0.3385	4.164	0.9687	2	0	0
圷	5737	5	0.2530	3.546	0.9545	2	0	0
圸	5738	5	0.3585	3.860	0.9725	2	0	0
圹	5739	5	0.2249	3.165	0.9419	2	0	0
场	573A	5	0.3615	5.378	0.9191	2	1	0
圻	573B	5	0.2899	4.037	0.9578	2	0	0
圼	573C	5	0.3782	3.827	0.9666	2	0	0
圽	573D	5	0.3631	5.411	0.9309	3	0	0
圾	573E	5	0.3521	5.404	0.9403	2	0	0
圿	573F	5	0.2663	4.336	0.9402	3	0	0
址	5740	5	0.3108	3.703	0.9805	2	1	0
坁	5741	5	0.3462	4.893	0.9354	2	0	0
坂	5742	5	0.3624	5.403	0.9539	3	1	0
坃	5743	5	0.3062	4.379	0.9354	3	0	0
坄	5744	5	0.3538	5.155	0.9330	3	0	0
坅	5745	5	0.2530	4.344	0.9430	4	0	0
坆	5746	5	0.3299	4.734	0.9222	2	0	0
均	5747	5	0.3108	4.777	0.8894	3	1	0
坈	5748	5	0.3210	4.530	0.9593	3	0	0
坉	5749	5	0.3328	4.407	0.9512	2	0	0
坊	574A	5	0.3151	4.492	0.9332	2	1	0
坋	574B	5	0.3092	4.700	0.9247	3	0	0
坌	574C	5	0.3520	4.687	0.9484	3	0	0
坍	574D	5	0.3447	4.830	0.9635	2	0	0
坎	574E	5	0.2885	4.692	0.9367	2	1	0
坏	574F	5	0.2811	4.127	0.9506	2	1	0
坐	5750	5	0.3508	4.504	0.9799	4	1	0
坑	5751	5	0.3062	4.477	0.9106	3	1	0
坒	5752	5	0.3585	4.461	0.9900	2	0	0
坓	5753	5	0.3954	4.381	0.9739	2	0	0
坔	5754	5	0.3617	4.515	0.9723	2	0	0
坕	5755	5	0.3408	4.158	0.9572	2	0	0
坖	5756	5	0.3769	4.445	0.9718	3	0	0
块	5757	5	0.3299	4.553	0.9504	2	1	0
坘	5758	5	0.3446	4.277	0.9754	2	0	0
坙	5759	5	0.3523	4.668	0.9284	5	0	0
坚	575A	5	0.3646	4.837	0.9714	2	1	0
坛	575B	5	0.3047	4.382	0.9567	3	1	0
坜	575C	5	0.3654	5.345	0.9499	3	0	0
坝	575D	5	0.3400	5.032	0.9454	2	1	0
坞	575E	5	0.3354	4.548	0.9504	3	0	0
坟	575F	5	0.3077	4.612	0.9280	2	0	0
坠	5760	5	0.3766	4.810	0.9582	3	0	0
坡	5761	5	0.3861	5.567	0.9396	2	1	0
坢	5762	5	0.2722	4.370	0.9593	2	0	0
坣	5763	5	0.3467	3.964	0.9220	3	0	0
坤	5764	5	0.3646	4.120	0.9741	2	1	0
坥	5765	5	0.3677	4.325	0.9592	2	0	0
坦	5766	5	0.3569	4.198	0.9943	3	1	0
坧	5767	5	0.3639	4.354	0.9495	2	0	0
坨	5768	5	0.3062	4.301	0.9367	3	0	0
坩	5769	5	0.3343	4.269	0.9775	2	0	0
坪	576A	5	0.2751	4.428	0.9439	2	1	0
坫	576B	5	0.3033	3.936	0.9577	3	0	0
坬	576C	5	0.3743	5.683	0.9339	2	0	0
坭	576D	5	0.3476	5.133	0.9479	3	0	0
坮	576E	5	0.3225	4.649	0.9470	3	0	0
坯	576F	5	0.3262	4.482	0.9361	3	0	0
坰	5770	5	0.4000	4.674	0.9927	3	0	0
坱	5771	5	0.3491	4.740	0.9615	2	0	0
坲	5772	5	0.4000	5.294	0.9275	2	0	0
坳	5773	5	0.3769	5.760	0.8954	3	0	0
坴	5774	5	0.3754	4.719	0.9723	3	0	0
坵	5775	5	0.3246	4.014	0.9710	2	0	0
坶	5776	5	0.3639	5.186	0.9678	2	0	0
坷	5777	5	0.3343	4.351	0.9811	3	0	0
坸	5778	5	0.3523	4.689	0.9300	3	0	0
坹	5779	5	0.2840	4.397	0.9351	3	0	0
坺	577A	5	0.3580	5.473	0.9381	2	0	0
坻	577B	5	0.3476	5.119	0.9348	3	0	0
坼	577C	5	0.3033	4.657	0.9499	2	0	0
坽	577D	5	0.2855	4.683	0.9322	4	0	0
坾	577E	5	0.2722	3.870	0.9354	3	0	0
坿	577F	5	0.3121	4.798	0.9459	3	0	0
垀	5780	5	0.3107	4.600	0.9698	2	0	0
垁	5781	5	0.3240	4.779	0.9497	2	0	0
垂	5782	5	0.4157	4.935	0.9915	1	1	0
垃	5783	5	0.3031	4.173	0.9545	2	0	0
垄	5784	5	0.3935	5.305	0.9281	2	0	0
垅	5785	5	0.3402	5.433	0.9168	2	0	0
垆	5786	5	0.2985	3.994	0.9472	3	0	0
垇	5787	5	0.3938	4.615	0.9556	2	0	0
垈	5788	5	0.3646	4.839	0.9616	3	0	0
垉	5789	5	0.3772	5.068	0.9297	3	0	0
垊	578A	5	0.3802	5.086	0.9453	2	0	0
型	578B	5	0.3892	4.794	0.9811	4	1	0
垌	578C	5	0.3985	4.912	0.9862	3	0	0
垍	578D	5	0.3938	4.459	0.9699	2	0	0
垎	578E	5	0.3624	5.168	0.9116	3	0	0
垏	578F	5	0.3846	4.941	0.9730	2	0	0
垐	5790	5	0.3554	5.128	0.9439	3	0	0
垑	5791	5	0.3047	5.413	0.9166	3	0	0
垒	5792	5	0.3646	5.465	0.9205	4	0	0
垓	5793	5	0.3402	5.365	0.9355	4	0	0
垔	5794	5	0.4369	5.278	0.9674	2	0	0
垕	5795	5	0.4216	5.779	0.9085	3	0	0
垖	5796	5	0.3718	4.533	0.9255	2	0	0
垗	5797	5	0.3580	5.722	0.8940	2	0	0
垘	5798	5	0.3595	5.317	0.9186	3	0	0
垙	5799	5	0.3432	5.139	0.9318	4	0	0
垚	579A	5	0.3696	4.748	0.9268	3	0	0
垛	579B	5	0.3343	5.009	0.9636	3	0	0
垜	579C	5	0.3595	5.438	0.9513	3	0	0
垝	579D	5	0.3713	5.410	0.9206	4	0	0
垞	579E	5	0.3269	4.755	0.9262	4	0	0
垟	579F	5	0.3107	4.365	0.9559	2	0	0
垠	57A0	5	0.3831	5.354	0.9626	2	0	0
垡	57A1	5	0.3954	5.567	0.9158	3	0	0
垢	57A2	5	0.3698	5.087	0.9659	3	0	0
垣	57A3	5	0.3754	4.555	0.9820	4	1	0
垤	57A4	5	0.3815	4.905	0.9597	3	0	0
垥	57A5	5	0.3269	4.819	0.9138	4	0	0
垦	57A6	5	0.4467	5.249	0.9842	2	0	0
垧	57A7	5	0.3800	4.575	0.9679	3	0	0
垨	57A8	5	0.3062	4.448	0.9530	3	0	0
垩	57A9	5	0.4103	4.533	0.9793	2	0	0
垪	57AA	5	0.3402	4.793	0.9268	5	0	0
垫	57AB	5	0.4015	5.278	0.9636	3	0	0
垬	57AC	5	0.3269	4.641	0.9407	3	0	0
垭	57AD	5	0.3723	5.134	0.9912	2	0	0
垮	57AE	5	0.3624	5.407	0.9318	4	0	0
垯	57AF	5	0.3205	5.109	0.9247	3	0	0
垰	57B0	5	0.3062	4.212	0.9589	2	0	0
垱	57B1	5	0.3492	4.644	0.9735	3	0	0
垲	57B2	5	0.3538	4.642	0.9606	3	0	0
垳	57B3	5	0.2825	4.632	0.9591	4	0	0
垴	57B4	5	0.3772	5.586	0.9605	2	0	0
垵	57B5	5	0.3595	5.308	0.9239	3	0	0
垶	57B6	5	0.3033	4.520	0.9318	2	0	0
垷	57B7	5	0.3861	5.237	0.9254	2	0	0
垸	57B8	5	0.3417	5.061	0.8930	4	0	0
垹	57B9	5	0.3861	5.514	0.9695	3	0	0
垺	57BA	5	0.3262	5.112	0.9344	3	0	0
垻	57BB	5	0.3595	5.114	0.9476	2	0	0
垼	57BC	5	0.3891	5.787	0.9205	4	0	0
垽	57BD	5	0.3554	5.006	0.9477	3	0	0
垾	57BE	5	0.3654	4.782	0.9331	3	0	0
垿	57BF	5	0.3191	5.346	0.9417	3	0	0
埀	57C0	5	0.4290	5.886	0.9247	1	0	0
埁	57C1	5	0.3180	5.061	0.9651	5	0	0
埂	57C2	5	0.4260	5.707	0.9436	2	0	0
埃	57C3	5	0.3609	5.577	0.9103	3	1	0
埄	57C4	5	0.3815	5.538	0.9632	3	0	0
埅	57C5	5	0.4311	5.447	0.9192	3	0	0
埆	57C6	5	0.4077	5.095	0.9262	2	0	0
埇	57C7	5	0.4354	5.273	0.9530	3	0	0
埈	57C8	5	0.3713	6.043	0.9006	4	0	0
埉	57C9	5	0.3491	5.529	0.9287	2	0	0
埊	57CA	5	0.4119	5.341	0.9676	3	0	0
埋	57CB	5	0.4262	4.922	0.9905	3	1	0
埌	57CC	5	0.3757	5.250	0.9402	3	0	0
埍	57CD	5	0.4151	4.914	0.9686	3	0	0
城	57CE	5	0.3935	6.029	0.9219	3	1	1
埏	57CF	5	0.3772	6.081	0.9203	3	0	0
埐	57D0	5	0.4068	6.053	0.9308	2	0	0
埑	57D1	5	0.4046	4.996	0.9620	3	0	0
埒	57D2	5	0.3092	5.001	0.9307	3	0	0
埓	57D3	5	0.3343	5.466	0.9499	4	0	0
埔	57D4	5	0.4260	5.404	0.9609	2	1	1
埕	57D5	5	0.3639	4.735	0.9707	3	0	0
埖	57D6	5	0.3462	5.168	0.9266	4	0	0
埗	57D7	5	0.3225	4.913	0.9393	3	0	0
埘	57D8	5	0.3743	4.921	0.9574	3	0	0
埙	57D9	5	0.3646	5.248	0.9525	3	0	0
埚	57DA	5	0.3969	5.123	0.9599	3	0	0
埛	57DB	5	0.3708	5.427	0.9855	3	0	0
埜	57DC	5	0.4138	5.103	0.9624	3	0	0
埝	57DD	5	0.3062	5.707	0.9132	5	0	0
埞	57DE	5	0.3476	5.044	0.9128	3	0	0
域	57DF	5	0.3935	5.976	0.9236	3	1	1
埠	57E0	5	0.3757	4.904	0.9804	2	1	0
埡	57E1	5	0.3388	4.604	0.9982	2	0	0
埢	57E2	5	0.3802	5.743	0.9208	3	0	0
埣	57E3	5	0.3092	4.827	0.9379	3	0	0
埤	57E4	5	0.3831	5.019	0.9502	3	0	0
埥	57E5	5	0.4053	5.538	0.9653	2	0	0
埦	57E6	5	0.3654	5.933	0.9108	4	0	0
埧	57E7	5	0.3757	5.513	0.9488	3	0	0
埨	57E8	5	0.4038	5.582	0.9165	4	0	0
埩	57E9	5	0.3624	5.438	0.9230	3	0	0
埪	57EA	5	0.3277	4.724	0.9411	4	0	0
埫	57EB	5	0.3892	5.562	0.8988	4	0	0
埬	57EC	5	0.4127	5.688	0.9467	2	0	0
埭	57ED	5	0.3831	5.736	0.9610	2	0	0
埮	57EE	5	0.3373	5.940	0.9194	3	0	0
埯	57EF	5	0.4260	5.553	0.9246	3	0	0
埰	57F0	5	0.3476	5.609	0.9360	3	0	0
埱	57F1	5	0.3920	6.073	0.9468	4	0	0
埲	57F2	5	0.3757	5.553	0.9628	3	0	0
埳	57F3	5	0.3662	5.027	0.9162	3	0	0
埴	57F4	5	0.4009	5.399	0.9743	3	0	0
埵	57F5	5	0.4185	5.274	0.9602	2	0	0
埶	57F6	5	0.3565	6.040	0.9261	4	0	0
執	57F7	5	0.3905	5.688	0.9163	3	1	1
埸	57F8	5	0.4262	5.972	0.9214	4	0	0
培	57F9	5	0.3254	5.106	0.9378	3	1	0
基	57FA	5	0.4423	5.539	0.9617	3	1	1
埻	57FB	5	0.3624	5.131	0.9454	4	0	0
埼	57FC	5	0.3698	5.332	0.9486	4	1	0
埽	57FD	5	0.3861	5.631	0.9392	4	0	0
埾	57FE	5	0.4354	5.512	0.9441	3	0	0
埿	57FF	5	0.4185	5.978	0.9658	4	0	0
堀	5800	5	0.4231	5.759	0.9460	4	1	0
堁	5801	5	0.4231	5.665	0.9709	2	0	0
堂	5802	5	0.4359	5.082	0.9283	2	1	0
堃	5803	5	0.3950	5.500	0.9580	3	0	0
堄	5804	5	0.3343	5.130	0.9185	3	0	0
堅	5805	5	0.4508	5.598	0.9181	3	1	1
堆	5806	5	0.3787	5.043	0.9457	2	1	1
堇	5807	5	0.5032	5.666	1.0052	2	0	0
堈	5808	5	0.4262	5.887	0.9345	3	0	0
堉	5809	5	0.3920	5.599	0.9274	4	0	0
堊	580A	5	0.4492	4.767	0.9712	2	0	0
堋	580B	5	0.4615	5.866	0.9368	3	0	0
堌	580C	5	0.4508	5.294	0.9798	4	0	0
堍	580D	5	0.3935	5.602	0.8891	4	0	0
堎	580E	5	0.3683	5.966	0.9057	4	0	0
堏	580F	5	0.3817	5.236	0.9402	3	0	0
堐	5810	5	0.4083	5.703	0.9643	4	0	0
堑	5811	5	0.4068	5.476	0.9483	3	0	0
堒	5812	5	0.4009	5.588	0.9257	3	0	0
堓	5813	5	0.3728	5.165	0.9606	4	0	0
堔	5814	5	0.3284	5.593	0.9559	3	0	0
堕	5815	5	0.4246	6.038	0.9491	4	0	0
堖	5816	5	0.3920	6.661	0.9238	2	0	0
堗	5817	5	0.3373	5.833	0.9343	4	0	0
堘	5818	5	0.3609	5.696	0.9353	3	0	0
堙	5819	5	0.4349	5.617	0.9638	3	0	0
堚	581A	5	0.4157	5.694	0.9929	3	0	0
堛	581B	5	0.4216	5.572	0.9664	3	0	0
堜	581C	5	0.4215	5.909	0.9412	2	0	0
堝	581D	5	0.4123	5.217	0.9522	3	0	0
堞	581E	5	0.4127	5.681	0.9647	3	0	0
堟	581F	5	0.3935	6.337	0.9381	3	0	0
堠	5820	5	0.4038	6.035	0.9272	3	0	0
堡	5821	5	0.4349	5.611	0.9391	4	1	0
堢	5822	5	0.3861	5.602	0.9406	4	0	0
堣	5823	5	0.4200	5.512	0.9708	3	0	0
堤	5824	5	0.4127	5.763	0.9243	4	1	0
堥	5825	5	0.4038	6.042	0.8816	3	0	0
堦	5826	5	0.3994	5.572	0.9525	3	0	0
堧	5827	5	0.4142	5.844	0.9509	3	0	0
堨	5828	5	0.4169	5.978	0.9144	5	0	0
堩	5829	5	0.3787	6.106	0.9386	5	0	0
堪	582A	5	0.4157	5.553	0.9422	4	1	1
堫	582B	5	0.3905	6.700	0.9098	2	0	0
堬	582C	5	0.3846	5.899	0.9421	5	0	0
堭	582D	5	0.4112	5.224	0.9865	3	0	0
堮	582E	5	0.3580	5.118	0.9733	5	0	0
堯	582F	5	0.4098	6.259	0.9495	4	0	0
堰	5830	5	0.4092	6.440	0.9376	4	1	1
報	5831	5	0.4112	6.213	0.9317	3	1	1
堲	5832	5	0.4416	5.860	0.9458	3	0	0
堳	5833	5	0.4369	5.837	0.9774	3	0	0
場	5834	5	0.4216	6.295	0.9257	5	1	1
堵	5835	5	0.4098	5.524	0.9469	3	1	1
堶	5836	5	0.4292	5.680	0.9604	2	0	0
堷	5837	5	0.3861	5.231	0.9485	2	0	0
堸	5838	5	0.4201	6.503	0.9463	2	0	0
堹	5839	5	0.4556	5.807	0.9571	2	0	0
堺	583A	5	0.3905	5.275	0.9661	4	1	1
堻	583B	5	0.3877	6.254	0.9876	3	0	0
堼	583C	5	0.4127	5.476	0.9763	4	0	0
堽	583D	5	0.4068	5.302	0.9792	4	0	0
堾	583E	5	0.4201	5.508	0.9427	3	0	0
堿	583F	5	0.3950	6.356	0.9349	4	0	0
塀	5840	5	0.4216	6.085	0.9397	6	0	0
塁	5841	5	0.4583	5.813	0.9368	3	1	1
塂	5842	5	0.4334	5.384	0.9466	4	0	0
塃	5843	5	0.3787	5.433	0.9558	4	0	0
塄	5844	5	0.3905	5.417	0.9442	2	0	0
塅	5845	5	0.3920	6.062	0.9358	4	0	0
塆	5846	5	0.3704	5.787	0.9387	6	0	0
塇	5847	5	0.3728	5.048	0.9409	5	0	0
塈	5848	5	0.5067	5.885	0.9292	3	0	0
塉	5849	5	0.3728	5.966	0.9380	3	0	0
塊	584A	5	0.4172	5.862	0.9122	2	1	1
塋	584B	5	0.4167	6.087	0.8956	2	0	0
塌	584C	5	0.4231	6.662	0.9047	2	0	0
塍	584D	5	0.4216	7.107	0.8794	2	0	0
塎	584E	5	0.3417	5.622	0.9510	3	0	0
塏	584F	5	0.3891	5.448	0.9417	5	0	0
塐	5850	5	0.3661	6.346	0.9233	3	0	0
塑	5851	5	0.4541	5.946	0.9606	4	1	1
塒	5852	5	0.3772	5.620	0.9348	4	0	0
塓	5853	5	0.3861	5.818	0.9321	5	0	0
塔	5854	5	0.3772	5.582	0.9440	5	1	1
塕	5855	5	0.3802	6.831	0.9177	4	0	0
塖	5856	5	0.3920	6.144	0.9358	2	0	0
塗	5857	5	0.3618	6.208	0.9108	5	1	1
塘	5858	5	0.4216	6.034	0.9402	3	1	1
塙	5859	5	0.3979	5.689	0.9476	5	0	0
塚	585A	5	0.3891	6.453	0.9106	4	1	1
塛	585B	5	0.4127	5.801	0.9614	3	0	0
塜	585C	5	0.4024	6.476	0.9354	4	0	0
塝	585D	5	0.3831	5.409	0.9350	3	0	0
塞	585E	5	0.4645	6.309	0.9645	2	1	1
塟	585F	5	0.4645	6.336	0.9439	4	0	0
塠	5860	5	0.3920	5.533	0.9384	3	0	0
塡	5861	5	0.3891	6.428	0.9424	5	0	0
塢	5862	5	0.3905	5.788	0.9601	3	0	0
塣	5863	5	0.4169	6.135	0.9493	4	0	0
塤	5864	5	0.4393	5.998	0.9394	3	0	0
塥	5865	5	0.4060	6.129	0.9556	2	0	0
塦	5866	5	0.4760	6.224	0.9481	3	0	0
塧	5867	5	0.3950	5.782	0.9297	3	0	0
塨	5868	5	0.3757	5.745	0.9607	4	0	0
塩	5869	5	0.4338	5.237	0.9277	2	1	0
塪	586A	5	0.3926	5.552	0.9347	3	0	0
填	586B	5	0.3683	5.976	0.9429	4	1	1
塬	586C	5	0.4260	6.133	0.9438	3	0	0
塭	586D	5	0.4112	5.139	0.9954	3	0	0
塮	586E	5	0.3964	5.794	0.9558	3	0	0
塯	586F	5	0.4538	6.121	0.9346	3	0	0
塰	5870	5	0.4320	6.736	0.9251	4	0	0
塱	5871	5	0.4455	5.833	0.9872	4	0	0
塲	5872	5	0.4017	6.625	0.9446	2	0	0
塳	5873	5	0.3935	6.712	0.9312	4	0	0
塴	5874	5	0.4482	5.925	0.9770	4	0	0
塵	5875	5	0.5074	7.035	0.9085	2	1	1
塶	5876	5	0.4320	6.245	0.9238	2	0	0
塷	5877	5	0.3964	6.416	0.9442	4	0	0
塸	5878	5	0.3979	6.028	0.9603	5	0	0
塹	5879	5	0.4349	6.061	0.9519	3	0	0
塺	587A	5	0.4349	6.406	0.8947	4	0	0
塻	587B	5	0.3891	5.933	0.9367	4	0	0
塼	587C	5	0.4068	6.144	0.9671	3	0	0
塽	587D	5	0.3891	6.733	0.8939	4	0	0
塾	587E	5	0.4112	6.537	0.9369	5	1	1
塿	587F	5	0.4098	6.413	0.9445	3	0	0
墀	5880	5	0.4098	6.543	0.9287	3	0	0
墁	5881	5	0.4009	6.496	0.9310	3	0	0
墂	5882	5	0.4246	6.262	0.9336	3	0	0
境	5883	5	0.3772	5.899	0.8989	3	1	1
墄	5884	5	0.4231	6.788	0.8980	4	0	0
墅	5885	5	0.4708	5.988	0.9416	4	0	0
墆	5886	5	0.4038	5.904	0.9544	4	0	0
墇	5887	5	0.3713	5.748	0.9469	3	0	0
墈	5888	5	0.4508	6.348	0.9221	5	0	0
墉	5889	5	0.4172	6.794	0.9568	4	0	0
墊	588A	5	0.4246	6.065	0.9226	4	0	0
墋	588B	5	0.3343	6.885	0.8939	3	0	0
墌	588C	5	0.3713	5.981	0.9282	3	0	0
墍	588D	5	0.4480	6.452	0.9313	4	0	0
墎	588E	5	0.4246	6.379	0.9497	5	0	0
墏	588F	5	0.4290	6.382	0.9404	3	0	0
墐	5890	5	0.4586	5.610	0.9530	3	0	0
墑	5891	5	0.4186	5.899	0.9551	3	0	0
墒	5892	5	0.3683	6.229	0.9076	4	0	0
墓	5893	5	0.4482	6.605	0.9083	4	1	1
墔	5894	5	0.4246	5.745	0.9436	3	0	0
墕	5895	5	0.3669	6.205	0.9701	4	0	0
墖	5896	5	0.3905	6.137	0.9383	5	0	0
増	5897	5	0.4569	5.676	0.9359	5	1	1
墘	5898	5	0.4157	5.791	0.9132	4	0	0
墙	5899	5	0.4098	6.144	0.9421	4	1	1
墚	589A	5	0.3787	6.559	0.9001	3	0	0
墛	589B	5	0.4112	6.495	0.9149	3	0	0
墜	589C	5	0.4123	7.304	0.9168	3	1	1
墝	589D	5	0.4305	6.178	0.9121	5	0	0
增	589E	5	0.4127	6.031	0.9135	4	1	1
墟	589F	5	0.4201	6.553	0.9336	3	1	1
墠	58A0	5	0.4379	5.572	0.9732	4	0	0
墡	58A1	5	0.4231	5.938	0.9360	4	0	0
墢	58A2	5	0.4098	7.021	0.8820	5	0	0
墣	58A3	5	0.4127	6.359	0.9012	4	0	0
墤	58A4	5	0.3802	6.271	0.9690	3	0	0
墥	58A5	5	0.4127	6.010	0.9759	4	0	0
墦	58A6	5	0.4408	6.310	0.8778	3	0	0
墧	58A7	5	0.3785	6.311	0.9224	6	0	0
墨	58A8	5	0.4640	6.627	0.9389	2	1	1
墩	58A9	5	0.3994	6.476	0.8942	5	0	0
墪	58AA	5	0.4098	6.563	0.9435	5	0	0
墫	58AB	5	0.3580	6.520	0.9167	5	0	0
墬	58AC	5	0.4679	7.297	0.9185	2	0	0
墭	58AD	5	0.4482	6.454	0.9297	4	0	0
墮	58AE	5	0.4009	6.980	0.9423	3	0	0
墯	58AF	5	0.4308	6.743	0.9478	3	0	0
墰	58B0	5	0.3994	6.171	0.9941	4	0	0
墱	58B1	5	0.3923	6.206	0.8975	5	0	0
墲	58B2	5	0.4172	6.296	0.9193	3	0	0
墳	58B3	5	0.3743	6.288	0.9205	4	1	1
墴	58B4	5	0.4112	5.790	0.9598	2	0	0
墵	58B5	5	0.4142	6.353	0.9535	4	0	0
墶	58B6	5	0.4216	6.458	0.8964	3	0	0
墷	58B7	5	0.4320	5.582	0.9440	3	0	0
墸	58B8	5	0.4467	6.068	0.9191	4	0	0
墹	58B9	5	0.4877	5.666	0.9606	3	0	0
墺	58BA	5	0.3994	6.804	0.9017	3	0	0
墻	58BB	5	0.4305	6.654	0.8844	4	0	0
墼	58BC	5	0.4541	7.256	0.9302	2	0	0
墽	58BD	5	0.4275	6.609	0.8992	3	0	0
墾	58BE	5	0.4571	7.350	0.8944	3	1	1
墿	58BF	5	0.4231	6.004	0.9363	4	0	0
壀	58C0	5	0.4216	5.943	0.9351	3	0	0
壁	58C1	5	0.4660	5.851	0.9227	3	1	1
壂	58C2	5	0.4523	6.996	0.9110	4	0	0
壃	58C3	5	0.4379	6.564	0.9550	4	0	0
壄	58C4	5	0.4334	6.711	0.8997	4	0	0
壅	58C5	5	0.4512	6.898	0.9233	3	0	0
壆	58C6	5	0.4517	6.208	0.9234	2	0	0
壇	58C7	5	0.3979	6.650	0.9485	4	1	1
壈	58C8	5	0.4068	6.745	0.9522	3	0	0
壉	58C9	5	0.4142	7.295	0.9385	3	0	0
壊	58CA	5	0.4038	6.433	0.9303	4	1	1
壋	58CB	5	0.4260	6.039	0.9394	3	0	0
壌	58CC	5	0.4275	6.952	0.8998	2	1	1
壍	58CD	5	0.4009	6.482	0.9760	4	0	0
壎	58CE	5	0.4172	7.432	0.9134	2	0	0
壏	58CF	5	0.4201	6.006	0.9253	3	0	0
壐	58D0	5	0.5133	7.337	0.8857	3	0	0
壑	58D1	5	0.4112	7.217	0.9213	2	0	0
壒	58D2	5	0.4734	6.266	0.9361	5	0	0
壓	58D3	5	0.4800	7.168	0.9568	5	1	1
壔	58D4	5	0.3433	7.111	0.9464	5	0	0
壕	58D5	5	0.3746	7.409	0.9267	5	0	0
壖	58D6	5	0.4117	6.524	0.9265	3	0	0
壗	58D7	5	0.4497	6.610	0.9368	3	0	0
壘	58D8	5	0.4446	6.225	1.0136	4	1	1
壙	58D9	5	0.4231	6.947	0.9384	3	0	0
壚	58DA	5	0.4053	7.115	0.9379	3	0	0
壛	58DB	5	0.4154	6.472	0.9539	4	0	0
壜	58DC	5	0.3935	7.962	0.9444	5	0	0
壝	58DD	5	0.3846	7.216	0.9102	4	0	0
壞	58DE	5	0.3831	7.056	0.9293	4	1	1
壟	58DF	5	0.4334	7.387	0.9789	2	0	0
壠	58E0	5	0.4260	6.837	0.9114	2	0	0
壡	58E1	5	0.4364	7.374	0.9363	5	0	0
壢	58E2	5	0.4408	7.164	0.9020	5	0	0
壣	58E3	5	0.4246	7.752	0.9352	3	0	0
壤	58E4	5	0.4231	7.051	0.9372	3	1	1
壥	58E5	5	0.4393	8.024	0.8748	2	0	0
壦	58E6	5	0.4290	6.474	0.9327	5	0	0
壧	58E7	5	0.4541	7.810	0.9209	7	0	0
壨	58E8	5	0.5133	6.849	0.9695	2	0	0
壩	58E9	5	0.4275	7.646	0.9709	3	0	0
壪	58EA	5	0.3803	8.365	0.9092	3	0	0
士	58EB	5	0.2123	2.228	1.0001	1	0	0
壬	58EC	5	0.2677	3.034	0.9882	2	1	0
壭	58ED	5	0.3061	3.897	1.0115	2	0	0
壮	58EE	5	0.2766	3.803	0.9760	2	1	0
壯	58EF	5	0.3151	4.154	0.9907	2	1	0
声	58F0	5	0.3431	4.429	0.9823	2	1	0
壱	58F1	5	0.3798	4.933	0.9525	3	0	0
売	58F2	5	0.3622	4.974	0.9269	2	1	0
壳	58F3	5	0.3639	5.365	0.9448	3	1	0
壴	58F4	5	0.4015	4.893	0.9427	4	0	0
壵	58F5	5	0.3728	4.222	0.9664	3	0	0
壶	58F6	5	0.4092	5.283	0.9892	3	0	0
壷	58F7	5	0.4808	5.600	0.9822	2	0	0
壸	58F8	5	0.4583	5.662	0.9901	3	0	0
壹	58F9	5	0.4172	6.208	0.9665	4	0	0
壺	58FA	5	0.4320	5.324	0.9535	2	0	0
壻	58FB	5	0.3846	5.813	0.9667	3	0	0
壼	58FC	5	0.4704	5.936	0.9525	3	0	0
壽	58FD	5	0.4003	7.428	0.9817	4	1	1
壾	58FE	5	0.4215	5.600	0.9608	5	0	0
壿	58FF	5	0.3580	6.461	0.9167	5	0	0
夀	5900	5	0.4320	7.262	0.9666	3	0	0
夁	5901	5	0.4006	7.519	0.9828	5	0	0
夂	5902	5	0.2678	3.900	0.9368	1	0	0
夃	5903	5	0.3717	4.884	0.9225	2	0	0
处	5904	5	0.3136	4.668	0.9392	2	1	0
夅	5905	5	0.3523	5.096	0.9463	2	0	0
夆	5906	5	0.3772	5.651	0.9223	2	0	0
备	5907	5	0.4009	5.404	0.9431	2	1	0
夈	5908	5	0.3876	6.084	0.8917	2	0	0
変	5909	5	0.3600	5.954	0.9201	5	1	0
夊	590A	5	0.3031	4.159	0.8972	1	0	0
夋	590B	5	0.3492	5.802	0.9053	3	0	0
夌	590C	5	0.3894	5.899	0.9270	3	0	0
复	590D	5	0.4081	6.068	0.9096	2	1	0
夎	590E	5	0.4375	6.493	0.8939	5	0	0
夏	590F	5	0.3954	6.093	0.9436	2	1	0
夐	5910	5	0.3875	7.317	0.9165	2	0	0
夑	5911	5	0.4053	7.865	0.9022	4	0	0
夒	5912	5	0.4496	7.794	0.9211	5	0	0
夓	5913	5	0.4207	7.704	0.9336	4	0	0
夔	5914	5	0.4383	8.440	0.9143	6	0	0
夕	5915	5	0.2587	3.616	0.9379	1	0	0
外	5916	5	0.2707	4.123	0.9468	2	1	0
夗	5917	5	0.3284	4.913	0.9356	2	0	0
夘	5918	5	0.3308	4.245	0.9508	2	0	0
夙	5919	5	0.3662	5.214	0.9514	2	0	0
多	591A	5	0.3301	5.244	0.9243	2	1	0
夛	591B	5	0.3523	4.609	0.9491	2	0	0
夜	591C	5	0.3580	5.663	0.9197	3	1	0
夝	591D	5	0.3447	5.103	0.9158	2	0	0
夞	591E	5	0.3769	5.647	0.9039	4	0	0
够	591F	5	0.3935	6.380	0.9218	4	1	1
夠	5920	5	0.4169	6.477	0.8771	4	1	1
夡	5921	5	0.3935	6.144	0.9126	4	0	0
夢	5922	5	0.4311	6.372	0.9210	4	1	1
夣	5923	5	0.4295	7.335	0.9355	4	0	0
夤	5924	5	0.4151	7.244	0.8885	3	0	0
夥	5925	5	0.4527	6.865	0.9244	3	0	0
夦	5926	5	0.4438	7.067	0.9170	5	0	0
大	5927	5	0.2354	3.289	0.9376	1	0	0
夨	5928	5	0.2446	3.671	0.9175	1	0	0
天	5929	5	0.3100	3.618	0.9451	2	1	0
太	592A	5	0.2544	3.871	0.9440	2	1	0
夫	592B	5	0.2737	3.827	0.9648	1	1	0
夬	592C	5	0.3077	3.946	0.9532	1	0	0
夭	592D	5	0.2769	3.954	0.9227	2	0	0
央	592E	5	0.3107	4.161	0.9567	1	1	0
夯	592F	5	0.3077	4.780	0.9373	2	0	0
夰	5930	5	0.2559	3.918	0.9521	2	0	0
失	5931	5	0.3138	4.304	0.9292	2	1	0
夲	5932	5	0.2722	3.938	0.9817	2	0	0
夳	5933	5	0.2923	3.895	0.9491	2	0	0
头	5934	5	0.2644	4.093	0.9515	1	1	0
夵	5935	5	0.2796	4.513	0.9587	2	0	0
夶	5936	5	0.3195	4.429	0.9335	2	0	0
夷	5937	5	0.4127	5.722	0.9558	1	1	0
夸	5938	5	0.3328	4.865	0.9684	3	1	0
夹	5939	5	0.3317	4.774	0.9195	1	0	0
夺	593A	5	0.3108	4.549	0.9545	2	1	0
夻	593B	5	0.3402	4.517	0.9578	2	0	0
夼	593C	5	0.3092	4.322	0.9478	2	0	0
夽	593D	5	0.3491	5.341	0.9632	3	0	0
夾	593E	5	0.3285	5.167	0.9100	1	0	0
夿	593F	5	0.3728	4.660	0.9616	2	0	0
奀	5940	5	0.3616	4.812	0.9186	2	0	0
奁	5941	5	0.4054	5.367	0.9364	3	0	0
奂	5942	5	0.3554	4.898	0.9407	3	0	0
奃	5943	5	0.3757	5.788	0.9336	3	0	0
奄	5944	5	0.4127	5.192	0.9593	2	0	0
奅	5945	5	0.3536	5.525	0.9642	3	0	0
奆	5946	5	0.3802	4.876	0.9401	2	0	0
奇	5947	5	0.3639	5.092	0.9705	3	1	0
奈	5948	5	0.3358	5.251	0.9559	2	1	0
奉	5949	5	0.3935	5.617	0.9678	2	1	0
奊	594A	5	0.4583	6.078	0.9574	3	0	0
奋	594B	5	0.4046	4.870	0.9836	2	0	0
奌	594C	5	0.3526	4.580	0.9193	3	0	0
奍	594D	5	0.3254	5.053	0.9439	2	0	0
奎	594E	5	0.4053	5.327	0.9459	3	1	0
奏	594F	5	0.4186	6.173	0.9408	3	1	0
奐	5950	5	0.3831	5.726	0.9198	4	0	0
契	5951	5	0.3964	5.889	0.9403	2	1	1
奒	5952	5	0.3683	6.106	0.9046	4	0	0
奓	5953	5	0.3639	6.462	0.9139	3	0	0
奔	5954	5	0.3521	5.156	0.9436	3	1	0
奕	5955	5	0.3433	5.708	0.9084	5	1	0
奖	5956	5	0.3692	5.861	0.9100	3	1	0
套	5957	5	0.4112	6.131	0.9284	2	1	0
奘	5958	5	0.3938	5.469	0.9403	3	0	0
奙	5959	5	0.4467	6.192	0.9379	2	0	0
奚	595A	5	0.3877	6.717	0.8761	2	0	0
奛	595B	5	0.4154	5.571	0.9355	3	0	0
奜	595C	5	0.3817	5.728	0.9460	2	0	0
奝	595D	5	0.4009	6.197	0.9247	3	0	0
奞	595E	5	0.4275	5.889	0.9589	2	0	0
奟	595F	5	0.4201	6.567	0.9216	3	0	0
奠	5960	5	0.4127	7.008	0.9332	4	1	1
奡	5961	5	0.4256	6.143	0.9800	3	0	0
奢	5962	5	0.4615	6.500	0.9000	3	0	0
奣	5963	5	0.4862	5.661	0.9660	4	0	0
奤	5964	5	0.4338	5.933	0.9099	2	0	0
奥	5965	5	0.4062	6.251	0.9172	2	1	0
奦	5966	5	0.4246	7.476	0.8746	4	0	0
奧	5967	5	0.4157	6.659	0.9097	2	1	1
奨	5968	5	0.3861	6.765	0.8755	3	1	1
奩	5969	5	0.4068	5.918	0.9683	5	0	0
奪	596A	5	0.4053	6.918	0.9256	3	1	1
奫	596B	5	0.4408	6.635	0.9304	3	0	0
奬	596C	5	0.4364	7.168	0.9164	3	0	0
奭	596D	5	0.4015	6.343	0.9592	1	0	0
奮	596E	5	0.4127	7.419	0.9539	3	1	1
奯	596F	5	0.4615	8.010	0.8980	3	0	0
奰	5970	5	0.4600	6.450	0.9470	2	0	0
奱	5971	5	0.3892	8.394	0.8842	2	0	0
奲	5972	5	0.4970	7.725	0.9274	6	0	0
女	5973	5	0.2855	3.950	0.9299	1	0	0
奴	5974	5	0.3462	5.558	0.9446	2	1	0
奵	5975	5	0.2899	4.273	0.9361	2	0	0
奶	5976	5	0.3580	5.327	0.9262	2	1	0
奷	5977	5	0.3033	4.336	0.9535	2	0	0
奸	5978	5	0.3003	4.394	0.9540	2	1	0
她	5979	5	0.3876	5.688	0.9297	2	1	1
奺	597A	5	0.3373	5.106	0.9604	2	0	0
奻	597B	5	0.3580	5.442	0.9222	2	0	0
奼	597C	5	0.3343	5.042	0.9154	3	0	0
好	597D	5	0.3195	4.754	0.9588	2	1	0
奾	597E	5	0.3814	4.709	0.9434	2	0	0
奿	597F	5	0.3639	5.705	0.9001	2	0	0
妀	5980	5	0.3323	4.798	0.9318	2	0	0
妁	5981	5	0.3308	5.004	0.8875	3	0	0
如	5982	5	0.3508	4.549	0.9537	2	1	0
妃	5983	5	0.3417	4.951	0.9168	2	1	0
妄	5984	5	0.3624	5.131	0.9089	2	0	0
妅	5985	5	0.2949	4.221	0.9734	2	0	0
妆	5986	5	0.3210	4.928	0.9483	2	0	0
妇	5987	5	0.3462	4.255	0.9540	2	1	0
妈	5988	5	0.3631	5.298	0.9512	2	0	0
妉	5989	5	0.3565	5.130	0.9372	2	0	0
妊	598A	5	0.3417	4.982	0.9072	3	1	0
妋	598B	5	0.3521	5.269	0.9416	2	0	0
妌	598C	5	0.3802	5.342	0.9431	2	0	0
妍	598D	5	0.3817	5.232	0.9671	3	0	0
妎	598E	5	0.3166	5.146	0.9106	3	0	0
妏	598F	5	0.3536	5.310	0.9163	2	0	0
妐	5990	5	0.3447	5.567	0.9568	3	0	0
妑	5991	5	0.3964	5.486	0.9243	2	0	0
妒	5992	5	0.3323	4.915	0.9244	2	0	0
妓	5993	5	0.3654	5.649	0.9396	3	0	0
妔	5994	5	0.3402	5.196	0.9253	3	0	0
妕	5995	5	0.3769	4.677	0.9716	2	0	0
妖	5996	5	0.3565	5.415	0.9305	3	1	0
妗	5997	5	0.3169	5.267	0.9374	4	0	0
妘	5998	5	0.3358	5.065	0.9720	3	0	0
妙	5999	5	0.3246	5.289	0.9491	3	1	0
妚	599A	5	0.3195	4.940	0.9382	2	0	0
妛	599B	5	0.3994	5.425	0.9501	3	0	0
妜	599C	5	0.3669	5.365	0.9534	2	0	0
妝	599D	5	0.3595	5.288	0.9673	2	0	0
妞	599E	5	0.3964	5.403	0.9076	2	0	0
妟	599F	5	0.3985	5.245	0.9275	2	0	0
妠	59A0	5	0.3785	5.341	0.9600	2	0	0
妡	59A1	5	0.3358	4.855	0.9626	2	0	0
妢	59A2	5	0.3595	5.535	0.9069	3	0	0
妣	59A3	5	0.3743	5.558	0.9100	2	0	0
妤	59A4	5	0.3447	5.304	0.9390	2	0	0
妥	59A5	5	0.3492	5.617	0.9121	2	1	0
妦	59A6	5	0.3491	4.794	0.9627	2	0	0
妧	59A7	5	0.3417	5.201	0.9132	3	0	0
妨	59A8	5	0.3432	5.176	0.9437	2	1	0
妩	59A9	5	0.3743	5.428	0.9248	2	0	0
妪	59AA	5	0.3920	6.018	0.9395	3	0	0
妫	59AB	5	0.3846	5.783	0.9189	2	0	0
妬	59AC	5	0.3639	5.307	0.9566	2	0	0
妭	59AD	5	0.3891	6.210	0.9190	2	0	0
妮	59AE	5	0.4053	6.059	0.9235	3	1	0
妯	59AF	5	0.4077	5.232	0.9516	2	0	0
妰	59B0	5	0.3328	4.784	0.9382	2	0	0
妱	59B1	5	0.4031	5.606	0.9577	3	0	0
妲	59B2	5	0.3683	5.289	0.9725	3	0	0
妳	59B3	5	0.3506	5.573	0.9283	3	0	0
妴	59B4	5	0.4098	6.447	0.9248	3	0	0
妵	59B5	5	0.3343	4.866	0.9723	3	0	0
妶	59B6	5	0.3654	5.864	0.9314	2	0	0
妷	59B7	5	0.3713	5.664	0.9413	3	0	0
妸	59B8	5	0.3654	5.231	0.9596	3	0	0
妹	59B9	5	0.3669	5.393	0.9593	2	1	0
妺	59BA	5	0.3624	5.409	0.9564	2	0	0
妻	59BB	5	0.4719	6.362	0.9410	2	1	1
妼	59BC	5	0.3728	6.236	0.9036	2	0	0
妽	59BD	5	0.3985	4.941	0.9693	2	0	0
妾	59BE	5	0.3817	5.562	0.8851	2	1	0
妿	59BF	5	0.3935	5.795	0.9357	3	0	0
姀	59C0	5	0.3683	5.439	0.9546	2	0	0
姁	59C1	5	0.4015	5.455	0.8964	3	0	0
姂	59C2	5	0.3225	5.330	0.8984	3	0	0
姃	59C3	5	0.3683	5.152	0.9696	3	0	0
姄	59C4	5	0.4083	5.966	0.9347	2	0	0
姅	59C5	5	0.3536	5.154	0.9850	2	0	0
姆	59C6	5	0.4142	6.245	0.9392	2	1	1
姇	59C7	5	0.3624	5.602	0.9406	3	0	0
姈	59C8	5	0.3107	5.562	0.9328	4	0	0
姉	59C9	5	0.3757	5.279	0.9690	3	1	0
姊	59CA	5	0.3683	5.541	0.9441	2	1	0
始	59CB	5	0.3639	5.458	0.9439	3	1	0
姌	59CC	5	0.4201	5.501	0.9683	2	0	0
姍	59CD	5	0.4231	6.543	0.9758	2	0	0
姎	59CE	5	0.3920	5.564	0.9401	2	0	0
姏	59CF	5	0.3802	5.061	0.9727	2	0	0
姐	59D0	5	0.3920	5.457	0.9374	2	1	0
姑	59D1	5	0.3624	4.915	0.9656	3	1	0
姒	59D2	5	0.3580	5.784	0.9343	3	0	0
姓	59D3	5	0.3743	5.294	0.9060	2	1	0
委	59D4	5	0.4083	6.303	0.9102	2	1	0
姕	59D5	5	0.3979	5.967	0.9378	3	0	0
姖	59D6	5	0.3654	5.194	0.9627	2	0	0
姗	59D7	5	0.4131	6.772	0.9552	2	0	0
姘	59D8	5	0.3654	5.551	0.9319	5	0	0
姙	59D9	5	0.3519	5.601	0.9357	4	0	0
姚	59DA	5	0.3935	6.457	0.9084	2	1	1
姛	59DB	5	0.4267	5.554	0.9631	3	0	0
姜	59DC	5	0.4349	6.175	0.9187	2	1	0
姝	59DD	5	0.3876	5.788	0.9302	3	0	0
姞	59DE	5	0.3683	5.271	0.9520	3	0	0
姟	59DF	5	0.3624	6.163	0.9267	4	0	0
姠	59E0	5	0.3969	5.391	0.9398	3	0	0
姡	59E1	5	0.3831	5.275	0.9697	2	0	0
姢	59E2	5	0.4185	5.914	0.9012	2	0	0
姣	59E3	5	0.3550	6.004	0.9180	3	0	0
姤	59E4	5	0.3935	5.867	0.9557	3	0	0
姥	59E5	5	0.3935	6.125	0.8995	3	0	0
姦	59E6	5	0.4216	6.556	0.8995	3	0	0
姧	59E7	5	0.3624	5.525	0.9050	2	0	0
姨	59E8	5	0.4349	6.591	0.9378	2	0	0
姩	59E9	5	0.3550	5.051	0.9633	2	0	0
姪	59EA	5	0.3876	5.888	0.9255	3	0	0
姫	59EB	5	0.4172	5.467	0.9639	2	1	0
姬	59EC	5	0.4053	5.704	0.9575	2	1	0
姭	59ED	5	0.3802	6.941	0.9143	4	0	0
姮	59EE	5	0.4024	5.642	0.9681	4	0	0
姯	59EF	5	0.3757	5.854	0.9285	4	0	0
姰	59F0	5	0.4046	5.712	0.9235	3	0	0
姱	59F1	5	0.3964	6.072	0.9438	4	0	0
姲	59F2	5	0.4009	6.053	0.9124	3	0	0
姳	59F3	5	0.3969	5.553	0.9346	3	0	0
姴	59F4	5	0.3979	6.360	0.9223	3	0	0
姵	59F5	5	0.4541	6.952	0.9516	2	0	0
姶	59F6	5	0.3728	5.558	0.9377	4	0	0
姷	59F7	5	0.4083	5.683	0.9557	3	0	0
姸	59F8	5	0.3654	5.399	0.9297	3	0	0
姹	59F9	5	0.3743	5.558	0.9376	4	0	0
姺	59FA	5	0.3817	5.692	0.9189	3	0	0
姻	59FB	5	0.4646	6.177	0.9527	3	1	0
姼	59FC	5	0.3800	6.174	0.8890	3	0	0
姽	59FD	5	0.4216	6.197	0.9123	4	0	0
姾	59FE	5	0.3615	5.522	0.9635	3	0	0
姿	59FF	5	0.3802	6.244	0.9165	3	1	0
娀	5A00	5	0.3950	6.360	0.9254	3	0	0
威	5A01	5	0.4127	6.486	0.9133	3	1	1
娂	5A02	5	0.3728	5.505	0.9293	3	0	0
娃	5A03	5	0.3787	5.399	0.9155	3	1	0
娄	5A04	5	0.3994	6.254	0.9217	2	0	0
娅	5A05	5	0.3994	5.976	0.9686	2	0	0
娆	5A06	5	0.4112	6.407	0.9035	3	0	0
娇	5A07	5	0.3491	5.702	0.9781	4	0	0
娈	5A08	5	0.3575	5.681	0.9212	5	0	0
娉	5A09	5	0.4201	5.924	0.9706	3	0	0
娊	5A0A	5	0.4320	6.043	0.9196	2	0	0
娋	5A0B	5	0.4369	5.988	0.9123	3	0	0
娌	5A0C	5	0.4512	6.020	0.9211	3	0	0
娍	5A0D	5	0.4201	6.649	0.9168	3	0	0
娎	5A0E	5	0.4009	6.059	0.9110	3	0	0
娏	5A0F	5	0.4083	6.702	0.9354	3	0	0
娐	5A10	5	0.3785	6.030	0.9105	3	0	0
娑	5A11	5	0.3565	6.340	0.8858	4	0	0
娒	5A12	5	0.4290	6.587	0.9139	3	0	0
娓	5A13	5	0.4467	6.716	0.9165	3	0	0
娔	5A14	5	0.3950	5.637	0.9519	4	0	0
娕	5A15	5	0.4098	5.840	0.9549	2	0	0
娖	5A16	5	0.3964	5.682	0.9206	3	0	0
娗	5A17	5	0.3964	6.510	0.9186	3	0	0
娘	5A18	5	0.4112	6.012	0.9404	3	1	0
娙	5A19	5	0.4098	6.621	0.9150	6	0	0
娚	5A1A	5	0.4585	6.255	0.9194	3	0	0
娛	5A1B	5	0.4231	6.212	0.9457	3	1	0
娜	5A1C	5	0.4334	7.012	0.9583	3	1	1
娝	5A1D	5	0.3950	5.810	0.9367	3	0	0
娞	5A1E	5	0.3728	6.538	0.9088	3	0	0
娟	5A1F	5	0.4415	5.797	0.9472	3	0	0
娠	5A20	5	0.4127	6.505	0.9436	2	0	0
娡	5A21	5	0.3728	5.893	0.9202	3	0	0
娢	5A22	5	0.3713	6.062	0.9136	5	0	0
娣	5A23	5	0.4216	6.282	0.9101	5	0	0
娤	5A24	5	0.4098	5.857	0.9301	3	0	0
娥	5A25	5	0.4216	6.849	0.9209	2	0	0
娦	5A26	5	0.3654	5.562	0.9646	3	0	0
娧	5A27	5	0.3876	5.899	0.9188	3	0	0
娨	5A28	5	0.4112	5.655	0.9657	3	0	0
娩	5A29	5	0.4098	6.055	0.9051	3	0	0
娪	5A2A	5	0.4098	5.857	0.9456	3	0	0
娫	5A2B	5	0.3905	6.780	0.9530	3	0	0
娬	5A2C	5	0.3979	6.274	0.9441	3	0	0
娭	5A2D	5	0.4038	6.365	0.9133	3	0	0
娮	5A2E	5	0.3985	5.692	0.9680	2	0	0
娯	5A2F	5	0.4098	6.077	0.9525	5	0	0
娰	5A30	5	0.3846	6.655	0.9207	4	0	0
娱	5A31	5	0.4142	6.024	0.9577	4	0	0
娲	5A32	5	0.4323	5.958	0.9326	3	0	0
娳	5A33	5	0.4077	5.877	0.9370	3	0	0
娴	5A34	5	0.4277	6.293	0.9166	3	0	0
娵	5A35	5	0.4379	6.755	0.9587	3	0	0
娶	5A36	5	0.4462	6.420	0.9269	3	1	1
娷	5A37	5	0.4290	6.055	0.9719	2	0	0
娸	5A38	5	0.4083	5.859	0.9453	3	0	0
娹	5A39	5	0.4009	6.680	0.9357	3	0	0
娺	5A3A	5	0.4364	7.635	0.9043	5	0	0
娻	5A3B	5	0.4453	6.188	0.9666	2	0	0
娼	5A3C	5	0.4692	6.032	0.9583	3	0	0
娽	5A3D	5	0.4009	6.277	0.9590	3	0	0
娾	5A3E	5	0.4453	6.411	0.9449	4	0	0
娿	5A3F	5	0.4277	6.504	0.9323	4	0	0
婀	5A40	5	0.4009	6.808	0.9633	4	0	0
婁	5A41	5	0.4512	6.920	0.9488	2	0	0
婂	5A42	5	0.4354	5.620	0.9364	3	0	0
婃	5A43	5	0.3639	5.875	0.9362	3	0	0
婄	5A44	5	0.3817	5.812	0.9400	3	0	0
婅	5A45	5	0.4308	6.557	0.8773	3	0	0
婆	5A46	5	0.4216	7.092	0.8815	3	1	1
婇	5A47	5	0.3846	6.293	0.9216	3	0	0
婈	5A48	5	0.4098	6.727	0.9133	4	0	0
婉	5A49	5	0.4260	6.674	0.9269	4	1	1
婊	5A4A	5	0.4338	6.324	0.9435	3	0	0
婋	5A4B	5	0.4068	6.625	0.9173	3	0	0
婌	5A4C	5	0.4201	6.680	0.9357	4	0	0
婍	5A4D	5	0.4038	6.082	0.9581	4	0	0
婎	5A4E	5	0.3994	5.718	0.9820	2	0	0
婏	5A4F	5	0.4275	6.461	0.8929	4	0	0
婐	5A50	5	0.4601	6.370	0.9630	2	0	0
婑	5A51	5	0.4216	6.781	0.9245	3	0	0
婒	5A52	5	0.3521	6.367	0.9483	3	0	0
婓	5A53	5	0.4127	5.903	0.9351	2	0	0
婔	5A54	5	0.3787	5.327	0.9386	2	0	0
婕	5A55	5	0.4630	6.596	0.9151	2	0	0
婖	5A56	5	0.3817	6.370	0.9328	4	0	0
婗	5A57	5	0.3994	5.856	0.9261	3	0	0
婘	5A58	5	0.4305	6.717	0.9076	3	0	0
婙	5A59	5	0.4068	5.670	0.9123	3	0	0
婚	5A5A	5	0.4467	6.510	0.9040	3	1	1
婛	5A5B	5	0.3757	5.830	0.9533	4	0	0
婜	5A5C	5	0.4831	6.553	0.8840	3	0	0
婝	5A5D	5	0.3861	5.784	0.9144	3	0	0
婞	5A5E	5	0.3772	5.486	0.9482	3	0	0
婟	5A5F	5	0.4800	6.074	0.9557	4	0	0
婠	5A60	5	0.4157	5.710	0.9532	3	0	0
婡	5A61	5	0.3595	6.264	0.9210	2	0	0
婢	5A62	5	0.4186	5.830	0.9306	3	0	0
婣	5A63	5	0.4615	6.171	0.9412	2	0	0
婤	5A64	5	0.4600	6.262	0.9491	3	0	0
婥	5A65	5	0.4062	5.528	0.9540	4	0	0
婦	5A66	5	0.4385	6.451	0.9297	4	1	1
婧	5A67	5	0.4349	6.241	0.9676	2	0	0
婨	5A68	5	0.3817	6.481	0.9436	4	0	0
婩	5A69	5	0.4127	5.956	0.9493	4	0	0
婪	5A6A	5	0.3994	6.317	0.9167	3	0	0
婫	5A6B	5	0.4320	6.352	0.9143	3	0	0
婬	5A6C	5	0.3979	6.442	0.8853	2	0	0
婭	5A6D	5	0.3846	5.795	0.9226	2	0	0
婮	5A6E	5	0.4556	6.264	0.9455	4	0	0
婯	5A6F	5	0.4246	6.171	0.9534	6	0	0
婰	5A70	5	0.3994	6.346	0.9849	3	0	0
婱	5A71	5	0.4571	7.027	0.8703	3	0	0
婲	5A72	5	0.4127	6.071	0.9218	4	0	0
婳	5A73	5	0.4157	6.526	0.9636	4	0	0
婴	5A74	5	0.4696	6.747	0.9338	3	0	0
婵	5A75	5	0.4157	5.763	0.9711	4	0	0
婶	5A76	5	0.4323	5.660	0.9641	3	0	0
婷	5A77	5	0.4038	5.946	0.9573	5	0	0
婸	5A78	5	0.4438	6.789	0.9461	5	0	0
婹	5A79	5	0.4882	6.726	0.9321	3	0	0
婺	5A7A	5	0.4216	7.182	0.8809	3	0	0
婻	5A7B	5	0.4201	6.617	0.9445	3	0	0
婼	5A7C	5	0.4142	5.798	0.9851	4	0	0
婽	5A7D	5	0.4453	6.612	0.9366	3	0	0
婾	5A7E	5	0.4053	7.466	0.9142	6	0	0
婿	5A7F	5	0.4556	6.601	0.9370	3	1	1
媀	5A80	5	0.4862	6.301	0.9358	3	0	0
媁	5A81	5	0.4453	6.308	0.9268	4	0	0
媂	5A82	5	0.4038	5.922	0.9482	3	0	0
媃	5A83	5	0.4246	6.687	0.9231	3	0	0
媄	5A84	5	0.4038	6.545	0.9108	3	0	0
媅	5A85	5	0.4453	6.260	0.9524	4	0	0
媆	5A86	5	0.4231	6.614	0.9362	3	0	0
媇	5A87	5	0.3905	6.364	0.9156	3	0	0
媈	5A88	5	0.4571	6.346	0.9454	3	0	0
媉	5A89	5	0.4867	6.904	0.9053	4	0	0
媊	5A8A	5	0.4260	6.582	0.9438	4	0	0
媋	5A8B	5	0.4527	6.496	0.9296	3	0	0
媌	5A8C	5	0.4512	5.901	0.9386	3	0	0
媍	5A8D	5	0.4523	6.587	0.8994	3	0	0
媎	5A8E	5	0.4290	5.918	0.9424	3	0	0
媏	5A8F	5	0.4003	6.139	0.9552	3	0	0
媐	5A90	5	0.4431	6.433	0.9176	3	0	0
媑	5A91	5	0.4808	6.793	0.9087	2	0	0
媒	5A92	5	0.4320	6.173	0.9530	3	1	1
媓	5A93	5	0.4408	6.324	0.9218	3	0	0
媔	5A94	5	0.4630	6.322	0.9734	2	0	0
媕	5A95	5	0.4201	6.423	0.9280	5	0	0
媖	5A96	5	0.4246	6.227	0.9247	3	0	0
媗	5A97	5	0.4112	6.121	0.9049	5	0	0
媘	5A98	5	0.4364	6.306	0.9423	3	0	0
媙	5A99	5	0.4186	7.627	0.9135	4	0	0
媚	5A9A	5	0.5000	6.276	0.9431	3	0	0
媛	5A9B	5	0.4453	7.385	0.8944	5	1	1
媜	5A9C	5	0.4157	6.053	0.9150	3	0	0
媝	5A9D	5	0.4231	6.872	0.9011	3	0	0
媞	5A9E	5	0.4408	6.413	0.9295	4	0	0
媟	5A9F	5	0.4260	6.456	0.9204	3	0	0
媠	5AA0	5	0.4379	6.506	0.9474	2	0	0
媡	5AA1	5	0.4364	6.630	0.9601	2	0	0
媢	5AA2	5	0.4585	6.521	0.9553	3	0	0
媣	5AA3	5	0.3876	6.765	0.9211	4	0	0
媤	5AA4	5	0.4231	6.440	0.9162	3	0	0
媥	5AA5	5	0.4749	6.442	0.9434	3	0	0
媦	5AA6	5	0.4923	6.148	0.9453	3	0	0
媧	5AA7	5	0.4385	5.982	0.9604	3	0	0
媨	5AA8	5	0.4334	6.597	0.9415	4	0	0
媩	5AA9	5	0.4492	5.917	0.9455	4	0	0
媪	5AAA	5	0.4186	6.221	0.9565	3	0	0
媫	5AAB	5	0.4275	6.149	0.9132	2	0	0
媬	5AAC	5	0.4157	6.469	0.9335	4	0	0
媭	5AAD	5	0.3935	7.271	0.9046	3	0	0
媮	5AAE	5	0.4467	6.504	0.9491	5	0	0
媯	5AAF	5	0.4157	6.704	0.9208	2	0	0
媰	5AB0	5	0.4631	7.302	0.8773	3	0	0
媱	5AB1	5	0.4201	6.669	0.9180	2	0	0
媲	5AB2	5	0.4467	7.082	0.8924	2	0	0
媳	5AB3	5	0.4172	6.371	0.9328	3	0	0
媴	5AB4	5	0.4379	6.481	0.9466	5	0	0
媵	5AB5	5	0.4408	7.447	0.8845	2	0	0
媶	5AB6	5	0.4201	5.778	0.9220	3	0	0
媷	5AB7	5	0.4571	7.207	0.9233	3	0	0
媸	5AB8	5	0.4482	6.553	0.9385	3	0	0
媹	5AB9	5	0.4785	6.921	0.9332	3	0	0
媺	5ABA	5	0.4142	7.092	0.9113	2	0	0
媻	5ABB	5	0.4408	7.367	0.8841	4	0	0
媼	5ABC	5	0.4660	6.728	0.9032	2	0	0
媽	5ABD	5	0.4508	6.574	0.9294	2	1	1
媾	5ABE	5	0.4852	6.745	0.9379	3	0	0
媿	5ABF	5	0.4438	6.598	0.9147	2	0	0
嫀	5AC0	5	0.4467	7.020	0.9506	3	0	0
嫁	5AC1	5	0.4083	6.994	0.9156	3	1	1
嫂	5AC2	5	0.4400	6.699	0.9243	3	0	0
嫃	5AC3	5	0.4379	6.718	0.9647	4	0	0
嫄	5AC4	5	0.4364	6.761	0.9302	3	0	0
嫅	5AC5	5	0.4364	6.433	0.9507	3	0	0
嫆	5AC6	5	0.4172	6.569	0.9344	3	0	0
嫇	5AC7	5	0.3891	6.468	0.9425	5	0	0
嫈	5AC8	5	0.4216	7.281	0.9124	2	0	0
嫉	5AC9	5	0.3979	6.778	0.9202	3	0	0
嫊	5ACA	5	0.4245	7.063	0.9210	3	0	0
嫋	5ACB	5	0.4538	7.630	0.8829	3	0	0
嫌	5ACC	5	0.4778	7.043	0.9216	3	1	1
嫍	5ACD	5	0.4183	6.423	0.8947	3	0	0
嫎	5ACE	5	0.4231	6.294	0.9227	3	0	0
嫏	5ACF	5	0.4571	6.950	0.9602	4	0	0
嫐	5AD0	5	0.4822	7.476	0.9183	4	0	0
嫑	5AD1	5	0.4985	7.148	0.9026	3	0	0
嫒	5AD2	5	0.4586	7.447	0.8780	4	0	0
嫓	5AD3	5	0.3875	6.630	0.9054	5	0	0
嫔	5AD4	5	0.4009	6.182	0.9332	4	0	0
嫕	5AD5	5	0.4408	7.309	0.9209	4	0	0
嫖	5AD6	5	0.4585	7.000	0.9423	3	0	0
嫗	5AD7	5	0.4260	6.630	0.9688	5	0	0
嫘	5AD8	5	0.4275	7.093	0.9191	3	0	0
嫙	5AD9	5	0.4305	7.265	0.9107	3	0	0
嫚	5ADA	5	0.4112	7.178	0.9409	3	0	0
嫛	5ADB	5	0.4364	7.517	0.9109	5	0	0
嫜	5ADC	5	0.3979	6.288	0.9480	3	0	0
嫝	5ADD	5	0.4320	7.168	0.9337	3	0	0
嫞	5ADE	5	0.4571	7.433	0.9366	4	0	0
嫟	5ADF	5	0.4408	6.853	0.9007	5	0	0
嫠	5AE0	5	0.4527	7.438	0.8964	2	0	0
嫡	5AE1	5	0.4364	6.645	0.9499	3	1	1
嫢	5AE2	5	0.4349	7.164	0.9505	3	0	0
嫣	5AE3	5	0.4423	6.969	0.9280	4	0	0
嫤	5AE4	5	0.4837	6.757	0.9363	3	0	0
嫥	5AE5	5	0.4645	6.909	0.9186	3	0	0
嫦	5AE6	5	0.4364	6.345	0.9275	3	0	0
嫧	5AE7	5	0.4083	7.130	0.9495	3	0	0
嫨	5AE8	5	0.4675	6.851	0.9460	2	0	0
嫩	5AE9	5	0.4438	7.054	0.9022	3	1	1
嫪	5AEA	5	0.3935	7.837	0.9006	3	0	0
嫫	5AEB	5	0.4423	6.737	0.9254	4	0	0
嫬	5AEC	5	0.4216	6.678	0.9302	3	0	0
嫭	5AED	5	0.4160	7.159	0.9040	3	0	0
嫮	5AEE	5	0.4260	7.018	0.9372	4	0	0
嫯	5AEF	5	0.4083	7.163	0.9139	4	0	0
嫰	5AF0	5	0.4024	7.150	0.9198	3	0	0
嫱	5AF1	5	0.4334	6.822	0.9330	4	0	0
嫲	5AF2	5	0.4320	7.188	0.8963	4	0	0
嫳	5AF3	5	0.4275	7.549	0.8763	3	0	0
嫴	5AF4	5	0.4393	6.499	0.9528	4	0	0
嫵	5AF5	5	0.4467	6.981	0.9152	3	0	0
嫶	5AF6	5	0.4453	6.795	0.9084	3	0	0
嫷	5AF7	5	0.4423	7.303	0.9796	3	0	0
嫸	5AF8	5	0.4719	6.707	0.9405	4	0	0
嫹	5AF9	5	0.4320	6.533	0.9479	2	0	0
嫺	5AFA	5	0.4892	6.695	0.9351	3	0	0
嫻	5AFB	5	0.5015	6.827	0.9412	3	0	0
嫼	5AFC	5	0.4630	7.269	0.9630	2	0	0
嫽	5AFD	5	0.4009	6.889	0.9184	4	0	0
嫾	5AFE	5	0.4320	7.213	0.9198	4	0	0
嫿	5AFF	5	0.4260	7.529	0.9451	4	0	0
嬀	5B00	5	0.4408	7.573	0.8870	2	0	0
嬁	5B01	5	0.4408	7.244	0.8867	5	0	0
嬂	5B02	5	0.4393	7.316	0.9016	3	0	0
嬃	5B03	5	0.4046	7.604	0.8926	3	0	0
嬄	5B04	5	0.3950	7.000	0.9423	5	0	0
嬅	5B05	5	0.4689	6.301	0.9338	3	0	0
嬆	5B06	5	0.4201	7.409	0.9422	5	0	0
嬇	5B07	5	0.4246	7.207	0.9553	3	0	0
嬈	5B08	5	0.4467	6.923	0.9067	5	0	0
嬉	5B09	5	0.3994	6.911	0.9343	6	0	0
嬊	5B0A	5	0.4512	6.998	0.9178	3	0	0
嬋	5B0B	5	0.4645	6.322	0.9643	4	0	0
嬌	5B0C	5	0.4330	7.178	0.9270	6	0	0
嬍	5B0D	5	0.4216	6.962	0.9640	2	0	0
嬎	5B0E	5	0.4438	7.058	0.9183	4	0	0
嬏	5B0F	5	0.4822	7.110	0.8763	3	0	0
嬐	5B10	5	0.4142	6.895	0.9008	7	0	0
嬑	5B11	5	0.4231	7.317	0.8988	3	0	0
嬒	5B12	5	0.3950	7.129	0.9469	4	0	0
嬓	5B13	5	0.4556	7.351	0.8920	3	0	0
嬔	5B14	5	0.4453	7.327	0.9081	5	0	0
嬕	5B15	5	0.4615	6.706	0.9148	4	0	0
嬖	5B16	5	0.4645	6.882	0.9222	3	0	0
嬗	5B17	5	0.4305	7.422	0.9487	4	0	0
嬘	5B18	5	0.4231	7.615	0.8889	3	0	0
嬙	5B19	5	0.4556	7.433	0.8978	4	0	0
嬚	5B1A	5	0.4822	7.585	0.9178	4	0	0
嬛	5B1B	5	0.4704	7.197	0.9165	3	0	0
嬜	5B1C	5	0.4231	7.317	0.8989	3	0	0
嬝	5B1D	5	0.4186	7.708	0.9206	3	0	0
嬞	5B1E	5	0.4882	7.456	0.9130	3	0	0
嬟	5B1F	5	0.4174	7.606	0.9231	3	0	0
嬠	5B20	5	0.4438	6.627	0.9343	5	0	0
嬡	5B21	5	0.4512	8.038	0.8532	4	0	0
嬢	5B22	5	0.4438	7.543	0.9037	2	0	0
嬣	5B23	5	0.4246	7.010	0.9245	4	0	0
嬤	5B24	5	0.4482	7.808	0.9089	5	0	0
嬥	5B25	5	0.4541	7.683	0.9086	3	0	0
嬦	5B26	5	0.3732	8.004	0.9269	5	0	0
嬧	5B27	5	0.4423	7.601	0.9032	3	0	0
嬨	5B28	5	0.4231	7.824	0.8759	4	0	0
嬩	5B29	5	0.4098	6.856	0.9593	3	0	0
嬪	5B2A	5	0.4098	7.407	0.9234	3	0	0
嬫	5B2B	5	0.4275	7.635	0.9169	3	0	0
嬬	5B2C	5	0.4231	7.337	0.9427	3	0	0
嬭	5B2D	5	0.5015	8.697	0.8478	3	0	0
嬮	5B2E	5	0.4754	7.756	0.8931	5	0	0
嬯	5B2F	5	0.3964	7.961	0.9566	6	0	0
嬰	5B30	5	0.4733	7.175	0.9326	3	1	1
嬱	5B31	5	0.4379	7.284	0.9504	4	0	0
嬲	5B32	5	0.5081	8.121	0.9137	2	0	0
嬳	5B33	5	0.4527	7.586	0.9000	4	0	0
嬴	5B34	5	0.4068	8.061	0.9090	2	0	0
嬵	5B35	5	0.4523	7.603	0.9121	4	0	0
嬶	5B36	5	0.4320	7.154	0.9731	4	0	0
嬷	5B37	5	0.4408	7.773	0.9129	6	0	0
嬸	5B38	5	0.4829	7.471	0.8935	4	0	0
嬹	5B39	5	0.4586	7.738	0.9320	4	0	0
嬺	5B3A	5	0.4364	8.013	0.9071	6	0	0
嬻	5B3B	5	0.4216	7.918	0.9521	4	0	0
嬼	5B3C	5	0.4492	7.974	0.9333	3	0	0
嬽	5B3D	5	0.4892	7.956	0.9065	2	0	0
嬾	5B3E	5	0.4660	7.938	0.9054	4	0	0
嬿	5B3F	5	0.4349	7.375	0.9153	4	0	0
孀	5B40	5	0.4808	7.668	0.9179	4	0	0
孁	5B41	5	0.4415	7.667	0.9324	3	0	0
孂	5B42	5	0.4896	7.917	0.8453	4	0	0
孃	5B43	5	0.4660	7.731	0.9311	3	0	0
孄	5B44	5	0.5000	7.711	0.9354	3	0	0
孅	5B45	5	0.4541	8.022	0.9038	3	0	0
孆	5B46	5	0.4364	7.865	0.9413	4	0	0
孇	5B47	5	0.4601	7.726	0.9309	4	0	0
孈	5B48	5	0.4631	8.072	0.9297	5	0	0
孉	5B49	5	0.4749	7.303	0.9321	5	0	0
孊	5B4A	5	0.4467	7.846	0.9363	5	0	0
孋	5B4B	5	0.4423	8.409	0.9194	7	0	0
孌	5B4C	5	0.4127	8.914	0.8780	2	0	0
孍	5B4D	5	0.4689	8.300	0.9592	7	0	0
孎	5B4E	5	0.4877	8.993	0.8903	4	0	0
孏	5B4F	5	0.4882	8.534	0.9262	4	0	0
子	5B50	5	0.2420	3.037	0.8803	1	0	0
孑	5B51	5	0.2550	3.327	0.9262	1	0	0
孒	5B52	5	0.2536	2.373	0.9544	1	0	0
孓	5B53	5	0.2935	3.587	0.8209	1	0	0
孔	5B54	5	0.2722	3.819	0.9215	2	1	0
孕	5B55	5	0.3166	4.231	0.9271	2	1	0
孖	5B56	5	0.3077	4.027	0.9288	2	0	0
字	5B57	5	0.2997	3.971	0.9265	2	1	0
存	5B58	5	0.3062	4.309	0.9462	2	1	0
孙	5B59	5	0.2914	4.442	0.9741	2	1	0
孚	5B5A	5	0.3109	4.637	0.9303	2	0	0
孛	5B5B	5	0.3670	4.722	0.9557	2	0	0
孜	5B5C	5	0.3284	4.966	0.9321	2	0	0
孝	5B5D	5	0.3565	5.008	0.9437	2	1	0
孞	5B5E	5	0.3246	4.567	0.9376	2	0	0
孟	5B5F	5	0.3831	4.129	0.9558	2	1	0
孠	5B60	5	0.3974	5.150	1.0063	3	0	0
孡	5B61	5	0.3462	5.078	0.9468	3	0	0
孢	5B62	5	0.3846	5.506	0.9220	3	0	0
季	5B63	5	0.3654	5.588	0.9052	2	1	0
孤	5B64	5	0.3891	6.038	0.9363	2	1	0
孥	5B65	5	0.3698	5.967	0.9262	3	0	0
学	5B66	5	0.3365	4.607	0.8871	2	1	0
孧	5B67	5	0.3958	5.693	0.8964	3	0	0
孨	5B68	5	0.3723	5.060	0.9347	3	0	0
孩	5B69	5	0.3550	5.673	0.9197	4	1	0
孪	5B6A	5	0.3276	5.047	0.9322	5	0	0
孫	5B6B	5	0.3536	6.122	0.8807	3	1	1
孬	5B6C	5	0.4015	5.717	0.9257	3	0	0
孭	5B6D	5	0.3985	5.306	0.9069	2	0	0
孮	5B6E	5	0.3669	5.482	0.9543	3	0	0
孯	5B6F	5	0.3954	5.795	0.9281	3	0	0
孰	5B70	5	0.4160	6.059	0.9330	4	0	0
孱	5B71	5	0.3846	6.382	0.9341	4	0	0
孲	5B72	5	0.4031	5.020	0.8876	2	0	0
孳	5B73	5	0.3861	6.683	0.8791	3	0	0
孴	5B74	5	0.3376	6.441	0.9626	4	0	0
孵	5B75	5	0.4615	7.523	0.8536	5	0	0
孶	5B76	5	0.4123	6.640	0.9077	3	0	0
孷	5B77	5	0.4068	6.857	0.9087	2	0	0
學	5B78	5	0.3861	6.641	0.8852	2	1	1
孹	5B79	5	0.3994	6.304	0.9365	3	0	0
孺	5B7A	5	0.4172	6.721	0.9111	3	0	0
孻	5B7B	5	0.4260	7.342	0.9141	3	0	0
孼	5B7C	5	0.4252	6.850	0.9243	4	0	0
孽	5B7D	5	0.4062	6.792	0.9417	4	0	0
孾	5B7E	5	0.4738	7.421	0.8836	4	0	0
孿	5B7F	5	0.3683	8.324	0.8987	2	0	0
宀	5B80	5	0.3021	1.873	0.9286	1	0	0
宁	5B81	5	0.2372	3.172	0.9485	2	1	0
宂	5B82	5	0.2477	3.766	0.9160	2	0	0
它	5B83	5	0.2893	3.478	0.9491	2	1	0
宄	5B84	5	0.3123	3.984	0.9556	2	0	0
宅	5B85	5	0.3333	4.374	0.9078	3	1	0
宆	5B86	5	0.3429	4.439	0.9749	2	0	0
宇	5B87	5	0.2997	3.591	0.9889	2	1	0
守	5B88	5	0.2885	3.733	0.9294	2	1	0
安	5B89	5	0.3510	4.879	0.9285	2	1	0
宊	5B8A	5	0.3210	4.778	0.9405	2	0	0
宋	5B8B	5	0.3385	4.611	0.9603	2	1	0
完	5B8C	5	0.3415	4.729	0.9068	3	1	0
宍	5B8D	5	0.2800	4.306	0.9451	3	0	0
宎	5B8E	5	0.3622	5.004	0.9169	3	0	0
宏	5B8F	5	0.3585	5.206	0.9466	3	1	0
宐	5B90	5	0.3230	4.188	0.9533	2	0	0
宑	5B91	5	0.3942	4.683	0.9323	2	0	0
宒	5B92	5	0.3782	5.095	0.9424	2	0	0
宓	5B93	5	0.3476	5.356	0.9766	2	0	0
宔	5B94	5	0.3446	4.154	0.9696	3	0	0
宕	5B95	5	0.3723	4.707	0.9698	2	0	0
宖	5B96	5	0.3750	5.195	0.9230	3	0	0
宗	5B97	5	0.3277	4.745	0.9459	2	1	0
官	5B98	5	0.3814	4.650	0.9810	2	1	0
宙	5B99	5	0.3878	4.597	0.9588	2	1	0
定	5B9A	5	0.3225	4.611	0.9153	2	1	0
宛	5B9B	5	0.3565	5.446	0.9252	3	1	0
宜	5B9C	5	0.3754	4.160	0.9612	2	1	0
宝	5B9D	5	0.3733	4.311	0.9329	2	1	0
实	5B9E	5	0.3333	5.045	0.9513	2	1	0
実	5B9F	5	0.4151	5.536	0.9331	2	1	0
宠	5BA0	5	0.3750	5.426	0.9145	2	0	0
审	5BA1	5	0.3926	4.606	0.9759	2	1	0
客	5BA2	5	0.4138	5.509	0.9392	3	1	0
宣	5BA3	5	0.4215	4.858	0.9829	4	1	0
室	5BA4	5	0.4151	5.188	0.9428	3	1	0
宥	5BA5	5	0.4138	5.357	0.9662	3	0	0
宦	5BA6	5	0.4151	4.905	0.9886	2	1	0
宧	5BA7	5	0.4317	4.640	0.9957	2	0	0
宨	5BA8	5	0.3477	5.689	0.8818	2	0	0
宩	5BA9	5	0.3565	5.342	0.9383	2	0	0
宪	5BAA	5	0.3738	5.187	0.9129	3	1	0
宫	5BAB	5	0.3814	4.839	0.9826	3	1	0
宬	5BAC	5	0.3876	5.880	0.9193	3	0	0
宭	5BAD	5	0.4459	5.906	0.9701	3	0	0
宮	5BAE	5	0.3958	4.765	0.9491	4	1	0
宯	5BAF	5	0.4172	5.791	0.9331	3	0	0
宰	5BB0	5	0.3686	4.955	0.9365	2	1	0
宱	5BB1	5	0.3554	4.691	0.9759	3	0	0
宲	5BB2	5	0.3910	5.357	0.9678	3	0	0
害	5BB3	5	0.4471	5.771	0.9808	2	1	0
宴	5BB4	5	0.4105	6.147	0.9501	3	1	0
宵	5BB5	5	0.4006	5.230	0.9549	3	0	0
家	5BB6	5	0.3831	6.050	0.9223	2	1	0
宷	5BB7	5	0.3862	5.682	0.9225	2	0	0
宸	5BB8	5	0.4246	6.106	0.9414	2	0	0
容	5BB9	5	0.3831	5.624	0.9495	2	1	0
宺	5BBA	5	0.3911	5.515	0.9491	2	0	0
宻	5BBB	5	0.4199	6.182	0.9416	3	0	0
宼	5BBC	5	0.4024	6.087	0.9189	4	0	0
宽	5BBD	5	0.3822	5.531	0.9409	3	1	1
宾	5BBE	5	0.3846	5.402	0.9262	3	1	0
宿	5BBF	5	0.4108	5.391	0.9530	4	1	0
寀	5BC0	5	0.3728	5.922	0.9273	3	0	0
寁	5BC1	5	0.4320	6.654	0.9248	2	0	0
寂	5BC2	5	0.3802	5.923	0.9448	4	1	1
寃	5BC3	5	0.4231	5.917	0.9011	4	0	0
寄	5BC4	5	0.4327	5.786	0.9120	4	1	0
寅	5BC5	5	0.4423	5.670	0.9287	2	1	0
密	5BC6	5	0.3669	5.995	0.9495	3	1	1
寇	5BC7	5	0.4009	6.029	0.9353	4	1	1
寈	5BC8	5	0.4295	6.284	0.9547	2	0	0
寉	5BC9	5	0.4277	5.496	0.9587	2	0	0
寊	5BCA	5	0.3782	6.045	0.9422	3	0	0
寋	5BCB	5	0.4260	6.544	0.9433	2	0	0
富	5BCC	5	0.4244	6.197	0.9422	3	1	0
寍	5BCD	5	0.4407	5.640	0.9326	2	0	0
寎	5BCE	5	0.4369	6.173	0.9508	3	0	0
寏	5BCF	5	0.4308	6.567	0.8975	5	0	0
寐	5BD0	5	0.4127	6.053	0.9617	2	0	0
寑	5BD1	5	0.3923	6.940	0.9423	3	0	0
寒	5BD2	5	0.4127	6.264	0.9450	2	1	1
寓	5BD3	5	0.4663	6.036	0.9789	3	1	1
寔	5BD4	5	0.4062	6.439	0.9497	4	0	0
寕	5BD5	5	0.4038	5.574	0.9678	5	0	0
寖	5BD6	5	0.4183	7.182	0.8892	3	0	0
寗	5BD7	5	0.3935	7.166	0.9426	3	0	0
寘	5BD8	5	0.4142	7.296	0.9481	4	0	0
寙	5BD9	5	0.4393	7.373	0.9301	2	0	0
寚	5BDA	5	0.4552	7.045	0.9479	3	0	0
寛	5BDB	5	0.3941	6.355	0.9640	3	1	1
寜	5BDC	5	0.4135	5.662	0.9021	3	0	0
寝	5BDD	5	0.4123	7.089	0.9494	3	1	1
寞	5BDE	5	0.4262	6.669	0.9537	4	0	0
察	5BDF	5	0.4186	7.136	0.9250	3	1	1
寠	5BE0	5	0.4846	7.777	0.9858	3	0	0
寡	5BE1	5	0.4379	7.071	0.9437	2	1	1
寢	5BE2	5	0.4083	7.193	0.9517	2	0	0
寣	5BE3	5	0.4295	6.084	0.9063	2	0	0
寤	5BE4	5	0.4586	6.192	0.9726	3	0	0
寥	5BE5	5	0.3761	7.343	0.9088	3	0	0
實	5BE6	5	0.4142	7.488	0.9477	3	1	1
寧	5BE7	5	0.4054	6.333	0.9388	3	1	1
寨	5BE8	5	0.4646	6.853	0.9086	2	1	1
審	5BE9	5	0.4763	6.663	0.9193	3	1	1
寪	5BEA	5	0.4455	7.004	0.9301	2	0	0
寫	5BEB	5	0.4327	6.405	0.9500	3	1	1
寬	5BEC	5	0.4292	6.719	0.9364	4	1	1
寭	5BED	5	0.4311	7.257	0.9475	3	0	0
寮	5BEE	5	0.4068	6.496	0.9507	4	1	1
寯	5BEF	5	0.4263	6.384	0.9286	3	0	0
寰	5BF0	5	0.4477	7.303	0.9524	3	0	0
寱	5BF1	5	0.4446	6.861	0.9671	3	0	0
寲	5BF2	5	0.4840	7.398	0.9061	3	0	0
寳	5BF3	5	0.4279	7.966	0.9398	3	0	0
寴	5BF4	5	0.4719	7.231	0.8813	4	0	0
寵	5BF5	5	0.4554	7.231	0.9515	2	1	1
寶	5BF6	5	0.4471	7.925	0.9371	2	1	1
寷	5BF7	5	0.4375	7.806	0.9707	5	0	0
寸	5BF8	5	0.1938	2.635	0.9705	1	0	0
对	5BF9	5	0.3000	4.291	0.9531	2	1	0
寺	5BFA	5	0.3018	4.098	0.9572	2	1	0
寻	5BFB	5	0.3376	4.028	0.9781	2	1	0
导	5BFC	5	0.3750	4.473	0.9939	2	1	0
寽	5BFD	5	0.2722	4.461	0.9269	2	0	0
対	5BFE	5	0.2870	4.654	0.9411	2	1	0
寿	5BFF	5	0.3698	5.360	0.9473	2	1	0
尀	5C00	5	0.3769	4.522	0.9999	3	0	0
封	5C01	5	0.3328	4.658	0.9536	3	1	0
専	5C02	5	0.3979	5.440	0.9721	2	1	0
尃	5C03	5	0.3994	5.715	0.9758	2	0	0
射	5C04	5	0.3787	5.175	0.9476	2	1	0
尅	5C05	5	0.3787	5.354	0.9303	4	0	0
将	5C06	5	0.3358	5.500	0.9236	2	1	0
將	5C07	5	0.3905	6.085	0.9437	2	1	1
專	5C08	5	0.4053	6.162	0.9768	2	1	1
尉	5C09	5	0.3817	5.862	0.9547	2	1	1
尊	5C0A	5	0.3831	6.555	0.9568	4	1	1
尋	5C0B	5	0.3862	5.929	0.9731	3	1	0
尌	5C0C	5	0.3743	5.394	0.9840	5	0	0
對	5C0D	5	0.3654	5.869	0.9273	2	1	1
導	5C0E	5	0.3964	7.085	0.9277	3	1	1
小	5C0F	5	0.1834	2.719	0.9477	1	0	0
尐	5C10	5	0.2240	3.567	0.8579	2	0	0
少	5C11	5	0.1908	3.563	0.9406	2	1	0
尒	5C12	5	0.2293	3.971	0.9535	2	0	0
尓	5C13	5	0.2477	3.706	0.9404	2	0	0
尔	5C14	5	0.2662	4.027	0.9284	2	1	0
尕	5C15	5	0.3061	4.154	0.9118	2	0	0
尖	5C16	5	0.2766	4.511	0.9209	2	1	0
尗	5C17	5	0.2612	3.651	0.9697	2	0	0
尘	5C18	5	0.2585	3.387	0.9529	2	0	0
尙	5C19	5	0.3926	4.847	0.9905	3	0	0
尚	5C1A	5	0.3846	4.349	0.9535	3	1	0
尛	5C1B	5	0.2644	4.905	0.8971	3	0	0
尜	5C1C	5	0.3033	5.409	0.9528	3	0	0
尝	5C1D	5	0.4167	5.697	0.8939	4	1	0
尞	5C1E	5	0.3964	5.791	0.9398	3	0	0
尟	5C1F	5	0.3891	6.377	0.9134	5	0	0
尠	5C20	5	0.4031	6.288	0.9170	5	0	0
尡	5C21	5	0.4512	6.745	0.9152	5	0	0
尢	5C22	5	0.2538	3.541	0.9079	1	0	0
尣	5C23	5	0.2272	3.737	0.9259	2	0	0
尤	5C24	5	0.2969	4.104	0.9034	1	1	0
尥	5C25	5	0.3447	5.121	0.9050	3	0	0
尦	5C26	5	0.3299	5.387	0.9103	3	0	0
尧	5C27	5	0.3798	5.426	0.9210	2	0	0
尨	5C28	5	0.3284	5.723	0.9064	2	0	0
尩	5C29	5	0.3565	5.387	0.9174	2	0	0
尪	5C2A	5	0.3609	5.062	0.9079	2	0	0
尫	5C2B	5	0.3910	4.648	0.9068	2	0	0
尬	5C2C	5	0.3476	5.430	0.8854	3	0	0
尭	5C2D	5	0.3654	4.901	0.9457	2	0	0
尮	5C2E	5	0.4172	6.323	0.8759	3	0	0
尯	5C2F	5	0.4186	6.263	0.9242	4	0	0
尰	5C30	5	0.4512	6.858	0.9328	2	0	0
就	5C31	5	0.3923	5.910	0.9090	4	1	1
尲	5C32	5	0.4763	7.094	0.8980	3	0	0
尳	5C33	5	0.3979	6.321	0.9249	3	0	0
尴	5C34	5	0.4275	6.665	0.8916	3	0	0
尵	5C35	5	0.3876	7.197	0.9040	3	0	0
尶	5C36	5	0.4837	7.161	0.9185	3	0	0
尷	5C37	5	0.4541	6.940	0.9045	3	0	0
尸	5C38	5	0.2313	2.288	1.0009	1	0	0
尹	5C39	5	0.3354	3.554	0.9674	1	1	0
尺	5C3A	5	0.2662	3.302	0.9762	1	1	0
尻	5C3B	5	0.3646	4.467	0.9453	2	1	0
尼	5C3C	5	0.3600	4.338	0.9892	2	1	0
尽	5C3D	5	0.3015	4.118	0.9695	2	1	0
尾	5C3E	5	0.4416	5.591	0.9265	2	1	0
尿	5C3F	5	0.3952	5.152	0.9510	2	1	0
局	5C40	5	0.4128	4.879	0.9837	2	1	0
屁	5C41	5	0.4000	5.091	0.9589	2	0	0
层	5C42	5	0.4160	5.244	0.9458	3	1	0
屃	5C43	5	0.4083	5.178	0.9504	2	0	0
屄	5C44	5	0.3680	4.992	0.9575	3	0	0
居	5C45	5	0.4288	4.780	1.0083	3	1	0
屆	5C46	5	0.4500	5.089	0.9606	3	1	0
屇	5C47	5	0.4533	4.904	0.9727	2	0	0
屈	5C48	5	0.4367	4.933	0.9558	3	1	0
屉	5C49	5	0.4384	5.108	0.9985	2	0	0
届	5C4A	5	0.4800	4.986	0.9403	2	1	0
屋	5C4B	5	0.4708	5.963	0.8757	3	1	0
屌	5C4C	5	0.4650	5.205	0.9878	3	0	0
屍	5C4D	5	0.4431	6.025	0.9252	3	1	0
屎	5C4E	5	0.4138	5.651	0.9367	2	0	0
屏	5C4F	5	0.4123	5.250	0.9334	5	1	0
屐	5C50	5	0.4585	6.123	0.8831	4	0	0
屑	5C51	5	0.4496	5.723	0.9262	3	0	0
屒	5C52	5	0.4624	6.414	0.9230	2	0	0
屓	5C53	5	0.4272	5.953	0.9273	2	0	0
屔	5C54	5	0.4053	5.656	0.9451	3	0	0
展	5C55	5	0.4600	5.897	0.9280	2	1	0
屖	5C56	5	0.4288	5.230	0.9522	2	0	0
屗	5C57	5	0.4142	5.852	0.9498	3	0	0
屘	5C58	5	0.4323	5.735	0.9337	3	0	0
屙	5C59	5	0.4723	6.039	0.9909	4	0	0
屚	5C5A	5	0.4656	6.478	0.9571	2	0	0
屛	5C5B	5	0.4138	5.362	0.9436	5	0	0
屜	5C5C	5	0.4615	6.152	0.9508	3	0	0
屝	5C5D	5	0.4336	5.460	0.9633	2	0	0
属	5C5E	5	0.4728	6.404	0.9576	2	1	1
屟	5C5F	5	0.4880	6.457	0.9262	3	0	0
屠	5C60	5	0.4769	6.281	0.9478	3	1	1
屡	5C61	5	0.4800	7.042	0.9016	3	0	0
屢	5C62	5	0.4448	7.578	0.9581	3	0	0
屣	5C63	5	0.4708	6.242	0.9269	4	0	0
層	5C64	5	0.4416	6.859	0.9302	4	1	1
履	5C65	5	0.4848	7.248	0.9051	4	1	1
屦	5C66	5	0.4689	7.556	0.8857	4	0	0
屧	5C67	5	0.4862	6.895	0.9467	4	0	0
屨	5C68	5	0.4800	7.515	0.9122	4	0	0
屩	5C69	5	0.4708	7.459	0.9265	7	0	0
屪	5C6A	5	0.4064	7.416	0.9197	5	0	0
屫	5C6B	5	0.4800	7.790	0.9130	7	0	0
屬	5C6C	5	0.4471	8.332	0.9289	3	1	1
屭	5C6D	5	0.4592	8.542	0.9295	4	0	0
屮	5C6E	5	0.2538	2.692	0.9754	1	0	0
屯	5C6F	5	0.2923	3.875	0.9759	1	1	0
屰	5C70	5	0.2901	4.142	0.9462	2	0	0
山	5C71	5	0.2727	2.408	0.9888	1	0	0
屲	5C72	5	0.3086	3.440	0.9599	2	0	0
屳	5C73	5	0.2707	3.984	0.9583	2	0	0
屴	5C74	5	0.3311	4.208	0.8978	2	0	0
屵	5C75	5	0.2262	2.975	0.9933	2	0	0
屶	5C76	5	0.3445	4.193	0.9196	2	0	0
屷	5C77	5	0.3333	4.953	0.9221	2	0	0
屸	5C78	5	0.2912	3.807	1.0035	2	0	0
屹	5C79	5	0.3262	4.893	0.9504	3	0	0
屺	5C7A	5	0.3615	4.382	0.9722	2	0	0
屻	5C7B	5	0.3974	5.219	0.9320	3	0	0
屼	5C7C	5	0.3385	4.897	0.9632	2	0	0
屽	5C7D	5	0.2969	3.819	1.0098	2	0	0
屾	5C7E	5	0.4135	4.407	1.0012	2	0	0
屿	5C7F	5	0.3478	4.499	0.9628	3	1	0
岀	5C80	5	0.3322	3.557	1.0033	2	0	0
岁	5C81	5	0.3374	4.436	0.9237	2	1	0
岂	5C82	5	0.3510	4.326	0.9465	2	0	0
岃	5C83	5	0.3671	4.696	0.9110	3	0	0
岄	5C84	5	0.4215	4.744	0.9794	2	0	0
岅	5C85	5	0.4167	5.813	0.9588	3	0	0
岆	5C86	5	0.3246	4.958	0.9634	3	0	0
岇	5C87	5	0.3584	4.311	0.9052	3	0	0
岈	5C88	5	0.3815	5.222	0.9559	2	0	0
岉	5C89	5	0.4262	5.909	0.9542	3	0	0
岊	5C8A	5	0.4419	4.514	0.9436	2	0	0
岋	5C8B	5	0.3785	5.873	0.9315	2	0	0
岌	5C8C	5	0.3580	5.346	0.9562	2	0	0
岍	5C8D	5	0.3585	4.843	1.0160	3	0	0
岎	5C8E	5	0.3615	5.265	0.9458	3	0	0
岏	5C8F	5	0.3185	4.882	0.9385	3	0	0
岐	5C90	5	0.3523	5.265	0.9536	3	1	0
岑	5C91	5	0.2870	4.551	0.9404	4	0	0
岒	5C92	5	0.3092	4.867	0.9483	4	0	0
岓	5C93	5	0.3385	4.561	0.9927	2	0	0
岔	5C94	5	0.3169	4.765	0.9485	3	0	0
岕	5C95	5	0.2796	4.072	0.9587	3	0	0
岖	5C96	5	0.4224	5.673	0.9765	3	0	0
岗	5C97	5	0.4108	5.031	0.9284	3	1	0
岘	5C98	5	0.3738	5.484	0.9486	2	0	0
岙	5C99	5	0.3477	4.970	0.9555	3	0	0
岚	5C9A	5	0.3447	5.297	0.9548	2	0	0
岛	5C9B	5	0.3784	4.822	0.9925	2	1	0
岜	5C9C	5	0.3980	4.493	0.9810	2	0	0
岝	5C9D	5	0.3062	4.089	0.9830	2	0	0
岞	5C9E	5	0.3526	4.425	0.9916	2	0	0
岟	5C9F	5	0.3569	5.295	0.9794	2	0	0
岠	5CA0	5	0.3920	4.704	0.9778	2	0	0
岡	5CA1	5	0.4733	4.519	0.9363	2	1	0
岢	5CA2	5	0.3292	4.340	0.9623	3	0	0
岣	5CA3	5	0.3718	5.107	0.9193	3	0	0
岤	5CA4	5	0.3031	5.018	0.9767	3	0	0
岥	5CA5	5	0.4000	6.025	0.9408	2	0	0
岦	5CA6	5	0.3376	4.109	0.9681	2	0	0
岧	5CA7	5	0.4080	5.323	0.9735	3	0	0
岨	5CA8	5	0.4138	4.833	0.9728	2	0	0
岩	5CA9	5	0.3743	4.631	0.9842	2	1	0
岪	5CAA	5	0.4548	5.609	0.9437	2	0	0
岫	5CAB	5	0.3990	4.764	0.9972	2	0	0
岬	5CAC	5	0.3846	4.732	0.9782	2	1	0
岭	5CAD	5	0.3397	5.254	0.9549	4	1	0
岮	5CAE	5	0.3462	4.879	0.9502	3	0	0
岯	5CAF	5	0.3840	5.057	0.9572	3	0	0
岰	5CB0	5	0.4567	6.237	0.8985	3	0	0
岱	5CB1	5	0.3210	4.782	0.9451	3	0	0
岲	5CB2	5	0.4169	5.012	0.9822	3	0	0
岳	5CB3	5	0.3446	4.537	0.9774	2	1	0
岴	5CB4	5	0.3400	4.524	0.9762	2	0	0
岵	5CB5	5	0.3477	4.605	0.9768	3	0	0
岶	5CB6	5	0.4054	4.500	0.9964	2	0	0
岷	5CB7	5	0.4138	5.613	0.9632	2	0	0
岸	5CB8	5	0.3432	4.757	0.9621	3	1	0
岹	5CB9	5	0.4135	5.315	0.9459	3	0	0
岺	5CBA	5	0.3166	4.814	0.9899	4	0	0
岻	5CBB	5	0.3954	5.688	0.9529	3	0	0
岼	5CBC	5	0.3262	4.982	0.9925	2	0	0
岽	5CBD	5	0.3796	5.334	0.9309	2	0	0
岾	5CBE	5	0.3554	4.460	0.9852	3	0	0
岿	5CBF	5	0.3934	4.512	0.9353	3	0	0
峀	5CC0	5	0.4545	4.713	0.9452	2	0	0
峁	5CC1	5	0.3896	4.891	0.9617	3	0	0
峂	5CC2	5	0.3554	5.623	0.9422	3	0	0
峃	5CC3	5	0.3317	4.462	0.9503	2	0	0
峄	5CC4	5	0.3708	5.537	0.9829	2	0	0
峅	5CC5	5	0.3938	5.359	0.9447	3	0	0
峆	5CC6	5	0.3846	5.251	0.9631	4	0	0
峇	5CC7	5	0.3609	5.035	0.9472	4	0	0
峈	5CC8	5	0.4031	5.706	0.9583	3	0	0
峉	5CC9	5	0.3861	5.327	0.9314	3	0	0
峊	5CCA	5	0.4788	5.264	0.9721	2	0	0
峋	5CCB	5	0.4263	5.252	0.9331	3	0	0
峌	5CCC	5	0.3969	5.218	0.9747	3	0	0
峍	5CCD	5	0.4277	5.349	0.9918	2	0	0
峎	5CCE	5	0.4381	5.738	0.9566	2	0	0
峏	5CCF	5	0.4090	5.918	0.9443	2	0	0
峐	5CD0	5	0.3431	5.808	0.9457	4	0	0
峑	5CD1	5	0.3942	4.910	0.9819	3	0	0
峒	5CD2	5	0.4151	5.377	0.9811	3	0	0
峓	5CD3	5	0.4369	6.171	0.9711	2	0	0
峔	5CD4	5	0.3985	5.561	0.9516	3	0	0
峕	5CD5	5	0.3892	5.029	0.9791	3	0	0
峖	5CD6	5	0.4323	5.770	0.9614	3	0	0
峗	5CD7	5	0.4323	5.990	0.9355	4	0	0
峘	5CD8	5	0.3904	4.932	1.0139	4	0	0
峙	5CD9	5	0.3692	5.103	0.9573	3	1	0
峚	5CDA	5	0.4009	5.122	0.9461	3	0	0
峛	5CDB	5	0.3814	4.988	0.9694	3	0	0
峜	5CDC	5	0.3683	4.519	0.9748	3	0	0
峝	5CDD	5	0.4423	5.456	0.8738	3	0	0
峞	5CDE	5	0.4183	5.582	0.9190	4	0	0
峟	5CDF	5	0.4103	5.183	0.9688	3	0	0
峠	5CE0	5	0.3215	4.572	0.9882	2	1	0
峡	5CE1	5	0.4123	5.663	0.9267	2	1	0
峢	5CE2	5	0.3894	5.758	0.9602	3	0	0
峣	5CE3	5	0.3923	6.053	0.9525	3	0	0
峤	5CE4	5	0.3754	5.490	0.9696	4	0	0
峥	5CE5	5	0.4000	5.293	0.9629	3	0	0
峦	5CE6	5	0.3225	4.917	0.9420	5	0	0
峧	5CE7	5	0.3569	5.733	0.9606	3	0	0
峨	5CE8	5	0.4231	6.561	0.9279	2	1	1
峩	5CE9	5	0.4053	6.194	0.9252	2	0	0
峪	5CEA	5	0.3877	5.788	0.9248	2	0	0
峫	5CEB	5	0.4046	6.672	0.9639	3	0	0
峬	5CEC	5	0.4385	5.965	0.9573	2	0	0
峭	5CED	5	0.4015	5.570	0.9206	3	0	0
峮	5CEE	5	0.4262	5.550	0.9820	3	0	0
峯	5CEF	5	0.3639	6.406	0.9696	3	1	1
峰	5CF0	5	0.4200	6.169	0.9567	3	1	1
峱	5CF1	5	0.4186	5.972	0.9472	3	0	0
峲	5CF2	5	0.3846	4.994	0.9464	3	0	0
峳	5CF3	5	0.3802	5.553	0.9489	3	0	0
峴	5CF4	5	0.4077	5.696	0.9664	2	0	0
峵	5CF5	5	0.4077	6.097	0.9674	4	0	0
島	5CF6	5	0.4311	5.673	0.9598	2	1	0
峷	5CF7	5	0.3702	4.722	1.0006	2	0	0
峸	5CF8	5	0.4338	6.561	0.9434	3	0	0
峹	5CF9	5	0.3511	5.668	0.9323	4	0	0
峺	5CFA	5	0.4369	6.033	0.9530	2	0	0
峻	5CFB	5	0.4169	6.705	0.9247	4	1	1
峼	5CFC	5	0.4185	5.378	0.9877	3	0	0
峽	5CFD	5	0.3862	5.946	0.9445	2	1	0
峾	5CFE	5	0.3285	4.999	0.9575	3	0	0
峿	5CFF	5	0.4231	5.550	0.9807	3	0	0
崀	5D00	5	0.4415	5.726	0.9604	3	0	0
崁	5D01	5	0.3491	5.406	0.9424	3	0	0
崂	5D02	5	0.4415	5.763	0.9625	3	0	0
崃	5D03	5	0.4062	5.895	0.9492	2	0	0
崄	5D04	5	0.3776	5.729	0.9531	5	0	0
崅	5D05	5	0.4519	5.648	0.9537	2	0	0
崆	5D06	5	0.3968	5.225	0.9569	4	0	0
崇	5D07	5	0.4167	5.807	0.9502	3	1	0
崈	5D08	5	0.3958	5.722	0.9716	3	0	0
崉	5D09	5	0.4231	6.138	0.9626	3	0	0
崊	5D0A	5	0.3877	6.093	0.9272	3	0	0
崋	5D0B	5	0.4334	5.451	0.9808	2	0	0
崌	5D0C	5	0.4462	5.991	0.9546	4	0	0
崍	5D0D	5	0.3738	6.102	0.9299	2	0	0
崎	5D0E	5	0.4077	5.783	0.9478	4	1	0
崏	5D0F	5	0.4585	6.225	0.9400	3	0	0
崐	5D10	5	0.4262	6.062	0.9153	3	0	0
崑	5D11	5	0.3852	6.230	0.9732	3	0	0
崒	5D12	5	0.3622	5.246	0.9424	3	0	0
崓	5D13	5	0.4535	5.895	0.9828	4	0	0
崔	5D14	5	0.4127	5.328	0.9671	2	1	0
崕	5D15	5	0.4600	6.171	0.9279	4	0	0
崖	5D16	5	0.4571	6.199	0.9307	4	1	0
崗	5D17	5	0.4755	5.488	0.8811	3	1	0
崘	5D18	5	0.4169	6.228	0.9545	4	0	0
崙	5D19	5	0.4246	5.745	0.9499	4	1	1
崚	5D1A	5	0.4277	6.571	0.9415	4	0	0
崛	5D1B	5	0.4535	6.253	0.9464	4	0	0
崜	5D1C	5	0.4768	5.737	0.9691	2	0	0
崝	5D1D	5	0.4246	5.959	0.9749	2	0	0
崞	5D1E	5	0.4138	5.603	0.9667	4	0	0
崟	5D1F	5	0.4083	5.517	0.9331	2	0	0
崠	5D20	5	0.4569	6.006	0.9857	2	0	0
崡	5D21	5	0.4471	6.558	0.9477	3	0	0
崢	5D22	5	0.3815	5.921	0.9554	3	0	0
崣	5D23	5	0.4402	7.180	0.9013	3	0	0
崤	5D24	5	0.4292	6.389	0.9318	4	0	0
崥	5D25	5	0.4369	5.471	0.9815	3	0	0
崦	5D26	5	0.4585	5.983	0.9612	3	0	0
崧	5D27	5	0.3580	5.808	0.9408	4	0	0
崨	5D28	5	0.4462	6.343	0.9672	2	0	0
崩	5D29	5	0.4615	5.420	0.9621	3	1	1
崪	5D2A	5	0.3723	5.404	0.9683	3	0	0
崫	5D2B	5	0.4647	5.978	0.9309	4	0	0
崬	5D2C	5	0.4135	5.919	0.9850	2	0	0
崭	5D2D	5	0.3954	5.576	0.9583	3	0	0
崮	5D2E	5	0.5157	5.762	0.9681	4	0	0
崯	5D2F	5	0.3896	5.915	0.9791	2	0	0
崰	5D30	5	0.4119	6.584	0.9237	5	0	0
崱	5D31	5	0.4381	5.333	0.9397	3	0	0
崲	5D32	5	0.4480	5.680	1.0070	3	0	0
崳	5D33	5	0.4554	6.480	0.9501	5	0	0
崴	5D34	5	0.4305	6.808	0.9123	4	0	0
崵	5D35	5	0.4323	6.568	0.9739	5	0	0
崶	5D36	5	0.3954	5.464	0.9591	4	0	0
崷	5D37	5	0.4815	6.360	0.9449	4	0	0
崸	5D38	5	0.4123	6.079	0.9470	2	0	0
崹	5D39	5	0.3892	5.649	0.9748	3	0	0
崺	5D3A	5	0.4379	6.490	0.9126	3	0	0
崻	5D3B	5	0.3308	6.012	0.9823	4	0	0
崼	5D3C	5	0.4323	6.144	0.9429	4	0	0
崽	5D3D	5	0.4551	5.991	0.9653	3	0	0
崾	5D3E	5	0.4846	6.546	0.9623	3	0	0
崿	5D3F	5	0.4138	5.794	0.9667	5	0	0
嵀	5D40	5	0.3787	5.222	0.9133	4	0	0
嵁	5D41	5	0.4585	5.951	0.9417	4	0	0
嵂	5D42	5	0.4541	6.154	0.9719	3	0	0
嵃	5D43	5	0.3822	6.809	0.9204	3	0	0
嵄	5D44	5	0.4554	6.092	0.9209	3	0	0
嵅	5D45	5	0.4201	6.226	0.9452	4	0	0
嵆	5D46	5	0.3802	5.832	0.9270	2	0	0
嵇	5D47	5	0.3920	6.108	0.9320	2	0	0
嵈	5D48	5	0.4431	6.988	0.9134	5	0	0
嵉	5D49	5	0.4123	5.590	0.9826	5	0	0
嵊	5D4A	5	0.4354	6.561	0.9646	2	0	0
嵋	5D4B	5	0.5333	6.400	0.8887	3	0	0
嵌	5D4C	5	0.4053	5.755	0.9463	2	1	1
嵍	5D4D	5	0.3964	6.066	0.9194	3	0	0
嵎	5D4E	5	0.4824	6.119	0.9383	3	0	0
嵏	5D4F	5	0.4327	7.020	0.8926	2	0	0
嵐	5D50	5	0.4031	6.361	0.9602	2	1	1
嵑	5D51	5	0.4522	6.443	0.9231	5	0	0
嵒	5D52	5	0.4067	4.746	0.9513	4	0	0
嵓	5D53	5	0.4281	4.962	0.9556	4	0	0
嵔	5D54	5	0.4151	6.368	0.9784	4	0	0
嵕	5D55	5	0.4169	7.250	0.9164	2	0	0
嵖	5D56	5	0.4544	5.918	0.9666	4	0	0
嵗	5D57	5	0.4024	6.523	0.9316	2	0	0
嵘	5D58	5	0.4169	6.188	0.9537	3	0	0
嵙	5D59	5	0.3624	5.596	0.9450	3	0	0
嵚	5D5A	5	0.3876	5.897	0.9261	3	0	0
嵛	5D5B	5	0.3905	5.715	0.9759	5	0	0
嵜	5D5C	5	0.3728	5.348	0.9199	4	0	0
嵝	5D5D	5	0.4446	6.645	0.9060	3	0	0
嵞	5D5E	5	0.3718	6.373	0.9348	5	0	0
嵟	5D5F	5	0.4923	6.232	0.9289	3	0	0
嵠	5D60	5	0.4138	7.096	0.9129	3	0	0
嵡	5D61	5	0.4213	7.358	0.9095	4	0	0
嵢	5D62	5	0.4138	6.508	0.9434	5	0	0
嵣	5D63	5	0.4631	6.430	0.9725	3	0	0
嵤	5D64	5	0.3713	6.141	0.9604	2	0	0
嵥	5D65	5	0.3785	6.813	0.9660	4	0	0
嵦	5D66	5	0.4323	6.018	0.9698	5	0	0
嵧	5D67	5	0.4663	6.650	0.9507	3	0	0
嵨	5D68	5	0.4369	6.307	0.9383	3	0	0
嵩	5D69	5	0.4246	6.546	0.9764	5	1	0
嵪	5D6A	5	0.4044	6.146	0.9739	5	0	0
嵫	5D6B	5	0.4062	7.183	0.9025	3	0	0
嵬	5D6C	5	0.4431	6.068	0.9222	2	0	0
嵭	5D6D	5	0.4385	6.066	0.9507	3	0	0
嵮	5D6E	5	0.4062	6.445	0.9573	4	0	0
嵯	5D6F	5	0.4400	6.155	0.9006	3	0	0
嵰	5D70	5	0.5062	6.752	0.9332	3	0	0
嵱	5D71	5	0.3954	6.418	0.9500	3	0	0
嵲	5D72	5	0.4292	6.134	0.9761	3	0	0
嵳	5D73	5	0.4459	5.974	0.9535	3	0	0
嵴	5D74	5	0.4492	6.557	0.9508	3	0	0
嵵	5D75	5	0.4471	5.521	0.9399	4	0	0
嵶	5D76	5	0.4439	7.157	0.8829	3	0	0
嵷	5D77	5	0.3985	6.860	0.9288	3	0	0
嵸	5D78	5	0.3683	6.213	0.9100	3	0	0
嵹	5D79	5	0.4385	6.376	0.9022	4	0	0
嵺	5D7A	5	0.4200	7.533	0.9101	3	0	0
嵻	5D7B	5	0.4569	7.037	0.9597	3	0	0
嵼	5D7C	5	0.4677	6.598	0.9488	3	0	0
嵽	5D7D	5	0.4246	6.546	0.9521	4	0	0
嵾	5D7E	5	0.3964	7.322	0.8667	3	0	0
嵿	5D7F	5	0.3889	6.060	0.9531	3	0	0
嶀	5D80	5	0.4369	6.848	0.9818	4	0	0
嶁	5D81	5	0.4600	6.884	0.9476	3	0	0
嶂	5D82	5	0.4062	6.235	0.9538	3	0	0
嶃	5D83	5	0.4308	6.434	0.9792	3	0	0
嶄	5D84	5	0.4127	5.979	0.9565	3	0	0
嶅	5D85	5	0.3624	6.137	0.9432	4	0	0
嶆	5D86	5	0.4954	6.625	1.0491	3	0	0
嶇	5D87	5	0.4064	6.283	1.0282	5	0	0
嶈	5D88	5	0.3917	6.486	0.9153	3	0	0
嶉	5D89	5	0.4455	5.456	0.9340	3	0	0
嶊	5D8A	5	0.4201	5.834	0.9724	3	0	0
嶋	5D8B	5	0.4031	6.580	0.9287	3	1	1
嶌	5D8C	5	0.3600	6.686	1.0017	3	0	0
嶍	5D8D	5	0.4840	6.556	0.9564	3	0	0
嶎	5D8E	5	0.4112	6.303	0.9398	3	0	0
嶏	5D8F	5	0.4364	7.009	0.9795	4	0	0
嶐	5D90	5	0.4567	7.282	0.8879	3	0	0
嶑	5D91	5	0.4444	6.982	0.9276	3	0	0
嶒	5D92	5	0.4462	6.587	0.9313	4	0	0
嶓	5D93	5	0.4600	6.907	0.9269	3	0	0
嶔	5D94	5	0.3979	6.694	0.9108	3	0	0
嶕	5D95	5	0.4692	6.656	0.9298	3	0	0
嶖	5D96	5	0.3862	7.321	0.9409	5	0	0
嶗	5D97	5	0.4185	7.314	0.9141	3	0	0
嶘	5D98	5	0.4453	7.281	0.8479	4	0	0
嶙	5D99	5	0.4415	7.080	0.9153	4	0	0
嶚	5D9A	5	0.4183	6.514	0.9189	4	0	0
嶛	5D9B	5	0.4046	6.576	0.9259	4	0	0
嶜	5D9C	5	0.4646	7.359	0.9126	4	0	0
嶝	5D9D	5	0.4462	6.829	0.9026	5	0	0
嶞	5D9E	5	0.3963	6.803	0.9747	3	0	0
嶟	5D9F	5	0.4231	6.950	0.9277	5	0	0
嶠	5DA0	5	0.4341	6.910	0.9477	6	0	0
嶡	5DA1	5	0.4646	7.068	0.9129	5	0	0
嶢	5DA2	5	0.4538	6.689	0.9555	5	0	0
嶣	5DA3	5	0.4391	6.397	0.9397	3	0	0
嶤	5DA4	5	0.4438	7.105	0.9473	5	0	0
嶥	5DA5	5	0.4692	7.837	0.9381	5	0	0
嶦	5DA6	5	0.4400	7.531	0.9474	4	0	0
嶧	5DA7	5	0.4554	6.519	0.9508	4	0	0
嶨	5DA8	5	0.4038	6.154	0.9264	2	0	0
嶩	5DA9	5	0.4492	7.506	0.9674	3	0	0
嶪	5DAA	5	0.5080	7.029	0.9298	4	0	0
嶫	5DAB	5	0.4446	6.920	0.9379	4	0	0
嶬	5DAC	5	0.4370	7.605	0.9247	3	0	0
嶭	5DAD	5	0.4599	5.754	0.9227	3	0	0
嶮	5DAE	5	0.4385	6.649	0.9310	7	0	0
嶯	5DAF	5	0.4017	6.702	0.9382	4	0	0
嶰	5DB0	5	0.4323	7.388	0.9482	3	0	0
嶱	5DB1	5	0.4754	7.140	0.9251	6	0	0
嶲	5DB2	5	0.4264	6.251	0.9820	3	0	0
嶳	5DB3	5	0.4062	7.497	0.9331	4	0	0
嶴	5DB4	5	0.4174	7.097	0.8975	3	0	0
嶵	5DB5	5	0.4185	6.072	1.0095	3	0	0
嶶	5DB6	5	0.3905	6.940	0.9422	4	0	0
嶷	5DB7	5	0.4769	7.424	0.8859	3	0	0
嶸	5DB8	5	0.4431	7.490	0.9270	3	0	0
嶹	5DB9	5	0.4138	7.374	0.9608	5	0	0
嶺	5DBA	5	0.3683	6.845	0.9328	5	1	1
嶻	5DBB	5	0.4800	6.986	0.9386	3	0	0
嶼	5DBC	5	0.3985	6.691	0.9655	3	1	1
嶽	5DBD	5	0.3989	7.124	0.9266	4	1	1
嶾	5DBE	5	0.4262	7.979	0.8980	2	0	0
嶿	5DBF	5	0.4341	7.169	0.9669	3	0	0
巀	5DC0	5	0.4354	7.118	0.9356	2	0	0
巁	5DC1	5	0.5015	7.654	0.9345	5	0	0
巂	5DC2	5	0.4264	7.938	0.9129	4	0	0
巃	5DC3	5	0.4402	7.274	0.9724	2	0	0
巄	5DC4	5	0.4446	7.388	0.9222	2	0	0
巅	5DC5	5	0.4723	7.464	0.9295	5	0	0
巆	5DC6	5	0.4692	7.836	0.9183	4	0	0
巇	5DC7	5	0.4185	8.385	0.9162	3	0	0
巈	5DC8	5	0.4600	7.179	0.9579	4	0	0
巉	5DC9	5	0.4600	8.529	0.8788	5	0	0
巊	5DCA	5	0.4892	7.744	0.9142	4	0	0
巋	5DCB	5	0.4320	7.297	0.9654	5	0	0
巌	5DCC	5	0.4749	7.413	0.8956	6	0	0
巍	5DCD	5	0.4689	7.883	0.9080	4	0	0
巎	5DCE	5	0.3979	8.367	0.9361	6	0	0
巏	5DCF	5	0.5062	6.843	0.9578	5	0	0
巐	5DD0	5	0.4385	7.413	0.9503	8	0	0
巑	5DD1	5	0.4108	7.973	0.9361	6	0	0
巒	5DD2	5	0.3757	7.856	0.9204	2	0	0
巓	5DD3	5	0.4508	8.207	0.9372	6	0	0
巔	5DD4	5	0.4497	7.610	0.9451	5	0	0
巕	5DD5	5	0.4262	7.812	0.9131	5	0	0
巖	5DD6	5	0.4275	8.125	0.9183	7	0	0
巗	5DD7	5	0.4800	8.132	0.9379	7	0	0
巘	5DD8	5	0.4338	8.661	0.8846	4	0	0
巙	5DD9	5	0.4185	8.381	0.9412	7	0	0
巚	5DDA	5	0.4009	8.267	0.8840	4	0	0
巛	5DDB	5	0.3056	4.658	0.9616	3	0	0
巜	5DDC	5	0.2435	3.290	0.9299	2	0	0
川	5DDD	5	0.2517	2.639	0.9826	1	1	0
州	5DDE	5	0.3217	4.244	0.9358	1	1	0
巟	5DDF	5	0.2969	4.221	0.9347	2	0	0
巠	5DE0	5	0.3622	4.612	0.9367	5	0	0
巡	5DE1	5	0.3373	6.007	0.8997	4	1	0
巢	5DE2	5	0.4438	6.578	0.8653	4	1	1
巣	5DE3	5	0.4305	5.794	0.9492	2	1	0
巤	5DE4	5	0.4009	8.160	0.8440	6	0	0
工	5DE5	5	0.2381	1.757	0.9963	1	0	0
左	5DE6	5	0.2908	3.602	0.9429	2	1	0
巧	5DE7	5	0.2837	3.524	0.9292	2	1	0
巨	5DE8	5	0.3646	3.413	0.9782	1	1	0
巩	5DE9	5	0.3108	4.418	0.9390	3	0	0
巪	5DEA	5	0.4218	4.533	1.0114	2	0	0
巫	5DEB	5	0.3863	4.455	0.9633	4	1	0
巬	5DEC	5	0.4000	5.783	0.9221	3	0	0
巭	5DED	5	0.3985	5.954	0.9414	3	0	0
差	5DEE	5	0.4192	5.552	0.9351	2	1	0
巯	5DEF	5	0.3935	6.365	0.9426	2	0	0
巰	5DF0	5	0.4009	7.168	0.9470	6	0	0
己	5DF1	5	0.2957	2.916	0.8964	1	0	0
已	5DF2	5	0.3170	3.117	0.9746	1	1	0
巳	5DF3	5	0.3345	2.836	0.9357	1	1	0
巴	5DF4	5	0.3800	3.093	0.9733	1	1	0
巵	5DF5	5	0.3964	5.286	0.9204	2	0	0
巶	5DF6	5	0.4169	5.428	0.9148	3	0	0
巷	5DF7	5	0.4157	5.152	0.9444	3	1	0
巸	5DF8	5	0.4160	5.230	0.9255	2	0	0
巹	5DF9	5	0.4482	6.594	0.9276	3	0	0
巺	5DFA	5	0.4267	5.375	0.9509	4	0	0
巻	5DFB	5	0.4185	5.567	0.9209	2	1	0
巼	5DFC	5	0.4550	5.286	0.9627	3	0	0
巽	5DFD	5	0.4833	6.146	0.9140	4	0	0
巾	5DFE	5	0.2990	2.619	0.9994	1	0	0
巿	5DFF	5	0.2707	3.482	0.9941	1	0	0
帀	5E00	5	0.3247	3.273	1.0312	2	0	0
币	5E01	5	0.3043	3.793	0.9802	2	1	0
市	5E02	5	0.2707	3.638	0.9937	2	1	0
布	5E03	5	0.3031	4.099	0.9719	2	1	0
帄	5E04	5	0.3154	3.701	0.9829	2	0	0
帅	5E05	5	0.3590	4.008	1.0004	2	1	0
帆	5E06	5	0.3600	5.209	0.9766	3	1	0
帇	5E07	5	0.3639	4.602	1.0030	1	0	0
师	5E08	5	0.3638	4.664	0.9930	3	1	0
帉	5E09	5	0.3108	5.247	0.9495	3	0	0
帊	5E0A	5	0.4199	5.031	0.9503	2	0	0
帋	5E0B	5	0.4022	5.424	0.9344	2	0	0
希	5E0C	5	0.3738	5.346	0.9320	3	1	0
帍	5E0D	5	0.3796	5.167	0.9349	2	0	0
帎	5E0E	5	0.3831	5.153	0.9502	2	0	0
帏	5E0F	5	0.3985	4.827	0.9913	2	0	0
帐	5E10	5	0.3846	5.293	0.9459	2	0	0
帑	5E11	5	0.3754	5.627	0.9172	3	0	0
帒	5E12	5	0.3138	4.951	0.9269	3	0	0
帓	5E13	5	0.3938	5.223	0.9632	2	0	0
帔	5E14	5	0.3754	5.998	0.9619	2	0	0
帕	5E15	5	0.4314	4.450	0.9561	2	1	0
帖	5E16	5	0.3738	4.427	0.9708	3	1	0
帗	5E17	5	0.4108	5.886	0.9381	2	0	0
帘	5E18	5	0.3349	4.710	0.9657	3	0	0
帙	5E19	5	0.3723	5.341	0.9463	3	0	0
帚	5E1A	5	0.4157	5.215	0.9993	3	0	0
帛	5E1B	5	0.4161	4.705	0.9636	2	0	0
帜	5E1C	5	0.3606	4.771	0.9592	3	0	0
帝	5E1D	5	0.3590	4.664	0.9683	2	1	0
帞	5E1E	5	0.4215	5.134	0.9929	3	0	0
帟	5E1F	5	0.3472	5.045	0.9702	5	0	0
帠	5E20	5	0.4250	4.948	0.9379	2	0	0
帡	5E21	5	0.3815	5.223	0.9430	5	0	0
帢	5E22	5	0.3523	5.275	0.9627	4	0	0
帣	5E23	5	0.3920	5.510	0.9494	2	0	0
帤	5E24	5	0.3958	5.137	0.9678	3	0	0
帥	5E25	5	0.4167	4.408	0.9839	2	1	0
带	5E26	5	0.3639	4.739	0.9942	3	1	0
帧	5E27	5	0.3877	5.406	0.9645	3	0	0
帨	5E28	5	0.3492	5.639	0.9371	3	0	0
帩	5E29	5	0.3894	5.585	0.9510	3	0	0
帪	5E2A	5	0.4415	6.248	0.9871	2	0	0
師	5E2B	5	0.4277	4.981	0.9968	3	1	0
帬	5E2C	5	0.3933	5.765	0.9957	3	0	0
席	5E2D	5	0.3831	5.186	0.9678	2	1	0
帮	5E2E	5	0.4123	5.769	0.9745	3	1	1
帯	5E2F	5	0.3891	5.098	0.9657	3	1	0
帰	5E30	5	0.4262	5.808	0.9449	4	1	0
帱	5E31	5	0.4169	6.072	0.9614	3	0	0
帲	5E32	5	0.3477	5.365	0.9502	5	0	0
帳	5E33	5	0.3862	6.033	0.9764	2	1	0
帴	5E34	5	0.4062	6.978	0.9066	3	0	0
帵	5E35	5	0.3954	6.458	0.9202	4	0	0
帶	5E36	5	0.4535	5.683	0.9666	3	1	1
帷	5E37	5	0.3877	5.478	0.9622	2	0	0
常	5E38	5	0.3910	5.200	0.9159	2	1	0
帹	5E39	5	0.4231	6.390	0.9143	3	0	0
帺	5E3A	5	0.4308	5.596	0.9638	3	0	0
帻	5E3B	5	0.4369	6.444	0.9699	3	0	0
帼	5E3C	5	0.4359	5.996	1.0025	3	0	0
帽	5E3D	5	0.4135	6.136	0.9773	3	1	1
帾	5E3E	5	0.3923	5.990	0.9311	3	0	0
帿	5E3F	5	0.4477	6.371	0.9403	3	0	0
幀	5E40	5	0.3631	5.770	0.9628	3	0	0
幁	5E41	5	0.4092	6.189	0.9785	2	0	0
幂	5E42	5	0.4768	6.252	0.9661	2	0	0
幃	5E43	5	0.4415	5.997	0.9810	4	0	0
幄	5E44	5	0.4846	6.739	0.9361	4	0	0
幅	5E45	5	0.4277	5.943	1.0026	3	1	1
幆	5E46	5	0.4354	6.430	0.9431	5	0	0
幇	5E47	5	0.3787	5.572	0.9628	4	0	0
幈	5E48	5	0.4631	6.512	0.9350	6	0	0
幉	5E49	5	0.3969	6.076	1.0001	3	0	0
幊	5E4A	5	0.4092	6.465	0.9959	3	0	0
幋	5E4B	5	0.3905	6.356	0.9349	4	0	0
幌	5E4C	5	0.3785	6.368	0.9804	5	1	1
幍	5E4D	5	0.3766	5.895	0.9797	3	0	0
幎	5E4E	5	0.4138	6.361	0.9525	5	0	0
幏	5E4F	5	0.3754	6.516	0.9328	3	0	0
幐	5E50	5	0.4275	6.913	0.9068	2	0	0
幑	5E51	5	0.4601	6.802	0.9217	5	0	0
幒	5E52	5	0.4431	7.169	0.9390	4	0	0
幓	5E53	5	0.4077	7.410	0.9091	3	0	0
幔	5E54	5	0.4323	6.845	0.9721	3	0	0
幕	5E55	5	0.4320	6.433	0.9447	4	1	1
幖	5E56	5	0.4215	6.554	1.0052	3	0	0
幗	5E57	5	0.5369	7.388	0.9319	4	0	0
幘	5E58	5	0.4108	6.931	0.9492	3	0	0
幙	5E59	5	0.4569	6.466	0.9700	4	0	0
幚	5E5A	5	0.4077	7.020	0.9791	4	0	0
幛	5E5B	5	0.4138	6.187	0.9646	3	0	0
幜	5E5C	5	0.4000	6.757	0.9611	5	0	0
幝	5E5D	5	0.4277	5.995	1.0273	4	0	0
幞	5E5E	5	0.4538	6.855	0.9210	4	0	0
幟	5E5F	5	0.4908	7.142	0.9053	3	0	0
幠	5E60	5	0.4431	6.790	0.9399	3	0	0
幡	5E61	5	0.4138	6.863	0.9512	3	1	1
幢	5E62	5	0.4615	6.747	0.9644	4	0	0
幣	5E63	5	0.3831	6.486	0.9503	3	1	1
幤	5E64	5	0.3631	6.322	0.9271	5	0	0
幥	5E65	5	0.4006	6.546	0.9726	3	0	0
幦	5E66	5	0.4379	6.015	0.9208	3	0	0
幧	5E67	5	0.4615	6.483	0.9687	5	0	0
幨	5E68	5	0.4308	7.500	0.9361	4	0	0
幩	5E69	5	0.4492	6.647	0.9374	4	0	0
幪	5E6A	5	0.4385	7.506	0.9429	5	0	0
幫	5E6B	5	0.4031	7.198	0.9477	5	1	1
幬	5E6C	5	0.3908	7.469	0.9860	5	0	0
幭	5E6D	5	0.5046	7.221	0.9095	4	0	0
幮	5E6E	5	0.4123	7.483	0.9541	7	0	0
幯	5E6F	5	0.4323	6.908	0.9504	4	0	0
幰	5E70	5	0.4400	7.792	0.9105	3	0	0
幱	5E71	5	0.4808	7.428	0.9921	3	0	0
干	5E72	5	0.2233	2.216	1.0092	1	0	0
平	5E73	5	0.2644	3.319	0.9713	1	1	0
年	5E74	5	0.2944	3.758	0.9877	1	1	0
幵	5E75	5	0.2769	3.288	0.9875	2	0	0
并	5E76	5	0.2914	4.080	0.9467	4	1	0
幷	5E77	5	0.3365	4.145	0.9129	4	0	0
幸	5E78	5	0.3343	4.459	0.9593	2	1	0
幹	5E79	5	0.3704	5.298	0.9728	3	1	1
幺	5E7A	5	0.2508	4.001	0.9458	1	0	0
幻	5E7B	5	0.2938	4.410	0.9044	2	1	0
幼	5E7C	5	0.3506	5.102	0.9056	2	1	0
幽	5E7D	5	0.4647	6.518	0.9265	2	1	0
幾	5E7E	5	0.4157	7.591	0.8738	2	1	1
广	5E7F	5	0.1431	1.998	0.9626	1	0	0
庀	5E80	5	0.3107	4.200	0.9330	2	0	0
庁	5E81	5	0.2530	3.481	0.9578	2	1	0
庂	5E82	5	0.2708	4.053	0.9510	2	0	0
広	5E83	5	0.2855	4.267	0.9375	2	1	0
庄	5E84	5	0.2973	4.137	0.9844	2	1	0
庅	5E85	5	0.3092	4.920	0.9378	3	0	0
庆	5E86	5	0.3136	4.549	0.9597	2	1	0
庇	5E87	5	0.3506	4.992	0.9392	2	1	0
庈	5E88	5	0.3154	4.916	0.9398	4	0	0
庉	5E89	5	0.3343	4.943	0.9531	2	0	0
床	5E8A	5	0.3358	4.745	0.9645	2	1	0
庋	5E8B	5	0.3713	5.441	0.9270	3	0	0
庌	5E8C	5	0.3565	4.993	0.9744	2	0	0
庍	5E8D	5	0.3200	4.365	0.9757	2	0	0
庎	5E8E	5	0.2988	4.659	0.9272	3	0	0
序	5E8F	5	0.3402	4.870	0.9360	2	1	0
庐	5E90	5	0.3185	4.449	0.9858	2	0	0
庑	5E91	5	0.3713	5.221	0.9135	2	0	0
庒	5E92	5	0.3225	4.498	0.9620	3	0	0
库	5E93	5	0.3654	4.875	0.9743	2	1	0
应	5E94	5	0.3269	4.766	0.9724	3	1	0
底	5E95	5	0.3802	5.613	0.9148	3	1	0
庖	5E96	5	0.4068	5.606	0.9137	3	0	0
店	5E97	5	0.3299	4.398	0.9758	3	1	0
庘	5E98	5	0.3862	4.785	0.9918	2	0	0
庙	5E99	5	0.3908	4.854	0.9832	2	1	0
庚	5E9A	5	0.4112	5.687	0.9395	2	1	0
庛	5E9B	5	0.3299	5.378	0.9404	3	0	0
府	5E9C	5	0.3432	4.882	0.9561	3	1	0
庝	5E9D	5	0.3373	5.587	0.9397	3	0	0
庞	5E9E	5	0.3713	5.745	0.9305	2	1	0
废	5E9F	5	0.3964	6.053	0.9087	4	1	0
庠	5EA0	5	0.3609	4.999	0.9647	2	0	0
庡	5EA1	5	0.3521	5.446	0.9393	2	0	0
庢	5EA2	5	0.4009	5.874	0.9009	3	0	0
庣	5EA3	5	0.3402	5.799	0.9352	2	0	0
庤	5EA4	5	0.3647	5.346	0.9361	3	0	0
庥	5EA5	5	0.3802	5.447	0.9532	3	0	0
度	5EA6	5	0.4169	5.882	0.9231	2	1	0
座	5EA7	5	0.3861	5.880	0.8978	5	1	0
庨	5EA8	5	0.4338	5.922	0.9144	3	0	0
庩	5EA9	5	0.3815	5.836	0.9637	4	0	0
庪	5EAA	5	0.4142	5.988	0.9435	4	0	0
庫	5EAB	5	0.4083	5.965	0.9800	2	1	1
庬	5EAC	5	0.4186	6.859	0.9093	3	0	0
庭	5EAD	5	0.4098	6.224	0.9083	3	1	1
庮	5EAE	5	0.4275	6.092	0.9754	2	0	0
庯	5EAF	5	0.4393	5.785	0.9442	2	0	0
庰	5EB0	5	0.3639	5.066	0.9376	5	0	0
庱	5EB1	5	0.4275	6.899	0.9171	4	0	0
庲	5EB2	5	0.3861	6.019	0.9074	2	0	0
庳	5EB3	5	0.4231	5.527	0.9350	3	0	0
庴	5EB4	5	0.4508	5.740	0.9648	4	0	0
庵	5EB5	5	0.4423	6.160	0.9565	3	1	1
庶	5EB6	5	0.3506	5.332	0.9418	2	1	0
康	5EB7	5	0.4453	6.490	0.9450	2	1	1
庸	5EB8	5	0.4074	6.709	0.9918	3	1	1
庹	5EB9	5	0.4038	5.725	0.9351	3	0	0
庺	5EBA	5	0.3938	6.367	0.9473	4	0	0
庻	5EBB	5	0.3624	5.534	0.9383	4	0	0
庼	5EBC	5	0.3935	5.999	0.9650	3	0	0
庽	5EBD	5	0.3900	6.041	0.9852	3	0	0
庾	5EBE	5	0.3950	5.851	0.9383	4	0	0
庿	5EBF	5	0.4477	5.601	0.9812	3	0	0
廀	5EC0	5	0.4123	6.679	0.8924	4	0	0
廁	5EC1	5	0.3989	5.985	0.9523	3	0	0
廂	5EC2	5	0.4497	6.046	0.9511	3	0	0
廃	5EC3	5	0.4334	6.610	0.9339	3	1	1
廄	5EC4	5	0.4379	6.677	0.9303	4	0	0
廅	5EC5	5	0.4586	6.438	0.8902	4	0	0
廆	5EC6	5	0.4586	6.507	0.8917	2	0	0
廇	5EC7	5	0.4246	6.587	0.9519	3	0	0
廈	5EC8	5	0.3994	7.338	0.9188	3	1	1
廉	5EC9	5	0.4408	6.919	0.9500	3	1	1
廊	5ECA	5	0.4290	6.494	0.9506	4	1	1
廋	5ECB	5	0.4185	6.372	0.9497	3	0	0
廌	5ECC	5	0.4846	6.669	0.9607	2	0	0
廍	5ECD	5	0.4320	6.501	0.9467	4	0	0
廎	5ECE	5	0.3846	6.573	0.9460	3	0	0
廏	5ECF	5	0.4017	6.966	0.9161	5	0	0
廐	5ED0	5	0.4260	6.651	0.9391	2	0	0
廑	5ED1	5	0.3861	6.931	0.9383	3	0	0
廒	5ED2	5	0.4334	6.671	0.9254	4	0	0
廓	5ED3	5	0.4157	6.763	0.9241	5	0	0
廔	5ED4	5	0.4393	7.399	0.9684	3	0	0
廕	5ED5	5	0.3876	7.351	0.9313	7	0	0
廖	5ED6	5	0.3802	7.630	0.9117	3	1	1
廗	5ED7	5	0.4631	6.473	0.9400	4	0	0
廘	5ED8	5	0.4793	6.920	0.9254	2	0	0
廙	5ED9	5	0.4423	6.673	0.9309	4	0	0
廚	5EDA	5	0.3946	6.486	0.9518	6	0	0
廛	5EDB	5	0.4423	7.856	0.9368	2	0	0
廜	5EDC	5	0.4157	7.377	0.9306	4	0	0
廝	5EDD	5	0.4157	6.496	0.9511	4	0	0
廞	5EDE	5	0.4275	7.169	0.9336	3	0	0
廟	5EDF	5	0.4512	6.806	0.9635	3	1	1
廠	5EE0	5	0.4320	7.094	0.9336	5	1	1
廡	5EE1	5	0.4556	6.639	0.9357	3	0	0
廢	5EE2	5	0.4316	7.412	0.9320	5	1	1
廣	5EE3	5	0.4185	6.995	0.9407	2	1	1
廤	5EE4	5	0.4423	7.558	0.9465	4	0	0
廥	5EE5	5	0.4009	7.154	0.9382	4	0	0
廦	5EE6	5	0.4385	6.301	0.9618	3	0	0
廧	5EE7	5	0.4186	7.355	0.9481	4	0	0
廨	5EE8	5	0.4387	7.271	0.9495	3	0	0
廩	5EE9	5	0.4408	7.821	0.9417	3	0	0
廪	5EEA	5	0.4231	7.806	0.9584	3	0	0
廫	5EEB	5	0.4320	8.351	0.9280	4	0	0
廬	5EEC	5	0.4349	7.857	0.9228	3	0	0
廭	5EED	5	0.4492	7.735	0.9160	4	0	0
廮	5EEE	5	0.4188	7.843	0.9062	4	0	0
廯	5EEF	5	0.4349	7.038	0.9619	3	0	0
廰	5EF0	5	0.4275	7.370	0.9359	3	0	0
廱	5EF1	5	0.4660	7.915	0.9278	6	0	0
廲	5EF2	5	0.4453	8.412	0.9304	7	0	0
廳	5EF3	5	0.4438	8.155	0.9668	3	1	1
廴	5EF4	5	0.2228	3.216	0.9315	1	0	0
廵	5EF5	5	0.3713	6.497	0.9176	4	0	0
延	5EF6	5	0.3632	5.606	0.8988	2	1	0
廷	5EF7	5	0.3654	5.418	0.9015	2	1	0
廸	5EF8	5	0.4052	5.744	0.9626	2	0	0
廹	5EF9	5	0.3775	5.562	0.9031	2	0	0
建	5EFA	5	0.4571	6.475	0.9266	2	1	1
廻	5EFB	5	0.4492	6.110	0.9181	3	1	0
廼	5EFC	5	0.4585	6.373	0.9051	2	0	0
廽	5EFD	5	0.4692	6.324	0.9146	3	0	0
廾	5EFE	5	0.2441	2.936	0.9955	1	0	0
廿	5EFF	5	0.2485	2.988	1.0040	1	1	0
开	5F00	5	0.3013	3.258	0.9859	2	1	0
弁	5F01	5	0.2855	4.207	0.9373	2	1	0
异	5F02	5	0.3569	4.539	0.9394	2	1	0
弃	5F03	5	0.3254	4.800	0.9455	3	1	0
弄	5F04	5	0.3754	4.614	0.9695	2	1	0
弅	5F05	5	0.3107	4.922	0.9376	3	0	0
弆	5F06	5	0.3639	5.321	0.9297	3	0	0
弇	5F07	5	0.3195	5.385	0.9453	4	0	0
弈	5F08	5	0.3173	5.176	0.9499	5	0	0
弉	5F09	5	0.3550	4.919	0.9657	3	0	0
弊	5F0A	5	0.3772	6.612	0.9274	3	1	1
弋	5F0B	5	0.2046	3.053	0.9332	1	0	0
弌	5F0C	5	0.2249	3.404	0.9265	2	0	0
弍	5F0D	5	0.2618	3.975	0.9385	2	0	0
弎	5F0E	5	0.3062	4.427	0.9584	2	0	0
式	5F0F	5	0.3000	4.268	0.9499	2	1	0
弐	5F10	5	0.3033	4.482	0.9610	3	0	0
弑	5F11	5	0.3935	6.247	0.9230	4	0	0
弒	5F12	5	0.3757	6.149	0.9320	4	0	0
弓	5F13	5	0.3257	3.486	0.9296	1	0	0
弔	5F14	5	0.3623	3.852	0.9647	1	0	0
引	5F15	5	0.2972	3.319	0.9164	2	1	0
弖	5F16	5	0.3507	3.503	0.9992	2	0	0
弗	5F17	5	0.4087	4.928	0.9677	1	1	0
弘	5F18	5	0.3264	4.450	0.9034	2	1	0
弙	5F19	5	0.3138	3.933	0.9039	2	0	0
弚	5F1A	5	0.3712	4.430	0.9503	3	0	0
弛	5F1B	5	0.3861	5.318	0.9402	2	0	0
弜	5F1C	5	0.3683	4.360	0.9143	2	0	0
弝	5F1D	5	0.3969	5.070	0.9040	2	0	0
弞	5F1E	5	0.3195	5.065	0.9381	2	0	0
弟	5F1F	5	0.3942	5.021	0.9672	4	1	0
张	5F20	5	0.3670	5.223	0.9123	2	1	0
弡	5F21	5	0.3708	4.758	0.8990	2	0	0
弢	5F22	5	0.3892	5.663	0.9357	2	0	0
弣	5F23	5	0.3669	5.157	0.9258	3	0	0
弤	5F24	5	0.3769	5.579	0.9237	3	0	0
弥	5F25	5	0.3417	5.139	0.9279	3	1	0
弦	5F26	5	0.3669	5.419	0.9327	2	1	0
弧	5F27	5	0.3669	6.014	0.9338	2	1	0
弨	5F28	5	0.4048	4.974	0.9409	3	0	0
弩	5F29	5	0.4083	6.312	0.9176	3	0	0
弪	5F2A	5	0.3904	5.068	0.8524	2	0	0
弫	5F2B	5	0.4215	4.819	0.9864	2	0	0
弬	5F2C	5	0.4169	5.284	0.9404	2	0	0
弭	5F2D	5	0.4062	4.953	0.9241	2	0	0
弮	5F2E	5	0.4083	6.192	0.9193	2	0	0
弯	5F2F	5	0.3843	5.886	0.9504	5	0	0
弰	5F30	5	0.3876	5.592	0.9395	3	0	0
弱	5F31	5	0.4433	6.194	0.9253	2	1	0
弲	5F32	5	0.4767	5.217	0.9153	3	0	0
弳	5F33	5	0.4224	6.076	0.8657	6	0	0
弴	5F34	5	0.3935	5.652	0.9086	4	0	0
張	5F35	5	0.4385	5.812	0.9441	2	1	0
弶	5F36	5	0.3802	5.416	0.9361	4	0	0
強	5F37	5	0.4068	5.966	0.9058	2	1	1
弸	5F38	5	0.4960	6.141	0.9119	3	0	0
弹	5F39	5	0.4354	5.471	0.9047	4	1	1
强	5F3A	5	0.4292	5.418	0.9481	3	1	1
弻	5F3B	5	0.4336	6.422	0.8969	3	0	0
弼	5F3C	5	0.4462	5.864	0.8799	4	0	0
弽	5F3D	5	0.4308	6.111	0.9059	3	0	0
弾	5F3E	5	0.4497	5.842	0.9447	3	1	1
弿	5F3F	5	0.3748	6.817	0.9607	4	0	0
彀	5F40	5	0.3698	6.926	0.9301	2	0	0
彁	5F41	5	0.4308	5.890	0.9282	5	0	0
彂	5F42	5	0.4200	6.278	0.9153	3	0	0
彃	5F43	5	0.5031	5.863	0.9716	2	0	0
彄	5F44	5	0.4576	6.265	0.9142	5	0	0
彅	5F45	5	0.4275	6.764	0.9525	5	0	0
彆	5F46	5	0.3533	7.227	0.9374	3	0	0
彇	5F47	5	0.4453	7.192	0.9784	4	0	0
彈	5F48	5	0.4831	5.931	0.9167	4	1	1
彉	5F49	5	0.4379	6.203	0.9455	2	0	0
彊	5F4A	5	0.4704	7.085	0.9417	4	0	0
彋	5F4B	5	0.4778	6.625	0.9550	3	0	0
彌	5F4C	5	0.4938	8.435	0.8055	3	1	1
彍	5F4D	5	0.4320	7.238	0.9224	3	0	0
彎	5F4E	5	0.3580	8.724	0.8936	2	0	0
彏	5F4F	5	0.4954	8.002	0.9338	4	0	0
彐	5F50	5	0.2726	2.614	0.9859	1	0	0
彑	5F51	5	0.2677	2.958	0.9705	1	0	0
归	5F52	5	0.3409	3.533	0.9843	2	1	0
当	5F53	5	0.3553	4.580	0.9215	2	1	0
彔	5F54	5	0.3646	5.495	0.9303	2	0	0
录	5F55	5	0.4083	5.240	0.9495	2	1	0
彖	5F56	5	0.3787	6.379	0.9315	2	0	0
彗	5F57	5	0.4471	5.944	0.9837	3	1	1
彘	5F58	5	0.4038	6.469	0.9221	4	0	0
彙	5F59	5	0.4320	7.687	0.9406	4	1	1
彚	5F5A	5	0.4438	7.444	0.9455	4	0	0
彛	5F5B	5	0.3969	7.341	0.9154	2	0	0
彜	5F5C	5	0.4246	7.549	0.8992	2	0	0
彝	5F5D	5	0.4201	7.728	0.8952	3	0	0
彞	5F5E	5	0.4015	7.608	0.8964	3	0	0
彟	5F5F	5	0.4704	7.426	0.9245	5	0	0
彠	5F60	5	0.4822	8.288	0.9374	6	0	0
彡	5F61	5	0.2463	3.668	0.9580	1	0	0
形	5F62	5	0.3240	4.948	0.9677	3	1	0
彣	5F63	5	0.3092	5.508	0.9167	2	0	0
彤	5F64	5	0.3299	5.368	0.9387	2	0	0
彥	5F65	5	0.3704	6.239	0.8907	2	1	0
彦	5F66	5	0.3492	5.505	0.9280	3	1	0
彧	5F67	5	0.3802	6.102	0.9265	3	0	0
彨	5F68	5	0.3683	6.876	0.9118	6	0	0
彩	5F69	5	0.3107	5.807	0.9191	3	1	0
彪	5F6A	5	0.3506	6.456	0.9201	3	1	1
彫	5F6B	5	0.3815	6.339	0.9410	3	1	0
彬	5F6C	5	0.3738	5.750	0.9290	3	1	0
彭	5F6D	5	0.3723	5.770	0.9698	5	1	0
彮	5F6E	5	0.3219	6.139	0.9358	3	0	0
彯	5F6F	5	0.3954	6.454	0.9278	3	0	0
彰	5F70	5	0.3521	5.964	0.9351	3	1	1
影	5F71	5	0.3462	6.560	0.9700	5	1	1
彲	5F72	5	0.3969	7.724	0.9013	7	0	0
彳	5F73	5	0.2486	2.957	0.9141	1	0	0
彴	5F74	5	0.2908	4.434	0.9035	3	0	0
彵	5F75	5	0.3698	5.271	0.9121	2	0	0
彶	5F76	5	0.3491	5.731	0.9299	2	0	0
彷	5F77	5	0.3136	4.761	0.9304	2	0	0
彸	5F78	5	0.2923	5.094	0.9065	3	0	0
役	5F79	5	0.3536	5.546	0.9360	3	1	0
彺	5F7A	5	0.3077	4.391	0.9767	2	0	0
彻	5F7B	5	0.3646	5.560	0.8693	3	1	0
彼	5F7C	5	0.4062	5.841	0.9133	2	1	0
彽	5F7D	5	0.3299	5.584	0.9127	3	0	0
彾	5F7E	5	0.2870	5.146	0.9155	4	0	0
彿	5F7F	5	0.4246	5.837	0.9274	2	0	0
往	5F80	5	0.2973	4.639	0.9487	3	1	0
征	5F81	5	0.3105	4.505	0.9610	3	1	0
徂	5F82	5	0.3609	4.779	0.9859	2	0	0
徃	5F83	5	0.3328	4.751	0.9552	2	0	0
径	5F84	5	0.3358	5.484	0.9501	2	1	0
待	5F85	5	0.3373	4.917	0.9583	3	1	0
徆	5F86	5	0.3964	5.644	0.9779	2	0	0
徇	5F87	5	0.3800	5.244	0.9397	3	0	0
很	5F88	5	0.3698	5.643	0.9524	2	1	0
徉	5F89	5	0.3240	4.827	0.9362	2	0	0
徊	5F8A	5	0.4031	5.189	0.9635	3	0	0
律	5F8B	5	0.3964	5.332	0.9594	2	1	1
後	5F8C	5	0.3787	6.366	0.9091	2	1	0
徍	5F8D	5	0.3536	5.053	0.9667	3	0	0
徎	5F8E	5	0.3831	5.381	0.9828	3	0	0
徏	5F8F	5	0.3358	5.275	0.9406	3	0	0
徐	5F90	5	0.3536	5.772	0.9369	4	1	0
徑	5F91	5	0.3757	6.170	0.9164	6	1	0
徒	5F92	5	0.3639	5.306	0.9134	3	1	0
従	5F93	5	0.3362	5.395	0.9247	3	1	0
徔	5F94	5	0.3276	5.351	0.9423	3	0	0
徕	5F95	5	0.3624	5.649	0.9600	2	0	0
徖	5F96	5	0.3476	5.521	0.9305	3	0	0
得	5F97	5	0.4024	5.688	0.9197	2	1	0
徘	5F98	5	0.3580	5.130	0.9597	2	0	0
徙	5F99	5	0.3575	5.390	0.9578	3	1	0
徚	5F9A	5	0.4038	6.019	0.9649	2	0	0
徛	5F9B	5	0.3891	5.807	0.9405	4	0	0
徜	5F9C	5	0.3892	5.779	0.9050	4	0	0
徝	5F9D	5	0.4231	5.770	0.9690	3	0	0
從	5F9E	5	0.3506	5.757	0.8920	2	1	0
徟	5F9F	5	0.3958	5.824	0.9563	3	0	0
徠	5FA0	5	0.3654	5.900	0.9386	2	0	0
御	5FA1	5	0.4323	5.804	0.9441	3	1	0
徢	5FA2	5	0.4512	6.206	0.9451	2	0	0
徣	5FA3	5	0.4068	5.506	0.9605	4	0	0
徤	5FA4	5	0.4364	6.965	0.9222	3	0	0
徥	5FA5	5	0.4172	6.062	0.9040	4	0	0
徦	5FA6	5	0.4157	6.248	0.9295	3	0	0
徧	5FA7	5	0.4662	6.466	0.9197	3	0	0
徨	5FA8	5	0.4281	5.862	0.9848	3	0	0
復	5FA9	5	0.3964	6.349	0.8996	3	1	0
循	5FAA	5	0.4038	6.235	0.9531	3	1	0
徫	5FAB	5	0.3817	5.808	0.9536	4	0	0
徬	5FAC	5	0.3613	5.832	0.9299	3	0	0
徭	5FAD	5	0.3920	6.331	0.9173	2	0	0
微	5FAE	5	0.4009	6.639	0.9269	3	1	1
徯	5FAF	5	0.3979	6.976	0.8608	3	0	0
徰	5FB0	5	0.3964	5.918	0.9099	5	0	0
徱	5FB1	5	0.4379	6.555	0.9417	3	0	0
徲	5FB2	5	0.4334	6.977	0.9509	3	0	0
徳	5FB3	5	0.4142	6.236	0.9405	2	1	1
徴	5FB4	5	0.4334	6.526	0.9165	4	1	1
徵	5FB5	5	0.4246	6.828	0.8985	2	1	1
徶	5FB6	5	0.4867	7.818	0.8412	3	0	0
德	5FB7	5	0.4290	6.706	0.9154	2	1	1
徸	5FB8	5	0.4379	6.567	0.9321	4	0	0
徹	5FB9	5	0.4330	6.897	0.9039	2	1	1
徺	5FBA	5	0.4393	6.567	0.9019	5	0	0
徻	5FBB	5	0.3490	6.690	0.9301	4	0	0
徼	5FBC	5	0.4201	6.885	0.9133	3	0	0
徽	5FBD	5	0.4423	7.565	0.8922	4	1	1
徾	5FBE	5	0.4320	7.061	0.9260	4	0	0
徿	5FBF	5	0.4719	7.344	0.9008	2	0	0
忀	5FC0	5	0.4615	7.386	0.9400	3	0	0
忁	5FC1	5	0.3960	7.911	0.9358	6	0	0
忂	5FC2	5	0.4723	7.173	0.9544	3	0	0
心	5FC3	5	0.2071	3.223	0.9492	1	0	0
忄	5FC4	5	0.2959	2.113	0.9921	1	0	0
必	5FC5	5	0.2796	4.575	0.9499	1	1	0
忆	5FC6	5	0.2892	4.407	0.9713	2	1	0
忇	5FC7	5	0.3169	4.266	0.9439	2	0	0
忈	5FC8	5	0.2933	4.084	0.9496	2	0	0
忉	5FC9	5	0.3246	4.545	0.9292	2	0	0
忊	5FCA	5	0.2337	3.365	0.9486	2	0	0
忋	5FCB	5	0.2944	4.291	0.9142	2	0	0
忌	5FCC	5	0.3538	4.823	0.9565	2	1	0
忍	5FCD	5	0.3472	5.044	0.9458	3	1	0
忎	5FCE	5	0.2855	4.448	0.9424	2	0	0
忏	5FCF	5	0.2618	3.781	0.9715	2	0	0
忐	5FD0	5	0.2751	4.196	0.9579	2	0	0
忑	5FD1	5	0.2831	4.035	0.9321	2	0	0
忒	5FD2	5	0.3047	5.141	0.9155	2	0	0
忓	5FD3	5	0.2914	3.769	0.9541	2	0	0
忔	5FD4	5	0.3092	4.887	0.9011	3	0	0
忕	5FD5	5	0.2855	4.332	0.9323	2	0	0
忖	5FD6	5	0.2973	3.899	0.9618	2	0	0
志	5FD7	5	0.3003	4.525	0.9651	2	1	0
忘	5FD8	5	0.2811	4.421	0.9430	2	1	0
忙	5FD9	5	0.2559	3.752	0.9411	2	1	0
忚	5FDA	5	0.3565	5.236	0.9220	2	0	0
忛	5FDB	5	0.3284	4.952	0.9437	3	0	0
応	5FDC	5	0.3077	4.683	0.9369	2	1	0
忝	5FDD	5	0.3314	5.533	0.9523	3	0	0
忞	5FDE	5	0.3195	5.403	0.9468	2	0	0
忟	5FDF	5	0.3121	4.938	0.9426	2	0	0
忠	5FE0	5	0.3323	4.684	0.9672	2	1	0
忡	5FE1	5	0.3338	4.066	0.9852	2	0	0
忢	5FE2	5	0.3754	4.862	0.9647	2	0	0
忣	5FE3	5	0.3595	5.677	0.9153	2	0	0
忤	5FE4	5	0.2825	3.928	0.9792	3	0	0
忥	5FE5	5	0.3506	5.632	0.9356	4	0	0
忦	5FE6	5	0.2781	4.546	0.9348	3	0	0
忧	5FE7	5	0.3195	4.978	0.9234	2	0	0
忨	5FE8	5	0.3092	4.656	0.9294	3	0	0
忩	5FE9	5	0.3046	5.235	0.9019	3	0	0
忪	5FEA	5	0.3015	5.002	0.9423	3	0	0
快	5FEB	5	0.3447	4.922	0.9612	2	1	0
忬	5FEC	5	0.2988	4.672	0.9343	2	0	0
忭	5FED	5	0.2530	3.882	0.9506	3	0	0
忮	5FEE	5	0.3373	5.067	0.9639	3	0	0
忯	5FEF	5	0.3491	5.197	0.9361	2	0	0
忰	5FF0	5	0.3033	4.627	0.9518	3	0	0
忱	5FF1	5	0.3314	4.615	0.9375	2	0	0
忲	5FF2	5	0.3033	4.591	0.9551	3	0	0
忳	5FF3	5	0.3462	4.970	0.9386	2	0	0
忴	5FF4	5	0.2855	4.709	0.9393	4	0	0
念	5FF5	5	0.2963	5.417	0.9216	4	1	0
忶	5FF6	5	0.3047	4.698	0.9421	3	0	0
忷	5FF7	5	0.3954	5.423	0.9256	3	0	0
忸	5FF8	5	0.3575	4.910	0.9870	2	0	0
忹	5FF9	5	0.3003	4.312	0.9767	2	0	0
忺	5FFA	5	0.3033	4.899	0.9500	2	0	0
忻	5FFB	5	0.2914	4.432	0.9590	2	0	0
忼	5FFC	5	0.3062	4.586	0.9393	3	0	0
忽	5FFD	5	0.3369	5.620	0.9388	3	1	0
忾	5FFE	5	0.2988	4.543	0.9058	4	0	0
忿	5FFF	5	0.3154	5.396	0.9220	3	0	0
怀	6000	5	0.3046	4.548	0.9262	2	1	0
态	6001	5	0.3477	5.539	0.9190	3	1	0
怂	6002	5	0.3253	5.015	0.9283	3	0	0
怃	6003	5	0.3432	4.881	0.9496	2	0	0
怄	6004	5	0.3521	5.553	0.9385	3	0	0
怅	6005	5	0.3299	5.128	0.9489	2	0	0
怆	6006	5	0.3314	5.162	0.9202	3	0	0
怇	6007	5	0.3432	4.750	0.9990	2	0	0
怈	6008	5	0.3713	4.996	0.9662	2	0	0
怉	6009	5	0.3757	5.486	0.9255	3	0	0
怊	600A	5	0.3692	5.192	0.9593	3	0	0
怋	600B	5	0.3861	5.518	0.9270	2	0	0
怌	600C	5	0.3225	4.958	0.9696	3	0	0
怍	600D	5	0.2929	4.173	0.9724	2	0	0
怎	600E	5	0.3154	4.909	0.9420	2	1	0
怏	600F	5	0.3254	5.151	0.9706	2	0	0
怐	6010	5	0.3554	4.857	0.9111	3	0	0
怑	6011	5	0.3447	4.673	0.9506	2	0	0
怒	6012	5	0.3817	6.374	0.9367	3	1	1
怓	6013	5	0.3876	6.405	0.9158	3	0	0
怔	6014	5	0.3240	4.577	0.9790	3	0	0
怕	6015	5	0.3554	4.315	0.9632	2	1	0
怖	6016	5	0.3550	5.061	0.9803	3	1	0
怗	6017	5	0.3062	4.244	0.9605	3	0	0
怘	6018	5	0.3615	5.050	0.9601	3	0	0
怙	6019	5	0.3284	4.413	0.9542	3	0	0
怚	601A	5	0.3876	4.795	0.9786	2	0	0
怛	601B	5	0.3565	4.736	0.9704	3	0	0
怜	601C	5	0.3015	4.956	0.9235	4	0	0
思	601D	5	0.4217	5.024	0.9681	2	1	0
怞	601E	5	0.3954	4.582	0.9689	2	0	0
怟	601F	5	0.3609	5.538	0.9442	3	0	0
怠	6020	5	0.3462	5.469	0.9270	3	0	0
怡	6021	5	0.3284	4.865	0.9565	3	1	0
怢	6022	5	0.3343	4.987	0.9718	3	0	0
怣	6023	5	0.3692	5.848	0.9603	3	0	0
怤	6024	5	0.3062	5.136	0.9361	3	0	0
急	6025	5	0.3831	5.615	0.9428	3	1	0
怦	6026	5	0.3136	4.767	0.9588	2	0	0
性	6027	5	0.3565	4.687	0.9437	2	1	0
怨	6028	5	0.3683	5.900	0.9735	3	1	1
怩	6029	5	0.3713	5.554	0.9280	3	0	0
怪	602A	5	0.3654	5.531	0.9735	3	1	0
怫	602B	5	0.4231	5.735	0.9168	2	0	0
怬	602C	5	0.4292	5.160	0.9683	2	0	0
怭	602D	5	0.3550	5.886	0.9116	2	0	0
怮	602E	5	0.3492	6.024	0.9069	3	0	0
怯	602F	5	0.3314	4.900	0.9615	3	0	0
怰	6030	5	0.3476	5.432	0.9169	2	0	0
怱	6031	5	0.3536	5.891	0.9051	3	0	0
怲	6032	5	0.3802	5.481	0.9614	3	0	0
怳	6033	5	0.3521	4.942	0.9223	3	0	0
怴	6034	5	0.3757	5.845	0.9542	2	0	0
怵	6035	5	0.3151	5.214	0.9331	3	0	0
怶	6036	5	0.3905	5.793	0.9427	2	0	0
怷	6037	5	0.3567	5.196	0.9267	3	0	0
怸	6038	5	0.3195	5.457	0.9198	3	0	0
怹	6039	5	0.3476	5.668	0.9399	3	0	0
怺	603A	5	0.3328	5.324	0.9283	2	0	0
总	603B	5	0.3123	4.686	0.9425	2	1	0
怼	603C	5	0.3686	5.761	0.9349	3	0	0
怽	603D	5	0.3373	4.965	0.9567	2	0	0
怾	603E	5	0.3292	4.578	0.9405	3	0	0
怿	603F	5	0.3802	5.551	0.9735	2	0	0
恀	6040	5	0.3402	5.793	0.9095	3	0	0
恁	6041	5	0.3536	5.495	0.9414	4	0	0
恂	6042	5	0.3800	5.094	0.9388	3	0	0
恃	6043	5	0.3462	4.870	0.9556	3	0	0
恄	6044	5	0.3536	4.904	0.9647	3	0	0
恅	6045	5	0.3669	5.460	0.9439	3	0	0
恆	6046	5	0.3624	5.458	0.9690	3	1	0
恇	6047	5	0.3802	5.433	0.9633	3	0	0
恈	6048	5	0.3417	5.159	0.9697	3	0	0
恉	6049	5	0.3772	5.290	0.9889	3	0	0
恊	604A	5	0.4092	6.251	0.9303	4	0	0
恋	604B	5	0.3369	5.327	0.9343	5	1	0
恌	604C	5	0.3654	5.856	0.9293	2	0	0
恍	604D	5	0.3506	5.355	0.9086	4	0	0
恎	604E	5	0.3787	5.470	0.9528	3	0	0
恏	604F	5	0.3728	5.907	0.9507	3	0	0
恐	6050	5	0.3662	5.580	0.9137	4	1	1
恑	6051	5	0.3609	5.652	0.9425	4	0	0
恒	6052	5	0.3698	5.112	0.9969	4	1	0
恓	6053	5	0.4216	5.610	0.9667	2	0	0
恔	6054	5	0.3210	5.426	0.9278	3	0	0
恕	6055	5	0.3692	5.770	0.9230	3	0	0
恖	6056	5	0.3669	5.902	0.9384	3	0	0
恗	6057	5	0.3669	5.546	0.9432	4	0	0
恘	6058	5	0.3432	5.618	0.9414	3	0	0
恙	6059	5	0.3800	5.604	0.9294	2	0	0
恚	605A	5	0.4053	5.947	0.9715	3	0	0
恛	605B	5	0.4200	5.139	0.9896	3	0	0
恜	605C	5	0.2929	5.130	0.9634	3	0	0
恝	605D	5	0.3506	5.743	0.9312	2	0	0
恞	605E	5	0.4098	6.033	0.9308	2	0	0
恟	605F	5	0.3585	6.051	0.8996	4	0	0
恠	6060	5	0.3506	5.126	0.9454	3	0	0
恡	6061	5	0.3609	6.255	0.9285	2	0	0
恢	6062	5	0.3432	5.989	0.9248	3	1	0
恣	6063	5	0.3494	5.721	0.9247	3	0	0
恤	6064	5	0.3891	5.569	0.9668	3	0	0
恥	6065	5	0.3669	5.405	0.9139	2	1	0
恦	6066	5	0.3831	4.895	0.9530	3	0	0
恧	6067	5	0.3936	5.193	0.9599	2	0	0
恨	6068	5	0.3831	5.589	0.9497	2	1	0
恩	6069	5	0.4208	5.756	0.9367	3	1	0
恪	606A	5	0.3728	5.471	0.9386	3	0	0
恫	606B	5	0.4138	5.192	0.9711	3	0	0
恬	606C	5	0.3595	4.851	0.9158	2	0	0
恭	606D	5	0.3402	5.288	0.9636	3	1	0
恮	606E	5	0.3299	5.106	0.9228	3	0	0
息	606F	5	0.3570	5.199	0.9459	2	1	0
恰	6070	5	0.3314	5.029	0.9671	4	1	0
恱	6071	5	0.3210	5.667	0.9216	4	0	0
恲	6072	5	0.3343	5.060	0.9311	5	0	0
恳	6073	5	0.4000	5.950	0.9392	2	0	0
恴	6074	5	0.4015	5.749	0.9584	3	0	0
恵	6075	5	0.4369	5.705	1.0027	2	1	1
恶	6076	5	0.4117	5.442	0.9532	2	1	0
恷	6077	5	0.3477	5.612	0.9319	3	0	0
恸	6078	5	0.3923	5.792	0.9213	4	0	0
恹	6079	5	0.3595	5.900	0.9713	3	0	0
恺	607A	5	0.3654	5.186	0.9308	3	0	0
恻	607B	5	0.4077	6.275	0.9474	3	0	0
恼	607C	5	0.3938	5.923	0.9232	2	0	0
恽	607D	5	0.3683	5.303	0.9755	3	0	0
恾	607E	5	0.3120	4.693	0.9372	3	0	0
恿	607F	5	0.4138	6.030	0.9667	3	0	0
悀	6080	5	0.4569	5.674	0.9516	3	0	0
悁	6081	5	0.4092	5.174	0.9660	3	0	0
悂	6082	5	0.3624	5.587	0.8988	3	0	0
悃	6083	5	0.4262	5.872	0.9439	3	0	0
悄	6084	5	0.3728	5.452	0.9525	3	0	0
悅	6085	5	0.3506	5.418	0.9051	3	0	0
悆	6086	5	0.3689	6.325	0.9183	4	0	0
悇	6087	5	0.3462	5.625	0.9573	4	0	0
悈	6088	5	0.3861	6.226	0.9298	3	0	0
悉	6089	5	0.3757	6.293	0.9382	2	1	0
悊	608A	5	0.3521	5.564	0.9401	3	0	0
悋	608B	5	0.3817	5.644	0.9508	3	0	0
悌	608C	5	0.3985	5.874	0.9180	5	0	0
悍	608D	5	0.3713	5.165	0.9681	3	0	0
悎	608E	5	0.3669	5.249	0.9563	3	0	0
悏	608F	5	0.3565	5.865	0.8918	2	0	0
悐	6090	5	0.3402	6.264	0.9302	3	0	0
悑	6091	5	0.4275	5.739	0.9450	2	0	0
悒	6092	5	0.3846	5.399	0.9189	2	0	0
悓	6093	5	0.3891	5.546	0.9328	2	0	0
悔	6094	5	0.4024	6.177	0.9043	3	1	1
悕	6095	5	0.3905	5.990	0.9310	4	0	0
悖	6096	5	0.3565	5.247	0.9386	3	0	0
悗	6097	5	0.3935	5.565	0.8847	3	0	0
悘	6098	5	0.4031	6.432	0.9233	3	0	0
悙	6099	5	0.3343	5.138	0.9394	4	0	0
悚	609A	5	0.3950	5.437	0.9692	2	0	0
悛	609B	5	0.3728	6.554	0.9061	4	0	0
悜	609C	5	0.3746	5.380	0.9629	3	0	0
悝	609D	5	0.4275	5.547	0.9880	3	0	0
悞	609E	5	0.3950	5.717	0.9514	3	0	0
悟	609F	5	0.3950	5.356	0.9946	3	1	0
悠	60A0	5	0.3683	6.107	0.9352	3	1	1
悡	60A1	5	0.3662	5.729	0.9499	3	0	0
悢	60A2	5	0.3817	5.514	0.9451	3	0	0
患	60A3	5	0.4400	5.841	0.9590	2	1	1
悤	60A4	5	0.3802	6.258	0.9017	3	0	0
悥	60A5	5	0.3232	6.369	0.9828	2	0	0
悦	60A6	5	0.3609	5.255	0.9081	3	1	0
悧	60A7	5	0.4046	5.355	0.9460	3	0	0
您	60A8	5	0.3508	5.885	0.9258	4	0	0
悩	60A9	5	0.3785	6.105	0.8832	4	1	0
悪	60AA	5	0.4967	5.702	0.9425	2	1	1
悫	60AB	5	0.4583	6.634	0.9428	4	0	0
悬	60AC	5	0.4240	6.041	0.9403	3	1	1
悭	60AD	5	0.3974	6.222	0.9517	3	0	0
悮	60AE	5	0.3713	5.483	0.9715	4	0	0
悯	60AF	5	0.4046	5.907	0.9458	3	0	0
悰	60B0	5	0.3402	5.448	0.9214	3	0	0
悱	60B1	5	0.3476	5.124	0.9467	2	0	0
悲	60B2	5	0.3609	5.695	0.9390	2	1	0
悳	60B3	5	0.4123	6.761	0.9704	2	0	0
悴	60B4	5	0.3299	5.219	0.9317	3	0	0
悵	60B5	5	0.3677	5.917	0.9605	2	0	0
悶	60B6	5	0.5083	5.209	0.9785	2	0	0
悷	60B7	5	0.3609	6.472	0.9233	3	0	0
悸	60B8	5	0.3521	5.947	0.9410	3	0	0
悹	60B9	5	0.4407	6.126	0.9388	3	0	0
悺	60BA	5	0.3462	5.245	0.9808	3	0	0
悻	60BB	5	0.3565	5.160	0.9393	3	0	0
悼	60BC	5	0.3402	5.043	0.9914	4	1	0
悽	60BD	5	0.4541	6.572	0.9110	3	0	0
悾	60BE	5	0.2929	5.486	0.9332	4	0	0
悿	60BF	5	0.3654	5.991	0.9629	4	0	0
惀	60C0	5	0.3989	5.840	0.9411	4	0	0
惁	60C1	5	0.3631	5.800	0.9253	3	0	0
惂	60C2	5	0.3738	5.538	0.9006	3	0	0
惃	60C3	5	0.4290	5.989	0.9344	3	0	0
惄	60C4	5	0.3683	6.381	0.9433	4	0	0
情	60C5	5	0.4112	6.062	0.9721	2	1	1
惆	60C6	5	0.4123	5.868	0.9705	3	0	0
惇	60C7	5	0.3787	5.673	0.9424	4	0	0
惈	60C8	5	0.4260	5.947	0.9539	2	0	0
惉	60C9	5	0.3402	5.598	0.9413	4	0	0
惊	60CA	5	0.3462	5.372	0.9464	4	1	0
惋	60CB	5	0.3698	6.303	0.9249	4	0	0
惌	60CC	5	0.4439	6.709	0.9321	4	0	0
惍	60CD	5	0.3728	5.885	0.9118	2	0	0
惎	60CE	5	0.3905	6.145	0.9639	3	0	0
惏	60CF	5	0.3831	5.849	0.8976	3	0	0
惐	60D0	5	0.3891	6.252	0.9290	3	0	0
惑	60D1	5	0.3846	6.469	0.9305	3	1	1
惒	60D2	5	0.3692	5.760	0.9189	3	0	0
惓	60D3	5	0.4024	6.341	0.8916	3	0	0
惔	60D4	5	0.3477	6.165	0.9146	3	0	0
惕	60D5	5	0.4308	6.199	0.9564	4	0	0
惖	60D6	5	0.3917	6.328	0.9537	4	0	0
惗	60D7	5	0.3343	6.144	0.9014	5	0	0
惘	60D8	5	0.4292	5.892	0.9357	3	0	0
惙	60D9	5	0.4172	7.402	0.9062	5	0	0
惚	60DA	5	0.3654	6.391	0.9273	4	0	0
惛	60DB	5	0.4112	6.154	0.9469	3	0	0
惜	60DC	5	0.3964	5.202	0.9945	4	1	0
惝	60DD	5	0.3938	5.816	0.8971	4	0	0
惞	60DE	5	0.3536	6.398	0.9198	3	0	0
惟	60DF	5	0.3891	5.377	0.9513	2	1	0
惠	60E0	5	0.4391	6.694	0.9653	2	1	1
惡	60E1	5	0.4433	5.498	0.9449	2	1	1
惢	60E2	5	0.3180	6.035	0.9368	3	0	0
惣	60E3	5	0.3817	6.563	0.9289	4	0	0
惤	60E4	5	0.3802	6.308	0.9085	3	0	0
惥	60E5	5	0.3994	6.285	0.9607	4	0	0
惦	60E6	5	0.3846	5.365	0.9535	4	0	0
惧	60E7	5	0.4201	5.817	0.9223	3	1	0
惨	60E8	5	0.3683	6.695	0.9191	3	1	0
惩	60E9	5	0.3677	5.745	0.9397	4	0	0
惪	60EA	5	0.4391	6.757	0.9544	3	0	0
惫	60EB	5	0.4092	6.727	0.9358	3	0	0
惬	60EC	5	0.3831	6.558	0.9707	3	0	0
惭	60ED	5	0.3964	6.046	0.9479	3	0	0
惮	60EE	5	0.3787	5.736	0.9454	4	0	0
惯	60EF	5	0.4053	6.173	0.9283	3	1	1
惰	60F0	5	0.4334	6.093	0.9469	2	0	0
惱	60F1	5	0.4092	6.930	0.8764	2	0	0
惲	60F2	5	0.3964	5.918	0.9943	3	0	0
想	60F3	5	0.4169	5.961	0.9441	3	1	1
惴	60F4	5	0.3876	5.793	0.9693	3	0	0
惵	60F5	5	0.4216	6.023	0.9291	3	0	0
惶	60F6	5	0.4231	5.817	0.9289	3	0	0
惷	60F7	5	0.3723	7.010	0.9635	3	0	0
惸	60F8	5	0.3905	6.010	0.9245	2	0	0
惹	60F9	5	0.4369	6.204	0.9422	4	1	1
惺	60FA	5	0.4349	6.103	0.9107	3	0	0
惻	60FB	5	0.4262	5.683	0.9395	3	0	0
惼	60FC	5	0.4400	6.414	0.9171	3	0	0
惽	60FD	5	0.4231	6.420	0.9465	3	0	0
惾	60FE	5	0.3994	6.990	0.9188	2	0	0
惿	60FF	5	0.4201	6.053	0.9119	4	0	0
愀	6100	5	0.3550	6.447	0.9396	3	0	0
愁	6101	5	0.3713	6.432	0.8940	3	0	0
愂	6102	5	0.4295	6.667	0.9365	4	0	0
愃	6103	5	0.4038	5.790	0.8980	5	0	0
愄	6104	5	0.4305	6.191	0.9474	4	0	0
愅	6105	5	0.3905	5.331	0.9740	2	0	0
愆	6106	5	0.3354	5.955	0.9226	5	0	0
愇	6107	5	0.3654	6.022	0.9580	4	0	0
愈	6108	5	0.3476	6.598	0.9100	5	1	1
愉	6109	5	0.3447	6.369	0.9297	5	0	0
愊	610A	5	0.4615	5.806	0.9716	3	0	0
愋	610B	5	0.4024	7.014	0.9075	5	0	0
愌	610C	5	0.4038	6.362	0.8886	5	0	0
愍	610D	5	0.4393	6.835	0.8976	3	0	0
愎	610E	5	0.3669	6.428	0.9125	3	0	0
意	610F	5	0.3831	6.473	0.9443	2	1	1
愐	6110	5	0.4408	5.986	0.9703	2	0	0
愑	6111	5	0.4446	6.586	0.8811	4	0	0
愒	6112	5	0.4477	6.571	0.9085	5	0	0
愓	6113	5	0.4453	6.541	0.9408	5	0	0
愔	6114	5	0.3920	5.667	0.9458	2	0	0
愕	6115	5	0.3817	5.676	0.9544	5	0	0
愖	6116	5	0.4201	6.129	0.9320	4	0	0
愗	6117	5	0.3979	6.856	0.8863	3	0	0
愘	6118	5	0.4207	6.177	0.9342	4	0	0
愙	6119	5	0.4213	6.811	0.9011	4	0	0
愚	611A	5	0.4500	6.344	0.9690	3	1	1
愛	611B	5	0.4615	7.154	0.8367	3	1	1
愜	611C	5	0.4083	6.761	0.9348	3	0	0
愝	611D	5	0.4408	6.865	0.9664	4	0	0
愞	611E	5	0.3935	6.232	0.9381	3	0	0
感	611F	5	0.3892	6.699	0.9157	4	1	1
愠	6120	5	0.4512	5.851	0.9597	3	0	0
愡	6121	5	0.3861	6.643	0.8916	4	0	0
愢	6122	5	0.3979	6.200	0.9349	3	0	0
愣	6123	5	0.4024	5.731	0.9395	2	0	0
愤	6124	5	0.3861	5.904	0.9479	4	0	0
愥	6125	5	0.3964	5.736	0.9455	3	0	0
愦	6126	5	0.3728	6.085	0.9734	3	0	0
愧	6127	5	0.4024	6.293	0.8876	2	0	0
愨	6128	5	0.4112	6.874	0.9121	2	0	0
愩	6129	5	0.3757	6.226	0.9544	3	0	0
愪	612A	5	0.4482	6.281	0.9125	3	0	0
愫	612B	5	0.4112	6.807	0.9127	3	0	0
愬	612C	5	0.4169	6.585	0.9140	4	0	0
愭	612D	5	0.4186	6.643	0.9467	4	0	0
愮	612E	5	0.3787	6.250	0.9446	2	0	0
愯	612F	5	0.3713	6.438	0.9350	3	0	0
愰	6130	5	0.4320	6.333	0.8928	5	0	0
愱	6131	5	0.4024	6.313	0.9200	3	0	0
愲	6132	5	0.4108	5.952	0.9373	3	0	0
愳	6133	5	0.4108	5.675	0.9990	2	0	0
愴	6134	5	0.3817	6.558	0.9326	5	0	0
愵	6135	5	0.4031	6.962	0.9097	3	0	0
愶	6136	5	0.3802	6.947	0.9273	5	0	0
愷	6137	5	0.3647	6.050	0.9167	5	0	0
愸	6138	5	0.4031	6.778	0.9101	3	0	0
愹	6139	5	0.3743	6.298	0.9405	3	0	0
愺	613A	5	0.4009	5.484	0.9644	4	0	0
愻	613B	5	0.4092	7.138	0.8759	4	0	0
愼	613C	5	0.4112	6.882	0.9528	5	0	0
愽	613D	5	0.4009	6.319	0.9526	3	0	0
愾	613E	5	0.3595	6.716	0.9134	5	0	0
愿	613F	5	0.4112	6.818	0.9210	3	1	1
慀	6140	5	0.3405	7.212	0.9140	3	0	0
慁	6141	5	0.4262	7.221	0.9055	3	0	0
慂	6142	5	0.3974	6.615	0.9446	4	0	0
慃	6143	5	0.3569	7.294	0.8664	4	0	0
慄	6144	5	0.4438	6.224	0.9393	3	0	0
慅	6145	5	0.3964	6.862	0.9248	4	0	0
慆	6146	5	0.3698	5.948	0.9052	3	0	0
慇	6147	5	0.3994	7.302	0.9060	4	0	0
慈	6148	5	0.3938	6.933	0.8897	3	1	1
慉	6149	5	0.4364	6.673	0.9200	3	0	0
慊	614A	5	0.4364	6.679	0.9285	3	0	0
態	614B	5	0.4201	7.093	0.9327	3	1	1
慌	614C	5	0.3447	5.836	0.9321	4	1	1
慍	614D	5	0.4160	6.139	0.9735	2	0	0
慎	614E	5	0.3654	6.284	0.9463	4	1	1
慏	614F	5	0.3861	6.272	0.9505	5	0	0
慐	6150	5	0.4017	7.252	0.9544	3	0	0
慑	6151	5	0.4393	7.202	0.9266	4	0	0
慒	6152	5	0.4512	6.326	1.0093	3	0	0
慓	6153	5	0.4364	6.559	0.9529	3	0	0
慔	6154	5	0.4260	6.281	0.9491	4	0	0
慕	6155	5	0.3979	7.141	0.9291	4	1	1
慖	6156	5	0.4862	7.154	0.9365	4	0	0
慗	6157	5	0.4024	6.777	0.9308	3	0	0
慘	6158	5	0.3536	7.510	0.9050	3	1	1
慙	6159	5	0.3698	6.426	0.9516	3	0	0
慚	615A	5	0.4172	6.389	0.9452	3	0	0
慛	615B	5	0.4379	6.081	0.9424	3	0	0
慜	615C	5	0.4046	7.165	0.9183	4	0	0
慝	615D	5	0.4633	7.091	0.9149	5	0	0
慞	615E	5	0.3683	5.941	0.9387	3	0	0
慟	615F	5	0.4615	6.774	0.9755	3	0	0
慠	6160	5	0.4172	6.579	0.9383	4	0	0
慡	6161	5	0.3920	7.289	0.8944	4	0	0
慢	6162	5	0.4024	6.880	0.9509	3	1	1
慣	6163	5	0.3994	6.748	0.9746	3	1	1
慤	6164	5	0.4138	7.471	0.8908	4	0	0
慥	6165	5	0.3950	6.505	0.9342	4	0	0
慦	6166	5	0.4343	7.064	0.9068	3	0	0
慧	6167	5	0.3646	7.409	0.9483	4	1	1
慨	6168	5	0.4290	6.680	0.9195	3	0	0
慩	6169	5	0.3713	6.553	0.9655	3	0	0
慪	616A	5	0.4275	6.263	0.9856	5	0	0
慫	616B	5	0.3728	6.682	0.8983	3	0	0
慬	616C	5	0.4586	6.279	0.9218	3	0	0
慭	616D	5	0.4262	6.814	0.9184	3	0	0
慮	616E	5	0.4246	7.264	0.9176	3	1	1
慯	616F	5	0.4231	6.978	0.9453	2	0	0
慰	6170	5	0.3565	6.764	0.9468	3	1	1
慱	6171	5	0.4172	6.543	0.9728	3	0	0
慲	6172	5	0.3946	6.824	0.9204	2	0	0
慳	6173	5	0.4112	6.500	0.9191	4	0	0
慴	6174	5	0.4446	6.617	0.9312	3	0	0
慵	6175	5	0.3994	7.115	0.9661	4	0	0
慶	6176	5	0.4393	8.042	0.9230	2	1	1
慷	6177	5	0.4288	7.048	0.9346	3	0	0
慸	6178	5	0.4142	6.739	0.9384	4	0	0
慹	6179	5	0.3654	6.652	0.9396	4	0	0
慺	617A	5	0.4246	6.827	0.9380	3	0	0
慻	617B	5	0.4379	6.447	0.9259	3	0	0
慼	617C	5	0.4024	7.092	0.9139	4	0	0
慽	617D	5	0.4379	7.283	0.8951	4	0	0
慾	617E	5	0.3772	6.869	0.9139	3	0	0
慿	617F	5	0.4138	7.035	0.9258	2	0	0
憀	6180	5	0.3654	7.456	0.8898	3	0	0
憁	6181	5	0.3728	7.028	0.9045	4	0	0
憂	6182	5	0.4367	7.660	0.9541	2	1	1
憃	6183	5	0.3698	7.239	0.9218	3	0	0
憄	6184	5	0.4127	6.973	0.9359	4	0	0
憅	6185	5	0.4262	7.399	0.9283	3	0	0
憆	6186	5	0.4157	5.850	0.9008	3	0	0
憇	6187	5	0.4142	6.187	0.9045	3	0	0
憈	6188	5	0.4216	6.776	0.9564	3	0	0
憉	6189	5	0.3772	6.525	0.9284	6	0	0
憊	618A	5	0.4172	6.997	0.9349	3	0	0
憋	618B	5	0.3677	7.342	0.9010	3	0	0
憌	618C	5	0.3974	7.237	0.9037	4	0	0
憍	618D	5	0.4305	6.723	0.9611	6	0	0
憎	618E	5	0.4046	6.386	0.9250	4	1	1
憏	618F	5	0.4009	6.961	0.9062	3	0	0
憐	6190	5	0.4201	6.981	0.9045	4	0	0
憑	6191	5	0.4208	6.929	0.8919	3	1	1
憒	6192	5	0.4053	6.632	0.9569	3	0	0
憓	6193	5	0.3861	7.194	0.9197	3	0	0
憔	6194	5	0.4127	6.463	0.9112	3	0	0
憕	6195	5	0.4024	6.606	0.9287	5	0	0
憖	6196	5	0.3920	7.011	0.9051	3	0	0
憗	6197	5	0.4112	7.102	0.8989	2	0	0
憘	6198	5	0.4320	6.393	0.9416	6	0	0
憙	6199	5	0.3538	7.456	0.9602	6	0	0
憚	619A	5	0.4453	6.026	0.9637	4	0	0
憛	619B	5	0.4112	6.471	0.9688	4	0	0
憜	619C	5	0.4689	6.924	0.9527	3	0	0
憝	619D	5	0.3757	7.093	0.9437	5	0	0
憞	619E	5	0.3994	6.841	0.8995	5	0	0
憟	619F	5	0.4571	6.621	0.9295	3	0	0
憠	61A0	5	0.4393	7.336	0.9149	5	0	0
憡	61A1	5	0.4290	6.554	0.9331	3	0	0
憢	61A2	5	0.4408	6.619	0.9385	5	0	0
憣	61A3	5	0.4615	6.716	0.9078	3	0	0
憤	61A4	5	0.3831	6.606	0.9286	4	1	1
憥	61A5	5	0.4519	7.593	0.8913	3	0	0
憦	61A6	5	0.4083	7.112	0.9140	3	0	0
憧	61A7	5	0.4098	6.740	0.9295	4	0	0
憨	61A8	5	0.4260	6.780	0.9417	4	0	0
憩	61A9	5	0.4408	6.461	0.9376	3	1	1
憪	61AA	5	0.4585	6.156	0.9722	3	0	0
憫	61AB	5	0.4108	6.322	0.8997	3	0	0
憬	61AC	5	0.3802	6.632	0.9663	5	0	0
憭	61AD	5	0.4112	6.359	0.9284	4	0	0
憮	61AE	5	0.4260	6.497	0.9146	3	0	0
憯	61AF	5	0.4172	6.998	0.9399	4	0	0
憰	61B0	5	0.4231	7.409	0.8812	4	0	0
憱	61B1	5	0.4393	6.918	0.9117	5	0	0
憲	61B2	5	0.3743	7.229	0.9257	2	1	1
憳	61B3	5	0.3536	6.759	0.9274	4	0	0
憴	61B4	5	0.4320	6.341	0.9553	2	0	0
憵	61B5	5	0.4334	6.391	0.9207	3	0	0
憶	61B6	5	0.3994	7.032	0.9134	3	1	1
憷	61B7	5	0.4201	6.625	0.8911	4	0	0
憸	61B8	5	0.3728	6.500	0.9109	7	0	0
憹	61B9	5	0.4231	7.478	0.9670	3	0	0
憺	61BA	5	0.3860	7.404	0.9382	4	0	0
憻	61BB	5	0.3639	7.280	0.9588	4	0	0
憼	61BC	5	0.4098	6.825	0.9271	5	0	0
憽	61BD	5	0.4354	7.179	0.9087	5	0	0
憾	61BE	5	0.3974	7.468	0.9207	5	0	0
憿	61BF	5	0.4453	7.062	0.8986	3	0	0
懀	61C0	5	0.3376	6.733	0.9196	4	0	0
懁	61C1	5	0.3964	6.915	0.9345	3	0	0
懂	61C2	5	0.4675	6.974	0.9155	3	0	0
懃	61C3	5	0.4108	7.275	0.9356	4	0	0
懄	61C4	5	0.4862	6.944	0.9338	4	0	0
懅	61C5	5	0.4260	7.639	0.9491	3	0	0
懆	61C6	5	0.4246	6.186	0.9357	5	0	0
懇	61C7	5	0.4172	7.975	0.9038	3	0	0
懈	61C8	5	0.4497	7.295	0.9148	3	0	0
應	61C9	5	0.4131	7.264	0.9313	2	1	1
懊	61CA	5	0.4112	7.163	0.9021	3	0	0
懋	61CB	5	0.3964	7.135	0.9217	4	0	0
懌	61CC	5	0.4601	6.366	0.9255	4	0	0
懍	61CD	5	0.4216	7.167	0.9564	3	0	0
懎	61CE	5	0.4408	6.916	0.9121	4	0	0
懏	61CF	5	0.4200	6.438	0.9376	3	0	0
懐	61D0	5	0.4112	6.875	0.9304	4	1	1
懑	61D1	5	0.4215	7.343	0.8857	3	0	0
懒	61D2	5	0.4708	7.430	0.9064	4	0	0
懓	61D3	5	0.4290	7.693	0.8650	4	0	0
懔	61D4	5	0.4112	7.255	0.9675	3	0	0
懕	61D5	5	0.4354	7.648	0.9281	5	0	0
懖	61D6	5	0.4154	6.902	0.9237	3	0	0
懗	61D7	5	0.4423	7.856	0.8984	3	0	0
懘	61D8	5	0.4423	7.284	0.8897	5	0	0
懙	61D9	5	0.4127	6.516	0.9562	3	0	0
懚	61DA	5	0.3831	7.912	0.9164	2	0	0
懛	61DB	5	0.4077	7.769	0.9091	6	0	0
懜	61DC	5	0.4038	6.819	0.9507	5	0	0
懝	61DD	5	0.4379	7.450	0.8931	3	0	0
懞	61DE	5	0.4288	7.591	0.9237	5	0	0
懟	61DF	5	0.3698	6.779	0.9446	3	0	0
懠	61E0	5	0.3950	6.885	0.9413	3	0	0
懡	61E1	5	0.4068	7.856	0.9126	5	0	0
懢	61E2	5	0.4117	6.781	0.9200	3	0	0
懣	61E3	5	0.3877	7.356	0.8908	3	0	0
懤	61E4	5	0.3743	7.656	0.9670	5	0	0
懥	61E5	5	0.4349	7.207	0.9285	4	0	0
懦	61E6	5	0.3946	6.936	0.9604	3	0	0
懧	61E7	5	0.4216	6.861	0.9239	4	0	0
懨	61E8	5	0.4689	7.531	0.9219	5	0	0
懩	61E9	5	0.4482	7.577	0.9093	5	0	0
懪	61EA	5	0.3989	7.205	0.9625	3	0	0
懫	61EB	5	0.3787	6.917	0.9119	4	0	0
懬	61EC	5	0.4186	8.160	0.9408	3	0	0
懭	61ED	5	0.4497	7.304	0.9488	3	0	0
懮	61EE	5	0.4231	7.956	0.9045	3	0	0
懯	61EF	5	0.4349	7.777	0.9304	4	0	0
懰	61F0	5	0.4800	7.785	0.9119	3	0	0
懱	61F1	5	0.4260	6.918	0.8978	4	0	0
懲	61F2	5	0.4009	7.502	0.9203	3	1	1
懳	61F3	5	0.3994	7.667	0.9356	5	0	0
懴	61F4	5	0.4438	7.012	0.9462	3	0	0
懵	61F5	5	0.4216	6.985	0.9526	3	0	0
懶	61F6	5	0.4675	7.503	0.8880	4	0	0
懷	61F7	5	0.3979	7.529	0.9323	4	1	1
懸	61F8	5	0.4015	8.071	0.8835	4	1	1
懹	61F9	5	0.4719	7.595	0.9520	3	0	0
懺	61FA	5	0.4512	7.600	0.9261	3	0	0
懻	61FB	5	0.4215	7.326	0.9515	6	0	0
懼	61FC	5	0.4320	7.322	0.9723	3	0	0
懽	61FD	5	0.4408	7.082	0.9471	5	0	0
懾	61FE	5	0.4541	7.130	0.9710	4	0	0
懿	61FF	5	0.4083	7.881	0.9129	7	1	1
戀	6200	5	0.3669	8.454	0.9054	2	1	1
戁	6201	5	0.4704	7.996	0.9116	3	0	0
戂	6202	5	0.4260	7.548	0.9351	5	0	0
戃	6203	5	0.4009	8.054	0.9312	3	0	0
戄	6204	5	0.4402	8.571	0.9424	4	0	0
戅	6205	5	0.4062	8.423	0.9314	5	0	0
戆	6206	5	0.4231	8.762	0.9350	4	0	0
戇	6207	5	0.4200	9.146	0.9315	4	0	0
戈	6208	5	0.3046	4.394	0.9479	1	0	0
戉	6209	5	0.3417	4.871	0.9421	1	0	0
戊	620A	5	0.2929	4.572	0.9506	1	1	0
戋	620B	5	0.3308	4.783	0.9435	1	0	0
戌	620C	5	0.3225	4.883	0.9413	2	0	0
戍	620D	5	0.3195	5.022	0.9344	2	0	0
戎	620E	5	0.3269	5.213	0.9185	2	1	0
戏	620F	5	0.3521	5.447	0.9603	2	1	0
成	6210	5	0.3639	5.278	0.9328	2	1	0
我	6211	5	0.3831	5.583	0.9473	1	1	0
戒	6212	5	0.3754	5.466	0.9417	2	1	0
戓	6213	5	0.3506	5.124	0.9382	2	0	0
戔	6214	5	0.4046	6.637	0.8961	2	0	0
戕	6215	5	0.3728	5.543	0.9402	2	0	0
或	6216	5	0.3846	5.515	0.9550	2	1	0
戗	6217	5	0.3683	5.899	0.9030	3	0	0
战	6218	5	0.3723	5.119	0.9553	3	1	0
戙	6219	5	0.4477	6.152	0.9296	3	0	0
戚	621A	5	0.4024	6.327	0.9514	3	1	1
戛	621B	5	0.4384	6.577	0.9366	2	0	0
戜	621C	5	0.4305	6.237	0.9373	3	0	0
戝	621D	5	0.4083	6.129	0.9288	2	0	0
戞	621E	5	0.4448	6.843	0.9206	2	0	0
戟	621F	5	0.4103	6.074	0.9586	2	0	0
戠	6220	5	0.4112	6.274	0.9073	2	0	0
戡	6221	5	0.4393	6.685	0.9306	4	0	0
戢	6222	5	0.4379	6.168	0.9072	3	0	0
戣	6223	5	0.4127	7.012	0.8996	4	0	0
戤	6224	5	0.4734	7.410	0.9031	4	0	0
戥	6225	5	0.4512	6.602	0.9176	3	0	0
戦	6226	5	0.4512	6.727	0.9147	3	1	1
戧	6227	5	0.4467	7.133	0.9235	5	0	0
戨	6228	5	0.3946	6.451	0.9672	5	0	0
戩	6229	5	0.4379	7.149	0.9099	3	0	0
截	622A	5	0.4334	6.607	0.9367	2	1	1
戫	622B	5	0.4260	6.775	0.9253	4	0	0
戬	622C	5	0.4571	6.961	0.9586	3	0	0
戭	622D	5	0.4586	6.866	0.9494	3	0	0
戮	622E	5	0.4068	8.153	0.8798	3	0	0
戯	622F	5	0.4482	7.490	0.9141	3	1	1
戰	6230	5	0.4660	6.862	0.9361	4	1	1
戱	6231	5	0.4186	7.297	0.9435	3	0	0
戲	6232	5	0.4186	7.735	0.9249	2	1	1
戳	6233	5	0.4645	7.873	0.8988	3	0	0
戴	6234	5	0.4556	7.465	0.9326	4	1	1
戵	6235	5	0.4512	7.485	0.9429	3	0	0
戶	6236	5	0.2745	3.388	0.9684	1	0	0
户	6237	5	0.2375	2.749	0.9628	1	1	0
戸	6238	5	0.2768	3.124	0.9858	1	1	0
戹	6239	5	0.3615	5.371	0.9010	2	0	0
戺	623A	5	0.3388	4.473	0.9459	2	0	0
戻	623B	5	0.3523	5.144	0.9473	2	1	0
戼	623C	5	0.3750	4.064	0.9790	2	0	0
戽	623D	5	0.3508	5.238	0.9580	2	0	0
戾	623E	5	0.3683	5.804	0.9303	2	0	0
房	623F	5	0.3877	5.559	0.9479	2	1	0
所	6240	5	0.3240	4.663	0.9452	2	1	0
扁	6241	5	0.4631	5.896	0.9435	2	1	0
扂	6242	5	0.3954	5.634	0.9711	3	0	0
扃	6243	5	0.4151	5.925	0.9477	3	0	0
扄	6244	5	0.4138	5.978	0.9491	3	0	0
扅	6245	5	0.4487	6.861	0.9025	3	0	0
扆	6246	5	0.4108	6.316	0.9272	2	0	0
扇	6247	5	0.4263	6.364	0.9141	2	1	0
扈	6248	5	0.4154	6.814	0.9349	2	0	0
扉	6249	5	0.4246	5.861	0.9555	2	1	0
扊	624A	5	0.3892	7.114	0.9051	3	0	0
手	624B	5	0.2692	3.585	0.9655	1	0	0
扌	624C	5	0.3210	2.878	0.9733	1	0	0
才	624D	5	0.2508	3.165	0.9701	1	1	0
扎	624E	5	0.2569	3.419	0.8940	2	1	0
扏	624F	5	0.3151	4.264	0.9335	2	0	0
扐	6250	5	0.3400	4.335	0.9061	2	0	0
扑	6251	5	0.2631	3.548	0.9393	2	1	0
扒	6252	5	0.2914	4.273	0.9536	2	0	0
打	6253	5	0.2633	3.354	0.9861	2	1	0
扔	6254	5	0.3323	4.720	0.9255	2	0	0
払	6255	5	0.2973	4.300	0.9348	2	1	0
扖	6256	5	0.2855	4.274	0.9234	2	0	0
扗	6257	5	0.2899	3.777	0.9775	2	0	0
托	6258	5	0.3107	4.286	0.8928	3	1	0
扙	6259	5	0.3195	4.583	0.9400	2	0	0
扚	625A	5	0.3092	4.356	0.8915	3	0	0
扛	625B	5	0.2796	3.675	0.9734	2	0	0
扜	625C	5	0.3018	3.923	0.9461	2	0	0
扝	625D	5	0.3033	4.201	0.9475	3	0	0
扞	625E	5	0.2885	3.726	0.9652	2	0	0
扟	625F	5	0.3225	4.514	0.9542	3	0	0
扠	6260	5	0.3462	5.260	0.9433	3	0	0
扡	6261	5	0.3757	5.123	0.9346	2	0	0
扢	6262	5	0.3417	4.909	0.8893	3	0	0
扣	6263	5	0.3526	3.863	0.9789	2	1	0
扤	6264	5	0.3358	4.562	0.9358	2	0	0
扥	6265	5	0.3136	4.380	0.8979	2	0	0
扦	6266	5	0.2737	3.728	0.9440	2	0	0
执	6267	5	0.3314	4.788	0.9277	2	1	0
扨	6268	5	0.3631	5.191	0.9282	3	0	0
扩	6269	5	0.2411	3.437	0.9233	2	1	0
扪	626A	5	0.3138	3.942	0.9141	2	0	0
扫	626B	5	0.3269	3.794	0.9571	2	0	0
扬	626C	5	0.3846	5.707	0.8995	2	1	0
扭	626D	5	0.3683	4.840	0.9645	2	0	0
扮	626E	5	0.3314	5.109	0.9239	3	1	0
扯	626F	5	0.3521	4.274	0.9494	2	0	0
扰	6270	5	0.3476	4.999	0.9194	2	1	0
扱	6271	5	0.3743	5.659	0.9278	2	1	0
扲	6272	5	0.2899	4.593	0.9505	4	0	0
扳	6273	5	0.3757	5.673	0.9488	3	0	0
扴	6274	5	0.2914	4.586	0.9184	3	0	0
扵	6275	5	0.2633	4.268	0.9327	3	0	0
扶	6276	5	0.3269	4.637	0.9497	2	1	0
扷	6277	5	0.3343	4.764	0.9606	3	0	0
扸	6278	5	0.3284	4.385	0.9430	2	0	0
批	6279	5	0.3521	4.988	0.9252	2	1	0
扺	627A	5	0.3669	5.173	0.9257	2	0	0
扻	627B	5	0.3254	4.879	0.9459	2	0	0
扼	627C	5	0.3891	5.435	0.9236	3	0	0
扽	627D	5	0.3565	4.894	0.9234	2	0	0
找	627E	5	0.3447	5.102	0.9423	2	1	0
承	627F	5	0.3600	5.194	0.9281	1	1	0
技	6280	5	0.3580	5.059	0.9314	3	1	0
抁	6281	5	0.3402	5.109	0.8996	3	0	0
抂	6282	5	0.3195	4.221	0.9658	2	0	0
抃	6283	5	0.2781	3.727	0.9081	3	0	0
抄	6284	5	0.2959	4.673	0.9357	3	1	0
抅	6285	5	0.3600	5.104	0.8963	3	0	0
抆	6286	5	0.3388	4.814	0.9309	2	0	0
抇	6287	5	0.3814	4.224	0.9786	2	0	0
抈	6288	5	0.4038	4.521	0.9734	2	0	0
抉	6289	5	0.3565	4.758	0.9498	2	0	0
把	628A	5	0.4053	4.861	0.9574	2	1	0
抋	628B	5	0.2973	4.639	0.9161	2	0	0
抌	628C	5	0.3402	4.794	0.9507	2	0	0
抍	628D	5	0.3388	4.673	0.9588	3	0	0
抎	628E	5	0.3151	4.567	0.9516	3	0	0
抏	628F	5	0.3269	4.613	0.9254	3	0	0
抐	6290	5	0.3877	4.930	0.9266	2	0	0
抑	6291	5	0.3569	4.826	0.9412	3	1	0
抒	6292	5	0.3151	4.596	0.9414	2	0	0
抓	6293	5	0.3506	5.155	0.9548	2	1	0
抔	6294	5	0.3018	4.271	0.9366	2	0	0
投	6295	5	0.3698	5.402	0.9228	3	1	1
抖	6296	5	0.2885	4.269	0.9369	2	0	0
抗	6297	5	0.3240	4.721	0.9084	3	1	0
折	6298	5	0.3166	4.380	0.9509	2	1	0
抙	6299	5	0.3595	4.529	0.9299	2	0	0
抚	629A	5	0.3580	4.837	0.9304	2	1	0
抛	629B	5	0.4053	5.960	0.9486	2	0	0
抜	629C	5	0.3713	5.361	0.9148	3	1	0
抝	629D	5	0.3554	5.424	0.8906	3	0	0
択	629E	5	0.3447	4.750	0.9676	2	1	0
抟	629F	5	0.3476	4.853	0.9430	2	0	0
抠	62A0	5	0.3683	5.442	0.9400	3	0	0
抡	62A1	5	0.3240	4.851	0.9237	3	0	0
抢	62A2	5	0.3550	5.150	0.8924	3	0	0
抣	62A3	5	0.3369	4.854	0.9043	3	0	0
护	62A4	5	0.3092	4.016	0.9699	2	1	0
报	62A5	5	0.4024	5.620	0.9649	2	1	0
抦	62A6	5	0.3969	5.377	0.8880	3	0	0
抧	62A7	5	0.3180	4.682	0.9447	3	0	0
抨	62A8	5	0.3180	4.648	0.9516	2	0	0
抩	62A9	5	0.4024	4.952	0.9631	2	0	0
抪	62AA	5	0.3698	4.904	0.9255	3	0	0
披	62AB	5	0.4053	5.803	0.9412	2	1	1
抬	62AC	5	0.3506	4.837	0.9463	3	0	0
抭	62AD	5	0.3447	4.828	0.9639	3	0	0
抮	62AE	5	0.2959	5.404	0.9253	2	0	0
抯	62AF	5	0.3846	4.875	0.9704	2	0	0
抰	62B0	5	0.3595	4.960	0.9577	2	0	0
抱	62B1	5	0.3802	5.370	0.9310	3	1	0
抲	62B2	5	0.3476	4.553	0.9714	3	0	0
抳	62B3	5	0.3935	5.471	0.9174	3	0	0
抴	62B4	5	0.3757	4.931	0.9672	2	0	0
抵	62B5	5	0.3639	5.403	0.9233	3	1	0
抶	62B6	5	0.3536	5.056	0.9547	3	0	0
抷	62B7	5	0.3254	4.904	0.9412	3	0	0
抸	62B8	5	0.3018	4.820	0.9056	3	0	0
抹	62B9	5	0.3550	4.885	0.9290	2	1	0
抺	62BA	5	0.3491	4.886	0.9407	2	0	0
抻	62BB	5	0.4185	4.350	0.9484	2	0	0
押	62BC	5	0.3969	4.393	0.9844	2	1	0
抽	62BD	5	0.4123	4.571	0.9663	2	1	0
抾	62BE	5	0.3476	4.764	0.9339	3	0	0
抿	62BF	5	0.3831	5.433	0.9592	2	0	0
拀	62C0	5	0.3595	4.842	0.9334	3	0	0
拁	62C1	5	0.4267	5.419	0.9561	3	0	0
拂	62C2	5	0.4385	5.689	0.9291	2	0	0
拃	62C3	5	0.2988	4.149	0.9549	2	0	0
拄	62C4	5	0.3225	4.370	0.9533	3	0	0
担	62C5	5	0.3595	4.762	0.9732	3	1	0
拆	62C6	5	0.3491	4.821	0.9352	2	1	0
拇	62C7	5	0.3920	5.552	0.9583	2	0	0
拈	62C8	5	0.3314	4.202	0.9794	3	0	0
拉	62C9	5	0.3062	4.624	0.9654	2	1	0
拊	62CA	5	0.3462	4.992	0.9054	3	0	0
拋	62CB	5	0.4112	6.097	0.9084	2	0	0
拌	62CC	5	0.3225	4.639	0.9535	2	0	0
拍	62CD	5	0.3782	4.268	0.9305	2	1	0
拎	62CE	5	0.3343	4.978	0.9195	4	0	0
拏	62CF	5	0.4275	6.591	0.9540	3	0	0
拐	62D0	5	0.3723	5.077	0.9221	3	0	0
拑	62D1	5	0.3669	4.562	0.9442	2	0	0
拒	62D2	5	0.3580	4.727	0.9764	2	1	0
拓	62D3	5	0.3550	4.806	0.9443	2	1	0
拔	62D4	5	0.3669	5.736	0.9153	2	1	0
拕	62D5	5	0.3269	4.641	0.9075	3	0	0
拖	62D6	5	0.3787	5.424	0.9679	2	1	1
拗	62D7	5	0.4062	6.009	0.8943	3	0	0
拘	62D8	5	0.3723	4.897	0.9145	3	1	0
拙	62D9	5	0.3738	4.727	0.9483	3	0	0
拚	62DA	5	0.3417	5.081	0.9208	3	0	0
招	62DB	5	0.3831	5.117	0.9579	3	1	0
拜	62DC	5	0.3669	5.057	0.9621	2	1	0
拝	62DD	5	0.3521	4.595	0.9877	2	1	0
拞	62DE	5	0.3447	4.534	0.9883	2	0	0
拟	62DF	5	0.3432	5.289	0.9284	3	1	0
拠	62E0	5	0.4216	6.340	0.9008	3	1	1
拡	62E1	5	0.3536	5.263	0.9463	3	1	0
拢	62E2	5	0.3669	5.619	0.9172	2	0	0
拣	62E3	5	0.3713	5.326	0.9280	2	0	0
拤	62E4	5	0.2938	4.028	0.9323	3	0	0
拥	62E5	5	0.4462	5.122	0.9506	2	1	1
拦	62E6	5	0.2899	4.320	0.9482	4	0	0
拧	62E7	5	0.2870	4.204	0.9103	3	0	0
拨	62E8	5	0.3964	5.880	0.9452	4	0	0
择	62E9	5	0.3772	5.293	0.9773	2	1	1
拪	62EA	5	0.4172	5.528	0.9637	2	0	0
拫	62EB	5	0.3935	5.543	0.9472	2	0	0
括	62EC	5	0.3757	4.760	0.9293	2	1	0
拭	62ED	5	0.3550	5.120	0.9277	3	0	0
拮	62EE	5	0.3677	4.595	0.9665	3	0	0
拯	62EF	5	0.3950	5.832	0.9088	3	0	0
拰	62F0	5	0.3519	5.024	0.9584	4	0	0
拱	62F1	5	0.3432	4.957	0.9389	3	1	1
拲	62F2	5	0.4083	5.649	0.9430	3	0	0
拳	62F3	5	0.3994	6.322	0.9260	2	1	1
拴	62F4	5	0.3417	5.286	0.9261	3	0	0
拵	62F5	5	0.3683	5.115	0.9386	3	0	0
拶	62F6	5	0.3609	6.184	0.9204	2	0	0
拷	62F7	5	0.3831	5.538	0.9440	3	0	0
拸	62F8	5	0.3565	5.683	0.9239	3	0	0
拹	62F9	5	0.4000	6.230	0.9417	4	0	0
拺	62FA	5	0.3787	5.496	0.9378	2	0	0
拻	62FB	5	0.3447	5.586	0.9226	3	0	0
拼	62FC	5	0.3698	4.968	0.9020	5	1	1
拽	62FD	5	0.4216	5.509	0.9460	2	0	0
拾	62FE	5	0.3491	5.001	0.9497	4	1	0
拿	62FF	5	0.3476	6.309	0.9681	4	1	0
挀	6300	5	0.3728	5.841	0.9416	2	0	0
持	6301	5	0.3521	4.764	0.9768	3	1	1
挂	6302	5	0.3565	4.835	0.9586	3	1	0
挃	6303	5	0.3743	5.328	0.9655	3	0	0
挄	6304	5	0.3580	5.193	0.9517	4	0	0
挅	6305	5	0.3846	5.599	0.9583	3	0	0
挆	6306	5	0.3506	5.188	0.9527	3	0	0
指	6307	5	0.4068	5.248	0.9527	3	1	0
挈	6308	5	0.4038	6.345	0.9699	2	0	0
按	6309	5	0.3802	5.445	0.9295	3	1	1
挊	630A	5	0.3328	4.433	0.9718	2	0	0
挋	630B	5	0.3964	4.972	0.9863	2	0	0
挌	630C	5	0.3905	5.477	0.9130	3	0	0
挍	630D	5	0.3343	5.418	0.9343	3	0	0
挎	630E	5	0.3891	5.649	0.9328	4	0	0
挏	630F	5	0.4354	5.155	0.9923	3	0	0
挐	6310	5	0.4038	6.092	0.9691	3	0	0
挑	6311	5	0.3817	5.976	0.8946	2	1	1
挒	6312	5	0.4015	5.452	0.9343	3	0	0
挓	6313	5	0.3506	5.128	0.8804	4	0	0
挔	6314	5	0.3402	5.295	0.9298	2	0	0
挕	6315	5	0.3817	4.764	0.9768	2	0	0
挖	6316	5	0.3580	5.630	0.9052	4	1	1
挗	6317	5	0.4216	5.973	0.9466	2	0	0
挘	6318	5	0.3358	5.853	0.9232	4	0	0
挙	6319	5	0.3757	5.672	0.9392	3	1	0
挚	631A	5	0.4024	6.351	0.9629	3	0	0
挛	631B	5	0.3889	5.989	0.9631	5	0	0
挜	631C	5	0.3920	5.510	0.9564	2	0	0
挝	631D	5	0.3447	5.315	0.9335	3	0	0
挞	631E	5	0.3521	5.338	0.9259	3	0	0
挟	631F	5	0.3654	5.337	0.9730	2	1	1
挠	6320	5	0.3536	5.834	0.9296	3	0	0
挡	6321	5	0.3969	5.152	0.9146	3	0	0
挢	6322	5	0.3491	5.317	0.9259	4	0	0
挣	6323	5	0.3861	5.095	0.9172	3	0	0
挤	6324	5	0.3624	5.060	0.9007	2	0	0
挥	6325	5	0.3743	5.165	0.9643	3	1	1
挦	6326	5	0.3669	5.155	0.9625	3	0	0
挧	6327	5	0.3815	6.100	0.9477	2	0	0
挨	6328	5	0.3861	5.834	0.9228	3	1	1
挩	6329	5	0.3284	5.361	0.9182	3	0	0
挪	632A	5	0.4201	6.444	0.9441	3	1	1
挫	632B	5	0.3743	5.535	0.9103	5	1	0
挬	632C	5	0.3757	5.037	0.9468	3	0	0
挭	632D	5	0.4379	5.854	0.9494	2	0	0
挮	632E	5	0.4200	5.757	0.9089	5	0	0
振	632F	5	0.4038	6.082	0.9609	2	1	0
挰	6330	5	0.3935	5.255	0.9807	3	0	0
挱	6331	5	0.3018	5.635	0.9215	4	0	0
挲	6332	5	0.3677	6.390	0.9288	4	0	0
挳	6333	5	0.3905	6.188	0.9075	6	0	0
挴	6334	5	0.3905	5.928	0.9149	3	0	0
挵	6335	5	0.4038	5.452	0.9594	3	0	0
挶	6336	5	0.4662	5.956	0.9167	3	0	0
挷	6337	5	0.3950	5.694	0.9593	3	0	0
挸	6338	5	0.4216	5.597	0.9311	2	0	0
挹	6339	5	0.4038	5.351	0.8985	2	0	0
挺	633A	5	0.3935	5.982	0.9131	3	1	1
挻	633B	5	0.3787	6.301	0.9156	3	0	0
挼	633C	5	0.3683	5.942	0.9159	3	0	0
挽	633D	5	0.4038	5.571	0.8871	3	1	1
挾	633E	5	0.3728	5.727	0.9235	2	0	0
挿	633F	5	0.4364	5.423	0.9645	2	1	1
捀	6340	5	0.3964	5.806	0.9374	3	0	0
捁	6341	5	0.3964	5.233	0.9599	3	0	0
捂	6342	5	0.3994	5.298	0.9564	3	0	0
捃	6343	5	0.3994	5.485	0.9502	3	0	0
捄	6344	5	0.3683	5.731	0.9228	2	0	0
捅	6345	5	0.4646	5.587	0.9375	3	0	0
捆	6346	5	0.4738	5.928	0.9283	3	0	0
捇	6347	5	0.3817	5.578	0.9653	2	0	0
捈	6348	5	0.3654	5.522	0.9473	4	0	0
捉	6349	5	0.3802	5.146	0.9306	3	1	0
捊	634A	5	0.3521	5.475	0.9179	3	0	0
捋	634B	5	0.3432	5.252	0.9055	3	0	0
捌	634C	5	0.4138	5.596	0.9496	4	0	0
捍	634D	5	0.3861	5.048	0.9791	3	0	0
捎	634E	5	0.4031	5.417	0.9325	3	0	0
捏	634F	5	0.3979	5.201	0.9761	3	0	0
捐	6350	5	0.4308	5.235	0.9545	3	1	0
捑	6351	5	0.3950	5.841	0.9481	2	0	0
捒	6352	5	0.4024	5.452	0.9489	2	0	0
捓	6353	5	0.4260	6.327	0.9276	3	0	0
捔	6354	5	0.4369	5.386	0.9161	2	0	0
捕	6355	5	0.4497	5.781	0.9414	2	1	1
捖	6356	5	0.3669	5.330	0.8984	4	0	0
捗	6357	5	0.3432	5.207	0.9457	3	0	0
捘	6358	5	0.3817	6.371	0.9115	4	0	0
捙	6359	5	0.4379	5.409	0.9742	2	0	0
捚	635A	5	0.4408	5.485	0.9816	3	0	0
捛	635B	5	0.3738	4.778	0.9615	3	0	0
捜	635C	5	0.4423	5.905	0.9575	2	1	1
捝	635D	5	0.3728	5.274	0.8970	3	0	0
捞	635E	5	0.3831	5.459	0.9582	3	0	0
损	635F	5	0.3772	5.508	0.9322	3	1	0
捠	6360	5	0.3550	5.154	0.9664	3	0	0
捡	6361	5	0.3062	5.565	0.9330	5	0	0
换	6362	5	0.4024	5.543	0.9644	4	1	1
捣	6363	5	0.3954	5.627	0.9288	3	0	0
捤	6364	5	0.4438	6.245	0.9238	3	0	0
捥	6365	5	0.3639	6.169	0.9258	4	0	0
捦	6366	5	0.3519	5.873	0.9132	2	0	0
捧	6367	5	0.4216	5.944	0.9537	3	1	1
捨	6368	5	0.3787	5.553	0.9279	3	1	1
捩	6369	5	0.4127	6.324	0.9427	3	0	0
捪	636A	5	0.4512	6.139	0.9304	3	0	0
捫	636B	5	0.4123	4.748	0.9406	2	0	0
捬	636C	5	0.3639	5.952	0.9367	4	0	0
捭	636D	5	0.4186	5.311	0.9560	3	0	0
据	636E	5	0.4408	5.832	0.9629	4	1	1
捯	636F	5	0.4031	5.766	0.9454	4	0	0
捰	6370	5	0.4482	5.900	0.9421	2	0	0
捱	6371	5	0.4201	5.960	0.9325	4	0	0
捲	6372	5	0.3861	6.168	0.9135	3	0	0
捳	6373	5	0.3772	5.168	0.9674	3	0	0
捴	6374	5	0.3550	6.290	0.8933	4	0	0
捵	6375	5	0.4393	5.828	0.9503	3	0	0
捶	6376	5	0.4246	5.758	0.9284	2	0	0
捷	6377	5	0.4527	6.072	0.9247	2	1	1
捸	6378	5	0.4083	5.971	0.9500	2	0	0
捹	6379	5	0.3964	5.713	0.9627	4	0	0
捺	637A	5	0.3831	5.864	0.9871	3	0	0
捻	637B	5	0.3373	6.000	0.8973	5	0	0
捼	637C	5	0.3994	6.414	0.9218	3	0	0
捽	637D	5	0.3284	5.086	0.9226	3	0	0
捾	637E	5	0.3877	5.141	0.9584	3	0	0
捿	637F	5	0.4660	6.362	0.9099	3	0	0
掀	6380	5	0.3817	6.352	0.9126	3	0	0
掁	6381	5	0.4038	5.755	0.9591	2	0	0
掂	6382	5	0.3964	5.303	0.9646	4	0	0
掃	6383	5	0.4169	5.838	0.9570	4	1	1
掄	6384	5	0.4246	5.976	0.9429	4	0	0
掅	6385	5	0.4038	5.865	0.9542	2	0	0
掆	6386	5	0.4523	5.935	0.9435	3	0	0
掇	6387	5	0.4231	7.200	0.9081	5	0	0
授	6388	5	0.3831	6.303	0.9306	3	1	1
掉	6389	5	0.3950	5.032	0.9784	4	1	0
掊	638A	5	0.3654	5.199	0.9285	3	0	0
掋	638B	5	0.4024	6.364	0.9398	4	0	0
掌	638C	5	0.3796	6.392	0.9401	2	1	1
掍	638D	5	0.4408	5.965	0.9317	3	0	0
掎	638E	5	0.3817	5.506	0.9605	4	0	0
掏	638F	5	0.4154	5.793	0.9115	3	0	0
掐	6390	5	0.3877	5.332	0.9389	3	0	0
掑	6391	5	0.4053	5.497	0.9411	3	0	0
排	6392	5	0.3550	5.058	0.9375	2	1	0
掓	6393	5	0.3950	6.207	0.9419	4	0	0
掔	6394	5	0.4138	6.366	0.9589	3	0	0
掕	6395	5	0.3905	6.245	0.9389	4	0	0
掖	6396	5	0.4038	6.330	0.9054	4	0	0
掗	6397	5	0.4024	5.183	0.9091	2	0	0
掘	6398	5	0.4185	6.104	0.9208	4	1	1
掙	6399	5	0.3817	5.690	0.9002	3	0	0
掚	639A	5	0.4662	6.706	0.8647	3	0	0
掛	639B	5	0.3802	5.248	0.9455	4	1	1
掜	639C	5	0.3639	5.381	0.9256	3	0	0
掝	639D	5	0.4157	6.099	0.9522	3	0	0
掞	639E	5	0.3343	5.841	0.9252	3	0	0
掟	639F	5	0.3728	5.341	0.9073	3	0	0
掠	63A0	5	0.3743	5.321	0.9251	4	1	1
採	63A1	5	0.3609	5.807	0.9372	3	1	1
探	63A2	5	0.3743	5.969	0.9394	3	1	1
掣	63A3	5	0.4169	6.385	0.9817	3	0	0
掤	63A4	5	0.4877	6.743	0.8940	3	0	0
接	63A5	5	0.3950	6.037	0.9158	3	1	1
掦	63A6	5	0.4415	6.191	0.9352	4	0	0
控	63A7	5	0.3565	5.291	0.8960	4	1	1
推	63A8	5	0.4157	5.319	0.9619	2	1	1
掩	63A9	5	0.4053	5.661	0.9444	3	1	1
措	63AA	5	0.4112	5.228	0.9600	4	1	1
掫	63AB	5	0.4379	6.125	0.9458	3	0	0
掬	63AC	5	0.3985	6.056	0.8985	3	0	0
掭	63AD	5	0.3624	6.126	0.9481	4	0	0
掮	63AE	5	0.4148	6.308	0.9235	3	0	0
掯	63AF	5	0.4186	5.234	0.9884	3	0	0
掰	63B0	5	0.4038	6.296	0.9408	3	0	0
掱	63B1	5	0.3508	6.432	0.9680	2	0	0
掲	63B2	5	0.4341	5.982	0.9166	2	1	1
掳	63B3	5	0.4385	6.347	0.9416	3	0	0
掴	63B4	5	0.4677	5.755	0.9802	3	0	0
掵	63B5	5	0.3994	5.662	0.9645	5	0	0
掶	63B6	5	0.4112	6.144	0.9577	3	0	0
掷	63B7	5	0.4068	6.368	0.9452	4	0	0
掸	63B8	5	0.4334	5.301	0.9323	4	0	0
掹	63B9	5	0.4305	5.602	0.8925	3	0	0
掺	63BA	5	0.3817	6.526	0.9223	3	0	0
掻	63BB	5	0.4334	6.287	0.9206	2	0	0
掼	63BC	5	0.4482	6.113	0.9155	3	0	0
掽	63BD	5	0.3861	5.871	0.9213	3	0	0
掾	63BE	5	0.4157	6.731	0.9372	3	0	0
掿	63BF	5	0.4009	5.296	0.9586	4	0	0
揀	63C0	5	0.4320	6.043	0.9546	2	0	0
揁	63C1	5	0.4009	5.557	0.9447	3	0	0
揂	63C2	5	0.4453	6.159	0.9024	4	0	0
揃	63C3	5	0.4053	6.270	0.8991	4	1	1
揄	63C4	5	0.3905	6.930	0.9126	5	0	0
揅	63C5	5	0.4662	5.905	0.9685	4	0	0
揆	63C6	5	0.3979	6.197	0.9247	4	0	0
揇	63C7	5	0.3979	5.974	0.9368	3	0	0
揈	63C8	5	0.3677	6.250	0.9007	3	0	0
揉	63C9	5	0.4009	6.251	0.9075	3	0	0
揊	63CA	5	0.4615	5.942	0.9385	3	0	0
揋	63CB	5	0.4423	5.946	0.9574	4	0	0
揌	63CC	5	0.4201	6.106	0.9291	3	0	0
揍	63CD	5	0.4305	6.417	0.9380	4	0	0
揎	63CE	5	0.3979	5.757	0.9291	5	0	0
描	63CF	5	0.4305	5.341	0.9649	3	1	1
提	63D0	5	0.4290	5.943	0.9222	4	1	1
揑	63D1	5	0.3846	5.336	0.9714	3	0	0
插	63D2	5	0.4112	5.822	0.9625	2	1	1
揓	63D3	5	0.4423	7.120	0.8859	3	0	0
揔	63D4	5	0.4068	6.517	0.9325	4	0	0
揕	63D5	5	0.4393	5.911	0.9416	4	0	0
揖	63D6	5	0.4334	5.548	0.9359	3	0	0
揗	63D7	5	0.4704	6.178	0.9432	3	0	0
揘	63D8	5	0.4290	5.644	0.9097	3	0	0
揙	63D9	5	0.4892	5.938	0.9265	3	0	0
揚	63DA	5	0.4467	6.417	0.9469	5	1	1
換	63DB	5	0.3950	6.183	0.9113	5	1	1
揜	63DC	5	0.3363	5.910	0.9259	5	0	0
揝	63DD	5	0.4231	6.173	0.9346	4	0	0
揞	63DE	5	0.4068	5.591	0.9460	2	0	0
揟	63DF	5	0.4512	6.106	0.9071	3	0	0
揠	63E0	5	0.4453	6.830	0.9320	4	0	0
握	63E1	5	0.4660	6.593	0.9042	4	1	1
揢	63E2	5	0.4009	5.959	0.8940	4	0	0
揣	63E3	5	0.3772	5.750	0.9699	3	0	0
揤	63E4	5	0.4462	5.700	0.9532	3	0	0
揥	63E5	5	0.3831	5.493	0.9344	3	0	0
揦	63E6	5	0.4354	5.904	0.9504	3	0	0
揧	63E7	5	0.4199	6.581	0.9426	3	0	0
揨	63E8	5	0.3935	5.361	0.9363	5	0	0
揩	63E9	5	0.4246	5.894	0.9454	3	0	0
揪	63EA	5	0.4024	6.323	0.9155	3	0	0
揫	63EB	5	0.4112	6.842	0.9304	3	0	0
揬	63EC	5	0.3743	6.080	0.9235	4	0	0
揭	63ED	5	0.4369	6.359	0.8826	5	1	1
揮	63EE	5	0.4349	5.899	0.9976	3	1	1
揯	63EF	5	0.3609	6.317	0.9285	4	0	0
揰	63F0	5	0.4822	6.322	0.9217	2	0	0
揱	63F1	5	0.4071	6.524	0.9750	4	0	0
揲	63F2	5	0.4492	5.975	0.9421	3	0	0
揳	63F3	5	0.4053	6.522	0.9405	3	0	0
援	63F4	5	0.4423	6.803	0.9046	5	1	1
揵	63F5	5	0.4556	6.836	0.9086	3	0	0
揶	63F6	5	0.4453	6.193	0.9596	3	0	0
揷	63F7	5	0.4112	5.587	0.9432	2	0	0
揸	63F8	5	0.4290	5.980	0.9229	4	0	0
揹	63F9	5	0.4174	5.661	0.9494	4	0	0
揺	63FA	5	0.4098	6.024	0.9545	2	1	1
揻	63FB	5	0.4260	7.014	0.8992	4	0	0
揼	63FC	5	0.3800	6.166	0.9519	3	0	0
揽	63FD	5	0.3905	6.044	0.9259	3	0	0
揾	63FE	5	0.4527	5.763	0.9110	3	0	0
揿	63FF	5	0.3846	6.019	0.9521	3	0	0
搀	6400	5	0.3817	5.933	0.8882	2	0	0
搁	6401	5	0.4354	6.636	0.9336	4	0	0
搂	6402	5	0.4127	6.408	0.8793	3	0	0
搃	6403	5	0.3831	5.926	0.9118	3	0	0
搄	6404	5	0.4009	5.919	0.9520	5	0	0
搅	6405	5	0.4112	6.132	0.8875	3	0	0
搆	6406	5	0.4734	6.202	0.9777	3	0	0
搇	6407	5	0.3905	6.562	0.9115	5	0	0
搈	6408	5	0.3861	6.020	0.9169	3	0	0
搉	6409	5	0.3979	5.717	0.9586	2	0	0
搊	640A	5	0.4462	6.517	0.9060	3	0	0
搋	640B	5	0.4246	7.099	0.9292	4	0	0
搌	640C	5	0.4675	6.656	0.9217	3	0	0
損	640D	5	0.4393	6.148	0.9197	3	1	1
搎	640E	5	0.4142	6.747	0.9235	4	0	0
搏	640F	5	0.4275	6.203	0.9611	3	0	0
搐	6410	5	0.4541	6.498	0.9412	3	0	0
搑	6411	5	0.4290	5.490	0.9562	3	0	0
搒	6412	5	0.3489	5.597	0.9385	3	0	0
搓	6413	5	0.4172	5.922	0.9122	3	0	0
搔	6414	5	0.4467	6.802	0.9098	4	0	0
搕	6415	5	0.4541	6.151	0.9222	4	0	0
搖	6416	5	0.4216	6.097	0.9305	2	1	1
搗	6417	5	0.4544	6.083	0.9828	3	0	0
搘	6418	5	0.4349	6.606	0.9403	4	0	0
搙	6419	5	0.4290	6.721	0.9356	3	0	0
搚	641A	5	0.3846	6.856	0.9607	5	0	0
搛	641B	5	0.4438	6.351	0.9296	3	0	0
搜	641C	5	0.4275	6.120	0.9270	3	1	1
搝	641D	5	0.4092	6.087	0.9302	3	0	0
搞	641E	5	0.4133	5.949	0.9251	5	1	1
搟	641F	5	0.3935	5.553	0.9662	3	0	0
搠	6420	5	0.4477	6.394	0.9083	4	0	0
搡	6421	5	0.4438	7.369	0.8873	5	0	0
搢	6422	5	0.4024	6.389	0.9135	3	0	0
搣	6423	5	0.4201	7.188	0.9231	4	0	0
搤	6424	5	0.4172	6.232	0.8887	3	0	0
搥	6425	5	0.4112	6.008	0.9123	3	0	0
搦	6426	5	0.4508	7.032	0.8901	3	0	0
搧	6427	5	0.4508	6.844	0.9044	3	0	0
搨	6428	5	0.4246	6.917	0.8958	2	0	0
搩	6429	5	0.4157	6.457	0.9106	4	0	0
搪	642A	5	0.4689	6.340	0.9277	3	0	0
搫	642B	5	0.3818	7.467	0.9220	4	0	0
搬	642C	5	0.4349	7.260	0.9132	4	1	1
搭	642D	5	0.3935	5.668	0.9469	5	1	1
搮	642E	5	0.4556	6.082	0.9486	3	0	0
搯	642F	5	0.3891	5.998	0.9102	3	0	0
搰	6430	5	0.4201	5.580	0.9409	3	0	0
搱	6431	5	0.4438	6.260	0.9247	3	0	0
搲	6432	5	0.3815	6.616	0.9350	4	0	0
搳	6433	5	0.4408	5.953	0.8948	3	0	0
搴	6434	5	0.4213	7.067	0.9598	2	0	0
搵	6435	5	0.4527	6.184	0.9640	2	0	0
搶	6436	5	0.4098	6.424	0.9109	5	1	1
搷	6437	5	0.4112	6.204	0.9113	4	0	0
搸	6438	5	0.4571	6.769	0.8978	3	0	0
搹	6439	5	0.4044	6.323	0.9443	2	0	0
携	643A	5	0.4338	6.310	0.9124	3	1	1
搻	643B	5	0.3595	6.752	0.9683	4	0	0
搼	643C	5	0.4231	6.381	0.9042	3	0	0
搽	643D	5	0.3817	6.077	0.9430	4	0	0
搾	643E	5	0.3862	5.738	0.9378	4	0	0
搿	643F	5	0.3979	6.172	0.9316	5	0	0
摀	6440	5	0.3994	5.962	0.9355	3	0	0
摁	6441	5	0.4200	6.729	0.9191	4	0	0
摂	6442	5	0.3831	5.968	0.9474	3	1	1
摃	6443	5	0.4068	6.087	0.9035	3	0	0
摄	6444	5	0.4512	7.087	0.9172	4	1	1
摅	6445	5	0.3994	6.711	0.9170	3	0	0
摆	6446	5	0.4497	6.120	0.9270	4	0	0
摇	6447	5	0.3905	6.118	0.9272	2	1	1
摈	6448	5	0.3624	5.707	0.9502	4	0	0
摉	6449	5	0.3905	6.495	0.9505	5	0	0
摊	644A	5	0.3891	6.259	0.9556	3	0	0
摋	644B	5	0.4275	7.261	0.9031	5	0	0
摌	644C	5	0.4038	6.541	0.9526	4	0	0
摍	644D	5	0.4068	5.885	0.9379	5	0	0
摎	644E	5	0.3743	7.372	0.9028	3	0	0
摏	644F	5	0.4393	6.252	0.9400	3	0	0
摐	6450	5	0.3964	6.548	0.8928	3	0	0
摑	6451	5	0.4862	7.216	0.9037	4	0	0
摒	6452	5	0.4393	6.395	0.9262	6	0	0
摓	6453	5	0.4024	6.940	0.9124	4	0	0
摔	6454	5	0.3565	6.379	0.8986	2	0	0
摕	6455	5	0.4349	6.140	0.9334	4	0	0
摖	6456	5	0.3713	6.659	0.9097	3	0	0
摗	6457	5	0.4290	6.714	0.9338	3	0	0
摘	6458	5	0.4423	6.143	0.9057	3	1	1
摙	6459	5	0.4630	6.541	0.9379	3	0	0
摚	645A	5	0.4320	5.877	0.8867	3	0	0
摛	645B	5	0.4453	6.788	0.9184	3	0	0
摜	645C	5	0.4098	6.658	0.9821	3	0	0
摝	645D	5	0.4615	6.597	0.9129	2	0	0
摞	645E	5	0.4477	6.649	0.8792	3	0	0
摟	645F	5	0.4068	6.710	0.9491	3	0	0
摠	6460	5	0.3891	6.845	0.9217	4	0	0
摡	6461	5	0.4305	6.446	0.9099	3	0	0
摢	6462	5	0.3732	6.653	0.9280	3	0	0
摣	6463	5	0.4645	6.596	0.9242	3	0	0
摤	6464	5	0.3728	7.036	0.8992	4	0	0
摥	6465	5	0.4245	6.851	0.9573	2	0	0
摦	6466	5	0.4393	7.747	0.9483	5	0	0
摧	6467	5	0.4512	5.917	0.9362	3	1	1
摨	6468	5	0.4723	7.019	0.9071	3	0	0
摩	6469	5	0.3803	6.952	0.9166	4	1	1
摪	646A	5	0.4246	6.741	0.9186	3	0	0
摫	646B	5	0.4349	6.318	0.9254	3	0	0
摬	646C	5	0.3994	6.173	0.9252	3	0	0
摭	646D	5	0.3772	6.216	0.9286	3	0	0
摮	646E	5	0.4260	7.330	0.9183	4	0	0
摯	646F	5	0.4024	6.985	0.9425	4	0	0
摰	6470	5	0.4305	7.444	0.9377	5	0	0
摱	6471	5	0.4172	6.793	0.9189	3	0	0
摲	6472	5	0.4246	6.214	0.9563	3	0	0
摳	6473	5	0.4408	6.207	0.9760	5	0	0
摴	6474	5	0.4112	6.529	0.9367	4	0	0
摵	6475	5	0.4320	7.191	0.8958	4	0	0
摶	6476	5	0.4334	6.458	0.9648	3	0	0
摷	6477	5	0.4246	6.909	0.9269	5	0	0
摸	6478	5	0.4338	6.222	0.9235	4	0	0
摹	6479	5	0.4017	7.428	0.9427	4	0	0
摺	647A	5	0.4262	6.573	0.9396	3	0	0
摻	647B	5	0.3669	7.192	0.8926	3	0	0
摼	647C	5	0.4379	6.361	0.9070	4	0	0
摽	647D	5	0.4615	6.529	0.9661	3	0	0
摾	647E	5	0.4415	6.233	0.8999	4	0	0
摿	647F	5	0.4186	6.110	0.9348	3	0	0
撀	6480	5	0.3877	7.325	0.9449	5	0	0
撁	6481	5	0.4231	6.417	0.9261	3	0	0
撂	6482	5	0.4408	6.620	0.9354	4	0	0
撃	6483	5	0.4157	7.530	0.9393	4	1	1
撄	6484	5	0.4571	7.513	0.9164	4	0	0
撅	6485	5	0.4290	7.626	0.9230	5	0	0
撆	6486	5	0.4201	7.365	0.9217	3	0	0
撇	6487	5	0.4231	7.861	0.8648	3	0	0
撈	6488	5	0.4009	6.949	0.9270	3	0	0
撉	6489	5	0.3698	7.665	0.9334	5	0	0
撊	648A	5	0.4815	6.115	0.9616	3	0	0
撋	648B	5	0.4815	5.834	0.9627	3	0	0
撌	648C	5	0.4112	6.583	0.9553	3	0	0
撍	648D	5	0.4630	6.958	0.9038	4	0	0
撎	648E	5	0.3728	6.461	0.9464	5	0	0
撏	648F	5	0.4053	6.505	0.9328	4	0	0
撐	6490	5	0.4387	6.367	0.9272	3	0	0
撑	6491	5	0.4275	6.376	0.9199	3	0	0
撒	6492	5	0.4749	6.662	0.9093	5	1	1
撓	6493	5	0.4541	6.380	0.9103	5	0	0
撔	6494	5	0.3861	6.529	0.9485	5	0	0
撕	6495	5	0.4275	6.436	0.9333	4	0	0
撖	6496	5	0.4423	6.519	0.9267	4	0	0
撗	6497	5	0.4408	6.096	0.9148	2	0	0
撘	6498	5	0.3920	6.061	0.9224	5	0	0
撙	6499	5	0.4231	6.833	0.9036	5	0	0
撚	649A	5	0.4068	7.048	0.9160	3	0	0
撛	649B	5	0.4231	6.801	0.9196	4	0	0
撜	649C	5	0.4186	6.629	0.9080	5	0	0
撝	649D	5	0.4369	7.034	0.8891	2	0	0
撞	649E	5	0.4512	6.544	0.9110	4	1	1
撟	649F	5	0.4512	6.656	0.9649	6	0	0
撠	64A0	5	0.4586	6.764	0.9097	3	0	0
撡	64A1	5	0.3698	7.039	0.8825	3	0	0
撢	64A2	5	0.4260	6.409	0.9752	4	0	0
撣	64A3	5	0.4645	6.017	0.9236	4	0	0
撤	64A4	5	0.4453	6.928	0.8992	2	1	1
撥	64A5	5	0.4245	7.279	0.9028	5	1	1
撦	64A6	5	0.4601	6.733	0.8708	4	0	0
撧	64A7	5	0.4393	7.192	0.9037	3	0	0
撨	64A8	5	0.3905	6.375	0.9136	3	0	0
撩	64A9	5	0.3787	6.374	0.9203	4	0	0
撪	64AA	5	0.4349	7.109	0.9603	3	0	0
撫	64AB	5	0.4408	6.388	0.9604	3	1	1
撬	64AC	5	0.4290	7.454	0.9236	3	0	0
播	64AD	5	0.4704	6.607	0.9168	3	1	1
撮	64AE	5	0.4260	6.762	0.9473	4	1	1
撯	64AF	5	0.4571	6.341	0.9249	3	0	0
撰	64B0	5	0.4216	6.576	0.9679	5	1	1
撱	64B1	5	0.4349	6.878	0.9646	3	0	0
撲	64B2	5	0.4556	6.622	0.9206	4	1	1
撳	64B3	5	0.4083	6.941	0.8992	3	0	0
撴	64B4	5	0.4127	6.672	0.9108	5	0	0
撵	64B5	5	0.4423	6.524	0.9226	3	0	0
撶	64B6	5	0.4586	5.786	0.9538	3	0	0
撷	64B7	5	0.4246	6.529	0.9368	4	0	0
撸	64B8	5	0.4320	6.609	0.9224	3	0	0
撹	64B9	5	0.3994	6.373	0.9052	3	0	0
撺	64BA	5	0.4569	6.541	0.9255	4	0	0
撻	64BB	5	0.4260	6.671	0.9081	3	0	0
撼	64BC	5	0.4142	7.329	0.8943	5	0	0
撽	64BD	5	0.4438	6.835	0.8976	3	0	0
撾	64BE	5	0.4216	6.881	0.9223	4	0	0
撿	64BF	5	0.3639	6.454	0.9058	7	0	0
擀	64C0	5	0.4260	6.062	0.9327	4	0	0
擁	64C1	5	0.4541	6.892	0.9196	3	1	1
擂	64C2	5	0.4831	6.511	0.9387	3	0	0
擃	64C3	5	0.4689	7.332	0.9626	3	0	0
擄	64C4	5	0.4083	7.490	0.9191	4	0	0
擅	64C5	5	0.4216	7.086	0.9467	4	1	1
擆	64C6	5	0.4172	6.116	0.9497	4	0	0
擇	64C7	5	0.4430	6.190	0.9351	4	1	1
擈	64C8	5	0.4408	6.692	0.9339	4	0	0
擉	64C9	5	0.4877	6.545	0.8819	3	0	0
擊	64CA	5	0.3889	8.022	0.9425	2	1	1
擋	64CB	5	0.4862	6.195	0.9321	3	0	0
擌	64CC	5	0.4157	6.815	0.9002	3	0	0
操	64CD	5	0.4305	6.183	0.9331	5	1	1
擎	64CE	5	0.4275	7.182	0.9346	5	1	1
擏	64CF	5	0.4334	6.601	0.9206	5	0	0
擐	64D0	5	0.4408	6.822	0.9218	3	0	0
擑	64D1	5	0.4393	6.906	0.9133	4	0	0
擒	64D2	5	0.4201	7.162	0.9159	4	0	0
擓	64D3	5	0.4601	7.112	0.9383	4	0	0
擔	64D4	5	0.3979	7.123	0.9455	4	1	1
擕	64D5	5	0.4369	6.166	0.9244	3	0	0
擖	64D6	5	0.4527	6.740	0.9301	6	0	0
擗	64D7	5	0.4142	6.299	0.9213	3	0	0
擘	64D8	5	0.4038	6.845	0.9525	3	0	0
擙	64D9	5	0.4467	7.088	0.8845	3	0	0
據	64DA	5	0.4290	7.521	0.9359	3	1	1
擛	64DB	5	0.4423	6.293	0.9381	4	0	0
擜	64DC	5	0.4259	7.319	0.9101	4	0	0
擝	64DD	5	0.4749	6.670	0.9197	4	0	0
擞	64DE	5	0.4334	7.403	0.8910	4	0	0
擟	64DF	5	0.4956	7.973	0.8562	3	0	0
擠	64E0	5	0.4038	6.726	0.9109	3	0	0
擡	64E1	5	0.3964	7.435	0.9312	6	0	0
擢	64E2	5	0.4569	7.394	0.9103	3	0	0
擣	64E3	5	0.3683	7.308	0.9658	5	0	0
擤	64E4	5	0.4172	6.967	0.9744	4	0	0
擥	64E5	5	0.3941	7.310	0.9607	2	0	0
擦	64E6	5	0.4046	7.137	0.9323	4	1	1
擧	64E7	5	0.4088	6.822	0.9717	3	0	0
擨	64E8	5	0.4453	8.236	0.9130	5	0	0
擩	64E9	5	0.4646	6.776	0.8990	3	0	0
擪	64EA	5	0.4192	7.743	0.9325	5	0	0
擫	64EB	5	0.4808	7.745	0.9038	5	0	0
擬	64EC	5	0.4408	7.428	0.8750	3	1	1
擭	64ED	5	0.4290	7.059	0.9254	4	0	0
擮	64EE	5	0.4473	6.924	0.9313	3	0	0
擯	64EF	5	0.4123	6.944	0.9389	3	0	0
擰	64F0	5	0.4117	6.518	0.9247	4	0	0
擱	64F1	5	0.5046	6.632	0.9267	4	0	0
擲	64F2	5	0.4172	7.700	0.9437	6	1	1
擳	64F3	5	0.4364	6.660	0.9413	4	0	0
擴	64F4	5	0.4393	7.167	0.9298	3	1	1
擵	64F5	5	0.4131	7.591	0.8973	5	0	0
擶	64F6	5	0.4305	6.678	0.9560	5	0	0
擷	64F7	5	0.4497	6.510	0.9453	4	0	0
擸	64F8	5	0.4482	8.341	0.8600	7	0	0
擹	64F9	5	0.4645	7.168	0.9363	3	0	0
擺	64FA	5	0.4444	7.372	0.9096	4	1	1
擻	64FB	5	0.4098	7.342	0.9220	4	0	0
擼	64FC	5	0.4246	6.740	0.9130	3	0	0
擽	64FD	5	0.4157	7.542	0.8642	4	0	0
擾	64FE	5	0.4275	7.594	0.9167	3	1	1
擿	64FF	5	0.4497	7.135	0.9003	4	0	0
攀	6500	5	0.4145	8.005	0.9054	5	1	1
攁	6501	5	0.4379	7.602	0.9081	5	0	0
攂	6502	5	0.4738	6.559	0.9698	4	0	0
攃	6503	5	0.4400	7.209	0.9178	4	0	0
攄	6504	5	0.4290	7.576	0.9265	4	0	0
攅	6505	5	0.4364	7.158	0.9161	3	0	0
攆	6506	5	0.4349	7.189	0.9523	3	0	0
攇	6507	5	0.3761	7.400	0.9245	3	0	0
攈	6508	5	0.4645	7.971	0.9071	3	0	0
攉	6509	5	0.4423	7.129	0.9331	3	0	0
攊	650A	5	0.4867	7.490	0.8935	5	0	0
攋	650B	5	0.4808	7.265	0.9080	4	0	0
攌	650C	5	0.4892	7.500	0.9679	4	0	0
攍	650D	5	0.4290	8.212	0.9251	3	0	0
攎	650E	5	0.4689	7.205	0.9101	3	0	0
攏	650F	5	0.4349	7.096	0.9350	2	0	0
攐	6510	5	0.4408	7.354	0.9075	3	0	0
攑	6511	5	0.4201	6.693	0.9453	4	0	0
攒	6512	5	0.4201	7.018	0.9234	6	0	0
攓	6513	5	0.4453	7.443	0.9022	4	0	0
攔	6514	5	0.4356	7.466	0.9454	3	0	0
攕	6515	5	0.4512	7.540	0.8851	3	0	0
攖	6516	5	0.4231	7.481	0.9196	4	0	0
攗	6517	5	0.4785	8.120	0.8767	3	0	0
攘	6518	5	0.4379	7.401	0.9511	3	0	0
攙	6519	5	0.4334	8.068	0.8962	5	0	0
攚	651A	5	0.4349	7.379	0.9017	4	0	0
攛	651B	5	0.4127	8.022	0.9157	4	0	0
攜	651C	5	0.4600	7.657	0.9116	5	1	1
攝	651D	5	0.4689	6.927	0.9634	4	1	1
攞	651E	5	0.4852	7.684	0.9100	4	0	0
攟	651F	5	0.4882	8.719	0.8986	4	0	0
攠	6520	5	0.4393	7.447	0.9116	5	0	0
攡	6521	5	0.5148	7.980	0.8916	4	0	0
攢	6522	5	0.3994	7.596	0.9279	6	0	0
攣	6523	5	0.3766	8.751	0.9364	2	0	0
攤	6524	5	0.4734	7.495	0.9391	3	0	0
攥	6525	5	0.4259	8.840	0.8747	3	0	0
攦	6526	5	0.4216	7.986	0.9344	7	0	0
攧	6527	5	0.4926	7.495	0.9031	5	0	0
攨	6528	5	0.4098	8.415	0.8867	5	0	0
攩	6529	5	0.4172	7.983	0.9154	3	0	0
攪	652A	5	0.4246	7.675	0.9014	3	0	0
攫	652B	5	0.4645	8.059	0.9299	4	0	0
攬	652C	5	0.4423	7.659	0.9466	3	0	0
攭	652D	5	0.4393	8.346	0.9217	4	0	0
攮	652E	5	0.4601	8.676	0.9243	5	0	0
支	652F	5	0.3018	4.291	0.9187	2	0	0
攰	6530	5	0.3624	5.367	0.9174	3	0	0
攱	6531	5	0.3388	5.474	0.9379	3	0	0
攲	6532	5	0.4098	6.206	0.9357	5	0	0
攳	6533	5	0.4290	7.312	0.9099	5	0	0
攴	6534	5	0.2892	3.884	0.9330	1	0	0
攵	6535	5	0.2840	4.065	0.9321	1	0	0
收	6536	5	0.3491	5.012	0.9324	2	1	0
攷	6537	5	0.3388	5.019	0.9310	2	0	0
攸	6538	5	0.3580	5.181	0.9169	2	0	0
改	6539	5	0.3538	4.962	0.9102	2	1	0
攺	653A	5	0.3569	4.926	0.9523	2	0	0
攻	653B	5	0.3299	4.702	0.9407	2	1	0
攼	653C	5	0.3373	4.638	0.9329	2	0	0
攽	653D	5	0.3580	5.708	0.9481	3	0	0
放	653E	5	0.3713	5.487	0.9266	2	1	0
政	653F	5	0.3683	5.192	0.9481	3	1	0
敀	6540	5	0.3985	4.958	0.9356	2	0	0
敁	6541	5	0.3646	4.708	0.9658	3	0	0
敂	6542	5	0.4038	5.574	0.9385	3	0	0
敃	6543	5	0.4157	5.987	0.9369	2	0	0
敄	6544	5	0.3920	5.824	0.9312	2	0	0
故	6545	5	0.3743	5.070	0.9634	3	1	0
敆	6546	5	0.3743	5.668	0.9160	4	0	0
敇	6547	5	0.4231	5.788	0.9435	2	0	0
效	6548	5	0.3358	5.957	0.9007	3	1	0
敉	6549	5	0.3787	5.808	0.9139	2	0	0
敊	654A	5	0.3462	5.389	0.9277	3	0	0
敋	654B	5	0.4009	6.010	0.9376	3	0	0
敌	654C	5	0.4127	5.460	0.9369	2	1	0
敍	654D	5	0.3950	6.116	0.9276	4	0	0
敎	654E	5	0.4201	6.471	0.9153	2	0	0
敏	654F	5	0.4290	6.532	0.9006	3	1	1
敐	6550	5	0.3950	6.346	0.9333	2	0	0
救	6551	5	0.3891	6.215	0.9159	2	1	0
敒	6552	5	0.4290	6.020	0.9104	3	0	0
敓	6553	5	0.3920	6.024	0.9258	3	0	0
敔	6554	5	0.4201	5.698	0.9450	3	0	0
敕	6555	5	0.4068	5.856	0.9360	2	0	0
敖	6556	5	0.4077	5.798	0.9080	3	0	0
敗	6557	5	0.4201	5.745	0.9272	2	1	0
敘	6558	5	0.4024	6.175	0.9125	4	1	1
教	6559	5	0.4290	6.139	0.9148	3	1	1
敚	655A	5	0.3802	5.913	0.9432	3	0	0
敛	655B	5	0.3447	6.070	0.9631	5	0	0
敜	655C	5	0.3476	6.558	0.9309	5	0	0
敝	655D	5	0.4320	7.036	0.8967	2	0	0
敞	655E	5	0.4157	6.443	0.9150	4	0	0
敟	655F	5	0.4453	6.462	0.9077	3	0	0
敠	6560	5	0.4482	7.521	0.9000	5	0	0
敡	6561	5	0.4127	6.418	0.9468	4	0	0
敢	6562	5	0.4201	5.663	0.9446	3	1	1
散	6563	5	0.4453	6.019	0.9265	4	1	1
敤	6564	5	0.4438	6.192	0.9286	2	0	0
敥	6565	5	0.3669	6.375	0.9351	3	0	0
敦	6566	5	0.3920	6.115	0.9322	4	1	1
敧	6567	5	0.4009	6.033	0.9436	4	0	0
敨	6568	5	0.3713	5.752	0.9227	3	0	0
敩	6569	5	0.3969	6.133	0.9110	3	0	0
敪	656A	5	0.4320	7.481	0.9049	5	0	0
敫	656B	5	0.4127	6.125	0.9151	2	0	0
敬	656C	5	0.4408	6.061	0.9106	4	1	1
敭	656D	5	0.4288	6.745	0.9575	5	0	0
敮	656E	5	0.4364	6.183	0.9362	2	0	0
敯	656F	5	0.4569	6.657	0.9418	3	0	0
数	6570	5	0.4142	6.808	0.9077	3	1	1
敱	6571	5	0.4108	6.179	0.9451	5	0	0
敲	6572	5	0.4112	6.416	0.9555	5	0	0
敳	6573	5	0.4185	6.233	0.9525	5	0	0
整	6574	5	0.4660	6.558	0.9237	4	1	1
敵	6575	5	0.4556	6.684	0.9170	3	1	1
敶	6576	5	0.4877	6.908	0.9184	3	0	0
敷	6577	5	0.4467	6.968	0.9238	3	1	1
數	6578	5	0.4112	6.918	0.9340	3	1	1
敹	6579	5	0.4077	6.532	0.9238	2	0	0
敺	657A	5	0.4154	6.215	0.9787	5	0	0
敻	657B	5	0.4263	7.608	0.9209	2	0	0
敼	657C	5	0.3935	6.655	0.9449	6	0	0
敽	657D	5	0.4541	6.902	0.9473	6	0	0
敾	657E	5	0.4393	6.697	0.9160	4	0	0
敿	657F	5	0.4541	7.019	0.9315	6	0	0
斀	6580	5	0.4487	6.957	0.9438	3	0	0
斁	6581	5	0.4630	6.641	0.9266	4	0	0
斂	6582	5	0.4098	6.774	0.9388	7	0	0
斃	6583	5	0.4379	8.082	0.8824	4	0	0
斄	6584	5	0.4689	8.265	0.8834	2	0	0
斅	6585	5	0.4089	7.229	0.9045	3	0	0
斆	6586	5	0.4200	7.105	0.9173	3	0	0
文	6587	5	0.2707	4.028	0.9447	1	0	0
斈	6588	5	0.3565	5.181	0.9392	2	0	0
斉	6589	5	0.3798	5.026	0.9192	2	1	0
斊	658A	5	0.4290	6.316	0.9423	2	0	0
斋	658B	5	0.4186	5.777	0.9454	2	0	0
斌	658C	5	0.3994	6.328	0.9148	3	0	0
斍	658D	5	0.4292	6.580	0.8997	2	0	0
斎	658E	5	0.4006	6.280	0.9470	2	1	0
斏	658F	5	0.3964	5.953	0.9594	3	0	0
斐	6590	5	0.4083	6.091	0.9251	2	1	0
斑	6591	5	0.3772	5.648	0.9357	3	1	1
斒	6592	5	0.4400	6.517	0.9213	3	0	0
斓	6593	5	0.4769	7.342	0.9295	3	0	0
斔	6594	5	0.4541	7.005	0.9252	5	0	0
斕	6595	5	0.4477	7.477	0.9312	3	0	0
斖	6596	5	0.4800	8.653	0.9671	5	0	0
斗	6597	5	0.2468	3.046	0.9732	1	0	0
斘	6598	5	0.3077	4.736	0.9623	2	0	0
料	6599	5	0.3225	5.260	0.9324	2	1	0
斚	659A	5	0.3766	5.882	0.9130	4	0	0
斛	659B	5	0.3994	5.748	0.9092	2	0	0
斜	659C	5	0.3491	5.706	0.9201	4	1	1
斝	659D	5	0.4233	5.316	0.9353	4	0	0
斞	659E	5	0.3891	5.868	0.9537	4	0	0
斟	659F	5	0.4053	5.906	0.9378	4	0	0
斠	65A0	5	0.4231	6.212	0.9412	3	0	0
斡	65A1	5	0.3920	5.770	0.9532	3	0	0
斢	65A2	5	0.3935	6.068	0.9507	2	0	0
斣	65A3	5	0.4274	6.698	0.9368	3	0	0
斤	65A4	5	0.2249	3.141	0.9524	1	0	0
斥	65A5	5	0.2781	3.869	0.9773	1	1	0
斦	65A6	5	0.3284	4.768	0.9438	2	0	0
斧	65A7	5	0.3185	5.320	0.9261	2	0	0
斨	65A8	5	0.3476	4.664	0.9855	2	0	0
斩	65A9	5	0.3565	4.910	0.9712	2	0	0
斪	65AA	5	0.3713	5.241	0.9466	3	0	0
斫	65AB	5	0.3328	4.732	0.9592	2	0	0
斬	65AC	5	0.4009	5.312	0.9955	2	1	1
断	65AD	5	0.4154	5.709	0.9366	3	1	0
斮	65AE	5	0.4142	5.461	0.9576	4	0	0
斯	65AF	5	0.3964	5.577	0.9429	3	1	1
新	65B0	5	0.3772	5.858	0.9152	3	1	1
斱	65B1	5	0.4068	5.703	0.9508	3	0	0
斲	65B2	5	0.3861	5.927	0.9604	2	0	0
斳	65B3	5	0.4349	6.043	0.9516	3	0	0
斴	65B4	5	0.4098	6.985	0.9194	4	0	0
斵	65B5	5	0.4305	6.764	0.9240	3	0	0
斶	65B6	5	0.4681	6.858	0.9103	3	0	0
斷	65B7	5	0.4385	7.979	0.8681	2	1	1
斸	65B8	5	0.4556	8.659	0.9084	4	0	0
方	65B9	5	0.2515	3.650	0.9321	1	0	0
斺	65BA	5	0.3177	5.179	0.9416	3	0	0
斻	65BB	5	0.3476	5.429	0.9140	2	0	0
於	65BC	5	0.2885	4.896	0.9308	3	1	0
施	65BD	5	0.4216	6.034	0.9211	2	1	1
斾	65BE	5	0.3891	5.544	0.9608	2	0	0
斿	65BF	5	0.3506	5.298	0.9292	2	0	0
旀	65C0	5	0.3417	5.779	0.9584	3	0	0
旁	65C1	5	0.3802	5.539	0.9305	2	1	0
旂	65C2	5	0.3624	5.380	0.9472	2	0	0
旃	65C3	5	0.3861	5.986	0.9221	2	0	0
旄	65C4	5	0.3950	6.113	0.9091	2	0	0
旅	65C5	5	0.3654	6.044	0.9196	2	1	0
旆	65C6	5	0.4112	5.861	0.9516	2	0	0
旇	65C7	5	0.4231	6.611	0.9164	2	0	0
旈	65C8	5	0.3876	6.295	0.9378	2	0	0
旉	65C9	5	0.4487	6.352	0.9703	2	0	0
旊	65CA	5	0.3846	6.176	0.9062	2	0	0
旋	65CB	5	0.3876	6.035	0.9104	2	1	1
旌	65CC	5	0.3891	5.775	0.9291	2	0	0
旍	65CD	5	0.3677	6.159	0.9238	4	0	0
旎	65CE	5	0.4068	6.419	0.9200	3	0	0
族	65CF	5	0.3846	6.048	0.9255	2	1	0
旐	65D0	5	0.4068	6.779	0.9116	2	0	0
旑	65D1	5	0.4157	6.048	0.9539	4	0	0
旒	65D2	5	0.4038	6.654	0.9181	2	0	0
旓	65D3	5	0.4415	6.383	0.8724	3	0	0
旔	65D4	5	0.4482	7.360	0.9337	3	0	0
旕	65D5	5	0.3757	6.189	0.9383	5	0	0
旖	65D6	5	0.4305	6.562	0.9168	4	0	0
旗	65D7	5	0.4127	6.471	0.9332	3	1	1
旘	65D8	5	0.4453	7.283	0.9004	3	0	0
旙	65D9	5	0.4630	7.168	0.9208	3	0	0
旚	65DA	5	0.4444	7.378	0.9456	3	0	0
旛	65DB	5	0.4554	7.209	0.9224	3	0	0
旜	65DC	5	0.4393	7.899	0.9105	4	0	0
旝	65DD	5	0.4364	7.678	0.9393	4	0	0
旞	65DE	5	0.3979	7.739	0.9045	3	0	0
旟	65DF	5	0.4349	7.270	0.9337	3	0	0
无	65E0	5	0.3285	3.880	0.8972	1	0	0
旡	65E1	5	0.3494	4.256	0.8961	1	0	0
既	65E2	5	0.4288	5.762	0.9293	2	1	1
旣	65E3	5	0.4062	6.027	0.8919	3	0	0
旤	65E4	5	0.4624	6.216	0.9170	3	0	0
日	65E5	5	0.4167	2.722	0.9900	1	0	0
旦	65E6	5	0.3333	3.080	1.0012	2	1	0
旧	65E7	5	0.3855	3.358	0.9800	2	1	0
旨	65E8	5	0.4414	5.115	0.9767	2	1	0
早	65E9	5	0.3446	3.609	0.9927	2	1	0
旪	65EA	5	0.3185	3.064	0.9940	2	0	0
旫	65EB	5	0.4184	4.422	0.8292	2	0	0
旬	65EC	5	0.3323	4.252	0.9245	2	1	0
旭	65ED	5	0.3669	4.851	0.9277	2	1	0
旮	65EE	5	0.3569	4.655	0.9668	2	0	0
旯	65EF	5	0.3904	4.439	0.9372	2	0	0
旰	65F0	5	0.3296	3.317	1.0069	2	0	0
旱	65F1	5	0.3662	4.325	0.9604	2	1	0
旲	65F2	5	0.3824	4.793	0.9513	2	0	0
旳	65F3	5	0.3606	4.093	0.9392	3	0	0
旴	65F4	5	0.3200	3.484	1.0104	2	0	0
旵	65F5	5	0.4327	4.177	0.9885	2	0	0
时	65F6	5	0.3615	3.853	0.9740	2	1	0
旷	65F7	5	0.2981	3.240	1.0178	2	0	0
旸	65F8	5	0.4176	5.561	0.9351	2	0	0
旹	65F9	5	0.3892	4.855	0.9978	2	0	0
旺	65FA	5	0.4000	3.467	1.0091	2	1	0
旻	65FB	5	0.4317	5.238	0.9243	2	0	0
旼	65FC	5	0.3754	4.681	0.9596	2	0	0
旽	65FD	5	0.3908	4.627	0.9914	2	0	0
旾	65FE	5	0.4181	5.744	0.9222	2	0	0
旿	65FF	5	0.3415	3.822	1.0139	3	0	0
昀	6600	5	0.3894	4.728	0.9257	3	0	0
昁	6601	5	0.4246	4.483	0.9802	2	0	0
昂	6602	5	0.4470	4.984	0.9767	3	1	0
昃	6603	5	0.3968	5.187	0.9329	3	0	0
昄	6604	5	0.4123	5.576	0.9472	3	0	0
昅	6605	5	0.4150	5.403	0.9230	2	0	0
昆	6606	5	0.4256	5.179	0.9623	2	1	0
昇	6607	5	0.4077	4.817	0.9427	3	1	0
昈	6608	5	0.3446	4.137	0.9691	2	0	0
昉	6609	5	0.3646	4.456	0.9483	2	0	0
昊	660A	5	0.4416	5.501	0.9525	3	0	0
昋	660B	5	0.4138	4.929	0.9477	3	0	0
昌	660C	5	0.5091	4.935	0.9266	2	1	0
昍	660D	5	0.4886	3.979	0.9425	2	0	0
明	660E	5	0.4433	4.273	0.9390	2	1	0
昏	660F	5	0.4083	5.817	0.9367	2	1	0
昐	6610	5	0.3888	4.905	0.9600	3	0	0
昑	6611	5	0.3092	4.437	0.9559	4	0	0
昒	6612	5	0.4231	5.294	0.9411	3	0	0
易	6613	5	0.4400	5.240	0.9610	3	1	0
昔	6614	5	0.3910	4.590	1.0097	3	1	0
昕	6615	5	0.3477	4.180	0.9918	2	0	0
昖	6616	5	0.3508	4.827	0.9452	3	0	0
昗	6617	5	0.3840	4.658	0.9404	3	0	0
昘	6618	5	0.4250	4.880	0.9625	2	0	0
昙	6619	5	0.4231	5.432	0.9241	3	0	0
昚	661A	5	0.3728	5.195	0.9477	2	0	0
昛	661B	5	0.4064	4.249	0.9838	2	0	0
昜	661C	5	0.4446	5.712	0.9790	4	0	0
昝	661D	5	0.4083	5.962	0.9447	3	0	0
昞	661E	5	0.4192	5.161	0.9666	3	0	0
星	661F	5	0.4633	4.961	0.9470	2	1	0
映	6620	5	0.4108	4.839	0.9863	2	1	0
昡	6621	5	0.3954	5.224	0.9621	2	0	0
昢	6622	5	0.4295	4.552	0.9660	3	0	0
昣	6623	5	0.3138	5.096	0.9438	2	0	0
昤	6624	5	0.3354	4.741	0.9544	4	0	0
春	6625	5	0.4467	5.678	0.9450	2	1	0
昦	6626	5	0.4046	5.123	0.9442	3	0	0
昧	6627	5	0.4415	4.762	0.9460	2	1	0
昨	6628	5	0.3492	3.978	0.9849	2	0	0
昩	6629	5	0.4200	4.789	0.9449	2	0	0
昪	662A	5	0.4417	5.460	0.9258	3	0	0
昫	662B	5	0.3894	4.598	0.9403	3	0	0
昬	662C	5	0.4976	6.166	0.9327	2	0	0
昭	662D	5	0.4633	4.891	0.9181	3	1	0
昮	662E	5	0.4080	5.355	0.9225	3	0	0
是	662F	5	0.4277	5.346	0.9176	3	1	0
昰	6630	5	0.4277	4.575	1.0042	3	0	0
昱	6631	5	0.3814	4.581	0.9425	2	0	0
昲	6632	5	0.4840	5.515	0.9118	2	0	0
昳	6633	5	0.4062	4.844	0.9582	3	0	0
昴	6634	5	0.4359	5.505	0.9400	3	0	0
昵	6635	5	0.4480	5.081	0.9841	3	0	0
昶	6636	5	0.3862	5.642	0.9075	2	0	0
昷	6637	5	0.4062	4.163	0.9686	2	0	0
昸	6638	5	0.3846	5.308	0.9371	3	0	0
昹	6639	5	0.3831	5.115	0.9416	2	0	0
昺	663A	5	0.4615	5.744	0.9718	3	0	0
昻	663B	5	0.4233	4.802	0.9868	3	0	0
昼	663C	5	0.4663	4.981	0.9672	3	1	0
昽	663D	5	0.3985	5.488	0.9697	2	0	0
显	663E	5	0.3942	4.419	0.9749	2	1	0
昿	663F	5	0.3769	5.098	0.9622	3	0	0
晀	6640	5	0.3908	5.702	0.9464	2	0	0
晁	6641	5	0.4108	5.958	0.9090	2	0	0
時	6642	5	0.3908	4.733	0.9674	3	1	0
晃	6643	5	0.4308	5.411	0.8953	4	1	0
晄	6644	5	0.4015	5.167	0.9333	4	0	0
晅	6645	5	0.4600	4.380	0.9723	4	0	0
晆	6646	5	0.4448	4.379	0.9866	3	0	0
晇	6647	5	0.4077	5.204	0.9601	4	0	0
晈	6648	5	0.3785	5.334	0.9299	3	0	0
晉	6649	5	0.4262	5.932	0.9390	2	1	0
晊	664A	5	0.4500	4.725	0.9524	3	0	0
晋	664B	5	0.4533	5.243	0.9952	2	1	0
晌	664C	5	0.4391	4.576	0.9851	3	0	0
晍	664D	5	0.4700	4.828	1.0042	3	0	0
晎	664E	5	0.3923	4.796	0.9510	3	0	0
晏	664F	5	0.4600	6.278	0.9404	3	0	0
晐	6650	5	0.3969	5.413	0.9317	4	0	0
晑	6651	5	0.5352	5.259	0.9761	3	0	0
晒	6652	5	0.4816	5.319	0.9588	2	0	0
晓	6653	5	0.4092	5.731	0.9178	3	1	0
晔	6654	5	0.3723	4.924	0.9575	4	0	0
晕	6655	5	0.4383	6.236	0.9876	3	0	0
晖	6656	5	0.4208	4.823	0.9827	3	0	0
晗	6657	5	0.3846	5.346	0.9359	5	0	0
晘	6658	5	0.4352	4.672	0.9888	3	0	0
晙	6659	5	0.4169	6.203	0.9255	4	0	0
晚	665A	5	0.4554	5.442	0.9244	3	1	1
晛	665B	5	0.4640	5.036	0.9532	2	0	0
晜	665C	5	0.4557	6.326	0.9529	5	0	0
晝	665D	5	0.3492	7.115	0.9810	3	0	0
晞	665E	5	0.4277	5.793	0.9650	4	0	0
晟	665F	5	0.4492	6.124	0.9405	3	0	0
晠	6660	5	0.4431	6.034	0.9392	3	0	0
晡	6661	5	0.4846	5.506	0.9850	2	0	0
晢	6662	5	0.3891	5.560	0.9746	3	0	0
晣	6663	5	0.4077	5.281	0.9218	3	0	0
晤	6664	5	0.4592	4.944	0.9870	3	0	0
晥	6665	5	0.4123	5.194	0.9248	4	0	0
晦	6666	5	0.4277	5.805	0.9478	3	0	0
晧	6667	5	0.4138	4.888	0.9918	3	0	0
晨	6668	5	0.4385	6.680	0.9369	2	1	0
晩	6669	5	0.4277	5.442	0.9377	3	1	1
晪	666A	5	0.4677	5.551	0.9458	3	0	0
晫	666B	5	0.3985	4.808	0.9818	4	0	0
晬	666C	5	0.3692	4.890	0.9876	3	0	0
晭	666D	5	0.4883	5.478	0.9759	3	0	0
普	666E	5	0.4142	5.747	0.9424	3	1	0
景	666F	5	0.4217	6.015	0.9940	4	1	0
晰	6670	5	0.3600	5.491	0.9523	3	0	0
晱	6671	5	0.3954	6.027	0.9149	3	0	0
晲	6672	5	0.4000	5.206	0.9544	3	0	0
晳	6673	5	0.3994	5.627	0.9563	3	0	0
晴	6674	5	0.4538	5.583	0.9899	2	1	1
晵	6675	5	0.4349	6.077	0.9403	2	0	0
晶	6676	5	0.5304	4.880	0.9984	3	1	0
晷	6677	5	0.4256	6.465	0.9433	4	0	0
晸	6678	5	0.4800	6.127	0.9239	4	0	0
晹	6679	5	0.4900	5.750	0.9412	4	0	0
智	667A	5	0.4583	5.682	0.9592	3	1	0
晻	667B	5	0.4800	5.503	0.9553	3	0	0
晼	667C	5	0.4308	5.992	0.9124	4	0	0
晽	667D	5	0.4231	5.561	0.9212	3	0	0
晾	667E	5	0.4077	5.202	0.9733	4	0	0
晿	667F	5	0.5083	5.133	1.0101	3	0	0
暀	6680	5	0.3831	5.199	0.9601	4	0	0
暁	6681	5	0.4354	5.519	0.9284	3	1	1
暂	6682	5	0.4246	6.104	0.9294	3	1	1
暃	6683	5	0.4192	5.344	0.9614	2	0	0
暄	6684	5	0.4308	5.277	0.9671	5	0	0
暅	6685	5	0.4615	5.803	0.9609	5	0	0
暆	6686	5	0.4785	6.924	0.9147	3	0	0
暇	6687	5	0.4752	5.779	0.9587	3	1	1
暈	6688	5	0.4496	7.120	0.9916	3	0	0
暉	6689	5	0.4688	5.510	0.9836	3	0	0
暊	668A	5	0.4912	5.566	0.9379	2	0	0
暋	668B	5	0.4738	6.937	0.9229	3	0	0
暌	668C	5	0.4108	6.048	0.9233	4	0	0
暍	668D	5	0.4808	5.967	0.9024	5	0	0
暎	668E	5	0.4492	5.489	0.9507	3	0	0
暏	668F	5	0.4615	5.305	0.9589	3	0	0
暐	6690	5	0.4446	5.653	0.9656	4	0	0
暑	6691	5	0.4304	6.561	0.9541	3	1	1
暒	6692	5	0.4960	5.309	0.9569	3	0	0
暓	6693	5	0.4364	6.549	0.9192	3	0	0
暔	6694	5	0.4569	5.898	0.9579	3	0	0
暕	6695	5	0.4754	5.919	0.9735	2	0	0
暖	6696	5	0.4569	6.732	0.8905	5	1	1
暗	6697	5	0.4338	5.455	0.9501	2	1	0
暘	6698	5	0.4769	6.028	0.9591	5	0	0
暙	6699	5	0.4846	5.673	0.9325	3	0	0
暚	669A	5	0.4385	5.963	0.9286	2	0	0
暛	669B	5	0.4646	5.838	0.8994	3	0	0
暜	669C	5	0.4053	6.276	0.9224	3	0	0
暝	669D	5	0.4416	5.689	0.9702	5	0	0
暞	669E	5	0.4431	5.753	0.9599	3	0	0
暟	669F	5	0.4446	5.537	0.9550	5	0	0
暠	66A0	5	0.3717	7.096	0.9624	5	0	0
暡	66A1	5	0.4544	6.956	0.9115	4	0	0
暢	66A2	5	0.4908	6.593	0.9290	5	1	1
暣	66A3	5	0.4231	6.339	0.9372	5	0	0
暤	66A4	5	0.4369	5.599	0.9628	4	0	0
暥	66A5	5	0.4750	6.096	0.9480	4	0	0
暦	66A6	5	0.4944	6.390	0.9578	2	1	1
暧	66A7	5	0.4800	6.793	0.8876	4	0	0
暨	66A8	5	0.4364	6.756	0.9991	4	1	1
暩	66A9	5	0.4369	6.563	0.9064	3	0	0
暪	66AA	5	0.4769	6.388	0.9222	2	0	0
暫	66AB	5	0.4260	6.354	0.9785	3	1	1
暬	66AC	5	0.4201	6.933	0.9404	5	0	0
暭	66AD	5	0.4323	5.956	0.9540	3	0	0
暮	66AE	5	0.4260	6.899	0.9700	4	1	1
暯	66AF	5	0.4846	6.138	0.9385	4	0	0
暰	66B0	5	0.4508	6.369	0.8903	3	0	0
暱	66B1	5	0.4896	6.059	0.9770	5	0	0
暲	66B2	5	0.4092	5.846	0.9508	3	0	0
暳	66B3	5	0.4785	6.042	0.9760	4	0	0
暴	66B4	5	0.4098	6.812	0.9232	2	1	1
暵	66B5	5	0.5138	6.156	0.9726	2	0	0
暶	66B6	5	0.4477	6.662	0.9284	3	0	0
暷	66B7	5	0.4846	6.310	0.9577	3	0	0
暸	66B8	5	0.4292	6.197	0.9668	4	0	0
暹	66B9	5	0.3994	7.151	0.9170	3	0	0
暺	66BA	5	0.5062	5.714	1.0138	4	0	0
暻	66BB	5	0.4400	6.170	0.9660	5	0	0
暼	66BC	5	0.4354	7.006	0.9441	3	0	0
暽	66BD	5	0.4569	6.637	0.9201	4	0	0
暾	66BE	5	0.4538	6.497	0.9189	5	0	0
暿	66BF	5	0.4600	6.172	0.9176	6	0	0
曀	66C0	5	0.4231	6.135	0.9617	5	0	0
曁	66C1	5	0.4188	7.441	0.9475	5	0	0
曂	66C2	5	0.4631	6.151	0.9494	2	0	0
曃	66C3	5	0.4600	6.954	0.8923	3	0	0
曄	66C4	5	0.4615	5.579	0.9769	3	0	0
曅	66C5	5	0.4933	6.988	0.9755	3	0	0
曆	66C6	5	0.4508	6.935	0.9448	4	1	1
曇	66C7	5	0.4067	8.361	0.9489	4	0	0
曈	66C8	5	0.4831	6.218	0.9668	4	0	0
曉	66C9	5	0.4769	6.327	0.9362	5	1	1
曊	66CA	5	0.4631	6.941	0.9341	3	0	0
曋	66CB	5	0.4784	6.126	0.9957	4	0	0
曌	66CC	5	0.4517	6.661	0.9340	5	0	0
曍	66CD	5	0.4231	6.270	0.9670	3	0	0
曎	66CE	5	0.4768	5.845	0.9410	4	0	0
曏	66CF	5	0.4400	7.572	0.9238	3	0	0
曐	66D0	5	0.4717	6.736	0.9739	4	0	0
曑	66D1	5	0.4064	7.574	0.9718	4	0	0
曒	66D2	5	0.4877	6.696	0.9099	3	0	0
曓	66D3	5	0.4135	7.733	0.9521	3	0	0
曔	66D4	5	0.4908	6.466	0.9314	5	0	0
曕	66D5	5	0.4415	7.025	0.9469	4	0	0
曖	66D6	5	0.4538	7.411	0.8744	4	1	1
曗	66D7	5	0.4585	6.543	0.9302	4	0	0
曘	66D8	5	0.5216	6.483	0.9502	3	0	0
曙	66D9	5	0.5185	6.320	0.9010	4	0	0
曚	66DA	5	0.4711	7.223	0.9465	5	0	0
曛	66DB	5	0.4954	7.540	0.9445	2	0	0
曜	66DC	5	0.4831	6.785	0.9258	3	1	1
曝	66DD	5	0.4815	6.830	0.9411	3	0	0
曞	66DE	5	0.4880	7.005	0.9450	5	0	0
曟	66DF	5	0.4192	8.180	0.9414	4	0	0
曠	66E0	5	0.4923	7.022	0.9486	3	0	0
曡	66E1	5	0.4350	7.887	0.9964	5	0	0
曢	66E2	5	0.4551	6.617	0.9376	5	0	0
曣	66E3	5	0.4477	6.606	0.9440	4	0	0
曤	66E4	5	0.4815	6.792	0.9344	3	0	0
曥	66E5	5	0.5062	7.206	0.9263	3	0	0
曦	66E6	5	0.4508	8.091	0.8916	3	0	0
曧	66E7	5	0.4333	7.403	0.9404	3	0	0
曨	66E8	5	0.4738	6.899	0.9140	2	0	0
曩	66E9	5	0.4523	8.777	0.9294	3	0	0
曪	66EA	5	0.5184	7.333	0.9082	4	0	0
曫	66EB	5	0.4246	8.593	0.9286	2	0	0
曬	66EC	5	0.4816	7.690	0.9441	7	0	0
曭	66ED	5	0.4415	8.005	0.9313	3	0	0
曮	66EE	5	0.5056	7.420	0.9488	7	0	0
曯	66EF	5	0.5133	8.279	0.9268	4	0	0
曰	66F0	5	0.4372	2.677	0.9815	1	0	0
曱	66F1	5	0.3917	2.945	1.0017	1	0	0
曲	66F2	5	0.4843	4.068	0.9643	1	1	0
曳	66F3	5	0.3846	5.075	0.9345	1	0	0
更	66F4	5	0.4448	5.086	0.9162	1	1	0
曵	66F5	5	0.3969	5.348	0.9412	2	0	0
曶	66F6	5	0.4510	5.764	0.9354	3	0	0
曷	66F7	5	0.4336	5.679	0.9321	4	0	0
書	66F8	5	0.4087	6.683	1.0184	2	1	1
曹	66F9	5	0.5144	6.067	0.9853	2	1	1
曺	66FA	5	0.4936	6.017	0.9761	2	0	0
曻	66FB	5	0.4496	5.485	0.9371	3	0	0
曼	66FC	5	0.4150	6.470	0.9727	2	1	0
曽	66FD	5	0.5288	5.709	0.9598	4	1	0
曾	66FE	5	0.4112	6.045	0.9180	3	1	0
替	66FF	5	0.4477	6.022	0.9666	2	1	1
最	6700	5	0.4231	6.279	0.9730	3	1	1
朁	6701	5	0.4784	6.628	0.9244	3	0	0
朂	6702	5	0.4277	6.095	0.9699	3	0	0
會	6703	5	0.3240	6.288	0.9694	3	1	0
朄	6704	5	0.4615	6.201	0.9480	2	0	0
朅	6705	5	0.4646	6.661	0.9122	6	0	0
朆	6706	5	0.4728	7.317	0.9492	5	0	0
朇	6707	5	0.4808	7.237	0.9513	5	0	0
月	6708	5	0.3545	3.229	0.9744	1	0	0
有	6709	5	0.3523	4.428	0.9800	2	1	0
朊	670A	5	0.3600	5.057	0.9542	3	0	0
朋	670B	5	0.4650	4.809	0.9451	2	1	0
朌	670C	5	0.3938	5.524	0.9329	3	0	0
服	670D	5	0.4492	5.827	0.9454	2	1	0
朎	670E	5	0.3580	5.602	0.9250	4	0	0
朏	670F	5	0.4059	5.282	0.9543	3	0	0
朐	6710	5	0.4215	5.423	0.9067	3	0	0
朑	6711	5	0.4053	5.644	0.9676	2	0	0
朒	6712	5	0.4538	6.187	0.9067	2	0	0
朓	6713	5	0.3861	6.399	0.9227	2	0	0
朔	6714	5	0.4185	5.490	0.9504	3	1	0
朕	6715	5	0.3905	5.947	0.9116	3	0	0
朖	6716	5	0.4320	6.072	0.9576	3	0	0
朗	6717	5	0.4375	5.511	0.9428	3	1	0
朘	6718	5	0.4334	6.886	0.9021	4	0	0
朙	6719	5	0.4917	5.909	0.9262	4	0	0
朚	671A	5	0.4352	5.667	0.9893	3	0	0
望	671B	5	0.4462	5.748	0.9401	3	1	1
朜	671C	5	0.4320	6.085	0.9259	4	0	0
朝	671D	5	0.4631	5.350	0.9660	2	1	1
朞	671E	5	0.3832	6.130	0.9742	3	0	0
期	671F	5	0.4662	5.566	0.9686	3	1	1
朠	6720	5	0.4586	6.191	0.9256	3	0	0
朡	6721	5	0.4400	7.654	0.8732	2	0	0
朢	6722	5	0.4846	6.059	0.9723	2	0	0
朣	6723	5	0.4822	6.894	0.9272	4	0	0
朤	6724	5	0.5184	6.729	0.9541	4	0	0
朥	6725	5	0.4349	7.561	0.9308	3	0	0
朦	6726	5	0.4689	7.856	0.9400	5	0	0
朧	6727	5	0.4911	7.692	0.9350	2	0	0
木	6728	5	0.2500	3.534	0.9905	1	0	0
朩	6729	5	0.2468	3.454	0.9585	1	0	0
未	672A	5	0.2855	4.053	0.9775	1	1	0
末	672B	5	0.2985	4.087	0.9688	1	1	0
本	672C	5	0.2923	4.096	0.9695	1	1	0
札	672D	5	0.2707	3.822	0.9468	2	1	0
朮	672E	5	0.2754	4.142	0.9582	2	0	0
术	672F	5	0.2785	3.947	0.9642	2	1	0
朰	6730	5	0.3354	4.750	0.9472	2	0	0
朱	6731	5	0.3092	4.418	0.9576	2	1	0
朲	6732	5	0.2973	4.244	0.9561	2	0	0
朳	6733	5	0.3018	4.539	0.9738	2	0	0
朴	6734	5	0.2678	3.784	0.9450	2	1	0
朵	6735	5	0.3296	4.551	0.9492	2	1	0
朶	6736	5	0.3508	4.915	0.9570	2	0	0
朷	6737	5	0.3554	4.723	0.9048	2	0	0
朸	6738	5	0.3415	4.512	0.9208	2	0	0
朹	6739	5	0.3225	4.497	0.9365	2	0	0
机	673A	5	0.3328	4.731	0.9390	2	1	0
朻	673B	5	0.3411	3.786	0.9552	2	0	0
朼	673C	5	0.3328	4.318	0.9174	2	0	0
朽	673D	5	0.3136	4.418	0.9445	2	1	0
朾	673E	5	0.3033	3.756	0.9268	2	0	0
朿	673F	5	0.3328	4.721	0.9939	1	0	0
杀	6740	5	0.3205	5.077	0.9328	2	1	0
杁	6741	5	0.2944	4.447	0.9429	2	0	0
杂	6742	5	0.3277	4.779	0.9643	2	1	0
权	6743	5	0.3447	5.128	0.9525	2	1	0
杄	6744	5	0.2959	3.942	0.9610	2	0	0
杅	6745	5	0.3092	4.136	0.9717	2	0	0
杆	6746	5	0.2914	4.008	0.9692	2	1	0
杇	6747	5	0.3254	4.635	0.9544	3	0	0
杈	6748	5	0.3609	5.619	0.9412	3	0	0
杉	6749	5	0.2908	4.680	0.9169	2	1	0
杊	674A	5	0.3369	4.566	0.9812	2	0	0
杋	674B	5	0.3506	5.096	0.9245	3	0	0
杌	674C	5	0.3506	4.838	0.9182	2	0	0
杍	674D	5	0.2692	4.231	0.9499	2	0	0
李	674E	5	0.3446	4.975	0.9419	2	1	0
杏	674F	5	0.3180	4.627	0.9558	2	1	0
材	6750	5	0.3254	4.462	0.9569	2	1	0
村	6751	5	0.2973	4.211	0.9544	2	1	0
杒	6752	5	0.3769	5.355	0.9286	3	0	0
杓	6753	5	0.3262	4.569	0.9164	3	0	0
杔	6754	5	0.2899	4.528	0.9386	3	0	0
杕	6755	5	0.3240	4.553	0.9335	2	0	0
杖	6756	5	0.3343	4.899	0.9264	2	1	0
杗	6757	5	0.3248	4.836	0.9707	2	0	0
杘	6758	5	0.3892	4.983	0.9833	2	0	0
杙	6759	5	0.3107	4.570	0.9300	2	0	0
杚	675A	5	0.3107	4.976	0.9198	3	0	0
杛	675B	5	0.3538	4.712	0.9534	2	0	0
杜	675C	5	0.2988	4.038	0.9571	2	1	0
杝	675D	5	0.3920	5.425	0.9039	2	0	0
杞	675E	5	0.3417	4.534	0.9162	2	0	0
束	675F	5	0.3609	4.797	0.9701	1	1	0
杠	6760	5	0.2914	3.923	0.9852	2	0	0
条	6761	5	0.3388	5.642	0.9263	2	1	0
杢	6762	5	0.3343	4.377	0.9754	2	0	0
杣	6763	5	0.3615	4.317	0.9629	2	0	0
杤	6764	5	0.3491	4.827	0.9482	2	0	0
来	6765	5	0.3299	4.942	0.9572	1	1	0
杦	6766	5	0.3284	4.755	0.9545	2	0	0
杧	6767	5	0.2781	4.010	0.9544	2	0	0
杨	6768	5	0.3954	5.912	0.8972	2	1	0
杩	6769	5	0.3538	4.942	0.9396	2	0	0
杪	676A	5	0.3077	4.921	0.9184	3	0	0
杫	676B	5	0.3299	4.500	0.9530	2	0	0
杬	676C	5	0.3343	4.812	0.9151	3	0	0
杭	676D	5	0.3107	4.948	0.9094	3	1	0
杮	676E	5	0.3565	4.855	0.9626	2	0	0
杯	676F	5	0.3254	4.605	0.9271	2	1	0
杰	6770	5	0.3061	4.795	0.9268	2	1	0
東	6771	5	0.4231	5.349	0.9697	1	1	0
杲	6772	5	0.4032	4.921	0.9471	2	0	0
杳	6773	5	0.3923	5.224	0.9561	2	0	0
杴	6774	5	0.3402	5.144	0.9233	2	0	0
杵	6775	5	0.3107	4.231	0.9591	3	0	0
杶	6776	5	0.3595	5.122	0.9199	2	0	0
杷	6777	5	0.4038	5.193	0.9369	2	0	0
杸	6778	5	0.3772	5.598	0.9070	3	0	0
杹	6779	5	0.3476	4.949	0.9054	3	0	0
杺	677A	5	0.3121	4.885	0.9448	2	0	0
杻	677B	5	0.3683	5.038	0.9466	2	0	0
杼	677C	5	0.3328	4.854	0.9073	2	0	0
杽	677D	5	0.3358	4.709	0.9312	2	0	0
松	677E	5	0.3314	5.249	0.9147	3	1	0
板	677F	5	0.3624	5.793	0.9342	3	1	0
枀	6780	5	0.3284	5.694	0.9378	3	0	0
极	6781	5	0.3787	5.919	0.9102	2	1	0
枂	6782	5	0.4077	4.771	0.9759	2	0	0
枃	6783	5	0.3123	5.120	0.8982	3	0	0
构	6784	5	0.3692	5.262	0.8875	3	1	0
枅	6785	5	0.3654	4.846	0.9683	3	0	0
枆	6786	5	0.3373	5.207	0.9197	2	0	0
枇	6787	5	0.3433	5.188	0.9170	2	0	0
枈	6788	5	0.3476	5.310	0.9633	2	0	0
枉	6789	5	0.3269	4.388	0.9598	2	0	0
枊	678A	5	0.3462	4.907	0.9120	3	0	0
枋	678B	5	0.3358	4.818	0.9297	2	0	0
枌	678C	5	0.3210	5.373	0.9305	3	0	0
枍	678D	5	0.3166	4.904	0.9137	3	0	0
枎	678E	5	0.3536	4.897	0.9150	2	0	0
枏	678F	5	0.3831	5.034	0.9512	2	0	0
析	6790	5	0.3166	4.547	0.9537	2	1	0
枑	6791	5	0.3772	5.154	0.9483	2	0	0
枒	6792	5	0.3328	5.115	0.9511	2	0	0
枓	6793	5	0.3062	4.587	0.9350	2	0	0
枔	6794	5	0.2721	4.823	0.9172	4	0	0
枕	6795	5	0.3506	5.118	0.9018	2	1	0
枖	6796	5	0.3388	5.027	0.9220	3	0	0
林	6797	5	0.3314	4.707	0.9520	2	1	0
枘	6798	5	0.3938	5.100	0.9371	2	0	0
枙	6799	5	0.3891	5.586	0.9296	3	0	0
枚	679A	5	0.3639	5.249	0.9086	2	1	0
枛	679B	5	0.3728	5.440	0.9261	2	0	0
果	679C	5	0.4415	4.987	0.9795	1	1	0
枝	679D	5	0.3609	5.298	0.9074	3	1	0
枞	679E	5	0.3698	5.347	0.9243	3	0	0
枟	679F	5	0.2959	4.774	0.9507	3	0	0
枠	67A0	5	0.3299	4.679	0.9454	3	1	0
枡	67A1	5	0.3432	4.928	0.9522	3	0	0
枢	67A2	5	0.3580	5.688	0.9527	3	1	0
枣	67A3	5	0.3624	5.418	0.9654	2	0	0
枤	67A4	5	0.3358	5.062	0.9269	2	0	0
枥	67A5	5	0.3905	5.774	0.9558	3	0	0
枦	67A6	5	0.2969	4.623	0.9484	2	0	0
枧	67A7	5	0.3521	5.493	0.9558	2	0	0
枨	67A8	5	0.3476	5.187	0.9380	2	0	0
枩	67A9	5	0.3246	5.621	0.9477	3	0	0
枪	67AA	5	0.3662	5.441	0.8871	3	1	0
枫	67AB	5	0.4053	6.216	0.9435	2	0	0
枬	67AC	5	0.3402	5.183	0.9536	2	0	0
枭	67AD	5	0.3815	5.647	0.9356	2	0	0
枮	67AE	5	0.3328	4.403	0.9566	3	0	0
枯	67AF	5	0.3462	4.543	0.9524	3	1	0
枰	67B0	5	0.3240	4.909	0.9285	2	0	0
枱	67B1	5	0.3417	5.118	0.9357	3	0	0
枲	67B2	5	0.3861	5.687	0.9542	3	0	0
枳	67B3	5	0.3476	4.962	0.9534	3	0	0
枴	67B4	5	0.3923	5.180	0.9336	3	0	0
枵	67B5	5	0.3624	5.172	0.9519	3	0	0
架	67B6	5	0.4062	5.515	0.9236	3	1	0
枷	67B7	5	0.4341	5.641	0.9510	3	0	0
枸	67B8	5	0.3769	4.934	0.9227	3	0	0
枹	67B9	5	0.3979	5.620	0.8896	3	0	0
枺	67BA	5	0.3521	5.029	0.9216	2	0	0
枻	67BB	5	0.3935	5.209	0.9605	2	0	0
枼	67BC	5	0.3861	5.399	0.9521	2	0	0
枽	67BD	5	0.4138	5.511	0.9792	3	0	0
枾	67BE	5	0.3669	4.976	0.9662	2	0	0
枿	67BF	5	0.3417	4.812	0.9391	3	0	0
柀	67C0	5	0.4127	5.918	0.9326	2	0	0
柁	67C1	5	0.3402	4.885	0.9033	3	0	0
柂	67C2	5	0.3876	5.848	0.9077	2	0	0
柃	67C3	5	0.3136	5.226	0.9236	4	0	0
柄	67C4	5	0.3920	5.626	0.9366	3	1	0
柅	67C5	5	0.3950	5.589	0.9428	3	0	0
柆	67C6	5	0.3210	4.899	0.9469	2	0	0
柇	67C7	5	0.3550	5.121	0.9500	2	0	0
柈	67C8	5	0.3343	4.895	0.9508	2	0	0
柉	67C9	5	0.3092	5.225	0.9085	3	0	0
柊	67CA	5	0.3521	5.558	0.8937	3	0	0
柋	67CB	5	0.3615	5.704	0.9100	3	0	0
柌	67CC	5	0.3615	4.793	0.9852	3	0	0
柍	67CD	5	0.3861	5.264	0.9462	2	0	0
柎	67CE	5	0.3595	5.202	0.9242	3	0	0
柏	67CF	5	0.3942	4.516	0.9421	2	1	0
某	67D0	5	0.3908	5.099	0.9441	2	1	0
柑	67D1	5	0.3683	4.678	0.9620	2	0	0
柒	67D2	5	0.3569	5.523	0.9416	2	0	0
染	67D3	5	0.3447	5.788	0.9302	3	1	1
柔	67D4	5	0.4483	5.761	0.9243	2	1	0
柕	67D5	5	0.3738	5.393	0.9330	2	0	0
柖	67D6	5	0.3938	5.304	0.9454	3	0	0
柗	67D7	5	0.3373	5.082	0.9391	2	0	0
柘	67D8	5	0.3831	4.918	0.9541	2	0	0
柙	67D9	5	0.3954	4.536	0.9724	2	0	0
柚	67DA	5	0.4123	4.721	0.9506	2	0	0
柛	67DB	5	0.3908	4.590	0.9574	2	0	0
柜	67DC	5	0.3683	4.996	0.9751	2	0	0
柝	67DD	5	0.3615	5.110	0.9427	2	0	0
柞	67DE	5	0.3521	4.529	0.9384	2	0	0
柟	67DF	5	0.4009	5.177	0.9434	2	0	0
柠	67E0	5	0.3077	4.288	0.9194	3	0	0
柡	67E1	5	0.3861	5.691	0.9293	3	0	0
柢	67E2	5	0.3787	5.602	0.9306	3	0	0
柣	67E3	5	0.3373	5.263	0.9464	3	0	0
柤	67E4	5	0.3964	5.047	0.9984	2	0	0
查	67E5	5	0.3892	5.296	0.9851	3	1	0
柦	67E6	5	0.3462	4.961	0.9691	3	0	0
柧	67E7	5	0.3935	6.142	0.9401	2	0	0
柨	67E8	5	0.3609	5.087	0.9488	3	0	0
柩	67E9	5	0.3935	5.962	0.9511	3	0	0
柪	67EA	5	0.3738	6.165	0.9075	3	0	0
柫	67EB	5	0.4068	5.885	0.9412	2	0	0
柬	67EC	5	0.4071	5.601	0.9649	1	1	0
柭	67ED	5	0.3846	5.851	0.9302	2	0	0
柮	67EE	5	0.3954	5.013	0.9169	3	0	0
柯	67EF	5	0.3491	4.849	0.9519	3	1	0
柰	67F0	5	0.3609	5.615	0.9589	2	0	0
柱	67F1	5	0.3343	4.740	0.9331	3	1	0
柲	67F2	5	0.3373	5.918	0.9196	2	0	0
柳	67F3	5	0.3954	5.690	0.9393	3	1	0
柴	67F4	5	0.3787	5.558	0.9723	3	1	0
柵	67F5	5	0.4453	6.154	0.9593	2	1	1
柶	67F6	5	0.4523	5.323	0.9589	2	0	0
柷	67F7	5	0.3772	5.130	0.9110	3	0	0
柸	67F8	5	0.3521	5.111	0.9445	3	0	0
柹	67F9	5	0.3373	5.240	0.9248	2	0	0
柺	67FA	5	0.3969	5.198	0.9303	3	0	0
査	67FB	5	0.4275	5.265	0.9752	2	1	0
柼	67FC	5	0.3299	4.923	0.9142	3	0	0
柽	67FD	5	0.3950	5.797	0.9455	3	0	0
柾	67FE	5	0.3580	4.808	0.9520	3	0	0
柿	67FF	5	0.3580	4.962	0.9446	3	1	0
栀	6800	5	0.4068	5.913	0.9138	3	0	0
栁	6801	5	0.4169	5.637	0.9206	3	0	0
栂	6802	5	0.4038	5.922	0.9354	2	0	0
栃	6803	5	0.3708	5.780	0.9316	3	1	0
栄	6804	5	0.3536	5.245	0.9643	2	1	0
栅	6805	5	0.4364	6.361	0.9494	2	0	0
栆	6806	5	0.3728	5.553	0.9558	2	0	0
标	6807	5	0.3269	4.990	0.9364	2	1	0
栈	6808	5	0.3609	5.673	0.9287	2	0	0
栉	6809	5	0.3595	4.661	0.9366	3	0	0
栊	680A	5	0.3698	5.851	0.9367	2	0	0
栋	680B	5	0.3565	5.380	0.9330	2	0	0
栌	680C	5	0.3123	4.469	0.9629	3	0	0
栍	680D	5	0.3476	4.882	0.9532	2	0	0
栎	680E	5	0.3462	5.280	0.9434	2	0	0
栏	680F	5	0.2973	4.538	0.9196	4	0	0
栐	6810	5	0.3506	5.535	0.9083	2	0	0
树	6811	5	0.3358	5.523	0.9437	3	1	0
栒	6812	5	0.4062	5.336	0.8865	3	0	0
栓	6813	5	0.3595	5.535	0.9321	3	0	0
栔	6814	5	0.3994	6.298	0.9595	2	0	0
栕	6815	5	0.3817	5.130	0.9934	2	0	0
栖	6816	5	0.4334	5.841	0.9481	2	1	1
栗	6817	5	0.4600	5.400	0.9613	2	1	0
栘	6818	5	0.3506	5.992	0.8826	3	0	0
栙	6819	5	0.3817	5.793	0.9328	3	0	0
栚	681A	5	0.3550	5.317	0.9331	3	0	0
栛	681B	5	0.4046	6.421	0.8973	4	0	0
栜	681C	5	0.3905	5.692	0.9358	2	0	0
栝	681D	5	0.3698	4.981	0.9421	2	0	0
栞	681E	5	0.3936	5.186	0.9449	3	0	0
栟	681F	5	0.3225	5.197	0.9214	5	0	0
栠	6820	5	0.3743	5.751	0.9631	4	0	0
校	6821	5	0.3432	5.780	0.9100	3	1	0
栢	6822	5	0.3892	5.198	0.9732	3	0	0
栣	6823	5	0.3433	5.304	0.9417	4	0	0
栤	6824	5	0.3373	5.863	0.9053	3	0	0
栥	6825	5	0.3766	5.985	0.9436	3	0	0
栦	6826	5	0.4215	5.854	0.8936	2	0	0
栧	6827	5	0.4275	5.814	0.9228	2	0	0
栨	6828	5	0.3269	5.798	0.9237	3	0	0
栩	6829	5	0.3908	6.073	0.9165	2	0	0
株	682A	5	0.3861	5.418	0.9513	3	1	0
栫	682B	5	0.3772	5.385	0.9231	3	0	0
栬	682C	5	0.3876	5.457	0.9017	2	0	0
栭	682D	5	0.3891	5.863	0.9676	2	0	0
栮	682E	5	0.4083	5.122	0.9949	2	0	0
栯	682F	5	0.3979	5.285	0.9315	3	0	0
栰	6830	5	0.3979	6.240	0.9122	3	0	0
栱	6831	5	0.3639	5.197	0.9103	3	0	0
栲	6832	5	0.3743	5.726	0.9283	3	0	0
栳	6833	5	0.3950	5.779	0.8885	3	0	0
栴	6834	5	0.3861	5.649	0.9299	3	0	0
栵	6835	5	0.3846	5.567	0.9617	3	0	0
栶	6836	5	0.4492	5.849	0.9614	3	0	0
样	6837	5	0.3624	4.823	0.9131	2	1	0
核	6838	5	0.3624	5.774	0.9192	4	1	0
根	6839	5	0.4083	5.741	0.9346	2	1	0
栺	683A	5	0.4246	5.402	0.9215	3	0	0
栻	683B	5	0.3654	5.327	0.9025	3	0	0
格	683C	5	0.4024	5.587	0.9156	3	1	0
栽	683D	5	0.4038	6.064	0.9134	2	1	0
栾	683E	5	0.3447	5.731	0.9430	5	0	0
栿	683F	5	0.3891	5.696	0.9353	3	0	0
桀	6840	5	0.4015	6.000	0.9467	3	0	0
桁	6841	5	0.3388	5.031	0.9136	4	1	0
桂	6842	5	0.3683	5.041	0.9652	3	1	0
桃	6843	5	0.3565	6.029	0.9155	2	1	0
桄	6844	5	0.3861	5.428	0.9035	4	0	0
桅	6845	5	0.4127	5.914	0.9365	4	0	0
框	6846	5	0.4083	5.607	0.9706	3	1	0
桇	6847	5	0.4231	5.860	0.9635	3	0	0
案	6848	5	0.4246	6.587	0.9548	3	1	0
桉	6849	5	0.3876	5.639	0.9105	3	0	0
桊	684A	5	0.3817	6.272	0.9233	2	0	0
桋	684B	5	0.4320	6.111	0.9253	2	0	0
桌	684C	5	0.4009	5.531	0.9317	3	1	0
桍	684D	5	0.3950	5.668	0.9160	4	0	0
桎	684E	5	0.3903	5.519	0.9429	3	0	0
桏	684F	5	0.3787	5.493	0.9557	3	0	0
桐	6850	5	0.4369	5.425	0.9851	3	1	0
桑	6851	5	0.4408	7.401	0.8419	4	1	1
桒	6852	5	0.3817	5.269	0.9562	3	0	0
桓	6853	5	0.3846	5.264	0.9571	4	1	0
桔	6854	5	0.3728	4.838	0.9421	3	0	0
桕	6855	5	0.3738	4.596	0.9482	2	0	0
桖	6856	5	0.3654	5.774	0.9593	3	0	0
桗	6857	5	0.4038	5.907	0.9473	3	0	0
桘	6858	5	0.4015	4.878	0.9756	2	0	0
桙	6859	5	0.3639	5.351	0.9177	3	0	0
桚	685A	5	0.3708	6.181	0.9172	2	0	0
桛	685B	5	0.3624	4.545	0.9477	2	0	0
桜	685C	5	0.3743	5.812	0.9065	2	1	1
桝	685D	5	0.3743	5.678	0.9188	3	0	0
桞	685E	5	0.3979	6.152	0.9377	3	0	0
桟	685F	5	0.3920	6.058	0.9143	2	0	0
桠	6860	5	0.3935	5.707	0.9537	2	0	0
桡	6861	5	0.4009	6.039	0.9107	3	0	0
桢	6862	5	0.3708	5.317	0.9618	3	0	0
档	6863	5	0.3938	5.208	0.9644	3	1	0
桤	6864	5	0.3831	5.321	0.9215	3	0	0
桥	6865	5	0.3550	5.438	0.9408	4	1	0
桦	6866	5	0.3669	5.240	0.9505	4	0	0
桧	6867	5	0.3698	5.720	0.9252	4	0	0
桨	6868	5	0.3910	5.960	0.9190	3	0	0
桩	6869	5	0.3713	5.255	0.9552	3	0	0
桪	686A	5	0.3950	5.424	0.9609	3	0	0
桫	686B	5	0.3373	5.856	0.9195	4	0	0
桬	686C	5	0.3385	5.926	0.9227	4	0	0
桭	686D	5	0.3743	6.267	0.9604	2	0	0
桮	686E	5	0.3861	5.533	0.9419	3	0	0
桯	686F	5	0.3772	5.462	0.9518	3	0	0
桰	6870	5	0.4112	5.849	0.9436	2	0	0
桱	6871	5	0.3889	6.334	0.9636	6	0	0
桲	6872	5	0.3772	5.388	0.9458	3	0	0
桳	6873	5	0.3683	5.795	0.9358	4	0	0
桴	6874	5	0.3624	5.748	0.9148	3	0	0
桵	6875	5	0.3743	6.121	0.9001	3	0	0
桶	6876	5	0.4769	5.778	0.9327	3	1	1
桷	6877	5	0.4431	5.590	0.9156	2	0	0
桸	6878	5	0.4112	6.053	0.9277	4	0	0
桹	6879	5	0.3831	5.669	0.9464	3	0	0
桺	687A	5	0.3565	5.360	1.0082	2	0	0
桻	687B	5	0.4024	6.055	0.9179	3	0	0
桼	687C	5	0.3521	6.383	0.9281	2	0	0
桽	687D	5	0.4199	5.861	0.9230	5	0	0
桾	687E	5	0.4364	5.556	0.9553	3	0	0
桿	687F	5	0.4024	5.428	0.9353	3	1	0
梀	6880	5	0.4231	5.713	0.9594	2	0	0
梁	6881	5	0.3654	6.264	0.9363	2	1	0
梂	6882	5	0.3846	5.948	0.9247	2	0	0
梃	6883	5	0.4053	6.197	0.9061	3	0	0
梄	6884	5	0.4569	6.103	0.9026	2	0	0
梅	6885	5	0.4186	6.111	0.9106	3	1	1
梆	6886	5	0.4068	6.091	0.9440	3	0	0
梇	6887	5	0.4009	5.549	0.9565	3	0	0
梈	6888	5	0.3417	5.229	0.9305	4	0	0
梉	6889	5	0.3769	5.429	0.9422	3	0	0
梊	688A	5	0.4138	5.837	0.9545	3	0	0
梋	688B	5	0.4431	5.418	0.9534	3	0	0
梌	688C	5	0.3743	5.686	0.9436	4	0	0
梍	688D	5	0.3994	5.462	0.9576	3	0	0
梎	688E	5	0.4083	5.604	0.8957	3	0	0
梏	688F	5	0.3802	5.308	0.9453	3	0	0
梐	6890	5	0.3875	5.750	0.9257	3	0	0
梑	6891	5	0.3935	6.514	0.9210	3	0	0
梒	6892	5	0.3743	5.743	0.9242	5	0	0
梓	6893	5	0.3447	5.058	0.9283	2	1	0
梔	6894	5	0.4393	6.226	0.8865	3	0	0
梕	6895	5	0.3743	6.216	0.9219	4	0	0
梖	6896	5	0.4068	5.691	0.9395	2	0	0
梗	6897	5	0.4556	6.119	0.9302	2	1	1
梘	6898	5	0.4231	5.611	0.9391	2	0	0
梙	6899	5	0.4446	5.233	0.9318	2	0	0
梚	689A	5	0.4275	5.716	0.9016	3	0	0
梛	689B	5	0.4142	6.662	0.9315	3	0	0
梜	689C	5	0.3891	5.963	0.8998	2	0	0
條	689D	5	0.3565	6.298	0.9313	3	1	1
梞	689E	5	0.3802	6.045	0.9257	3	0	0
梟	689F	5	0.3595	6.688	0.9666	2	0	0
梠	68A0	5	0.4046	4.982	0.9681	3	0	0
梡	68A1	5	0.3713	5.494	0.9136	4	0	0
梢	68A2	5	0.3708	5.660	0.9374	3	0	0
梣	68A3	5	0.3328	5.619	0.9186	5	0	0
梤	68A4	5	0.3713	5.750	0.9064	4	0	0
梥	68A5	5	0.3891	6.528	0.9354	4	0	0
梦	68A6	5	0.3609	5.662	0.9035	3	1	0
梧	68A7	5	0.4053	5.438	0.9420	3	0	0
梨	68A8	5	0.4215	5.951	0.9570	3	1	0
梩	68A9	5	0.4453	5.632	0.9117	3	0	0
梪	68AA	5	0.3609	5.558	0.9258	4	0	0
梫	68AB	5	0.4354	6.393	0.9181	2	0	0
梬	68AC	5	0.4142	5.544	0.9400	3	0	0
梭	68AD	5	0.3876	6.590	0.8929	4	1	1
梮	68AE	5	0.4585	6.108	0.9171	3	0	0
梯	68AF	5	0.4172	5.960	0.9132	5	1	1
械	68B0	5	0.3964	6.346	0.9364	3	1	1
梱	68B1	5	0.4738	6.121	0.9262	3	0	0
梲	68B2	5	0.3550	5.633	0.9046	3	0	0
梳	68B3	5	0.3861	5.939	0.9164	2	0	0
梴	68B4	5	0.3718	6.510	0.9057	3	0	0
梵	68B5	5	0.3595	5.672	0.9188	4	1	1
梶	68B6	5	0.4408	6.433	0.9208	3	1	1
梷	68B7	5	0.4169	5.958	0.9527	4	0	0
梸	68B8	5	0.4323	5.618	0.9273	3	0	0
梹	68B9	5	0.3654	5.338	0.9187	3	0	0
梺	68BA	5	0.3343	5.159	0.9357	3	0	0
梻	68BB	5	0.4541	6.777	0.8995	3	0	0
梼	68BC	5	0.4083	5.942	0.9353	3	0	0
梽	68BD	5	0.3595	5.606	0.9263	3	0	0
梾	68BE	5	0.3877	5.739	0.9130	2	0	0
梿	68BF	5	0.3624	5.960	0.9228	3	0	0
检	68C0	5	0.3506	5.816	0.9490	5	1	0
棁	68C1	5	0.3550	5.439	0.9194	3	0	0
棂	68C2	5	0.3743	5.966	0.9218	3	0	0
棃	68C3	5	0.4231	6.522	0.8927	2	0	0
棄	68C4	5	0.4571	6.714	0.9036	2	1	1
棅	68C5	5	0.4615	6.438	0.9290	2	0	0
棆	68C6	5	0.4068	6.198	0.9210	4	0	0
棇	68C7	5	0.3521	6.254	0.9040	4	0	0
棈	68C8	5	0.4275	5.945	0.9386	2	0	0
棉	68C9	5	0.4200	5.465	0.9278	3	1	0
棊	68CA	5	0.4334	6.058	0.9492	3	0	0
棋	68CB	5	0.4038	5.577	0.9449	3	1	1
棌	68CC	5	0.3521	6.033	0.9117	3	0	0
棍	68CD	5	0.4290	6.126	0.9103	3	0	0
棎	68CE	5	0.3831	5.936	0.9395	3	0	0
棏	68CF	5	0.4201	5.755	0.9424	2	0	0
棐	68D0	5	0.4024	5.948	0.9473	2	0	0
棑	68D1	5	0.3547	5.309	0.9563	2	0	0
棒	68D2	5	0.4157	6.108	0.9256	3	1	1
棓	68D3	5	0.3654	5.421	0.9249	3	0	0
棔	68D4	5	0.4305	6.189	0.9333	3	0	0
棕	68D5	5	0.3609	5.587	0.9122	3	1	1
棖	68D6	5	0.4098	5.913	0.9366	2	0	0
棗	68D7	5	0.4259	7.266	0.9448	2	0	0
棘	68D8	5	0.4408	6.351	0.9478	2	0	0
棙	68D9	5	0.4231	6.582	0.9192	3	0	0
棚	68DA	5	0.4708	6.227	0.9346	3	1	1
棛	68DB	5	0.4305	6.054	0.9243	4	0	0
棜	68DC	5	0.3772	6.348	0.8910	4	0	0
棝	68DD	5	0.4923	5.888	0.9466	4	0	0
棞	68DE	5	0.4738	6.181	0.9588	3	0	0
棟	68DF	5	0.4290	5.922	0.9580	2	1	1
棠	68E0	5	0.4323	5.796	0.9397	2	0	0
棡	68E1	5	0.4246	6.344	0.9460	3	0	0
棢	68E2	5	0.4554	6.052	0.9387	3	0	0
棣	68E3	5	0.4053	6.188	0.9417	2	0	0
棤	68E4	5	0.4201	5.389	0.9527	4	0	0
棥	68E5	5	0.4068	6.416	0.9201	3	0	0
棦	68E6	5	0.3817	5.240	0.9101	3	0	0
棧	68E7	5	0.4231	6.939	0.8951	3	0	0
棨	68E8	5	0.3935	6.291	0.9171	2	0	0
棩	68E9	5	0.4508	5.819	0.9435	2	0	0
棪	68EA	5	0.3521	6.106	0.9259	3	0	0
棫	68EB	5	0.4275	6.412	0.9177	3	0	0
棬	68EC	5	0.3905	6.604	0.8969	3	0	0
棭	68ED	5	0.4201	6.497	0.8950	4	0	0
森	68EE	5	0.3920	5.912	0.9367	3	1	0
棯	68EF	5	0.3506	6.288	0.9144	5	0	0
棰	68F0	5	0.4003	6.032	0.9500	2	0	0
棱	68F1	5	0.4009	6.413	0.8996	4	0	0
棲	68F2	5	0.4467	6.562	0.9101	3	1	1
棳	68F3	5	0.4393	7.399	0.8941	5	0	0
棴	68F4	5	0.4601	7.286	0.9262	3	0	0
棵	68F5	5	0.4571	5.946	0.9218	2	0	0
棶	68F6	5	0.3876	6.055	0.9211	2	0	0
棷	68F7	5	0.4290	6.434	0.9057	3	0	0
棸	68F8	5	0.4277	6.177	0.9925	3	0	0
棹	68F9	5	0.4009	5.234	0.9479	4	0	0
棺	68FA	5	0.4015	5.357	0.9228	3	1	0
棻	68FB	5	0.3964	6.456	0.9383	4	0	0
棼	68FC	5	0.3580	6.202	0.9116	4	0	0
棽	68FD	5	0.3462	5.968	0.9271	5	0	0
棾	68FE	5	0.4167	6.067	0.8989	4	0	0
棿	68FF	5	0.3609	5.570	0.9253	3	0	0
椀	6900	5	0.3905	6.370	0.8962	4	0	0
椁	6901	5	0.4068	5.646	0.9230	4	0	0
椂	6902	5	0.3891	6.029	0.9378	3	0	0
椃	6903	5	0.4038	6.433	0.9027	3	0	0
椄	6904	5	0.4068	6.222	0.8931	3	0	0
椅	6905	5	0.3979	5.690	0.9565	4	1	1
椆	6906	5	0.4523	6.065	0.9652	3	0	0
椇	6907	5	0.4275	5.880	0.9452	3	0	0
椈	6908	5	0.4246	6.380	0.8616	3	0	0
椉	6909	5	0.4145	6.720	0.9317	4	0	0
椊	690A	5	0.3402	5.389	0.9309	3	0	0
椋	690B	5	0.3743	5.587	0.9274	4	0	0
椌	690C	5	0.3624	5.475	0.9308	4	0	0
植	690D	5	0.4231	5.769	0.9421	3	1	1
椎	690E	5	0.4127	5.519	0.9408	2	1	1
椏	690F	5	0.4083	5.418	0.9051	2	0	0
椐	6910	5	0.4497	5.941	0.9485	4	0	0
椑	6911	5	0.4083	5.438	0.9019	3	0	0
椒	6912	5	0.3831	6.603	0.9261	4	1	1
椓	6913	5	0.3905	6.576	0.9153	3	0	0
椔	6914	5	0.4138	6.487	0.9077	5	0	0
椕	6915	5	0.3950	6.782	0.9017	4	0	0
椖	6916	5	0.4246	6.294	0.9315	3	0	0
椗	6917	5	0.3757	5.500	0.9163	3	0	0
椘	6918	5	0.3669	5.973	0.8725	3	0	0
椙	6919	5	0.4738	5.703	0.9594	3	0	0
椚	691A	5	0.4200	4.958	0.9432	2	0	0
椛	691B	5	0.3905	5.592	0.9388	4	0	0
検	691C	5	0.4246	6.030	0.9025	2	1	1
椝	691D	5	0.4231	6.682	0.9144	3	0	0
椞	691E	5	0.3905	5.932	0.9337	3	0	0
椟	691F	5	0.3876	6.097	0.9241	4	0	0
椠	6920	5	0.4112	6.379	0.9315	3	0	0
椡	6921	5	0.4138	5.944	0.9067	4	0	0
椢	6922	5	0.4554	6.004	0.9940	3	0	0
椣	6923	5	0.4305	5.974	0.9593	3	0	0
椤	6924	5	0.4077	5.776	0.9224	3	0	0
椥	6925	5	0.4369	5.751	0.9314	3	0	0
椦	6926	5	0.4068	6.583	0.9071	3	0	0
椧	6927	5	0.3624	5.878	0.9491	5	0	0
椨	6928	5	0.3920	6.196	0.9197	4	0	0
椩	6929	5	0.4541	6.397	0.9259	3	0	0
椪	692A	5	0.3935	6.082	0.9296	3	0	0
椫	692B	5	0.3876	5.524	0.9713	4	0	0
椬	692C	5	0.3861	5.409	0.9671	3	0	0
椭	692D	5	0.4462	6.535	0.8857	4	0	0
椮	692E	5	0.3683	6.793	0.8832	3	0	0
椯	692F	5	0.3932	5.867	0.9741	3	0	0
椰	6930	5	0.4231	6.282	0.9560	3	0	0
椱	6931	5	0.4083	6.385	0.9096	3	0	0
椲	6932	5	0.4053	5.918	0.9456	4	0	0
椳	6933	5	0.4260	6.297	0.9339	4	0	0
椴	6934	5	0.3979	6.629	0.9080	4	0	0
椵	6935	5	0.4453	6.282	0.9275	3	0	0
椶	6936	5	0.4231	7.077	0.8855	2	0	0
椷	6937	5	0.4246	6.795	0.9283	4	0	0
椸	6938	5	0.4423	7.323	0.8808	3	0	0
椹	6939	5	0.4512	6.134	0.9204	4	0	0
椺	693A	5	0.4216	6.120	0.9332	4	0	0
椻	693B	5	0.4601	7.005	0.9480	4	0	0
椼	693C	5	0.3358	5.808	0.9272	5	0	0
椽	693D	5	0.4174	6.817	0.9337	3	0	0
椾	693E	5	0.4142	6.139	0.9428	4	0	0
椿	693F	5	0.4373	6.195	0.9313	3	1	1
楀	6940	5	0.4677	6.177	0.9138	2	0	0
楁	6941	5	0.4068	6.194	0.8911	4	0	0
楂	6942	5	0.4423	6.244	0.9158	4	0	0
楃	6943	5	0.4793	6.727	0.8862	4	0	0
楄	6944	5	0.4969	6.194	0.9214	3	0	0
楅	6945	5	0.4723	5.916	0.9314	3	0	0
楆	6946	5	0.4704	6.442	0.9316	3	0	0
楇	6947	5	0.4400	5.586	0.9230	3	0	0
楈	6948	5	0.4186	6.260	0.9708	3	0	0
楉	6949	5	0.4201	5.514	0.9627	4	0	0
楊	694A	5	0.4364	6.596	0.9359	5	1	1
楋	694B	5	0.4308	6.062	0.9468	3	0	0
楌	694C	5	0.3846	6.562	0.9026	4	0	0
楍	694D	5	0.4262	6.002	0.9549	2	0	0
楎	694E	5	0.4438	6.181	0.9800	3	0	0
楏	694F	5	0.4379	6.153	0.8969	4	0	0
楐	6950	5	0.4393	5.900	0.9420	4	0	0
楑	6951	5	0.3669	6.341	0.9401	4	0	0
楒	6952	5	0.4497	6.361	0.9433	3	0	0
楓	6953	5	0.4615	7.008	0.9425	2	0	0
楔	6954	5	0.4290	6.505	0.9077	3	0	0
楕	6955	5	0.4320	6.107	0.9573	2	0	0
楖	6956	5	0.4439	5.888	0.9504	3	0	0
楗	6957	5	0.4541	6.987	0.9083	3	0	0
楘	6958	5	0.4142	6.886	0.8964	3	0	0
楙	6959	5	0.4467	6.708	0.9260	3	0	0
楚	695A	5	0.4246	6.322	0.9065	3	1	1
楛	695B	5	0.3950	5.332	0.9883	4	0	0
楜	695C	5	0.4646	5.769	0.9089	4	0	0
楝	695D	5	0.4260	6.255	0.9685	2	0	0
楞	695E	5	0.4201	5.812	0.9247	2	0	0
楟	695F	5	0.4009	5.510	0.9354	5	0	0
楠	6960	5	0.4157	6.202	0.9147	3	1	1
楡	6961	5	0.4038	7.281	0.8820	6	0	0
楢	6962	5	0.4408	6.389	0.9381	4	0	0
楣	6963	5	0.4846	6.202	0.9293	3	0	0
楤	6964	5	0.4186	6.865	0.8903	4	0	0
楥	6965	5	0.4349	7.053	0.8722	5	0	0
楦	6966	5	0.4009	5.889	0.8980	5	0	0
楧	6967	5	0.4038	5.894	0.9429	3	0	0
楨	6968	5	0.3861	5.823	0.9345	3	0	0
楩	6969	5	0.4246	6.596	0.9592	3	0	0
楪	696A	5	0.4556	6.106	0.9197	3	0	0
楫	696B	5	0.3935	5.764	0.9608	3	0	0
楬	696C	5	0.4462	6.554	0.8909	5	0	0
業	696D	5	0.4824	6.278	0.9473	3	1	1
楮	696E	5	0.4246	5.981	0.9228	3	0	0
楯	696F	5	0.4098	6.354	0.9508	3	0	0
楰	6970	5	0.3908	5.954	0.9269	4	0	0
楱	6971	5	0.4438	6.724	0.9115	4	0	0
楲	6972	5	0.4645	7.389	0.8718	4	0	0
楳	6973	5	0.4438	5.835	0.9327	3	0	0
楴	6974	5	0.3985	5.681	0.9395	3	0	0
極	6975	5	0.4068	6.826	0.9212	2	1	1
楶	6976	5	0.3969	6.873	0.9056	4	0	0
楷	6977	5	0.4275	6.036	0.9383	3	0	0
楸	6978	5	0.4127	6.526	0.9136	3	0	0
楹	6979	5	0.4393	6.755	0.9228	4	0	0
楺	697A	5	0.4186	6.545	0.8932	3	0	0
楻	697B	5	0.4379	5.881	0.9026	3	0	0
楼	697C	5	0.4290	6.630	0.8934	3	1	1
楽	697D	5	0.3950	6.106	0.9449	3	1	0
楾	697E	5	0.4246	6.079	0.9174	3	0	0
楿	697F	5	0.4512	6.080	0.9268	3	0	0
榀	6980	5	0.4015	5.495	0.9667	4	0	0
榁	6981	5	0.4046	6.004	0.9118	4	0	0
概	6982	5	0.4423	6.686	0.9037	3	1	1
榃	6983	5	0.4260	5.856	0.9425	3	0	0
榄	6984	5	0.4038	6.259	0.9310	3	0	0
榅	6985	5	0.4330	5.913	0.9944	3	0	0
榆	6986	5	0.3772	6.409	0.9137	5	0	0
榇	6987	5	0.3920	6.106	0.9197	3	0	0
榈	6988	5	0.4015	6.035	0.9196	4	0	0
榉	6989	5	0.3846	5.923	0.9188	4	0	0
榊	698A	5	0.4277	6.169	0.9295	3	0	0
榋	698B	5	0.4446	5.888	0.9457	4	0	0
榌	698C	5	0.4068	6.966	0.9275	2	0	0
榍	698D	5	0.4754	6.672	0.9184	4	0	0
榎	698E	5	0.4201	6.694	0.9193	3	1	1
榏	698F	5	0.4202	6.422	0.9268	3	0	0
榐	6990	5	0.4660	6.760	0.9416	3	0	0
榑	6991	5	0.4497	6.288	0.9419	3	0	0
榒	6992	5	0.4215	7.252	0.9175	3	0	0
榓	6993	5	0.4157	6.641	0.9005	2	0	0
榔	6994	5	0.4246	6.626	0.9432	4	0	0
榕	6995	5	0.3950	6.192	0.9287	3	0	0
榖	6996	5	0.4320	6.875	0.9242	2	0	0
榗	6997	5	0.4438	6.332	0.9567	3	0	0
榘	6998	5	0.4320	6.677	0.9648	3	0	0
榙	6999	5	0.3979	5.760	0.9448	5	0	0
榚	699A	5	0.4009	6.060	0.8854	3	0	0
榛	699B	5	0.4467	6.855	0.9034	3	0	0
榜	699C	5	0.4098	5.928	0.9224	3	1	1
榝	699D	5	0.4379	7.240	0.9057	5	0	0
榞	699E	5	0.4556	6.522	0.9435	3	0	0
榟	699F	5	0.3938	5.519	0.9268	3	0	0
榠	69A0	5	0.4127	6.317	0.9254	5	0	0
榡	69A1	5	0.4160	6.743	0.9169	3	0	0
榢	69A2	5	0.3698	6.414	0.9174	3	0	0
榣	69A3	5	0.4068	6.314	0.9289	2	0	0
榤	69A4	5	0.4145	6.627	0.9187	4	0	0
榥	69A5	5	0.4615	6.475	0.8673	5	0	0
榦	69A6	5	0.4201	6.048	0.9380	3	0	0
榧	69A7	5	0.4320	6.413	0.9535	3	0	0
榨	69A8	5	0.3905	5.929	0.9193	4	0	0
榩	69A9	5	0.4216	6.760	0.9275	3	0	0
榪	69AA	5	0.4462	6.282	0.9201	2	0	0
榫	69AB	5	0.4068	5.827	0.9193	3	0	0
榬	69AC	5	0.4453	6.385	0.9428	5	0	0
榭	69AD	5	0.4157	6.368	0.8946	3	0	0
榮	69AE	5	0.4295	6.905	0.9029	2	1	1
榯	69AF	5	0.4083	6.096	0.9085	4	0	0
榰	69B0	5	0.4541	6.654	0.8902	4	0	0
榱	69B1	5	0.4482	6.510	0.9185	3	0	0
榲	69B2	5	0.4393	6.404	0.9489	2	0	0
榳	69B3	5	0.4408	7.053	0.8943	4	0	0
榴	69B4	5	0.4497	6.565	0.9157	3	1	1
榵	69B5	5	0.4216	5.486	0.9676	3	0	0
榶	69B6	5	0.4571	6.471	0.9747	3	0	0
榷	69B7	5	0.4320	5.881	0.9286	2	0	0
榸	69B8	5	0.4438	6.211	0.9072	4	0	0
榹	69B9	5	0.4571	7.246	0.8971	4	0	0
榺	69BA	5	0.4512	7.293	0.9044	2	0	0
榻	69BB	5	0.4431	7.171	0.9160	2	0	0
榼	69BC	5	0.4379	6.362	0.9073	4	0	0
榽	69BD	5	0.4349	7.126	0.8959	3	0	0
榾	69BE	5	0.4138	5.785	0.9305	3	0	0
榿	69BF	5	0.4231	6.167	0.8941	5	0	0
槀	69C0	5	0.3638	7.219	0.9557	5	0	0
槁	69C1	5	0.4088	6.082	0.9581	5	0	0
槂	69C2	5	0.3787	6.957	0.9122	4	0	0
槃	69C3	5	0.4290	7.194	0.9142	4	0	0
槄	69C4	5	0.3985	6.160	0.8844	3	0	0
槅	69C5	5	0.4477	6.533	0.9315	2	0	0
槆	69C6	5	0.4053	5.933	0.9206	4	0	0
槇	69C7	5	0.4186	6.942	0.9224	5	0	0
槈	69C8	5	0.4157	7.120	0.9183	3	0	0
槉	69C9	5	0.4098	6.341	0.9067	3	0	0
槊	69CA	5	0.4438	6.672	0.9224	4	0	0
構	69CB	5	0.4896	6.363	0.9551	3	1	1
槌	69CC	5	0.4112	6.159	0.9055	3	0	0
槍	69CD	5	0.4216	6.407	0.9035	5	1	1
槎	69CE	5	0.4053	6.121	0.9373	3	0	0
槏	69CF	5	0.4349	6.725	0.9277	3	0	0
槐	69D0	5	0.4453	6.344	0.8948	2	0	0
槑	69D1	5	0.4369	5.535	0.9731	4	0	0
槒	69D2	5	0.4290	6.486	0.9043	3	0	0
槓	69D3	5	0.3876	6.245	0.9269	3	0	0
槔	69D4	5	0.4201	6.067	0.9319	4	0	0
槕	69D5	5	0.3800	5.975	0.9792	4	0	0
槖	69D6	5	0.3876	7.413	0.9754	4	0	0
槗	69D7	5	0.4349	6.323	0.9246	2	0	0
様	69D8	5	0.4186	6.493	0.9211	2	1	1
槙	69D9	5	0.4024	6.462	0.9460	4	0	0
槚	69DA	5	0.4662	6.504	0.9204	3	0	0
槛	69DB	5	0.4305	6.233	0.9132	3	0	0
槜	69DC	5	0.4275	6.568	0.9193	3	0	0
槝	69DD	5	0.4444	6.317	0.9639	3	0	0
槞	69DE	5	0.4157	6.129	0.9445	3	0	0
槟	69DF	5	0.3994	5.924	0.9350	4	0	0
槠	69E0	5	0.4423	6.385	0.9217	4	0	0
槡	69E1	5	0.4364	7.404	0.8909	5	0	0
槢	69E2	5	0.4631	6.627	0.9304	3	0	0
槣	69E3	5	0.4160	6.325	0.9214	5	0	0
槤	69E4	5	0.4601	6.717	0.9305	3	0	0
槥	69E5	5	0.4453	6.304	0.9483	4	0	0
槦	69E6	5	0.4359	7.240	0.9377	4	0	0
槧	69E7	5	0.4142	6.662	0.9670	3	0	0
槨	69E8	5	0.3989	6.760	0.9400	5	0	0
槩	69E9	5	0.4423	7.079	0.9172	2	0	0
槪	69EA	5	0.4482	6.749	0.8919	2	0	0
槫	69EB	5	0.4275	6.486	0.9607	3	0	0
槬	69EC	5	0.4556	7.870	0.9310	5	0	0
槭	69ED	5	0.4408	7.304	0.9058	4	0	0
槮	69EE	5	0.3713	7.368	0.8948	3	0	0
槯	69EF	5	0.4541	6.260	0.9217	3	0	0
槰	69F0	5	0.3654	6.990	0.9271	4	0	0
槱	69F1	5	0.4275	6.907	0.9327	3	0	0
槲	69F2	5	0.4246	6.861	0.8893	3	0	0
槳	69F3	5	0.4408	7.176	0.9165	3	0	0
槴	69F4	5	0.4098	7.279	0.9364	3	0	0
槵	69F5	5	0.4275	6.653	0.9019	3	0	0
槶	69F6	5	0.5185	7.175	0.9197	4	0	0
槷	69F7	5	0.4009	7.244	0.9132	5	0	0
槸	69F8	5	0.4246	6.889	0.9100	5	0	0
槹	69F9	5	0.4038	6.368	0.9120	3	0	0
槺	69FA	5	0.3994	6.928	0.9494	3	0	0
槻	69FB	5	0.4749	6.603	0.9058	3	1	1
槼	69FC	5	0.4292	6.840	0.9482	3	0	0
槽	69FD	5	0.4715	6.442	0.9885	3	1	1
槾	69FE	5	0.4098	6.989	0.9245	3	0	0
槿	69FF	5	0.4527	6.376	0.8957	3	0	0
樀	6A00	5	0.4662	6.392	0.8918	3	0	0
樁	6A01	5	0.4423	6.389	0.9210	3	0	0
樂	6A02	5	0.4364	7.138	0.9004	3	1	1
樃	6A03	5	0.4677	6.414	0.8940	4	0	0
樄	6A04	5	0.4660	7.077	0.9266	3	0	0
樅	6A05	5	0.4068	6.735	0.8852	3	0	0
樆	6A06	5	0.4423	6.861	0.9222	3	0	0
樇	6A07	5	0.4031	7.148	0.8989	4	0	0
樈	6A08	5	0.4053	6.346	0.9212	3	0	0
樉	6A09	5	0.4112	7.210	0.8855	4	0	0
樊	6A0A	5	0.4415	6.911	0.8842	4	0	0
樋	6A0B	5	0.4660	7.000	0.8758	4	1	1
樌	6A0C	5	0.4127	6.809	0.9405	3	0	0
樍	6A0D	5	0.3550	6.838	0.9562	3	0	0
樎	6A0E	5	0.4423	6.038	0.9427	5	0	0
樏	6A0F	5	0.4438	6.745	0.8981	3	0	0
樐	6A10	5	0.4305	6.820	0.9419	4	0	0
樑	6A11	5	0.4186	6.953	0.9348	3	0	0
樒	6A12	5	0.4024	6.764	0.8955	4	0	0
樓	6A13	5	0.4379	6.885	0.9525	3	1	1
樔	6A14	5	0.4393	7.039	0.9398	5	0	0
樕	6A15	5	0.3846	6.885	0.9102	3	0	0
樖	6A16	5	0.3876	6.644	0.9493	6	0	0
樗	6A17	5	0.3891	6.791	0.9303	4	0	0
樘	6A18	5	0.4290	6.111	0.8655	3	0	0
標	6A19	5	0.4453	6.558	0.9472	3	1	1
樚	6A1A	5	0.4734	6.786	0.9022	2	0	0
樛	6A1B	5	0.3920	7.601	0.9031	3	0	0
樜	6A1C	5	0.3994	6.399	0.9316	3	0	0
樝	6A1D	5	0.4275	6.894	0.9177	3	0	0
樞	6A1E	5	0.4438	6.337	0.9726	5	1	0
樟	6A1F	5	0.4009	6.024	0.9253	3	0	0
樠	6A20	5	0.4482	6.840	0.9021	2	0	0
模	6A21	5	0.4660	6.346	0.9121	4	1	1
樢	6A22	5	0.4245	6.562	0.9610	3	0	0
樣	6A23	5	0.4275	6.802	0.9217	3	1	1
樤	6A24	5	0.4231	7.241	0.9003	4	0	0
樥	6A25	5	0.4185	6.745	0.9485	4	0	0
樦	6A26	5	0.3935	5.813	0.8701	2	0	0
樧	6A27	5	0.4053	7.238	0.8874	4	0	0
樨	6A28	5	0.4349	6.984	0.9361	3	0	0
権	6A29	5	0.4482	6.375	0.9383	2	1	1
横	6A2A	5	0.4423	6.272	0.9535	2	1	1
樫	6A2B	5	0.4053	6.676	0.9244	4	0	0
樬	6A2C	5	0.4275	7.104	0.9176	4	0	0
樭	6A2D	5	0.4660	6.461	0.9109	4	0	0
樮	6A2E	5	0.4305	6.548	0.9280	2	0	0
樯	6A2F	5	0.4467	6.595	0.9215	4	0	0
樰	6A30	5	0.4349	6.377	0.9288	3	0	0
樱	6A31	5	0.4660	7.738	0.9121	4	0	0
樲	6A32	5	0.3891	6.978	0.8984	4	0	0
樳	6A33	5	0.3609	6.532	0.9274	4	0	0
樴	6A34	5	0.4453	7.122	0.9029	3	0	0
樵	6A35	5	0.4408	6.510	0.9152	3	0	0
樶	6A36	5	0.4527	6.995	0.9252	4	0	0
樷	6A37	5	0.4734	7.171	0.9172	4	0	0
樸	6A38	5	0.4393	6.784	0.9015	4	0	0
樹	6A39	5	0.4364	6.495	0.9238	6	1	1
樺	6A3A	5	0.4615	5.933	0.9335	3	1	1
樻	6A3B	5	0.4186	6.751	0.9515	3	0	0
樼	6A3C	5	0.4305	7.315	0.9097	5	0	0
樽	6A3D	5	0.4334	7.031	0.9296	5	1	1
樾	6A3E	5	0.4364	7.550	0.8839	4	0	0
樿	6A3F	5	0.4719	6.187	0.9636	4	0	0
橀	6A40	5	0.4541	6.824	0.8792	3	0	0
橁	6A41	5	0.3846	6.348	0.9179	4	0	0
橂	6A42	5	0.4554	6.908	0.9347	5	0	0
橃	6A43	5	0.4112	7.534	0.8831	5	0	0
橄	6A44	5	0.4482	6.717	0.9050	4	0	0
橅	6A45	5	0.4615	6.815	0.9058	3	0	0
橆	6A46	5	0.4778	6.651	0.9344	3	0	0
橇	6A47	5	0.4157	7.627	0.9006	3	0	0
橈	6A48	5	0.4393	6.548	0.9105	5	0	0
橉	6A49	5	0.4053	7.104	0.8933	4	0	0
橊	6A4A	5	0.5074	6.393	0.9445	3	0	0
橋	6A4B	5	0.4379	6.793	0.9483	6	1	1
橌	6A4C	5	0.4662	6.226	0.9494	3	0	0
橍	6A4D	5	0.4923	6.057	0.9398	3	0	0
橎	6A4E	5	0.4749	6.962	0.8646	3	0	0
橏	6A4F	5	0.4630	6.534	0.9242	4	0	0
橐	6A50	5	0.4157	7.952	0.9625	4	0	0
橑	6A51	5	0.4438	6.483	0.9017	4	0	0
橒	6A52	5	0.4320	6.799	0.9448	4	0	0
橓	6A53	5	0.4185	7.108	0.8787	4	0	0
橔	6A54	5	0.4053	6.886	0.9085	5	0	0
橕	6A55	5	0.4571	6.607	0.9024	3	0	0
橖	6A56	5	0.4482	6.380	0.9043	3	0	0
橗	6A57	5	0.4630	6.283	0.9550	4	0	0
橘	6A58	5	0.4785	7.370	0.8559	4	1	1
橙	6A59	5	0.4334	6.904	0.8964	5	1	1
橚	6A5A	5	0.4615	7.274	0.9465	4	0	0
橛	6A5B	5	0.4438	7.754	0.9059	5	0	0
橜	6A5C	5	0.4896	7.251	0.9295	5	0	0
橝	6A5D	5	0.4334	6.660	0.9760	4	0	0
橞	6A5E	5	0.3979	7.048	0.9386	3	0	0
機	6A5F	5	0.4630	8.112	0.8606	3	1	1
橠	6A60	5	0.4172	7.731	0.8806	4	0	0
橡	6A61	5	0.4172	6.957	0.8984	3	0	0
橢	6A62	5	0.4467	7.149	0.9388	3	0	0
橣	6A63	5	0.4530	6.853	0.9489	3	0	0
橤	6A64	5	0.3846	7.404	0.8934	4	0	0
橥	6A65	5	0.4679	7.253	0.9279	4	0	0
橦	6A66	5	0.4660	6.712	0.9152	4	0	0
橧	6A67	5	0.4523	6.526	0.9400	4	0	0
橨	6A68	5	0.4320	6.613	0.9102	4	0	0
橩	6A69	5	0.3979	6.889	0.8988	3	0	0
橪	6A6A	5	0.4038	7.251	0.8784	3	0	0
橫	6A6B	5	0.4586	6.567	0.9312	2	1	1
橬	6A6C	5	0.4689	7.183	0.8943	4	0	0
橭	6A6D	5	0.4112	6.053	0.9436	4	0	0
橮	6A6E	5	0.4323	7.233	0.9392	3	0	0
橯	6A6F	5	0.4215	7.170	0.8970	3	0	0
橰	6A70	5	0.3920	6.676	0.9507	3	0	0
橱	6A71	5	0.3757	7.038	0.9508	3	0	0
橲	6A72	5	0.4275	6.462	0.9077	6	0	0
橳	6A73	5	0.4734	7.952	0.8848	3	0	0
橴	6A74	5	0.3905	7.005	0.9005	4	0	0
橵	6A75	5	0.4320	6.891	0.9182	5	0	0
橶	6A76	5	0.4364	6.779	0.9333	3	0	0
橷	6A77	5	0.4157	6.594	0.8953	6	0	0
橸	6A78	5	0.4846	6.056	0.9378	4	0	0
橹	6A79	5	0.4477	6.597	0.9270	3	0	0
橺	6A7A	5	0.5015	6.059	0.9211	3	0	0
橻	6A7B	5	0.4601	6.590	0.9455	4	0	0
橼	6A7C	5	0.4038	7.564	0.9051	4	0	0
橽	6A7D	5	0.4216	6.822	0.8992	3	0	0
橾	6A7E	5	0.4364	6.240	0.9461	5	0	0
橿	6A7F	5	0.4615	7.231	0.9548	4	0	0
檀	6A80	5	0.4290	7.231	0.9490	4	1	1
檁	6A81	5	0.4512	7.201	0.9641	3	0	0
檂	6A82	5	0.3861	7.271	0.9866	3	0	0
檃	6A83	5	0.4127	8.092	0.9269	3	0	0
檄	6A84	5	0.4467	7.038	0.8890	3	0	0
檅	6A85	5	0.4660	7.485	0.9172	3	0	0
檆	6A86	5	0.4172	6.940	0.9172	5	0	0
檇	6A87	5	0.3891	6.473	0.9216	3	0	0
檈	6A88	5	0.4497	6.923	0.9222	3	0	0
檉	6A89	5	0.4246	6.524	0.9609	4	0	0
檊	6A8A	5	0.4320	6.105	0.9356	4	0	0
檋	6A8B	5	0.4482	6.691	0.9340	4	0	0
檌	6A8C	5	0.4172	6.152	0.9909	3	0	0
檍	6A8D	5	0.4083	7.048	0.9078	3	0	0
檎	6A8E	5	0.4142	7.367	0.8954	4	0	0
檏	6A8F	5	0.4467	6.875	0.9203	4	0	0
檐	6A90	5	0.4172	7.385	0.9270	4	0	0
檑	6A91	5	0.4723	6.553	0.9485	3	0	0
檒	6A92	5	0.4423	7.512	0.9241	3	0	0
檓	6A93	5	0.4246	6.873	0.9345	5	0	0
檔	6A94	5	0.4852	6.515	0.9210	3	1	1
檕	6A95	5	0.4408	7.665	0.9158	2	0	0
檖	6A96	5	0.3964	7.301	0.9035	3	0	0
檗	6A97	5	0.4556	6.644	0.9407	3	0	0
檘	6A98	5	0.4216	6.473	0.9300	3	0	0
檙	6A99	5	0.4400	6.768	0.9465	3	0	0
檚	6A9A	5	0.4512	6.884	0.8912	4	0	0
檛	6A9B	5	0.4172	6.971	0.9159	4	0	0
檜	6A9C	5	0.3789	6.867	0.9326	4	0	0
檝	6A9D	5	0.4689	7.068	0.9114	4	0	0
檞	6A9E	5	0.4453	7.408	0.9034	3	0	0
檟	6A9F	5	0.4231	7.052	0.9490	3	0	0
檠	6AA0	5	0.4364	6.990	0.9271	5	0	0
檡	6AA1	5	0.4477	6.450	0.9439	4	0	0
檢	6AA2	5	0.3935	6.691	0.9120	7	1	1
檣	6AA3	5	0.4127	7.029	0.8947	4	0	0
檤	6AA4	5	0.4024	6.635	0.9333	3	0	0
檥	6AA5	5	0.4459	7.540	0.9494	3	0	0
檦	6AA6	5	0.4785	6.859	0.9332	4	0	0
檧	6AA7	5	0.4393	7.386	0.9061	5	0	0
檨	6AA8	5	0.4260	6.986	0.8864	4	0	0
檩	6AA9	5	0.4446	7.404	0.9418	3	0	0
檪	6AAA	5	0.4216	6.727	0.9063	4	0	0
檫	6AAB	5	0.4334	7.345	0.9054	4	0	0
檬	6AAC	5	0.4274	7.657	0.9135	5	0	0
檭	6AAD	5	0.4675	7.441	0.8969	3	0	0
檮	6AAE	5	0.3772	7.399	0.9669	5	0	0
檯	6AAF	5	0.4038	7.736	0.9223	6	0	0
檰	6AB0	5	0.4446	7.420	0.8968	4	0	0
檱	6AB1	5	0.4408	6.665	0.9262	4	0	0
檲	6AB2	5	0.5246	7.747	0.8989	4	0	0
檳	6AB3	5	0.4127	7.111	0.8955	3	0	0
檴	6AB4	5	0.4512	7.319	0.9180	4	0	0
檵	6AB5	5	0.4423	8.524	0.8731	2	0	0
檶	6AB6	5	0.4127	7.005	0.9127	6	0	0
檷	6AB7	5	0.4734	8.264	0.8610	3	0	0
檸	6AB8	5	0.3994	6.764	0.9240	4	0	0
檹	6AB9	5	0.4512	7.579	0.9084	5	0	0
檺	6ABA	5	0.3986	7.665	0.9183	5	0	0
檻	6ABB	5	0.4497	6.716	0.8981	3	0	0
檼	6ABC	5	0.4024	7.894	0.8881	2	0	0
檽	6ABD	5	0.4364	6.899	0.9338	3	0	0
檾	6ABE	5	0.4583	7.873	0.8898	3	0	0
檿	6ABF	5	0.4615	7.680	0.8936	5	0	0
櫀	6AC0	5	0.4527	7.481	0.9152	4	0	0
櫁	6AC1	5	0.4453	7.375	0.9245	4	0	0
櫂	6AC2	5	0.4523	7.498	0.9130	3	0	0
櫃	6AC3	5	0.4675	7.779	0.9197	4	1	1
櫄	6AC4	5	0.4630	7.860	0.9151	2	0	0
櫅	6AC5	5	0.4038	7.014	0.9185	3	0	0
櫆	6AC6	5	0.4645	7.431	0.8572	3	0	0
櫇	6AC7	5	0.4615	7.606	0.8976	3	0	0
櫈	6AC8	5	0.4216	7.012	0.9160	6	0	0
櫉	6AC9	5	0.3920	7.384	0.9239	2	0	0
櫊	6ACA	5	0.4646	6.960	0.9207	4	0	0
櫋	6ACB	5	0.4215	7.668	0.9198	5	0	0
櫌	6ACC	5	0.4172	7.741	0.9092	3	0	0
櫍	6ACD	5	0.4068	7.034	0.9241	4	0	0
櫎	6ACE	5	0.4749	7.252	0.9334	3	0	0
櫏	6ACF	5	0.4630	7.716	0.9097	5	0	0
櫐	6AD0	5	0.4308	6.908	0.9789	4	0	0
櫑	6AD1	5	0.4846	6.727	0.9740	4	0	0
櫒	6AD2	5	0.4275	7.401	0.9042	4	0	0
櫓	6AD3	5	0.4423	6.933	0.9126	3	0	0
櫔	6AD4	5	0.4571	7.640	0.9414	5	0	0
櫕	6AD5	5	0.4482	7.351	0.9104	3	0	0
櫖	6AD6	5	0.4556	7.638	0.9241	4	0	0
櫗	6AD7	5	0.4541	7.059	0.9317	4	0	0
櫘	6AD8	5	0.3757	7.580	0.9209	5	0	0
櫙	6AD9	5	0.4393	6.909	0.9019	6	0	0
櫚	6ADA	5	0.4400	6.586	0.9339	4	0	0
櫛	6ADB	5	0.4438	6.889	0.9323	4	0	0
櫜	6ADC	5	0.4523	8.904	0.9351	6	0	0
櫝	6ADD	5	0.4157	7.947	0.9115	4	0	0
櫞	6ADE	5	0.4157	8.175	0.8890	4	0	0
櫟	6ADF	5	0.4246	7.697	0.8670	4	0	0
櫠	6AE0	5	0.4216	8.087	0.8894	6	0	0
櫡	6AE1	5	0.4556	6.702	0.9068	4	0	0
櫢	6AE2	5	0.4497	7.476	0.9076	4	0	0
櫣	6AE3	5	0.4438	6.995	0.9375	4	0	0
櫤	6AE4	5	0.4290	7.101	0.9051	5	0	0
櫥	6AE5	5	0.4231	7.323	0.9086	7	0	0
櫦	6AE6	5	0.4723	8.138	0.8876	3	0	0
櫧	6AE7	5	0.4689	7.024	0.9158	4	0	0
櫨	6AE8	5	0.4601	7.529	0.9221	3	0	0
櫩	6AE9	5	0.4569	6.908	0.9202	4	0	0
櫪	6AEA	5	0.4882	7.654	0.8643	5	0	0
櫫	6AEB	5	0.4793	7.837	0.9006	4	0	0
櫬	6AEC	5	0.4837	7.529	0.8961	4	0	0
櫭	6AED	5	0.4305	7.441	0.8838	5	0	0
櫮	6AEE	5	0.4541	7.197	0.9886	2	0	0
櫯	6AEF	5	0.4290	7.337	0.9017	3	0	0
櫰	6AF0	5	0.4305	7.617	0.9392	4	0	0
櫱	6AF1	5	0.4245	7.247	0.9316	4	0	0
櫲	6AF2	5	0.4660	8.063	0.8943	4	0	0
櫳	6AF3	5	0.4482	7.347	0.8978	2	0	0
櫴	6AF4	5	0.4793	7.534	0.9062	4	0	0
櫵	6AF5	5	0.4201	6.952	0.9212	4	0	0
櫶	6AF6	5	0.3920	7.543	0.9027	3	0	0
櫷	6AF7	5	0.4556	7.510	0.8886	2	0	0
櫸	6AF8	5	0.4275	7.369	0.9216	4	0	0
櫹	6AF9	5	0.4497	7.448	0.9709	5	0	0
櫺	6AFA	5	0.4846	7.545	0.8924	3	0	0
櫻	6AFB	5	0.4364	7.606	0.9102	4	1	1
櫼	6AFC	5	0.4675	7.758	0.8750	3	0	0
櫽	6AFD	5	0.4415	9.057	0.9297	3	0	0
櫾	6AFE	5	0.4527	8.308	0.8981	4	0	0
櫿	6AFF	5	0.4127	7.615	0.9141	4	0	0
欀	6B00	5	0.4675	7.450	0.9138	3	0	0
欁	6B01	5	0.4882	8.029	0.8982	4	0	0
欂	6B02	5	0.4459	7.478	0.9217	5	0	0
欃	6B03	5	0.4364	8.156	0.8935	5	0	0
欄	6B04	5	0.4815	7.402	0.9241	3	1	1
欅	6B05	5	0.4088	7.433	0.9384	4	0	0
欆	6B06	5	0.4541	7.488	0.8835	4	0	0
欇	6B07	5	0.4467	6.995	0.9514	4	0	0
欈	6B08	5	0.4600	7.814	0.9398	5	0	0
欉	6B09	5	0.4882	7.862	0.9075	5	0	0
權	6B0A	5	0.4453	6.971	0.9462	5	1	1
欋	6B0B	5	0.4379	7.210	0.9429	3	0	0
欌	6B0C	5	0.4852	7.699	0.8967	5	0	0
欍	6B0D	5	0.4231	7.423	0.9625	4	0	0
欎	6B0E	5	0.4630	8.143	0.8691	5	0	0
欏	6B0F	5	0.4630	7.846	0.9010	4	0	0
欐	6B10	5	0.4320	8.139	0.9262	7	0	0
欑	6B11	5	0.4231	7.965	0.9199	6	0	0
欒	6B12	5	0.3964	8.702	0.9076	2	0	0
欓	6B13	5	0.4260	8.236	0.9130	3	0	0
欔	6B14	5	0.4408	8.118	0.9404	4	0	0
欕	6B15	5	0.4601	7.889	0.9409	7	0	0
欖	6B16	5	0.4216	7.923	0.9248	3	0	0
欗	6B17	5	0.4272	8.236	0.9258	4	0	0
欘	6B18	5	0.4954	8.679	0.9208	4	0	0
欙	6B19	5	0.4723	8.271	0.9317	5	0	0
欚	6B1A	5	0.4482	8.466	0.9177	4	0	0
欛	6B1B	5	0.4538	8.009	0.9512	3	0	0
欜	6B1C	5	0.4408	8.827	0.9238	5	0	0
欝	6B1D	5	0.4359	8.550	0.8929	5	0	0
欞	6B1E	5	0.4852	8.411	0.8825	7	0	0
欟	6B1F	5	0.4615	8.037	0.8720	6	0	0
欠	6B20	5	0.2676	3.982	0.9213	1	0	0
次	6B21	5	0.2648	4.464	0.9258	2	1	0
欢	6B22	5	0.3180	5.103	0.9346	2	1	0
欣	6B23	5	0.3299	5.165	0.9358	2	1	0
欤	6B24	5	0.3284	5.226	0.9236	3	0	0
欥	6B25	5	0.3662	4.701	0.9442	2	0	0
欦	6B26	5	0.3033	5.257	0.9366	4	0	0
欧	6B27	5	0.4031	5.694	0.9409	3	1	0
欨	6B28	5	0.3787	5.653	0.9151	3	0	0
欩	6B29	5	0.3683	5.668	0.9432	3	0	0
欪	6B2A	5	0.3692	5.507	0.9515	3	0	0
欫	6B2B	5	0.3891	5.673	0.9458	2	0	0
欬	6B2C	5	0.3284	6.139	0.9178	4	0	0
欭	6B2D	5	0.4338	6.197	0.9366	3	0	0
欮	6B2E	5	0.3624	5.651	0.9358	3	0	0
欯	6B2F	5	0.3595	5.319	0.9509	3	0	0
欰	6B30	5	0.3565	5.989	0.9537	3	0	0
欱	6B31	5	0.3491	5.635	0.9282	4	0	0
欲	6B32	5	0.3698	6.053	0.9043	2	1	0
欳	6B33	5	0.4169	5.816	0.9448	3	0	0
欴	6B34	5	0.3954	5.712	0.9380	3	0	0
欵	6B35	5	0.3772	6.246	0.9235	2	0	0
欶	6B36	5	0.3964	5.924	0.9258	2	0	0
欷	6B37	5	0.3935	6.425	0.9157	4	0	0
欸	6B38	5	0.3772	6.216	0.9064	3	0	0
欹	6B39	5	0.3846	6.139	0.9203	4	0	0
欺	6B3A	5	0.3950	5.980	0.9166	3	1	1
欻	6B3B	5	0.3447	6.457	0.9152	3	0	0
欼	6B3C	5	0.4098	7.510	0.9142	5	0	0
欽	6B3D	5	0.3639	6.242	0.9404	2	1	1
款	6B3E	5	0.3905	6.196	0.9529	2	1	1
欿	6B3F	5	0.3802	6.044	0.9259	3	0	0
歀	6B40	5	0.4062	6.418	0.9166	3	0	0
歁	6B41	5	0.4112	6.308	0.9664	4	0	0
歂	6B42	5	0.4201	6.418	0.9618	3	0	0
歃	6B43	5	0.4112	6.274	0.9472	2	0	0
歄	6B44	5	0.4077	6.017	0.9433	3	0	0
歅	6B45	5	0.4024	6.149	0.9507	3	0	0
歆	6B46	5	0.4068	6.083	0.9049	2	0	0
歇	6B47	5	0.4231	6.593	0.9357	5	1	1
歈	6B48	5	0.3802	6.749	0.9545	5	0	0
歉	6B49	5	0.4586	7.183	0.8929	3	0	0
歊	6B4A	5	0.3891	6.473	0.9625	5	0	0
歋	6B4B	5	0.4068	7.377	0.9437	4	0	0
歌	6B4C	5	0.3979	6.451	0.9569	5	1	1
歍	6B4D	5	0.3905	6.419	0.9219	3	0	0
歎	6B4E	5	0.4098	6.587	0.9342	2	0	0
歏	6B4F	5	0.4423	6.525	0.9461	3	0	0
歐	6B50	5	0.4169	6.286	0.9495	5	1	1
歑	6B51	5	0.3802	6.909	0.9269	3	0	0
歒	6B52	5	0.4349	6.660	0.8721	3	0	0
歓	6B53	5	0.4438	6.476	0.9159	2	1	1
歔	6B54	5	0.4083	7.008	0.9279	3	0	0
歕	6B55	5	0.4127	6.978	0.9480	4	0	0
歖	6B56	5	0.3728	6.721	0.9283	6	0	0
歗	6B57	5	0.4275	7.263	0.9770	4	0	0
歘	6B58	5	0.3713	7.520	0.9079	4	0	0
歙	6B59	5	0.3935	7.500	0.9051	5	0	0
歚	6B5A	5	0.4556	6.764	0.9183	4	0	0
歛	6B5B	5	0.3802	6.819	0.9392	7	0	0
歜	6B5C	5	0.4246	6.997	0.9234	3	0	0
歝	6B5D	5	0.4556	6.675	0.9178	4	0	0
歞	6B5E	5	0.4112	7.678	0.9242	2	0	0
歟	6B5F	5	0.3950	6.976	0.9345	3	0	0
歠	6B60	5	0.4334	8.635	0.8749	5	0	0
歡	6B61	5	0.4379	6.986	0.9277	5	1	1
止	6B62	5	0.2308	2.398	1.0038	1	0	0
正	6B63	5	0.3027	2.730	1.0010	2	1	0
此	6B64	5	0.3388	4.283	0.9743	2	1	0
步	6B65	5	0.2969	4.252	0.9735	2	1	0
武	6B66	5	0.3358	5.112	0.9631	2	1	0
歧	6B67	5	0.3639	5.303	0.9465	3	1	0
歨	6B68	5	0.3151	4.365	0.9251	2	0	0
歩	6B69	5	0.3237	4.626	0.9620	3	1	0
歪	6B6A	5	0.3969	4.626	0.9691	3	0	0
歫	6B6B	5	0.3769	4.676	0.9888	2	0	0
歬	6B6C	5	0.3772	5.330	0.9453	2	0	0
歭	6B6D	5	0.3358	4.957	0.9699	3	0	0
歮	6B6E	5	0.3743	4.719	1.0066	2	0	0
歯	6B6F	5	0.4142	6.259	0.9617	2	1	0
歰	6B70	5	0.4192	6.471	0.9222	5	0	0
歱	6B71	5	0.4068	6.067	0.9827	2	0	0
歲	6B72	5	0.4260	6.796	0.9225	2	1	1
歳	6B73	5	0.4275	6.606	0.9491	4	1	1
歴	6B74	5	0.4462	6.174	0.8909	2	1	1
歵	6B75	5	0.3757	6.755	0.9566	3	0	0
歶	6B76	5	0.4477	6.730	0.9960	4	0	0
歷	6B77	5	0.4492	6.588	0.8755	4	1	1
歸	6B78	5	0.4453	6.716	0.9821	4	1	1
歹	6B79	5	0.3098	3.750	0.9506	1	0	0
歺	6B7A	5	0.2742	3.818	0.9519	1	0	0
死	6B7B	5	0.3622	4.717	0.9332	2	1	0
歼	6B7C	5	0.3314	4.422	0.9175	2	0	0
歽	6B7D	5	0.3328	4.976	0.9546	2	0	0
歾	6B7E	5	0.3698	6.140	0.9168	3	0	0
歿	6B7F	5	0.3802	6.016	0.9430	2	0	0
殀	6B80	5	0.3492	5.415	0.9172	3	0	0
殁	6B81	5	0.3954	5.945	0.8993	3	0	0
殂	6B82	5	0.4138	5.343	0.9339	2	0	0
殃	6B83	5	0.3876	5.612	0.9424	2	0	0
殄	6B84	5	0.3225	5.840	0.9483	2	0	0
殅	6B85	5	0.3639	5.319	0.9146	2	0	0
殆	6B86	5	0.3743	5.512	0.9418	3	1	0
殇	6B87	5	0.3935	6.510	0.9217	3	0	0
殈	6B88	5	0.3920	6.229	0.9633	3	0	0
殉	6B89	5	0.4031	5.572	0.9336	3	1	0
殊	6B8A	5	0.3876	5.842	0.9349	3	1	0
残	6B8B	5	0.3669	6.376	0.9320	2	1	0
殌	6B8C	5	0.4046	6.430	0.8730	6	0	0
殍	6B8D	5	0.3631	5.990	0.9315	3	0	0
殎	6B8E	5	0.3787	6.322	0.9217	2	0	0
殏	6B8F	5	0.3846	6.233	0.9318	2	0	0
殐	6B90	5	0.4246	6.028	0.9602	2	0	0
殑	6B91	5	0.3861	5.695	0.9229	4	0	0
殒	6B92	5	0.4123	5.828	0.9476	3	0	0
殓	6B93	5	0.3639	6.053	0.9467	5	0	0
殔	6B94	5	0.4112	6.335	0.9441	2	0	0
殕	6B95	5	0.3861	5.767	0.9337	3	0	0
殖	6B96	5	0.4038	6.139	0.9557	3	1	1
殗	6B97	5	0.4630	6.359	0.9226	3	0	0
殘	6B98	5	0.4172	7.269	0.8885	3	1	1
殙	6B99	5	0.4379	6.564	0.9639	3	0	0
殚	6B9A	5	0.4201	5.816	0.9688	4	0	0
殛	6B9B	5	0.4415	7.090	0.8981	2	0	0
殜	6B9C	5	0.4453	6.464	0.9372	3	0	0
殝	6B9D	5	0.4349	6.894	0.9540	3	0	0
殞	6B9E	5	0.4354	6.490	0.9184	3	0	0
殟	6B9F	5	0.4338	6.422	0.9291	3	0	0
殠	6BA0	5	0.4186	6.553	0.9245	3	0	0
殡	6BA1	5	0.3831	6.124	0.9201	4	0	0
殢	6BA2	5	0.4379	6.779	0.9135	4	0	0
殣	6BA3	5	0.4541	6.554	0.9360	3	0	0
殤	6BA4	5	0.4408	7.351	0.9432	2	0	0
殥	6BA5	5	0.4200	6.549	0.9456	3	0	0
殦	6BA6	5	0.4053	6.844	0.9497	3	0	0
殧	6BA7	5	0.4453	7.252	0.9123	5	0	0
殨	6BA8	5	0.4142	7.047	0.9383	3	0	0
殩	6BA9	5	0.4393	7.555	0.8986	3	0	0
殪	6BAA	5	0.3831	7.035	0.9143	5	0	0
殫	6BAB	5	0.4615	6.243	0.9265	4	0	0
殬	6BAC	5	0.4815	6.213	0.9471	4	0	0
殭	6BAD	5	0.4585	7.084	0.9258	4	0	0
殮	6BAE	5	0.3994	6.838	0.9225	7	0	0
殯	6BAF	5	0.3964	7.389	0.9005	3	0	0
殰	6BB0	5	0.4068	7.986	0.9320	4	0	0
殱	6BB1	5	0.4467	7.297	0.9514	3	0	0
殲	6BB2	5	0.4423	8.001	0.9182	3	0	0
殳	6BB3	5	0.3312	4.474	0.9075	2	0	0
殴	6BB4	5	0.4480	6.161	0.8972	4	0	0
段	6BB5	5	0.3669	5.683	0.9454	3	1	1
殶	6BB6	5	0.3565	5.456	0.9693	4	0	0
殷	6BB7	5	0.4201	6.409	0.9242	3	1	1
殸	6BB8	5	0.3979	6.050	0.9537	4	0	0
殹	6BB9	5	0.4446	6.705	0.9684	4	0	0
殺	6BBA	5	0.4053	6.663	0.9314	4	1	1
殻	6BBB	5	0.3935	6.442	0.9254	5	1	1
殼	6BBC	5	0.3905	6.558	0.9443	3	1	1
殽	6BBD	5	0.4423	6.848	0.9207	5	0	0
殾	6BBE	5	0.4423	6.608	0.9093	4	0	0
殿	6BBF	5	0.4431	6.723	0.9126	3	1	1
毀	6BC0	5	0.4068	6.389	0.9270	4	1	1
毁	6BC1	5	0.4038	6.461	0.9038	4	1	1
毂	6BC2	5	0.4538	6.705	0.9458	5	0	0
毃	6BC3	5	0.3979	6.837	0.9509	6	0	0
毄	6BC4	5	0.4438	6.952	0.9488	4	0	0
毅	6BC5	5	0.4231	7.227	0.8962	4	1	1
毆	6BC6	5	0.4448	6.712	0.9257	6	0	0
毇	6BC7	5	0.4246	7.105	0.9214	3	0	0
毈	6BC8	5	0.4896	8.528	0.8839	6	0	0
毉	6BC9	5	0.4497	8.137	0.8980	8	0	0
毊	6BCA	5	0.4599	9.492	0.9274	9	0	0
毋	6BCB	5	0.3754	4.612	0.9714	1	0	0
毌	6BCC	5	0.3638	3.938	1.0075	1	0	0
母	6BCD	5	0.3708	4.682	0.9813	1	1	0
毎	6BCE	5	0.3704	5.014	0.9835	2	1	0
每	6BCF	5	0.3964	5.554	0.9518	2	1	0
毐	6BD0	5	0.4320	5.670	0.9531	2	0	0
毑	6BD1	5	0.4423	6.322	0.9430	2	0	0
毒	6BD2	5	0.4423	6.467	0.9486	2	1	1
毓	6BD3	5	0.4364	7.175	0.8920	3	0	0
比	6BD4	5	0.3018	3.940	0.9111	1	0	0
毕	6BD5	5	0.2870	4.137	0.9668	2	1	0
毖	6BD6	5	0.3683	6.132	0.9157	2	0	0
毗	6BD7	5	0.4154	5.249	0.9487	2	1	0
毘	6BD8	5	0.4336	5.262	0.9537	2	0	0
毙	6BD9	5	0.4138	6.351	0.9281	3	0	0
毚	6BDA	5	0.4154	8.026	0.8870	4	0	0
毛	6BDB	5	0.3138	4.218	0.9553	1	0	0
毜	6BDC	5	0.3358	4.919	0.9500	2	0	0
毝	6BDD	5	0.3166	5.135	0.9400	2	0	0
毞	6BDE	5	0.3787	5.868	0.9569	2	0	0
毟	6BDF	5	0.3738	6.118	0.9334	3	0	0
毠	6BE0	5	0.4053	6.078	0.9872	3	0	0
毡	6BE1	5	0.3669	4.892	0.9277	3	0	0
毢	6BE2	5	0.4364	5.893	0.9528	2	0	0
毣	6BE3	5	0.4108	6.725	0.9203	2	0	0
毤	6BE4	5	0.3669	6.602	0.9030	4	0	0
毥	6BE5	5	0.4038	5.862	0.9514	3	0	0
毦	6BE6	5	0.4009	5.506	0.9110	2	0	0
毧	6BE7	5	0.4157	6.369	0.9239	3	0	0
毨	6BE8	5	0.4038	5.673	0.9525	3	0	0
毩	6BE9	5	0.3905	5.841	0.9252	2	0	0
毪	6BEA	5	0.3950	5.661	0.9308	3	0	0
毫	6BEB	5	0.4354	6.969	0.9569	4	1	0
毬	6BEC	5	0.3994	6.272	0.9066	2	0	0
毭	6BED	5	0.3713	5.619	0.9411	4	0	0
毮	6BEE	5	0.3831	6.571	0.9132	4	0	0
毯	6BEF	5	0.3728	6.233	0.9286	3	0	0
毰	6BF0	5	0.4192	5.717	0.9341	3	0	0
毱	6BF1	5	0.4379	6.713	0.9167	3	0	0
毲	6BF2	5	0.4423	7.490	0.8986	5	0	0
毳	6BF3	5	0.4024	7.588	0.9077	2	0	0
毴	6BF4	5	0.3935	5.427	0.9497	2	0	0
毵	6BF5	5	0.3817	6.877	0.9033	3	0	0
毶	6BF6	5	0.4038	7.192	0.9225	3	0	0
毷	6BF7	5	0.4431	6.324	0.9201	3	0	0
毸	6BF8	5	0.3950	6.372	0.9446	3	0	0
毹	6BF9	5	0.4201	7.359	0.8965	5	0	0
毺	6BFA	5	0.3831	6.462	0.9553	5	0	0
毻	6BFB	5	0.4186	6.255	0.9347	2	0	0
毼	6BFC	5	0.4400	6.479	0.8747	5	0	0
毽	6BFD	5	0.4497	7.027	0.9386	3	0	0
毾	6BFE	5	0.4379	6.994	0.8799	2	0	0
毿	6BFF	5	0.3713	7.617	0.8585	3	0	0
氀	6C00	5	0.4290	6.885	0.9190	3	0	0
氁	6C01	5	0.4320	6.409	0.9662	4	0	0
氂	6C02	5	0.4467	8.113	0.8628	2	0	0
氃	6C03	5	0.4320	6.700	0.9444	4	0	0
氄	6C04	5	0.4245	7.346	0.8600	4	0	0
氅	6C05	5	0.4200	7.763	0.9592	5	0	0
氆	6C06	5	0.4038	6.789	0.9575	4	0	0
氇	6C07	5	0.4305	6.796	0.9536	3	0	0
氈	6C08	5	0.3994	6.827	0.9521	4	0	0
氉	6C09	5	0.4364	6.373	0.9264	5	0	0
氊	6C0A	5	0.4053	7.244	0.9768	4	0	0
氋	6C0B	5	0.4497	7.446	0.8987	5	0	0
氌	6C0C	5	0.4453	7.159	0.9160	3	0	0
氍	6C0D	5	0.4675	7.221	0.9190	3	0	0
氎	6C0E	5	0.4423	8.056	0.9119	6	0	0
氏	6C0F	5	0.3123	4.319	0.9405	1	0	0
氐	6C10	5	0.3365	4.684	0.9579	2	0	0
民	6C11	5	0.3950	4.554	0.9400	1	1	0
氒	6C12	5	0.3195	4.779	0.9378	2	0	0
氓	6C13	5	0.3669	5.049	0.9495	2	0	0
气	6C14	5	0.2500	3.683	0.9661	3	0	0
氕	6C15	5	0.2985	4.465	0.9634	4	0	0
氖	6C16	5	0.3432	5.635	0.9386	4	0	0
気	6C17	5	0.3447	5.404	0.9501	4	1	0
氘	6C18	5	0.3292	4.853	0.9567	4	0	0
氙	6C19	5	0.3590	5.351	0.9753	4	0	0
氚	6C1A	5	0.3415	5.306	0.9549	4	0	0
氛	6C1B	5	0.3954	6.225	0.9236	5	0	0
氜	6C1C	5	0.3861	5.481	0.9473	4	0	0
氝	6C1D	5	0.3713	6.072	0.9185	4	0	0
氞	6C1E	5	0.4275	6.466	0.9368	5	0	0
氟	6C1F	5	0.4246	6.769	0.9607	4	1	1
氠	6C20	5	0.4246	5.841	0.9718	4	0	0
氡	6C21	5	0.3938	6.716	0.9126	5	0	0
氢	6C22	5	0.4354	6.541	0.9040	4	1	0
氣	6C23	5	0.4038	6.417	0.9511	4	1	0
氤	6C24	5	0.4231	6.684	0.9322	5	0	0
氥	6C25	5	0.4201	6.612	0.9365	4	0	0
氦	6C26	5	0.3569	7.197	0.9275	6	0	0
氧	6C27	5	0.4231	6.149	0.9382	4	1	0
氨	6C28	5	0.4260	6.839	0.9222	5	1	0
氩	6C29	5	0.4246	6.519	0.9380	4	0	0
氪	6C2A	5	0.4646	6.613	0.9167	6	0	0
氫	6C2B	5	0.3195	6.909	0.9269	8	1	1
氬	6C2C	5	0.4541	6.476	0.9206	4	0	0
氭	6C2D	5	0.4338	7.114	0.9606	4	0	0
氮	6C2E	5	0.3609	7.138	0.9233	5	1	0
氯	6C2F	5	0.4215	7.234	0.9483	5	1	1
氰	6C30	5	0.4231	7.562	0.9664	4	0	0
氱	6C31	5	0.3683	7.798	0.9470	7	0	0
氲	6C32	5	0.4215	6.993	0.9583	5	0	0
氳	6C33	5	0.3787	6.943	0.9252	4	0	0
水	6C34	5	0.2515	3.938	0.9573	1	0	0
氵	6C35	5	0.2200	2.974	0.8977	1	0	0
氶	6C36	5	0.3062	4.381	0.9405	1	0	0
氷	6C37	5	0.2796	4.354	0.9849	2	1	0
永	6C38	5	0.2840	4.428	0.9468	1	1	0
氹	6C39	5	0.3568	5.100	0.9333	2	0	0
氺	6C3A	5	0.2822	4.132	0.9297	1	0	0
氻	6C3B	5	0.2708	4.170	0.9244	2	0	0
氼	6C3C	5	0.2954	4.630	0.9117	2	0	0
氽	6C3D	5	0.3033	4.928	0.9522	2	0	0
氾	6C3E	5	0.2944	4.199	0.9252	2	0	0
氿	6C3F	5	0.2663	4.175	0.9397	2	0	0
汀	6C40	5	0.2062	3.188	0.9404	2	1	0
汁	6C41	5	0.1967	3.061	0.9674	2	1	0
求	6C42	5	0.3092	4.929	0.9440	1	1	0
汃	6C43	5	0.2308	4.014	0.9391	2	0	0
汄	6C44	5	0.2123	3.711	0.9181	2	0	0
汅	6C45	5	0.2608	3.874	0.9550	2	0	0
汆	6C46	5	0.3033	4.955	0.9353	2	0	0
汇	6C47	5	0.2204	3.580	0.9616	2	1	0
汈	6C48	5	0.2554	4.138	0.9136	3	0	0
汉	6C49	5	0.2785	4.717	0.9443	2	1	0
汊	6C4A	5	0.2899	5.180	0.9252	3	0	0
汋	6C4B	5	0.2615	4.120	0.8934	3	0	0
汌	6C4C	5	0.2850	4.116	0.9423	2	0	0
汍	6C4D	5	0.2825	4.718	0.9025	2	0	0
汎	6C4E	5	0.2973	4.687	0.9355	3	1	0
汏	6C4F	5	0.2574	4.274	0.9358	2	0	0
汐	6C50	5	0.2600	4.481	0.9282	2	1	0
汑	6C51	5	0.2604	4.216	0.9123	3	0	0
汒	6C52	5	0.2292	3.580	0.9165	2	0	0
汓	6C53	5	0.2600	3.930	0.9612	2	0	0
汔	6C54	5	0.2751	4.525	0.9436	3	0	0
汕	6C55	5	0.2938	3.919	0.9587	2	1	0
汖	6C56	5	0.3136	4.668	0.9516	2	0	0
汗	6C57	5	0.2446	3.570	0.9902	2	1	0
汘	6C58	5	0.2278	3.655	0.9470	2	0	0
汙	6C59	5	0.2470	3.665	0.9550	2	0	0
汚	6C5A	5	0.2923	4.345	0.9570	3	1	0
汛	6C5B	5	0.2914	4.568	0.9220	3	0	0
汜	6C5C	5	0.3031	4.216	0.9665	2	0	0
汝	6C5D	5	0.2959	4.767	0.9091	2	1	0
汞	6C5E	5	0.3817	4.782	0.9348	2	0	0
江	6C5F	5	0.2384	3.478	0.9661	2	1	0
池	6C60	5	0.3269	4.947	0.9408	2	1	0
污	6C61	5	0.2800	4.142	0.9657	3	1	0
汢	6C62	5	0.2337	3.635	0.9630	2	0	0
汣	6C63	5	0.2631	4.414	0.9397	2	0	0
汤	6C64	5	0.3381	5.538	0.9167	2	1	0
汥	6C65	5	0.3121	5.019	0.9080	3	0	0
汦	6C66	5	0.3107	4.920	0.9342	2	0	0
汧	6C67	5	0.2885	4.699	0.9495	3	0	0
汨	6C68	5	0.3615	4.214	0.9263	2	0	0
汩	6C69	5	0.3462	4.188	0.9800	2	0	0
汪	6C6A	5	0.2769	4.104	0.9551	2	1	0
汫	6C6B	5	0.3033	4.509	0.9468	2	0	0
汬	6C6C	5	0.3920	5.445	0.9466	2	0	0
汭	6C6D	5	0.3478	4.797	0.9118	2	0	0
汮	6C6E	5	0.2815	4.653	0.8952	3	0	0
汯	6C6F	5	0.3000	5.049	0.9409	3	0	0
汰	6C70	5	0.2751	4.750	0.9231	3	1	0
汱	6C71	5	0.2737	4.733	0.9426	2	0	0
汲	6C72	5	0.3415	5.533	0.9192	2	1	0
汳	6C73	5	0.3225	5.498	0.9296	3	0	0
汴	6C74	5	0.2278	3.620	0.9441	3	0	0
汵	6C75	5	0.2369	4.417	0.9103	4	0	0
汶	6C76	5	0.2885	4.871	0.9308	2	1	0
汷	6C77	5	0.2892	4.830	0.9256	2	0	0
汸	6C78	5	0.2737	4.343	0.9517	2	0	0
汹	6C79	5	0.3686	5.342	0.9502	3	0	0
決	6C7A	5	0.3154	4.701	0.9303	2	1	0
汻	6C7B	5	0.2515	3.864	0.9555	3	0	0
汼	6C7C	5	0.2544	3.994	0.9582	2	0	0
汽	6C7D	5	0.2589	4.390	0.9330	4	1	0
汾	6C7E	5	0.2825	4.982	0.9073	3	0	0
汿	6C7F	5	0.2923	4.553	0.9325	2	0	0
沀	6C80	5	0.3521	5.442	0.9435	2	0	0
沁	6C81	5	0.2441	4.301	0.9254	2	0	0
沂	6C82	5	0.2766	4.168	0.9367	2	0	0
沃	6C83	5	0.2885	4.675	0.9503	3	1	0
沄	6C84	5	0.2722	4.524	0.9436	3	0	0
沅	6C85	5	0.2870	4.472	0.9246	3	0	0
沆	6C86	5	0.2692	4.391	0.9154	3	0	0
沇	6C87	5	0.2870	4.892	0.9080	3	0	0
沈	6C88	5	0.3262	4.646	0.8877	2	1	0
沉	6C89	5	0.3062	4.606	0.9269	3	1	0
沊	6C8A	5	0.3743	5.857	0.8865	2	0	0
沋	6C8B	5	0.2840	4.800	0.9214	2	0	0
沌	6C8C	5	0.3107	4.752	0.9509	2	0	0
沍	6C8D	5	0.3046	4.824	0.8759	2	0	0
沎	6C8E	5	0.2914	4.490	0.9294	3	0	0
沏	6C8F	5	0.3533	5.203	0.8821	3	0	0
沐	6C90	5	0.3195	4.490	0.9122	2	0	0
沑	6C91	5	0.3215	4.688	0.8971	2	0	0
沒	6C92	5	0.3369	5.337	0.9427	2	1	0
沓	6C93	5	0.3708	5.298	0.9781	2	0	0
沔	6C94	5	0.3077	4.530	0.9399	2	0	0
沕	6C95	5	0.3338	5.436	0.9315	3	0	0
沖	6C96	5	0.2969	3.894	0.9794	2	1	0
沗	6C97	5	0.3538	5.322	0.9514	3	0	0
沘	6C98	5	0.3120	4.842	0.9016	2	0	0
沙	6C99	5	0.2322	4.490	0.9466	3	1	0
沚	6C9A	5	0.2815	4.028	0.8914	2	0	0
沛	6C9B	5	0.2914	4.451	0.9678	2	0	0
沜	6C9C	5	0.2862	4.137	0.9447	2	0	0
沝	6C9D	5	0.3698	5.833	0.8968	2	0	0
沞	6C9E	5	0.3246	4.631	0.9882	3	0	0
沟	6C9F	5	0.3138	4.957	0.9231	3	1	0
沠	6CA0	5	0.2938	4.974	0.9382	2	0	0
没	6CA1	5	0.3323	5.417	0.9197	3	1	0
沢	6CA2	5	0.3180	4.577	0.9622	2	1	0
沣	6CA3	5	0.2785	4.153	0.9477	2	0	0
沤	6CA4	5	0.3492	5.476	0.9042	3	0	0
沥	6CA5	5	0.3400	5.485	0.8914	3	0	0
沦	6CA6	5	0.2815	4.696	0.9382	3	0	0
沧	6CA7	5	0.3231	5.176	0.9200	3	0	0
沨	6CA8	5	0.3523	5.857	0.9384	2	0	0
沩	6CA9	5	0.3365	5.033	0.9422	2	0	0
沪	6CAA	5	0.2612	4.257	0.9249	2	1	0
沫	6CAB	5	0.3151	4.850	0.9476	2	0	0
沬	6CAC	5	0.3277	4.769	0.9792	2	0	0
沭	6CAD	5	0.2914	5.150	0.9514	3	0	0
沮	6CAE	5	0.3754	4.763	0.8659	2	0	0
沯	6CAF	5	0.4077	5.825	0.9074	2	0	0
沰	6CB0	5	0.3047	4.522	0.9271	2	0	0
沱	6CB1	5	0.2815	4.486	0.8957	3	0	0
沲	6CB2	5	0.3476	5.434	0.9096	2	0	0
河	6CB3	5	0.3046	4.512	0.9534	3	1	0
沴	6CB4	5	0.2456	5.210	0.9449	2	0	0
沵	6CB5	5	0.2914	4.869	0.9399	3	0	0
沶	6CB6	5	0.2692	4.565	0.9614	2	0	0
沷	6CB7	5	0.3323	5.424	0.9315	2	0	0
沸	6CB8	5	0.3831	5.465	0.9622	2	1	1
油	6CB9	5	0.3600	4.409	0.9772	2	1	0
沺	6CBA	5	0.3807	4.675	0.9872	2	0	0
治	6CBB	5	0.2973	4.904	0.9293	3	1	0
沼	6CBC	5	0.3400	5.150	0.9499	3	1	0
沽	6CBD	5	0.2885	4.247	0.9689	3	0	0
沾	6CBE	5	0.2877	4.034	0.9865	3	0	0
沿	6CBF	5	0.2885	4.654	0.9340	3	1	0
泀	6CC0	5	0.3606	4.625	0.9532	3	0	0
況	6CC1	5	0.3077	4.811	0.9234	3	1	0
泂	6CC2	5	0.3523	4.787	0.9624	3	0	0
泃	6CC3	5	0.3200	4.651	0.9185	3	0	0
泄	6CC4	5	0.3447	4.972	0.9631	2	0	0
泅	6CC5	5	0.3585	5.264	0.9454	3	0	0
泆	6CC6	5	0.3092	4.996	0.9200	3	0	0
泇	6CC7	5	0.3354	5.302	0.9508	3	0	0
泈	6CC8	5	0.2985	5.361	0.9287	3	0	0
泉	6CC9	5	0.3713	5.356	0.9479	2	1	0
泊	6CCA	5	0.3349	4.214	0.9613	2	1	0
泋	6CCB	5	0.2772	4.441	0.9678	3	0	0
泌	6CCC	5	0.3151	5.527	0.9150	2	1	0
泍	6CCD	5	0.3154	4.874	0.9329	2	0	0
泎	6CCE	5	0.2559	3.985	0.9554	2	0	0
泏	6CCF	5	0.3246	4.555	0.9458	3	0	0
泐	6CD0	5	0.3958	5.908	0.9258	3	0	0
泑	6CD1	5	0.3446	5.691	0.9097	3	0	0
泒	6CD2	5	0.3047	5.717	0.9430	2	0	0
泓	6CD3	5	0.3210	5.212	0.9437	3	0	0
泔	6CD4	5	0.3292	4.402	0.9644	2	0	0
法	6CD5	5	0.2969	4.748	0.9240	3	1	0
泖	6CD6	5	0.3750	5.316	0.9355	3	0	0
泗	6CD7	5	0.3708	5.152	0.9365	2	0	0
泘	6CD8	5	0.2985	4.659	0.9220	2	0	0
泙	6CD9	5	0.2663	4.609	0.9580	2	0	0
泚	6CDA	5	0.3417	5.211	0.9522	3	0	0
泛	6CDB	5	0.2766	4.908	0.8815	3	1	0
泜	6CDC	5	0.3046	5.362	0.8711	3	0	0
泝	6CDD	5	0.2885	4.684	0.9519	2	0	0
泞	6CDE	5	0.2544	4.058	0.9193	3	0	0
泟	6CDF	5	0.3120	4.352	0.8869	3	0	0
泠	6CE0	5	0.2600	4.875	0.9470	4	0	0
泡	6CE1	5	0.3402	5.126	0.9332	3	1	0
波	6CE2	5	0.3595	5.694	0.9287	2	1	0
泣	6CE3	5	0.2781	4.498	0.8715	2	1	0
泤	6CE4	5	0.2815	5.030	0.9260	3	0	0
泥	6CE5	5	0.3415	5.233	0.9245	3	1	0
泦	6CE6	5	0.3402	5.558	0.9515	3	0	0
泧	6CE7	5	0.3225	5.601	0.9133	2	0	0
注	6CE8	5	0.2892	4.497	0.8850	3	1	0
泩	6CE9	5	0.3123	4.501	0.8978	2	0	0
泪	6CEA	5	0.3763	4.521	0.9720	2	0	0
泫	6CEB	5	0.3092	5.199	0.9321	2	0	0
泬	6CEC	5	0.2646	4.500	0.9487	3	0	0
泭	6CED	5	0.3154	4.761	0.9371	3	0	0
泮	6CEE	5	0.2663	4.525	0.9306	2	0	0
泯	6CEF	5	0.3840	5.382	0.9193	2	0	0
泰	6CF0	5	0.3935	6.180	0.9305	2	1	0
泱	6CF1	5	0.3385	4.890	0.9613	2	0	0
泲	6CF2	5	0.3338	5.122	0.9407	2	0	0
泳	6CF3	5	0.2929	5.243	0.9353	2	1	0
泴	6CF4	5	0.3846	5.010	0.9827	2	0	0
泵	6CF5	5	0.4183	5.285	0.9508	2	0	0
泶	6CF6	5	0.3734	5.464	0.8785	2	0	0
泷	6CF7	5	0.3254	5.559	0.9271	2	0	0
泸	6CF8	5	0.2756	4.014	0.9495	3	0	0
泹	6CF9	5	0.3123	4.539	0.9754	3	0	0
泺	6CFA	5	0.2985	4.966	0.9587	2	0	0
泻	6CFB	5	0.3262	5.063	0.9265	4	0	0
泼	6CFC	5	0.3476	5.888	0.9373	4	0	0
泽	6CFD	5	0.3462	5.417	0.8949	2	1	0
泾	6CFE	5	0.3231	5.020	0.8988	2	0	0
泿	6CFF	5	0.3462	5.467	0.9462	2	0	0
洀	6D00	5	0.3151	5.196	0.9254	2	0	0
洁	6D01	5	0.3462	4.618	0.9307	3	0	0
洂	6D02	5	0.3180	5.343	0.9178	5	0	0
洃	6D03	5	0.2944	5.442	0.9259	3	0	0
洄	6D04	5	0.3769	5.043	0.9549	3	0	0
洅	6D05	5	0.3728	5.134	0.9664	3	0	0
洆	6D06	5	0.3323	5.757	0.8920	3	0	0
洇	6D07	5	0.3662	5.587	0.9576	3	0	0
洈	6D08	5	0.3631	5.584	0.9021	4	0	0
洉	6D09	5	0.3402	5.170	0.9560	3	0	0
洊	6D0A	5	0.3092	5.049	0.9332	3	0	0
洋	6D0B	5	0.3031	4.545	0.9257	2	1	0
洌	6D0C	5	0.3670	5.177	0.9246	3	0	0
洍	6D0D	5	0.3521	5.043	0.9687	2	0	0
洎	6D0E	5	0.3645	4.559	0.9454	2	0	0
洏	6D0F	5	0.3757	5.539	0.9443	2	0	0
洐	6D10	5	0.2892	4.714	0.9420	4	0	0
洑	6D11	5	0.3328	5.462	0.9296	3	0	0
洒	6D12	5	0.3891	5.506	0.9780	2	0	0
洓	6D13	5	0.3477	5.294	0.9628	2	0	0
洔	6D14	5	0.3185	4.724	0.9545	3	0	0
洕	6D15	5	0.3358	5.150	0.9222	2	0	0
洖	6D16	5	0.3550	5.447	0.9567	3	0	0
洗	6D17	5	0.3369	5.067	0.9081	3	1	0
洘	6D18	5	0.3210	5.014	0.9243	3	0	0
洙	6D19	5	0.3284	5.178	0.9471	3	0	0
洚	6D1A	5	0.3538	5.632	0.9591	3	0	0
洛	6D1B	5	0.3417	5.394	0.9484	3	1	0
洜	6D1C	5	0.4142	6.394	0.8571	3	0	0
洝	6D1D	5	0.3402	5.407	0.9390	3	0	0
洞	6D1E	5	0.3631	5.218	0.9561	3	1	0
洟	6D1F	5	0.3787	5.987	0.9154	2	0	0
洠	6D20	5	0.2988	4.918	0.9423	3	0	0
洡	6D21	5	0.3180	5.144	0.9533	2	0	0
洢	6D22	5	0.3462	5.154	0.9346	3	0	0
洣	6D23	5	0.3077	5.272	0.9193	2	0	0
洤	6D24	5	0.3062	5.225	0.9345	3	0	0
津	6D25	5	0.3713	5.282	0.9684	2	1	1
洦	6D26	5	0.3343	4.770	0.9595	3	0	0
洧	6D27	5	0.3402	4.989	0.9560	3	0	0
洨	6D28	5	0.2796	5.282	0.9211	3	0	0
洩	6D29	5	0.3876	5.547	0.9118	2	0	0
洪	6D2A	5	0.3180	4.766	0.9361	3	1	0
洫	6D2B	5	0.3787	5.433	0.9415	3	0	0
洬	6D2C	5	0.3402	6.222	0.9339	3	0	0
洭	6D2D	5	0.3417	5.319	0.9833	3	0	0
洮	6D2E	5	0.3195	5.587	0.8605	2	0	0
洯	6D2F	5	0.3862	6.400	0.9365	2	0	0
洰	6D30	5	0.3092	4.496	0.8927	2	0	0
洱	6D31	5	0.3328	4.725	0.9767	2	0	0
洲	6D32	5	0.3648	5.387	0.9058	2	1	0
洳	6D33	5	0.3815	5.501	0.9437	3	0	0
洴	6D34	5	0.3062	4.910	0.9175	5	0	0
洵	6D35	5	0.3606	5.008	0.9308	3	0	0
洶	6D36	5	0.3508	5.889	0.9146	4	0	0
洷	6D37	5	0.3373	5.270	0.9561	3	0	0
洸	6D38	5	0.3077	5.130	0.8960	4	0	0
洹	6D39	5	0.3600	4.946	0.9017	4	0	0
洺	6D3A	5	0.3338	4.909	0.9368	3	0	0
活	6D3B	5	0.3354	4.750	0.9396	2	1	0
洼	6D3C	5	0.3107	4.779	0.9576	3	0	0
洽	6D3D	5	0.3077	5.005	0.9339	4	0	0
派	6D3E	5	0.3166	5.741	0.9311	2	1	0
洿	6D3F	5	0.3240	5.363	0.9258	4	0	0
浀	6D40	5	0.3969	5.103	0.9786	2	0	0
流	6D41	5	0.3523	5.618	0.9289	2	1	1
浂	6D42	5	0.3062	5.073	0.9248	3	0	0
浃	6D43	5	0.3166	5.349	0.9527	2	0	0
浄	6D44	5	0.3523	4.956	0.9404	3	1	1
浅	6D45	5	0.3400	5.899	0.9245	2	1	0
浆	6D46	5	0.3477	5.963	0.9220	3	0	0
浇	6D47	5	0.3299	5.749	0.9166	3	0	0
浈	6D48	5	0.3141	4.916	0.9502	3	0	0
浉	6D49	5	0.3536	5.844	0.9510	4	0	0
浊	6D4A	5	0.3477	4.897	0.9802	2	0	0
测	6D4B	5	0.3800	5.927	0.9539	3	1	0
浌	6D4C	5	0.3388	5.875	0.9034	3	0	0
浍	6D4D	5	0.3338	5.574	0.9356	4	0	0
济	6D4E	5	0.3046	4.956	0.9259	2	1	0
浏	6D4F	5	0.3385	5.116	0.9220	3	0	0
浐	6D50	5	0.2322	4.034	0.9010	3	0	0
浑	6D51	5	0.3415	5.098	0.9741	3	0	0
浒	6D52	5	0.2938	4.721	0.9359	4	0	0
浓	6D53	5	0.3151	5.259	0.9399	3	1	0
浔	6D54	5	0.3195	5.078	0.9543	3	0	0
浕	6D55	5	0.2811	5.046	0.9300	3	0	0
浖	6D56	5	0.2766	5.093	0.9403	3	0	0
浗	6D57	5	0.3415	5.685	0.9104	2	0	0
浘	6D58	5	0.4000	6.187	0.9470	3	0	0
浙	6D59	5	0.3554	5.328	0.9371	3	1	0
浚	6D5A	5	0.3446	6.382	0.9113	4	0	0
浛	6D5B	5	0.3246	5.425	0.9097	5	0	0
浜	6D5C	5	0.3092	5.035	0.9371	3	1	0
浝	6D5D	5	0.3432	6.366	0.9063	3	0	0
浞	6D5E	5	0.3446	5.033	0.8823	3	0	0
浟	6D5F	5	0.3639	5.995	0.9174	3	0	0
浠	6D60	5	0.3662	5.746	0.9325	4	0	0
浡	6D61	5	0.3225	5.076	0.9395	3	0	0
浢	6D62	5	0.3358	4.839	0.9935	4	0	0
浣	6D63	5	0.3254	5.224	0.9231	4	0	0
浤	6D64	5	0.3417	5.713	0.9402	4	0	0
浥	6D65	5	0.3815	5.129	0.9659	2	0	0
浦	6D66	5	0.4009	5.627	0.9331	2	1	1
浧	6D67	5	0.3536	5.254	0.9074	3	0	0
浨	6D68	5	0.3136	5.135	0.9625	3	0	0
浩	6D69	5	0.3388	5.063	0.9572	3	1	0
浪	6D6A	5	0.3462	5.452	0.9510	3	1	0
浫	6D6B	5	0.2914	5.010	0.9519	3	0	0
浬	6D6C	5	0.4062	5.491	0.8912	3	0	0
浭	6D6D	5	0.3935	5.845	0.9246	2	0	0
浮	6D6E	5	0.3031	5.361	0.9206	3	1	0
浯	6D6F	5	0.3580	5.238	0.9502	3	0	0
浰	6D70	5	0.3615	5.145	0.9356	3	0	0
浱	6D71	5	0.3624	6.018	0.9395	2	0	0
浲	6D72	5	0.3754	5.827	0.9406	3	0	0
浳	6D73	5	0.3646	5.520	0.9257	2	0	0
浴	6D74	5	0.3323	5.530	0.9323	2	1	0
浵	6D75	5	0.3254	6.042	0.9358	3	0	0
浶	6D76	5	0.2929	4.715	0.9177	3	0	0
海	6D77	5	0.3802	6.039	0.9079	3	1	1
浸	6D78	5	0.3743	6.250	0.9238	2	1	0
浹	6D79	5	0.3180	5.622	0.9168	2	0	0
浺	6D7A	5	0.3292	5.173	0.9363	3	0	0
浻	6D7B	5	0.3431	5.549	0.9495	3	0	0
浼	6D7C	5	0.3862	5.448	0.9102	3	0	0
浽	6D7D	5	0.3107	5.783	0.9211	3	0	0
浾	6D7E	5	0.3595	5.394	0.9448	2	0	0
浿	6D7F	5	0.3491	5.262	0.9758	2	0	0
涀	6D80	5	0.3815	5.347	0.9549	2	0	0
涁	6D81	5	0.2988	5.419	0.9368	3	0	0
涂	6D82	5	0.3092	5.539	0.9292	4	1	0
涃	6D83	5	0.4279	5.697	0.9635	3	0	0
涄	6D84	5	0.3504	5.364	0.9472	3	0	0
涅	6D85	5	0.3800	5.264	0.9053	3	1	0
涆	6D86	5	0.3180	4.840	0.9656	3	0	0
涇	6D87	5	0.3402	6.091	0.8746	6	0	0
消	6D88	5	0.3388	5.279	0.9304	3	1	0
涉	6D89	5	0.2929	5.113	0.9322	3	1	0
涊	6D8A	5	0.3195	5.889	0.9404	4	0	0
涋	6D8B	5	0.3169	5.317	0.8904	3	0	0
涌	6D8C	5	0.4617	5.551	0.8760	3	1	1
涍	6D8D	5	0.3536	5.454	0.9167	3	0	0
涎	6D8E	5	0.3743	6.286	0.8845	3	0	0
涏	6D8F	5	0.3624	5.989	0.8959	3	0	0
涐	6D90	5	0.3713	6.201	0.9056	2	0	0
涑	6D91	5	0.3521	5.284	0.9645	2	0	0
涒	6D92	5	0.3757	5.301	0.9650	3	0	0
涓	6D93	5	0.4231	5.131	0.9464	3	0	0
涔	6D94	5	0.2988	5.135	0.9476	5	0	0
涕	6D95	5	0.3692	5.664	0.9180	5	0	0
涖	6D96	5	0.3269	5.383	0.9295	3	0	0
涗	6D97	5	0.3195	5.313	0.9003	3	0	0
涘	6D98	5	0.3373	5.778	0.9027	3	0	0
涙	6D99	5	0.3511	5.932	0.9207	3	1	0
涚	6D9A	5	0.3246	5.016	0.8925	3	0	0
涛	6D9B	5	0.3609	5.765	0.9274	3	0	0
涜	6D9C	5	0.3662	5.452	0.9626	3	0	0
涝	6D9D	5	0.3402	5.379	0.9153	3	0	0
涞	6D9E	5	0.3299	5.478	0.9478	2	0	0
涟	6D9F	5	0.3631	5.795	0.9315	3	0	0
涠	6DA0	5	0.4523	6.078	0.9616	3	0	0
涡	6DA1	5	0.3933	5.384	0.9016	3	0	0
涢	6DA2	5	0.3617	5.458	0.9192	3	0	0
涣	6DA3	5	0.3698	5.481	0.9263	4	0	0
涤	6DA4	5	0.3638	5.945	0.9337	3	0	0
涥	6DA5	5	0.2722	4.668	0.9516	4	0	0
润	6DA6	5	0.3800	5.300	0.9645	3	1	0
涧	6DA7	5	0.3754	5.289	0.9341	3	0	0
涨	6DA8	5	0.3609	6.112	0.9502	3	0	0
涩	6DA9	5	0.3415	5.477	0.8538	2	0	0
涪	6DAA	5	0.3195	5.122	0.9362	3	0	0
涫	6DAB	5	0.3400	5.144	0.9601	3	0	0
涬	6DAC	5	0.3314	5.064	0.9301	3	0	0
涭	6DAD	5	0.3523	6.238	0.8828	3	0	0
涮	6DAE	5	0.4231	6.308	0.9290	3	0	0
涯	6DAF	5	0.3935	5.902	0.9057	4	1	0
涰	6DB0	5	0.3876	7.107	0.9011	5	0	0
涱	6DB1	5	0.3476	5.610	0.9392	2	0	0
液	6DB2	5	0.3595	6.269	0.9046	4	1	1
涳	6DB3	5	0.3104	5.074	0.8789	4	0	0
涴	6DB4	5	0.3432	5.977	0.9138	4	0	0
涵	6DB5	5	0.3994	6.623	0.9321	3	1	0
涶	6DB6	5	0.4185	5.740	0.9214	2	0	0
涷	6DB7	5	0.3920	5.741	0.9513	2	0	0
涸	6DB8	5	0.4262	5.572	0.9711	4	0	0
涹	6DB9	5	0.3743	6.364	0.9156	3	0	0
涺	6DBA	5	0.4053	5.696	0.9655	4	0	0
涻	6DBB	5	0.3314	5.354	0.9231	3	0	0
涼	6DBC	5	0.3180	5.137	0.9252	4	1	0
涽	6DBD	5	0.3994	6.097	0.9160	3	0	0
涾	6DBE	5	0.3908	5.683	0.9465	3	0	0
涿	6DBF	5	0.3373	6.481	0.9143	3	0	0
淀	6DC0	5	0.3431	5.259	0.9147	3	1	0
淁	6DC1	5	0.3506	5.962	0.8839	3	0	0
淂	6DC2	5	0.3785	5.612	0.9064	2	0	0
淃	6DC3	5	0.3506	6.103	0.9071	3	0	0
淄	6DC4	5	0.4215	6.339	0.9094	5	0	0
淅	6DC5	5	0.3462	5.552	0.9278	3	0	0
淆	6DC6	5	0.3738	6.166	0.9071	4	0	0
淇	6DC7	5	0.3565	5.404	0.9217	3	0	0
淈	6DC8	5	0.3846	5.997	0.9384	4	0	0
淉	6DC9	5	0.4000	5.757	0.9521	2	0	0
淊	6DCA	5	0.3400	5.179	0.9239	3	0	0
淋	6DCB	5	0.3550	5.677	0.9215	3	0	0
淌	6DCC	5	0.3240	5.624	0.9579	4	0	0
淍	6DCD	5	0.4031	5.805	0.9242	3	0	0
淎	6DCE	5	0.3723	5.911	0.9139	3	0	0
淏	6DCF	5	0.4009	6.019	0.9297	4	0	0
淐	6DD0	5	0.4077	5.465	0.9387	3	0	0
淑	6DD1	5	0.3624	6.263	0.9212	4	1	1
淒	6DD2	5	0.4201	6.432	0.9233	3	0	0
淓	6DD3	5	0.3136	5.104	0.9306	3	0	0
淔	6DD4	5	0.3876	5.574	0.9247	3	0	0
淕	6DD5	5	0.3388	5.272	0.9558	4	0	0
淖	6DD6	5	0.3491	4.952	0.9592	4	0	0
淗	6DD7	5	0.3692	6.071	0.8810	3	0	0
淘	6DD8	5	0.3662	5.815	0.9072	3	1	1
淙	6DD9	5	0.3225	5.328	0.9493	3	0	0
淚	6DDA	5	0.3862	6.189	0.9259	3	0	0
淛	6DDB	5	0.4015	5.779	0.9541	3	0	0
淜	6DDC	5	0.4231	5.845	0.9448	3	0	0
淝	6DDD	5	0.4157	6.505	0.9224	3	0	0
淞	6DDE	5	0.3506	6.032	0.9246	4	0	0
淟	6DDF	5	0.3743	5.798	0.9254	3	0	0
淠	6DE0	5	0.3708	5.251	0.9394	3	0	0
淡	6DE1	5	0.3077	5.968	0.9281	3	1	0
淢	6DE2	5	0.3654	6.058	0.9238	3	0	0
淣	6DE3	5	0.3269	5.257	0.9218	3	0	0
淤	6DE4	5	0.3107	5.880	0.8971	4	0	0
淥	6DE5	5	0.3536	5.925	0.9057	3	0	0
淦	6DE6	5	0.3289	5.923	0.8832	2	0	0
淧	6DE7	5	0.3554	6.027	0.9367	3	0	0
淨	6DE8	5	0.3388	5.666	0.9161	3	1	1
淩	6DE9	5	0.3432	6.175	0.9080	4	0	0
淪	6DEA	5	0.3683	5.901	0.9248	4	0	0
淫	6DEB	5	0.3328	5.690	0.8822	2	1	0
淬	6DEC	5	0.2870	5.046	0.9414	3	0	0
淭	6DED	5	0.3609	5.692	0.9459	2	0	0
淮	6DEE	5	0.3565	5.219	0.9470	2	1	0
淯	6DEF	5	0.3624	5.634	0.9177	4	0	0
淰	6DF0	5	0.2811	6.149	0.9080	5	0	0
深	6DF1	5	0.3369	5.922	0.9311	3	1	0
淲	6DF2	5	0.3550	6.102	0.8951	3	0	0
淳	6DF3	5	0.3432	5.338	0.9407	4	1	0
淴	6DF4	5	0.3314	6.249	0.9294	4	0	0
淵	6DF5	5	0.3908	5.440	0.9402	2	1	0
淶	6DF6	5	0.3328	5.769	0.9300	2	0	0
混	6DF7	5	0.3846	5.836	0.9260	3	1	0
淸	6DF8	5	0.3935	5.489	0.9354	2	0	0
淹	6DF9	5	0.4098	5.732	0.9326	3	0	0
淺	6DFA	5	0.3728	6.775	0.8714	3	1	1
添	6DFB	5	0.3417	6.039	0.9397	4	1	1
淼	6DFC	5	0.3654	6.488	0.9383	3	0	0
淽	6DFD	5	0.3018	4.616	0.9707	3	0	0
淾	6DFE	5	0.3938	6.447	0.9121	2	0	0
淿	6DFF	5	0.3662	4.975	0.9829	3	0	0
渀	6E00	5	0.3462	5.673	0.9322	4	0	0
渁	6E01	5	0.3397	5.950	0.9433	3	0	0
渂	6E02	5	0.3683	5.854	0.8968	3	0	0
渃	6E03	5	0.3631	5.161	0.9863	4	0	0
渄	6E04	5	0.3195	4.942	0.9417	2	0	0
清	6E05	5	0.4046	5.878	0.9614	2	1	1
渆	6E06	5	0.3831	5.707	0.9379	6	0	0
渇	6E07	5	0.3941	5.814	0.9447	2	0	0
済	6E08	5	0.3195	5.503	0.9086	3	1	0
渉	6E09	5	0.3136	5.325	0.9282	4	1	0
渊	6E0A	5	0.3738	6.211	0.9429	2	0	0
渋	6E0B	5	0.2796	5.113	0.9478	3	1	0
渌	6E0C	5	0.3447	5.873	0.9299	3	0	0
渍	6E0D	5	0.3743	5.932	0.9823	3	0	0
渎	6E0E	5	0.3400	5.876	0.9179	4	0	0
渏	6E0F	5	0.3565	5.470	0.9317	4	0	0
渐	6E10	5	0.3624	5.760	0.9448	3	1	1
渑	6E11	5	0.4108	5.595	0.9562	3	0	0
渒	6E12	5	0.3624	5.151	0.9445	3	0	0
渓	6E13	5	0.3328	6.069	0.8968	3	1	1
渔	6E14	5	0.3891	5.624	0.9232	2	1	1
渕	6E15	5	0.3830	5.511	0.9363	4	1	1
渖	6E16	5	0.3754	5.185	0.9388	3	0	0
渗	6E17	5	0.3600	6.484	0.9291	3	0	0
渘	6E18	5	0.3646	6.186	0.9009	3	0	0
渙	6E19	5	0.3683	6.119	0.9003	5	0	0
渚	6E1A	5	0.3861	5.747	0.9344	3	0	0
減	6E1B	5	0.3923	6.590	0.9312	4	1	1
渜	6E1C	5	0.3569	6.058	0.9176	3	0	0
渝	6E1D	5	0.3491	6.814	0.9041	5	0	0
渞	6E1E	5	0.3817	5.463	0.9222	2	0	0
渟	6E1F	5	0.3284	5.275	0.9617	5	0	0
渠	6E20	5	0.4262	6.392	0.9613	3	1	0
渡	6E21	5	0.3861	6.380	0.9172	3	1	1
渢	6E22	5	0.3979	6.682	0.9469	2	0	0
渣	6E23	5	0.4108	6.044	0.8886	4	0	0
渤	6E24	5	0.4092	6.200	0.8984	4	1	1
渥	6E25	5	0.4142	6.539	0.9240	4	0	0
渦	6E26	5	0.3677	5.348	0.9474	3	1	0
渧	6E27	5	0.3508	5.324	0.9350	3	0	0
渨	6E28	5	0.3908	6.064	0.9382	4	0	0
温	6E29	5	0.3964	5.321	1.0083	3	1	0
渪	6E2A	5	0.4231	5.958	0.9380	2	0	0
渫	6E2B	5	0.3891	5.802	0.9479	3	0	0
測	6E2C	5	0.4151	5.578	0.9230	3	1	0
渭	6E2D	5	0.4246	5.931	0.9395	3	0	0
渮	6E2E	5	0.3343	4.992	0.9555	4	0	0
港	6E2F	5	0.3876	5.657	0.9179	4	1	1
渰	6E30	5	0.3646	5.611	0.9258	5	0	0
渱	6E31	5	0.3521	5.484	0.9293	3	0	0
渲	6E32	5	0.3743	5.580	0.9064	5	0	0
渳	6E33	5	0.3447	5.526	0.9745	3	0	0
渴	6E34	5	0.3938	6.174	0.8897	5	0	0
渵	6E35	5	0.3938	5.301	0.9688	3	0	0
渶	6E36	5	0.3669	5.485	0.9467	3	0	0
渷	6E37	5	0.3417	5.723	0.9140	4	0	0
游	6E38	5	0.3728	6.069	0.9217	3	1	1
渹	6E39	5	0.3215	6.218	0.9229	3	0	0
渺	6E3A	5	0.3815	6.089	0.9382	4	0	0
渻	6E3B	5	0.3554	5.883	0.9243	4	0	0
渼	6E3C	5	0.3785	5.980	0.9341	3	0	0
渽	6E3D	5	0.3964	6.245	0.9207	3	0	0
渾	6E3E	5	0.3905	5.935	0.9819	3	0	0
渿	6E3F	5	0.3536	6.038	0.9491	3	0	0
湀	6E40	5	0.3569	6.177	0.8941	4	0	0
湁	6E41	5	0.3343	5.848	0.9174	5	0	0
湂	6E42	5	0.3609	5.572	0.9594	5	0	0
湃	6E43	5	0.3506	5.626	0.9229	3	0	0
湄	6E44	5	0.4323	6.061	0.9823	3	0	0
湅	6E45	5	0.3905	5.966	0.9766	2	0	0
湆	6E46	5	0.3580	5.427	0.9356	2	0	0
湇	6E47	5	0.3846	5.743	0.9190	2	0	0
湈	6E48	5	0.3683	5.466	0.9464	3	0	0
湉	6E49	5	0.2988	5.558	0.9585	3	0	0
湊	6E4A	5	0.3876	6.466	0.9219	4	1	1
湋	6E4B	5	0.3550	5.777	0.9348	4	0	0
湌	6E4C	5	0.3447	6.333	0.9170	4	0	0
湍	6E4D	5	0.3624	5.485	0.9676	3	0	0
湎	6E4E	5	0.4492	5.819	0.9713	2	0	0
湏	6E4F	5	0.3861	5.752	0.9361	2	0	0
湐	6E50	5	0.3923	5.248	0.9105	3	0	0
湑	6E51	5	0.3743	5.976	0.9558	3	0	0
湒	6E52	5	0.4108	5.529	0.9704	3	0	0
湓	6E53	5	0.3754	6.252	0.8660	4	0	0
湔	6E54	5	0.3698	5.812	0.9331	4	0	0
湕	6E55	5	0.4157	6.811	0.9233	3	0	0
湖	6E56	5	0.4169	5.471	0.9536	4	1	1
湗	6E57	5	0.3595	5.520	0.9545	4	0	0
湘	6E58	5	0.4375	5.372	0.9358	3	1	0
湙	6E59	5	0.3462	5.988	0.9111	6	0	0
湚	6E5A	5	0.4201	7.073	0.9217	4	0	0
湛	6E5B	5	0.3846	5.868	0.9372	4	1	1
湜	6E5C	5	0.3862	5.901	0.8905	4	0	0
湝	6E5D	5	0.3923	5.762	0.9564	3	0	0
湞	6E5E	5	0.3908	5.555	0.9251	3	0	0
湟	6E5F	5	0.3861	5.627	0.9056	3	0	0
湠	6E60	5	0.3580	6.219	0.9555	4	0	0
湡	6E61	5	0.4519	5.916	0.9411	3	0	0
湢	6E62	5	0.4277	5.793	0.9602	3	0	0
湣	6E63	5	0.4062	6.388	0.9192	3	0	0
湤	6E64	5	0.3950	6.889	0.9016	3	0	0
湥	6E65	5	0.3225	5.941	0.9355	4	0	0
湦	6E66	5	0.4077	5.827	0.8996	3	0	0
湧	6E67	5	0.4154	6.496	0.9013	4	1	1
湨	6E68	5	0.3476	5.876	0.9032	3	0	0
湩	6E69	5	0.4354	6.385	0.9430	2	0	0
湪	6E6A	5	0.3550	6.293	0.9413	3	0	0
湫	6E6B	5	0.3595	6.209	0.9199	3	0	0
湬	6E6C	5	0.3802	6.557	0.9180	3	0	0
湭	6E6D	5	0.4083	5.939	0.9391	4	0	0
湮	6E6E	5	0.3994	6.077	0.9065	3	0	0
湯	6E6F	5	0.4053	6.433	0.8729	5	1	0
湰	6E70	5	0.3846	6.392	0.8574	2	0	0
湱	6E71	5	0.4154	6.085	0.9321	3	0	0
湲	6E72	5	0.3817	6.761	0.8880	5	0	0
湳	6E73	5	0.3769	5.935	0.8889	3	0	0
湴	6E74	5	0.3646	5.726	0.8886	3	0	0
湵	6E75	5	0.3662	6.012	0.9113	3	0	0
湶	6E76	5	0.3817	5.896	0.9459	3	0	0
湷	6E77	5	0.4024	5.707	0.9469	3	0	0
湸	6E78	5	0.3358	5.881	0.9385	5	0	0
湹	6E79	5	0.3979	6.039	0.9776	4	0	0
湺	6E7A	5	0.3624	5.692	0.9393	4	0	0
湻	6E7B	5	0.4009	5.828	0.9514	4	0	0
湼	6E7C	5	0.3767	5.322	0.8871	2	0	0
湽	6E7D	5	0.4083	6.218	0.9216	3	0	0
湾	6E7E	5	0.3561	6.198	0.9246	6	1	1
湿	6E7F	5	0.4092	5.669	0.9617	3	1	0
満	6E80	5	0.4083	5.902	0.9547	2	1	1
溁	6E81	5	0.3639	5.793	0.9394	3	0	0
溂	6E82	5	0.4215	5.752	0.9226	3	0	0
溃	6E83	5	0.3877	5.902	0.9663	3	0	0
溄	6E84	5	0.3561	6.216	0.9458	3	0	0
溅	6E85	5	0.3831	7.240	0.9323	3	0	0
溆	6E86	5	0.3802	6.812	0.9430	5	0	0
溇	6E87	5	0.3923	6.406	0.8774	3	0	0
溈	6E88	5	0.3609	6.221	0.9089	2	0	0
溉	6E89	5	0.4083	6.392	0.9026	3	0	0
溊	6E8A	5	0.3506	6.051	0.9185	3	0	0
溋	6E8B	5	0.4200	6.625	0.8824	4	0	0
溌	6E8C	5	0.3728	6.270	0.9140	3	0	0
溍	6E8D	5	0.3802	6.391	0.9337	3	0	0
溎	6E8E	5	0.3846	5.815	0.8962	4	0	0
溏	6E8F	5	0.4127	6.157	0.9318	3	0	0
源	6E90	5	0.4038	6.296	0.9511	3	1	1
溑	6E91	5	0.3738	5.950	0.9213	2	0	0
溒	6E92	5	0.4062	6.178	0.9406	5	0	0
溓	6E93	5	0.4260	6.723	0.9077	3	0	0
溔	6E94	5	0.3328	5.754	0.9225	3	0	0
溕	6E95	5	0.3958	6.778	0.9433	4	0	0
準	6E96	5	0.3595	5.656	0.9364	3	1	1
溗	6E97	5	0.3565	6.286	0.9422	2	0	0
溘	6E98	5	0.4157	6.143	0.9172	4	0	0
溙	6E99	5	0.3789	6.538	0.9143	3	0	0
溚	6E9A	5	0.3343	5.501	0.9684	5	0	0
溛	6E9B	5	0.3491	6.519	0.9380	4	0	0
溜	6E9C	5	0.4200	6.326	0.9211	3	1	1
溝	6E9D	5	0.4815	6.345	0.9413	3	1	1
溞	6E9E	5	0.4077	6.447	0.9373	4	0	0
溟	6E9F	5	0.3476	6.059	0.9409	5	0	0
溠	6EA0	5	0.3876	5.979	0.8845	3	0	0
溡	6EA1	5	0.3565	5.521	0.9266	4	0	0
溢	6EA2	5	0.3785	6.208	0.8859	3	0	0
溣	6EA3	5	0.4201	6.645	0.9145	5	0	0
溤	6EA4	5	0.3802	6.111	0.9347	2	0	0
溥	6EA5	5	0.4053	6.157	0.9652	3	1	1
溦	6EA6	5	0.3536	6.372	0.9355	2	0	0
溧	6EA7	5	0.4338	6.100	0.9549	3	0	0
溨	6EA8	5	0.4215	6.644	0.9084	3	0	0
溩	6EA9	5	0.3615	5.852	0.9276	3	0	0
溪	6EAA	5	0.3595	6.956	0.8657	3	1	1
溫	6EAB	5	0.3713	6.084	0.8945	2	1	0
溬	6EAC	5	0.3738	6.297	0.8984	4	0	0
溭	6EAD	5	0.4240	6.755	0.9078	4	0	0
溮	6EAE	5	0.4334	6.186	0.9700	4	0	0
溯	6EAF	5	0.4031	6.318	0.9072	4	1	1
溰	6EB0	5	0.3802	5.623	0.9611	5	0	0
溱	6EB1	5	0.3964	6.683	0.9180	3	0	0
溲	6EB2	5	0.3698	6.076	0.9316	3	0	0
溳	6EB3	5	0.4343	6.194	0.9456	3	0	0
溴	6EB4	5	0.3624	6.104	0.9287	3	0	0
溵	6EB5	5	0.3891	6.845	0.9158	4	0	0
溶	6EB6	5	0.3580	6.105	0.9242	3	1	1
溷	6EB7	5	0.4760	6.837	0.9268	3	0	0
溸	6EB8	5	0.3818	6.591	0.9207	3	0	0
溹	6EB9	5	0.3754	6.272	0.9163	3	0	0
溺	6EBA	5	0.3862	6.955	0.8877	3	0	0
溻	6EBB	5	0.4183	6.814	0.9357	2	0	0
溼	6EBC	5	0.3861	6.860	0.8700	2	0	0
溽	6EBD	5	0.3802	6.735	0.9087	3	0	0
溾	6EBE	5	0.4053	5.981	0.9454	2	0	0
溿	6EBF	5	0.3328	6.260	0.9432	3	0	0
滀	6EC0	5	0.4098	6.298	0.9345	3	0	0
滁	6EC1	5	0.3646	6.853	0.9120	5	0	0
滂	6EC2	5	0.3452	5.667	0.9269	3	0	0
滃	6EC3	5	0.3639	7.233	0.8854	4	0	0
滄	6EC4	5	0.3935	6.416	0.9248	5	0	0
滅	6EC5	5	0.4009	7.142	0.9074	4	1	1
滆	6EC6	5	0.3800	6.280	0.9079	2	0	0
滇	6EC7	5	0.3565	6.675	0.9450	4	0	0
滈	6EC8	5	0.3536	5.918	0.9618	5	0	0
滉	6EC9	5	0.4127	6.167	0.8919	5	0	0
滊	6ECA	5	0.3938	6.702	0.9210	5	0	0
滋	6ECB	5	0.3698	6.858	0.8968	3	1	1
滌	6ECC	5	0.3669	6.853	0.9176	4	0	0
滍	6ECD	5	0.3920	5.957	0.9365	3	0	0
滎	6ECE	5	0.4151	7.087	0.9050	2	0	0
滏	6ECF	5	0.3831	6.861	0.8774	3	0	0
滐	6ED0	5	0.3698	6.395	0.9232	4	0	0
滑	6ED1	5	0.3743	5.647	0.9308	3	1	1
滒	6ED2	5	0.3547	5.562	0.9827	5	0	0
滓	6ED3	5	0.3523	5.356	0.9302	3	0	0
滔	6ED4	5	0.3447	5.716	0.9555	3	0	0
滕	6ED5	5	0.4246	7.582	0.9010	2	0	0
滖	6ED6	5	0.3876	6.254	0.9133	3	0	0
滗	6ED7	5	0.3831	6.238	0.9270	3	0	0
滘	6ED8	5	0.4064	6.061	0.8942	4	0	0
滙	6ED9	5	0.4112	6.546	0.9225	3	0	0
滚	6EDA	5	0.3669	6.731	0.9142	4	0	0
滛	6EDB	5	0.3565	6.122	0.9142	2	0	0
滜	6EDC	5	0.3662	5.724	0.9624	4	0	0
滝	6EDD	5	0.4038	6.068	0.9148	3	1	1
滞	6EDE	5	0.3595	5.591	0.9471	4	1	1
滟	6EDF	5	0.3979	5.948	0.9085	3	0	0
滠	6EE0	5	0.3876	7.017	0.9263	4	0	0
满	6EE1	5	0.4098	6.276	0.9498	2	1	1
滢	6EE2	5	0.3985	5.888	0.8782	3	0	0
滣	6EE3	5	0.4400	6.605	0.8902	3	0	0
滤	6EE4	5	0.3754	6.575	0.9210	3	0	0
滥	6EE5	5	0.3877	5.750	0.9390	3	0	0
滦	6EE6	5	0.3631	6.112	0.9358	6	0	0
滧	6EE7	5	0.3299	6.528	0.8985	4	0	0
滨	6EE8	5	0.3358	5.661	0.9308	4	1	0
滩	6EE9	5	0.4062	6.253	0.9046	3	1	1
滪	6EEA	5	0.3876	6.806	0.9098	3	0	0
滫	6EEB	5	0.3905	6.762	0.9269	4	0	0
滬	6EEC	5	0.3985	6.836	0.9494	3	0	0
滭	6EED	5	0.4277	6.010	0.9439	2	0	0
滮	6EEE	5	0.3476	6.962	0.9309	4	0	0
滯	6EEF	5	0.4074	6.058	0.9512	4	0	0
滰	6EF0	5	0.3550	6.072	0.9152	3	0	0
滱	6EF1	5	0.3817	6.529	0.9072	5	0	0
滲	6EF2	5	0.3123	7.082	0.9043	3	0	0
滳	6EF3	5	0.3373	6.367	0.8849	4	0	0
滴	6EF4	5	0.3905	5.989	0.9382	3	1	1
滵	6EF5	5	0.3569	6.367	0.9088	4	0	0
滶	6EF6	5	0.4172	6.398	0.9258	4	0	0
滷	6EF7	5	0.4015	6.508	0.9281	4	0	0
滸	6EF8	5	0.3432	5.534	0.9478	4	0	0
滹	6EF9	5	0.3504	6.732	0.9266	3	0	0
滺	6EFA	5	0.3723	6.723	0.8775	4	0	0
滻	6EFB	5	0.3728	6.813	0.8552	4	0	0
滼	6EFC	5	0.3240	6.044	0.9132	5	0	0
滽	6EFD	5	0.4477	7.003	0.9533	4	0	0
滾	6EFE	5	0.3521	6.412	0.9018	3	1	1
滿	6EFF	5	0.3891	6.487	0.9074	2	1	1
漀	6F00	5	0.4077	7.228	0.9341	5	0	0
漁	6F01	5	0.4015	6.049	0.9170	2	1	1
漂	6F02	5	0.4215	6.500	0.8749	3	1	1
漃	6F03	5	0.3938	6.536	0.9228	5	0	0
漄	6F04	5	0.4275	6.496	0.8823	5	0	0
漅	6F05	5	0.3654	6.799	0.9051	5	0	0
漆	6F06	5	0.3569	6.616	0.9027	3	1	1
漇	6F07	5	0.3815	6.071	0.9228	4	0	0
漈	6F08	5	0.3604	6.797	0.9033	3	0	0
漉	6F09	5	0.4320	6.543	0.9199	2	0	0
漊	6F0A	5	0.3950	6.750	0.9345	3	0	0
漋	6F0B	5	0.3920	7.364	0.9088	3	0	0
漌	6F0C	5	0.4157	6.185	0.9048	3	0	0
漍	6F0D	5	0.4663	7.192	0.9228	4	0	0
漎	6F0E	5	0.3565	6.509	0.8952	3	0	0
漏	6F0F	5	0.4538	7.289	0.8918	3	1	1
漐	6F10	5	0.3817	6.798	0.9364	4	0	0
漑	6F11	5	0.3846	6.329	0.9228	2	0	0
漒	6F12	5	0.4015	6.143	0.9436	4	0	0
漓	6F13	5	0.3950	6.610	0.9397	3	0	0
演	6F14	5	0.4000	6.102	0.9048	3	1	1
漕	6F15	5	0.4497	6.252	0.9473	3	0	0
漖	6F16	5	0.3846	6.976	0.8959	4	0	0
漗	6F17	5	0.3802	6.662	0.9237	4	0	0
漘	6F18	5	0.4077	7.334	0.9235	3	0	0
漙	6F19	5	0.4112	6.393	0.9776	3	0	0
漚	6F1A	5	0.3862	6.009	0.9466	5	0	0
漛	6F1B	5	0.3565	6.822	0.9094	3	0	0
漜	6F1C	5	0.3754	6.053	0.8781	4	0	0
漝	6F1D	5	0.3923	6.121	0.9474	3	0	0
漞	6F1E	5	0.3292	6.641	0.9183	3	0	0
漟	6F1F	5	0.3877	5.770	0.8822	3	0	0
漠	6F20	5	0.4112	6.148	0.9447	4	1	1
漡	6F21	5	0.3831	7.005	0.9224	2	0	0
漢	6F22	5	0.3861	6.342	0.9275	2	1	1
漣	6F23	5	0.3950	6.607	0.9226	3	0	0
漤	6F24	5	0.3862	6.579	0.9019	4	0	0
漥	6F25	5	0.3787	6.353	0.9254	5	0	0
漦	6F26	5	0.4379	7.466	0.8732	2	0	0
漧	6F27	5	0.3698	5.928	0.9538	4	0	0
漨	6F28	5	0.3624	6.686	0.9376	4	0	0
漩	6F29	5	0.4009	6.779	0.9129	3	0	0
漪	6F2A	5	0.4024	6.688	0.9269	5	0	0
漫	6F2B	5	0.3862	6.851	0.9054	3	1	1
漬	6F2C	5	0.3536	6.829	0.9236	3	1	1
漭	6F2D	5	0.3892	6.072	0.9262	3	0	0
漮	6F2E	5	0.3743	6.613	0.9393	3	0	0
漯	6F2F	5	0.4123	6.534	0.9013	3	0	0
漰	6F30	5	0.4391	6.396	0.9361	4	0	0
漱	6F31	5	0.3787	6.582	0.9058	3	0	0
漲	6F32	5	0.3985	6.454	0.9231	3	0	0
漳	6F33	5	0.3506	5.866	0.9560	3	1	1
漴	6F34	5	0.3692	6.037	0.9138	4	0	0
漵	6F35	5	0.3861	6.938	0.9133	5	0	0
漶	6F36	5	0.4127	6.317	0.9302	3	0	0
漷	6F37	5	0.3979	6.380	0.9434	5	0	0
漸	6F38	5	0.3521	6.198	0.9680	3	1	1
漹	6F39	5	0.3876	6.496	0.9444	4	0	0
漺	6F3A	5	0.3595	7.001	0.8790	4	0	0
漻	6F3B	5	0.3488	7.416	0.8725	3	0	0
漼	6F3C	5	0.3950	5.798	0.9363	3	0	0
漽	6F3D	5	0.4138	6.866	0.9223	3	0	0
漾	6F3E	5	0.3979	6.762	0.9022	3	0	0
漿	6F3F	5	0.4157	7.270	0.9210	3	0	0
潀	6F40	5	0.3754	6.343	0.9044	3	0	0
潁	6F41	5	0.4142	6.877	0.9451	3	0	0
潂	6F42	5	0.3728	6.054	0.9276	4	0	0
潃	6F43	5	0.3669	6.558	0.9237	4	0	0
潄	6F44	5	0.3985	6.399	0.9378	3	0	0
潅	6F45	5	0.4046	6.212	0.9110	2	0	0
潆	6F46	5	0.3615	6.477	0.9259	3	0	0
潇	6F47	5	0.4154	6.620	0.9717	6	0	0
潈	6F48	5	0.3846	6.188	0.9417	4	0	0
潉	6F49	5	0.3569	6.325	0.9080	4	0	0
潊	6F4A	5	0.3846	6.861	0.9222	5	0	0
潋	6F4B	5	0.3698	6.889	0.9073	6	0	0
潌	6F4C	5	0.4096	6.673	0.8661	5	0	0
潍	6F4D	5	0.4024	6.567	0.8961	3	0	0
潎	6F4E	5	0.4323	7.655	0.8908	3	0	0
潏	6F4F	5	0.4215	7.341	0.8695	4	0	0
潐	6F50	5	0.3802	6.199	0.9027	3	0	0
潑	6F51	5	0.3846	7.273	0.8963	5	0	0
潒	6F52	5	0.3787	6.718	0.9074	3	0	0
潓	6F53	5	0.3876	6.714	0.9338	3	0	0
潔	6F54	5	0.3744	7.150	0.9007	3	1	1
潕	6F55	5	0.4000	6.374	0.9096	3	0	0
潖	6F56	5	0.4240	6.254	0.8699	4	0	0
潗	6F57	5	0.3935	6.524	0.9433	3	0	0
潘	6F58	5	0.4646	6.598	0.9091	3	1	1
潙	6F59	5	0.4006	7.071	0.8709	2	0	0
潚	6F5A	5	0.3905	6.864	0.9862	4	0	0
潛	6F5B	5	0.4290	7.053	0.8854	4	1	1
潜	6F5C	5	0.4216	6.429	0.9482	3	1	1
潝	6F5D	5	0.3743	7.337	0.9129	5	0	0
潞	6F5E	5	0.4172	6.481	0.9585	4	0	0
潟	6F5F	5	0.3683	6.440	0.9209	3	1	1
潠	6F60	5	0.3908	6.765	0.9477	5	0	0
潡	6F61	5	0.3891	6.550	0.8982	5	0	0
潢	6F62	5	0.4083	6.210	0.9321	2	0	0
潣	6F63	5	0.3969	6.430	0.9199	3	0	0
潤	6F64	5	0.4523	6.027	0.9551	3	1	1
潥	6F65	5	0.4438	6.597	0.8949	3	0	0
潦	6F66	5	0.3817	6.400	0.9315	4	0	0
潧	6F67	5	0.4151	6.208	0.9383	4	0	0
潨	6F68	5	0.3743	6.305	0.9516	4	0	0
潩	6F69	5	0.3994	6.135	0.8966	4	0	0
潪	6F6A	5	0.4263	6.242	0.9353	4	0	0
潫	6F6B	5	0.3757	7.328	0.8765	3	0	0
潬	6F6C	5	0.4157	5.858	0.9126	4	0	0
潭	6F6D	5	0.3954	6.474	0.9246	4	1	1
潮	6F6E	5	0.4231	5.849	0.9841	3	1	1
潯	6F6F	5	0.3580	6.450	0.9597	4	0	0
潰	6F70	5	0.3536	6.697	0.9332	3	1	1
潱	6F71	5	0.3446	6.368	0.9527	5	0	0
潲	6F72	5	0.4567	6.580	0.8677	4	0	0
潳	6F73	5	0.4354	6.923	0.9416	4	0	0
潴	6F74	5	0.4260	6.935	0.8846	4	0	0
潵	6F75	5	0.4237	6.386	0.9088	5	0	0
潶	6F76	5	0.4053	6.830	0.9489	2	0	0
潷	6F77	5	0.4320	6.563	0.9464	3	0	0
潸	6F78	5	0.3713	6.689	0.9261	4	0	0
潹	6F79	5	0.3954	6.272	0.9341	4	0	0
潺	6F7A	5	0.3732	7.171	0.9508	5	0	0
潻	6F7B	5	0.3328	6.922	0.9029	3	0	0
潼	6F7C	5	0.4172	6.223	0.9518	4	0	0
潽	6F7D	5	0.3920	6.072	0.9375	4	0	0
潾	6F7E	5	0.3802	6.750	0.9117	4	0	0
潿	6F7F	5	0.4439	7.001	0.9599	5	0	0
澀	6F80	5	0.4142	7.570	0.8917	6	0	0
澁	6F81	5	0.3985	5.778	0.9102	3	0	0
澂	6F82	5	0.3920	6.630	0.9108	2	0	0
澃	6F83	5	0.3877	7.697	0.8894	3	0	0
澄	6F84	5	0.3905	6.770	0.8191	5	1	1
澅	6F85	5	0.3723	6.863	0.9480	4	0	0
澆	6F86	5	0.4323	6.396	0.9221	5	0	0
澇	6F87	5	0.3846	6.929	0.9009	3	0	0
澈	6F88	5	0.3743	6.805	0.9128	2	0	0
澉	6F89	5	0.3979	6.368	0.9214	4	0	0
澊	6F8A	5	0.3624	6.680	0.9155	5	0	0
澋	6F8B	5	0.3284	6.299	0.9404	5	0	0
澌	6F8C	5	0.3876	6.322	0.9140	4	0	0
澍	6F8D	5	0.3683	6.202	0.9476	6	0	0
澎	6F8E	5	0.3508	6.458	0.9402	6	1	1
澏	6F8F	5	0.4160	5.656	0.8912	5	0	0
澐	6F90	5	0.3905	6.867	0.9270	4	0	0
澑	6F91	5	0.4800	6.169	0.9430	3	0	0
澒	6F92	5	0.4138	6.114	0.9192	3	0	0
澓	6F93	5	0.4024	6.880	0.9113	4	0	0
澔	6F94	5	0.3891	6.038	0.9490	4	0	0
澕	6F95	5	0.4009	5.625	0.9504	3	0	0
澖	6F96	5	0.4696	6.244	0.9201	3	0	0
澗	6F97	5	0.4523	5.900	0.9391	3	0	0
澘	6F98	5	0.3831	6.452	0.9405	2	0	0
澙	6F99	5	0.3800	6.688	0.9445	3	0	0
澚	6F9A	5	0.3624	6.572	0.8980	4	0	0
澛	6F9B	5	0.4031	6.519	0.9405	3	0	0
澜	6F9C	5	0.4185	6.891	0.9192	3	0	0
澝	6F9D	5	0.4277	6.720	0.9256	3	0	0
澞	6F9E	5	0.3787	7.500	0.9231	4	0	0
澟	6F9F	5	0.4015	7.049	0.9600	3	0	0
澠	6FA0	5	0.4527	6.140	0.9563	2	0	0
澡	6FA1	5	0.4053	6.197	0.9372	5	0	0
澢	6FA2	5	0.4462	6.241	0.9394	3	0	0
澣	6FA3	5	0.3506	5.889	0.9367	4	0	0
澤	6FA4	5	0.4349	6.181	0.9261	4	1	1
澥	6FA5	5	0.4305	6.971	0.9324	3	0	0
澦	6FA6	5	0.3994	6.768	0.9263	3	0	0
澧	6FA7	5	0.3861	6.518	0.9353	5	0	0
澨	6FA8	5	0.3950	6.842	0.9078	6	0	0
澩	6FA9	5	0.4247	7.231	0.8633	2	0	0
澪	6FAA	5	0.3609	6.876	0.8855	5	0	0
澫	6FAB	5	0.4119	6.357	0.9453	4	0	0
澬	6FAC	5	0.3491	7.100	0.8912	4	0	0
澭	6FAD	5	0.4053	6.578	0.9093	3	0	0
澮	6FAE	5	0.3166	6.668	0.9459	4	0	0
澯	6FAF	5	0.3580	6.949	0.8954	3	0	0
澰	6FB0	5	0.3491	6.447	0.9005	7	0	0
澱	6FB1	5	0.4277	7.796	0.8899	4	0	0
澲	6FB2	5	0.4260	6.639	0.9298	4	0	0
澳	6FB3	5	0.3876	7.007	0.9002	3	1	1
澴	6FB4	5	0.4275	6.800	0.8965	3	0	0
澵	6FB5	5	0.3950	6.575	0.9066	4	0	0
澶	6FB6	5	0.3639	6.739	0.9124	4	0	0
澷	6FB7	5	0.3654	6.553	0.9566	2	0	0
澸	6FB8	5	0.3654	7.139	0.9159	5	0	0
澹	6FB9	5	0.3595	7.320	0.9172	4	0	0
澺	6FBA	5	0.3669	6.743	0.9184	3	0	0
澻	6FBB	5	0.3521	7.049	0.8758	3	0	0
澼	6FBC	5	0.3772	6.178	0.9339	3	0	0
澽	6FBD	5	0.3787	7.331	0.9443	3	0	0
澾	6FBE	5	0.3861	6.576	0.9180	3	0	0
澿	6FBF	5	0.3683	6.428	0.9363	4	0	0
激	6FC0	5	0.4098	6.731	0.9047	3	1	1
濁	6FC1	5	0.4338	6.602	0.9118	3	1	1
濂	6FC2	5	0.4423	7.418	0.9178	4	0	0
濃	6FC3	5	0.4305	7.288	0.9447	3	1	1
濄	6FC4	5	0.3723	6.725	0.9168	4	0	0
濅	6FC5	5	0.3630	7.761	0.9481	2	0	0
濆	6FC6	5	0.3698	6.570	0.9220	4	0	0
濇	6FC7	5	0.4053	6.890	0.8876	4	0	0
濈	6FC8	5	0.4083	6.812	0.9203	4	0	0
濉	6FC9	5	0.3654	6.327	0.9301	3	0	0
濊	6FCA	5	0.3891	7.365	0.8976	3	0	0
濋	6FCB	5	0.4053	6.719	0.9016	4	0	0
濌	6FCC	5	0.4778	7.211	0.9788	3	0	0
濍	6FCD	5	0.3683	6.784	0.9213	5	0	0
濎	6FCE	5	0.4208	6.160	0.9643	3	0	0
濏	6FCF	5	0.4062	6.902	0.9130	4	0	0
濐	6FD0	5	0.3891	6.738	0.9561	4	0	0
濑	6FD1	5	0.4083	7.186	0.9393	4	0	0
濒	6FD2	5	0.3950	7.107	0.9335	4	0	0
濓	6FD3	5	0.4172	6.961	0.9476	4	0	0
濔	6FD4	5	0.4260	8.191	0.8828	3	0	0
濕	6FD5	5	0.3554	7.476	0.9106	2	1	1
濖	6FD6	5	0.4482	6.490	0.9185	4	0	0
濗	6FD7	5	0.3846	6.774	0.9255	5	0	0
濘	6FD8	5	0.3683	6.524	0.9345	4	0	0
濙	6FD9	5	0.3554	7.312	0.9249	3	0	0
濚	6FDA	5	0.3876	7.206	0.9154	3	0	0
濛	6FDB	5	0.3891	7.434	0.9451	5	0	0
濜	6FDC	5	0.3905	6.712	0.9341	3	0	0
濝	6FDD	5	0.3908	7.347	0.9255	4	0	0
濞	6FDE	5	0.3754	6.835	0.9417	4	0	0
濟	6FDF	5	0.3556	6.600	0.9149	3	1	1
濠	6FE0	5	0.3521	7.505	0.9507	5	0	0
濡	6FE1	5	0.4216	6.912	0.9376	3	0	0
濢	6FE2	5	0.3923	6.865	0.8841	4	0	0
濣	6FE3	5	0.3402	6.381	0.9463	4	0	0
濤	6FE4	5	0.3400	7.338	0.9646	5	0	0
濥	6FE5	5	0.3862	7.467	0.8877	4	0	0
濦	6FE6	5	0.3462	7.612	0.8943	2	0	0
濧	6FE7	5	0.3580	6.462	0.9284	3	0	0
濨	6FE8	5	0.3631	7.233	0.8774	4	0	0
濩	6FE9	5	0.4098	7.181	0.9154	4	0	0
濪	6FEA	5	0.4379	6.936	0.9372	3	0	0
濫	6FEB	5	0.4098	6.354	0.8818	3	1	1
濬	6FEC	5	0.3831	7.029	0.9689	4	0	0
濭	6FED	5	0.4438	6.607	0.8819	5	0	0
濮	6FEE	5	0.4275	7.115	0.9054	5	0	0
濯	6FEF	5	0.4083	7.266	0.9121	3	0	0
濰	6FF0	5	0.4157	7.224	0.9089	3	0	0
濱	6FF1	5	0.3585	7.085	0.9039	3	1	1
濲	6FF2	5	0.3979	7.072	0.9463	2	0	0
濳	6FF3	5	0.4393	7.046	0.9088	2	0	0
濴	6FF4	5	0.3754	7.347	0.9059	3	0	0
濵	6FF5	5	0.4123	7.025	0.9523	4	0	0
濶	6FF6	5	0.4538	6.360	0.9462	2	0	0
濷	6FF7	5	0.3910	7.532	0.9157	3	0	0
濸	6FF8	5	0.3831	6.898	0.9535	6	0	0
濹	6FF9	5	0.4201	7.519	0.8671	3	0	0
濺	6FFA	5	0.4379	8.010	0.8715	4	0	0
濻	6FFB	5	0.3595	7.579	0.9641	4	0	0
濼	6FFC	5	0.3979	7.551	0.8787	4	0	0
濽	6FFD	5	0.3964	7.143	0.9207	3	0	0
濾	6FFE	5	0.3757	7.448	0.9270	4	0	0
濿	6FFF	5	0.4305	7.360	0.9355	5	0	0
瀀	7000	5	0.3787	7.862	0.9173	3	0	0
瀁	7001	5	0.3920	7.476	0.9077	5	0	0
瀂	7002	5	0.3938	6.784	0.9132	3	0	0
瀃	7003	5	0.4423	7.371	0.9393	5	0	0
瀄	7004	5	0.3905	6.484	0.9402	4	0	0
瀅	7005	5	0.4068	7.467	0.8447	3	0	0
瀆	7006	5	0.3669	7.697	0.9394	4	0	0
瀇	7007	5	0.3964	7.179	0.9537	3	0	0
瀈	7008	5	0.4275	7.850	0.9456	4	0	0
瀉	7009	5	0.4046	6.801	0.9251	4	0	0
瀊	700A	5	0.4260	7.653	0.8719	5	0	0
瀋	700B	5	0.4174	6.850	0.9110	4	0	0
瀌	700C	5	0.4275	7.440	0.9099	3	0	0
瀍	700D	5	0.3985	7.757	0.9581	3	0	0
瀎	700E	5	0.3920	6.889	0.9016	4	0	0
瀏	700F	5	0.4262	7.463	0.8851	3	0	0
瀐	7010	5	0.4246	6.861	0.9305	3	0	0
瀑	7011	5	0.3946	7.223	0.9578	3	1	1
瀒	7012	5	0.4246	7.230	0.9068	2	0	0
瀓	7013	5	0.4127	7.346	0.9136	3	0	0
瀔	7014	5	0.4053	7.288	0.9288	4	0	0
瀕	7015	5	0.3923	7.074	0.8847	4	0	0
瀖	7016	5	0.3787	6.892	0.8873	3	0	0
瀗	7017	5	0.3654	7.515	0.9085	3	0	0
瀘	7018	5	0.4154	7.286	0.9444	3	0	0
瀙	7019	5	0.4053	7.130	0.9359	4	0	0
瀚	701A	5	0.4364	7.413	0.8872	4	0	0
瀛	701B	5	0.3689	8.221	0.9235	3	0	0
瀜	701C	5	0.3891	7.421	0.9112	3	0	0
瀝	701D	5	0.4462	7.505	0.8885	5	0	0
瀞	701E	5	0.4216	7.091	0.9295	4	0	0
瀟	701F	5	0.3920	7.371	0.9601	5	0	0
瀠	7020	5	0.3938	7.929	0.9014	3	0	0
瀡	7021	5	0.3861	7.873	0.9428	4	0	0
瀢	7022	5	0.3580	7.103	0.9314	4	0	0
瀣	7023	5	0.4127	7.419	0.8807	3	0	0
瀤	7024	5	0.3785	7.225	0.9291	4	0	0
瀥	7025	5	0.4192	7.572	0.8927	6	0	0
瀦	7026	5	0.4586	7.385	0.9112	4	0	0
瀧	7027	5	0.4364	7.154	0.8928	2	1	1
瀨	7028	5	0.4354	7.457	0.9026	4	0	0
瀩	7029	5	0.4523	7.314	0.8922	4	0	0
瀪	702A	5	0.4201	8.549	0.9088	5	0	0
瀫	702B	5	0.3994	7.812	0.9182	3	0	0
瀬	702C	5	0.4615	7.065	0.9403	3	1	1
瀭	702D	5	0.3989	7.423	0.9115	6	0	0
瀮	702E	5	0.3954	7.042	0.8909	4	0	0
瀯	702F	5	0.4038	7.552	0.8813	4	0	0
瀰	7030	5	0.4877	8.948	0.8024	4	0	0
瀱	7031	5	0.4527	8.280	0.9290	3	0	0
瀲	7032	5	0.3935	7.475	0.8850	8	0	0
瀳	7033	5	0.4068	7.494	0.9392	4	0	0
瀴	7034	5	0.4083	7.584	0.9106	4	0	0
瀵	7035	5	0.4541	7.539	0.8979	5	0	0
瀶	7036	5	0.4446	7.017	0.9750	3	0	0
瀷	7037	5	0.4083	8.314	0.8895	5	0	0
瀸	7038	5	0.4098	7.484	0.9019	3	0	0
瀹	7039	5	0.3920	6.996	0.9323	2	0	0
瀺	703A	5	0.4006	7.891	0.8985	5	0	0
瀻	703B	5	0.4692	7.776	0.9242	5	0	0
瀼	703C	5	0.4142	7.198	0.9452	3	0	0
瀽	703D	5	0.3891	7.240	0.9085	4	0	0
瀾	703E	5	0.4631	7.485	0.9421	3	0	0
瀿	703F	5	0.4123	8.197	0.8638	5	0	0
灀	7040	5	0.4231	7.217	0.9378	4	0	0
灁	7041	5	0.4471	7.261	0.9334	4	0	0
灂	7042	5	0.4083	7.353	0.9207	4	0	0
灃	7043	5	0.4216	7.471	0.9074	5	0	0
灄	7044	5	0.4275	6.920	0.9214	4	0	0
灅	7045	5	0.4216	7.314	0.8992	5	0	0
灆	7046	5	0.4172	6.823	0.9329	4	0	0
灇	7047	5	0.4408	7.680	0.9015	5	0	0
灈	7048	5	0.4262	7.067	0.9545	3	0	0
灉	7049	5	0.4453	7.885	0.8750	6	0	0
灊	704A	5	0.3713	8.447	0.9076	4	0	0
灋	704B	5	0.4127	8.359	0.9248	3	0	0
灌	704C	5	0.3994	6.764	0.9276	5	1	1
灍	704D	5	0.4323	7.615	0.9428	5	0	0
灎	704E	5	0.4260	8.539	0.9301	8	0	0
灏	704F	5	0.4053	7.791	0.9330	6	0	0
灐	7050	5	0.4385	8.306	0.8326	3	0	0
灑	7051	5	0.4615	7.987	0.9101	7	0	0
灒	7052	5	0.4062	7.649	0.9350	6	0	0
灓	7053	5	0.3769	8.534	0.9082	2	0	0
灔	7054	5	0.4260	7.684	0.9160	6	0	0
灕	7055	5	0.4482	7.936	0.8864	4	0	0
灖	7056	5	0.3892	7.319	0.9104	5	0	0
灗	7057	5	0.3905	7.852	0.9675	5	0	0
灘	7058	5	0.4837	7.308	0.9263	3	1	1
灙	7059	5	0.3669	7.938	0.9206	3	0	0
灚	705A	5	0.3969	7.910	0.9053	3	0	0
灛	705B	5	0.4672	7.595	0.9296	5	0	0
灜	705C	5	0.3787	8.066	0.9394	3	0	0
灝	705D	5	0.4127	7.690	0.9077	6	0	0
灞	705E	5	0.4231	8.010	0.9436	3	0	0
灟	705F	5	0.4535	8.574	0.9374	4	0	0
灠	7060	5	0.3698	7.555	0.9164	3	0	0
灡	7061	5	0.4600	7.796	0.9528	4	0	0
灢	7062	5	0.4038	8.401	0.9362	5	0	0
灣	7063	5	0.3433	8.612	0.8901	3	1	1
灤	7064	5	0.3728	8.612	0.8871	3	0	0
灥	7065	5	0.4334	9.198	0.9345	6	0	0
灦	7066	5	0.4615	8.786	0.8952	3	0	0
灧	7067	5	0.4393	8.482	0.8797	6	0	0
灨	7068	5	0.4453	8.317	0.9110	4	0	0
灩	7069	5	0.4660	9.340	0.8730	8	0	0
灪	706A	5	0.4385	9.635	0.8306	9	0	0
火	706B	5	0.2250	3.549	0.9450	1	0	0
灬	706C	5	0.3067	4.521	0.8812	1	0	0
灭	706D	5	0.2831	3.873	0.9385	2	1	0
灮	706E	5	0.2485	4.583	0.9120	2	0	0
灯	706F	5	0.2544	3.908	0.9449	2	1	0
灰	7070	5	0.2923	4.705	0.9247	2	1	0
灱	7071	5	0.3180	5.041	0.9575	2	0	0
灲	7072	5	0.3246	4.051	0.9687	2	0	0
灳	7073	5	0.2954	4.754	0.9468	2	0	0
灴	7074	5	0.2796	4.188	0.9781	2	0	0
灵	7075	5	0.3488	5.095	0.9381	2	1	0
灶	7076	5	0.2914	4.288	0.9686	2	0	0
灷	7077	5	0.2870	4.607	0.9518	2	0	0
灸	7078	5	0.3047	5.323	0.9182	2	0	0
灹	7079	5	0.3047	4.819	0.9219	3	0	0
灺	707A	5	0.3817	5.736	0.9120	2	0	0
灻	707B	5	0.2959	4.767	0.9521	2	0	0
灼	707C	5	0.3077	4.872	0.8947	3	0	0
災	707D	5	0.2754	5.243	0.9304	4	1	0
灾	707E	5	0.2831	4.572	0.9255	2	1	0
灿	707F	5	0.3523	4.640	0.9701	2	0	0
炀	7080	5	0.3754	6.207	0.8973	2	0	0
炁	7081	5	0.3677	5.360	0.9325	2	0	0
炂	7082	5	0.2929	5.568	0.9290	3	0	0
炃	7083	5	0.3138	5.551	0.9212	3	0	0
炄	7084	5	0.3580	5.371	0.9703	2	0	0
炅	7085	5	0.3568	4.982	0.9568	2	0	0
炆	7086	5	0.3254	5.346	0.9344	2	0	0
炇	7087	5	0.3476	5.442	0.9258	2	0	0
炈	7088	5	0.3639	5.961	0.9323	3	0	0
炉	7089	5	0.3092	4.830	0.9457	2	1	0
炊	708A	5	0.2944	5.395	0.9163	2	0	0
炋	708B	5	0.3151	4.966	0.9526	2	0	0
炌	708C	5	0.2914	5.149	0.9524	3	0	0
炍	708D	5	0.3785	6.008	0.9319	3	0	0
炎	708E	5	0.2821	5.300	0.9258	2	1	0
炏	708F	5	0.2707	5.215	0.9403	2	0	0
炐	7090	5	0.3225	4.774	0.9507	2	0	0
炑	7091	5	0.3136	4.990	0.9403	2	0	0
炒	7092	5	0.2811	5.259	0.9361	3	1	0
炓	7093	5	0.2840	4.776	0.9503	2	0	0
炔	7094	5	0.3447	5.326	0.9424	2	0	0
炕	7095	5	0.3240	5.118	0.9165	3	0	0
炖	7096	5	0.3550	5.480	0.9243	2	0	0
炗	7097	5	0.2914	4.719	0.9317	2	0	0
炘	7098	5	0.3047	4.887	0.9405	2	0	0
炙	7099	5	0.3195	5.574	0.9072	2	0	0
炚	709A	5	0.3415	4.554	0.9544	2	0	0
炛	709B	5	0.3138	5.393	0.9089	3	0	0
炜	709C	5	0.3585	5.146	0.9548	2	0	0
炝	709D	5	0.3462	5.658	0.9007	3	0	0
炞	709E	5	0.2559	4.240	0.9388	3	0	0
炟	709F	5	0.3595	5.285	0.9606	3	0	0
炠	70A0	5	0.3908	4.999	0.9640	2	0	0
炡	70A1	5	0.3554	5.188	0.8973	3	0	0
炢	70A2	5	0.3240	5.290	0.9452	3	0	0
炣	70A3	5	0.3343	5.248	0.9711	3	0	0
炤	70A4	5	0.3815	5.684	0.9470	3	0	0
炥	70A5	5	0.3846	6.107	0.9541	2	0	0
炦	70A6	5	0.3757	6.130	0.9348	2	0	0
炧	70A7	5	0.3728	6.077	0.8924	2	0	0
炨	70A8	5	0.3136	4.965	0.9411	3	0	0
炩	70A9	5	0.2899	5.503	0.9330	4	0	0
炪	70AA	5	0.3462	5.227	0.9636	3	0	0
炫	70AB	5	0.3388	5.783	0.9311	2	0	0
炬	70AC	5	0.3536	5.165	0.9714	2	0	0
炭	70AD	5	0.3585	5.500	0.9428	3	1	0
炮	70AE	5	0.3713	5.774	0.9259	3	1	0
炯	70AF	5	0.4200	5.745	0.9349	3	0	0
炰	70B0	5	0.3631	5.507	0.9146	3	0	0
炱	70B1	5	0.3402	5.737	0.9449	3	0	0
炲	70B2	5	0.3402	5.387	0.9568	3	0	0
炳	70B3	5	0.3846	6.108	0.9131	3	1	0
炴	70B4	5	0.3654	5.577	0.9413	2	0	0
炵	70B5	5	0.3521	5.933	0.9368	3	0	0
炶	70B6	5	0.3476	4.733	0.9710	3	0	0
炷	70B7	5	0.3166	4.870	0.9318	3	0	0
炸	70B8	5	0.3033	4.706	0.9482	2	1	0
点	70B9	5	0.2885	4.194	0.9248	3	1	0
為	70BA	5	0.3677	5.587	0.9363	1	1	0
炻	70BB	5	0.3595	5.280	0.9616	2	0	0
炼	70BC	5	0.3624	5.841	0.9284	2	0	0
炽	70BD	5	0.3415	5.035	0.9411	3	0	0
炾	70BE	5	0.3506	5.364	0.9321	3	0	0
炿	70BF	5	0.3646	5.524	0.8999	3	0	0
烀	70C0	5	0.3328	5.364	0.9465	2	0	0
烁	70C1	5	0.3343	5.524	0.9573	2	0	0
烂	70C2	5	0.2892	4.804	0.9070	4	0	0
烃	70C3	5	0.3654	5.558	0.9134	2	0	0
烄	70C4	5	0.3225	5.948	0.8956	3	0	0
烅	70C5	5	0.3979	6.038	0.9618	3	0	0
烆	70C6	5	0.3373	5.356	0.9156	4	0	0
烇	70C7	5	0.3432	5.551	0.9423	3	0	0
烈	70C8	5	0.3373	5.476	0.9122	3	1	0
烉	70C9	5	0.3240	5.564	0.9022	2	0	0
烊	70CA	5	0.3254	5.236	0.9366	2	0	0
烋	70CB	5	0.3358	5.081	0.8971	3	0	0
烌	70CC	5	0.3358	5.995	0.9495	3	0	0
烍	70CD	5	0.3639	5.625	0.9333	3	0	0
烎	70CE	5	0.3632	5.114	0.9347	3	0	0
烏	70CF	5	0.3550	5.329	0.9455	2	1	0
烐	70D0	5	0.3624	5.902	0.9188	2	0	0
烑	70D1	5	0.3757	6.443	0.9163	2	0	0
烒	70D2	5	0.3462	5.653	0.9186	3	0	0
烓	70D3	5	0.3677	5.382	0.8856	3	0	0
烔	70D4	5	0.4077	5.777	0.9620	3	0	0
烕	70D5	5	0.3920	6.380	0.9405	3	0	0
烖	70D6	5	0.3787	6.125	0.9293	2	0	0
烗	70D7	5	0.3373	5.991	0.9213	4	0	0
烘	70D8	5	0.3521	5.448	0.9425	3	0	0
烙	70D9	5	0.3743	6.089	0.9148	3	0	0
烚	70DA	5	0.3476	5.545	0.9329	4	0	0
烛	70DB	5	0.3698	5.389	0.9600	2	0	0
烜	70DC	5	0.3728	5.630	0.9666	4	0	0
烝	70DD	5	0.3554	6.031	0.8770	3	0	0
烞	70DE	5	0.3018	5.499	0.9513	3	0	0
烟	70DF	5	0.4292	6.213	0.9493	3	1	0
烠	70E0	5	0.3802	5.569	0.9186	3	0	0
烡	70E1	5	0.3477	5.730	0.9573	3	0	0
烢	70E2	5	0.3521	5.603	0.9164	4	0	0
烣	70E3	5	0.3284	6.015	0.9560	3	0	0
烤	70E4	5	0.3802	5.907	0.9140	3	0	0
烥	70E5	5	0.3831	5.529	0.9564	2	0	0
烦	70E6	5	0.3708	5.996	0.9405	2	0	0
烧	70E7	5	0.3817	6.340	0.8979	3	1	1
烨	70E8	5	0.3506	5.636	0.9179	4	0	0
烩	70E9	5	0.3662	6.043	0.9213	4	0	0
烪	70EA	5	0.3462	5.588	0.9498	3	0	0
烫	70EB	5	0.3702	6.590	0.8704	3	0	0
烬	70EC	5	0.3669	6.012	0.9373	3	0	0
热	70ED	5	0.3477	5.572	0.8950	3	1	1
烮	70EE	5	0.3600	6.135	0.8954	3	0	0
烯	70EF	5	0.3994	6.435	0.9504	4	1	1
烰	70F0	5	0.3476	6.028	0.9283	3	0	0
烱	70F1	5	0.4354	6.295	0.9467	3	0	0
烲	70F2	5	0.3600	5.755	0.9290	3	0	0
烳	70F3	5	0.4527	6.221	0.9397	2	0	0
烴	70F4	5	0.3772	6.507	0.9220	6	0	0
烵	70F5	5	0.3358	5.520	0.9163	4	0	0
烶	70F6	5	0.3905	6.589	0.8960	3	0	0
烷	70F7	5	0.3624	5.788	0.9071	4	1	0
烸	70F8	5	0.3994	6.446	0.9279	3	0	0
烹	70F9	5	0.3397	5.545	0.9556	4	0	0
烺	70FA	5	0.3950	5.976	0.9501	3	0	0
烻	70FB	5	0.4216	6.909	0.9102	3	0	0
烼	70FC	5	0.3683	6.428	0.9334	2	0	0
烽	70FD	5	0.3964	6.339	0.9344	3	0	0
烾	70FE	5	0.3983	5.990	0.9324	3	0	0
烿	70FF	5	0.3861	6.708	0.9116	3	0	0
焀	7100	5	0.3580	5.903	0.9187	2	0	0
焁	7101	5	0.3670	5.907	0.9058	3	0	0
焂	7102	5	0.3462	6.067	0.9160	3	0	0
焃	7103	5	0.3550	6.012	0.9468	2	0	0
焄	7104	5	0.4508	5.993	0.9319	3	0	0
焅	7105	5	0.3787	5.669	0.9532	3	0	0
焆	7106	5	0.4185	5.726	0.9527	3	0	0
焇	7107	5	0.3787	5.923	0.9158	3	0	0
焈	7108	5	0.3519	6.052	0.9247	3	0	0
焉	7109	5	0.4467	5.767	0.9595	3	1	0
焊	710A	5	0.3861	5.548	0.9705	3	0	0
焋	710B	5	0.3580	5.518	0.9304	3	0	0
焌	710C	5	0.3800	6.803	0.8947	4	0	0
焍	710D	5	0.4009	6.141	0.9300	5	0	0
焎	710E	5	0.3354	5.361	0.9061	3	0	0
焏	710F	5	0.4176	5.953	0.8936	4	0	0
焐	7110	5	0.4098	5.874	0.9691	3	0	0
焑	7111	5	0.4369	6.378	0.9548	3	0	0
焒	7112	5	0.3615	5.229	0.9769	3	0	0
焓	7113	5	0.3536	5.939	0.9357	5	0	0
焔	7114	5	0.4046	5.708	0.9501	2	0	0
焕	7115	5	0.3743	6.029	0.9601	4	0	0
焖	7116	5	0.3846	6.392	0.9193	3	0	0
焗	7117	5	0.4246	6.343	0.9322	3	0	0
焘	7118	5	0.4151	6.247	0.9029	3	0	0
焙	7119	5	0.3683	5.827	0.9307	3	0	0
焚	711A	5	0.3595	5.981	0.9100	3	1	0
焛	711B	5	0.5033	5.091	0.9977	2	0	0
焜	711C	5	0.4083	6.375	0.9231	3	0	0
焝	711D	5	0.4538	6.526	0.9205	3	0	0
焞	711E	5	0.3802	5.963	0.9191	4	0	0
焟	711F	5	0.4231	5.809	0.9799	4	0	0
焠	7120	5	0.3417	5.683	0.9205	3	0	0
無	7121	5	0.4277	5.769	0.9111	2	1	1
焢	7122	5	0.3417	5.762	0.9412	4	0	0
焣	7123	5	0.4096	5.968	0.9316	3	0	0
焤	7124	5	0.3814	6.178	0.8986	4	0	0
焥	7125	5	0.3861	6.697	0.8844	4	0	0
焦	7126	5	0.3891	5.644	0.9222	2	1	1
焧	7127	5	0.3388	6.514	0.9122	4	0	0
焨	7128	5	0.4538	6.414	0.9693	3	0	0
焩	7129	5	0.4692	6.528	0.9385	3	0	0
焪	712A	5	0.3908	6.295	0.9240	4	0	0
焫	712B	5	0.3920	6.134	0.9240	3	0	0
焬	712C	5	0.4338	6.752	0.9363	4	0	0
焭	712D	5	0.3754	6.321	0.9007	2	0	0
焮	712E	5	0.3417	6.872	0.9011	3	0	0
焯	712F	5	0.3846	5.490	0.9352	4	0	0
焰	7130	5	0.3831	6.015	0.9130	3	0	0
焱	7131	5	0.3107	6.193	0.9223	3	0	0
焲	7132	5	0.3817	6.808	0.9011	4	0	0
焳	7133	5	0.3950	5.727	0.9469	2	0	0
焴	7134	5	0.4216	6.404	0.9219	4	0	0
焵	7135	5	0.4277	6.422	0.9490	3	0	0
然	7136	5	0.3417	6.183	0.8980	2	1	1
焷	7137	5	0.3876	5.809	0.9071	3	0	0
焸	7138	5	0.4096	5.344	0.9589	3	0	0
焹	7139	5	0.4462	6.388	0.9228	3	0	0
焺	713A	5	0.4024	6.070	0.9346	4	0	0
焻	713B	5	0.4662	6.014	0.9954	3	0	0
焼	713C	5	0.3994	6.085	0.9450	3	1	1
焽	713D	5	0.4135	5.930	0.9805	3	0	0
焾	713E	5	0.3538	6.628	0.8820	5	0	0
焿	713F	5	0.4098	6.606	0.9461	3	0	0
煀	7140	5	0.4508	6.506	0.9222	4	0	0
煁	7141	5	0.4275	6.322	0.9582	4	0	0
煂	7142	5	0.3861	5.641	0.9648	2	0	0
煃	7143	5	0.4201	6.524	0.9079	4	0	0
煄	7144	5	0.4660	6.846	0.9017	2	0	0
煅	7145	5	0.3891	6.870	0.9070	4	0	0
煆	7146	5	0.4127	6.652	0.9135	3	0	0
煇	7147	5	0.4186	6.333	0.9657	3	0	0
煈	7148	5	0.4467	7.339	0.9197	2	0	0
煉	7149	5	0.3920	6.591	0.9482	2	1	1
煊	714A	5	0.3861	6.110	0.9312	5	0	0
煋	714B	5	0.4408	6.461	0.8900	3	0	0
煌	714C	5	0.4423	6.301	0.9186	3	1	1
煍	714D	5	0.3920	6.860	0.9222	3	0	0
煎	714E	5	0.3846	5.942	0.9317	4	0	0
煏	714F	5	0.4689	6.473	0.9537	3	0	0
煐	7150	5	0.3979	6.176	0.9247	3	0	0
煑	7151	5	0.3446	6.743	0.9312	3	0	0
煒	7152	5	0.4290	6.235	0.9407	4	0	0
煓	7153	5	0.4186	6.245	0.9453	3	0	0
煔	7154	5	0.3639	5.904	0.9479	4	0	0
煕	7155	5	0.3712	5.880	0.9727	3	0	0
煖	7156	5	0.4290	7.403	0.8982	5	0	0
煗	7157	5	0.4246	6.678	0.9359	3	0	0
煘	7158	5	0.4231	7.107	0.9146	4	0	0
煙	7159	5	0.4157	6.453	0.9253	3	1	1
煚	715A	5	0.4250	6.031	0.9218	3	0	0
煛	715B	5	0.4048	5.738	0.9760	2	0	0
煜	715C	5	0.3994	6.394	0.9040	3	0	0
煝	715D	5	0.4677	6.268	0.9594	3	0	0
煞	715E	5	0.3817	6.216	0.8848	4	0	0
煟	715F	5	0.4585	6.534	0.9514	3	0	0
煠	7160	5	0.4290	6.391	0.9267	3	0	0
煡	7161	5	0.4497	7.418	0.9203	3	0	0
煢	7162	5	0.4031	6.612	0.8986	3	0	0
煣	7163	5	0.4038	6.721	0.8756	3	0	0
煤	7164	5	0.3964	5.923	0.9481	3	1	1
煥	7165	5	0.4009	6.721	0.9270	5	0	0
煦	7166	5	0.4295	5.853	0.9326	4	0	0
照	7167	5	0.4633	5.820	0.9481	4	1	1
煨	7168	5	0.4320	6.644	0.9292	4	0	0
煩	7169	5	0.4186	6.308	0.9085	2	0	0
煪	716A	5	0.4275	6.602	0.9146	4	0	0
煫	716B	5	0.3595	6.630	0.9166	2	0	0
煬	716C	5	0.4305	6.864	0.9441	5	0	0
煭	716D	5	0.3958	6.760	0.8971	3	0	0
煮	716E	5	0.4083	6.253	0.9132	3	1	0
煯	716F	5	0.4053	6.359	0.9556	3	0	0
煰	7170	5	0.4308	5.766	0.9643	4	0	0
煱	7171	5	0.4262	5.833	0.9559	3	0	0
煲	7172	5	0.3565	6.546	0.9078	4	0	0
煳	7173	5	0.4400	5.999	0.9310	4	0	0
煴	7174	5	0.4364	6.311	0.9263	3	0	0
煵	7175	5	0.4142	6.492	0.9449	3	0	0
煶	7176	5	0.4349	6.364	0.9247	4	0	0
煷	7177	5	0.3772	6.488	0.9337	5	0	0
煸	7178	5	0.4615	6.503	0.8834	3	0	0
煹	7179	5	0.4867	6.611	0.9222	3	0	0
煺	717A	5	0.4068	6.917	0.9146	3	0	0
煻	717B	5	0.4379	6.716	0.9735	3	0	0
煼	717C	5	0.4323	7.149	0.8709	3	0	0
煽	717D	5	0.4538	7.360	0.8927	3	0	0
煾	717E	5	0.4053	7.103	0.9151	4	0	0
煿	717F	5	0.4334	6.745	0.9323	3	0	0
熀	7180	5	0.4216	6.789	0.8809	5	0	0
熁	7181	5	0.3876	7.673	0.9048	5	0	0
熂	7182	5	0.3920	7.168	0.8961	5	0	0
熃	7183	5	0.3846	7.540	0.8723	4	0	0
熄	7184	5	0.3861	6.453	0.9030	3	0	0
熅	7185	5	0.4216	6.722	0.9212	2	0	0
熆	7186	5	0.4142	6.591	0.9425	4	0	0
熇	7187	5	0.4068	6.399	0.9407	5	0	0
熈	7188	5	0.4354	6.353	0.8853	4	0	0
熉	7189	5	0.4660	6.776	0.9337	3	0	0
熊	718A	5	0.3846	6.756	0.9219	3	1	1
熋	718B	5	0.4231	7.404	0.9439	3	0	0
熌	718C	5	0.4400	6.302	0.8939	3	0	0
熍	718D	5	0.4000	5.732	0.9268	5	0	0
熎	718E	5	0.3994	6.581	0.9526	2	0	0
熏	718F	5	0.3558	7.451	0.9195	1	0	0
熐	7190	5	0.3698	6.519	0.9528	5	0	0
熑	7191	5	0.4497	6.952	0.8769	3	0	0
熒	7192	5	0.3990	6.939	0.9041	2	0	0
熓	7193	5	0.4009	6.437	0.9470	3	0	0
熔	7194	5	0.3846	6.524	0.9306	3	1	1
熕	7195	5	0.4009	6.609	0.9573	3	0	0
熖	7196	5	0.3728	6.212	0.9364	3	0	0
熗	7197	5	0.4053	6.644	0.8915	5	0	0
熘	7198	5	0.4400	6.980	0.9244	3	0	0
熙	7199	5	0.3856	5.881	0.9590	3	1	1
熚	719A	5	0.4852	6.699	0.9272	2	0	0
熛	719B	5	0.4482	6.840	0.9475	3	0	0
熜	719C	5	0.4098	7.343	0.9036	4	0	0
熝	719D	5	0.4571	7.080	0.9126	2	0	0
熞	719E	5	0.4216	6.915	0.9011	4	0	0
熟	719F	5	0.3565	6.704	0.9207	5	1	1
熠	71A0	5	0.4354	7.305	0.9068	3	0	0
熡	71A1	5	0.4334	7.178	0.9324	3	0	0
熢	71A2	5	0.3713	7.587	0.8973	4	0	0
熣	71A3	5	0.4364	6.543	0.9287	3	0	0
熤	71A4	5	0.4127	7.349	0.9001	3	0	0
熥	71A5	5	0.4393	7.292	0.9072	4	0	0
熦	71A6	5	0.4157	6.760	0.9246	3	0	0
熧	71A7	5	0.3738	6.656	0.8997	3	0	0
熨	71A8	5	0.3521	6.903	0.9249	3	0	0
熩	71A9	5	0.4216	7.082	0.9450	3	0	0
熪	71AA	5	0.4024	7.404	0.9195	4	0	0
熫	71AB	5	0.3846	6.653	0.9278	3	0	0
熬	71AC	5	0.3964	6.434	0.8967	4	0	0
熭	71AD	5	0.3830	7.511	0.9844	4	0	0
熮	71AE	5	0.3388	7.833	0.9059	3	0	0
熯	71AF	5	0.4527	6.832	0.9402	2	0	0
熰	71B0	5	0.3669	6.711	0.9241	5	0	0
熱	71B1	5	0.3938	6.634	0.9231	5	1	1
熲	71B2	5	0.4053	6.717	0.9620	3	0	0
熳	71B3	5	0.4277	7.112	0.9538	3	0	0
熴	71B4	5	0.3964	6.840	0.9222	4	0	0
熵	71B5	5	0.4201	7.034	0.8804	4	0	0
熶	71B6	5	0.4275	7.304	0.9505	4	0	0
熷	71B7	5	0.4423	6.689	0.9555	4	0	0
熸	71B8	5	0.4497	7.500	0.8974	4	0	0
熹	71B9	5	0.3447	7.321	0.9299	6	0	0
熺	71BA	5	0.3950	6.802	0.9200	6	0	0
熻	71BB	5	0.3817	7.441	0.9330	5	0	0
熼	71BC	5	0.4497	6.733	0.9111	4	0	0
熽	71BD	5	0.4320	7.481	0.9512	4	0	0
熾	71BE	5	0.4349	7.317	0.9014	3	0	0
熿	71BF	5	0.4320	6.811	0.9204	2	0	0
燀	71C0	5	0.4320	6.445	0.9191	4	0	0
燁	71C1	5	0.4305	6.293	0.9432	3	0	0
燂	71C2	5	0.4142	6.830	0.9657	4	0	0
燃	71C3	5	0.3994	7.507	0.8687	3	1	1
燄	71C4	5	0.3861	6.961	0.9318	4	0	0
燅	71C5	5	0.3905	6.990	0.9326	5	0	0
燆	71C6	5	0.4131	7.000	0.9377	6	0	0
燇	71C7	5	0.3846	7.228	0.9418	5	0	0
燈	71C8	5	0.4068	7.181	0.8944	5	1	1
燉	71C9	5	0.4127	7.212	0.9120	5	0	0
燊	71CA	5	0.3926	7.527	0.9077	4	0	0
燋	71CB	5	0.4201	6.871	0.9195	3	0	0
燌	71CC	5	0.4083	7.024	0.9117	4	0	0
燍	71CD	5	0.4423	6.920	0.9004	4	0	0
燎	71CE	5	0.4062	6.786	0.9151	4	0	0
燏	71CF	5	0.4385	7.766	0.8700	4	0	0
燐	71D0	5	0.4172	7.333	0.8974	4	0	0
燑	71D1	5	0.4349	7.047	0.9032	4	0	0
燒	71D2	5	0.4438	6.880	0.9113	5	1	1
燓	71D3	5	0.3772	6.946	0.8923	4	0	0
燔	71D4	5	0.4423	7.144	0.9125	3	0	0
燕	71D5	5	0.3935	6.050	0.9409	3	1	1
燖	71D6	5	0.3698	6.932	0.9250	4	0	0
燗	71D7	5	0.4646	6.682	0.9112	3	0	0
燘	71D8	5	0.4677	7.035	0.9195	3	0	0
燙	71D9	5	0.3782	7.675	0.9271	6	0	0
燚	71DA	5	0.3698	7.405	0.9245	4	0	0
燛	71DB	5	0.4583	6.234	0.9238	3	0	0
燜	71DC	5	0.4554	6.942	0.9040	3	0	0
燝	71DD	5	0.3787	7.002	0.9531	5	0	0
燞	71DE	5	0.4092	6.433	0.8733	3	0	0
營	71DF	5	0.4487	7.305	0.8968	3	1	1
燠	71E0	5	0.4201	7.601	0.8870	3	0	0
燡	71E1	5	0.4600	6.759	0.9081	4	0	0
燢	71E2	5	0.3990	6.972	0.8819	2	0	0
燣	71E3	5	0.4112	7.509	0.9655	3	0	0
燤	71E4	5	0.4523	7.083	0.9182	4	0	0
燥	71E5	5	0.4290	6.692	0.9109	5	1	1
燦	71E6	5	0.4275	7.481	0.8843	3	0	0
燧	71E7	5	0.4083	7.934	0.8799	3	0	0
燨	71E8	5	0.4217	7.842	0.8940	3	0	0
燩	71E9	5	0.4482	7.417	0.8842	3	0	0
燪	71EA	5	0.4142	7.652	0.8946	5	0	0
燫	71EB	5	0.4660	7.609	0.9301	4	0	0
燬	71EC	5	0.3905	7.419	0.9168	5	0	0
燭	71ED	5	0.4569	7.180	0.9148	3	0	0
燮	71EE	5	0.3891	7.803	0.9035	2	0	0
燯	71EF	5	0.3713	7.306	0.8792	5	0	0
燰	71F0	5	0.4083	7.956	0.8605	4	0	0
燱	71F1	5	0.3713	7.336	0.9149	3	0	0
燲	71F2	5	0.3979	8.168	0.8687	2	0	0
燳	71F3	5	0.4201	7.267	0.9474	5	0	0
燴	71F4	5	0.3775	7.148	0.9268	4	0	0
燵	71F5	5	0.4201	7.394	0.9077	3	0	0
燶	71F6	5	0.4053	7.593	0.9725	3	0	0
燷	71F7	5	0.4062	7.677	0.9402	3	0	0
燸	71F8	5	0.4330	7.314	0.9319	3	0	0
燹	71F9	5	0.3969	7.542	0.9007	3	0	0
燺	71FA	5	0.3905	7.725	0.9585	6	0	0
燻	71FB	5	0.4216	7.981	0.9157	2	0	0
燼	71FC	5	0.4497	7.721	0.8842	3	0	0
燽	71FD	5	0.3683	8.029	0.9485	5	0	0
燾	71FE	5	0.3536	8.404	0.9634	5	0	0
燿	71FF	5	0.4323	7.601	0.9203	3	0	0
爀	7200	5	0.4131	7.962	0.9230	3	0	0
爁	7201	5	0.4453	7.102	0.8503	3	0	0
爂	7202	5	0.3654	6.839	0.9448	4	0	0
爃	7203	5	0.4323	7.752	0.8989	3	0	0
爄	7204	5	0.4334	7.873	0.9404	5	0	0
爅	7205	5	0.4497	7.995	0.8827	3	0	0
爆	7206	5	0.4117	7.781	0.9130	3	1	1
爇	7207	5	0.4046	7.415	0.8925	6	0	0
爈	7208	5	0.4083	7.837	0.9031	4	0	0
爉	7209	5	0.3964	8.879	0.8664	7	0	0
爊	720A	5	0.4393	7.942	0.9298	3	0	0
爋	720B	5	0.4277	8.475	0.9321	3	0	0
爌	720C	5	0.4408	7.663	0.9335	3	0	0
爍	720D	5	0.4112	8.091	0.8670	4	0	0
爎	720E	5	0.4186	7.471	0.9137	5	0	0
爏	720F	5	0.4571	7.938	0.8697	5	0	0
爐	7210	5	0.4157	7.649	0.9202	3	1	1
爑	7211	5	0.3994	7.202	0.9265	4	0	0
爒	7212	5	0.4275	7.660	0.9364	5	0	0
爓	7213	5	0.4431	7.387	0.9084	4	0	0
爔	7214	5	0.4009	8.721	0.8886	3	0	0
爕	7215	5	0.3462	7.736	0.9087	4	0	0
爖	7216	5	0.4379	7.702	0.9139	2	0	0
爗	7217	5	0.4882	7.352	0.9312	4	0	0
爘	7218	5	0.4400	8.313	0.9181	5	0	0
爙	7219	5	0.4393	7.626	0.9255	3	0	0
爚	721A	5	0.4112	7.441	0.9304	2	0	0
爛	721B	5	0.4369	7.710	0.9196	3	0	0
爜	721C	5	0.4645	8.202	0.9144	5	0	0
爝	721D	5	0.4231	7.897	0.9010	4	0	0
爞	721E	5	0.4393	7.462	0.9458	3	0	0
爟	721F	5	0.4290	7.306	0.9272	5	0	0
爠	7220	5	0.4527	7.524	0.9508	3	0	0
爡	7221	5	0.4231	8.256	0.9294	5	0	0
爢	7222	5	0.3994	7.865	0.9072	5	0	0
爣	7223	5	0.3891	8.550	0.9221	3	0	0
爤	7224	5	0.4630	8.521	0.9084	4	0	0
爥	7225	5	0.4646	9.111	0.8839	4	0	0
爦	7226	5	0.4201	8.074	0.9241	3	0	0
爧	7227	5	0.4541	9.065	0.8889	7	0	0
爨	7228	5	0.4334	9.553	0.8813	4	0	0
爩	7229	5	0.4508	9.865	0.8307	9	0	0
爪	722A	5	0.2477	3.763	0.9639	1	0	0
爫	722B	5	0.2800	3.469	0.9037	1	0	0
爬	722C	5	0.4112	6.010	0.9472	2	1	0
爭	722D	5	0.3550	5.169	0.9143	2	1	0
爮	722E	5	0.4467	6.540	0.9233	3	0	0
爯	722F	5	0.3757	5.544	0.9244	2	0	0
爰	7230	5	0.4327	6.589	0.8918	4	0	0
爱	7231	5	0.4200	6.424	0.8978	3	1	0
爲	7232	5	0.3938	6.572	0.9010	1	1	1
爳	7233	5	0.3686	6.914	0.8850	2	0	0
爴	7234	5	0.4677	8.015	0.9135	4	0	0
爵	7235	5	0.3954	7.118	0.8989	3	1	1
父	7236	5	0.2508	4.126	0.9266	1	0	0
爷	7237	5	0.3108	4.630	0.9568	2	0	0
爸	7238	5	0.3876	5.587	0.9176	2	0	0
爹	7239	5	0.3669	7.017	0.8964	3	0	0
爺	723A	5	0.3964	6.673	0.9309	3	1	1
爻	723B	5	0.2917	4.641	0.9683	1	0	0
爼	723C	5	0.3969	5.754	0.9051	2	0	0
爽	723D	5	0.3862	6.551	0.8911	3	1	1
爾	723E	5	0.4754	7.267	0.8640	2	1	1
爿	723F	5	0.3120	2.971	0.9608	1	0	0
牀	7240	5	0.3683	4.986	0.9566	2	0	0
牁	7241	5	0.3817	4.962	1.0000	3	0	0
牂	7242	5	0.3683	5.143	0.9348	2	0	0
牃	7243	5	0.4497	6.296	0.9377	3	0	0
牄	7244	5	0.4462	6.447	0.9381	5	0	0
牅	7245	5	0.4672	7.354	0.9545	4	0	0
牆	7246	5	0.4601	7.192	0.9626	4	1	1
片	7247	5	0.2468	3.057	0.9924	1	0	0
版	7248	5	0.4053	5.881	0.9367	3	1	0
牉	7249	5	0.3550	5.038	0.9695	2	0	0
牊	724A	5	0.4015	5.315	0.9518	3	0	0
牋	724B	5	0.4231	6.947	0.9246	3	0	0
牌	724C	5	0.4305	5.726	0.9404	3	1	1
牍	724D	5	0.3920	6.236	0.9406	4	0	0
牎	724E	5	0.4098	6.933	0.8932	4	0	0
牏	724F	5	0.4201	7.240	0.9217	5	0	0
牐	7250	5	0.4231	6.242	0.9545	2	0	0
牑	7251	5	0.4431	6.360	0.9485	3	0	0
牒	7252	5	0.4527	6.308	0.9634	3	0	0
牓	7253	5	0.3626	5.981	0.9405	3	0	0
牔	7254	5	0.4512	6.654	0.9595	3	0	0
牕	7255	5	0.4364	7.269	0.9028	4	0	0
牖	7256	5	0.4571	7.399	0.9271	3	0	0
牗	7257	5	0.4658	7.267	0.9609	4	0	0
牘	7258	5	0.4038	7.986	0.9296	4	0	0
牙	7259	5	0.3117	3.623	0.9752	1	0	0
牚	725A	5	0.4135	6.147	0.9396	2	0	0
牛	725B	5	0.2308	3.079	0.9868	1	0	0
牜	725C	5	0.2897	3.041	0.9782	1	0	0
牝	725D	5	0.3314	4.298	0.9396	2	0	0
牞	725E	5	0.3462	4.532	0.9301	2	0	0
牟	725F	5	0.2938	4.365	0.9451	2	1	0
牠	7260	5	0.3891	5.356	0.9443	2	1	1
牡	7261	5	0.3018	4.048	0.9881	2	1	0
牢	7262	5	0.3173	4.182	0.9427	2	1	0
牣	7263	5	0.3815	5.409	0.8913	3	0	0
牤	7264	5	0.2825	4.003	0.9705	2	0	0
牥	7265	5	0.3299	4.803	0.9449	2	0	0
牦	7266	5	0.3609	5.226	0.9273	2	0	0
牧	7267	5	0.3580	5.183	0.9388	2	1	0
牨	7268	5	0.3299	4.919	0.9085	3	0	0
物	7269	5	0.3802	5.893	0.9496	3	1	0
牪	726A	5	0.3166	4.351	0.9724	2	0	0
牫	726B	5	0.3654	5.440	0.9721	2	0	0
牬	726C	5	0.3698	5.109	0.9749	2	0	0
牭	726D	5	0.4077	5.382	0.9884	2	0	0
牮	726E	5	0.3432	5.276	0.9476	3	0	0
牯	726F	5	0.3180	4.543	0.9905	3	0	0
牰	7270	5	0.4231	4.819	0.9555	2	0	0
牱	7271	5	0.3639	4.861	0.9771	3	0	0
牲	7272	5	0.3519	4.897	0.9738	2	1	0
牳	7273	5	0.4098	5.837	0.9423	2	0	0
牴	7274	5	0.3415	5.660	0.9174	3	0	0
牵	7275	5	0.4247	5.697	0.9147	3	1	0
牶	7276	5	0.3964	5.880	0.9452	2	0	0
牷	7277	5	0.3491	5.521	0.9508	3	0	0
牸	7278	5	0.3521	4.932	0.9397	3	0	0
特	7279	5	0.3595	4.976	0.9507	3	1	1
牺	727A	5	0.4379	5.852	0.9530	2	0	0
牻	727B	5	0.4172	6.601	0.8849	3	0	0
牼	727C	5	0.3964	6.159	0.9149	6	0	0
牽	727D	5	0.4471	6.442	0.9089	2	1	1
牾	727E	5	0.4172	5.505	0.9712	3	0	0
牿	727F	5	0.3891	5.356	0.9623	3	0	0
犀	7280	5	0.4288	6.197	0.9178	2	0	0
犁	7281	5	0.3580	5.650	0.9054	3	0	0
犂	7282	5	0.4024	6.125	0.9356	2	0	0
犃	7283	5	0.3491	5.399	0.9439	3	0	0
犄	7284	5	0.3846	5.712	0.9461	4	0	0
犅	7285	5	0.4185	6.102	0.9802	3	0	0
犆	7286	5	0.4349	5.785	0.9308	3	0	0
犇	7287	5	0.3891	5.519	0.9512	3	0	0
犈	7288	5	0.3905	6.288	0.9205	3	0	0
犉	7289	5	0.3609	5.654	0.9353	4	0	0
犊	728A	5	0.3692	6.029	0.9279	4	0	0
犋	728B	5	0.4393	6.043	0.9483	3	0	0
犌	728C	5	0.4497	6.327	0.9483	3	0	0
犍	728D	5	0.4556	6.990	0.9409	3	0	0
犎	728E	5	0.3757	5.979	0.9360	4	0	0
犏	728F	5	0.4815	6.355	0.8889	3	0	0
犐	7290	5	0.4024	6.053	0.9595	3	0	0
犑	7291	5	0.4127	6.370	0.9087	3	0	0
犒	7292	5	0.4275	6.115	0.9623	5	0	0
犓	7293	5	0.4723	6.767	0.8774	3	0	0
犔	7294	5	0.4172	6.683	0.9237	5	0	0
犕	7295	5	0.4482	6.113	0.9375	2	0	0
犖	7296	5	0.4183	6.627	0.9165	2	0	0
犗	7297	5	0.4231	6.071	0.9029	3	0	0
犘	7298	5	0.4323	6.445	0.9287	4	0	0
犙	7299	5	0.3683	7.358	0.9017	3	0	0
犚	729A	5	0.3950	6.723	0.9124	3	0	0
犛	729B	5	0.4512	7.083	0.8878	2	0	0
犜	729C	5	0.4438	6.904	0.9053	5	0	0
犝	729D	5	0.4704	6.725	0.9293	4	0	0
犞	729E	5	0.4438	6.798	0.9364	6	0	0
犟	729F	5	0.4415	6.657	0.9536	4	0	0
犠	72A0	5	0.4852	7.441	0.9149	3	1	1
犡	72A1	5	0.4704	7.528	0.9298	5	0	0
犢	72A2	5	0.3908	7.913	0.9327	4	0	0
犣	72A3	5	0.4541	8.492	0.8696	7	0	0
犤	72A4	5	0.4822	7.667	0.8954	4	0	0
犥	72A5	5	0.4822	7.712	0.9327	3	0	0
犦	72A6	5	0.4231	7.099	0.9671	3	0	0
犧	72A7	5	0.4009	8.173	0.9271	3	0	0
犨	72A8	5	0.4215	6.679	0.9530	3	0	0
犩	72A9	5	0.4423	7.997	0.9017	4	0	0
犪	72AA	5	0.4541	8.361	0.9247	7	0	0
犫	72AB	5	0.4275	7.385	0.9218	4	0	0
犬	72AC	5	0.2544	3.799	0.9315	1	0	0
犭	72AD	5	0.3550	3.932	0.9244	1	0	0
犮	72AE	5	0.3151	4.936	0.9269	1	0	0
犯	72AF	5	0.3491	5.038	0.9200	2	1	0
犰	72B0	5	0.3328	4.885	0.9173	2	0	0
犱	72B1	5	0.3595	5.422	0.9151	2	0	0
犲	72B2	5	0.3565	4.803	0.9248	2	0	0
犳	72B3	5	0.3200	4.866	0.9154	3	0	0
犴	72B4	5	0.3003	4.308	0.9419	2	0	0
犵	72B5	5	0.3565	5.471	0.8822	3	0	0
状	72B6	5	0.3225	4.846	0.9286	2	1	0
犷	72B7	5	0.2648	4.039	0.9047	2	0	0
犸	72B8	5	0.3692	5.256	0.9513	2	0	0
犹	72B9	5	0.3402	5.570	0.8986	2	1	0
犺	72BA	5	0.3314	5.163	0.9089	3	0	0
犻	72BB	5	0.3669	5.241	0.9540	2	0	0
犼	72BC	5	0.3595	5.361	0.9291	3	0	0
犽	72BD	5	0.3646	5.398	0.9007	2	0	0
犾	72BE	5	0.3476	5.365	0.9319	2	0	0
犿	72BF	5	0.2811	4.350	0.9151	3	0	0
狀	72C0	5	0.3519	5.081	0.9652	2	1	0
狁	72C1	5	0.3580	5.612	0.9150	3	0	0
狂	72C2	5	0.3492	4.823	0.9488	2	1	0
狃	72C3	5	0.3920	5.413	0.9166	2	0	0
狄	72C4	5	0.3343	5.369	0.9416	2	1	0
狅	72C5	5	0.3477	4.870	0.9382	2	0	0
狆	72C6	5	0.3631	4.668	0.9657	2	0	0
狇	72C7	5	0.3476	5.159	0.9357	2	0	0
狈	72C8	5	0.3800	5.828	0.9633	2	0	0
狉	72C9	5	0.3491	5.492	0.9313	3	0	0
狊	72CA	5	0.4448	5.382	0.9327	2	0	0
狋	72CB	5	0.3210	5.383	0.9359	2	0	0
狌	72CC	5	0.3654	5.236	0.9587	2	0	0
狍	72CD	5	0.3920	5.866	0.9212	3	0	0
狎	72CE	5	0.4138	5.091	0.9790	2	0	0
狏	72CF	5	0.4038	6.135	0.9248	2	0	0
狐	72D0	5	0.3935	6.409	0.9362	2	1	0
狑	72D1	5	0.3225	5.516	0.9447	4	0	0
狒	72D2	5	0.4385	6.110	0.9452	2	0	0
狓	72D3	5	0.4083	6.269	0.9356	2	0	0
狔	72D4	5	0.3876	6.049	0.9252	3	0	0
狕	72D5	5	0.3938	6.406	0.8884	3	0	0
狖	72D6	5	0.3180	5.289	0.9221	3	0	0
狗	72D7	5	0.3969	5.472	0.9219	3	1	0
狘	72D8	5	0.3905	6.350	0.9143	2	0	0
狙	72D9	5	0.3920	5.398	0.9655	2	1	0
狚	72DA	5	0.4038	5.257	0.9511	3	0	0
狛	72DB	5	0.3985	4.946	0.9141	2	0	0
狜	72DC	5	0.3609	4.959	0.9500	3	0	0
狝	72DD	5	0.3462	5.531	0.9316	3	0	0
狞	72DE	5	0.3062	4.776	0.9181	3	0	0
狟	72DF	5	0.3979	5.594	0.9831	4	0	0
狠	72E0	5	0.4201	6.253	0.9249	2	0	0
狡	72E1	5	0.3536	6.123	0.9028	3	0	0
狢	72E2	5	0.4038	6.040	0.9424	3	0	0
狣	72E3	5	0.4098	6.462	0.9315	2	0	0
狤	72E4	5	0.3920	5.428	0.9708	3	0	0
狥	72E5	5	0.4062	5.601	0.9328	3	0	0
狦	72E6	5	0.5118	6.589	0.9427	2	0	0
狧	72E7	5	0.3891	5.379	0.9511	2	0	0
狨	72E8	5	0.4053	6.389	0.9421	3	0	0
狩	72E9	5	0.3462	5.240	0.9349	3	1	0
狪	72EA	5	0.4431	5.780	0.9826	3	0	0
狫	72EB	5	0.4098	5.995	0.9302	3	0	0
独	72EC	5	0.3935	5.442	0.9717	2	1	0
狭	72ED	5	0.3831	6.058	0.9397	2	1	0
狮	72EE	5	0.4438	6.652	0.9627	4	1	0
狯	72EF	5	0.3862	6.099	0.9533	4	0	0
狰	72F0	5	0.4009	5.611	0.9460	3	0	0
狱	72F1	5	0.3639	5.952	0.9305	3	1	0
狲	72F2	5	0.3846	6.063	0.9356	3	0	0
狳	72F3	5	0.3817	6.217	0.9197	4	0	0
狴	72F4	5	0.3891	5.968	0.9254	3	0	0
狵	72F5	5	0.4068	6.795	0.9282	3	0	0
狶	72F6	5	0.4117	6.510	0.9095	4	0	0
狷	72F7	5	0.4385	5.775	0.9458	3	0	0
狸	72F8	5	0.4556	5.958	0.9973	3	0	0
狹	72F9	5	0.3891	6.327	0.9179	2	0	0
狺	72FA	5	0.3831	6.049	0.9634	2	0	0
狻	72FB	5	0.4083	6.950	0.9021	4	0	0
狼	72FC	5	0.4127	6.053	0.9320	3	1	0
狽	72FD	5	0.4262	5.918	0.9639	2	0	0
狾	72FE	5	0.3950	5.986	0.9285	3	0	0
狿	72FF	5	0.4127	6.816	0.8944	3	0	0
猀	7300	5	0.3373	6.029	0.9410	4	0	0
猁	7301	5	0.3938	5.881	0.9201	3	0	0
猂	7302	5	0.4172	5.714	0.9391	3	0	0
猃	7303	5	0.3462	6.071	0.9281	5	0	0
猄	7304	5	0.3743	5.898	0.9163	4	0	0
猅	7305	5	0.3698	5.601	0.9476	2	0	0
猆	7306	5	0.4009	5.849	0.9435	2	0	0
猇	7307	5	0.4142	6.654	0.9187	3	0	0
猈	7308	5	0.4216	5.904	0.9251	3	0	0
猉	7309	5	0.4068	5.865	0.9377	3	0	0
猊	730A	5	0.3728	5.937	0.9394	3	0	0
猋	730B	5	0.3876	6.399	0.8926	2	0	0
猌	730C	5	0.3979	6.274	0.9165	2	0	0
猍	730D	5	0.3979	6.463	0.9015	2	0	0
猎	730E	5	0.4246	5.730	0.9867	4	1	1
猏	730F	5	0.4311	6.512	0.9153	3	0	0
猐	7310	5	0.4098	6.123	0.9360	3	0	0
猑	7311	5	0.4492	6.408	0.8954	3	0	0
猒	7312	5	0.4446	5.902	0.9281	3	0	0
猓	7313	5	0.4692	6.414	0.9005	2	0	0
猔	7314	5	0.3639	5.971	0.9340	3	0	0
猕	7315	5	0.4108	6.647	0.9149	4	0	0
猖	7316	5	0.4815	6.109	0.9725	3	0	0
猗	7317	5	0.4053	6.124	0.9578	4	0	0
猘	7318	5	0.4646	6.373	0.9215	3	0	0
猙	7319	5	0.3920	6.323	0.9064	3	0	0
猚	731A	5	0.4068	5.777	0.9521	2	0	0
猛	731B	5	0.4172	6.154	0.9112	3	1	1
猜	731C	5	0.4453	6.392	0.9567	2	1	1
猝	731D	5	0.3521	5.701	0.9283	3	0	0
猞	731E	5	0.4157	6.056	0.9399	3	0	0
猟	731F	5	0.4112	6.448	0.9186	3	1	1
猠	7320	5	0.4320	6.390	0.9449	3	0	0
猡	7321	5	0.4277	6.094	0.9425	3	0	0
猢	7322	5	0.4523	6.108	0.9322	4	0	0
猣	7323	5	0.4338	7.611	0.8990	2	0	0
猤	7324	5	0.3920	6.777	0.9166	4	0	0
猥	7325	5	0.4571	6.675	0.9270	4	0	0
猦	7326	5	0.4593	7.352	0.9210	2	0	0
猧	7327	5	0.4554	5.990	0.9115	3	0	0
猨	7328	5	0.4305	7.306	0.8993	5	0	0
猩	7329	5	0.4660	6.621	0.8916	3	1	1
猪	732A	5	0.4438	6.418	0.9337	3	1	1
猫	732B	5	0.4492	5.942	0.9549	3	1	1
猬	732C	5	0.4992	6.418	0.8974	3	0	0
猭	732D	5	0.4186	7.036	0.9375	3	0	0
献	732E	5	0.4305	6.498	0.8846	3	1	1
猯	732F	5	0.4186	6.271	0.9476	3	0	0
猰	7330	5	0.4354	6.792	0.9154	3	0	0
猱	7331	5	0.4216	6.956	0.9068	3	0	0
猲	7332	5	0.4688	6.901	0.8930	5	0	0
猳	7333	5	0.4379	6.561	0.9556	3	0	0
猴	7334	5	0.4320	6.731	0.9229	3	1	1
猵	7335	5	0.4462	6.788	0.9032	3	0	0
猶	7336	5	0.4571	6.967	0.9307	4	1	1
猷	7337	5	0.4172	6.538	0.9306	4	0	0
猸	7338	5	0.5185	6.745	0.9278	3	0	0
猹	7339	5	0.4497	6.543	0.9611	4	0	0
猺	733A	5	0.3950	6.693	0.9109	2	0	0
猻	733B	5	0.3950	7.309	0.8908	4	0	0
猼	733C	5	0.4364	6.771	0.9457	3	0	0
猽	733D	5	0.4157	6.688	0.9432	5	0	0
猾	733E	5	0.4415	6.345	0.9254	3	0	0
猿	733F	5	0.4423	6.784	0.9412	5	1	1
獀	7340	5	0.4492	6.635	0.9163	3	0	0
獁	7341	5	0.4393	6.682	0.9325	2	0	0
獂	7342	5	0.4512	6.745	0.9637	3	0	0
獃	7343	5	0.4038	6.306	0.9301	5	0	0
獄	7344	5	0.3964	6.778	0.9334	3	1	1
獅	7345	5	0.3960	6.843	0.9640	4	1	1
獆	7346	5	0.4364	6.337	0.9226	4	0	0
獇	7347	5	0.4275	6.780	0.9219	4	0	0
獈	7348	5	0.4305	6.898	0.8921	3	0	0
獉	7349	5	0.4393	7.010	0.9108	3	0	0
獊	734A	5	0.4262	6.697	0.9198	5	0	0
獋	734B	5	0.3846	7.038	0.9508	3	0	0
獌	734C	5	0.4528	7.224	0.9219	3	0	0
獍	734D	5	0.3979	6.754	0.8940	3	0	0
獎	734E	5	0.4349	7.154	0.8895	3	1	1
獏	734F	5	0.4512	6.750	0.9373	4	0	0
獐	7350	5	0.4068	6.529	0.9454	3	0	0
獑	7351	5	0.4172	6.808	0.9463	3	0	0
獒	7352	5	0.3891	7.180	0.9056	4	0	0
獓	7353	5	0.4512	7.096	0.9160	4	0	0
獔	7354	5	0.4290	6.729	0.9346	3	0	0
獕	7355	5	0.4615	6.452	0.9359	3	0	0
獖	7356	5	0.4423	7.106	0.9175	4	0	0
獗	7357	5	0.4320	8.122	0.8974	5	0	0
獘	7358	5	0.3979	7.470	0.8946	3	0	0
獙	7359	5	0.4941	8.276	0.8342	3	0	0
獚	735A	5	0.4438	6.533	0.9331	2	0	0
獛	735B	5	0.4527	7.289	0.9260	4	0	0
獜	735C	5	0.4260	7.327	0.9114	4	0	0
獝	735D	5	0.4711	7.896	0.8680	4	0	0
獞	735E	5	0.4615	7.022	0.9103	4	0	0
獟	735F	5	0.4571	7.043	0.9010	5	0	0
獠	7360	5	0.4379	6.832	0.9148	4	0	0
獡	7361	5	0.4415	6.944	0.9172	3	0	0
獢	7362	5	0.4497	7.264	0.9293	6	0	0
獣	7363	5	0.4364	6.769	0.9347	4	1	1
獤	7364	5	0.4172	7.149	0.9146	5	0	0
獥	7365	5	0.4512	7.357	0.9018	3	0	0
獦	7366	5	0.4438	7.373	0.9103	6	0	0
獧	7367	5	0.4778	7.380	0.8964	3	0	0
獨	7368	5	0.4954	7.180	0.8964	3	1	1
獩	7369	5	0.4734	7.851	0.8891	3	0	0
獪	736A	5	0.3775	7.289	0.9449	4	0	0
獫	736B	5	0.3846	7.102	0.9253	7	0	0
獬	736C	5	0.4556	7.648	0.9131	3	0	0
獭	736D	5	0.4822	7.827	0.9238	4	0	0
獮	736E	5	0.5044	8.557	0.8473	3	0	0
獯	736F	5	0.4660	8.230	0.9206	2	0	0
獰	7370	5	0.4305	7.102	0.9160	4	0	0
獱	7371	5	0.4142	7.509	0.9219	3	0	0
獲	7372	5	0.4601	7.697	0.8999	4	1	1
獳	7373	5	0.4689	7.711	0.9228	3	0	0
獴	7374	5	0.4527	7.760	0.9393	5	0	0
獵	7375	5	0.4305	8.867	0.8740	7	1	1
獶	7376	5	0.4231	8.313	0.8930	3	0	0
獷	7377	5	0.4808	7.702	0.9141	3	0	0
獸	7378	5	0.4822	7.029	0.9631	3	1	1
獹	7379	5	0.4660	7.854	0.9206	3	0	0
獺	737A	5	0.4763	7.881	0.8955	4	0	0
獻	737B	5	0.4172	7.726	0.9164	3	1	1
獼	737C	5	0.4882	9.468	0.8289	4	0	0
獽	737D	5	0.4704	7.733	0.9276	3	0	0
獾	737E	5	0.4704	7.298	0.9302	5	0	0
獿	737F	5	0.4172	8.654	0.9155	6	0	0
玀	7380	5	0.5044	8.286	0.8904	4	0	0
玁	7381	5	0.4877	8.550	0.9077	7	0	0
玂	7382	5	0.4512	7.728	0.9407	3	0	0
玃	7383	5	0.4689	8.471	0.9239	4	0	0
玄	7384	5	0.3141	4.596	0.9237	1	0	0
玅	7385	5	0.3385	5.712	0.9220	3	0	0
玆	7386	5	0.3817	6.360	0.9091	2	0	0
率	7387	5	0.3338	5.889	0.9144	1	1	1
玈	7388	5	0.3861	6.316	0.9224	2	0	0
玉	7389	5	0.3077	3.037	0.9692	1	0	0
玊	738A	5	0.3077	3.005	0.9795	2	0	0
王	738B	5	0.2843	2.502	0.9798	1	1	0
玌	738C	5	0.2908	3.414	0.9568	2	0	0
玍	738D	5	0.3168	3.240	0.9630	3	0	0
玎	738E	5	0.2740	3.363	0.9059	2	0	0
玏	738F	5	0.3381	4.422	0.9063	2	0	0
玐	7390	5	0.2933	4.255	0.9142	2	0	0
玑	7391	5	0.3338	4.392	0.9397	2	0	0
玒	7392	5	0.3043	3.400	0.9568	2	0	0
玓	7393	5	0.3138	4.360	0.9279	3	0	0
玔	7394	5	0.3462	4.371	0.9519	2	0	0
玕	7395	5	0.3031	3.492	0.9773	2	0	0
玖	7396	5	0.3107	4.529	0.9597	2	0	0
玗	7397	5	0.2985	3.637	0.9644	2	0	0
玘	7398	5	0.3185	3.932	0.9531	2	0	0
玙	7399	5	0.3246	4.398	0.9668	3	0	0
玚	739A	5	0.3846	5.686	0.9107	2	0	0
玛	739B	5	0.3504	4.456	0.9470	2	1	0
玜	739C	5	0.3033	4.972	0.9322	3	0	0
玝	739D	5	0.3121	3.952	0.9489	3	0	0
玞	739E	5	0.3388	4.680	0.9574	2	0	0
玟	739F	5	0.3254	4.893	0.9354	2	0	0
玠	73A0	5	0.2663	4.572	0.9590	3	0	0
玡	73A1	5	0.3400	4.712	0.9831	2	0	0
玢	73A2	5	0.3299	5.106	0.9189	3	0	0
玣	73A3	5	0.2559	3.713	0.9479	3	0	0
玤	73A4	5	0.2929	4.159	1.0173	2	0	0
玥	73A5	5	0.3936	4.399	0.9593	2	0	0
玦	73A6	5	0.3506	4.812	0.9551	2	0	0
玧	73A7	5	0.3328	5.074	0.9167	3	0	0
玨	73A8	5	0.3595	3.684	0.9924	2	0	0
玩	73A9	5	0.3494	4.530	0.9028	3	1	0
玪	73AA	5	0.2825	4.663	0.9347	4	0	0
玫	73AB	5	0.3417	4.851	0.9594	2	0	0
玬	73AC	5	0.3738	4.911	0.9653	2	0	0
玭	73AD	5	0.3373	4.814	0.9356	2	0	0
玮	73AE	5	0.3388	4.480	1.0003	2	0	0
环	73AF	5	0.3233	4.095	0.9211	2	1	0
现	73B0	5	0.3723	5.205	0.9555	2	1	0
玱	73B1	5	0.3033	5.010	0.9520	3	0	0
玲	73B2	5	0.2885	4.942	0.9551	4	1	0
玳	73B3	5	0.3390	5.116	0.9295	3	0	0
玴	73B4	5	0.3923	4.856	0.9739	2	0	0
玵	73B5	5	0.3624	4.514	0.9798	2	0	0
玶	73B6	5	0.3269	4.383	0.9149	2	0	0
玷	73B7	5	0.3373	4.111	0.9869	3	0	0
玸	73B8	5	0.3757	5.272	0.9375	3	0	0
玹	73B9	5	0.3417	5.270	0.9383	2	0	0
玺	73BA	5	0.3950	5.556	0.9345	3	0	0
玻	73BB	5	0.3905	5.712	0.9428	2	1	0
玼	73BC	5	0.3817	5.485	0.9220	3	0	0
玽	73BD	5	0.3600	4.786	0.9421	3	0	0
玾	73BE	5	0.4336	4.233	0.9592	2	0	0
玿	73BF	5	0.3904	4.859	0.9755	3	0	0
珀	73C0	5	0.3877	4.230	0.9419	2	1	0
珁	73C1	5	0.3631	5.015	0.9263	2	0	0
珂	73C2	5	0.3766	4.488	0.9177	3	0	0
珃	73C3	5	0.3876	4.837	0.9742	2	0	0
珄	73C4	5	0.3358	4.317	0.9621	2	0	0
珅	73C5	5	0.4108	4.332	0.9548	2	0	0
珆	73C6	5	0.3269	4.803	0.9409	3	0	0
珇	73C7	5	0.4071	4.475	0.9741	2	0	0
珈	73C8	5	0.4154	5.401	0.9733	3	0	0
珉	73C9	5	0.4062	5.209	0.9377	2	0	0
珊	73CA	5	0.4462	5.912	0.9709	2	1	1
珋	73CB	5	0.3862	5.351	0.9360	3	0	0
珌	73CC	5	0.3609	5.539	0.9548	2	0	0
珍	73CD	5	0.2929	5.261	0.9349	2	1	0
珎	73CE	5	0.3136	4.933	0.9409	3	0	0
珏	73CF	5	0.3880	4.102	0.9548	2	0	0
珐	73D0	5	0.3506	4.817	0.9222	3	0	0
珑	73D1	5	0.3506	5.606	0.9297	2	0	0
珒	73D2	5	0.3920	5.024	0.9876	2	0	0
珓	73D3	5	0.3107	5.407	0.9384	3	0	0
珔	73D4	5	0.3373	5.049	0.9789	3	0	0
珕	73D5	5	0.3969	6.174	0.9170	4	0	0
珖	73D6	5	0.3609	5.244	0.9426	4	0	0
珗	73D7	5	0.3536	5.024	0.9301	3	0	0
珘	73D8	5	0.3521	5.300	0.9469	2	0	0
珙	73D9	5	0.3447	4.856	0.9505	3	0	0
珚	73DA	5	0.4256	5.432	0.9721	3	0	0
珛	73DB	5	0.3920	5.148	0.9713	3	0	0
珜	73DC	5	0.3314	4.644	0.9482	2	0	0
珝	73DD	5	0.3968	5.609	0.9264	2	0	0
珞	73DE	5	0.3935	5.443	0.9363	3	0	0
珟	73DF	5	0.4046	6.081	0.9200	3	0	0
珠	73E0	5	0.3683	5.202	0.9538	3	1	0
珡	73E1	5	0.3554	4.719	0.9585	3	0	0
珢	73E2	5	0.4000	5.394	0.9389	2	0	0
珣	73E3	5	0.3677	4.990	0.9477	3	0	0
珤	73E4	5	0.3580	5.044	0.9646	2	0	0
珥	73E5	5	0.3846	4.618	0.9516	2	0	0
珦	73E6	5	0.3954	4.857	0.9694	3	0	0
珧	73E7	5	0.3728	5.845	0.9213	2	0	0
珨	73E8	5	0.3388	4.897	0.9699	4	0	0
珩	73E9	5	0.3018	4.815	0.9346	4	0	0
珪	73EA	5	0.3646	4.462	0.9756	3	0	0
珫	73EB	5	0.3491	5.322	0.9180	4	0	0
珬	73EC	5	0.3654	5.630	0.9325	3	0	0
班	73ED	5	0.3388	5.297	0.9759	3	1	0
珮	73EE	5	0.4193	6.299	0.9559	2	0	0
珯	73EF	5	0.3580	5.180	0.9207	3	0	0
珰	73F0	5	0.3415	4.909	0.9653	3	0	0
珱	73F1	5	0.3669	5.649	0.9465	2	0	0
珲	73F2	5	0.3754	4.860	0.9740	3	0	0
珳	73F3	5	0.3692	6.153	0.9026	3	0	0
珴	73F4	5	0.3946	6.077	0.9149	2	0	0
珵	73F5	5	0.3926	4.786	0.9800	3	0	0
珶	73F6	5	0.4038	5.628	0.9397	5	0	0
珷	73F7	5	0.3846	5.797	0.9653	3	0	0
珸	73F8	5	0.4154	4.966	0.9716	3	0	0
珹	73F9	5	0.3891	6.124	0.9302	3	0	0
珺	73FA	5	0.4523	5.290	0.9546	3	0	0
珻	73FB	5	0.3802	5.899	0.9226	3	0	0
珼	73FC	5	0.3954	5.222	0.9453	2	0	0
珽	73FD	5	0.3787	5.984	0.9029	3	0	0
現	73FE	5	0.4308	5.339	0.8893	2	1	0
珿	73FF	5	0.4031	4.987	0.9174	3	0	0
琀	7400	5	0.3491	5.443	0.9286	5	0	0
琁	7401	5	0.3728	5.500	0.9126	2	0	0
琂	7402	5	0.3615	5.105	0.9667	2	0	0
球	7403	5	0.3624	5.790	0.9266	2	1	0
琄	7404	5	0.4384	5.000	0.9841	3	0	0
琅	7405	5	0.3831	5.409	0.9604	3	0	0
理	7406	5	0.4696	5.033	0.9878	3	1	1
琇	7407	5	0.3861	5.938	0.9263	3	0	0
琈	7408	5	0.3554	5.365	0.9055	3	0	0
琉	7409	5	0.3654	5.673	0.9158	2	1	1
琊	740A	5	0.4292	6.126	0.9449	3	0	0
琋	740B	5	0.3743	5.813	0.9660	4	0	0
琌	740C	5	0.3121	5.257	0.9841	5	0	0
琍	740D	5	0.3492	5.137	0.9562	3	0	0
琎	740E	5	0.3698	5.835	0.9260	3	0	0
琏	740F	5	0.3891	5.742	0.9209	3	0	0
琐	7410	5	0.3419	5.623	0.9468	2	0	0
琑	7411	5	0.3787	5.359	0.9433	3	0	0
琒	7412	5	0.4154	5.814	0.9670	3	0	0
琓	7413	5	0.3432	5.255	0.9050	4	0	0
琔	7414	5	0.3402	5.282	0.9285	3	0	0
琕	7415	5	0.3861	5.118	0.9394	3	0	0
琖	7416	5	0.3876	6.476	0.8938	3	0	0
琗	7417	5	0.3269	4.987	0.9485	3	0	0
琘	7418	5	0.4385	5.976	0.9419	3	0	0
琙	7419	5	0.3802	6.111	0.9346	3	0	0
琚	741A	5	0.4508	5.587	0.9716	4	0	0
琛	741B	5	0.3908	5.739	0.9359	3	0	0
琜	741C	5	0.3743	5.760	0.9215	2	0	0
琝	741D	5	0.4157	5.627	0.9330	3	0	0
琞	741E	5	0.5256	6.094	0.9463	3	0	0
琟	741F	5	0.3876	5.204	0.9534	2	0	0
琠	7420	5	0.3698	5.721	0.9815	3	0	0
琡	7421	5	0.3994	6.048	0.9444	4	0	0
琢	7422	5	0.3926	6.152	0.9375	3	0	0
琣	7423	5	0.3669	5.168	0.9600	3	0	0
琤	7424	5	0.3802	5.665	0.9268	3	0	0
琥	7425	5	0.3831	6.044	0.9157	3	0	0
琦	7426	5	0.3846	5.495	0.9554	4	0	0
琧	7427	5	0.4738	5.658	0.9815	2	0	0
琨	7428	5	0.4169	5.723	0.9184	3	0	0
琩	7429	5	0.4720	5.235	0.9819	3	0	0
琪	742A	5	0.3802	5.298	0.9365	3	1	1
琫	742B	5	0.3669	5.822	0.9541	3	0	0
琬	742C	5	0.3713	6.079	0.9205	4	0	0
琭	742D	5	0.3624	5.755	0.9256	3	0	0
琮	742E	5	0.3476	5.408	0.9423	3	0	0
琯	742F	5	0.3385	5.142	0.9950	3	0	0
琰	7430	5	0.3521	6.034	0.9147	3	0	0
琱	7431	5	0.4240	5.682	0.9623	3	0	0
琲	7432	5	0.3284	4.841	0.9533	2	0	0
琳	7433	5	0.3757	5.621	0.9100	3	1	0
琴	7434	5	0.4048	5.540	0.9709	5	1	1
琵	7435	5	0.4338	5.574	0.9429	3	1	1
琶	7436	5	0.4692	5.514	0.9783	3	1	1
琷	7437	5	0.3769	5.502	0.9503	3	0	0
琸	7438	5	0.3654	4.831	0.9594	4	0	0
琹	7439	5	0.4185	5.575	0.9647	3	0	0
琺	743A	5	0.3462	5.483	0.9259	4	0	0
琻	743B	5	0.3536	5.574	0.9591	2	0	0
琼	743C	5	0.3692	5.262	0.9483	4	0	0
琽	743D	5	0.3772	5.385	0.9642	3	0	0
琾	743E	5	0.4320	5.452	0.9464	4	0	0
琿	743F	5	0.4231	5.616	0.9622	3	0	0
瑀	7440	5	0.4477	5.867	0.9183	2	0	0
瑁	7441	5	0.4292	5.677	1.0019	3	0	0
瑂	7442	5	0.4656	5.860	0.9727	3	0	0
瑃	7443	5	0.4112	5.722	0.9478	3	0	0
瑄	7444	5	0.3831	5.277	0.9702	5	0	0
瑅	7445	5	0.4215	5.628	0.9239	4	0	0
瑆	7446	5	0.4508	5.349	0.9132	3	0	0
瑇	7447	5	0.4068	6.356	0.9324	3	0	0
瑈	7448	5	0.4068	6.025	0.8841	3	0	0
瑉	7449	5	0.4400	6.185	0.9545	3	0	0
瑊	744A	5	0.4083	6.493	0.9447	4	0	0
瑋	744B	5	0.4186	5.843	0.9639	4	0	0
瑌	744C	5	0.3908	5.859	0.9640	3	0	0
瑍	744D	5	0.3817	6.153	0.9166	5	0	0
瑎	744E	5	0.3994	5.816	0.9475	3	0	0
瑏	744F	5	0.3802	6.073	0.9468	4	0	0
瑐	7450	5	0.3817	5.854	0.9593	4	0	0
瑑	7451	5	0.3994	6.519	0.9145	3	0	0
瑒	7452	5	0.4364	6.223	0.9766	5	0	0
瑓	7453	5	0.3950	5.976	0.9782	2	0	0
瑔	7454	5	0.4108	5.803	0.9406	3	0	0
瑕	7455	5	0.4338	5.851	0.9573	3	0	0
瑖	7456	5	0.3964	6.039	0.9489	4	0	0
瑗	7457	5	0.4231	6.742	0.8957	5	0	0
瑘	7458	5	0.4492	5.808	0.9732	3	0	0
瑙	7459	5	0.4083	6.850	0.9292	2	0	0
瑚	745A	5	0.4431	5.469	0.9364	4	0	0
瑛	745B	5	0.4053	5.540	0.9616	3	0	0
瑜	745C	5	0.4083	6.672	0.9209	5	1	1
瑝	745D	5	0.4172	5.305	0.9607	3	0	0
瑞	745E	5	0.4142	5.581	0.9613	3	1	1
瑟	745F	5	0.4496	6.282	0.9264	3	1	1
瑠	7460	5	0.4369	6.309	0.9489	3	1	1
瑡	7461	5	0.4053	6.247	0.9820	4	0	0
瑢	7462	5	0.3580	5.863	0.9610	3	0	0
瑣	7463	5	0.4068	6.000	0.9285	2	0	0
瑤	7464	5	0.4053	6.111	0.9441	2	0	0
瑥	7465	5	0.4538	5.879	0.9338	3	0	0
瑦	7466	5	0.3964	6.010	0.9408	3	0	0
瑧	7467	5	0.4246	6.443	0.9002	3	0	0
瑨	7468	5	0.4108	6.069	0.9619	3	0	0
瑩	7469	5	0.4760	6.829	0.8782	2	0	0
瑪	746A	5	0.4246	5.887	0.9135	2	1	1
瑫	746B	5	0.3683	5.681	0.9323	3	0	0
瑬	746C	5	0.4334	6.687	0.8857	3	0	0
瑭	746D	5	0.4453	6.183	0.9246	3	0	0
瑮	746E	5	0.4615	5.765	0.9409	3	0	0
瑯	746F	5	0.4260	6.375	0.9509	4	0	0
瑰	7470	5	0.4260	6.078	0.9229	2	0	0
瑱	7471	5	0.3802	6.620	0.9486	4	0	0
瑲	7472	5	0.3979	6.367	0.9374	5	0	0
瑳	7473	5	0.4157	5.909	0.9178	3	0	0
瑴	7474	5	0.4290	6.815	0.9594	2	0	0
瑵	7475	5	0.4385	6.453	0.9064	4	0	0
瑶	7476	5	0.3846	6.040	0.9360	2	0	0
瑷	7477	5	0.4349	6.878	0.8864	4	0	0
瑸	7478	5	0.3521	5.597	0.9620	4	0	0
瑹	7479	5	0.3683	6.139	0.9366	5	0	0
瑺	747A	5	0.4169	5.687	0.9516	3	0	0
瑻	747B	5	0.3892	6.516	0.9739	3	0	0
瑼	747C	5	0.4467	6.298	0.9313	3	0	0
瑽	747D	5	0.3891	6.502	0.9050	3	0	0
瑾	747E	5	0.4334	5.722	0.9746	3	0	0
瑿	747F	5	0.4815	7.096	0.9800	5	0	0
璀	7480	5	0.4142	5.894	0.9527	3	0	0
璁	7481	5	0.4127	6.735	0.9252	4	0	0
璂	7482	5	0.4467	5.896	0.9231	4	0	0
璃	7483	5	0.3964	6.553	0.9244	3	1	1
璄	7484	5	0.3772	6.137	0.9557	3	0	0
璅	7485	5	0.4024	6.728	0.9376	5	0	0
璆	7486	5	0.3392	6.945	0.9277	3	0	0
璇	7487	5	0.4186	6.785	0.9264	3	0	0
璈	7488	5	0.4305	6.468	0.9106	4	0	0
璉	7489	5	0.4467	6.538	0.9383	3	0	0
璊	748A	5	0.4068	6.468	0.9137	2	0	0
璋	748B	5	0.3831	5.908	0.9407	3	1	1
璌	748C	5	0.4200	6.081	0.9325	3	0	0
璍	748D	5	0.4438	5.622	0.9646	3	0	0
璎	748E	5	0.4438	7.403	0.9196	4	0	0
璏	748F	5	0.4009	6.856	0.9023	5	0	0
璐	7490	5	0.4630	6.580	0.9352	4	0	0
璑	7491	5	0.4275	6.430	0.9332	3	0	0
璒	7492	5	0.4260	6.337	0.9092	5	0	0
璓	7493	5	0.4186	6.298	0.9282	4	0	0
璔	7494	5	0.4471	6.228	0.9600	4	0	0
璕	7495	5	0.3769	6.102	0.9296	4	0	0
璖	7496	5	0.4009	6.457	0.9560	4	0	0
璗	7497	5	0.4231	7.677	0.9218	6	0	0
璘	7498	5	0.3935	6.673	0.9204	4	0	0
璙	7499	5	0.4068	6.217	0.9311	4	0	0
璚	749A	5	0.4356	7.292	0.8701	4	0	0
璛	749B	5	0.4393	6.870	0.9713	4	0	0
璜	749C	5	0.4215	6.202	0.9333	2	0	0
璝	749D	5	0.3817	6.784	0.9554	3	0	0
璞	749E	5	0.4320	6.514	0.9122	4	0	0
璟	749F	5	0.3723	6.246	0.9721	5	0	0
璠	74A0	5	0.4704	6.585	0.8877	3	0	0
璡	74A1	5	0.4157	6.517	0.9059	3	0	0
璢	74A2	5	0.4862	5.798	0.9581	3	0	0
璣	74A3	5	0.4275	7.822	0.8640	3	0	0
璤	74A4	5	0.3979	6.806	0.9635	3	0	0
璥	74A5	5	0.4645	6.567	0.9078	5	0	0
璦	74A6	5	0.4142	7.418	0.8814	4	0	0
璧	74A7	5	0.4985	6.639	0.9142	3	0	0
璨	74A8	5	0.3964	6.946	0.8942	3	0	0
璩	74A9	5	0.4305	7.413	0.9513	3	0	0
璪	74AA	5	0.4305	5.872	0.9465	5	0	0
璫	74AB	5	0.4675	6.135	0.9529	3	0	0
璬	74AC	5	0.4393	6.760	0.9018	3	0	0
璭	74AD	5	0.4327	6.831	0.9142	4	0	0
璮	74AE	5	0.3920	6.448	0.9543	4	0	0
璯	74AF	5	0.3632	6.697	0.9120	4	0	0
環	74B0	5	0.4645	6.542	0.9468	3	1	1
璱	74B1	5	0.4215	6.759	0.9309	4	0	0
璲	74B2	5	0.3979	7.265	0.8977	3	0	0
璳	74B3	5	0.4142	6.976	0.9236	4	0	0
璴	74B4	5	0.4379	6.615	0.9012	4	0	0
璵	74B5	5	0.3787	6.238	0.9619	3	0	0
璶	74B6	5	0.4541	6.681	0.9298	3	0	0
璷	74B7	5	0.4186	7.286	0.9159	4	0	0
璸	74B8	5	0.3877	6.960	0.9206	3	0	0
璹	74B9	5	0.3547	7.293	0.9490	5	0	0
璺	74BA	5	0.4275	6.920	0.9699	4	0	0
璻	74BB	5	0.3862	6.727	0.9170	4	0	0
璼	74BC	5	0.4098	6.169	0.9290	3	0	0
璽	74BD	5	0.5046	7.850	0.8911	3	0	0
璾	74BE	5	0.4053	6.652	0.9194	3	0	0
璿	74BF	5	0.3831	6.688	0.9433	4	0	0
瓀	74C0	5	0.4585	6.537	0.9489	3	0	0
瓁	74C1	5	0.4172	7.000	0.9313	4	0	0
瓂	74C2	5	0.4837	6.279	0.9126	5	0	0
瓃	74C3	5	0.4816	6.340	0.9779	4	0	0
瓄	74C4	5	0.3683	7.244	0.9583	4	0	0
瓅	74C5	5	0.4038	7.481	0.9203	4	0	0
瓆	74C6	5	0.3935	6.888	0.9216	4	0	0
瓇	74C7	5	0.4323	7.372	0.9212	3	0	0
瓈	74C8	5	0.4024	7.433	0.9061	4	0	0
瓉	74C9	5	0.4349	7.154	0.9167	3	0	0
瓊	74CA	5	0.4186	7.524	0.9380	3	1	1
瓋	74CB	5	0.4308	6.894	0.9262	4	0	0
瓌	74CC	5	0.3979	7.215	0.9329	4	0	0
瓍	74CD	5	0.4320	7.764	0.9437	4	0	0
瓎	74CE	5	0.4630	7.125	0.9339	4	0	0
瓏	74CF	5	0.4423	6.969	0.9244	2	0	0
瓐	74D0	5	0.4231	7.295	0.9253	3	0	0
瓑	74D1	5	0.4908	7.239	0.8837	5	0	0
瓒	74D2	5	0.4127	6.995	0.9127	6	0	0
瓓	74D3	5	0.4677	7.095	0.9471	3	0	0
瓔	74D4	5	0.4431	7.100	0.9246	4	0	0
瓕	74D5	5	0.4969	8.313	0.8555	4	0	0
瓖	74D6	5	0.4408	7.245	0.9343	3	0	0
瓗	74D7	5	0.4354	7.407	0.9458	5	0	0
瓘	74D8	5	0.4423	6.683	0.9352	5	0	0
瓙	74D9	5	0.3861	8.163	0.9235	6	0	0
瓚	74DA	5	0.3846	7.442	0.9597	6	0	0
瓛	74DB	5	0.4571	8.104	0.8800	4	0	0
瓜	74DC	5	0.3062	4.614	0.9535	1	0	0
瓝	74DD	5	0.3994	6.503	0.9404	3	0	0
瓞	74DE	5	0.4275	6.732	0.9284	3	0	0
瓟	74DF	5	0.4704	7.147	0.9009	3	0	0
瓠	74E0	5	0.3964	7.048	0.9287	4	0	0
瓡	74E1	5	0.4334	6.800	0.9417	3	0	0
瓢	74E2	5	0.4763	7.825	0.9468	3	0	0
瓣	74E3	5	0.4145	8.141	0.8924	3	0	0
瓤	74E4	5	0.4778	8.392	0.9372	3	0	0
瓥	74E5	5	0.4349	8.539	0.9211	3	0	0
瓦	74E6	5	0.3413	4.083	0.9312	1	0	0
瓧	74E7	5	0.3284	4.784	0.9607	2	0	0
瓨	74E8	5	0.3415	4.871	0.9336	2	0	0
瓩	74E9	5	0.3662	5.534	0.8966	2	0	0
瓪	74EA	5	0.4246	6.587	0.9313	3	0	0
瓫	74EB	5	0.3985	6.309	0.9097	3	0	0
瓬	74EC	5	0.3891	5.862	0.9350	2	0	0
瓭	74ED	5	0.3994	5.898	0.9651	2	0	0
瓮	74EE	5	0.3877	6.183	0.9355	3	0	0
瓯	74EF	5	0.4112	5.854	0.9254	3	0	0
瓰	74F0	5	0.4046	6.283	0.9314	3	0	0
瓱	74F1	5	0.3994	6.248	0.9265	2	0	0
瓲	74F2	5	0.4201	6.103	0.9556	2	0	0
瓳	74F3	5	0.3723	5.353	0.9664	3	0	0
瓴	74F4	5	0.3550	6.008	0.9317	4	0	0
瓵	74F5	5	0.4031	5.931	0.9518	3	0	0
瓶	74F6	5	0.4003	6.204	0.9414	5	1	1
瓷	74F7	5	0.4077	6.562	0.9018	3	1	1
瓸	74F8	5	0.4338	5.849	0.9369	3	0	0
瓹	74F9	5	0.4783	5.857	0.9138	3	0	0
瓺	74FA	5	0.4169	6.042	0.9208	2	0	0
瓻	74FB	5	0.4302	6.884	0.9333	4	0	0
瓼	74FC	5	0.4985	6.277	0.9291	3	0	0
瓽	74FD	5	0.4185	6.738	0.9081	2	0	0
瓾	74FE	5	0.4364	6.980	0.9119	3	0	0
瓿	74FF	5	0.4172	6.226	0.9297	3	0	0
甀	7500	5	0.4334	6.461	0.9584	2	0	0
甁	7501	5	0.3946	6.298	0.9550	5	0	0
甂	7502	5	0.4438	7.173	0.9249	3	0	0
甃	7503	5	0.4231	7.169	0.9066	3	0	0
甄	7504	5	0.4462	6.527	0.9348	3	0	0
甅	7505	5	0.5062	7.341	0.9105	4	0	0
甆	7506	5	0.4142	7.580	0.8981	3	0	0
甇	7507	5	0.4508	7.562	0.8875	2	0	0
甈	7508	5	0.4216	6.724	0.9725	3	0	0
甉	7509	5	0.4793	7.132	0.9060	3	0	0
甊	750A	5	0.4364	7.267	0.9421	3	0	0
甋	750B	5	0.4385	7.051	0.8891	3	0	0
甌	750C	5	0.4352	6.418	0.9473	5	0	0
甍	750D	5	0.4108	7.155	0.9472	2	0	0
甎	750E	5	0.4538	7.210	0.9243	3	0	0
甏	750F	5	0.3683	7.749	0.9034	6	0	0
甐	7510	5	0.4157	7.723	0.9063	4	0	0
甑	7511	5	0.4800	7.104	0.9138	4	0	0
甒	7512	5	0.4660	7.458	0.9025	3	0	0
甓	7513	5	0.4349	7.269	0.9027	3	0	0
甔	7514	5	0.4098	7.845	0.9340	4	0	0
甕	7515	5	0.4508	8.240	0.8656	3	0	0
甖	7516	5	0.4656	7.482	0.8674	3	0	0
甗	7517	5	0.4334	8.346	0.9355	3	0	0
甘	7518	5	0.3136	3.371	0.9699	1	0	0
甙	7519	5	0.3728	4.947	0.9563	2	0	0
甚	751A	5	0.4123	5.264	0.9671	3	1	0
甛	751B	5	0.4260	5.277	0.9767	2	0	0
甜	751C	5	0.4127	5.130	0.9822	2	1	1
甝	751D	5	0.3979	6.374	0.9534	3	0	0
甞	751E	5	0.4199	5.749	0.9700	2	0	0
生	751F	5	0.3008	3.370	0.9674	1	0	0
甠	7520	5	0.3815	4.204	0.9783	2	0	0
甡	7521	5	0.3785	4.846	0.9887	2	0	0
產	7522	5	0.4364	6.531	0.8855	2	1	1
産	7523	5	0.4127	5.877	0.9095	3	1	0
甤	7524	5	0.3891	6.703	0.9319	2	0	0
甥	7525	5	0.4677	6.060	0.9145	3	1	1
甦	7526	5	0.4541	6.351	0.8902	2	0	0
甧	7527	5	0.4246	6.102	0.9669	3	0	0
用	7528	5	0.4253	3.974	0.9647	1	0	0
甩	7529	5	0.3954	4.614	0.9194	2	0	0
甪	752A	5	0.3878	4.188	0.9739	2	0	0
甫	752B	5	0.4343	5.136	0.9695	1	1	0
甬	752C	5	0.5360	4.757	0.9312	2	0	0
甭	752D	5	0.4717	5.667	0.9491	2	0	0
甮	752E	5	0.5035	6.486	0.8629	3	0	0
甯	752F	5	0.4503	6.335	0.9197	2	0	0
田	7530	5	0.4470	3.256	1.0074	1	0	0
由	7531	5	0.3986	3.533	1.0154	1	1	0
甲	7532	5	0.4246	3.010	1.0017	1	1	0
申	7533	5	0.3706	3.453	1.0188	1	1	0
甴	7534	5	0.3776	3.379	1.0203	1	0	0
电	7535	5	0.3796	3.952	0.9681	1	1	0
甶	7536	5	0.4126	3.697	1.0095	1	0	0
男	7537	5	0.4539	4.913	0.9571	2	1	0
甸	7538	5	0.3846	4.703	0.9351	2	1	0
甹	7539	5	0.3785	4.848	0.9804	2	0	0
町	753A	5	0.3760	3.875	0.9709	2	1	0
画	753B	5	0.5152	5.224	0.9623	3	1	0
甼	753C	5	0.3850	4.009	0.9945	2	0	0
甽	753D	5	0.3750	4.745	1.0054	2	0	0
甾	753E	5	0.4685	6.184	0.8651	4	0	0
甿	753F	5	0.3600	4.163	0.9795	2	0	0
畀	7540	5	0.4000	4.260	1.0020	2	0	0
畁	7541	5	0.3894	4.547	1.0299	2	0	0
畂	7542	5	0.3523	4.972	0.9692	2	0	0
畃	7543	5	0.3558	4.495	0.9305	3	0	0
畄	7544	5	0.4164	5.026	0.9267	2	0	0
畅	7545	5	0.4375	5.914	0.9452	2	0	0
畆	7546	5	0.3477	5.031	0.9540	3	0	0
畇	7547	5	0.3718	5.001	0.9350	3	0	0
畈	7548	5	0.4200	5.884	0.9423	3	0	0
畉	7549	5	0.3754	5.057	0.9565	2	0	0
畊	754A	5	0.4200	5.013	0.9613	2	0	0
畋	754B	5	0.4246	5.215	0.9441	2	0	0
界	754C	5	0.3888	4.613	0.9712	3	1	0
畍	754D	5	0.3462	4.952	0.9595	3	0	0
畎	754E	5	0.3646	5.072	0.9589	2	0	0
畏	754F	5	0.4256	5.354	0.9365	3	1	0
畐	7550	5	0.4867	5.327	0.9898	2	0	0
畑	7551	5	0.4277	5.376	0.9568	2	1	0
畒	7552	5	0.3433	4.983	0.9488	3	0	0
畓	7553	5	0.4277	5.514	0.9532	2	0	0
畔	7554	5	0.3723	5.081	0.9723	2	1	0
畕	7555	5	0.5840	5.354	0.9769	2	0	0
畖	7556	5	0.4585	6.372	0.9428	2	0	0
畗	7557	5	0.4455	5.523	0.9699	3	0	0
畘	7558	5	0.4246	5.142	0.9602	2	0	0
留	7559	5	0.4323	5.917	0.9496	2	1	1
畚	755A	5	0.4541	5.758	0.9260	2	0	0
畛	755B	5	0.3662	5.651	0.9400	2	0	0
畜	755C	5	0.4354	6.137	0.9364	2	1	0
畝	755D	5	0.4083	5.525	0.9654	3	0	0
畞	755E	5	0.4216	6.185	0.9701	4	0	0
畟	755F	5	0.4431	6.072	0.9295	3	0	0
畠	7560	5	0.5017	5.384	0.9797	2	1	0
畡	7561	5	0.3954	5.948	0.9371	4	0	0
畢	7562	5	0.4338	5.392	1.0255	1	1	1
畣	7563	5	0.4431	5.774	0.9934	4	0	0
畤	7564	5	0.4062	5.063	0.9451	3	0	0
略	7565	5	0.4400	5.648	0.9713	3	1	1
畦	7566	5	0.4032	4.829	0.9982	3	0	0
畧	7567	5	0.4323	5.940	0.9212	3	0	0
畨	7568	5	0.4186	5.875	0.9296	2	0	0
畩	7569	5	0.4062	5.676	0.9299	2	0	0
番	756A	5	0.4446	6.182	0.9443	2	1	1
畫	756B	5	0.3677	7.124	0.9804	3	1	1
畬	756C	5	0.4326	6.470	0.9030	4	0	0
畭	756D	5	0.3985	5.896	0.9567	4	0	0
畮	756E	5	0.4692	6.279	0.9299	3	0	0
畯	756F	5	0.4508	6.671	0.8982	4	0	0
異	7570	5	0.4752	5.560	0.9424	3	1	1
畱	7571	5	0.5300	5.377	0.9994	2	0	0
畲	7572	5	0.4207	6.549	0.9086	3	0	0
畳	7573	5	0.4277	5.636	1.0425	3	1	0
畴	7574	5	0.4477	6.132	0.9526	3	0	0
畵	7575	5	0.3787	7.390	0.9785	2	0	0
當	7576	5	0.4792	5.923	0.8707	2	1	1
畷	7577	5	0.5088	7.570	0.8956	5	0	0
畸	7578	5	0.4569	5.863	0.9626	4	0	0
畹	7579	5	0.4708	6.459	0.9095	4	0	0
畺	757A	5	0.4368	6.535	1.0222	3	0	0
畻	757B	5	0.4677	6.267	0.9448	3	0	0
畼	757C	5	0.4985	6.470	0.9634	5	0	0
畽	757D	5	0.5323	6.205	0.9733	2	0	0
畾	757E	5	0.5750	5.676	0.9799	3	0	0
畿	757F	5	0.4408	7.955	0.8823	2	1	1
疀	7580	5	0.5192	7.558	0.9109	5	0	0
疁	7581	5	0.4708	7.461	0.9107	3	0	0
疂	7582	5	0.4800	7.263	0.9198	4	0	0
疃	7583	5	0.4585	6.512	0.9694	4	0	0
疄	7584	5	0.4831	7.115	0.9123	4	0	0
疅	7585	5	0.4896	6.781	0.9792	4	0	0
疆	7586	5	0.4600	7.382	0.9306	4	1	1
疇	7587	5	0.4163	7.522	0.9560	5	0	0
疈	7588	5	0.5089	7.244	0.9981	2	0	0
疉	7589	5	0.4554	7.274	0.9904	5	0	0
疊	758A	5	0.4427	7.759	0.9505	5	1	1
疋	758B	5	0.3189	3.877	0.9028	1	0	0
疌	758C	5	0.4379	5.801	0.9316	1	0	0
疍	758D	5	0.4576	5.511	0.9689	3	0	0
疎	758E	5	0.4098	5.952	0.9790	2	1	1
疏	758F	5	0.3861	6.153	0.9439	2	1	1
疐	7590	5	0.4015	7.274	0.9695	3	0	0
疑	7591	5	0.4246	7.024	0.8953	2	1	1
疒	7592	5	0.1754	2.608	0.9421	1	0	0
疓	7593	5	0.3314	5.010	0.9208	2	0	0
疔	7594	5	0.2707	3.985	0.9718	2	0	0
疕	7595	5	0.3062	4.673	0.9324	2	0	0
疖	7596	5	0.3033	4.393	0.9456	2	0	0
疗	7597	5	0.2914	4.210	0.9319	2	1	0
疘	7598	5	0.3107	4.390	0.9769	2	0	0
疙	7599	5	0.3521	5.644	0.8970	3	0	0
疚	759A	5	0.3269	5.106	0.9341	2	0	0
疛	759B	5	0.3166	4.539	0.9237	2	0	0
疜	759C	5	0.2885	4.419	0.9443	2	0	0
疝	759D	5	0.3314	4.812	0.9676	2	0	0
疞	759E	5	0.3508	5.113	0.9271	3	0	0
疟	759F	5	0.3447	4.817	0.9622	2	0	0
疠	75A0	5	0.3447	5.118	0.9205	2	0	0
疡	75A1	5	0.3787	5.904	0.9283	2	0	0
疢	75A2	5	0.3225	5.418	0.9277	2	0	0
疣	75A3	5	0.3609	5.558	0.9066	2	0	0
疤	75A4	5	0.3846	5.342	0.9324	2	0	0
疥	75A5	5	0.3121	5.120	0.9379	3	0	0
疦	75A6	5	0.3669	5.519	0.9338	2	0	0
疧	75A7	5	0.3772	5.656	0.9180	2	0	0
疨	75A8	5	0.3683	5.472	0.9700	2	0	0
疩	75A9	5	0.3521	5.374	0.9606	3	0	0
疪	75AA	5	0.3728	5.501	0.9298	2	0	0
疫	75AB	5	0.3787	5.962	0.8968	3	1	0
疬	75AC	5	0.3817	5.981	0.9293	3	0	0
疭	75AD	5	0.3328	5.502	0.9052	3	0	0
疮	75AE	5	0.3683	5.761	0.8913	3	0	0
疯	75AF	5	0.3595	6.295	0.9348	2	0	0
疰	75B0	5	0.3624	5.122	0.9585	3	0	0
疱	75B1	5	0.4172	5.989	0.8833	3	0	0
疲	75B2	5	0.3950	6.334	0.9199	2	1	1
疳	75B3	5	0.3728	5.049	0.9523	2	0	0
疴	75B4	5	0.3402	5.098	0.9576	3	0	0
疵	75B5	5	0.3920	5.812	0.9330	3	0	0
疶	75B6	5	0.3891	5.414	0.9590	2	0	0
疷	75B7	5	0.3861	6.083	0.9169	3	0	0
疸	75B8	5	0.3802	5.422	0.9023	3	0	0
疹	75B9	5	0.3358	6.088	0.9255	2	0	0
疺	75BA	5	0.3585	5.806	0.9010	3	0	0
疻	75BB	5	0.3348	5.288	0.9685	3	0	0
疼	75BC	5	0.3595	5.966	0.9208	3	0	0
疽	75BD	5	0.4053	5.342	0.9169	2	0	0
疾	75BE	5	0.3683	5.577	0.9414	2	1	0
疿	75BF	5	0.4349	6.082	0.9521	2	0	0
痀	75C0	5	0.3669	5.413	0.9378	3	0	0
痁	75C1	5	0.3491	4.868	0.9757	3	0	0
痂	75C2	5	0.3876	6.142	0.9664	3	0	0
痃	75C3	5	0.3639	5.956	0.9169	2	0	0
痄	75C4	5	0.3328	4.894	0.9352	2	0	0
病	75C5	5	0.3905	5.851	0.9600	3	1	0
痆	75C6	5	0.4127	6.128	0.9320	3	0	0
症	75C7	5	0.3595	5.101	0.9549	3	1	0
痈	75C8	5	0.4231	5.794	0.9360	2	0	0
痉	75C9	5	0.3969	5.871	0.8930	2	0	0
痊	75CA	5	0.3935	5.922	0.9092	3	0	0
痋	75CB	5	0.3994	5.553	0.9732	2	0	0
痌	75CC	5	0.4201	6.060	0.9616	3	0	0
痍	75CD	5	0.4334	6.861	0.9474	2	0	0
痎	75CE	5	0.3728	6.388	0.9295	4	0	0
痏	75CF	5	0.4260	5.957	0.9361	3	0	0
痐	75D0	5	0.3861	5.827	0.9604	3	0	0
痑	75D1	5	0.3920	6.569	0.9163	3	0	0
痒	75D2	5	0.3624	5.433	0.9416	2	0	0
痓	75D3	5	0.4186	6.148	0.9050	3	0	0
痔	75D4	5	0.3772	5.682	0.9263	3	0	0
痕	75D5	5	0.4142	6.078	0.9191	2	1	0
痖	75D6	5	0.3950	5.904	0.9511	2	0	0
痗	75D7	5	0.4541	6.851	0.9039	3	0	0
痘	75D8	5	0.3964	5.954	0.8980	4	0	0
痙	75D9	5	0.3994	6.553	0.8869	6	0	0
痚	75DA	5	0.4231	6.365	0.9087	3	0	0
痛	75DB	5	0.4556	6.385	0.9085	3	1	1
痜	75DC	5	0.3994	6.575	0.9247	3	0	0
痝	75DD	5	0.4275	7.077	0.9185	3	0	0
痞	75DE	5	0.4024	5.971	0.9566	3	0	0
痟	75DF	5	0.4024	6.010	0.9056	3	0	0
痠	75E0	5	0.4024	7.079	0.9011	4	0	0
痡	75E1	5	0.4497	6.342	0.9159	2	0	0
痢	75E2	5	0.3669	6.125	0.9325	3	0	0
痣	75E3	5	0.3639	6.130	0.9404	3	0	0
痤	75E4	5	0.3994	6.204	0.8969	5	0	0
痥	75E5	5	0.3609	5.779	0.9018	3	0	0
痦	75E6	5	0.4467	6.196	0.9529	3	0	0
痧	75E7	5	0.3417	6.130	0.9443	4	0	0
痨	75E8	5	0.4172	6.310	0.9204	3	0	0
痩	75E9	5	0.4186	6.713	0.9368	2	0	0
痪	75EA	5	0.4201	6.163	0.9360	4	0	0
痫	75EB	5	0.4260	6.549	0.9515	3	0	0
痬	75EC	5	0.4053	6.712	0.9684	4	0	0
痭	75ED	5	0.4482	6.660	0.9586	3	0	0
痮	75EE	5	0.4083	6.542	0.9494	2	0	0
痯	75EF	5	0.4186	5.986	0.9463	3	0	0
痰	75F0	5	0.3624	6.680	0.9033	3	0	0
痱	75F1	5	0.3743	5.649	0.9828	2	0	0
痲	75F2	5	0.4172	6.762	0.9635	2	0	0
痳	75F3	5	0.3580	6.255	0.9500	3	0	0
痴	75F4	5	0.4201	6.267	0.9605	3	0	0
痵	75F5	5	0.4112	6.793	0.9030	3	0	0
痶	75F6	5	0.4334	6.389	0.9511	3	0	0
痷	75F7	5	0.4482	6.470	0.8946	3	0	0
痸	75F8	5	0.4393	6.625	0.9492	3	0	0
痹	75F9	5	0.3861	6.024	0.9515	3	0	0
痺	75FA	5	0.3920	5.957	0.9653	3	0	0
痻	75FB	5	0.4320	6.538	0.9118	3	0	0
痼	75FC	5	0.4186	6.365	0.9761	4	0	0
痽	75FD	5	0.4290	5.922	0.9288	2	0	0
痾	75FE	5	0.3979	6.365	0.9741	4	0	0
痿	75FF	5	0.4438	7.188	0.9230	3	0	0
瘀	7600	5	0.3590	6.415	0.9471	4	0	0
瘁	7601	5	0.3683	5.851	0.9433	3	0	0
瘂	7602	5	0.4068	5.821	0.9295	2	0	0
瘃	7603	5	0.4068	6.870	0.9461	3	0	0
瘄	7604	5	0.4408	6.121	0.9519	4	0	0
瘅	7605	5	0.4246	6.024	0.9449	4	0	0
瘆	7606	5	0.3979	7.482	0.9021	3	0	0
瘇	7607	5	0.4615	7.221	0.9454	2	0	0
瘈	7608	5	0.4305	6.972	0.9406	3	0	0
瘉	7609	5	0.4216	7.268	0.9170	5	0	0
瘊	760A	5	0.4438	6.649	0.9226	3	0	0
瘋	760B	5	0.4260	6.984	0.9638	2	0	0
瘌	760C	5	0.4098	6.656	0.9494	3	0	0
瘍	760D	5	0.4216	7.058	0.9300	5	0	0
瘎	760E	5	0.4334	6.529	0.9278	4	0	0
瘏	760F	5	0.4541	6.361	0.9145	3	0	0
瘐	7610	5	0.4053	6.163	0.9329	4	0	0
瘑	7611	5	0.4068	5.923	0.9740	3	0	0
瘒	7612	5	0.4172	6.668	0.9863	3	0	0
瘓	7613	5	0.4186	6.885	0.8997	5	0	0
瘔	7614	5	0.4142	5.782	0.9744	4	0	0
瘕	7615	5	0.4349	6.567	0.9488	3	0	0
瘖	7616	5	0.4131	6.271	0.9396	2	0	0
瘗	7617	5	0.4601	7.019	0.8712	3	0	0
瘘	7618	5	0.4423	7.191	0.9039	3	0	0
瘙	7619	5	0.4364	7.503	0.9099	4	0	0
瘚	761A	5	0.4172	7.052	0.9272	4	0	0
瘛	761B	5	0.4083	7.288	0.9103	3	0	0
瘜	761C	5	0.3891	6.779	0.9220	3	0	0
瘝	761D	5	0.4098	6.702	0.9529	3	0	0
瘞	761E	5	0.4402	7.260	0.8978	2	0	0
瘟	761F	5	0.4334	6.582	0.9153	3	0	0
瘠	7620	5	0.4017	6.962	0.9453	3	0	0
瘡	7621	5	0.4038	7.108	0.9605	5	0	0
瘢	7622	5	0.4305	7.505	0.9164	4	0	0
瘣	7623	5	0.4630	6.785	0.9053	2	0	0
瘤	7624	5	0.4586	6.808	0.9212	3	0	0
瘥	7625	5	0.4541	6.745	0.9280	3	0	0
瘦	7626	5	0.4112	6.803	0.9207	3	0	0
瘧	7627	5	0.3787	7.190	0.9300	3	0	0
瘨	7628	5	0.4098	7.697	0.9399	4	0	0
瘩	7629	5	0.4216	6.510	0.9542	5	0	0
瘪	762A	5	0.4290	7.317	0.9173	4	0	0
瘫	762B	5	0.4512	6.677	0.9043	3	0	0
瘬	762C	5	0.4246	7.062	0.9285	3	0	0
瘭	762D	5	0.4174	7.202	0.9379	3	0	0
瘮	762E	5	0.3950	8.029	0.8982	3	0	0
瘯	762F	5	0.4275	7.173	0.9142	3	0	0
瘰	7630	5	0.4157	7.323	0.9480	3	0	0
瘱	7631	5	0.4275	7.716	0.9172	2	0	0
瘲	7632	5	0.4024	6.938	0.9013	3	0	0
瘳	7633	5	0.3817	7.938	0.9170	3	0	0
瘴	7634	5	0.4320	6.784	0.9468	3	0	0
瘵	7635	5	0.4246	7.461	0.9099	3	0	0
瘶	7636	5	0.4349	7.068	0.9224	3	0	0
瘷	7637	5	0.4379	7.130	0.9144	3	0	0
瘸	7638	5	0.4444	7.257	0.9592	4	0	0
瘹	7639	5	0.4231	7.112	0.9113	4	0	0
瘺	763A	5	0.3974	7.731	0.9501	3	0	0
瘻	763B	5	0.4601	7.716	0.9373	3	0	0
瘼	763C	5	0.4364	7.119	0.9371	4	0	0
瘽	763D	5	0.4009	7.296	0.9568	3	0	0
瘾	763E	5	0.4393	7.824	0.9316	5	0	0
瘿	763F	5	0.4172	7.808	0.9138	4	0	0
癀	7640	5	0.4142	7.245	0.9506	2	0	0
癁	7641	5	0.4157	7.488	0.9150	4	0	0
療	7642	5	0.4112	7.087	0.9120	4	1	1
癃	7643	5	0.4438	7.722	0.8964	3	0	0
癄	7644	5	0.4231	7.019	0.8905	3	0	0
癅	7645	5	0.4822	6.636	0.9372	3	0	0
癆	7646	5	0.4098	7.495	0.9129	3	0	0
癇	7647	5	0.4359	6.913	0.9787	3	0	0
癈	7648	5	0.4038	7.760	0.8897	5	0	0
癉	7649	5	0.3964	6.602	0.9671	4	0	0
癊	764A	5	0.4290	7.724	0.9070	7	0	0
癋	764B	5	0.4216	6.942	0.9158	3	0	0
癌	764C	5	0.3861	6.354	0.9597	5	1	1
癍	764D	5	0.4320	6.904	0.9554	4	0	0
癎	764E	5	0.4423	6.730	0.9772	3	0	0
癏	764F	5	0.4467	7.507	0.9580	3	0	0
癐	7650	5	0.4290	7.572	0.9676	4	0	0
癑	7651	5	0.4364	7.857	0.9668	3	0	0
癒	7652	5	0.3935	7.540	0.8912	6	1	1
癓	7653	5	0.4349	7.860	0.9126	4	0	0
癔	7654	5	0.4172	7.510	0.9321	3	0	0
癕	7655	5	0.4601	7.474	0.9068	3	0	0
癖	7656	5	0.4334	6.738	0.9247	3	1	1
癗	7657	5	0.4482	7.240	0.9243	3	0	0
癘	7658	5	0.4527	7.114	0.9461	4	0	0
癙	7659	5	0.4053	7.635	0.9320	2	0	0
癚	765A	5	0.4186	8.153	0.9412	4	0	0
癛	765B	5	0.4571	8.005	0.9273	3	0	0
癜	765C	5	0.4349	7.844	0.9227	4	0	0
癝	765D	5	0.4290	8.028	0.9725	3	0	0
癞	765E	5	0.4645	7.613	0.9321	4	0	0
癟	765F	5	0.4349	7.838	0.9352	5	0	0
癠	7660	5	0.4556	7.532	0.9140	3	0	0
癡	7661	5	0.4512	7.712	0.8928	3	0	0
癢	7662	5	0.4320	8.312	0.9151	5	0	0
癣	7663	5	0.4349	6.962	0.9585	3	0	0
癤	7664	5	0.4379	7.365	0.9274	4	0	0
癥	7665	5	0.4038	7.778	0.9123	3	0	0
癦	7666	5	0.4127	8.291	0.9510	3	0	0
癧	7667	5	0.4364	7.851	0.8883	5	0	0
癨	7668	5	0.4201	7.974	0.9495	3	0	0
癩	7669	5	0.4482	7.862	0.9412	4	0	0
癪	766A	5	0.4186	7.985	0.9369	4	0	0
癫	766B	5	0.4645	8.058	0.9069	5	0	0
癬	766C	5	0.4512	7.485	0.9404	3	0	0
癭	766D	5	0.4438	8.009	0.9015	4	0	0
癮	766E	5	0.4423	8.834	0.9077	3	0	0
癯	766F	5	0.4320	7.817	0.9535	3	0	0
癰	7670	5	0.4615	8.090	0.9357	6	0	0
癱	7671	5	0.4704	7.810	0.9453	3	0	0
癲	7672	5	0.4467	8.222	0.9356	5	0	0
癳	7673	5	0.4660	8.982	0.8692	5	0	0
癴	7674	5	0.3979	9.302	0.8973	3	0	0
癵	7675	5	0.4379	9.639	0.8838	3	0	0
癶	7676	5	0.3053	4.120	0.9300	1	0	0
癷	7677	5	0.3062	4.805	0.9204	2	0	0
癸	7678	5	0.3639	5.851	0.9499	3	0	0
癹	7679	5	0.4046	6.528	0.9133	3	0	0
発	767A	5	0.3846	5.778	0.9286	2	1	0
登	767B	5	0.3979	5.907	0.9578	4	1	0
發	767C	5	0.3950	6.836	0.9210	4	1	1
白	767D	5	0.3731	3.311	0.9949	1	0	0
百	767E	5	0.3600	3.689	0.9895	2	1	0
癿	767F	5	0.3045	3.304	0.9445	2	0	0
皀	7680	5	0.4196	5.024	0.9535	2	0	0
皁	7681	5	0.3269	4.023	1.0087	2	0	0
皂	7682	5	0.3942	4.666	0.9799	2	0	0
皃	7683	5	0.3508	4.400	0.9528	2	0	0
的	7684	5	0.3750	4.528	0.9110	3	1	0
皅	7685	5	0.3892	4.664	0.9630	2	0	0
皆	7686	5	0.3969	5.406	0.9759	2	1	0
皇	7687	5	0.4471	4.978	0.9955	2	1	0
皈	7688	5	0.4215	5.499	0.9495	3	0	0
皉	7689	5	0.3908	5.324	0.9713	3	0	0
皊	768A	5	0.3338	4.901	0.9519	4	0	0
皋	768B	5	0.4083	5.461	0.9685	3	0	0
皌	768C	5	0.4246	4.891	0.9127	2	0	0
皍	768D	5	0.4022	5.281	0.9525	3	0	0
皎	768E	5	0.3785	5.495	0.9452	3	0	0
皏	768F	5	0.3754	4.929	0.9513	5	0	0
皐	7690	5	0.3831	5.881	0.9400	2	0	0
皑	7691	5	0.3969	4.966	0.9683	3	0	0
皒	7692	5	0.4615	6.226	0.9106	2	0	0
皓	7693	5	0.4246	5.006	0.9917	3	0	0
皔	7694	5	0.4431	5.106	0.9411	3	0	0
皕	7695	5	0.4600	5.105	0.9748	4	0	0
皖	7696	5	0.4000	5.282	0.9072	4	0	0
皗	7697	5	0.4599	5.709	0.9872	3	0	0
皘	7698	5	0.4646	5.787	0.9628	2	0	0
皙	7699	5	0.4038	5.652	0.9481	3	0	0
皚	769A	5	0.4738	5.776	0.9335	5	0	0
皛	769B	5	0.4984	5.697	0.8974	3	0	0
皜	769C	5	0.4462	5.874	0.9544	5	0	0
皝	769D	5	0.4305	6.336	0.9379	5	0	0
皞	769E	5	0.4185	5.790	0.9643	4	0	0
皟	769F	5	0.4385	6.560	0.9800	3	0	0
皠	76A0	5	0.4862	5.854	0.9529	3	0	0
皡	76A1	5	0.4277	6.153	0.9598	3	0	0
皢	76A2	5	0.4862	6.424	0.9374	5	0	0
皣	76A3	5	0.4785	5.757	0.9626	3	0	0
皤	76A4	5	0.5185	6.541	0.8962	3	0	0
皥	76A5	5	0.4108	6.353	0.9525	3	0	0
皦	76A6	5	0.4615	6.756	0.9069	3	0	0
皧	76A7	5	0.4523	7.422	0.8672	4	0	0
皨	76A8	5	0.3920	6.317	0.9863	4	0	0
皩	76A9	5	0.4749	7.034	0.9351	6	0	0
皪	76AA	5	0.4600	7.462	0.8762	4	0	0
皫	76AB	5	0.4892	7.453	0.9347	3	0	0
皬	76AC	5	0.4800	7.064	0.9440	3	0	0
皭	76AD	5	0.4415	7.377	0.9191	4	0	0
皮	76AE	5	0.3631	4.867	0.9608	1	0	0
皯	76AF	5	0.3669	5.173	0.9628	2	0	0
皰	76B0	5	0.4571	6.475	0.9414	3	0	0
皱	76B1	5	0.4305	6.118	0.9399	3	0	0
皲	76B2	5	0.4523	6.589	0.9163	3	0	0
皳	76B3	5	0.4275	6.971	0.9159	2	0	0
皴	76B4	5	0.4142	7.389	0.8874	4	0	0
皵	76B5	5	0.4837	6.430	0.9242	4	0	0
皶	76B6	5	0.4527	6.875	0.9307	4	0	0
皷	76B7	5	0.4675	6.789	0.9348	5	0	0
皸	76B8	5	0.4852	7.063	0.9257	3	0	0
皹	76B9	5	0.4763	6.817	0.9817	3	0	0
皺	76BA	5	0.4660	7.827	0.8943	3	0	0
皻	76BB	5	0.4556	7.372	0.9600	3	0	0
皼	76BC	5	0.4482	7.499	0.9181	5	0	0
皽	76BD	5	0.4482	7.650	0.9439	4	0	0
皾	76BE	5	0.4231	8.219	0.9476	4	0	0
皿	76BF	5	0.4176	3.923	0.9968	1	0	0
盀	76C0	5	0.2722	3.067	1.0158	2	0	0
盁	76C1	5	0.3877	4.307	0.9566	2	0	0
盂	76C2	5	0.3923	3.977	0.9631	2	0	0
盃	76C3	5	0.4071	4.518	0.9562	2	1	0
盄	76C4	5	0.4712	4.810	0.9782	2	0	0
盅	76C5	5	0.3846	4.309	0.9684	2	0	0
盆	76C6	5	0.3817	5.067	0.9483	3	1	0
盇	76C7	5	0.3920	4.967	0.9292	3	0	0
盈	76C8	5	0.4523	5.445	0.9544	3	1	0
盉	76C9	5	0.4290	5.539	0.9548	2	0	0
益	76CA	5	0.3831	5.205	0.9345	2	1	0
盋	76CB	5	0.4364	5.751	0.9330	2	0	0
盌	76CC	5	0.4400	5.513	0.9490	3	0	0
盍	76CD	5	0.4497	5.301	0.9721	3	0	0
盎	76CE	5	0.4467	5.118	0.9432	2	0	0
盏	76CF	5	0.4334	6.055	0.9274	2	0	0
盐	76D0	5	0.3846	4.620	0.9632	3	1	0
监	76D1	5	0.3757	4.689	0.9926	2	1	0
盒	76D2	5	0.3964	5.273	0.9580	4	0	0
盓	76D3	5	0.3994	5.147	0.9340	3	0	0
盔	76D4	5	0.4200	5.841	0.9449	3	0	0
盕	76D5	5	0.3861	5.494	0.9451	4	0	0
盖	76D6	5	0.4334	5.159	0.9692	2	1	0
盗	76D7	5	0.4024	5.451	0.9419	3	1	0
盘	76D8	5	0.4364	5.348	0.9313	2	1	1
盙	76D9	5	0.4453	5.785	0.9709	2	0	0
盚	76DA	5	0.4275	5.935	0.9331	2	0	0
盛	76DB	5	0.4379	5.810	0.9433	3	1	1
盜	76DC	5	0.4009	5.781	0.9380	2	1	1
盝	76DD	5	0.4569	6.152	0.9348	3	0	0
盞	76DE	5	0.4334	7.192	0.9037	3	0	0
盟	76DF	5	0.4837	5.391	0.9703	3	1	1
盠	76E0	5	0.3964	7.181	0.9270	3	0	0
盡	76E1	5	0.5015	6.584	0.9522	2	1	1
盢	76E2	5	0.4541	5.867	0.9571	3	0	0
監	76E3	5	0.4275	5.440	0.9934	2	1	1
盤	76E4	5	0.4778	6.827	0.8852	4	1	1
盥	76E5	5	0.4423	6.113	0.9469	3	0	0
盦	76E6	5	0.4088	7.719	0.9441	5	0	0
盧	76E7	5	0.4527	7.213	0.9118	2	1	1
盨	76E8	5	0.4385	7.101	0.8935	3	0	0
盩	76E9	5	0.4527	6.393	0.9264	4	0	0
盪	76EA	5	0.4423	7.059	0.9154	6	0	0
盫	76EB	5	0.4482	8.140	0.9592	2	0	0
盬	76EC	5	0.4754	6.210	0.9877	5	0	0
盭	76ED	5	0.4689	7.369	0.9238	2	0	0
目	76EE	5	0.5088	3.384	0.9592	1	0	0
盯	76EF	5	0.3264	3.335	0.9774	2	0	0
盰	76F0	5	0.3520	3.363	1.0765	2	0	0
盱	76F1	5	0.3664	3.528	0.9864	2	0	0
盲	76F2	5	0.4087	5.200	0.9809	2	1	0
盳	76F3	5	0.3408	3.710	0.9704	2	0	0
直	76F4	5	0.4200	5.350	0.9898	2	1	0
盵	76F5	5	0.3974	4.711	0.9515	3	0	0
盶	76F6	5	0.4064	4.611	0.9542	3	0	0
盷	76F7	5	0.3894	4.760	0.9505	3	0	0
相	76F8	5	0.4185	4.730	0.9899	2	1	0
盹	76F9	5	0.4277	4.840	0.9605	2	0	0
盺	76FA	5	0.3846	4.190	0.9977	2	0	0
盻	76FB	5	0.3723	4.791	0.9071	3	0	0
盼	76FC	5	0.4046	5.153	0.9253	3	0	0
盽	76FD	5	0.3846	4.206	1.0047	2	0	0
盾	76FE	5	0.4275	5.592	0.9624	2	1	0
盿	76FF	5	0.4000	4.826	0.9867	2	0	0
眀	7700	5	0.4683	4.455	0.9374	2	0	0
省	7701	5	0.3800	5.363	0.9548	3	1	0
眂	7702	5	0.4231	5.091	0.9478	2	0	0
眃	7703	5	0.3936	4.513	0.9661	3	0	0
眄	7704	5	0.4352	4.505	0.9531	2	0	0
眅	7705	5	0.4369	5.660	0.9481	3	0	0
眆	7706	5	0.3908	4.597	0.9835	2	0	0
眇	7707	5	0.3496	4.761	0.9672	3	0	0
眈	7708	5	0.4185	4.717	0.9402	2	0	0
眉	7709	5	0.5317	5.098	0.9983	2	1	0
眊	770A	5	0.4108	4.865	0.9525	2	0	0
看	770B	5	0.4462	6.076	1.0012	2	1	0
県	770C	5	0.3920	5.437	0.9895	3	1	0
眍	770D	5	0.4750	5.151	0.9637	3	0	0
眎	770E	5	0.4100	4.505	0.9396	2	0	0
眏	770F	5	0.4292	4.995	0.9989	2	0	0
眐	7710	5	0.4033	4.211	1.0019	3	0	0
眑	7711	5	0.4391	5.801	0.9122	3	0	0
眒	7712	5	0.4535	4.368	1.0083	2	0	0
眓	7713	5	0.4477	5.746	0.9372	2	0	0
眔	7714	5	0.3950	4.962	0.9370	2	0	0
眕	7715	5	0.3508	5.251	0.9420	2	0	0
眖	7716	5	0.4368	4.607	1.0028	3	0	0
眗	7717	5	0.4311	4.870	0.9305	3	0	0
眘	7718	5	0.4169	5.404	0.9604	2	0	0
眙	7719	5	0.4046	4.909	0.9829	3	0	0
眚	771A	5	0.4647	6.121	0.9962	2	0	0
眛	771B	5	0.4092	4.973	0.9541	2	0	0
眜	771C	5	0.4062	4.915	0.9573	2	0	0
眝	771D	5	0.3492	4.165	0.9658	3	0	0
眞	771E	5	0.3985	6.762	0.9685	4	1	0
真	771F	5	0.3798	6.075	0.9695	3	1	0
眠	7720	5	0.4864	5.250	0.9351	2	1	0
眡	7721	5	0.4292	5.324	0.9654	3	0	0
眢	7722	5	0.4108	6.275	0.9807	3	0	0
眣	7723	5	0.4185	5.102	0.9578	3	0	0
眤	7724	5	0.4704	5.350	0.9270	3	0	0
眥	7725	5	0.3891	5.699	1.0123	3	0	0
眦	7726	5	0.4304	5.411	0.9609	3	0	0
眧	7727	5	0.4600	4.916	0.9368	3	0	0
眨	7728	5	0.3692	5.059	0.9381	3	0	0
眩	7729	5	0.4154	5.338	0.9695	2	0	0
眪	772A	5	0.4688	5.434	0.9496	3	0	0
眫	772B	5	0.3877	4.565	1.0169	2	0	0
眬	772C	5	0.4185	5.669	0.9739	2	0	0
眭	772D	5	0.4576	4.509	0.9803	3	0	0
眮	772E	5	0.5150	4.990	0.9549	3	0	0
眯	772F	5	0.4246	5.322	0.9837	2	0	0
眰	7730	5	0.4432	4.829	0.9359	3	0	0
眱	7731	5	0.4538	5.914	0.9636	2	0	0
眲	7732	5	0.4496	4.281	1.0090	2	0	0
眳	7733	5	0.4423	4.956	0.9711	3	0	0
眴	7734	5	0.4696	4.991	0.9344	3	0	0
眵	7735	5	0.4231	5.790	0.9419	3	0	0
眶	7736	5	0.4736	5.119	0.9650	3	0	0
眷	7737	5	0.4186	6.202	0.9116	2	0	0
眸	7738	5	0.4092	5.070	0.9654	3	0	0
眹	7739	5	0.4030	5.415	0.9280	3	0	0
眺	773A	5	0.4215	5.784	0.9604	2	0	0
眻	773B	5	0.4015	4.752	0.9512	2	0	0
眼	773C	5	0.4752	5.463	0.9411	2	1	0
眽	773D	5	0.4215	5.970	0.9635	2	0	0
眾	773E	5	0.3892	5.628	0.9571	2	1	0
眿	773F	5	0.3738	5.211	0.9504	2	0	0
着	7740	5	0.4631	6.232	0.9652	2	1	0
睁	7741	5	0.4262	5.045	0.9851	3	0	0
睂	7742	5	0.4151	6.671	0.9580	2	0	0
睃	7743	5	0.3881	6.333	0.9390	4	0	0
睄	7744	5	0.4776	5.409	0.9330	3	0	0
睅	7745	5	0.4688	4.865	0.9702	3	0	0
睆	7746	5	0.4015	5.274	0.9535	4	0	0
睇	7747	5	0.4677	5.761	0.9526	5	0	0
睈	7748	5	0.4867	4.752	0.9731	3	0	0
睉	7749	5	0.4431	5.258	0.9484	5	0	0
睊	774A	5	0.5150	4.947	0.9676	3	0	0
睋	774B	5	0.4815	6.186	0.9294	2	0	0
睌	774C	5	0.4692	5.582	0.9227	3	0	0
睍	774D	5	0.4848	5.288	0.9153	2	0	0
睎	774E	5	0.4615	5.886	0.9392	4	0	0
睏	774F	5	0.5250	5.739	0.9054	3	0	0
睐	7750	5	0.4277	5.496	0.9548	2	0	0
睑	7751	5	0.4160	5.280	0.9773	5	0	0
睒	7752	5	0.4077	6.081	0.9466	3	0	0
睓	7753	5	0.3985	5.780	1.0087	3	0	0
睔	7754	5	0.4785	5.828	0.9555	4	0	0
睕	7755	5	0.4523	6.120	0.9223	4	0	0
睖	7756	5	0.4477	6.245	0.9173	4	0	0
睗	7757	5	0.5250	5.939	0.9279	4	0	0
睘	7758	5	0.4662	6.292	0.9472	2	0	0
睙	7759	5	0.4508	6.035	0.9560	3	0	0
睚	775A	5	0.5104	5.802	0.8824	4	0	0
睛	775B	5	0.4615	5.695	0.9871	2	0	0
睜	775C	5	0.4185	5.733	0.9362	3	0	0
睝	775D	5	0.4308	6.575	0.9297	2	0	0
睞	775E	5	0.4369	5.814	0.9357	2	0	0
睟	775F	5	0.3923	5.090	0.9494	3	0	0
睠	7760	5	0.4677	6.127	0.9360	3	0	0
睡	7761	5	0.4892	5.550	0.9529	2	1	1
睢	7762	5	0.4646	5.333	0.9530	2	0	0
督	7763	5	0.4123	6.588	0.9357	4	1	1
睤	7764	5	0.4832	5.202	0.9458	3	0	0
睥	7765	5	0.4600	5.227	0.9535	3	0	0
睦	7766	5	0.4477	5.320	0.9660	4	1	1
睧	7767	5	0.4862	5.928	0.9420	3	0	0
睨	7768	5	0.4385	5.362	0.9487	3	0	0
睩	7769	5	0.4656	5.636	0.9616	3	0	0
睪	776A	5	0.4976	5.735	0.9590	3	0	0
睫	776B	5	0.5138	6.017	0.9447	2	0	0
睬	776C	5	0.3985	5.793	0.9494	3	0	0
睭	776D	5	0.5417	5.644	0.9471	3	0	0
睮	776E	5	0.4231	6.130	0.9598	5	0	0
睯	776F	5	0.4462	7.205	0.9363	3	0	0
睰	7770	5	0.4615	5.272	0.9403	4	0	0
睱	7771	5	0.5120	5.939	0.9464	3	0	0
睲	7772	5	0.5152	5.502	0.9234	3	0	0
睳	7773	5	0.4692	5.777	0.9551	4	0	0
睴	7774	5	0.4944	5.610	0.9733	3	0	0
睵	7775	5	0.5077	6.224	0.9463	3	0	0
睶	7776	5	0.5077	5.777	0.9605	3	0	0
睷	7777	5	0.4938	6.823	0.9286	3	0	0
睸	7778	5	0.5350	5.900	0.9203	3	0	0
睹	7779	5	0.4908	5.823	0.9409	3	0	0
睺	777A	5	0.4892	6.114	0.9451	3	0	0
睻	777B	5	0.4554	5.306	0.9839	5	0	0
睼	777C	5	0.5248	5.766	0.9123	4	0	0
睽	777D	5	0.4323	6.255	0.9356	4	0	0
睾	777E	5	0.4601	5.920	0.9635	4	0	0
睿	777F	5	0.3624	6.787	0.9787	3	0	0
瞀	7780	5	0.4615	7.072	0.8842	3	0	0
瞁	7781	5	0.4800	5.985	0.9424	3	0	0
瞂	7782	5	0.4763	7.083	0.9204	3	0	0
瞃	7783	5	0.5169	6.174	0.9784	3	0	0
瞄	7784	5	0.4954	5.306	1.0074	3	0	0
瞅	7785	5	0.4354	6.164	0.9353	3	0	0
瞆	7786	5	0.4815	6.022	0.9688	3	0	0
瞇	7787	5	0.4000	6.362	0.9421	3	0	0
瞈	7788	5	0.4692	7.099	0.9137	4	0	0
瞉	7789	5	0.4260	6.955	0.9734	2	0	0
瞊	778A	5	0.4923	6.275	0.9854	3	0	0
瞋	778B	5	0.4692	6.748	0.9533	4	0	0
瞌	778C	5	0.5108	5.819	0.9690	4	0	0
瞍	778D	5	0.4662	6.188	0.9545	3	0	0
瞎	778E	5	0.4969	5.911	0.9624	3	0	0
瞏	778F	5	0.3967	6.868	0.9969	5	0	0
瞐	7790	5	0.4618	6.111	1.0282	2	0	0
瞑	7791	5	0.4800	5.789	0.9227	5	0	0
瞒	7792	5	0.5046	6.369	0.9622	2	0	0
瞓	7793	5	0.4535	6.161	0.9596	3	0	0
瞔	7794	5	0.4446	6.656	0.9810	3	0	0
瞕	7795	5	0.4446	5.843	0.9647	3	0	0
瞖	7796	5	0.4157	7.597	0.9235	5	0	0
瞗	7797	5	0.4508	6.305	0.9692	3	0	0
瞘	7798	5	0.4950	5.729	0.9767	5	0	0
瞙	7799	5	0.4477	5.959	0.9678	4	0	0
瞚	779A	5	0.4712	6.114	0.9506	3	0	0
瞛	779B	5	0.4585	6.544	0.8849	3	0	0
瞜	779C	5	0.4969	6.647	0.9657	3	0	0
瞝	779D	5	0.4938	6.685	0.9382	3	0	0
瞞	779E	5	0.5154	6.565	0.9374	2	0	0
瞟	779F	5	0.5264	6.311	0.9412	3	0	0
瞠	77A0	5	0.4831	5.686	0.9361	3	0	0
瞡	77A1	5	0.4892	6.414	0.9256	3	0	0
瞢	77A2	5	0.3942	6.981	0.9724	2	0	0
瞣	77A3	5	0.5144	6.208	0.9409	3	0	0
瞤	77A4	5	0.5717	5.644	0.9403	3	0	0
瞥	77A5	5	0.4077	7.328	0.9333	3	0	0
瞦	77A6	5	0.4523	6.239	0.9392	6	0	0
瞧	77A7	5	0.4508	6.272	0.9571	3	0	0
瞨	77A8	5	0.4738	6.675	0.9541	4	0	0
瞩	77A9	5	0.5467	6.821	0.9527	3	0	0
瞪	77AA	5	0.5024	6.450	0.9260	5	0	0
瞫	77AB	5	0.4784	6.119	0.9871	4	0	0
瞬	77AC	5	0.5000	6.849	0.8939	4	1	1
瞭	77AD	5	0.4800	6.325	0.9407	4	0	0
瞮	77AE	5	0.4908	6.630	0.9041	2	0	0
瞯	77AF	5	0.5500	5.835	0.9495	3	0	0
瞰	77B0	5	0.4708	6.437	0.9335	4	0	0
瞱	77B1	5	0.5015	5.694	0.9847	3	0	0
瞲	77B2	5	0.5077	7.361	0.8784	4	0	0
瞳	77B3	5	0.5046	6.313	0.9811	4	1	1
瞴	77B4	5	0.5277	6.611	0.8907	3	0	0
瞵	77B5	5	0.4754	6.812	0.9027	4	0	0
瞶	77B6	5	0.4400	6.472	0.9954	3	0	0
瞷	77B7	5	0.5700	5.554	0.9681	3	0	0
瞸	77B8	5	0.5169	6.391	0.9604	4	0	0
瞹	77B9	5	0.4846	7.435	0.8741	4	0	0
瞺	77BA	5	0.4326	6.635	0.9565	4	0	0
瞻	77BB	5	0.4600	7.347	0.9464	4	0	0
瞼	77BC	5	0.4341	6.430	0.9351	7	0	0
瞽	77BD	5	0.4728	7.524	0.9367	7	0	0
瞾	77BE	5	0.4917	6.789	0.9716	4	0	0
瞿	77BF	5	0.4431	6.709	0.9855	2	0	0
矀	77C0	5	0.5108	7.519	0.8983	4	0	0
矁	77C1	5	0.4215	7.042	0.9069	4	0	0
矂	77C2	5	0.4769	5.959	0.9876	5	0	0
矃	77C3	5	0.4723	6.494	0.9327	4	0	0
矄	77C4	5	0.5031	7.765	0.9107	2	0	0
矅	77C5	5	0.5224	6.763	0.9611	3	0	0
矆	77C6	5	0.4723	7.079	0.9295	4	0	0
矇	77C7	5	0.4754	7.317	0.9525	5	0	0
矈	77C8	5	0.4292	7.145	0.9376	5	0	0
矉	77C9	5	0.4535	7.086	0.9230	3	0	0
矊	77CA	5	0.4840	7.153	0.9342	4	0	0
矋	77CB	5	0.5264	7.082	0.9206	5	0	0
矌	77CC	5	0.5215	7.002	0.9697	3	0	0
矍	77CD	5	0.4431	8.247	0.9458	3	0	0
矎	77CE	5	0.5128	7.836	0.9473	3	0	0
矏	77CF	5	0.4338	7.457	0.9278	5	0	0
矐	77D0	5	0.4785	6.842	0.9797	3	0	0
矑	77D1	5	0.5015	7.170	0.9302	3	0	0
矒	77D2	5	0.5123	6.733	0.9820	3	0	0
矓	77D3	5	0.4908	7.016	0.9526	2	0	0
矔	77D4	5	0.5138	6.727	0.9409	5	0	0
矕	77D5	5	0.4053	8.831	0.8970	2	0	0
矖	77D6	5	0.5184	7.745	0.9219	7	0	0
矗	77D7	5	0.4556	9.337	0.9714	6	0	0
矘	77D8	5	0.4431	8.067	0.9294	3	0	0
矙	77D9	5	0.5753	7.197	0.8752	5	0	0
矚	77DA	5	0.5300	8.412	0.9061	4	0	0
矛	77DB	5	0.3296	4.203	0.9517	1	0	0
矜	77DC	5	0.3385	5.524	0.9017	4	0	0
矝	77DD	5	0.3284	5.788	0.9103	4	0	0
矞	77DE	5	0.4663	7.130	0.8778	3	0	0
矟	77DF	5	0.4586	6.332	0.8995	3	0	0
矠	77E0	5	0.4482	6.043	0.9356	4	0	0
矡	77E1	5	0.4586	8.458	0.8815	4	0	0
矢	77E2	5	0.3015	4.213	0.9267	1	0	0
矣	77E3	5	0.3766	5.344	0.9107	2	1	0
矤	77E4	5	0.3554	5.182	0.9311	2	0	0
知	77E5	5	0.3814	4.651	0.9686	2	1	0
矦	77E6	5	0.3938	5.590	0.9123	3	0	0
矧	77E7	5	0.3558	5.009	0.9562	3	0	0
矨	77E8	5	0.3521	5.266	0.9313	3	0	0
矩	77E9	5	0.3772	5.282	0.9568	2	1	0
矪	77EA	5	0.3891	5.837	0.9588	2	0	0
矫	77EB	5	0.3565	5.702	0.9612	4	0	0
矬	77EC	5	0.4077	5.877	0.9238	5	0	0
短	77ED	5	0.3861	5.861	0.9155	4	1	0
矮	77EE	5	0.4246	6.726	0.8860	3	1	1
矯	77EF	5	0.4438	7.119	0.9265	6	0	0
矰	77F0	5	0.4416	6.755	0.9483	4	0	0
矱	77F1	5	0.4512	7.591	0.9094	4	0	0
矲	77F2	5	0.4852	7.744	0.8717	4	0	0
石	77F3	5	0.3467	3.441	0.9760	1	0	0
矴	77F4	5	0.2997	3.531	0.9467	2	0	0
矵	77F5	5	0.3677	3.969	0.9440	2	0	0
矶	77F6	5	0.3738	4.734	0.9077	2	0	0
矷	77F7	5	0.3708	4.238	0.9137	2	0	0
矸	77F8	5	0.3292	3.749	0.9767	2	0	0
矹	77F9	5	0.3785	4.912	0.9366	2	0	0
矺	77FA	5	0.3447	4.681	0.9327	3	0	0
矻	77FB	5	0.3284	4.940	0.9615	3	0	0
矼	77FC	5	0.3796	3.810	0.8898	2	0	0
矽	77FD	5	0.3343	4.903	0.9531	2	0	0
矾	77FE	5	0.3615	5.212	0.9303	3	0	0
矿	77FF	5	0.2870	3.879	0.9619	2	1	0
砀	7800	5	0.4224	6.061	0.8414	2	0	0
码	7801	5	0.3856	4.887	0.9086	2	1	0
砂	7802	5	0.3151	5.030	0.9405	3	1	0
砃	7803	5	0.4108	5.360	0.9558	2	0	0
砄	7804	5	0.3698	5.179	0.9395	2	0	0
砅	7805	5	0.3550	5.320	0.9289	2	0	0
砆	7806	5	0.3624	5.042	0.9344	2	0	0
砇	7807	5	0.3713	5.221	0.9504	2	0	0
砈	7808	5	0.4185	5.676	0.9303	3	0	0
砉	7809	5	0.4154	6.222	0.9485	2	0	0
砊	780A	5	0.3550	5.032	0.9249	3	0	0
砋	780B	5	0.3766	4.408	0.9754	2	0	0
砌	780C	5	0.4256	5.842	0.9057	3	0	0
砍	780D	5	0.3536	5.253	0.9372	2	0	0
砎	780E	5	0.3120	4.942	0.9595	3	0	0
砏	780F	5	0.3785	5.397	0.8834	3	0	0
砐	7810	5	0.4154	5.823	0.9175	2	0	0
砑	7811	5	0.3785	5.124	0.9125	2	0	0
砒	7812	5	0.3802	5.307	0.9240	2	0	0
砓	7813	5	0.4208	5.570	0.8976	3	0	0
研	7814	5	0.3923	4.629	0.9640	3	1	0
砕	7815	5	0.3550	4.817	0.9421	3	1	1
砖	7816	5	0.3565	5.188	0.9490	2	0	0
砗	7817	5	0.3698	4.817	0.9860	2	0	0
砘	7818	5	0.3876	5.029	0.9750	2	0	0
砙	7819	5	0.4031	5.517	0.9039	2	0	0
砚	781A	5	0.3969	5.347	0.9575	2	0	0
砛	781B	5	0.3136	4.887	0.9444	4	0	0
砜	781C	5	0.4262	6.312	0.9124	2	0	0
砝	781D	5	0.3550	5.076	0.9585	3	0	0
砞	781E	5	0.3905	5.144	0.9870	2	0	0
砟	781F	5	0.3373	4.581	0.9530	2	0	0
砠	7820	5	0.4200	4.809	0.9385	2	0	0
砡	7821	5	0.3798	4.386	0.9596	2	0	0
砢	7822	5	0.3785	4.613	0.9626	3	0	0
砣	7823	5	0.3631	4.875	0.9632	3	0	0
砤	7824	5	0.4127	5.884	0.9413	2	0	0
砥	7825	5	0.3654	5.656	0.9248	3	0	0
砦	7826	5	0.4112	5.778	0.9519	3	0	0
砧	7827	5	0.3373	4.506	0.9945	3	0	0
砨	7828	5	0.4231	5.937	0.9134	3	0	0
砩	7829	5	0.4556	5.899	0.9487	2	0	0
砪	782A	5	0.4431	5.838	0.9339	2	0	0
砫	782B	5	0.3600	4.461	0.9540	3	0	0
砬	782C	5	0.3385	4.801	0.9457	2	0	0
砭	782D	5	0.3476	5.366	0.8983	3	0	0
砮	782E	5	0.4585	6.678	0.9433	3	0	0
砯	782F	5	0.3654	5.613	0.9284	2	0	0
砰	7830	5	0.3585	4.861	0.9511	2	0	0
砱	7831	5	0.3269	5.291	0.9377	4	0	0
砲	7832	5	0.4172	5.560	0.9511	3	1	0
砳	7833	5	0.4103	4.665	0.9526	2	0	0
破	7834	5	0.4400	6.010	0.9404	2	1	0
砵	7835	5	0.3787	5.138	0.9395	2	0	0
砶	7836	5	0.3911	4.615	0.9742	2	0	0
砷	7837	5	0.4092	4.688	0.9682	2	0	0
砸	7838	5	0.4567	5.500	0.9417	3	0	0
砹	7839	5	0.3683	5.384	0.9538	3	0	0
砺	783A	5	0.4385	5.655	0.9231	3	0	0
砻	783B	5	0.4320	6.439	0.9408	2	0	0
砼	783C	5	0.3585	4.822	0.9448	3	0	0
砽	783D	5	0.4896	5.422	0.9407	2	0	0
砾	783E	5	0.3646	5.443	0.9486	2	0	0
砿	783F	5	0.3615	5.600	0.9454	3	0	0
础	7840	5	0.3969	5.086	0.9932	3	1	0
硁	7841	5	0.3910	4.783	0.9659	2	0	0
硂	7842	5	0.3769	5.082	0.9571	3	0	0
硃	7843	5	0.4009	5.548	0.9532	3	0	0
硄	7844	5	0.3891	5.513	0.9313	4	0	0
硅	7845	5	0.3954	4.817	0.9749	3	0	0
硆	7846	5	0.3831	5.279	0.9653	4	0	0
硇	7847	5	0.4354	5.658	0.9675	3	0	0
硈	7848	5	0.3846	4.961	0.9847	3	0	0
硉	7849	5	0.4334	5.380	0.9616	2	0	0
硊	784A	5	0.4216	5.955	0.9430	4	0	0
硋	784B	5	0.3846	5.837	0.9456	4	0	0
硌	784C	5	0.4068	5.689	0.9499	3	0	0
硍	784D	5	0.4523	5.748	0.9442	2	0	0
硎	784E	5	0.4785	5.868	0.9510	4	0	0
硏	784F	5	0.4015	5.061	0.9052	3	0	0
硐	7850	5	0.4608	5.421	0.9407	3	0	0
硑	7851	5	0.3802	5.344	0.9321	5	0	0
硒	7852	5	0.4508	5.699	0.9683	2	0	0
硓	7853	5	0.4009	5.487	0.9462	3	0	0
硔	7854	5	0.3757	5.199	0.9469	3	0	0
硕	7855	5	0.4200	5.409	0.9764	2	1	0
硖	7856	5	0.3876	5.707	0.9604	2	0	0
硗	7857	5	0.4068	6.039	0.9267	3	0	0
硘	7858	5	0.4720	5.187	0.9718	3	0	0
硙	7859	5	0.3985	5.273	0.9446	3	0	0
硚	785A	5	0.3728	5.522	0.9542	4	0	0
硛	785B	5	0.3920	5.796	0.9457	5	0	0
硜	785C	5	0.4323	5.754	0.9485	6	0	0
硝	785D	5	0.4000	5.647	0.9449	3	1	0
硞	785E	5	0.3935	5.398	0.9477	3	0	0
硟	785F	5	0.4393	6.598	0.9181	3	0	0
硠	7860	5	0.4201	5.753	0.9259	3	0	0
硡	7861	5	0.4009	6.009	0.9574	4	0	0
硢	7862	5	0.3861	5.814	0.9625	4	0	0
硣	7863	5	0.4083	5.625	0.9299	3	0	0
硤	7864	5	0.3935	5.942	0.9094	2	0	0
硥	7865	5	0.4446	6.603	0.9197	3	0	0
硦	7866	5	0.4477	5.386	0.9452	3	0	0
硧	7867	5	0.4960	6.028	0.8726	3	0	0
硨	7868	5	0.4512	5.574	0.9626	2	0	0
硩	7869	5	0.4446	6.138	0.9197	3	0	0
硪	786A	5	0.4438	6.570	0.9249	2	0	0
硫	786B	5	0.3905	6.034	0.9275	2	1	1
硬	786C	5	0.4846	5.977	0.8989	2	1	1
硭	786D	5	0.3754	4.768	0.9506	3	0	0
确	786E	5	0.4585	5.821	0.9348	2	1	1
硯	786F	5	0.4631	5.682	0.8795	2	0	0
硰	7870	5	0.4006	6.275	0.9230	4	0	0
硱	7871	5	0.5104	5.898	0.9089	3	0	0
硲	7872	5	0.4024	5.860	0.9386	2	0	0
硳	7873	5	0.3639	5.801	0.9481	2	0	0
硴	7874	5	0.3831	5.616	0.9150	4	0	0
硵	7875	5	0.4290	6.043	0.9197	4	0	0
硶	7876	5	0.3609	5.556	0.9519	5	0	0
硷	7877	5	0.3923	5.677	0.9549	5	0	0
硸	7878	5	0.4231	5.781	0.9614	4	0	0
硹	7879	5	0.4038	6.440	0.9198	4	0	0
硺	787A	5	0.4308	6.679	0.8768	3	0	0
硻	787B	5	0.5248	6.750	0.9274	3	0	0
硼	787C	5	0.5200	6.285	0.9069	3	0	0
硽	787D	5	0.4704	6.054	0.9180	3	0	0
硾	787E	5	0.4477	5.800	0.9892	2	0	0
硿	787F	5	0.3892	5.340	0.9287	4	0	0
碀	7880	5	0.4083	5.222	0.9574	3	0	0
碁	7881	5	0.4734	5.990	0.9181	3	1	1
碂	7882	5	0.3817	5.594	0.9592	3	0	0
碃	7883	5	0.4408	5.917	0.9912	2	0	0
碄	7884	5	0.4246	6.021	0.9358	3	0	0
碅	7885	5	0.5232	6.049	0.9588	3	0	0
碆	7886	5	0.4754	7.105	0.8726	3	0	0
碇	7887	5	0.4009	5.621	0.9251	3	0	0
碈	7888	5	0.4408	6.221	0.9614	3	0	0
碉	7889	5	0.5056	5.803	0.9512	3	0	0
碊	788A	5	0.4423	7.051	0.8755	3	0	0
碋	788B	5	0.3994	5.423	0.9539	4	0	0
碌	788C	5	0.4142	6.178	0.9438	3	0	0
碍	788D	5	0.4275	5.637	0.9620	2	1	1
碎	788E	5	0.3639	5.413	0.9235	3	1	1
碏	788F	5	0.4142	5.373	0.9699	4	0	0
碐	7890	5	0.4216	6.471	0.9153	4	0	0
碑	7891	5	0.4305	5.498	0.9583	3	1	1
碒	7892	5	0.4074	5.946	0.9493	2	0	0
碓	7893	5	0.4127	5.544	0.9364	2	0	0
碔	7894	5	0.4038	6.159	0.9617	3	0	0
碕	7895	5	0.4068	5.870	0.9305	4	0	0
碖	7896	5	0.3964	6.239	0.9616	4	0	0
碗	7897	5	0.4216	6.476	0.9265	4	0	0
碘	7898	5	0.3950	6.126	0.9668	3	0	0
碙	7899	5	0.4656	6.117	0.9416	3	0	0
碚	789A	5	0.3994	5.497	0.9515	3	0	0
碛	789B	5	0.4172	6.360	0.9706	3	0	0
碜	789C	5	0.3979	6.678	0.9302	3	0	0
碝	789D	5	0.4723	6.215	0.9052	3	0	0
碞	789E	5	0.4538	6.006	0.9484	4	0	0
碟	789F	5	0.4556	6.165	0.9670	3	1	1
碠	78A0	5	0.4098	5.529	0.9670	5	0	0
碡	78A1	5	0.4778	6.405	0.9458	3	0	0
碢	78A2	5	0.4512	5.609	0.9270	3	0	0
碣	78A3	5	0.4832	6.350	0.8592	5	0	0
碤	78A4	5	0.4364	5.904	0.9380	3	0	0
碥	78A5	5	0.4831	6.342	0.9073	3	0	0
碦	78A6	5	0.4431	6.096	0.9174	4	0	0
碧	78A7	5	0.4800	6.185	0.9938	3	1	1
碨	78A8	5	0.4631	6.130	0.9033	4	0	0
碩	78A9	5	0.4123	5.843	0.8631	2	1	0
碪	78AA	5	0.4585	6.015	0.9534	4	0	0
碫	78AB	5	0.4320	6.501	0.9495	4	0	0
碬	78AC	5	0.4431	6.195	0.9096	3	0	0
碭	78AD	5	0.4571	6.463	0.9551	5	0	0
碮	78AE	5	0.4769	6.067	0.8950	4	0	0
碯	78AF	5	0.4600	7.115	0.8834	2	0	0
碰	78B0	5	0.4308	6.031	0.9385	3	1	0
碱	78B1	5	0.4290	6.884	0.9470	4	1	1
碲	78B2	5	0.3950	5.772	0.9462	3	0	0
碳	78B3	5	0.4305	6.624	0.9320	4	1	1
碴	78B4	5	0.4754	6.009	0.9677	4	0	0
碵	78B5	5	0.4068	5.768	0.9369	3	0	0
碶	78B6	5	0.4320	6.553	0.9420	3	0	0
碷	78B7	5	0.4867	6.388	0.9482	3	0	0
碸	78B8	5	0.4889	7.028	0.9395	2	0	0
碹	78B9	5	0.4024	5.635	0.9624	5	0	0
確	78BA	5	0.4497	6.004	0.9417	2	1	1
碻	78BB	5	0.4068	6.072	0.9727	5	0	0
碼	78BC	5	0.4816	6.024	0.9163	2	1	1
碽	78BD	5	0.4754	6.232	0.9477	3	0	0
碾	78BE	5	0.5092	6.734	0.8987	3	0	0
碿	78BF	5	0.4816	6.722	0.8796	4	0	0
磀	78C0	5	0.3905	6.419	0.9078	4	0	0
磁	78C1	5	0.4275	7.160	0.8919	3	1	1
磂	78C2	5	0.4615	6.672	0.9482	3	0	0
磃	78C3	5	0.4201	7.344	0.9218	4	0	0
磄	78C4	5	0.4675	6.519	0.9469	3	0	0
磅	78C5	5	0.4231	5.976	0.9397	3	0	0
磆	78C6	5	0.4615	5.671	0.9113	3	0	0
磇	78C7	5	0.4438	6.757	0.9022	2	0	0
磈	78C8	5	0.4645	6.318	0.9324	2	0	0
磉	78C9	5	0.4571	7.409	0.9110	5	0	0
磊	78CA	5	0.4862	5.925	0.9411	3	0	0
磋	78CB	5	0.4349	6.268	0.8897	3	0	0
磌	78CC	5	0.4275	6.719	0.9527	4	0	0
磍	78CD	5	0.4704	6.096	0.9243	3	0	0
磎	78CE	5	0.4349	7.088	0.8926	3	0	0
磏	78CF	5	0.4911	6.916	0.9247	3	0	0
磐	78D0	5	0.4556	7.545	0.8717	4	1	1
磑	78D1	5	0.4305	5.996	0.9269	5	0	0
磒	78D2	5	0.4431	6.162	0.9434	3	0	0
磓	78D3	5	0.3950	6.370	0.9086	3	0	0
磔	78D4	5	0.4231	6.709	0.9488	4	0	0
磕	78D5	5	0.4571	6.108	0.9712	4	0	0
磖	78D6	5	0.4944	6.548	0.8705	3	0	0
磗	78D7	5	0.4556	6.304	0.9609	3	0	0
磘	78D8	5	0.4246	6.403	0.9581	2	0	0
磙	78D9	5	0.4349	6.884	0.9023	4	0	0
磚	78DA	5	0.4393	6.430	0.9570	3	0	0
磛	78DB	5	0.4364	6.910	0.9151	3	0	0
磜	78DC	5	0.4320	7.044	0.9283	3	0	0
磝	78DD	5	0.4482	6.809	0.9151	4	0	0
磞	78DE	5	0.5089	6.386	0.9697	4	0	0
磟	78DF	5	0.4201	7.377	0.8989	3	0	0
磠	78E0	5	0.4408	6.864	0.9133	4	0	0
磡	78E1	5	0.4908	6.913	0.9003	5	0	0
磢	78E2	5	0.4172	7.395	0.8997	4	0	0
磣	78E3	5	0.3891	7.496	0.9338	3	0	0
磤	78E4	5	0.4512	7.308	0.9449	4	0	0
磥	78E5	5	0.4892	6.749	0.8868	3	0	0
磦	78E6	5	0.4846	6.476	0.9346	3	0	0
磧	78E7	5	0.3979	6.875	0.9483	3	0	0
磨	78E8	5	0.4201	7.004	0.9072	4	1	1
磩	78E9	5	0.4334	7.454	0.9029	4	0	0
磪	78EA	5	0.4660	6.139	0.9491	3	0	0
磫	78EB	5	0.4305	6.818	0.9054	3	0	0
磬	78EC	5	0.4512	7.381	0.8962	5	0	0
磭	78ED	5	0.4646	7.173	0.9465	3	0	0
磮	78EE	5	0.4467	6.645	0.9666	5	0	0
磯	78EF	5	0.4630	8.211	0.8807	3	1	1
磰	78F0	5	0.4793	6.567	0.9341	4	0	0
磱	78F1	5	0.4260	7.210	0.9069	3	0	0
磲	78F2	5	0.4349	6.745	0.9233	4	0	0
磳	78F3	5	0.4364	6.494	0.9352	4	0	0
磴	78F4	5	0.4645	6.658	0.9186	5	0	0
磵	78F5	5	0.4304	6.222	0.9708	3	0	0
磶	78F6	5	0.4354	6.641	0.9233	3	0	0
磷	78F7	5	0.4290	7.017	0.9231	4	1	1
磸	78F8	5	0.4615	6.981	0.9559	5	0	0
磹	78F9	5	0.4615	6.246	0.9054	4	0	0
磺	78FA	5	0.4662	6.551	0.9453	2	0	0
磻	78FB	5	0.4763	6.837	0.8916	3	0	0
磼	78FC	5	0.4719	6.658	0.9571	3	0	0
磽	78FD	5	0.4615	6.474	0.9802	5	0	0
磾	78FE	5	0.4793	5.912	0.9727	4	0	0
磿	78FF	5	0.4969	7.315	0.8719	4	0	0
礀	7900	5	0.5040	6.208	0.9310	3	0	0
礁	7901	5	0.4393	6.656	0.9290	3	1	1
礂	7902	5	0.4127	6.361	0.9191	6	0	0
礃	7903	5	0.4385	6.391	0.9364	3	0	0
礄	7904	5	0.4541	6.973	0.9350	6	0	0
礅	7905	5	0.4305	6.951	0.9268	5	0	0
礆	7906	5	0.4186	6.729	0.9202	7	0	0
礇	7907	5	0.4541	7.207	0.9072	3	0	0
礈	7908	5	0.4246	7.453	0.9005	3	0	0
礉	7909	5	0.4778	7.057	0.8966	3	0	0
礊	790A	5	0.4660	7.965	0.9078	2	0	0
礋	790B	5	0.4831	6.321	0.9130	4	0	0
礌	790C	5	0.5024	6.474	0.9083	3	0	0
礍	790D	5	0.4438	6.897	0.9286	6	0	0
礎	790E	5	0.4512	7.019	0.9151	4	1	1
礏	790F	5	0.4704	6.927	0.9217	4	0	0
礐	7910	5	0.4691	7.070	0.9148	2	0	0
礑	7911	5	0.4923	6.320	0.9104	3	0	0
礒	7912	5	0.4715	7.355	0.9100	3	0	0
礓	7913	5	0.4569	6.668	0.9667	4	0	0
礔	7914	5	0.4246	6.472	0.9420	3	0	0
礕	7915	5	0.4896	6.964	0.9030	3	0	0
礖	7916	5	0.4364	6.666	0.9636	3	0	0
礗	7917	5	0.4185	7.269	0.9235	3	0	0
礘	7918	5	0.4464	7.618	0.8927	2	0	0
礙	7919	5	0.4704	7.568	0.9123	3	1	1
礚	791A	5	0.4837	6.701	0.9305	5	0	0
礛	791B	5	0.4512	6.670	0.9370	3	0	0
礜	791C	5	0.4512	6.688	0.9461	3	0	0
礝	791D	5	0.4320	7.327	0.9212	3	0	0
礞	791E	5	0.4245	7.355	0.9285	5	0	0
礟	791F	5	0.4675	7.628	0.9152	3	0	0
礠	7920	5	0.4275	7.592	0.8971	4	0	0
礡	7921	5	0.4487	6.913	0.9468	4	0	0
礢	7922	5	0.4482	7.471	0.9215	5	0	0
礣	7923	5	0.4571	7.054	0.9297	4	0	0
礤	7924	5	0.4320	7.387	0.9268	4	0	0
礥	7925	5	0.4305	7.280	0.9510	4	0	0
礦	7926	5	0.4630	7.266	0.9290	3	1	1
礧	7927	5	0.5376	6.722	0.9134	4	0	0
礨	7928	5	0.4992	7.195	0.9423	4	0	0
礩	7929	5	0.4246	7.260	0.9086	4	0	0
礪	792A	5	0.4769	7.406	0.8918	5	0	0
礫	792B	5	0.4689	7.818	0.8801	4	0	0
礬	792C	5	0.4615	7.865	0.8924	5	0	0
礭	792D	5	0.4379	7.061	0.9436	3	0	0
礮	792E	5	0.4630	8.003	0.8834	4	0	0
礯	792F	5	0.4615	8.284	0.8853	3	0	0
礰	7930	5	0.5046	7.469	0.8641	5	0	0
礱	7931	5	0.4538	8.414	0.9678	2	0	0
礲	7932	5	0.4630	7.388	0.9293	2	0	0
礳	7933	5	0.4793	7.428	0.9009	5	0	0
礴	7934	5	0.4202	7.364	0.9304	5	0	0
礵	7935	5	0.5152	7.110	0.8945	4	0	0
礶	7936	5	0.4704	6.958	0.9563	5	0	0
礷	7937	5	0.4800	6.715	0.9527	4	0	0
礸	7938	5	0.4556	7.827	0.9631	6	0	0
礹	7939	5	0.5231	7.865	0.9112	7	0	0
示	793A	5	0.2850	3.618	0.9507	1	0	0
礻	793B	5	0.3047	3.437	0.9581	1	0	0
礼	793C	5	0.2422	3.826	0.9150	2	1	0
礽	793D	5	0.3262	5.198	0.9047	2	0	0
社	793E	5	0.2870	4.303	0.9529	2	1	0
礿	793F	5	0.3062	4.876	0.9193	3	0	0
祀	7940	5	0.3248	4.948	0.9515	2	1	0
祁	7941	5	0.3308	4.975	0.9356	2	0	0
祂	7942	5	0.3476	5.757	0.9220	2	0	0
祃	7943	5	0.3477	5.151	0.9106	2	0	0
祄	7944	5	0.2778	5.177	0.9498	3	0	0
祅	7945	5	0.3166	5.462	0.9475	3	0	0
祆	7946	5	0.3314	5.339	0.9282	3	0	0
祇	7947	5	0.3683	5.760	0.9091	2	1	0
祈	7948	5	0.3062	4.852	0.9484	2	1	0
祉	7949	5	0.3254	4.794	0.9013	2	1	0
祊	794A	5	0.3136	5.292	0.9201	2	0	0
祋	794B	5	0.3609	5.933	0.9361	3	0	0
祌	794C	5	0.3369	4.340	0.9537	2	0	0
祍	794D	5	0.3048	4.627	0.9477	2	0	0
祎	794E	5	0.3373	4.937	0.9349	2	0	0
祏	794F	5	0.3677	5.178	0.9512	2	0	0
祐	7950	5	0.3521	5.224	0.9317	3	1	0
祑	7951	5	0.3476	5.654	0.9183	3	0	0
祒	7952	5	0.3831	5.408	0.9315	3	0	0
祓	7953	5	0.3669	6.106	0.9277	2	0	0
祔	7954	5	0.3417	5.600	0.9317	3	0	0
祕	7955	5	0.3506	6.206	0.9028	2	0	0
祖	7956	5	0.3732	5.330	0.9625	2	1	0
祗	7957	5	0.3654	5.949	0.9171	3	0	0
祘	7958	5	0.3262	5.379	0.9135	2	0	0
祙	7959	5	0.3447	5.136	0.9435	2	0	0
祚	795A	5	0.3047	4.769	0.9406	2	0	0
祛	795B	5	0.3462	5.346	0.9387	3	0	0
祜	795C	5	0.3506	4.948	0.9297	3	0	0
祝	795D	5	0.3565	5.482	0.9244	3	1	0
神	795E	5	0.3769	5.018	0.9397	2	1	0
祟	795F	5	0.3894	5.502	0.9726	3	0	0
祠	7960	5	0.3862	5.134	0.9714	3	1	0
祡	7961	5	0.3743	5.870	0.9403	3	0	0
祢	7962	5	0.3225	5.577	0.9290	3	0	0
祣	7963	5	0.3476	5.748	0.9167	2	0	0
祤	7964	5	0.3938	5.827	0.9051	2	0	0
祥	7965	5	0.3343	5.166	0.9445	2	1	0
祦	7966	5	0.3831	5.687	0.9333	3	0	0
祧	7967	5	0.3817	6.365	0.9119	2	0	0
票	7968	5	0.4784	5.917	0.9634	2	1	1
祩	7969	5	0.3669	5.858	0.9248	3	0	0
祪	796A	5	0.4024	5.976	0.9043	4	0	0
祫	796B	5	0.3521	5.565	0.9521	4	0	0
祬	796C	5	0.3590	5.568	0.9452	3	0	0
祭	796D	5	0.3802	6.385	0.9485	2	1	1
祮	796E	5	0.3550	4.987	0.9408	3	0	0
祯	796F	5	0.3585	5.405	0.9446	3	0	0
祰	7970	5	0.3817	5.389	0.9563	3	0	0
祱	7971	5	0.3654	5.450	0.9033	3	0	0
祲	7972	5	0.4431	6.629	0.9186	2	0	0
祳	7973	5	0.3891	6.211	0.9567	2	0	0
祴	7974	5	0.4024	6.457	0.8905	3	0	0
祵	7975	5	0.4431	6.147	0.9452	3	0	0
祶	7976	5	0.4138	5.910	0.9123	5	0	0
祷	7977	5	0.4009	6.005	0.9480	3	0	0
祸	7978	5	0.4277	5.739	0.9280	3	0	0
祹	7979	5	0.3905	6.399	0.9353	3	0	0
祺	797A	5	0.3743	5.966	0.9396	3	0	0
祻	797B	5	0.4446	6.051	0.9559	4	0	0
祼	797C	5	0.4379	6.279	0.9403	2	0	0
祽	797D	5	0.3299	5.353	0.9341	3	0	0
祾	797E	5	0.3846	6.673	0.9263	4	0	0
祿	797F	5	0.3817	6.510	0.9227	3	1	1
禀	7980	5	0.3590	7.054	0.9874	2	0	0
禁	7981	5	0.4185	6.258	0.9484	3	1	1
禂	7982	5	0.4323	6.132	0.9478	3	0	0
禃	7983	5	0.4201	5.837	0.9390	3	0	0
禄	7984	5	0.3876	6.121	0.9124	3	1	1
禅	7985	5	0.4038	5.684	0.9411	3	1	1
禆	7986	5	0.3861	5.442	0.9152	3	0	0
禇	7987	5	0.3994	5.673	0.9390	3	0	0
禈	7988	5	0.4334	6.107	0.9573	3	0	0
禉	7989	5	0.4260	6.335	0.9350	4	0	0
禊	798A	5	0.4053	6.912	0.9190	3	0	0
禋	798B	5	0.4275	6.468	0.9378	3	0	0
禌	798C	5	0.3950	7.393	0.8971	3	0	0
禍	798D	5	0.4272	5.935	0.9503	3	1	0
禎	798E	5	0.3935	6.025	0.9190	3	0	0
福	798F	5	0.4662	6.168	0.9578	3	1	1
禐	7990	5	0.4246	7.184	0.8807	5	0	0
禑	7991	5	0.4585	6.302	0.9174	3	0	0
禒	7992	5	0.3964	6.538	0.9265	3	0	0
禓	7993	5	0.4275	6.787	0.9355	5	0	0
禔	7994	5	0.4216	6.275	0.9338	4	0	0
禕	7995	5	0.4408	6.176	0.9466	4	0	0
禖	7996	5	0.4216	6.143	0.9244	3	0	0
禗	7997	5	0.4246	6.404	0.9219	3	0	0
禘	7998	5	0.3891	5.922	0.9322	3	0	0
禙	7999	5	0.4323	5.940	0.9541	4	0	0
禚	799A	5	0.3846	6.088	0.9035	3	0	0
禛	799B	5	0.4038	7.024	0.9550	4	0	0
禜	799C	5	0.4503	7.324	0.8995	2	0	0
禝	799D	5	0.4290	6.969	0.9065	4	0	0
禞	799E	5	0.4201	6.173	0.9346	5	0	0
禟	799F	5	0.4423	6.555	0.9387	3	0	0
禠	79A0	5	0.3891	7.371	0.9079	4	0	0
禡	79A1	5	0.4308	6.626	0.9308	2	0	0
禢	79A2	5	0.4523	6.838	0.8987	2	0	0
禣	79A3	5	0.4246	6.332	0.9445	3	0	0
禤	79A4	5	0.4523	6.944	0.8792	3	0	0
禥	79A5	5	0.4600	6.409	0.8862	4	0	0
禦	79A6	5	0.4453	7.548	0.9376	4	1	1
禧	79A7	5	0.4305	6.788	0.9289	6	1	1
禨	79A8	5	0.4423	8.428	0.8842	3	0	0
禩	79A9	5	0.4527	6.691	0.9124	4	0	0
禪	79AA	5	0.4497	6.377	0.9536	4	1	1
禫	79AB	5	0.4009	6.578	0.9735	4	0	0
禬	79AC	5	0.3689	6.923	0.9239	4	0	0
禭	79AD	5	0.4083	7.432	0.8772	3	0	0
禮	79AE	5	0.4186	7.216	0.9380	5	1	1
禯	79AF	5	0.4053	7.697	0.9544	3	0	0
禰	79B0	5	0.4516	8.659	0.8673	3	0	0
禱	79B1	5	0.3569	7.685	0.9353	5	0	0
禲	79B2	5	0.4453	7.563	0.9281	5	0	0
禳	79B3	5	0.4408	7.690	0.9509	3	0	0
禴	79B4	5	0.4142	7.595	0.9495	2	0	0
禵	79B5	5	0.4541	7.663	0.9361	5	0	0
禶	79B6	5	0.4438	7.976	0.9066	6	0	0
禷	79B7	5	0.4393	7.917	0.8744	4	0	0
禸	79B8	5	0.3549	3.665	0.9483	1	0	0
禹	79B9	5	0.4545	5.429	0.9741	1	1	0
禺	79BA	5	0.5036	5.056	0.9634	2	0	0
离	79BB	5	0.4327	6.297	0.9465	2	1	0
禼	79BC	5	0.4580	6.165	0.8601	4	0	0
禽	79BD	5	0.3875	6.673	0.8732	3	1	1
禾	79BE	5	0.3046	4.219	0.9699	1	0	0
禿	79BF	5	0.3462	5.192	0.9135	2	0	0
秀	79C0	5	0.3565	5.583	0.9163	2	1	0
私	79C1	5	0.3254	4.892	0.9357	2	1	0
秂	79C2	5	0.3323	5.236	0.9146	2	0	0
秃	79C3	5	0.3447	5.259	0.8922	2	0	0
秄	79C4	5	0.3166	4.657	0.9250	2	0	0
秅	79C5	5	0.3388	4.971	0.9284	3	0	0
秆	79C6	5	0.3077	4.316	0.9625	2	0	0
秇	79C7	5	0.3604	5.417	0.9240	2	0	0
秈	79C8	5	0.3662	4.744	0.9477	2	0	0
秉	79C9	5	0.4512	6.082	0.9550	1	0	0
秊	79CA	5	0.3615	5.445	0.8975	2	0	0
秋	79CB	5	0.3314	5.337	0.9333	2	1	0
秌	79CC	5	0.3506	5.546	0.9051	2	0	0
种	79CD	5	0.3754	4.592	0.9522	2	1	0
秎	79CE	5	0.3624	5.522	0.9125	3	0	0
秏	79CF	5	0.3609	5.435	0.9129	2	0	0
秐	79D0	5	0.3107	5.114	0.9476	3	0	0
科	79D1	5	0.3180	4.837	0.9224	2	1	0
秒	79D2	5	0.3210	5.249	0.9294	3	1	0
秓	79D3	5	0.3817	5.602	0.9405	3	0	0
秔	79D4	5	0.3565	5.271	0.9114	3	0	0
秕	79D5	5	0.3419	5.432	0.9387	2	0	0
秖	79D6	5	0.3861	5.749	0.9109	2	0	0
秗	79D7	5	0.3536	5.404	0.9217	3	0	0
秘	79D8	5	0.3743	6.298	0.8977	2	1	0
秙	79D9	5	0.3743	5.119	0.9241	3	0	0
秚	79DA	5	0.3388	5.199	0.9159	2	0	0
秛	79DB	5	0.4290	6.298	0.9160	2	0	0
秜	79DC	5	0.4127	5.998	0.9138	3	0	0
秝	79DD	5	0.3654	5.517	0.9308	2	0	0
秞	79DE	5	0.4354	5.150	0.9337	2	0	0
租	79DF	5	0.4024	5.297	0.9658	2	1	0
秠	79E0	5	0.3831	5.506	0.8513	3	0	0
秡	79E1	5	0.3964	6.186	0.9237	2	0	0
秢	79E2	5	0.3033	5.399	0.9297	4	0	0
秣	79E3	5	0.3743	5.424	0.9325	2	0	0
秤	79E4	5	0.3447	5.219	0.9190	2	0	0
秥	79E5	5	0.3550	4.801	0.9454	3	0	0
秦	79E6	5	0.4408	6.428	0.9480	2	1	0
秧	79E7	5	0.3905	5.440	0.9439	2	0	0
秨	79E8	5	0.3328	4.601	0.9572	2	0	0
秩	79E9	5	0.3757	5.577	0.9069	3	1	0
秪	79EA	5	0.3846	5.989	0.9281	3	0	0
秫	79EB	5	0.3654	5.759	0.9251	3	0	0
秬	79EC	5	0.3757	5.300	0.9138	2	0	0
秭	79ED	5	0.3861	5.553	0.9342	2	0	0
秮	79EE	5	0.3683	5.366	0.9319	3	0	0
积	79EF	5	0.3536	5.252	0.9263	3	1	0
称	79F0	5	0.3506	5.553	0.9130	3	1	0
秱	79F1	5	0.4554	5.698	0.9836	3	0	0
秲	79F2	5	0.3802	5.168	0.9302	3	0	0
秳	79F3	5	0.3831	5.317	0.9476	2	0	0
秴	79F4	5	0.3757	5.457	0.9128	4	0	0
秵	79F5	5	0.4077	6.170	0.9634	3	0	0
秶	79F6	5	0.3757	6.464	0.9193	3	0	0
秷	79F7	5	0.3618	5.700	0.9523	3	0	0
秸	79F8	5	0.4000	5.221	0.9558	3	0	0
秹	79F9	5	0.3803	5.483	0.9467	4	0	0
秺	79FA	5	0.3639	5.546	0.9084	4	0	0
移	79FB	5	0.3920	6.272	0.8825	3	1	0
秼	79FC	5	0.3876	5.664	0.9268	3	0	0
秽	79FD	5	0.4062	5.712	0.9190	3	0	0
秾	79FE	5	0.3683	5.831	0.9169	3	0	0
秿	79FF	5	0.4660	6.257	0.9067	2	0	0
稀	7A00	5	0.4142	6.274	0.9318	4	1	1
稁	7A01	5	0.4031	6.860	0.9483	4	0	0
稂	7A02	5	0.3964	6.060	0.9330	3	0	0
稃	7A03	5	0.3609	5.930	0.9309	3	0	0
稄	7A04	5	0.3772	6.867	0.9130	4	0	0
稅	7A05	5	0.3817	6.004	0.8841	3	1	0
稆	7A06	5	0.4138	5.351	0.9384	3	0	0
稇	7A07	5	0.4708	6.427	0.9401	3	0	0
稈	7A08	5	0.4098	5.638	0.9585	3	0	0
稉	7A09	5	0.4660	6.377	0.9137	2	0	0
稊	7A0A	5	0.4290	6.250	0.9139	5	0	0
程	7A0B	5	0.4024	5.789	0.9056	3	1	0
稌	7A0C	5	0.3743	6.050	0.9162	4	0	0
稍	7A0D	5	0.4142	5.856	0.9213	3	1	1
税	7A0E	5	0.3876	5.860	0.8795	3	1	0
稏	7A0F	5	0.4103	5.635	0.9569	2	0	0
稐	7A10	5	0.4364	6.250	0.9292	4	0	0
稑	7A11	5	0.3974	6.058	0.9464	4	0	0
稒	7A12	5	0.4862	6.160	0.9694	4	0	0
稓	7A13	5	0.4320	5.710	0.9465	4	0	0
稔	7A14	5	0.3624	6.510	0.9040	5	0	0
稕	7A15	5	0.3831	5.921	0.9365	4	0	0
稖	7A16	5	0.3831	5.678	0.9314	3	0	0
稗	7A17	5	0.4320	5.866	0.9212	3	0	0
稘	7A18	5	0.4290	6.015	0.9304	3	0	0
稙	7A19	5	0.4320	6.222	0.9241	3	0	0
稚	7A1A	5	0.4172	5.728	0.9397	2	1	1
稛	7A1B	5	0.4815	6.690	0.9367	3	0	0
稜	7A1C	5	0.4157	6.750	0.8869	4	1	1
稝	7A1D	5	0.4785	6.525	0.9195	3	0	0
稞	7A1E	5	0.4615	6.243	0.9487	2	0	0
稟	7A1F	5	0.4201	7.144	0.9476	2	0	0
稠	7A20	5	0.4723	6.538	0.9327	3	0	0
稡	7A21	5	0.3343	5.601	0.9442	3	0	0
稢	7A22	5	0.4275	6.639	0.9211	3	0	0
稣	7A23	5	0.3891	6.017	0.9811	2	1	1
稤	7A24	5	0.3698	5.861	0.9713	4	0	0
稥	7A25	5	0.4183	6.646	0.9390	3	0	0
稦	7A26	5	0.4675	6.327	0.9544	4	0	0
稧	7A27	5	0.4231	7.009	0.9186	3	0	0
稨	7A28	5	0.4677	6.498	0.8975	3	0	0
稩	7A29	5	0.5062	6.314	0.9591	3	0	0
稪	7A2A	5	0.4467	6.871	0.9208	3	0	0
稫	7A2B	5	0.4785	6.255	0.9096	3	0	0
稬	7A2C	5	0.4364	6.654	0.9393	3	0	0
稭	7A2D	5	0.4275	6.375	0.9382	3	0	0
種	7A2E	5	0.5030	6.825	0.9073	2	1	1
稯	7A2F	5	0.4453	7.424	0.8900	2	0	0
稰	7A30	5	0.4754	6.589	0.8535	3	0	0
稱	7A31	5	0.4393	6.504	0.9128	3	1	1
稲	7A32	5	0.4292	6.516	0.8869	2	1	1
稳	7A33	5	0.4009	6.591	0.9220	4	1	1
稴	7A34	5	0.4896	7.104	0.9244	3	0	0
稵	7A35	5	0.4157	7.202	0.9092	3	0	0
稶	7A36	5	0.4379	7.286	0.9027	4	0	0
稷	7A37	5	0.4393	7.115	0.8892	4	0	0
稸	7A38	5	0.4512	6.875	0.9127	3	0	0
稹	7A39	5	0.4260	7.189	0.9304	4	0	0
稺	7A3A	5	0.4601	6.736	0.9165	3	0	0
稻	7A3B	5	0.4009	6.393	0.9044	3	1	1
稼	7A3C	5	0.4098	7.010	0.9081	3	1	1
稽	7A3D	5	0.4320	7.001	0.8954	4	1	1
稾	7A3E	5	0.4068	7.672	0.9675	5	0	0
稿	7A3F	5	0.4334	6.375	0.9188	5	1	1
穀	7A40	5	0.4157	7.127	0.9241	3	1	1
穁	7A41	5	0.4112	5.851	0.9334	3	0	0
穂	7A42	5	0.4497	6.789	0.9234	3	1	1
穃	7A43	5	0.4083	6.429	0.9274	3	0	0
穄	7A44	5	0.4290	7.130	0.9074	3	0	0
穅	7A45	5	0.4408	7.351	0.9182	3	0	0
穆	7A46	5	0.3654	7.120	0.9453	2	1	1
穇	7A47	5	0.3920	7.596	0.8623	3	0	0
穈	7A48	5	0.4438	7.399	0.9280	4	0	0
穉	7A49	5	0.4379	7.367	0.9445	3	0	0
穊	7A4A	5	0.4246	6.962	0.9060	3	0	0
穋	7A4B	5	0.3905	7.358	0.9252	3	0	0
穌	7A4C	5	0.4201	6.444	0.8952	2	1	1
積	7A4D	5	0.3905	7.068	0.9305	3	1	1
穎	7A4E	5	0.4645	6.912	0.9543	3	0	0
穏	7A4F	5	0.4216	7.117	0.9133	4	1	1
穐	7A50	5	0.4586	7.010	0.9464	3	0	0
穑	7A51	5	0.4334	6.759	0.9389	4	0	0
穒	7A52	5	0.4400	7.777	0.9523	3	0	0
穓	7A53	5	0.4734	6.732	0.9027	4	0	0
穔	7A54	5	0.4527	6.423	0.9192	2	0	0
穕	7A55	5	0.4527	6.905	0.9321	3	0	0
穖	7A56	5	0.4675	8.363	0.8728	3	0	0
穗	7A57	5	0.4379	7.261	0.9349	3	0	0
穘	7A58	5	0.4467	6.763	0.9014	5	0	0
穙	7A59	5	0.4482	7.054	0.9051	4	0	0
穚	7A5A	5	0.4586	7.072	0.9381	6	0	0
穛	7A5B	5	0.4349	6.697	0.8873	3	0	0
穜	7A5C	5	0.4675	7.012	0.9332	4	0	0
穝	7A5D	5	0.4800	7.279	0.9079	4	0	0
穞	7A5E	5	0.4645	6.997	0.9455	3	0	0
穟	7A5F	5	0.4127	7.853	0.8782	3	0	0
穠	7A60	5	0.4462	7.748	0.9730	3	0	0
穡	7A61	5	0.4305	7.240	0.9004	4	0	0
穢	7A62	5	0.4837	7.790	0.9059	3	0	0
穣	7A63	5	0.4512	7.562	0.8823	2	0	0
穤	7A64	5	0.4689	7.224	0.9317	3	0	0
穥	7A65	5	0.4186	6.872	0.9438	3	0	0
穦	7A66	5	0.4246	7.404	0.9198	3	0	0
穧	7A67	5	0.4379	7.226	0.9156	3	0	0
穨	7A68	5	0.4453	7.638	0.9542	4	0	0
穩	7A69	5	0.4038	8.049	0.8834	2	1	1
穪	7A6A	5	0.5108	8.738	0.8140	3	0	0
穫	7A6B	5	0.4556	7.505	0.8976	4	1	1
穬	7A6C	5	0.4715	7.424	0.9172	3	0	0
穭	7A6D	5	0.4497	7.279	0.9406	3	0	0
穮	7A6E	5	0.4911	7.927	0.9097	3	0	0
穯	7A6F	5	0.4541	7.319	0.9460	6	0	0
穰	7A70	5	0.4675	7.722	0.9426	3	0	0
穱	7A71	5	0.4527	7.808	0.9039	4	0	0
穲	7A72	5	0.4675	8.417	0.9093	7	0	0
穳	7A73	5	0.4349	8.002	0.9229	6	0	0
穴	7A74	5	0.2262	3.530	0.9287	2	0	0
穵	7A75	5	0.3590	4.886	0.9246	3	0	0
究	7A76	5	0.3277	4.916	0.9282	3	1	0
穷	7A77	5	0.3381	5.039	0.9224	3	1	0
穸	7A78	5	0.3397	5.330	0.9212	3	0	0
穹	7A79	5	0.3926	5.422	0.9589	3	0	0
空	7A7A	5	0.3550	4.305	0.9509	3	1	0
穻	7A7B	5	0.3254	4.742	0.9813	3	0	0
穼	7A7C	5	0.3670	5.391	0.9432	3	0	0
穽	7A7D	5	0.4006	5.511	0.9278	3	0	0
穾	7A7E	5	0.3734	5.788	0.8871	4	0	0
穿	7A7F	5	0.3926	5.630	0.9327	3	1	0
窀	7A80	5	0.3689	5.506	0.9486	3	0	0
突	7A81	5	0.3622	5.595	0.9214	3	1	0
窂	7A82	5	0.3606	5.087	0.9383	3	0	0
窃	7A83	5	0.3677	5.609	0.9438	4	0	0
窄	7A84	5	0.3441	5.149	0.9517	3	1	0
窅	7A85	5	0.4359	5.738	0.9766	3	0	0
窆	7A86	5	0.3800	6.309	0.8897	4	0	0
窇	7A87	5	0.3985	6.058	0.9317	4	0	0
窈	7A88	5	0.4038	6.417	0.9244	4	0	0
窉	7A89	5	0.4423	6.157	0.9160	4	0	0
窊	7A8A	5	0.3447	5.827	0.9438	3	0	0
窋	7A8B	5	0.3549	5.142	0.9665	4	0	0
窌	7A8C	5	0.3942	5.704	0.9479	4	0	0
窍	7A8D	5	0.3600	5.326	0.9747	4	0	0
窎	7A8E	5	0.4311	6.441	0.9502	4	0	0
窏	7A8F	5	0.3369	5.489	0.9423	4	0	0
窐	7A90	5	0.4369	5.928	0.9671	4	0	0
窑	7A91	5	0.4247	5.889	0.9516	3	0	0
窒	7A92	5	0.4633	6.027	0.9465	4	1	0
窓	7A93	5	0.3734	6.091	0.9101	4	1	1
窔	7A94	5	0.4167	6.658	0.8922	4	0	0
窕	7A95	5	0.3600	6.221	0.9003	3	0	0
窖	7A96	5	0.4519	6.398	0.9435	4	0	0
窗	7A97	5	0.4423	6.937	0.9110	4	1	1
窘	7A98	5	0.4571	6.716	0.9016	4	0	0
窙	7A99	5	0.4207	6.636	0.8928	4	0	0
窚	7A9A	5	0.3989	6.534	0.9471	4	0	0
窛	7A9B	5	0.4053	6.877	0.9090	5	0	0
窜	7A9C	5	0.4760	6.270	0.9522	3	0	0
窝	7A9D	5	0.4583	6.376	0.9162	4	0	0
窞	7A9E	5	0.3798	6.501	0.9533	4	0	0
窟	7A9F	5	0.4646	6.715	0.9582	5	1	1
窠	7AA0	5	0.4201	6.777	0.9430	3	0	0
窡	7AA1	5	0.4327	8.111	0.8841	6	0	0
窢	7AA2	5	0.4446	7.076	0.9148	4	0	0
窣	7AA3	5	0.3908	6.115	0.9243	4	0	0
窤	7AA4	5	0.4169	7.178	0.9172	4	0	0
窥	7AA5	5	0.4127	6.711	0.9427	4	0	0
窦	7AA6	5	0.4551	7.483	0.9095	5	0	0
窧	7AA7	5	0.3990	6.497	0.9608	5	0	0
窨	7AA8	5	0.4439	6.978	0.9234	3	0	0
窩	7AA9	5	0.4275	6.400	0.9581	4	0	0
窪	7AAA	5	0.4375	6.584	0.9030	5	1	1
窫	7AAB	5	0.4415	7.370	0.8929	4	0	0
窬	7AAC	5	0.4071	7.291	0.9251	6	0	0
窭	7AAD	5	0.5000	7.781	0.8821	4	0	0
窮	7AAE	5	0.4359	7.008	0.9156	4	1	1
窯	7AAF	5	0.4391	6.888	0.8943	4	0	0
窰	7AB0	5	0.4503	7.279	0.9177	3	0	0
窱	7AB1	5	0.4024	7.379	0.9461	5	0	0
窲	7AB2	5	0.3802	6.617	0.9301	4	0	0
窳	7AB3	5	0.4246	7.763	0.9292	3	0	0
窴	7AB4	5	0.4068	7.441	0.8994	5	0	0
窵	7AB5	5	0.3926	7.834	0.9262	4	0	0
窶	7AB6	5	0.4527	8.567	0.9204	4	0	0
窷	7AB7	5	0.4535	6.922	0.9222	5	0	0
窸	7AB8	5	0.4336	7.564	0.8910	4	0	0
窹	7AB9	5	0.4558	6.928	0.9200	3	0	0
窺	7ABA	5	0.4305	6.943	0.9290	4	0	0
窻	7ABB	5	0.3910	7.696	0.9244	5	0	0
窼	7ABC	5	0.4407	7.750	0.9055	6	0	0
窽	7ABD	5	0.4375	7.431	0.9062	4	0	0
窾	7ABE	5	0.4059	7.573	0.9046	4	0	0
窿	7ABF	5	0.4477	8.230	0.8870	4	0	0
竀	7AC0	5	0.4231	7.064	0.9092	5	0	0
竁	7AC1	5	0.4246	8.897	0.8864	4	0	0
竂	7AC2	5	0.4503	7.606	0.8733	5	0	0
竃	7AC3	5	0.4308	9.030	0.9654	4	0	0
竄	7AC4	5	0.4038	7.934	0.9146	3	0	0
竅	7AC5	5	0.4400	7.517	0.9031	4	0	0
竆	7AC6	5	0.4645	7.252	0.9220	5	0	0
竇	7AC7	5	0.4519	9.623	0.9119	5	0	0
竈	7AC8	5	0.4200	8.245	0.9810	4	0	0
竉	7AC9	5	0.4151	8.422	0.9065	3	0	0
竊	7ACA	5	0.4554	7.932	0.8719	4	0	0
立	7ACB	5	0.2600	3.211	0.9632	1	0	0
竌	7ACC	5	0.3210	4.982	0.9254	2	0	0
竍	7ACD	5	0.2523	3.872	0.9561	2	0	0
竎	7ACE	5	0.3269	4.752	0.9389	2	0	0
竏	7ACF	5	0.2707	4.306	0.9513	2	0	0
竐	7AD0	5	0.3506	5.888	0.9177	3	0	0
竑	7AD1	5	0.3343	5.607	0.9300	3	0	0
竒	7AD2	5	0.3385	4.505	0.9754	3	0	0
竓	7AD3	5	0.3254	5.279	0.9198	2	0	0
竔	7AD4	5	0.3358	5.259	0.9289	3	0	0
竕	7AD5	5	0.3195	5.477	0.9375	3	0	0
竖	7AD6	5	0.4103	5.361	0.9551	2	0	0
竗	7AD7	5	0.2885	5.053	0.9591	3	0	0
竘	7AD8	5	0.3523	5.336	0.9064	3	0	0
站	7AD9	5	0.3210	4.757	0.9581	3	1	0
竚	7ADA	5	0.2840	4.606	0.9333	3	0	0
竛	7ADB	5	0.2796	5.449	0.9396	4	0	0
竜	7ADC	5	0.4098	5.510	0.9145	2	1	0
竝	7ADD	5	0.3200	4.858	0.9571	2	0	0
竞	7ADE	5	0.3938	5.336	0.9409	3	1	0
竟	7ADF	5	0.4092	6.004	0.9001	2	1	0
章	7AE0	5	0.4003	5.774	0.9561	2	1	0
竡	7AE1	5	0.3639	5.446	0.9398	3	0	0
竢	7AE2	5	0.3831	6.371	0.9285	3	0	0
竣	7AE3	5	0.3624	6.759	0.9009	4	1	1
竤	7AE4	5	0.3698	6.228	0.9448	4	0	0
童	7AE5	5	0.4497	6.139	0.9875	3	1	1
竦	7AE6	5	0.4053	5.963	0.9573	2	0	0
竧	7AE7	5	0.3964	5.846	0.9476	2	0	0
竨	7AE8	5	0.3802	5.308	0.9710	4	0	0
竩	7AE9	5	0.4062	5.470	0.9609	3	0	0
竪	7AEA	5	0.4646	6.036	0.9123	3	0	0
竫	7AEB	5	0.3669	5.966	0.9412	3	0	0
竬	7AEC	5	0.4231	6.361	0.9313	2	0	0
竭	7AED	5	0.4277	6.730	0.8963	5	0	0
竮	7AEE	5	0.4260	6.725	0.9007	6	0	0
端	7AEF	5	0.3989	6.283	0.9481	3	1	1
竰	7AF0	5	0.4467	6.702	0.9493	4	0	0
竱	7AF1	5	0.4142	6.811	0.9613	3	0	0
竲	7AF2	5	0.4123	6.709	0.9733	4	0	0
竳	7AF3	5	0.4354	6.917	0.9041	5	0	0
竴	7AF4	5	0.4038	6.864	0.9121	5	0	0
竵	7AF5	5	0.4145	7.073	0.9550	2	0	0
競	7AF6	5	0.4092	6.916	0.9204	6	1	1
竷	7AF7	5	0.4438	7.911	0.9262	2	0	0
竸	7AF8	5	0.4349	7.501	0.9025	4	0	0
竹	7AF9	5	0.2870	3.623	0.9343	1	0	0
竺	7AFA	5	0.2960	3.779	0.9473	2	0	0
竻	7AFB	5	0.3308	4.826	0.9278	2	0	0
竼	7AFC	5	0.3136	5.108	0.8997	3	0	0
竽	7AFD	5	0.3151	4.573	0.9377	2	0	0
竾	7AFE	5	0.3772	5.268	0.9418	2	0	0
竿	7AFF	5	0.3077	4.417	0.9622	2	0	0
笀	7B00	5	0.3367	4.212	0.9657	2	0	0
笁	7B01	5	0.3154	4.198	0.9345	2	0	0
笂	7B02	5	0.3521	5.344	0.8996	2	0	0
笃	7B03	5	0.3708	5.287	0.9443	2	0	0
笄	7B04	5	0.3476	5.014	0.9551	3	0	0
笅	7B05	5	0.3299	5.737	0.8749	2	0	0
笆	7B06	5	0.4123	5.142	0.9333	2	0	0
笇	7B07	5	0.2831	4.294	0.9296	3	0	0
笈	7B08	5	0.3861	5.958	0.9076	2	0	0
笉	7B09	5	0.3569	5.515	0.9351	3	0	0
笊	7B0A	5	0.3210	5.048	0.9182	2	0	0
笋	7B0B	5	0.3846	5.424	0.9360	2	0	0
笌	7B0C	5	0.3698	5.437	0.9385	2	0	0
笍	7B0D	5	0.4022	5.249	0.9394	2	0	0
笎	7B0E	5	0.3654	5.409	0.9209	3	0	0
笏	7B0F	5	0.3785	5.836	0.9408	3	0	0
笐	7B10	5	0.3328	5.106	0.9076	3	0	0
笑	7B11	5	0.3565	5.641	0.9000	3	1	0
笒	7B12	5	0.3166	5.262	0.9137	4	0	0
笓	7B13	5	0.3447	5.260	0.8958	2	0	0
笔	7B14	5	0.3908	5.731	0.9308	2	1	0
笕	7B15	5	0.3585	5.341	0.9067	2	0	0
笖	7B16	5	0.3195	5.289	0.9345	3	0	0
笗	7B17	5	0.3476	5.821	0.9152	3	0	0
笘	7B18	5	0.3343	4.642	0.9404	3	0	0
笙	7B19	5	0.3938	4.989	0.9483	2	0	0
笚	7B1A	5	0.3713	5.295	0.9262	2	0	0
笛	7B1B	5	0.4062	5.293	0.9549	2	1	0
笜	7B1C	5	0.3692	4.919	0.9569	3	0	0
笝	7B1D	5	0.4098	6.776	0.9167	3	0	0
笞	7B1E	5	0.3631	5.594	0.9102	3	0	0
笟	7B1F	5	0.3624	5.938	0.9134	2	0	0
笠	7B20	5	0.3492	4.867	0.9342	2	1	0
笡	7B21	5	0.4024	5.031	0.9211	2	0	0
笢	7B22	5	0.4369	6.062	0.9565	2	0	0
笣	7B23	5	0.4186	5.787	0.9138	3	0	0
笤	7B24	5	0.4108	5.790	0.9715	3	0	0
笥	7B25	5	0.4359	5.607	0.9704	3	0	0
符	7B26	5	0.3400	5.028	0.9310	3	1	0
笧	7B27	5	0.4292	5.894	0.9431	2	0	0
笨	7B28	5	0.3743	5.587	0.9535	2	0	0
笩	7B29	5	0.3314	5.370	0.8953	3	0	0
笪	7B2A	5	0.4108	5.084	0.9903	3	0	0
笫	7B2B	5	0.3723	5.505	0.9254	2	0	0
第	7B2C	5	0.4216	6.085	0.9196	3	1	1
笭	7B2D	5	0.3314	5.610	0.9203	4	0	0
笮	7B2E	5	0.3210	4.710	0.9473	2	0	0
笯	7B2F	5	0.3950	6.510	0.9070	3	0	0
笰	7B30	5	0.4408	6.128	0.9450	2	0	0
笱	7B31	5	0.3877	5.369	0.9808	3	0	0
笲	7B32	5	0.3550	5.504	0.9328	3	0	0
笳	7B33	5	0.4000	5.660	0.9460	3	0	0
笴	7B34	5	0.3683	5.029	0.9331	3	0	0
笵	7B35	5	0.3506	5.472	0.9313	3	0	0
笶	7B36	5	0.3743	5.726	0.9236	2	0	0
笷	7B37	5	0.3708	5.541	0.9360	3	0	0
笸	7B38	5	0.4308	5.196	0.9479	3	0	0
笹	7B39	5	0.3920	5.138	0.9544	2	1	0
笺	7B3A	5	0.3891	6.362	0.9159	2	0	0
笻	7B3B	5	0.3677	5.275	0.9362	3	0	0
笼	7B3C	5	0.3817	6.029	0.9187	2	0	0
笽	7B3D	5	0.4246	5.137	0.9379	2	0	0
笾	7B3E	5	0.3969	6.194	0.9073	3	0	0
笿	7B3F	5	0.4201	6.188	0.9169	3	0	0
筀	7B40	5	0.4186	5.539	0.9339	3	0	0
筁	7B41	5	0.4527	5.746	0.9706	2	0	0
筂	7B42	5	0.3595	6.068	0.9413	3	0	0
筃	7B43	5	0.4663	6.366	0.9642	3	0	0
筄	7B44	5	0.3554	6.091	0.8661	2	0	0
筅	7B45	5	0.3877	5.658	0.8977	3	0	0
筆	7B46	5	0.4630	6.434	0.9266	2	1	1
筇	7B47	5	0.3769	5.517	0.9357	3	0	0
筈	7B48	5	0.3994	5.717	0.9352	2	0	0
等	7B49	5	0.3964	5.644	0.9235	3	1	1
筊	7B4A	5	0.3800	6.192	0.9046	3	0	0
筋	7B4B	5	0.4308	6.153	0.9000	3	1	1
筌	7B4C	5	0.4151	5.642	0.9076	3	0	0
筍	7B4D	5	0.3802	5.602	0.9372	3	0	0
筎	7B4E	5	0.4169	6.067	0.9132	3	0	0
筏	7B4F	5	0.3728	6.122	0.9204	3	0	0
筐	7B50	5	0.4538	6.208	0.9324	3	0	0
筑	7B51	5	0.3624	5.757	0.9153	4	1	1
筒	7B52	5	0.4369	5.920	0.9214	3	1	0
筓	7B53	5	0.3595	5.290	0.9306	3	0	0
答	7B54	5	0.3609	5.585	0.9329	4	1	0
筕	7B55	5	0.3284	5.130	0.9335	4	0	0
策	7B56	5	0.4127	6.062	0.9453	2	1	1
筗	7B57	5	0.3743	5.254	0.9370	3	0	0
筘	7B58	5	0.3718	5.417	0.9575	3	0	0
筙	7B59	5	0.4415	6.272	0.9454	2	0	0
筚	7B5A	5	0.3743	5.741	0.9378	3	0	0
筛	7B5B	5	0.4167	5.786	0.9766	4	0	0
筜	7B5C	5	0.3785	5.644	0.9261	3	0	0
筝	7B5D	5	0.4053	5.661	0.9036	3	0	0
筞	7B5E	5	0.4031	5.970	0.9311	3	0	0
筟	7B5F	5	0.3692	6.003	0.8815	3	0	0
筠	7B60	5	0.3757	5.932	0.9189	4	0	0
筡	7B61	5	0.3757	6.193	0.9191	4	0	0
筢	7B62	5	0.4083	6.088	0.9255	3	0	0
筣	7B63	5	0.3669	5.970	0.9245	3	0	0
筤	7B64	5	0.4277	6.120	0.9225	3	0	0
筥	7B65	5	0.4077	5.522	0.9546	3	0	0
筦	7B66	5	0.4112	6.295	0.9156	4	0	0
筧	7B67	5	0.4172	6.198	0.8780	2	0	0
筨	7B68	5	0.3860	6.153	0.9222	5	0	0
筩	7B69	5	0.4708	6.155	0.8910	3	0	0
筪	7B6A	5	0.4571	6.407	0.9215	3	0	0
筫	7B6B	5	0.3876	6.320	0.8916	2	0	0
筬	7B6C	5	0.4157	6.447	0.8859	3	0	0
筭	7B6D	5	0.4585	6.516	0.8779	3	0	0
筮	7B6E	5	0.4288	5.982	0.9495	5	0	0
筯	7B6F	5	0.4201	6.156	0.9279	3	0	0
筰	7B70	5	0.3491	5.199	0.9211	3	0	0
筱	7B71	5	0.4024	6.196	0.8970	3	0	0
筲	7B72	5	0.3905	5.643	0.9065	3	0	0
筳	7B73	5	0.4157	6.685	0.8954	3	0	0
筴	7B74	5	0.4083	6.411	0.8849	2	0	0
筵	7B75	5	0.4172	6.722	0.8963	3	0	0
筶	7B76	5	0.4263	5.880	0.9273	3	0	0
筷	7B77	5	0.3876	6.100	0.9331	3	0	0
筸	7B78	5	0.4292	6.326	0.9266	3	0	0
筹	7B79	5	0.4538	6.776	0.9139	3	1	1
筺	7B7A	5	0.4646	6.589	0.9325	3	0	0
筻	7B7B	5	0.4936	6.767	0.9343	2	0	0
筼	7B7C	5	0.3830	6.055	0.9523	3	0	0
筽	7B7D	5	0.4290	6.607	0.9105	3	0	0
签	7B7E	5	0.3815	5.848	0.9494	5	1	0
筿	7B7F	5	0.4087	7.025	0.8936	3	0	0
简	7B80	5	0.4199	5.950	0.9322	3	1	1
箁	7B81	5	0.4172	5.893	0.9334	3	0	0
箂	7B82	5	0.4009	6.763	0.9185	2	0	0
箃	7B83	5	0.4260	6.462	0.8958	3	0	0
箄	7B84	5	0.4323	5.908	0.9124	3	0	0
箅	7B85	5	0.4320	6.022	0.9324	3	0	0
箆	7B86	5	0.4216	6.437	0.8944	3	0	0
箇	7B87	5	0.4554	6.353	0.9567	4	1	1
箈	7B88	5	0.3926	6.212	0.9385	4	0	0
箉	7B89	5	0.4246	6.159	0.9155	4	0	0
箊	7B8A	5	0.3713	6.273	0.9350	4	0	0
箋	7B8B	5	0.4571	7.747	0.8614	3	0	0
箌	7B8C	5	0.4247	6.288	0.9649	4	0	0
箍	7B8D	5	0.4497	6.692	0.9196	2	0	0
箎	7B8E	5	0.4275	6.814	0.8765	3	0	0
箏	7B8F	5	0.4157	6.356	0.9039	3	0	0
箐	7B90	5	0.3662	6.952	0.9470	2	0	0
箑	7B91	5	0.4112	7.306	0.8923	2	0	0
箒	7B92	5	0.4123	6.952	0.9461	4	0	0
箓	7B93	5	0.4138	6.957	0.9232	3	0	0
箔	7B94	5	0.3938	5.904	0.9481	3	0	0
箕	7B95	5	0.4431	6.299	0.8873	3	1	1
箖	7B96	5	0.3861	6.029	0.9123	3	0	0
算	7B97	5	0.3920	6.404	0.9039	3	1	1
箘	7B98	5	0.4815	6.899	0.9335	3	0	0
箙	7B99	5	0.4719	6.855	0.9061	3	0	0
箚	7B9A	5	0.3994	6.012	0.9359	2	0	0
箛	7B9B	5	0.4186	6.822	0.9020	3	0	0
箜	7B9C	5	0.4138	5.817	0.9335	4	0	0
箝	7B9D	5	0.4112	5.667	0.9230	3	0	0
箞	7B9E	5	0.4586	6.850	0.8676	3	0	0
箟	7B9F	5	0.4305	6.583	0.9453	3	0	0
箠	7BA0	5	0.4882	6.256	0.9467	2	0	0
管	7BA1	5	0.4274	6.139	0.9581	3	1	1
箢	7BA2	5	0.4446	6.729	0.9003	4	0	0
箣	7BA3	5	0.4083	6.452	0.9358	3	0	0
箤	7BA4	5	0.3814	5.831	0.9204	3	0	0
箥	7BA5	5	0.4201	6.849	0.9182	3	0	0
箦	7BA6	5	0.3892	7.113	0.9153	3	0	0
箧	7BA7	5	0.4992	6.818	0.8976	3	0	0
箨	7BA8	5	0.4290	6.534	0.9153	3	0	0
箩	7BA9	5	0.4323	6.282	0.8607	3	0	0
箪	7BAA	5	0.4200	6.150	0.9287	4	0	0
箫	7BAB	5	0.3896	6.727	0.9513	5	0	0
箬	7BAC	5	0.4497	6.330	0.9175	4	0	0
箭	7BAD	5	0.4112	6.184	0.9150	4	1	1
箮	7BAE	5	0.4009	6.351	0.9477	5	0	0
箯	7BAF	5	0.4334	6.741	0.9358	3	0	0
箰	7BB0	5	0.3609	6.881	0.9251	4	0	0
箱	7BB1	5	0.4615	6.168	0.9416	3	1	1
箲	7BB2	5	0.4024	6.385	0.9005	4	0	0
箳	7BB3	5	0.4708	6.609	0.9369	6	0	0
箴	7BB4	5	0.4438	6.841	0.9361	4	0	0
箵	7BB5	5	0.3817	6.561	0.9087	4	0	0
箶	7BB6	5	0.4275	5.961	0.9162	4	0	0
箷	7BB7	5	0.4438	7.034	0.8885	3	0	0
箸	7BB8	5	0.4645	6.656	0.8982	3	0	0
箹	7BB9	5	0.3766	6.810	0.9208	4	0	0
箺	7BBA	5	0.4689	7.067	0.8980	3	0	0
箻	7BBB	5	0.4645	6.817	0.9337	3	0	0
箼	7BBC	5	0.5108	7.657	0.8819	4	0	0
箽	7BBD	5	0.4800	7.238	0.9620	2	0	0
箾	7BBE	5	0.4087	6.277	0.9266	4	0	0
箿	7BBF	5	0.4246	6.813	0.9630	3	0	0
節	7BC0	5	0.3920	6.280	0.9224	3	1	1
篁	7BC1	5	0.4487	6.578	0.9759	3	0	0
篂	7BC2	5	0.4431	6.684	0.9500	3	0	0
篃	7BC3	5	0.4696	6.897	0.9554	3	0	0
範	7BC4	5	0.4556	6.688	0.9346	2	1	1
篅	7BC5	5	0.4320	6.090	0.9411	3	0	0
篆	7BC6	5	0.4012	7.623	0.8906	3	0	0
篇	7BC7	5	0.4578	7.062	0.9429	3	1	1
篈	7BC8	5	0.4053	6.012	0.9692	4	0	0
築	7BC9	5	0.4512	7.144	0.9125	5	1	1
篊	7BCA	5	0.3713	6.178	0.9026	4	0	0
篋	7BCB	5	0.4586	7.372	0.9026	3	0	0
篌	7BCC	5	0.4364	6.798	0.8977	3	0	0
篍	7BCD	5	0.3876	6.525	0.9372	3	0	0
篎	7BCE	5	0.3800	6.134	0.9419	4	0	0
篏	7BCF	5	0.4290	6.476	0.9027	2	0	0
篐	7BD0	5	0.4364	6.806	0.8901	2	0	0
篑	7BD1	5	0.4119	6.762	0.9399	3	0	0
篒	7BD2	5	0.3800	6.988	0.9192	4	0	0
篓	7BD3	5	0.4615	7.178	0.8921	3	0	0
篔	7BD4	5	0.3878	7.125	0.9218	3	0	0
篕	7BD5	5	0.4956	6.416	0.9142	4	0	0
篖	7BD6	5	0.4645	7.136	0.9081	3	0	0
篗	7BD7	5	0.4471	7.632	0.9154	3	0	0
篘	7BD8	5	0.4631	7.538	0.8783	3	0	0
篙	7BD9	5	0.4338	7.114	0.9612	5	0	0
篚	7BDA	5	0.4892	7.067	0.9119	3	0	0
篛	7BDB	5	0.4723	7.763	0.9022	3	0	0
篜	7BDC	5	0.4231	7.216	0.8792	4	0	0
篝	7BDD	5	0.3891	7.534	0.9623	3	0	0
篞	7BDE	5	0.3923	6.582	0.9048	4	0	0
篟	7BDF	5	0.3757	7.010	0.9519	3	0	0
篠	7BE0	5	0.4123	7.363	0.9011	4	1	1
篡	7BE1	5	0.4246	7.807	0.8930	2	0	0
篢	7BE2	5	0.4446	7.645	0.9044	3	0	0
篣	7BE3	5	0.4569	6.601	0.8689	3	0	0
篤	7BE4	5	0.4098	6.803	0.9413	2	1	1
篥	7BE5	5	0.4941	7.005	0.9389	3	0	0
篦	7BE6	5	0.4201	7.059	0.9036	2	0	0
篧	7BE7	5	0.4754	6.844	0.9161	2	0	0
篨	7BE8	5	0.4492	7.103	0.8873	5	0	0
篩	7BE9	5	0.4453	6.341	0.9493	4	0	0
篪	7BEA	5	0.4083	7.493	0.8943	4	0	0
篫	7BEB	5	0.3654	7.293	0.8965	5	0	0
篬	7BEC	5	0.3757	7.096	0.9133	5	0	0
篭	7BED	5	0.4275	6.835	0.9482	3	0	0
篮	7BEE	5	0.4127	5.724	0.9306	3	1	1
篯	7BEF	5	0.4231	7.079	0.8638	3	0	0
篰	7BF0	5	0.4631	6.672	0.9109	4	0	0
篱	7BF1	5	0.4508	7.219	0.8541	3	0	0
篲	7BF2	5	0.4941	7.344	0.8966	4	0	0
篳	7BF3	5	0.4320	7.159	0.9482	2	0	0
篴	7BF4	5	0.4154	7.840	0.8757	3	0	0
篵	7BF5	5	0.3950	6.774	0.8915	3	0	0
篶	7BF6	5	0.3861	7.498	0.9285	4	0	0
篷	7BF7	5	0.4083	8.063	0.8682	4	0	0
篸	7BF8	5	0.3964	7.850	0.8883	3	0	0
篹	7BF9	5	0.4275	7.788	0.9211	2	0	0
篺	7BFA	5	0.4497	6.538	0.9235	4	0	0
篻	7BFB	5	0.4252	7.530	0.9293	3	0	0
篼	7BFC	5	0.4053	6.303	0.8938	3	0	0
篽	7BFD	5	0.4142	7.050	0.9466	4	0	0
篾	7BFE	5	0.4763	7.081	0.8773	4	0	0
篿	7BFF	5	0.4160	7.789	0.9413	3	0	0
簀	7C00	5	0.3846	8.106	0.9274	3	0	0
簁	7C01	5	0.4260	6.601	0.9264	4	0	0
簂	7C02	5	0.4754	7.998	0.8951	4	0	0
簃	7C03	5	0.4354	7.396	0.8757	4	0	0
簄	7C04	5	0.4172	8.184	0.9093	3	0	0
簅	7C05	5	0.4423	7.109	0.8593	4	0	0
簆	7C06	5	0.4615	7.125	0.8880	5	0	0
簇	7C07	5	0.4408	7.111	0.8942	3	0	0
簈	7C08	5	0.4508	6.633	0.9360	6	0	0
簉	7C09	5	0.4053	7.141	0.8883	4	0	0
簊	7C0A	5	0.4778	7.024	0.9336	4	0	0
簋	7C0B	5	0.4778	6.947	0.9158	3	0	0
簌	7C0C	5	0.4231	6.962	0.8895	3	0	0
簍	7C0D	5	0.4530	8.106	0.9269	3	0	0
簎	7C0E	5	0.4556	6.649	0.9400	5	0	0
簏	7C0F	5	0.5074	7.267	0.8760	2	0	0
簐	7C10	5	0.4512	6.974	0.9651	3	0	0
簑	7C11	5	0.4024	7.361	0.9211	3	0	0
簒	7C12	5	0.3905	8.080	0.8932	3	0	0
簓	7C13	5	0.3920	7.370	0.9310	4	0	0
簔	7C14	5	0.3772	7.745	0.9137	3	0	0
簕	7C15	5	0.4087	6.695	0.9737	3	0	0
簖	7C16	5	0.4262	6.855	0.9431	4	0	0
簗	7C17	5	0.4275	7.606	0.8951	3	0	0
簘	7C18	5	0.4600	7.630	0.9087	2	0	0
簙	7C19	5	0.4245	7.127	0.9433	4	0	0
簚	7C1A	5	0.4334	7.423	0.9248	4	0	0
簛	7C1B	5	0.4453	6.577	0.9123	4	0	0
簜	7C1C	5	0.4246	7.647	0.8777	6	0	0
簝	7C1D	5	0.4098	7.248	0.9074	4	0	0
簞	7C1E	5	0.4200	6.905	0.9822	4	0	0
簟	7C1F	5	0.4320	7.787	0.9705	4	0	0
簠	7C20	5	0.4675	6.987	0.9551	3	0	0
簡	7C21	5	0.4009	6.791	0.9458	3	1	1
簢	7C22	5	0.4503	7.259	0.9442	3	0	0
簣	7C23	5	0.3846	8.078	0.9118	3	0	0
簤	7C24	5	0.4062	7.670	0.9392	3	0	0
簥	7C25	5	0.4127	7.606	0.9229	6	0	0
簦	7C26	5	0.4586	6.988	0.8861	5	0	0
簧	7C27	5	0.3861	7.526	0.9200	2	0	0
簨	7C28	5	0.4754	7.529	0.9154	5	0	0
簩	7C29	5	0.4583	7.569	0.8749	3	0	0
簪	7C2A	5	0.4749	7.738	0.8539	4	0	0
簫	7C2B	5	0.4320	7.579	0.9592	4	0	0
簬	7C2C	5	0.4393	6.872	0.9151	4	0	0
簭	7C2D	5	0.4862	7.396	0.8671	6	0	0
簮	7C2E	5	0.4320	7.411	0.8771	3	0	0
簯	7C2F	5	0.4586	6.748	0.8863	4	0	0
簰	7C30	5	0.4512	6.552	0.9305	4	0	0
簱	7C31	5	0.4290	6.888	0.9074	2	0	0
簲	7C32	5	0.4523	6.784	0.9313	4	0	0
簳	7C33	5	0.4127	6.539	0.9209	4	0	0
簴	7C34	5	0.4083	7.847	0.8920	4	0	0
簵	7C35	5	0.4808	7.615	0.9116	4	0	0
簶	7C36	5	0.3846	7.490	0.9193	4	0	0
簷	7C37	5	0.4060	8.769	0.9323	4	0	0
簸	7C38	5	0.4645	7.515	0.8906	2	0	0
簹	7C39	5	0.4497	6.717	0.9276	3	0	0
簺	7C3A	5	0.4923	7.618	0.9008	3	0	0
簻	7C3B	5	0.4083	6.911	0.9015	4	0	0
簼	7C3C	5	0.4245	7.361	0.9664	4	0	0
簽	7C3D	5	0.4216	6.977	0.8837	7	1	1
簾	7C3E	5	0.4467	8.238	0.8871	4	0	0
簿	7C3F	5	0.4123	7.557	0.9385	4	1	1
籀	7C40	5	0.4808	7.351	0.8868	2	0	0
籁	7C41	5	0.4453	7.260	0.9351	4	0	0
籂	7C42	5	0.4523	7.284	0.9134	6	0	0
籃	7C43	5	0.4467	6.553	0.9420	3	1	1
籄	7C44	5	0.4592	8.272	0.9284	4	0	0
籅	7C45	5	0.4334	6.838	0.9197	3	0	0
籆	7C46	5	0.4201	8.526	0.8916	4	0	0
籇	7C47	5	0.4311	8.923	0.9383	5	0	0
籈	7C48	5	0.5015	7.547	0.9174	4	0	0
籉	7C49	5	0.4231	8.917	0.9496	6	0	0
籊	7C4A	5	0.4200	8.228	0.9254	3	0	0
籋	7C4B	5	0.4867	8.485	0.8680	3	0	0
籌	7C4C	5	0.3661	8.829	0.9321	5	1	1
籍	7C4D	5	0.4831	7.008	0.9519	5	1	1
籎	7C4E	5	0.4776	7.841	0.9003	3	0	0
籏	7C4F	5	0.4408	7.452	0.9187	4	0	0
籐	7C50	5	0.4330	8.317	0.8812	3	0	0
籑	7C51	5	0.4408	9.188	0.9105	3	0	0
籒	7C52	5	0.5059	7.106	0.9120	4	0	0
籓	7C53	5	0.4453	7.438	0.8972	4	0	0
籔	7C54	5	0.4497	7.958	0.9173	4	0	0
籕	7C55	5	0.4778	7.504	0.9071	4	0	0
籖	7C56	5	0.4630	7.573	0.9040	3	0	0
籗	7C57	5	0.4200	8.444	0.9357	3	0	0
籘	7C58	5	0.4438	8.518	0.8864	3	0	0
籙	7C59	5	0.4246	8.033	0.9026	4	0	0
籚	7C5A	5	0.4423	8.226	0.9281	3	0	0
籛	7C5B	5	0.4704	8.753	0.8810	4	0	0
籜	7C5C	5	0.4970	7.216	0.9354	5	0	0
籝	7C5D	5	0.3950	8.794	0.9082	3	0	0
籞	7C5E	5	0.4163	8.559	0.9209	5	0	0
籟	7C5F	5	0.4497	7.827	0.9159	4	0	0
籠	7C60	5	0.4288	8.062	0.9234	2	1	1
籡	7C61	5	0.4305	7.423	0.9067	8	0	0
籢	7C62	5	0.4556	7.673	0.8797	8	0	0
籣	7C63	5	0.4677	8.169	0.9140	3	0	0
籤	7C64	5	0.4571	8.051	0.8694	3	0	0
籥	7C65	5	0.4174	7.495	0.9461	2	0	0
籦	7C66	5	0.4689	8.157	0.9053	3	0	0
籧	7C67	5	0.4216	9.052	0.8608	4	0	0
籨	7C68	5	0.4492	7.608	0.8845	8	0	0
籩	7C69	5	0.4290	9.059	0.8820	6	0	0
籪	7C6A	5	0.4364	8.553	0.8792	3	0	0
籫	7C6B	5	0.4246	8.573	0.9040	6	0	0
籬	7C6C	5	0.4843	8.154	0.8856	4	0	0
籭	7C6D	5	0.4373	8.911	0.9365	7	0	0
籮	7C6E	5	0.4527	8.093	0.8974	4	0	0
籯	7C6F	5	0.4260	8.979	0.8845	3	0	0
籰	7C70	5	0.4985	9.647	0.8607	4	0	0
籱	7C71	5	0.4538	8.943	0.9322	4	0	0
籲	7C72	5	0.4453	8.729	0.9230	3	0	0
米	7C73	5	0.3031	4.452	0.9730	1	0	0
籴	7C74	5	0.3107	5.266	0.9496	2	0	0
籵	7C75	5	0.3240	4.279	0.9258	2	0	0
籶	7C76	5	0.3609	5.384	0.9358	2	0	0
籷	7C77	5	0.3521	5.298	0.9038	3	0	0
籸	7C78	5	0.3713	5.542	0.9335	3	0	0
籹	7C79	5	0.3743	5.866	0.9146	2	0	0
籺	7C7A	5	0.3624	5.663	0.8897	3	0	0
类	7C7B	5	0.3785	6.129	0.9075	2	1	0
籼	7C7C	5	0.3615	5.211	0.9435	2	0	0
籽	7C7D	5	0.3284	4.947	0.9501	2	0	0
籾	7C7E	5	0.4015	6.114	0.9311	3	0	0
籿	7C7F	5	0.3284	4.962	0.9574	2	0	0
粀	7C80	5	0.3595	5.585	0.8988	2	0	0
粁	7C81	5	0.3166	4.731	0.9390	2	0	0
粂	7C82	5	0.3580	5.837	0.9028	2	0	0
粃	7C83	5	0.3746	5.865	0.9049	2	0	0
粄	7C84	5	0.3994	6.452	0.9359	3	0	0
粅	7C85	5	0.3979	6.440	0.9108	3	0	0
粆	7C86	5	0.3402	5.668	0.9500	3	0	0
粇	7C87	5	0.3624	5.708	0.8766	3	0	0
粈	7C88	5	0.3994	5.678	0.9653	2	0	0
粉	7C89	5	0.3447	5.986	0.9090	3	1	0
粊	7C8A	5	0.3772	5.867	0.9342	2	0	0
粋	7C8B	5	0.3506	5.361	0.9148	3	1	1
粌	7C8C	5	0.4038	5.366	0.9294	3	0	0
粍	7C8D	5	0.3787	5.716	0.9184	2	0	0
粎	7C8E	5	0.3743	5.787	0.9272	2	0	0
粏	7C8F	5	0.3743	5.832	0.9529	3	0	0
粐	7C90	5	0.3580	5.350	0.9288	2	0	0
粑	7C91	5	0.4098	5.889	0.9110	2	0	0
粒	7C92	5	0.3506	5.639	0.9208	2	1	0
粓	7C93	5	0.4009	5.447	0.9673	2	0	0
粔	7C94	5	0.3817	5.577	0.9589	2	0	0
粕	7C95	5	0.4103	5.220	0.9311	2	0	0
粖	7C96	5	0.3831	5.846	0.9507	2	0	0
粗	7C97	5	0.4127	5.825	0.9012	2	1	0
粘	7C98	5	0.3669	5.197	0.9694	3	1	0
粙	7C99	5	0.4431	5.534	0.9441	2	0	0
粚	7C9A	5	0.4157	6.577	0.9094	2	0	0
粛	7C9B	5	0.4554	6.458	0.9555	1	1	1
粜	7C9C	5	0.3831	5.580	0.9426	3	0	0
粝	7C9D	5	0.4157	6.341	0.9401	3	0	0
粞	7C9E	5	0.4585	6.604	0.8804	2	0	0
粟	7C9F	5	0.4892	5.832	0.9221	2	1	1
粠	7CA0	5	0.3964	5.958	0.9102	3	0	0
粡	7CA1	5	0.4446	6.104	0.9491	3	0	0
粢	7CA2	5	0.3772	6.500	0.8930	3	0	0
粣	7CA3	5	0.4038	7.058	0.9646	2	0	0
粤	7CA4	5	0.3830	6.376	0.9231	3	1	1
粥	7CA5	5	0.4215	6.478	0.8539	3	0	0
粦	7CA6	5	0.4053	6.404	0.9129	3	0	0
粧	7CA7	5	0.3506	6.034	0.9242	3	1	1
粨	7CA8	5	0.4260	5.740	0.9883	3	0	0
粩	7CA9	5	0.3964	6.299	0.8915	3	0	0
粪	7CAA	5	0.4391	6.445	0.9183	3	0	0
粫	7CAB	5	0.4108	6.417	0.8982	2	0	0
粬	7CAC	5	0.4246	6.288	0.9635	2	0	0
粭	7CAD	5	0.3609	5.918	0.9163	4	0	0
粮	7CAE	5	0.4038	6.347	0.9347	3	1	1
粯	7CAF	5	0.4438	6.416	0.9052	2	0	0
粰	7CB0	5	0.3462	6.370	0.8936	3	0	0
粱	7CB1	5	0.3831	6.723	0.9211	2	0	0
粲	7CB2	5	0.4098	6.794	0.9007	2	0	0
粳	7CB3	5	0.4763	6.700	0.9300	2	0	0
粴	7CB4	5	0.4630	6.346	0.9576	3	0	0
粵	7CB5	5	0.4215	6.759	0.9462	3	1	1
粶	7CB6	5	0.4083	6.870	0.9098	3	0	0
粷	7CB7	5	0.4415	6.879	0.8952	3	0	0
粸	7CB8	5	0.4172	6.163	0.9392	3	0	0
粹	7CB9	5	0.3432	5.981	0.9357	3	1	1
粺	7CBA	5	0.4142	6.202	0.9488	3	0	0
粻	7CBB	5	0.4334	6.668	0.9363	2	0	0
粼	7CBC	5	0.3994	7.504	0.9149	5	0	0
粽	7CBD	5	0.3876	6.239	0.9463	3	0	0
精	7CBE	5	0.4172	6.490	0.9520	2	1	1
粿	7CBF	5	0.4571	6.683	0.9554	2	0	0
糀	7CC0	5	0.4053	6.201	0.9056	4	0	0
糁	7CC1	5	0.4038	7.284	0.9003	3	0	0
糂	7CC2	5	0.4556	6.678	0.9276	4	0	0
糃	7CC3	5	0.4675	7.341	0.9011	5	0	0
糄	7CC4	5	0.4800	7.225	0.8727	3	0	0
糅	7CC5	5	0.4408	7.062	0.8958	3	0	0
糆	7CC6	5	0.4926	6.600	0.9412	2	0	0
糇	7CC7	5	0.4186	6.981	0.9091	3	0	0
糈	7CC8	5	0.4512	6.865	0.9300	3	0	0
糉	7CC9	5	0.4305	7.851	0.9001	2	0	0
糊	7CCA	5	0.4723	6.499	0.9025	4	1	1
糋	7CCB	5	0.4482	6.942	0.9335	4	0	0
糌	7CCC	5	0.4645	7.138	0.9133	4	0	0
糍	7CCD	5	0.4379	7.769	0.8763	3	0	0
糎	7CCE	5	0.5015	7.106	0.9283	4	0	0
糏	7CCF	5	0.4830	7.275	0.9176	4	0	0
糐	7CD0	5	0.4645	7.288	0.9156	3	0	0
糑	7CD1	5	0.4738	7.291	0.8803	3	0	0
糒	7CD2	5	0.4573	7.255	0.9198	2	0	0
糓	7CD3	5	0.4127	7.356	0.9139	2	0	0
糔	7CD4	5	0.4467	7.550	0.9067	4	0	0
糕	7CD5	5	0.4172	6.712	0.9284	3	1	1
糖	7CD6	5	0.4675	7.004	0.9381	3	1	1
糗	7CD7	5	0.4127	6.976	0.9087	3	0	0
糘	7CD8	5	0.4038	7.245	0.9184	3	0	0
糙	7CD9	5	0.4467	7.098	0.9065	4	0	0
糚	7CDA	5	0.4157	6.524	0.9315	4	0	0
糛	7CDB	5	0.4675	6.750	0.9202	3	0	0
糜	7CDC	5	0.4172	7.337	0.9193	4	0	0
糝	7CDD	5	0.3669	7.901	0.8796	3	0	0
糞	7CDE	5	0.4260	7.485	0.9172	4	0	0
糟	7CDF	5	0.4970	7.159	0.9940	3	0	0
糠	7CE0	5	0.4601	7.696	0.9133	3	0	0
糡	7CE1	5	0.4216	7.082	0.9070	3	0	0
糢	7CE2	5	0.4142	6.947	0.9218	4	0	0
糣	7CE3	5	0.4808	7.775	0.9201	4	0	0
糤	7CE4	5	0.4763	7.289	0.9050	5	0	0
糥	7CE5	5	0.4556	7.329	0.9341	2	0	0
糦	7CE6	5	0.4482	7.004	0.9308	6	0	0
糧	7CE7	5	0.4527	7.707	0.9407	5	1	1
糨	7CE8	5	0.4645	7.014	0.9294	4	0	0
糩	7CE9	5	0.4068	7.629	0.9452	4	0	0
糪	7CEA	5	0.4689	6.966	0.9469	3	0	0
糫	7CEB	5	0.4926	7.582	0.9206	3	0	0
糬	7CEC	5	0.4867	7.272	0.9230	4	0	0
糭	7CED	5	0.4068	8.471	0.8854	2	0	0
糮	7CEE	5	0.4645	7.452	0.8955	3	0	0
糯	7CEF	5	0.4345	7.695	0.9519	3	0	0
糰	7CF0	5	0.5385	8.401	0.9173	4	0	0
糱	7CF1	5	0.4379	7.527	0.9051	4	0	0
糲	7CF2	5	0.4808	8.231	0.9369	5	0	0
糳	7CF3	5	0.4423	8.880	0.8858	2	0	0
糴	7CF4	5	0.4778	8.149	0.9016	4	0	0
糵	7CF5	5	0.4349	7.971	0.8999	4	0	0
糶	7CF6	5	0.5044	8.505	0.9014	5	0	0
糷	7CF7	5	0.4364	8.917	0.9360	4	0	0
糸	7CF8	5	0.2985	4.927	0.9098	1	0	0
糹	7CF9	5	0.3938	4.869	0.9046	1	0	0
糺	7CFA	5	0.3056	4.914	0.9088	2	0	0
系	7CFB	5	0.3254	5.568	0.9156	2	1	0
糼	7CFC	5	0.3718	5.728	0.8676	2	0	0
糽	7CFD	5	0.3123	4.831	0.8905	2	0	0
糾	7CFE	5	0.3402	5.243	0.9350	2	1	0
糿	7CFF	5	0.3708	5.922	0.8841	2	0	0
紀	7D00	5	0.3417	5.529	0.9182	2	1	0
紁	7D01	5	0.3772	6.529	0.9455	3	0	0
紂	7D02	5	0.3180	5.348	0.9234	2	0	0
紃	7D03	5	0.3769	5.623	0.9384	2	0	0
約	7D04	5	0.3446	5.704	0.9008	3	1	0
紅	7D05	5	0.3151	5.115	0.9361	2	1	0
紆	7D06	5	0.3195	5.170	0.9403	2	0	0
紇	7D07	5	0.3585	6.043	0.8974	3	0	0
紈	7D08	5	0.3462	5.992	0.9241	2	0	0
紉	7D09	5	0.3785	6.273	0.8999	3	0	0
紊	7D0A	5	0.3985	6.617	0.8814	2	0	0
紋	7D0B	5	0.3654	6.153	0.9330	2	1	1
紌	7D0C	5	0.3698	6.246	0.8836	2	0	0
納	7D0D	5	0.4000	6.086	0.9134	2	1	1
紎	7D0E	5	0.3432	5.933	0.9400	2	0	0
紏	7D0F	5	0.3180	5.658	0.9134	2	0	0
紐	7D10	5	0.3817	5.976	0.9590	2	1	1
紑	7D11	5	0.3299	5.626	0.9112	2	0	0
紒	7D12	5	0.3121	5.884	0.9320	3	0	0
紓	7D13	5	0.3476	5.956	0.9180	2	0	0
純	7D14	5	0.3609	6.069	0.9210	2	1	1
紕	7D15	5	0.3654	6.119	0.9051	2	0	0
紖	7D16	5	0.3958	5.608	0.9339	3	0	0
紗	7D17	5	0.3062	5.869	0.9327	3	1	0
紘	7D18	5	0.3683	6.346	0.9273	3	0	0
紙	7D19	5	0.3935	6.364	0.8962	2	1	1
級	7D1A	5	0.4009	6.793	0.9314	2	1	1
紛	7D1B	5	0.3728	6.332	0.9217	3	1	1
紜	7D1C	5	0.3254	5.805	0.9324	3	0	0
紝	7D1D	5	0.3240	5.422	0.9064	3	0	0
紞	7D1E	5	0.3669	5.883	0.9122	2	0	0
紟	7D1F	5	0.3225	5.909	0.9341	4	0	0
素	7D20	5	0.4308	6.635	0.9287	2	1	1
紡	7D21	5	0.3565	5.884	0.9194	2	1	1
索	7D22	5	0.4071	6.370	0.8947	2	1	1
紣	7D23	5	0.3299	5.692	0.9291	3	0	0
紤	7D24	5	0.3417	5.672	0.9527	2	0	0
紥	7D25	5	0.3831	6.559	0.8797	3	0	0
紦	7D26	5	0.4024	6.111	0.9077	2	0	0
紧	7D27	5	0.4151	6.533	0.9118	2	1	1
紨	7D28	5	0.3683	6.194	0.9283	3	0	0
紩	7D29	5	0.3743	6.211	0.9197	3	0	0
紪	7D2A	5	0.3891	6.703	0.9200	3	0	0
紫	7D2B	5	0.3985	6.556	0.9028	3	1	1
紬	7D2C	5	0.4185	5.810	0.9420	2	0	0
紭	7D2D	5	0.3905	6.675	0.8971	3	0	0
紮	7D2E	5	0.3624	6.306	0.9088	3	0	0
累	7D2F	5	0.4733	6.187	0.9380	2	1	1
細	7D30	5	0.4415	6.010	0.9365	2	1	1
紱	7D31	5	0.3905	6.853	0.9095	2	0	0
紲	7D32	5	0.4031	6.348	0.9183	2	0	0
紳	7D33	5	0.4077	5.654	0.9474	2	1	1
紴	7D34	5	0.4038	6.875	0.9063	2	0	0
紵	7D35	5	0.3121	5.354	0.9083	3	0	0
紶	7D36	5	0.3639	6.078	0.9176	3	0	0
紷	7D37	5	0.3284	6.188	0.9200	4	0	0
紸	7D38	5	0.3554	5.402	0.9148	3	0	0
紹	7D39	5	0.3985	6.256	0.9238	3	1	1
紺	7D3A	5	0.3861	5.927	0.9312	2	0	0
紻	7D3B	5	0.3876	6.120	0.9458	2	0	0
紼	7D3C	5	0.4201	6.771	0.9343	2	0	0
紽	7D3D	5	0.3388	5.870	0.8911	3	0	0
紾	7D3E	5	0.3284	6.582	0.9088	2	0	0
紿	7D3F	5	0.3624	6.153	0.9259	3	0	0
絀	7D40	5	0.3938	5.976	0.9250	3	0	0
絁	7D41	5	0.4201	6.852	0.9108	2	0	0
終	7D42	5	0.3373	6.510	0.9099	3	1	1
絃	7D43	5	0.3536	6.466	0.9131	2	0	0
組	7D44	5	0.4157	5.970	0.9212	2	1	1
絅	7D45	5	0.4046	6.235	0.9482	3	0	0
絆	7D46	5	0.3491	5.876	0.9294	2	0	0
絇	7D47	5	0.3815	6.047	0.9136	3	0	0
絈	7D48	5	0.4059	5.573	0.9269	2	0	0
絉	7D49	5	0.3692	6.383	0.9255	3	0	0
絊	7D4A	5	0.3550	5.981	0.9293	2	0	0
絋	7D4B	5	0.3683	6.456	0.9122	3	0	0
経	7D4C	5	0.3876	6.688	0.9112	3	1	1
絍	7D4D	5	0.3536	6.274	0.9349	4	0	0
絎	7D4E	5	0.3284	6.050	0.9265	4	0	0
絏	7D4F	5	0.4408	6.813	0.9201	2	0	0
結	7D50	5	0.3817	5.944	0.9448	3	1	1
絑	7D51	5	0.3743	6.380	0.9233	3	0	0
絒	7D52	5	0.3877	6.794	0.9092	2	0	0
絓	7D53	5	0.3580	5.928	0.8824	3	0	0
絔	7D54	5	0.3905	6.183	0.9268	3	0	0
絕	7D55	5	0.4246	6.758	0.8905	2	1	1
絖	7D56	5	0.3757	6.554	0.9154	4	0	0
絗	7D57	5	0.4185	6.392	0.9562	3	0	0
絘	7D58	5	0.3417	6.692	0.9138	3	0	0
絙	7D59	5	0.4216	6.308	0.9059	4	0	0
絚	7D5A	5	0.3846	6.561	0.9396	3	0	0
絛	7D5B	5	0.3757	6.995	0.8913	3	0	0
絜	7D5C	5	0.4138	7.016	0.9384	2	0	0
絝	7D5D	5	0.3964	6.602	0.9306	4	0	0
絞	7D5E	5	0.3506	6.658	0.8968	3	1	1
絟	7D5F	5	0.3677	5.905	0.9366	3	0	0
絠	7D60	5	0.4009	6.353	0.9051	3	0	0
絡	7D61	5	0.3979	6.576	0.9288	3	1	1
絢	7D62	5	0.4108	6.370	0.9000	3	0	0
絣	7D63	5	0.3728	6.232	0.9071	5	0	0
絤	7D64	5	0.4571	6.862	0.9332	2	0	0
絥	7D65	5	0.3639	6.779	0.9203	3	0	0
給	7D66	5	0.3654	6.232	0.9289	4	1	1
絧	7D67	5	0.4354	6.516	0.9476	3	0	0
絨	7D68	5	0.3920	7.123	0.9256	3	0	0
絩	7D69	5	0.3964	7.059	0.8854	2	0	0
絪	7D6A	5	0.4615	6.749	0.9380	3	0	0
絫	7D6B	5	0.3798	7.036	0.9113	4	0	0
絬	7D6C	5	0.3964	6.005	0.9351	2	0	0
絭	7D6D	5	0.4246	7.049	0.9112	2	0	0
絮	7D6E	5	0.4343	6.997	0.8775	3	0	0
絯	7D6F	5	0.3624	6.726	0.9350	4	0	0
絰	7D70	5	0.3964	6.480	0.8992	3	0	0
統	7D71	5	0.3713	6.583	0.9085	4	1	1
絲	7D72	5	0.3491	6.685	0.8976	2	1	1
絳	7D73	5	0.3891	6.795	0.9312	3	0	0
絴	7D74	5	0.3609	5.933	0.9270	2	0	0
絵	7D75	5	0.3802	6.769	0.9261	4	1	1
絶	7D76	5	0.4053	6.387	0.9123	2	1	1
絷	7D77	5	0.4308	6.936	0.9248	3	0	0
絸	7D78	5	0.4379	6.657	0.9070	2	0	0
絹	7D79	5	0.4508	6.425	0.9476	3	1	1
絺	7D7A	5	0.4068	7.096	0.9079	4	0	0
絻	7D7B	5	0.4320	6.644	0.9093	3	0	0
絼	7D7C	5	0.3785	6.961	0.9465	2	0	0
絽	7D7D	5	0.4138	5.965	0.9470	3	0	0
絾	7D7E	5	0.4231	7.370	0.9054	3	0	0
絿	7D7F	5	0.3905	6.789	0.9203	2	0	0
綀	7D80	5	0.4246	6.640	0.9442	2	0	0
綁	7D81	5	0.3728	6.889	0.9351	3	0	0
綂	7D82	5	0.4024	6.423	0.9290	2	0	0
綃	7D83	5	0.3964	6.613	0.8998	3	0	0
綄	7D84	5	0.3802	6.435	0.9174	4	0	0
綅	7D85	5	0.4467	7.239	0.9165	2	0	0
綆	7D86	5	0.4408	6.986	0.9222	2	0	0
綇	7D87	5	0.4423	6.854	0.9483	2	0	0
綈	7D88	5	0.4323	6.851	0.8973	5	0	0
綉	7D89	5	0.4127	7.135	0.9190	3	0	0
綊	7D8A	5	0.3802	6.832	0.9177	2	0	0
綋	7D8B	5	0.4053	6.950	0.9312	4	0	0
綌	7D8C	5	0.3698	6.567	0.9156	2	0	0
綍	7D8D	5	0.3920	6.302	0.9354	3	0	0
綎	7D8E	5	0.3994	7.145	0.8839	3	0	0
綏	7D8F	5	0.3861	7.088	0.9197	3	0	0
綐	7D90	5	0.3964	6.404	0.9099	3	0	0
綑	7D91	5	0.4446	7.043	0.9125	3	0	0
綒	7D92	5	0.3831	6.684	0.9278	3	0	0
經	7D93	5	0.4112	7.162	0.9233	6	1	1
綔	7D94	5	0.4053	6.785	0.8815	5	0	0
綕	7D95	5	0.3743	6.636	0.9245	3	0	0
綖	7D96	5	0.4246	7.445	0.8841	3	0	0
綗	7D97	5	0.4369	6.927	0.9445	3	0	0
綘	7D98	5	0.4112	7.024	0.9102	3	0	0
継	7D99	5	0.4092	7.296	0.9199	3	1	1
続	7D9A	5	0.3817	6.638	0.8989	3	1	1
綛	7D9B	5	0.3994	7.221	0.9152	4	0	0
綜	7D9C	5	0.3624	6.434	0.9116	3	1	1
綝	7D9D	5	0.4038	6.856	0.8807	3	0	0
綞	7D9E	5	0.4453	6.756	0.9166	2	0	0
綟	7D9F	5	0.4201	7.134	0.9293	3	0	0
綠	7DA0	5	0.3935	7.017	0.9071	3	1	1
綡	7DA1	5	0.4031	6.514	0.9423	4	0	0
綢	7DA2	5	0.4677	7.050	0.9306	3	0	0
綣	7DA3	5	0.4127	7.487	0.8970	3	0	0
綤	7DA4	5	0.4359	7.381	0.8800	4	0	0
綥	7DA5	5	0.4186	6.539	0.9503	3	0	0
綦	7DA6	5	0.4068	7.435	0.9223	3	0	0
綧	7DA7	5	0.3964	6.526	0.9204	4	0	0
綨	7DA8	5	0.4157	6.583	0.9143	3	0	0
綩	7DA9	5	0.4068	7.274	0.9121	4	0	0
綪	7DAA	5	0.4393	6.975	0.9291	2	0	0
綫	7DAB	5	0.4379	7.962	0.8864	3	1	1
綬	7DAC	5	0.4083	7.434	0.8976	3	1	1
維	7DAD	5	0.4024	6.469	0.9498	2	1	1
綮	7DAE	5	0.4172	7.087	0.8745	2	0	0
綯	7DAF	5	0.4024	7.126	0.8746	3	0	0
綰	7DB0	5	0.4523	6.497	0.9342	3	0	0
綱	7DB1	5	0.4354	7.270	0.9435	3	1	1
網	7DB2	5	0.4354	6.974	0.9451	3	1	1
綳	7DB3	5	0.4677	7.753	0.8768	3	0	0
綴	7DB4	5	0.4527	8.283	0.8999	5	1	1
綵	7DB5	5	0.3950	6.850	0.9323	3	0	0
綶	7DB6	5	0.4305	6.917	0.9267	2	0	0
綷	7DB7	5	0.3580	6.288	0.9174	3	0	0
綸	7DB8	5	0.4349	7.147	0.9283	4	0	0
綹	7DB9	5	0.4098	7.090	0.9302	4	0	0
綺	7DBA	5	0.4142	6.740	0.9133	4	0	0
綻	7DBB	5	0.3891	6.462	0.9173	3	1	1
綼	7DBC	5	0.4260	6.347	0.9695	3	0	0
綽	7DBD	5	0.3964	6.120	0.9528	4	0	0
綾	7DBE	5	0.4038	7.337	0.9122	4	1	1
綿	7DBF	5	0.4431	6.421	0.9288	3	1	1
緀	7DC0	5	0.4571	7.473	0.9315	3	0	0
緁	7DC1	5	0.4738	7.115	0.9081	2	0	0
緂	7DC2	5	0.3609	7.072	0.9275	3	0	0
緃	7DC3	5	0.3728	6.782	0.8932	2	0	0
緄	7DC4	5	0.4364	6.971	0.9104	3	0	0
緅	7DC5	5	0.4497	7.279	0.9163	3	0	0
緆	7DC6	5	0.4385	7.346	0.9098	4	0	0
緇	7DC7	5	0.4569	7.517	0.9089	5	0	0
緈	7DC8	5	0.3891	6.231	0.9290	3	0	0
緉	7DC9	5	0.4393	7.898	0.8790	3	0	0
緊	7DCA	5	0.4533	7.357	0.8613	3	1	1
緋	7DCB	5	0.3802	6.208	0.9438	2	0	0
緌	7DCC	5	0.4201	7.409	0.9137	3	0	0
緍	7DCD	5	0.4512	7.168	0.8970	3	0	0
緎	7DCE	5	0.3979	7.296	0.9156	3	0	0
総	7DCF	5	0.3580	7.262	0.9030	4	1	1
緐	7DD0	5	0.4231	7.428	0.9061	4	0	0
緑	7DD1	5	0.3979	6.989	0.9199	3	1	1
緒	7DD2	5	0.4453	6.654	0.9205	3	1	1
緓	7DD3	5	0.4157	6.707	0.9176	3	0	0
緔	7DD4	5	0.4369	6.970	0.8939	4	0	0
緕	7DD5	5	0.4009	6.755	0.9196	3	0	0
緖	7DD6	5	0.4246	6.923	0.9109	2	0	0
緗	7DD7	5	0.4815	6.732	0.8874	3	0	0
緘	7DD8	5	0.4379	7.752	0.9029	4	0	0
緙	7DD9	5	0.4112	6.438	0.9332	2	0	0
線	7DDA	5	0.4290	7.038	0.9148	3	1	1
緛	7DDB	5	0.4379	7.240	0.9349	3	0	0
緜	7DDC	5	0.4323	6.793	0.9463	4	0	0
緝	7DDD	5	0.4305	6.696	0.9417	3	0	0
緞	7DDE	5	0.4157	7.400	0.9147	4	0	0
緟	7DDF	5	0.4704	7.373	0.9156	2	0	0
締	7DE0	5	0.4142	6.743	0.9212	3	1	1
緡	7DE1	5	0.4527	7.587	0.9168	3	0	0
緢	7DE2	5	0.4408	6.653	0.9105	3	0	0
緣	7DE3	5	0.4231	7.657	0.9001	3	1	1
緤	7DE4	5	0.4497	7.027	0.9359	3	0	0
緥	7DE5	5	0.4379	7.157	0.9193	4	0	0
緦	7DE6	5	0.4393	7.190	0.9251	3	0	0
緧	7DE7	5	0.4334	7.252	0.9360	4	0	0
編	7DE8	5	0.4800	7.543	0.8940	3	1	1
緩	7DE9	5	0.4438	7.865	0.8907	5	1	1
緪	7DEA	5	0.4053	7.543	0.9070	4	0	0
緫	7DEB	5	0.3920	7.714	0.9301	4	0	0
緬	7DEC	5	0.4601	6.946	0.9331	2	1	1
緭	7DED	5	0.5015	6.983	0.9274	3	0	0
緮	7DEE	5	0.4098	7.385	0.9089	3	0	0
緯	7DEF	5	0.4349	6.807	0.9459	4	1	1
緰	7DF0	5	0.4305	7.329	0.9341	5	0	0
緱	7DF1	5	0.4438	7.334	0.9099	3	0	0
緲	7DF2	5	0.4046	7.430	0.8929	4	0	0
緳	7DF3	5	0.4523	7.645	0.9190	3	0	0
練	7DF4	5	0.4438	7.257	0.9303	2	1	1
緵	7DF5	5	0.4349	8.159	0.8978	2	0	0
緶	7DF6	5	0.4571	7.466	0.9041	3	0	0
緷	7DF7	5	0.4497	6.998	0.9618	3	0	0
緸	7DF8	5	0.4379	6.922	0.9169	3	0	0
緹	7DF9	5	0.4379	6.980	0.9010	4	0	0
緺	7DFA	5	0.4385	6.538	0.9425	3	0	0
緻	7DFB	5	0.4349	7.616	0.9140	4	0	0
緼	7DFC	5	0.4837	6.628	0.9806	3	0	0
緽	7DFD	5	0.4053	6.707	0.9089	3	0	0
緾	7DFE	5	0.4660	7.362	0.9378	4	0	0
緿	7DFF	5	0.3876	7.348	0.8794	4	0	0
縀	7E00	5	0.4497	7.212	0.9278	3	0	0
縁	7E01	5	0.4260	7.549	0.9248	3	1	1
縂	7E02	5	0.3772	6.951	0.9047	3	0	0
縃	7E03	5	0.4615	7.352	0.9181	3	0	0
縄	7E04	5	0.4615	7.117	0.9439	2	1	1
縅	7E05	5	0.4393	8.249	0.8719	4	0	0
縆	7E06	5	0.4098	7.187	0.9338	5	0	0
縇	7E07	5	0.4112	6.532	0.9185	5	0	0
縈	7E08	5	0.4519	7.987	0.8804	2	0	0
縉	7E09	5	0.4467	7.532	0.9128	3	0	0
縊	7E0A	5	0.4216	7.427	0.9133	3	0	0
縋	7E0B	5	0.4142	7.124	0.9016	3	0	0
縌	7E0C	5	0.3817	7.259	0.9140	4	0	0
縍	7E0D	5	0.4031	6.905	0.8998	3	0	0
縎	7E0E	5	0.4554	6.727	0.9618	3	0	0
縏	7E0F	5	0.3920	7.967	0.8763	4	0	0
縐	7E10	5	0.4444	7.967	0.8577	3	0	0
縑	7E11	5	0.4586	7.605	0.9292	3	0	0
縒	7E12	5	0.4364	7.126	0.9002	3	0	0
縓	7E13	5	0.4512	7.506	0.9146	3	0	0
縔	7E14	5	0.4305	8.276	0.8993	5	0	0
縕	7E15	5	0.4423	7.468	0.9244	2	0	0
縖	7E16	5	0.4527	7.072	0.8756	3	0	0
縗	7E17	5	0.4334	7.311	0.9080	3	0	0
縘	7E18	5	0.4349	8.077	0.8833	3	0	0
縙	7E19	5	0.4142	6.524	0.9108	3	0	0
縚	7E1A	5	0.4200	7.135	0.8855	3	0	0
縛	7E1B	5	0.4512	7.311	0.9348	3	1	1
縜	7E1C	5	0.4645	7.351	0.9278	3	0	0
縝	7E1D	5	0.4275	7.778	0.9247	4	0	0
縞	7E1E	5	0.4267	6.928	0.9632	5	0	0
縟	7E1F	5	0.4438	7.854	0.9237	3	0	0
縠	7E20	5	0.4015	7.526	0.9224	2	0	0
縡	7E21	5	0.3876	6.607	0.9256	3	0	0
縢	7E22	5	0.4334	8.048	0.8635	2	0	0
縣	7E23	5	0.4275	7.293	0.9071	3	1	1
縤	7E24	5	0.4074	7.754	0.9246	3	0	0
縥	7E25	5	0.4512	7.510	0.9014	3	0	0
縦	7E26	5	0.3891	7.400	0.9044	4	1	1
縧	7E27	5	0.3950	8.183	0.9058	4	0	0
縨	7E28	5	0.4393	7.327	0.9055	5	0	0
縩	7E29	5	0.4157	7.894	0.8867	3	0	0
縪	7E2A	5	0.4749	6.924	0.9277	2	0	0
縫	7E2B	5	0.4112	8.061	0.8939	4	1	1
縬	7E2C	5	0.4408	8.312	0.8896	4	0	0
縭	7E2D	5	0.4482	7.789	0.8911	3	0	0
縮	7E2E	5	0.4172	7.019	0.9338	5	1	1
縯	7E2F	5	0.4556	7.281	0.9384	3	0	0
縰	7E30	5	0.4074	7.424	0.8962	4	0	0
縱	7E31	5	0.3979	7.810	0.8704	3	1	1
縲	7E32	5	0.4497	7.786	0.9163	3	0	0
縳	7E33	5	0.4423	7.538	0.9262	3	0	0
縴	7E34	5	0.4369	7.598	0.8933	3	0	0
縵	7E35	5	0.4349	7.828	0.9335	3	0	0
縶	7E36	5	0.3935	7.795	0.8980	4	0	0
縷	7E37	5	0.4408	7.790	0.9232	3	0	0
縸	7E38	5	0.4172	7.173	0.9169	4	0	0
縹	7E39	5	0.4527	7.559	0.9261	3	0	0
縺	7E3A	5	0.4334	7.524	0.9201	3	0	0
縻	7E3B	5	0.4142	7.587	0.8821	4	0	0
縼	7E3C	5	0.4260	7.894	0.9111	3	0	0
總	7E3D	5	0.4024	7.876	0.9006	4	1	1
績	7E3E	5	0.3950	7.893	0.9257	3	1	1
縿	7E3F	5	0.4123	8.411	0.8734	3	0	0
繀	7E40	5	0.4630	6.976	0.9097	3	0	0
繁	7E41	5	0.4038	7.966	0.8787	4	1	1
繂	7E42	5	0.3654	7.377	0.9176	2	0	0
繃	7E43	5	0.4852	7.430	0.8728	4	0	0
繄	7E44	5	0.4150	8.111	0.9018	5	0	0
繅	7E45	5	0.4601	7.986	0.9121	5	0	0
繆	7E46	5	0.3905	8.379	0.8951	3	0	0
繇	7E47	5	0.4009	7.581	0.9157	3	0	0
繈	7E48	5	0.4438	7.625	0.9030	3	0	0
繉	7E49	5	0.3876	7.879	0.9226	3	0	0
繊	7E4A	5	0.4364	8.146	0.9135	3	1	1
繋	7E4B	5	0.4142	8.318	0.8901	4	1	1
繌	7E4C	5	0.4009	8.142	0.9188	2	0	0
繍	7E4D	5	0.4423	8.085	0.9191	2	0	0
繎	7E4E	5	0.4112	8.099	0.8712	3	0	0
繏	7E4F	5	0.4527	7.697	0.9319	5	0	0
繐	7E50	5	0.4497	8.124	0.9256	3	0	0
繑	7E51	5	0.4615	7.831	0.9406	6	0	0
繒	7E52	5	0.4393	7.516	0.8956	4	0	0
繓	7E53	5	0.4497	7.900	0.9347	4	0	0
織	7E54	5	0.4704	8.070	0.8764	3	1	1
繕	7E55	5	0.4601	7.452	0.9084	4	0	0
繖	7E56	5	0.4541	7.789	0.9061	5	0	0
繗	7E57	5	0.4246	8.007	0.8905	4	0	0
繘	7E58	5	0.4554	8.392	0.8619	4	0	0
繙	7E59	5	0.4852	7.856	0.8838	3	0	0
繚	7E5A	5	0.4172	7.428	0.9139	4	0	0
繛	7E5B	5	0.4675	6.784	0.9440	5	0	0
繜	7E5C	5	0.4186	7.592	0.8941	5	0	0
繝	7E5D	5	0.4554	7.332	0.9109	3	0	0
繞	7E5E	5	0.4290	7.438	0.9183	5	1	1
繟	7E5F	5	0.4660	7.180	0.9375	4	0	0
繠	7E60	5	0.3631	8.294	0.8704	4	0	0
繡	7E61	5	0.4541	8.077	0.9529	4	0	0
繢	7E62	5	0.4201	7.818	0.9184	3	0	0
繣	7E63	5	0.4186	7.854	0.9647	4	0	0
繤	7E64	5	0.4415	8.524	0.9344	3	0	0
繥	7E65	5	0.4305	7.462	0.9128	6	0	0
繦	7E66	5	0.4408	7.420	0.9304	4	0	0
繧	7E67	5	0.4320	7.833	0.9317	4	0	0
繨	7E68	5	0.4438	7.714	0.8900	3	0	0
繩	7E69	5	0.4896	7.509	0.9318	2	1	1
繪	7E6A	5	0.3846	7.869	0.9312	4	1	1
繫	7E6B	5	0.4462	8.410	0.9194	2	1	1
繬	7E6C	5	0.4541	8.010	0.8932	4	0	0
繭	7E6D	5	0.4846	7.835	0.9168	3	0	0
繮	7E6E	5	0.4453	8.202	0.9398	4	0	0
繯	7E6F	5	0.4822	7.848	0.9018	3	0	0
繰	7E70	5	0.4586	7.342	0.9089	5	1	1
繱	7E71	5	0.4083	8.084	0.9135	5	0	0
繲	7E72	5	0.4438	8.255	0.9132	3	0	0
繳	7E73	5	0.4734	7.918	0.8865	3	0	0
繴	7E74	5	0.4260	7.485	0.9069	3	0	0
繵	7E75	5	0.4231	8.178	0.9207	4	0	0
繶	7E76	5	0.4349	7.847	0.9147	3	0	0
繷	7E77	5	0.4446	8.214	0.9587	3	0	0
繸	7E78	5	0.4098	8.548	0.8617	3	0	0
繹	7E79	5	0.4675	7.367	0.9098	4	0	0
繺	7E7A	5	0.3964	7.752	0.9079	5	0	0
繻	7E7B	5	0.4345	8.111	0.9366	3	0	0
繼	7E7C	5	0.4467	9.567	0.8744	2	1	1
繽	7E7D	5	0.4083	8.101	0.9076	3	0	0
繾	7E7E	5	0.4453	7.995	0.9290	3	0	0
繿	7E7F	5	0.4320	7.825	0.8994	3	0	0
纀	7E80	5	0.4704	8.317	0.8925	5	0	0
纁	7E81	5	0.4467	8.644	0.9121	2	0	0
纂	7E82	5	0.4000	8.995	0.8843	2	1	1
纃	7E83	5	0.4423	7.960	0.9205	3	0	0
纄	7E84	5	0.4246	8.342	0.9267	5	0	0
纅	7E85	5	0.4569	8.622	0.8804	4	0	0
纆	7E86	5	0.4497	8.631	0.8846	3	0	0
纇	7E87	5	0.4586	8.195	0.8897	3	0	0
纈	7E88	5	0.4852	7.586	0.8949	4	0	0
纉	7E89	5	0.4246	8.301	0.9086	3	0	0
纊	7E8A	5	0.4793	8.086	0.9166	3	0	0
纋	7E8B	5	0.4201	8.741	0.9196	3	0	0
續	7E8C	5	0.4172	8.687	0.9236	4	1	1
纍	7E8D	5	0.4400	7.776	0.9220	4	0	0
纎	7E8E	5	0.4675	8.111	0.9223	3	0	0
纏	7E8F	5	0.4556	8.638	0.9112	3	1	1
纐	7E90	5	0.4172	8.140	0.8789	4	0	0
纑	7E91	5	0.4660	8.370	0.9121	3	0	0
纒	7E92	5	0.4615	8.870	0.9162	2	0	0
纓	7E93	5	0.4675	8.625	0.8976	4	0	0
纔	7E94	5	0.4556	8.885	0.9001	5	0	0
纕	7E95	5	0.4689	8.350	0.9420	3	0	0
纖	7E96	5	0.4541	8.687	0.9042	3	0	0
纗	7E97	5	0.4431	8.538	0.9390	5	0	0
纘	7E98	5	0.4305	8.716	0.9134	6	0	0
纙	7E99	5	0.4793	8.733	0.8588	4	0	0
纚	7E9A	5	0.4630	9.029	0.9137	7	0	0
纛	7E9B	5	0.4379	10.574	0.8536	5	0	0
纜	7E9C	5	0.4541	8.957	0.9114	3	0	0
纝	7E9D	5	0.4497	8.846	0.9140	5	0	0
纞	7E9E	5	0.4186	9.704	0.8501	3	0	0
纟	7E9F	5	0.3611	4.600	0.8923	1	0	0
纠	7EA0	5	0.3429	4.295	0.9258	2	0	0
纡	7EA1	5	0.2885	4.447	0.9774	2	0	0
红	7EA2	5	0.3157	4.414	0.8550	2	1	0
纣	7EA3	5	0.2973	4.560	0.8983	2	0	0
纤	7EA4	5	0.2885	4.428	0.9294	2	0	0
纥	7EA5	5	0.3240	5.303	0.9284	3	0	0
约	7EA6	5	0.3092	4.924	0.9169	3	1	0
级	7EA7	5	0.3846	6.139	0.9178	2	1	0
纨	7EA8	5	0.3225	5.350	0.9203	2	0	0
纩	7EA9	5	0.2530	4.121	0.9380	2	0	0
纪	7EAA	5	0.3299	4.800	0.9456	2	1	0
纫	7EAB	5	0.3585	5.732	0.8914	3	0	0
纬	7EAC	5	0.3462	5.160	0.9606	2	1	0
纭	7EAD	5	0.3180	5.188	0.9304	3	0	0
纮	7EAE	5	0.3417	5.687	0.9299	3	0	0
纯	7EAF	5	0.3550	5.340	0.9220	2	1	1
纰	7EB0	5	0.3491	5.551	0.9250	2	0	0
纱	7EB1	5	0.2944	5.233	0.9408	3	0	0
纲	7EB2	5	0.4200	6.152	0.9376	3	1	0
纳	7EB3	5	0.3508	5.388	0.9330	2	1	0
纴	7EB4	5	0.3136	4.579	0.9575	3	0	0
纵	7EB5	5	0.3508	5.603	0.9048	3	1	0
纶	7EB6	5	0.3240	5.389	0.9493	3	0	0
纷	7EB7	5	0.3462	5.712	0.9024	3	1	0
纸	7EB8	5	0.3683	5.718	0.9214	2	1	0
纹	7EB9	5	0.3358	5.483	0.9224	2	1	0
纺	7EBA	5	0.3328	5.223	0.9167	2	0	0
纻	7EBB	5	0.2800	4.416	0.8202	2	0	0
纼	7EBC	5	0.3542	4.907	0.9772	3	0	0
纽	7EBD	5	0.3861	5.184	0.9423	2	1	0
纾	7EBE	5	0.3328	5.260	0.9177	2	0	0
线	7EBF	5	0.3585	6.070	0.9096	2	1	0
绀	7EC0	5	0.4083	5.132	0.9480	2	0	0
绁	7EC1	5	0.3677	5.577	0.9745	2	0	0
绂	7EC2	5	0.3831	6.227	0.9011	2	0	0
练	7EC3	5	0.3580	5.823	0.9445	2	1	1
组	7EC4	5	0.3772	5.113	0.9892	2	1	0
绅	7EC5	5	0.3877	5.003	0.9573	2	0	0
细	7EC6	5	0.4477	5.494	0.9593	2	1	0
织	7EC7	5	0.3308	5.237	0.9255	3	1	0
终	7EC8	5	0.3358	5.785	0.9607	3	1	0
绉	7EC9	5	0.3923	5.444	0.9590	3	0	0
绊	7ECA	5	0.3210	5.179	0.9357	2	0	0
绋	7ECB	5	0.4338	6.029	0.9040	2	0	0
绌	7ECC	5	0.3892	5.349	0.9468	3	0	0
绍	7ECD	5	0.4000	5.831	0.8939	3	1	0
绎	7ECE	5	0.3935	5.982	0.9355	2	0	0
经	7ECF	5	0.3713	5.377	0.9513	2	1	0
绐	7ED0	5	0.3491	5.543	0.9506	3	0	0
绑	7ED1	5	0.4009	6.217	0.9527	3	0	0
绒	7ED2	5	0.3802	6.404	0.9249	3	0	0
结	7ED3	5	0.3815	5.302	0.9402	3	1	0
绔	7ED4	5	0.3817	6.221	0.9366	4	0	0
绕	7ED5	5	0.3802	6.323	0.9277	3	1	1
绖	7ED6	5	0.3728	5.511	0.9283	3	0	0
绗	7ED7	5	0.2929	5.291	0.9522	4	0	0
绘	7ED8	5	0.3723	6.067	0.9316	4	1	0
给	7ED9	5	0.3615	5.490	0.9377	4	1	0
绚	7EDA	5	0.4015	5.747	0.8950	3	0	0
绛	7EDB	5	0.3713	6.139	0.9398	3	0	0
络	7EDC	5	0.3818	6.072	0.9282	3	1	0
绝	7EDD	5	0.3831	5.709	0.9062	2	1	1
绞	7EDE	5	0.3417	6.119	0.9177	3	0	0
统	7EDF	5	0.3757	6.087	0.8972	4	1	1
绠	7EE0	5	0.4541	6.466	0.9338	2	0	0
绡	7EE1	5	0.4077	5.947	0.9053	3	0	0
绢	7EE2	5	0.4323	5.788	0.9572	3	0	0
绣	7EE3	5	0.3994	6.490	0.9126	3	0	0
绤	7EE4	5	0.3624	5.923	0.9221	2	0	0
绥	7EE5	5	0.3565	6.495	0.9208	3	0	0
绦	7EE6	5	0.3802	6.497	0.9354	3	0	0
继	7EE7	5	0.4138	6.522	0.9081	3	1	0
绨	7EE8	5	0.4169	6.211	0.9223	5	0	0
绩	7EE9	5	0.4009	6.630	0.9572	3	1	1
绪	7EEA	5	0.4142	6.067	0.9478	3	1	1
绫	7EEB	5	0.3787	6.683	0.9209	4	0	0
绬	7EEC	5	0.4068	6.123	0.9422	3	0	0
续	7EED	5	0.3800	6.418	0.9473	4	1	1
绮	7EEE	5	0.3787	6.086	0.9289	4	0	0
绯	7EEF	5	0.3550	5.187	0.9602	2	0	0
绰	7EF0	5	0.3669	5.445	0.9889	4	0	0
绱	7EF1	5	0.4062	6.364	0.8978	4	0	0
绲	7EF2	5	0.4186	6.379	0.9316	3	0	0
绳	7EF3	5	0.4393	6.072	0.9469	3	0	0
维	7EF4	5	0.3787	5.848	0.9701	2	1	1
绵	7EF5	5	0.4015	5.839	0.9485	3	0	0
绶	7EF6	5	0.3905	6.953	0.9155	3	0	0
绷	7EF7	5	0.4800	6.621	0.8993	3	0	0
绸	7EF8	5	0.4385	6.282	0.9547	3	0	0
绹	7EF9	5	0.4154	6.083	0.9041	3	0	0
绺	7EFA	5	0.3861	6.380	0.9254	4	0	0
绻	7EFB	5	0.3935	6.514	0.9240	3	0	0
综	7EFC	5	0.3432	5.875	0.9197	3	1	1
绽	7EFD	5	0.3728	5.863	0.9217	3	0	0
绾	7EFE	5	0.3969	5.831	0.9550	3	0	0
绿	7EFF	5	0.3891	6.231	0.9475	3	1	1
缀	7F00	5	0.4142	7.722	0.9140	5	0	0
缁	7F01	5	0.4277	6.815	0.9296	5	0	0
缂	7F02	5	0.4157	5.851	0.9565	2	0	0
缃	7F03	5	0.4599	6.037	0.9014	3	0	0
缄	7F04	5	0.4098	7.072	0.9164	4	0	0
缅	7F05	5	0.4423	6.350	0.9752	2	1	1
缆	7F06	5	0.3846	6.663	0.9149	3	0	0
缇	7F07	5	0.4290	6.452	0.9448	4	0	0
缈	7F08	5	0.3831	6.608	0.9313	4	0	0
缉	7F09	5	0.4038	6.052	0.9152	3	0	0
缊	7F0A	5	0.4438	5.980	0.9743	3	0	0
缋	7F0B	5	0.3979	6.527	0.9665	3	0	0
缌	7F0C	5	0.4275	6.518	0.9501	3	0	0
缍	7F0D	5	0.4290	5.771	0.9464	2	0	0
缎	7F0E	5	0.4068	6.703	0.9324	4	0	0
缏	7F0F	5	0.4260	6.755	0.9310	3	0	0
缐	7F10	5	0.4068	6.346	0.9152	3	0	0
缑	7F11	5	0.4157	6.630	0.9224	3	0	0
缒	7F12	5	0.4083	6.357	0.9257	3	0	0
缓	7F13	5	0.4512	7.437	0.8714	5	1	1
缔	7F14	5	0.3861	6.047	0.9381	3	0	0
缕	7F15	5	0.4215	6.903	0.8828	3	0	0
编	7F16	5	0.4677	6.632	0.8900	3	1	1
缗	7F17	5	0.4172	6.875	0.9650	3	0	0
缘	7F18	5	0.3979	6.952	0.9433	3	1	1
缙	7F19	5	0.4408	6.589	0.9807	3	0	0
缚	7F1A	5	0.4305	6.577	0.9532	3	0	0
缛	7F1B	5	0.4408	7.277	0.9382	3	0	0
缜	7F1C	5	0.4172	6.850	0.9518	4	0	0
缝	7F1D	5	0.4024	7.427	0.9114	4	0	0
缞	7F1E	5	0.4053	6.670	0.9111	3	0	0
缟	7F1F	5	0.4142	6.425	0.9698	5	0	0
缠	7F20	5	0.4645	6.759	0.9190	2	0	0
缡	7F21	5	0.4379	7.181	0.9213	3	0	0
缢	7F22	5	0.3802	6.465	0.9429	3	0	0
缣	7F23	5	0.4527	6.820	0.8882	3	0	0
缤	7F24	5	0.3772	6.193	0.9316	4	0	0
缥	7F25	5	0.4201	6.825	0.9354	3	0	0
缦	7F26	5	0.4053	7.038	0.9481	3	0	0
缧	7F27	5	0.4538	7.096	0.9030	3	0	0
缨	7F28	5	0.4408	8.074	0.8908	4	0	0
缩	7F29	5	0.4379	6.534	0.9065	5	1	1
缪	7F2A	5	0.3639	7.514	0.9367	3	0	0
缫	7F2B	5	0.4408	7.341	0.9011	5	0	0
缬	7F2C	5	0.4262	6.899	0.9186	4	0	0
缭	7F2D	5	0.4046	6.718	0.9161	4	0	0
缮	7F2E	5	0.4467	6.816	0.9029	4	0	0
缯	7F2F	5	0.4439	6.799	0.9501	4	0	0
缰	7F30	5	0.4556	7.372	0.9626	4	0	0
缱	7F31	5	0.4231	7.563	0.9256	3	0	0
缲	7F32	5	0.4260	6.633	0.9191	5	0	0
缳	7F33	5	0.4749	7.216	0.9061	3	0	0
缴	7F34	5	0.4349	7.338	0.8910	3	0	0
缵	7F35	5	0.4157	7.596	0.9114	6	0	0
缶	7F36	5	0.3301	4.178	0.9981	1	0	0
缷	7F37	5	0.3708	4.827	0.9724	2	0	0
缸	7F38	5	0.3373	4.583	0.9710	2	0	0
缹	7F39	5	0.3447	5.122	0.9461	2	0	0
缺	7F3A	5	0.3905	5.577	0.9552	2	1	0
缻	7F3B	5	0.4172	6.011	0.9695	2	0	0
缼	7F3C	5	0.3698	5.599	0.9480	2	0	0
缽	7F3D	5	0.3675	5.681	0.9652	2	0	0
缾	7F3E	5	0.3647	5.841	0.9379	5	0	0
缿	7F3F	5	0.4231	6.010	0.9312	3	0	0
罀	7F40	5	0.4068	6.662	0.9151	2	0	0
罁	7F41	5	0.4692	6.677	0.9838	3	0	0
罂	7F42	5	0.4477	6.871	0.9446	3	0	0
罃	7F43	5	0.4776	7.424	0.8893	2	0	0
罄	7F44	5	0.4274	7.637	0.9135	5	0	0
罅	7F45	5	0.4231	7.168	0.9310	3	0	0
罆	7F46	5	0.4260	7.280	0.9959	3	0	0
罇	7F47	5	0.4334	7.396	0.9390	5	0	0
罈	7F48	5	0.4541	6.885	0.9721	4	0	0
罉	7F49	5	0.4369	6.765	0.9583	3	0	0
罊	7F4A	5	0.4467	8.089	0.9248	2	0	0
罋	7F4B	5	0.4846	7.984	0.9217	3	0	0
罌	7F4C	5	0.4608	7.379	0.9378	3	0	0
罍	7F4D	5	0.4983	7.565	0.9288	4	0	0
罎	7F4E	5	0.4172	8.226	0.9450	5	0	0
罏	7F4F	5	0.4512	7.795	0.9178	3	0	0
罐	7F50	5	0.4645	7.352	0.9313	5	0	0
网	7F51	5	0.4367	4.811	0.9238	1	0	0
罒	7F52	5	0.5331	2.723	0.9682	1	0	0
罓	7F53	5	0.5207	3.386	0.9263	2	0	0
罔	7F54	5	0.4333	4.486	0.9442	2	0	0
罕	7F55	5	0.3467	4.280	0.9530	2	1	0
罖	7F56	5	0.3237	4.281	0.9532	3	0	0
罗	7F57	5	0.4055	4.689	0.9104	2	1	0
罘	7F58	5	0.4067	4.690	0.9755	2	0	0
罙	7F59	5	0.3733	5.076	0.9686	2	0	0
罚	7F5A	5	0.3948	4.548	0.8906	3	1	0
罛	7F5B	5	0.4062	5.367	0.9436	2	0	0
罜	7F5C	5	0.4279	4.493	0.9640	3	0	0
罝	7F5D	5	0.4492	4.528	0.9642	2	0	0
罞	7F5E	5	0.4517	5.421	0.9597	2	0	0
罟	7F5F	5	0.4277	4.610	0.9811	3	0	0
罠	7F60	5	0.5083	5.870	0.9479	2	0	0
罡	7F61	5	0.4497	4.321	0.9932	3	0	0
罢	7F62	5	0.4850	5.575	0.9444	3	0	0
罣	7F63	5	0.4723	5.190	0.9658	3	0	0
罤	7F64	5	0.5304	6.024	0.9324	5	0	0
罥	7F65	5	0.4545	6.343	0.9927	3	0	0
罦	7F66	5	0.4279	5.779	0.9127	3	0	0
罧	7F67	5	0.4262	5.591	0.9582	3	0	0
罨	7F68	5	0.4985	6.072	0.9502	3	0	0
罩	7F69	5	0.4367	5.629	1.0191	4	0	0
罪	7F6A	5	0.4292	5.349	0.9380	2	1	0
罫	7F6B	5	0.4432	5.334	0.9636	4	0	0
罬	7F6C	5	0.4922	7.627	0.9067	5	0	0
罭	7F6D	5	0.4912	6.347	0.9233	3	0	0
置	7F6E	5	0.5200	6.490	1.0139	3	1	0
罯	7F6F	5	0.4892	6.197	0.8965	2	0	0
罰	7F70	5	0.3917	5.809	0.9381	2	1	1
罱	7F71	5	0.5400	6.283	0.9600	3	0	0
署	7F72	5	0.5232	6.366	0.9160	3	1	1
罳	7F73	5	0.4831	6.118	0.9443	3	0	0
罴	7F74	5	0.4900	6.385	0.8920	4	0	0
罵	7F75	5	0.5078	6.593	0.9385	2	0	0
罶	7F76	5	0.5182	7.022	0.9057	3	0	0
罷	7F77	5	0.5072	6.967	0.9180	3	1	1
罸	7F78	5	0.4031	6.000	0.9692	3	0	0
罹	7F79	5	0.4462	6.233	0.9188	3	1	1
罺	7F7A	5	0.4738	7.147	0.9529	5	0	0
罻	7F7B	5	0.4600	6.438	0.9298	3	0	0
罼	7F7C	5	0.4169	6.894	1.0091	2	0	0
罽	7F7D	5	0.4976	7.271	0.9352	2	0	0
罾	7F7E	5	0.3968	6.943	0.9616	4	0	0
罿	7F7F	5	0.4617	6.994	1.0097	4	0	0
羀	7F80	5	0.4967	7.245	0.8831	3	0	0
羁	7F81	5	0.4576	6.380	0.9686	3	0	0
羂	7F82	5	0.5233	7.341	0.9099	4	0	0
羃	7F83	5	0.4415	7.517	0.9643	5	0	0
羄	7F84	5	0.4385	6.904	0.9567	5	0	0
羅	7F85	5	0.5185	7.162	0.9205	3	1	1
羆	7F86	5	0.4528	7.707	0.9013	4	0	0
羇	7F87	5	0.4749	6.937	0.9619	2	0	0
羈	7F88	5	0.5344	7.525	0.9595	2	0	0
羉	7F89	5	0.4208	8.276	0.9473	2	0	0
羊	7F8A	5	0.2785	3.801	0.9407	1	0	0
羋	7F8B	5	0.2781	3.753	0.9736	3	0	0
羌	7F8C	5	0.3580	4.973	0.9145	2	0	0
羍	7F8D	5	0.3728	5.291	0.9268	2	0	0
美	7F8E	5	0.4068	5.763	0.9077	2	1	0
羏	7F8F	5	0.3108	5.270	0.9274	2	0	0
羐	7F90	5	0.3738	5.645	0.9399	3	0	0
羑	7F91	5	0.3669	5.672	0.9176	2	0	0
羒	7F92	5	0.3683	5.635	0.9147	3	0	0
羓	7F93	5	0.4068	5.627	0.9057	2	0	0
羔	7F94	5	0.3358	5.188	0.8971	2	0	0
羕	7F95	5	0.4142	6.575	0.9301	2	0	0
羖	7F96	5	0.3891	6.149	0.8976	3	0	0
羗	7F97	5	0.4108	5.897	0.9034	3	0	0
羘	7F98	5	0.3964	5.298	0.9511	2	0	0
羙	7F99	5	0.3942	5.806	0.9244	2	0	0
羚	7F9A	5	0.3254	5.630	0.9222	4	0	0
羛	7F9B	5	0.3964	6.753	0.9511	2	0	0
羜	7F9C	5	0.3284	4.877	0.9046	3	0	0
羝	7F9D	5	0.3994	6.085	0.9007	3	0	0
羞	7F9E	5	0.4541	6.223	0.9404	2	0	0
羟	7F9F	5	0.3698	5.507	0.9114	2	0	0
羠	7FA0	5	0.4305	6.447	0.9485	2	0	0
羡	7FA1	5	0.3979	6.492	0.9238	3	0	0
羢	7FA2	5	0.4098	6.600	0.8994	3	0	0
羣	7FA3	5	0.3936	6.798	0.9708	3	0	0
群	7FA4	5	0.4201	5.610	0.9323	3	1	1
羥	7FA5	5	0.4038	6.577	0.9123	6	0	0
羦	7FA6	5	0.3935	5.983	0.8999	4	0	0
羧	7FA7	5	0.3876	6.858	0.9001	4	0	0
羨	7FA8	5	0.4375	6.644	0.9421	2	0	0
義	7FA9	5	0.5031	7.348	0.8908	2	1	1
羪	7FAA	5	0.4320	6.255	0.9070	3	0	0
羫	7FAB	5	0.3757	6.067	0.9110	4	0	0
羬	7FAC	5	0.4482	7.159	0.9214	4	0	0
羭	7FAD	5	0.4098	7.502	0.9045	5	0	0
羮	7FAE	5	0.4038	7.836	0.9096	3	0	0
羯	7FAF	5	0.4615	6.843	0.8696	5	0	0
羰	7FB0	5	0.4172	6.882	0.9193	4	0	0
羱	7FB1	5	0.4497	6.707	0.9520	3	0	0
羲	7FB2	5	0.4408	8.036	0.8807	2	0	0
羳	7FB3	5	0.4497	7.158	0.9054	3	0	0
羴	7FB4	5	0.4231	6.913	0.9179	3	0	0
羵	7FB5	5	0.4098	6.947	0.9412	4	0	0
羶	7FB6	5	0.4379	7.553	0.9115	4	0	0
羷	7FB7	5	0.4260	6.900	0.9142	7	0	0
羸	7FB8	5	0.4053	7.914	0.9477	2	0	0
羹	7FB9	5	0.3846	8.801	0.9355	4	0	0
羺	7FBA	5	0.4444	7.404	0.9231	3	0	0
羻	7FBB	5	0.4660	8.482	0.8933	3	0	0
羼	7FBC	5	0.4092	7.664	0.9545	4	0	0
羽	7FBD	5	0.3767	4.468	0.9163	1	0	0
羾	7FBE	5	0.3492	5.366	0.9490	2	0	0
羿	7FBF	5	0.3850	5.448	0.9633	2	0	0
翀	7FC0	5	0.4247	6.004	0.9410	2	0	0
翁	7FC1	5	0.3595	6.413	0.9220	3	1	1
翂	7FC2	5	0.4000	6.822	0.8754	3	0	0
翃	7FC3	5	0.3846	6.511	0.9146	3	0	0
翄	7FC4	5	0.3994	6.516	0.9444	3	0	0
翅	7FC5	5	0.4320	6.937	0.9210	3	1	1
翆	7FC6	5	0.3936	5.961	0.9227	3	0	0
翇	7FC7	5	0.4767	6.824	0.9064	2	0	0
翈	7FC8	5	0.5250	6.004	0.8849	2	0	0
翉	7FC9	5	0.4231	6.014	0.9367	2	0	0
翊	7FCA	5	0.3908	6.185	0.9223	2	0	0
翋	7FCB	5	0.3565	6.316	0.9560	2	0	0
翌	7FCC	5	0.3954	5.633	0.9173	2	1	0
翍	7FCD	5	0.4749	7.221	0.8868	2	0	0
翎	7FCE	5	0.3877	6.310	0.9151	4	0	0
翏	7FCF	5	0.3600	6.649	0.9203	2	0	0
翐	7FD0	5	0.3950	6.607	0.9372	3	0	0
翑	7FD1	5	0.4415	6.490	0.8920	3	0	0
習	7FD2	5	0.4591	5.925	0.9210	2	1	0
翓	7FD3	5	0.4022	5.916	0.9327	3	0	0
翔	7FD4	5	0.4354	6.458	0.9068	2	1	1
翕	7FD5	5	0.3609	6.909	0.9416	4	0	0
翖	7FD6	5	0.4262	6.309	0.9337	4	0	0
翗	7FD7	5	0.4323	6.864	0.9151	3	0	0
翘	7FD8	5	0.4379	7.554	0.8910	3	0	0
翙	7FD9	5	0.4369	6.412	0.9073	3	0	0
翚	7FDA	5	0.4944	6.774	0.8769	3	0	0
翛	7FDB	5	0.4216	7.449	0.9139	3	0	0
翜	7FDC	5	0.4688	6.962	0.8934	2	0	0
翝	7FDD	5	0.4415	6.885	0.9335	4	0	0
翞	7FDE	5	0.4112	6.782	0.9386	4	0	0
翟	7FDF	5	0.4650	6.938	0.9494	2	0	0
翠	7FE0	5	0.4062	6.470	0.8964	3	1	1
翡	7FE1	5	0.4375	6.979	0.9393	2	1	1
翢	7FE2	5	0.4944	7.172	0.8896	3	0	0
翣	7FE3	5	0.4831	7.436	0.9088	3	0	0
翤	7FE4	5	0.5224	6.606	0.9073	2	0	0
翥	7FE5	5	0.4385	8.020	0.9271	3	0	0
翦	7FE6	5	0.4003	7.290	0.9439	4	0	0
翧	7FE7	5	0.4692	6.551	0.9467	5	0	0
翨	7FE8	5	0.4240	7.666	0.9066	4	0	0
翩	7FE9	5	0.5046	7.308	0.8874	3	0	0
翪	7FEA	5	0.4645	8.382	0.8787	2	0	0
翫	7FEB	5	0.4477	6.769	0.8631	4	0	0
翬	7FEC	5	0.5000	7.845	0.9199	3	0	0
翭	7FED	5	0.4630	7.683	0.8961	3	0	0
翮	7FEE	5	0.5280	7.191	0.8783	2	0	0
翯	7FEF	5	0.4519	7.923	0.9387	5	0	0
翰	7FF0	5	0.4645	7.084	0.9311	3	1	1
翱	7FF1	5	0.4677	6.851	0.9381	4	0	0
翲	7FF2	5	0.5185	7.440	0.8718	3	0	0
翳	7FF3	5	0.4646	8.429	0.8963	5	0	0
翴	7FF4	5	0.4926	7.812	0.8985	3	0	0
翵	7FF5	5	0.4216	7.740	0.9267	3	0	0
翶	7FF6	5	0.4615	7.056	0.9194	3	0	0
翷	7FF7	5	0.4262	7.892	0.8888	4	0	0
翸	7FF8	5	0.4785	7.298	0.9493	4	0	0
翹	7FF9	5	0.4660	7.722	0.9057	5	0	0
翺	7FFA	5	0.4723	7.442	0.9084	3	0	0
翻	7FFB	5	0.5262	7.650	0.8703	3	1	1
翼	7FFC	5	0.4062	7.870	0.9301	4	1	1
翽	7FFD	5	0.4738	8.310	0.8589	3	0	0
翾	7FFE	5	0.5088	7.485	0.8560	3	0	0
翿	7FFF	5	0.4492	8.105	0.9158	5	0	0
耀	8000	5	0.4822	7.975	0.9235	5	1	1
老	8001	5	0.3373	4.623	0.9735	2	0	0
耂	8002	5	0.2839	3.523	0.9653	1	0	0
考	8003	5	0.3462	4.789	0.9449	2	1	0
耄	8004	5	0.4334	7.406	0.9115	3	0	0
者	8005	5	0.4031	5.276	0.9801	2	1	0
耆	8006	5	0.4408	6.411	0.9448	3	0	0
耇	8007	5	0.4068	5.496	0.9517	3	0	0
耈	8008	5	0.4305	6.778	0.9307	4	0	0
耉	8009	5	0.3800	5.662	0.9323	3	0	0
耊	800A	5	0.4571	6.012	0.9201	3	0	0
耋	800B	5	0.4338	7.587	0.9207	4	0	0
而	800C	5	0.3776	4.261	0.9622	1	0	0
耍	800D	5	0.4384	5.590	0.9311	2	0	0
耎	800E	5	0.4000	5.210	0.9337	2	0	0
耏	800F	5	0.3862	6.061	0.9517	2	0	0
耐	8010	5	0.3935	5.622	0.9920	2	1	0
耑	8011	5	0.4071	4.914	0.9954	2	0	0
耒	8012	5	0.3523	4.760	0.9728	1	0	0
耓	8013	5	0.3210	4.481	0.9442	2	0	0
耔	8014	5	0.3447	4.904	0.9216	2	0	0
耕	8015	5	0.4053	5.582	0.9439	2	1	1
耖	8016	5	0.3402	5.612	0.9424	3	0	0
耗	8017	5	0.3787	5.764	0.9208	2	1	1
耘	8018	5	0.3609	5.279	0.9508	3	0	0
耙	8019	5	0.4186	5.731	0.9329	2	0	0
耚	801A	5	0.4334	6.428	0.9424	2	0	0
耛	801B	5	0.3891	5.510	0.9494	3	0	0
耜	801C	5	0.4323	5.579	0.9532	2	0	0
耝	801D	5	0.4246	5.652	0.9530	2	0	0
耞	801E	5	0.4400	6.276	0.9266	3	0	0
耟	801F	5	0.3935	5.606	0.9400	2	0	0
耠	8020	5	0.3876	5.890	0.9500	4	0	0
耡	8021	5	0.4708	6.602	0.9158	3	0	0
耢	8022	5	0.4083	6.040	0.9233	3	0	0
耣	8023	5	0.4172	6.623	0.9030	4	0	0
耤	8024	5	0.4556	6.053	0.9531	4	0	0
耥	8025	5	0.4569	6.402	0.9098	4	0	0
耦	8026	5	0.4896	6.547	0.9194	3	0	0
耧	8027	5	0.4571	7.029	0.8892	3	0	0
耨	8028	5	0.4305	7.428	0.9283	3	0	0
耩	8029	5	0.5192	6.683	0.9381	3	0	0
耪	802A	5	0.3903	6.306	0.9272	3	0	0
耫	802B	5	0.4083	7.192	0.9225	3	0	0
耬	802C	5	0.4763	7.332	0.9284	3	0	0
耭	802D	5	0.4734	8.577	0.8744	3	0	0
耮	802E	5	0.4290	7.629	0.9105	3	0	0
耯	802F	5	0.4704	7.356	0.9020	4	0	0
耰	8030	5	0.4675	8.279	0.8897	3	0	0
耱	8031	5	0.4911	7.790	0.8862	5	0	0
耲	8032	5	0.4408	7.737	0.9221	4	0	0
耳	8033	5	0.3492	3.695	1.0264	1	0	0
耴	8034	5	0.3234	4.280	0.9382	2	0	0
耵	8035	5	0.3462	4.042	0.9644	2	0	0
耶	8036	5	0.4092	5.171	0.9425	2	1	0
耷	8037	5	0.3743	5.077	0.9545	2	0	0
耸	8038	5	0.3815	5.669	0.9437	3	0	0
耹	8039	5	0.3417	5.216	0.9345	4	0	0
耺	803A	5	0.3846	5.114	0.9393	3	0	0
耻	803B	5	0.3447	4.811	0.9754	2	0	0
耼	803C	5	0.4308	5.081	0.9964	2	0	0
耽	803D	5	0.4098	5.226	0.8930	2	0	0
耾	803E	5	0.4098	5.715	0.9455	3	0	0
耿	803F	5	0.3683	5.417	0.9478	2	0	0
聀	8040	5	0.4142	5.745	0.9473	2	0	0
聁	8041	5	0.4246	5.700	0.8962	3	0	0
聂	8042	5	0.4523	6.601	0.9318	3	0	0
聃	8043	5	0.4320	5.573	0.9560	2	0	0
聄	8044	5	0.3595	5.892	0.9362	2	0	0
聅	8045	5	0.4031	5.510	0.9311	2	0	0
聆	8046	5	0.3595	5.505	0.9391	4	0	0
聇	8047	5	0.4123	4.963	0.9674	3	0	0
聈	8048	5	0.4462	6.344	0.9129	3	0	0
聉	8049	5	0.4354	5.248	0.9657	3	0	0
聊	804A	5	0.3800	6.044	0.9708	3	0	0
聋	804B	5	0.4260	6.760	0.9388	2	0	0
职	804C	5	0.4138	5.110	0.9479	3	1	0
聍	804D	5	0.3417	4.837	0.9503	3	0	0
聎	804E	5	0.4364	6.388	0.8941	2	0	0
聏	804F	5	0.4446	6.220	0.9444	2	0	0
聐	8050	5	0.4216	5.266	0.9784	3	0	0
聑	8051	5	0.4477	5.211	0.9586	2	0	0
聒	8052	5	0.4231	5.344	0.9465	2	0	0
聓	8053	5	0.4231	6.322	0.9345	4	0	0
联	8054	5	0.4053	5.755	0.9324	3	1	1
聕	8055	5	0.4512	5.659	0.9635	3	0	0
聖	8056	5	0.4554	5.636	0.9720	3	1	1
聗	8057	5	0.4103	6.308	0.9337	2	0	0
聘	8058	5	0.4290	5.913	0.9620	3	1	1
聙	8059	5	0.4201	6.182	1.0016	2	0	0
聚	805A	5	0.4192	6.946	0.9233	3	1	1
聛	805B	5	0.4497	5.750	0.9532	3	0	0
聜	805C	5	0.3964	5.736	0.9422	4	0	0
聝	805D	5	0.4438	6.703	0.9382	3	0	0
聞	805E	5	0.5550	5.343	0.9717	2	1	1
聟	805F	5	0.4487	6.566	0.9624	3	0	0
聠	8060	5	0.4201	5.534	0.9661	5	0	0
聡	8061	5	0.4024	6.869	0.9131	4	1	1
聢	8062	5	0.4290	5.734	0.9365	3	0	0
聣	8063	5	0.4098	5.750	0.9331	3	0	0
聤	8064	5	0.4275	5.803	0.9445	5	0	0
聥	8065	5	0.4723	6.395	0.9196	2	0	0
聦	8066	5	0.4497	7.319	0.9012	4	0	0
聧	8067	5	0.4038	6.735	0.9337	4	0	0
聨	8068	5	0.4038	6.851	0.9113	2	0	0
聩	8069	5	0.4157	6.572	0.9568	3	0	0
聪	806A	5	0.4201	6.351	0.9114	3	0	0
聫	806B	5	0.3935	7.002	0.9476	3	0	0
聬	806C	5	0.4127	7.562	0.9054	4	0	0
聭	806D	5	0.4704	6.707	0.9345	2	0	0
聮	806E	5	0.3905	7.264	0.9027	2	0	0
聯	806F	5	0.4142	7.173	0.9144	2	1	1
聰	8070	5	0.4216	7.298	0.9098	4	1	1
聱	8071	5	0.4415	7.534	0.9325	4	0	0
聲	8072	5	0.4439	7.651	0.9417	5	1	1
聳	8073	5	0.4154	7.231	0.9364	3	0	0
聴	8074	5	0.4512	6.579	0.9530	2	1	1
聵	8075	5	0.4541	7.101	0.9598	3	0	0
聶	8076	5	0.4569	6.454	0.9743	3	0	0
職	8077	5	0.4615	7.279	0.9323	3	1	1
聸	8078	5	0.4512	7.428	0.9269	4	0	0
聹	8079	5	0.4231	6.962	0.9586	4	0	0
聺	807A	5	0.4393	7.577	0.9239	4	0	0
聻	807B	5	0.3757	7.713	0.9500	4	0	0
聼	807C	5	0.4453	6.979	0.9672	2	0	0
聽	807D	5	0.5015	7.646	0.9205	2	1	1
聾	807E	5	0.4305	8.913	0.9644	2	0	0
聿	807F	5	0.3891	4.881	1.0085	1	0	0
肀	8080	5	0.2769	3.224	1.0283	1	0	0
肁	8081	5	0.3954	7.066	0.9751	2	0	0
肂	8082	5	0.4231	5.797	0.9720	2	0	0
肃	8083	5	0.3877	5.312	0.9819	4	1	0
肄	8084	5	0.4497	6.351	0.9508	2	0	0
肅	8085	5	0.4569	6.319	0.9656	3	1	1
肆	8086	5	0.4305	5.923	0.9648	2	0	0
肇	8087	5	0.3891	7.623	0.9458	3	1	1
肈	8088	5	0.3817	7.803	0.9341	3	0	0
肉	8089	5	0.3934	4.420	0.9623	1	0	0
肊	808A	5	0.3262	5.254	0.9520	2	0	0
肋	808B	5	0.3908	5.041	0.9045	2	0	0
肌	808C	5	0.3938	4.866	0.9345	2	1	0
肍	808D	5	0.3669	4.909	0.9637	2	0	0
肎	808E	5	0.3650	3.953	0.9492	2	0	0
肏	808F	5	0.3523	5.588	0.9415	2	0	0
肐	8090	5	0.3743	5.742	0.8943	3	0	0
肑	8091	5	0.3615	4.946	0.9429	3	0	0
肒	8092	5	0.3554	5.313	0.9459	2	0	0
肓	8093	5	0.3910	4.958	0.9972	2	0	0
肔	8094	5	0.4186	5.764	0.9142	2	0	0
肕	8095	5	0.4192	5.775	0.8935	3	0	0
肖	8096	5	0.3542	4.860	0.9560	2	1	0
肗	8097	5	0.3969	5.451	0.9222	2	0	0
肘	8098	5	0.3358	4.622	0.9403	2	0	0
肙	8099	5	0.5244	4.656	0.9901	2	0	0
肚	809A	5	0.3328	4.402	0.9567	2	0	0
肛	809B	5	0.3385	4.220	0.9715	2	0	0
肜	809C	5	0.3308	5.025	0.9504	2	0	0
肝	809D	5	0.3508	4.319	0.9098	2	1	0
肞	809E	5	0.3877	5.819	0.9618	3	0	0
肟	809F	5	0.3800	4.957	0.8804	3	0	0
肠	80A0	5	0.4496	6.254	0.8699	2	0	0
股	80A1	5	0.4277	5.772	0.9288	3	1	1
肢	80A2	5	0.3979	5.624	0.9266	3	1	0
肣	80A3	5	0.3373	5.221	0.9392	4	0	0
肤	80A4	5	0.3817	5.293	0.9555	2	0	0
肥	80A5	5	0.4462	5.444	0.9125	2	1	0
肦	80A6	5	0.4000	6.151	0.9263	3	0	0
肧	80A7	5	0.3538	4.890	0.9434	2	0	0
肨	80A8	5	0.4009	4.808	0.9480	2	0	0
肩	80A9	5	0.4213	5.834	0.9591	2	1	0
肪	80AA	5	0.3861	5.269	0.9307	2	1	0
肫	80AB	5	0.3950	5.564	0.9209	2	0	0
肬	80AC	5	0.3723	5.539	0.9278	2	0	0
肭	80AD	5	0.4277	5.467	0.9362	2	0	0
肮	80AE	5	0.3861	5.258	0.9070	3	0	0
肯	80AF	5	0.3878	4.686	1.0016	2	1	0
肰	80B0	5	0.3683	5.244	0.9571	2	0	0
肱	80B1	5	0.3979	5.684	0.9411	3	0	0
育	80B2	5	0.4054	5.233	0.9540	3	1	0
肳	80B3	5	0.4157	6.143	0.9548	3	0	0
肴	80B4	5	0.4263	5.794	0.9554	3	0	0
肵	80B5	5	0.3328	4.920	0.9554	2	0	0
肶	80B6	5	0.3891	5.542	0.9369	2	0	0
肷	80B7	5	0.3683	5.369	0.9420	2	0	0
肸	80B8	5	0.3600	4.958	0.9483	2	0	0
肹	80B9	5	0.3862	5.262	0.9159	3	0	0
肺	80BA	5	0.3994	5.336	0.9777	2	1	0
肻	80BB	5	0.3718	4.468	0.9780	2	0	0
肼	80BC	5	0.4024	5.253	0.9629	2	0	0
肽	80BD	5	0.3772	5.307	0.9095	3	0	0
肾	80BE	5	0.4247	5.559	0.9836	2	0	0
肿	80BF	5	0.3954	4.667	0.9720	2	0	0
胀	80C0	5	0.3861	5.705	0.9372	2	0	0
胁	80C1	5	0.3950	5.796	0.9423	2	1	0
胂	80C2	5	0.4108	5.040	0.9795	2	0	0
胃	80C3	5	0.5640	5.405	1.0000	2	1	0
胄	80C4	5	0.5385	5.832	1.0193	2	0	0
胅	80C5	5	0.4009	5.614	0.9626	3	0	0
胆	80C6	5	0.4185	5.209	0.9263	3	1	0
胇	80C7	5	0.4808	6.250	0.9200	2	0	0
胈	80C8	5	0.4127	6.198	0.9308	2	0	0
胉	80C9	5	0.4600	5.308	0.9305	2	0	0
胊	80CA	5	0.3862	5.828	0.9067	3	0	0
胋	80CB	5	0.3654	4.743	0.9811	3	0	0
背	80CC	5	0.3926	5.047	0.9903	3	1	0
胍	80CD	5	0.4157	6.404	0.9328	2	0	0
胎	80CE	5	0.3876	5.525	0.9467	3	1	0
胏	80CF	5	0.3935	5.476	0.9437	2	0	0
胐	80D0	5	0.4323	5.755	0.9198	3	0	0
胑	80D1	5	0.3968	5.626	0.9350	3	0	0
胒	80D2	5	0.4492	6.024	0.8918	3	0	0
胓	80D3	5	0.3800	5.183	0.9515	2	0	0
胔	80D4	5	0.4000	6.228	0.9447	3	0	0
胕	80D5	5	0.4068	5.495	0.9555	3	0	0
胖	80D6	5	0.3787	5.240	0.9578	2	0	0
胗	80D7	5	0.3476	5.878	0.9259	2	0	0
胘	80D8	5	0.3846	5.979	0.9187	2	0	0
胙	80D9	5	0.3565	4.755	0.9545	2	0	0
胚	80DA	5	0.3846	5.440	0.9467	3	1	0
胛	80DB	5	0.4608	5.115	0.9071	2	0	0
胜	80DC	5	0.3624	5.285	0.9715	2	1	0
胝	80DD	5	0.4142	5.997	0.9236	3	0	0
胞	80DE	5	0.4320	5.913	0.9053	3	1	0
胟	80DF	5	0.4631	6.248	0.8874	2	0	0
胠	80E0	5	0.3861	5.361	0.9434	3	0	0
胡	80E1	5	0.4135	4.605	0.9794	3	1	0
胢	80E2	5	0.3908	5.237	0.9143	3	0	0
胣	80E3	5	0.3624	6.471	0.8946	2	0	0
胤	80E4	5	0.3994	6.179	0.9327	3	1	1
胥	80E5	5	0.4183	5.333	0.9792	2	0	0
胦	80E6	5	0.4186	5.543	0.9437	2	0	0
胧	80E7	5	0.4275	6.260	0.9217	2	0	0
胨	80E8	5	0.3891	5.761	0.9414	2	0	0
胩	80E9	5	0.3491	4.715	0.9462	3	0	0
胪	80EA	5	0.3831	4.765	0.9752	3	0	0
胫	80EB	5	0.4123	5.616	0.8646	2	0	0
胬	80EC	5	0.4477	7.078	0.9282	3	0	0
胭	80ED	5	0.5200	6.203	0.9253	3	0	0
胮	80EE	5	0.4290	6.173	0.9283	3	0	0
胯	80EF	5	0.4216	6.194	0.9190	4	0	0
胰	80F0	5	0.4677	6.513	0.9428	2	0	0
胱	80F1	5	0.4024	5.835	0.9360	4	0	0
胲	80F2	5	0.3994	6.110	0.9317	4	0	0
胳	80F3	5	0.4246	5.903	0.9219	3	0	0
胴	80F4	5	0.4800	5.815	0.9424	3	1	0
胵	80F5	5	0.4000	5.856	0.8980	3	0	0
胶	80F6	5	0.3728	6.176	0.9134	3	1	0
胷	80F7	5	0.4183	6.321	0.9373	4	0	0
胸	80F8	5	0.4186	6.629	0.9370	4	1	1
胹	80F9	5	0.4385	6.285	0.9244	2	0	0
胺	80FA	5	0.4112	5.952	0.9463	3	1	1
胻	80FB	5	0.3343	5.438	0.9513	4	0	0
胼	80FC	5	0.3994	5.592	0.9396	5	0	0
能	80FD	5	0.4262	6.055	0.9043	2	1	1
胾	80FE	5	0.4379	7.003	0.9227	2	0	0
胿	80FF	5	0.3920	5.286	0.9605	3	0	0
脀	8100	5	0.3647	6.436	0.9213	3	0	0
脁	8101	5	0.3923	6.786	0.9064	2	0	0
脂	8102	5	0.4038	5.837	0.9521	3	1	0
脃	8103	5	0.4290	6.126	0.9007	2	0	0
脄	8104	5	0.3891	6.179	0.9275	3	0	0
脅	8105	5	0.3446	6.417	0.9358	4	1	1
脆	8106	5	0.4423	6.224	0.9239	4	1	1
脇	8107	5	0.4262	6.652	0.9328	4	1	1
脈	8108	5	0.4142	6.464	0.9283	2	1	0
脉	8109	5	0.3802	5.828	0.9502	2	1	0
脊	810A	5	0.3831	5.757	0.9203	2	1	0
脋	810B	5	0.3744	6.297	0.9180	3	0	0
脌	810C	5	0.3891	5.189	0.9599	2	0	0
脍	810D	5	0.4009	6.091	0.9295	4	0	0
脎	810E	5	0.3876	6.206	0.9544	3	0	0
脏	810F	5	0.3979	5.618	0.9516	3	0	0
脐	8110	5	0.3876	5.745	0.9272	2	0	0
脑	8111	5	0.4677	6.486	0.9217	2	1	0
脒	8112	5	0.3950	5.952	0.9564	2	0	0
脓	8113	5	0.3669	6.101	0.9236	3	0	0
脔	8114	5	0.3966	6.251	0.9373	5	0	0
脕	8115	5	0.4482	6.356	0.8926	3	0	0
脖	8116	5	0.4083	5.706	0.9539	3	0	0
脗	8117	5	0.4585	6.431	0.9274	2	0	0
脘	8118	5	0.4024	5.876	0.9204	4	0	0
脙	8119	5	0.4024	6.659	0.9011	2	0	0
脚	811A	5	0.4631	6.001	0.9602	4	1	1
脛	811B	5	0.4431	6.507	0.8892	6	0	0
脜	811C	5	0.4615	5.718	0.8920	2	0	0
脝	811D	5	0.3817	5.533	0.9350	4	0	0
脞	811E	5	0.4260	6.174	0.9250	5	0	0
脟	811F	5	0.3831	5.883	0.9283	3	0	0
脠	8120	5	0.4305	6.841	0.9164	3	0	0
脡	8121	5	0.4477	6.637	0.8726	3	0	0
脢	8122	5	0.4601	6.504	0.9521	3	0	0
脣	8123	5	0.3698	6.709	0.9549	2	0	0
脤	8124	5	0.4585	6.631	0.9128	2	0	0
脥	8125	5	0.3964	6.327	0.9149	2	0	0
脦	8126	5	0.3831	6.481	0.9169	3	0	0
脧	8127	5	0.4186	7.262	0.8871	4	0	0
脨	8128	5	0.4482	5.909	0.9601	2	0	0
脩	8129	5	0.3732	6.111	0.9109	3	0	0
脪	812A	5	0.4453	6.855	0.8949	4	0	0
脫	812B	5	0.4186	6.071	0.8965	3	1	0
脬	812C	5	0.3846	5.918	0.9261	3	0	0
脭	812D	5	0.4323	5.726	0.9320	3	0	0
脮	812E	5	0.4009	6.483	0.9047	3	0	0
脯	812F	5	0.4926	6.309	0.9449	2	0	0
脰	8130	5	0.4231	5.734	0.8750	4	0	0
脱	8131	5	0.4127	5.764	0.8974	3	1	0
脲	8132	5	0.4692	6.578	0.9360	3	0	0
脳	8133	5	0.4354	6.625	0.9044	4	1	1
脴	8134	5	0.4308	6.176	0.8555	3	0	0
脵	8135	5	0.4400	6.026	0.8898	4	0	0
脶	8136	5	0.4864	5.769	0.9465	3	0	0
脷	8137	5	0.4455	5.909	0.8971	3	0	0
脸	8138	5	0.3876	6.078	0.9651	5	0	0
脹	8139	5	0.4523	6.339	0.9378	2	0	0
脺	813A	5	0.3447	5.678	0.9213	3	0	0
脻	813B	5	0.4926	6.471	0.9450	2	0	0
脼	813C	5	0.4769	7.314	0.8701	3	0	0
脽	813D	5	0.4467	5.888	0.9373	2	0	0
脾	813E	5	0.4482	5.793	0.9361	3	0	0
脿	813F	5	0.4112	6.292	0.9688	3	0	0
腀	8140	5	0.4512	6.457	0.9352	4	0	0
腁	8141	5	0.4098	5.611	0.9220	5	0	0
腂	8142	5	0.4908	6.760	0.8566	2	0	0
腃	8143	5	0.4172	6.734	0.9139	3	0	0
腄	8144	5	0.4172	6.711	0.9313	2	0	0
腅	8145	5	0.3846	6.423	0.9431	3	0	0
腆	8146	5	0.4497	6.441	0.9793	3	0	0
腇	8147	5	0.4512	7.045	0.8817	3	0	0
腈	8148	5	0.4571	6.185	0.9856	2	0	0
腉	8149	5	0.3861	5.923	0.9643	3	0	0
腊	814A	5	0.4571	5.737	0.9722	4	1	1
腋	814B	5	0.4068	6.909	0.9269	4	0	0
腌	814C	5	0.4482	6.365	0.9275	3	0	0
腍	814D	5	0.3891	6.702	0.9010	5	0	0
腎	814E	5	0.4383	6.054	0.9612	3	1	1
腏	814F	5	0.4969	7.704	0.8668	5	0	0
腐	8150	5	0.4275	7.035	0.9155	4	1	1
腑	8151	5	0.4216	6.593	0.9281	4	0	0
腒	8152	5	0.5108	6.093	0.9342	4	0	0
腓	8153	5	0.3905	5.567	0.9498	2	1	0
腔	8154	5	0.4246	5.851	0.9535	4	1	1
腕	8155	5	0.4527	6.753	0.9153	4	1	1
腖	8156	5	0.4571	6.601	0.9381	2	0	0
腗	8157	5	0.4512	5.832	0.9563	3	0	0
腘	8158	5	0.4528	6.400	0.9219	3	0	0
腙	8159	5	0.3979	5.900	0.9257	3	0	0
腚	815A	5	0.4142	5.909	0.9146	3	0	0
腛	815B	5	0.5308	6.727	0.8848	4	0	0
腜	815C	5	0.4497	6.589	0.9222	3	0	0
腝	815D	5	0.4938	6.377	0.9317	3	0	0
腞	815E	5	0.4408	6.832	0.9514	3	0	0
腟	815F	5	0.4408	6.394	0.9072	4	0	0
腠	8160	5	0.4364	7.074	0.9026	4	0	0
腡	8161	5	0.5040	5.910	0.9205	3	0	0
腢	8162	5	0.4912	6.835	0.9129	3	0	0
腣	8163	5	0.4222	6.030	0.9532	3	0	0
腤	8164	5	0.4453	6.165	0.9389	2	0	0
腥	8165	5	0.4969	6.161	0.9048	3	0	0
腦	8166	5	0.4908	7.409	0.8887	2	1	1
腧	8167	5	0.4364	7.393	0.9340	5	0	0
腨	8168	5	0.4408	6.299	0.9830	3	0	0
腩	8169	5	0.4157	6.555	0.9564	3	0	0
腪	816A	5	0.5123	6.249	0.9519	3	0	0
腫	816B	5	0.4896	6.726	0.9321	2	1	1
腬	816C	5	0.4800	7.139	0.8648	3	0	0
腭	816D	5	0.4477	6.183	0.9310	5	0	0
腮	816E	5	0.4692	6.584	0.8942	3	0	0
腯	816F	5	0.4600	6.683	0.9194	3	0	0
腰	8170	5	0.4896	6.813	0.8959	3	1	1
腱	8171	5	0.4778	7.293	0.9387	3	0	0
腲	8172	5	0.4938	6.244	0.9454	4	0	0
腳	8173	5	0.4880	6.997	0.9071	3	1	1
腴	8174	5	0.4320	6.338	0.9497	4	0	0
腵	8175	5	0.5062	6.755	0.9284	3	0	0
腶	8176	5	0.4586	6.993	0.9349	4	0	0
腷	8177	5	0.5216	6.279	0.8791	3	0	0
腸	8178	5	0.4892	6.604	0.9639	5	1	1
腹	8179	5	0.4482	6.755	0.9224	3	1	1
腺	817A	5	0.4630	6.430	0.9332	3	1	1
腻	817B	5	0.3876	7.135	0.9299	4	0	0
腼	817C	5	0.4662	6.473	0.9405	2	0	0
腽	817D	5	0.4723	6.265	0.8997	3	0	0
腾	817E	5	0.4408	6.944	0.9083	2	1	1
腿	817F	5	0.4497	7.118	0.8966	3	1	1
膀	8180	5	0.4593	6.333	0.9283	3	0	0
膁	8181	5	0.5104	7.086	0.9147	3	0	0
膂	8182	5	0.3861	6.570	0.9184	3	0	0
膃	8183	5	0.4985	6.580	0.9129	2	0	0
膄	8184	5	0.4586	6.755	0.9339	3	0	0
膅	8185	5	0.4882	6.820	0.9445	3	0	0
膆	8186	5	0.4615	7.143	0.9280	3	0	0
膇	8187	5	0.4201	6.329	0.9481	3	0	0
膈	8188	5	0.4992	6.914	0.9271	2	0	0
膉	8189	5	0.4467	6.853	0.9036	3	0	0
膊	818A	5	0.4822	6.668	0.9517	3	0	0
膋	818B	5	0.4119	6.947	0.8842	2	0	0
膌	818C	5	0.4497	6.837	0.9311	3	0	0
膍	818D	5	0.4778	7.018	0.9207	2	0	0
膎	818E	5	0.4571	7.415	0.8918	3	0	0
膏	818F	5	0.4087	7.535	0.9766	5	0	0
膐	8190	5	0.4438	7.433	0.9033	3	0	0
膑	8191	5	0.4231	6.256	0.9161	4	0	0
膒	8192	5	0.4523	6.704	0.9465	5	0	0
膓	8193	5	0.4882	7.385	0.9505	2	0	0
膔	8194	5	0.4571	7.060	0.9425	2	0	0
膕	8195	5	0.5136	7.710	0.8898	4	0	0
膖	8196	5	0.4260	7.514	0.9149	4	0	0
膗	8197	5	0.4926	6.447	0.9396	3	0	0
膘	8198	5	0.5046	6.707	0.9453	3	0	0
膙	8199	5	0.4662	6.540	0.9483	4	0	0
膚	819A	5	0.4277	7.488	0.9661	3	1	1
膛	819B	5	0.4615	6.480	0.8844	3	0	0
膜	819C	5	0.4482	6.576	0.9504	4	1	1
膝	819D	5	0.4245	7.138	0.9262	3	1	1
膞	819E	5	0.4749	6.839	0.9645	3	0	0
膟	819F	5	0.3683	6.771	0.9060	2	0	0
膠	81A0	5	0.4215	7.676	0.9176	3	1	1
膡	81A1	5	0.4349	6.947	0.9578	3	0	0
膢	81A2	5	0.4615	7.250	0.9599	3	0	0
膣	81A3	5	0.4882	7.019	0.8946	5	0	0
膤	81A4	5	0.4815	6.737	0.9185	3	0	0
膥	81A5	5	0.4793	7.714	0.8775	4	0	0
膦	81A6	5	0.4408	7.324	0.9269	4	0	0
膧	81A7	5	0.4852	7.236	0.9090	4	0	0
膨	81A8	5	0.3861	6.983	0.9253	6	1	1
膩	81A9	5	0.4157	7.203	0.9317	4	0	0
膪	81AA	5	0.4793	6.608	0.9196	4	0	0
膫	81AB	5	0.4538	7.151	0.8925	4	0	0
膬	81AC	5	0.4482	7.953	0.9358	3	0	0
膭	81AD	5	0.4379	7.184	0.9369	3	0	0
膮	81AE	5	0.4615	6.788	0.9575	5	0	0
膯	81AF	5	0.4763	7.172	0.9358	5	0	0
膰	81B0	5	0.5192	7.162	0.8915	3	0	0
膱	81B1	5	0.4749	7.371	0.9184	3	0	0
膲	81B2	5	0.4645	6.939	0.9026	3	0	0
膳	81B3	5	0.5030	6.895	0.9176	4	1	1
膴	81B4	5	0.5000	6.976	0.9180	3	0	0
膵	81B5	5	0.4305	6.347	0.9151	4	0	0
膶	81B6	5	0.4880	6.310	0.9794	3	0	0
膷	81B7	5	0.4675	8.356	0.9275	3	0	0
膸	81B8	5	0.4349	7.510	0.9245	3	0	0
膹	81B9	5	0.4453	7.043	0.9338	4	0	0
膺	81BA	5	0.4003	7.255	0.9375	2	0	0
膻	81BB	5	0.4334	7.461	0.9389	4	0	0
膼	81BC	5	0.4846	7.223	0.9574	4	0	0
膽	81BD	5	0.4408	7.710	0.9453	4	0	0
膾	81BE	5	0.4003	7.260	0.9060	4	0	0
膿	81BF	5	0.4482	7.654	0.9858	3	0	0
臀	81C0	5	0.3908	7.524	0.9064	4	0	0
臁	81C1	5	0.4926	7.737	0.9354	4	0	0
臂	81C2	5	0.3861	6.524	0.9450	3	1	1
臃	81C3	5	0.4660	7.284	0.9190	3	0	0
臄	81C4	5	0.4701	7.868	0.9442	3	0	0
臅	81C5	5	0.5536	7.099	0.8452	3	0	0
臆	81C6	5	0.4302	7.295	0.9117	3	0	0
臇	81C7	5	0.4320	6.901	0.9559	3	0	0
臈	81C8	5	0.4379	7.236	0.9252	6	0	0
臉	81C9	5	0.4231	6.967	0.9220	7	0	0
臊	81CA	5	0.4867	6.635	0.9304	5	0	0
臋	81CB	5	0.4677	8.196	0.8965	4	0	0
臌	81CC	5	0.4305	7.406	0.9634	7	0	0
臍	81CD	5	0.4423	7.301	0.9272	3	0	0
臎	81CE	5	0.4379	7.357	0.9137	4	0	0
臏	81CF	5	0.4585	7.404	0.9251	3	0	0
臐	81D0	5	0.4571	8.361	0.9430	2	0	0
臑	81D1	5	0.4467	7.326	0.9555	3	0	0
臒	81D2	5	0.4837	7.379	0.9044	4	0	0
臓	81D3	5	0.5311	7.786	0.9336	4	1	1
臔	81D4	5	0.4704	7.738	0.9494	4	0	0
臕	81D5	5	0.4527	7.918	0.9107	3	0	0
臖	81D6	5	0.3905	7.064	0.9455	4	0	0
臗	81D7	5	0.4719	7.182	0.9452	5	0	0
臘	81D8	5	0.4911	8.934	0.8717	7	1	1
臙	81D9	5	0.4763	7.317	0.9461	4	0	0
臚	81DA	5	0.5030	7.716	0.9246	3	0	0
臛	81DB	5	0.4393	7.311	0.9704	3	0	0
臜	81DC	5	0.4438	7.803	0.9242	6	0	0
臝	81DD	5	0.4275	8.332	0.9371	2	0	0
臞	81DE	5	0.5292	7.295	0.9273	3	0	0
臟	81DF	5	0.4941	8.158	0.9287	5	1	1
臠	81E0	5	0.4088	8.862	0.9098	2	0	0
臡	81E1	5	0.4772	8.442	0.9113	3	0	0
臢	81E2	5	0.4763	8.096	0.9406	6	0	0
臣	81E3	5	0.4255	3.803	0.9712	1	0	0
臤	81E4	5	0.4383	5.122	0.9463	2	0	0
臥	81E5	5	0.3702	4.371	0.9495	2	0	0
臦	81E6	5	0.4647	5.117	0.9543	2	0	0
臧	81E7	5	0.4274	6.823	0.9344	3	0	0
臨	81E8	5	0.4954	5.981	0.9931	2	1	1
臩	81E9	5	0.4601	6.497	0.9353	4	0	0
自	81EA	5	0.4393	3.934	1.0054	1	0	0
臫	81EB	5	0.3750	4.009	0.9818	2	0	0
臬	81EC	5	0.4201	5.779	0.9503	2	0	0
臭	81ED	5	0.4046	5.883	0.9264	2	1	0
臮	81EE	5	0.3284	6.348	0.9512	2	0	0
臯	81EF	5	0.3240	6.182	0.9408	2	0	0
臰	81F0	5	0.3669	6.756	0.9362	3	0	0
臱	81F1	5	0.3894	7.462	0.9400	4	0	0
臲	81F2	5	0.4541	6.885	0.9441	5	0	0
至	81F3	5	0.3833	3.991	0.9479	2	0	0
致	81F4	5	0.3950	5.856	0.9412	3	1	0
臵	81F5	5	0.4142	6.160	0.9061	4	0	0
臶	81F6	5	0.3846	5.918	0.9521	4	0	0
臷	81F7	5	0.4290	6.892	0.9180	3	0	0
臸	81F8	5	0.4046	5.575	0.9089	4	0	0
臹	81F9	5	0.4186	6.898	0.9256	4	0	0
臺	81FA	5	0.4103	7.721	0.9826	5	1	1
臻	81FB	5	0.4467	7.028	0.9331	4	0	0
臼	81FC	5	0.3339	3.336	0.9636	1	0	0
臽	81FD	5	0.3689	4.713	0.9907	2	0	0
臾	81FE	5	0.3508	4.879	0.9849	3	0	0
臿	81FF	5	0.4304	5.477	0.9776	1	0	0
舀	8200	5	0.3574	5.696	0.8813	2	0	0
舁	8201	5	0.3750	4.901	0.9784	2	0	0
舂	8202	5	0.4320	5.866	0.9442	2	0	0
舃	8203	5	0.3815	6.331	0.9307	2	0	0
舄	8204	5	0.4006	5.810	0.9628	2	0	0
舅	8205	5	0.4247	7.486	0.9455	3	0	0
舆	8206	5	0.3994	6.063	0.9579	2	0	0
與	8207	5	0.3817	5.714	0.9442	2	1	1
興	8208	5	0.4231	6.620	0.9529	3	1	1
舉	8209	5	0.4142	6.288	0.9542	3	1	1
舊	820A	5	0.4135	7.402	0.9639	3	1	1
舋	820B	5	0.4679	6.953	0.9751	4	0	0
舌	820C	5	0.3077	4.122	0.9378	1	0	0
舍	820D	5	0.3476	4.834	0.9749	2	1	0
舎	820E	5	0.3373	4.990	0.9672	2	1	0
舏	820F	5	0.3878	4.342	0.9765	2	0	0
舐	8210	5	0.4157	5.694	0.9490	2	0	0
舑	8211	5	0.4379	5.463	0.9470	2	0	0
舒	8212	5	0.3772	5.649	0.9401	3	1	1
舓	8213	5	0.4359	6.583	0.9561	4	0	0
舔	8214	5	0.3905	6.469	0.9364	4	0	0
舕	8215	5	0.3923	6.293	0.9370	3	0	0
舖	8216	5	0.5000	6.599	0.9431	3	0	0
舗	8217	5	0.4956	6.755	0.9395	3	1	1
舘	8218	5	0.4379	6.051	0.9343	4	0	0
舙	8219	5	0.4601	7.161	0.9184	2	0	0
舚	821A	5	0.4453	7.543	0.9404	4	0	0
舛	821B	5	0.3077	4.506	0.9731	2	0	0
舜	821C	5	0.4142	6.515	0.8844	3	1	1
舝	821D	5	0.4391	7.225	0.8868	7	0	0
舞	821E	5	0.4630	6.505	0.9305	3	1	1
舟	821F	5	0.2973	4.404	0.9477	1	0	0
舠	8220	5	0.4077	5.617	0.9230	2	0	0
舡	8221	5	0.3388	4.899	0.9657	2	0	0
舢	8222	5	0.4200	5.477	0.9504	2	0	0
舣	8223	5	0.3876	6.114	0.9500	2	0	0
舤	8224	5	0.3831	6.050	0.9218	3	0	0
舥	8225	5	0.4305	6.049	0.9665	2	0	0
舦	8226	5	0.3772	5.801	0.9183	3	0	0
舧	8227	5	0.3683	6.102	0.9107	2	0	0
舨	8228	5	0.4277	6.670	0.9235	3	0	0
舩	8229	5	0.3536	6.136	0.9433	3	0	0
航	822A	5	0.3618	5.841	0.9033	3	1	1
舫	822B	5	0.3595	5.854	0.9240	2	0	0
般	822C	5	0.4157	6.484	0.9165	3	1	1
舭	822D	5	0.4157	6.085	0.9165	2	0	0
舮	822E	5	0.3831	5.537	0.9292	2	0	0
舯	822F	5	0.4046	5.254	0.9372	2	0	0
舰	8230	5	0.4038	6.348	0.9452	2	1	1
舱	8231	5	0.4127	6.257	0.9005	3	0	0
舲	8232	5	0.3639	6.140	0.9274	4	0	0
舳	8233	5	0.4338	5.758	0.9534	2	0	0
舴	8234	5	0.3639	5.313	0.9483	2	0	0
舵	8235	5	0.3595	5.889	0.8928	3	0	0
舶	8236	5	0.4183	5.471	0.9427	2	1	1
舷	8237	5	0.3787	6.370	0.9125	2	0	0
舸	8238	5	0.3661	5.846	0.9481	3	0	0
船	8239	5	0.3905	5.926	0.9372	3	1	1
舺	823A	5	0.4356	5.643	0.9461	2	0	0
舻	823B	5	0.3831	5.329	0.9594	3	0	0
舼	823C	5	0.3698	6.087	0.9259	3	0	0
舽	823D	5	0.3891	6.690	0.9452	3	0	0
舾	823E	5	0.4675	6.714	0.9623	2	0	0
舿	823F	5	0.3861	6.493	0.9271	4	0	0
艀	8240	5	0.3772	6.598	0.9182	3	0	0
艁	8241	5	0.4423	6.236	0.9530	3	0	0
艂	8242	5	0.4379	6.881	0.9614	3	0	0
艃	8243	5	0.4749	6.481	0.9318	3	0	0
艄	8244	5	0.4462	6.565	0.9261	3	0	0
艅	8245	5	0.3964	6.721	0.9127	4	0	0
艆	8246	5	0.4423	6.642	0.9337	3	0	0
艇	8247	5	0.4024	7.067	0.9140	3	1	1
艈	8248	5	0.4009	6.857	0.9255	2	0	0
艉	8249	5	0.4689	7.351	0.9078	3	0	0
艊	824A	5	0.4800	6.377	0.9290	3	0	0
艋	824B	5	0.4068	6.654	0.9022	3	0	0
艌	824C	5	0.4024	7.212	0.9067	5	0	0
艍	824D	5	0.4423	6.709	0.9488	4	0	0
艎	824E	5	0.4571	6.688	0.9359	3	0	0
艏	824F	5	0.4586	6.650	0.9074	2	0	0
艐	8250	5	0.4393	7.986	0.9031	2	0	0
艑	8251	5	0.4785	7.405	0.9319	3	0	0
艒	8252	5	0.4862	7.033	0.9565	3	0	0
艓	8253	5	0.4571	6.913	0.9263	3	0	0
艔	8254	5	0.4305	7.212	0.9573	3	0	0
艕	8255	5	0.4135	6.673	0.9395	3	0	0
艖	8256	5	0.4586	6.923	0.8944	3	0	0
艗	8257	5	0.4024	7.309	0.9143	3	0	0
艘	8258	5	0.4423	7.193	0.9169	3	1	1
艙	8259	5	0.4308	7.351	0.9104	5	1	1
艚	825A	5	0.5044	7.394	0.9275	3	0	0
艛	825B	5	0.4423	7.592	0.9525	3	0	0
艜	825C	5	0.4260	7.259	0.9404	4	0	0
艝	825D	5	0.4749	7.178	0.9350	3	0	0
艞	825E	5	0.3979	7.726	0.8787	3	0	0
艟	825F	5	0.4941	7.404	0.9117	4	0	0
艠	8260	5	0.4438	7.614	0.8688	5	0	0
艡	8261	5	0.5148	7.221	0.9374	3	0	0
艢	8262	5	0.4601	7.716	0.9296	4	0	0
艣	8263	5	0.4408	8.139	0.9061	4	0	0
艤	8264	5	0.4416	8.168	0.9342	3	0	0
艥	8265	5	0.4527	7.790	0.9553	4	0	0
艦	8266	5	0.4527	7.538	0.9107	3	1	1
艧	8267	5	0.4527	8.000	0.9219	4	0	0
艨	8268	5	0.4088	8.269	0.8977	5	0	0
艩	8269	5	0.4145	7.771	0.9199	3	0	0
艪	826A	5	0.4334	7.827	0.9256	3	0	0
艫	826B	5	0.4379	8.231	0.9237	3	0	0
艬	826C	5	0.4660	8.716	0.8958	5	0	0
艭	826D	5	0.4497	8.269	0.9337	4	0	0
艮	826E	5	0.3883	4.685	0.9554	1	0	0
良	826F	5	0.3662	5.097	0.9513	2	1	0
艰	8270	5	0.4108	5.751	0.9468	2	0	0
艱	8271	5	0.4645	7.091	0.9464	2	0	0
色	8272	5	0.3373	4.216	0.9396	1	0	0
艳	8273	5	0.3994	5.244	0.9425	2	0	0
艴	8274	5	0.4246	6.495	0.9422	2	0	0
艵	8275	5	0.4112	5.865	0.9148	5	0	0
艶	8276	5	0.4571	7.263	0.9293	5	0	0
艷	8277	5	0.4689	8.048	0.8841	5	0	0
艸	8278	5	0.3512	4.573	0.9638	1	0	0
艹	8279	5	0.3144	2.388	1.0519	1	0	0
艺	827A	5	0.3045	3.805	0.9767	2	1	0
艻	827B	5	0.3173	4.046	0.9752	2	0	0
艼	827C	5	0.2322	3.120	0.9615	2	0	0
艽	827D	5	0.3138	3.968	0.9498	2	0	0
艾	827E	5	0.2853	4.091	0.9260	2	1	0
艿	827F	5	0.2938	4.120	0.9567	2	0	0
芀	8280	5	0.3092	4.125	0.9636	2	0	0
芁	8281	5	0.2796	3.744	0.9348	2	0	0
节	8282	5	0.2740	3.415	1.0015	2	1	0
芃	8283	5	0.3400	4.309	0.9368	3	0	0
芄	8284	5	0.3400	4.689	0.9222	2	0	0
芅	8285	5	0.2769	4.082	0.9221	2	0	0
芆	8286	5	0.3606	5.110	0.9428	3	0	0
芇	8287	5	0.3061	3.834	0.9898	2	0	0
芈	8288	5	0.3269	3.920	1.0041	2	0	0
芉	8289	5	0.2981	3.699	0.9905	2	0	0
芊	828A	5	0.2933	3.687	0.9805	2	0	0
芋	828B	5	0.3093	3.867	0.9699	2	1	0
芌	828C	5	0.3446	4.429	0.9664	3	0	0
芍	828D	5	0.2981	3.999	0.9526	3	0	0
芎	828E	5	0.3526	4.630	0.9661	2	0	0
芏	828F	5	0.3133	3.264	1.0069	2	0	0
芐	8290	5	0.2708	3.501	0.9842	2	0	0
芑	8291	5	0.3446	4.104	0.9865	2	0	0
芒	8292	5	0.2981	3.557	0.9722	2	1	0
芓	8293	5	0.3093	3.963	0.9762	2	0	0
芔	8294	5	0.3662	4.939	0.9406	3	0	0
芕	8295	5	0.2933	4.306	0.9627	2	0	0
芖	8296	5	0.3221	4.379	0.9110	2	0	0
芗	8297	5	0.3253	4.765	0.9703	2	0	0
芘	8298	5	0.3338	4.624	0.9433	2	0	0
芙	8299	5	0.3569	4.912	0.9457	2	1	0
芚	829A	5	0.3590	4.654	0.9678	2	0	0
芛	829B	5	0.3654	4.815	0.9705	2	0	0
芜	829C	5	0.3646	4.969	0.9262	2	0	0
芝	829D	5	0.3154	4.628	0.8825	2	1	0
芞	829E	5	0.2969	4.724	0.9296	4	0	0
芟	829F	5	0.3894	5.426	0.9233	3	0	0
芠	82A0	5	0.3431	4.791	0.9390	2	0	0
芡	82A1	5	0.3237	4.689	0.9327	2	0	0
芢	82A2	5	0.2723	3.839	0.9557	3	0	0
芣	82A3	5	0.3173	4.374	0.9452	2	0	0
芤	82A4	5	0.3292	4.461	0.9379	3	0	0
芥	82A5	5	0.2796	4.282	0.9644	3	1	0
芦	82A6	5	0.2954	4.359	0.9552	2	1	0
芧	82A7	5	0.3478	4.556	0.9391	2	0	0
芨	82A8	5	0.3580	5.326	0.9373	2	0	0
芩	82A9	5	0.2870	4.668	0.9639	4	0	0
芪	82AA	5	0.3569	5.052	0.9437	2	0	0
芫	82AB	5	0.3477	4.714	0.9388	3	0	0
芬	82AC	5	0.3107	4.865	0.9234	3	1	0
芭	82AD	5	0.4038	4.529	0.9737	2	1	0
芮	82AE	5	0.3606	4.857	0.9633	2	0	0
芯	82AF	5	0.2796	4.198	0.9575	2	1	0
芰	82B0	5	0.3908	5.300	0.9513	3	0	0
花	82B1	5	0.3062	4.516	0.9241	3	1	0
芲	82B2	5	0.3431	4.803	0.9546	3	0	0
芳	82B3	5	0.3225	4.565	0.9322	2	1	0
芴	82B4	5	0.3477	5.061	0.9503	3	0	0
芵	82B5	5	0.3554	4.819	0.9292	2	0	0
芶	82B6	5	0.3702	5.063	0.9761	3	0	0
芷	82B7	5	0.3333	3.293	0.9810	2	0	0
芸	82B8	5	0.3533	4.999	0.9718	3	1	0
芹	82B9	5	0.3000	4.087	0.9619	2	0	0
芺	82BA	5	0.3477	5.003	0.9359	3	0	0
芻	82BB	5	0.4215	6.287	0.9110	2	0	0
芼	82BC	5	0.3910	5.216	0.9384	2	0	0
芽	82BD	5	0.3686	4.857	0.9784	2	1	0
芾	82BE	5	0.3638	4.532	0.9894	2	0	0
芿	82BF	5	0.3402	4.921	0.9416	3	0	0
苀	82C0	5	0.3180	4.540	0.9488	3	0	0
苁	82C1	5	0.3123	4.298	0.9567	3	0	0
苂	82C2	5	0.2855	4.440	0.9399	2	0	0
苃	82C3	5	0.3713	5.443	0.9398	3	0	0
苄	82C4	5	0.2772	3.670	0.9485	3	0	0
苅	82C5	5	0.3301	4.661	0.9730	3	0	0
苆	82C6	5	0.3508	4.935	0.9465	3	0	0
苇	82C7	5	0.3878	4.890	1.0001	2	0	0
苈	82C8	5	0.3908	5.215	0.9470	3	0	0
苉	82C9	5	0.3862	4.741	0.9947	3	0	0
苊	82CA	5	0.3862	5.225	0.9625	3	0	0
苋	82CB	5	0.3542	4.782	0.9229	2	0	0
苌	82CC	5	0.3526	4.859	0.9468	2	0	0
苍	82CD	5	0.3476	4.907	0.9562	3	0	0
苎	82CE	5	0.3229	3.471	0.9723	2	0	0
苏	82CF	5	0.3478	4.887	0.9274	2	1	0
苐	82D0	5	0.4138	5.491	0.9705	2	0	0
苑	82D1	5	0.3609	5.346	0.9335	3	1	0
苒	82D2	5	0.3920	4.877	0.9620	2	0	0
苓	82D3	5	0.3195	5.003	0.9494	4	0	0
苔	82D4	5	0.3638	5.012	0.9663	3	0	0
苕	82D5	5	0.3942	5.161	0.9812	3	0	0
苖	82D6	5	0.4038	4.752	0.9847	2	0	0
苗	82D7	5	0.4103	4.589	1.0364	2	1	0
苘	82D8	5	0.3910	4.697	1.0205	3	0	0
苙	82D9	5	0.3354	4.210	0.9544	2	0	0
苚	82DA	5	0.4108	4.984	0.9826	2	0	0
苛	82DB	5	0.3558	4.384	0.9918	3	0	0
苜	82DC	5	0.4038	4.832	0.9924	2	0	0
苝	82DD	5	0.3333	4.407	0.9222	3	0	0
苞	82DE	5	0.4169	5.196	0.9334	3	0	0
苟	82DF	5	0.3554	4.690	0.9648	3	0	0
苠	82E0	5	0.4246	5.636	0.9571	2	0	0
苡	82E1	5	0.3062	4.835	0.9595	3	0	0
苢	82E2	5	0.3846	4.629	1.0012	2	0	0
苣	82E3	5	0.4167	5.070	0.9952	2	0	0
苤	82E4	5	0.3883	4.812	0.9503	3	0	0
若	82E5	5	0.3654	4.797	0.9741	3	1	0
苦	82E6	5	0.3622	4.423	0.9841	3	1	0
苧	82E7	5	0.3121	4.150	0.9777	3	0	0
苨	82E8	5	0.4092	5.488	0.9410	3	0	0
苩	82E9	5	0.3606	4.416	0.9805	2	0	0
苪	82EA	5	0.4167	5.449	0.9747	3	0	0
苫	82EB	5	0.3397	4.136	0.9895	3	0	0
苬	82EC	5	0.4199	5.524	0.9899	3	0	0
苭	82ED	5	0.3692	5.561	0.9136	3	0	0
苮	82EE	5	0.3415	4.498	0.9258	3	0	0
苯	82EF	5	0.3536	5.043	0.9533	2	1	0
苰	82F0	5	0.3766	5.026	0.9464	3	0	0
英	82F1	5	0.3846	5.040	0.9624	2	1	0
苲	82F2	5	0.3109	4.155	0.9711	2	0	0
苳	82F3	5	0.3358	5.406	0.9141	3	0	0
苴	82F4	5	0.4108	4.386	0.9509	2	0	0
苵	82F5	5	0.3692	5.211	0.9325	3	0	0
苶	82F6	5	0.2914	4.938	0.9659	3	0	0
苷	82F7	5	0.3686	4.286	1.0200	2	0	0
苸	82F8	5	0.3301	4.655	0.9339	2	0	0
苹	82F9	5	0.3195	4.703	0.9586	2	0	0
苺	82FA	5	0.4009	5.620	0.9409	2	0	0
苻	82FB	5	0.3215	4.385	0.9611	3	1	0
苼	82FC	5	0.3734	4.315	1.0027	2	0	0
苽	82FD	5	0.3343	5.226	0.9384	2	0	0
苾	82FE	5	0.3446	5.328	0.9388	2	0	0
苿	82FF	5	0.3683	5.136	0.9660	2	0	0
茀	8300	5	0.4519	5.580	0.9785	2	0	0
茁	8301	5	0.3702	4.416	1.0121	3	0	0
茂	8302	5	0.3609	5.341	0.9613	2	1	0
范	8303	5	0.3585	5.095	0.9290	3	1	0
茄	8304	5	0.3862	5.169	0.9532	3	0	0
茅	8305	5	0.3754	5.349	0.9308	2	1	0
茆	8306	5	0.3708	5.107	0.9540	3	0	0
茇	8307	5	0.3728	5.571	0.9210	2	0	0
茈	8308	5	0.3521	4.859	0.9379	3	0	0
茉	8309	5	0.3654	5.205	0.9755	2	0	0
茊	830A	5	0.3400	3.945	0.9793	2	0	0
茋	830B	5	0.3554	5.474	0.9453	3	0	0
茌	830C	5	0.3077	4.325	0.9617	3	0	0
茍	830D	5	0.3446	4.520	0.9708	3	0	0
茎	830E	5	0.3969	5.439	0.9523	2	1	0
茏	830F	5	0.3595	5.398	0.9156	2	0	0
茐	8310	5	0.3754	5.432	0.9549	3	0	0
茑	8311	5	0.3708	5.248	0.9754	3	0	0
茒	8312	5	0.3646	5.361	0.9767	3	0	0
茓	8313	5	0.3015	4.571	0.9097	3	0	0
茔	8314	5	0.3933	4.299	0.9693	2	0	0
茕	8315	5	0.3894	4.943	0.9607	3	0	0
茖	8316	5	0.3920	5.488	0.9111	3	0	0
茗	8317	5	0.3754	5.169	0.9663	3	0	0
茘	8318	5	0.4123	6.052	0.9594	3	0	0
茙	8319	5	0.3877	5.758	0.9296	3	0	0
茚	831A	5	0.3638	4.811	0.9674	3	0	0
茛	831B	5	0.4231	5.603	0.9372	2	0	0
茜	831C	5	0.4663	5.613	0.9879	2	0	0
茝	831D	5	0.4103	5.129	0.9923	2	0	0
茞	831E	5	0.4295	5.122	0.9975	2	0	0
茟	831F	5	0.4571	5.941	0.9873	2	0	0
茠	8320	5	0.3462	4.913	0.9472	3	0	0
茡	8321	5	0.3565	4.992	0.9591	3	0	0
茢	8322	5	0.3624	5.377	0.9542	3	0	0
茣	8323	5	0.4364	6.051	0.9315	3	0	0
茤	8324	5	0.3702	5.861	0.9389	3	0	0
茥	8325	5	0.4215	4.869	0.9801	3	0	0
茦	8326	5	0.4108	5.629	0.9662	2	0	0
茧	8327	5	0.3878	4.847	0.9614	2	0	0
茨	8328	5	0.3314	5.359	0.9384	3	1	0
茩	8329	5	0.4000	5.301	0.9985	3	0	0
茪	832A	5	0.3369	4.920	0.9230	4	0	0
茫	832B	5	0.3015	4.590	0.9336	3	0	0
茬	832C	5	0.3800	5.058	0.9717	3	0	0
茭	832D	5	0.3677	5.816	0.9407	3	0	0
茮	832E	5	0.3381	4.665	0.9460	3	0	0
茯	832F	5	0.3432	5.160	0.9354	3	0	0
茰	8330	5	0.4216	5.581	0.9303	2	0	0
茱	8331	5	0.3698	5.332	0.9558	3	0	0
茲	8332	5	0.3757	6.015	0.9251	2	1	1
茳	8333	5	0.3292	4.591	0.9665	3	0	0
茴	8334	5	0.4535	5.125	1.0109	3	0	0
茵	8335	5	0.4503	5.845	0.9901	3	1	0
茶	8336	5	0.3388	5.440	0.9584	3	1	0
茷	8337	5	0.3580	5.567	0.9257	3	0	0
茸	8338	5	0.4092	4.909	1.0076	2	0	0
茹	8339	5	0.4087	5.390	0.9633	3	0	0
茺	833A	5	0.3877	5.467	0.9092	4	0	0
茻	833B	5	0.4021	5.337	0.8766	4	0	0
茼	833C	5	0.4199	5.319	0.9873	3	0	0
茽	833D	5	0.3662	4.622	0.9414	3	0	0
茾	833E	5	0.3542	4.365	0.9971	3	0	0
茿	833F	5	0.3536	5.150	0.9485	4	0	0
荀	8340	5	0.3938	5.024	0.9799	3	1	0
荁	8341	5	0.4295	5.108	0.9776	4	0	0
荂	8342	5	0.4112	5.922	0.9157	4	0	0
荃	8343	5	0.3969	5.030	0.9688	3	1	0
荄	8344	5	0.4006	5.874	0.9588	4	0	0
荅	8345	5	0.3595	5.115	0.9811	4	0	0
荆	8346	5	0.4031	4.761	0.9972	4	1	1
荇	8347	5	0.3062	4.586	0.9519	4	0	0
荈	8348	5	0.3491	5.127	0.9564	3	0	0
草	8349	5	0.3923	4.914	0.9543	3	1	0
荊	834A	5	0.3846	5.053	0.9792	4	1	1
荋	834B	5	0.4054	4.997	0.9753	2	0	0
荌	834C	5	0.4046	5.799	0.9382	3	0	0
荍	834D	5	0.3802	5.428	0.9389	3	0	0
荎	834E	5	0.4138	5.367	0.9338	3	0	0
荏	834F	5	0.3476	4.835	0.9586	4	0	0
荐	8350	5	0.3698	5.206	0.9567	3	0	0
荑	8351	5	0.5048	6.730	0.9418	2	0	0
荒	8352	5	0.3646	5.147	0.9377	3	1	0
荓	8353	5	0.3373	4.673	0.9547	5	0	0
荔	8354	5	0.4154	6.263	0.9463	4	0	0
荕	8355	5	0.4154	5.416	0.9551	3	0	0
荖	8356	5	0.4009	5.689	0.9277	3	0	0
荗	8357	5	0.3743	5.837	0.9230	3	0	0
荘	8358	5	0.3269	4.587	0.9727	3	1	0
荙	8359	5	0.3600	5.461	0.9242	3	0	0
荚	835A	5	0.3846	5.674	0.9294	2	0	0
荛	835B	5	0.4009	6.271	0.9169	3	0	0
荜	835C	5	0.3476	5.078	0.9695	3	0	0
荝	835D	5	0.4006	5.483	0.9840	3	0	0
荞	835E	5	0.3631	5.324	0.9190	4	0	0
荟	835F	5	0.4053	5.954	0.9269	4	0	0
荠	8360	5	0.3766	5.102	0.9181	2	0	0
荡	8361	5	0.3974	6.185	0.8903	3	0	0
荢	8362	5	0.3782	4.804	0.9972	3	0	0
荣	8363	5	0.3905	5.418	0.9760	2	1	0
荤	8364	5	0.4375	5.615	0.9778	2	0	0
荥	8365	5	0.4135	5.531	0.9394	2	0	0
荦	8366	5	0.3942	5.009	0.9708	2	0	0
荧	8367	5	0.3402	5.264	0.9572	2	0	0
荨	8368	5	0.3920	5.448	0.9495	3	0	0
荩	8369	5	0.3595	5.399	0.9582	3	0	0
荪	836A	5	0.3508	5.017	0.9568	3	0	0
荫	836B	5	0.4455	5.871	0.9710	3	0	0
荬	836C	5	0.3910	5.904	0.9492	3	0	0
荭	836D	5	0.3431	5.018	0.8670	3	0	0
荮	836E	5	0.3600	5.378	0.9370	3	0	0
药	836F	5	0.3798	5.646	0.9330	4	1	1
荰	8370	5	0.3462	4.870	0.9668	3	0	0
荱	8371	5	0.4663	6.702	0.9271	3	0	0
荲	8372	5	0.4453	5.343	0.9862	3	0	0
荳	8373	5	0.4123	5.100	0.9455	4	0	0
荴	8374	5	0.3677	5.335	0.9484	3	0	0
荵	8375	5	0.3728	6.015	0.9499	4	0	0
荶	8376	5	0.3554	5.110	0.9767	5	0	0
荷	8377	5	0.3698	4.923	0.9727	4	1	0
荸	8378	5	0.4231	5.743	0.9501	3	0	0
荹	8379	5	0.3590	5.014	0.9694	3	0	0
荺	837A	5	0.3615	5.365	0.9388	4	0	0
荻	837B	5	0.3523	5.755	0.9360	3	1	1
荼	837C	5	0.3609	5.728	0.9471	4	0	0
荽	837D	5	0.4038	6.237	0.8954	3	0	0
荾	837E	5	0.3862	6.490	0.8980	4	0	0
荿	837F	5	0.3935	5.875	0.9427	3	0	0
莀	8380	5	0.4246	6.195	0.9440	2	0	0
莁	8381	5	0.4000	5.347	0.9575	5	0	0
莂	8382	5	0.3877	5.430	0.9579	3	0	0
莃	8383	5	0.4246	6.076	0.8993	4	0	0
莄	8384	5	0.4719	6.121	0.9363	2	0	0
莅	8385	5	0.3447	5.082	0.9461	3	0	0
莆	8386	5	0.4692	5.822	0.9564	2	0	0
莇	8387	5	0.4215	5.501	0.9498	3	0	0
莈	8388	5	0.3846	5.903	0.9347	4	0	0
莉	8389	5	0.3862	5.289	0.9329	3	1	0
莊	838A	5	0.3506	4.789	0.9718	3	1	0
莋	838B	5	0.3151	4.575	0.9711	3	0	0
莌	838C	5	0.3585	5.036	0.9032	3	0	0
莍	838D	5	0.3754	5.625	0.9377	2	0	0
莎	838E	5	0.3141	5.353	0.9375	4	1	0
莏	838F	5	0.3284	5.287	0.9347	4	0	0
莐	8390	5	0.3523	5.402	0.9375	3	0	0
莑	8391	5	0.3757	6.380	0.9525	3	0	0
莒	8392	5	0.3942	4.923	0.9993	3	0	0
莓	8393	5	0.4453	6.404	0.9124	3	0	0
莔	8394	5	0.4503	5.722	0.9894	4	0	0
莕	8395	5	0.4231	5.587	0.9860	3	0	0
莖	8396	5	0.4138	5.651	0.8834	6	0	0
莗	8397	5	0.4615	5.878	0.9891	2	0	0
莘	8398	5	0.3734	4.872	0.9717	2	0	0
莙	8399	5	0.4571	5.785	0.9475	3	0	0
莚	839A	5	0.4200	6.105	0.9210	3	0	0
莛	839B	5	0.4186	6.112	0.9001	3	0	0
莜	839C	5	0.3757	5.587	0.9329	3	0	0
莝	839D	5	0.3974	5.279	0.9448	5	0	0
莞	839E	5	0.4062	5.704	0.9292	4	0	0
莟	839F	5	0.3689	5.659	0.9482	5	0	0
莠	83A0	5	0.4112	6.327	0.9146	3	0	0
莡	83A1	5	0.3908	5.241	0.9265	3	0	0
莢	83A2	5	0.3942	5.977	0.9041	2	0	0
莣	83A3	5	0.3926	5.444	0.9471	3	0	0
莤	83A4	5	0.4599	5.924	0.9853	2	0	0
莥	83A5	5	0.4127	5.723	0.9141	3	0	0
莦	83A6	5	0.3974	5.240	0.9554	3	0	0
莧	83A7	5	0.3954	5.383	0.9056	2	0	0
莨	83A8	5	0.4292	5.776	0.9460	3	0	0
莩	83A9	5	0.3734	5.500	0.9123	3	0	0
莪	83AA	5	0.4186	6.286	0.9301	2	0	0
莫	83AB	5	0.4127	5.980	0.9069	3	1	0
莬	83AC	5	0.4169	5.568	0.8966	3	0	0
莭	83AD	5	0.4087	5.649	0.9744	3	0	0
莮	83AE	5	0.4583	5.992	0.9495	3	0	0
莯	83AF	5	0.3462	5.141	0.9373	3	0	0
莰	83B0	5	0.3491	5.341	0.9470	3	0	0
莱	83B1	5	0.3846	5.772	0.9295	2	1	0
莲	83B2	5	0.4112	6.040	0.9201	3	1	1
莳	83B3	5	0.3692	4.775	0.9858	3	0	0
莴	83B4	5	0.4183	5.369	0.9970	3	0	0
莵	83B5	5	0.3920	5.491	0.9317	5	0	0
莶	83B6	5	0.3536	5.375	0.9731	5	0	0
获	83B7	5	0.3738	5.890	0.9408	3	1	1
莸	83B8	5	0.3920	6.117	0.9149	3	0	0
莹	83B9	5	0.4400	5.168	0.9349	2	0	0
莺	83BA	5	0.4415	6.235	0.9362	3	0	0
莻	83BB	5	0.4000	5.828	0.9361	4	0	0
莼	83BC	5	0.4062	5.809	0.9317	3	0	0
莽	83BD	5	0.3802	5.719	0.9180	2	1	1
莾	83BE	5	0.4292	6.074	0.9368	4	0	0
莿	83BF	5	0.4385	5.725	0.9075	3	0	0
菀	83C0	5	0.4455	6.271	0.9046	4	0	0
菁	83C1	5	0.4341	6.602	0.9838	2	0	0
菂	83C2	5	0.3910	5.230	0.9649	4	0	0
菃	83C3	5	0.3877	5.513	0.9636	3	0	0
菄	83C4	5	0.4151	6.056	0.9701	2	0	0
菅	83C5	5	0.4535	5.632	0.9822	3	1	0
菆	83C6	5	0.4246	5.794	0.9495	3	0	0
菇	83C7	5	0.3964	5.603	0.9610	4	0	0
菈	83C8	5	0.3565	5.269	0.9635	3	0	0
菉	83C9	5	0.4151	6.363	0.9383	3	0	0
菊	83CA	5	0.4200	6.036	0.9411	3	1	1
菋	83CB	5	0.4151	5.492	0.9045	3	0	0
菌	83CC	5	0.4776	6.404	0.9905	3	1	0
菍	83CD	5	0.3600	6.120	0.9113	5	0	0
菎	83CE	5	0.4123	6.134	0.9576	3	0	0
菏	83CF	5	0.3615	5.254	0.9544	4	0	0
菐	83D0	5	0.4385	6.306	0.9250	3	0	0
菑	83D1	5	0.4439	6.106	0.9435	5	0	0
菒	83D2	5	0.4438	6.067	0.9762	3	0	0
菓	83D3	5	0.4586	6.077	0.9684	2	1	1
菔	83D4	5	0.4615	6.769	0.9318	3	0	0
菕	83D5	5	0.4188	5.860	0.9635	4	0	0
菖	83D6	5	0.4647	6.178	1.0282	3	0	0
菗	83D7	5	0.4535	5.377	0.9404	3	0	0
菘	83D8	5	0.3506	5.817	0.9308	4	0	0
菙	83D9	5	0.4660	5.725	0.9673	2	0	0
菚	83DA	5	0.4523	7.250	0.8974	3	0	0
菛	83DB	5	0.3669	4.797	0.9822	2	0	0
菜	83DC	5	0.3908	5.917	0.9250	3	1	0
菝	83DD	5	0.4138	6.329	0.9156	3	0	0
菞	83DE	5	0.3892	5.884	0.9636	2	0	0
菟	83DF	5	0.4246	5.753	0.8923	4	0	0
菠	83E0	5	0.3964	6.221	0.9428	3	0	0
菡	83E1	5	0.4215	6.423	0.9562	3	0	0
菢	83E2	5	0.4305	6.119	0.9208	4	0	0
菣	83E3	5	0.4415	5.891	0.9296	3	0	0
菤	83E4	5	0.4379	6.269	0.9264	3	0	0
菥	83E5	5	0.3683	5.288	0.9491	3	0	0
菦	83E6	5	0.3521	5.533	0.9037	3	0	0
菧	83E7	5	0.4053	6.117	0.9494	4	0	0
菨	83E8	5	0.4482	6.470	0.9017	3	0	0
菩	83E9	5	0.4138	5.547	0.9456	3	1	0
菪	83EA	5	0.4308	5.624	0.9634	3	0	0
菫	83EB	5	0.4692	6.130	0.9710	3	0	0
菬	83EC	5	0.3615	5.588	0.9693	4	0	0
菭	83ED	5	0.3550	5.631	0.9324	4	0	0
菮	83EE	5	0.4630	6.532	0.9215	3	0	0
華	83EF	5	0.4231	5.475	0.9904	2	1	1
菰	83F0	5	0.4053	6.350	0.9439	3	0	0
菱	83F1	5	0.4523	6.915	0.9121	4	1	1
菲	83F2	5	0.3491	4.948	0.9717	2	1	0
菳	83F3	5	0.4154	5.638	0.8917	2	0	0
菴	83F4	5	0.4512	6.025	0.9352	3	0	0
菵	83F5	5	0.4599	6.042	0.9607	3	0	0
菶	83F6	5	0.4704	6.548	0.9630	3	0	0
菷	83F7	5	0.4646	6.462	0.9693	4	0	0
菸	83F8	5	0.3462	5.620	0.9410	4	0	0
菹	83F9	5	0.4062	5.503	0.9228	3	0	0
菺	83FA	5	0.4185	6.144	0.9539	3	0	0
菻	83FB	5	0.3920	5.456	0.9305	3	0	0
菼	83FC	5	0.3692	6.210	0.9417	3	0	0
菽	83FD	5	0.3802	5.876	0.9524	4	0	0
菾	83FE	5	0.4000	6.103	0.9209	4	0	0
菿	83FF	5	0.4231	5.745	0.9805	4	0	0
萀	8400	5	0.4186	6.209	0.9292	3	0	0
萁	8401	5	0.4083	5.812	0.8968	3	0	0
萂	8402	5	0.3969	5.399	0.9696	3	0	0
萃	8403	5	0.3686	5.295	0.9519	3	0	0
萄	8404	5	0.4237	5.955	0.9594	3	1	1
萅	8405	5	0.4231	6.294	0.9955	3	0	0
萆	8406	5	0.4231	5.343	0.9356	3	0	0
萇	8407	5	0.4053	6.304	0.9344	2	0	0
萈	8408	5	0.4263	5.782	0.9479	3	0	0
萉	8409	5	0.4323	5.797	0.9331	3	0	0
萊	840A	5	0.3831	6.019	0.9521	2	1	0
萋	840B	5	0.4708	7.327	0.9556	3	0	0
萌	840C	5	0.4503	5.327	0.9979	3	1	1
萍	840D	5	0.3373	5.411	0.9492	3	0	0
萎	840E	5	0.4586	7.103	0.9102	3	0	0
萏	840F	5	0.4087	5.582	0.9643	3	0	0
萐	8410	5	0.4379	6.665	0.9319	2	0	0
萑	8411	5	0.4308	5.326	0.9909	2	0	0
萒	8412	5	0.4359	6.520	0.8839	5	0	0
萓	8413	5	0.4554	5.380	0.9691	3	0	0
萔	8414	5	0.4231	5.820	0.9469	4	0	0
萕	8415	5	0.4185	5.920	0.9253	3	0	0
萖	8416	5	0.3631	5.141	0.9708	3	0	0
萗	8417	5	0.4151	5.822	0.9476	3	0	0
萘	8418	5	0.3979	6.154	0.9406	3	0	0
萙	8419	5	0.3891	5.511	0.9247	3	0	0
萚	841A	5	0.4201	6.028	0.9443	3	0	0
萛	841B	5	0.3985	6.125	0.9269	2	0	0
萜	841C	5	0.4123	5.401	0.9242	4	0	0
萝	841D	5	0.4343	5.729	0.9475	2	0	0
萞	841E	5	0.4215	5.825	0.9524	3	0	0
萟	841F	5	0.3950	5.894	0.9462	3	0	0
萠	8420	5	0.4246	6.432	0.9436	3	0	0
萡	8421	5	0.3862	5.074	0.9617	3	0	0
萢	8422	5	0.3954	5.951	0.9303	4	0	0
萣	8423	5	0.4092	5.507	0.9323	3	0	0
萤	8424	5	0.4487	5.743	0.9233	2	0	0
营	8425	5	0.4119	5.685	0.9916	3	1	0
萦	8426	5	0.4024	6.491	0.9155	2	0	0
萧	8427	5	0.4446	6.185	0.9835	5	1	1
萨	8428	5	0.3328	5.302	0.9466	4	1	1
萩	8429	5	0.3595	5.865	0.9508	3	1	1
萪	842A	5	0.3654	5.659	0.9414	3	0	0
萫	842B	5	0.4508	6.528	0.9067	3	0	0
萬	842C	5	0.4551	6.210	0.9594	3	1	1
萭	842D	5	0.4343	6.247	0.9619	2	0	0
萮	842E	5	0.3908	6.012	0.9057	5	0	0
萯	842F	5	0.3718	6.542	0.9498	3	0	0
萰	8430	5	0.4527	6.381	0.9221	2	0	0
萱	8431	5	0.4300	5.880	0.9983	5	0	0
萲	8432	5	0.4455	7.176	0.8973	5	0	0
萳	8433	5	0.4760	6.025	0.9869	3	0	0
萴	8434	5	0.4359	5.783	0.9297	3	0	0
萵	8435	5	0.4375	5.442	0.9771	3	0	0
萶	8436	5	0.4852	6.500	0.9704	3	0	0
萷	8437	5	0.4071	5.761	0.9624	4	0	0
萸	8438	5	0.4000	5.746	0.9323	4	0	0
萹	8439	5	0.4512	6.473	0.9520	3	0	0
萺	843A	5	0.3974	6.666	1.0023	3	0	0
萻	843B	5	0.3609	5.899	0.9551	2	0	0
萼	843C	5	0.3974	5.994	0.9839	5	0	0
落	843D	5	0.4092	6.216	0.9386	4	1	1
萾	843E	5	0.4482	6.332	0.9354	4	0	0
萿	843F	5	0.3926	5.603	0.9402	3	0	0
葀	8440	5	0.4439	5.538	0.9411	3	0	0
葁	8441	5	0.4290	6.938	0.9202	3	0	0
葂	8442	5	0.4631	6.423	0.9204	4	0	0
葃	8443	5	0.3985	5.004	0.9817	3	0	0
葄	8444	5	0.4169	5.344	0.9587	3	0	0
葅	8445	5	0.4053	5.728	0.9132	4	0	0
葆	8446	5	0.4231	5.732	0.9360	4	0	0
葇	8447	5	0.4379	6.750	0.8860	3	0	0
葈	8448	5	0.4038	6.653	0.9301	4	0	0
葉	8449	5	0.4453	6.317	0.9528	3	1	1
葊	844A	5	0.3639	6.163	0.9173	4	0	0
葋	844B	5	0.4290	6.072	0.9375	4	0	0
葌	844C	5	0.4541	7.331	0.8762	4	0	0
葍	844D	5	0.4519	6.519	0.8972	3	0	0
葎	844E	5	0.4423	6.212	0.9690	3	0	0
葏	844F	5	0.4320	6.227	0.9542	3	0	0
葐	8450	5	0.4216	5.672	0.9426	4	0	0
葑	8451	5	0.3905	5.395	0.9695	4	0	0
葒	8452	5	0.3585	5.655	0.9009	3	0	0
葓	8453	5	0.3708	5.694	0.9505	4	0	0
葔	8454	5	0.4349	6.235	0.9407	3	0	0
葕	8455	5	0.3369	5.345	0.9267	5	0	0
葖	8456	5	0.4098	6.463	0.9281	4	0	0
著	8457	5	0.4569	6.240	0.9291	3	1	1
葘	8458	5	0.4660	6.380	0.9073	2	0	0
葙	8459	5	0.4354	5.624	0.9669	3	0	0
葚	845A	5	0.4201	6.065	0.9561	4	0	0
葛	845B	5	0.4154	6.503	0.9595	5	1	1
葜	845C	5	0.4453	6.481	0.9199	3	0	0
葝	845D	5	0.4215	6.724	0.8845	7	0	0
葞	845E	5	0.4431	5.533	0.9368	3	0	0
葟	845F	5	0.4053	5.963	0.9610	3	0	0
葠	8460	5	0.3846	6.828	0.9514	3	0	0
葡	8461	5	0.4323	6.474	0.9635	3	1	1
葢	8462	5	0.4631	5.948	0.9325	4	0	0
董	8463	5	0.4586	6.790	0.9686	2	1	1
葤	8464	5	0.3595	5.876	0.9188	3	0	0
葥	8465	5	0.3772	5.749	0.9299	4	0	0
葦	8466	5	0.3958	6.468	0.9795	4	0	0
葧	8467	5	0.4246	6.191	0.9482	4	0	0
葨	8468	5	0.3891	6.500	0.9674	4	0	0
葩	8469	5	0.4431	5.514	0.9593	3	0	0
葪	846A	5	0.4154	5.908	0.9459	2	0	0
葫	846B	5	0.4487	5.511	0.9538	4	0	0
葬	846C	5	0.4246	6.544	0.9159	3	1	1
葭	846D	5	0.4431	6.062	0.9760	3	0	0
葮	846E	5	0.4186	6.311	0.9142	4	0	0
葯	846F	5	0.3942	6.288	0.9152	4	0	0
葰	8470	5	0.4246	6.735	0.9095	5	0	0
葱	8471	5	0.4031	6.428	0.9224	4	0	0
葲	8472	5	0.3785	6.121	0.9611	3	0	0
葳	8473	5	0.4497	6.981	0.9421	4	0	0
葴	8474	5	0.4408	6.413	0.9655	4	0	0
葵	8475	5	0.4142	6.486	0.9233	4	1	1
葶	8476	5	0.3920	6.095	0.9189	5	0	0
葷	8477	5	0.4471	6.540	0.9718	3	0	0
葸	8478	5	0.4631	6.048	0.9396	3	0	0
葹	8479	5	0.4364	6.558	0.9297	3	0	0
葺	847A	5	0.3985	6.184	0.9788	3	0	0
葻	847B	5	0.4201	6.514	0.9387	2	0	0
葼	847C	5	0.4423	7.063	0.8979	2	0	0
葽	847D	5	0.4408	6.811	0.9149	3	0	0
葾	847E	5	0.4247	6.651	0.9298	4	0	0
葿	847F	5	0.4769	6.316	1.0136	3	0	0
蒀	8480	5	0.4275	5.288	0.9674	3	0	0
蒁	8481	5	0.3800	6.252	0.8889	4	0	0
蒂	8482	5	0.4154	5.547	0.9453	3	1	1
蒃	8483	5	0.3926	6.987	0.9519	3	0	0
蒄	8484	5	0.4157	6.342	0.9248	3	0	0
蒅	8485	5	0.4068	6.534	0.9419	4	0	0
蒆	8486	5	0.4290	6.659	0.8952	5	0	0
蒇	8487	5	0.4290	6.737	0.9276	3	0	0
蒈	8488	5	0.4679	6.139	0.9576	3	0	0
蒉	8489	5	0.4024	6.308	0.9756	3	0	0
蒊	848A	5	0.4119	5.796	0.9638	5	0	0
蒋	848B	5	0.3654	6.120	0.9345	3	1	1
蒌	848C	5	0.4482	6.835	0.9229	3	0	0
蒍	848D	5	0.4108	6.069	0.9614	2	0	0
蒎	848E	5	0.3985	6.425	0.9254	3	0	0
蒏	848F	5	0.4679	6.846	0.9944	2	0	0
蒐	8490	5	0.4615	6.374	0.9150	2	0	0
蒑	8491	5	0.4523	6.797	0.9324	4	0	0
蒒	8492	5	0.4354	5.805	0.9976	4	0	0
蒓	8493	5	0.4262	6.593	0.9009	3	0	0
蒔	8494	5	0.4123	5.683	0.9691	4	0	0
蒕	8495	5	0.4541	5.579	0.9168	2	0	0
蒖	8496	5	0.3905	6.707	0.9634	4	0	0
蒗	8497	5	0.4308	6.314	0.9294	4	0	0
蒘	8498	5	0.4260	6.644	0.9581	4	0	0
蒙	8499	5	0.4535	7.614	0.9497	4	1	1
蒚	849A	5	0.4295	6.527	0.9521	2	0	0
蒛	849B	5	0.4172	5.938	0.9652	3	0	0
蒜	849C	5	0.3743	5.962	0.9387	3	0	0
蒝	849D	5	0.4000	6.241	0.9534	3	0	0
蒞	849E	5	0.3689	5.992	0.9208	4	0	0
蒟	849F	5	0.3802	6.081	0.9329	4	0	0
蒠	84A0	5	0.4407	6.253	0.9885	3	0	0
蒡	84A1	5	0.4631	6.248	0.9051	3	0	0
蒢	84A2	5	0.4169	6.456	0.9014	5	0	0
蒣	84A3	5	0.3802	6.188	0.9510	5	0	0
蒤	84A4	5	0.3646	6.061	0.9230	5	0	0
蒥	84A5	5	0.4327	6.465	0.9712	3	0	0
蒦	84A6	5	0.3994	7.261	0.9345	3	0	0
蒧	84A7	5	0.4334	6.428	0.9215	4	0	0
蒨	84A8	5	0.3746	6.498	0.9796	3	0	0
蒩	84A9	5	0.4660	5.966	0.9122	3	0	0
蒪	84AA	5	0.4215	6.578	0.9598	3	0	0
蒫	84AB	5	0.4704	6.006	0.9382	3	0	0
蒬	84AC	5	0.4320	6.669	0.8795	5	0	0
蒭	84AD	5	0.4554	6.930	0.9452	3	0	0
蒮	84AE	5	0.4723	6.348	0.9534	2	0	0
蒯	84AF	5	0.4508	6.443	0.9367	4	0	0
蒰	84B0	5	0.4231	6.670	0.9313	4	0	0
蒱	84B1	5	0.4734	6.285	0.9363	3	0	0
蒲	84B2	5	0.4408	6.310	0.9265	3	1	1
蒳	84B3	5	0.4119	6.791	0.8831	3	0	0
蒴	84B4	5	0.4246	6.184	0.9308	4	0	0
蒵	84B5	5	0.4523	7.640	0.8607	3	0	0
蒶	84B6	5	0.3892	6.787	0.8990	4	0	0
蒷	84B7	5	0.4054	6.862	0.9816	3	0	0
蒸	84B8	5	0.4031	6.687	0.9024	4	1	1
蒹	84B9	5	0.4246	7.103	0.9287	3	0	0
蒺	84BA	5	0.4290	6.530	0.9296	3	0	0
蒻	84BB	5	0.4645	7.167	0.9352	3	0	0
蒼	84BC	5	0.3862	6.851	0.9558	5	1	1
蒽	84BD	5	0.4308	6.529	0.9203	4	0	0
蒾	84BE	5	0.3994	6.623	0.8837	3	0	0
蒿	84BF	5	0.4487	6.471	1.0090	5	0	0
蓀	84C0	5	0.4098	6.607	0.9278	4	0	0
蓁	84C1	5	0.4482	7.394	0.9363	3	0	0
蓂	84C2	5	0.4295	6.532	0.9758	5	0	0
蓃	84C3	5	0.4323	6.360	0.9356	3	0	0
蓄	84C4	5	0.4599	7.040	0.9629	3	1	1
蓅	84C5	5	0.3908	6.289	0.8997	3	0	0
蓆	84C6	5	0.4519	6.024	0.9664	3	0	0
蓇	84C7	5	0.4263	5.899	0.9460	3	0	0
蓈	84C8	5	0.4400	5.998	0.9593	4	0	0
蓉	84C9	5	0.4400	6.378	0.9684	3	1	1
蓊	84CA	5	0.4311	7.427	0.8976	4	0	0
蓋	84CB	5	0.4892	6.170	0.9143	4	1	1
蓌	84CC	5	0.4776	7.149	0.9034	6	0	0
蓍	84CD	5	0.4135	7.526	0.9723	4	0	0
蓎	84CE	5	0.4467	6.705	0.9252	3	0	0
蓏	84CF	5	0.4453	7.442	0.9225	2	0	0
蓐	84D0	5	0.4201	7.284	0.9267	3	0	0
蓑	84D1	5	0.4053	6.978	0.9245	3	0	0
蓒	84D2	5	0.3923	5.521	0.9778	3	0	0
蓓	84D3	5	0.4142	5.706	0.9272	4	0	0
蓔	84D4	5	0.4092	5.886	0.9299	3	0	0
蓕	84D5	5	0.4200	5.718	0.9488	4	0	0
蓖	84D6	5	0.4569	6.884	0.8840	2	0	0
蓗	84D7	5	0.3994	6.010	0.9312	4	0	0
蓘	84D8	5	0.4024	7.073	0.9054	4	0	0
蓙	84D9	5	0.4408	6.611	0.8967	6	0	0
蓚	84DA	5	0.4009	6.948	0.9105	4	0	0
蓛	84DB	5	0.4290	6.380	0.9405	3	0	0
蓜	84DC	5	0.4769	6.430	0.8960	3	0	0
蓝	84DD	5	0.4038	5.201	0.9577	3	1	1
蓞	84DE	5	0.4087	5.917	0.9680	3	0	0
蓟	84DF	5	0.4400	5.924	0.9602	2	0	0
蓠	84E0	5	0.4815	6.756	0.9139	3	0	0
蓡	84E1	5	0.3846	7.147	0.9415	3	0	0
蓢	84E2	5	0.4446	5.984	0.9450	4	0	0
蓣	84E3	5	0.4098	6.434	0.9296	3	0	0
蓤	84E4	5	0.4053	6.733	0.9112	5	0	0
蓥	84E5	5	0.5000	6.384	0.9339	2	0	0
蓦	84E6	5	0.4112	7.426	0.9426	4	0	0
蓧	84E7	5	0.4098	6.860	0.9475	4	0	0
蓨	84E8	5	0.4201	6.548	0.9251	4	0	0
蓩	84E9	5	0.4512	7.131	0.8899	4	0	0
蓪	84EA	5	0.4571	7.048	0.9086	4	0	0
蓫	84EB	5	0.4077	6.946	0.9026	3	0	0
蓬	84EC	5	0.3905	7.612	0.8994	4	1	1
蓭	84ED	5	0.4734	6.883	0.9546	4	0	0
蓮	84EE	5	0.4512	7.024	0.9391	3	1	1
蓯	84EF	5	0.3728	6.197	0.8999	3	0	0
蓰	84F0	5	0.4024	5.966	0.9315	4	0	0
蓱	84F1	5	0.3595	5.693	0.9487	6	0	0
蓲	84F2	5	0.4024	6.113	0.9740	5	0	0
蓳	84F3	5	0.4260	6.543	0.9876	3	0	0
蓴	84F4	5	0.4246	7.300	0.9537	3	0	0
蓵	84F5	5	0.4497	6.854	0.9371	3	0	0
蓶	84F6	5	0.4462	5.662	0.9479	3	0	0
蓷	84F7	5	0.4431	5.839	0.9540	3	0	0
蓸	84F8	5	0.4647	6.993	0.9877	3	0	0
蓹	84F9	5	0.4663	6.610	0.9401	4	0	0
蓺	84FA	5	0.4112	6.529	0.9582	5	0	0
蓻	84FB	5	0.4231	6.144	0.9556	4	0	0
蓼	84FC	5	0.4053	7.572	0.9219	3	0	0
蓽	84FD	5	0.4453	6.644	0.9841	2	0	0
蓾	84FE	5	0.4824	6.960	0.9749	4	0	0
蓿	84FF	5	0.4585	6.137	0.9570	5	0	0
蔀	8500	5	0.4446	6.167	0.9272	4	0	0
蔁	8501	5	0.4467	6.720	0.9701	3	0	0
蔂	8502	5	0.4263	7.155	0.9346	3	0	0
蔃	8503	5	0.4679	6.460	0.9165	4	0	0
蔄	8504	5	0.4231	5.867	0.9505	3	0	0
蔅	8505	5	0.4763	6.624	0.9522	2	0	0
蔆	8506	5	0.4308	6.993	0.9030	5	0	0
蔇	8507	5	0.4600	6.426	0.9212	3	0	0
蔈	8508	5	0.4519	7.006	0.9429	3	0	0
蔉	8509	5	0.4123	6.757	0.9373	3	0	0
蔊	850A	5	0.4305	6.301	0.9614	4	0	0
蔋	850B	5	0.4123	6.579	0.9444	5	0	0
蔌	850C	5	0.4231	6.349	0.9298	3	0	0
蔍	850D	5	0.5015	6.651	0.9310	2	0	0
蔎	850E	5	0.3787	6.706	0.9384	4	0	0
蔏	850F	5	0.4467	6.511	0.9334	4	0	0
蔐	8510	5	0.4305	6.310	0.9448	3	0	0
蔑	8511	5	0.4601	6.615	0.8953	3	0	0
蔒	8512	5	0.3802	6.914	0.9346	4	0	0
蔓	8513	5	0.3970	7.535	0.9696	3	0	0
蔔	8514	5	0.4185	6.655	0.9731	4	0	0
蔕	8515	5	0.4692	6.454	0.9478	4	0	0
蔖	8516	5	0.3846	7.386	0.9190	3	0	0
蔗	8517	5	0.4000	6.019	0.9378	3	0	0
蔘	8518	5	0.3979	7.395	0.8660	3	0	0
蔙	8519	5	0.4231	6.529	0.9072	3	0	0
蔚	851A	5	0.4201	6.341	0.9310	3	0	0
蔛	851B	5	0.4231	6.269	0.9172	3	0	0
蔜	851C	5	0.4320	6.412	0.9288	4	0	0
蔝	851D	5	0.4369	6.058	0.9265	3	0	0
蔞	851E	5	0.4202	7.660	0.9541	3	0	0
蔟	851F	5	0.4275	6.609	0.8991	3	0	0
蔠	8520	5	0.4038	7.142	0.9102	4	0	0
蔡	8521	5	0.4216	7.120	0.9133	3	1	1
蔢	8522	5	0.4387	7.602	0.8905	4	0	0
蔣	8523	5	0.4009	6.423	0.9305	3	1	1
蔤	8524	5	0.4523	6.862	0.9055	4	0	0
蔥	8525	5	0.4260	6.949	0.8810	4	0	0
蔦	8526	5	0.3692	6.937	0.9719	3	0	0
蔧	8527	5	0.4320	6.914	0.9569	4	0	0
蔨	8528	5	0.5144	7.604	0.9615	4	0	0
蔩	8529	5	0.4247	6.662	0.9341	3	0	0
蔪	852A	5	0.4009	6.013	0.9818	3	0	0
蔫	852B	5	0.3615	7.031	0.9542	4	0	0
蔬	852C	5	0.3994	6.597	0.9336	3	0	0
蔭	852D	5	0.4031	7.301	0.9596	7	1	1
蔮	852E	5	0.4744	7.560	0.9507	4	0	0
蔯	852F	5	0.4738	6.793	0.9382	3	0	0
蔰	8530	5	0.4068	6.937	0.9453	3	0	0
蔱	8531	5	0.4142	6.972	0.9158	5	0	0
蔲	8532	5	0.4497	6.932	0.9030	2	0	0
蔳	8533	5	0.3698	6.620	0.9331	3	0	0
蔴	8534	5	0.4201	6.822	0.9478	4	0	0
蔵	8535	5	0.4302	6.785	0.9449	3	1	1
蔶	8536	5	0.4119	7.741	0.9817	3	0	0
蔷	8537	5	0.4431	6.569	1.0023	4	0	0
蔸	8538	5	0.3817	5.784	0.9476	3	0	0
蔹	8539	5	0.3920	6.567	0.9165	6	0	0
蔺	853A	5	0.4231	6.454	0.9865	2	0	0
蔻	853B	5	0.4492	6.852	0.9245	5	0	0
蔼	853C	5	0.4215	6.612	0.9443	6	0	0
蔽	853D	5	0.4174	7.050	0.9042	3	1	1
蔾	853E	5	0.4646	7.024	0.9216	3	0	0
蔿	853F	5	0.4477	7.146	0.8909	2	0	0
蕀	8540	5	0.4482	6.804	0.9384	3	0	0
蕁	8541	5	0.4024	7.284	0.9690	4	0	0
蕂	8542	5	0.4527	7.207	0.8939	3	0	0
蕃	8543	5	0.4808	6.808	0.8982	3	1	1
蕄	8544	5	0.4364	6.450	0.9661	3	0	0
蕅	8545	5	0.4292	6.455	0.9662	4	0	0
蕆	8546	5	0.4467	7.144	0.9179	3	0	0
蕇	8547	5	0.3891	6.351	0.9932	4	0	0
蕈	8548	5	0.4585	7.298	0.9856	4	0	0
蕉	8549	5	0.4199	6.551	0.9405	3	1	1
蕊	854A	5	0.3373	6.717	0.9075	4	0	0
蕋	854B	5	0.4338	5.798	0.9104	3	0	0
蕌	854C	5	0.4343	6.535	0.9637	4	0	0
蕍	854D	5	0.4031	6.748	0.9140	6	0	0
蕎	854E	5	0.3932	7.183	0.9779	6	0	0
蕏	854F	5	0.4793	6.769	0.9034	4	0	0
蕐	8550	5	0.4904	7.210	0.8984	3	0	0
蕑	8551	5	0.4334	6.373	0.9565	3	0	0
蕒	8552	5	0.4471	7.021	0.9555	3	0	0
蕓	8553	5	0.3942	7.710	0.9565	4	0	0
蕔	8554	5	0.4646	6.717	0.9549	4	0	0
蕕	8555	5	0.4754	7.274	0.9021	5	0	0
蕖	8556	5	0.4305	7.281	0.9376	4	0	0
蕗	8557	5	0.4349	6.323	0.9611	4	0	0
蕘	8558	5	0.4408	7.194	0.9382	5	0	0
蕙	8559	5	0.4904	7.523	0.9676	3	0	0
蕚	855A	5	0.3642	7.198	1.0010	6	0	0
蕛	855B	5	0.4615	6.578	0.9270	6	0	0
蕜	855C	5	0.4138	6.463	0.9306	3	0	0
蕝	855D	5	0.4320	6.833	0.9171	3	0	0
蕞	855E	5	0.4467	7.442	0.9425	4	0	0
蕟	855F	5	0.4354	7.343	0.9020	5	0	0
蕠	8560	5	0.4503	7.240	0.9031	4	0	0
蕡	8561	5	0.4038	7.383	0.9457	4	0	0
蕢	8562	5	0.3846	7.742	0.9190	3	0	0
蕣	8563	5	0.4677	6.963	0.8991	4	0	0
蕤	8564	5	0.4364	7.178	0.9270	3	0	0
蕥	8565	5	0.4749	6.314	0.9503	3	0	0
蕦	8566	5	0.3800	6.749	0.9680	3	0	0
蕧	8567	5	0.4024	7.112	0.9167	4	0	0
蕨	8568	5	0.4527	7.135	0.9078	5	0	0
蕩	8569	5	0.4062	7.041	0.9169	6	0	0
蕪	856A	5	0.4541	6.565	0.9373	3	0	0
蕫	856B	5	0.4327	7.046	0.9671	4	0	0
蕬	856C	5	0.3846	7.240	0.9058	3	0	0
蕭	856D	5	0.4292	7.105	0.9745	4	1	1
蕮	856E	5	0.4279	6.450	0.9593	3	0	0
蕯	856F	5	0.4477	7.501	0.8917	3	0	0
蕰	8570	5	0.4000	6.223	0.8728	4	0	0
蕱	8571	5	0.4554	6.416	0.8789	4	0	0
蕲	8572	5	0.3876	5.945	1.0028	5	0	0
蕳	8573	5	0.4138	6.293	0.9776	3	0	0
蕴	8574	5	0.4369	6.610	0.9417	4	0	0
蕵	8575	5	0.4015	6.867	0.9302	5	0	0
蕶	8576	5	0.3910	7.612	0.9217	5	0	0
蕷	8577	5	0.4142	6.836	0.9227	3	0	0
蕸	8578	5	0.4719	7.205	0.8969	4	0	0
蕹	8579	5	0.4763	7.021	0.9230	3	0	0
蕺	857A	5	0.4186	6.770	0.9346	4	0	0
蕻	857B	5	0.4231	6.547	0.9396	4	0	0
蕼	857C	5	0.4837	6.684	0.9638	3	0	0
蕽	857D	5	0.4615	7.896	0.9681	3	0	0
蕾	857E	5	0.4391	7.203	1.0080	3	1	1
蕿	857F	5	0.4541	7.817	0.8929	6	0	0
薀	8580	5	0.4379	6.563	0.9347	3	0	0
薁	8581	5	0.4615	7.434	0.8668	3	0	0
薂	8582	5	0.4308	6.689	0.9151	3	0	0
薃	8583	5	0.3964	6.891	0.9573	6	0	0
薄	8584	5	0.3985	7.054	0.9312	4	1	1
薅	8585	5	0.4316	7.733	0.9303	4	0	0
薆	8586	5	0.4952	7.715	0.8973	4	0	0
薇	8587	5	0.4142	7.053	0.9322	4	1	1
薈	8588	5	0.3935	7.310	0.9536	4	0	0
薉	8589	5	0.4630	7.424	0.8963	3	0	0
薊	858A	5	0.4354	6.282	0.9722	3	0	0
薋	858B	5	0.4053	7.893	0.9064	4	0	0
薌	858C	5	0.4723	7.380	0.9192	3	0	0
薍	858D	5	0.3969	7.223	0.8579	3	0	0
薎	858E	5	0.4952	7.467	0.8946	3	0	0
薏	858F	5	0.4599	7.330	0.9534	3	0	0
薐	8590	5	0.4497	7.158	0.9188	5	0	0
薑	8591	5	0.4323	8.165	0.9740	4	0	0
薒	8592	5	0.4334	7.208	0.9124	3	0	0
薓	8593	5	0.3815	7.883	0.9251	2	0	0
薔	8594	5	0.4585	7.363	0.9454	4	0	0
薕	8595	5	0.4615	7.521	0.9409	4	0	0
薖	8596	5	0.4053	6.510	0.9069	4	0	0
薗	8597	5	0.4984	7.458	0.9554	6	0	0
薘	8598	5	0.4415	7.001	0.9210	3	0	0
薙	8599	5	0.4586	6.344	0.9427	3	0	0
薚	859A	5	0.4438	7.619	0.9340	6	0	0
薛	859B	5	0.4369	5.926	0.9297	3	1	1
薜	859C	5	0.4393	5.967	0.9282	3	0	0
薝	859D	5	0.3860	8.149	0.9593	4	0	0
薞	859E	5	0.4154	7.001	0.9333	5	0	0
薟	859F	5	0.4038	6.534	0.9092	7	0	0
薠	85A0	5	0.4053	6.933	0.9459	3	0	0
薡	85A1	5	0.4015	6.415	0.9666	3	0	0
薢	85A2	5	0.4734	6.905	0.8992	3	0	0
薣	85A3	5	0.4127	6.729	0.9173	7	0	0
薤	85A4	5	0.4246	6.292	0.9169	2	0	0
薥	85A5	5	0.5128	6.650	0.9623	3	0	0
薦	85A6	5	0.4622	7.625	0.9509	3	1	1
薧	85A7	5	0.4054	8.188	0.9477	6	0	0
薨	85A8	5	0.4615	7.538	0.9174	3	0	0
薩	85A9	5	0.4252	7.572	0.9125	5	1	1
薪	85AA	5	0.4068	6.314	0.9231	4	1	1
薫	85AB	5	0.4569	8.387	0.9221	2	1	1
薬	85AC	5	0.4260	6.984	0.9307	4	1	1
薭	85AD	5	0.4275	6.379	0.9617	4	0	0
薮	85AE	5	0.4523	7.271	0.8781	4	0	0
薯	85AF	5	0.4508	7.255	0.9418	4	0	0
薰	85B0	5	0.4471	8.364	0.9484	2	0	0
薱	85B1	5	0.4068	6.310	0.9235	3	0	0
薲	85B2	5	0.4535	7.858	0.9195	3	0	0
薳	85B3	5	0.4068	7.144	0.9152	6	0	0
薴	85B4	5	0.4103	7.042	0.9601	4	0	0
薵	85B5	5	0.4053	8.461	0.9728	5	0	0
薶	85B6	5	0.4911	7.361	0.9118	4	0	0
薷	85B7	5	0.4423	7.344	0.9676	3	0	0
薸	85B8	5	0.4117	7.108	0.9599	4	0	0
薹	85B9	5	0.4317	8.635	0.9834	6	0	0
薺	85BA	5	0.4295	7.080	0.9295	3	0	0
薻	85BB	5	0.4092	7.616	0.9179	6	0	0
薼	85BC	5	0.4926	7.914	0.9113	3	0	0
薽	85BD	5	0.4911	7.031	0.9520	4	0	0
薾	85BE	5	0.4956	8.128	0.8470	3	0	0
薿	85BF	5	0.4778	7.483	0.8815	3	0	0
藀	85C0	5	0.4092	7.498	0.8882	3	0	0
藁	85C1	5	0.4083	8.123	0.9707	6	0	0
藂	85C2	5	0.4320	7.761	0.9193	4	0	0
藃	85C3	5	0.4277	7.016	0.9251	6	0	0
藄	85C4	5	0.4157	8.197	0.9337	4	0	0
藅	85C5	5	0.4519	6.785	0.9511	3	0	0
藆	85C6	5	0.4260	8.046	0.9322	3	0	0
藇	85C7	5	0.4305	6.373	0.9234	3	0	0
藈	85C8	5	0.4908	7.010	0.8878	5	0	0
藉	85C9	5	0.4763	6.644	0.9378	5	1	1
藊	85CA	5	0.5046	7.362	0.8964	4	0	0
藋	85CB	5	0.4952	7.624	0.9171	3	0	0
藌	85CC	5	0.5016	7.966	0.8964	4	0	0
藍	85CD	5	0.4453	6.100	0.9675	3	1	1
藎	85CE	5	0.4719	7.309	0.9419	3	0	0
藏	85CF	5	0.4719	7.298	0.9302	4	1	1
藐	85D0	5	0.4305	7.082	0.9025	4	0	0
藑	85D1	5	0.4423	8.173	0.9324	3	0	0
藒	85D2	5	0.4569	7.103	0.8896	2	0	0
藓	85D3	5	0.4231	6.403	0.9490	3	0	0
藔	85D4	5	0.4840	7.421	0.8772	5	0	0
藕	85D5	5	0.4749	7.056	0.9675	4	0	0
藖	85D6	5	0.4292	8.209	0.9387	4	0	0
藗	85D7	5	0.4334	7.395	0.8894	4	0	0
藘	85D8	5	0.4338	8.113	0.9491	4	0	0
藙	85D9	5	0.4571	7.654	0.8678	5	0	0
藚	85DA	5	0.4087	9.160	0.9510	4	0	0
藛	85DB	5	0.4696	7.390	0.9407	4	0	0
藜	85DC	5	0.4188	7.716	0.9073	4	0	0
藝	85DD	5	0.4112	8.446	0.8965	7	1	1
藞	85DE	5	0.4586	7.055	0.9268	4	0	0
藟	85DF	5	0.5096	6.863	0.9310	4	0	0
藠	85E0	5	0.4968	6.602	0.9222	4	0	0
藡	85E1	5	0.4438	7.263	0.9109	4	0	0
藢	85E2	5	0.4231	7.089	0.9413	3	0	0
藣	85E3	5	0.5062	7.770	0.9396	4	0	0
藤	85E4	5	0.4512	7.754	0.8937	3	1	1
藥	85E5	5	0.4497	7.722	0.9116	4	1	1
藦	85E6	5	0.4188	7.652	0.9377	5	0	0
藧	85E7	5	0.4888	8.274	0.8809	6	0	0
藨	85E8	5	0.4556	7.664	0.9382	3	0	0
藩	85E9	5	0.4523	7.105	0.9205	4	1	1
藪	85EA	5	0.4512	7.366	0.9200	4	0	0
藫	85EB	5	0.3969	7.300	0.9939	5	0	0
藬	85EC	5	0.4246	7.809	0.9465	4	0	0
藭	85ED	5	0.4338	7.704	0.9204	5	0	0
藮	85EE	5	0.4423	6.994	0.9459	4	0	0
藯	85EF	5	0.4108	7.358	0.9396	4	0	0
藰	85F0	5	0.4400	7.654	0.8574	3	0	0
藱	85F1	5	0.4527	7.481	0.9126	3	0	0
藲	85F2	5	0.4467	6.908	0.9186	6	0	0
藳	85F3	5	0.4000	8.661	0.9503	6	0	0
藴	85F4	5	0.4393	7.361	0.9196	4	0	0
藵	85F5	5	0.4615	7.784	0.9364	5	0	0
藶	85F6	5	0.4896	7.605	0.8699	5	0	0
藷	85F7	5	0.4290	6.961	0.9310	4	0	0
藸	85F8	5	0.4689	7.183	0.8942	4	0	0
藹	85F9	5	0.4385	7.378	0.9209	6	0	0
藺	85FA	5	0.4567	7.078	0.9892	3	0	0
藻	85FB	5	0.4108	6.923	0.9408	6	1	1
藼	85FC	5	0.4295	8.177	0.9814	3	0	0
藽	85FD	5	0.4882	7.060	0.8909	4	0	0
藾	85FE	5	0.4083	7.481	0.9357	4	0	0
藿	85FF	5	0.4583	8.118	0.9742	3	0	0
蘀	8600	5	0.4512	6.852	0.9654	5	0	0
蘁	8601	5	0.4675	6.996	0.9813	2	0	0
蘂	8602	5	0.4231	7.889	0.9068	5	0	0
蘃	8603	5	0.4734	7.096	0.9702	4	0	0
蘄	8604	5	0.4408	6.550	0.9865	2	0	0
蘅	8605	5	0.4438	6.899	0.9338	5	0	0
蘆	8606	5	0.4112	8.100	0.9521	3	1	1
蘇	8607	5	0.4438	7.053	0.9352	3	1	1
蘈	8608	5	0.4364	7.322	0.9324	4	0	0
蘉	8609	5	0.4677	8.791	0.9441	3	0	0
蘊	860A	5	0.4512	7.587	0.9075	3	0	0
蘋	860B	5	0.4320	7.108	0.9243	4	1	1
蘌	860C	5	0.4207	8.126	0.9265	5	0	0
蘍	860D	5	0.4246	7.986	0.9151	3	0	0
蘎	860E	5	0.4538	7.978	0.9282	4	0	0
蘏	860F	5	0.4646	7.535	0.9506	4	0	0
蘐	8610	5	0.4586	7.859	0.8956	6	0	0
蘑	8611	5	0.4985	7.958	0.8915	5	0	0
蘒	8612	5	0.4808	7.553	0.9319	4	0	0
蘓	8613	5	0.4645	6.918	0.9090	3	0	0
蘔	8614	5	0.4556	7.486	0.9351	4	0	0
蘕	8615	5	0.4800	8.383	0.8992	5	0	0
蘖	8616	5	0.4216	7.241	0.9402	4	0	0
蘗	8617	5	0.4379	7.337	0.9515	4	0	0
蘘	8618	5	0.4554	8.403	0.9360	3	0	0
蘙	8619	5	0.4663	9.196	0.8943	6	0	0
蘚	861A	5	0.4142	6.889	0.9269	3	0	0
蘛	861B	5	0.4763	7.493	0.9085	7	0	0
蘜	861C	5	0.4708	7.357	0.9352	4	0	0
蘝	861D	5	0.4053	7.019	0.9014	8	0	0
蘞	861E	5	0.4408	7.260	0.9007	8	0	0
蘟	861F	5	0.4323	8.672	0.9202	3	0	0
蘠	8620	5	0.4571	7.673	0.9299	5	0	0
蘡	8621	5	0.4756	8.137	0.9034	4	0	0
蘢	8622	5	0.4473	7.431	0.9540	2	0	0
蘣	8623	5	0.4053	6.556	0.9739	4	0	0
蘤	8624	5	0.4487	7.488	0.9082	2	0	0
蘥	8625	5	0.4662	7.096	0.9714	2	0	0
蘦	8626	5	0.4167	7.282	0.9899	3	0	0
蘧	8627	5	0.4260	8.610	0.8821	4	0	0
蘨	8628	5	0.4599	8.010	0.8958	4	0	0
蘩	8629	5	0.4538	8.581	0.8671	5	0	0
蘪	862A	5	0.4646	8.342	0.9366	3	0	0
蘫	862B	5	0.4231	7.082	0.9263	4	0	0
蘬	862C	5	0.4519	7.270	0.9924	5	0	0
蘭	862D	5	0.4792	7.827	0.9571	3	1	1
蘮	862E	5	0.4292	8.046	0.9343	3	0	0
蘯	862F	5	0.4438	7.825	0.9191	7	0	0
蘰	8630	5	0.4477	8.096	0.9194	4	0	0
蘱	8631	5	0.4512	7.822	0.8777	4	0	0
蘲	8632	5	0.5059	7.704	0.9835	5	0	0
蘳	8633	5	0.4305	6.850	0.9658	4	0	0
蘴	8634	5	0.4391	7.686	0.9900	5	0	0
蘵	8635	5	0.4719	7.534	0.9470	4	0	0
蘶	8636	5	0.4867	7.938	0.8995	4	0	0
蘷	8637	5	0.4808	8.742	0.9152	6	0	0
蘸	8638	5	0.5031	7.743	0.9325	4	0	0
蘹	8639	5	0.4415	8.065	0.9104	5	0	0
蘺	863A	5	0.4473	7.608	0.9247	4	0	0
蘻	863B	5	0.4647	9.117	0.8749	3	0	0
蘼	863C	5	0.4523	7.931	0.9351	5	0	0
蘽	863D	5	0.4808	7.899	0.9884	5	0	0
蘾	863E	5	0.4551	7.776	0.9307	5	0	0
蘿	863F	5	0.4646	7.767	0.9080	4	0	0
虀	8640	5	0.4290	7.915	0.9330	3	0	0
虁	8641	5	0.4201	9.033	0.9376	6	0	0
虂	8642	5	0.4533	8.457	0.9451	5	0	0
虃	8643	5	0.4738	7.969	0.9249	4	0	0
虄	8644	5	0.4808	8.623	0.8764	6	0	0
虅	8645	5	0.4601	8.010	0.9196	3	0	0
虆	8646	5	0.4660	8.795	0.9439	5	0	0
虇	8647	5	0.4696	7.414	0.9584	2	0	0
虈	8648	5	0.5308	7.515	0.9352	3	0	0
虉	8649	5	0.4415	8.206	0.9314	4	0	0
虊	864A	5	0.4645	9.298	0.9142	3	0	0
虋	864B	5	0.5062	9.859	0.8437	7	0	0
虌	864C	5	0.5046	8.852	0.9229	4	0	0
虍	864D	5	0.3108	4.327	0.9590	1	0	0
虎	864E	5	0.3702	5.411	0.9049	2	1	0
虏	864F	5	0.3985	5.785	0.9258	2	0	0
虐	8650	5	0.4455	6.104	0.9277	2	1	0
虑	8651	5	0.3536	5.835	0.9195	2	1	1
虒	8652	5	0.3935	6.524	0.9148	3	0	0
虓	8653	5	0.4053	6.197	0.9247	3	0	0
虔	8654	5	0.4246	6.199	0.9039	2	0	0
處	8655	5	0.4334	6.909	0.9381	3	1	1
虖	8656	5	0.4009	6.080	0.9363	2	0	0
虗	8657	5	0.4415	6.204	0.9061	2	0	0
虘	8658	5	0.3920	5.956	0.9589	2	0	0
虙	8659	5	0.4169	6.756	0.9107	2	0	0
虚	865A	5	0.4311	6.132	0.8845	2	1	1
虛	865B	5	0.4407	5.972	0.9129	2	1	1
虜	865C	5	0.4000	7.289	0.9325	3	1	1
虝	865D	5	0.4246	7.479	0.9385	4	0	0
虞	865E	5	0.3950	7.396	0.9314	3	1	1
號	865F	5	0.4320	6.518	0.9441	4	1	1
虠	8660	5	0.3935	6.947	0.9163	4	0	0
虡	8661	5	0.3969	6.717	0.9190	3	0	0
虢	8662	5	0.4098	7.073	0.9271	4	0	0
虣	8663	5	0.4275	7.370	0.9086	4	0	0
虤	8664	5	0.4379	7.447	0.9606	4	0	0
虥	8665	5	0.4393	8.014	0.9118	4	0	0
虦	8666	5	0.4277	7.865	0.8992	4	0	0
虧	8667	5	0.4186	6.629	0.9243	4	0	0
虨	8668	5	0.3580	6.897	0.9062	2	0	0
虩	8669	5	0.4112	7.312	0.9625	3	0	0
虪	866A	5	0.4778	9.550	0.8840	5	0	0
虫	866B	5	0.3308	4.132	0.9926	1	0	0
虬	866C	5	0.3240	4.373	0.9586	2	0	0
虭	866D	5	0.3969	5.154	0.9078	2	0	0
虮	866E	5	0.3831	5.130	0.9597	2	0	0
虯	866F	5	0.3629	4.386	0.9741	2	0	0
虰	8670	5	0.3092	4.336	0.9726	2	0	0
虱	8671	5	0.4138	5.159	0.9610	2	0	0
虲	8672	5	0.3662	4.359	0.9694	2	0	0
虳	8673	5	0.3262	5.175	0.9324	3	0	0
虴	8674	5	0.3654	5.043	0.9534	3	0	0
虵	8675	5	0.4127	5.800	0.9582	2	0	0
虶	8676	5	0.3536	4.593	0.9757	2	0	0
虷	8677	5	0.3358	4.587	0.9811	2	0	0
虸	8678	5	0.3476	4.761	0.9653	2	0	0
虹	8679	5	0.3231	4.262	0.9839	2	1	0
虺	867A	5	0.4112	5.528	0.9254	2	0	0
虻	867B	5	0.3462	4.540	0.9350	2	0	0
虼	867C	5	0.3521	5.383	0.9396	3	0	0
虽	867D	5	0.4350	4.795	0.9948	2	1	0
虾	867E	5	0.3417	4.529	0.9681	2	0	0
虿	867F	5	0.4617	5.418	0.9961	2	0	0
蚀	8680	5	0.3698	5.179	0.9618	2	0	0
蚁	8681	5	0.3713	5.669	0.9532	2	0	0
蚂	8682	5	0.3669	5.416	0.9657	2	0	0
蚃	8683	5	0.4012	6.037	0.9038	2	0	0
蚄	8684	5	0.3846	5.301	0.9360	2	0	0
蚅	8685	5	0.4024	5.976	0.9397	3	0	0
蚆	8686	5	0.4379	5.649	0.9429	2	0	0
蚇	8687	5	0.4009	5.317	0.9837	2	0	0
蚈	8688	5	0.3787	5.544	0.9365	3	0	0
蚉	8689	5	0.4615	6.041	0.9566	2	0	0
蚊	868A	5	0.3639	5.518	0.9514	2	0	0
蚋	868B	5	0.4231	5.664	0.9514	2	0	0
蚌	868C	5	0.3817	5.022	0.9810	2	0	0
蚍	868D	5	0.3669	5.728	0.9199	2	0	0
蚎	868E	5	0.4455	4.990	0.9648	2	0	0
蚏	868F	5	0.4492	5.108	0.9413	2	0	0
蚐	8690	5	0.3862	5.598	0.9255	3	0	0
蚑	8691	5	0.3905	5.740	0.9380	3	0	0
蚒	8692	5	0.3491	5.743	0.9610	2	0	0
蚓	8693	5	0.4054	5.172	0.9797	3	0	0
蚔	8694	5	0.4275	5.806	0.9639	2	0	0
蚕	8695	5	0.4523	5.767	0.9182	3	0	0
蚖	8696	5	0.3462	5.192	0.9408	3	0	0
蚗	8697	5	0.3846	5.500	0.9510	2	0	0
蚘	8698	5	0.3994	5.723	0.8971	2	0	0
蚙	8699	5	0.3151	5.340	0.9508	4	0	0
蚚	869A	5	0.3639	4.981	0.9494	2	0	0
蚛	869B	5	0.4092	4.824	0.9900	2	0	0
蚜	869C	5	0.3757	5.544	0.9529	2	0	0
蚝	869D	5	0.3802	5.568	0.9428	2	0	0
蚞	869E	5	0.3639	5.262	0.9429	2	0	0
蚟	869F	5	0.3877	4.670	0.9762	2	0	0
蚠	86A0	5	0.3954	5.908	0.9593	3	0	0
蚡	86A1	5	0.3757	5.695	0.9389	3	0	0
蚢	86A2	5	0.3521	5.354	0.9302	3	0	0
蚣	86A3	5	0.3580	5.768	0.9313	3	0	0
蚤	86A4	5	0.4528	6.281	0.9185	3	0	0
蚥	86A5	5	0.3417	5.874	0.9625	2	0	0
蚦	86A6	5	0.4172	5.401	0.9755	2	0	0
蚧	86A7	5	0.3284	5.346	0.9601	3	0	0
蚨	86A8	5	0.3624	5.243	0.9536	2	0	0
蚩	86A9	5	0.4471	5.680	0.9536	2	0	0
蚪	86AA	5	0.3402	5.087	0.9603	2	0	0
蚫	86AB	5	0.4142	6.002	0.9581	3	0	0
蚬	86AC	5	0.4186	5.922	0.9157	2	0	0
蚭	86AD	5	0.4024	5.991	0.9373	3	0	0
蚮	86AE	5	0.3846	6.043	0.9356	3	0	0
蚯	86AF	5	0.4046	5.015	0.9451	2	0	0
蚰	86B0	5	0.4200	5.303	0.9931	2	0	0
蚱	86B1	5	0.3698	4.885	0.9526	2	0	0
蚲	86B2	5	0.3476	5.332	0.9594	2	0	0
蚳	86B3	5	0.3905	6.047	0.9386	3	0	0
蚴	86B4	5	0.4200	6.601	0.9071	3	0	0
蚵	86B5	5	0.3639	5.398	1.0011	3	0	0
蚶	86B6	5	0.3861	5.211	1.0223	2	0	0
蚷	86B7	5	0.3905	5.201	0.9576	2	0	0
蚸	86B8	5	0.3757	5.484	0.9469	2	0	0
蚹	86B9	5	0.3935	5.639	0.9412	3	0	0
蚺	86BA	5	0.4186	5.658	0.9652	2	0	0
蚻	86BB	5	0.4015	5.674	0.8843	3	0	0
蚼	86BC	5	0.4031	5.638	0.9214	3	0	0
蚽	86BD	5	0.4046	5.414	0.9582	3	0	0
蚾	86BE	5	0.4169	6.401	0.9101	2	0	0
蚿	86BF	5	0.3787	5.926	0.9411	2	0	0
蛀	86C0	5	0.3877	4.855	0.9599	3	0	0
蛁	86C1	5	0.4231	5.832	0.9199	3	0	0
蛂	86C2	5	0.4231	6.316	0.9316	2	0	0
蛃	86C3	5	0.4157	6.057	0.9778	3	0	0
蛄	86C4	5	0.3950	5.091	0.9783	3	0	0
蛅	86C5	5	0.3683	4.889	1.0029	3	0	0
蛆	86C6	5	0.4453	5.234	0.9736	2	0	0
蛇	86C7	5	0.3580	5.390	0.9395	3	1	1
蛈	86C8	5	0.3757	5.822	0.9414	3	0	0
蛉	86C9	5	0.3521	5.722	0.9555	4	0	0
蛊	86CA	5	0.4323	4.891	0.9738	2	0	0
蛋	86CB	5	0.4492	5.793	0.9509	2	1	1
蛌	86CC	5	0.4127	6.602	0.9437	2	0	0
蛍	86CD	5	0.4043	5.521	0.9253	2	1	0
蛎	86CE	5	0.4157	6.035	0.9751	3	0	0
蛏	86CF	5	0.4169	5.961	0.9341	3	0	0
蛐	86D0	5	0.5077	6.011	0.9641	2	0	0
蛑	86D1	5	0.3846	5.779	0.9418	3	0	0
蛒	86D2	5	0.4260	6.023	0.9611	3	0	0
蛓	86D3	5	0.4423	6.217	0.9249	2	0	0
蛔	86D4	5	0.4262	5.830	1.0103	3	0	0
蛕	86D5	5	0.4112	5.741	0.9446	3	0	0
蛖	86D6	5	0.3935	6.910	0.9157	3	0	0
蛗	86D7	5	0.4712	6.329	0.9528	2	0	0
蛘	86D8	5	0.3654	5.351	0.9668	2	0	0
蛙	86D9	5	0.4123	5.179	0.9654	3	0	0
蛚	86DA	5	0.4431	6.196	0.9486	3	0	0
蛛	86DB	5	0.4009	5.827	0.9538	3	0	0
蛜	86DC	5	0.4172	5.924	0.9577	3	0	0
蛝	86DD	5	0.4541	6.326	0.9485	2	0	0
蛞	86DE	5	0.3876	5.519	0.9477	2	0	0
蛟	86DF	5	0.3609	6.210	0.9259	3	0	0
蛠	86E0	5	0.4354	6.822	0.8956	4	0	0
蛡	86E1	5	0.4354	6.230	0.9512	2	0	0
蛢	86E2	5	0.3683	5.636	0.9725	5	0	0
蛣	86E3	5	0.4024	5.399	0.9831	3	0	0
蛤	86E4	5	0.3876	5.690	0.9564	4	0	0
蛥	86E5	5	0.3757	6.417	0.9184	3	0	0
蛦	86E6	5	0.4305	6.615	0.9468	2	0	0
蛧	86E7	5	0.4692	6.973	0.9094	2	0	0
蛨	86E8	5	0.4689	5.676	0.9554	3	0	0
蛩	86E9	5	0.4308	6.053	0.8562	4	0	0
蛪	86EA	5	0.4760	6.288	0.9417	2	0	0
蛫	86EB	5	0.4260	6.327	0.9331	4	0	0
蛬	86EC	5	0.4482	5.852	0.9301	3	0	0
蛭	86ED	5	0.4068	5.659	0.9515	3	0	0
蛮	86EE	5	0.4311	6.051	0.9587	5	1	0
蛯	86EF	5	0.4112	6.041	0.9422	3	0	0
蛰	86F0	5	0.4662	6.364	0.8936	3	0	0
蛱	86F1	5	0.3846	6.064	0.9514	2	0	0
蛲	86F2	5	0.4083	6.447	0.9218	3	0	0
蛳	86F3	5	0.4186	6.781	0.9699	4	0	0
蛴	86F4	5	0.3743	5.822	0.9480	2	0	0
蛵	86F5	5	0.3979	6.412	0.9567	6	0	0
蛶	86F6	5	0.3757	6.100	0.9553	3	0	0
蛷	86F7	5	0.3994	6.236	0.9530	2	0	0
蛸	86F8	5	0.4364	6.076	0.9485	3	0	0
蛹	86F9	5	0.4662	6.257	0.9603	3	0	0
蛺	86FA	5	0.4053	6.389	0.9029	2	0	0
蛻	86FB	5	0.3876	6.115	0.9248	3	0	0
蛼	86FC	5	0.4364	5.788	0.9701	2	0	0
蛽	86FD	5	0.4569	5.986	0.9444	2	0	0
蛾	86FE	5	0.4423	6.956	0.9013	2	0	0
蛿	86FF	5	0.3831	6.240	0.9338	5	0	0
蜀	8700	5	0.5270	5.822	0.9670	2	1	1
蜁	8701	5	0.4112	6.102	0.9328	2	0	0
蜂	8702	5	0.4231	6.434	0.9475	3	1	1
蜃	8703	5	0.4815	7.072	0.9216	2	0	0
蜄	8704	5	0.4305	6.617	0.9709	2	0	0
蜅	8705	5	0.4497	6.351	0.9569	2	0	0
蜆	8706	5	0.4645	6.098	0.9523	2	0	0
蜇	8707	5	0.4334	6.197	0.9278	3	0	0
蜈	8708	5	0.4320	6.326	0.9575	3	0	0
蜉	8709	5	0.3817	6.156	0.9397	3	0	0
蜊	870A	5	0.4246	5.971	0.9253	3	0	0
蜋	870B	5	0.4201	6.218	0.9543	3	0	0
蜌	870C	5	0.4009	6.053	0.9499	3	0	0
蜍	870D	5	0.3905	6.260	0.9485	4	0	0
蜎	870E	5	0.4692	5.774	0.9589	3	0	0
蜏	870F	5	0.4186	6.558	0.9391	3	0	0
蜐	8710	5	0.4154	6.739	0.8998	4	0	0
蜑	8711	5	0.4778	7.238	0.8972	3	0	0
蜒	8712	5	0.4295	7.021	0.9130	3	0	0
蜓	8713	5	0.4098	6.727	0.9226	3	0	0
蜔	8714	5	0.4446	6.088	0.8952	3	0	0
蜕	8715	5	0.3846	5.933	0.9173	3	0	0
蜖	8716	5	0.5280	6.210	0.9790	3	0	0
蜗	8717	5	0.4415	6.240	0.9072	3	0	0
蜘	8718	5	0.4354	6.198	0.9271	3	0	0
蜙	8719	5	0.3891	6.946	0.9081	4	0	0
蜚	871A	5	0.4556	6.144	0.9452	2	0	0
蜛	871B	5	0.4482	6.282	0.9674	4	0	0
蜜	871C	5	0.4776	7.211	0.8696	3	1	1
蜝	871D	5	0.4216	6.480	0.9467	3	0	0
蜞	871E	5	0.4320	6.014	0.9592	3	0	0
蜟	871F	5	0.4349	6.530	0.9276	4	0	0
蜠	8720	5	0.5108	6.828	0.9362	3	0	0
蜡	8721	5	0.4127	5.931	0.9663	4	0	0
蜢	8722	5	0.4305	6.019	0.9578	3	0	0
蜣	8723	5	0.4053	6.284	0.9093	3	0	0
蜤	8724	5	0.4231	6.189	0.9135	3	0	0
蜥	8725	5	0.3979	6.433	0.9367	3	0	0
蜦	8726	5	0.4112	6.690	0.9428	4	0	0
蜧	8727	5	0.4385	6.509	0.9156	3	0	0
蜨	8728	5	0.4867	6.495	0.9474	2	0	0
蜩	8729	5	0.4785	6.405	0.9490	3	0	0
蜪	872A	5	0.4275	6.525	0.9402	3	0	0
蜫	872B	5	0.4186	6.466	0.9398	3	0	0
蜬	872C	5	0.4677	6.842	0.9316	3	0	0
蜭	872D	5	0.3892	5.885	0.9409	3	0	0
蜮	872E	5	0.4083	6.808	0.9407	3	0	0
蜯	872F	5	0.4482	6.467	0.9459	3	0	0
蜰	8730	5	0.5100	6.347	0.9763	3	0	0
蜱	8731	5	0.4157	5.875	0.9460	3	0	0
蜲	8732	5	0.4334	6.938	0.9038	3	0	0
蜳	8733	5	0.4157	6.107	0.9541	4	0	0
蜴	8734	5	0.4538	6.767	0.9320	4	0	0
蜵	8735	5	0.4262	6.345	0.9568	2	0	0
蜶	8736	5	0.3683	5.812	0.9529	3	0	0
蜷	8737	5	0.4290	6.897	0.9229	3	0	0
蜸	8738	5	0.4767	6.816	0.9190	3	0	0
蜹	8739	5	0.4083	6.274	0.9478	3	0	0
蜺	873A	5	0.3891	6.024	0.9401	3	0	0
蜻	873B	5	0.4453	6.451	0.9726	2	0	0
蜼	873C	5	0.4379	5.938	0.9456	2	0	0
蜽	873D	5	0.4320	7.383	0.9012	3	0	0
蜾	873E	5	0.4438	6.389	0.9782	2	0	0
蜿	873F	5	0.4379	6.772	0.9300	4	0	0
蝀	8740	5	0.4438	6.285	0.9607	2	0	0
蝁	8741	5	0.4933	6.127	0.9593	2	0	0
蝂	8742	5	0.4127	7.445	0.9479	4	0	0
蝃	8743	5	0.4453	7.722	0.9114	5	0	0
蝄	8744	5	0.4569	6.502	0.9580	3	0	0
蝅	8745	5	0.4769	6.316	0.9415	2	0	0
蝆	8746	5	0.3994	5.551	0.9838	3	0	0
蝇	8747	5	0.4763	6.115	0.9812	3	0	0
蝈	8748	5	0.5000	6.574	0.9762	3	0	0
蝉	8749	5	0.4334	6.284	0.9508	4	0	0
蝊	874A	5	0.4009	5.944	0.9414	3	0	0
蝋	874B	5	0.4334	6.526	0.9459	3	0	0
蝌	874C	5	0.4246	6.459	0.9378	3	0	0
蝍	874D	5	0.4554	6.417	0.9382	3	0	0
蝎	874E	5	0.4723	6.974	0.9193	5	0	0
蝏	874F	5	0.4112	6.056	0.9653	5	0	0
蝐	8750	5	0.4708	6.602	0.9633	3	0	0
蝑	8751	5	0.4808	6.704	0.9409	3	0	0
蝒	8752	5	0.4423	6.570	0.9923	2	0	0
蝓	8753	5	0.4408	7.468	0.9193	5	0	0
蝔	8754	5	0.4556	6.543	0.9170	3	0	0
蝕	8755	5	0.3994	6.227	0.9542	4	1	1
蝖	8756	5	0.4231	6.090	0.9631	5	0	0
蝗	8757	5	0.4538	6.059	0.9734	3	0	0
蝘	8758	5	0.4408	7.265	0.9551	4	0	0
蝙	8759	5	0.4808	6.908	0.9114	3	0	0
蝚	875A	5	0.4438	6.885	0.9078	3	0	0
蝛	875B	5	0.4453	7.619	0.9213	4	0	0
蝜	875C	5	0.4379	6.582	0.9145	3	0	0
蝝	875D	5	0.4364	7.135	0.9299	3	0	0
蝞	875E	5	0.5108	6.661	0.9029	3	0	0
蝟	875F	5	0.5138	6.415	0.9756	3	0	0
蝠	8760	5	0.4808	6.459	0.9884	3	0	0
蝡	8761	5	0.4645	6.639	0.9732	3	0	0
蝢	8762	5	0.4571	6.456	0.9323	2	0	0
蝣	8763	5	0.4438	6.639	0.9095	3	0	0
蝤	8764	5	0.4822	6.855	0.9454	4	0	0
蝥	8765	5	0.4477	7.160	0.9065	3	0	0
蝦	8766	5	0.4615	6.734	0.9368	3	1	1
蝧	8767	5	0.4216	6.330	0.9479	3	0	0
蝨	8768	5	0.4708	6.316	0.9392	3	0	0
蝩	8769	5	0.4704	6.609	0.9544	2	0	0
蝪	876A	5	0.4541	7.015	0.9486	5	0	0
蝫	876B	5	0.4438	6.220	0.9460	3	0	0
蝬	876C	5	0.4438	7.611	0.8844	2	0	0
蝭	876D	5	0.4541	6.484	0.9254	4	0	0
蝮	876E	5	0.4127	6.839	0.9110	3	0	0
蝯	876F	5	0.4571	7.345	0.8971	5	0	0
蝰	8770	5	0.4477	6.418	0.9217	4	0	0
蝱	8771	5	0.4172	6.099	0.9331	2	0	0
蝲	8772	5	0.4523	6.340	0.9637	3	0	0
蝳	8773	5	0.4862	6.710	0.9557	3	0	0
蝴	8774	5	0.4908	6.260	0.9305	4	0	0
蝵	8775	5	0.4431	6.768	0.9338	3	0	0
蝶	8776	5	0.4749	6.620	0.9208	3	1	1
蝷	8777	5	0.4060	6.583	0.9241	2	0	0
蝸	8778	5	0.4415	6.156	0.9481	3	0	0
蝹	8779	5	0.4954	6.050	0.9791	3	0	0
蝺	877A	5	0.4662	6.582	0.9108	2	0	0
蝻	877B	5	0.4704	6.718	0.9619	3	0	0
蝼	877C	5	0.4477	7.154	0.8925	3	0	0
蝽	877D	5	0.4586	6.287	0.9849	3	0	0
蝾	877E	5	0.4408	6.538	0.9235	3	0	0
蝿	877F	5	0.4926	6.577	0.9620	2	0	0
螀	8780	5	0.3974	7.091	0.9504	3	0	0
螁	8781	5	0.4320	7.036	0.9321	3	0	0
螂	8782	5	0.4364	7.114	0.9499	4	0	0
螃	8783	5	0.4119	6.391	0.9280	3	0	0
螄	8784	5	0.4260	6.909	1.0049	4	0	0
螅	8785	5	0.4009	6.458	0.9262	3	0	0
螆	8786	5	0.4142	7.446	0.8859	3	0	0
螇	8787	5	0.4260	7.471	0.8958	3	0	0
螈	8788	5	0.4586	6.861	0.9502	3	0	0
螉	8789	5	0.4083	7.567	0.9088	4	0	0
螊	878A	5	0.4763	7.062	0.9067	3	0	0
螋	878B	5	0.4438	6.797	0.9252	3	0	0
螌	878C	5	0.4305	7.416	0.9175	4	0	0
融	878D	5	0.4571	6.902	0.9195	2	1	1
螎	878E	5	0.4800	6.876	0.9633	2	0	0
螏	878F	5	0.4098	6.865	0.9160	3	0	0
螐	8790	5	0.4260	6.554	0.9185	3	0	0
螑	8791	5	0.4127	6.793	0.9483	3	0	0
螒	8792	5	0.4157	6.221	0.9861	3	0	0
螓	8793	5	0.4541	7.149	0.9280	3	0	0
螔	8794	5	0.4512	7.665	0.9208	4	0	0
螕	8795	5	0.4438	7.168	0.9068	2	0	0
螖	8796	5	0.4645	6.219	0.9215	3	0	0
螗	8797	5	0.4808	6.861	0.9195	3	0	0
螘	8798	5	0.4586	6.337	0.9347	5	0	0
螙	8799	5	0.4423	6.402	0.9252	2	0	0
螚	879A	5	0.5000	7.851	0.9055	3	0	0
螛	879B	5	0.4837	6.476	0.8998	3	0	0
螜	879C	5	0.4038	7.241	0.9813	2	0	0
螝	879D	5	0.4911	6.779	0.9248	2	0	0
螞	879E	5	0.4508	6.602	0.9347	2	0	0
螟	879F	5	0.4068	6.611	0.9517	5	0	0
螠	87A0	5	0.4157	6.780	0.9372	3	0	0
螡	87A1	5	0.4473	6.724	0.9174	2	0	0
螢	87A2	5	0.4679	7.337	0.8865	2	1	1
螣	87A3	5	0.4808	7.476	0.9080	2	0	0
螤	87A4	5	0.4749	6.859	0.9476	3	0	0
螥	87A5	5	0.4569	6.723	0.9060	5	0	0
螦	87A6	5	0.4202	7.274	0.9143	3	0	0
螧	87A7	5	0.4882	6.918	0.9395	4	0	0
螨	87A8	5	0.4800	7.033	0.9057	2	0	0
螩	87A9	5	0.3831	7.688	0.9205	4	0	0
螪	87AA	5	0.4186	7.210	0.8962	4	0	0
螫	87AB	5	0.4754	7.229	0.9220	3	0	0
螬	87AC	5	0.4837	6.977	0.9922	3	0	0
螭	87AD	5	0.4556	7.418	0.9369	3	0	0
螮	87AE	5	0.4527	6.798	0.9533	4	0	0
螯	87AF	5	0.4349	7.348	0.9266	4	0	0
螰	87B0	5	0.4749	7.115	0.9405	2	0	0
螱	87B1	5	0.3861	7.278	0.9631	3	0	0
螲	87B2	5	0.4662	6.924	0.9025	5	0	0
螳	87B3	5	0.4615	6.208	0.9489	3	0	0
螴	87B4	5	0.4354	7.346	0.9310	3	0	0
螵	87B5	5	0.4793	7.004	0.9281	3	0	0
螶	87B6	5	0.4492	6.734	0.9720	2	0	0
螷	87B7	5	0.4492	7.348	0.9529	4	0	0
螸	87B8	5	0.4585	7.451	0.8880	3	0	0
螹	87B9	5	0.3979	6.940	1.0086	3	0	0
螺	87BA	5	0.4708	7.238	0.9226	3	1	1
螻	87BB	5	0.4630	7.216	0.9595	3	0	0
螼	87BC	5	0.4908	6.497	0.9766	3	0	0
螽	87BD	5	0.3950	7.212	0.9254	3	0	0
螾	87BE	5	0.4477	6.821	0.9406	3	0	0
螿	87BF	5	0.4215	7.433	0.9486	3	0	0
蟀	87C0	5	0.4038	7.051	0.9136	2	0	0
蟁	87C1	5	0.4446	7.121	0.9099	2	0	0
蟂	87C2	5	0.4127	7.315	0.9490	3	0	0
蟃	87C3	5	0.4246	7.297	0.9137	3	0	0
蟄	87C4	5	0.4379	7.077	0.9300	4	0	0
蟅	87C5	5	0.4186	6.798	0.9222	3	0	0
蟆	87C6	5	0.4305	6.678	0.9561	4	0	0
蟇	87C7	5	0.4259	7.238	0.9583	4	0	0
蟈	87C8	5	0.5154	7.657	0.9279	4	0	0
蟉	87C9	5	0.4186	7.894	0.9184	3	0	0
蟊	87CA	5	0.4822	6.968	0.8970	2	0	0
蟋	87CB	5	0.4201	7.344	0.9165	3	0	0
蟌	87CC	5	0.4462	7.464	0.9113	4	0	0
蟍	87CD	5	0.4364	7.050	0.9384	4	0	0
蟎	87CE	5	0.4615	7.211	0.9197	2	0	0
蟏	87CF	5	0.4216	7.333	0.9546	6	0	0
蟐	87D0	5	0.4127	6.409	0.9721	3	0	0
蟑	87D1	5	0.4246	6.613	0.9422	3	0	0
蟒	87D2	5	0.4379	6.663	0.9408	3	0	0
蟓	87D3	5	0.4245	7.322	0.9130	3	0	0
蟔	87D4	5	0.4556	7.387	0.9502	2	0	0
蟕	87D5	5	0.4060	7.125	0.9362	4	0	0
蟖	87D6	5	0.4467	7.048	0.9227	4	0	0
蟗	87D7	5	0.4263	8.288	0.9935	5	0	0
蟘	87D8	5	0.4186	7.490	0.9012	4	0	0
蟙	87D9	5	0.4793	7.491	0.8970	3	0	0
蟚	87DA	5	0.4000	7.516	0.9610	6	0	0
蟛	87DB	5	0.4172	6.929	0.9408	6	0	0
蟜	87DC	5	0.4473	7.034	0.9434	6	0	0
蟝	87DD	5	0.4408	7.175	0.9301	4	0	0
蟞	87DE	5	0.4031	7.657	0.9384	3	0	0
蟟	87DF	5	0.4586	6.858	0.9282	4	0	0
蟠	87E0	5	0.4734	7.244	0.9265	3	0	0
蟡	87E1	5	0.4728	7.550	0.8437	2	0	0
蟢	87E2	5	0.4453	6.962	0.9416	6	0	0
蟣	87E3	5	0.4689	8.644	0.8702	3	0	0
蟤	87E4	5	0.4763	7.163	0.8993	5	0	0
蟥	87E5	5	0.4675	6.889	0.9295	2	0	0
蟦	87E6	5	0.4423	7.221	0.9241	4	0	0
蟧	87E7	5	0.4246	7.676	0.9220	3	0	0
蟨	87E8	5	0.4864	7.374	0.8978	5	0	0
蟩	87E9	5	0.4896	7.999	0.9016	5	0	0
蟪	87EA	5	0.4438	7.298	0.9270	3	0	0
蟫	87EB	5	0.4379	6.938	0.9682	4	0	0
蟬	87EC	5	0.4571	6.552	0.9920	4	0	0
蟭	87ED	5	0.4482	7.014	0.9187	3	0	0
蟮	87EE	5	0.4837	7.022	0.9366	4	0	0
蟯	87EF	5	0.4660	6.971	0.9324	5	0	0
蟰	87F0	5	0.4379	7.582	0.9613	4	0	0
蟱	87F1	5	0.4660	7.161	0.9372	3	0	0
蟲	87F2	5	0.4719	6.748	0.9290	2	1	1
蟳	87F3	5	0.3989	6.909	0.9492	4	0	0
蟴	87F4	5	0.4053	6.847	0.9521	4	0	0
蟵	87F5	5	0.3831	7.393	0.9651	3	0	0
蟶	87F6	5	0.4556	6.776	0.9536	4	0	0
蟷	87F7	5	0.4831	6.833	0.9329	3	0	0
蟸	87F8	5	0.5154	7.812	0.9284	2	0	0
蟹	87F9	5	0.4615	7.629	0.8796	3	1	1
蟺	87FA	5	0.4438	7.285	0.9607	4	0	0
蟻	87FB	5	0.4772	7.957	0.8664	3	0	0
蟼	87FC	5	0.4822	7.258	0.8796	5	0	0
蟽	87FD	5	0.4274	6.941	0.9095	3	0	0
蟾	87FE	5	0.4305	7.692	0.9200	4	0	0
蟿	87FF	5	0.4586	8.001	0.9326	2	0	0
蠀	8800	5	0.4157	7.687	0.9282	4	0	0
蠁	8801	5	0.4586	7.891	0.9090	3	0	0
蠂	8802	5	0.4571	7.069	0.9222	4	0	0
蠃	8803	5	0.3817	7.697	0.9677	2	0	0
蠄	8804	5	0.4068	7.863	0.9171	4	0	0
蠅	8805	5	0.5015	6.824	0.9525	2	0	0
蠆	8806	5	0.4519	8.183	0.9626	4	0	0
蠇	8807	5	0.4586	6.913	0.9875	4	0	0
蠈	8808	5	0.4585	7.706	0.8920	4	0	0
蠉	8809	5	0.4896	7.287	0.9131	3	0	0
蠊	880A	5	0.5015	7.796	0.9127	4	0	0
蠋	880B	5	0.4800	7.050	0.9204	3	0	0
蠌	880C	5	0.5077	6.923	0.8947	4	0	0
蠍	880D	5	0.4038	8.048	0.9107	6	0	0
蠎	880E	5	0.4660	6.889	0.9156	5	0	0
蠏	880F	5	0.4467	7.813	0.9373	3	0	0
蠐	8810	5	0.4216	7.397	0.9212	3	0	0
蠑	8811	5	0.4467	7.913	0.9186	3	0	0
蠒	8812	5	0.4800	8.010	0.9019	3	0	0
蠓	8813	5	0.4573	7.911	0.9173	5	0	0
蠔	8814	5	0.3989	8.019	0.9429	5	0	0
蠕	8815	5	0.4601	7.450	0.9353	3	0	0
蠖	8816	5	0.4704	7.517	0.9133	4	0	0
蠗	8817	5	0.4708	7.587	0.9412	3	0	0
蠘	8818	5	0.4956	7.529	0.9151	3	0	0
蠙	8819	5	0.4157	7.548	0.9223	3	0	0
蠚	881A	5	0.4556	7.678	0.9418	4	0	0
蠛	881B	5	0.4852	7.549	0.9025	4	0	0
蠜	881C	5	0.4763	8.043	0.8632	5	0	0
蠝	881D	5	0.4600	7.350	0.9537	4	0	0
蠞	881E	5	0.4400	7.874	0.9326	4	0	0
蠟	881F	5	0.4364	9.097	0.8752	7	0	0
蠠	8820	5	0.4231	6.913	0.9952	2	0	0
蠡	8821	5	0.4127	8.628	0.9382	3	0	0
蠢	8822	5	0.4334	8.457	0.9346	3	0	0
蠣	8823	5	0.4778	7.888	0.9410	5	0	0
蠤	8824	5	0.4423	7.681	0.9640	4	0	0
蠥	8825	5	0.4541	7.533	0.9011	4	0	0
蠦	8826	5	0.4852	7.736	0.9024	3	0	0
蠧	8827	5	0.4260	8.450	0.9718	2	0	0
蠨	8828	5	0.4645	7.875	0.9621	5	0	0
蠩	8829	5	0.4467	7.260	0.9404	4	0	0
蠪	882A	5	0.4009	8.336	0.9758	2	0	0
蠫	882B	5	0.4053	7.694	0.9248	2	0	0
蠬	882C	5	0.4586	7.745	0.9187	2	0	0
蠭	882D	5	0.4438	9.095	0.8796	4	0	0
蠮	882E	5	0.4430	8.841	0.9256	6	0	0
蠯	882F	5	0.4453	7.759	0.9716	4	0	0
蠰	8830	5	0.4749	7.716	0.9322	3	0	0
蠱	8831	5	0.4808	7.386	0.9660	3	0	0
蠲	8832	5	0.5000	8.075	0.9044	4	0	0
蠳	8833	5	0.4778	8.077	0.9071	4	0	0
蠴	8834	5	0.4556	7.479	0.9746	5	0	0
蠵	8835	5	0.4723	8.042	0.9181	5	0	0
蠶	8836	5	0.4800	8.337	0.9578	4	0	0
蠷	8837	5	0.5015	7.643	0.9712	3	0	0
蠸	8838	5	0.4704	7.482	0.9381	5	0	0
蠹	8839	5	0.4438	8.845	0.9718	4	0	0
蠺	883A	5	0.4723	8.187	0.9361	3	0	0
蠻	883B	5	0.4087	8.719	0.8966	2	0	0
蠼	883C	5	0.4985	8.642	0.8955	4	0	0
蠽	883D	5	0.4512	8.782	0.8869	2	0	0
蠾	883E	5	0.4408	9.160	0.9258	4	0	0
蠿	883F	5	0.4689	9.896	0.8511	2	0	0
血	8840	5	0.3569	3.794	1.0071	2	0	0
衁	8841	5	0.3802	4.306	1.0005	3	0	0
衂	8842	5	0.4497	6.333	0.9422	4	0	0
衃	8843	5	0.3491	5.577	0.9655	3	0	0
衄	8844	5	0.4541	5.902	0.9580	3	0	0
衅	8845	5	0.3757	5.871	0.9658	3	0	0
衆	8846	5	0.3861	6.025	0.9319	3	1	0
衇	8847	5	0.4127	6.928	0.9549	3	0	0
衈	8848	5	0.4749	5.851	0.9860	3	0	0
衉	8849	5	0.4349	6.513	0.9448	4	0	0
衊	884A	5	0.4719	8.016	0.9596	5	0	0
衋	884B	5	0.4615	9.095	0.9812	7	0	0
行	884C	5	0.2515	3.812	0.9382	3	0	0
衍	884D	5	0.2796	4.688	0.9354	4	1	0
衎	884E	5	0.3225	4.557	0.9749	4	0	0
衏	884F	5	0.3388	5.302	0.9358	5	0	0
衐	8850	5	0.3491	5.176	0.9549	4	0	0
衑	8851	5	0.3269	5.580	0.9270	6	0	0
衒	8852	5	0.3595	5.774	0.9126	4	0	0
術	8853	5	0.3314	5.849	0.9283	5	1	0
衔	8854	5	0.3254	5.238	0.9619	4	1	1
衕	8855	5	0.4098	6.337	0.9711	5	0	0
衖	8856	5	0.3314	5.636	0.9418	5	0	0
街	8857	5	0.3550	5.278	0.9401	5	1	1
衘	8858	5	0.3802	5.575	0.9176	4	0	0
衙	8859	5	0.3846	5.631	0.9630	5	0	0
衚	885A	5	0.3920	6.616	0.9476	6	0	0
衛	885B	5	0.4068	6.133	0.9460	6	1	1
衜	885C	5	0.4098	5.955	0.9139	4	0	0
衝	885D	5	0.4260	6.464	0.9640	4	1	1
衞	885E	5	0.4024	6.325	0.9639	4	0	0
衟	885F	5	0.4127	6.970	0.9271	4	0	0
衠	8860	5	0.3891	6.840	0.9278	6	0	0
衡	8861	5	0.4024	6.324	0.9042	4	1	1
衢	8862	5	0.4423	7.221	0.9348	5	0	0
衣	8863	5	0.3003	4.573	0.9378	1	0	0
衤	8864	5	0.2897	3.716	0.9330	1	0	0
补	8865	5	0.2825	4.144	0.9049	2	1	0
衦	8866	5	0.2840	4.173	0.9677	2	0	0
衧	8867	5	0.2855	4.284	0.9428	2	0	0
表	8868	5	0.3831	5.620	0.9581	2	1	0
衩	8869	5	0.3550	5.891	0.9358	3	0	0
衪	886A	5	0.3728	5.600	0.8997	2	0	0
衫	886B	5	0.2815	4.903	0.9167	2	0	0
衬	886C	5	0.2885	4.446	0.9213	2	0	0
衭	886D	5	0.3432	5.207	0.9233	2	0	0
衮	886E	5	0.3432	6.378	0.9162	3	0	0
衯	886F	5	0.3491	5.473	0.9260	3	0	0
衰	8870	5	0.4053	5.921	0.9517	2	1	0
衱	8871	5	0.3772	6.075	0.9148	2	0	0
衲	8872	5	0.3908	5.251	0.9301	2	0	0
衳	8873	5	0.3092	5.454	0.9309	3	0	0
衴	8874	5	0.3417	5.077	0.8901	2	0	0
衵	8875	5	0.3894	4.768	0.9419	2	0	0
衶	8876	5	0.3492	4.525	0.9582	2	0	0
衷	8877	5	0.3954	5.533	0.9564	2	0	0
衸	8878	5	0.2906	5.071	0.9181	3	0	0
衹	8879	5	0.3590	5.548	0.9106	2	0	0
衺	887A	5	0.4015	6.278	0.9581	2	0	0
衻	887B	5	0.3831	5.212	0.9599	2	0	0
衼	887C	5	0.3491	5.449	0.9105	3	0	0
衽	887D	5	0.3077	4.736	0.9455	3	0	0
衾	887E	5	0.3639	6.298	0.9006	4	0	0
衿	887F	5	0.2929	5.093	0.9302	4	0	0
袀	8880	5	0.3277	5.292	0.9034	3	0	0
袁	8881	5	0.3920	5.821	0.9647	4	1	0
袂	8882	5	0.3565	5.288	0.9345	2	0	0
袃	8883	5	0.3861	6.162	0.9363	3	0	0
袄	8884	5	0.3254	5.163	0.9199	3	0	0
袅	8885	5	0.3950	6.101	0.9551	2	0	0
袆	8886	5	0.3521	5.067	0.9715	2	0	0
袇	8887	5	0.3284	5.462	0.9155	2	0	0
袈	8888	5	0.4142	6.219	0.9570	3	0	0
袉	8889	5	0.3299	5.158	0.9059	3	0	0
袊	888A	5	0.3018	5.393	0.9378	4	0	0
袋	888B	5	0.3920	6.406	0.9120	3	1	0
袌	888C	5	0.4186	6.712	0.9370	3	0	0
袍	888D	5	0.3831	5.769	0.8867	3	0	0
袎	888E	5	0.3892	6.321	0.8952	3	0	0
袏	888F	5	0.3432	5.184	0.9496	3	0	0
袐	8890	5	0.3609	6.107	0.8943	2	0	0
袑	8891	5	0.3785	5.512	0.9389	3	0	0
袒	8892	5	0.3506	5.265	0.9572	3	0	0
袓	8893	5	0.3704	5.360	0.9421	2	0	0
袔	8894	5	0.3373	5.082	0.9423	3	0	0
袕	8895	5	0.3077	5.168	0.9043	3	0	0
袖	8896	5	0.4138	5.042	0.9382	2	1	0
袗	8897	5	0.2988	5.663	0.9260	2	0	0
袘	8898	5	0.3476	5.943	0.8996	2	0	0
袙	8899	5	0.3785	4.878	0.9427	2	0	0
袚	889A	5	0.3772	6.141	0.9235	2	0	0
袛	889B	5	0.3565	5.800	0.9116	3	0	0
袜	889C	5	0.3506	5.322	0.9331	2	0	0
袝	889D	5	0.3432	5.360	0.9112	3	0	0
袞	889E	5	0.3905	6.142	0.9320	2	0	0
袟	889F	5	0.3521	5.505	0.9181	3	0	0
袠	88A0	5	0.4112	6.879	0.9086	3	0	0
袡	88A1	5	0.3654	5.361	0.9543	2	0	0
袢	88A2	5	0.3225	5.068	0.9389	2	0	0
袣	88A3	5	0.3920	5.500	0.9510	2	0	0
袤	88A4	5	0.4068	6.749	0.8805	2	0	0
袥	88A5	5	0.3631	5.156	0.9225	2	0	0
袦	88A6	5	0.3615	5.206	0.9295	3	0	0
袧	88A7	5	0.3523	5.298	0.8972	3	0	0
袨	88A8	5	0.3506	5.726	0.9139	2	0	0
袩	88A9	5	0.3338	4.591	0.9290	3	0	0
袪	88AA	5	0.3506	5.349	0.9222	3	0	0
被	88AB	5	0.4083	6.226	0.9105	2	1	1
袬	88AC	5	0.3683	6.228	0.9325	3	0	0
袭	88AD	5	0.4334	6.788	0.9207	2	1	1
袮	88AE	5	0.3225	5.326	0.9125	3	0	0
袯	88AF	5	0.3831	6.428	0.9245	4	0	0
袰	88B0	5	0.4576	6.868	0.9025	2	0	0
袱	88B1	5	0.3757	5.899	0.9201	3	0	0
袲	88B2	5	0.3769	7.178	0.9314	3	0	0
袳	88B3	5	0.3521	6.132	0.8624	3	0	0
袴	88B4	5	0.3713	5.775	0.9098	4	0	0
袵	88B5	5	0.3291	5.484	0.9291	4	0	0
袶	88B6	5	0.3728	5.965	0.9060	3	0	0
袷	88B7	5	0.3521	5.333	0.9195	4	0	0
袸	88B8	5	0.3609	5.615	0.9041	3	0	0
袹	88B9	5	0.3787	5.469	0.9143	3	0	0
袺	88BA	5	0.3595	5.205	0.9462	3	0	0
袻	88BB	5	0.4077	6.059	0.8815	2	0	0
袼	88BC	5	0.3860	6.111	0.9131	3	0	0
袽	88BD	5	0.3923	6.012	0.9370	3	0	0
袾	88BE	5	0.3683	5.644	0.9363	3	0	0
袿	88BF	5	0.3447	5.212	0.9514	3	0	0
裀	88C0	5	0.4446	6.185	0.9192	3	0	0
裁	88C1	5	0.4068	6.611	0.9129	2	1	1
裂	88C2	5	0.4201	6.848	0.8972	3	1	1
裃	88C3	5	0.3195	4.837	0.9280	2	0	0
裄	88C4	5	0.3018	5.255	0.9155	4	0	0
装	88C5	5	0.3728	6.120	0.9175	3	1	0
裆	88C6	5	0.3738	5.564	0.9002	3	0	0
裇	88C7	5	0.3831	6.024	0.9577	3	0	0
裈	88C8	5	0.3817	5.678	0.9145	3	0	0
裉	88C9	5	0.4009	6.049	0.9473	2	0	0
裊	88CA	5	0.3905	7.372	0.9119	2	0	0
裋	88CB	5	0.3624	5.687	0.8993	4	0	0
裌	88CC	5	0.3565	6.092	0.9048	2	0	0
裍	88CD	5	0.4508	6.303	0.9232	3	0	0
裎	88CE	5	0.3618	5.553	0.9703	3	0	0
裏	88CF	5	0.4467	7.209	0.9310	3	1	1
裐	88D0	5	0.4292	5.655	0.9421	3	0	0
裑	88D1	5	0.4123	5.899	0.9200	2	0	0
裒	88D2	5	0.4108	6.088	0.9717	2	0	0
裓	88D3	5	0.3905	6.605	0.9092	3	0	0
裔	88D4	5	0.4338	6.939	0.9537	3	1	1
裕	88D5	5	0.3683	5.867	0.9272	2	1	1
裖	88D6	5	0.4024	6.408	0.9543	2	0	0
裗	88D7	5	0.3536	6.260	0.8939	2	0	0
裘	88D8	5	0.4157	7.083	0.8825	2	0	0
裙	88D9	5	0.4231	5.832	0.9629	3	0	0
裚	88DA	5	0.4142	6.429	0.9214	3	0	0
裛	88DB	5	0.3846	7.265	0.9502	2	0	0
補	88DC	5	0.4438	6.245	0.9248	2	1	1
裝	88DD	5	0.4201	6.308	0.9451	3	1	1
裞	88DE	5	0.3595	5.771	0.9030	3	0	0
裟	88DF	5	0.3506	6.791	0.8989	4	0	0
裠	88E0	5	0.4154	7.194	0.9287	3	0	0
裡	88E1	5	0.4320	5.880	0.9517	3	1	1
裢	88E2	5	0.3891	6.216	0.9002	3	0	0
裣	88E3	5	0.3580	6.015	0.9304	5	0	0
裤	88E4	5	0.4098	6.134	0.9248	3	0	0
裥	88E5	5	0.4169	5.942	0.9355	3	0	0
裦	88E6	5	0.3831	6.920	0.9365	3	0	0
裧	88E7	5	0.3284	6.490	0.9126	3	0	0
裨	88E8	5	0.4038	5.716	0.9337	3	0	0
裩	88E9	5	0.4201	6.206	0.9296	3	0	0
裪	88EA	5	0.3669	6.134	0.9594	3	0	0
裫	88EB	5	0.4631	6.078	0.9462	2	0	0
裬	88EC	5	0.3891	6.647	0.9027	4	0	0
裭	88ED	5	0.4112	6.610	0.9020	3	0	0
裮	88EE	5	0.4492	5.968	0.9800	3	0	0
裯	88EF	5	0.4431	6.288	0.9528	3	0	0
裰	88F0	5	0.4098	7.563	0.8944	5	0	0
裱	88F1	5	0.4046	6.209	0.9279	3	0	0
裲	88F2	5	0.4354	7.053	0.8735	3	0	0
裳	88F3	5	0.4320	6.503	0.9021	2	0	0
裴	88F4	5	0.4172	6.546	0.9459	2	1	1
裵	88F5	5	0.3769	6.760	0.9303	2	0	0
裶	88F6	5	0.3639	5.259	0.9324	2	0	0
裷	88F7	5	0.3994	6.613	0.8695	3	0	0
裸	88F8	5	0.4423	6.212	0.9435	2	1	1
裹	88F9	5	0.4290	7.597	0.9259	2	0	0
裺	88FA	5	0.4275	6.168	0.9260	3	0	0
裻	88FB	5	0.3994	6.989	0.9025	4	0	0
裼	88FC	5	0.4354	6.591	0.9095	4	0	0
製	88FD	5	0.4260	6.954	0.9161	3	1	1
裾	88FE	5	0.4408	6.192	0.9469	4	0	0
裿	88FF	5	0.3772	5.918	0.9293	4	0	0
褀	8900	5	0.3979	5.822	0.9182	3	0	0
褁	8901	5	0.4112	6.590	0.9252	2	0	0
褂	8902	5	0.3728	5.587	0.9344	4	0	0
褃	8903	5	0.4083	5.803	0.9677	3	0	0
褄	8904	5	0.4541	6.673	0.9083	3	0	0
褅	8905	5	0.4062	5.936	0.9302	3	0	0
褆	8906	5	0.4275	6.298	0.9221	4	0	0
複	8907	5	0.4083	6.770	0.9005	3	1	1
褈	8908	5	0.4467	6.733	0.9140	2	0	0
褉	8909	5	0.4216	6.623	0.9117	3	0	0
褊	890A	5	0.4630	6.705	0.9006	3	0	0
褋	890B	5	0.4334	6.334	0.9230	3	0	0
褌	890C	5	0.4246	6.389	0.9567	3	0	0
褍	890D	5	0.4038	6.125	0.9407	3	0	0
褎	890E	5	0.4024	6.767	0.9332	3	0	0
褏	890F	5	0.4467	6.578	0.9066	3	0	0
褐	8910	5	0.4262	6.564	0.8822	5	1	1
褑	8911	5	0.4408	7.284	0.8634	5	0	0
褒	8912	5	0.3935	7.159	0.9263	4	1	1
褓	8913	5	0.4127	6.197	0.9164	4	0	0
褔	8914	5	0.4527	6.353	0.9565	3	0	0
褕	8915	5	0.3960	7.241	0.9055	5	0	0
褖	8916	5	0.3964	6.933	0.9209	3	0	0
褗	8917	5	0.4467	7.111	0.9385	4	0	0
褘	8918	5	0.4290	6.202	0.9333	4	0	0
褙	8919	5	0.4038	6.246	0.9231	4	0	0
褚	891A	5	0.4098	5.986	0.9157	3	0	0
褛	891B	5	0.4200	6.763	0.8791	3	0	0
褜	891C	5	0.4512	7.458	0.9149	4	0	0
褝	891D	5	0.4053	5.938	0.9315	3	0	0
褞	891E	5	0.4501	6.487	0.9486	3	0	0
褟	891F	5	0.4600	6.998	0.8947	2	0	0
褠	8920	5	0.4601	6.582	0.9408	3	0	0
褡	8921	5	0.4112	6.096	0.9306	5	0	0
褢	8922	5	0.4400	7.473	0.9202	2	0	0
褣	8923	5	0.3979	6.359	0.9285	3	0	0
褤	8924	5	0.4275	6.599	0.9296	5	0	0
褥	8925	5	0.4349	7.071	0.9255	3	0	0
褦	8926	5	0.4172	6.925	0.9141	3	0	0
褧	8927	5	0.4354	7.015	0.9018	3	0	0
褨	8928	5	0.4098	6.340	0.9032	3	0	0
褩	8929	5	0.4098	7.812	0.9132	4	0	0
褪	892A	5	0.3994	6.930	0.9324	3	0	0
褫	892B	5	0.4157	7.573	0.8990	4	0	0
褬	892C	5	0.4320	7.648	0.8826	5	0	0
褭	892D	5	0.3846	7.512	0.9088	2	0	0
褮	892E	5	0.4407	7.441	0.8716	2	0	0
褯	892F	5	0.4216	6.358	0.9377	3	0	0
褰	8930	5	0.4723	7.309	0.8927	2	0	0
褱	8931	5	0.3698	7.097	0.9308	3	0	0
褲	8932	5	0.4260	6.654	0.9538	3	0	0
褳	8933	5	0.4246	6.725	0.9293	3	0	0
褴	8934	5	0.4172	6.519	0.8761	3	0	0
褵	8935	5	0.4408	7.180	0.8983	3	0	0
褶	8936	5	0.4415	6.766	0.9048	3	0	0
褷	8937	5	0.3803	6.540	0.9048	4	0	0
褸	8938	5	0.4246	7.094	0.9473	3	0	0
褹	8939	5	0.3917	7.171	0.8863	5	0	0
褺	893A	5	0.4157	7.490	0.8909	4	0	0
褻	893B	5	0.4024	7.831	0.9111	5	0	0
褼	893C	5	0.4719	6.928	0.9299	4	0	0
褽	893D	5	0.4201	7.705	0.9284	3	0	0
褾	893E	5	0.4556	6.957	0.9233	3	0	0
褿	893F	5	0.4704	6.760	0.9730	3	0	0
襀	8940	5	0.3757	7.034	0.9428	3	0	0
襁	8941	5	0.4385	6.685	0.9151	4	0	0
襂	8942	5	0.3595	7.376	0.8981	3	0	0
襃	8943	5	0.4112	7.032	0.9418	4	0	0
襄	8944	5	0.4379	7.355	0.9308	2	1	1
襅	8945	5	0.4615	6.471	0.9650	2	0	0
襆	8946	5	0.4127	6.970	0.8810	4	0	0
襇	8947	5	0.4415	6.462	0.9679	3	0	0
襈	8948	5	0.4083	6.962	0.9364	5	0	0
襉	8949	5	0.4862	6.669	0.9144	3	0	0
襊	894A	5	0.4379	7.278	0.9275	4	0	0
襋	894B	5	0.3950	7.515	0.9392	3	0	0
襌	894C	5	0.4482	6.367	0.9591	4	0	0
襍	894D	5	0.4349	6.831	0.9173	3	0	0
襎	894E	5	0.4571	7.009	0.8780	3	0	0
襏	894F	5	0.4246	7.601	0.8874	5	0	0
襐	8950	5	0.4201	7.071	0.8974	3	0	0
襑	8951	5	0.3506	6.706	0.9405	4	0	0
襒	8952	5	0.4385	8.138	0.8361	3	0	0
襓	8953	5	0.4364	6.784	0.8958	5	0	0
襔	8954	5	0.4408	6.933	0.8988	2	0	0
襕	8955	5	0.4615	7.510	0.9105	3	0	0
襖	8956	5	0.4201	7.452	0.8992	3	0	0
襗	8957	5	0.4482	6.617	0.9235	4	0	0
襘	8958	5	0.3689	7.085	0.9309	4	0	0
襙	8959	5	0.4083	6.476	0.9146	5	0	0
襚	895A	5	0.4083	7.660	0.8762	3	0	0
襛	895B	5	0.4305	7.747	0.9557	3	0	0
襜	895C	5	0.4083	7.420	0.9305	4	0	0
襝	895D	5	0.3787	6.748	0.8978	7	0	0
襞	895E	5	0.4345	7.383	0.9186	3	0	0
襟	895F	5	0.4112	6.956	0.8998	4	0	0
襠	8960	5	0.4586	6.668	0.9275	3	0	0
襡	8961	5	0.4444	7.095	0.8991	3	0	0
襢	8962	5	0.3994	7.357	0.9552	4	0	0
襣	8963	5	0.3920	7.074	0.9597	4	0	0
襤	8964	5	0.4379	7.003	0.9063	3	0	0
襥	8965	5	0.4615	7.602	0.9158	5	0	0
襦	8966	5	0.3846	7.196	0.9545	3	0	0
襧	8967	5	0.4675	8.534	0.8563	3	0	0
襨	8968	5	0.3891	7.030	0.9382	3	0	0
襩	8969	5	0.4024	7.724	0.9337	4	0	0
襪	896A	5	0.4359	7.537	0.8970	4	0	0
襫	896B	5	0.3905	7.088	0.9282	2	0	0
襬	896C	5	0.4660	7.791	0.8885	4	0	0
襭	896D	5	0.4112	6.997	0.9455	4	0	0
襮	896E	5	0.3989	7.401	0.9406	3	0	0
襯	896F	5	0.4467	7.678	0.9002	4	0	0
襰	8970	5	0.4320	7.689	0.9210	4	0	0
襱	8971	5	0.4556	7.545	0.9226	2	0	0
襲	8972	5	0.4453	8.635	0.9286	2	1	1
襳	8973	5	0.4482	8.025	0.8986	3	0	0
襴	8974	5	0.5031	7.702	0.9393	3	0	0
襵	8975	5	0.4275	7.156	0.9405	4	0	0
襶	8976	5	0.4556	8.101	0.9448	5	0	0
襷	8977	5	0.3917	7.435	0.9072	4	0	0
襸	8978	5	0.4201	8.188	0.8878	6	0	0
襹	8979	5	0.4423	8.356	0.9206	7	0	0
襺	897A	5	0.4645	8.803	0.8673	4	0	0
襻	897B	5	0.4302	8.413	0.8854	6	0	0
襼	897C	5	0.4246	8.467	0.8836	8	0	0
襽	897D	5	0.4259	8.409	0.9354	4	0	0
襾	897E	5	0.3841	3.913	1.0293	1	0	0
西	897F	5	0.4323	4.703	0.9835	1	1	0
覀	8980	5	0.5769	3.785	0.9640	1	0	0
要	8981	5	0.4815	5.677	0.9370	2	1	0
覂	8982	5	0.5067	6.236	0.9295	3	0	0
覃	8983	5	0.4523	5.773	0.9765	3	0	0
覄	8984	5	0.4492	5.976	0.9125	3	0	0
覅	8985	5	0.4719	7.209	0.9230	4	0	0
覆	8986	5	0.4832	7.768	0.9268	4	1	1
覇	8987	5	0.5123	6.960	0.9502	2	1	1
覈	8988	5	0.4908	7.478	0.9224	3	0	0
覉	8989	5	0.4359	7.481	0.9737	2	0	0
覊	898A	5	0.4976	8.157	0.9251	2	0	0
見	898B	5	0.3754	4.383	0.9499	1	0	0
覌	898C	5	0.4323	5.693	0.9590	2	0	0
覍	898D	5	0.3538	5.577	0.9143	2	0	0
覎	898E	5	0.4200	5.385	0.9008	2	0	0
規	898F	5	0.4216	5.699	0.9448	2	1	1
覐	8990	5	0.4305	6.535	0.8976	2	0	0
覑	8991	5	0.4334	5.708	0.9433	2	0	0
覒	8992	5	0.4308	5.911	0.9165	2	0	0
覓	8993	5	0.3646	6.083	0.8977	2	0	0
覔	8994	5	0.4192	6.120	0.9478	2	0	0
覕	8995	5	0.4246	6.638	0.9473	2	0	0
視	8996	5	0.3979	5.841	0.9350	2	1	0
覗	8997	5	0.4723	6.071	0.9145	3	0	0
覘	8998	5	0.4308	5.254	0.9430	3	0	0
覙	8999	5	0.4349	6.317	0.9529	3	0	0
覚	899A	5	0.3723	5.891	0.9336	2	1	0
覛	899B	5	0.4260	6.894	0.9347	2	0	0
覜	899C	5	0.4142	6.824	0.9215	2	0	0
覝	899D	5	0.4112	6.163	0.9119	2	0	0
覞	899E	5	0.4877	6.039	0.9292	2	0	0
覟	899F	5	0.4438	6.405	0.9518	3	0	0
覠	89A0	5	0.5169	6.099	0.9400	3	0	0
覡	89A1	5	0.4385	6.687	0.9492	5	0	0
覢	89A2	5	0.4349	6.961	0.9366	3	0	0
覣	89A3	5	0.4615	6.958	0.9093	3	0	0
覤	89A4	5	0.4349	6.751	0.9657	3	0	0
覥	89A5	5	0.4926	6.716	0.9879	3	0	0
覦	89A6	5	0.4408	7.845	0.9195	5	0	0
覧	89A7	5	0.3813	6.934	0.9608	2	1	1
覨	89A8	5	0.4754	6.174	0.9568	5	0	0
覩	89A9	5	0.4956	6.655	0.9291	3	0	0
親	89AA	5	0.4527	6.681	0.8897	3	1	1
覫	89AB	5	0.4689	6.760	0.9388	3	0	0
覬	89AC	5	0.5044	6.904	0.9415	5	0	0
覭	89AD	5	0.4708	6.400	0.9321	5	0	0
覮	89AE	5	0.4015	7.692	0.9202	2	0	0
覯	89AF	5	0.5104	7.034	0.9515	3	0	0
覰	89B0	5	0.4985	7.159	0.9617	3	0	0
覱	89B1	5	0.4098	7.801	0.9245	3	0	0
覲	89B2	5	0.5148	6.923	0.9583	3	0	0
観	89B3	5	0.4926	6.837	0.9267	2	1	1
覴	89B4	5	0.4763	7.357	0.8910	5	0	0
覵	89B5	5	0.5280	6.667	0.9570	3	0	0
覶	89B6	5	0.4689	8.122	0.8734	2	0	0
覷	89B7	5	0.4630	7.424	0.9404	3	0	0
覸	89B8	5	0.5040	6.770	0.9630	3	0	0
覹	89B9	5	0.4822	8.399	0.9090	4	0	0
覺	89BA	5	0.3815	7.473	0.8994	2	1	1
覻	89BB	5	0.4364	7.598	0.9239	2	0	0
覼	89BC	5	0.5415	8.740	0.8436	3	0	0
覽	89BD	5	0.4462	7.801	0.9307	2	1	1
覾	89BE	5	0.4896	7.505	0.9455	4	0	0
覿	89BF	5	0.4497	8.006	0.9343	4	0	0
觀	89C0	5	0.4320	7.317	0.9436	5	1	1
见	89C1	5	0.3267	3.958	0.9208	1	1	0
观	89C2	5	0.3846	5.665	0.9408	2	1	0
觃	89C3	5	0.4288	5.721	0.8915	2	0	0
规	89C4	5	0.3876	5.560	0.9616	2	1	0
觅	89C5	5	0.3638	5.491	0.9089	2	0	0
视	89C6	5	0.3683	5.592	0.9148	2	1	0
觇	89C7	5	0.4077	5.309	0.9502	3	0	0
览	89C8	5	0.3670	5.265	0.9180	2	1	0
觉	89C9	5	0.3830	5.427	0.8935	2	1	0
觊	89CA	5	0.4138	6.035	0.9458	3	0	0
觋	89CB	5	0.4354	6.943	0.8881	5	0	0
觌	89CC	5	0.3979	6.933	0.9347	4	0	0
觍	89CD	5	0.4689	6.812	0.9626	3	0	0
觎	89CE	5	0.4467	7.303	0.9427	5	0	0
觏	89CF	5	0.4719	7.212	0.9600	3	0	0
觐	89D0	5	0.4763	6.950	0.9685	3	0	0
觑	89D1	5	0.4778	7.524	0.9610	3	0	0
角	89D2	5	0.4047	4.861	0.9424	1	0	0
觓	89D3	5	0.4477	5.211	0.9347	2	0	0
觔	89D4	5	0.3969	5.659	0.9369	2	0	0
觕	89D5	5	0.4431	5.561	0.9445	2	0	0
觖	89D6	5	0.4112	5.969	0.9246	2	0	0
觗	89D7	5	0.4112	6.505	0.9106	2	0	0
觘	89D8	5	0.3846	6.074	0.9148	3	0	0
觙	89D9	5	0.4334	6.825	0.9284	2	0	0
觚	89DA	5	0.4482	7.337	0.9262	2	0	0
觛	89DB	5	0.4453	6.055	0.9213	3	0	0
觜	89DC	5	0.4215	6.442	0.9257	3	0	0
觝	89DD	5	0.4275	6.673	0.9222	3	0	0
觞	89DE	5	0.4492	7.171	0.9227	3	0	0
觟	89DF	5	0.3935	5.912	0.9180	3	0	0
觠	89E0	5	0.4246	7.014	0.9157	2	0	0
觡	89E1	5	0.4438	6.606	0.9068	3	0	0
觢	89E2	5	0.4231	6.856	0.9901	2	0	0
解	89E3	5	0.4467	6.438	0.9313	2	1	1
觤	89E4	5	0.4349	6.897	0.9068	4	0	0
觥	89E5	5	0.4157	6.567	0.9022	4	0	0
触	89E6	5	0.4630	6.216	0.9250	2	1	1
觧	89E7	5	0.4246	6.005	0.9103	2	0	0
觨	89E8	5	0.4142	6.788	0.9186	3	0	0
觩	89E9	5	0.4083	6.848	0.8972	2	0	0
觪	89EA	5	0.4068	6.207	0.9016	2	0	0
觫	89EB	5	0.4482	6.619	0.9268	2	0	0
觬	89EC	5	0.4246	6.572	0.9276	3	0	0
觭	89ED	5	0.4349	6.673	0.9407	4	0	0
觮	89EE	5	0.4320	7.000	0.9286	3	0	0
觯	89EF	5	0.4408	6.588	0.9662	4	0	0
觰	89F0	5	0.4393	6.649	0.9361	3	0	0
觱	89F1	5	0.4308	7.546	0.9578	4	0	0
觲	89F2	5	0.4260	6.938	0.9273	3	0	0
觳	89F3	5	0.4231	7.553	0.9481	2	0	0
觴	89F4	5	0.4808	7.933	0.9188	2	0	0
觵	89F5	5	0.4734	7.322	0.9481	2	0	0
觶	89F6	5	0.4660	7.062	0.9816	4	0	0
觷	89F7	5	0.4038	7.821	0.8829	2	0	0
觸	89F8	5	0.4904	7.664	0.9131	3	1	1
觹	89F9	5	0.4631	7.538	0.8985	3	0	0
觺	89FA	5	0.4519	9.046	0.8776	3	0	0
觻	89FB	5	0.4586	8.529	0.8769	4	0	0
觼	89FC	5	0.4675	8.649	0.8961	3	0	0
觽	89FD	5	0.4563	7.632	0.9178	4	0	0
觾	89FE	5	0.4364	7.875	0.9304	4	0	0
觿	89FF	5	0.5092	8.434	0.8982	5	0	0
言	8A00	5	0.3323	4.556	0.9777	1	0	0
訁	8A01	5	0.4011	4.913	1.0365	1	0	0
訂	8A02	5	0.3092	4.196	0.9856	2	1	0
訃	8A03	5	0.3121	4.425	0.9950	2	0	0
訄	8A04	5	0.4038	5.947	0.8926	2	0	0
訅	8A05	5	0.3506	5.096	0.9736	2	0	0
訆	8A06	5	0.3746	4.429	0.9880	2	0	0
訇	8A07	5	0.3173	5.836	0.9452	2	0	0
計	8A08	5	0.3062	4.222	0.9770	2	1	0
訉	8A09	5	0.3802	5.548	0.9294	3	0	0
訊	8A0A	5	0.3580	5.455	0.9627	3	1	0
訋	8A0B	5	0.3508	5.199	0.9263	3	0	0
訌	8A0C	5	0.3431	4.456	0.9984	2	0	0
訍	8A0D	5	0.3728	5.887	0.9866	3	0	0
討	8A0E	5	0.3254	4.861	0.9693	2	1	0
訏	8A0F	5	0.3269	4.668	0.9500	2	0	0
訐	8A10	5	0.3225	4.495	1.0080	2	0	0
訑	8A11	5	0.3772	5.910	0.9693	2	0	0
訒	8A12	5	0.4031	5.735	0.9577	3	0	0
訓	8A13	5	0.3984	5.356	0.9628	2	1	0
訔	8A14	5	0.3166	5.949	0.9610	2	0	0
訕	8A15	5	0.4000	5.009	1.0044	2	0	0
訖	8A16	5	0.3639	5.600	0.9512	3	0	0
託	8A17	5	0.3388	5.091	0.9653	3	1	0
記	8A18	5	0.3521	5.063	0.9473	2	1	0
訙	8A19	5	0.3506	5.366	0.9676	2	0	0
訚	8A1A	5	0.3862	5.557	0.9480	2	0	0
訛	8A1B	5	0.3861	5.676	0.9341	3	0	0
訜	8A1C	5	0.3831	5.750	0.9532	3	0	0
訝	8A1D	5	0.3831	5.558	0.9578	2	0	0
訞	8A1E	5	0.3580	5.579	0.9384	3	0	0
訟	8A1F	5	0.3521	5.694	0.9591	3	1	0
訠	8A20	5	0.4006	5.123	0.9657	3	0	0
訡	8A21	5	0.3047	5.386	0.9626	4	0	0
訢	8A22	5	0.3476	5.217	0.9520	2	0	0
訣	8A23	5	0.3757	5.556	0.9572	2	0	0
訤	8A24	5	0.3328	6.111	0.9457	2	0	0
訥	8A25	5	0.4246	5.698	0.9485	2	0	0
訦	8A26	5	0.3654	5.354	0.9326	2	0	0
訧	8A27	5	0.3800	5.583	0.9308	2	0	0
訨	8A28	5	0.3536	4.893	0.9903	2	0	0
訩	8A29	5	0.4246	6.045	0.9588	3	0	0
訪	8A2A	5	0.3476	5.312	0.9500	2	1	0
訫	8A2B	5	0.3254	5.396	0.9515	2	0	0
訬	8A2C	5	0.3299	5.482	0.9656	3	0	0
設	8A2D	5	0.4068	6.049	0.9442	3	1	1
訮	8A2E	5	0.3831	5.255	0.9881	3	0	0
訯	8A2F	5	0.4142	6.219	0.9495	2	0	0
訰	8A30	5	0.3787	5.413	0.9664	2	0	0
許	8A31	5	0.3402	4.928	0.9699	3	1	0
訲	8A32	5	0.3769	4.788	0.9705	2	0	0
訳	8A33	5	0.3654	5.359	0.9733	2	1	0
訴	8A34	5	0.3817	5.682	0.9680	2	1	0
訵	8A35	5	0.4554	5.955	0.9750	2	0	0
訶	8A36	5	0.3669	5.332	0.9562	3	0	0
訷	8A37	5	0.4185	5.104	0.9836	2	0	0
訸	8A38	5	0.3728	5.670	0.9463	2	0	0
訹	8A39	5	0.3580	5.626	0.9605	3	0	0
診	8A3A	5	0.3210	6.023	0.9447	2	1	0
註	8A3B	5	0.3550	5.100	0.9612	3	1	0
証	8A3C	5	0.3639	5.149	0.9592	3	1	0
訽	8A3D	5	0.3738	5.581	0.9425	3	0	0
訾	8A3E	5	0.3343	6.960	0.9753	3	0	0
訿	8A3F	5	0.3787	6.142	0.9549	3	0	0
詀	8A40	5	0.3595	4.933	1.0037	3	0	0
詁	8A41	5	0.3624	5.077	0.9936	3	0	0
詂	8A42	5	0.3861	5.702	0.9444	3	0	0
詃	8A43	5	0.3802	5.958	0.9393	2	0	0
詄	8A44	5	0.3876	5.767	0.9504	3	0	0
詅	8A45	5	0.3343	5.714	0.9391	4	0	0
詆	8A46	5	0.4024	6.145	0.9419	3	0	0
詇	8A47	5	0.4038	5.746	0.9689	2	0	0
詈	8A48	5	0.3700	6.145	0.9547	2	0	0
詉	8A49	5	0.4127	6.864	0.9586	3	0	0
詊	8A4A	5	0.3595	5.428	0.9636	2	0	0
詋	8A4B	5	0.3935	5.536	0.9432	3	0	0
詌	8A4C	5	0.4038	5.315	0.9842	2	0	0
詍	8A4D	5	0.4157	5.745	0.9850	2	0	0
詎	8A4E	5	0.3846	5.403	0.9681	2	0	0
詏	8A4F	5	0.4015	6.547	0.9057	3	0	0
詐	8A50	5	0.3462	4.986	0.9835	2	1	0
詑	8A51	5	0.3373	5.240	0.9505	3	0	0
詒	8A52	5	0.3876	5.598	0.9756	3	0	0
詓	8A53	5	0.3698	5.500	0.9812	3	0	0
詔	8A54	5	0.4200	5.864	0.9639	3	1	1
評	8A55	5	0.3432	5.359	0.9632	2	1	0
詖	8A56	5	0.4157	6.346	0.9576	2	0	0
詗	8A57	5	0.4246	5.679	0.9693	3	0	0
詘	8A58	5	0.4200	5.466	0.9760	3	0	0
詙	8A59	5	0.4038	6.308	0.9329	2	0	0
詚	8A5A	5	0.3876	5.379	0.9795	3	0	0
詛	8A5B	5	0.4112	5.446	0.9693	2	0	0
詜	8A5C	5	0.3964	6.047	0.9712	2	0	0
詝	8A5D	5	0.3284	4.916	0.9466	3	0	0
詞	8A5E	5	0.4169	5.378	0.9794	3	1	0
詟	8A5F	5	0.3654	7.357	0.9149	2	0	0
詠	8A60	5	0.3698	5.902	0.9520	2	1	1
詡	8A61	5	0.4246	6.505	0.9162	2	0	0
詢	8A62	5	0.4185	5.896	0.9261	3	1	1
詣	8A63	5	0.3905	6.000	0.9697	3	1	1
詤	8A64	5	0.4024	6.307	0.9574	2	0	0
詥	8A65	5	0.3846	5.735	0.9724	4	0	0
試	8A66	5	0.3787	5.758	0.9535	3	1	1
詧	8A67	5	0.3698	7.068	0.9068	2	0	0
詨	8A68	5	0.3476	6.038	0.9459	3	0	0
詩	8A69	5	0.3994	5.505	0.9620	3	1	1
詪	8A6A	5	0.4334	6.311	0.9599	2	0	0
詫	8A6B	5	0.3772	5.636	0.9555	4	0	0
詬	8A6C	5	0.4246	6.000	0.9619	3	0	0
詭	8A6D	5	0.4334	6.351	0.9327	4	0	0
詮	8A6E	5	0.3757	5.809	0.9368	3	0	0
詯	8A6F	5	0.4455	5.281	0.9935	2	0	0
詰	8A70	5	0.3891	5.413	0.9565	3	1	1
話	8A71	5	0.3891	5.520	0.9564	2	1	1
該	8A72	5	0.3861	6.247	0.9530	4	1	1
詳	8A73	5	0.3683	5.466	0.9605	2	1	1
詴	8A74	5	0.4083	5.727	0.9569	3	0	0
詵	8A75	5	0.4024	5.839	0.9429	3	0	0
詶	8A76	5	0.4000	6.206	0.9547	2	0	0
詷	8A77	5	0.4385	5.942	0.9660	3	0	0
詸	8A78	5	0.3817	6.048	0.9635	2	0	0
詹	8A79	5	0.3938	7.285	0.9354	3	1	1
詺	8A7A	5	0.4062	5.733	0.9421	3	0	0
詻	8A7B	5	0.4038	6.081	0.9482	3	0	0
詼	8A7C	5	0.3476	6.501	0.9348	3	0	0
詽	8A7D	5	0.3743	5.385	0.9928	3	0	0
詾	8A7E	5	0.4200	6.723	0.9342	4	0	0
詿	8A7F	5	0.3728	5.492	0.9898	3	0	0
誀	8A80	5	0.4172	5.476	0.9544	2	0	0
誁	8A81	5	0.3772	5.634	0.9727	5	0	0
誂	8A82	5	0.3669	6.528	0.9279	2	0	0
誃	8A83	5	0.4046	6.462	0.9326	3	0	0
誄	8A84	5	0.4186	6.072	0.9539	2	0	0
誅	8A85	5	0.3979	5.949	0.9605	3	0	0
誆	8A86	5	0.4231	6.000	0.9606	3	0	0
誇	8A87	5	0.4038	6.110	0.9472	4	1	1
誈	8A88	5	0.4053	5.942	0.9191	3	0	0
誉	8A89	5	0.3595	6.636	0.8839	3	1	1
誊	8A8A	5	0.3743	6.889	0.9435	2	0	0
誋	8A8B	5	0.3876	6.254	0.9545	3	0	0
誌	8A8C	5	0.3905	5.933	0.9632	3	1	1
認	8A8D	5	0.3905	6.655	0.9333	4	1	1
誎	8A8E	5	0.4172	6.053	0.9881	2	0	0
誏	8A8F	5	0.4231	6.173	0.9551	3	0	0
誐	8A90	5	0.4290	6.931	0.9322	2	0	0
誑	8A91	5	0.4216	6.270	0.9370	3	0	0
誒	8A92	5	0.4068	6.379	0.9406	3	0	0
誓	8A93	5	0.3686	7.465	0.9758	3	1	1
誔	8A94	5	0.4009	6.504	0.9136	3	0	0
誕	8A95	5	0.4201	6.934	0.9086	3	1	1
誖	8A96	5	0.4098	5.749	0.9803	3	0	0
誗	8A97	5	0.4138	5.940	0.9404	3	0	0
誘	8A98	5	0.4393	6.607	0.9387	3	1	1
誙	8A99	5	0.4142	6.632	0.9424	6	0	0
誚	8A9A	5	0.4246	6.142	0.9651	3	0	0
誛	8A9B	5	0.4704	6.788	0.9263	2	0	0
誜	8A9C	5	0.4009	6.908	0.9215	4	0	0
誝	8A9D	5	0.3994	6.153	0.9595	5	0	0
語	8A9E	5	0.4334	5.965	0.9866	3	1	1
誟	8A9F	5	0.4201	6.175	0.9437	3	0	0
誠	8AA0	5	0.4216	6.764	0.9126	3	1	1
誡	8AA1	5	0.4349	6.834	0.9303	3	0	0
誢	8AA2	5	0.4334	6.067	0.9433	2	0	0
誣	8AA3	5	0.4393	6.384	0.9081	5	0	0
誤	8AA4	5	0.4053	6.243	0.9512	3	1	1
誥	8AA5	5	0.4260	5.875	0.9984	3	0	0
誦	8AA6	5	0.4908	6.273	0.9529	3	0	0
誧	8AA7	5	0.4704	6.445	0.9608	2	0	0
誨	8AA8	5	0.4408	6.692	0.9354	3	0	0
誩	8AA9	5	0.3772	5.661	0.9755	2	0	0
說	8AAA	5	0.4053	6.146	0.9378	3	1	1
誫	8AAB	5	0.4201	6.563	0.9815	2	0	0
説	8AAC	5	0.3831	5.931	0.9323	3	1	1
読	8AAD	5	0.4038	6.142	0.9673	3	1	1
誮	8AAE	5	0.3920	6.029	0.9426	4	0	0
誯	8AAF	5	0.4846	6.184	0.9565	3	0	0
誰	8AB0	5	0.4334	6.040	0.9488	2	1	1
誱	8AB1	5	0.4645	6.578	0.9590	2	0	0
課	8AB2	5	0.4645	6.444	0.9546	2	1	1
誳	8AB3	5	0.4831	6.610	0.9098	4	0	0
誴	8AB4	5	0.3891	5.951	0.9565	3	0	0
誵	8AB5	5	0.4260	6.568	0.9398	4	0	0
誶	8AB6	5	0.3639	5.707	0.9700	3	0	0
誷	8AB7	5	0.4815	6.370	0.9670	3	0	0
誸	8AB8	5	0.4142	6.718	0.9389	3	0	0
誹	8AB9	5	0.3876	5.574	0.9849	2	0	0
誺	8ABA	5	0.4009	6.423	0.9521	2	0	0
誻	8ABB	5	0.4334	6.457	0.9403	3	0	0
誼	8ABC	5	0.4246	5.912	0.9597	3	0	0
誽	8ABD	5	0.4053	5.939	0.9326	3	0	0
誾	8ABE	5	0.4800	6.089	0.9855	2	0	0
調	8ABF	5	0.4800	6.370	0.9356	3	1	1
諀	8AC0	5	0.4305	5.908	0.9504	3	0	0
諁	8AC1	5	0.4482	7.652	0.9148	5	0	0
諂	8AC2	5	0.3985	6.257	0.9408	3	0	0
諃	8AC3	5	0.4112	6.312	0.9238	3	0	0
諄	8AC4	5	0.4172	6.078	0.9460	4	0	0
諅	8AC5	5	0.3713	7.058	0.9672	3	0	0
諆	8AC6	5	0.4231	6.091	0.9365	3	0	0
談	8AC7	5	0.3846	6.740	0.9431	3	1	1
諈	8AC8	5	0.4497	6.245	0.9730	2	0	0
諉	8AC9	5	0.4438	6.874	0.9495	3	0	0
諊	8ACA	5	0.4308	6.777	0.9268	3	0	0
請	8ACB	5	0.4127	6.402	0.9858	2	1	1
諌	8ACC	5	0.4586	6.426	0.9706	2	0	0
諍	8ACD	5	0.3979	6.346	0.9465	3	0	0
諎	8ACE	5	0.4393	5.866	0.9835	4	0	0
諏	8ACF	5	0.4438	6.801	0.9222	3	1	1
諐	8AD0	5	0.3299	7.639	0.9667	4	0	0
諑	8AD1	5	0.4112	6.947	0.9255	3	0	0
諒	8AD2	5	0.3698	6.010	0.9535	4	0	0
諓	8AD3	5	0.4260	7.519	0.9079	3	0	0
諔	8AD4	5	0.4305	6.838	0.9478	4	0	0
諕	8AD5	5	0.4098	6.727	0.9262	3	0	0
論	8AD6	5	0.4373	6.664	0.9499	4	1	1
諗	8AD7	5	0.3698	6.644	0.9428	5	0	0
諘	8AD8	5	0.4231	6.330	0.9600	3	0	0
諙	8AD9	5	0.4660	6.567	0.9634	3	0	0
諚	8ADA	5	0.4068	6.015	0.9240	3	0	0
諛	8ADB	5	0.4083	6.394	0.9594	4	0	0
諜	8ADC	5	0.4364	6.450	0.9730	3	0	0
諝	8ADD	5	0.4719	6.707	0.9434	3	0	0
諞	8ADE	5	0.4708	6.948	0.9284	3	0	0
諟	8ADF	5	0.4423	6.424	0.9387	4	0	0
諠	8AE0	5	0.4068	6.301	0.9391	5	0	0
諡	8AE1	5	0.4186	6.592	0.9373	2	1	1
諢	8AE2	5	0.4630	6.465	0.9801	3	0	0
諣	8AE3	5	0.4369	6.047	0.9893	3	0	0
諤	8AE4	5	0.4068	6.256	0.9414	5	0	0
諥	8AE5	5	0.4911	6.789	0.9234	2	0	0
諦	8AE6	5	0.4260	6.157	0.9620	3	0	0
諧	8AE7	5	0.4571	6.458	0.9623	3	0	0
諨	8AE8	5	0.4852	6.499	0.9764	3	0	0
諩	8AE9	5	0.4305	6.499	0.9558	3	0	0
諪	8AEA	5	0.4275	6.044	0.9577	5	0	0
諫	8AEB	5	0.4453	6.686	0.9637	2	0	0
諬	8AEC	5	0.3670	8.154	0.9249	2	0	0
諭	8AED	5	0.4174	6.838	0.9220	5	1	1
諮	8AEE	5	0.4009	6.588	0.9487	4	1	1
諯	8AEF	5	0.4571	6.407	0.9605	3	0	0
諰	8AF0	5	0.4408	6.653	0.9119	3	0	0
諱	8AF1	5	0.4615	6.403	0.9551	4	1	1
諲	8AF2	5	0.4675	6.642	0.9366	3	0	0
諳	8AF3	5	0.4112	6.207	0.9557	2	0	0
諴	8AF4	5	0.4364	7.165	0.9425	4	0	0
諵	8AF5	5	0.4453	6.662	0.9670	3	0	0
諶	8AF6	5	0.4571	6.488	0.9447	4	0	0
諷	8AF7	5	0.4573	7.361	0.9335	2	0	0
諸	8AF8	5	0.4482	6.414	0.9565	3	1	1
諹	8AF9	5	0.4512	6.928	0.9216	5	0	0
諺	8AFA	5	0.4009	7.144	0.9233	3	0	0
諻	8AFB	5	0.4305	6.281	0.9675	3	0	0
諼	8AFC	5	0.4646	7.334	0.9078	5	0	0
諽	8AFD	5	0.4393	5.900	0.9615	2	0	0
諾	8AFE	5	0.4216	6.043	0.9742	4	1	1
諿	8AFF	5	0.4556	6.023	0.9659	3	0	0
謀	8B00	5	0.4482	6.293	0.9626	3	1	1
謁	8B01	5	0.4708	6.838	0.9161	5	0	0
謂	8B02	5	0.4908	6.367	0.9718	3	1	1
謃	8B03	5	0.4689	6.608	0.8963	3	0	0
謄	8B04	5	0.4275	7.995	0.9234	2	0	0
謅	8B05	5	0.4662	7.251	0.9001	3	0	0
謆	8B06	5	0.4723	7.293	0.9011	3	0	0
謇	8B07	5	0.4169	8.223	0.9690	2	0	0
謈	8B08	5	0.4015	7.861	0.9824	4	0	0
謉	8B09	5	0.4601	6.665	0.9233	2	0	0
謊	8B0A	5	0.4053	6.452	0.9554	4	0	0
謋	8B0B	5	0.4186	7.065	0.9391	4	0	0
謌	8B0C	5	0.4231	6.340	0.9193	5	0	0
謍	8B0D	5	0.3974	8.534	0.9215	2	0	0
謎	8B0E	5	0.4275	7.172	0.9122	3	1	1
謏	8B0F	5	0.4438	6.725	0.9470	3	0	0
謐	8B10	5	0.4408	7.183	0.9317	2	0	0
謑	8B11	5	0.4364	7.462	0.8976	3	0	0
謒	8B12	5	0.4408	6.829	0.9294	5	0	0
謓	8B13	5	0.4349	6.722	0.9527	4	0	0
謔	8B14	5	0.4275	6.918	0.9646	3	0	0
謕	8B15	5	0.4009	7.537	0.9186	4	0	0
謖	8B16	5	0.4246	7.238	0.9645	4	0	0
謗	8B17	5	0.4100	6.250	0.9687	3	0	0
謘	8B18	5	0.4497	6.796	0.9423	3	0	0
謙	8B19	5	0.4867	7.110	0.9195	3	1	1
謚	8B1A	5	0.4630	6.962	0.9223	3	0	0
講	8B1B	5	0.5074	6.731	0.9719	3	1	1
謜	8B1C	5	0.4512	6.823	0.9389	3	0	0
謝	8B1D	5	0.4200	6.635	0.9309	3	1	1
謞	8B1E	5	0.4275	6.459	0.9855	5	0	0
謟	8B1F	5	0.4142	6.462	0.9293	3	0	0
謠	8B20	5	0.4275	6.709	0.9313	2	0	0
謡	8B21	5	0.4379	6.741	0.9585	2	1	1
謢	8B22	5	0.4541	7.093	0.9462	3	0	0
謣	8B23	5	0.4400	6.880	0.9655	4	0	0
謤	8B24	5	0.4852	7.058	0.9455	3	0	0
謥	8B25	5	0.4305	7.529	0.9169	4	0	0
謦	8B26	5	0.3754	8.743	0.9539	5	0	0
謧	8B27	5	0.4305	7.130	0.9332	3	0	0
謨	8B28	5	0.4393	6.712	0.9467	4	0	0
謩	8B29	5	0.3831	8.015	0.9909	4	0	0
謪	8B2A	5	0.4308	7.102	0.8730	4	0	0
謫	8B2B	5	0.4675	6.819	0.9153	3	0	0
謬	8B2C	5	0.4009	7.732	0.9199	3	0	0
謭	8B2D	5	0.4172	7.217	0.9266	5	0	0
謮	8B2E	5	0.4334	7.183	0.9745	3	0	0
謯	8B2F	5	0.4453	7.147	0.9929	3	0	0
謰	8B30	5	0.4749	7.066	0.9419	3	0	0
謱	8B31	5	0.4482	7.109	0.9603	3	0	0
謲	8B32	5	0.3920	7.553	0.9166	3	0	0
謳	8B33	5	0.4379	6.770	0.9525	5	0	0
謴	8B34	5	0.4320	7.049	1.0067	3	0	0
謵	8B35	5	0.4554	6.956	0.9390	3	0	0
謶	8B36	5	0.4260	6.786	0.9238	3	0	0
謷	8B37	5	0.3575	8.554	0.9214	4	0	0
謸	8B38	5	0.4556	6.992	0.9103	4	0	0
謹	8B39	5	0.4749	6.741	0.9756	3	1	1
謺	8B3A	5	0.3624	7.841	0.9295	4	0	0
謻	8B3B	5	0.4098	7.329	0.9183	4	0	0
謼	8B3C	5	0.4408	7.159	0.9148	3	0	0
謽	8B3D	5	0.4077	7.914	0.9957	4	0	0
謾	8B3E	5	0.4201	7.215	0.9596	3	0	0
謿	8B3F	5	0.5169	6.488	0.9511	3	0	0
譀	8B40	5	0.4453	6.957	0.9537	4	0	0
譁	8B41	5	0.4734	6.332	0.9747	3	0	0
譂	8B42	5	0.4749	6.494	0.9713	4	0	0
譃	8B43	5	0.4275	7.214	0.9154	3	0	0
譄	8B44	5	0.4583	6.883	0.9611	4	0	0
譅	8B45	5	0.4556	7.792	0.9452	2	0	0
譆	8B46	5	0.4408	6.793	0.9381	6	0	0
譇	8B47	5	0.4556	7.028	0.9221	4	0	0
譈	8B48	5	0.4112	7.090	0.9163	5	0	0
證	8B49	5	0.4541	7.305	0.8876	5	1	1
譊	8B4A	5	0.4438	6.855	0.9398	5	0	0
譋	8B4B	5	0.4908	6.713	0.9536	3	0	0
譌	8B4C	5	0.4408	7.537	0.8680	2	0	0
譍	8B4D	5	0.4145	8.689	0.9604	2	0	0
譎	8B4E	5	0.4831	7.935	0.8698	4	0	0
譏	8B4F	5	0.4793	8.368	0.8954	3	0	0
譐	8B50	5	0.4201	7.023	0.9420	5	0	0
譑	8B51	5	0.4527	7.176	0.9379	6	0	0
譒	8B52	5	0.4660	7.235	0.9342	3	0	0
譓	8B53	5	0.4527	7.407	0.9346	3	0	0
譔	8B54	5	0.4586	7.143	0.9558	5	0	0
譕	8B55	5	0.5000	7.139	0.9077	3	0	0
譖	8B56	5	0.4822	7.527	0.9197	4	0	0
譗	8B57	5	0.4068	6.519	0.9322	5	0	0
識	8B58	5	0.4527	7.400	0.9277	3	1	1
譙	8B59	5	0.4334	6.932	0.9432	3	0	0
譚	8B5A	5	0.4408	6.886	0.9705	4	1	1
譛	8B5B	5	0.4497	6.928	0.9666	3	0	0
譜	8B5C	5	0.4675	6.779	0.9567	4	1	1
譝	8B5D	5	0.5104	6.723	0.9468	2	0	0
譞	8B5E	5	0.4896	7.232	0.9413	3	0	0
譟	8B5F	5	0.4334	6.745	0.9637	5	0	0
譠	8B60	5	0.4364	7.467	0.9889	4	0	0
譡	8B61	5	0.4867	6.852	0.9346	3	0	0
譢	8B62	5	0.4157	7.645	0.9005	3	0	0
譣	8B63	5	0.4112	6.990	0.9438	7	0	0
譤	8B64	5	0.4615	7.275	0.8909	3	0	0
譥	8B65	5	0.3599	8.428	0.9622	3	0	0
警	8B66	5	0.3789	8.350	0.9572	5	1	1
譧	8B67	5	0.4852	7.677	0.9544	4	0	0
譨	8B68	5	0.4541	7.717	0.9619	3	0	0
譩	8B69	5	0.4349	7.277	0.9540	3	0	0
譪	8B6A	5	0.4556	7.294	0.9227	6	0	0
譫	8B6B	5	0.4334	7.832	0.9434	4	0	0
譬	8B6C	5	0.3683	7.975	0.9739	3	0	0
譭	8B6D	5	0.4349	7.416	0.9543	5	0	0
譮	8B6E	5	0.3960	7.314	0.9517	4	0	0
譯	8B6F	5	0.4734	6.839	0.9280	4	1	1
議	8B70	5	0.4473	7.849	0.9340	3	1	1
譱	8B71	5	0.4217	8.357	0.9508	1	0	0
譲	8B72	5	0.4556	7.624	0.9422	2	1	1
譳	8B73	5	0.4630	7.490	0.9341	3	0	0
譴	8B74	5	0.4408	7.556	0.9544	3	0	0
譵	8B75	5	0.3964	7.075	0.9459	3	0	0
譶	8B76	5	0.3723	9.112	0.9729	3	0	0
護	8B77	5	0.4645	7.567	0.9225	4	1	1
譸	8B78	5	0.3832	7.924	0.9646	5	0	0
譹	8B79	5	0.3960	7.953	0.9403	5	0	0
譺	8B7A	5	0.4645	7.757	0.9197	3	0	0
譻	8B7B	5	0.3985	7.883	0.9402	3	0	0
譼	8B7C	5	0.3772	8.350	0.9440	2	0	0
譽	8B7D	5	0.3713	7.748	0.9779	3	1	1
譾	8B7E	5	0.4843	8.332	0.9415	5	0	0
譿	8B7F	5	0.4053	7.665	0.9511	5	0	0
讀	8B80	5	0.4127	8.226	0.9477	4	1	1
讁	8B81	5	0.4556	7.709	0.9206	4	0	0
讂	8B82	5	0.4423	8.069	0.9009	3	0	0
讃	8B83	5	0.4541	7.784	0.9577	3	1	1
讄	8B84	5	0.4723	7.072	0.9884	4	0	0
讅	8B85	5	0.4672	7.406	0.9141	4	0	0
讆	8B86	5	0.3743	8.840	0.9746	7	0	0
讇	8B87	5	0.4954	7.306	0.9456	4	0	0
讈	8B88	5	0.4615	7.745	0.9038	5	0	0
讉	8B89	5	0.4112	7.874	0.9427	4	0	0
變	8B8A	5	0.4290	9.126	0.8609	2	1	1
讋	8B8B	5	0.4160	9.636	0.8991	2	0	0
讌	8B8C	5	0.4201	7.369	0.9578	4	0	0
讍	8B8D	5	0.4778	7.630	0.9665	2	0	0
讎	8B8E	5	0.4556	7.206	0.9501	3	0	0
讏	8B8F	5	0.3917	9.250	0.9311	5	0	0
讐	8B90	5	0.3846	8.356	0.9457	3	0	0
讑	8B91	5	0.4954	7.471	0.9224	2	0	0
讒	8B92	5	0.4379	8.123	0.9068	5	0	0
讓	8B93	5	0.4675	7.774	0.9633	3	1	1
讔	8B94	5	0.4601	8.837	0.9010	3	0	0
讕	8B95	5	0.5385	7.913	0.9448	3	0	0
讖	8B96	5	0.4704	8.182	0.9542	3	0	0
讗	8B97	5	0.4738	8.148	0.9136	5	0	0
讘	8B98	5	0.4527	7.236	0.9701	4	0	0
讙	8B99	5	0.4763	7.245	0.9529	5	0	0
讚	8B9A	5	0.4349	8.157	0.9407	6	1	1
讛	8B9B	5	0.4512	8.641	0.9125	8	0	0
讜	8B9C	5	0.4186	8.485	0.9114	3	0	0
讝	8B9D	5	0.4882	8.153	0.9223	7	0	0
讞	8B9E	5	0.4926	8.682	0.8882	4	0	0
讟	8B9F	5	0.4320	8.183	0.9727	5	0	0
讠	8BA0	5	0.2308	2.554	0.9090	1	0	0
计	8BA1	5	0.2219	3.077	0.9938	2	1	0
订	8BA2	5	0.2278	3.286	0.9774	2	1	0
讣	8BA3	5	0.2160	3.312	0.9637	2	0	0
认	8BA4	5	0.2308	3.585	0.9389	2	1	0
讥	8BA5	5	0.3195	4.183	0.9287	2	0	0
讦	8BA6	5	0.2855	3.636	0.9627	2	0	0
讧	8BA7	5	0.2528	3.583	0.9824	2	0	0
讨	8BA8	5	0.2544	3.787	0.9698	2	1	0
让	8BA9	5	0.2738	3.414	0.8422	2	1	0
讪	8BAA	5	0.3123	3.865	0.9860	2	0	0
讫	8BAB	5	0.2929	4.452	0.9459	3	0	0
讬	8BAC	5	0.2781	4.131	0.9357	3	0	0
训	8BAD	5	0.3138	4.094	0.9806	2	1	0
议	8BAE	5	0.2855	4.814	0.9308	2	1	0
讯	8BAF	5	0.3151	4.419	0.9400	3	1	0
记	8BB0	5	0.2969	3.979	0.9723	2	1	0
讱	8BB1	5	0.3360	4.949	0.9538	3	0	0
讲	8BB2	5	0.3269	4.472	0.9590	2	1	0
讳	8BB3	5	0.3195	4.469	0.9898	2	0	0
讴	8BB4	5	0.3508	5.410	0.8869	3	0	0
讵	8BB5	5	0.3338	4.507	0.9134	2	0	0
讶	8BB6	5	0.3166	4.761	0.9613	2	0	0
讷	8BB7	5	0.3477	4.593	0.9390	2	0	0
许	8BB8	5	0.2648	3.796	0.9777	3	1	0
讹	8BB9	5	0.3195	4.951	0.8972	3	0	0
论	8BBA	5	0.2914	4.633	0.9713	3	1	0
讻	8BBB	5	0.3631	5.203	0.9229	3	0	0
讼	8BBC	5	0.2908	4.876	0.9338	3	0	0
讽	8BBD	5	0.3600	5.794	0.9045	2	0	0
设	8BBE	5	0.3385	5.216	0.9066	3	1	0
访	8BBF	5	0.3018	4.440	0.9702	2	1	0
诀	8BC0	5	0.3180	4.678	0.9332	2	0	0
证	8BC1	5	0.3237	4.426	0.8878	3	1	0
诂	8BC2	5	0.3154	4.190	0.9730	3	0	0
诃	8BC3	5	0.3123	4.471	0.9725	3	0	0
评	8BC4	5	0.3092	4.562	0.9058	2	1	0
诅	8BC5	5	0.3538	4.403	0.9131	2	0	0
识	8BC6	5	0.3024	4.361	0.9493	3	1	0
诇	8BC7	5	0.3677	4.755	0.9634	3	0	0
诈	8BC8	5	0.2796	4.049	0.9546	2	0	0
诉	8BC9	5	0.3195	4.660	0.9408	2	1	0
诊	8BCA	5	0.2707	5.082	0.9461	2	0	0
诋	8BCB	5	0.3402	5.183	0.9276	3	0	0
诌	8BCC	5	0.3538	4.605	0.9659	3	0	0
词	8BCD	5	0.3520	4.528	0.8967	3	1	0
诎	8BCE	5	0.3569	4.521	0.9367	3	0	0
诏	8BCF	5	0.3664	5.092	0.8876	3	1	0
诐	8BD0	5	0.3728	5.490	0.9422	2	0	0
译	8BD1	5	0.3600	5.173	0.9076	2	1	0
诒	8BD2	5	0.3180	4.729	0.9759	3	0	0
诓	8BD3	5	0.3815	5.342	0.8837	3	0	0
诔	8BD4	5	0.3521	5.115	0.9624	2	0	0
试	8BD5	5	0.3077	4.910	0.9400	3	1	0
诖	8BD6	5	0.3354	4.407	0.9623	3	0	0
诗	8BD7	5	0.3254	4.675	0.9626	3	1	0
诘	8BD8	5	0.3254	4.471	0.9505	3	0	0
诙	8BD9	5	0.3254	5.540	0.9476	3	0	0
诚	8BDA	5	0.3950	5.986	0.9285	3	1	0
诛	8BDB	5	0.3402	5.050	0.9596	3	0	0
诜	8BDC	5	0.3343	5.034	0.9093	3	0	0
话	8BDD	5	0.3299	4.616	0.9581	2	1	0
诞	8BDE	5	0.3565	6.278	0.9281	3	1	1
诟	8BDF	5	0.3491	5.150	0.9297	3	0	0
诠	8BE0	5	0.3138	4.609	0.9479	3	0	0
诡	8BE1	5	0.3757	5.526	0.9431	4	0	0
询	8BE2	5	0.3631	4.911	0.9296	3	0	0
诣	8BE3	5	0.3600	5.254	0.9583	3	0	0
诤	8BE4	5	0.3580	4.862	0.9612	3	0	0
该	8BE5	5	0.3462	5.532	0.9268	4	1	0
详	8BE6	5	0.3092	4.451	0.9591	2	1	0
诧	8BE7	5	0.3308	4.814	0.8939	4	0	0
诨	8BE8	5	0.3554	5.129	0.8851	3	0	0
诩	8BE9	5	0.3840	5.452	0.8840	2	0	0
诪	8BEA	5	0.3831	5.637	0.9348	3	0	0
诫	8BEB	5	0.3639	5.888	0.9373	3	0	0
诬	8BEC	5	0.3878	5.521	0.8793	5	0	0
语	8BED	5	0.4000	5.276	0.9045	3	1	0
诮	8BEE	5	0.3569	5.194	0.9268	3	0	0
误	8BEF	5	0.3754	5.286	0.9068	4	1	0
诰	8BF0	5	0.3769	4.879	0.9781	3	0	0
诱	8BF1	5	0.3639	5.782	0.9313	3	0	0
诲	8BF2	5	0.3787	5.782	0.9280	3	0	0
诳	8BF3	5	0.3154	5.490	0.9244	3	0	0
说	8BF4	5	0.3343	5.029	0.9063	3	1	0
诵	8BF5	5	0.4416	5.487	0.8820	3	0	0
诶	8BF6	5	0.3595	5.768	0.9302	3	0	0
请	8BF7	5	0.3994	5.645	0.9710	2	1	1
诸	8BF8	5	0.3979	5.452	0.9524	3	1	0
诹	8BF9	5	0.4138	5.973	0.9094	3	0	0
诺	8BFA	5	0.3713	5.171	0.9373	4	1	1
读	8BFB	5	0.3585	5.801	0.9351	4	1	1
诼	8BFC	5	0.3662	6.087	0.9350	3	0	0
诽	8BFD	5	0.3269	4.524	0.9776	2	0	0
课	8BFE	5	0.4185	5.668	0.9036	2	1	0
诿	8BFF	5	0.3802	6.199	0.9089	3	0	0
谀	8C00	5	0.3462	5.291	0.9341	4	0	0
谁	8C01	5	0.3698	5.147	0.9491	2	0	0
谂	8C02	5	0.3225	5.888	0.9275	5	0	0
调	8C03	5	0.4368	5.576	0.9003	3	1	0
谄	8C04	5	0.3606	5.166	0.9275	3	0	0
谅	8C05	5	0.3369	5.147	0.9417	4	0	0
谆	8C06	5	0.3609	5.204	0.9165	4	0	0
谇	8C07	5	0.3018	4.949	0.9325	3	0	0
谈	8C08	5	0.3269	5.867	0.9375	3	1	0
谉	8C09	5	0.3698	5.029	0.9483	3	0	0
谊	8C0A	5	0.3846	4.846	0.9545	3	0	0
谋	8C0B	5	0.3728	5.527	0.9464	3	1	1
谌	8C0C	5	0.4015	5.923	0.8708	4	0	0
谍	8C0D	5	0.3920	5.708	0.9366	3	0	0
谎	8C0E	5	0.3550	5.652	0.9391	4	0	0
谏	8C0F	5	0.3950	5.964	0.9512	2	0	0
谐	8C10	5	0.3994	5.771	0.9597	3	0	0
谑	8C11	5	0.4098	6.063	0.8944	3	0	0
谒	8C12	5	0.4016	6.101	0.8818	5	0	0
谓	8C13	5	0.4720	5.766	0.9018	3	1	1
谔	8C14	5	0.3877	5.501	0.9103	5	0	0
谕	8C15	5	0.3328	6.000	0.9519	5	0	0
谖	8C16	5	0.4024	6.621	0.8829	5	0	0
谗	8C17	5	0.3654	5.816	0.9193	2	0	0
谘	8C18	5	0.3506	5.919	0.9260	4	0	0
谙	8C19	5	0.3654	5.396	0.9194	2	0	0
谚	8C1A	5	0.3476	6.089	0.8969	4	0	0
谛	8C1B	5	0.3738	5.303	0.9646	3	0	0
谜	8C1C	5	0.3713	6.252	0.9196	3	0	0
谝	8C1D	5	0.4292	5.937	0.9287	3	0	0
谞	8C1E	5	0.4231	5.876	0.8765	3	0	0
谟	8C1F	5	0.4098	5.988	0.9057	4	0	0
谠	8C20	5	0.3476	5.728	0.9368	3	0	0
谡	8C21	5	0.4031	6.731	0.8639	4	0	0
谢	8C22	5	0.3713	5.984	0.9287	3	1	1
谣	8C23	5	0.3713	5.931	0.9305	2	0	0
谤	8C24	5	0.3772	5.619	0.9138	3	0	0
谥	8C25	5	0.3846	5.869	0.9372	3	0	0
谦	8C26	5	0.4246	6.231	0.9443	3	0	0
谧	8C27	5	0.3938	6.357	0.8658	2	0	0
谨	8C28	5	0.4127	5.752	0.9695	3	0	0
谩	8C29	5	0.3954	6.600	0.9203	3	0	0
谪	8C2A	5	0.4068	5.926	0.9412	3	0	0
谫	8C2B	5	0.3861	6.316	0.9409	5	0	0
谬	8C2C	5	0.3569	7.130	0.8927	3	0	0
谭	8C2D	5	0.4123	6.241	0.9262	4	0	0
谮	8C2E	5	0.4508	6.869	0.8876	4	0	0
谯	8C2F	5	0.3979	6.247	0.8958	3	0	0
谰	8C30	5	0.4354	6.816	0.9490	3	0	0
谱	8C31	5	0.4157	6.095	0.9402	4	1	1
谲	8C32	5	0.4554	7.309	0.8490	4	0	0
谳	8C33	5	0.4009	7.031	0.9163	4	0	0
谴	8C34	5	0.3713	6.883	0.9275	3	0	0
谵	8C35	5	0.3698	7.116	0.9161	4	0	0
谶	8C36	5	0.4127	7.447	0.9194	3	0	0
谷	8C37	5	0.3033	4.754	0.9468	1	0	0
谸	8C38	5	0.3447	5.615	0.9313	2	0	0
谹	8C39	5	0.3713	6.308	0.9292	3	0	0
谺	8C3A	5	0.3905	6.042	0.9294	2	0	0
谻	8C3B	5	0.3891	6.164	0.9453	3	0	0
谼	8C3C	5	0.3831	6.111	0.9378	3	0	0
谽	8C3D	5	0.3698	6.512	0.9462	5	0	0
谾	8C3E	5	0.3698	6.222	0.9422	4	0	0
谿	8C3F	5	0.4053	7.534	0.8752	3	0	0
豀	8C40	5	0.4068	7.874	0.8842	3	0	0
豁	8C41	5	0.4349	6.743	0.9329	3	0	0
豂	8C42	5	0.4138	8.082	0.8888	3	0	0
豃	8C43	5	0.4556	7.466	0.9041	4	0	0
豄	8C44	5	0.4157	8.159	0.9405	4	0	0
豅	8C45	5	0.4822	7.940	0.9155	2	0	0
豆	8C46	5	0.3670	3.796	0.9612	3	0	0
豇	8C47	5	0.3645	4.378	0.9062	4	0	0
豈	8C48	5	0.4199	5.140	0.9360	4	0	0
豉	8C49	5	0.3772	5.875	0.9483	5	0	0
豊	8C4A	5	0.4541	6.098	0.9830	4	1	1
豋	8C4B	5	0.4260	6.334	0.9113	4	0	0
豌	8C4C	5	0.4305	6.837	0.9086	6	0	0
豍	8C4D	5	0.4231	5.907	0.9442	5	0	0
豎	8C4E	5	0.4338	6.770	0.9490	5	0	0
豏	8C4F	5	0.4837	7.284	0.9227	5	0	0
豐	8C50	5	0.4583	7.066	0.9669	4	1	1
豑	8C51	5	0.4846	7.511	0.9227	8	0	0
豒	8C52	5	0.5123	8.348	0.9050	8	0	0
豓	8C53	5	0.4956	8.414	0.8937	7	0	0
豔	8C54	5	0.5030	8.466	0.9154	7	0	0
豕	8C55	5	0.3508	5.444	0.9249	1	0	0
豖	8C56	5	0.3808	5.639	0.9213	2	0	0
豗	8C57	5	0.4263	6.636	0.8702	2	0	0
豘	8C58	5	0.3905	6.279	0.8974	2	0	0
豙	8C59	5	0.3905	6.395	0.9292	2	0	0
豚	8C5A	5	0.4262	6.710	0.9161	2	1	0
豛	8C5B	5	0.4224	6.643	0.9153	3	0	0
豜	8C5C	5	0.3969	5.605	0.9284	3	0	0
豝	8C5D	5	0.4585	5.971	0.8968	2	0	0
豞	8C5E	5	0.4108	6.076	0.9123	3	0	0
豟	8C5F	5	0.4172	6.743	0.9327	3	0	0
豠	8C60	5	0.4462	5.985	0.8552	2	0	0
象	8C61	5	0.4263	6.457	0.9282	2	1	0
豢	8C62	5	0.4186	7.212	0.8880	2	0	0
豣	8C63	5	0.4123	5.902	0.9316	3	0	0
豤	8C64	5	0.4431	6.761	0.9086	2	0	0
豥	8C65	5	0.3950	6.737	0.9249	4	0	0
豦	8C66	5	0.4059	7.496	0.9416	2	0	0
豧	8C67	5	0.4808	6.935	0.9261	2	0	0
豨	8C68	5	0.4393	7.029	0.9083	4	0	0
豩	8C69	5	0.4154	7.074	0.8843	2	0	0
豪	8C6A	5	0.4228	7.835	0.9350	4	1	1
豫	8C6B	5	0.4259	7.320	0.9063	3	1	1
豬	8C6C	5	0.4630	6.779	0.9135	3	1	1
豭	8C6D	5	0.4877	7.160	0.8651	3	0	0
豮	8C6E	5	0.4172	7.042	0.9340	4	0	0
豯	8C6F	5	0.4216	7.834	0.8935	3	0	0
豰	8C70	5	0.3950	7.655	0.9370	2	0	0
豱	8C71	5	0.5200	6.715	0.9019	3	0	0
豲	8C72	5	0.4831	7.283	0.9082	3	0	0
豳	8C73	5	0.5112	7.110	0.8957	3	0	0
豴	8C74	5	0.4586	7.241	0.9216	3	0	0
豵	8C75	5	0.4660	7.678	0.8767	3	0	0
豶	8C76	5	0.4349	7.534	0.9087	4	0	0
豷	8C77	5	0.4438	7.591	0.9145	5	0	0
豸	8C78	5	0.3644	5.769	0.9395	1	0	0
豹	8C79	5	0.3462	6.159	0.8574	3	1	0
豺	8C7A	5	0.3358	5.956	0.9137	2	0	0
豻	8C7B	5	0.3121	5.452	0.9131	2	0	0
豼	8C7C	5	0.3669	6.564	0.8906	2	0	0
豽	8C7D	5	0.4108	6.296	0.8966	2	0	0
豾	8C7E	5	0.3639	6.466	0.9046	3	0	0
豿	8C7F	5	0.3938	6.463	0.8943	3	0	0
貀	8C80	5	0.4015	6.175	0.9563	3	0	0
貁	8C81	5	0.3136	6.160	0.9397	3	0	0
貂	8C82	5	0.4185	6.777	0.8751	3	0	0
貃	8C83	5	0.4138	5.999	0.9285	2	0	0
貄	8C84	5	0.4260	6.604	0.9435	2	0	0
貅	8C85	5	0.4172	7.098	0.9050	3	0	0
貆	8C86	5	0.3979	6.584	0.9058	4	0	0
貇	8C87	5	0.4216	7.101	0.9289	2	0	0
貈	8C88	5	0.4138	6.852	0.9308	2	0	0
貉	8C89	5	0.4142	7.087	0.8942	3	0	0
貊	8C8A	5	0.4186	6.534	0.9271	3	0	0
貋	8C8B	5	0.4231	6.655	0.9421	3	0	0
貌	8C8C	5	0.4320	6.749	0.9204	3	1	1
貍	8C8D	5	0.4467	6.984	0.8918	3	0	0
貎	8C8E	5	0.4112	6.903	0.8970	3	0	0
貏	8C8F	5	0.4246	6.629	0.9138	3	0	0
貐	8C90	5	0.4290	8.081	0.8982	5	0	0
貑	8C91	5	0.4585	7.466	0.8981	3	0	0
貒	8C92	5	0.4512	7.442	0.9251	3	0	0
貓	8C93	5	0.4615	6.963	0.9191	3	1	1
貔	8C94	5	0.4438	8.071	0.8578	2	0	0
貕	8C95	5	0.4334	8.311	0.8909	3	0	0
貖	8C96	5	0.4334	7.694	0.8973	3	0	0
貗	8C97	5	0.4660	7.955	0.9404	3	0	0
貘	8C98	5	0.4556	7.535	0.9328	4	0	0
貙	8C99	5	0.4186	7.723	0.9512	5	0	0
貚	8C9A	5	0.4408	7.170	0.9736	4	0	0
貛	8C9B	5	0.4527	8.192	0.9085	5	0	0
貜	8C9C	5	0.4896	9.300	0.9016	4	0	0
貝	8C9D	5	0.3800	4.494	0.9502	1	0	0
貞	8C9E	5	0.3830	5.138	0.9439	2	1	0
貟	8C9F	5	0.3958	5.997	0.9240	2	0	0
負	8CA0	5	0.4263	5.796	0.9237	2	1	0
財	8CA1	5	0.3713	5.188	0.9639	2	1	0
貢	8CA2	5	0.4350	5.798	0.9326	2	1	0
貣	8CA3	5	0.4199	6.198	0.8887	2	0	0
貤	8CA4	5	0.4290	5.981	0.9486	2	0	0
貥	8CA5	5	0.3550	5.350	0.9670	3	0	0
貦	8CA6	5	0.3692	5.347	0.9405	3	0	0
貧	8CA7	5	0.3554	6.688	0.9315	3	1	0
貨	8CA8	5	0.3446	6.551	0.9424	3	1	0
販	8CA9	5	0.4053	6.289	0.9204	3	1	0
貪	8CAA	5	0.3333	6.587	0.9374	4	1	0
貫	8CAB	5	0.3492	6.330	0.9457	2	1	1
責	8CAC	5	0.4054	6.890	0.9737	2	1	0
貭	8CAD	5	0.3846	6.420	0.9556	3	0	0
貮	8CAE	5	0.3892	6.184	0.9753	2	0	0
貯	8CAF	5	0.3284	5.068	0.9600	3	1	0
貰	8CB0	5	0.4103	6.669	0.9732	2	0	0
貱	8CB1	5	0.4423	6.401	0.9554	2	0	0
貲	8CB2	5	0.3662	6.572	0.9586	3	0	0
貳	8CB3	5	0.3723	6.507	0.9406	3	0	0
貴	8CB4	5	0.3615	6.605	0.9725	2	1	0
貵	8CB5	5	0.3920	6.745	0.9180	2	0	0
貶	8CB6	5	0.3600	5.773	0.9078	3	0	0
買	8CB7	5	0.4183	5.922	0.9830	2	1	0
貸	8CB8	5	0.3631	6.686	0.9128	3	1	0
貹	8CB9	5	0.4024	5.508	0.9079	2	0	0
貺	8CBA	5	0.4446	5.641	0.9531	3	0	0
費	8CBB	5	0.4087	7.225	0.9540	2	1	1
貼	8CBC	5	0.4112	5.058	1.0076	3	1	0
貽	8CBD	5	0.3757	5.750	0.9732	3	0	0
貾	8CBE	5	0.3920	6.124	0.9766	3	0	0
貿	8CBF	5	0.3750	6.931	0.9357	2	1	1
賀	8CC0	5	0.3754	6.583	0.9629	3	1	0
賁	8CC1	5	0.3878	6.440	0.9675	3	0	0
賂	8CC2	5	0.4453	6.255	0.9470	3	0	0
賃	8CC3	5	0.3754	6.775	0.9581	4	1	0
賄	8CC4	5	0.4260	5.932	0.9499	3	1	1
賅	8CC5	5	0.3743	6.317	0.9554	4	0	0
賆	8CC6	5	0.4201	5.938	0.9328	5	0	0
資	8CC7	5	0.3692	7.165	0.9154	3	1	1
賈	8CC8	5	0.4283	6.571	0.9857	2	1	1
賉	8CC9	5	0.4320	6.316	0.9591	3	0	0
賊	8CCA	5	0.4393	6.660	0.9298	3	1	1
賋	8CCB	5	0.3654	6.240	0.9369	3	0	0
賌	8CCC	5	0.4295	7.649	0.8994	4	0	0
賍	8CCD	5	0.3669	5.766	0.9710	3	0	0
賎	8CCE	5	0.4482	6.716	0.9277	2	0	0
賏	8CCF	5	0.4615	5.851	0.9570	2	0	0
賐	8CD0	5	0.4246	6.987	0.9358	4	0	0
賑	8CD1	5	0.4736	6.768	0.9083	2	0	0
賒	8CD2	5	0.3964	6.279	0.9519	3	0	0
賓	8CD3	5	0.4092	7.130	0.9064	2	1	1
賔	8CD4	5	0.4519	6.963	0.9520	3	0	0
賕	8CD5	5	0.4098	6.408	0.9141	2	0	0
賖	8CD6	5	0.3802	6.341	0.9493	4	0	0
賗	8CD7	5	0.4600	5.775	0.9801	2	0	0
賘	8CD8	5	0.4169	6.185	0.9728	4	0	0
賙	8CD9	5	0.4733	6.480	0.9293	3	0	0
賚	8CDA	5	0.4083	7.293	0.9018	2	0	0
賛	8CDB	5	0.3800	7.343	0.9374	2	1	1
賜	8CDC	5	0.5015	6.817	0.9272	4	1	1
賝	8CDD	5	0.4185	6.640	0.9101	3	0	0
賞	8CDE	5	0.4022	7.180	0.9296	2	1	1
賟	8CDF	5	0.4320	6.561	0.9995	3	0	0
賠	8CE0	5	0.4068	6.091	0.9597	3	1	1
賡	8CE1	5	0.4160	7.516	0.9083	3	0	0
賢	8CE2	5	0.4016	7.402	0.9106	3	1	1
賣	8CE3	5	0.4071	7.649	0.9831	3	1	1
賤	8CE4	5	0.4556	7.476	0.9029	3	0	0
賥	8CE5	5	0.3817	5.879	0.9650	3	0	0
賦	8CE6	5	0.4305	6.665	0.9608	3	1	1
賧	8CE7	5	0.3861	6.846	0.9382	3	0	0
賨	8CE8	5	0.3904	7.927	0.9018	3	0	0
賩	8CE9	5	0.4009	6.136	0.9528	3	0	0
質	8CEA	5	0.3550	6.889	0.9072	3	1	1
賫	8CEB	5	0.3894	7.734	0.9503	3	0	0
賬	8CEC	5	0.4538	6.533	0.9386	2	0	0
賭	8CED	5	0.4689	6.577	0.9503	3	1	1
賮	8CEE	5	0.4423	8.122	0.9092	2	0	0
賯	8CEF	5	0.4482	6.601	0.9556	2	0	0
賰	8CF0	5	0.4438	6.624	0.9406	3	0	0
賱	8CF1	5	0.5092	6.369	0.9813	3	0	0
賲	8CF2	5	0.3677	7.542	0.9118	4	0	0
賳	8CF3	5	0.4778	7.048	0.9250	3	0	0
賴	8CF4	5	0.4467	7.013	0.9326	3	1	1
賵	8CF5	5	0.5072	6.352	0.9824	3	0	0
賶	8CF6	5	0.4527	6.789	0.9121	5	0	0
賷	8CF7	5	0.3942	7.630	0.9800	2	0	0
賸	8CF8	5	0.4408	7.659	0.9002	2	0	0
賹	8CF9	5	0.4527	7.110	0.9060	3	0	0
賺	8CFA	5	0.5089	7.253	0.9200	3	0	0
賻	8CFB	5	0.4808	6.883	0.9611	3	0	0
購	8CFC	5	0.5237	6.904	0.9526	3	1	1
賽	8CFD	5	0.4527	7.694	0.9366	2	1	1
賾	8CFE	5	0.4262	7.163	0.9921	3	0	0
賿	8CFF	5	0.4231	7.831	0.9186	3	0	0
贀	8D00	5	0.4233	8.177	0.9015	5	0	0
贁	8D01	5	0.4231	7.135	0.9161	3	0	0
贂	8D02	5	0.3876	7.777	0.9125	3	0	0
贃	8D03	5	0.4571	7.082	0.9313	3	0	0
贄	8D04	5	0.3908	7.806	0.9391	4	0	0
贅	8D05	5	0.4038	8.042	0.9201	4	0	0
贆	8D06	5	0.4585	7.478	0.8731	3	0	0
贇	8D07	5	0.3935	7.996	0.9116	4	0	0
贈	8D08	5	0.4645	6.970	0.9412	4	1	1
贉	8D09	5	0.4862	6.708	0.9495	4	0	0
贊	8D0A	5	0.3757	7.757	0.9198	5	1	1
贋	8D0B	5	0.4848	7.900	0.9215	4	0	0
贌	8D0C	5	0.4601	7.375	0.9205	4	0	0
贍	8D0D	5	0.4497	7.880	0.9298	4	0	0
贎	8D0E	5	0.4846	7.117	0.9732	4	0	0
贏	8D0F	5	0.4127	7.981	0.9446	2	1	1
贐	8D10	5	0.5207	7.880	0.8908	3	0	0
贑	8D11	5	0.4527	7.268	0.9632	4	0	0
贒	8D12	5	0.4295	7.972	0.9476	4	0	0
贓	8D13	5	0.4778	8.194	0.9135	4	0	0
贔	8D14	5	0.4246	7.618	0.9266	3	0	0
贕	8D15	5	0.4467	9.185	0.9149	6	0	0
贖	8D16	5	0.4497	8.349	0.9518	4	0	0
贗	8D17	5	0.4700	8.946	0.8988	3	0	0
贘	8D18	5	0.4275	7.968	0.8954	3	0	0
贙	8D19	5	0.3905	8.769	0.9365	5	0	0
贚	8D1A	5	0.4822	7.832	0.9429	2	0	0
贛	8D1B	5	0.4556	8.191	0.9155	3	0	0
贜	8D1C	5	0.5089	8.448	0.9037	5	0	0
贝	8D1D	5	0.3009	3.762	0.9470	1	1	0
贞	8D1E	5	0.2981	4.080	0.9670	2	1	0
负	8D1F	5	0.3261	4.612	0.9547	2	1	0
贠	8D20	5	0.3205	4.820	0.9452	2	0	0
贡	8D21	5	0.3750	4.643	0.9865	2	1	0
财	8D22	5	0.3639	5.401	0.9827	2	1	0
责	8D23	5	0.4183	5.668	0.9959	2	1	0
贤	8D24	5	0.4114	5.796	0.9418	2	1	0
败	8D25	5	0.3462	6.019	0.9137	2	1	0
账	8D26	5	0.4062	6.293	0.9076	2	0	0
货	8D27	5	0.3590	5.316	0.9348	3	1	0
质	8D28	5	0.3787	5.515	0.9590	3	1	0
贩	8D29	5	0.4277	6.626	0.9211	3	0	0
贪	8D2A	5	0.3299	5.393	0.9236	4	0	0
贫	8D2B	5	0.3558	5.585	0.9346	3	1	0
贬	8D2C	5	0.3432	6.132	0.9283	3	0	0
购	8D2D	5	0.3908	6.060	0.9520	3	1	0
贮	8D2E	5	0.2855	4.864	0.9726	2	0	0
贯	8D2F	5	0.4333	5.285	0.9664	2	1	0
贰	8D30	5	0.3708	5.834	0.9377	3	0	0
贱	8D31	5	0.4154	6.501	0.8929	2	0	0
贲	8D32	5	0.3718	5.248	0.9772	3	0	0
贳	8D33	5	0.3861	5.498	0.9585	2	0	0
贴	8D34	5	0.3862	5.325	0.9376	3	0	0
贵	8D35	5	0.3677	5.426	0.9928	2	1	0
贶	8D36	5	0.4123	5.907	0.9325	3	0	0
贷	8D37	5	0.3462	5.513	0.9232	3	0	0
贸	8D38	5	0.3963	5.991	0.9378	2	1	0
费	8D39	5	0.4744	6.329	0.9257	2	1	1
贺	8D3A	5	0.3894	5.400	0.9533	3	1	0
贻	8D3B	5	0.3713	6.062	0.9738	3	0	0
贼	8D3C	5	0.4083	6.877	0.9480	3	0	0
贽	8D3D	5	0.3785	6.039	0.9245	3	0	0
贾	8D3E	5	0.4683	5.451	0.9788	2	1	0
贿	8D3F	5	0.4000	6.124	0.9421	3	0	0
赀	8D40	5	0.3580	5.525	0.9502	3	0	0
赁	8D41	5	0.3862	5.645	0.9281	4	0	0
赂	8D42	5	0.4142	6.534	0.9507	3	0	0
赃	8D43	5	0.3846	6.100	0.9679	3	0	0
资	8D44	5	0.3670	6.013	0.9368	3	1	0
赅	8D45	5	0.3950	6.614	0.9595	4	0	0
赆	8D46	5	0.4000	6.187	0.9382	3	0	0
赇	8D47	5	0.4009	6.641	0.9527	2	0	0
赈	8D48	5	0.4688	6.912	0.9027	2	0	0
赉	8D49	5	0.4172	6.401	0.9344	2	0	0
赊	8D4A	5	0.3908	6.540	0.9467	3	0	0
赋	8D4B	5	0.4186	6.995	0.9540	3	1	1
赌	8D4C	5	0.4482	6.493	0.9596	3	0	0
赍	8D4D	5	0.4231	6.511	0.9277	3	0	0
赎	8D4E	5	0.4407	6.924	0.9174	4	0	0
赏	8D4F	5	0.3642	5.734	0.9350	2	1	0
赐	8D50	5	0.4738	7.051	0.9285	4	1	0
赑	8D51	5	0.4350	6.578	0.9365	3	0	0
赒	8D52	5	0.4736	6.773	0.9449	3	0	0
赓	8D53	5	0.4675	6.884	0.9386	3	0	0
赔	8D54	5	0.4260	6.359	0.9617	3	0	0
赕	8D55	5	0.3950	7.164	0.9341	3	0	0
赖	8D56	5	0.4349	6.516	0.9267	3	1	1
赗	8D57	5	0.4784	6.775	0.9477	3	0	0
赘	8D58	5	0.3802	6.947	0.9495	4	0	0
赙	8D59	5	0.4512	7.155	0.9623	3	0	0
赚	8D5A	5	0.4393	7.228	0.9738	3	0	0
赛	8D5B	5	0.4379	7.029	0.9029	2	1	1
赜	8D5C	5	0.4646	6.329	0.9923	3	0	0
赝	8D5D	5	0.4736	6.989	0.8986	4	0	0
赞	8D5E	5	0.3950	6.562	0.9290	5	1	1
赟	8D5F	5	0.4062	7.059	0.9000	4	0	0
赠	8D60	5	0.5256	7.367	0.9282	4	1	1
赡	8D61	5	0.4201	7.956	0.9426	4	0	0
赢	8D62	5	0.4216	8.126	0.9561	2	1	1
赣	8D63	5	0.3861	7.986	0.9272	3	0	0
赤	8D64	5	0.3107	4.538	0.9576	1	0	0
赥	8D65	5	0.3550	6.242	0.9243	2	0	0
赦	8D66	5	0.3994	6.126	0.9324	2	1	1
赧	8D67	5	0.4423	6.694	0.9391	2	0	0
赨	8D68	5	0.4053	6.136	0.9590	2	0	0
赩	8D69	5	0.3994	6.317	0.9224	2	0	0
赪	8D6A	5	0.3950	6.495	0.9415	3	0	0
赫	8D6B	5	0.3861	6.659	0.9473	2	1	1
赬	8D6C	5	0.4290	6.648	0.9170	3	0	0
赭	8D6D	5	0.4275	6.827	0.9183	3	0	0
赮	8D6E	5	0.4704	7.205	0.9182	3	0	0
赯	8D6F	5	0.4749	7.267	0.9394	3	0	0
走	8D70	5	0.3225	4.453	0.9243	2	0	0
赱	8D71	5	0.3062	4.631	0.9468	2	0	0
赲	8D72	5	0.3746	5.514	0.9753	3	0	0
赳	8D73	5	0.3861	5.290	0.9234	3	0	0
赴	8D74	5	0.3476	4.843	0.9271	3	1	0
赵	8D75	5	0.3654	5.393	0.9129	3	1	0
赶	8D76	5	0.3757	4.952	0.9203	3	0	0
起	8D77	5	0.4009	5.376	0.9193	3	1	0
赸	8D78	5	0.3905	5.606	0.9331	3	0	0
赹	8D79	5	0.3994	6.014	0.9145	4	0	0
赺	8D7A	5	0.3565	5.684	0.9677	5	0	0
赻	8D7B	5	0.3772	5.832	0.9200	4	0	0
赼	8D7C	5	0.3831	5.842	0.9119	3	0	0
赽	8D7D	5	0.4108	5.735	0.9158	3	0	0
赾	8D7E	5	0.3787	5.382	0.9756	3	0	0
赿	8D7F	5	0.4246	6.125	0.9074	3	0	0
趀	8D80	5	0.4408	6.049	0.8934	3	0	0
趁	8D81	5	0.3772	6.312	0.9109	3	1	0
趂	8D82	5	0.4157	6.255	0.9008	4	0	0
趃	8D83	5	0.3950	5.990	0.9149	4	0	0
趄	8D84	5	0.4497	5.837	0.9357	3	0	0
超	8D85	5	0.4290	5.968	0.9409	4	1	0
趆	8D86	5	0.4308	6.405	0.9109	4	0	0
趇	8D87	5	0.3891	5.614	0.9248	3	0	0
趈	8D88	5	0.3979	5.315	0.9335	4	0	0
趉	8D89	5	0.4083	5.825	0.9905	4	0	0
越	8D8A	5	0.4393	6.733	0.8997	3	1	1
趋	8D8B	5	0.4024	5.730	0.9633	4	1	1
趌	8D8C	5	0.4216	5.633	0.9730	4	0	0
趍	8D8D	5	0.4216	6.680	0.9000	4	0	0
趎	8D8E	5	0.4216	6.210	0.9073	4	0	0
趏	8D8F	5	0.4157	5.742	0.9243	3	0	0
趐	8D90	5	0.4157	6.946	0.9260	3	0	0
趑	8D91	5	0.3905	6.484	0.8999	4	0	0
趒	8D92	5	0.4379	6.755	0.8797	3	0	0
趓	8D93	5	0.4169	6.145	0.9192	4	0	0
趔	8D94	5	0.4112	6.541	0.9144	4	0	0
趕	8D95	5	0.4305	6.130	0.9600	4	1	1
趖	8D96	5	0.4379	6.427	0.8917	6	0	0
趗	8D97	5	0.4438	6.146	0.9105	4	0	0
趘	8D98	5	0.4527	7.159	0.9106	4	0	0
趙	8D99	5	0.4364	6.375	0.9231	4	1	1
趚	8D9A	5	0.4467	6.317	0.8919	3	0	0
趛	8D9B	5	0.4415	6.661	0.9133	3	0	0
趜	8D9C	5	0.4523	7.079	0.9038	4	0	0
趝	8D9D	5	0.3772	6.867	0.9241	6	0	0
趞	8D9E	5	0.4556	6.192	0.9317	5	0	0
趟	8D9F	5	0.3817	6.578	0.9326	5	0	0
趠	8DA0	5	0.4393	5.995	0.9399	5	0	0
趡	8DA1	5	0.4763	6.216	0.9002	3	0	0
趢	8DA2	5	0.4364	6.505	0.9194	4	0	0
趣	8DA3	5	0.4660	7.011	0.9025	4	1	1
趤	8DA4	5	0.4127	6.029	0.9059	4	0	0
趥	8DA5	5	0.4692	6.885	0.9194	5	0	0
趦	8DA6	5	0.4305	6.945	0.8916	5	0	0
趧	8DA7	5	0.4393	6.642	0.9120	5	0	0
趨	8DA8	5	0.4512	7.336	0.9070	4	1	1
趩	8DA9	5	0.4453	6.986	0.9470	5	0	0
趪	8DAA	5	0.4231	6.957	0.9343	3	0	0
趫	8DAB	5	0.4527	7.406	0.9088	7	0	0
趬	8DAC	5	0.4320	7.203	0.9211	6	0	0
趭	8DAD	5	0.4754	7.144	0.9164	4	0	0
趮	8DAE	5	0.4138	6.912	0.9250	6	0	0
趯	8DAF	5	0.4763	7.862	0.8928	4	0	0
趰	8DB0	5	0.4831	8.686	0.8819	4	0	0
趱	8DB1	5	0.4660	7.874	0.8939	7	0	0
趲	8DB2	5	0.4487	8.393	0.9108	7	0	0
足	8DB3	5	0.3504	4.083	0.9308	2	0	0
趴	8DB4	5	0.3446	4.835	0.9779	2	0	0
趵	8DB5	5	0.3600	5.046	0.9300	3	0	0
趶	8DB6	5	0.3538	4.443	0.9483	2	0	0
趷	8DB7	5	0.3462	5.217	0.9547	3	0	0
趸	8DB8	5	0.4496	5.769	0.9083	3	0	0
趹	8DB9	5	0.3550	5.442	0.9611	2	0	0
趺	8DBA	5	0.3891	5.308	0.9819	2	0	0
趻	8DBB	5	0.3388	5.303	0.9596	4	0	0
趼	8DBC	5	0.4138	5.445	0.9327	3	0	0
趽	8DBD	5	0.3698	5.310	0.9707	2	0	0
趾	8DBE	5	0.3862	4.653	0.9923	2	0	0
趿	8DBF	5	0.4385	6.089	0.9584	2	0	0
跀	8DC0	5	0.4512	4.874	0.9520	2	0	0
跁	8DC1	5	0.4385	5.507	0.9593	2	0	0
跂	8DC2	5	0.4024	5.683	0.9780	3	0	0
跃	8DC3	5	0.3654	5.288	0.9601	3	1	0
跄	8DC4	5	0.3950	5.622	0.9577	3	0	0
跅	8DC5	5	0.3846	5.497	0.9441	2	0	0
跆	8DC6	5	0.3550	5.562	0.9749	3	0	0
跇	8DC7	5	0.4408	5.707	0.9705	2	0	0
跈	8DC8	5	0.3536	5.935	0.9592	2	0	0
跉	8DC9	5	0.3373	5.618	0.9721	4	0	0
跊	8DCA	5	0.3964	5.521	0.9683	2	0	0
跋	8DCB	5	0.4275	6.244	0.9521	2	1	1
跌	8DCC	5	0.3935	5.592	0.9835	3	1	0
跍	8DCD	5	0.3609	4.983	1.0072	3	0	0
跎	8DCE	5	0.3491	5.311	0.9586	3	0	0
跏	8DCF	5	0.4769	6.104	0.9747	3	0	0
跐	8DD0	5	0.4053	6.149	0.9539	3	0	0
跑	8DD1	5	0.4320	5.732	0.9662	3	1	0
跒	8DD2	5	0.4092	5.230	0.9284	3	0	0
跓	8DD3	5	0.3785	4.791	0.9867	3	0	0
跔	8DD4	5	0.4185	5.503	0.9279	3	0	0
跕	8DD5	5	0.3817	4.837	1.0020	3	0	0
跖	8DD6	5	0.3920	5.282	0.9794	2	0	0
跗	8DD7	5	0.3728	5.641	0.9681	3	0	0
跘	8DD8	5	0.3772	5.332	0.9811	2	0	0
跙	8DD9	5	0.4446	5.125	0.9509	2	0	0
跚	8DDA	5	0.4523	6.632	0.9799	2	0	0
跛	8DDB	5	0.4349	6.314	0.9655	2	0	0
跜	8DDC	5	0.4462	5.681	0.9580	3	0	0
距	8DDD	5	0.3990	5.134	0.9576	2	1	0
跞	8DDE	5	0.3846	5.728	0.9635	2	0	0
跟	8DDF	5	0.4662	5.938	0.9711	2	1	0
跠	8DE0	5	0.4556	6.442	0.9672	2	0	0
跡	8DE1	5	0.4112	6.144	0.9605	5	1	0
跢	8DE2	5	0.4024	6.324	0.9244	3	0	0
跣	8DE3	5	0.3964	5.713	0.9527	3	0	0
跤	8DE4	5	0.3609	6.010	0.9233	3	0	0
跥	8DE5	5	0.4400	5.964	0.9598	3	0	0
跦	8DE6	5	0.4098	5.721	0.9647	3	0	0
跧	8DE7	5	0.3935	5.548	0.9414	3	0	0
跨	8DE8	5	0.4172	6.077	0.9462	4	1	1
跩	8DE9	5	0.4660	6.144	0.9703	2	0	0
跪	8DEA	5	0.4290	6.226	0.9544	4	0	0
跫	8DEB	5	0.4688	6.331	0.8719	5	0	0
跬	8DEC	5	0.4046	5.061	0.9911	3	0	0
跭	8DED	5	0.3964	6.142	0.9706	3	0	0
跮	8DEE	5	0.4354	5.489	0.9229	3	0	0
路	8DEF	5	0.4379	5.949	0.9471	3	1	1
跰	8DF0	5	0.4098	5.579	0.9721	5	0	0
跱	8DF1	5	0.3891	5.371	0.9702	3	0	0
跲	8DF2	5	0.4024	5.656	0.9725	4	0	0
跳	8DF3	5	0.4334	6.423	0.9132	2	1	1
跴	8DF4	5	0.4662	5.917	0.9668	2	0	0
践	8DF5	5	0.3891	6.420	0.9165	2	1	1
跶	8DF6	5	0.3789	5.937	0.9373	3	0	0
跷	8DF7	5	0.4038	6.310	0.9448	3	0	0
跸	8DF8	5	0.3639	5.510	0.9808	3	0	0
跹	8DF9	5	0.3538	5.841	0.9171	3	0	0
跺	8DFA	5	0.4215	5.677	0.9608	3	0	0
跻	8DFB	5	0.3861	5.670	0.9701	2	0	0
跼	8DFC	5	0.5136	6.064	0.9301	3	0	0
跽	8DFD	5	0.4215	6.092	0.9368	3	0	0
跾	8DFE	5	0.4216	6.820	0.9023	4	0	0
跿	8DFF	5	0.4246	5.750	0.9599	3	0	0
踀	8E00	5	0.4523	5.498	0.9600	3	0	0
踁	8E01	5	0.4431	6.099	0.9693	6	0	0
踂	8E02	5	0.4754	6.041	0.9134	3	0	0
踃	8E03	5	0.4354	5.975	0.9617	3	0	0
踄	8E04	5	0.3905	5.837	0.9654	3	0	0
踅	8E05	5	0.3757	6.567	0.9078	4	0	0
踆	8E06	5	0.4290	6.909	0.9256	4	0	0
踇	8E07	5	0.4408	6.454	0.9506	3	0	0
踈	8E08	5	0.4586	6.045	0.9703	2	0	0
踉	8E09	5	0.4305	6.075	0.9528	3	0	0
踊	8E0A	5	0.5280	5.803	0.9650	3	1	1
踋	8E0B	5	0.4615	6.121	0.9460	4	0	0
踌	8E0C	5	0.4260	6.284	0.9587	3	0	0
踍	8E0D	5	0.4334	5.883	0.9512	3	0	0
踎	8E0E	5	0.4308	5.820	0.9061	3	0	0
踏	8E0F	5	0.4586	6.428	0.9514	3	1	1
踐	8E10	5	0.4630	7.423	0.9016	3	0	0
踑	8E11	5	0.4364	5.954	0.9561	3	0	0
踒	8E12	5	0.4292	6.644	0.9098	3	0	0
踓	8E13	5	0.4467	5.911	0.9566	2	0	0
踔	8E14	5	0.4364	5.524	0.9748	4	0	0
踕	8E15	5	0.4497	6.563	0.9612	2	0	0
踖	8E16	5	0.4541	5.769	0.9800	4	0	0
踗	8E17	5	0.3698	6.540	0.9557	5	0	0
踘	8E18	5	0.4338	6.418	0.9263	3	0	0
踙	8E19	5	0.4969	6.697	0.9359	3	0	0
踚	8E1A	5	0.4416	6.459	0.9408	4	0	0
踛	8E1B	5	0.4157	5.824	0.9676	4	0	0
踜	8E1C	5	0.4364	6.803	0.9244	4	0	0
踝	8E1D	5	0.4846	6.116	0.9708	2	0	0
踞	8E1E	5	0.4815	5.966	0.9856	4	0	0
踟	8E1F	5	0.4508	6.091	0.9457	3	0	0
踠	8E20	5	0.3861	6.637	0.9215	4	0	0
踡	8E21	5	0.4482	6.778	0.9253	3	0	0
踢	8E22	5	0.5008	6.493	0.9272	4	0	0
踣	8E23	5	0.4201	5.832	0.9586	3	0	0
踤	8E24	5	0.3565	5.712	0.9697	3	0	0
踥	8E25	5	0.4231	6.580	0.9410	3	0	0
踦	8E26	5	0.4260	6.135	0.9906	4	0	0
踧	8E27	5	0.4260	6.785	0.9580	4	0	0
踨	8E28	5	0.3757	6.104	0.9357	2	0	0
踩	8E29	5	0.3994	6.351	0.9568	3	0	0
踪	8E2A	5	0.4009	5.910	0.9632	3	1	1
踫	8E2B	5	0.4323	6.232	0.9438	3	0	0
踬	8E2C	5	0.4600	6.814	0.9485	4	0	0
踭	8E2D	5	0.4186	5.528	0.9672	3	0	0
踮	8E2E	5	0.4482	5.807	1.0101	4	0	0
踯	8E2F	5	0.4423	6.951	0.9434	4	0	0
踰	8E30	5	0.4068	7.324	0.9219	5	0	0
踱	8E31	5	0.4719	6.810	0.9347	3	0	0
踲	8E32	5	0.4882	6.641	0.9584	3	0	0
踳	8E33	5	0.4497	6.443	0.9671	3	0	0
踴	8E34	5	0.4908	6.792	0.9282	4	0	0
踵	8E35	5	0.4896	6.495	0.9741	2	0	0
踶	8E36	5	0.4704	6.306	0.9363	4	0	0
踷	8E37	5	0.4393	6.293	0.9656	3	0	0
踸	8E38	5	0.4645	6.229	0.9618	4	0	0
踹	8E39	5	0.4615	6.370	0.9811	3	0	0
踺	8E3A	5	0.4615	7.310	0.9576	3	0	0
踻	8E3B	5	0.4368	5.917	0.9532	3	0	0
踼	8E3C	5	0.4908	6.564	0.9717	5	0	0
踽	8E3D	5	0.4800	6.486	0.9307	2	0	0
踾	8E3E	5	0.5138	6.044	0.9306	3	0	0
踿	8E3F	5	0.4157	6.974	0.9321	3	0	0
蹀	8E40	5	0.4586	6.306	0.9759	3	0	0
蹁	8E41	5	0.4985	6.928	0.9182	3	0	0
蹂	8E42	5	0.4467	6.673	0.9395	3	0	0
蹃	8E43	5	0.4349	5.811	0.9763	4	0	0
蹄	8E44	5	0.4216	6.012	0.9436	3	1	1
蹅	8E45	5	0.4508	6.115	0.9811	4	0	0
蹆	8E46	5	0.4862	6.790	0.9309	3	0	0
蹇	8E47	5	0.4571	7.486	0.9090	3	0	0
蹈	8E48	5	0.4098	6.483	0.9413	3	1	1
蹉	8E49	5	0.4692	6.421	0.9374	3	0	0
蹊	8E4A	5	0.4379	7.369	0.8981	3	0	0
蹋	8E4B	5	0.4944	7.022	0.9057	2	0	0
蹌	8E4C	5	0.4482	6.879	0.9086	5	0	0
蹍	8E4D	5	0.5031	6.957	0.9238	3	0	0
蹎	8E4E	5	0.4438	7.216	0.9540	4	0	0
蹏	8E4F	5	0.4541	7.440	0.9279	4	0	0
蹐	8E50	5	0.4704	6.868	0.9604	3	0	0
蹑	8E51	5	0.4954	7.245	0.9331	4	0	0
蹒	8E52	5	0.4556	6.975	0.9402	2	0	0
蹓	8E53	5	0.5031	6.947	0.9349	3	0	0
蹔	8E54	5	0.4062	7.350	0.9465	4	0	0
蹕	8E55	5	0.5046	6.175	0.9774	2	0	0
蹖	8E56	5	0.4675	6.634	0.9392	3	0	0
蹗	8E57	5	0.4778	7.000	0.9533	2	0	0
蹘	8E58	5	0.4308	7.385	0.9152	3	0	0
蹙	8E59	5	0.4186	7.841	0.9025	5	0	0
蹚	8E5A	5	0.4719	6.122	0.9612	3	0	0
蹛	8E5B	5	0.4645	6.716	0.9735	4	0	0
蹜	8E5C	5	0.4262	6.362	0.9552	5	0	0
蹝	8E5D	5	0.4334	6.647	0.9402	4	0	0
蹞	8E5E	5	0.4831	6.739	0.9039	3	0	0
蹟	8E5F	5	0.4127	7.226	0.9501	3	1	1
蹠	8E60	5	0.4408	6.741	0.9415	3	0	0
蹡	8E61	5	0.4334	7.255	0.9525	3	0	0
蹢	8E62	5	0.4497	6.714	0.9624	3	0	0
蹣	8E63	5	0.4302	7.025	0.9335	2	0	0
蹤	8E64	5	0.4364	7.030	0.9137	3	1	1
蹥	8E65	5	0.4645	6.856	0.9649	3	0	0
蹦	8E66	5	0.5246	6.715	0.9399	4	0	0
蹧	8E67	5	0.4867	6.759	0.9787	3	0	0
蹨	8E68	5	0.4364	7.505	0.9122	3	0	0
蹩	8E69	5	0.4083	7.943	0.8934	4	0	0
蹪	8E6A	5	0.4349	7.088	0.9659	3	0	0
蹫	8E6B	5	0.4815	7.824	0.8793	4	0	0
蹬	8E6C	5	0.4523	7.000	0.9103	5	0	0
蹭	8E6D	5	0.4615	6.862	0.9423	4	0	0
蹮	8E6E	5	0.5277	6.732	0.9781	2	0	0
蹯	8E6F	5	0.4956	7.168	0.9309	3	0	0
蹰	8E70	5	0.4938	7.084	0.9580	3	0	0
蹱	8E71	5	0.4630	6.693	0.9712	4	0	0
蹲	8E72	5	0.4349	7.243	0.9308	5	0	0
蹳	8E73	5	0.4660	7.716	0.8898	5	0	0
蹴	8E74	5	0.4467	7.173	0.9169	5	1	1
蹵	8E75	5	0.4364	7.610	0.8913	6	0	0
蹶	8E76	5	0.4954	8.132	0.9134	5	0	0
蹷	8E77	5	0.4185	7.733	0.9347	6	0	0
蹸	8E78	5	0.4408	7.330	0.9444	4	0	0
蹹	8E79	5	0.4467	7.787	0.9138	5	0	0
蹺	8E7A	5	0.4320	6.793	0.9455	5	0	0
蹻	8E7B	5	0.4516	7.061	0.9653	6	0	0
蹼	8E7C	5	0.4601	7.139	0.9230	4	0	0
蹽	8E7D	5	0.4408	6.769	0.9261	4	0	0
蹾	8E7E	5	0.4512	7.119	0.9185	5	0	0
蹿	8E7F	5	0.4815	6.802	0.9522	4	0	0
躀	8E80	5	0.4446	7.205	0.9379	3	0	0
躁	8E81	5	0.4808	6.645	0.9376	5	0	0
躂	8E82	5	0.4541	7.302	0.9113	3	0	0
躃	8E83	5	0.4423	6.620	0.9365	3	0	0
躄	8E84	5	0.4145	7.370	0.9438	4	0	0
躅	8E85	5	0.4877	6.837	0.9375	3	0	0
躆	8E86	5	0.4467	7.731	0.9453	3	0	0
躇	8E87	5	0.4734	6.918	0.9062	4	0	0
躈	8E88	5	0.4763	7.266	0.9184	3	0	0
躉	8E89	5	0.4157	8.317	0.9388	5	0	0
躊	8E8A	5	0.4068	7.577	0.9543	5	0	0
躋	8E8B	5	0.4174	7.217	0.9375	3	0	0
躌	8E8C	5	0.4822	7.414	0.9519	4	0	0
躍	8E8D	5	0.4785	7.538	0.9188	3	1	1
躎	8E8E	5	0.5215	8.549	0.8605	3	0	0
躏	8E8F	5	0.4497	7.252	0.9785	3	0	0
躐	8E90	5	0.4174	8.808	0.8829	7	0	0
躑	8E91	5	0.4778	8.290	0.9303	6	0	0
躒	8E92	5	0.4763	7.981	0.8987	4	0	0
躓	8E93	5	0.4334	7.538	0.9460	4	0	0
躔	8E94	5	0.4482	8.121	0.9638	3	0	0
躕	8E95	5	0.4556	7.572	0.9473	7	0	0
躖	8E96	5	0.5092	8.482	0.8730	2	0	0
躗	8E97	5	0.4024	8.092	0.8864	8	0	0
躘	8E98	5	0.5104	7.577	0.9391	2	0	0
躙	8E99	5	0.5312	6.978	0.9563	3	0	0
躚	8E9A	5	0.4778	8.159	0.8910	5	0	0
躛	8E9B	5	0.4009	8.349	0.9397	3	0	0
躜	8E9C	5	0.4586	7.578	0.9313	6	0	0
躝	8E9D	5	0.5184	7.637	0.9585	3	0	0
躞	8E9E	5	0.4290	8.500	0.8858	3	0	0
躟	8E9F	5	0.4749	7.555	0.9953	3	0	0
躠	8EA0	5	0.4157	7.908	0.8949	5	0	0
躡	8EA1	5	0.4938	7.062	0.9428	4	0	0
躢	8EA2	5	0.4992	8.142	0.9315	3	0	0
躣	8EA3	5	0.5092	7.377	0.9571	3	0	0
躤	8EA4	5	0.5148	7.212	0.9440	6	0	0
躥	8EA5	5	0.4320	8.513	0.9081	4	0	0
躦	8EA6	5	0.4512	8.103	0.9683	6	0	0
躧	8EA7	5	0.4969	8.270	0.9075	7	0	0
躨	8EA8	5	0.4985	8.648	0.8995	7	0	0
躩	8EA9	5	0.5138	8.248	0.9044	4	0	0
躪	8EAA	5	0.4808	7.867	0.9436	4	0	0
身	8EAB	5	0.3958	4.953	0.9349	1	0	0
躬	8EAC	5	0.4151	5.466	0.9373	2	0	0
躭	8EAD	5	0.3802	5.644	0.8995	2	0	0
躮	8EAE	5	0.3920	6.010	0.9229	3	0	0
躯	8EAF	5	0.4408	6.321	0.9310	3	0	0
躰	8EB0	5	0.4068	5.851	0.9148	2	0	0
躱	8EB1	5	0.4379	6.462	0.9196	3	0	0
躲	8EB2	5	0.4369	6.141	0.9373	3	0	0
躳	8EB3	5	0.4492	5.633	0.9431	3	0	0
躴	8EB4	5	0.4556	6.399	0.9196	3	0	0
躵	8EB5	5	0.4408	6.907	0.9104	4	0	0
躶	8EB6	5	0.4571	6.582	0.9178	2	0	0
躷	8EB7	5	0.4631	6.880	0.9112	3	0	0
躸	8EB8	5	0.4349	6.291	0.9660	4	0	0
躹	8EB9	5	0.4538	6.858	0.8934	3	0	0
躺	8EBA	5	0.4523	6.609	0.9006	4	0	0
躻	8EBB	5	0.4112	6.150	0.9055	4	0	0
躼	8EBC	5	0.4453	6.620	0.9557	2	0	0
躽	8EBD	5	0.4615	7.499	0.9385	4	0	0
躾	8EBE	5	0.4660	6.618	0.9240	3	0	0
躿	8EBF	5	0.4911	7.472	0.9111	3	0	0
軀	8EC0	5	0.4482	7.019	0.9616	5	0	0
軁	8EC1	5	0.4704	7.378	0.9318	3	0	0
軂	8EC2	5	0.4527	7.762	0.9068	3	0	0
軃	8EC3	5	0.4675	6.823	0.9470	4	0	0
軄	8EC4	5	0.4587	7.630	0.9065	3	0	0
軅	8EC5	5	0.4886	7.540	0.9310	2	0	0
軆	8EC6	5	0.5118	7.231	0.9255	5	0	0
軇	8EC7	5	0.4201	7.795	0.9474	5	0	0
軈	8EC8	5	0.4408	8.290	0.9201	3	0	0
軉	8EC9	5	0.5015	8.202	0.9311	3	0	0
車	8ECA	5	0.4038	4.806	1.0283	1	0	0
軋	8ECB	5	0.3654	4.752	0.9348	2	0	0
軌	8ECC	5	0.3994	5.358	0.9798	2	1	1
軍	8ECD	5	0.4900	5.286	0.9355	2	1	0
軎	8ECE	5	0.4157	6.145	0.9765	2	0	0
軏	8ECF	5	0.4216	5.554	0.9591	2	0	0
軐	8ED0	5	0.4142	5.415	0.9482	3	0	0
軑	8ED1	5	0.3831	5.212	0.9593	2	0	0
軒	8ED2	5	0.3713	4.750	0.9636	2	1	1
軓	8ED3	5	0.4112	5.817	0.9388	3	0	0
軔	8ED4	5	0.4523	6.090	0.8846	3	0	0
軕	8ED5	5	0.4400	5.192	0.9929	2	0	0
軖	8ED6	5	0.3861	5.032	0.9784	2	0	0
軗	8ED7	5	0.4497	6.151	0.9410	3	0	0
軘	8ED8	5	0.4349	5.606	0.9502	2	0	0
軙	8ED9	5	0.4127	5.652	0.9798	2	0	0
軚	8EDA	5	0.4142	5.582	0.9406	3	0	0
軛	8EDB	5	0.4393	6.111	0.9347	3	0	0
軜	8EDC	5	0.4708	5.726	0.9316	2	0	0
軝	8EDD	5	0.4453	5.938	0.9555	2	0	0
軞	8EDE	5	0.4098	5.692	0.9392	2	0	0
軟	8EDF	5	0.3964	5.832	0.9662	2	1	1
軠	8EE0	5	0.3757	5.082	0.9687	3	0	0
軡	8EE1	5	0.3669	5.436	0.9446	4	0	0
転	8EE2	5	0.3979	5.481	0.9544	3	1	1
軣	8EE3	5	0.4263	6.782	0.9698	2	0	0
軤	8EE4	5	0.4127	5.680	0.9581	2	0	0
軥	8EE5	5	0.4492	5.667	0.9231	3	0	0
軦	8EE6	5	0.4556	5.756	0.9556	3	0	0
軧	8EE7	5	0.4379	6.209	0.9261	3	0	0
軨	8EE8	5	0.3757	5.808	0.9389	4	0	0
軩	8EE9	5	0.4349	5.662	0.9545	3	0	0
軪	8EEA	5	0.4477	6.570	0.9032	3	0	0
軫	8EEB	5	0.3861	6.128	0.9195	2	0	0
軬	8EEC	5	0.4246	6.909	0.9603	2	0	0
軭	8EED	5	0.4408	6.101	0.9904	3	0	0
軮	8EEE	5	0.4349	5.803	0.9379	2	0	0
軯	8EEF	5	0.4068	5.443	0.9857	2	0	0
軰	8EF0	5	0.3876	6.681	0.9930	3	0	0
軱	8EF1	5	0.4216	6.740	0.9490	2	0	0
軲	8EF2	5	0.4275	5.067	0.9792	3	0	0
軳	8EF3	5	0.4586	6.226	0.9266	3	0	0
軴	8EF4	5	0.3935	5.192	0.9741	3	0	0
軵	8EF5	5	0.4142	5.841	0.9516	3	0	0
軶	8EF6	5	0.4601	6.788	0.9392	3	0	0
軷	8EF7	5	0.4497	6.506	0.9288	2	0	0
軸	8EF8	5	0.4892	5.505	0.9527	2	1	1
軹	8EF9	5	0.4098	5.630	0.9496	3	0	0
軺	8EFA	5	0.4769	5.863	0.9287	3	0	0
軻	8EFB	5	0.4305	5.543	0.9540	3	0	0
軼	8EFC	5	0.4379	5.943	0.9384	3	0	0
軽	8EFD	5	0.4660	6.253	0.9134	3	1	1
軾	8EFE	5	0.4231	5.921	0.9322	3	0	0
軿	8EFF	5	0.4053	5.731	0.9697	5	0	0
輀	8F00	5	0.4345	6.479	0.9978	2	0	0
輁	8F01	5	0.4349	5.781	0.9481	3	0	0
輂	8F02	5	0.4586	6.615	0.9826	3	0	0
較	8F03	5	0.4142	6.315	0.9186	3	1	1
輄	8F04	5	0.4024	6.067	0.9540	4	0	0
輅	8F05	5	0.4719	6.123	0.9077	3	0	0
輆	8F06	5	0.4260	6.360	0.9283	4	0	0
輇	8F07	5	0.4216	5.944	0.8939	3	0	0
輈	8F08	5	0.4393	6.180	0.9378	2	0	0
載	8F09	5	0.4815	6.860	0.9350	2	1	1
輊	8F0A	5	0.4453	6.040	0.9268	3	0	0
輋	8F0B	5	0.4402	6.818	0.9800	3	0	0
輌	8F0C	5	0.4334	6.781	0.9756	2	1	1
輍	8F0D	5	0.4349	6.240	0.9431	2	0	0
輎	8F0E	5	0.4815	6.213	0.9248	3	0	0
輏	8F0F	5	0.4846	6.533	0.9201	2	0	0
輐	8F10	5	0.4393	6.118	0.9336	4	0	0
輑	8F11	5	0.4837	6.016	0.9813	3	0	0
輒	8F12	5	0.4127	6.231	0.9970	3	0	0
輓	8F13	5	0.4867	6.255	0.9285	3	0	0
輔	8F14	5	0.5207	6.472	0.9331	2	1	1
輕	8F15	5	0.4556	6.769	0.9347	6	1	1
輖	8F16	5	0.5138	6.609	0.9602	3	0	0
輗	8F17	5	0.4453	6.113	0.9312	3	0	0
輘	8F18	5	0.4453	6.961	0.9168	4	0	0
輙	8F19	5	0.4558	6.919	0.9505	3	0	0
輚	8F1A	5	0.4467	7.371	0.8975	3	0	0
輛	8F1B	5	0.4556	7.359	0.9069	3	1	1
輜	8F1C	5	0.4970	7.220	0.9402	5	0	0
輝	8F1D	5	0.4305	6.699	0.9732	5	1	1
輞	8F1E	5	0.4492	6.583	0.9459	3	0	0
輟	8F1F	5	0.4571	7.851	0.9234	5	0	0
輠	8F20	5	0.4882	6.450	0.9719	2	0	0
輡	8F21	5	0.4646	6.256	0.9385	3	0	0
輢	8F22	5	0.4438	6.224	0.9733	4	0	0
輣	8F23	5	0.4954	7.348	0.9159	3	0	0
輤	8F24	5	0.5000	6.458	0.9469	2	0	0
輥	8F25	5	0.4852	6.612	0.9075	3	0	0
輦	8F26	5	0.4438	7.518	0.9618	2	0	0
輧	8F27	5	0.4393	5.918	0.9163	5	0	0
輨	8F28	5	0.4677	5.927	0.9643	3	0	0
輩	8F29	5	0.3750	7.296	1.0030	2	1	1
輪	8F2A	5	0.4630	6.798	0.9366	4	1	1
輫	8F2B	5	0.4068	5.865	0.9639	2	0	0
輬	8F2C	5	0.4216	6.092	0.9484	4	0	0
輭	8F2D	5	0.4379	6.712	0.9799	3	0	0
輮	8F2E	5	0.4586	6.801	0.9331	3	0	0
輯	8F2F	5	0.4911	6.260	0.9155	3	1	1
輰	8F30	5	0.4896	6.950	0.9574	5	0	0
輱	8F31	5	0.4675	7.346	0.9188	4	0	0
輲	8F32	5	0.4031	6.510	0.9984	3	0	0
輳	8F33	5	0.4941	6.923	0.9275	4	0	0
輴	8F34	5	0.5015	6.895	0.9622	3	0	0
輵	8F35	5	0.5007	6.895	0.8932	5	0	0
輶	8F36	5	0.4837	6.885	0.9218	4	0	0
輷	8F37	5	0.4138	6.828	0.9535	3	0	0
輸	8F38	5	0.4160	7.515	0.9506	5	1	1
輹	8F39	5	0.4822	6.870	0.9294	3	0	0
輺	8F3A	5	0.5207	7.058	0.9401	6	0	0
輻	8F3B	5	0.5207	6.284	0.9701	3	1	1
輼	8F3C	5	0.5237	6.337	0.9621	3	0	0
輽	8F3D	5	0.4882	6.925	0.9247	3	0	0
輾	8F3E	5	0.5059	7.234	0.9065	3	0	0
輿	8F3F	5	0.4467	6.521	0.9495	2	1	1
轀	8F40	5	0.5133	6.962	0.9420	2	0	0
轁	8F41	5	0.4571	6.690	0.9379	3	0	0
轂	8F42	5	0.3985	7.510	0.9571	2	0	0
轃	8F43	5	0.4675	7.158	0.9000	3	0	0
轄	8F44	5	0.4941	6.607	0.9038	3	1	1
轅	8F45	5	0.4660	6.809	0.9349	5	0	0
轆	8F46	5	0.4793	7.356	0.9142	2	0	0
轇	8F47	5	0.4231	7.921	0.9140	3	0	0
轈	8F48	5	0.4882	7.577	0.9391	5	0	0
轉	8F49	5	0.4763	6.976	0.9483	3	1	1
轊	8F4A	5	0.4926	6.635	0.9422	4	0	0
轋	8F4B	5	0.4896	6.883	0.9276	3	0	0
轌	8F4C	5	0.4587	6.740	0.9598	3	0	0
轍	8F4D	5	0.4689	7.389	0.9187	2	0	0
轎	8F4E	5	0.5028	7.236	0.9539	6	0	0
轏	8F4F	5	0.4630	7.554	0.9034	5	0	0
轐	8F50	5	0.5044	7.134	0.9247	4	0	0
轑	8F51	5	0.4423	6.850	0.9882	4	0	0
轒	8F52	5	0.5000	7.142	0.9263	4	0	0
轓	8F53	5	0.5251	7.295	0.9306	3	0	0
轔	8F54	5	0.4541	7.418	0.9271	4	0	0
轕	8F55	5	0.4586	7.381	0.8963	6	0	0
轖	8F56	5	0.4911	7.308	0.9395	4	0	0
轗	8F57	5	0.4497	7.994	0.9286	5	0	0
轘	8F58	5	0.5015	7.392	0.9392	3	0	0
轙	8F59	5	0.4786	7.773	0.9159	3	0	0
轚	8F5A	5	0.4446	8.969	0.9626	2	0	0
轛	8F5B	5	0.4246	7.264	0.9292	3	0	0
轜	8F5C	5	0.4793	7.452	0.9548	3	0	0
轝	8F5D	5	0.4231	7.443	0.9876	3	0	0
轞	8F5E	5	0.5133	7.206	0.9132	3	0	0
轟	8F5F	5	0.4290	8.433	0.9783	2	1	1
轠	8F60	5	0.5446	7.335	0.9550	4	0	0
轡	8F61	5	0.4127	8.191	0.8930	5	0	0
轢	8F62	5	0.4896	7.956	0.8823	4	0	0
轣	8F63	5	0.4970	7.913	0.9040	5	0	0
轤	8F64	5	0.4985	8.031	0.9363	3	0	0
轥	8F65	5	0.5415	7.956	0.8913	4	0	0
车	8F66	5	0.3029	3.821	0.9761	1	1	0
轧	8F67	5	0.2977	4.199	0.9684	2	0	0
轨	8F68	5	0.3358	4.899	0.9735	2	1	0
轩	8F69	5	0.3284	4.228	0.9507	2	0	0
轪	8F6A	5	0.3585	4.860	0.9513	2	0	0
轫	8F6B	5	0.3954	5.543	0.9169	3	0	0
转	8F6C	5	0.3609	5.202	0.9649	2	1	1
轭	8F6D	5	0.4186	5.786	0.9572	3	0	0
轮	8F6E	5	0.3554	5.286	0.9258	3	1	0
软	8F6F	5	0.3565	5.346	0.9281	2	1	0
轰	8F70	5	0.4393	6.631	0.9078	3	1	1
轱	8F71	5	0.3639	4.855	0.9507	3	0	0
轲	8F72	5	0.3521	5.028	0.9791	3	0	0
轳	8F73	5	0.3385	4.628	0.9733	3	0	0
轴	8F74	5	0.4262	5.059	0.9819	2	1	1
轵	8F75	5	0.3569	4.982	0.9749	3	0	0
轶	8F76	5	0.3802	5.427	0.9603	3	0	0
轷	8F77	5	0.3683	5.236	0.9843	2	0	0
轸	8F78	5	0.3328	5.712	0.9697	2	0	0
轹	8F79	5	0.3743	5.603	0.9610	2	0	0
轺	8F7A	5	0.3969	5.479	0.8929	3	0	0
轻	8F7B	5	0.3757	5.361	0.9255	2	1	1
轼	8F7C	5	0.3772	5.510	0.9563	3	0	0
载	8F7D	5	0.4477	6.499	0.9202	2	1	1
轾	8F7E	5	0.3964	5.598	0.9310	3	0	0
轿	8F7F	5	0.3698	5.625	0.9709	4	0	0
辀	8F80	5	0.3935	5.789	0.9601	2	0	0
辁	8F81	5	0.3817	5.500	0.9266	3	0	0
辂	8F82	5	0.4157	5.914	0.9299	3	0	0
较	8F83	5	0.3580	5.832	0.9398	3	1	1
辄	8F84	5	0.4231	5.882	0.9453	2	0	0
辅	8F85	5	0.4423	6.099	0.9522	2	1	1
辆	8F86	5	0.4320	6.418	0.9109	2	1	1
辇	8F87	5	0.4305	6.443	0.9312	2	0	0
辈	8F88	5	0.3728	6.056	0.9590	2	0	0
辉	8F89	5	0.4068	6.177	0.9402	5	1	1
辊	8F8A	5	0.4423	6.111	0.9377	3	0	0
辋	8F8B	5	0.4446	6.256	0.9441	3	0	0
辌	8F8C	5	0.3994	5.738	0.9719	4	0	0
辍	8F8D	5	0.4467	7.581	0.9056	5	0	0
辎	8F8E	5	0.4538	6.771	0.9066	5	0	0
辏	8F8F	5	0.4408	6.673	0.9395	4	0	0
辐	8F90	5	0.4704	6.164	0.9672	3	0	0
辑	8F91	5	0.4527	5.810	0.9632	3	1	1
辒	8F92	5	0.4734	5.942	0.9710	3	0	0
输	8F93	5	0.4216	6.624	0.9319	5	1	1
辔	8F94	5	0.4439	6.955	0.9184	4	0	0
辕	8F95	5	0.4201	6.323	0.9367	5	0	0
辖	8F96	5	0.4188	5.967	0.9517	3	1	1
辗	8F97	5	0.4675	6.903	0.8748	3	0	0
辘	8F98	5	0.4749	6.895	0.9092	2	0	0
辙	8F99	5	0.4689	7.168	0.8934	2	0	0
辚	8F9A	5	0.4246	7.042	0.9203	4	0	0
辛	8F9B	5	0.2981	3.931	1.0030	1	0	0
辜	8F9C	5	0.4215	5.975	0.9819	3	0	0
辝	8F9D	5	0.3580	5.547	0.9301	3	0	0
辞	8F9E	5	0.3831	5.394	0.9492	2	1	1
辟	8F9F	5	0.3917	5.488	0.9294	2	1	1
辠	8FA0	5	0.4012	6.333	0.9757	2	0	0
辡	8FA1	5	0.3491	5.594	0.8992	2	0	0
辢	8FA2	5	0.3817	5.727	0.9370	2	0	0
辣	8FA3	5	0.4201	6.178	0.9183	2	1	1
辤	8FA4	5	0.3920	6.526	0.9003	3	0	0
辥	8FA5	5	0.4172	6.177	0.9113	3	0	0
辦	8FA6	5	0.3846	6.784	0.9341	3	1	1
辧	8FA7	5	0.4231	6.971	0.9162	3	0	0
辨	8FA8	5	0.3713	6.466	0.9104	3	1	1
辩	8FA9	5	0.3713	6.119	0.9208	3	1	1
辪	8FAA	5	0.4003	5.931	0.9538	3	0	0
辫	8FAB	5	0.3609	6.630	0.9282	3	0	0
辬	8FAC	5	0.3787	6.755	0.9225	3	0	0
辭	8FAD	5	0.4092	7.684	0.8605	2	1	1
辮	8FAE	5	0.4060	7.437	0.8869	3	0	0
辯	8FAF	5	0.3891	6.769	0.9342	3	1	1
辰	8FB0	5	0.3815	5.164	0.9503	1	0	0
辱	8FB1	5	0.4077	6.118	0.9177	2	1	0
農	8FB2	5	0.4569	7.105	0.9785	2	1	1
辳	8FB3	5	0.4527	7.433	0.9288	3	0	0
辴	8FB4	5	0.5108	7.290	0.9468	4	0	0
辵	8FB5	5	0.3338	5.165	0.9371	1	0	0
辶	8FB6	5	0.1524	2.353	0.8407	1	0	0
辷	8FB7	5	0.1952	3.094	0.8849	2	0	0
辸	8FB8	5	0.3169	5.221	0.9134	2	0	0
边	8FB9	5	0.3269	4.759	0.9174	2	1	0
辺	8FBA	5	0.3138	4.837	0.9087	2	1	0
辻	8FBB	5	0.2470	4.104	0.8891	2	1	0
込	8FBC	5	0.2600	4.493	0.8742	2	1	0
辽	8FBD	5	0.2738	4.116	0.8992	2	1	0
达	8FBE	5	0.2985	5.021	0.8836	2	1	0
辿	8FBF	5	0.3195	4.984	0.9106	2	0	0
迀	8FC0	5	0.3323	4.582	0.8807	2	0	0
迁	8FC1	5	0.2811	4.642	0.8890	2	1	0
迂	8FC2	5	0.3169	4.743	0.8931	2	0	0
迃	8FC3	5	0.3365	5.246	0.8806	3	0	0
迄	8FC4	5	0.3432	5.538	0.8890	3	1	0
迅	8FC5	5	0.3338	5.114	0.8731	3	1	0
迆	8FC6	5	0.3580	5.642	0.9134	2	0	0
过	8FC7	5	0.2862	4.454	0.8798	2	1	0
迈	8FC8	5	0.3385	5.031	0.8913	2	1	0
迉	8FC9	5	0.2908	4.283	0.8921	2	0	0
迊	8FCA	5	0.3654	5.549	0.9046	3	0	0
迋	8FCB	5	0.3523	5.029	0.8796	2	0	0
迌	8FCC	5	0.3662	4.932	0.9383	2	0	0
迍	8FCD	5	0.3491	5.273	0.9242	2	0	0
迎	8FCE	5	0.3550	5.370	0.9236	3	1	0
迏	8FCF	5	0.3195	5.134	0.9102	3	0	0
运	8FD0	5	0.3388	5.448	0.8744	3	1	0
近	8FD1	5	0.3018	4.745	0.8804	2	1	0
迒	8FD2	5	0.3246	5.253	0.8713	3	0	0
迓	8FD3	5	0.3609	5.582	0.8998	2	0	0
返	8FD4	5	0.3476	5.950	0.8826	3	1	0
迕	8FD5	5	0.3107	4.922	0.8790	3	0	0
迖	8FD6	5	0.3047	5.022	0.9037	2	0	0
迗	8FD7	5	0.3477	5.124	0.9118	3	0	0
还	8FD8	5	0.3277	4.935	0.9057	2	1	0
这	8FD9	5	0.3269	5.220	0.9100	2	1	0
迚	8FDA	5	0.3669	5.003	0.9071	2	0	0
进	8FDB	5	0.3624	5.048	0.9219	2	1	0
远	8FDC	5	0.3369	5.103	0.8557	3	1	0
违	8FDD	5	0.3609	5.338	0.9294	2	1	0
连	8FDE	5	0.3743	5.176	0.9102	2	1	0
迟	8FDF	5	0.3338	5.022	0.9174	2	0	0
迠	8FE0	5	0.3151	4.846	0.9127	3	0	0
迡	8FE1	5	0.3923	5.690	0.9192	3	0	0
迢	8FE2	5	0.3757	5.820	0.8987	3	0	0
迣	8FE3	5	0.3950	5.646	0.9104	2	0	0
迤	8FE4	5	0.3817	6.237	0.9110	2	0	0
迥	8FE5	5	0.3964	5.889	0.9143	3	0	0
迦	8FE6	5	0.3757	6.083	0.9421	3	1	0
迧	8FE7	5	0.3624	5.028	0.8988	2	0	0
迨	8FE8	5	0.3447	5.668	0.8905	3	0	0
迩	8FE9	5	0.3180	5.489	0.8738	3	0	0
迪	8FEA	5	0.3698	5.388	0.9172	2	1	0
迫	8FEB	5	0.3402	5.056	0.8887	2	1	0
迬	8FEC	5	0.3269	5.262	0.8917	3	0	0
迭	8FED	5	0.3491	5.598	0.8993	3	0	0
迮	8FEE	5	0.3047	4.996	0.8931	2	0	0
迯	8FEF	5	0.3462	5.745	0.8879	3	0	0
述	8FF0	5	0.3269	5.609	0.8977	3	1	0
迱	8FF1	5	0.3314	5.329	0.8877	3	0	0
迲	8FF2	5	0.3550	5.410	0.8993	3	0	0
迳	8FF3	5	0.3702	5.508	0.8688	2	0	0
迴	8FF4	5	0.4068	6.001	0.9293	3	1	0
迵	8FF5	5	0.4024	6.224	0.9084	3	0	0
迶	8FF6	5	0.3905	5.844	0.8621	3	0	0
迷	8FF7	5	0.3550	5.981	0.8955	2	1	0
迸	8FF8	5	0.3609	5.760	0.8816	5	0	0
迹	8FF9	5	0.3536	5.996	0.9013	5	1	0
迺	8FFA	5	0.4157	6.267	0.9044	2	0	0
迻	8FFB	5	0.3492	6.379	0.8764	3	0	0
迼	8FFC	5	0.3631	4.984	0.9394	3	0	0
追	8FFD	5	0.3580	5.462	0.9088	2	1	0
迾	8FFE	5	0.3536	6.363	0.8946	3	0	0
迿	8FFF	5	0.3373	5.583	0.9404	3	0	0
退	9000	5	0.3938	6.109	0.9014	2	1	0
送	9001	5	0.3536	5.731	0.8711	3	1	0
适	9002	5	0.3683	5.664	0.8930	2	1	0
逃	9003	5	0.3565	6.150	0.8943	2	1	0
逄	9004	5	0.3892	6.440	0.8884	3	0	0
逅	9005	5	0.3817	6.005	0.9131	3	0	0
逆	9006	5	0.3491	5.510	0.8823	3	1	0
逇	9007	5	0.3831	6.255	0.9131	3	0	0
逈	9008	5	0.3432	5.774	0.9126	3	0	0
选	9009	5	0.3565	5.486	0.9009	3	1	0
逊	900A	5	0.3772	6.181	0.9053	3	1	1
逋	900B	5	0.4379	6.325	0.8969	2	0	0
逌	900C	5	0.3935	5.893	0.9073	4	0	0
逍	900D	5	0.3787	6.006	0.9050	3	0	0
逎	900E	5	0.4379	6.596	0.9300	2	0	0
透	900F	5	0.4038	6.797	0.8745	3	1	1
逐	9010	5	0.3802	6.609	0.8455	2	1	0
逑	9011	5	0.3698	6.442	0.8628	2	0	0
递	9012	5	0.4108	5.946	0.8792	5	1	1
逓	9013	5	0.4349	6.524	0.8900	3	0	0
途	9014	5	0.3698	6.170	0.9039	4	1	1
逕	9015	5	0.3861	6.628	0.8908	6	0	0
逖	9016	5	0.3787	6.994	0.8771	3	0	0
逗	9017	5	0.3861	6.111	0.8874	4	1	0
逘	9018	5	0.3891	6.556	0.8829	3	0	0
這	9019	5	0.3713	6.197	0.9122	2	1	0
通	901A	5	0.4512	6.463	0.9076	3	1	1
逛	901B	5	0.3905	6.301	0.8942	3	0	0
逜	901C	5	0.4308	5.982	0.8800	3	0	0
逝	901D	5	0.3802	5.974	0.8993	3	1	1
逞	901E	5	0.4077	6.099	0.8673	3	0	0
速	901F	5	0.4009	6.217	0.8946	2	1	0
造	9020	5	0.3698	5.754	0.9040	3	1	0
逡	9021	5	0.3708	6.876	0.8597	4	0	0
逢	9022	5	0.3861	6.757	0.8807	3	1	1
連	9023	5	0.4379	6.199	0.9234	2	1	1
逤	9024	5	0.3151	5.986	0.8867	4	0	0
逥	9025	5	0.4231	6.068	0.9127	3	0	0
逦	9026	5	0.4438	6.956	0.9262	6	0	0
逧	9027	5	0.3713	6.290	0.8866	2	0	0
逨	9028	5	0.3728	6.607	0.8820	2	0	0
逩	9029	5	0.3905	6.453	0.8814	4	0	0
逪	902A	5	0.4157	6.112	0.9062	4	0	0
逫	902B	5	0.4492	7.841	0.8316	5	0	0
逬	902C	5	0.3580	5.796	0.8740	5	0	0
逭	902D	5	0.4142	6.064	0.9292	3	0	0
逮	902E	5	0.4172	6.816	0.8963	2	1	1
逯	902F	5	0.3831	6.646	0.8855	3	0	0
逰	9030	5	0.3861	5.976	0.8979	3	0	0
週	9031	5	0.3994	6.719	0.8725	3	1	1
進	9032	5	0.4053	6.012	0.8893	2	1	1
逳	9033	5	0.3905	6.353	0.9111	4	0	0
逴	9034	5	0.4009	5.899	0.9105	4	0	0
逵	9035	5	0.3935	6.433	0.9207	4	0	0
逶	9036	5	0.4305	7.264	0.8683	3	0	0
逷	9037	5	0.3905	6.850	0.9152	4	0	0
逸	9038	5	0.3920	6.386	0.8853	4	1	1
逹	9039	5	0.3817	6.048	0.8903	3	0	0
逺	903A	5	0.3876	6.364	0.9036	3	0	0
逻	903B	5	0.3994	5.850	0.8744	3	1	0
逼	903C	5	0.3877	6.633	0.9190	3	1	1
逽	903D	5	0.4077	5.861	0.8962	4	0	0
逾	903E	5	0.3817	7.001	0.8746	5	1	1
逿	903F	5	0.4393	7.204	0.9263	5	0	0
遀	9040	5	0.3536	6.517	0.9001	2	0	0
遁	9041	5	0.4112	6.664	0.9184	3	0	0
遂	9042	5	0.3831	6.905	0.8823	2	1	1
遃	9043	5	0.3846	7.338	0.8619	4	0	0
遄	9044	5	0.3891	6.287	0.9237	3	0	0
遅	9045	5	0.4538	6.604	0.8947	2	1	1
遆	9046	5	0.3923	5.949	0.8888	3	0	0
遇	9047	5	0.4260	6.599	0.9264	3	1	1
遈	9048	5	0.3815	6.087	0.9016	4	0	0
遉	9049	5	0.3831	6.406	0.8826	3	0	0
遊	904A	5	0.3876	6.578	0.8912	3	1	1
運	904B	5	0.4393	6.908	0.8873	3	1	1
遌	904C	5	0.4185	6.587	0.8962	5	0	0
遍	904D	5	0.4231	6.953	0.9149	3	1	1
過	904E	5	0.3654	6.247	0.8936	3	1	1
遏	904F	5	0.4053	6.867	0.8947	5	0	0
遐	9050	5	0.4231	6.822	0.8762	3	0	0
遑	9051	5	0.4009	6.483	0.9156	3	0	0
遒	9052	5	0.4277	7.012	0.8983	4	0	0
道	9053	5	0.3802	6.127	0.8912	2	1	0
達	9054	5	0.4290	6.537	0.9005	2	1	1
違	9055	5	0.3979	6.630	0.9195	4	1	1
遖	9056	5	0.4142	6.597	0.8895	3	0	0
遗	9057	5	0.3920	6.456	0.9323	3	1	1
遘	9058	5	0.4142	7.112	0.9243	3	0	0
遙	9059	5	0.4068	6.860	0.8662	2	1	1
遚	905A	5	0.4127	6.570	0.9104	3	0	0
遛	905B	5	0.4527	7.126	0.9013	3	0	0
遜	905C	5	0.4127	7.331	0.8683	4	1	1
遝	905D	5	0.3861	6.772	0.8302	3	0	0
遞	905E	5	0.3979	7.467	0.8817	4	1	1
遟	905F	5	0.4446	6.684	0.8460	3	0	0
遠	9060	5	0.4112	6.623	0.9086	5	1	1
遡	9061	5	0.4246	7.264	0.9102	4	1	1
遢	9062	5	0.3831	7.580	0.8851	2	0	0
遣	9063	5	0.3698	6.847	0.9178	2	1	1
遤	9064	5	0.3950	6.579	0.8887	2	0	0
遥	9065	5	0.3994	6.495	0.8853	2	1	1
遦	9066	5	0.4108	7.464	0.8793	3	0	0
遧	9067	5	0.4127	6.801	0.9285	3	0	0
遨	9068	5	0.4320	7.090	0.8733	4	0	0
適	9069	5	0.3876	6.617	0.9272	3	1	1
遪	906A	5	0.3923	7.874	0.8648	3	0	0
遫	906B	5	0.4062	6.957	0.9116	3	0	0
遬	906C	5	0.4098	7.209	0.8884	3	0	0
遭	906D	5	0.4157	7.015	0.9333	3	1	1
遮	906E	5	0.3905	6.553	0.9067	3	1	1
遯	906F	5	0.4415	7.816	0.8844	3	0	0
遰	9070	5	0.4482	7.027	0.9059	4	0	0
遱	9071	5	0.4275	7.427	0.9037	3	0	0
遲	9072	5	0.4201	7.384	0.8648	3	1	1
遳	9073	5	0.4009	6.505	0.9135	6	0	0
遴	9074	5	0.4290	7.508	0.8704	4	0	0
遵	9075	5	0.4169	7.532	0.8839	5	1	1
遶	9076	5	0.3905	7.258	0.9088	5	0	0
遷	9077	5	0.4393	7.542	0.8974	4	1	1
選	9078	5	0.4231	7.344	0.8706	5	1	1
遹	9079	5	0.3877	7.584	0.8862	4	0	0
遺	907A	5	0.3920	7.476	0.9159	3	1	1
遻	907B	5	0.3938	6.131	0.9012	2	0	0
遼	907C	5	0.4053	7.079	0.8937	4	1	1
遽	907D	5	0.3979	8.171	0.8967	3	0	0
遾	907E	5	0.4186	7.024	0.9035	6	0	0
避	907F	5	0.4142	6.787	0.8756	3	1	1
邀	9080	5	0.4231	7.366	0.8851	3	1	1
邁	9081	5	0.4186	7.078	0.9102	4	1	1
邂	9082	5	0.4482	7.541	0.8900	3	0	0
邃	9083	5	0.4083	8.021	0.8581	4	0	0
還	9084	5	0.4142	7.389	0.8883	3	1	1
邅	9085	5	0.3905	7.583	0.9276	4	0	0
邆	9086	5	0.4000	6.898	0.8837	5	0	0
邇	9087	5	0.4615	8.494	0.8377	3	0	0
邈	9088	5	0.4349	8.043	0.8727	4	0	0
邉	9089	5	0.3905	7.534	0.9237	5	0	0
邊	908A	5	0.3964	7.942	0.8911	5	1	1
邋	908B	5	0.4172	8.675	0.8468	7	0	0
邌	908C	5	0.4098	8.369	0.8640	4	0	0
邍	908D	5	0.4467	8.947	0.8555	5	0	0
邎	908E	5	0.4038	8.745	0.8730	2	0	0
邏	908F	5	0.4586	8.401	0.8876	4	1	1
邐	9090	5	0.4497	8.758	0.8931	7	0	0
邑	9091	5	0.4473	4.352	0.9768	1	0	0
邒	9092	5	0.3083	4.000	0.9785	2	0	0
邓	9093	5	0.3376	4.842	0.9499	2	1	0
邔	9094	5	0.3440	4.387	0.9483	2	0	0
邕	9095	5	0.3942	6.343	0.9073	4	0	0
邖	9096	5	0.3754	4.726	1.0029	2	0	0
邗	9097	5	0.3344	4.006	0.9386	2	0	0
邘	9098	5	0.3424	4.138	0.9376	2	0	0
邙	9099	5	0.3033	4.335	0.9893	2	0	0
邚	909A	5	0.3549	5.075	0.9250	2	0	0
邛	909B	5	0.3431	4.084	0.9795	2	0	0
邜	909C	5	0.3328	4.957	0.9738	2	0	0
邝	909D	5	0.2800	4.006	0.9385	2	0	0
邞	909E	5	0.3417	5.017	0.9774	2	0	0
邟	909F	5	0.3314	5.073	0.9591	3	0	0
邠	90A0	5	0.3506	5.619	0.9280	3	0	0
邡	90A1	5	0.3580	5.242	0.9437	2	0	0
邢	90A2	5	0.3954	5.014	0.9747	3	0	0
那	90A3	5	0.4231	5.434	0.9513	2	1	0
邤	90A4	5	0.3400	4.899	0.9428	2	0	0
邥	90A5	5	0.3550	5.252	0.9695	2	0	0
邦	90A6	5	0.3585	5.070	0.9664	2	1	0
邧	90A7	5	0.3664	5.112	0.9154	3	0	0
邨	90A8	5	0.3683	5.436	0.9592	2	1	0
邩	90A9	5	0.3462	5.096	0.9207	2	0	0
邪	90AA	5	0.3785	5.334	0.9328	2	1	0
邫	90AB	5	0.4215	5.558	0.9477	2	0	0
邬	90AC	5	0.3624	5.398	0.9868	3	0	0
邭	90AD	5	0.3787	5.394	0.9697	3	0	0
邮	90AE	5	0.4071	5.024	0.9771	2	1	0
邯	90AF	5	0.3935	5.170	0.9820	2	0	0
邰	90B0	5	0.3877	5.492	0.9401	3	0	0
邱	90B1	5	0.3447	5.073	0.9500	2	1	0
邲	90B2	5	0.3846	6.174	0.9407	2	0	0
邳	90B3	5	0.3708	5.557	0.9365	3	0	0
邴	90B4	5	0.4123	5.966	0.9009	3	0	0
邵	90B5	5	0.4046	5.348	0.9737	3	1	0
邶	90B6	5	0.3704	5.500	0.9324	3	0	0
邷	90B7	5	0.4031	5.497	0.9707	2	0	0
邸	90B8	5	0.3876	5.871	0.9363	3	1	0
邹	90B9	5	0.3817	5.337	0.9910	3	0	0
邺	90BA	5	0.3536	5.782	0.9746	2	0	0
邻	90BB	5	0.3323	5.317	0.9383	4	1	0
邼	90BC	5	0.4256	5.276	0.9288	3	0	0
邽	90BD	5	0.3862	5.238	0.9669	3	0	0
邾	90BE	5	0.3831	5.590	0.9530	3	0	0
邿	90BF	5	0.3846	5.254	0.9473	3	0	0
郀	90C0	5	0.4119	5.992	0.8734	4	0	0
郁	90C1	5	0.4323	5.606	0.9566	3	1	0
郂	90C2	5	0.3462	6.039	0.9238	4	0	0
郃	90C3	5	0.3683	5.610	0.9645	4	0	0
郄	90C4	5	0.4083	6.563	0.9208	2	0	0
郅	90C5	5	0.4123	5.749	0.9559	3	0	0
郆	90C6	5	0.3954	5.145	0.9660	3	0	0
郇	90C7	5	0.4009	5.565	0.9779	3	0	0
郈	90C8	5	0.3831	5.714	0.9794	3	0	0
郉	90C9	5	0.3954	5.176	0.9476	3	0	0
郊	90CA	5	0.3510	5.757	0.9181	3	1	0
郋	90CB	5	0.4431	5.050	0.9393	2	0	0
郌	90CC	5	0.4290	5.634	0.9318	3	0	0
郍	90CD	5	0.3985	5.787	0.9330	2	0	0
郎	90CE	5	0.3852	5.516	0.9273	3	1	0
郏	90CF	5	0.3669	5.789	0.9701	2	0	0
郐	90D0	5	0.3908	6.009	0.9203	4	0	0
郑	90D1	5	0.3698	5.578	0.9481	3	1	0
郒	90D2	5	0.4556	6.167	0.9060	3	0	0
郓	90D3	5	0.4176	5.385	0.9842	3	0	0
郔	90D4	5	0.3743	6.768	0.9633	3	0	0
郕	90D5	5	0.4172	6.613	0.9625	3	0	0
郖	90D6	5	0.3877	5.482	0.9321	4	0	0
郗	90D7	5	0.3964	6.322	0.9673	4	0	0
郘	90D8	5	0.4208	4.960	0.9384	3	0	0
郙	90D9	5	0.4675	6.197	0.9837	2	0	0
郚	90DA	5	0.4462	5.508	0.9556	3	0	0
郛	90DB	5	0.3698	6.057	0.9253	3	0	0
郜	90DC	5	0.3950	5.607	0.9740	3	0	0
郝	90DD	5	0.3905	5.961	0.9646	2	0	0
郞	90DE	5	0.4030	5.834	0.9376	3	0	0
郟	90DF	5	0.3787	6.205	0.9638	2	0	0
郠	90E0	5	0.4736	5.814	0.9356	2	0	0
郡	90E1	5	0.4462	5.515	0.9742	3	1	1
郢	90E2	5	0.4176	5.520	0.9438	3	0	0
郣	90E3	5	0.3974	5.627	0.9438	3	0	0
郤	90E4	5	0.3831	6.057	0.9092	2	0	0
郥	90E5	5	0.4154	5.422	0.9598	2	0	0
郦	90E6	5	0.5046	7.385	0.8745	6	0	0
郧	90E7	5	0.4283	5.923	0.8789	3	0	0
部	90E8	5	0.3723	5.763	0.9493	3	1	0
郩	90E9	5	0.4154	6.524	0.9104	4	0	0
郪	90EA	5	0.4630	6.714	0.9453	3	0	0
郫	90EB	5	0.4290	5.781	0.9448	3	0	0
郬	90EC	5	0.4154	6.155	0.9861	2	0	0
郭	90ED	5	0.3979	5.860	0.9451	4	1	1
郮	90EE	5	0.4256	6.392	0.9606	3	0	0
郯	90EF	5	0.3894	6.346	0.9257	3	0	0
郰	90F0	5	0.4415	6.228	0.9548	3	0	0
郱	90F1	5	0.3772	5.506	0.9605	5	0	0
郲	90F2	5	0.4083	6.306	0.9210	2	0	0
郳	90F3	5	0.3892	5.628	0.9775	3	0	0
郴	90F4	5	0.4112	6.126	0.9260	3	0	0
郵	90F5	5	0.4408	6.153	0.9814	2	1	1
郶	90F6	5	0.4320	6.209	0.9155	3	0	0
郷	90F7	5	0.4290	7.029	0.9412	2	1	1
郸	90F8	5	0.4108	5.762	0.9510	4	0	0
郹	90F9	5	0.4528	6.138	0.9416	3	0	0
郺	90FA	5	0.4369	7.806	0.8883	6	0	0
郻	90FB	5	0.4383	6.913	0.9467	2	0	0
郼	90FC	5	0.4508	6.187	0.9359	4	0	0
都	90FD	5	0.4305	6.180	0.9366	3	1	1
郾	90FE	5	0.4846	6.826	0.9446	4	0	0
郿	90FF	5	0.4800	6.257	0.9702	3	0	0
鄀	9100	5	0.4275	5.906	0.9507	4	0	0
鄁	9101	5	0.3969	6.298	0.9318	4	0	0
鄂	9102	5	0.4246	6.052	0.9524	5	1	1
鄃	9103	5	0.4431	6.610	0.9583	5	0	0
鄄	9104	5	0.4631	6.562	0.8980	3	0	0
鄅	9105	5	0.4662	6.520	0.8768	2	0	0
鄆	9106	5	0.4831	6.173	0.9613	3	0	0
鄇	9107	5	0.4216	6.485	0.9490	3	0	0
鄈	9108	5	0.3964	6.513	0.9265	4	0	0
鄉	9109	5	0.4320	7.041	0.9477	2	1	1
鄊	910A	5	0.4393	6.693	0.9740	2	0	0
鄋	910B	5	0.4696	6.594	0.8839	3	0	0
鄌	910C	5	0.4778	6.590	0.9659	3	0	0
鄍	910D	5	0.4292	6.313	0.9318	5	0	0
鄎	910E	5	0.4369	6.476	0.9380	3	0	0
鄏	910F	5	0.3723	6.869	0.9475	3	0	0
鄐	9110	5	0.4523	6.796	0.9440	3	0	0
鄑	9111	5	0.5008	6.430	0.9331	3	0	0
鄒	9112	5	0.4320	7.136	0.9324	3	0	0
鄓	9113	5	0.4089	6.335	0.9587	3	0	0
鄔	9114	5	0.4157	6.403	0.9490	3	0	0
鄕	9115	5	0.4379	7.045	0.9405	4	0	0
鄖	9116	5	0.4477	6.288	0.9579	3	0	0
鄗	9117	5	0.4009	6.412	0.9492	5	0	0
鄘	9118	5	0.4349	7.462	0.9560	4	0	0
鄙	9119	5	0.4846	6.431	0.9600	3	0	0
鄚	911A	5	0.4379	6.491	0.9253	4	0	0
鄛	911B	5	0.4438	7.104	0.9447	5	0	0
鄜	911C	5	0.4305	6.995	0.9416	2	0	0
鄝	911D	5	0.4015	7.343	0.9186	3	0	0
鄞	911E	5	0.4831	6.608	0.9490	3	0	0
鄟	911F	5	0.4569	6.845	0.9463	3	0	0
鄠	9120	5	0.4477	6.786	0.9404	4	0	0
鄡	9121	5	0.4123	6.847	0.9574	3	0	0
鄢	9122	5	0.4585	6.737	0.9252	4	0	0
鄣	9123	5	0.4112	6.324	0.9609	3	0	0
鄤	9124	5	0.4350	6.850	0.9092	3	0	0
鄥	9125	5	0.4320	6.663	0.9466	3	0	0
鄦	9126	5	0.4423	7.010	0.9547	3	0	0
鄧	9127	5	0.4290	6.967	0.8916	5	1	1
鄨	9128	5	0.4167	7.967	0.9517	3	0	0
鄩	9129	5	0.4062	6.747	0.9169	4	0	0
鄪	912A	5	0.4599	7.623	0.9582	3	0	0
鄫	912B	5	0.4682	6.808	0.9299	4	0	0
鄬	912C	5	0.4305	7.390	0.8925	2	0	0
鄭	912D	5	0.4408	7.346	0.9352	5	1	1
鄮	912E	5	0.3979	7.466	0.9474	3	0	0
鄯	912F	5	0.4763	6.803	0.9385	4	0	0
鄰	9130	5	0.4172	7.240	0.9033	4	1	1
鄱	9131	5	0.4719	6.947	0.9246	3	0	0
鄲	9132	5	0.4586	6.239	0.9832	4	0	0
鄳	9133	5	0.5333	6.510	0.8999	2	0	0
鄴	9134	5	0.4719	6.956	0.9372	4	0	0
鄵	9135	5	0.4696	6.461	0.9298	5	0	0
鄶	9136	5	0.4349	7.269	0.9188	4	0	0
鄷	9137	5	0.4852	7.015	0.9238	5	0	0
鄸	9138	5	0.4305	7.045	0.9854	5	0	0
鄹	9139	5	0.4477	7.562	0.9202	4	0	0
鄺	913A	5	0.4364	7.423	0.9456	3	0	0
鄻	913B	5	0.4364	7.524	0.9304	3	0	0
鄼	913C	5	0.4660	7.644	0.9434	3	0	0
鄽	913D	5	0.4556	7.916	0.9572	3	0	0
鄾	913E	5	0.4704	8.136	0.9046	3	0	0
鄿	913F	5	0.4567	6.815	0.9749	5	0	0
酀	9140	5	0.4123	7.367	0.9507	4	0	0
酁	9141	5	0.4277	8.165	0.8993	5	0	0
酂	9142	5	0.4216	7.627	0.9253	6	0	0
酃	9143	5	0.4928	7.770	0.9163	3	0	0
酄	9144	5	0.4305	7.010	0.9602	5	0	0
酅	9145	5	0.4512	7.847	0.9632	5	0	0
酆	9146	5	0.4601	7.913	0.9405	5	0	0
酇	9147	5	0.4053	8.165	0.9400	6	0	0
酈	9148	5	0.4615	8.168	0.9177	7	0	0
酉	9149	5	0.4965	5.264	0.9973	1	0	0
酊	914A	5	0.3677	5.078	0.9584	2	0	0
酋	914B	5	0.4098	5.844	0.9668	3	0	0
酌	914C	5	0.4423	5.927	0.8506	3	0	0
配	914D	5	0.4240	5.620	0.8933	2	1	1
酎	914E	5	0.3772	5.647	0.9671	2	0	0
酏	914F	5	0.4290	6.590	0.9688	2	0	0
酐	9150	5	0.4062	5.210	0.9524	2	0	0
酑	9151	5	0.3662	5.418	0.9447	2	0	0
酒	9152	5	0.4083	5.818	0.9784	2	1	1
酓	9153	5	0.3305	7.040	0.9678	4	0	0
酔	9154	5	0.4053	5.977	0.9556	3	1	1
酕	9155	5	0.4186	6.422	0.9372	2	0	0
酖	9156	5	0.4305	6.374	0.9185	2	0	0
酗	9157	5	0.4923	7.090	0.9579	3	0	0
酘	9158	5	0.4585	6.565	0.9316	3	0	0
酙	9159	5	0.3728	5.855	0.9427	2	0	0
酚	915A	5	0.4127	6.572	0.9423	3	0	0
酛	915B	5	0.4231	6.042	0.9474	3	0	0
酜	915C	5	0.3831	6.163	0.9797	2	0	0
酝	915D	5	0.4323	6.060	0.9615	3	0	0
酞	915E	5	0.3891	6.178	0.9650	3	0	0
酟	915F	5	0.4231	5.765	0.9232	3	0	0
酠	9160	5	0.3923	6.137	0.9860	3	0	0
酡	9161	5	0.4053	6.301	0.9370	3	0	0
酢	9162	5	0.4098	5.663	0.9373	2	1	1
酣	9163	5	0.4749	6.142	0.9518	2	0	0
酤	9164	5	0.4423	5.861	0.9581	3	0	0
酥	9165	5	0.3950	6.450	0.9810	2	0	0
酦	9166	5	0.4541	7.240	0.9297	4	0	0
酧	9167	5	0.4098	6.153	0.9657	3	0	0
酨	9168	5	0.4662	6.999	0.9524	2	0	0
酩	9169	5	0.4508	6.504	0.9544	3	0	0
酪	916A	5	0.4630	6.755	0.9395	3	0	0
酫	916B	5	0.4323	6.394	0.8583	3	0	0
酬	916C	5	0.4800	7.075	0.9264	2	1	1
酭	916D	5	0.4571	6.485	0.9489	3	0	0
酮	916E	5	0.5216	6.323	0.9932	3	0	0
酯	916F	5	0.4738	6.921	0.9691	3	0	0
酰	9170	5	0.4453	6.487	0.9516	3	0	0
酱	9171	5	0.4407	7.560	0.9674	3	0	0
酲	9172	5	0.4692	6.412	0.9296	3	0	0
酳	9173	5	0.4444	7.112	0.9604	3	0	0
酴	9174	5	0.4275	7.045	0.9417	4	0	0
酵	9175	5	0.4867	6.855	0.9145	3	1	1
酶	9176	5	0.4541	7.313	0.9519	3	1	1
酷	9177	5	0.4778	6.612	0.9424	3	1	1
酸	9178	5	0.4320	7.684	0.9047	4	1	1
酹	9179	5	0.4157	6.823	0.9308	3	0	0
酺	917A	5	0.4867	7.126	0.9527	2	0	0
酻	917B	5	0.4157	6.976	0.9456	3	0	0
酼	917C	5	0.4941	7.153	0.9302	2	0	0
酽	917D	5	0.4169	5.956	0.9211	2	0	0
酾	917E	5	0.4969	8.008	0.9021	6	0	0
酿	917F	5	0.4923	6.809	0.9856	3	0	0
醀	9180	5	0.4862	6.708	0.9024	2	0	0
醁	9181	5	0.4188	7.302	0.9203	3	0	0
醂	9182	5	0.4364	7.110	0.9304	3	0	0
醃	9183	5	0.5059	7.079	0.9698	3	0	0
醄	9184	5	0.4497	7.032	0.9928	3	0	0
醅	9185	5	0.4231	6.737	0.9505	3	0	0
醆	9186	5	0.4527	8.074	0.9099	3	0	0
醇	9187	5	0.4601	6.763	0.9404	4	1	1
醈	9188	5	0.4275	7.432	0.9522	3	0	0
醉	9189	5	0.3802	6.549	0.9397	3	1	1
醊	918A	5	0.4800	8.190	0.9441	5	0	0
醋	918B	5	0.4763	6.584	0.9961	4	0	0
醌	918C	5	0.5308	6.975	0.9342	3	0	0
醍	918D	5	0.5031	6.871	0.9517	4	1	1
醎	918E	5	0.4689	7.784	0.9463	4	0	0
醏	918F	5	0.4822	6.829	0.9377	3	0	0
醐	9190	5	0.4692	6.973	0.9591	4	1	1
醑	9191	5	0.5154	7.253	0.9100	3	0	0
醒	9192	5	0.5200	7.042	0.9004	3	1	1
醓	9193	5	0.4911	7.352	0.9443	3	0	0
醔	9194	5	0.4279	8.106	0.9510	3	0	0
醕	9195	5	0.4882	6.933	0.9239	4	0	0
醖	9196	5	0.5246	6.851	0.9624	3	0	0
醗	9197	5	0.4704	7.440	0.9331	3	0	0
醘	9198	5	0.4675	7.374	0.9297	4	0	0
醙	9199	5	0.4911	7.479	0.9462	3	0	0
醚	919A	5	0.4527	7.710	0.9403	3	0	0
醛	919B	5	0.4926	7.010	0.9245	4	0	0
醜	919C	5	0.4675	7.517	0.9292	2	0	0
醝	919D	5	0.4852	7.024	0.9610	3	0	0
醞	919E	5	0.5354	7.319	0.9188	2	0	0
醟	919F	5	0.4599	8.372	0.9462	2	0	0
醠	91A0	5	0.5370	7.503	0.9227	3	0	0
醡	91A1	5	0.4275	6.895	0.9734	4	0	0
醢	91A2	5	0.5000	7.105	0.9420	2	0	0
醣	91A3	5	0.4911	7.336	0.9569	3	0	0
醤	91A4	5	0.4327	8.291	0.9475	3	0	0
醥	91A5	5	0.5338	7.366	0.9508	3	0	0
醦	91A6	5	0.4320	8.548	0.9153	3	0	0
醧	91A7	5	0.4600	7.454	0.9727	5	0	0
醨	91A8	5	0.4660	7.975	0.9332	3	0	0
醩	91A9	5	0.4867	7.439	1.0185	3	0	0
醪	91AA	5	0.4431	8.409	0.9178	3	0	0
醫	91AB	5	0.4112	9.193	0.9246	5	1	1
醬	91AC	5	0.4142	8.535	0.9531	3	0	0
醭	91AD	5	0.4778	7.792	0.9427	4	0	0
醮	91AE	5	0.4926	7.562	0.9276	3	0	0
醯	91AF	5	0.4793	7.927	0.9170	3	0	0
醰	91B0	5	0.4969	7.363	0.9319	4	0	0
醱	91B1	5	0.4852	8.486	0.9057	5	0	0
醲	91B2	5	0.4822	8.408	0.9627	3	0	0
醳	91B3	5	0.5323	7.067	0.9303	4	0	0
醴	91B4	5	0.4867	7.798	0.9470	5	0	0
醵	91B5	5	0.4630	8.591	0.9200	3	0	0
醶	91B6	5	0.4675	7.649	0.9403	7	0	0
醷	91B7	5	0.4512	7.917	0.9594	3	0	0
醸	91B8	5	0.4852	8.202	0.9184	2	1	1
醹	91B9	5	0.4738	7.765	0.9767	3	0	0
醺	91BA	5	0.4778	8.655	0.9465	2	0	0
醻	91BB	5	0.4142	8.278	0.9897	5	0	0
醼	91BC	5	0.4320	7.973	0.9697	4	0	0
醽	91BD	5	0.5280	8.166	0.9577	3	0	0
醾	91BE	5	0.5059	8.708	0.8877	5	0	0
醿	91BF	5	0.4852	9.253	0.8666	5	0	0
釀	91C0	5	0.5133	8.289	0.9427	3	0	0
釁	91C1	5	0.4523	9.598	0.9179	6	0	0
釂	91C2	5	0.4615	8.500	0.9417	4	0	0
釃	91C3	5	0.4800	8.892	0.9345	7	0	0
釄	91C4	5	0.4689	8.990	0.8920	5	0	0
釅	91C5	5	0.5185	8.763	0.9241	7	0	0
釆	91C6	5	0.3400	5.007	0.9386	1	0	0
采	91C7	5	0.3121	5.213	0.9297	2	1	0
釈	91C8	5	0.3654	6.073	0.9594	2	1	0
釉	91C9	5	0.4462	5.727	0.9615	3	0	0
释	91CA	5	0.4127	6.333	0.9657	2	1	1
釋	91CB	5	0.4571	7.163	0.9075	4	1	1
里	91CC	5	0.4500	4.175	1.0155	2	0	0
重	91CD	5	0.4482	5.777	1.0019	1	1	0
野	91CE	5	0.4462	5.449	0.9541	3	1	1
量	91CF	5	0.4338	6.599	1.0039	4	1	1
釐	91D0	5	0.4646	8.432	0.8908	3	0	0
金	91D1	5	0.3523	4.887	0.9432	1	0	0
釒	91D2	5	0.3874	5.034	0.9217	1	0	0
釓	91D3	5	0.3195	4.954	0.9393	2	0	0
釔	91D4	5	0.3523	5.646	0.9191	2	0	0
釕	91D5	5	0.3285	5.132	0.9567	2	0	0
釖	91D6	5	0.3969	5.903	0.9323	2	0	0
釗	91D7	5	0.3846	5.308	0.9501	2	0	0
釘	91D8	5	0.2959	4.919	0.9734	2	0	0
釙	91D9	5	0.3166	4.979	0.9490	2	0	0
釚	91DA	5	0.3521	5.729	0.9231	2	0	0
釛	91DB	5	0.3985	5.860	0.9250	2	0	0
釜	91DC	5	0.3920	5.865	0.9312	2	1	0
針	91DD	5	0.3107	4.853	0.9589	2	1	0
釞	91DE	5	0.3284	5.620	0.9375	2	0	0
釟	91DF	5	0.3240	5.499	0.9616	2	0	0
釠	91E0	5	0.3802	5.774	0.9059	2	0	0
釡	91E1	5	0.3846	5.783	0.9044	2	0	0
釢	91E2	5	0.3538	5.900	0.9024	2	0	0
釣	91E3	5	0.3631	5.709	0.9172	3	1	1
釤	91E4	5	0.3277	5.794	0.9419	2	0	0
釥	91E5	5	0.3550	5.698	0.9417	2	0	0
釦	91E6	5	0.4015	5.379	0.9505	2	0	0
釧	91E7	5	0.4200	5.822	0.9569	2	1	0
釨	91E8	5	0.3299	5.313	0.9592	2	0	0
釩	91E9	5	0.3861	6.155	0.9254	3	0	0
釪	91EA	5	0.3402	5.263	0.9545	2	0	0
釫	91EB	5	0.3240	5.482	0.9401	3	0	0
釬	91EC	5	0.3225	5.105	0.9499	2	0	0
釭	91ED	5	0.3415	4.943	0.9500	2	0	0
釮	91EE	5	0.3415	5.647	0.9164	2	0	0
釯	91EF	5	0.3446	5.239	0.9030	2	0	0
釰	91F0	5	0.4031	6.335	0.9452	3	0	0
釱	91F1	5	0.3631	5.709	0.9412	2	0	0
釲	91F2	5	0.3908	5.699	0.9608	2	0	0
釳	91F3	5	0.3728	5.893	0.9692	3	0	0
釴	91F4	5	0.3166	5.678	0.9313	2	0	0
釵	91F5	5	0.3846	6.518	0.9348	3	0	0
釶	91F6	5	0.4000	6.388	0.9303	2	0	0
釷	91F7	5	0.3523	5.064	0.9494	2	0	0
釸	91F8	5	0.3600	5.883	0.9401	2	0	0
釹	91F9	5	0.3713	6.168	0.9291	2	0	0
釺	91FA	5	0.3609	5.053	0.9553	2	0	0
釻	91FB	5	0.3876	6.138	0.9336	2	0	0
釼	91FC	5	0.4186	6.358	0.9226	2	0	0
釽	91FD	5	0.3491	6.505	0.9439	2	0	0
釾	91FE	5	0.3609	6.097	0.9715	2	0	0
釿	91FF	5	0.3595	5.601	0.9511	2	0	0
鈀	9200	5	0.4053	6.148	0.9491	2	0	0
鈁	9201	5	0.3536	5.882	0.9252	2	0	0
鈂	9202	5	0.3728	5.784	0.9044	2	0	0
鈃	9203	5	0.3624	5.793	0.9627	3	0	0
鈄	9204	5	0.3462	5.667	0.9630	2	0	0
鈅	9205	5	0.4148	5.753	0.9359	2	0	0
鈆	9206	5	0.3639	6.328	0.9480	3	0	0
鈇	9207	5	0.3639	5.961	0.9576	2	0	0
鈈	9208	5	0.3521	5.693	0.9324	2	0	0
鈉	9209	5	0.4108	6.179	0.9176	2	0	0
鈊	920A	5	0.3323	6.083	0.9176	2	0	0
鈋	920B	5	0.3787	6.207	0.9388	3	0	0
鈌	920C	5	0.3905	6.035	0.9464	2	0	0
鈍	920D	5	0.4024	6.105	0.9482	2	0	0
鈎	920E	5	0.4000	6.366	0.9109	3	0	0
鈏	920F	5	0.3526	5.549	0.9920	3	0	0
鈐	9210	5	0.3299	5.965	0.9449	4	0	0
鈑	9211	5	0.4068	6.791	0.9177	3	0	0
鈒	9212	5	0.4053	6.788	0.9015	2	0	0
鈓	9213	5	0.3692	5.372	0.9594	3	0	0
鈔	9214	5	0.3417	6.037	0.9519	3	0	0
鈕	9215	5	0.4108	6.012	0.9191	2	0	0
鈖	9216	5	0.3521	6.390	0.9357	3	0	0
鈗	9217	5	0.3609	6.433	0.8999	3	0	0
鈘	9218	5	0.3876	6.214	0.9269	3	0	0
鈙	9219	5	0.3654	6.165	0.9452	2	0	0
鈚	921A	5	0.3802	6.165	0.9265	2	0	0
鈛	921B	5	0.3831	6.408	0.9333	2	0	0
鈜	921C	5	0.3817	6.389	0.9270	3	0	0
鈝	921D	5	0.3580	5.451	0.9631	2	0	0
鈞	921E	5	0.3846	6.162	0.9117	3	0	0
鈟	921F	5	0.4290	6.173	0.9720	2	0	0
鈠	9220	5	0.3891	6.572	0.9188	3	0	0
鈡	9221	5	0.3908	5.296	0.9710	2	0	0
鈢	9222	5	0.3491	5.798	0.9320	2	0	0
鈣	9223	5	0.3846	5.874	0.9671	2	0	0
鈤	9224	5	0.4154	5.598	0.9569	2	0	0
鈥	9225	5	0.3388	6.083	0.9170	2	0	0
鈦	9226	5	0.3817	6.053	0.9499	3	0	0
鈧	9227	5	0.3432	5.833	0.9265	3	0	0
鈨	9228	5	0.3417	5.891	0.9357	3	0	0
鈩	9229	5	0.3467	5.654	0.9236	2	0	0
鈪	922A	5	0.3964	6.544	0.9316	3	0	0
鈫	922B	5	0.3698	6.044	0.9545	2	0	0
鈬	922C	5	0.4038	5.988	0.9698	2	0	0
鈭	922D	5	0.4092	6.296	0.9581	3	0	0
鈮	922E	5	0.4334	6.603	0.9465	3	0	0
鈯	922F	5	0.4154	6.029	0.9372	3	0	0
鈰	9230	5	0.3831	5.982	0.9579	3	0	0
鈱	9231	5	0.4216	6.528	0.9575	2	0	0
鈲	9232	5	0.4231	7.231	0.9362	2	0	0
鈳	9233	5	0.3920	5.960	0.9637	3	0	0
鈴	9234	5	0.3328	6.259	0.9310	4	1	1
鈵	9235	5	0.4157	6.606	0.9403	3	0	0
鈶	9236	5	0.3964	6.172	0.9503	3	0	0
鈷	9237	5	0.3846	5.665	0.9572	3	0	0
鈸	9238	5	0.4098	6.854	0.9038	2	0	0
鈹	9239	5	0.4186	6.935	0.9179	2	0	0
鈺	923A	5	0.4185	6.001	0.9060	2	0	0
鈻	923B	5	0.4323	5.869	0.9564	2	0	0
鈼	923C	5	0.3565	5.460	0.9308	2	0	0
鈽	923D	5	0.3743	6.155	0.9873	3	0	0
鈾	923E	5	0.4462	5.887	0.9569	2	0	0
鈿	923F	5	0.4554	6.145	0.9593	2	0	0
鉀	9240	5	0.4138	5.771	0.9541	2	0	0
鉁	9241	5	0.3492	6.596	0.9293	2	0	0
鉂	9242	5	0.4038	6.347	0.9136	2	0	0
鉃	9243	5	0.3950	6.229	0.9354	2	0	0
鉄	9244	5	0.3728	6.401	0.9343	3	1	1
鉅	9245	5	0.4062	6.088	0.9050	2	0	0
鉆	9246	5	0.3728	5.494	0.9625	3	0	0
鉇	9247	5	0.4379	6.790	0.9232	2	0	0
鉈	9248	5	0.3580	5.835	0.8998	3	0	0
鉉	9249	5	0.3654	6.413	0.9284	2	0	0
鉊	924A	5	0.4215	6.341	0.9171	3	0	0
鉋	924B	5	0.4009	6.552	0.9333	3	0	0
鉌	924C	5	0.3787	6.125	0.9419	2	0	0
鉍	924D	5	0.3772	6.804	0.9225	2	0	0
鉎	924E	5	0.3935	5.755	0.9170	2	0	0
鉏	924F	5	0.4354	5.927	0.9586	2	0	0
鉐	9250	5	0.3846	5.980	0.9437	2	0	0
鉑	9251	5	0.3954	5.651	0.9419	2	0	0
鉒	9252	5	0.3723	5.615	0.9312	3	0	0
鉓	9253	5	0.3926	6.057	0.9168	2	0	0
鉔	9254	5	0.3923	6.605	0.9691	3	0	0
鉕	9255	5	0.4246	6.182	0.9223	3	0	0
鉖	9256	5	0.3536	6.565	0.9227	3	0	0
鉗	9257	5	0.4112	5.822	0.9678	2	0	0
鉘	9258	5	0.4423	6.781	0.9387	2	0	0
鉙	9259	5	0.3846	6.059	0.9521	3	0	0
鉚	925A	5	0.4092	6.758	0.9319	3	0	0
鉛	925B	5	0.3905	6.094	0.9623	3	1	1
鉜	925C	5	0.3728	6.312	0.9262	3	0	0
鉝	925D	5	0.3462	5.664	0.8958	2	0	0
鉞	925E	5	0.4083	6.929	0.9242	2	0	0
鉟	925F	5	0.3757	5.833	0.9264	3	0	0
鉠	9260	5	0.3772	6.282	0.9581	2	0	0
鉡	9261	5	0.3476	5.977	0.9577	2	0	0
鉢	9262	5	0.3713	6.135	0.9246	2	0	0
鉣	9263	5	0.3831	5.995	0.9399	3	0	0
鉤	9264	5	0.4108	6.248	0.9252	3	0	0
鉥	9265	5	0.3580	6.461	0.9495	3	0	0
鉦	9266	5	0.3969	5.639	0.9443	3	0	0
鉧	9267	5	0.4408	6.769	0.9465	2	0	0
鉨	9268	5	0.3831	6.330	0.9539	3	0	0
鉩	9269	5	0.3402	6.298	0.9455	3	0	0
鉪	926A	5	0.4415	6.346	0.9068	2	0	0
鉫	926B	5	0.4800	6.667	0.9228	3	0	0
鉬	926C	5	0.4567	5.750	0.9866	2	0	0
鉭	926D	5	0.4138	5.768	0.9486	3	0	0
鉮	926E	5	0.4154	5.651	0.9608	2	0	0
鉯	926F	5	0.3743	6.580	0.9297	3	0	0
鉰	9270	5	0.4077	5.928	0.9571	3	0	0
鉱	9271	5	0.3908	6.433	0.9335	3	1	1
鉲	9272	5	0.3388	5.405	0.9464	3	0	0
鉳	9273	5	0.3856	6.272	0.8993	3	0	0
鉴	9274	5	0.4246	6.114	0.9112	2	1	1
鉵	9275	5	0.3876	6.230	0.9492	2	0	0
鉶	9276	5	0.4831	6.681	0.9354	4	0	0
鉷	9277	5	0.3639	6.227	0.9255	3	0	0
鉸	9278	5	0.3521	6.617	0.9242	3	0	0
鉹	9279	5	0.4009	6.971	0.9187	3	0	0
鉺	927A	5	0.4053	5.918	0.9521	2	0	0
鉻	927B	5	0.3935	6.589	0.9382	3	0	0
鉼	927C	5	0.3994	6.314	0.9259	5	0	0
鉽	927D	5	0.3669	6.289	0.9387	3	0	0
鉾	927E	5	0.3905	6.293	0.9382	3	0	0
鉿	927F	5	0.3920	6.352	0.9343	4	0	0
銀	9280	5	0.4320	6.792	0.9429	2	1	1
銁	9281	5	0.4169	6.434	0.9202	3	0	0
銂	9282	5	0.4077	6.853	0.9081	2	0	0
銃	9283	5	0.3994	6.601	0.9075	4	1	1
銄	9284	5	0.4077	6.135	0.9522	3	0	0
銅	9285	5	0.4015	6.471	0.9583	3	1	1
銆	9286	5	0.3935	6.141	0.9457	3	0	0
銇	9287	5	0.3787	6.236	0.9468	2	0	0
銈	9288	5	0.4000	5.767	0.9464	3	0	0
銉	9289	5	0.4172	6.298	0.9527	2	0	0
銊	928A	5	0.4260	6.962	0.9030	3	0	0
銋	928B	5	0.3889	6.351	0.9547	4	0	0
銌	928C	5	0.3876	6.216	0.9621	3	0	0
銍	928D	5	0.3876	6.230	0.9419	3	0	0
銎	928E	5	0.4662	6.491	0.8728	4	0	0
銏	928F	5	0.4438	7.297	0.9383	2	0	0
銐	9290	5	0.3985	6.942	0.9539	3	0	0
銑	9291	5	0.4201	6.381	0.9162	3	0	0
銒	9292	5	0.3935	5.976	0.9300	3	0	0
銓	9293	5	0.3979	6.304	0.9405	3	0	0
銔	9294	5	0.3609	5.924	0.9220	2	0	0
銕	9295	5	0.4408	7.193	0.9223	2	0	0
銖	9296	5	0.3905	6.410	0.9271	3	0	0
銗	9297	5	0.4127	6.465	0.9430	3	0	0
銘	9298	5	0.4062	6.282	0.9338	3	1	1
銙	9299	5	0.3654	6.464	0.9345	4	0	0
銚	929A	5	0.4068	7.029	0.8974	2	1	1
銛	929B	5	0.4068	6.099	0.9583	2	0	0
銜	929C	5	0.3802	6.162	0.9518	4	1	1
銝	929D	5	0.3817	6.587	0.9518	3	0	0
銞	929E	5	0.3662	6.715	0.9567	3	0	0
銟	929F	5	0.4400	6.149	0.9512	3	0	0
銠	92A0	5	0.4024	6.515	0.9157	3	0	0
銡	92A1	5	0.3920	5.928	0.9408	3	0	0
銢	92A2	5	0.3550	6.333	0.9686	2	0	0
銣	92A3	5	0.4723	6.767	0.9190	3	0	0
銤	92A4	5	0.4127	6.542	0.9436	2	0	0
銥	92A5	5	0.3506	6.429	0.9482	2	0	0
銦	92A6	5	0.4431	6.791	0.9448	3	0	0
銧	92A7	5	0.3964	6.538	0.9215	4	0	0
銨	92A8	5	0.3920	6.615	0.9448	3	0	0
銩	92A9	5	0.4200	6.513	0.9290	4	0	0
銪	92AA	5	0.3920	6.192	0.9224	3	0	0
銫	92AB	5	0.4260	6.373	0.9385	2	0	0
銬	92AC	5	0.4053	6.361	0.9403	3	0	0
銭	92AD	5	0.4393	7.062	0.9123	2	1	1
銮	92AE	5	0.3974	6.156	0.9182	5	0	0
銯	92AF	5	0.3964	6.811	0.9082	2	0	0
銰	92B0	5	0.3802	6.320	0.9341	3	0	0
銱	92B1	5	0.4308	6.081	0.9657	3	0	0
銲	92B2	5	0.4364	6.287	0.9732	3	0	0
銳	92B3	5	0.3831	6.760	0.9018	3	0	0
銴	92B4	5	0.3908	6.500	0.9328	3	0	0
銵	92B5	5	0.4292	6.529	0.9410	2	0	0
銶	92B6	5	0.3817	6.838	0.9170	2	0	0
銷	92B7	5	0.4305	6.672	0.9367	3	1	1
銸	92B8	5	0.4408	6.590	0.9597	3	0	0
銹	92B9	5	0.4009	7.106	0.9187	3	0	0
銺	92BA	5	0.4031	6.424	0.9160	3	0	0
銻	92BB	5	0.4305	6.865	0.9063	5	0	0
銼	92BC	5	0.4024	6.564	0.9161	5	0	0
銽	92BD	5	0.4423	6.865	0.9329	2	0	0
銾	92BE	5	0.3772	6.663	0.9120	3	0	0
銿	92BF	5	0.4754	6.766	0.9365	3	0	0
鋀	92C0	5	0.4201	6.256	0.9652	4	0	0
鋁	92C1	5	0.4215	5.998	0.9746	3	0	0
鋂	92C2	5	0.4512	7.156	0.9146	3	0	0
鋃	92C3	5	0.4385	6.768	0.9314	3	0	0
鋄	92C4	5	0.4083	7.402	0.9379	2	0	0
鋅	92C5	5	0.3728	6.066	0.9321	2	0	0
鋆	92C6	5	0.4024	6.917	0.9152	4	0	0
鋇	92C7	5	0.4379	6.649	0.9442	2	0	0
鋈	92C8	5	0.4349	7.121	0.9165	4	0	0
鋉	92C9	5	0.4290	6.532	0.9539	2	0	0
鋊	92CA	5	0.3920	6.596	0.9300	2	0	0
鋋	92CB	5	0.4334	7.421	0.8993	3	0	0
鋌	92CC	5	0.4246	7.210	0.8962	3	0	0
鋍	92CD	5	0.4024	6.242	0.9458	3	0	0
鋎	92CE	5	0.3802	6.487	0.9295	4	0	0
鋏	92CF	5	0.3920	6.927	0.9172	2	0	0
鋐	92D0	5	0.3994	6.899	0.9231	4	0	0
鋑	92D1	5	0.3876	7.418	0.9047	4	0	0
鋒	92D2	5	0.4364	6.930	0.9434	3	1	1
鋓	92D3	5	0.4215	6.594	0.9310	3	0	0
鋔	92D4	5	0.4098	6.619	0.9297	3	0	0
鋕	92D5	5	0.4024	6.519	0.9295	3	0	0
鋖	92D6	5	0.3905	7.058	0.9210	3	0	0
鋗	92D7	5	0.4538	6.459	0.9560	3	0	0
鋘	92D8	5	0.4112	6.823	0.9548	3	0	0
鋙	92D9	5	0.4393	6.486	0.9595	3	0	0
鋚	92DA	5	0.3831	6.732	0.9232	3	0	0
鋛	92DB	5	0.4200	6.033	0.9977	2	0	0
鋜	92DC	5	0.4112	6.306	0.9328	3	0	0
鋝	92DD	5	0.3476	6.497	0.9497	3	0	0
鋞	92DE	5	0.3935	6.879	0.9757	6	0	0
鋟	92DF	5	0.4467	7.246	0.9287	2	0	0
鋠	92E0	5	0.4216	7.113	0.9565	2	0	0
鋡	92E1	5	0.3713	6.620	0.9325	5	0	0
鋢	92E2	5	0.3639	6.580	0.9382	3	0	0
鋣	92E3	5	0.3979	7.423	0.9534	3	0	0
鋤	92E4	5	0.5000	7.187	0.9079	3	0	0
鋥	92E5	5	0.4138	6.282	0.9367	3	0	0
鋦	92E6	5	0.4431	6.956	0.9116	3	0	0
鋧	92E7	5	0.4601	6.716	0.9311	2	0	0
鋨	92E8	5	0.4275	7.462	0.9149	2	0	0
鋩	92E9	5	0.3831	5.943	0.8977	3	0	0
鋪	92EA	5	0.4749	6.928	0.9250	2	0	0
鋫	92EB	5	0.4046	6.744	0.9157	3	0	0
鋬	92EC	5	0.4354	7.097	0.8997	4	0	0
鋭	92ED	5	0.3994	6.530	0.9213	3	1	1
鋮	92EE	5	0.4393	7.296	0.9048	3	0	0
鋯	92EF	5	0.4024	6.245	0.9669	3	0	0
鋰	92F0	5	0.4601	6.347	0.9581	3	0	0
鋱	92F1	5	0.3831	6.958	0.8982	3	0	0
鋲	92F2	5	0.3891	6.384	0.9217	3	0	0
鋳	92F3	5	0.4334	6.743	0.9326	3	1	1
鋴	92F4	5	0.4215	6.381	0.9247	4	0	0
鋵	92F5	5	0.4142	6.832	0.9148	3	0	0
鋶	92F6	5	0.4098	6.957	0.9370	2	0	0
鋷	92F7	5	0.4408	7.229	0.9418	3	0	0
鋸	92F8	5	0.4527	6.822	0.9531	4	0	0
鋹	92F9	5	0.4112	6.977	0.9371	2	0	0
鋺	92FA	5	0.3994	7.264	0.9256	4	0	0
鋻	92FB	5	0.4375	7.054	0.9083	3	0	0
鋼	92FC	5	0.5062	7.330	0.9593	3	1	1
鋽	92FD	5	0.4157	6.130	0.9663	4	0	0
鋾	92FE	5	0.4305	6.892	0.9207	3	0	0
鋿	92FF	5	0.3877	6.966	0.9437	4	0	0
錀	9300	5	0.4438	7.092	0.9490	4	0	0
錁	9301	5	0.4601	6.933	0.9598	2	0	0
錂	9302	5	0.4127	7.317	0.9178	4	0	0
錃	9303	5	0.4327	7.255	0.9503	3	0	0
錄	9304	5	0.4024	7.086	0.9038	3	1	1
錅	9305	5	0.4215	7.273	0.9024	2	0	0
錆	9306	5	0.4571	6.924	0.9610	2	0	0
錇	9307	5	0.3935	6.319	0.9374	3	0	0
錈	9308	5	0.4349	7.336	0.9149	3	0	0
錉	9309	5	0.4630	7.137	0.9215	3	0	0
錊	930A	5	0.3476	6.242	0.9519	3	0	0
錋	930B	5	0.5277	7.108	0.9168	3	0	0
錌	930C	5	0.4083	6.567	0.9605	4	0	0
錍	930D	5	0.4497	6.506	0.9429	3	0	0
錎	930E	5	0.3815	6.405	0.9412	3	0	0
錏	930F	5	0.4334	6.252	0.9566	2	0	0
錐	9310	5	0.3979	6.560	0.9469	2	1	1
錑	9311	5	0.4423	7.272	0.9173	3	0	0
錒	9312	5	0.4556	7.268	0.9472	4	0	0
錓	9313	5	0.4154	6.734	0.9028	3	0	0
錔	9314	5	0.4320	6.910	0.9480	3	0	0
錕	9315	5	0.4527	6.966	0.9277	3	0	0
錖	9316	5	0.3985	7.102	0.9509	4	0	0
錗	9317	5	0.4231	7.226	0.9075	3	0	0
錘	9318	5	0.4600	6.756	0.9294	2	0	0
錙	9319	5	0.4492	7.567	0.8969	5	0	0
錚	931A	5	0.3950	6.931	0.9434	3	0	0
錛	931B	5	0.4009	6.721	0.9585	4	0	0
錜	931C	5	0.3565	7.239	0.9297	5	0	0
錝	931D	5	0.3654	6.418	0.9378	3	0	0
錞	931E	5	0.4290	6.581	0.9458	4	0	0
錟	931F	5	0.3935	7.212	0.9227	3	0	0
錠	9320	5	0.4083	6.508	0.9136	3	0	0
錡	9321	5	0.3964	6.802	0.9302	4	0	0
錢	9322	5	0.4098	7.838	0.8944	3	1	1
錣	9323	5	0.4571	8.284	0.9030	5	0	0
錤	9324	5	0.4098	6.604	0.9321	3	0	0
錥	9325	5	0.4512	7.005	0.9224	4	0	0
錦	9326	5	0.4769	6.496	0.9459	3	1	1
錧	9327	5	0.4246	6.409	0.9453	3	0	0
錨	9328	5	0.4527	6.525	0.9461	3	0	0
錩	9329	5	0.4831	6.603	0.9634	3	0	0
錪	932A	5	0.4290	7.053	0.9326	3	0	0
錫	932B	5	0.4647	7.361	0.9285	4	1	1
錬	932C	5	0.4541	6.880	0.9553	2	1	1
錭	932D	5	0.4569	7.070	0.9326	3	0	0
錮	932E	5	0.4385	6.765	0.9579	4	0	0
錯	932F	5	0.4349	6.391	0.9467	4	1	1
錰	9330	5	0.3713	6.775	0.9224	3	0	0
錱	9331	5	0.4482	7.031	0.9272	3	0	0
録	9332	5	0.4024	6.966	0.9359	3	1	1
錳	9333	5	0.4172	6.571	0.9606	3	0	0
錴	9334	5	0.3950	6.541	0.9232	4	0	0
錵	9335	5	0.3817	6.555	0.9207	4	0	0
錶	9336	5	0.4334	7.041	0.9335	3	0	0
錷	9337	5	0.4290	6.724	0.9437	3	0	0
錸	9338	5	0.3920	6.927	0.9383	2	0	0
錹	9339	5	0.4364	6.509	0.9513	3	0	0
錺	933A	5	0.3876	6.480	0.9230	3	0	0
錻	933B	5	0.4231	6.895	0.9622	3	0	0
錼	933C	5	0.3905	7.020	0.9369	3	0	0
錽	933D	5	0.4186	7.553	0.9115	4	0	0
錾	933E	5	0.4349	6.997	0.9344	3	0	0
錿	933F	5	0.4142	7.139	0.9562	3	0	0
鍀	9340	5	0.4201	6.615	0.9215	2	0	0
鍁	9341	5	0.4305	7.499	0.9053	3	0	0
鍂	9342	5	0.3946	6.696	0.9336	2	0	0
鍃	9343	5	0.3787	7.515	0.9238	4	0	0
鍄	9344	5	0.3891	6.485	0.9513	4	0	0
鍅	9345	5	0.3536	6.714	0.9510	4	0	0
鍆	9346	5	0.4108	5.914	0.9382	2	0	0
鍇	9347	5	0.4349	6.972	0.9323	3	0	0
鍈	9348	5	0.4142	6.788	0.9247	3	0	0
鍉	9349	5	0.4453	6.978	0.9039	4	0	0
鍊	934A	5	0.4364	7.237	0.9513	2	0	0
鍋	934B	5	0.4538	6.560	0.9672	3	1	1
鍌	934C	5	0.4231	7.275	0.9356	4	0	0
鍍	934D	5	0.4672	7.400	0.9235	3	0	0
鍎	934E	5	0.4689	7.193	0.9491	3	0	0
鍏	934F	5	0.4423	6.735	0.9509	4	0	0
鍐	9350	5	0.4172	8.114	0.9120	2	0	0
鍑	9351	5	0.4260	7.232	0.9147	3	0	0
鍒	9352	5	0.4127	7.274	0.9100	3	0	0
鍓	9353	5	0.4541	6.642	0.9410	3	0	0
鍔	9354	5	0.3950	6.689	0.9401	5	0	0
鍕	9355	5	0.4305	6.986	0.9635	3	0	0
鍖	9356	5	0.4645	7.103	0.8949	4	0	0
鍗	9357	5	0.4112	6.703	0.9410	3	0	0
鍘	9358	5	0.4711	6.804	0.9319	3	0	0
鍙	9359	5	0.4015	7.192	0.9189	4	0	0
鍚	935A	5	0.4393	7.455	0.9433	5	0	0
鍛	935B	5	0.4364	7.521	0.9150	4	1	1
鍜	935C	5	0.4215	7.226	0.9286	3	0	0
鍝	935D	5	0.4831	7.019	0.9333	3	0	0
鍞	935E	5	0.4201	6.820	0.9294	3	0	0
鍟	935F	5	0.4586	6.709	0.9315	3	0	0
鍠	9360	5	0.4354	6.590	0.9542	3	0	0
鍡	9361	5	0.4349	7.114	0.9354	4	0	0
鍢	9362	5	0.4630	6.942	0.9612	3	0	0
鍣	9363	5	0.4186	6.865	0.9440	4	0	0
鍤	9364	5	0.4393	6.897	0.9563	2	0	0
鍥	9365	5	0.4453	7.490	0.9197	3	0	0
鍦	9366	5	0.4453	8.135	0.8865	3	0	0
鍧	9367	5	0.4200	7.174	0.9372	3	0	0
鍨	9368	5	0.3964	7.250	0.9125	4	0	0
鍩	9369	5	0.4142	6.457	0.9496	4	0	0
鍪	936A	5	0.4482	7.615	0.9127	3	0	0
鍫	936B	5	0.4068	7.167	0.9311	3	0	0
鍬	936C	5	0.4009	7.580	0.9032	3	0	0
鍭	936D	5	0.4512	7.210	0.9255	3	0	0
鍮	936E	5	0.4112	7.939	0.9030	5	0	0
鍯	936F	5	0.4364	7.473	0.9315	4	0	0
鍰	9370	5	0.4453	7.809	0.8903	5	0	0
鍱	9371	5	0.4423	7.010	0.9328	3	0	0
鍲	9372	5	0.4364	7.446	0.9660	3	0	0
鍳	9373	5	0.3954	6.716	0.9560	2	0	0
鍴	9374	5	0.4288	6.904	0.9601	3	0	0
鍵	9375	5	0.4645	7.918	0.8960	3	1	1
鍶	9376	5	0.4334	7.115	0.9360	3	0	0
鍷	9377	5	0.4379	6.804	0.9440	4	0	0
鍸	9378	5	0.4046	6.598	0.9661	4	0	0
鍹	9379	5	0.4098	6.440	0.9585	5	0	0
鍺	937A	5	0.4453	6.887	0.9438	3	0	0
鍻	937B	5	0.4009	7.332	0.9495	5	0	0
鍼	937C	5	0.4453	7.738	0.9364	4	0	0
鍽	937D	5	0.4554	7.467	0.9345	3	0	0
鍾	937E	5	0.4808	7.129	0.9414	2	1	1
鍿	937F	5	0.4867	7.355	0.9334	6	0	0
鎀	9380	5	0.4186	8.020	0.8988	4	0	0
鎁	9381	5	0.4482	7.221	0.9507	3	0	0
鎂	9382	5	0.4112	7.009	0.9148	3	0	0
鎃	9383	5	0.4275	7.787	0.9187	3	0	0
鎄	9384	5	0.4364	6.885	0.9246	3	0	0
鎅	9385	5	0.4446	6.751	0.9575	4	0	0
鎆	9386	5	0.4349	7.236	0.9435	4	0	0
鎇	9387	5	0.4600	7.191	0.9283	3	0	0
鎈	9388	5	0.4320	7.001	0.9064	3	0	0
鎉	9389	5	0.4246	7.497	0.9480	2	0	0
鎊	938A	5	0.4231	6.849	0.9273	3	0	0
鎋	938B	5	0.4615	6.996	0.9177	3	0	0
鎌	938C	5	0.4689	7.495	0.9222	3	1	1
鎍	938D	5	0.4275	7.418	0.9074	3	0	0
鎎	938E	5	0.4275	7.669	0.9228	5	0	0
鎏	938F	5	0.4077	7.628	0.9206	3	0	0
鎐	9390	5	0.4290	7.298	0.9592	2	0	0
鎑	9391	5	0.4482	6.944	0.9527	4	0	0
鎒	9392	5	0.4201	7.760	0.9283	3	0	0
鎓	9393	5	0.4231	8.003	0.9011	4	0	0
鎔	9394	5	0.4334	7.070	0.9234	3	0	0
鎕	9395	5	0.4749	7.274	0.9306	3	0	0
鎖	9396	5	0.4467	7.264	0.9292	2	1	1
鎗	9397	5	0.4127	7.475	0.9325	5	0	0
鎘	9398	5	0.4423	7.470	0.9576	2	0	0
鎙	9399	5	0.4877	7.440	0.8999	4	0	0
鎚	939A	5	0.4290	7.092	0.9138	3	0	0
鎛	939B	5	0.4453	7.288	0.9416	3	0	0
鎜	939C	5	0.3985	7.841	0.9306	4	0	0
鎝	939D	5	0.3891	6.673	0.9452	5	0	0
鎞	939E	5	0.4497	7.691	0.9151	2	0	0
鎟	939F	5	0.4408	8.305	0.9075	5	0	0
鎠	93A0	5	0.4477	6.541	0.9505	4	0	0
鎡	93A1	5	0.4231	7.951	0.8683	3	0	0
鎢	93A2	5	0.4038	7.071	0.9246	3	0	0
鎣	93A3	5	0.4704	7.709	0.9115	2	0	0
鎤	93A4	5	0.4423	7.354	0.9074	5	0	0
鎥	93A5	5	0.4138	7.872	0.9223	4	0	0
鎦	93A6	5	0.4785	7.430	0.9083	3	0	0
鎧	93A7	5	0.4541	6.975	0.9291	5	0	0
鎨	93A8	5	0.4053	6.724	0.9426	3	0	0
鎩	93A9	5	0.4201	8.246	0.9142	5	0	0
鎪	93AA	5	0.4334	7.188	0.9524	3	0	0
鎫	93AB	5	0.3994	8.100	0.9069	6	0	0
鎬	93AC	5	0.4379	6.995	0.9485	5	0	0
鎭	93AD	5	0.4364	7.880	0.9265	5	0	0
鎮	93AE	5	0.4305	7.296	0.9278	4	1	1
鎯	93AF	5	0.4275	7.378	0.9436	4	0	0
鎰	93B0	5	0.4305	7.296	0.9191	3	0	0
鎱	93B1	5	0.4527	7.202	0.9505	5	0	0
鎲	93B2	5	0.4024	6.911	0.9238	3	0	0
鎳	93B3	5	0.4831	7.080	0.9694	3	0	0
鎴	93B4	5	0.4145	7.076	0.9302	3	0	0
鎵	93B5	5	0.4112	7.424	0.9041	3	0	0
鎶	93B6	5	0.3932	6.827	0.9408	5	0	0
鎷	93B7	5	0.4477	7.233	0.9093	2	0	0
鎸	93B8	5	0.4600	7.437	0.9119	3	0	0
鎹	93B9	5	0.3994	7.530	0.9041	4	0	0
鎺	93BA	5	0.4675	7.347	0.9155	3	0	0
鎻	93BB	5	0.4246	7.734	0.9175	2	0	0
鎼	93BC	5	0.4031	7.467	0.9549	2	0	0
鎽	93BD	5	0.3974	7.567	0.9711	4	0	0
鎾	93BE	5	0.4763	6.579	0.9821	3	0	0
鎿	93BF	5	0.3889	7.425	0.9732	5	0	0
鏀	93C0	5	0.4646	8.048	0.8989	4	0	0
鏁	93C1	5	0.4512	8.018	0.9311	5	0	0
鏂	93C2	5	0.4369	7.289	0.9788	5	0	0
鏃	93C3	5	0.4601	7.781	0.8981	3	0	0
鏄	93C4	5	0.4364	7.380	0.9564	3	0	0
鏅	93C5	5	0.4675	7.834	0.9330	4	0	0
鏆	93C6	5	0.4320	7.700	0.9665	3	0	0
鏇	93C7	5	0.4444	7.696	0.9018	3	0	0
鏈	93C8	5	0.4482	7.549	0.9095	3	0	0
鏉	93C9	5	0.4305	7.756	0.9226	3	0	0
鏊	93CA	5	0.4305	7.537	0.9140	4	0	0
鏋	93CB	5	0.4778	7.708	0.9107	2	0	0
鏌	93CC	5	0.4379	7.207	0.9500	4	0	0
鏍	93CD	5	0.4453	7.708	0.9156	3	0	0
鏎	93CE	5	0.4970	7.023	0.9338	2	0	0
鏏	93CF	5	0.4423	6.923	0.9556	4	0	0
鏐	93D0	5	0.3935	8.402	0.9224	3	0	0
鏑	93D1	5	0.4512	7.364	0.9064	3	0	0
鏒	93D2	5	0.3979	8.192	0.8803	3	0	0
鏓	93D3	5	0.4408	7.930	0.9047	4	0	0
鏔	93D4	5	0.4415	7.255	0.9348	3	0	0
鏕	93D5	5	0.4941	7.706	0.8984	2	0	0
鏖	93D6	5	0.4438	8.444	0.8650	2	0	0
鏗	93D7	5	0.4364	7.252	0.9202	4	0	0
鏘	93D8	5	0.4349	7.870	0.9163	3	0	0
鏙	93D9	5	0.4763	6.970	0.9428	3	0	0
鏚	93DA	5	0.4393	8.162	0.9047	4	0	0
鏛	93DB	5	0.4369	6.872	0.9414	3	0	0
鏜	93DC	5	0.4467	6.691	0.9160	3	0	0
鏝	93DD	5	0.4260	7.687	0.9407	3	0	0
鏞	93DE	5	0.4672	7.826	0.9625	4	0	0
鏟	93DF	5	0.4527	7.581	0.8752	4	0	0
鏠	93E0	5	0.4260	7.856	0.9009	4	0	0
鏡	93E1	5	0.4541	7.387	0.9294	3	1	1
鏢	93E2	5	0.4453	7.491	0.9422	3	0	0
鏣	93E3	5	0.4260	7.303	0.9375	3	0	0
鏤	93E4	5	0.4541	7.567	0.9530	3	0	0
鏥	93E5	5	0.4586	6.919	0.9361	5	0	0
鏦	93E6	5	0.4053	7.705	0.8958	3	0	0
鏧	93E7	5	0.4305	7.695	0.9422	5	0	0
鏨	93E8	5	0.4541	7.287	0.9250	3	0	0
鏩	93E9	5	0.4083	7.314	0.9912	3	0	0
鏪	93EA	5	0.4497	7.286	0.9713	3	0	0
鏫	93EB	5	0.4379	7.490	0.9244	4	0	0
鏬	93EC	5	0.4053	7.542	0.9205	3	0	0
鏭	93ED	5	0.4260	7.687	0.9006	3	0	0
鏮	93EE	5	0.4571	7.721	0.9241	3	0	0
鏯	93EF	5	0.4369	8.084	0.8651	4	0	0
鏰	93F0	5	0.4630	7.196	0.9701	4	0	0
鏱	93F1	5	0.4053	6.868	0.9744	3	0	0
鏲	93F2	5	0.4527	7.514	0.8881	3	0	0
鏳	93F3	5	0.4785	7.369	0.9605	4	0	0
鏴	93F4	5	0.4941	7.735	0.9124	4	0	0
鏵	93F5	5	0.4571	6.860	0.9363	3	0	0
鏶	93F6	5	0.4541	7.569	0.9271	3	0	0
鏷	93F7	5	0.4453	7.666	0.9031	4	0	0
鏸	93F8	5	0.4364	7.922	0.9380	3	0	0
鏹	93F9	5	0.4512	7.438	0.9178	4	0	0
鏺	93FA	5	0.4423	8.208	0.9092	5	0	0
鏻	93FB	5	0.4364	7.870	0.8961	4	0	0
鏼	93FC	5	0.4157	7.510	0.9424	3	0	0
鏽	93FD	5	0.4408	8.120	0.9544	4	0	0
鏾	93FE	5	0.4956	7.701	0.9015	5	0	0
鏿	93FF	5	0.4349	7.212	0.9227	3	0	0
鐀	9400	5	0.4349	7.716	0.9470	3	0	0
鐁	9401	5	0.4290	7.372	0.9130	4	0	0
鐂	9402	5	0.5148	7.250	0.9576	3	0	0
鐃	9403	5	0.4423	7.433	0.9251	5	0	0
鐄	9404	5	0.4516	7.329	0.9315	2	0	0
鐅	9405	5	0.3938	7.741	0.9001	3	0	0
鐆	9406	5	0.4186	7.986	0.9079	3	0	0
鐇	9407	5	0.4793	7.792	0.9132	3	0	0
鐈	9408	5	0.4359	7.582	0.9448	6	0	0
鐉	9409	5	0.4497	7.721	0.9235	5	0	0
鐊	940A	5	0.4675	8.493	0.9215	6	0	0
鐋	940B	5	0.4778	8.010	0.9051	6	0	0
鐌	940C	5	0.4288	7.702	0.9041	3	0	0
鐍	940D	5	0.4726	8.379	0.8607	4	0	0
鐎	940E	5	0.4556	7.433	0.9288	3	0	0
鐏	940F	5	0.4216	7.873	0.9287	5	0	0
鐐	9410	5	0.4172	7.404	0.9221	4	0	0
鐑	9411	5	0.4292	7.652	0.9130	4	0	0
鐒	9412	5	0.4290	8.120	0.9094	3	0	0
鐓	9413	5	0.4541	7.710	0.9080	5	0	0
鐔	9414	5	0.4571	7.317	0.9593	4	0	0
鐕	9415	5	0.4523	8.050	0.9352	4	0	0
鐖	9416	5	0.4586	8.995	0.8750	3	0	0
鐗	9417	5	0.4677	7.226	0.9337	3	0	0
鐘	9418	5	0.4586	7.290	0.9471	4	1	1
鐙	9419	5	0.4334	7.485	0.9189	5	0	0
鐚	941A	5	0.4467	7.233	0.9492	3	0	0
鐛	941B	5	0.3905	7.578	0.9440	5	0	0
鐜	941C	5	0.4169	8.051	0.8853	5	0	0
鐝	941D	5	0.4689	8.413	0.9303	5	0	0
鐞	941E	5	0.3891	7.432	0.9341	4	0	0
鐟	941F	5	0.4749	7.383	0.9351	3	0	0
鐠	9420	5	0.4482	7.317	0.9461	4	0	0
鐡	9421	5	0.4763	7.856	0.9302	3	0	0
鐢	9422	5	0.4308	7.678	0.9267	4	0	0
鐣	9423	5	0.3954	7.270	0.9418	3	0	0
鐤	9424	5	0.4846	7.528	0.9534	3	0	0
鐥	9425	5	0.4675	7.361	0.9427	4	0	0
鐦	9426	5	0.5277	7.402	0.9278	4	0	0
鐧	9427	5	0.4523	7.151	0.9647	3	0	0
鐨	9428	5	0.4482	8.067	0.9130	3	0	0
鐩	9429	5	0.4305	8.106	0.8920	3	0	0
鐪	942A	5	0.4523	8.280	0.9309	4	0	0
鐫	942B	5	0.4292	7.288	0.9024	3	0	0
鐬	942C	5	0.4571	8.267	0.8793	3	0	0
鐭	942D	5	0.4571	8.115	0.9123	3	0	0
鐮	942E	5	0.4941	8.296	0.9292	4	0	0
鐯	942F	5	0.4556	7.283	0.9242	4	0	0
鐰	9430	5	0.4305	7.250	0.9682	5	0	0
鐱	9431	5	0.4083	7.486	0.9325	7	0	0
鐲	9432	5	0.4846	7.668	0.8839	3	0	0
鐳	9433	5	0.4512	7.471	0.9445	3	0	0
鐴	9434	5	0.4763	7.201	0.9140	3	0	0
鐵	9435	5	0.4453	8.002	0.9060	2	1	1
鐶	9436	5	0.4541	7.763	0.9193	3	0	0
鐷	9437	5	0.4320	7.514	0.9546	4	0	0
鐸	9438	5	0.4615	7.272	0.9298	4	0	0
鐹	9439	5	0.4778	7.957	0.9329	4	0	0
鐺	943A	5	0.4882	7.236	0.9518	3	0	0
鐻	943B	5	0.4430	8.544	0.9318	3	0	0
鐼	943C	5	0.4216	7.462	0.9407	4	0	0
鐽	943D	5	0.4601	7.705	0.8807	3	0	0
鐾	943E	5	0.4123	7.359	0.9375	3	0	0
鐿	943F	5	0.4216	7.792	0.9354	3	0	0
鑀	9440	5	0.4453	8.558	0.8652	4	0	0
鑁	9441	5	0.4083	8.663	0.8901	2	0	0
鑂	9442	5	0.4630	8.558	0.9281	2	0	0
鑃	9443	5	0.4615	8.077	0.9310	3	0	0
鑄	9444	5	0.4068	8.162	0.9699	5	0	0
鑅	9445	5	0.4305	8.251	0.9025	3	0	0
鑆	9446	5	0.4053	7.692	0.9150	3	0	0
鑇	9447	5	0.4186	7.802	0.9317	3	0	0
鑈	9448	5	0.4689	9.226	0.8691	3	0	0
鑉	9449	5	0.5000	7.435	0.9208	5	0	0
鑊	944A	5	0.4586	8.126	0.9206	4	0	0
鑋	944B	5	0.4200	8.360	0.9363	7	0	0
鑌	944C	5	0.4393	7.863	0.9438	3	0	0
鑍	944D	5	0.4263	7.516	0.9207	3	0	0
鑎	944E	5	0.4954	8.584	0.9256	4	0	0
鑏	944F	5	0.4393	7.566	0.9328	4	0	0
鑐	9450	5	0.4571	7.848	0.9165	3	0	0
鑑	9451	5	0.4630	7.442	0.9189	3	1	1
鑒	9452	5	0.4615	7.597	0.9442	2	0	0
鑓	9453	5	0.4497	7.962	0.9271	3	0	0
鑔	9454	5	0.4497	8.125	0.9112	4	0	0
鑕	9455	5	0.4142	8.091	0.9198	4	0	0
鑖	9456	5	0.4749	7.856	0.9106	4	0	0
鑗	9457	5	0.4024	8.605	0.9253	4	0	0
鑘	9458	5	0.4938	7.695	0.9484	4	0	0
鑙	9459	5	0.4497	8.526	0.9315	2	0	0
鑚	945A	5	0.4345	8.097	0.9371	3	0	0
鑛	945B	5	0.4487	8.048	0.9276	3	0	0
鑜	945C	5	0.4482	8.127	0.9158	3	0	0
鑝	945D	5	0.4157	8.380	0.9339	5	0	0
鑞	945E	5	0.4541	9.365	0.8784	7	0	0
鑟	945F	5	0.4186	8.691	0.9426	4	0	0
鑠	9460	5	0.4477	8.491	0.8923	4	0	0
鑡	9461	5	0.4956	8.059	0.8950	3	0	0
鑢	9462	5	0.4822	8.312	0.9370	4	0	0
鑣	9463	5	0.4689	8.437	0.9163	3	0	0
鑤	9464	5	0.4660	7.990	0.9266	3	0	0
鑥	9465	5	0.4364	7.716	0.9495	3	0	0
鑦	9466	5	0.4738	8.359	0.9170	4	0	0
鑧	9467	5	0.4354	7.747	0.9205	5	0	0
鑨	9468	5	0.4808	8.082	0.8995	2	0	0
鑩	9469	5	0.4538	8.146	0.9006	2	0	0
鑪	946A	5	0.4586	8.250	0.9114	3	0	0
鑫	946B	5	0.4053	8.607	0.8814	3	0	0
鑬	946C	5	0.4349	8.048	0.9223	3	0	0
鑭	946D	5	0.5000	8.378	0.9465	3	0	0
鑮	946E	5	0.4416	8.249	0.9093	5	0	0
鑯	946F	5	0.4719	8.578	0.9012	3	0	0
鑰	9470	5	0.4438	8.011	0.9531	2	0	0
鑱	9471	5	0.4556	8.697	0.8999	5	0	0
鑲	9472	5	0.4763	8.152	0.9577	3	0	0
鑳	9473	5	0.4778	8.076	0.9096	4	0	0
鑴	9474	5	0.4492	8.562	0.9715	5	0	0
鑵	9475	5	0.4482	7.632	0.9379	5	0	0
鑶	9476	5	0.4467	8.467	0.9472	5	0	0
鑷	9477	5	0.4393	7.815	0.9189	4	0	0
鑸	9478	5	0.4393	7.867	0.9656	5	0	0
鑹	9479	5	0.4497	9.067	0.8632	4	0	0
鑺	947A	5	0.4926	7.971	0.9409	3	0	0
鑻	947B	5	0.4305	8.912	0.8977	6	0	0
鑼	947C	5	0.5074	8.683	0.8682	4	1	1
鑽	947D	5	0.4345	8.707	0.8913	6	1	1
鑾	947E	5	0.4349	9.192	0.8933	2	0	0
鑿	947F	5	0.4734	8.683	0.9024	2	0	0
钀	9480	5	0.4615	9.308	0.8926	4	0	0
钁	9481	5	0.4911	8.904	0.9027	4	0	0
钂	9482	5	0.4305	9.002	0.8972	3	0	0
钃	9483	5	0.4692	9.343	0.8857	4	0	0
钄	9484	5	0.4684	8.840	0.9264	4	0	0
钅	9485	5	0.3609	4.067	0.9220	1	0	0
钆	9486	5	0.2914	4.187	0.9186	2	0	0
钇	9487	5	0.3108	4.694	0.9224	2	0	0
针	9488	5	0.2737	3.830	0.9540	2	1	0
钉	9489	5	0.2840	3.937	0.9476	2	0	0
钊	948A	5	0.3662	4.180	0.9359	2	0	0
钋	948B	5	0.2923	4.132	0.9756	2	0	0
钌	948C	5	0.2877	4.157	0.9636	2	0	0
钍	948D	5	0.2855	4.257	0.9983	2	0	0
钎	948E	5	0.2973	4.231	0.9636	2	0	0
钏	948F	5	0.3862	4.959	0.9540	2	0	0
钐	9490	5	0.2840	4.742	0.9531	2	0	0
钑	9491	5	0.3787	5.901	0.9353	2	0	0
钒	9492	5	0.3343	5.399	0.9332	3	0	0
钓	9493	5	0.3369	4.780	0.9239	3	0	0
钔	9494	5	0.3215	4.517	0.9386	2	0	0
钕	9495	5	0.3373	5.213	0.9407	2	0	0
钖	9496	5	0.3743	5.995	0.9368	2	0	0
钗	9497	5	0.3506	5.688	0.9535	3	0	0
钘	9498	5	0.3550	4.981	0.9768	3	0	0
钙	9499	5	0.3506	4.911	0.9712	2	0	0
钚	949A	5	0.3262	4.810	0.9615	2	0	0
钛	949B	5	0.3373	5.173	0.9182	3	0	0
钜	949C	5	0.3595	5.046	0.9565	2	0	0
钝	949D	5	0.3817	5.206	0.9567	2	0	0
钞	949E	5	0.3195	5.152	0.9668	3	0	0
钟	949F	5	0.3462	4.545	0.9863	2	1	0
钠	94A0	5	0.4077	5.242	0.9431	2	0	0
钡	94A1	5	0.3772	5.778	0.9485	2	0	0
钢	94A2	5	0.4338	5.995	0.9480	3	1	0
钣	94A3	5	0.3935	5.960	0.9454	3	0	0
钤	94A4	5	0.3003	5.145	0.9196	4	0	0
钥	94A5	5	0.4062	5.005	0.9690	2	0	0
钦	94A6	5	0.3299	5.260	0.9359	2	1	0
钧	94A7	5	0.3538	5.300	0.9110	3	0	0
钨	94A8	5	0.3692	5.193	0.9275	3	0	0
钩	94A9	5	0.3677	5.518	0.9201	3	0	0
钪	94AA	5	0.3373	5.168	0.9229	3	0	0
钫	94AB	5	0.3314	5.079	0.9088	2	0	0
钬	94AC	5	0.3284	5.245	0.9679	2	0	0
钭	94AD	5	0.3092	4.707	0.9642	2	0	0
钮	94AE	5	0.3923	5.338	0.9303	2	0	0
钯	94AF	5	0.3787	5.332	0.9378	2	0	0
钰	94B0	5	0.3402	5.002	0.9574	2	0	0
钱	94B1	5	0.3639	5.901	0.9223	2	1	1
钲	94B2	5	0.3521	4.956	0.9739	3	0	0
钳	94B3	5	0.3802	5.017	0.9775	2	0	0
钴	94B4	5	0.3580	4.827	0.9681	3	0	0
钵	94B5	5	0.3565	5.387	0.9496	2	0	0
钶	94B6	5	0.3521	5.034	0.9971	3	0	0
钷	94B7	5	0.3669	5.311	0.9850	3	0	0
钸	94B8	5	0.3521	5.404	0.9715	3	0	0
钹	94B9	5	0.3964	6.121	0.9362	2	0	0
钺	94BA	5	0.4112	6.072	0.9279	2	0	0
钻	94BB	5	0.3388	4.639	0.9699	3	0	0
钼	94BC	5	0.4311	4.939	0.9848	2	0	0
钽	94BD	5	0.3772	5.096	0.9849	3	0	0
钾	94BE	5	0.4062	4.946	0.9740	2	0	0
钿	94BF	5	0.4462	5.232	0.9833	2	0	0
铀	94C0	5	0.3923	4.998	0.9634	2	0	0
铁	94C1	5	0.3698	5.434	0.9484	3	1	0
铂	94C2	5	0.3778	4.745	0.9672	2	0	0
铃	94C3	5	0.3225	5.409	0.9493	4	0	0
铄	94C4	5	0.3536	5.516	0.9169	2	0	0
铅	94C5	5	0.3491	5.160	0.9690	3	0	0
铆	94C6	5	0.3754	5.894	0.9454	3	0	0
铇	94C7	5	0.3891	5.732	0.9159	3	0	0
铈	94C8	5	0.3609	5.121	0.9614	3	0	0
铉	94C9	5	0.3550	5.649	0.9158	2	0	0
铊	94CA	5	0.3476	5.058	0.9316	3	0	0
铋	94CB	5	0.3787	6.010	0.9407	2	0	0
铌	94CC	5	0.3964	5.779	0.9351	3	0	0
铍	94CD	5	0.3787	6.148	0.9321	2	0	0
铎	94CE	5	0.3891	5.730	0.9632	2	0	0
铏	94CF	5	0.4523	6.043	0.9218	4	0	0
铐	94D0	5	0.3994	5.667	0.9299	3	0	0
铑	94D1	5	0.3817	5.661	0.9139	3	0	0
铒	94D2	5	0.3950	5.170	0.9709	2	0	0
铓	94D3	5	0.3388	5.155	0.9327	3	0	0
铔	94D4	5	0.4154	5.985	0.9089	2	0	0
铕	94D5	5	0.3979	5.504	0.9399	3	0	0
铖	94D6	5	0.4098	6.656	0.9188	3	0	0
铗	94D7	5	0.3506	5.764	0.9575	2	0	0
铘	94D8	5	0.3920	6.572	0.9627	3	0	0
铙	94D9	5	0.3861	6.070	0.9125	3	0	0
铚	94DA	5	0.3954	5.629	0.9090	3	0	0
铛	94DB	5	0.3769	5.298	0.9609	3	0	0
铜	94DC	5	0.4369	5.607	0.9765	3	1	0
铝	94DD	5	0.3985	5.089	0.9774	3	0	0
铞	94DE	5	0.3908	5.214	0.9808	3	0	0
铟	94DF	5	0.4538	6.011	0.9378	3	0	0
铠	94E0	5	0.3876	5.412	0.9345	3	0	0
铡	94E1	5	0.4046	6.565	0.9599	3	0	0
铢	94E2	5	0.3905	5.638	0.9380	3	0	0
铣	94E3	5	0.3698	5.451	0.9419	3	0	0
铤	94E4	5	0.4142	6.405	0.9037	3	0	0
铥	94E5	5	0.3772	5.733	0.9526	4	0	0
铦	94E6	5	0.3698	5.175	0.9439	2	0	0
铧	94E7	5	0.3595	5.472	0.9595	4	0	0
铨	94E8	5	0.3536	5.412	0.8812	3	0	0
铩	94E9	5	0.3683	5.975	0.9302	3	0	0
铪	94EA	5	0.3785	5.388	0.9360	4	0	0
铫	94EB	5	0.3669	6.103	0.9263	2	0	0
铬	94EC	5	0.3946	5.966	0.9538	3	0	0
铭	94ED	5	0.3908	5.639	0.9025	3	0	0
铮	94EE	5	0.3698	5.394	0.9412	3	0	0
铯	94EF	5	0.3935	5.649	0.9396	2	0	0
铰	94F0	5	0.3432	5.812	0.9462	3	0	0
铱	94F1	5	0.3462	5.654	0.9319	2	0	0
铲	94F2	5	0.2973	4.644	0.9317	3	0	0
铳	94F3	5	0.3713	5.835	0.9195	4	0	0
铴	94F4	5	0.4015	6.800	0.9037	3	0	0
铵	94F5	5	0.3846	5.805	0.9409	3	0	0
银	94F6	5	0.4083	5.951	0.9468	2	1	1
铷	94F7	5	0.4446	5.927	0.9476	3	0	0
铸	94F8	5	0.4127	6.111	0.9189	3	0	0
铹	94F9	5	0.3876	5.830	0.9533	3	0	0
铺	94FA	5	0.4231	6.116	0.9465	2	1	1
铻	94FB	5	0.4157	5.688	0.9670	3	0	0
铼	94FC	5	0.3876	5.906	0.9475	2	0	0
铽	94FD	5	0.3757	6.221	0.9428	3	0	0
链	94FE	5	0.4038	6.231	0.9321	3	1	1
铿	94FF	5	0.4292	6.380	0.8964	3	0	0
销	9500	5	0.4138	5.908	0.8836	3	1	1
锁	9501	5	0.3675	6.170	0.9299	2	1	1
锂	9502	5	0.4438	5.778	0.9287	3	0	0
锃	9503	5	0.4009	5.589	0.9118	3	0	0
锄	9504	5	0.4262	6.287	0.9288	3	0	0
锅	9505	5	0.4400	5.868	0.8946	3	0	0
锆	9506	5	0.3846	5.467	0.9498	3	0	0
锇	9507	5	0.4216	6.649	0.9024	2	0	0
锈	9508	5	0.4038	6.311	0.8959	3	0	0
锉	9509	5	0.3920	6.012	0.9308	5	0	0
锊	950A	5	0.3328	5.699	0.9280	3	0	0
锋	950B	5	0.4142	6.204	0.9578	3	1	1
锌	950C	5	0.3580	5.189	0.9302	2	0	0
锍	950D	5	0.3891	6.141	0.9331	2	0	0
锎	950E	5	0.4631	6.269	0.9308	2	0	0
锏	950F	5	0.4277	5.813	0.9538	3	0	0
锐	9510	5	0.3757	5.577	0.9103	3	0	0
锑	9511	5	0.4024	6.010	0.9439	5	0	0
锒	9512	5	0.4053	5.880	0.9420	3	0	0
锓	9513	5	0.4172	6.367	0.9454	2	0	0
锔	9514	5	0.4585	6.154	0.9069	3	0	0
锕	9515	5	0.3624	6.633	0.9800	4	0	0
锖	9516	5	0.4231	6.130	0.9694	2	0	0
锗	9517	5	0.4260	5.822	0.9546	3	0	0
锘	9518	5	0.3964	5.635	0.9693	4	0	0
错	9519	5	0.4157	5.641	0.9614	4	1	1
锚	951A	5	0.4320	5.667	0.9671	3	0	0
锛	951B	5	0.4009	6.032	0.9181	4	0	0
锜	951C	5	0.3950	5.902	0.9742	4	0	0
锝	951D	5	0.4098	5.865	0.9443	2	0	0
锞	951E	5	0.4349	6.202	0.9551	2	0	0
锟	951F	5	0.4260	6.144	0.9328	3	0	0
锠	9520	5	0.4508	5.670	0.9656	3	0	0
锡	9521	5	0.4400	6.641	0.9411	4	1	1
锢	9522	5	0.4646	5.972	0.9835	4	0	0
锣	9523	5	0.4092	6.005	0.9489	3	0	0
锤	9524	5	0.4393	6.007	0.9188	2	0	0
锥	9525	5	0.4172	5.736	0.9421	2	0	0
锦	9526	5	0.4354	5.639	0.9567	3	1	1
锧	9527	5	0.4201	6.666	0.9173	4	0	0
锨	9528	5	0.4038	6.568	0.9457	3	0	0
锩	9529	5	0.4098	6.409	0.9362	3	0	0
锪	952A	5	0.3994	6.863	0.9248	4	0	0
锫	952B	5	0.3817	5.673	0.9288	3	0	0
锬	952C	5	0.3609	6.408	0.9484	3	0	0
锭	952D	5	0.3669	5.689	0.9431	3	0	0
键	952E	5	0.4246	7.022	0.9805	3	1	1
锯	952F	5	0.4601	6.053	0.9467	4	0	0
锰	9530	5	0.4083	5.947	0.9086	3	0	0
锱	9531	5	0.4585	6.692	0.9174	5	0	0
锲	9532	5	0.4053	6.552	0.9539	3	0	0
锳	9533	5	0.4186	5.956	0.9266	3	0	0
锴	9534	5	0.3979	6.181	0.9489	3	0	0
锵	9535	5	0.3950	6.678	0.9359	3	0	0
锶	9536	5	0.4453	6.406	0.9457	3	0	0
锷	9537	5	0.3905	5.923	0.9319	5	0	0
锸	9538	5	0.4142	6.073	0.9563	2	0	0
锹	9539	5	0.4083	6.541	0.9261	3	0	0
锺	953A	5	0.4571	6.542	0.9406	2	0	0
锻	953B	5	0.4260	6.495	0.9445	4	0	0
锼	953C	5	0.4554	6.587	0.9095	3	0	0
锽	953D	5	0.4083	5.973	0.9755	3	0	0
锾	953E	5	0.4527	7.211	0.8908	5	0	0
锿	953F	5	0.4038	6.120	0.9269	3	0	0
镀	9540	5	0.4408	6.601	0.9352	3	0	0
镁	9541	5	0.4157	6.375	0.9201	3	0	0
镂	9542	5	0.4262	6.733	0.8780	3	0	0
镃	9543	5	0.3950	7.107	0.9010	3	0	0
镄	9544	5	0.4275	6.905	0.9581	3	0	0
镅	9545	5	0.4923	6.435	0.9006	3	0	0
镆	9546	5	0.4112	6.341	0.9431	4	0	0
镇	9547	5	0.4216	6.539	0.9440	4	1	1
镈	9548	5	0.4393	6.428	0.9574	3	0	0
镉	9549	5	0.4512	6.726	0.9520	2	0	0
镊	954A	5	0.4349	7.287	0.9422	4	0	0
镋	954B	5	0.3935	6.057	0.9302	3	0	0
镌	954C	5	0.4477	6.693	0.9085	3	0	0
镍	954D	5	0.4662	6.398	0.9475	3	0	0
镎	954E	5	0.3818	6.695	0.9389	5	0	0
镏	954F	5	0.4554	6.721	0.9186	3	0	0
镐	9550	5	0.4142	6.299	0.9342	5	0	0
镑	9551	5	0.4112	6.157	0.9120	3	0	0
镒	9552	5	0.4083	6.540	0.9498	3	0	0
镓	9553	5	0.3860	6.743	0.9305	3	0	0
镔	9554	5	0.3802	6.048	0.9221	4	0	0
镕	9555	5	0.3876	6.333	0.9595	3	0	0
镖	9556	5	0.4334	6.789	0.9659	3	0	0
镗	9557	5	0.4231	6.291	0.8834	3	0	0
镘	9558	5	0.4157	6.880	0.9643	3	0	0
镙	9559	5	0.4523	6.933	0.9270	3	0	0
镚	955A	5	0.4846	6.410	0.8913	4	0	0
镛	955B	5	0.4822	7.093	0.9381	4	0	0
镜	955C	5	0.4068	6.518	0.8969	3	1	1
镝	955D	5	0.4393	6.444	0.9400	3	0	0
镞	955E	5	0.4246	7.114	0.9056	3	0	0
镟	955F	5	0.4379	7.115	0.9000	3	0	0
镠	9560	5	0.3802	7.312	0.9310	3	0	0
镡	9561	5	0.4393	6.567	0.9518	4	0	0
镢	9562	5	0.4675	7.791	0.9009	5	0	0
镣	9563	5	0.4092	6.611	0.9058	4	0	0
镤	9564	5	0.4423	6.932	0.9210	4	0	0
镥	9565	5	0.4354	6.774	0.9275	3	0	0
镦	9566	5	0.4260	6.891	0.9181	5	0	0
镧	9567	5	0.4769	7.277	0.9520	3	0	0
镨	9568	5	0.4438	6.534	0.9242	4	0	0
镩	9569	5	0.4446	6.623	0.9330	4	0	0
镪	956A	5	0.4453	6.632	0.9337	4	0	0
镫	956B	5	0.4290	6.950	0.8689	5	0	0
镬	956C	5	0.4379	7.208	0.9178	4	0	0
镭	956D	5	0.4512	6.587	0.9488	3	0	0
镮	956E	5	0.4645	6.992	0.9076	3	0	0
镯	956F	5	0.4504	6.782	0.9177	3	0	0
镰	9570	5	0.4586	7.390	0.9133	4	0	0
镱	9571	5	0.4112	6.975	0.9264	3	0	0
镲	9572	5	0.4216	7.529	0.9195	4	0	0
镳	9573	5	0.4556	7.666	0.9207	3	0	0
镴	9574	5	0.4216	8.619	0.8545	7	0	0
镵	9575	5	0.4349	7.880	0.8835	5	0	0
镶	9576	5	0.4260	7.362	0.9665	3	0	0
長	9577	5	0.3938	5.105	0.9219	1	0	0
镸	9578	5	0.3723	4.648	0.9741	1	0	0
镹	9579	5	0.3402	5.558	0.9308	2	0	0
镺	957A	5	0.3669	5.600	0.9478	3	0	0
镻	957B	5	0.3891	5.798	0.9619	3	0	0
镼	957C	5	0.4816	6.293	0.9407	4	0	0
镽	957D	5	0.4467	6.800	0.9276	4	0	0
镾	957E	5	0.5415	8.759	0.8026	3	0	0
长	957F	5	0.2708	3.995	0.9729	1	1	0
門	9580	5	0.4278	3.050	0.9639	1	0	0
閁	9581	5	0.4100	3.976	0.9818	2	0	0
閂	9582	5	0.4765	3.729	0.9732	2	0	0
閃	9583	5	0.4939	4.442	0.9438	2	1	0
閄	9584	5	0.3662	4.526	0.9464	2	0	0
閅	9585	5	0.4618	4.210	1.0004	2	0	0
閆	9586	5	0.5461	4.814	0.9827	2	0	0
閇	9587	5	0.4957	4.482	0.9764	2	0	0
閈	9588	5	0.5478	4.595	1.0095	2	0	0
閉	9589	5	0.5200	4.930	0.9592	2	1	0
閊	958A	5	0.5270	4.545	0.9552	2	0	0
開	958B	5	0.5600	5.169	0.9721	3	1	1
閌	958C	5	0.5333	5.166	0.9464	3	0	0
閍	958D	5	0.5600	5.139	0.9615	2	0	0
閎	958E	5	0.5461	5.540	0.9473	3	0	0
閏	958F	5	0.5400	4.912	0.9766	2	1	0
閐	9590	5	0.5083	5.770	0.9777	2	0	0
閑	9591	5	0.4467	5.418	0.9605	2	1	0
閒	9592	5	0.5327	4.849	1.0062	2	1	1
間	9593	5	0.5374	4.779	0.9681	2	1	0
閔	9594	5	0.5367	5.373	0.9522	2	0	0
閕	9595	5	0.5267	5.544	0.9347	2	0	0
閖	9596	5	0.5350	5.431	0.9445	2	0	0
閗	9597	5	0.4964	5.073	0.9623	2	0	0
閘	9598	5	0.5117	5.147	0.9729	2	0	0
閙	9599	5	0.5383	5.325	0.9823	3	0	0
閚	959A	5	0.4783	5.137	0.9934	2	0	0
閛	959B	5	0.5583	5.254	0.9760	2	0	0
閜	959C	5	0.5083	5.153	1.0118	3	0	0
閝	959D	5	0.4750	5.807	0.9489	4	0	0
閞	959E	5	0.5530	5.614	0.9530	3	0	0
閟	959F	5	0.5443	5.828	0.9485	2	0	0
閠	95A0	5	0.5517	5.192	0.9623	2	0	0
閡	95A1	5	0.5583	6.170	0.9439	4	0	0
関	95A2	5	0.5483	5.539	0.9213	3	1	1
閣	95A3	5	0.5333	6.108	0.9149	3	1	1
閤	95A4	5	0.5033	5.722	0.9672	4	0	0
閥	95A5	5	0.5233	6.030	0.9574	3	1	1
閦	95A6	5	0.5109	5.878	0.9431	4	0	0
閧	95A7	5	0.5533	5.523	0.9292	3	0	0
閨	95A8	5	0.5033	5.560	0.9865	3	0	0
閩	95A9	5	0.5255	5.345	0.9943	2	1	1
閪	95AA	5	0.5836	5.808	0.9983	2	0	0
閫	95AB	5	0.5309	5.989	0.9557	3	0	0
閬	95AC	5	0.5322	5.812	0.9547	3	0	0
閭	95AD	5	0.5200	5.374	0.9797	3	0	0
閮	95AE	5	0.5600	6.456	0.9801	3	0	0
閯	95AF	5	0.4991	6.048	0.9530	4	0	0
閰	95B0	5	0.5200	5.030	1.0208	2	0	0
閱	95B1	5	0.5236	5.770	0.9492	3	1	1
閲	95B2	5	0.5500	5.417	0.9341	3	1	1
閳	95B3	5	0.5818	6.127	1.0444	2	0	0
閴	95B4	5	0.5327	5.789	0.9836	2	0	0
閵	95B5	5	0.5233	5.722	0.9697	2	0	0
閶	95B6	5	0.5109	6.033	1.0066	3	0	0
閷	95B7	5	0.4508	6.992	0.9391	4	0	0
閸	95B8	5	0.5050	5.728	0.9841	2	0	0
閹	95B9	5	0.5433	6.331	0.9603	3	0	0
閺	95BA	5	0.5273	6.326	0.9664	3	0	0
閻	95BB	5	0.4900	5.795	0.9499	3	0	0
閼	95BC	5	0.5050	6.233	0.9534	4	0	0
閽	95BD	5	0.5218	6.472	0.9564	3	0	0
閾	95BE	5	0.5317	6.406	0.9614	3	0	0
閿	95BF	5	0.5145	6.485	0.9453	3	0	0
闀	95C0	5	0.5150	7.008	0.9511	4	0	0
闁	95C1	5	0.5017	5.458	1.0096	2	0	0
闂	95C2	5	0.5309	6.672	0.9781	3	0	0
闃	95C3	5	0.5033	6.508	0.9512	3	0	0
闄	95C4	5	0.5000	7.213	0.9427	3	0	0
闅	95C5	5	0.5200	7.080	0.9411	2	0	0
闆	95C6	5	0.5252	5.372	0.9999	4	0	0
闇	95C7	5	0.5050	6.052	0.9594	2	1	1
闈	95C8	5	0.5255	6.499	1.0221	4	0	0
闉	95C9	5	0.5255	6.130	1.0199	3	0	0
闊	95CA	5	0.5183	6.050	0.9510	3	1	1
闋	95CB	5	0.5400	6.812	0.9401	4	0	0
闌	95CC	5	0.5267	6.479	0.9490	2	0	0
闍	95CD	5	0.5200	6.313	0.9778	3	0	0
闎	95CE	5	0.5652	6.377	0.9412	3	0	0
闏	95CF	5	0.5000	6.863	0.9566	2	0	0
闐	95D0	5	0.5091	7.252	0.9852	4	0	0
闑	95D1	5	0.5164	6.717	0.9918	3	0	0
闒	95D2	5	0.5291	7.162	0.9648	2	0	0
闓	95D3	5	0.5055	6.295	0.9814	5	0	0
闔	95D4	5	0.5467	6.760	0.9502	4	0	0
闕	95D5	5	0.5200	6.507	0.9429	4	0	0
闖	95D6	5	0.4800	6.350	0.9829	2	0	0
闗	95D7	5	0.5073	6.913	0.9379	2	0	0
闘	95D8	5	0.5100	6.378	0.9329	2	1	1
闙	95D9	5	0.5050	6.675	0.9672	4	0	0
闚	95DA	5	0.5291	6.377	1.0072	3	0	0
闛	95DB	5	0.5182	6.352	0.9906	3	0	0
關	95DC	5	0.5150	6.771	0.9133	2	1	1
闝	95DD	5	0.5315	6.610	0.9627	3	0	0
闞	95DE	5	0.5491	6.567	0.9429	4	0	0
闟	95DF	5	0.5309	7.581	0.9128	5	0	0
闠	95E0	5	0.5255	7.278	0.9806	3	0	0
闡	95E1	5	0.5067	6.348	1.0104	4	0	0
闢	95E2	5	0.5083	6.764	0.9425	3	0	0
闣	95E3	5	0.5545	6.639	1.0319	3	0	0
闤	95E4	5	0.5309	7.316	0.9765	3	0	0
闥	95E5	5	0.5033	7.089	0.9735	3	0	0
闦	95E6	5	0.5400	7.017	1.0352	5	0	0
闧	95E7	5	0.5236	7.239	0.9492	6	0	0
门	95E8	5	0.2640	2.216	0.9731	1	1	0
闩	95E9	5	0.3144	2.951	0.9409	2	0	0
闪	95EA	5	0.3173	3.792	0.9413	2	0	0
闫	95EB	5	0.3718	4.132	0.9498	2	0	0
闬	95EC	5	0.3899	4.148	0.9883	2	0	0
闭	95ED	5	0.4275	4.382	0.9545	2	1	0
问	95EE	5	0.3619	3.677	0.9603	2	1	0
闯	95EF	5	0.4583	4.849	0.9450	2	0	0
闰	95F0	5	0.3814	4.438	0.9446	2	0	0
闱	95F1	5	0.4247	5.049	0.9646	2	0	0
闲	95F2	5	0.3750	4.590	0.9438	2	0	0
闳	95F3	5	0.4126	5.064	0.9635	3	0	0
间	95F4	5	0.4047	3.978	0.9444	2	1	0
闵	95F5	5	0.4091	4.873	0.9320	2	0	0
闶	95F6	5	0.3766	4.786	0.9621	3	0	0
闷	95F7	5	0.4197	4.845	0.9604	2	0	0
闸	95F8	5	0.4580	4.661	0.9670	2	0	0
闹	95F9	5	0.3997	4.889	0.9320	3	0	0
闺	95FA	5	0.4716	5.077	0.9593	3	0	0
闻	95FB	5	0.4783	4.872	0.9657	2	1	0
闼	95FC	5	0.4215	5.370	0.9430	3	0	0
闽	95FD	5	0.4766	4.917	0.9615	2	1	0
闾	95FE	5	0.4371	4.866	0.9769	3	0	0
闿	95FF	5	0.4649	5.290	0.9835	3	0	0
阀	9600	5	0.4840	5.565	0.9307	3	0	0
阁	9601	5	0.4598	5.744	0.9563	3	1	0
阂	9602	5	0.4904	5.775	0.9127	4	0	0
阃	9603	5	0.5017	5.748	0.9529	3	0	0
阄	9604	5	0.5064	5.626	0.9397	2	0	0
阅	9605	5	0.4293	5.111	0.9618	3	1	0
阆	9606	5	0.4650	5.531	0.9646	3	0	0
阇	9607	5	0.4936	5.874	0.9530	3	0	0
阈	9608	5	0.4699	6.193	0.9052	3	0	0
阉	9609	5	0.4712	6.033	0.9156	3	0	0
阊	960A	5	0.4448	5.571	0.9977	3	0	0
阋	960B	5	0.4080	5.173	0.9694	3	0	0
阌	960C	5	0.4197	6.280	0.8970	3	0	0
阍	960D	5	0.4952	6.036	0.9574	3	0	0
阎	960E	5	0.3638	5.243	0.9453	3	0	0
阏	960F	5	0.3862	5.763	0.9313	4	0	0
阐	9610	5	0.4872	5.498	0.9488	4	0	0
阑	9611	5	0.4685	6.026	0.9750	2	0	0
阒	9612	5	0.4398	6.141	0.9340	3	0	0
阓	9613	5	0.4493	6.290	0.9711	3	0	0
阔	9614	5	0.3942	5.575	0.9352	3	1	1
阕	9615	5	0.4984	6.392	0.8847	4	0	0
阖	9616	5	0.4682	6.263	0.9530	4	0	0
阗	9617	5	0.4696	6.554	0.9474	4	0	0
阘	9618	5	0.4047	6.757	0.9569	2	0	0
阙	9619	5	0.4615	6.436	0.9304	4	0	0
阚	961A	5	0.4732	6.380	0.9298	4	0	0
阛	961B	5	0.4913	7.115	0.9509	3	0	0
阜	961C	5	0.3447	4.470	0.9680	1	0	0
阝	961D	5	0.4945	2.780	0.9495	1	0	0
阞	961E	5	0.3606	4.403	0.9550	2	0	0
队	961F	5	0.3029	3.870	0.9797	2	1	0
阠	9620	5	0.3712	4.449	0.9216	3	0	0
阡	9621	5	0.3062	3.810	0.9860	2	0	0
阢	9622	5	0.3776	4.677	0.9469	2	0	0
阣	9623	5	0.3631	4.936	0.9024	3	0	0
阤	9624	5	0.3831	5.165	0.9613	2	0	0
阥	9625	5	0.3785	5.096	0.9750	2	0	0
阦	9626	5	0.3415	4.901	0.9381	2	0	0
阧	9627	5	0.3138	4.219	0.9763	2	0	0
阨	9628	5	0.4176	5.449	0.8882	3	0	0
阩	9629	5	0.3397	4.694	0.9678	3	0	0
阪	962A	5	0.4320	5.629	0.9131	3	1	0
阫	962B	5	0.3424	4.307	0.9613	2	0	0
阬	962C	5	0.3508	4.651	0.9324	3	0	0
阭	962D	5	0.3785	5.154	0.9314	3	0	0
阮	962E	5	0.3712	4.656	0.9236	3	1	0
阯	962F	5	0.3477	4.303	0.9972	2	0	0
阰	9630	5	0.3738	4.887	0.9557	2	0	0
阱	9631	5	0.3908	4.773	0.9600	2	0	0
防	9632	5	0.3631	4.740	0.9784	2	1	0
阳	9633	5	0.4365	4.235	0.9003	2	1	0
阴	9634	5	0.4383	4.441	0.9056	2	1	0
阵	9635	5	0.3446	4.613	0.9762	2	1	0
阶	9636	5	0.3292	4.607	0.9688	3	1	0
阷	9637	5	0.3904	4.606	0.9770	3	0	0
阸	9638	5	0.4308	6.176	0.9295	3	0	0
阹	9639	5	0.3846	4.960	0.9457	3	0	0
阺	963A	5	0.3831	5.515	0.9575	3	0	0
阻	963B	5	0.4288	4.874	0.9479	2	1	0
阼	963C	5	0.3354	4.174	0.9897	2	0	0
阽	963D	5	0.3600	4.237	0.9918	3	0	0
阾	963E	5	0.3308	5.080	0.9406	4	0	0
阿	963F	5	0.3776	4.606	0.9770	3	1	0
陀	9640	5	0.3686	4.865	0.9134	3	1	0
陁	9641	5	0.4138	5.688	0.9243	2	0	0
陂	9642	5	0.4323	5.842	0.9633	2	0	0
陃	9643	5	0.4512	5.389	0.8944	3	0	0
附	9644	5	0.3800	4.973	0.9617	3	1	0
际	9645	5	0.3632	4.740	0.9535	2	1	0
陆	9646	5	0.3877	4.786	0.9854	3	1	0
陇	9647	5	0.4092	5.801	0.9466	2	0	0
陈	9648	5	0.3815	5.202	0.9703	2	1	0
陉	9649	5	0.3846	5.069	0.9260	2	0	0
陊	964A	5	0.3938	5.886	0.9166	3	0	0
陋	964B	5	0.4464	6.101	0.9343	2	0	0
陌	964C	5	0.4272	4.580	0.9957	3	0	0
降	964D	5	0.4108	5.749	0.9480	3	1	1
陎	964E	5	0.3969	5.206	0.9758	3	0	0
陏	964F	5	0.4292	5.083	0.9756	3	0	0
限	9650	5	0.4217	5.493	0.9403	2	1	0
陑	9651	5	0.4567	5.647	0.8696	2	0	0
陒	9652	5	0.4385	5.692	0.9653	4	0	0
陓	9653	5	0.3938	5.421	0.9387	4	0	0
陔	9654	5	0.3831	5.707	0.9455	4	0	0
陕	9655	5	0.4031	5.450	0.9733	2	1	0
陖	9656	5	0.3846	6.402	0.9243	4	0	0
陗	9657	5	0.4277	5.487	0.9368	3	0	0
陘	9658	5	0.4288	6.126	0.9141	6	0	0
陙	9659	5	0.4608	6.067	0.9197	2	0	0
陚	965A	5	0.4092	5.892	0.9679	3	0	0
陛	965B	5	0.4104	5.625	0.9608	3	0	0
陜	965C	5	0.4062	5.778	0.9068	2	0	0
陝	965D	5	0.4062	5.976	0.9308	2	0	0
陞	965E	5	0.4000	5.460	0.9694	2	0	0
陟	965F	5	0.3846	5.271	0.9567	3	0	0
陠	9660	5	0.4862	5.880	0.9417	2	0	0
陡	9661	5	0.4215	5.258	0.9578	3	0	0
院	9662	5	0.4000	5.406	0.9355	4	1	0
陣	9663	5	0.4692	5.488	0.9774	2	1	1
除	9664	5	0.3954	5.736	0.9504	4	1	0
陥	9665	5	0.4263	5.183	0.9799	2	1	0
陦	9666	5	0.4308	5.894	0.9464	3	0	0
陧	9667	5	0.4583	5.080	0.9777	3	0	0
陨	9668	5	0.4400	5.359	0.9779	3	0	0
险	9669	5	0.3785	5.615	0.9566	5	1	0
陪	966A	5	0.4077	5.342	0.9542	3	1	0
陫	966B	5	0.3938	4.724	0.9863	2	0	0
陬	966C	5	0.4736	6.264	0.9259	3	0	0
陭	966D	5	0.4292	5.617	0.9702	4	0	0
陮	966E	5	0.4087	5.377	0.9649	2	0	0
陯	966F	5	0.4631	5.964	0.9333	4	0	0
陰	9670	5	0.4354	6.463	0.9345	6	1	1
陱	9671	5	0.4487	6.275	0.9082	3	0	0
陲	9672	5	0.4723	5.886	0.9367	2	0	0
陳	9673	5	0.4631	5.829	0.9681	2	1	1
陴	9674	5	0.4446	5.389	0.9565	3	0	0
陵	9675	5	0.4262	6.409	0.9237	4	1	1
陶	9676	5	0.4567	5.869	0.9284	3	1	1
陷	9677	5	0.4263	5.396	0.9620	3	1	0
陸	9678	5	0.4231	5.762	0.9128	4	1	1
陹	9679	5	0.4477	5.601	0.9548	4	0	0
険	967A	5	0.4492	6.009	0.9528	2	1	1
陻	967B	5	0.4928	5.793	0.9322	3	0	0
陼	967C	5	0.4354	5.810	0.9313	3	0	0
陽	967D	5	0.4912	6.217	0.9490	5	1	1
陾	967E	5	0.4688	6.228	0.9152	3	0	0
陿	967F	5	0.4736	6.813	0.9188	3	0	0
隀	9680	5	0.5154	6.515	0.9245	2	0	0
隁	9681	5	0.4992	6.850	0.9321	4	0	0
隂	9682	5	0.4185	6.292	0.9474	3	0	0
隃	9683	5	0.4207	6.876	0.9366	5	0	0
隄	9684	5	0.4912	5.944	0.8781	4	0	0
隅	9685	5	0.4967	5.833	0.9209	3	1	1
隆	9686	5	0.4600	6.632	0.9030	2	1	1
隇	9687	5	0.4662	7.150	0.9092	4	0	0
隈	9688	5	0.4768	5.850	0.9333	4	1	1
隉	9689	5	0.4185	5.453	0.9874	2	0	0
隊	968A	5	0.4262	6.746	0.9160	2	1	1
隋	968B	5	0.4600	6.141	0.9543	2	1	1
隌	968C	5	0.4400	5.584	0.9533	2	0	0
隍	968D	5	0.4600	5.797	0.9272	3	0	0
階	968E	5	0.4554	5.965	0.9517	3	1	1
随	968F	5	0.4385	6.328	0.9310	4	1	1
隐	9690	5	0.4599	6.390	0.9450	4	1	1
隑	9691	5	0.4554	5.994	0.9335	5	0	0
隒	9692	5	0.4954	6.470	0.8952	3	0	0
隓	9693	5	0.4711	6.493	0.9539	2	0	0
隔	9694	5	0.4700	6.358	0.9166	2	1	1
隕	9695	5	0.4704	5.960	0.9464	3	0	0
隖	9696	5	0.4323	6.105	0.9507	3	0	0
隗	9697	5	0.4723	6.219	0.9131	2	0	0
隘	9698	5	0.4662	6.330	0.9083	3	0	0
隙	9699	5	0.4077	6.234	0.9239	2	1	1
隚	969A	5	0.4677	6.134	0.8988	3	0	0
際	969B	5	0.4369	6.918	0.9095	3	1	1
障	969C	5	0.4277	5.933	0.9692	3	1	1
隝	969D	5	0.4615	6.471	0.9642	3	0	0
隞	969E	5	0.4631	6.615	0.9327	4	0	0
隟	969F	5	0.4554	7.034	0.9247	5	0	0
隠	96A0	5	0.4492	7.105	0.8897	4	1	1
隡	96A1	5	0.4808	6.582	0.9228	4	0	0
隢	96A2	5	0.4723	6.487	0.9336	5	0	0
隣	96A3	5	0.4492	6.927	0.9113	4	1	1
隤	96A4	5	0.4154	6.690	0.9616	3	0	0
隥	96A5	5	0.4585	6.819	0.9044	5	0	0
隦	96A6	5	0.4615	6.339	0.9493	3	0	0
隧	96A7	5	0.4523	7.668	0.8977	3	1	1
隨	96A8	5	0.4400	7.169	0.9275	3	1	1
隩	96A9	5	0.4738	7.207	0.9048	3	0	0
險	96AA	5	0.4200	6.515	0.9286	7	1	1
隫	96AB	5	0.4169	6.603	0.9619	4	0	0
隬	96AC	5	0.5216	7.943	0.8637	3	0	0
隭	96AD	5	0.4523	6.936	0.9338	3	0	0
隮	96AE	5	0.4477	6.821	0.9191	3	0	0
隯	96AF	5	0.4092	7.301	0.9704	5	0	0
隰	96B0	5	0.4483	7.533	0.8837	2	0	0
隱	96B1	5	0.4154	7.768	0.9069	2	1	1
隲	96B2	5	0.4431	7.197	0.9340	2	0	0
隳	96B3	5	0.3818	8.090	0.9249	3	0	0
隴	96B4	5	0.4938	7.294	0.9128	2	0	0
隵	96B5	5	0.4599	8.136	0.9295	3	0	0
隶	96B6	5	0.3817	5.614	0.9489	1	0	0
隷	96B7	5	0.4556	6.891	0.9349	2	1	1
隸	96B8	5	0.4512	7.195	0.9302	3	1	1
隹	96B9	5	0.3519	4.707	0.9846	1	0	0
隺	96BA	5	0.4263	5.382	0.9589	1	0	0
隻	96BB	5	0.4169	6.314	0.9501	2	1	1
隼	96BC	5	0.3935	5.127	0.9374	2	1	0
隽	96BD	5	0.4087	5.938	0.9419	2	0	0
难	96BE	5	0.3831	5.563	0.9783	2	1	1
隿	96BF	5	0.3713	5.520	0.9650	2	0	0
雀	96C0	5	0.3743	5.826	0.9506	2	1	0
雁	96C1	5	0.4677	5.821	0.9354	3	1	1
雂	96C2	5	0.3743	5.654	0.9354	4	0	0
雃	96C3	5	0.4467	5.723	0.9677	3	0	0
雄	96C4	5	0.3994	6.229	0.9509	3	1	1
雅	96C5	5	0.4231	5.903	0.9491	2	1	1
集	96C6	5	0.4423	6.279	0.9617	2	1	1
雇	96C7	5	0.4446	6.415	0.9767	2	1	1
雈	96C8	5	0.3979	5.166	0.9864	2	0	0
雉	96C9	5	0.4157	5.845	0.9225	2	0	0
雊	96CA	5	0.4334	5.947	0.9221	3	0	0
雋	96CB	5	0.4311	5.842	0.9377	2	0	0
雌	96CC	5	0.4320	6.567	0.9352	3	1	1
雍	96CD	5	0.4393	6.513	0.9095	2	1	1
雎	96CE	5	0.4260	5.704	0.9575	2	0	0
雏	96CF	5	0.4275	5.823	0.9412	3	0	0
雐	96D0	5	0.4215	6.896	0.9621	2	0	0
雑	96D1	5	0.4379	6.504	0.9352	3	1	1
雒	96D2	5	0.4660	6.531	0.9339	3	0	0
雓	96D3	5	0.4438	6.462	0.9196	4	0	0
雔	96D4	5	0.4645	6.091	0.9250	2	0	0
雕	96D5	5	0.4956	6.986	0.9305	3	1	1
雖	96D6	5	0.4837	6.362	0.9351	3	1	1
雗	96D7	5	0.4837	6.324	0.9427	3	0	0
雘	96D8	5	0.4719	7.652	0.9248	4	0	0
雙	96D9	5	0.4292	6.998	0.9471	3	1	1
雚	96DA	5	0.4323	6.575	0.9848	4	0	0
雛	96DB	5	0.4527	7.452	0.9239	3	0	0
雜	96DC	5	0.4645	6.990	0.9109	3	1	1
雝	96DD	5	0.4923	7.335	0.8603	5	0	0
雞	96DE	5	0.4689	7.572	0.8930	3	1	1
雟	96DF	5	0.4295	8.050	0.9320	4	0	0
雠	96E0	5	0.4571	6.926	0.8941	3	0	0
雡	96E1	5	0.4364	7.683	0.9036	3	0	0
離	96E2	5	0.4831	7.429	0.8832	3	1	1
難	96E3	5	0.4778	6.809	0.9631	2	1	1
雤	96E4	5	0.4391	7.856	0.9066	2	0	0
雥	96E5	5	0.4675	7.774	0.9375	3	0	0
雦	96E6	5	0.4852	7.538	0.9184	3	0	0
雧	96E7	5	0.4631	9.101	0.8694	4	0	0
雨	96E8	5	0.4071	5.435	0.9519	1	0	0
雩	96E9	5	0.4017	6.383	0.9474	3	0	0
雪	96EA	5	0.4517	6.054	0.9793	2	1	0
雫	96EB	5	0.3917	5.333	0.9431	2	0	0
雬	96EC	5	0.3904	5.971	0.9714	2	0	0
雭	96ED	5	0.4508	6.615	0.9453	2	0	0
雮	96EE	5	0.4487	6.730	0.9343	2	0	0
雯	96EF	5	0.4336	6.227	0.9251	2	0	0
雰	96F0	5	0.4160	6.278	0.9392	3	0	0
雱	96F1	5	0.4483	6.114	0.8992	2	0	0
雲	96F2	5	0.4462	6.500	0.9560	3	1	1
雳	96F3	5	0.4308	6.499	0.9511	3	0	0
雴	96F4	5	0.4262	5.559	0.9316	2	0	0
雵	96F5	5	0.4471	6.461	0.9405	2	0	0
零	96F6	5	0.3692	6.479	0.9632	4	1	1
雷	96F7	5	0.4800	6.032	0.9422	2	1	1
雸	96F8	5	0.4423	5.797	0.9805	2	0	0
雹	96F9	5	0.4400	6.606	0.9628	3	0	0
雺	96FA	5	0.4067	6.760	0.9577	2	0	0
電	96FB	5	0.4784	6.332	0.9570	2	1	1
雼	96FC	5	0.4808	6.320	0.9451	2	0	0
雽	96FD	5	0.3733	6.025	0.9548	2	0	0
雾	96FE	5	0.4062	7.367	0.9286	3	0	0
雿	96FF	5	0.4080	6.911	0.9203	2	0	0
需	9700	5	0.4950	6.373	0.9611	2	1	1
霁	9701	5	0.3983	6.465	0.9280	2	0	0
霂	9702	5	0.4167	6.700	0.9378	3	0	0
霃	9703	5	0.4304	6.937	0.9169	3	0	0
霄	9704	5	0.3718	6.665	0.9576	3	0	0
霅	9705	5	0.3231	7.593	0.9604	2	0	0
霆	9706	5	0.4672	7.505	0.9221	3	0	0
震	9707	5	0.4169	7.649	0.9585	2	1	1
霈	9708	5	0.4333	6.725	0.9591	3	0	0
霉	9709	5	0.3904	7.724	0.9384	3	0	0
霊	970A	5	0.5083	6.530	0.9342	3	1	1
霋	970B	5	0.4583	8.749	0.9677	3	0	0
霌	970C	5	0.4750	7.573	0.9615	3	0	0
霍	970D	5	0.4551	6.973	0.9615	2	1	1
霎	970E	5	0.4311	7.758	0.9324	3	0	0
霏	970F	5	0.4138	6.470	0.9748	2	0	0
霐	9710	5	0.4038	7.170	0.9340	4	0	0
霑	9711	5	0.4350	6.570	0.9614	4	0	0
霒	9712	5	0.3683	6.495	0.9356	6	0	0
霓	9713	5	0.4032	6.681	0.9520	3	0	0
霔	9714	5	0.4352	6.731	0.9092	4	0	0
霕	9715	5	0.3861	6.550	0.9543	4	0	0
霖	9716	5	0.4031	6.649	0.9492	3	1	1
霗	9717	5	0.4022	7.136	0.9506	5	0	0
霘	9718	5	0.4383	7.365	0.9508	4	0	0
霙	9719	5	0.4677	7.439	0.9408	3	0	0
霚	971A	5	0.4246	7.434	0.9496	3	0	0
霛	971B	5	0.4059	7.324	0.9480	2	0	0
霜	971C	5	0.4800	6.930	0.9409	3	1	1
霝	971D	5	0.4817	6.866	0.9809	2	0	0
霞	971E	5	0.4533	7.408	0.9593	3	1	1
霟	971F	5	0.4400	7.185	0.9072	4	0	0
霠	9720	5	0.3792	7.233	0.9429	5	0	0
霡	9721	5	0.4432	7.383	0.9779	3	0	0
霢	9722	5	0.4608	7.826	0.9509	3	0	0
霣	9723	5	0.4433	8.825	0.9534	3	0	0
霤	9724	5	0.4483	8.028	0.9407	3	0	0
霥	9725	5	0.4367	8.831	0.9678	4	0	0
霦	9726	5	0.4464	7.379	0.9432	4	0	0
霧	9727	5	0.4462	8.338	0.9234	4	1	1
霨	9728	5	0.3969	7.715	0.9530	3	0	0
霩	9729	5	0.4183	7.950	0.9606	5	0	0
霪	972A	5	0.4432	7.795	0.8959	3	0	0
霫	972B	5	0.4359	8.234	0.9398	3	0	0
霬	972C	5	0.4092	7.954	0.9544	4	0	0
霭	972D	5	0.4367	8.066	0.9521	6	0	0
霮	972E	5	0.4267	8.005	0.9382	5	0	0
霯	972F	5	0.4292	7.762	0.9276	5	0	0
霰	9730	5	0.4277	7.724	0.9616	5	0	0
霱	9731	5	0.4500	9.249	0.8974	4	0	0
露	9732	5	0.4640	7.590	0.9512	4	1	1
霳	9733	5	0.4600	8.862	0.9048	3	0	0
霴	9734	5	0.4467	7.397	0.9411	4	0	0
霵	9735	5	0.4512	8.074	0.9834	4	0	0
霶	9736	5	0.3824	7.925	0.9388	4	0	0
霷	9737	5	0.4833	8.439	0.9753	6	0	0
霸	9738	5	0.4656	7.628	0.9675	2	1	1
霹	9739	5	0.4692	7.211	0.9645	3	0	0
霺	973A	5	0.4323	8.158	0.9562	4	0	0
霻	973B	5	0.4415	8.284	0.9932	5	0	0
霼	973C	5	0.4630	8.014	0.9070	7	0	0
霽	973D	5	0.3862	8.387	0.9466	3	0	0
霾	973E	5	0.4462	8.687	0.9440	4	0	0
霿	973F	5	0.4256	8.394	0.9387	4	0	0
靀	9740	5	0.4517	9.707	0.9340	5	0	0
靁	9741	5	0.4800	8.235	0.9658	4	0	0
靂	9742	5	0.4448	8.966	0.8856	5	0	0
靃	9743	5	0.4928	7.587	0.9528	3	0	0
靄	9744	5	0.4208	8.868	0.9337	6	0	0
靅	9745	5	0.4571	8.537	0.9326	5	0	0
靆	9746	5	0.4734	8.527	0.8840	5	0	0
靇	9747	5	0.4231	8.782	0.9811	2	0	0
靈	9748	5	0.4135	7.996	0.9408	6	1	1
靉	9749	5	0.4675	8.864	0.8781	6	0	0
靊	974A	5	0.4400	8.920	0.9369	5	0	0
靋	974B	5	0.4417	9.340	0.8911	6	0	0
靌	974C	5	0.5017	10.257	0.8678	4	0	0
靍	974D	5	0.4631	8.707	0.9482	2	0	0
靎	974E	5	0.4354	9.165	0.9525	4	0	0
靏	974F	5	0.4477	9.062	0.9516	4	0	0
靐	9750	5	0.5657	10.875	0.7972	6	0	0
靑	9751	5	0.4123	5.044	1.0194	1	0	0
青	9752	5	0.4279	5.427	1.0368	1	1	0
靓	9753	5	0.4601	6.582	0.9758	2	0	0
靔	9754	5	0.3743	5.546	0.9710	4	0	0
靕	9755	5	0.4009	6.091	0.9882	3	0	0
靖	9756	5	0.4083	6.127	0.9691	2	1	1
靗	9757	5	0.4275	6.387	0.9394	4	0	0
靘	9758	5	0.4305	6.296	0.9294	2	0	0
静	9759	5	0.4541	6.174	0.9438	3	1	1
靚	975A	5	0.4349	6.559	0.9617	2	0	0
靛	975B	5	0.4482	6.375	0.9346	3	0	0
靜	975C	5	0.4586	6.798	0.9392	3	1	1
靝	975D	5	0.4793	7.500	0.9328	5	0	0
非	975E	5	0.3077	4.135	0.9705	1	0	0
靟	975F	5	0.4038	6.385	0.9829	2	0	0
靠	9760	5	0.3565	6.668	0.9568	3	1	1
靡	9761	5	0.3889	7.367	0.9503	4	0	0
面	9762	5	0.4913	4.728	1.0310	1	0	0
靣	9763	5	0.4267	4.496	1.0009	1	0	0
靤	9764	5	0.4956	6.684	0.9696	3	0	0
靥	9765	5	0.5138	6.987	0.8768	3	0	0
靦	9766	5	0.5215	6.780	0.9364	2	0	0
靧	9767	5	0.4808	7.821	0.9688	3	0	0
靨	9768	5	0.4569	8.613	0.9327	5	0	0
革	9769	5	0.3757	4.685	0.9524	1	0	0
靪	976A	5	0.3447	4.457	0.9407	2	0	0
靫	976B	5	0.4260	6.163	0.9392	3	0	0
靬	976C	5	0.3683	4.678	0.9702	2	0	0
靭	976D	5	0.4600	6.007	0.9248	3	0	0
靮	976E	5	0.4031	5.344	0.9135	3	0	0
靯	976F	5	0.3817	4.692	0.9754	2	0	0
靰	9770	5	0.4112	5.481	0.9754	2	0	0
靱	9771	5	0.4645	6.157	0.9620	2	0	0
靲	9772	5	0.3683	5.524	0.9330	4	0	0
靳	9773	5	0.3846	5.298	0.9755	2	0	0
靴	9774	5	0.3891	5.940	0.9325	3	1	1
靵	9775	5	0.4571	5.668	0.9737	2	0	0
靶	9776	5	0.4512	5.740	0.9447	2	0	0
靷	9777	5	0.4054	5.273	0.9547	3	0	0
靸	9778	5	0.4379	6.372	0.9326	2	0	0
靹	9779	5	0.4723	5.768	0.9181	2	0	0
靺	977A	5	0.4423	5.704	0.9373	2	0	0
靻	977B	5	0.4393	5.630	0.9462	2	0	0
靼	977C	5	0.4186	5.476	0.9903	3	0	0
靽	977D	5	0.4038	5.540	0.9581	2	0	0
靾	977E	5	0.4541	5.800	0.9847	2	0	0
靿	977F	5	0.4538	6.649	0.9043	3	0	0
鞀	9780	5	0.4723	5.900	0.9225	3	0	0
鞁	9781	5	0.4911	6.486	0.9280	2	0	0
鞂	9782	5	0.4216	5.710	0.9261	2	0	0
鞃	9783	5	0.3938	6.178	0.9461	3	0	0
鞄	9784	5	0.4586	6.240	0.9337	3	0	0
鞅	9785	5	0.4438	5.812	0.9727	2	0	0
鞆	9786	5	0.4453	6.336	0.9348	3	0	0
鞇	9787	5	0.4846	6.363	0.9571	3	0	0
鞈	9788	5	0.4334	5.814	0.9626	4	0	0
鞉	9789	5	0.4527	6.630	0.9079	2	0	0
鞊	978A	5	0.4246	5.441	0.9825	3	0	0
鞋	978B	5	0.4334	5.534	0.9800	3	1	1
鞌	978C	5	0.3910	7.778	0.9427	3	0	0
鞍	978D	5	0.4527	6.149	0.9289	3	1	1
鞎	978E	5	0.4719	6.298	0.9344	2	0	0
鞏	978F	5	0.4385	6.529	0.9605	4	0	0
鞐	9790	5	0.4053	5.346	0.9496	2	0	0
鞑	9791	5	0.4127	6.159	0.9055	3	0	0
鞒	9792	5	0.4142	5.928	0.9635	4	0	0
鞓	9793	5	0.4453	5.957	0.9104	3	0	0
鞔	9794	5	0.4689	6.226	0.9359	3	0	0
鞕	9795	5	0.5089	6.524	0.9403	2	0	0
鞖	9796	5	0.4275	6.726	0.9292	3	0	0
鞗	9797	5	0.4216	6.898	0.9423	3	0	0
鞘	9798	5	0.4793	6.240	0.9345	3	0	0
鞙	9799	5	0.5092	5.878	0.9475	3	0	0
鞚	979A	5	0.4246	6.038	0.9325	4	0	0
鞛	979B	5	0.4334	5.974	0.9431	3	0	0
鞜	979C	5	0.4882	6.460	0.9437	3	0	0
鞝	979D	5	0.4415	6.434	0.9891	4	0	0
鞞	979E	5	0.4749	5.990	0.9374	3	0	0
鞟	979F	5	0.4527	6.007	0.9440	4	0	0
鞠	97A0	5	0.4923	6.964	0.8799	3	0	0
鞡	97A1	5	0.4290	6.430	0.9272	3	0	0
鞢	97A2	5	0.4911	6.582	0.9467	3	0	0
鞣	97A3	5	0.4882	6.844	0.9301	3	0	0
鞤	97A4	5	0.3846	7.461	0.9589	4	0	0
鞥	97A5	5	0.4349	6.362	0.9401	5	0	0
鞦	97A6	5	0.4482	7.130	0.8901	3	0	0
鞧	97A7	5	0.5000	6.680	0.9356	4	0	0
鞨	97A8	5	0.5022	6.865	0.8937	5	0	0
鞩	97A9	5	0.4877	6.874	0.9351	4	0	0
鞪	97AA	5	0.4068	7.650	0.9478	3	0	0
鞫	97AB	5	0.4462	6.895	0.9215	3	0	0
鞬	97AC	5	0.5237	7.440	0.9024	3	0	0
鞭	97AD	5	0.4675	7.005	0.9252	3	1	1
鞮	97AE	5	0.5074	6.533	0.9243	4	0	0
鞯	97AF	5	0.4246	6.363	0.9641	4	0	0
鞰	97B0	5	0.4970	6.389	0.9481	3	0	0
鞱	97B1	5	0.4615	6.696	0.9250	3	0	0
鞲	97B2	5	0.5089	6.731	0.9582	3	0	0
鞳	97B3	5	0.4527	6.354	0.9353	5	0	0
鞴	97B4	5	0.5089	7.061	0.9482	2	0	0
鞵	97B5	5	0.4423	7.399	0.9016	3	0	0
鞶	97B6	5	0.3876	8.051	0.9220	4	0	0
鞷	97B7	5	0.4117	8.104	0.9903	2	0	0
鞸	97B8	5	0.5089	6.529	0.9543	2	0	0
鞹	97B9	5	0.4512	7.118	0.9466	5	0	0
鞺	97BA	5	0.4719	6.567	0.9048	3	0	0
鞻	97BB	5	0.4822	7.197	0.9726	3	0	0
鞼	97BC	5	0.4645	7.147	0.9768	3	0	0
鞽	97BD	5	0.4658	7.044	0.9732	6	0	0
鞾	97BE	5	0.4793	6.346	0.9619	3	0	0
鞿	97BF	5	0.4956	8.726	0.8673	3	0	0
韀	97C0	5	0.4763	7.632	0.9525	3	0	0
韁	97C1	5	0.4970	7.471	0.9807	4	0	0
韂	97C2	5	0.4556	7.688	0.9356	4	0	0
韃	97C3	5	0.4749	7.269	0.9185	3	0	0
韄	97C4	5	0.4822	7.500	0.9128	4	0	0
韅	97C5	5	0.4556	8.113	0.9038	2	0	0
韆	97C6	5	0.4778	8.212	0.9180	5	0	0
韇	97C7	5	0.4453	8.156	0.9573	4	0	0
韈	97C8	5	0.5089	7.446	0.9040	4	0	0
韉	97C9	5	0.4941	8.204	0.9225	4	0	0
韊	97CA	5	0.5104	8.439	0.9275	4	0	0
韋	97CB	5	0.4138	5.526	0.9795	3	0	0
韌	97CC	5	0.4462	6.403	0.9279	5	0	0
韍	97CD	5	0.4364	6.625	0.9330	4	0	0
韎	97CE	5	0.4038	5.878	0.9520	4	0	0
韏	97CF	5	0.4024	7.693	0.9724	4	0	0
韐	97D0	5	0.4009	6.093	0.9626	6	0	0
韑	97D1	5	0.4275	7.120	0.9164	6	0	0
韒	97D2	5	0.4585	6.403	0.9297	5	0	0
韓	97D3	5	0.4512	6.115	0.9686	4	1	1
韔	97D4	5	0.4482	6.783	0.9470	4	0	0
韕	97D5	5	0.4349	6.256	0.9591	6	0	0
韖	97D6	5	0.4527	7.048	0.9222	5	0	0
韗	97D7	5	0.4423	6.639	0.9703	5	0	0
韘	97D8	5	0.4571	6.779	0.9560	5	0	0
韙	97D9	5	0.4571	7.163	0.9204	6	0	0
韚	97DA	5	0.4556	6.130	0.9882	4	0	0
韛	97DB	5	0.4734	7.193	0.9330	4	0	0
韜	97DC	5	0.4631	6.926	0.9316	5	0	0
韝	97DD	5	0.4882	6.889	0.9895	5	0	0
韞	97DE	5	0.4882	7.284	0.9373	5	0	0
韟	97DF	5	0.4290	6.682	0.9497	6	0	0
韠	97E0	5	0.4793	6.784	0.9530	4	0	0
韡	97E1	5	0.4645	6.606	0.9461	5	0	0
韢	97E2	5	0.4660	7.644	0.9459	5	0	0
韣	97E3	5	0.4630	7.284	0.9816	5	0	0
韤	97E4	5	0.5074	7.715	0.9220	6	0	0
韥	97E5	5	0.4364	8.024	0.9994	6	0	0
韦	97E6	5	0.3093	3.947	0.9786	1	1	0
韧	97E7	5	0.4015	5.504	0.9270	3	0	0
韨	97E8	5	0.4038	6.062	0.9232	2	0	0
韩	97E9	5	0.4142	5.196	0.9956	2	1	1
韪	97EA	5	0.4305	6.227	0.9327	4	0	0
韫	97EB	5	0.4556	5.962	0.9645	3	0	0
韬	97EC	5	0.4169	6.276	0.9130	3	0	0
韭	97ED	5	0.3600	3.998	0.9989	1	0	0
韮	97EE	5	0.4062	4.788	0.9824	2	0	0
韯	97EF	5	0.4601	6.528	0.9575	2	0	0
韰	97F0	5	0.4368	6.683	0.9397	2	0	0
韱	97F1	5	0.4586	7.193	0.9304	2	0	0
韲	97F2	5	0.4009	7.044	0.9473	2	0	0
音	97F3	5	0.3942	4.982	0.9639	1	0	0
韴	97F4	5	0.4142	5.915	0.9440	3	0	0
韵	97F5	5	0.4077	6.078	0.8903	3	1	1
韶	97F6	5	0.4446	6.111	0.9356	3	1	1
韷	97F7	5	0.4308	5.881	0.9246	3	0	0
韸	97F8	5	0.4527	6.883	0.9387	3	0	0
韹	97F9	5	0.4497	6.492	0.9449	3	0	0
韺	97FA	5	0.4053	6.577	0.9269	3	0	0
韻	97FB	5	0.4334	6.948	0.9356	3	1	1
韼	97FC	5	0.4497	7.568	0.8945	4	0	0
韽	97FD	5	0.4793	7.427	0.9529	5	0	0
韾	97FE	5	0.4068	8.211	0.9672	5	0	0
響	97FF	5	0.4275	8.657	0.9162	3	1	1
頀	9800	5	0.4571	7.601	0.9416	4	0	0
頁	9801	5	0.4700	5.145	0.9530	1	0	0
頂	9802	5	0.4215	5.289	0.9728	2	1	0
頃	9803	5	0.4400	5.775	0.8840	2	1	0
頄	9804	5	0.4127	5.900	0.9197	2	0	0
項	9805	5	0.4169	5.301	0.9648	2	1	0
順	9806	5	0.4646	6.585	0.9433	2	1	0
頇	9807	5	0.4215	5.284	0.9458	2	0	0
須	9808	5	0.4009	6.100	0.9646	2	1	0
頉	9809	5	0.4157	5.785	0.9673	2	0	0
頊	980A	5	0.4431	5.657	0.9594	2	0	0
頋	980B	5	0.4631	6.203	0.9511	3	0	0
頌	980C	5	0.3923	6.466	0.9301	3	1	1
頍	980D	5	0.4260	6.238	0.9557	3	0	0
頎	980E	5	0.4224	6.085	0.9181	2	0	0
頏	980F	5	0.4127	5.990	0.9419	3	0	0
預	9810	5	0.4585	6.074	0.8996	2	1	1
頑	9811	5	0.4385	5.791	0.9254	3	1	1
頒	9812	5	0.4453	6.519	0.9215	3	1	1
頓	9813	5	0.4512	6.441	0.9495	2	1	1
頔	9814	5	0.5215	6.085	0.9829	2	0	0
頕	9815	5	0.4369	5.606	0.9677	3	0	0
頖	9816	5	0.3994	6.258	0.9502	2	0	0
頗	9817	5	0.4571	6.896	0.9398	2	1	1
領	9818	5	0.4053	6.424	0.9497	4	1	1
頙	9819	5	0.4200	6.097	0.9193	3	0	0
頚	981A	5	0.4800	6.353	0.9539	3	0	0
頛	981B	5	0.4585	6.230	0.9246	2	0	0
頜	981C	5	0.4334	6.317	0.9499	4	0	0
頝	981D	5	0.4009	6.648	0.9372	3	0	0
頞	981E	5	0.4246	6.593	0.9483	3	0	0
頟	981F	5	0.4645	6.706	0.9292	3	0	0
頠	9820	5	0.4408	6.799	0.9351	4	0	0
頡	9821	5	0.4512	6.096	0.9685	3	0	0
頢	9822	5	0.4379	6.058	0.9523	2	0	0
頣	9823	5	0.4896	5.723	0.9442	2	0	0
頤	9824	5	0.4960	6.043	0.9399	2	0	0
頥	9825	5	0.5108	6.495	0.9681	3	0	0
頦	9826	5	0.4246	6.846	0.9360	4	0	0
頧	9827	5	0.4776	5.840	0.9519	2	0	0
頨	9828	5	0.4752	6.884	0.8861	2	0	0
頩	9829	5	0.4692	6.454	0.9474	5	0	0
頪	982A	5	0.4408	6.486	0.9577	2	0	0
頫	982B	5	0.4172	7.156	0.9195	2	0	0
頬	982C	5	0.4512	6.661	0.9556	2	0	0
頭	982D	5	0.4708	6.199	0.9393	4	1	1
頮	982E	5	0.4275	6.856	0.9172	3	0	0
頯	982F	5	0.4453	7.084	0.9060	2	0	0
頰	9830	5	0.4320	6.851	0.9459	2	0	0
頱	9831	5	0.4334	6.890	0.9183	3	0	0
頲	9832	5	0.4349	7.082	0.9175	3	0	0
頳	9833	5	0.4438	6.751	0.9515	2	0	0
頴	9834	5	0.4689	6.846	0.9888	3	0	0
頵	9835	5	0.5169	6.476	0.9129	3	0	0
頶	9836	5	0.4749	6.284	0.9487	3	0	0
頷	9837	5	0.4393	6.640	0.9210	5	0	0
頸	9838	5	0.4615	6.884	0.9012	6	1	1
頹	9839	5	0.4482	6.891	0.8926	3	0	0
頺	983A	5	0.4852	7.126	0.9068	3	0	0
頻	983B	5	0.4423	6.728	0.9341	3	1	1
頼	983C	5	0.4926	6.563	0.9699	2	1	1
頽	983D	5	0.4467	6.958	0.9225	3	0	0
頾	983E	5	0.4015	7.531	0.9028	4	0	0
頿	983F	5	0.3950	7.514	0.9184	4	0	0
顀	9840	5	0.4689	6.486	0.9310	2	0	0
顁	9841	5	0.4349	6.519	0.9558	3	0	0
顂	9842	5	0.4305	6.820	0.9389	2	0	0
顃	9843	5	0.4305	7.288	0.9446	3	0	0
顄	9844	5	0.5056	7.311	0.8782	3	0	0
顅	9845	5	0.5123	6.801	0.8837	3	0	0
顆	9846	5	0.5246	6.885	0.8883	2	1	1
顇	9847	5	0.4186	6.494	0.9269	3	0	0
顈	9848	5	0.4527	7.534	0.9217	3	0	0
顉	9849	5	0.4349	6.877	0.9732	2	0	0
顊	984A	5	0.4808	6.348	0.9786	2	0	0
顋	984B	5	0.5000	6.914	0.9065	3	0	0
題	984C	5	0.4754	7.055	0.8708	4	1	1
額	984D	5	0.4586	7.106	0.9337	4	1	1
顎	984E	5	0.4908	6.586	0.9529	5	0	0
顏	984F	5	0.4601	7.710	0.8955	3	1	1
顐	9850	5	0.5120	6.746	0.9190	3	0	0
顑	9851	5	0.4793	7.535	0.9265	4	0	0
顒	9852	5	0.5504	6.790	0.8748	3	0	0
顓	9853	5	0.4778	7.094	0.9651	3	0	0
顔	9854	5	0.4601	7.342	0.9037	4	1	1
顕	9855	5	0.5077	6.934	0.9606	3	1	1
顖	9856	5	0.4837	7.545	0.9124	4	0	0
顗	9857	5	0.4630	7.089	0.9223	5	0	0
願	9858	5	0.4892	6.990	0.9426	3	1	1
顙	9859	5	0.4778	7.796	0.9349	5	0	0
顚	985A	5	0.4708	7.644	0.9228	5	0	0
顛	985B	5	0.4660	7.088	0.9306	4	0	0
顜	985C	5	0.5000	7.091	0.9790	3	0	0
顝	985D	5	0.4908	7.090	0.9183	3	0	0
類	985E	5	0.4704	7.413	0.9313	3	1	1
顟	985F	5	0.4538	7.925	0.8731	3	0	0
顠	9860	5	0.4985	7.190	0.9043	3	0	0
顡	9861	5	0.4793	7.591	0.8968	3	0	0
顢	9862	5	0.5163	7.577	0.8937	2	0	0
顣	9863	5	0.5133	8.036	0.9190	4	0	0
顤	9864	5	0.4763	7.354	0.9440	5	0	0
顥	9865	5	0.4646	7.234	0.9055	5	0	0
顦	9866	5	0.4601	7.264	0.9286	3	0	0
顧	9867	5	0.4719	7.559	0.9318	3	1	1
顨	9868	5	0.4850	7.100	0.9069	3	0	0
顩	9869	5	0.4349	7.475	0.9313	7	0	0
顪	986A	5	0.4882	8.137	0.9005	3	0	0
顫	986B	5	0.4615	7.769	0.9436	4	0	0
顬	986C	5	0.5088	7.643	0.9212	3	0	0
顭	986D	5	0.4586	7.429	0.9474	5	0	0
顮	986E	5	0.4760	7.763	0.9386	3	0	0
顯	986F	5	0.4938	8.236	0.9026	2	1	1
顰	9870	5	0.4393	8.294	0.9182	5	0	0
顱	9871	5	0.5104	8.161	0.9520	3	0	0
顲	9872	5	0.4689	8.539	0.9121	2	0	0
顳	9873	5	0.5246	7.461	0.9505	4	0	0
顴	9874	5	0.4763	7.532	0.9268	5	0	0
页	9875	5	0.3400	4.238	0.9202	1	1	0
顶	9876	5	0.3538	4.833	0.9655	2	1	0
顷	9877	5	0.3648	5.261	0.9352	2	0	0
顸	9878	5	0.3662	4.905	0.9480	2	0	0
项	9879	5	0.3508	4.859	0.9596	2	1	0
顺	987A	5	0.4262	6.370	0.9371	2	1	0
须	987B	5	0.3432	5.667	0.9468	2	1	0
顼	987C	5	0.3680	5.222	0.9498	2	0	0
顽	987D	5	0.3968	5.630	0.9200	3	0	0
顾	987E	5	0.4354	6.199	0.9531	3	1	0
顿	987F	5	0.4024	6.024	0.9674	2	1	0
颀	9880	5	0.3892	5.762	0.9219	2	0	0
颁	9881	5	0.3905	6.421	0.9404	3	1	0
颂	9882	5	0.3923	6.238	0.9416	3	0	0
颃	9883	5	0.3698	5.889	0.9666	3	0	0
预	9884	5	0.4077	5.786	0.9318	2	1	0
颅	9885	5	0.3388	5.432	0.9700	3	0	0
领	9886	5	0.3536	6.183	0.9425	4	1	0
颇	9887	5	0.4216	6.788	0.9575	2	1	1
颈	9888	5	0.4256	5.982	0.9362	2	0	0
颉	9889	5	0.3950	5.785	0.9641	3	0	0
颊	988A	5	0.4024	6.437	0.9501	2	0	0
颋	988B	5	0.4338	7.106	0.9144	3	0	0
颌	988C	5	0.4009	6.137	0.9526	4	0	0
颍	988D	5	0.3891	6.757	0.9562	3	0	0
颎	988E	5	0.3698	6.487	0.9753	3	0	0
颏	988F	5	0.3905	6.579	0.9384	4	0	0
颐	9890	5	0.4560	5.838	0.9318	2	0	0
频	9891	5	0.4083	6.346	0.9515	3	1	0
颒	9892	5	0.3920	6.614	0.9158	3	0	0
颓	9893	5	0.4186	6.752	0.9456	3	0	0
颔	9894	5	0.3876	6.529	0.9661	5	0	0
颕	9895	5	0.3994	6.606	0.9985	3	0	0
颖	9896	5	0.4262	6.685	0.9916	3	0	0
颗	9897	5	0.4600	6.414	0.9672	2	1	1
题	9898	5	0.4615	6.760	0.9345	4	1	1
颙	9899	5	0.5344	6.854	0.8637	3	0	0
颚	989A	5	0.4431	6.648	0.9042	5	0	0
颛	989B	5	0.4467	7.058	0.9781	3	0	0
颜	989C	5	0.4260	7.352	0.9286	4	1	1
额	989D	5	0.4482	7.078	0.9401	4	1	1
颞	989E	5	0.4815	7.596	0.9055	4	0	0
颟	989F	5	0.4349	7.276	0.9516	2	0	0
颠	98A0	5	0.4349	6.948	0.9687	4	0	0
颡	98A1	5	0.4527	7.804	0.9487	5	0	0
颢	98A2	5	0.4308	7.197	0.9466	5	0	0
颣	98A3	5	0.4275	7.931	0.9068	3	0	0
颤	98A4	5	0.4349	7.603	0.9561	4	0	0
颥	98A5	5	0.4976	7.505	0.9381	3	0	0
颦	98A6	5	0.4201	7.841	0.9467	5	0	0
颧	98A7	5	0.4467	7.415	0.9907	5	0	0
風	98A8	5	0.4308	5.692	0.9715	1	0	0
颩	98A9	5	0.4108	6.841	0.9274	2	0	0
颪	98AA	5	0.4215	6.180	0.9779	2	0	0
颫	98AB	5	0.4290	7.111	0.9439	2	0	0
颬	98AC	5	0.4601	7.420	0.9564	2	0	0
颭	98AD	5	0.4305	6.822	0.9471	3	0	0
颮	98AE	5	0.4573	7.758	0.9595	3	0	0
颯	98AF	5	0.4290	7.270	0.9311	2	0	0
颰	98B0	5	0.4630	7.945	0.9233	2	0	0
颱	98B1	5	0.4334	7.500	0.9489	3	0	0
颲	98B2	5	0.4359	8.454	0.9155	3	0	0
颳	98B3	5	0.4453	7.373	0.9651	2	0	0
颴	98B4	5	0.4852	7.728	0.9331	2	0	0
颵	98B5	5	0.4672	7.866	0.9603	3	0	0
颶	98B6	5	0.4704	7.690	0.9377	3	0	0
颷	98B7	5	0.4512	8.138	0.9358	3	0	0
颸	98B8	5	0.4923	8.078	0.9321	3	0	0
颹	98B9	5	0.4689	8.038	0.9809	4	0	0
颺	98BA	5	0.5030	8.414	0.9371	5	0	0
颻	98BB	5	0.4467	8.528	0.9065	2	0	0
颼	98BC	5	0.4587	8.461	0.9466	3	0	0
颽	98BD	5	0.4615	7.827	0.9484	5	0	0
颾	98BE	5	0.5031	8.522	0.9324	4	0	0
颿	98BF	5	0.4954	7.985	0.9535	2	0	0
飀	98C0	5	0.4941	8.695	0.9223	3	0	0
飁	98C1	5	0.4708	8.379	0.9370	3	0	0
飂	98C2	5	0.4822	9.182	0.8860	3	0	0
飃	98C3	5	0.4660	8.343	0.9704	3	0	0
飄	98C4	5	0.5169	8.614	0.9147	3	0	0
飅	98C5	5	0.5192	8.007	0.9631	3	0	0
飆	98C6	5	0.4586	8.781	0.8841	3	0	0
飇	98C7	5	0.4704	8.826	0.8938	3	0	0
飈	98C8	5	0.4359	8.948	0.8927	4	0	0
飉	98C9	5	0.4867	8.648	0.9051	4	0	0
飊	98CA	5	0.4172	8.858	0.9227	4	0	0
飋	98CB	5	0.4985	8.776	0.9028	4	0	0
飌	98CC	5	0.4763	8.635	0.9421	5	0	0
飍	98CD	5	0.4877	9.501	0.8744	2	0	0
风	98CE	5	0.3462	4.715	0.9470	1	1	0
飏	98CF	5	0.4492	7.447	0.8713	2	0	0
飐	98D0	5	0.4038	6.196	0.9373	3	0	0
飑	98D1	5	0.4275	7.008	0.9494	3	0	0
飒	98D2	5	0.3743	6.463	0.9402	2	0	0
飓	98D3	5	0.4615	7.287	0.8815	3	0	0
飔	98D4	5	0.4154	7.489	0.9271	3	0	0
飕	98D5	5	0.4068	7.630	0.9427	3	0	0
飖	98D6	5	0.4260	7.725	0.9211	2	0	0
飗	98D7	5	0.4615	7.960	0.9132	3	0	0
飘	98D8	5	0.4846	7.814	0.9037	3	0	0
飙	98D9	5	0.3994	8.185	0.8787	3	0	0
飚	98DA	5	0.4112	8.223	0.8723	4	0	0
飛	98DB	5	0.4000	6.355	0.8720	1	0	0
飜	98DC	5	0.5533	8.648	0.8406	3	0	0
飝	98DD	5	0.5163	9.718	0.8232	3	0	0
飞	98DE	5	0.2150	2.727	0.9530	1	1	0
食	98DF	5	0.3639	5.904	0.9244	3	0	0
飠	98E0	5	0.4431	5.093	0.9375	3	0	0
飡	98E1	5	0.3432	5.976	0.9171	4	0	0
飢	98E2	5	0.3732	5.751	0.9514	4	1	1
飣	98E3	5	0.3201	4.925	0.9332	4	0	0
飤	98E4	5	0.3521	5.388	0.9352	4	0	0
飥	98E5	5	0.3632	5.721	0.9143	5	0	0
飦	98E6	5	0.3447	5.097	0.9386	4	0	0
飧	98E7	5	0.4112	6.489	0.9173	4	0	0
飨	98E8	5	0.4053	6.875	0.9203	4	0	0
飩	98E9	5	0.3817	6.190	0.9537	4	0	0
飪	98EA	5	0.3757	5.619	0.9378	5	0	0
飫	98EB	5	0.3718	5.988	0.9218	5	0	0
飬	98EC	5	0.3964	6.663	0.9178	3	0	0
飭	98ED	5	0.3917	6.207	0.9352	5	0	0
飮	98EE	5	0.3775	6.135	0.9441	2	0	0
飯	98EF	5	0.4217	6.730	0.9343	5	1	1
飰	98F0	5	0.3225	5.228	0.9273	5	0	0
飱	98F1	5	0.4038	6.753	0.9312	4	0	0
飲	98F2	5	0.3831	6.146	0.9137	4	1	1
飳	98F3	5	0.3831	5.640	0.8998	5	0	0
飴	98F4	5	0.4088	6.182	0.9263	5	0	0
飵	98F5	5	0.3654	5.471	0.9209	4	0	0
飶	98F6	5	0.4145	6.933	0.9112	4	0	0
飷	98F7	5	0.4438	5.792	0.9828	4	0	0
飸	98F8	5	0.4112	6.471	0.9392	5	0	0
飹	98F9	5	0.4123	6.712	0.9581	5	0	0
飺	98FA	5	0.4157	7.034	0.9678	5	0	0
飻	98FB	5	0.3504	6.557	0.9397	4	0	0
飼	98FC	5	0.4193	6.013	0.9496	5	1	1
飽	98FD	5	0.4245	6.687	0.9163	5	1	1
飾	98FE	5	0.4117	6.169	0.9143	5	1	1
飿	98FF	5	0.4215	5.993	0.9512	5	0	0
餀	9900	5	0.3920	6.226	0.9235	5	0	0
餁	9901	5	0.4127	6.226	0.9452	6	0	0
餂	9902	5	0.4131	6.101	0.9425	4	0	0
餃	9903	5	0.3802	6.542	0.9222	5	0	0
餄	9904	5	0.4068	6.150	0.9350	6	0	0
餅	9905	5	0.3876	6.253	0.9481	7	1	1
餆	9906	5	0.4305	6.837	0.9029	4	0	0
餇	9907	5	0.4311	6.386	0.9674	5	0	0
餈	9908	5	0.3861	7.672	0.8738	5	0	0
餉	9909	5	0.4262	6.236	0.9397	5	0	0
養	990A	5	0.4138	7.364	0.9266	4	1	1
餋	990B	5	0.4393	7.772	0.8908	4	0	0
餌	990C	5	0.4302	6.106	0.9279	4	1	1
餍	990D	5	0.4908	7.784	0.8890	5	0	0
餎	990E	5	0.4583	6.380	0.9630	5	0	0
餏	990F	5	0.4009	6.505	0.9313	4	0	0
餐	9910	5	0.4038	8.073	0.9116	4	1	1
餑	9911	5	0.4117	6.197	0.9403	5	0	0
餒	9912	5	0.4142	7.087	0.9226	5	0	0
餓	9913	5	0.4630	7.454	0.9041	4	1	1
餔	9914	5	0.4601	6.913	0.9497	4	0	0
餕	9915	5	0.4349	7.302	0.9066	6	0	0
餖	9916	5	0.4145	6.473	0.9536	6	0	0
餗	9917	5	0.4497	6.498	0.9424	4	0	0
餘	9918	5	0.3891	6.758	0.9186	6	1	1
餙	9919	5	0.4556	7.019	0.9151	6	0	0
餚	991A	5	0.4379	7.147	0.9187	6	0	0
餛	991B	5	0.4556	6.956	0.9092	5	0	0
餜	991C	5	0.4556	6.842	0.9427	4	0	0
餝	991D	5	0.3861	6.424	0.9340	5	0	0
餞	991E	5	0.4393	7.787	0.8984	5	0	0
餟	991F	5	0.4364	8.144	0.8996	7	0	0
餠	9920	5	0.4009	6.351	0.9447	7	0	0
餡	9921	5	0.4356	6.496	0.9419	5	0	0
餢	9922	5	0.4157	6.405	0.9426	5	0	0
餣	9923	5	0.4778	6.873	0.9149	5	0	0
餤	9924	5	0.3950	7.171	0.9194	5	0	0
餥	9925	5	0.3800	7.286	0.9440	4	0	0
餦	9926	5	0.4423	6.897	0.9398	4	0	0
餧	9927	5	0.4467	7.414	0.8896	5	0	0
館	9928	5	0.4123	6.390	0.9555	5	1	1
餩	9929	5	0.3920	7.220	0.9189	7	0	0
餪	992A	5	0.4408	7.225	0.9275	5	0	0
餫	992B	5	0.4793	6.952	0.9583	5	0	0
餬	992C	5	0.4831	6.658	0.9444	6	0	0
餭	992D	5	0.4646	6.862	0.9062	5	0	0
餮	992E	5	0.4098	8.803	0.8870	5	0	0
餯	992F	5	0.4527	7.305	0.9083	5	0	0
餰	9930	5	0.3876	6.728	0.9175	7	0	0
餱	9931	5	0.4172	7.114	0.9435	5	0	0
餲	9932	5	0.4719	7.345	0.9069	7	0	0
餳	9933	5	0.4749	7.429	0.9293	7	0	0
餴	9934	5	0.4334	6.787	0.9325	6	0	0
餵	9935	5	0.4586	7.225	0.9238	6	0	0
餶	9936	5	0.4630	6.638	0.9357	5	0	0
餷	9937	5	0.4334	6.930	0.9240	6	0	0
餸	9938	5	0.4172	7.012	0.9243	6	0	0
餹	9939	5	0.4941	7.121	0.9252	5	0	0
餺	993A	5	0.4660	7.170	0.9294	5	0	0
餻	993B	5	0.4112	7.015	0.9068	5	0	0
餼	993C	5	0.4704	7.623	0.9107	7	0	0
餽	993D	5	0.4645	7.268	0.9023	4	0	0
餾	993E	5	0.5138	7.435	0.8871	5	0	0
餿	993F	5	0.4467	7.058	0.9046	5	0	0
饀	9940	5	0.4231	7.140	0.9098	5	0	0
饁	9941	5	0.4689	7.196	0.9011	6	0	0
饂	9942	5	0.4852	7.392	0.9106	5	0	0
饃	9943	5	0.4512	7.068	0.9197	6	0	0
饄	9944	5	0.4645	6.855	0.8837	5	0	0
饅	9945	5	0.4482	7.741	0.9343	5	0	0
饆	9946	5	0.4985	6.946	0.9425	4	0	0
饇	9947	5	0.4541	7.196	0.9969	7	0	0
饈	9948	5	0.4926	7.467	0.8835	5	0	0
饉	9949	5	0.4793	7.178	0.9250	5	0	0
饊	994A	5	0.4896	7.624	0.9282	7	0	0
饋	994B	5	0.4541	7.677	0.9717	5	0	0
饌	994C	5	0.4601	7.649	0.9303	7	0	0
饍	994D	5	0.4808	7.349	0.9133	6	0	0
饎	994E	5	0.4379	7.284	0.9188	8	0	0
饏	994F	5	0.4523	8.302	0.9021	6	0	0
饐	9950	5	0.4571	7.584	0.9002	7	0	0
饑	9951	5	0.4601	9.048	0.8778	5	0	0
饒	9952	5	0.4571	7.385	0.8980	7	0	0
饓	9953	5	0.4704	7.125	0.9150	5	0	0
饔	9954	5	0.4279	8.832	0.9102	5	0	0
饕	9955	5	0.4053	8.977	0.9018	7	0	0
饖	9956	5	0.4719	8.203	0.8792	5	0	0
饗	9957	5	0.4474	9.154	0.8908	5	0	0
饘	9958	5	0.4586	7.733	0.9350	6	0	0
饙	9959	5	0.4497	7.567	0.9066	6	0	0
饚	995A	5	0.5000	7.733	0.9027	7	0	0
饛	995B	5	0.4444	8.275	0.9118	7	0	0
饜	995C	5	0.4846	9.134	0.8662	7	0	0
饝	995D	5	0.4941	8.066	0.8941	7	0	0
饞	995E	5	0.4734	8.615	0.9040	7	0	0
饟	995F	5	0.4734	8.146	0.9183	5	0	0
饠	9960	5	0.4911	8.682	0.8772	6	0	0
饡	9961	5	0.4675	8.624	0.9477	8	0	0
饢	9962	5	0.4852	9.078	0.9703	7	0	0
饣	9963	5	0.2665	3.047	0.9036	1	0	0
饤	9964	5	0.2544	3.728	0.9337	2	0	0
饥	9965	5	0.3180	4.687	0.9478	2	0	0
饦	9966	5	0.2988	4.491	0.9421	3	0	0
饧	9967	5	0.3815	5.933	0.9139	2	0	0
饨	9968	5	0.3402	4.934	0.9432	2	0	0
饩	9969	5	0.2855	4.637	0.9498	4	0	0
饪	996A	5	0.3385	4.616	0.8977	3	0	0
饫	996B	5	0.3210	4.995	0.9355	3	0	0
饬	996C	5	0.3314	5.159	0.9245	3	0	0
饭	996D	5	0.3743	5.841	0.9514	3	0	0
饮	996E	5	0.3151	4.995	0.9201	2	1	0
饯	996F	5	0.3506	5.782	0.9280	2	0	0
饰	9970	5	0.3615	5.070	0.9163	2	1	0
饱	9971	5	0.3817	5.638	0.9141	3	0	0
饲	9972	5	0.3846	4.900	0.9722	3	0	0
饳	9973	5	0.3785	4.976	0.9598	3	0	0
饴	9974	5	0.3536	5.193	0.9591	3	0	0
饵	9975	5	0.3950	5.041	0.9613	2	0	0
饶	9976	5	0.3802	6.053	0.9087	3	0	0
饷	9977	5	0.3492	5.072	0.9682	3	0	0
饸	9978	5	0.3491	5.220	0.9395	4	0	0
饹	9979	5	0.3831	5.577	0.9305	3	0	0
饺	997A	5	0.3299	5.814	0.8930	3	0	0
饻	997B	5	0.3107	5.436	0.9374	2	0	0
饼	997C	5	0.3447	5.266	0.9203	5	0	0
饽	997D	5	0.3639	5.325	0.9462	3	0	0
饾	997E	5	0.3624	5.438	0.9618	4	0	0
饿	997F	5	0.4186	6.551	0.9100	2	0	0
馀	9980	5	0.3476	5.825	0.9211	4	0	0
馁	9981	5	0.3521	6.157	0.9089	3	0	0
馂	9982	5	0.3743	6.577	0.9065	4	0	0
馃	9983	5	0.4216	5.921	0.9484	2	0	0
馄	9984	5	0.4083	6.006	0.9286	3	0	0
馅	9985	5	0.3910	5.490	0.9275	3	0	0
馆	9986	5	0.3908	5.436	0.9450	3	1	0
馇	9987	5	0.4231	6.097	0.9620	4	0	0
馈	9988	5	0.3905	6.207	0.9667	3	0	0
馉	9989	5	0.4098	5.784	0.9377	3	0	0
馊	998A	5	0.4400	6.428	0.9151	3	0	0
馋	998B	5	0.3802	6.055	0.9243	2	0	0
馌	998C	5	0.4098	6.327	0.9240	4	0	0
馍	998D	5	0.4062	6.181	0.9242	4	0	0
馎	998E	5	0.4186	6.264	0.9486	3	0	0
馏	998F	5	0.4477	6.584	0.9216	3	0	0
馐	9990	5	0.4260	6.527	0.8868	3	0	0
馑	9991	5	0.4527	6.366	0.9213	3	0	0
馒	9992	5	0.3964	6.731	0.9543	3	0	0
馓	9993	5	0.4453	6.851	0.8983	5	0	0
馔	9994	5	0.4083	6.743	0.9440	5	0	0
馕	9995	5	0.4423	8.638	0.9351	5	0	0
首	9996	5	0.3985	4.982	0.9478	1	0	0
馗	9997	5	0.3846	5.957	0.9427	2	0	0
馘	9998	5	0.4719	7.023	0.9174	3	0	0
香	9999	5	0.4262	5.714	0.9617	2	0	0
馚	999A	5	0.4172	6.455	0.9205	4	0	0
馛	999B	5	0.4408	7.001	0.8982	3	0	0
馜	999C	5	0.4689	6.740	0.9101	4	0	0
馝	999D	5	0.4571	7.103	0.8637	3	0	0
馞	999E	5	0.4408	6.344	0.9320	4	0	0
馟	999F	5	0.4275	6.862	0.9045	4	0	0
馠	99A0	5	0.4053	6.798	0.9193	6	0	0
馡	99A1	5	0.4142	6.205	0.9422	3	0	0
馢	99A2	5	0.4763	7.894	0.8770	4	0	0
馣	99A3	5	0.5089	6.924	0.9109	4	0	0
馤	99A4	5	0.4646	7.483	0.9133	6	0	0
馥	99A5	5	0.4601	7.346	0.9162	4	0	0
馦	99A6	5	0.5100	7.724	0.9138	4	0	0
馧	99A7	5	0.5192	6.847	0.9324	4	0	0
馨	99A8	5	0.4246	8.560	0.9256	6	0	0
馩	99A9	5	0.4704	7.591	0.9145	5	0	0
馪	99AA	5	0.4800	8.061	0.9279	4	0	0
馫	99AB	5	0.4734	8.988	0.9093	3	0	0
馬	99AC	5	0.4048	5.224	0.9379	1	0	0
馭	99AD	5	0.4431	6.471	0.9123	2	0	0
馮	99AE	5	0.3815	5.627	0.9448	2	1	1
馯	99AF	5	0.3877	5.353	0.9361	2	0	0
馰	99B0	5	0.4031	5.960	0.9298	3	0	0
馱	99B1	5	0.4038	5.918	0.9391	2	0	0
馲	99B2	5	0.3938	6.022	0.8717	3	0	0
馳	99B3	5	0.4556	6.750	0.9259	2	0	0
馴	99B4	5	0.4662	6.307	0.9443	2	0	0
馵	99B5	5	0.3905	6.080	0.9362	2	0	0
馶	99B6	5	0.4320	6.486	0.9251	3	0	0
馷	99B7	5	0.4364	6.308	0.9573	2	0	0
馸	99B8	5	0.4053	5.976	0.9557	2	0	0
馹	99B9	5	0.4832	5.844	0.9036	2	0	0
馺	99BA	5	0.4769	7.250	0.8595	2	0	0
馻	99BB	5	0.4275	6.731	0.9343	3	0	0
馼	99BC	5	0.4186	6.438	0.9347	2	0	0
馽	99BD	5	0.4174	6.425	0.9679	2	0	0
馾	99BE	5	0.4334	6.236	0.9160	2	0	0
馿	99BF	5	0.4046	5.949	0.9352	2	0	0
駀	99C0	5	0.4308	6.533	0.8998	2	0	0
駁	99C1	5	0.4305	6.981	0.9174	2	1	1
駂	99C2	5	0.4277	6.154	0.9438	2	0	0
駃	99C3	5	0.4098	6.267	0.9421	2	0	0
駄	99C4	5	0.4009	6.312	0.9353	3	1	1
駅	99C5	5	0.4446	6.089	0.9425	2	1	1
駆	99C6	5	0.4831	6.681	0.9486	3	1	1
駇	99C7	5	0.4290	6.433	0.9537	2	0	0
駈	99C8	5	0.4216	6.189	0.9104	2	0	0
駉	99C9	5	0.4816	6.588	0.9259	3	0	0
駊	99CA	5	0.4586	7.139	0.9132	2	0	0
駋	99CB	5	0.4864	6.637	0.8709	3	0	0
駌	99CC	5	0.3861	7.391	0.9263	3	0	0
駍	99CD	5	0.4138	6.191	0.9193	2	0	0
駎	99CE	5	0.4969	6.224	0.9639	2	0	0
駏	99CF	5	0.4554	6.165	0.9270	2	0	0
駐	99D0	5	0.4009	6.057	0.9462	3	1	1
駑	99D1	5	0.4279	7.658	0.9458	3	0	0
駒	99D2	5	0.4631	6.348	0.9313	3	1	1
駓	99D3	5	0.4142	6.494	0.8744	3	0	0
駔	99D4	5	0.4523	6.321	0.9070	2	0	0
駕	99D5	5	0.4015	6.929	0.9683	3	1	1
駖	99D6	5	0.3831	6.538	0.9294	4	0	0
駗	99D7	5	0.3683	6.736	0.9364	2	0	0
駘	99D8	5	0.4482	6.438	0.9470	3	0	0
駙	99D9	5	0.3979	6.551	0.9453	3	0	0
駚	99DA	5	0.4408	6.550	0.9336	2	0	0
駛	99DB	5	0.4541	6.655	0.9535	2	1	1
駜	99DC	5	0.4423	7.109	0.9089	2	0	0
駝	99DD	5	0.4068	6.234	0.9330	3	0	0
駞	99DE	5	0.4556	7.082	0.9232	2	0	0
駟	99DF	5	0.5536	6.915	0.9082	2	0	0
駠	99E0	5	0.4800	7.137	0.9162	3	0	0
駡	99E1	5	0.4887	6.394	0.9625	3	0	0
駢	99E2	5	0.4172	6.598	0.9064	5	0	0
駣	99E3	5	0.4645	7.277	0.8986	2	0	0
駤	99E4	5	0.4554	6.619	0.8899	3	0	0
駥	99E5	5	0.4393	7.197	0.9245	3	0	0
駦	99E6	5	0.3994	6.901	0.9363	2	0	0
駧	99E7	5	0.4938	6.505	0.9625	3	0	0
駨	99E8	5	0.4631	6.705	0.9254	3	0	0
駩	99E9	5	0.4231	6.584	0.8938	3	0	0
駪	99EA	5	0.4393	6.679	0.9357	3	0	0
駫	99EB	5	0.4068	6.849	0.9209	4	0	0
駬	99EC	5	0.4723	6.021	0.9351	2	0	0
駭	99ED	5	0.4364	7.111	0.9252	4	0	0
駮	99EE	5	0.4157	7.034	0.9351	3	0	0
駯	99EF	5	0.4231	6.678	0.9676	3	0	0
駰	99F0	5	0.5008	6.970	0.9441	3	0	0
駱	99F1	5	0.4719	6.802	0.9217	3	0	0
駲	99F2	5	0.4370	7.231	0.9177	2	0	0
駳	99F3	5	0.4349	7.748	0.9110	3	0	0
駴	99F4	5	0.4630	7.597	0.9138	3	0	0
駵	99F5	5	0.4769	6.895	0.8961	2	0	0
駶	99F6	5	0.5296	7.004	0.8995	3	0	0
駷	99F7	5	0.4896	6.944	0.9333	2	0	0
駸	99F8	5	0.4911	7.354	0.9022	2	0	0
駹	99F9	5	0.4541	7.654	0.9171	3	0	0
駺	99FA	5	0.4453	7.019	0.9342	3	0	0
駻	99FB	5	0.4846	6.502	0.9132	3	0	0
駼	99FC	5	0.3932	7.117	0.9376	4	0	0
駽	99FD	5	0.4864	6.303	0.9646	3	0	0
駾	99FE	5	0.4556	6.874	0.9036	3	0	0
駿	99FF	5	0.4142	7.641	0.9211	4	1	1
騀	9A00	5	0.4763	7.742	0.9265	2	0	0
騁	9A01	5	0.4882	6.822	0.9521	3	0	0
騂	9A02	5	0.4216	6.514	0.9224	2	0	0
騃	9A03	5	0.4387	7.173	0.9249	3	0	0
騄	9A04	5	0.4569	7.299	0.9222	3	0	0
騅	9A05	5	0.4793	6.809	0.9276	2	0	0
騆	9A06	5	0.5232	7.272	0.9159	3	0	0
騇	9A07	5	0.4186	6.870	0.9601	3	0	0
騈	9A08	5	0.4453	6.664	0.9177	5	0	0
騉	9A09	5	0.4954	7.072	0.9122	3	0	0
騊	9A0A	5	0.4749	7.248	0.9363	3	0	0
騋	9A0B	5	0.4512	7.222	0.9186	2	0	0
騌	9A0C	5	0.4088	6.820	0.9502	3	0	0
騍	9A0D	5	0.5031	6.970	0.9277	2	0	0
騎	9A0E	5	0.4527	6.952	0.9571	4	1	1
騏	9A0F	5	0.4630	6.784	0.9468	3	0	0
騐	9A10	5	0.4053	7.461	0.9316	5	0	0
騑	9A11	5	0.4246	6.601	0.9502	2	0	0
騒	9A12	5	0.4985	7.413	0.9132	2	1	1
験	9A13	5	0.4675	7.318	0.9329	2	1	1
騔	9A14	5	0.4523	7.391	0.9532	5	0	0
騕	9A15	5	0.5246	7.664	0.8967	3	0	0
騖	9A16	5	0.4138	8.068	0.9151	3	0	0
騗	9A17	5	0.5123	7.864	0.8806	3	0	0
騘	9A18	5	0.4541	8.050	0.9388	4	0	0
騙	9A19	5	0.5296	7.680	0.9206	3	1	1
騚	9A1A	5	0.4459	7.708	0.9161	4	0	0
騛	9A1B	5	0.4785	8.105	0.9045	2	0	0
騜	9A1C	5	0.4808	7.005	0.9609	3	0	0
騝	9A1D	5	0.5266	8.103	0.8876	3	0	0
騞	9A1E	5	0.4704	7.510	0.9193	3	0	0
騟	9A1F	5	0.4379	7.659	0.9768	5	0	0
騠	9A20	5	0.4908	6.934	0.9625	4	0	0
騡	9A21	5	0.4704	7.308	0.8895	3	0	0
騢	9A22	5	0.5138	7.413	0.9090	3	0	0
騣	9A23	5	0.4660	8.360	0.8926	2	0	0
騤	9A24	5	0.4416	7.688	0.9206	4	0	0
騥	9A25	5	0.4815	7.500	0.8955	3	0	0
騦	9A26	5	0.4862	7.503	0.9287	3	0	0
騧	9A27	5	0.4862	6.918	0.9304	3	0	0
騨	9A28	5	0.4911	7.149	0.9415	3	0	0
騩	9A29	5	0.4822	7.529	0.9246	2	0	0
騪	9A2A	5	0.4763	7.481	0.9357	3	0	0
騫	9A2B	5	0.4172	8.118	0.9452	2	0	0
騬	9A2C	5	0.4586	7.718	0.9244	2	0	0
騭	9A2D	5	0.4074	7.988	0.9098	4	0	0
騮	9A2E	5	0.4948	7.810	0.9175	3	0	0
騯	9A2F	5	0.4541	7.281	0.9191	3	0	0
騰	9A30	5	0.4601	8.221	0.9069	2	1	1
騱	9A31	5	0.4527	8.118	0.9053	3	0	0
騲	9A32	5	0.4675	6.784	0.9468	4	0	0
騳	9A33	5	0.5168	7.176	0.9113	2	0	0
騴	9A34	5	0.4976	7.604	0.9048	4	0	0
騵	9A35	5	0.5092	7.660	0.9235	3	0	0
騶	9A36	5	0.5062	8.178	0.8822	3	0	0
騷	9A37	5	0.4719	7.936	0.9090	4	0	0
騸	9A38	5	0.5141	8.370	0.9050	3	0	0
騹	9A39	5	0.5030	7.473	0.9316	3	0	0
騺	9A3A	5	0.3938	8.082	0.9775	4	0	0
騻	9A3B	5	0.4571	8.359	0.8811	4	0	0
騼	9A3C	5	0.5089	7.933	0.9212	2	0	0
騽	9A3D	5	0.5136	7.555	0.9001	3	0	0
騾	9A3E	5	0.4911	7.720	0.9338	3	0	0
騿	9A3F	5	0.4527	7.242	0.9560	3	0	0
驀	9A40	5	0.4660	8.375	0.9460	4	0	0
驁	9A41	5	0.3941	8.412	0.9427	4	0	0
驂	9A42	5	0.4274	8.548	0.8999	3	0	0
驃	9A43	5	0.5046	7.543	0.9353	3	0	0
驄	9A44	5	0.4704	8.246	0.9069	4	0	0
驅	9A45	5	0.4556	7.573	0.9566	5	1	1
驆	9A46	5	0.5133	7.198	0.9057	2	0	0
驇	9A47	5	0.4186	8.411	0.9351	5	0	0
驈	9A48	5	0.4957	8.730	0.8831	4	0	0
驉	9A49	5	0.4778	8.097	0.9144	3	0	0
驊	9A4A	5	0.4644	7.193	0.9518	3	0	0
驋	9A4B	5	0.4586	8.548	0.8928	5	0	0
驌	9A4C	5	0.5178	8.327	0.9423	4	0	0
驍	9A4D	5	0.4882	7.591	0.9145	5	0	0
驎	9A4E	5	0.4689	8.155	0.8961	4	0	0
驏	9A4F	5	0.4601	8.058	0.8776	5	0	0
驐	9A50	5	0.4615	7.972	0.9118	5	0	0
驑	9A51	5	0.5338	7.353	0.9468	3	0	0
驒	9A52	5	0.5415	7.273	0.9181	4	0	0
驓	9A53	5	0.5077	7.730	0.9527	4	0	0
驔	9A54	5	0.5046	7.397	0.9412	4	0	0
驕	9A55	5	0.4915	7.937	0.9491	6	0	0
驖	9A56	5	0.5118	8.262	0.9381	2	0	0
驗	9A57	5	0.4345	7.911	0.9527	7	1	1
驘	9A58	5	0.4000	8.609	0.9325	2	0	0
驙	9A59	5	0.4660	7.981	0.9976	4	0	0
驚	9A5A	5	0.3974	8.129	0.9512	5	1	1
驛	9A5B	5	0.5108	7.151	0.9419	4	0	0
驜	9A5C	5	0.4837	7.952	0.9045	4	0	0
驝	9A5D	5	0.4630	8.324	0.9334	5	0	0
驞	9A5E	5	0.4689	8.176	0.9385	3	0	0
驟	9A5F	5	0.4734	8.558	0.8775	4	0	0
驠	9A60	5	0.4675	8.096	0.9145	4	0	0
驡	9A61	5	0.4569	9.494	0.8966	2	0	0
驢	9A62	5	0.4734	8.442	0.9180	3	0	0
驣	9A63	5	0.4793	8.726	0.9102	3	0	0
驤	9A64	5	0.4941	8.437	0.9117	3	0	0
驥	9A65	5	0.4744	8.403	0.9537	6	0	0
驦	9A66	5	0.5184	8.335	0.8806	4	0	0
驧	9A67	5	0.5215	8.818	0.8600	4	0	0
驨	9A68	5	0.5000	8.842	0.9103	5	0	0
驩	9A69	5	0.4786	7.900	0.9537	5	0	0
驪	9A6A	5	0.5074	9.055	0.9102	7	0	0
驫	9A6B	5	0.4544	9.371	0.9369	3	0	0
马	9A6C	5	0.3033	3.858	0.8768	1	1	0
驭	9A6D	5	0.3723	5.282	0.9470	2	0	0
驮	9A6E	5	0.3328	4.987	0.9061	2	0	0
驯	9A6F	5	0.3908	5.130	0.9736	2	0	0
驰	9A70	5	0.4038	5.732	0.9428	2	0	0
驱	9A71	5	0.4077	6.109	0.9086	3	1	0
驲	9A72	5	0.4112	4.754	0.9507	2	0	0
驳	9A73	5	0.3491	5.945	0.9381	2	0	0
驴	9A74	5	0.3400	4.713	0.9512	2	0	0
驵	9A75	5	0.4200	4.903	0.9967	2	0	0
驶	9A76	5	0.3905	5.703	0.9645	2	1	0
驷	9A77	5	0.4384	5.875	0.9566	2	0	0
驸	9A78	5	0.3195	5.697	0.9553	3	0	0
驹	9A79	5	0.3954	5.467	0.9232	3	0	0
驺	9A7A	5	0.4062	5.368	0.9741	3	0	0
驻	9A7B	5	0.3402	5.048	0.9676	3	1	0
驼	9A7C	5	0.3565	5.335	0.9372	3	0	0
驽	9A7D	5	0.4277	6.441	0.9323	3	0	0
驾	9A7E	5	0.4119	5.586	0.9636	3	1	0
驿	9A7F	5	0.3935	5.923	0.9675	2	0	0
骀	9A80	5	0.3787	5.553	0.9766	3	0	0
骁	9A81	5	0.3979	6.409	0.9122	3	0	0
骂	9A82	5	0.4183	4.922	0.9531	3	0	0
骃	9A83	5	0.4768	5.932	0.9440	3	0	0
骄	9A84	5	0.3595	5.903	0.9350	4	0	0
骅	9A85	5	0.3624	5.734	0.9291	4	0	0
骆	9A86	5	0.4060	6.133	0.9572	3	0	0
骇	9A87	5	0.3846	6.263	0.9457	4	0	0
骈	9A88	5	0.3757	5.601	0.9340	5	0	0
骉	9A89	5	0.4400	6.227	0.9551	3	0	0
骊	9A8A	5	0.4385	7.278	0.8891	6	0	0
骋	9A8B	5	0.4349	5.835	0.9657	3	0	0
验	9A8C	5	0.3491	6.132	0.9723	5	1	0
骍	9A8D	5	0.3683	5.394	0.9412	2	0	0
骎	9A8E	5	0.4569	6.508	0.9164	2	0	0
骏	9A8F	5	0.4024	6.787	0.9237	4	0	0
骐	9A90	5	0.4127	5.909	0.9439	3	0	0
骑	9A91	5	0.4127	6.010	0.9632	4	1	1
骒	9A92	5	0.4334	6.416	0.9622	2	0	0
骓	9A93	5	0.4305	5.932	0.9661	2	0	0
骔	9A94	5	0.3669	5.872	0.9727	3	0	0
骕	9A95	5	0.3846	6.850	0.9686	5	0	0
骖	9A96	5	0.3950	6.981	0.9174	3	0	0
骗	9A97	5	0.4723	6.671	0.9181	3	0	0
骘	9A98	5	0.4119	6.794	0.9671	4	0	0
骙	9A99	5	0.3935	6.690	0.9141	4	0	0
骚	9A9A	5	0.4677	7.020	0.8849	4	0	0
骛	9A9B	5	0.4009	6.689	0.9027	3	0	0
骜	9A9C	5	0.3891	7.159	0.9349	4	0	0
骝	9A9D	5	0.4938	6.889	0.9069	3	0	0
骞	9A9E	5	0.3994	7.036	0.9375	2	0	0
骟	9A9F	5	0.4677	7.200	0.8958	3	0	0
骠	9AA0	5	0.4646	6.715	0.9255	3	0	0
骡	9AA1	5	0.4896	6.906	0.9267	3	0	0
骢	9AA2	5	0.4423	7.418	0.9333	4	0	0
骣	9AA3	5	0.4354	7.109	0.9193	5	0	0
骤	9AA4	5	0.4640	7.502	0.8851	4	0	0
骥	9AA5	5	0.4369	7.752	0.9400	6	0	0
骦	9AA6	5	0.5056	7.446	0.8837	4	0	0
骧	9AA7	5	0.4438	7.562	0.9485	3	0	0
骨	9AA8	5	0.4350	4.905	0.9590	2	0	0
骩	9AA9	5	0.3757	5.630	0.9496	3	0	0
骪	9AAA	5	0.4354	6.118	0.9268	4	0	0
骫	9AAB	5	0.4015	6.308	0.9109	3	0	0
骬	9AAC	5	0.4077	4.947	0.9397	3	0	0
骭	9AAD	5	0.3723	4.818	0.9937	3	0	0
骮	9AAE	5	0.3892	5.622	0.9570	3	0	0
骯	9AAF	5	0.4068	5.743	0.9275	4	0	0
骰	9AB0	5	0.4538	6.268	0.9328	4	0	0
骱	9AB1	5	0.3935	5.716	0.9151	4	0	0
骲	9AB2	5	0.4527	6.565	0.9271	4	0	0
骳	9AB3	5	0.4831	7.240	0.9140	3	0	0
骴	9AB4	5	0.4154	6.682	0.9443	4	0	0
骵	9AB5	5	0.4292	6.110	0.9533	3	0	0
骶	9AB6	5	0.4290	6.544	0.9316	4	0	0
骷	9AB7	5	0.4400	5.648	0.9502	4	0	0
骸	9AB8	5	0.4438	6.736	0.9207	5	1	1
骹	9AB9	5	0.4262	6.580	0.9353	4	0	0
骺	9ABA	5	0.4734	6.418	0.9169	4	0	0
骻	9ABB	5	0.4523	6.467	0.9237	5	0	0
骼	9ABC	5	0.4704	6.745	0.9215	4	0	0
骽	9ABD	5	0.4364	7.025	0.9185	4	0	0
骾	9ABE	5	0.5154	6.770	0.9440	3	0	0
骿	9ABF	5	0.4446	6.178	0.9238	6	0	0
髀	9AC0	5	0.4630	6.350	0.9449	4	0	0
髁	9AC1	5	0.5200	6.833	0.9323	3	0	0
髂	9AC2	5	0.4364	7.190	0.9281	5	0	0
髃	9AC3	5	0.5096	6.678	0.9472	4	0	0
髄	9AC4	5	0.5185	7.230	0.9199	5	1	1
髅	9AC5	5	0.4749	7.417	0.8996	4	0	0
髆	9AC6	5	0.5000	7.020	0.9434	4	0	0
髇	9AC7	5	0.4822	6.973	0.9460	6	0	0
髈	9AC8	5	0.4708	6.964	0.8976	4	0	0
髉	9AC9	5	0.4926	6.773	0.9483	3	0	0
髊	9ACA	5	0.4808	7.199	0.8959	4	0	0
髋	9ACB	5	0.5062	7.237	0.9343	5	0	0
髌	9ACC	5	0.4423	6.714	0.9395	5	0	0
髍	9ACD	5	0.4785	7.827	0.9024	5	0	0
髎	9ACE	5	0.4477	8.211	0.9312	4	0	0
髏	9ACF	5	0.4601	7.549	0.9441	4	0	0
髐	9AD0	5	0.5108	7.261	0.9128	6	0	0
髑	9AD1	5	0.5292	7.531	0.8878	4	0	0
髒	9AD2	5	0.5262	7.465	0.9124	5	0	0
髓	9AD3	5	0.4615	7.916	0.9345	4	0	0
體	9AD4	5	0.5308	7.522	0.9219	6	1	1
髕	9AD5	5	0.4862	7.885	0.9038	4	0	0
髖	9AD6	5	0.4708	7.565	0.9551	6	0	0
髗	9AD7	5	0.4677	8.046	0.9645	4	0	0
高	9AD8	5	0.4343	5.644	0.9760	4	0	0
髙	9AD9	5	0.4054	5.349	1.0043	1	0	0
髚	9ADA	5	0.3964	6.248	0.9449	6	0	0
髛	9ADB	5	0.4305	7.106	0.9391	6	0	0
髜	9ADC	5	0.4630	6.841	0.9914	7	0	0
髝	9ADD	5	0.4467	8.181	0.9238	6	0	0
髞	9ADE	5	0.4586	7.305	0.9740	8	0	0
髟	9ADF	5	0.3542	5.453	0.9207	2	0	0
髠	9AE0	5	0.3246	6.239	0.9231	3	0	0
髡	9AE1	5	0.3639	6.821	0.9106	3	0	0
髢	9AE2	5	0.3926	6.815	0.9272	3	0	0
髣	9AE3	5	0.3800	7.019	0.9248	3	0	0
髤	9AE4	5	0.3609	6.984	0.9431	3	0	0
髥	9AE5	5	0.3942	7.407	0.9589	3	0	0
髦	9AE6	5	0.4022	7.713	0.9491	3	0	0
髧	9AE7	5	0.3817	7.096	0.9245	3	0	0
髨	9AE8	5	0.4215	7.262	0.9453	4	0	0
髩	9AE9	5	0.3554	7.152	0.9416	3	0	0
髪	9AEA	5	0.4154	7.766	0.9074	4	1	1
髫	9AEB	5	0.4215	7.665	0.9310	4	0	0
髬	9AEC	5	0.4098	7.335	0.9247	4	0	0
髭	9AED	5	0.3728	7.171	0.9145	4	0	0
髮	9AEE	5	0.4279	7.924	0.9039	3	1	1
髯	9AEF	5	0.3814	7.181	0.9666	3	0	0
髰	9AF0	5	0.3846	7.010	0.9017	3	0	0
髱	9AF1	5	0.4279	7.431	0.9351	4	0	0
髲	9AF2	5	0.4338	7.787	0.9125	3	0	0
髳	9AF3	5	0.3769	7.705	0.9235	3	0	0
髴	9AF4	5	0.3974	7.823	0.9569	3	0	0
髵	9AF5	5	0.4105	7.295	0.9381	3	0	0
髶	9AF6	5	0.3491	7.625	0.9559	3	0	0
髷	9AF7	5	0.4455	7.236	0.9275	3	0	0
髸	9AF8	5	0.4046	7.505	0.9156	4	0	0
髹	9AF9	5	0.3732	7.173	0.9142	4	0	0
髺	9AFA	5	0.3569	7.769	0.9362	3	0	0
髻	9AFB	5	0.3590	7.780	0.9768	4	0	0
髼	9AFC	5	0.4375	8.975	0.9460	4	0	0
髽	9AFD	5	0.4200	7.425	0.9158	6	0	0
髾	9AFE	5	0.3892	7.293	0.9376	4	0	0
髿	9AFF	5	0.3349	7.537	0.9088	5	0	0
鬀	9B00	5	0.3985	7.927	0.9528	6	0	0
鬁	9B01	5	0.3862	7.387	0.9335	4	0	0
鬂	9B02	5	0.4231	7.861	0.9156	4	0	0
鬃	9B03	5	0.3858	8.363	0.9311	4	0	0
鬄	9B04	5	0.4087	8.469	0.9563	5	0	0
鬅	9B05	5	0.4231	8.221	0.9288	4	0	0
鬆	9B06	5	0.3743	7.844	0.9071	5	0	0
鬇	9B07	5	0.3624	7.659	0.9240	4	0	0
鬈	9B08	5	0.4108	8.606	0.9271	4	0	0
鬉	9B09	5	0.4263	9.357	0.8452	3	0	0
鬊	9B0A	5	0.4172	9.055	0.8856	4	0	0
鬋	9B0B	5	0.3561	7.838	0.9472	5	0	0
鬌	9B0C	5	0.4038	8.988	0.9507	3	0	0
鬍	9B0D	5	0.4415	7.792	0.9452	5	0	0
鬎	9B0E	5	0.4000	7.905	0.9510	4	0	0
鬏	9B0F	5	0.3969	8.014	0.9146	4	0	0
鬐	9B10	5	0.4398	9.808	0.9282	5	0	0
鬑	9B11	5	0.4098	8.539	0.9346	4	0	0
鬒	9B12	5	0.3964	9.695	0.8408	5	0	0
鬓	9B13	5	0.3926	8.722	0.9303	5	0	0
鬔	9B14	5	0.4569	9.329	0.8912	5	0	0
鬕	9B15	5	0.4103	9.048	0.9149	5	0	0
鬖	9B16	5	0.3905	9.370	0.8620	4	0	0
鬗	9B17	5	0.4006	8.560	0.9185	3	0	0
鬘	9B18	5	0.4519	9.793	0.9437	4	0	0
鬙	9B19	5	0.3910	8.513	0.9661	5	0	0
鬚	9B1A	5	0.4138	9.199	0.9055	4	0	0
鬛	9B1B	5	0.4231	9.785	0.8588	5	0	0
鬜	9B1C	5	0.4338	8.549	0.9560	4	0	0
鬝	9B1D	5	0.4263	8.321	0.9435	4	0	0
鬞	9B1E	5	0.4601	10.242	0.8994	4	0	0
鬟	9B1F	5	0.4519	9.702	0.9288	4	0	0
鬠	9B20	5	0.4074	8.999	0.9134	5	0	0
鬡	9B21	5	0.4083	9.375	0.8657	5	0	0
鬢	9B22	5	0.4583	9.946	0.8776	4	0	0
鬣	9B23	5	0.4631	9.973	0.8464	8	0	0
鬤	9B24	5	0.4723	10.499	0.8917	4	0	0
鬥	9B25	5	0.3601	3.491	0.9917	2	0	0
鬦	9B26	5	0.4685	5.557	0.9702	3	0	0
鬧	9B27	5	0.5087	5.864	0.9638	4	0	0
鬨	9B28	5	0.5105	5.968	0.9620	4	0	0
鬩	9B29	5	0.4633	6.245	0.9548	4	0	0
鬪	9B2A	5	0.5017	6.752	0.9588	3	0	0
鬫	9B2B	5	0.5070	7.173	0.9290	5	0	0
鬬	9B2C	5	0.4471	7.156	0.9837	4	0	0
鬭	9B2D	5	0.5052	7.263	0.9705	4	0	0
鬮	9B2E	5	0.4563	8.401	0.9325	3	0	0
鬯	9B2F	5	0.4510	6.698	0.9204	2	0	0
鬰	9B30	5	0.4569	9.618	0.8410	8	0	0
鬱	9B31	5	0.4453	9.492	0.8793	8	1	1
鬲	9B32	5	0.4517	5.656	0.9475	1	0	0
鬳	9B33	5	0.3862	7.921	0.9578	2	0	0
鬴	9B34	5	0.4985	7.392	0.9086	2	0	0
鬵	9B35	5	0.3946	8.145	0.9305	3	0	0
鬶	9B36	5	0.4151	8.284	0.9408	3	0	0
鬷	9B37	5	0.4892	8.456	0.8743	2	0	0
鬸	9B38	5	0.4677	7.753	0.9368	3	0	0
鬹	9B39	5	0.4263	9.029	0.9453	3	0	0
鬺	9B3A	5	0.4334	8.158	0.8906	2	0	0
鬻	9B3B	5	0.4071	9.213	0.9049	2	0	0
鬼	9B3C	5	0.3950	5.483	0.9175	1	0	0
鬽	9B3D	5	0.4098	6.435	0.8927	2	0	0
鬾	9B3E	5	0.4172	6.694	0.8992	3	0	0
鬿	9B3F	5	0.4292	6.468	0.8937	2	0	0
魀	9B40	5	0.4277	6.772	0.8919	3	0	0
魁	9B41	5	0.4098	6.729	0.8950	2	1	1
魂	9B42	5	0.4186	6.296	0.9163	3	1	1
魃	9B43	5	0.4660	7.449	0.8545	2	0	0
魄	9B44	5	0.4708	6.202	0.9324	2	0	0
魅	9B45	5	0.4527	6.815	0.8650	2	1	1
魆	9B46	5	0.4808	7.342	0.8984	2	0	0
魇	9B47	5	0.4754	7.648	0.8897	3	0	0
魈	9B48	5	0.4852	7.264	0.8763	3	0	0
魉	9B49	5	0.5104	7.932	0.8534	2	0	0
魊	9B4A	5	0.4216	7.858	0.8908	3	0	0
魋	9B4B	5	0.4911	7.067	0.8653	2	0	0
魌	9B4C	5	0.4763	7.177	0.8912	3	0	0
魍	9B4D	5	0.4689	7.933	0.9050	3	0	0
魎	9B4E	5	0.4763	8.203	0.8544	3	0	0
魏	9B4F	5	0.4438	7.584	0.9044	3	1	1
魐	9B50	5	0.5237	7.842	0.8780	3	0	0
魑	9B51	5	0.4527	8.213	0.8802	3	0	0
魒	9B52	5	0.5000	8.041	0.8992	3	0	0
魓	9B53	5	0.5074	7.612	0.9196	2	0	0
魔	9B54	5	0.4334	8.135	0.8938	4	1	1
魕	9B55	5	0.4852	9.390	0.8544	3	0	0
魖	9B56	5	0.4556	8.247	0.8861	3	0	0
魗	9B57	5	0.4512	8.332	0.9187	5	0	0
魘	9B58	5	0.4462	8.690	0.9140	5	0	0
魙	9B59	5	0.4231	8.370	0.9252	4	0	0
魚	9B5A	5	0.3954	5.312	0.9319	1	0	0
魛	9B5B	5	0.4308	6.067	0.8978	2	0	0
魜	9B5C	5	0.3692	5.568	0.8927	2	0	0
魝	9B5D	5	0.3815	5.476	0.9191	2	0	0
魞	9B5E	5	0.3595	5.781	0.9048	2	0	0
魟	9B5F	5	0.3624	5.293	0.9555	2	0	0
魠	9B60	5	0.3802	5.904	0.9479	3	0	0
魡	9B61	5	0.3938	5.952	0.8922	3	0	0
魢	9B62	5	0.3743	5.786	0.9073	2	0	0
魣	9B63	5	0.4009	6.192	0.9100	2	0	0
魤	9B64	5	0.3861	6.529	0.9102	3	0	0
魥	9B65	5	0.4364	6.981	0.9343	2	0	0
魦	9B66	5	0.3476	6.207	0.9431	3	0	0
魧	9B67	5	0.3920	6.178	0.9307	3	0	0
魨	9B68	5	0.4038	6.452	0.9540	2	0	0
魩	9B69	5	0.4290	7.029	0.9439	3	0	0
魪	9B6A	5	0.3248	6.113	0.9170	3	0	0
魫	9B6B	5	0.3846	6.329	0.9159	2	0	0
魬	9B6C	5	0.4186	7.010	0.9410	3	0	0
魭	9B6D	5	0.3713	6.075	0.9434	3	0	0
魮	9B6E	5	0.4024	6.413	0.9257	2	0	0
魯	9B6F	5	0.3743	6.471	0.8796	2	1	1
魰	9B70	5	0.3994	6.387	0.9545	2	0	0
魱	9B71	5	0.4231	6.178	0.9308	2	0	0
魲	9B72	5	0.3831	5.731	0.9407	2	0	0
魳	9B73	5	0.4467	6.428	0.9454	3	0	0
魴	9B74	5	0.4024	6.184	0.9246	2	0	0
魵	9B75	5	0.3876	6.564	0.9197	3	0	0
魶	9B76	5	0.4277	6.424	0.9021	2	0	0
魷	9B77	5	0.3905	6.490	0.9021	2	0	0
魸	9B78	5	0.3891	5.899	0.9487	2	0	0
魹	9B79	5	0.4260	6.452	0.9061	2	0	0
魺	9B7A	5	0.3950	6.188	0.9728	3	0	0
魻	9B7B	5	0.4231	6.025	0.9925	2	0	0
魼	9B7C	5	0.4438	6.261	0.9337	3	0	0
魽	9B7D	5	0.4408	6.120	0.9898	2	0	0
魾	9B7E	5	0.3817	6.316	0.9408	3	0	0
魿	9B7F	5	0.3743	6.473	0.9151	4	0	0
鮀	9B80	5	0.3935	6.234	0.9190	3	0	0
鮁	9B81	5	0.4231	7.126	0.9067	2	0	0
鮂	9B82	5	0.4862	6.839	0.9188	3	0	0
鮃	9B83	5	0.3876	6.375	0.9321	2	0	0
鮄	9B84	5	0.4645	7.032	0.9489	2	0	0
鮅	9B85	5	0.4038	7.173	0.9115	2	0	0
鮆	9B86	5	0.4138	6.763	0.9580	3	0	0
鮇	9B87	5	0.4157	6.272	0.9229	2	0	0
鮈	9B88	5	0.4569	6.377	0.9011	3	0	0
鮉	9B89	5	0.4292	6.602	0.9146	3	0	0
鮊	9B8A	5	0.4538	5.852	0.9153	2	0	0
鮋	9B8B	5	0.4554	6.062	0.9791	2	0	0
鮌	9B8C	5	0.4127	6.689	0.9343	2	0	0
鮍	9B8D	5	0.4556	7.034	0.9433	2	0	0
鮎	9B8E	5	0.4053	5.779	0.9318	3	0	0
鮏	9B8F	5	0.3891	5.995	0.9751	2	0	0
鮐	9B90	5	0.4246	6.404	0.9129	3	0	0
鮑	9B91	5	0.4201	6.833	0.9204	3	1	1
鮒	9B92	5	0.4260	6.471	0.9123	3	0	0
鮓	9B93	5	0.3905	5.639	0.9207	2	0	0
鮔	9B94	5	0.4364	6.240	0.9307	2	0	0
鮕	9B95	5	0.4246	5.832	0.9629	3	0	0
鮖	9B96	5	0.4379	6.210	0.9353	2	0	0
鮗	9B97	5	0.3728	6.758	0.9419	3	0	0
鮘	9B98	5	0.3969	6.688	0.9142	3	0	0
鮙	9B99	5	0.4369	6.833	0.9310	2	0	0
鮚	9B9A	5	0.3905	6.197	0.9651	3	0	0
鮛	9B9B	5	0.3698	6.271	0.9475	3	0	0
鮜	9B9C	5	0.4408	6.712	0.9284	3	0	0
鮝	9B9D	5	0.4157	7.596	0.8920	2	0	0
鮞	9B9E	5	0.4645	7.221	0.9322	2	0	0
鮟	9B9F	5	0.4201	6.957	0.9149	3	0	0
鮠	9BA0	5	0.4320	7.010	0.9053	4	0	0
鮡	9BA1	5	0.3817	7.232	0.9041	2	0	0
鮢	9BA2	5	0.4379	6.585	0.9374	3	0	0
鮣	9BA3	5	0.4338	6.500	0.9354	3	0	0
鮤	9BA4	5	0.4431	7.596	0.8920	3	0	0
鮥	9BA5	5	0.4556	6.698	0.9102	3	0	0
鮦	9BA6	5	0.4877	6.646	0.9574	3	0	0
鮧	9BA7	5	0.4675	7.365	0.9339	2	0	0
鮨	9BA8	5	0.4675	6.673	0.9481	3	0	0
鮩	9BA9	5	0.3950	6.505	0.9520	5	0	0
鮪	9BAA	5	0.4660	6.433	0.9626	3	0	0
鮫	9BAB	5	0.3861	6.923	0.9337	3	0	0
鮬	9BAC	5	0.4172	6.880	0.9280	4	0	0
鮭	9BAD	5	0.4172	6.221	0.9150	3	0	0
鮮	9BAE	5	0.4112	6.293	0.8984	2	1	1
鮯	9BAF	5	0.4320	6.426	0.9157	4	0	0
鮰	9BB0	5	0.4385	6.646	0.9598	3	0	0
鮱	9BB1	5	0.4408	6.865	0.8964	3	0	0
鮲	9BB2	5	0.4512	7.107	0.8984	3	0	0
鮳	9BB3	5	0.4364	6.596	0.9300	3	0	0
鮴	9BB4	5	0.4231	6.932	0.9100	3	0	0
鮵	9BB5	5	0.4172	6.837	0.8943	3	0	0
鮶	9BB6	5	0.4541	6.702	0.9326	3	0	0
鮷	9BB7	5	0.4462	7.143	0.9241	5	0	0
鮸	9BB8	5	0.4408	6.923	0.9250	3	0	0
鮹	9BB9	5	0.4231	6.929	0.9623	3	0	0
鮺	9BBA	5	0.4046	7.456	0.9204	2	0	0
鮻	9BBB	5	0.4349	7.602	0.9103	4	0	0
鮼	9BBC	5	0.4689	7.466	0.9324	2	0	0
鮽	9BBD	5	0.4290	6.892	0.9347	4	0	0
鮾	9BBE	5	0.4290	7.356	0.9241	3	0	0
鮿	9BBF	5	0.4275	6.924	0.9193	3	0	0
鯀	9BC0	5	0.4142	7.321	0.9446	3	0	0
鯁	9BC1	5	0.4660	7.154	0.9382	2	0	0
鯂	9BC2	5	0.4837	7.179	0.9590	2	0	0
鯃	9BC3	5	0.4719	6.730	0.9659	3	0	0
鯄	9BC4	5	0.4201	7.064	0.9039	2	0	0
鯅	9BC5	5	0.4423	7.659	0.9115	3	0	0
鯆	9BC6	5	0.4941	7.169	0.9309	2	0	0
鯇	9BC7	5	0.4083	6.782	0.9103	4	0	0
鯈	9BC8	5	0.4216	7.343	0.9062	3	0	0
鯉	9BC9	5	0.4660	6.769	0.9460	3	0	0
鯊	9BCA	5	0.3782	7.421	0.8809	4	0	0
鯋	9BCB	5	0.3506	7.077	0.9239	4	0	0
鯌	9BCC	5	0.4630	6.534	0.9536	3	0	0
鯍	9BCD	5	0.4497	7.217	0.9140	2	0	0
鯎	9BCE	5	0.4630	7.496	0.9082	3	0	0
鯏	9BCF	5	0.4877	6.882	0.9136	3	0	0
鯐	9BD0	5	0.4098	6.514	0.9210	3	0	0
鯑	9BD1	5	0.4645	7.399	0.9227	4	0	0
鯒	9BD2	5	0.5077	6.975	0.9263	3	0	0
鯓	9BD3	5	0.4556	6.765	0.8982	2	0	0
鯔	9BD4	5	0.5077	7.885	0.8847	5	0	0
鯕	9BD5	5	0.4393	6.784	0.9667	3	0	0
鯖	9BD6	5	0.4438	7.072	0.9840	2	0	0
鯗	9BD7	5	0.3920	7.673	0.9232	2	0	0
鯘	9BD8	5	0.4453	7.534	0.8964	3	0	0
鯙	9BD9	5	0.4630	6.812	0.9174	4	0	0
鯚	9BDA	5	0.4334	7.036	0.9102	3	0	0
鯛	9BDB	5	0.4646	7.170	0.9481	3	0	0
鯜	9BDC	5	0.4571	7.442	0.9096	3	0	0
鯝	9BDD	5	0.5000	7.011	0.9419	4	0	0
鯞	9BDE	5	0.4749	7.304	0.9150	4	0	0
鯟	9BDF	5	0.4615	7.079	0.9372	2	0	0
鯠	9BE0	5	0.4231	6.954	0.9236	2	0	0
鯡	9BE1	5	0.3979	6.567	0.9224	2	0	0
鯢	9BE2	5	0.4216	6.781	0.9309	3	0	0
鯣	9BE3	5	0.4586	7.434	0.9262	4	0	0
鯤	9BE4	5	0.4704	7.226	0.9107	3	0	0
鯥	9BE5	5	0.4438	6.922	0.9036	4	0	0
鯦	9BE6	5	0.4423	7.335	0.9150	4	0	0
鯧	9BE7	5	0.4800	6.870	0.9376	3	0	0
鯨	9BE8	5	0.4142	6.756	0.9365	4	1	1
鯩	9BE9	5	0.4482	7.385	0.9348	4	0	0
鯪	9BEA	5	0.4438	7.505	0.9150	4	0	0
鯫	9BEB	5	0.4482	7.637	0.9158	3	0	0
鯬	9BEC	5	0.4477	7.958	0.8837	2	0	0
鯭	9BED	5	0.4364	6.825	0.9495	3	0	0
鯮	9BEE	5	0.4009	6.726	0.9321	3	0	0
鯯	9BEF	5	0.5031	7.324	0.9217	3	0	0
鯰	9BF0	5	0.3964	7.460	0.9100	5	0	0
鯱	9BF1	5	0.4305	7.355	0.9221	3	0	0
鯲	9BF2	5	0.4157	7.483	0.8970	4	0	0
鯳	9BF3	5	0.4423	7.591	0.9038	4	0	0
鯴	9BF4	5	0.4408	7.419	0.9358	3	0	0
鯵	9BF5	5	0.4231	7.997	0.9187	3	0	0
鯶	9BF6	5	0.5015	7.192	0.9599	3	0	0
鯷	9BF7	5	0.4453	7.149	0.9388	4	0	0
鯸	9BF8	5	0.4704	7.529	0.8966	3	0	0
鯹	9BF9	5	0.4541	7.096	0.9322	3	0	0
鯺	9BFA	5	0.4497	7.072	0.9164	3	0	0
鯻	9BFB	5	0.4323	7.203	0.9381	3	0	0
鯼	9BFC	5	0.4749	8.327	0.9077	2	0	0
鯽	9BFD	5	0.4446	7.246	0.9313	3	0	0
鯾	9BFE	5	0.4541	7.640	0.8961	3	0	0
鯿	9BFF	5	0.4772	7.706	0.8952	3	0	0
鰀	9C00	5	0.4793	8.021	0.8905	5	0	0
鰁	9C01	5	0.4689	7.252	0.8990	3	0	0
鰂	9C02	5	0.5200	7.175	0.9230	3	0	0
鰃	9C03	5	0.4719	7.399	0.9357	4	0	0
鰄	9C04	5	0.4571	8.465	0.8814	4	0	0
鰅	9C05	5	0.5108	7.227	0.9505	3	0	0
鰆	9C06	5	0.4778	7.162	0.9452	3	0	0
鰇	9C07	5	0.4541	7.512	0.9011	3	0	0
鰈	9C08	5	0.4704	7.221	0.9321	3	0	0
鰉	9C09	5	0.4586	6.938	0.9480	3	0	0
鰊	9C0A	5	0.4645	7.455	0.9183	2	0	0
鰋	9C0B	5	0.4408	8.055	0.9409	4	0	0
鰌	9C0C	5	0.4882	7.649	0.9176	4	0	0
鰍	9C0D	5	0.4586	7.832	0.9036	3	0	0
鰎	9C0E	5	0.5030	8.104	0.9088	3	0	0
鰏	9C0F	5	0.5104	7.063	0.9665	3	0	0
鰐	9C10	5	0.4393	7.144	0.9287	5	0	0
鰑	9C11	5	0.4719	7.639	0.9339	5	0	0
鰒	9C12	5	0.4453	7.452	0.9445	3	0	0
鰓	9C13	5	0.4571	7.316	0.9420	3	0	0
鰔	9C14	5	0.4482	7.852	0.9184	4	0	0
鰕	9C15	5	0.4896	7.490	0.9269	3	0	0
鰖	9C16	5	0.4704	7.300	0.9300	2	0	0
鰗	9C17	5	0.4527	6.905	0.9274	4	0	0
鰘	9C18	5	0.4364	7.175	0.8953	4	0	0
鰙	9C19	5	0.4379	6.728	0.9547	4	0	0
鰚	9C1A	5	0.4349	6.894	0.9149	5	0	0
鰛	9C1B	5	0.4985	7.096	0.9214	3	0	0
鰜	9C1C	5	0.4837	7.841	0.9074	3	0	0
鰝	9C1D	5	0.4430	7.245	0.9441	5	0	0
鰞	9C1E	5	0.4497	7.197	0.9165	3	0	0
鰟	9C1F	5	0.4615	7.264	0.8948	3	0	0
鰠	9C20	5	0.4926	7.721	0.9091	4	0	0
鰡	9C21	5	0.4852	7.780	0.8971	3	0	0
鰢	9C22	5	0.4723	7.308	0.8978	2	0	0
鰣	9C23	5	0.4778	7.224	0.9051	4	0	0
鰤	9C24	5	0.4970	7.654	0.9221	4	0	0
鰥	9C25	5	0.4586	7.543	0.9096	3	0	0
鰦	9C26	5	0.4275	8.155	0.8747	3	0	0
鰧	9C27	5	0.4482	8.189	0.9254	2	0	0
鰨	9C28	5	0.4831	8.111	0.9012	2	0	0
鰩	9C29	5	0.4749	7.529	0.9167	2	0	0
鰪	9C2A	5	0.4911	7.416	0.9189	4	0	0
鰫	9C2B	5	0.4660	7.442	0.9122	3	0	0
鰬	9C2C	5	0.4349	7.704	0.9286	3	0	0
鰭	9C2D	5	0.4837	7.830	0.9137	4	0	0
鰮	9C2E	5	0.4911	7.596	0.9165	2	0	0
鰯	9C2F	5	0.4677	8.305	0.9159	3	0	0
鰰	9C30	5	0.4354	7.417	0.8843	3	0	0
鰱	9C31	5	0.4675	7.702	0.9163	3	0	0
鰲	9C32	5	0.4262	8.237	0.9031	4	0	0
鰳	9C33	5	0.5169	7.711	0.8795	3	0	0
鰴	9C34	5	0.4438	7.911	0.9092	5	0	0
鰵	9C35	5	0.4260	8.540	0.8827	4	0	0
鰶	9C36	5	0.4837	8.020	0.8816	3	0	0
鰷	9C37	5	0.4290	8.321	0.8831	4	0	0
鰸	9C38	5	0.4586	7.625	0.9508	5	0	0
鰹	9C39	5	0.4793	7.669	0.9027	4	0	0
鰺	9C3A	5	0.4083	8.577	0.8957	3	0	0
鰻	9C3B	5	0.4512	7.856	0.9204	3	0	0
鰼	9C3C	5	0.5046	7.674	0.9202	3	0	0
鰽	9C3D	5	0.5163	7.457	0.9594	3	0	0
鰾	9C3E	5	0.4763	7.697	0.9469	3	0	0
鰿	9C3F	5	0.4630	8.021	0.9542	3	0	0
鱀	9C40	5	0.4688	8.255	0.8795	3	0	0
鱁	9C41	5	0.4290	8.454	0.8894	3	0	0
鱂	9C42	5	0.4541	8.076	0.9096	3	0	0
鱃	9C43	5	0.4837	7.606	0.8799	3	0	0
鱄	9C44	5	0.4601	7.639	0.9314	3	0	0
鱅	9C45	5	0.4801	8.040	0.9515	4	0	0
鱆	9C46	5	0.4305	7.135	0.9461	3	0	0
鱇	9C47	5	0.4645	8.058	0.9021	3	0	0
鱈	9C48	5	0.4723	7.400	0.9606	3	0	0
鱉	9C49	5	0.4142	8.463	0.8971	3	0	0
鱊	9C4A	5	0.4986	8.576	0.8657	4	0	0
鱋	9C4B	5	0.4734	7.992	0.9168	3	0	0
鱌	9C4C	5	0.4687	7.995	0.9076	3	0	0
鱍	9C4D	5	0.4763	8.515	0.8717	5	0	0
鱎	9C4E	5	0.4701	7.817	0.9413	6	0	0
鱏	9C4F	5	0.4763	7.524	0.9303	4	0	0
鱐	9C50	5	0.5178	8.221	0.9404	4	0	0
鱑	9C51	5	0.4749	7.395	0.9309	2	0	0
鱒	9C52	5	0.4571	8.125	0.9183	5	0	0
鱓	9C53	5	0.4586	7.212	0.9813	4	0	0
鱔	9C54	5	0.4926	7.582	0.9283	4	0	0
鱕	9C55	5	0.5148	7.916	0.9255	3	0	0
鱖	9C56	5	0.5000	8.928	0.8793	5	0	0
鱗	9C57	5	0.4675	8.159	0.8982	4	0	0
鱘	9C58	5	0.4364	7.582	0.9258	4	0	0
鱙	9C59	5	0.4822	7.674	0.8971	5	0	0
鱚	9C5A	5	0.4497	7.490	0.9525	6	0	0
鱛	9C5B	5	0.4778	7.575	0.9274	4	0	0
鱜	9C5C	5	0.4586	9.098	0.8983	3	0	0
鱝	9C5D	5	0.4615	7.809	0.9161	4	0	0
鱞	9C5E	5	0.4882	7.993	0.9300	3	0	0
鱟	9C5F	5	0.4295	8.338	0.8872	2	0	0
鱠	9C60	5	0.4364	8.081	0.9329	4	0	0
鱡	9C61	5	0.4645	8.720	0.8801	4	0	0
鱢	9C62	5	0.4719	7.486	0.9351	5	0	0
鱣	9C63	5	0.4527	8.127	0.9358	4	0	0
鱤	9C64	5	0.4571	8.645	0.9053	5	0	0
鱥	9C65	5	0.4896	8.457	0.8801	3	0	0
鱦	9C66	5	0.4941	7.616	0.9495	2	0	0
鱧	9C67	5	0.5044	7.875	0.9182	5	0	0
鱨	9C68	5	0.4601	8.086	0.9465	4	0	0
鱩	9C69	5	0.5059	7.648	0.9554	3	0	0
鱪	9C6A	5	0.4660	7.909	0.9119	4	0	0
鱫	9C6B	5	0.4586	8.524	0.8596	4	0	0
鱬	9C6C	5	0.4601	8.077	0.9373	3	0	0
鱭	9C6D	5	0.4527	8.123	0.9020	3	0	0
鱮	9C6E	5	0.4260	7.770	0.9328	3	0	0
鱯	9C6F	5	0.4822	8.176	0.9455	4	0	0
鱰	9C70	5	0.4956	7.788	0.9136	4	0	0
鱱	9C71	5	0.4852	8.605	0.9163	5	0	0
鱲	9C72	5	0.4512	9.620	0.8776	7	0	0
鱳	9C73	5	0.4645	8.751	0.9032	4	0	0
鱴	9C74	5	0.5118	8.088	0.8964	4	0	0
鱵	9C75	5	0.4837	8.639	0.8993	5	0	0
鱶	9C76	5	0.4749	8.642	0.8990	5	0	0
鱷	9C77	5	0.4660	8.203	0.9706	2	0	0
鱸	9C78	5	0.4778	8.399	0.9113	3	0	0
鱹	9C79	5	0.4749	7.976	0.9693	5	0	0
鱺	9C7A	5	0.4793	9.080	0.9065	7	0	0
鱻	9C7B	5	0.4379	9.054	0.8942	3	0	0
鱼	9C7C	5	0.4267	4.611	0.9580	1	1	0
鱽	9C7D	5	0.4108	5.662	0.9510	2	0	0
鱾	9C7E	5	0.3772	5.335	0.9661	2	0	0
鱿	9C7F	5	0.4112	6.111	0.9410	2	0	0
鲀	9C80	5	0.4186	5.748	0.9703	2	0	0
鲁	9C81	5	0.3692	6.408	0.8991	2	1	1
鲂	9C82	5	0.4024	5.850	0.9566	2	0	0
鲃	9C83	5	0.4379	5.769	0.9933	2	0	0
鲄	9C84	5	0.4068	5.707	0.9805	3	0	0
鲅	9C85	5	0.4508	6.685	0.9291	2	0	0
鲆	9C86	5	0.3683	5.804	0.9807	2	0	0
鲇	9C87	5	0.3920	5.346	0.9893	3	0	0
鲈	9C88	5	0.4031	5.304	0.9523	3	0	0
鲉	9C89	5	0.4892	5.608	0.9655	2	0	0
鲊	9C8A	5	0.3802	5.209	0.9599	2	0	0
鲋	9C8B	5	0.4201	6.196	0.9218	3	0	0
鲌	9C8C	5	0.4370	5.446	0.9753	2	0	0
鲍	9C8D	5	0.4482	6.369	0.9481	3	1	1
鲎	9C8E	5	0.4617	6.196	0.9093	2	0	0
鲏	9C8F	5	0.4734	6.827	0.9549	2	0	0
鲐	9C90	5	0.4216	6.038	0.9427	3	0	0
鲑	9C91	5	0.4169	5.535	0.9864	3	0	0
鲒	9C92	5	0.4290	5.776	0.9788	3	0	0
鲓	9C93	5	0.4438	6.135	0.9530	3	0	0
鲔	9C94	5	0.4571	6.058	0.9333	3	0	0
鲕	9C95	5	0.4275	6.668	1.0036	2	0	0
鲖	9C96	5	0.4830	6.279	0.9745	3	0	0
鲗	9C97	5	0.4538	7.310	0.9741	3	0	0
鲘	9C98	5	0.4364	6.313	0.9657	3	0	0
鲙	9C99	5	0.4083	6.481	0.9317	4	0	0
鲚	9C9A	5	0.4260	6.153	0.9346	2	0	0
鲛	9C9B	5	0.4024	6.505	0.9490	3	0	0
鲜	9C9C	5	0.3935	5.716	0.9823	2	1	1
鲝	9C9D	5	0.4375	6.877	0.9734	2	0	0
鲞	9C9E	5	0.4408	6.783	0.9385	2	0	0
鲟	9C9F	5	0.4246	6.147	0.9636	3	0	0
鲠	9CA0	5	0.5044	6.764	0.9353	2	0	0
鲡	9CA1	5	0.4660	7.560	0.9412	6	0	0
鲢	9CA2	5	0.4246	6.712	0.9312	3	0	0
鲣	9CA3	5	0.4646	6.803	0.9736	3	0	0
鲤	9CA4	5	0.4970	6.150	0.9475	3	0	0
鲥	9CA5	5	0.4334	6.359	0.9707	3	0	0
鲦	9CA6	5	0.4497	6.951	0.9545	3	0	0
鲧	9CA7	5	0.4098	6.928	0.9382	3	0	0
鲨	9CA8	5	0.4022	6.827	0.9399	4	0	0
鲩	9CA9	5	0.4098	6.317	0.9559	4	0	0
鲪	9CAA	5	0.4660	6.274	0.9686	3	0	0
鲫	9CAB	5	0.5138	6.657	0.9758	3	0	0
鲬	9CAC	5	0.5123	6.510	0.9334	3	0	0
鲭	9CAD	5	0.4763	6.735	0.9822	2	0	0
鲮	9CAE	5	0.4393	6.955	0.9207	4	0	0
鲯	9CAF	5	0.4467	6.236	0.9807	3	0	0
鲰	9CB0	5	0.5133	7.135	0.9380	3	0	0
鲱	9CB1	5	0.4349	5.845	0.9608	2	0	0
鲲	9CB2	5	0.5074	6.851	0.9432	3	0	0
鲳	9CB3	5	0.5138	6.264	0.9925	3	0	0
鲴	9CB4	5	0.5108	6.621	0.9902	4	0	0
鲵	9CB5	5	0.4415	6.287	0.9491	3	0	0
鲶	9CB6	5	0.4098	7.073	0.9190	5	0	0
鲷	9CB7	5	0.4677	6.854	0.9791	3	0	0
鲸	9CB8	5	0.4538	6.301	0.9525	4	0	0
鲹	9CB9	5	0.4127	7.505	0.9455	3	0	0
鲺	9CBA	5	0.4423	6.971	0.9546	3	0	0
鲻	9CBB	5	0.5138	7.365	0.8988	5	0	0
鲼	9CBC	5	0.4586	6.856	0.9453	4	0	0
鲽	9CBD	5	0.4852	6.856	0.9313	3	0	0
鲾	9CBE	5	0.5340	6.840	0.9334	3	0	0
鲿	9CBF	5	0.4231	6.922	0.9529	5	0	0
鳀	9CC0	5	0.4822	6.710	0.9172	4	0	0
鳁	9CC1	5	0.5015	6.501	0.9791	3	0	0
鳂	9CC2	5	0.4675	6.980	0.9588	4	0	0
鳃	9CC3	5	0.4778	6.827	0.9746	3	0	0
鳄	9CC4	5	0.4438	6.519	0.9616	5	0	0
鳅	9CC5	5	0.4482	7.356	0.9359	3	0	0
鳆	9CC6	5	0.4778	7.154	0.9086	3	0	0
鳇	9CC7	5	0.4763	6.286	0.9943	3	0	0
鳈	9CC8	5	0.4719	6.779	0.9362	3	0	0
鳉	9CC9	5	0.4393	7.329	0.9158	3	0	0
鳊	9CCA	5	0.5292	7.062	0.9010	3	0	0
鳋	9CCB	5	0.4882	7.298	0.9355	4	0	0
鳌	9CCC	5	0.4423	7.605	0.9230	4	0	0
鳍	9CCD	5	0.4364	7.332	0.9547	4	0	0
鳎	9CCE	5	0.5215	7.283	0.9487	2	0	0
鳏	9CCF	5	0.4393	6.938	0.9619	3	0	0
鳐	9CD0	5	0.4541	7.051	0.9437	2	0	0
鳑	9CD1	5	0.4601	6.839	0.9139	3	0	0
鳒	9CD2	5	0.4808	7.371	0.9523	3	0	0
鳓	9CD3	5	0.5338	7.211	0.9141	3	0	0
鳔	9CD4	5	0.4808	7.308	0.9736	3	0	0
鳕	9CD5	5	0.4800	6.963	0.9670	3	0	0
鳖	9CD6	5	0.4738	7.903	0.9196	3	0	0
鳗	9CD7	5	0.4527	7.332	0.9390	3	0	0
鳘	9CD8	5	0.4615	8.057	0.9237	4	0	0
鳙	9CD9	5	0.5192	7.683	0.9812	4	0	0
鳚	9CDA	5	0.4719	7.607	0.9252	3	0	0
鳛	9CDB	5	0.4985	7.227	0.9514	3	0	0
鳜	9CDC	5	0.5104	8.346	0.9240	5	0	0
鳝	9CDD	5	0.5104	7.178	0.9431	4	0	0
鳞	9CDE	5	0.4586	7.630	0.9049	4	0	0
鳟	9CDF	5	0.4660	7.380	0.9433	5	0	0
鳠	9CE0	5	0.4852	7.738	0.9593	4	0	0
鳡	9CE1	5	0.4689	8.196	0.9222	5	0	0
鳢	9CE2	5	0.5089	7.198	0.9725	5	0	0
鳣	9CE3	5	0.4646	7.474	0.9874	4	0	0
鳤	9CE4	5	0.4941	7.364	0.9453	4	0	0
鳥	9CE5	5	0.4000	5.868	0.9861	2	0	0
鳦	9CE6	5	0.3618	5.948	0.9593	3	0	0
鳧	9CE7	5	0.3358	6.887	0.9187	3	0	0
鳨	9CE8	5	0.4231	6.431	0.9417	3	0	0
鳩	9CE9	5	0.4083	6.441	0.9584	3	1	1
鳪	9CEA	5	0.4295	5.762	0.9656	3	0	0
鳫	9CEB	5	0.3862	6.529	0.9524	3	0	0
鳬	9CEC	5	0.3354	5.998	0.9531	2	0	0
鳭	9CED	5	0.3989	6.534	0.9608	3	0	0
鳮	9CEE	5	0.3713	6.548	0.9515	3	0	0
鳯	9CEF	5	0.3738	6.773	0.9546	3	0	0
鳰	9CF0	5	0.3692	6.193	0.9300	3	0	0
鳱	9CF1	5	0.3876	5.861	0.9483	3	0	0
鳲	9CF2	5	0.4009	6.028	0.9506	3	0	0
鳳	9CF3	5	0.4108	7.114	0.9458	2	1	1
鳴	9CF4	5	0.4277	5.990	0.9675	3	1	1
鳵	9CF5	5	0.4127	6.359	0.9285	4	0	0
鳶	9CF6	5	0.3708	6.917	0.9747	3	0	0
鳷	9CF7	5	0.4103	6.716	0.9544	4	0	0
鳸	9CF8	5	0.3580	7.192	0.9546	3	0	0
鳹	9CF9	5	0.3675	6.620	0.9310	5	0	0
鳺	9CFA	5	0.3974	6.365	0.9561	3	0	0
鳻	9CFB	5	0.4003	6.816	0.9346	4	0	0
鳼	9CFC	5	0.3772	6.705	0.9236	3	0	0
鳽	9CFD	5	0.4274	6.592	0.9552	4	0	0
鳾	9CFE	5	0.4202	6.684	0.9978	4	0	0
鳿	9CFF	5	0.3817	6.226	0.9636	3	0	0
鴀	9D00	5	0.3985	6.372	0.9483	3	0	0
鴁	9D01	5	0.4088	6.534	0.9462	4	0	0
鴂	9D02	5	0.3989	6.582	0.9468	3	0	0
鴃	9D03	5	0.3932	6.409	0.9427	3	0	0
鴄	9D04	5	0.4400	6.632	0.9541	4	0	0
鴅	9D05	5	0.4402	6.945	0.9632	3	0	0
鴆	9D06	5	0.3775	6.711	0.9375	3	0	0
鴇	9D07	5	0.4083	6.486	0.9251	3	0	0
鴈	9D08	5	0.4462	6.880	0.9281	2	0	0
鴉	9D09	5	0.4117	6.851	0.9539	3	1	1
鴊	9D0A	5	0.4246	6.430	0.9600	4	0	0
鴋	9D0B	5	0.4117	6.684	0.9458	3	0	0
鴌	9D0C	5	0.4053	7.524	0.9370	4	0	0
鴍	9D0D	5	0.3891	7.644	0.9258	3	0	0
鴎	9D0E	5	0.4607	6.845	0.9430	4	0	0
鴏	9D0F	5	0.3632	6.967	0.9335	4	0	0
鴐	9D10	5	0.4138	7.458	0.9593	4	0	0
鴑	9D11	5	0.4024	8.268	0.9281	4	0	0
鴒	9D12	5	0.3891	6.778	0.9393	5	0	0
鴓	9D13	5	0.4334	7.301	0.9245	3	0	0
鴔	9D14	5	0.3746	6.649	0.9332	4	0	0
鴕	9D15	5	0.4142	6.625	0.9414	4	0	0
鴖	9D16	5	0.4631	7.036	0.9691	3	0	0
鴗	9D17	5	0.3654	6.742	0.9245	3	0	0
鴘	9D18	5	0.4274	6.942	0.9275	4	0	0
鴙	9D19	5	0.3994	6.806	0.9494	3	0	0
鴚	9D1A	5	0.3832	6.433	0.9488	4	0	0
鴛	9D1B	5	0.4108	7.844	0.9695	4	0	0
鴜	9D1C	5	0.3800	7.351	0.9587	4	0	0
鴝	9D1D	5	0.4259	6.721	0.9534	4	0	0
鴞	9D1E	5	0.4259	6.587	0.9530	4	0	0
鴟	9D1F	5	0.4275	7.048	0.9200	4	0	0
鴠	9D20	5	0.4117	6.564	0.9417	4	0	0
鴡	9D21	5	0.4497	6.598	0.9444	3	0	0
鴢	9D22	5	0.4430	7.796	0.9369	4	0	0
鴣	9D23	5	0.4145	6.301	0.9533	4	0	0
鴤	9D24	5	0.3979	7.005	0.9087	4	0	0
鴥	9D25	5	0.3595	6.528	0.9339	4	0	0
鴦	9D26	5	0.4157	7.500	0.9425	3	0	0
鴧	9D27	5	0.4142	6.680	0.9298	4	0	0
鴨	9D28	5	0.4815	6.579	0.9685	3	1	1
鴩	9D29	5	0.4349	6.723	0.9582	4	0	0
鴪	9D2A	5	0.3960	6.630	0.9420	4	0	0
鴫	9D2B	5	0.4662	6.520	0.9441	3	0	0
鴬	9D2C	5	0.3659	7.132	0.9274	3	0	0
鴭	9D2D	5	0.4738	6.334	0.9620	3	0	0
鴮	9D2E	5	0.4290	7.029	0.9083	5	0	0
鴯	9D2F	5	0.4831	7.684	0.9051	3	0	0
鴰	9D30	5	0.4274	6.620	0.9505	3	0	0
鴱	9D31	5	0.4160	6.769	0.9348	4	0	0
鴲	9D32	5	0.4489	6.642	0.9871	4	0	0
鴳	9D33	5	0.4127	7.009	0.9269	4	0	0
鴴	9D34	5	0.3757	6.806	0.9240	5	0	0
鴵	9D35	5	0.4290	7.583	0.9029	3	0	0
鴶	9D36	5	0.4217	6.555	0.9551	4	0	0
鴷	9D37	5	0.3831	8.041	0.9501	4	0	0
鴸	9D38	5	0.4349	6.982	0.9475	4	0	0
鴹	9D39	5	0.4245	6.839	0.9371	3	0	0
鴺	9D3A	5	0.4527	7.462	0.9381	3	0	0
鴻	9D3B	5	0.3837	6.499	0.9216	4	1	1
鴼	9D3C	5	0.4473	7.062	0.9202	4	0	0
鴽	9D3D	5	0.4108	7.931	0.9398	4	0	0
鴾	9D3E	5	0.4060	6.986	0.9340	4	0	0
鴿	9D3F	5	0.3946	6.773	0.9371	5	0	0
鵀	9D40	5	0.3985	7.524	0.9258	5	0	0
鵁	9D41	5	0.3860	7.048	0.9332	4	0	0
鵂	9D42	5	0.4302	7.123	0.9038	4	0	0
鵃	9D43	5	0.4459	7.238	0.9378	3	0	0
鵄	9D44	5	0.4274	7.054	0.9291	4	0	0
鵅	9D45	5	0.4174	7.226	0.9128	4	0	0
鵆	9D46	5	0.3935	6.734	0.9452	5	0	0
鵇	9D47	5	0.4316	6.668	0.9461	3	0	0
鵈	9D48	5	0.4544	6.688	0.9373	3	0	0
鵉	9D49	5	0.3990	7.703	0.9377	6	0	0
鵊	9D4A	5	0.4217	7.288	0.9115	3	0	0
鵋	9D4B	5	0.4202	7.424	0.9111	4	0	0
鵌	9D4C	5	0.4305	7.268	0.9366	5	0	0
鵍	9D4D	5	0.4083	6.901	0.9446	5	0	0
鵎	9D4E	5	0.4438	7.688	0.9255	4	0	0
鵏	9D4F	5	0.4672	7.419	0.9687	3	0	0
鵐	9D50	5	0.4630	7.514	0.9162	6	0	0
鵑	9D51	5	0.4844	6.849	0.9388	4	0	0
鵒	9D52	5	0.4259	7.306	0.9260	3	0	0
鵓	9D53	5	0.4046	6.992	0.9476	4	0	0
鵔	9D54	5	0.4290	7.777	0.9223	5	0	0
鵕	9D55	5	0.4074	7.667	0.9146	5	0	0
鵖	9D56	5	0.4338	6.805	0.9813	3	0	0
鵗	9D57	5	0.4497	7.543	0.9331	5	0	0
鵘	9D58	5	0.4758	7.026	0.9681	4	0	0
鵙	9D59	5	0.4615	6.977	0.9592	3	0	0
鵚	9D5A	5	0.4497	7.398	0.9098	4	0	0
鵛	9D5B	5	0.4174	7.521	0.9148	7	0	0
鵜	9D5C	5	0.4231	7.416	0.9309	6	0	0
鵝	9D5D	5	0.4778	7.870	0.9065	3	0	0
鵞	9D5E	5	0.4015	8.761	0.8939	3	0	0
鵟	9D5F	5	0.3743	8.188	0.9395	4	0	0
鵠	9D60	5	0.4408	6.906	0.9384	4	0	0
鵡	9D61	5	0.4749	7.654	0.9146	4	0	0
鵢	9D62	5	0.4749	7.027	0.9414	3	0	0
鵣	9D63	5	0.4615	7.110	0.9481	3	0	0
鵤	9D64	5	0.4601	7.422	0.9160	3	0	0
鵥	9D65	5	0.3662	7.621	0.9203	4	0	0
鵦	9D66	5	0.4160	7.300	0.9505	4	0	0
鵧	9D67	5	0.4387	6.994	0.9488	6	0	0
鵨	9D68	5	0.4444	7.035	0.9753	4	0	0
鵩	9D69	5	0.5118	8.462	0.9182	4	0	0
鵪	9D6A	5	0.4729	7.443	0.9214	4	0	0
鵫	9D6B	5	0.4793	6.716	0.9621	5	0	0
鵬	9D6C	5	0.4929	8.059	0.9348	4	1	1
鵭	9D6D	5	0.4038	7.486	0.9223	3	0	0
鵮	9D6E	5	0.4330	7.214	0.9316	4	0	0
鵯	9D6F	5	0.4571	7.050	0.9548	4	0	0
鵰	9D70	5	0.4430	7.744	0.9263	4	0	0
鵱	9D71	5	0.4160	7.199	0.9599	5	0	0
鵲	9D72	5	0.4744	7.038	0.9480	5	0	0
鵳	9D73	5	0.4882	7.683	0.9036	4	0	0
鵴	9D74	5	0.4453	8.017	0.9236	4	0	0
鵵	9D75	5	0.4364	7.510	0.9424	5	0	0
鵶	9D76	5	0.4615	6.802	0.9697	3	0	0
鵷	9D77	5	0.4290	7.659	0.9424	5	0	0
鵸	9D78	5	0.4541	7.260	0.9325	5	0	0
鵹	9D79	5	0.3964	8.164	0.9328	3	0	0
鵺	9D7A	5	0.4660	7.797	0.9077	5	0	0
鵻	9D7B	5	0.4645	7.037	0.9236	3	0	0
鵼	9D7C	5	0.4112	7.085	0.9392	5	0	0
鵽	9D7D	5	0.4793	8.582	0.8896	6	0	0
鵾	9D7E	5	0.4492	7.389	0.9350	4	0	0
鵿	9D7F	5	0.4734	7.192	0.9332	5	0	0
鶀	9D80	5	0.4675	7.076	0.9376	4	0	0
鶁	9D81	5	0.4430	7.066	0.9414	5	0	0
鶂	9D82	5	0.4068	7.027	0.9660	4	0	0
鶃	9D83	5	0.4444	7.016	0.9286	4	0	0
鶄	9D84	5	0.4530	7.240	0.9243	3	0	0
鶅	9D85	5	0.4904	8.004	0.8768	6	0	0
鶆	9D86	5	0.4459	7.410	0.9241	3	0	0
鶇	9D87	5	0.4701	7.327	0.9517	3	0	0
鶈	9D88	5	0.4985	7.611	0.9273	4	0	0
鶉	9D89	5	0.4473	7.256	0.9353	5	0	0
鶊	9D8A	5	0.4793	7.554	0.9419	4	0	0
鶋	9D8B	5	0.4715	7.134	0.9258	5	0	0
鶌	9D8C	5	0.4689	7.755	0.9523	5	0	0
鶍	9D8D	5	0.4630	7.837	0.9693	5	0	0
鶎	9D8E	5	0.4003	7.108	0.9496	4	0	0
鶏	9D8F	5	0.4260	7.538	0.9464	4	1	1
鶐	9D90	5	0.4188	7.445	0.9130	5	0	0
鶑	9D91	5	0.3622	8.037	0.9557	4	0	0
鶒	9D92	5	0.4793	8.082	0.9446	4	0	0
鶓	9D93	5	0.4911	7.202	0.9372	4	0	0
鶔	9D94	5	0.4482	7.795	0.9054	4	0	0
鶕	9D95	5	0.4544	7.173	0.9098	3	0	0
鶖	9D96	5	0.3846	8.227	0.9263	4	0	0
鶗	9D97	5	0.4645	7.577	0.8934	5	0	0
鶘	9D98	5	0.4941	7.577	0.9391	5	0	0
鶙	9D99	5	0.4400	7.262	0.9348	4	0	0
鶚	9D9A	5	0.4408	7.284	0.9373	6	0	0
鶛	9D9B	5	0.4677	7.505	0.9355	4	0	0
鶜	9D9C	5	0.4516	7.493	0.9154	4	0	0
鶝	9D9D	5	0.4978	7.304	0.9252	4	0	0
鶞	9D9E	5	0.4530	7.592	0.9740	4	0	0
鶟	9D9F	5	0.3994	7.486	0.9043	5	0	0
鶠	9DA0	5	0.4963	7.855	0.9471	5	0	0
鶡	9DA1	5	0.4660	7.655	0.9295	6	0	0
鶢	9DA2	5	0.4587	7.976	0.9153	6	0	0
鶣	9DA3	5	0.4852	7.717	0.9345	4	0	0
鶤	9DA4	5	0.4793	7.309	0.9604	4	0	0
鶥	9DA5	5	0.4941	7.697	0.9369	4	0	0
鶦	9DA6	5	0.4183	8.036	0.9367	5	0	0
鶧	9DA7	5	0.4330	7.274	0.9550	4	0	0
鶨	9DA8	5	0.4749	7.916	0.9013	4	0	0
鶩	9DA9	5	0.3935	8.596	0.9038	4	0	0
鶪	9DAA	5	0.4438	7.476	0.9698	4	0	0
鶫	9DAB	5	0.4715	7.688	0.9108	3	0	0
鶬	9DAC	5	0.4416	7.738	0.8997	6	0	0
鶭	9DAD	5	0.3942	8.677	0.9323	4	0	0
鶮	9DAE	5	0.4402	7.406	0.9390	6	0	0
鶯	9DAF	5	0.3954	8.269	0.9519	3	0	0
鶰	9DB0	5	0.4622	7.537	0.9209	4	0	0
鶱	9DB1	5	0.4186	8.712	0.9282	3	0	0
鶲	9DB2	5	0.4558	8.489	0.9174	5	0	0
鶳	9DB3	5	0.4512	7.862	0.9467	5	0	0
鶴	9DB4	5	0.4778	7.291	0.9390	3	1	1
鶵	9DB5	5	0.4586	8.188	0.9207	4	0	0
鶶	9DB6	5	0.5148	7.728	0.9232	4	0	0
鶷	9DB7	5	0.4652	7.348	0.9702	4	0	0
鶸	9DB8	5	0.4571	8.260	0.9313	4	0	0
鶹	9DB9	5	0.5000	8.015	0.9015	4	0	0
鶺	9DBA	5	0.4556	7.808	0.9285	4	0	0
鶻	9DBB	5	0.4533	7.159	0.9304	4	0	0
鶼	9DBC	5	0.4558	8.053	0.9266	4	0	0
鶽	9DBD	5	0.4497	7.198	0.9311	4	0	0
鶾	9DBE	5	0.4260	7.369	0.9448	4	0	0
鶿	9DBF	5	0.3862	8.968	0.9157	4	0	0
鷀	9DC0	5	0.4615	8.399	0.8733	4	0	0
鷁	9DC1	5	0.4345	7.764	0.9220	4	0	0
鷂	9DC2	5	0.4586	7.805	0.9124	3	0	0
鷃	9DC3	5	0.4444	7.828	0.9448	5	0	0
鷄	9DC4	5	0.4615	8.324	0.9012	4	0	0
鷅	9DC5	5	0.4882	7.582	0.9385	4	0	0
鷆	9DC6	5	0.4785	7.986	0.9263	6	0	0
鷇	9DC7	5	0.3950	8.264	0.9023	3	0	0
鷈	9DC8	5	0.4393	8.555	0.9172	5	0	0
鷉	9DC9	5	0.4658	8.500	0.9384	5	0	0
鷊	9DCA	5	0.4302	7.892	0.9036	3	0	0
鷋	9DCB	5	0.4416	7.687	0.9545	6	0	0
鷌	9DCC	5	0.4908	7.657	0.9178	3	0	0
鷍	9DCD	5	0.4822	7.552	0.9523	4	0	0
鷎	9DCE	5	0.4548	7.264	0.9517	5	0	0
鷏	9DCF	5	0.4246	7.534	0.9482	5	0	0
鷐	9DD0	5	0.4373	7.745	0.9523	4	0	0
鷑	9DD1	5	0.4216	7.447	0.9038	4	0	0
鷒	9DD2	5	0.5108	7.871	0.9022	4	0	0
鷓	9DD3	5	0.4704	7.641	0.9186	4	0	0
鷔	9DD4	5	0.3964	8.816	0.9251	5	0	0
鷕	9DD5	5	0.4154	8.176	0.9335	4	0	0
鷖	9DD6	5	0.4304	9.143	0.8881	6	0	0
鷗	9DD7	5	0.4652	7.432	0.9706	6	0	0
鷘	9DD8	5	0.4231	8.656	0.9228	4	0	0
鷙	9DD9	5	0.3817	8.597	0.9105	5	0	0
鷚	9DDA	5	0.4068	8.710	0.9119	4	0	0
鷛	9DDB	5	0.5142	8.433	0.9599	5	0	0
鷜	9DDC	5	0.4719	8.014	0.9214	4	0	0
鷝	9DDD	5	0.4900	7.512	0.9533	3	0	0
鷞	9DDE	5	0.4601	8.322	0.8829	5	0	0
鷟	9DDF	5	0.3698	8.929	0.9229	4	0	0
鷠	9DE0	5	0.4349	7.370	0.9393	3	0	0
鷡	9DE1	5	0.4615	8.170	0.9604	4	0	0
鷢	9DE2	5	0.4538	8.887	0.8864	6	0	0
鷣	9DE3	5	0.4793	7.572	0.9626	5	0	0
鷤	9DE4	5	0.4758	7.504	0.9415	5	0	0
鷥	9DE5	5	0.3846	9.282	0.8885	4	0	0
鷦	9DE6	5	0.4497	7.644	0.9164	4	0	0
鷧	9DE7	5	0.4556	7.961	0.9227	6	0	0
鷨	9DE8	5	0.4900	7.317	0.9452	4	0	0
鷩	9DE9	5	0.3846	8.765	0.9492	4	0	0
鷪	9DEA	5	0.4483	8.636	0.9671	4	0	0
鷫	9DEB	5	0.4970	8.360	0.9616	5	0	0
鷬	9DEC	5	0.4701	7.524	0.9417	3	0	0
鷭	9DED	5	0.4763	8.077	0.9286	4	0	0
鷮	9DEE	5	0.5133	7.933	0.9251	7	0	0
鷯	9DEF	5	0.4719	7.885	0.9293	5	0	0
鷰	9DF0	5	0.3876	8.562	0.9636	4	0	0
鷱	9DF1	5	0.4305	7.730	0.9554	4	0	0
鷲	9DF2	5	0.3911	8.733	0.9063	6	1	1
鷳	9DF3	5	0.5323	7.741	0.9732	4	0	0
鷴	9DF4	5	0.5323	7.936	0.9086	4	0	0
鷵	9DF5	5	0.5059	8.034	0.9048	5	0	0
鷶	9DF6	5	0.4672	7.738	0.9115	4	0	0
鷷	9DF7	5	0.4778	8.136	0.9455	6	0	0
鷸	9DF8	5	0.4541	8.547	0.8605	5	0	0
鷹	9DF9	5	0.4601	9.190	0.9337	3	1	1
鷺	9DFA	5	0.4127	8.775	0.9357	5	0	0
鷻	9DFB	5	0.4704	8.048	0.9008	6	0	0
鷼	9DFC	5	0.5046	7.518	0.9756	4	0	0
鷽	9DFD	5	0.3908	8.593	0.9042	3	0	0
鷾	9DFE	5	0.4423	7.995	0.9405	4	0	0
鷿	9DFF	5	0.3861	8.395	0.9498	4	0	0
鸀	9E00	5	0.4972	8.183	0.9246	4	0	0
鸁	9E01	5	0.4172	8.904	0.9136	3	0	0
鸂	9E02	5	0.4316	8.529	0.8860	5	0	0
鸃	9E03	5	0.4915	8.524	0.9189	4	0	0
鸄	9E04	5	0.4112	9.320	0.9141	4	0	0
鸅	9E05	5	0.4900	7.711	0.9332	5	0	0
鸆	9E06	5	0.4571	8.372	0.9487	5	0	0
鸇	9E07	5	0.4749	8.159	0.9522	5	0	0
鸈	9E08	5	0.4801	8.193	0.9042	5	0	0
鸉	9E09	5	0.4808	9.803	0.9216	7	0	0
鸊	9E0A	5	0.4808	7.733	0.9201	4	0	0
鸋	9E0B	5	0.4516	8.111	0.9052	5	0	0
鸌	9E0C	5	0.4822	8.380	0.9295	5	0	0
鸍	9E0D	5	0.5199	9.490	0.8681	4	0	0
鸎	9E0E	5	0.4600	8.768	0.9407	4	0	0
鸏	9E0F	5	0.4696	8.456	0.9289	6	0	0
鸐	9E10	5	0.4571	8.428	0.9058	4	0	0
鸑	9E11	5	0.4157	9.777	0.9028	5	0	0
鸒	9E12	5	0.4393	8.475	0.9317	4	0	0
鸓	9E13	5	0.5231	8.133	0.9465	5	0	0
鸔	9E14	5	0.4453	8.284	0.9333	4	0	0
鸕	9E15	5	0.4749	8.452	0.9465	4	0	0
鸖	9E16	5	0.4808	8.194	0.9017	4	0	0
鸗	9E17	5	0.4600	10.296	0.8020	3	0	0
鸘	9E18	5	0.4630	8.485	0.9632	5	0	0
鸙	9E19	5	0.4801	8.471	0.9640	3	0	0
鸚	9E1A	5	0.4926	8.793	0.8967	5	0	0
鸛	9E1B	5	0.4852	8.097	0.9144	6	0	0
鸜	9E1C	5	0.4772	8.303	0.9561	4	0	0
鸝	9E1D	5	0.4704	9.140	0.9280	8	0	0
鸞	9E1E	5	0.4247	10.292	0.8969	3	0	0
鸟	9E1F	5	0.3108	4.297	0.9687	2	1	0
鸠	9E20	5	0.3308	5.355	0.9535	3	0	0
鸡	9E21	5	0.3615	5.313	0.9382	3	1	0
鸢	9E22	5	0.3754	5.699	0.9327	3	0	0
鸣	9E23	5	0.3910	4.762	0.9711	3	0	0
鸤	9E24	5	0.3407	4.852	0.9333	3	0	0
鸥	9E25	5	0.4262	6.068	0.9664	4	0	0
鸦	9E26	5	0.3802	5.966	0.9574	3	0	0
鸧	9E27	5	0.3938	5.961	0.9240	4	0	0
鸨	9E28	5	0.3708	5.467	0.9225	3	0	0
鸩	9E29	5	0.4015	5.685	0.9220	3	0	0
鸪	9E2A	5	0.4031	5.326	0.9720	4	0	0
鸫	9E2B	5	0.4062	6.095	0.9643	3	0	0
鸬	9E2C	5	0.3585	5.143	0.9483	4	0	0
鸭	9E2D	5	0.3935	5.395	0.9512	3	0	0
鸮	9E2E	5	0.3624	5.774	0.9659	4	0	0
鸯	9E2F	5	0.4453	6.476	0.9176	3	0	0
鸰	9E30	5	0.3595	6.021	0.9391	5	0	0
鸱	9E31	5	0.4087	6.236	0.9562	4	0	0
鸲	9E32	5	0.4092	5.887	0.9467	4	0	0
鸳	9E33	5	0.4015	6.655	0.9166	4	0	0
鸴	9E34	5	0.4022	6.006	0.8966	3	0	0
鸵	9E35	5	0.3713	5.716	0.9084	4	0	0
鸶	9E36	5	0.3733	7.385	0.9253	5	0	0
鸷	9E37	5	0.4201	6.644	0.9407	4	0	0
鸸	9E38	5	0.4446	6.684	0.9395	3	0	0
鸹	9E39	5	0.3985	5.679	0.9544	3	0	0
鸺	9E3A	5	0.4415	6.286	0.8996	4	0	0
鸻	9E3B	5	0.4015	5.934	0.9326	5	0	0
鸼	9E3C	5	0.4292	6.301	0.9215	3	0	0
鸽	9E3D	5	0.3802	5.737	0.9553	5	0	0
鸾	9E3E	5	0.4031	6.151	0.9371	3	0	0
鸿	9E3F	5	0.3292	5.475	0.9378	4	1	1
鹀	9E40	5	0.3723	6.524	0.9608	6	0	0
鹁	9E41	5	0.3923	6.003	0.9362	4	0	0
鹂	9E42	5	0.4385	7.533	0.9427	7	0	0
鹃	9E43	5	0.4728	6.059	0.9519	4	0	0
鹄	9E44	5	0.4246	6.034	0.9331	4	0	0
鹅	9E45	5	0.4646	7.073	0.9005	3	0	0
鹆	9E46	5	0.4215	6.314	0.9283	3	0	0
鹇	9E47	5	0.4760	6.714	0.9280	4	0	0
鹈	9E48	5	0.4477	6.279	0.9232	6	0	0
鹉	9E49	5	0.4369	6.806	0.9054	4	0	0
鹊	9E4A	5	0.4662	6.082	0.9453	5	0	0
鹋	9E4B	5	0.4754	6.272	0.9392	4	0	0
鹌	9E4C	5	0.4323	6.639	0.9254	4	0	0
鹍	9E4D	5	0.4200	6.530	0.9728	4	0	0
鹎	9E4E	5	0.4354	6.029	0.9370	4	0	0
鹏	9E4F	5	0.5338	7.285	0.9299	4	0	0
鹐	9E50	5	0.4127	6.395	0.9352	4	0	0
鹑	9E51	5	0.4277	6.241	0.9241	5	0	0
鹒	9E52	5	0.4585	6.710	0.9431	4	0	0
鹓	9E53	5	0.4083	7.017	0.9456	5	0	0
鹔	9E54	5	0.4046	7.073	0.9392	6	0	0
鹕	9E55	5	0.4877	6.823	0.9065	5	0	0
鹖	9E56	5	0.4338	6.891	0.9233	6	0	0
鹗	9E57	5	0.4338	6.459	0.9280	6	0	0
鹘	9E58	5	0.4744	6.380	0.9510	4	0	0
鹙	9E59	5	0.4046	7.120	0.9078	4	0	0
鹚	9E5A	5	0.4369	7.633	0.8991	4	0	0
鹛	9E5B	5	0.4793	6.898	0.9507	4	0	0
鹜	9E5C	5	0.4400	7.379	0.9214	4	0	0
鹝	9E5D	5	0.4523	7.139	0.9262	3	0	0
鹞	9E5E	5	0.4157	7.036	0.9348	3	0	0
鹟	9E5F	5	0.4262	7.538	0.9026	5	0	0
鹠	9E60	5	0.4822	7.203	0.9584	4	0	0
鹡	9E61	5	0.4231	7.055	0.9200	4	0	0
鹢	9E62	5	0.3935	6.990	0.9601	4	0	0
鹣	9E63	5	0.4569	6.920	0.9284	4	0	0
鹤	9E64	5	0.4369	6.428	0.9559	3	1	1
鹥	9E65	5	0.4624	7.794	0.8648	6	0	0
鹦	9E66	5	0.4320	8.489	0.9265	5	0	0
鹧	9E67	5	0.4231	6.907	0.9197	4	0	0
鹨	9E68	5	0.4246	7.849	0.9288	4	0	0
鹩	9E69	5	0.4186	7.118	0.9294	5	0	0
鹪	9E6A	5	0.4415	6.926	0.9206	4	0	0
鹫	9E6B	5	0.4154	7.581	0.9171	6	0	0
鹬	9E6C	5	0.4923	7.735	0.8874	5	0	0
鹭	9E6D	5	0.3891	7.616	0.9368	5	0	0
鹮	9E6E	5	0.4523	7.275	0.9162	4	0	0
鹯	9E6F	5	0.4231	7.390	0.9517	5	0	0
鹰	9E70	5	0.4083	8.018	0.9378	3	0	0
鹱	9E71	5	0.4586	7.769	0.9307	5	0	0
鹲	9E72	5	0.4936	7.749	0.8745	6	0	0
鹳	9E73	5	0.4408	7.230	0.9442	6	0	0
鹴	9E74	5	0.4662	7.882	0.9201	5	0	0
鹵	9E75	5	0.4498	6.370	0.9327	3	0	0
鹶	9E76	5	0.3677	6.555	0.9035	6	0	0
鹷	9E77	5	0.3800	6.925	0.8927	6	0	0
鹸	9E78	5	0.5123	7.466	0.9033	4	0	0
鹹	9E79	5	0.4815	8.199	0.9048	6	0	0
鹺	9E7A	5	0.5046	7.631	0.8952	5	0	0
鹻	9E7B	5	0.5446	8.101	0.8858	5	0	0
鹼	9E7C	5	0.4692	8.134	0.8814	9	0	0
鹽	9E7D	5	0.4956	7.532	0.9459	6	1	1
鹾	9E7E	5	0.4969	6.750	0.8998	5	0	0
鹿	9E7F	5	0.4438	6.023	0.9387	1	0	1
麀	9E80	5	0.4769	6.818	0.9430	2	0	0
麁	9E81	5	0.4430	6.780	0.8892	2	0	0
麂	9E82	5	0.4216	6.681	0.9585	2	0	0
麃	9E83	5	0.4815	6.950	0.9473	2	0	0
麄	9E84	5	0.4482	7.646	0.8998	3	0	0
麅	9E85	5	0.4112	7.949	0.9508	3	0	0
麆	9E86	5	0.4423	7.687	0.9832	2	0	0
麇	9E87	5	0.4349	7.755	0.9597	2	0	0
麈	9E88	5	0.4527	7.709	0.9255	3	0	0
麉	9E89	5	0.4640	6.962	0.9596	3	0	0
麊	9E8A	5	0.4926	7.762	0.9043	2	0	0
麋	9E8B	5	0.4630	7.528	0.9478	2	0	0
麌	9E8C	5	0.4172	8.691	0.9170	3	0	0
麍	9E8D	5	0.4423	7.968	0.9340	2	0	0
麎	9E8E	5	0.4379	8.712	0.9359	2	0	0
麏	9E8F	5	0.4379	8.618	0.9439	3	0	0
麐	9E90	5	0.4523	8.476	0.9632	3	0	0
麑	9E91	5	0.4127	8.013	0.9456	3	0	0
麒	9E92	5	0.4689	7.207	0.9366	3	0	0
麓	9E93	5	0.5030	7.837	0.9080	3	1	1
麔	9E94	5	0.4275	8.444	0.9452	4	0	0
麕	9E95	5	0.4068	8.594	0.9518	3	0	0
麖	9E96	5	0.4246	8.333	0.9578	4	0	0
麗	9E97	5	0.4662	7.783	0.8949	6	1	1
麘	9E98	5	0.4492	8.791	0.9447	3	0	0
麙	9E99	5	0.4892	8.596	0.9304	4	0	0
麚	9E9A	5	0.4186	8.592	0.9289	3	0	0
麛	9E9B	5	0.4074	8.153	0.9577	3	0	0
麜	9E9C	5	0.4586	8.781	0.9615	3	0	0
麝	9E9D	5	0.4364	8.329	0.9305	3	0	0
麞	9E9E	5	0.4393	9.211	0.9523	3	0	0
麟	9E9F	5	0.4837	8.543	0.8834	4	1	1
麠	9EA0	5	0.5044	10.710	0.7469	4	0	0
麡	9EA1	5	0.4462	9.346	0.9337	3	0	0
麢	9EA2	5	0.4645	9.509	0.9242	3	0	0
麣	9EA3	5	0.5473	9.250	0.8940	7	0	0
麤	9EA4	5	0.5062	9.611	0.9348	2	0	0
麥	9EA5	5	0.3994	6.726	0.9207	2	0	0
麦	9EA6	5	0.4038	5.734	0.9424	2	1	0
麧	9EA7	5	0.3846	6.798	0.8515	4	0	0
麨	9EA8	5	0.3877	7.452	0.8996	4	0	0
麩	9EA9	5	0.4068	7.197	0.8631	3	0	0
麪	9EAA	5	0.3964	7.337	0.8717	3	0	0
麫	9EAB	5	0.3831	6.681	0.9124	3	0	0
麬	9EAC	5	0.4630	7.889	0.8849	3	0	0
麭	9EAD	5	0.4453	7.807	0.8809	4	0	0
麮	9EAE	5	0.4142	6.936	0.8850	4	0	0
麯	9EAF	5	0.4769	8.083	0.8841	3	0	0
麰	9EB0	5	0.4157	7.670	0.8730	4	0	0
麱	9EB1	5	0.5104	7.946	0.8713	3	0	0
麲	9EB2	5	0.4260	7.493	0.9034	3	0	0
麳	9EB3	5	0.4349	7.816	0.8734	3	0	0
麴	9EB4	5	0.4763	8.459	0.8639	4	0	0
麵	9EB5	5	0.4527	8.217	0.8730	3	1	1
麶	9EB6	5	0.4877	8.588	0.8429	4	0	0
麷	9EB7	5	0.5030	9.355	0.8675	6	0	0
麸	9EB8	5	0.3920	6.307	0.9228	3	0	0
麹	9EB9	5	0.4785	7.629	0.9063	4	0	0
麺	9EBA	5	0.4512	7.264	0.9478	3	1	1
麻	9EBB	5	0.3950	6.239	0.9447	3	0	0
麼	9EBC	5	0.4098	6.997	0.9321	4	1	1
麽	9EBD	5	0.3802	6.850	0.9402	5	0	0
麾	9EBE	5	0.4260	7.555	0.8858	4	0	0
麿	9EBF	5	0.4216	7.257	0.9116	5	0	0
黀	9EC0	5	0.4862	7.506	0.9261	5	0	0
黁	9EC1	5	0.4738	8.326	0.8888	5	0	0
黂	9EC2	5	0.4645	8.939	0.9057	6	0	0
黃	9EC3	5	0.4349	6.076	0.9084	1	0	1
黄	9EC4	5	0.4308	5.748	0.9490	1	1	1
黅	9EC5	5	0.3876	6.393	0.9201	4	0	0
黆	9EC6	5	0.4660	6.531	0.9157	2	0	0
黇	9EC7	5	0.4349	5.770	0.9498	3	0	0
黈	9EC8	5	0.4142	6.163	0.9111	3	0	0
黉	9EC9	5	0.4631	7.134	0.9057	2	0	0
黊	9ECA	5	0.4408	6.329	0.9207	3	0	0
黋	9ECB	5	0.4349	7.409	0.9319	4	0	0
黌	9ECC	5	0.3979	9.035	0.8960	2	0	0
黍	9ECD	5	0.3974	6.767	0.9165	2	0	0
黎	9ECE	5	0.4083	7.371	0.9079	3	1	1
黏	9ECF	5	0.4098	6.584	0.9137	4	0	0
黐	9ED0	5	0.4672	8.732	0.8727	4	0	0
黑	9ED1	5	0.4550	5.820	0.9367	1	0	1
黒	9ED2	5	0.4592	5.620	0.9324	3	1	1
黓	9ED3	5	0.4068	6.735	0.8908	2	0	0
黔	9ED4	5	0.3861	6.966	0.9315	4	0	0
黕	9ED5	5	0.4453	7.072	0.8756	2	0	0
黖	9ED6	5	0.4556	7.325	0.8926	2	0	0
黗	9ED7	5	0.4393	7.130	0.8901	2	0	0
默	9ED8	5	0.4142	6.937	0.9370	2	1	1
黙	9ED9	5	0.4083	6.510	0.9335	4	1	1
黚	9EDA	5	0.4571	6.810	0.9460	2	0	0
黛	9EDB	5	0.3738	7.821	0.9000	3	1	1
黜	9EDC	5	0.4585	7.187	0.9103	3	0	0
黝	9EDD	5	0.4512	8.152	0.8622	3	0	0
點	9EDE	5	0.4112	6.514	0.9653	3	1	1
黟	9EDF	5	0.4556	7.875	0.9055	3	0	0
黠	9EE0	5	0.4646	6.851	0.9448	3	0	0
黡	9EE1	5	0.4600	7.683	0.8883	3	0	0
黢	9EE2	5	0.4556	8.269	0.8767	4	0	0
黣	9EE3	5	0.4734	8.043	0.9109	3	0	0
黤	9EE4	5	0.5237	7.854	0.8595	3	0	0
黥	9EE5	5	0.4482	7.467	0.9194	4	0	0
黦	9EE6	5	0.4822	8.288	0.8794	4	0	0
黧	9EE7	5	0.4062	8.503	0.8634	2	0	0
黨	9EE8	5	0.3974	7.993	0.9630	2	1	1
黩	9EE9	5	0.4453	7.827	0.9017	4	0	0
黪	9EEA	5	0.4379	8.322	0.8966	3	0	0
黫	9EEB	5	0.5296	7.688	0.8630	3	0	0
黬	9EEC	5	0.4645	8.550	0.9222	4	0	0
黭	9EED	5	0.4527	7.870	0.8797	5	0	0
黮	9EEE	5	0.5030	7.892	0.9235	4	0	0
黯	9EEF	5	0.4793	7.625	0.9155	2	0	0
黰	9EF0	5	0.4941	8.712	0.8889	4	0	0
黱	9EF1	5	0.4556	8.750	0.8693	2	0	0
黲	9EF2	5	0.4438	9.087	0.8808	3	0	0
黳	9EF3	5	0.4467	9.077	0.8996	5	0	0
黴	9EF4	5	0.4349	8.241	0.9158	5	0	0
黵	9EF5	5	0.4763	9.111	0.9114	4	0	0
黶	9EF6	5	0.4688	9.494	0.8580	5	0	0
黷	9EF7	5	0.4704	9.433	0.9015	4	0	0
黸	9EF8	5	0.4911	9.053	0.9283	3	0	0
黹	9EF9	5	0.3905	6.166	0.9188	1	0	1
黺	9EFA	5	0.4497	7.690	0.9027	3	0	0
黻	9EFB	5	0.4645	8.046	0.9004	2	0	0
黼	9EFC	5	0.4778	8.274	0.9163	2	0	0
黽	9EFD	5	0.4950	5.232	1.0035	1	0	1
黾	9EFE	5	0.4817	4.761	0.9548	2	0	0
黿	9EFF	5	0.4448	7.096	0.9752	3	0	0
鼀	9F00	5	0.4077	7.373	0.9792	3	0	0
鼁	9F01	5	0.4231	7.436	0.9760	3	0	0
鼂	9F02	5	0.4128	7.566	0.9649	3	0	0
鼃	9F03	5	0.4200	8.195	0.9817	3	0	0
鼄	9F04	5	0.4260	7.745	0.9353	3	0	0
鼅	9F05	5	0.4385	7.391	0.9878	3	0	0
鼆	9F06	5	0.5385	7.131	0.9382	5	0	0
鼇	9F07	5	0.4438	8.356	0.9402	4	0	0
鼈	9F08	5	0.4393	8.471	0.9151	3	0	0
鼉	9F09	5	0.4586	8.695	0.9713	2	0	0
鼊	9F0A	5	0.4260	7.951	0.9782	3	0	0
鼋	9F0B	5	0.4262	7.002	0.9797	4	0	0
鼌	9F0C	5	0.3800	7.410	0.9727	4	0	0
鼍	9F0D	5	0.4320	8.659	0.9684	3	0	0
鼎	9F0E	5	0.4031	5.656	0.9591	2	0	0
鼏	9F0F	5	0.4717	6.068	0.9578	3	0	0
鼐	9F10	5	0.4277	6.732	0.9384	3	0	0
鼑	9F11	5	0.4119	6.060	0.9284	3	0	0
鼒	9F12	5	0.3938	7.169	0.9684	3	0	0
鼓	9F13	5	0.4172	6.202	0.9271	6	0	1
鼔	9F14	5	0.4172	6.086	0.9289	5	0	0
鼕	9F15	5	0.4077	8.077	0.8920	8	0	0
鼖	9F16	5	0.4393	7.361	0.8909	8	0	0
鼗	9F17	5	0.4379	8.035	0.8783	7	0	0
鼘	9F18	5	0.4551	7.717	0.9669	7	0	0
鼙	9F19	5	0.4379	7.957	0.9281	8	0	0
鼚	9F1A	5	0.4083	8.936	0.9060	7	0	0
鼛	9F1B	5	0.4201	8.254	0.9254	9	0	0
鼜	9F1C	5	0.4535	9.405	0.9352	9	0	0
鼝	9F1D	5	0.4400	8.290	0.9105	8	0	0
鼞	9F1E	5	0.4231	8.425	0.9655	8	0	0
鼟	9F1F	5	0.4323	8.906	0.9057	10	0	0
鼠	9F20	5	0.3876	6.567	0.9152	1	0	1
鼡	9F21	5	0.3491	4.966	0.9177	2	0	0
鼢	9F22	5	0.4393	7.628	0.8791	3	0	0
鼣	9F23	5	0.3862	7.028	0.9072	2	0	0
鼤	9F24	5	0.4379	7.168	0.8880	2	0	0
鼥	9F25	5	0.4556	7.726	0.8986	2	0	0
鼦	9F26	5	0.4822	7.652	0.8793	3	0	0
鼧	9F27	5	0.4260	7.122	0.8749	3	0	0
鼨	9F28	5	0.4415	7.631	0.8607	3	0	0
鼩	9F29	5	0.4808	7.292	0.8501	3	0	0
鼪	9F2A	5	0.4431	7.174	0.8664	2	0	0
鼫	9F2B	5	0.4630	7.270	0.8798	2	0	0
鼬	9F2C	5	0.4793	7.481	0.8843	2	0	0
鼭	9F2D	5	0.4631	7.271	0.8662	3	0	0
鼮	9F2E	5	0.4938	8.087	0.8185	3	0	0
鼯	9F2F	5	0.4822	7.630	0.9090	3	0	0
鼰	9F30	5	0.5272	7.831	0.8053	2	0	0
鼱	9F31	5	0.5192	7.978	0.8650	2	0	0
鼲	9F32	5	0.4970	8.250	0.8952	3	0	0
鼳	9F33	5	0.5112	8.212	0.8375	3	0	0
鼴	9F34	5	0.4882	8.723	0.8913	4	0	0
鼵	9F35	5	0.4723	8.207	0.8885	4	0	0
鼶	9F36	5	0.5154	8.995	0.8320	4	0	0
鼷	9F37	5	0.4778	8.808	0.8799	3	0	0
鼸	9F38	5	0.5163	8.568	0.8754	3	0	0
鼹	9F39	5	0.4630	8.504	0.8888	4	0	0
鼺	9F3A	5	0.5492	8.791	0.9257	4	0	0
鼻	9F3B	5	0.4054	6.736	1.0049	3	0	1
鼼	9F3C	5	0.3798	6.354	0.9634	4	0	0
鼽	9F3D	5	0.4068	6.537	0.9590	4	0	0
鼾	9F3E	5	0.3669	5.901	0.9516	4	0	0
鼿	9F3F	5	0.4098	6.853	0.9534	4	0	0
齀	9F40	5	0.4216	7.433	0.9573	4	0	0
齁	9F41	5	0.4554	7.102	0.9186	5	0	0
齂	9F42	5	0.4453	7.611	0.9476	4	0	0
齃	9F43	5	0.4963	7.890	0.9110	7	0	0
齄	9F44	5	0.4778	7.623	0.9348	6	0	0
齅	9F45	5	0.4689	7.732	0.9327	5	0	0
齆	9F46	5	0.4630	8.043	0.9348	7	0	0
齇	9F47	5	0.4719	8.010	0.9700	5	0	0
齈	9F48	5	0.4882	8.764	0.9457	5	0	0
齉	9F49	5	0.4778	9.405	0.9631	7	0	0
齊	9F4A	5	0.3905	6.315	0.9166	2	0	1
齋	9F4B	5	0.3817	7.354	0.9257	3	1	1
齌	9F4C	5	0.4112	7.857	0.9252	3	0	0
齍	9F4D	5	0.4467	7.200	0.9268	3	0	0
齎	9F4E	5	0.4338	8.694	0.9090	3	0	0
齏	9F4F	5	0.4201	8.225	0.9187	3	0	0
齐	9F50	5	0.2973	4.211	0.9229	1	1	0
齑	9F51	5	0.4172	6.632	0.9511	2	0	0
齒	9F52	5	0.4453	7.068	0.8979	2	0	1
齓	9F53	5	0.3554	6.357	0.8924	3	0	0
齔	9F54	5	0.4231	6.867	0.8729	3	0	0
齕	9F55	5	0.4201	7.136	0.8543	4	0	0
齖	9F56	5	0.4512	7.351	0.9104	3	0	0
齗	9F57	5	0.4231	6.909	0.8768	3	0	0
齘	9F58	5	0.3787	7.223	0.8999	4	0	0
齙	9F59	5	0.5133	7.768	0.9086	4	0	0
齚	9F5A	5	0.4024	6.577	0.8691	3	0	0
齛	9F5B	5	0.5169	7.529	0.8963	3	0	0
齜	9F5C	5	0.4038	8.091	0.8961	4	0	0
齝	9F5D	5	0.4541	7.351	0.8912	4	0	0
齞	9F5E	5	0.4112	7.245	0.9131	4	0	0
齟	9F5F	5	0.4719	7.265	0.8841	3	0	0
齠	9F60	5	0.4769	7.612	0.8801	4	0	0
齡	9F61	5	0.3891	7.563	0.8950	5	1	1
齢	9F62	5	0.3861	7.120	0.8994	5	1	1
齣	9F63	5	0.4631	7.361	0.8775	4	0	0
齤	9F64	5	0.4157	8.430	0.9079	3	0	0
齥	9F65	5	0.5148	7.942	0.9031	3	0	0
齦	9F66	5	0.4985	8.024	0.9155	3	0	0
齧	9F67	5	0.3938	8.477	0.9044	3	0	0
齨	9F68	5	0.4631	6.956	0.9168	3	0	0
齩	9F69	5	0.4186	7.806	0.8795	4	0	0
齪	9F6A	5	0.4482	7.534	0.8944	4	0	0
齫	9F6B	5	0.5092	8.204	0.8711	4	0	0
齬	9F6C	5	0.4896	7.553	0.9192	4	0	0
齭	9F6D	5	0.4527	8.019	0.8993	4	0	0
齮	9F6E	5	0.4467	7.788	0.9012	5	0	0
齯	9F6F	5	0.4808	7.752	0.8906	4	0	0
齰	9F70	5	0.5000	7.611	0.9071	5	0	0
齱	9F71	5	0.4867	8.510	0.8588	4	0	0
齲	9F72	5	0.5492	8.072	0.8643	3	0	0
齳	9F73	5	0.5148	7.986	0.9117	4	0	0
齴	9F74	5	0.4334	8.329	0.8773	5	0	0
齵	9F75	5	0.4954	8.131	0.8734	4	0	0
齶	9F76	5	0.4408	7.821	0.8917	6	0	0
齷	9F77	5	0.5207	8.456	0.8695	5	0	0
齸	9F78	5	0.4438	8.345	0.8896	4	0	0
齹	9F79	5	0.4060	9.609	0.9080	4	0	0
齺	9F7A	5	0.4601	8.907	0.8724	4	0	0
齻	9F7B	5	0.4660	8.255	0.8992	5	0	0
齼	9F7C	5	0.5059	8.655	0.8932	5	0	0
齽	9F7D	5	0.4852	8.739	0.8648	5	0	0
齾	9F7E	5	0.4734	10.525	0.7857	5	0	0
齿	9F7F	5	0.3846	5.018	0.9946	3	1	0
龀	9F80	5	0.3846	5.598	0.9516	4	0	0
龁	9F81	5	0.3964	5.954	0.9496	5	0	0
龂	9F82	5	0.3891	5.860	0.9648	4	0	0
龃	9F83	5	0.4290	5.912	0.9694	4	0	0
龄	9F84	5	0.3950	6.341	0.9674	6	1	1
龅	9F85	5	0.4675	6.680	0.9586	5	0	0
龆	9F86	5	0.4323	6.521	0.9248	5	0	0
龇	9F87	5	0.4246	7.011	0.9354	5	0	0
龈	9F88	5	0.4453	6.908	0.9521	4	0	0
龉	9F89	5	0.4541	6.507	0.9517	5	0	0
龊	9F8A	5	0.4423	6.467	0.9456	5	0	0
龋	9F8B	5	0.4548	7.044	0.9123	4	0	0
龌	9F8C	5	0.4689	7.505	0.9174	6	0	0
龍	9F8D	5	0.4630	6.714	0.9117	1	0	1
龎	9F8E	5	0.4585	7.319	0.9203	2	0	0
龏	9F8F	5	0.4024	7.383	0.9612	2	0	0
龐	9F90	5	0.4364	7.486	0.9274	2	1	1
龑	9F91	5	0.4615	8.741	0.9307	3	0	0
龒	9F92	5	0.3920	8.694	0.9490	2	0	0
龓	9F93	5	0.4970	7.641	0.9136	3	0	0
龔	9F94	5	0.4593	8.800	0.9255	3	0	0
龕	9F95	5	0.4112	8.657	0.9441	4	0	0
龖	9F96	5	0.5030	9.079	0.9168	2	0	0
龗	9F97	5	0.4815	9.995	0.9525	3	0	0
龘	9F98	5	0.5030	11.403	0.8803	3	0	0
龙	9F99	5	0.3138	4.765	0.9017	1	1	0
龚	9F9A	5	0.4503	6.713	0.9104	3	0	0
龛	9F9B	5	0.3654	6.793	0.9002	4	0	0
龜	9F9C	5	0.4260	7.266	0.9321	1	0	1
龝	9F9D	5	0.4068	8.091	0.9242	2	0	0
龞	9F9E	5	0.4754	9.564	0.8786	3	0	0
龟	9F9F	5	0.3787	4.585	0.9563	1	0	0
龠	9FA0	5	0.4083	6.304	0.9274	1	0	1
龡	9FA1	5	0.4231	7.449	0.9276	2	0	0
龢	9FA2	5	0.4571	7.534	0.9266	2	0	0
龣	9FA3	5	0.4512	8.109	0.9035	3	0	0
龤	9FA4	5	0.4956	8.156	0.9503	3	0	0
龥	9FA5	5	0.5059	8.001	0.9566	2	0	0
龦	9FA6	5	0.4492	6.337	0.9310	3	0	0
龧	9FA7	5	0.5067	6.261	0.9299	4	0	0
龨	9FA8	5	0.4767	5.295	0.9942	2	0	0
龩	9FA9	5	0.4077	5.952	0.9445	3	0	0
龪	9FAA	5	0.3654	5.269	0.9344	3	0	0
龫	9FAB	5	0.3905	5.351	0.9452	2	0	0
龬	9FAC	5	0.4662	6.989	0.9380	3	0	0
龭	9FAD	5	0.5323	7.219	0.9356	4	0	0
龮	9FAE	5	0.4882	8.934	0.9407	5	0	0
龯	9FAF	5	0.4201	6.808	0.9096	2	0	0
龰	9FB0	5	0.3025	3.283	0.8871	1	0	0
龱	9FB1	5	0.4150	4.122	0.9918	2	0	0
龲	9FB2	5	0.4571	7.322	0.9639	3	0	0
龳	9FB3	5	0.4216	6.148	0.9227	6	0	0
龴	9FB4	5	0.2898	2.535	0.9334	1	0	0
龵	9FB5	5	0.3479	3.735	0.9661	1	0	0
龶	9FB6	5	0.5000	2.862	1.0044	1	0	0
龷	9FB7	5	0.4200	2.657	0.9938	2	0	0
龸	9FB8	5	0.3523	2.631	0.9833	2	0	0
龹	9FB9	5	0.3622	4.232	0.9450	1	0	0
龺	9FBA	5	0.4286	4.549	0.9820	3	0	0
龻	9FBB	5	0.3868	7.776	0.9068	3	0	0
龼	9FBC	5	0.3950	6.457	0.9590	4	0	0
龽	9FBD	5	0.4290	6.586	0.9052	2	0	0
龾	9FBE	5	0.4662	7.165	0.8883	3	0	0
龿	9FBF	5	0.4009	5.403	0.9147	4	0	0
鿀	9FC0	5	0.4645	9.528	0.9368	6	0	0
鿁	9FC1	5	0.3891	5.653	0.9797	3	0	0
鿂	9FC2	5	0.4201	7.019	0.9534	3	0	0
鿃	9FC3	5	0.4471	5.814	0.9214	2	0	0
鿄	9FC4	5	0.3723	6.277	0.9410	2	0	0
鿅	9FC5	5	0.3757	6.942	0.8616	5	0	0
鿆	9FC6	5	0.3728	5.596	0.9293	3	0	0
鿇	9FC7	5	0.3698	4.867	0.9523	3	0	0
鿈	9FC8	5	0.3254	4.838	0.9579	2	0	0
鿉	9FC9	5	0.3358	4.697	0.9621	2	0	0
鿊	9FCA	5	0.3138	4.829	0.9439	3	0	0
鿋	9FCB	5	0.4024	6.704	0.8807	6	0	0
鿌	9FCC	5	0.3417	5.580	0.9508	3	0	0
鿍	9FCD	5	0.3550	5.346	0.9496	3	0	0
鿎	9FCE	5	0.3831	5.619	0.9343	3	0	0
鿏	9FCF	5	0.4246	6.269	0.9172	3	0	0
鿐	9FD0	5	0.4660	8.176	0.9314	3	0	0
鿑	9FD1	5	0.3217	4.162	0.9786	2	0	0
鿒	9FD2	5	0.3974	5.457	0.9509	2	0	0
鿓	9FD3	5	0.4006	6.417	0.9570	2	0	0
鿔	9FD4	5	0.4103	5.993	0.9714	5	0	0
鿕	9FD5	5	0.4408	6.227	0.9358	2	0	0
鿖	9FD6	5	0.3431	4.311	0.9671	4	0	0
鿗	9FD7	5	0.4046	5.556	0.9523	4	0	0
鿘	9FD8	5	0.4246	6.249	0.9201	5	0	0
鿙	9FD9	5	0.4157	6.384	0.9428	5	0	0
鿚	9FDA	5	0.4689	7.576	0.8909	5	0	0
鿛	9FDB	5	0.4837	9.739	0.8629	6	0	0
鿜	9FDC	5	0.4793	9.317	0.8627	4	0	0
鿝	9FDD	5	0.5281	10.103	0.8185	4	0	0
鿞	9FDE	5	0.4719	9.564	0.8747	4	0	0
鿟	9FDF	5	0.4379	6.957	0.8790	4	0	0
鿠	9FE0	5	0.4896	9.695	0.8629	4	0	0
鿡	9FE1	5	0.5677	10.767	0.8447	5	0	0
鿢	9FE2	5	0.4867	6.948	0.9356	5	0	0
鿣	9FE3	5	0.4852	7.006	0.9469	5	0	0
鿤	9FE4	5	0.5089	8.245	0.9073	5	0	0
鿥	9FE5	5	0.5340	9.963	0.8551	5	0	0
鿦	9FE6	5	0.5015	8.777	0.9005	5	0	0
鿧	9FE7	5	0.5277	10.135	0.8581	4	0	0
鿨	9FE8	5	0.5585	9.296	0.8729	4	0	0
鿩	9FE9	5	0.4931	10.162	0.8673	4	0	0
鿪	9FEA	5	0.3964	7.936	0.8554	3	0	0
鿫	9FEB	5	0.3476	8.032	0.9146	5	0	0
鿬	9FEC	5	0.4864	4.874	0.9642	2	0	0
鿭	9FED	5	0.3462	5.476	0.9271	3	0	0
鿮	9FEE	5	0.4453	5.962	0.9774	4	0	0
鿯	9FEF	5	0.4459	7.683	0.9125	5	0	0
鿰	9FF0	1	0.3631	7.071	0.9014	3	0	0
鿱	9FF1	1	0.3173	5.273	0.9406	2	0	0
鿲	9FF2	1	0.3210	7.168	0.9148	5	0	0
鿳	9FF3	1	0.3974	9.178	0.9018	4	0	0
鿴	9FF4	1	0.2751	6.804	0.9412	3	0	0
鿵	9FF5	1	0.3225	7.057	0.9129	3	0	0
鿶	9FF6	1	0.3314	7.300	0.9484	3	0	0
鿷	9FF7	1	0.3284	7.362	0.9274	2	0	0
鿸	9FF8	1	0.4349	8.708	0.8612	4	0	0
鿹	9FF9	1	0.3521	8.259	0.8918	4	0	0
鿺	9FFA	1	0.3136	7.375	0.9543	4	0	0
鿻	9FFB	1	0.3994	8.522	0.8823	3	0	0
鿼	9FFC	1	0.4467	8.885	0.9069	3	0	0
鿽	9FFD	1	0.3031	6.203	0.9068	4	0	0
鿾	9FFE	1	0.3284	6.562	0.9671	4	0	0
鿿	9FFF	1	0.3304	7.796	0.8985	2	0	0
㐀	3400	5	0.2776	2.811	1.0053	1	0	0
㐁	3401	5	0.4167	4.796	1.0045	1	0	0
㐂	3402	5	0.3240	4.762	0.9113	1	0	0
㐃	3403	5	0.2099	2.853	0.9708	1	0	0
㐄	3404	5	0.2492	3.031	0.9594	1	0	0
㐅	3405	5	0.2334	2.940	0.9213	1	0	0
㐆	3406	5	0.4118	4.885	0.8949	1	0	0
㐇	3407	5	0.3296	4.336	0.9409	1	0	0
㐈	3408	5	0.2589	4.033	0.9537	1	0	0
㐉	3409	5	0.3217	3.432	0.9540	1	0	0
㐊	340A	5	0.3413	4.329	0.9535	1	0	0
㐋	340B	5	0.3397	4.350	0.9490	1	0	0
㐌	340C	5	0.3538	4.698	0.9530	1	0	0
㐍	340D	5	0.3328	4.672	0.9606	1	0	0
㐎	340E	5	0.3662	5.065	0.9130	1	0	0
㐏	340F	5	0.3908	4.486	0.9614	1	0	0
㐐	3410	5	0.4128	5.890	0.9100	1	0	0
㐑	3411	5	0.3462	5.563	0.9215	1	0	0
㐒	3412	5	0.4709	5.299	0.9593	1	0	0
㐓	3413	5	0.3933	4.426	0.9711	1	0	0
㐔	3414	5	0.3574	4.856	0.9659	1	0	0
㐕	3415	5	0.4371	5.096	0.9653	1	0	0
㐖	3416	5	0.3292	4.274	0.9580	1	0	0
㐗	3417	5	0.3950	6.123	0.9234	1	0	0
㐘	3418	5	0.3723	5.485	0.9347	1	0	0
㐙	3419	5	0.4317	5.518	0.9767	1	0	0
㐚	341A	5	0.4062	5.817	0.9432	1	0	0
㐛	341B	5	0.3876	5.338	0.9510	1	0	0
㐜	341C	5	0.3447	5.650	0.9293	1	0	0
㐝	341D	5	0.4185	5.742	0.9196	1	0	0
㐞	341E	5	0.4112	5.671	0.9529	1	0	0
㐟	341F	5	0.4154	5.143	0.9568	1	0	0
㐠	3420	5	0.3862	5.931	0.8368	1	0	0
㐡	3421	5	0.4031	6.517	0.9740	1	0	0
㐢	3422	5	0.3923	6.515	0.8726	1	0	0
㐣	3423	5	0.4369	7.513	0.9343	1	0	0
㐤	3424	5	0.4068	6.665	0.9175	1	0	0
㐥	3425	5	0.4663	7.095	0.8988	1	0	0
㐦	3426	5	0.4009	7.905	0.9634	1	0	0
㐧	3427	5	0.2692	3.780	0.9544	1	0	0
㐨	3428	5	0.3415	4.810	0.9106	1	0	0
㐩	3429	5	0.4112	5.217	0.9658	1	0	0
㐪	342A	5	0.3301	4.498	0.9500	1	0	0
㐫	342B	5	0.3702	5.317	0.9813	1	0	0
㐬	342C	5	0.3185	4.907	0.9201	1	0	0
㐭	342D	5	0.3942	4.984	0.9736	1	0	0
㐮	342E	5	0.4512	7.221	0.9159	1	0	0
㐯	342F	5	0.4046	8.130	0.9731	1	0	0
㐰	3430	5	0.3189	3.626	0.9591	1	0	0
㐱	3431	5	0.2308	4.637	0.9349	1	0	0
㐲	3432	5	0.2840	4.154	0.9306	1	0	0
㐳	3433	5	0.2959	4.245	0.9152	1	0	0
㐴	3434	5	0.2917	4.317	0.9284	1	0	0
㐵	3435	5	0.2707	3.601	0.9719	1	0	0
㐶	3436	5	0.3225	4.339	0.9795	1	0	0
㐷	3437	5	0.3231	4.515	0.9288	1	0	0
㐸	3438	5	0.2914	4.490	0.9293	1	0	0
㐹	3439	5	0.2863	4.385	0.9465	1	0	0
㐺	343A	5	0.2973	4.621	0.9238	1	0	0
㐻	343B	5	0.3662	4.541	0.9680	1	0	0
㐼	343C	5	0.3062	4.375	0.9363	1	0	0
㐽	343D	5	0.3669	5.750	0.9431	1	0	0
㐾	343E	5	0.3003	4.351	0.9238	1	0	0
㐿	343F	5	0.3121	4.296	0.9669	1	0	0
㑀	3440	5	0.3062	4.670	0.9265	1	0	0
㑁	3441	5	0.3600	4.456	0.9609	1	0	0
㑂	3442	5	0.3639	5.215	0.9403	1	0	0
㑃	3443	5	0.3800	5.660	0.8977	1	0	0
㑄	3444	5	0.4098	5.366	0.9569	1	0	0
㑅	3445	5	0.3299	4.218	0.9711	1	0	0
㑆	3446	5	0.3402	4.704	0.9075	1	0	0
㑇	3447	5	0.3462	4.684	0.9184	1	0	0
㑈	3448	5	0.3343	5.021	0.9383	1	0	0
㑉	3449	5	0.3935	6.113	0.9658	1	0	0
㑊	344A	5	0.3417	5.241	0.9210	1	0	0
㑋	344B	5	0.4391	5.070	0.9632	1	0	0
㑌	344C	5	0.3698	5.077	0.9697	1	0	0
㑍	344D	5	0.3550	5.102	0.9575	1	0	0
㑎	344E	5	0.3606	5.419	0.9351	1	0	0
㑏	344F	5	0.3200	4.432	0.9581	1	0	0
㑐	3450	5	0.3077	4.572	0.9380	1	0	0
㑑	3451	5	0.3896	4.301	0.9412	1	0	0
㑒	3452	5	0.3600	5.193	0.9005	1	0	0
㑓	3453	5	0.3876	6.030	0.9153	1	0	0
㑔	3454	5	0.3432	5.086	0.9604	1	0	0
㑕	3455	5	0.3622	4.947	0.9300	1	0	0
㑖	3456	5	0.3969	4.902	0.9418	1	0	0
㑗	3457	5	0.4046	5.416	0.9270	1	0	0
㑘	3458	5	0.3787	5.885	0.9346	1	0	0
㑙	3459	5	0.3504	5.227	0.9511	1	0	0
㑚	345A	5	0.4446	6.240	0.9155	1	0	0
㑛	345B	5	0.3817	5.212	0.9631	1	0	0
㑜	345C	5	0.3728	5.279	0.9654	1	0	0
㑝	345D	5	0.3920	5.165	0.9346	1	0	0
㑞	345E	5	0.3240	5.373	0.9162	1	0	0
㑟	345F	5	0.3299	4.924	0.9452	1	0	0
㑠	3460	5	0.3802	5.929	0.9536	1	0	0
㑡	3461	5	0.4338	5.403	0.9715	1	0	0
㑢	3462	5	0.3600	5.312	0.9866	1	0	0
㑣	3463	5	0.3891	5.602	0.9097	1	0	0
㑤	3464	5	0.3994	5.214	0.9812	1	0	0
㑥	3465	5	0.4200	5.926	0.9389	1	0	0
㑦	3466	5	0.3950	6.063	0.9293	1	0	0
㑧	3467	5	0.3891	5.747	0.9169	1	0	0
㑨	3468	5	0.3876	5.539	0.9340	1	0	0
㑩	3469	5	0.3815	5.365	0.9351	1	0	0
㑪	346A	5	0.3402	5.476	0.9233	1	0	0
㑫	346B	5	0.3195	5.956	0.9170	1	0	0
㑬	346C	5	0.4083	5.670	0.9396	1	0	0
㑭	346D	5	0.3447	5.245	0.9974	1	0	0
㑮	346E	5	0.3817	5.601	0.9888	1	0	0
㑯	346F	5	0.4112	5.610	0.9563	1	0	0
㑰	3470	5	0.3861	6.271	0.9323	1	0	0
㑱	3471	5	0.3985	6.053	0.8988	1	0	0
㑲	3472	5	0.3969	5.890	0.8795	1	0	0
㑳	3473	5	0.3954	6.580	0.9019	1	0	0
㑴	3474	5	0.3846	6.946	0.9413	1	0	0
㑵	3475	5	0.3891	5.950	0.9178	1	0	0
㑶	3476	5	0.4068	6.468	0.9158	1	0	0
㑷	3477	5	0.4098	6.350	0.9297	1	0	0
㑸	3478	5	0.4053	5.589	0.9532	1	0	0
㑹	3479	5	0.3417	6.047	0.9541	1	0	0
㑺	347A	5	0.4292	6.387	0.9112	1	0	0
㑻	347B	5	0.3892	6.322	0.9169	1	0	0
㑼	347C	5	0.4038	6.723	0.9267	1	0	0
㑽	347D	5	0.4172	5.722	0.8704	1	0	0
㑾	347E	5	0.3580	7.042	0.9367	1	0	0
㑿	347F	5	0.4108	6.696	0.9210	1	0	0
㒀	3480	5	0.4246	6.054	0.9180	1	0	0
㒁	3481	5	0.4800	6.256	0.9583	1	0	0
㒂	3482	5	0.4231	5.878	0.9357	1	0	0
㒃	3483	5	0.3669	6.567	0.9283	1	0	0
㒄	3484	5	0.3506	6.702	0.9411	1	0	0
㒅	3485	5	0.4083	7.638	0.8862	1	0	0
㒆	3486	5	0.4142	7.041	0.9068	1	0	0
㒇	3487	5	0.3920	6.419	0.9587	1	0	0
㒈	3488	5	0.4305	6.314	0.9367	1	0	0
㒉	3489	5	0.4031	6.067	0.9148	1	0	0
㒊	348A	5	0.4334	7.353	0.9127	1	0	0
㒋	348B	5	0.4098	6.284	0.9304	1	0	0
㒌	348C	5	0.3713	6.635	0.9072	1	0	0
㒍	348D	5	0.3846	7.082	0.8865	1	0	0
㒎	348E	5	0.3920	6.180	0.9772	1	0	0
㒏	348F	5	0.4186	6.367	0.9364	1	0	0
㒐	3490	5	0.4053	6.151	0.9473	1	0	0
㒑	3491	5	0.4349	6.934	0.9457	1	0	0
㒒	3492	5	0.4556	6.520	0.9409	1	0	0
㒓	3493	5	0.4231	6.480	0.9229	1	0	0
㒔	3494	5	0.4769	6.495	0.8940	1	0	0
㒕	3495	5	0.4217	6.590	0.9209	1	0	0
㒖	3496	5	0.4142	6.400	0.9494	1	0	0
㒗	3497	5	0.4453	6.768	0.8808	1	0	0
㒘	3498	5	0.4202	6.616	0.9379	1	0	0
㒙	3499	5	0.4492	7.107	0.9300	1	0	0
㒚	349A	5	0.3891	7.608	0.8999	1	0	0
㒛	349B	5	0.4320	6.958	0.9203	1	0	0
㒜	349C	5	0.3920	6.128	0.9383	1	0	0
㒝	349D	5	0.4320	6.817	0.9168	1	0	0
㒞	349E	5	0.4431	6.459	0.8999	1	0	0
㒟	349F	5	0.3964	7.487	0.9375	1	0	0
㒠	34A0	5	0.4364	7.240	0.8818	1	0	0
㒡	34A1	5	0.4408	7.974	0.9043	1	0	0
㒢	34A2	5	0.4415	6.917	0.9705	1	0	0
㒣	34A3	5	0.4142	7.505	0.9071	1	0	0
㒤	34A4	5	0.4453	6.813	0.9823	1	0	0
㒥	34A5	5	0.4527	7.712	0.9027	1	0	0
㒦	34A6	5	0.4364	7.053	0.9379	1	0	0
㒧	34A7	5	0.4482	7.947	0.8809	1	0	0
㒨	34A8	5	0.4438	7.774	0.8930	1	0	0
㒩	34A9	5	0.4246	8.472	0.9279	1	0	0
㒪	34AA	5	0.4169	8.060	0.9272	1	0	0
㒫	34AB	5	0.3232	4.000	0.9550	1	0	0
㒬	34AC	5	0.3910	5.001	0.8800	1	0	0
㒭	34AD	5	0.3846	5.348	0.9433	1	0	0
㒮	34AE	5	0.4031	6.466	0.8684	1	0	0
㒯	34AF	5	0.4586	6.529	0.9278	1	0	0
㒰	34B0	5	0.2615	3.454	0.9702	1	0	0
㒱	34B1	5	0.2574	4.493	0.9545	1	0	0
㒲	34B2	5	0.3121	4.442	0.9654	1	0	0
㒳	34B3	5	0.4818	4.836	0.9418	1	0	0
㒴	34B4	5	0.3121	4.534	1.0011	1	0	0
㒵	34B5	5	0.3526	4.416	0.9427	1	0	0
㒶	34B6	5	0.3246	4.452	0.9759	1	0	0
㒷	34B7	5	0.3664	4.863	0.9500	1	0	0
㒸	34B8	5	0.3494	5.715	0.9248	1	0	0
㒹	34B9	5	0.4497	7.375	0.9100	1	0	0
㒺	34BA	5	0.4700	4.841	0.9100	1	0	0
㒻	34BB	5	0.3920	6.240	0.9583	1	0	0
㒼	34BC	5	0.4169	6.040	0.9567	1	0	0
㒽	34BD	5	0.4512	6.798	0.9297	1	0	0
㒾	34BE	5	0.4308	6.988	0.9217	1	0	0
㒿	34BF	5	0.4692	8.219	0.8876	1	0	0
㓀	34C0	5	0.2344	2.216	0.9966	1	0	0
㓁	34C1	5	0.3953	3.638	0.9049	1	0	0
㓂	34C2	5	0.4185	5.749	0.9128	1	0	0
㓃	34C3	5	0.3856	5.404	0.9438	1	0	0
㓄	34C4	5	0.3994	7.721	0.8942	1	0	0
㓅	34C5	5	0.2080	2.922	0.9377	1	0	0
㓆	34C6	5	0.2615	4.349	0.9221	1	0	0
㓇	34C7	5	0.2811	4.438	0.9446	1	0	0
㓈	34C8	5	0.2985	4.280	0.9393	1	0	0
㓉	34C9	5	0.3003	4.383	0.9520	1	0	0
㓊	34CA	5	0.3584	4.564	0.9553	1	0	0
㓋	34CB	5	0.2885	4.436	0.9538	1	0	0
㓌	34CC	5	0.3120	4.472	0.9392	1	0	0
㓍	34CD	5	0.3062	4.947	0.9290	1	0	0
㓎	34CE	5	0.3776	5.555	0.9289	1	0	0
㓏	34CF	5	0.4083	5.443	0.8971	1	0	0
㓐	34D0	5	0.3254	4.965	0.9373	1	0	0
㓑	34D1	5	0.3077	4.673	0.9424	1	0	0
㓒	34D2	5	0.3262	5.870	0.9507	1	0	0
㓓	34D3	5	0.3757	5.633	0.9456	1	0	0
㓔	34D4	5	0.3787	5.579	0.9513	1	0	0
㓕	34D5	5	0.3846	6.859	0.9196	1	0	0
㓖	34D6	5	0.4308	5.606	0.9939	1	0	0
㓗	34D7	5	0.3639	6.945	0.9129	1	0	0
㓘	34D8	5	0.4662	6.556	0.9534	1	0	0
㓙	34D9	5	0.4215	4.731	0.9736	1	0	0
㓚	34DA	5	0.2800	3.226	0.9942	1	0	0
㓛	34DB	5	0.3467	4.193	0.8598	1	0	0
㓜	34DC	5	0.3462	5.252	0.8976	1	0	0
㓝	34DD	5	0.3750	4.285	0.9361	1	0	0
㓞	34DE	5	0.3508	4.587	0.9128	1	0	0
㓟	34DF	5	0.4087	5.137	0.9664	1	0	0
㓠	34E0	5	0.3763	3.616	0.9836	1	0	0
㓡	34E1	5	0.3894	4.571	0.9789	1	0	0
㓢	34E2	5	0.4185	5.204	0.9468	1	0	0
㓣	34E3	5	0.3600	4.690	0.9584	1	0	0
㓤	34E4	5	0.3830	4.342	0.9648	1	0	0
㓥	34E5	5	0.3718	4.669	0.9498	1	0	0
㓦	34E6	5	0.3913	4.628	0.9778	1	0	0
㓧	34E7	5	0.3754	5.138	0.9145	1	0	0
㓨	34E8	5	0.3446	5.286	0.9405	1	0	0
㓩	34E9	5	0.4215	5.259	0.9377	1	0	0
㓪	34EA	5	0.4283	5.502	0.8868	1	0	0
㓫	34EB	5	0.4022	5.039	0.9700	1	0	0
㓬	34EC	5	0.4092	5.792	0.9123	1	0	0
㓭	34ED	5	0.4000	5.796	0.9561	1	0	0
㓮	34EE	5	0.4400	5.806	0.9696	1	0	0
㓯	34EF	5	0.4407	5.945	0.9365	1	0	0
㓰	34F0	5	0.4744	6.049	0.9914	1	0	0
㓱	34F1	5	0.4246	5.779	0.9600	1	0	0
㓲	34F2	5	0.4326	5.949	0.9227	1	0	0
㓳	34F3	5	0.3979	5.787	0.9205	1	0	0
㓴	34F4	5	0.3814	5.793	0.9572	1	0	0
㓵	34F5	5	0.3723	5.209	0.9484	1	0	0
㓶	34F6	5	0.4262	5.845	0.9633	1	0	0
㓷	34F7	5	0.4092	5.552	0.9387	1	0	0
㓸	34F8	5	0.4215	5.384	0.9940	1	0	0
㓹	34F9	5	0.4015	6.490	0.9382	1	0	0
㓺	34FA	5	0.4185	6.182	0.9217	1	0	0
㓻	34FB	5	0.4185	5.235	0.9685	1	0	0
㓼	34FC	5	0.3923	6.080	0.9106	1	0	0
㓽	34FD	5	0.4119	5.709	0.9246	1	0	0
㓾	34FE	5	0.4646	6.703	0.9229	1	0	0
㓿	34FF	5	0.4263	6.621	0.9239	1	0	0
㔀	3500	5	0.4015	6.161	0.9437	1	0	0
㔁	3501	5	0.4215	6.276	0.9063	1	0	0
㔂	3502	5	0.4263	6.504	0.8801	1	0	0
㔃	3503	5	0.4400	7.049	0.8990	1	0	0
㔄	3504	5	0.4462	6.145	0.9336	1	0	0
㔅	3505	5	0.4535	6.623	0.9551	1	0	0
㔆	3506	5	0.4585	6.515	0.9288	1	0	0
㔇	3507	5	0.4038	6.885	0.9285	1	0	0
㔈	3508	5	0.4119	4.957	0.9352	1	0	0
㔉	3509	5	0.4400	6.739	0.9413	1	0	0
㔊	350A	5	0.4343	6.830	0.9551	1	0	0
㔋	350B	5	0.4455	6.067	0.9760	1	0	0
㔌	350C	5	0.4569	6.804	0.9510	1	0	0
㔍	350D	5	0.4515	6.112	0.9323	1	0	0
㔎	350E	5	0.4308	6.990	0.9030	1	0	0
㔏	350F	5	0.4662	6.409	0.9458	1	0	0
㔐	3510	5	0.4103	6.176	0.9521	1	0	0
㔑	3511	5	0.4092	6.991	0.9303	1	0	0
㔒	3512	5	0.4508	7.141	0.9280	1	0	0
㔓	3513	5	0.3262	4.343	0.9041	1	0	0
㔔	3514	5	0.3492	4.909	0.9822	1	0	0
㔕	3515	5	0.3277	4.832	0.9071	1	0	0
㔖	3516	5	0.3092	4.093	0.9845	1	0	0
㔗	3517	5	0.4327	5.907	0.9145	1	0	0
㔘	3518	5	0.4054	5.091	0.9513	1	0	0
㔙	3519	5	0.3754	5.282	0.9264	1	0	0
㔚	351A	5	0.3862	4.921	0.9216	1	0	0
㔛	351B	5	0.3926	5.694	0.9704	1	0	0
㔜	351C	5	0.3723	6.058	0.8887	1	0	0
㔝	351D	5	0.4503	7.050	0.7831	1	0	0
㔞	351E	5	0.3831	5.950	0.9585	1	0	0
㔟	351F	5	0.3935	5.923	0.9286	1	0	0
㔠	3520	5	0.4200	6.397	0.8968	1	0	0
㔡	3521	5	0.4087	6.505	0.9157	1	0	0
㔢	3522	5	0.4354	7.033	0.9011	1	0	0
㔣	3523	5	0.5160	6.780	0.9341	1	0	0
㔤	3524	5	0.4400	6.944	0.9188	1	0	0
㔥	3525	5	0.5185	7.782	0.8787	1	0	0
㔦	3526	5	0.4477	7.178	0.8864	1	0	0
㔧	3527	5	0.4646	7.361	0.9504	1	0	0
㔨	3528	5	0.3769	6.085	0.9209	1	0	0
㔩	3529	5	0.4508	6.484	0.9177	1	0	0
㔪	352A	5	0.4585	7.201	0.8726	1	0	0
㔫	352B	5	0.2840	4.031	0.9446	1	0	0
㔬	352C	5	0.3969	5.384	0.9902	1	0	0
㔭	352D	5	0.4200	5.569	0.9567	1	0	0
㔮	352E	5	0.4749	7.933	0.9309	1	0	0
㔯	352F	5	0.4444	4.144	1.0105	1	0	0
㔰	3530	5	0.4300	4.521	0.9642	1	0	0
㔱	3531	5	0.4861	5.068	0.9577	1	0	0
㔲	3532	5	0.5139	6.204	0.9302	1	0	0
㔳	3533	5	0.5278	6.238	0.9585	1	0	0
㔴	3534	5	0.5083	6.240	0.9812	1	0	0
㔵	3535	5	0.5469	6.544	0.9424	1	0	0
㔶	3536	5	0.5667	8.453	0.8848	1	0	0
㔷	3537	5	0.4783	4.812	0.9955	1	0	0
㔸	3538	5	0.4683	6.146	0.9650	1	0	0
㔹	3539	5	0.3000	3.855	0.8890	1	0	0
㔺	353A	5	0.3152	3.791	0.9865	1	0	0
㔻	353B	5	0.3000	3.768	0.9324	1	0	0
㔼	353C	5	0.4009	5.540	0.9546	1	0	0
㔽	353D	5	0.3880	4.540	0.9921	1	0	0
㔾	353E	5	0.3123	2.505	0.9495	1	0	0
㔿	353F	5	0.2933	2.550	0.9789	1	0	0
㕀	3540	5	0.4382	5.090	0.9621	1	0	0
㕁	3541	5	0.4108	5.958	0.9628	1	0	0
㕂	3542	5	0.3216	4.596	0.9356	1	0	0
㕃	3543	5	0.3536	4.260	0.9765	1	0	0
㕄	3544	5	0.3692	4.994	0.9406	1	0	0
㕅	3545	5	0.4064	4.515	1.0011	1	0	0
㕆	3546	5	0.3840	4.351	0.9791	1	0	0
㕇	3547	5	0.3354	4.435	0.9539	1	0	0
㕈	3548	5	0.3846	5.289	0.9309	1	0	0
㕉	3549	5	0.3938	5.131	0.9691	1	0	0
㕊	354A	5	0.5008	5.672	0.9449	1	0	0
㕋	354B	5	0.4336	5.781	0.9237	1	0	0
㕌	354C	5	0.4108	5.900	0.9684	1	0	0
㕍	354D	5	0.4592	5.286	0.9610	1	0	0
㕎	354E	5	0.4928	6.145	0.9275	1	0	0
㕏	354F	5	0.4000	6.148	0.9423	1	0	0
㕐	3550	5	0.4608	6.586	0.9263	1	0	0
㕑	3551	5	0.4308	6.146	0.9542	1	0	0
㕒	3552	5	0.4400	7.601	0.9216	1	0	0
㕓	3553	5	0.4768	7.593	0.9614	1	0	0
㕔	3554	5	0.5123	8.040	0.9694	1	0	0
㕕	3555	5	0.2817	4.409	0.9380	1	0	0
㕖	3556	5	0.3669	6.397	0.8989	1	0	0
㕗	3557	5	0.3787	6.000	0.9230	1	0	0
㕘	3558	5	0.3385	6.167	0.9082	1	0	0
㕙	3559	5	0.4201	7.498	0.9234	1	0	0
㕚	355A	5	0.3221	4.879	0.8500	1	0	0
㕛	355B	5	0.3783	5.150	0.9231	1	0	0
㕜	355C	5	0.3750	4.948	0.9354	1	0	0
㕝	355D	5	0.3905	5.312	0.9267	1	0	0
㕞	355E	5	0.4369	6.305	0.9396	1	0	0
㕟	355F	5	0.4477	5.788	0.9660	1	0	0
㕠	3560	5	0.4375	6.609	0.9345	1	0	0
㕡	3561	5	0.4053	6.764	0.9410	1	0	0
㕢	3562	5	0.3985	6.642	0.9551	1	0	0
㕣	3563	5	0.2708	3.856	0.9862	1	0	0
㕤	3564	5	0.3415	3.885	0.9869	1	0	0
㕥	3565	5	0.2631	3.572	0.9816	1	0	0
㕦	3566	5	0.3262	4.233	0.9400	1	0	0
㕧	3567	5	0.3287	3.339	0.9897	1	0	0
㕨	3568	5	0.3552	4.474	0.9522	1	0	0
㕩	3569	5	0.3415	3.789	1.0315	1	0	0
㕪	356A	5	0.3615	4.206	0.9456	1	0	0
㕫	356B	5	0.3431	4.167	0.9710	1	0	0
㕬	356C	5	0.3308	4.612	0.9481	1	0	0
㕭	356D	5	0.3354	4.418	0.9401	1	0	0
㕮	356E	5	0.3369	4.703	0.9395	1	0	0
㕯	356F	5	0.4423	4.626	0.9407	1	0	0
㕰	3570	5	0.3554	4.381	0.9530	1	0	0
㕱	3571	5	0.3622	4.552	0.9531	1	0	0
㕲	3572	5	0.3062	4.212	0.9636	1	0	0
㕳	3573	5	0.3942	5.038	0.9689	1	0	0
㕴	3574	5	0.3950	4.248	0.9695	1	0	0
㕵	3575	5	0.3739	3.443	0.9696	1	0	0
㕶	3576	5	0.4122	3.874	0.9785	1	0	0
㕷	3577	5	0.3980	3.878	0.9953	1	0	0
㕸	3578	5	0.3408	4.081	0.9704	1	0	0
㕹	3579	5	0.3558	5.311	0.9451	1	0	0
㕺	357A	5	0.3767	4.230	0.9902	1	0	0
㕻	357B	5	0.3369	4.734	0.9671	1	0	0
㕼	357C	5	0.4071	5.283	0.9210	1	0	0
㕽	357D	5	0.3728	4.965	0.9788	1	0	0
㕾	357E	5	0.2892	4.470	0.9229	1	0	0
㕿	357F	5	0.3769	5.257	0.9530	1	0	0
㖀	3580	5	0.4015	4.886	0.9992	1	0	0
㖁	3581	5	0.3942	5.872	0.9462	1	0	0
㖂	3582	5	0.4062	5.194	0.9497	1	0	0
㖃	3583	5	0.4015	4.941	0.9742	1	0	0
㖄	3584	5	0.4164	5.241	0.9429	1	0	0
㖅	3585	5	0.3985	5.342	0.9611	1	0	0
㖆	3586	5	0.4904	4.839	0.9691	1	0	0
㖇	3587	5	0.4080	5.100	0.9765	1	0	0
㖈	3588	5	0.4053	5.892	0.9433	1	0	0
㖉	3589	5	0.3472	4.372	0.9743	1	0	0
㖊	358A	5	0.4000	4.632	0.9931	1	0	0
㖋	358B	5	0.3284	5.090	0.9370	1	0	0
㖌	358C	5	0.3541	5.265	0.9372	1	0	0
㖍	358D	5	0.3510	5.008	0.9341	1	0	0
㖎	358E	5	0.3269	5.144	0.9571	1	0	0
㖏	358F	5	0.4467	4.366	0.9910	1	0	0
㖐	3590	5	0.4262	5.018	0.9942	1	0	0
㖑	3591	5	0.3662	5.854	0.9364	1	0	0
㖒	3592	5	0.4487	5.363	0.9646	1	0	0
㖓	3593	5	0.4359	5.432	0.9789	1	0	0
㖔	3594	5	0.4176	4.675	0.9924	1	0	0
㖕	3595	5	0.3554	4.395	0.9687	1	0	0
㖖	3596	5	0.3969	5.195	0.9529	1	0	0
㖗	3597	5	0.3554	4.924	0.9838	1	0	0
㖘	3598	5	0.4384	5.455	0.9752	1	0	0
㖙	3599	5	0.3846	5.425	0.9642	1	0	0
㖚	359A	5	0.3521	5.225	0.9239	1	0	0
㖛	359B	5	0.4000	5.176	0.9756	1	0	0
㖜	359C	5	0.4183	5.417	0.9470	1	0	0
㖝	359D	5	0.4262	5.934	0.9597	1	0	0
㖞	359E	5	0.4267	4.884	0.9744	1	0	0
㖟	359F	5	0.4123	5.972	0.9136	1	0	0
㖠	35A0	5	0.4123	5.695	0.9612	1	0	0
㖡	35A1	5	0.4323	5.941	0.9382	1	0	0
㖢	35A2	5	0.4292	6.007	0.9985	1	0	0
㖣	35A3	5	0.3846	4.785	0.9851	1	0	0
㖤	35A4	5	0.4767	5.686	0.9584	1	0	0
㖥	35A5	5	0.5100	5.492	0.9704	1	0	0
㖦	35A6	5	0.4200	5.371	0.9755	1	0	0
㖧	35A7	5	0.4369	5.515	0.9611	1	0	0
㖨	35A8	5	0.3846	5.566	0.9516	1	0	0
㖩	35A9	5	0.4432	5.859	0.9523	1	0	0
㖪	35AA	5	0.4108	5.834	0.9292	1	0	0
㖫	35AB	5	0.4108	5.908	0.9414	1	0	0
㖬	35AC	5	0.3985	5.591	0.9694	1	0	0
㖭	35AD	5	0.4080	5.709	0.9389	1	0	0
㖮	35AE	5	0.4508	5.481	0.9477	1	0	0
㖯	35AF	5	0.4333	5.772	0.9428	1	0	0
㖰	35B0	5	0.4281	6.111	0.9407	1	0	0
㖱	35B1	5	0.4508	6.531	0.8970	1	0	0
㖲	35B2	5	0.3994	5.689	0.9600	1	0	0
㖳	35B3	5	0.3763	6.167	0.9347	1	0	0
㖴	35B4	5	0.4046	5.449	0.9511	1	0	0
㖵	35B5	5	0.4224	5.274	0.9481	1	0	0
㖶	35B6	5	0.4656	4.850	0.9774	1	0	0
㖷	35B7	5	0.4508	5.424	0.9815	1	0	0
㖸	35B8	5	0.4415	5.912	0.9743	1	0	0
㖹	35B9	5	0.4368	5.649	0.9311	1	0	0
㖺	35BA	5	0.4631	5.358	0.9762	1	0	0
㖻	35BB	5	0.4416	5.817	0.9077	1	0	0
㖼	35BC	5	0.4354	5.212	0.9783	1	0	0
㖽	35BD	5	0.4517	5.317	0.9538	1	0	0
㖾	35BE	5	0.3785	4.850	0.9503	1	0	0
㖿	35BF	5	0.4848	5.504	1.0101	1	0	0
㗀	35C0	5	0.5112	7.153	0.8760	1	0	0
㗁	35C1	5	0.4160	4.835	0.9885	1	0	0
㗂	35C2	5	0.4092	5.381	0.9690	1	0	0
㗃	35C3	5	0.4480	5.845	0.9855	1	0	0
㗄	35C4	5	0.4448	5.117	0.9497	1	0	0
㗅	35C5	5	0.4535	5.162	0.9498	1	0	0
㗆	35C6	5	0.4200	4.740	1.0275	1	0	0
㗇	35C7	5	0.4608	5.538	0.9787	1	0	0
㗈	35C8	5	0.4888	6.021	0.9122	1	0	0
㗉	35C9	5	0.4068	6.844	0.9470	1	0	0
㗊	35CA	5	0.4667	4.863	0.9605	1	0	0
㗋	35CB	5	0.4354	5.884	0.9159	1	0	0
㗌	35CC	5	0.4277	5.164	0.9598	1	0	0
㗍	35CD	5	0.4323	5.732	0.9560	1	0	0
㗎	35CE	5	0.4185	5.759	1.0020	1	0	0
㗏	35CF	5	0.4500	4.995	0.9729	1	0	0
㗐	35D0	5	0.4077	5.389	0.9916	1	0	0
㗑	35D1	5	0.4112	5.152	0.9356	1	0	0
㗒	35D2	5	0.4151	5.370	0.9422	1	0	0
㗓	35D3	5	0.4369	5.448	0.9690	1	0	0
㗔	35D4	5	0.4246	6.228	0.9421	1	0	0
㗕	35D5	5	0.4969	5.843	0.9620	1	0	0
㗖	35D6	5	0.4147	5.382	0.9754	1	0	0
㗗	35D7	5	0.4320	5.893	0.9757	1	0	0
㗘	35D8	5	0.4400	5.740	0.9790	1	0	0
㗙	35D9	5	0.4503	6.318	0.8805	1	0	0
㗚	35DA	5	0.5024	5.509	0.9476	1	0	0
㗛	35DB	5	0.4123	5.652	0.9303	1	0	0
㗜	35DC	5	0.4585	6.026	0.9465	1	0	0
㗝	35DD	5	0.4092	5.474	0.9340	1	0	0
㗞	35DE	5	0.4508	6.366	0.9439	1	0	0
㗟	35DF	5	0.4046	5.949	0.9609	1	0	0
㗠	35E0	5	0.4127	6.412	0.9178	1	0	0
㗡	35E1	5	0.4185	6.142	0.9084	1	0	0
㗢	35E2	5	0.4936	6.496	0.9391	1	0	0
㗣	35E3	5	0.4723	5.844	0.9562	1	0	0
㗤	35E4	5	0.4338	6.580	0.9203	1	0	0
㗥	35E5	5	0.4800	6.270	0.9576	1	0	0
㗦	35E6	5	0.4867	6.953	0.9363	1	0	0
㗧	35E7	5	0.4583	6.047	0.9249	1	0	0
㗨	35E8	5	0.4732	6.760	0.9253	1	0	0
㗩	35E9	5	0.4833	5.753	0.9649	1	0	0
㗪	35EA	5	0.3846	6.455	0.9463	1	0	0
㗫	35EB	5	0.4200	6.356	0.9293	1	0	0
㗬	35EC	5	0.3910	6.855	0.9028	1	0	0
㗭	35ED	5	0.4185	6.230	0.9216	1	0	0
㗮	35EE	5	0.4497	6.893	0.9402	1	0	0
㗯	35EF	5	0.3877	6.554	0.9617	1	0	0
㗰	35F0	5	0.4062	6.219	0.9170	1	0	0
㗱	35F1	5	0.4569	6.120	0.9435	1	0	0
㗲	35F2	5	0.4369	6.488	0.9986	1	0	0
㗳	35F3	5	0.4308	5.840	0.9404	1	0	0
㗴	35F4	5	0.4717	5.577	0.9879	1	0	0
㗵	35F5	5	0.4092	6.952	0.9109	1	0	0
㗶	35F6	5	0.4415	6.897	0.9005	1	0	0
㗷	35F7	5	0.3985	6.306	0.9664	1	0	0
㗸	35F8	5	0.4323	6.309	0.9435	1	0	0
㗹	35F9	5	0.4415	6.111	0.9628	1	0	0
㗺	35FA	5	0.4592	5.625	0.9884	1	0	0
㗻	35FB	5	0.4688	6.364	0.9586	1	0	0
㗼	35FC	5	0.4569	6.232	0.9413	1	0	0
㗽	35FD	5	0.4415	6.992	0.9267	1	0	0
㗾	35FE	5	0.4523	6.576	0.9382	1	0	0
㗿	35FF	5	0.4800	5.896	0.9947	1	0	0
㘀	3600	5	0.4400	5.971	0.9261	1	0	0
㘁	3601	5	0.5083	5.771	0.9341	1	0	0
㘂	3602	5	0.4423	6.951	0.8853	1	0	0
㘃	3603	5	0.4200	6.188	0.9518	1	0	0
㘄	3604	5	0.4523	6.107	0.9356	1	0	0
㘅	3605	5	0.4046	6.722	0.9168	1	0	0
㘆	3606	5	0.4352	7.077	0.9496	1	0	0
㘇	3607	5	0.4369	6.841	0.9357	1	0	0
㘈	3608	5	0.4600	7.038	0.9109	1	0	0
㘉	3609	5	0.4508	6.438	0.9669	1	0	0
㘊	360A	5	0.4077	6.958	0.9796	1	0	0
㘋	360B	5	0.4062	6.894	0.9695	1	0	0
㘌	360C	5	0.4551	7.394	0.9257	1	0	0
㘍	360D	5	0.4754	7.153	0.9314	1	0	0
㘎	360E	5	0.4984	7.094	0.9607	1	0	0
㘏	360F	5	0.4142	7.466	0.9170	1	0	0
㘐	3610	5	0.4662	7.410	0.9147	1	0	0
㘑	3611	5	0.4354	7.101	0.9421	1	0	0
㘒	3612	5	0.4541	7.951	0.9191	1	0	0
㘓	3613	5	0.5017	6.664	0.9513	1	0	0
㘔	3614	5	0.4519	7.113	0.9146	1	0	0
㘕	3615	5	0.4877	6.226	0.9798	1	0	0
㘖	3616	5	0.4862	7.556	0.9350	1	0	0
㘗	3617	5	0.4736	6.541	0.9540	1	0	0
㘘	3618	5	0.4135	8.084	0.9180	1	0	0
㘙	3619	5	0.4896	7.323	0.9422	1	0	0
㘚	361A	5	0.5067	6.994	0.9045	1	0	0
㘛	361B	5	0.4415	8.067	0.9463	1	0	0
㘜	361C	5	0.4600	7.235	0.9278	1	0	0
㘝	361D	5	0.4633	4.764	0.9552	1	0	0
㘞	361E	5	0.4500	4.288	0.9817	1	0	0
㘟	361F	5	0.4418	4.236	1.0196	1	0	0
㘠	3620	5	0.4673	5.452	0.9760	1	0	0
㘡	3621	5	0.5500	4.600	0.9647	1	0	0
㘢	3622	5	0.4764	5.134	1.0052	1	0	0
㘣	3623	5	0.5233	5.557	0.9866	1	0	0
㘤	3624	5	0.5350	6.465	0.9637	1	0	0
㘥	3625	5	0.5709	7.888	0.9243	1	0	0
㘦	3626	5	0.2985	3.934	0.9378	1	0	0
㘧	3627	5	0.2929	4.396	0.9450	1	0	0
㘨	3628	5	0.3600	4.480	0.9405	1	0	0
㘩	3629	5	0.3308	4.546	0.9434	1	0	0
㘪	362A	5	0.3328	4.548	0.9048	1	0	0
㘫	362B	5	0.3284	4.343	0.9565	1	0	0
㘬	362C	5	0.3246	4.601	0.9270	1	0	0
㘭	362D	5	0.3385	5.070	0.9136	1	0	0
㘮	362E	5	0.3018	4.448	0.9642	1	0	0
㘯	362F	5	0.3107	4.583	0.9315	1	0	0
㘰	3630	5	0.2678	3.942	0.9561	1	0	0
㘱	3631	5	0.3772	4.615	0.9792	1	0	0
㘲	3632	5	0.3639	5.435	0.9766	1	0	0
㘳	3633	5	0.3744	4.510	0.9712	1	0	0
㘴	3634	5	0.3585	4.485	0.9528	1	0	0
㘵	3635	5	0.3269	4.649	0.9680	1	0	0
㘶	3636	5	0.4064	5.193	0.9705	1	0	0
㘷	3637	5	0.3195	4.857	0.9423	1	0	0
㘸	3638	5	0.4311	5.338	0.9427	1	0	0
㘹	3639	5	0.3754	4.608	0.9762	1	0	0
㘺	363A	5	0.3609	5.717	0.9285	1	0	0
㘻	363B	5	0.4200	5.363	0.9733	1	0	0
㘼	363C	5	0.3565	4.971	0.9594	1	0	0
㘽	363D	5	0.3746	5.624	0.9551	1	0	0
㘾	363E	5	0.3107	4.293	0.9362	1	0	0
㘿	363F	5	0.3862	4.719	0.9696	1	0	0
㙀	3640	5	0.3432	5.413	0.9130	1	0	0
㙁	3641	5	0.3728	5.654	0.9592	1	0	0
㙂	3642	5	0.3373	4.920	0.8991	1	0	0
㙃	3643	5	0.3138	4.752	0.9335	1	0	0
㙄	3644	5	0.3654	4.885	0.9567	1	0	0
㙅	3645	5	0.3698	5.032	0.9822	1	0	0
㙆	3646	5	0.3662	5.491	0.9327	1	0	0
㙇	3647	5	0.3299	5.884	0.9543	1	0	0
㙈	3648	5	0.3950	5.928	0.9051	1	0	0
㙉	3649	5	0.3950	5.577	0.9207	1	0	0
㙊	364A	5	0.3831	5.588	0.9464	1	0	0
㙋	364B	5	0.3683	5.034	0.9398	1	0	0
㙌	364C	5	0.3831	5.862	0.9480	1	0	0
㙍	364D	5	0.4083	6.936	0.9011	1	0	0
㙎	364E	5	0.4127	6.808	0.8954	1	0	0
㙏	364F	5	0.3891	6.065	0.9353	1	0	0
㙐	3650	5	0.3935	5.418	0.9796	1	0	0
㙑	3651	5	0.4754	6.260	0.9601	1	0	0
㙒	3652	5	0.4508	5.420	0.9388	1	0	0
㙓	3653	5	0.4462	5.580	0.9669	1	0	0
㙔	3654	5	0.3979	5.369	0.9421	1	0	0
㙕	3655	5	0.4567	5.351	0.9700	1	0	0
㙖	3656	5	0.4338	5.644	0.9182	1	0	0
㙗	3657	5	0.4215	5.675	0.9516	1	0	0
㙘	3658	5	0.4379	5.971	0.9405	1	0	0
㙙	3659	5	0.4083	6.510	0.9187	1	0	0
㙚	365A	5	0.3876	5.480	0.9651	1	0	0
㙛	365B	5	0.3802	5.788	0.9602	1	0	0
㙜	365C	5	0.4000	6.190	0.9646	1	0	0
㙝	365D	5	0.3654	6.611	0.9251	1	0	0
㙞	365E	5	0.4112	5.659	0.9448	1	0	0
㙟	365F	5	0.4569	5.859	0.8988	1	0	0
㙠	3660	5	0.4508	6.685	0.9109	1	0	0
㙡	3661	5	0.3876	6.309	0.9235	1	0	0
㙢	3662	5	0.4215	6.316	0.8794	1	0	0
㙣	3663	5	0.4142	6.183	0.9206	1	0	0
㙤	3664	5	0.3877	6.254	0.9103	1	0	0
㙥	3665	5	0.3683	6.495	0.9178	1	0	0
㙦	3666	5	0.3908	6.280	0.9660	1	0	0
㙧	3667	5	0.4837	5.842	0.9514	1	0	0
㙨	3668	5	0.4379	7.656	0.8842	1	0	0
㙩	3669	5	0.3876	6.120	0.9112	1	0	0
㙪	366A	5	0.3646	6.042	0.9393	1	0	0
㙫	366B	5	0.4186	6.087	0.9194	1	0	0
㙬	366C	5	0.4431	6.479	0.9209	1	0	0
㙭	366D	5	0.4053	7.217	0.9273	1	0	0
㙮	366E	5	0.3476	5.769	0.9333	1	0	0
㙯	366F	5	0.4477	7.716	0.9238	1	0	0
㙰	3670	5	0.4954	6.727	0.9433	1	0	0
㙱	3671	5	0.3985	6.702	0.9665	1	0	0
㙲	3672	5	0.4231	6.474	0.9446	1	0	0
㙳	3673	5	0.4053	6.976	0.9345	1	0	0
㙴	3674	5	0.3728	6.828	0.9266	1	0	0
㙵	3675	5	0.4031	6.088	0.9811	1	0	0
㙶	3676	5	0.4327	6.708	0.9742	1	0	0
㙷	3677	5	0.3815	7.241	0.9083	1	0	0
㙸	3678	5	0.4571	7.014	0.9130	1	0	0
㙹	3679	5	0.4142	6.350	0.9389	1	0	0
㙺	367A	5	0.4323	7.247	0.9552	1	0	0
㙻	367B	5	0.4160	7.211	0.9313	1	0	0
㙼	367C	5	0.4862	6.378	0.9679	1	0	0
㙽	367D	5	0.4053	6.509	0.9306	1	0	0
㙾	367E	5	0.3769	6.606	0.9111	1	0	0
㙿	367F	5	0.3964	7.910	0.8874	1	0	0
㚀	3680	5	0.4216	7.797	0.9175	1	0	0
㚁	3681	5	0.4497	7.591	0.9196	1	0	0
㚂	3682	5	0.4305	8.272	0.9485	1	0	0
㚃	3683	5	0.4453	6.393	0.9265	1	0	0
㚄	3684	5	0.4077	7.956	0.9601	1	0	0
㚅	3685	5	0.4683	6.064	0.9221	1	0	0
㚆	3686	5	0.4172	6.080	0.9142	1	0	0
㚇	3687	5	0.4054	6.533	0.9159	1	0	0
㚈	3688	5	0.2544	3.846	0.9550	1	0	0
㚉	3689	5	0.3900	6.206	0.9162	1	0	0
㚊	368A	5	0.3817	6.909	0.9102	1	0	0
㚋	368B	5	0.4585	7.166	0.9291	1	0	0
㚌	368C	5	0.4260	6.928	0.9133	1	0	0
㚍	368D	5	0.4467	7.857	0.9399	1	0	0
㚎	368E	5	0.2593	3.984	0.9644	1	0	0
㚏	368F	5	0.3225	4.631	0.9759	1	0	0
㚐	3690	5	0.3323	5.024	0.9328	1	0	0
㚑	3691	5	0.3833	4.967	0.9449	1	0	0
㚒	3692	5	0.3349	5.104	0.9359	1	0	0
㚓	3693	5	0.3523	5.247	0.9776	1	0	0
㚔	3694	5	0.3240	4.918	0.9423	1	0	0
㚕	3695	5	0.4330	6.152	0.9493	1	0	0
㚖	3696	5	0.4054	5.167	0.9501	1	0	0
㚗	3697	5	0.4336	4.875	0.9559	1	0	0
㚘	3698	5	0.3388	4.889	0.9676	1	0	0
㚙	3699	5	0.3772	5.361	0.9399	1	0	0
㚚	369A	5	0.4000	5.759	0.9258	1	0	0
㚛	369B	5	0.4038	6.107	0.9511	1	0	0
㚜	369C	5	0.4123	6.826	0.9338	1	0	0
㚝	369D	5	0.4275	6.178	0.8996	1	0	0
㚞	369E	5	0.3905	6.038	0.9554	1	0	0
㚟	369F	5	0.3669	6.877	0.9200	1	0	0
㚠	36A0	5	0.4338	6.742	0.9241	1	0	0
㚡	36A1	5	0.3905	6.405	0.9577	1	0	0
㚢	36A2	5	0.3225	4.620	0.9325	1	0	0
㚣	36A3	5	0.3990	6.012	0.9322	1	0	0
㚤	36A4	5	0.3077	4.840	0.9497	1	0	0
㚥	36A5	5	0.3121	4.303	0.9832	1	0	0
㚦	36A6	5	0.3343	4.781	0.9733	1	0	0
㚧	36A7	5	0.2618	3.947	0.9258	1	0	0
㚨	36A8	5	0.3565	5.051	0.9785	1	0	0
㚩	36A9	5	0.4024	5.312	0.9846	1	0	0
㚪	36AA	5	0.3772	5.493	0.9418	1	0	0
㚫	36AB	5	0.3861	5.961	0.9452	1	0	0
㚬	36AC	5	0.3538	5.336	0.8990	1	0	0
㚭	36AD	5	0.3696	5.452	0.9207	1	0	0
㚮	36AE	5	0.3639	5.293	0.9664	1	0	0
㚯	36AF	5	0.3935	6.384	0.9489	1	0	0
㚰	36B0	5	0.3550	5.392	0.9559	1	0	0
㚱	36B1	5	0.3624	4.995	0.9086	1	0	0
㚲	36B2	5	0.3491	4.732	0.9714	1	0	0
㚳	36B3	5	0.4323	6.000	0.9525	1	0	0
㚴	36B4	5	0.3728	5.541	0.9649	1	0	0
㚵	36B5	5	0.3432	5.788	0.9435	1	0	0
㚶	36B6	5	0.4108	5.162	0.9831	1	0	0
㚷	36B7	5	0.3402	5.653	0.9389	1	0	0
㚸	36B8	5	0.3985	5.131	0.9666	1	0	0
㚹	36B9	5	0.4323	6.042	0.9750	1	0	0
㚺	36BA	5	0.4000	5.687	0.9279	1	0	0
㚻	36BB	5	0.4683	5.415	0.9381	1	0	0
㚼	36BC	5	0.4523	5.249	0.9846	1	0	0
㚽	36BD	5	0.4128	5.547	0.9158	1	0	0
㚾	36BE	5	0.3728	5.365	0.9211	1	0	0
㚿	36BF	5	0.3950	5.788	0.9169	1	0	0
㛀	36C0	5	0.3954	5.584	0.9469	1	0	0
㛁	36C1	5	0.3491	5.178	0.9731	1	0	0
㛂	36C2	5	0.4169	6.169	0.9331	1	0	0
㛃	36C3	5	0.4127	6.137	0.9620	1	0	0
㛄	36C4	5	0.3754	5.837	0.9145	1	0	0
㛅	36C5	5	0.4497	5.340	0.9471	1	0	0
㛆	36C6	5	0.3905	6.087	0.9605	1	0	0
㛇	36C7	5	0.3536	5.539	0.9479	1	0	0
㛈	36C8	5	0.3950	5.764	0.9508	1	0	0
㛉	36C9	5	0.4290	6.150	0.9569	1	0	0
㛊	36CA	5	0.3683	5.695	0.9556	1	0	0
㛋	36CB	5	0.3402	6.041	0.9455	1	0	0
㛌	36CC	5	0.3728	5.606	0.9365	1	0	0
㛍	36CD	5	0.3954	6.249	0.9161	1	0	0
㛎	36CE	5	0.4108	5.260	0.9660	1	0	0
㛏	36CF	5	0.3683	6.177	0.9060	1	0	0
㛐	36D0	5	0.4408	6.369	0.9481	1	0	0
㛑	36D1	5	0.4142	6.680	0.9039	1	0	0
㛒	36D2	5	0.3994	5.829	0.9336	1	0	0
㛓	36D3	5	0.4083	6.380	0.9284	1	0	0
㛔	36D4	5	0.4172	6.295	0.9531	1	0	0
㛕	36D5	5	0.4349	5.995	0.9463	1	0	0
㛖	36D6	5	0.3979	6.764	0.9240	1	0	0
㛗	36D7	5	0.4038	6.202	0.9147	1	0	0
㛘	36D8	5	0.3979	5.541	0.9475	1	0	0
㛙	36D9	5	0.3757	5.414	0.9341	1	0	0
㛚	36DA	5	0.4815	6.083	0.9373	1	0	0
㛛	36DB	5	0.4446	5.952	0.9458	1	0	0
㛜	36DC	5	0.4038	6.407	0.9244	1	0	0
㛝	36DD	5	0.4323	5.887	0.9825	1	0	0
㛞	36DE	5	0.3979	5.732	0.9797	1	0	0
㛟	36DF	5	0.3861	6.077	0.9272	1	0	0
㛠	36E0	5	0.4200	5.790	0.9626	1	0	0
㛡	36E1	5	0.3831	5.806	0.9109	1	0	0
㛢	36E2	5	0.4157	6.471	0.9242	1	0	0
㛣	36E3	5	0.3862	6.094	0.9801	1	0	0
㛤	36E4	5	0.4508	6.996	0.8797	1	0	0
㛥	36E5	5	0.4305	6.213	0.9317	1	0	0
㛦	36E6	5	0.4142	6.204	0.9331	1	0	0
㛧	36E7	5	0.3950	5.777	0.9721	1	0	0
㛨	36E8	5	0.3920	6.029	0.9474	1	0	0
㛩	36E9	5	0.4349	6.266	0.9544	1	0	0
㛪	36EA	5	0.4645	6.214	0.9439	1	0	0
㛫	36EB	5	0.4477	6.659	0.9334	1	0	0
㛬	36EC	5	0.3891	6.010	0.8960	1	0	0
㛭	36ED	5	0.4305	5.739	0.9516	1	0	0
㛮	36EE	5	0.4142	7.000	0.9176	1	0	0
㛯	36EF	5	0.4660	7.317	0.9120	1	0	0
㛰	36F0	5	0.4438	6.837	0.9423	1	0	0
㛱	36F1	5	0.4527	6.485	0.9311	1	0	0
㛲	36F2	5	0.4645	6.414	0.9234	1	0	0
㛳	36F3	5	0.4808	6.478	0.8978	1	0	0
㛴	36F4	5	0.4523	7.271	0.8826	1	0	0
㛵	36F5	5	0.4467	6.584	0.9201	1	0	0
㛶	36F6	5	0.3979	6.730	0.9201	1	0	0
㛷	36F7	5	0.4186	6.854	0.8782	1	0	0
㛸	36F8	5	0.4127	6.007	0.9540	1	0	0
㛹	36F9	5	0.4615	6.848	0.9127	1	0	0
㛺	36FA	5	0.4172	5.968	0.9344	1	0	0
㛻	36FB	5	0.4305	6.389	0.8939	1	0	0
㛼	36FC	5	0.4320	6.142	0.9299	1	0	0
㛽	36FD	5	0.3876	6.159	0.9461	1	0	0
㛾	36FE	5	0.4320	7.053	0.9352	1	0	0
㛿	36FF	5	0.4354	6.114	0.9553	1	0	0
㜀	3700	5	0.4815	6.004	0.9093	1	0	0
㜁	3701	5	0.4408	6.361	0.9463	1	0	0
㜂	3702	5	0.4364	6.492	0.9302	1	0	0
㜃	3703	5	0.3950	6.295	0.9563	1	0	0
㜄	3704	5	0.4157	7.154	0.9623	1	0	0
㜅	3705	5	0.4571	6.965	0.9112	1	0	0
㜆	3706	5	0.3846	7.005	0.9060	1	0	0
㜇	3707	5	0.4038	6.558	0.9472	1	0	0
㜈	3708	5	0.4453	7.956	0.8943	1	0	0
㜉	3709	5	0.4172	7.090	0.9086	1	0	0
㜊	370A	5	0.4704	7.019	0.9425	1	0	0
㜋	370B	5	0.4216	6.812	0.9146	1	0	0
㜌	370C	5	0.4308	6.892	0.9364	1	0	0
㜍	370D	5	0.4601	6.697	0.9706	1	0	0
㜎	370E	5	0.4216	7.396	0.8893	1	0	0
㜏	370F	5	0.4523	6.577	0.9246	1	0	0
㜐	3710	5	0.4275	6.337	0.9134	1	0	0
㜑	3711	5	0.4216	6.920	0.9227	1	0	0
㜒	3712	5	0.3920	5.861	0.9385	1	0	0
㜓	3713	5	0.4068	6.159	0.9336	1	0	0
㜔	3714	5	0.4112	6.233	0.9164	1	0	0
㜕	3715	5	0.4201	6.862	0.9640	1	0	0
㜖	3716	5	0.4800	6.797	0.9756	1	0	0
㜗	3717	5	0.3923	7.752	0.9040	1	0	0
㜘	3718	5	0.4172	7.125	0.9501	1	0	0
㜙	3719	5	0.4822	6.972	0.9240	1	0	0
㜚	371A	5	0.4569	6.386	0.9167	1	0	0
㜛	371B	5	0.4260	7.052	0.9382	1	0	0
㜜	371C	5	0.4423	6.964	0.9168	1	0	0
㜝	371D	5	0.4320	7.129	0.9171	1	0	0
㜞	371E	5	0.4172	6.902	0.9473	1	0	0
㜟	371F	5	0.4645	6.870	0.9125	1	0	0
㜠	3720	5	0.4571	6.341	0.9401	1	0	0
㜡	3721	5	0.4098	7.043	0.9065	1	0	0
㜢	3722	5	0.4556	7.044	0.9255	1	0	0
㜣	3723	5	0.3846	7.452	0.9316	1	0	0
㜤	3724	5	0.4246	6.740	0.9815	1	0	0
㜥	3725	5	0.4615	6.859	0.9512	1	0	0
㜦	3726	5	0.3669	6.850	0.9489	1	0	0
㜧	3727	5	0.4527	7.875	0.9060	1	0	0
㜨	3728	5	0.4379	7.292	0.9363	1	0	0
㜩	3729	5	0.4393	7.534	0.9062	1	0	0
㜪	372A	5	0.4467	7.092	0.8732	1	0	0
㜫	372B	5	0.4586	8.057	0.9023	1	0	0
㜬	372C	5	0.4231	7.466	0.9350	1	0	0
㜭	372D	5	0.4778	6.640	0.9499	1	0	0
㜮	372E	5	0.4571	7.011	0.8833	1	0	0
㜯	372F	5	0.4009	7.030	0.9657	1	0	0
㜰	3730	5	0.4320	7.933	0.9164	1	0	0
㜱	3731	5	0.4231	7.345	0.9452	1	0	0
㜲	3732	5	0.4349	8.543	0.9184	1	0	0
㜳	3733	5	0.4231	7.837	0.9521	1	0	0
㜴	3734	5	0.4615	7.218	0.9725	1	0	0
㜵	3735	5	0.4172	8.029	0.9269	1	0	0
㜶	3736	5	0.4527	8.336	0.8789	1	0	0
㜷	3737	5	0.4985	8.458	0.8709	1	0	0
㜸	3738	5	0.4431	7.511	0.9193	1	0	0
㜹	3739	5	0.4660	7.384	0.9584	1	0	0
㜺	373A	5	0.4320	7.952	0.9383	1	0	0
㜻	373B	5	0.4157	9.284	0.8845	1	0	0
㜼	373C	5	0.4492	8.579	0.9908	1	0	0
㜽	373D	5	0.2796	4.690	0.9307	1	0	0
㜾	373E	5	0.2825	4.726	0.9400	1	0	0
㜿	373F	5	0.3108	4.567	0.9198	1	0	0
㝀	3740	5	0.3877	5.338	0.9469	1	0	0
㝁	3741	5	0.3800	5.712	0.9563	1	0	0
㝂	3742	5	0.3536	5.510	0.9283	1	0	0
㝃	3743	5	0.4038	5.542	0.9334	1	0	0
㝄	3744	5	0.3669	5.800	0.9581	1	0	0
㝅	3745	5	0.4231	6.771	0.9429	1	0	0
㝆	3746	5	0.3920	6.245	0.9238	1	0	0
㝇	3747	5	0.4157	6.423	0.9013	1	0	0
㝈	3748	5	0.3964	8.549	0.9156	1	0	0
㝉	3749	5	0.2292	2.247	0.8438	1	0	0
㝊	374A	5	0.3301	4.668	0.9154	1	0	0
㝋	374B	5	0.2340	2.994	0.9405	1	0	0
㝌	374C	5	0.2923	4.357	0.9401	1	0	0
㝍	374D	5	0.3510	4.503	0.9748	1	0	0
㝎	374E	5	0.3108	4.521	0.8746	1	0	0
㝏	374F	5	0.2874	4.401	0.9378	1	0	0
㝐	3750	5	0.3350	4.944	0.8962	1	0	0
㝑	3751	5	0.3385	4.540	0.9388	1	0	0
㝒	3752	5	0.3638	4.584	0.9586	1	0	0
㝓	3753	5	0.3692	5.192	0.9363	1	0	0
㝔	3754	5	0.3523	5.690	0.8967	1	0	0
㝕	3755	5	0.3942	6.082	0.9304	1	0	0
㝖	3756	5	0.3565	5.941	0.9133	1	0	0
㝗	3757	5	0.4311	5.881	0.9328	1	0	0
㝘	3758	5	0.3782	5.646	0.9174	1	0	0
㝙	3759	5	0.4439	6.164	0.9328	1	0	0
㝚	375A	5	0.4000	5.985	0.8839	1	0	0
㝛	375B	5	0.4215	5.896	0.9293	1	0	0
㝜	375C	5	0.4551	5.664	0.9569	1	0	0
㝝	375D	5	0.3654	5.404	0.9609	1	0	0
㝞	375E	5	0.4267	4.798	0.9481	1	0	0
㝟	375F	5	0.3969	6.283	0.9673	1	0	0
㝠	3760	5	0.4071	5.821	0.9349	1	0	0
㝡	3761	5	0.4185	5.752	0.9394	1	0	0
㝢	3762	5	0.4599	6.199	0.9537	1	0	0
㝣	3763	5	0.4585	6.495	0.9164	1	0	0
㝤	3764	5	0.4414	6.831	0.9909	1	0	0
㝥	3765	5	0.4246	6.186	0.9497	1	0	0
㝦	3766	5	0.4135	6.950	0.9320	1	0	0
㝧	3767	5	0.4936	6.976	0.9203	1	0	0
㝨	3768	5	0.3910	6.764	0.9747	1	0	0
㝩	3769	5	0.4631	7.197	0.9412	1	0	0
㝪	376A	5	0.4186	6.237	0.9650	1	0	0
㝫	376B	5	0.4431	7.537	0.8889	1	0	0
㝬	376C	5	0.4169	6.123	0.9406	1	0	0
㝭	376D	5	0.4462	6.823	0.9118	1	0	0
㝮	376E	5	0.4311	6.951	0.9351	1	0	0
㝯	376F	5	0.3974	7.293	0.9835	1	0	0
㝰	3770	5	0.4471	8.468	0.9366	1	0	0
㝱	3771	5	0.4679	7.411	0.9210	1	0	0
㝲	3772	5	0.4676	8.564	0.9263	1	0	0
㝳	3773	5	0.2628	3.919	0.9347	1	0	0
㝴	3774	5	0.3402	4.943	0.9259	1	0	0
㝵	3775	5	0.4144	4.963	0.9672	1	0	0
㝶	3776	5	0.3785	4.957	0.9170	1	0	0
㝷	3777	5	0.3738	6.300	0.9445	1	0	0
㝸	3778	5	0.3569	4.956	0.9405	1	0	0
㝹	3779	5	0.3600	6.235	0.8844	1	0	0
㝺	377A	5	0.4438	6.543	0.9170	1	0	0
㝻	377B	5	0.4142	6.353	0.9716	1	0	0
㝼	377C	5	0.3491	4.819	0.9257	1	0	0
㝽	377D	5	0.3683	5.684	0.9169	1	0	0
㝾	377E	5	0.3950	5.423	0.9149	1	0	0
㝿	377F	5	0.4009	6.181	0.9520	1	0	0
㞀	3780	5	0.3831	6.286	0.9483	1	0	0
㞁	3781	5	0.4216	6.019	0.9361	1	0	0
㞂	3782	5	0.4009	6.644	0.9233	1	0	0
㞃	3783	5	0.3615	6.237	0.9057	1	0	0
㞄	3784	5	0.4408	6.552	0.9744	1	0	0
㞅	3785	5	0.4423	6.341	0.9371	1	0	0
㞆	3786	5	0.4260	6.436	0.9203	1	0	0
㞇	3787	5	0.4423	6.812	0.9259	1	0	0
㞈	3788	5	0.4349	6.721	0.9499	1	0	0
㞉	3789	5	0.4527	6.456	0.9472	1	0	0
㞊	378A	5	0.4277	6.365	0.9079	1	0	0
㞋	378B	5	0.3808	4.941	0.9390	1	0	0
㞌	378C	5	0.3792	4.527	0.9808	1	0	0
㞍	378D	5	0.3862	5.024	0.9330	1	0	0
㞎	378E	5	0.4352	5.061	0.9247	1	0	0
㞏	378F	5	0.4128	5.569	0.9372	1	0	0
㞐	3790	5	0.3785	4.954	0.9778	1	0	0
㞑	3791	5	0.3677	5.324	0.9214	1	0	0
㞒	3792	5	0.4750	5.555	0.9564	1	0	0
㞓	3793	5	0.4656	6.207	1.0021	1	0	0
㞔	3794	5	0.4583	6.276	0.9056	1	0	0
㞕	3795	5	0.4288	5.502	0.9670	1	0	0
㞖	3796	5	0.4640	5.793	0.9494	1	0	0
㞗	3797	5	0.4400	6.163	0.9345	1	0	0
㞘	3798	5	0.4415	6.422	0.9560	1	0	0
㞙	3799	5	0.3938	7.314	0.9389	1	0	0
㞚	379A	5	0.4896	6.177	0.9779	1	0	0
㞛	379B	5	0.4354	6.567	0.9243	1	0	0
㞜	379C	5	0.4675	7.291	0.9100	1	0	0
㞝	379D	5	0.3969	6.518	0.9159	1	0	0
㞞	379E	5	0.4592	6.570	0.8919	1	0	0
㞟	379F	5	0.4576	7.488	0.9401	1	0	0
㞠	37A0	5	0.4496	6.756	0.9295	1	0	0
㞡	37A1	5	0.3856	7.208	0.9656	1	0	0
㞢	37A2	5	0.2633	2.940	0.9823	1	0	0
㞣	37A3	5	0.3246	4.824	0.9735	1	0	0
㞤	37A4	5	0.2523	3.551	0.9884	1	0	0
㞥	37A5	5	0.2530	3.739	0.9668	1	0	0
㞦	37A6	5	0.3615	4.675	0.9780	1	0	0
㞧	37A7	5	0.3109	4.149	0.9269	1	0	0
㞨	37A8	5	0.3569	4.219	0.9902	1	0	0
㞩	37A9	5	0.2929	4.293	0.9272	1	0	0
㞪	37AA	5	0.3354	4.075	0.9914	1	0	0
㞫	37AB	5	0.3138	4.422	0.8926	1	0	0
㞬	37AC	5	0.3046	3.269	1.0032	1	0	0
㞭	37AD	5	0.3136	4.538	0.9748	1	0	0
㞮	37AE	5	0.3114	4.028	0.9809	1	0	0
㞯	37AF	5	0.4152	4.424	0.9547	1	0	0
㞰	37B0	5	0.3292	4.292	0.9760	1	0	0
㞱	37B1	5	0.3934	4.447	0.9671	1	0	0
㞲	37B2	5	0.3446	4.303	0.9896	1	0	0
㞳	37B3	5	0.2815	4.473	0.9652	1	0	0
㞴	37B4	5	0.3969	5.322	0.9726	1	0	0
㞵	37B5	5	0.3314	4.806	0.9562	1	0	0
㞶	37B6	5	0.3338	5.106	0.9499	1	0	0
㞷	37B7	5	0.3654	4.057	1.0215	1	0	0
㞸	37B8	5	0.3125	4.263	0.9947	1	0	0
㞹	37B9	5	0.3708	4.873	1.0018	1	0	0
㞺	37BA	5	0.3554	5.000	0.9563	1	0	0
㞻	37BB	5	0.4022	5.059	1.0057	1	0	0
㞼	37BC	5	0.3650	4.894	0.9527	1	0	0
㞽	37BD	5	0.3892	5.911	0.9470	1	0	0
㞾	37BE	5	0.4108	5.660	0.9635	1	0	0
㞿	37BF	5	0.3894	5.278	0.9425	1	0	0
㟀	37C0	5	0.3718	5.053	0.9917	1	0	0
㟁	37C1	5	0.3723	5.052	0.9841	1	0	0
㟂	37C2	5	0.4169	5.812	0.9524	1	0	0
㟃	37C3	5	0.4087	4.892	0.9769	1	0	0
㟄	37C4	5	0.3677	4.985	0.9635	1	0	0
㟅	37C5	5	0.4031	6.222	0.9631	1	0	0
㟆	37C6	5	0.3738	5.343	0.9370	1	0	0
㟇	37C7	5	0.4046	5.645	0.9482	1	0	0
㟈	37C8	5	0.3677	5.774	0.9380	1	0	0
㟉	37C9	5	0.4046	5.229	0.9590	1	0	0
㟊	37CA	5	0.3769	5.695	0.9367	1	0	0
㟋	37CB	5	0.3923	5.568	0.9255	1	0	0
㟌	37CC	5	0.4108	6.531	0.9264	1	0	0
㟍	37CD	5	0.3782	5.781	0.9617	1	0	0
㟎	37CE	5	0.3862	6.167	0.9448	1	0	0
㟏	37CF	5	0.4046	5.846	0.9424	1	0	0
㟐	37D0	5	0.3728	4.803	0.9744	1	0	0
㟑	37D1	5	0.4046	5.337	0.9899	1	0	0
㟒	37D2	5	0.4467	5.749	0.9633	1	0	0
㟓	37D3	5	0.4292	6.249	0.9402	1	0	0
㟔	37D4	5	0.3778	5.512	0.9595	1	0	0
㟕	37D5	5	0.3574	4.800	0.9514	1	0	0
㟖	37D6	5	0.4519	5.780	0.9664	1	0	0
㟗	37D7	5	0.5288	6.918	0.9326	1	0	0
㟘	37D8	5	0.4599	6.080	0.9617	1	0	0
㟙	37D9	5	0.4415	5.460	0.9984	1	0	0
㟚	37DA	5	0.3830	5.570	0.9429	1	0	0
㟛	37DB	5	0.3861	5.041	0.9613	1	0	0
㟜	37DC	5	0.3997	5.850	0.8999	1	0	0
㟝	37DD	5	0.4000	5.544	0.9490	1	0	0
㟞	37DE	5	0.4477	7.119	0.9016	1	0	0
㟟	37DF	5	0.4541	5.924	0.9284	1	0	0
㟠	37E0	5	0.4679	6.217	0.9697	1	0	0
㟡	37E1	5	0.4446	6.209	0.9067	1	0	0
㟢	37E2	5	0.4201	5.894	0.9234	1	0	0
㟣	37E3	5	0.4262	6.488	0.9193	1	0	0
㟤	37E4	5	0.4327	6.402	0.9767	1	0	0
㟥	37E5	5	0.4087	6.865	0.9263	1	0	0
㟦	37E6	5	0.4503	6.586	0.9820	1	0	0
㟧	37E7	5	0.4015	5.824	1.0037	1	0	0
㟨	37E8	5	0.4169	5.984	0.9641	1	0	0
㟩	37E9	5	0.4369	6.188	0.9039	1	0	0
㟪	37EA	5	0.4508	6.289	0.9420	1	0	0
㟫	37EB	5	0.4338	6.110	0.9457	1	0	0
㟬	37EC	5	0.4262	6.246	0.9517	1	0	0
㟭	37ED	5	0.4631	6.629	0.9902	1	0	0
㟮	37EE	5	0.3754	6.296	0.9527	1	0	0
㟯	37EF	5	0.4327	6.256	0.9432	1	0	0
㟰	37F0	5	0.4246	6.386	0.9607	1	0	0
㟱	37F1	5	0.4000	6.211	0.9459	1	0	0
㟲	37F2	5	0.4662	6.532	0.9855	1	0	0
㟳	37F3	5	0.4585	6.355	0.9627	1	0	0
㟴	37F4	5	0.4554	6.436	0.9024	1	0	0
㟵	37F5	5	0.4840	5.590	0.9936	1	0	0
㟶	37F6	5	0.4038	6.317	0.9767	1	0	0
㟷	37F7	5	0.4215	5.993	0.9852	1	0	0
㟸	37F8	5	0.4569	6.238	0.9293	1	0	0
㟹	37F9	5	0.4215	7.536	0.9696	1	0	0
㟺	37FA	5	0.4074	7.548	0.9557	1	0	0
㟻	37FB	5	0.3994	5.925	0.9769	1	0	0
㟼	37FC	5	0.4334	6.200	0.9429	1	0	0
㟽	37FD	5	0.4538	6.769	0.9479	1	0	0
㟾	37FE	5	0.4723	7.303	0.9738	1	0	0
㟿	37FF	5	0.4508	6.389	0.9482	1	0	0
㠀	3800	5	0.3508	6.676	0.9577	1	0	0
㠁	3801	5	0.3862	7.524	0.8848	1	0	0
㠂	3802	5	0.4031	6.797	0.9537	1	0	0
㠃	3803	5	0.4760	6.467	0.9080	1	0	0
㠄	3804	5	0.4860	6.957	0.9453	1	0	0
㠅	3805	5	0.4231	6.912	0.9182	1	0	0
㠆	3806	5	0.4431	6.223	0.9683	1	0	0
㠇	3807	5	0.4186	6.451	0.9152	1	0	0
㠈	3808	5	0.4968	6.293	1.0028	1	0	0
㠉	3809	5	0.4923	6.354	0.9570	1	0	0
㠊	380A	5	0.4492	7.100	0.9317	1	0	0
㠋	380B	5	0.3615	7.166	0.9781	1	0	0
㠌	380C	5	0.4053	6.531	0.9304	1	0	0
㠍	380D	5	0.4231	7.066	0.9410	1	0	0
㠎	380E	5	0.4738	6.636	0.9489	1	0	0
㠏	380F	5	0.4754	6.000	0.9890	1	0	0
㠐	3810	5	0.3932	7.221	0.9323	1	0	0
㠑	3811	5	0.4354	6.185	0.9957	1	0	0
㠒	3812	5	0.4824	7.003	0.9689	1	0	0
㠓	3813	5	0.4569	7.407	0.9394	1	0	0
㠔	3814	5	0.4349	5.937	0.9329	1	0	0
㠕	3815	5	0.4583	6.636	0.9176	1	0	0
㠖	3816	5	0.4760	8.053	0.8991	1	0	0
㠗	3817	5	0.4308	7.378	0.9119	1	0	0
㠘	3818	5	0.4112	6.183	0.9331	1	0	0
㠙	3819	5	0.4119	7.672	0.9657	1	0	0
㠚	381A	5	0.3646	6.935	0.9542	1	0	0
㠛	381B	5	0.4677	7.203	0.9343	1	0	0
㠜	381C	5	0.4231	7.590	0.9276	1	0	0
㠝	381D	5	0.4477	7.338	0.9337	1	0	0
㠞	381E	5	0.3728	6.761	0.9443	1	0	0
㠟	381F	5	0.3754	7.905	0.9193	1	0	0
㠠	3820	5	0.4631	7.422	0.9559	1	0	0
㠡	3821	5	0.3938	7.907	0.9430	1	0	0
㠢	3822	5	0.4393	8.107	0.9275	1	0	0
㠣	3823	5	0.4385	7.810	0.8793	1	0	0
㠤	3824	5	0.4723	7.439	0.9644	1	0	0
㠥	3825	5	0.4477	7.132	0.9912	1	0	0
㠦	3826	5	0.4400	7.633	0.9404	1	0	0
㠧	3827	5	0.3908	7.652	0.9688	1	0	0
㠨	3828	5	0.4247	8.664	0.9245	1	0	0
㠩	3829	5	0.3015	4.701	0.9753	1	0	0
㠪	382A	5	0.2803	2.158	1.0198	1	0	0
㠫	382B	5	0.4185	6.151	0.8885	1	0	0
㠬	382C	5	0.4367	5.372	0.9646	1	0	0
㠭	382D	5	0.3983	4.805	0.8666	1	0	0
㠮	382E	5	0.3728	5.612	0.9389	1	0	0
㠯	382F	5	0.4170	3.503	1.0140	1	0	0
㠰	3830	5	0.3954	5.216	0.9384	1	0	0
㠱	3831	5	0.3308	6.480	0.9203	1	0	0
㠲	3832	5	0.3285	4.240	0.9348	1	0	0
㠳	3833	5	0.2846	4.120	0.9887	1	0	0
㠴	3834	5	0.4006	5.218	0.9623	1	0	0
㠵	3835	5	0.3269	4.242	0.9823	1	0	0
㠶	3836	5	0.3677	4.642	0.9521	1	0	0
㠷	3837	5	0.4123	5.837	0.9376	1	0	0
㠸	3838	5	0.3508	4.926	0.9703	1	0	0
㠹	3839	5	0.2938	4.876	0.9752	1	0	0
㠺	383A	5	0.3246	4.797	0.9760	1	0	0
㠻	383B	5	0.3772	4.863	0.9688	1	0	0
㠼	383C	5	0.3477	4.590	0.9785	1	0	0
㠽	383D	5	0.3400	5.561	0.9498	1	0	0
㠾	383E	5	0.3769	5.428	0.9799	1	0	0
㠿	383F	5	0.3358	4.779	0.9778	1	0	0
㡀	3840	5	0.3734	5.182	0.9461	1	0	0
㡁	3841	5	0.3554	5.678	0.9695	1	0	0
㡂	3842	5	0.3980	5.300	0.9411	1	0	0
㡃	3843	5	0.4000	5.916	0.9657	1	0	0
㡄	3844	5	0.4263	5.297	0.9185	1	0	0
㡅	3845	5	0.3923	5.998	0.9157	1	0	0
㡆	3846	5	0.4046	5.624	0.9488	1	0	0
㡇	3847	5	0.4431	5.770	0.9637	1	0	0
㡈	3848	5	0.4462	5.683	0.9221	1	0	0
㡉	3849	5	0.3477	6.277	0.9724	1	0	0
㡊	384A	5	0.3913	5.424	0.9705	1	0	0
㡋	384B	5	0.4338	6.092	0.9561	1	0	0
㡌	384C	5	0.4615	6.055	0.9616	1	0	0
㡍	384D	5	0.4503	5.754	0.9469	1	0	0
㡎	384E	5	0.4015	6.858	0.9398	1	0	0
㡏	384F	5	0.4308	6.544	0.9825	1	0	0
㡐	3850	5	0.4723	6.349	0.9435	1	0	0
㡑	3851	5	0.3692	5.755	0.9498	1	0	0
㡒	3852	5	0.4600	6.410	0.9625	1	0	0
㡓	3853	5	0.4615	6.215	0.9747	1	0	0
㡔	3854	5	0.3950	6.136	0.9089	1	0	0
㡕	3855	5	0.4400	5.842	0.9557	1	0	0
㡖	3856	5	0.4631	6.412	0.9633	1	0	0
㡗	3857	5	0.4123	7.302	0.9446	1	0	0
㡘	3858	5	0.4785	6.707	0.9258	1	0	0
㡙	3859	5	0.4662	6.695	0.9422	1	0	0
㡚	385A	5	0.4908	6.294	0.9669	1	0	0
㡛	385B	5	0.4062	6.019	0.9564	1	0	0
㡜	385C	5	0.4292	7.096	0.9052	1	0	0
㡝	385D	5	0.4246	6.996	0.9342	1	0	0
㡞	385E	5	0.4492	6.810	0.9764	1	0	0
㡟	385F	5	0.4785	6.584	1.0412	1	0	0
㡠	3860	5	0.4308	6.792	0.9632	1	0	0
㡡	3861	5	0.4646	7.062	0.9605	1	0	0
㡢	3862	5	0.4231	6.747	0.9540	1	0	0
㡣	3863	5	0.4252	6.698	0.9850	1	0	0
㡤	3864	5	0.4585	6.867	0.9377	1	0	0
㡥	3865	5	0.4231	8.003	0.9084	1	0	0
㡦	3866	5	0.4138	7.169	0.9248	1	0	0
㡧	3867	5	0.4769	7.826	0.8868	1	0	0
㡨	3868	5	0.4415	7.837	0.9337	1	0	0
㡩	3869	5	0.3814	7.902	0.9100	1	0	0
㡪	386A	5	0.4535	8.924	0.8878	1	0	0
㡫	386B	5	0.4400	6.776	0.9276	1	0	0
㡬	386C	5	0.4349	7.713	0.8826	1	0	0
㡭	386D	5	0.5061	8.060	0.8757	1	0	0
㡮	386E	5	0.4172	7.981	0.8723	1	0	0
㡯	386F	5	0.3269	4.774	0.9306	1	0	0
㡰	3870	5	0.3077	4.091	0.9731	1	0	0
㡱	3871	5	0.3062	4.675	0.9420	1	0	0
㡲	3872	5	0.3447	5.240	0.9248	1	0	0
㡳	3873	5	0.3609	5.135	0.9251	1	0	0
㡴	3874	5	0.3180	4.777	0.9460	1	0	0
㡵	3875	5	0.3246	5.261	0.9278	1	0	0
㡶	3876	5	0.3308	4.779	0.9580	1	0	0
㡷	3877	5	0.3738	5.139	0.9517	1	0	0
㡸	3878	5	0.3446	4.368	0.9533	1	0	0
㡹	3879	5	0.3728	4.907	0.9838	1	0	0
㡺	387A	5	0.3669	4.892	0.9945	1	0	0
㡻	387B	5	0.3846	5.436	0.9871	1	0	0
㡼	387C	5	0.4305	5.962	0.9676	1	0	0
㡽	387D	5	0.4172	5.982	0.9742	1	0	0
㡾	387E	5	0.4185	5.690	0.9325	1	0	0
㡿	387F	5	0.3476	5.131	0.9670	1	0	0
㢀	3880	5	0.3964	5.679	0.9650	1	0	0
㢁	3881	5	0.3683	6.058	0.8984	1	0	0
㢂	3882	5	0.4009	5.209	0.9821	1	0	0
㢃	3883	5	0.4038	5.797	0.9422	1	0	0
㢄	3884	5	0.4031	5.480	0.9803	1	0	0
㢅	3885	5	0.4290	5.937	0.9555	1	0	0
㢆	3886	5	0.4541	5.883	0.8956	1	0	0
㢇	3887	5	0.3713	5.843	0.9644	1	0	0
㢈	3888	5	0.4231	5.619	0.9651	1	0	0
㢉	3889	5	0.3905	5.951	0.9178	1	0	0
㢊	388A	5	0.4068	6.010	0.9311	1	0	0
㢋	388B	5	0.4108	6.578	0.9136	1	0	0
㢌	388C	5	0.4185	5.999	0.9893	1	0	0
㢍	388D	5	0.4334	6.111	0.9441	1	0	0
㢎	388E	5	0.4662	6.119	0.9842	1	0	0
㢏	388F	5	0.3877	6.177	0.9637	1	0	0
㢐	3890	5	0.4215	5.814	0.9521	1	0	0
㢑	3891	5	0.4201	6.060	0.9710	1	0	0
㢒	3892	5	0.4009	7.356	0.9620	1	0	0
㢓	3893	5	0.4446	6.641	0.9401	1	0	0
㢔	3894	5	0.3802	6.558	0.8973	1	0	0
㢕	3895	5	0.4586	6.707	0.9118	1	0	0
㢖	3896	5	0.4497	6.684	0.9408	1	0	0
㢗	3897	5	0.4379	7.253	0.9572	1	0	0
㢘	3898	5	0.4749	6.829	0.9321	1	0	0
㢙	3899	5	0.4538	7.156	0.9546	1	0	0
㢚	389A	5	0.4569	7.818	0.9573	1	0	0
㢛	389B	5	0.4098	6.817	0.9309	1	0	0
㢜	389C	5	0.4077	7.093	0.9381	1	0	0
㢝	389D	5	0.4142	7.094	0.9677	1	0	0
㢞	389E	5	0.4438	8.460	0.9411	1	0	0
㢟	389F	5	0.3405	5.058	0.9668	1	0	0
㢠	38A0	5	0.4400	6.110	0.9223	1	0	0
㢡	38A1	5	0.3979	6.502	0.9017	1	0	0
㢢	38A2	5	0.3506	6.468	0.9188	1	0	0
㢣	38A3	5	0.4053	6.359	0.9254	1	0	0
㢤	38A4	5	0.3506	5.043	0.9724	1	0	0
㢥	38A5	5	0.4031	5.490	0.9417	1	0	0
㢦	38A6	5	0.3647	5.762	0.9850	1	0	0
㢧	38A7	5	0.3687	4.005	0.9675	1	0	0
㢨	38A8	5	0.3120	3.844	0.8533	1	0	0
㢩	38A9	5	0.3381	4.630	0.9000	1	0	0
㢪	38AA	5	0.3376	4.392	0.9107	1	0	0
㢫	38AB	5	0.3913	4.311	0.9629	1	0	0
㢬	38AC	5	0.3754	5.276	0.9430	1	0	0
㢭	38AD	5	0.3462	4.983	0.9300	1	0	0
㢮	38AE	5	0.4077	5.544	0.9440	1	0	0
㢯	38AF	5	0.4292	5.369	0.9225	1	0	0
㢰	38B0	5	0.4092	5.794	0.9152	1	0	0
㢱	38B1	5	0.3369	5.235	0.9231	1	0	0
㢲	38B2	5	0.4167	5.497	0.9656	1	0	0
㢳	38B3	5	0.3677	5.499	0.9016	1	0	0
㢴	38B4	5	0.5124	6.030	0.9180	1	0	0
㢵	38B5	5	0.3624	5.160	0.9429	1	0	0
㢶	38B6	5	0.4064	4.719	0.9027	1	0	0
㢷	38B7	5	0.3894	5.393	0.9218	1	0	0
㢸	38B8	5	0.4015	5.957	0.8957	1	0	0
㢹	38B9	5	0.3738	4.973	0.9095	1	0	0
㢺	38BA	5	0.4169	6.144	0.9172	1	0	0
㢻	38BB	5	0.4247	6.419	0.8806	1	0	0
㢼	38BC	5	0.4455	6.085	0.9282	1	0	0
㢽	38BD	5	0.4283	5.588	0.8917	1	0	0
㢾	38BE	5	0.4688	5.477	0.8800	1	0	0
㢿	38BF	5	0.4431	6.325	0.9148	1	0	0
㣀	38C0	5	0.4338	6.297	0.9485	1	0	0
㣁	38C1	5	0.4677	6.033	0.9112	1	0	0
㣂	38C2	5	0.4800	6.220	0.9292	1	0	0
㣃	38C3	5	0.4615	6.468	0.9002	1	0	0
㣄	38C4	5	0.4231	6.786	0.9465	1	0	0
㣅	38C5	5	0.4862	7.020	0.9045	1	0	0
㣆	38C6	5	0.5262	8.164	0.8601	1	0	0
㣇	38C7	5	0.3743	5.334	0.9518	1	0	0
㣈	38C8	5	0.4512	7.288	0.9051	1	0	0
㣉	38C9	5	0.2464	4.125	0.9552	1	0	0
㣊	38CA	5	0.3446	5.618	0.9483	1	0	0
㣋	38CB	5	0.3338	5.294	0.9159	1	0	0
㣌	38CC	5	0.3125	4.324	0.9540	1	0	0
㣍	38CD	5	0.3269	5.140	0.9362	1	0	0
㣎	38CE	5	0.3317	6.696	0.9523	1	0	0
㣏	38CF	5	0.3508	5.725	0.9418	1	0	0
㣐	38D0	5	0.3415	5.885	0.9299	1	0	0
㣑	38D1	5	0.4259	7.033	0.9659	1	0	0
㣒	38D2	5	0.4215	6.430	0.9461	1	0	0
㣓	38D3	5	0.3861	7.236	0.9354	1	0	0
㣔	38D4	5	0.2322	3.438	0.9454	1	0	0
㣕	38D5	5	0.2840	4.426	0.9211	1	0	0
㣖	38D6	5	0.3003	4.832	0.9193	1	0	0
㣗	38D7	5	0.2862	4.031	0.9222	1	0	0
㣘	38D8	5	0.3554	4.880	0.9212	1	0	0
㣙	38D9	5	0.4185	4.642	0.9335	1	0	0
㣚	38DA	5	0.4062	5.085	0.9744	1	0	0
㣛	38DB	5	0.3314	5.092	0.9403	1	0	0
㣜	38DC	5	0.3938	5.576	0.9471	1	0	0
㣝	38DD	5	0.3639	5.818	0.9321	1	0	0
㣞	38DE	5	0.3121	5.767	0.9370	1	0	0
㣟	38DF	5	0.3491	4.702	0.9571	1	0	0
㣠	38E0	5	0.3385	5.591	0.9472	1	0	0
㣡	38E1	5	0.3938	5.142	0.9596	1	0	0
㣢	38E2	5	0.4046	5.861	0.9189	1	0	0
㣣	38E3	5	0.3447	5.893	0.9235	1	0	0
㣤	38E4	5	0.3994	6.764	0.8785	1	0	0
㣥	38E5	5	0.3447	5.575	0.9521	1	0	0
㣦	38E6	5	0.3969	6.300	0.8983	1	0	0
㣧	38E7	5	0.4009	6.356	0.9077	1	0	0
㣨	38E8	5	0.4024	5.837	0.9587	1	0	0
㣩	38E9	5	0.3624	5.799	0.9253	1	0	0
㣪	38EA	5	0.4038	6.880	0.8973	1	0	0
㣫	38EB	5	0.4541	6.603	0.9116	1	0	0
㣬	38EC	5	0.4009	5.748	0.9166	1	0	0
㣭	38ED	5	0.3964	7.025	0.8814	1	0	0
㣮	38EE	5	0.3802	6.045	0.9353	1	0	0
㣯	38EF	5	0.4538	6.609	0.9127	1	0	0
㣰	38F0	5	0.3905	6.864	0.9021	1	0	0
㣱	38F1	5	0.3639	6.812	0.9428	1	0	0
㣲	38F2	5	0.4127	6.559	0.9001	1	0	0
㣳	38F3	5	0.4438	6.600	0.9033	1	0	0
㣴	38F4	5	0.4186	6.113	0.9312	1	0	0
㣵	38F5	5	0.4172	6.605	0.9084	1	0	0
㣶	38F6	5	0.3905	7.279	0.9061	1	0	0
㣷	38F7	5	0.3743	6.613	0.9218	1	0	0
㣸	38F8	5	0.4290	7.688	0.9131	1	0	0
㣹	38F9	5	0.4349	7.774	0.9128	1	0	0
㣺	38FA	5	0.2051	2.717	0.9513	1	0	0
㣻	38FB	5	0.3117	4.965	0.9215	1	0	0
㣼	38FC	5	0.3508	5.136	0.9539	1	0	0
㣽	38FD	5	0.3517	5.435	0.9132	1	0	0
㣾	38FE	5	0.3447	5.274	0.9518	1	0	0
㣿	38FF	5	0.2908	4.166	0.9439	1	0	0
㤀	3900	5	0.3478	5.489	0.9358	1	0	0
㤁	3901	5	0.3692	5.358	0.9493	1	0	0
㤂	3902	5	0.4016	5.632	0.9340	1	0	0
㤃	3903	5	0.3062	4.637	0.9291	1	0	0
㤄	3904	5	0.3358	4.673	0.9835	1	0	0
㤅	3905	5	0.3984	5.566	0.9379	1	0	0
㤆	3906	5	0.3600	5.654	0.9490	1	0	0
㤇	3907	5	0.3062	4.755	0.9585	1	0	0
㤈	3908	5	0.2885	4.714	0.9546	1	0	0
㤉	3909	5	0.3373	4.885	0.9606	1	0	0
㤊	390A	5	0.3151	5.392	0.9131	1	0	0
㤋	390B	5	0.3180	4.999	0.9310	1	0	0
㤌	390C	5	0.3462	4.512	0.9761	1	0	0
㤍	390D	5	0.3683	5.128	0.8886	1	0	0
㤎	390E	5	0.3723	5.323	0.9527	1	0	0
㤏	390F	5	0.3240	5.337	0.9404	1	0	0
㤐	3910	5	0.3349	4.663	0.9495	1	0	0
㤑	3911	5	0.3476	4.806	0.9603	1	0	0
㤒	3912	5	0.3195	4.841	0.9692	1	0	0
㤓	3913	5	0.3462	5.028	0.9333	1	0	0
㤔	3914	5	0.3402	5.070	0.9256	1	0	0
㤕	3915	5	0.3600	4.710	0.9451	1	0	0
㤖	3916	5	0.3092	4.286	0.8888	1	0	0
㤗	3917	5	0.3831	5.990	0.9613	1	0	0
㤘	3918	5	0.3631	4.818	0.9325	1	0	0
㤙	3919	5	0.4256	5.280	0.9508	1	0	0
㤚	391A	5	0.3166	4.874	0.9469	1	0	0
㤛	391B	5	0.2977	5.082	0.9591	1	0	0
㤜	391C	5	0.3639	6.035	0.9242	1	0	0
㤝	391D	5	0.3476	5.412	0.9239	1	0	0
㤞	391E	5	0.3523	5.209	0.8895	1	0	0
㤟	391F	5	0.4359	5.547	0.9514	1	0	0
㤠	3920	5	0.3766	5.863	0.9011	1	0	0
㤡	3921	5	0.3938	5.473	0.9583	1	0	0
㤢	3922	5	0.3669	5.067	0.9298	1	0	0
㤣	3923	5	0.3767	5.416	0.9180	1	0	0
㤤	3924	5	0.3920	5.391	0.9417	1	0	0
㤥	3925	5	0.3506	5.726	0.9135	1	0	0
㤦	3926	5	0.3802	5.596	0.9347	1	0	0
㤧	3927	5	0.3802	5.386	0.9570	1	0	0
㤨	3928	5	0.3358	5.010	0.9482	1	0	0
㤩	3929	5	0.4077	6.248	0.8893	1	0	0
㤪	392A	5	0.4283	6.179	0.9242	1	0	0
㤫	392B	5	0.3800	5.907	0.9480	1	0	0
㤬	392C	5	0.3639	4.847	0.9443	1	0	0
㤭	392D	5	0.3284	5.240	0.9799	1	0	0
㤮	392E	5	0.3954	6.130	0.9241	1	0	0
㤯	392F	5	0.3831	5.771	0.9680	1	0	0
㤰	3930	5	0.3323	5.301	0.9242	1	0	0
㤱	3931	5	0.3550	5.292	0.9229	1	0	0
㤲	3932	5	0.3831	6.446	0.8904	1	0	0
㤳	3933	5	0.3580	5.253	0.9518	1	0	0
㤴	3934	5	0.4083	5.614	0.9420	1	0	0
㤵	3935	5	0.3669	6.022	0.9388	1	0	0
㤶	3936	5	0.3388	6.251	0.9383	1	0	0
㤷	3937	5	0.3506	5.504	0.9189	1	0	0
㤸	3938	5	0.3639	5.578	0.9239	1	0	0
㤹	3939	5	0.3609	5.663	0.9271	1	0	0
㤺	393A	5	0.3491	5.312	0.9412	1	0	0
㤻	393B	5	0.3830	6.155	0.9349	1	0	0
㤼	393C	5	0.4154	6.046	0.9237	1	0	0
㤽	393D	5	0.3994	5.837	0.9489	1	0	0
㤾	393E	5	0.3521	5.837	0.9488	1	0	0
㤿	393F	5	0.4186	5.865	0.9213	1	0	0
㥀	3940	5	0.4246	5.697	0.9519	1	0	0
㥁	3941	5	0.4583	6.266	0.9366	1	0	0
㥂	3942	5	0.4112	5.770	0.9199	1	0	0
㥃	3943	5	0.3800	4.846	0.9231	1	0	0
㥄	3944	5	0.3876	6.392	0.8725	1	0	0
㥅	3945	5	0.3891	6.327	0.8845	1	0	0
㥆	3946	5	0.3950	5.932	0.9337	1	0	0
㥇	3947	5	0.4083	6.785	0.8985	1	0	0
㥈	3948	5	0.4031	5.668	0.9277	1	0	0
㥉	3949	5	0.3447	5.243	0.9390	1	0	0
㥊	394A	5	0.4769	6.075	0.9627	1	0	0
㥋	394B	5	0.3624	6.075	0.9243	1	0	0
㥌	394C	5	0.4046	6.179	0.9003	1	0	0
㥍	394D	5	0.3772	5.394	0.9340	1	0	0
㥎	394E	5	0.3846	6.283	0.9141	1	0	0
㥏	394F	5	0.4038	6.000	0.9359	1	0	0
㥐	3950	5	0.3708	5.879	0.9094	1	0	0
㥑	3951	5	0.4417	6.129	0.9185	1	0	0
㥒	3952	5	0.3136	5.852	0.9530	1	0	0
㥓	3953	5	0.3432	5.548	0.9532	1	0	0
㥔	3954	5	0.3994	5.758	0.9085	1	0	0
㥕	3955	5	0.3590	6.496	0.9313	1	0	0
㥖	3956	5	0.3432	7.031	0.9245	1	0	0
㥗	3957	5	0.4157	5.908	0.8984	1	0	0
㥘	3958	5	0.4185	6.635	0.9124	1	0	0
㥙	3959	5	0.3698	5.567	0.9223	1	0	0
㥚	395A	5	0.3646	5.413	0.9380	1	0	0
㥛	395B	5	0.4127	6.603	0.9727	1	0	0
㥜	395C	5	0.4785	5.734	0.9572	1	0	0
㥝	395D	5	0.4172	5.822	0.9479	1	0	0
㥞	395E	5	0.3580	6.297	0.8979	1	0	0
㥟	395F	5	0.3979	6.466	0.9219	1	0	0
㥠	3960	5	0.4172	6.288	0.9602	1	0	0
㥡	3961	5	0.4305	6.793	0.9484	1	0	0
㥢	3962	5	0.4393	6.159	0.9274	1	0	0
㥣	3963	5	0.4647	7.257	0.9171	1	0	0
㥤	3964	5	0.3654	6.634	0.9015	1	0	0
㥥	3965	5	0.4508	5.956	0.9584	1	0	0
㥦	3966	5	0.5167	6.835	0.9132	1	0	0
㥧	3967	5	0.4231	5.870	0.9423	1	0	0
㥨	3968	5	0.4343	6.587	0.9199	1	0	0
㥩	3969	5	0.4068	5.490	0.9423	1	0	0
㥪	396A	5	0.4098	6.453	0.8941	1	0	0
㥫	396B	5	0.4431	5.855	0.9733	1	0	0
㥬	396C	5	0.3920	5.880	0.9288	1	0	0
㥭	396D	5	0.4112	6.696	0.9334	1	0	0
㥮	396E	5	0.4292	6.753	0.8888	1	0	0
㥯	396F	5	0.3447	7.682	0.9307	1	0	0
㥰	3970	5	0.4277	6.180	0.8994	1	0	0
㥱	3971	5	0.3817	6.006	0.9829	1	0	0
㥲	3972	5	0.4615	7.436	0.9390	1	0	0
㥳	3973	5	0.4275	6.330	0.9418	1	0	0
㥴	3974	5	0.4038	7.084	0.9339	1	0	0
㥵	3975	5	0.4462	6.789	0.9474	1	0	0
㥶	3976	5	0.4551	6.952	0.9456	1	0	0
㥷	3977	5	0.4508	7.389	0.8924	1	0	0
㥸	3978	5	0.4954	6.746	0.9300	1	0	0
㥹	3979	5	0.3892	6.684	0.9058	1	0	0
㥺	397A	5	0.4438	6.168	0.9291	1	0	0
㥻	397B	5	0.4154	7.049	0.9153	1	0	0
㥼	397C	5	0.4024	6.591	0.9367	1	0	0
㥽	397D	5	0.3802	6.457	0.9799	1	0	0
㥾	397E	5	0.4556	6.525	0.9460	1	0	0
㥿	397F	5	0.4446	6.752	0.9609	1	0	0
㦀	3980	5	0.4053	6.990	0.9326	1	0	0
㦁	3981	5	0.3935	7.270	0.9390	1	0	0
㦂	3982	5	0.3782	6.320	0.9369	1	0	0
㦃	3983	5	0.4231	6.536	0.9503	1	0	0
㦄	3984	5	0.4123	6.791	0.9090	1	0	0
㦅	3985	5	0.4231	6.188	0.9386	1	0	0
㦆	3986	5	0.3969	6.664	0.8896	1	0	0
㦇	3987	5	0.4527	6.649	0.9255	1	0	0
㦈	3988	5	0.4305	6.173	0.9065	1	0	0
㦉	3989	5	0.3609	6.605	0.9317	1	0	0
㦊	398A	5	0.4467	5.891	0.9630	1	0	0
㦋	398B	5	0.4290	6.510	0.9069	1	0	0
㦌	398C	5	0.4311	8.521	0.9036	1	0	0
㦍	398D	5	0.3846	6.029	0.9412	1	0	0
㦎	398E	5	0.4053	7.115	0.9514	1	0	0
㦏	398F	5	0.4354	6.710	0.9316	1	0	0
㦐	3990	5	0.3713	6.824	0.9187	1	0	0
㦑	3991	5	0.4393	6.604	0.8939	1	0	0
㦒	3992	5	0.4320	6.498	0.9145	1	0	0
㦓	3993	5	0.3447	7.038	0.9180	1	0	0
㦔	3994	5	0.4087	6.980	0.9526	1	0	0
㦕	3995	5	0.4704	7.466	0.8835	1	0	0
㦖	3996	5	0.4738	6.557	0.9304	1	0	0
㦗	3997	5	0.4172	6.792	0.9145	1	0	0
㦘	3998	5	0.3831	6.965	0.9498	1	0	0
㦙	3999	5	0.4262	7.234	0.9691	1	0	0
㦚	399A	5	0.3743	6.705	0.9034	1	0	0
㦛	399B	5	0.4083	6.731	0.9657	1	0	0
㦜	399C	5	0.4334	7.227	0.9180	1	0	0
㦝	399D	5	0.4077	7.505	0.8822	1	0	0
㦞	399E	5	0.3654	8.860	0.9615	1	0	0
㦟	399F	5	0.4492	7.917	0.9422	1	0	0
㦠	39A0	5	0.3757	6.778	0.9108	1	0	0
㦡	39A1	5	0.4216	7.577	0.9010	1	0	0
㦢	39A2	5	0.4172	6.740	0.9387	1	0	0
㦣	39A3	5	0.3757	7.049	0.9467	1	0	0
㦤	39A4	5	0.3964	7.762	0.9216	1	0	0
㦥	39A5	5	0.4083	7.538	0.9286	1	0	0
㦦	39A6	5	0.4615	6.936	0.9252	1	0	0
㦧	39A7	5	0.4497	7.163	0.9396	1	0	0
㦨	39A8	5	0.4846	7.440	0.9605	1	0	0
㦩	39A9	5	0.4379	8.346	0.9033	1	0	0
㦪	39AA	5	0.4009	7.947	0.8663	1	0	0
㦫	39AB	5	0.4098	7.625	0.9281	1	0	0
㦬	39AC	5	0.4423	7.820	0.9222	1	0	0
㦭	39AD	5	0.4586	8.308	0.9004	1	0	0
㦮	39AE	5	0.3662	5.422	0.9254	1	0	0
㦯	39AF	5	0.3521	5.514	0.9381	1	0	0
㦰	39B0	5	0.2885	4.832	0.9075	1	0	0
㦱	39B1	5	0.3533	5.450	0.9588	1	0	0
㦲	39B2	5	0.3732	5.680	0.9566	1	0	0
㦳	39B3	5	0.3746	5.624	0.9551	1	0	0
㦴	39B4	5	0.4053	6.346	0.8728	1	0	0
㦵	39B5	5	0.3920	6.048	0.9348	1	0	0
㦶	39B6	5	0.4083	6.274	0.9349	1	0	0
㦷	39B7	5	0.4800	6.395	0.9342	1	0	0
㦸	39B8	5	0.4231	5.870	0.9435	1	0	0
㦹	39B9	5	0.4719	7.281	0.9113	1	0	0
㦺	39BA	5	0.4172	7.350	0.9393	1	0	0
㦻	39BB	5	0.4186	7.062	0.9204	1	0	0
㦼	39BC	5	0.4275	6.875	0.9007	1	0	0
㦽	39BD	5	0.4408	7.427	0.9321	1	0	0
㦾	39BE	5	0.3600	6.139	0.9230	1	0	0
㦿	39BF	5	0.3738	5.114	0.9694	1	0	0
㧀	39C0	5	0.4062	5.739	0.9665	1	0	0
㧁	39C1	5	0.4077	5.666	0.9649	1	0	0
㧂	39C2	5	0.4455	5.281	0.9650	1	0	0
㧃	39C3	5	0.3227	3.557	0.9248	1	0	0
㧄	39C4	5	0.3108	3.567	0.9622	1	0	0
㧅	39C5	5	0.3431	4.508	0.8886	1	0	0
㧆	39C6	5	0.3831	4.144	0.9668	1	0	0
㧇	39C7	5	0.3590	4.155	0.9643	1	0	0
㧈	39C8	5	0.3385	4.490	0.9280	1	0	0
㧉	39C9	5	0.3107	4.498	0.9577	1	0	0
㧊	39CA	5	0.3447	4.606	0.9687	1	0	0
㧋	39CB	5	0.3200	4.678	0.9149	1	0	0
㧌	39CC	5	0.3447	4.760	0.9333	1	0	0
㧍	39CD	5	0.3210	4.505	0.9435	1	0	0
㧎	39CE	5	0.3402	4.789	0.9436	1	0	0
㧏	39CF	5	0.4185	5.477	0.9363	1	0	0
㧐	39D0	5	0.3950	6.022	0.9548	1	0	0
㧑	39D1	5	0.3723	5.276	0.9257	1	0	0
㧒	39D2	5	0.3077	4.722	0.9244	1	0	0
㧓	39D3	5	0.3964	5.892	0.9530	1	0	0
㧔	39D4	5	0.3669	5.548	0.9428	1	0	0
㧕	39D5	5	0.4054	5.477	0.9257	1	0	0
㧖	39D6	5	0.3846	5.430	0.9739	1	0	0
㧗	39D7	5	0.3802	5.389	0.9386	1	0	0
㧘	39D8	5	0.3954	5.677	0.9712	1	0	0
㧙	39D9	5	0.3565	5.591	0.9114	1	0	0
㧚	39DA	5	0.3728	5.197	0.9363	1	0	0
㧛	39DB	5	0.3476	5.336	0.9550	1	0	0
㧜	39DC	5	0.3935	5.597	0.9620	1	0	0
㧝	39DD	5	0.4068	5.659	0.9617	1	0	0
㧞	39DE	5	0.3891	5.791	0.9398	1	0	0
㧟	39DF	5	0.2988	4.534	0.9714	1	0	0
㧠	39E0	5	0.3323	5.098	0.9230	1	0	0
㧡	39E1	5	0.3565	5.582	0.9302	1	0	0
㧢	39E2	5	0.4462	5.644	0.9628	1	0	0
㧣	39E3	5	0.3698	5.269	0.9270	1	0	0
㧤	39E4	5	0.3595	5.340	0.9075	1	0	0
㧥	39E5	5	0.3595	5.027	0.9220	1	0	0
㧦	39E6	5	0.3708	5.028	0.9267	1	0	0
㧧	39E7	5	0.3802	5.745	0.9339	1	0	0
㧨	39E8	5	0.3905	5.411	0.9597	1	0	0
㧩	39E9	5	0.4142	6.577	0.9532	1	0	0
㧪	39EA	5	0.4038	5.771	0.9231	1	0	0
㧫	39EB	5	0.4009	5.624	0.9575	1	0	0
㧬	39EC	5	0.4246	6.021	0.9060	1	0	0
㧭	39ED	5	0.3950	5.703	0.9677	1	0	0
㧮	39EE	5	0.3622	4.341	0.9448	1	0	0
㧯	39EF	5	0.3876	5.442	0.9224	1	0	0
㧰	39F0	5	0.3402	5.103	0.9270	1	0	0
㧱	39F1	5	0.3476	5.137	0.9546	1	0	0
㧲	39F2	5	0.3728	5.317	0.9331	1	0	0
㧳	39F3	5	0.4172	6.432	0.9239	1	0	0
㧴	39F4	5	0.3964	6.226	0.9575	1	0	0
㧵	39F5	5	0.3639	5.226	0.9494	1	0	0
㧶	39F6	5	0.4246	5.601	0.9533	1	0	0
㧷	39F7	5	0.3757	5.126	0.9416	1	0	0
㧸	39F8	5	0.3417	4.913	0.9473	1	0	0
㧹	39F9	5	0.4231	5.567	0.9343	1	0	0
㧺	39FA	5	0.4127	5.712	0.9426	1	0	0
㧻	39FB	5	0.3772	6.148	0.9165	1	0	0
㧼	39FC	5	0.3950	5.655	0.9556	1	0	0
㧽	39FD	5	0.4338	5.563	0.9637	1	0	0
㧾	39FE	5	0.3846	6.366	0.9425	1	0	0
㧿	39FF	5	0.3225	5.560	0.9062	1	0	0
㨀	3A00	5	0.4127	6.231	0.9506	1	0	0
㨁	3A01	5	0.4349	5.587	0.9432	1	0	0
㨂	3A02	5	0.4186	5.821	0.9448	1	0	0
㨃	3A03	5	0.4024	5.601	0.9236	1	0	0
㨄	3A04	5	0.4431	5.814	0.9556	1	0	0
㨅	3A05	5	0.3905	5.697	0.9215	1	0	0
㨆	3A06	5	0.3979	5.710	0.8925	1	0	0
㨇	3A07	5	0.4393	7.102	0.9152	1	0	0
㨈	3A08	5	0.3846	5.677	0.9044	1	0	0
㨉	3A09	5	0.4349	6.373	0.9535	1	0	0
㨊	3A0A	5	0.4305	5.881	0.9647	1	0	0
㨋	3A0B	5	0.4157	5.392	0.9452	1	0	0
㨌	3A0C	5	0.4083	6.625	0.9259	1	0	0
㨍	3A0D	5	0.4000	6.422	0.9493	1	0	0
㨎	3A0E	5	0.4215	6.235	0.9409	1	0	0
㨏	3A0F	5	0.3950	6.308	0.9573	1	0	0
㨐	3A10	5	0.4038	5.989	0.9473	1	0	0
㨑	3A11	5	0.4068	6.902	0.8972	1	0	0
㨒	3A12	5	0.4246	5.893	0.8941	1	0	0
㨓	3A13	5	0.3862	5.697	0.9342	1	0	0
㨔	3A14	5	0.4320	6.662	0.9266	1	0	0
㨕	3A15	5	0.4571	6.478	0.9381	1	0	0
㨖	3A16	5	0.4186	6.483	0.9166	1	0	0
㨗	3A17	5	0.4172	5.709	0.9466	1	0	0
㨘	3A18	5	0.3876	5.734	0.9223	1	0	0
㨙	3A19	5	0.4216	6.890	0.8875	1	0	0
㨚	3A1A	5	0.3787	5.663	0.9679	1	0	0
㨛	3A1B	5	0.4569	5.676	0.9186	1	0	0
㨜	3A1C	5	0.4142	6.562	0.9436	1	0	0
㨝	3A1D	5	0.4554	6.607	0.9344	1	0	0
㨞	3A1E	5	0.4296	6.699	0.9356	1	0	0
㨟	3A1F	5	0.4172	5.918	0.8807	1	0	0
㨠	3A20	5	0.3979	6.062	0.9326	1	0	0
㨡	3A21	5	0.4615	6.757	0.9400	1	0	0
㨢	3A22	5	0.4201	6.520	0.9143	1	0	0
㨣	3A23	5	0.3964	6.986	0.9030	1	0	0
㨤	3A24	5	0.4467	6.466	0.9606	1	0	0
㨥	3A25	5	0.4554	7.042	0.8764	1	0	0
㨦	3A26	5	0.4246	6.515	0.9269	1	0	0
㨧	3A27	5	0.4364	6.293	0.9045	1	0	0
㨨	3A28	5	0.4385	6.317	0.9523	1	0	0
㨩	3A29	5	0.3950	6.791	0.9572	1	0	0
㨪	3A2A	5	0.4349	6.169	0.8759	1	0	0
㨫	3A2B	5	0.4127	6.166	0.9201	1	0	0
㨬	3A2C	5	0.4334	6.078	0.9493	1	0	0
㨭	3A2D	5	0.4556	6.592	0.9628	1	0	0
㨮	3A2E	5	0.3891	6.048	0.9157	1	0	0
㨯	3A2F	5	0.4275	6.562	0.9407	1	0	0
㨰	3A30	5	0.3580	6.718	0.9247	1	0	0
㨱	3A31	5	0.3846	6.811	0.9273	1	0	0
㨲	3A32	5	0.4127	5.894	0.9430	1	0	0
㨳	3A33	5	0.3832	6.082	0.9392	1	0	0
㨴	3A34	5	0.4275	5.985	0.9093	1	0	0
㨵	3A35	5	0.4053	6.586	0.9052	1	0	0
㨶	3A36	5	0.4127	6.389	0.9300	1	0	0
㨷	3A37	5	0.4556	6.138	0.9336	1	0	0
㨸	3A38	5	0.3728	6.491	0.9155	1	0	0
㨹	3A39	5	0.4393	5.948	0.9474	1	0	0
㨺	3A3A	5	0.4349	6.500	0.8906	1	0	0
㨻	3A3B	5	0.3575	6.894	0.9881	1	0	0
㨼	3A3C	5	0.3433	7.116	0.9194	1	0	0
㨽	3A3D	5	0.4600	6.138	0.9454	1	0	0
㨾	3A3E	5	0.4438	6.865	0.9188	1	0	0
㨿	3A3F	5	0.4349	7.341	0.9352	1	0	0
㩀	3A40	5	0.4290	7.091	0.9085	1	0	0
㩁	3A41	5	0.4504	5.769	0.9424	1	0	0
㩂	3A42	5	0.4467	6.668	0.8940	1	0	0
㩃	3A43	5	0.4186	6.424	0.9310	1	0	0
㩄	3A44	5	0.4349	6.340	0.9403	1	0	0
㩅	3A45	5	0.4675	6.178	0.9432	1	0	0
㩆	3A46	5	0.4260	6.971	0.9352	1	0	0
㩇	3A47	5	0.4201	7.007	0.9331	1	0	0
㩈	3A48	5	0.4423	6.850	0.9293	1	0	0
㩉	3A49	5	0.4053	7.016	0.9155	1	0	0
㩊	3A4A	5	0.3639	6.306	0.9118	1	0	0
㩋	3A4B	5	0.4338	6.997	0.9585	1	0	0
㩌	3A4C	5	0.3935	6.934	0.9486	1	0	0
㩍	3A4D	5	0.4112	6.462	0.9554	1	0	0
㩎	3A4E	5	0.4393	6.700	0.9242	1	0	0
㩏	3A4F	5	0.4408	6.785	0.9637	1	0	0
㩐	3A50	5	0.3772	5.931	0.9175	1	0	0
㩑	3A51	5	0.4053	6.055	0.9718	1	0	0
㩒	3A52	5	0.4157	6.647	0.9026	1	0	0
㩓	3A53	5	0.3491	7.679	0.9467	1	0	0
㩔	3A54	5	0.4837	7.684	0.9085	1	0	0
㩕	3A55	5	0.4083	6.889	0.8681	1	0	0
㩖	3A56	5	0.4379	7.151	0.9331	1	0	0
㩗	3A57	5	0.4431	6.900	0.9264	1	0	0
㩘	3A58	5	0.4160	7.262	0.9199	1	0	0
㩙	3A59	5	0.4846	6.664	0.8649	1	0	0
㩚	3A5A	5	0.4512	7.243	0.9292	1	0	0
㩛	3A5B	5	0.4831	7.559	0.9221	1	0	0
㩜	3A5C	5	0.4393	6.549	0.9042	1	0	0
㩝	3A5D	5	0.3917	7.568	0.9178	1	0	0
㩞	3A5E	5	0.4260	7.241	0.8790	1	0	0
㩟	3A5F	5	0.4334	6.923	0.8778	1	0	0
㩠	3A60	5	0.4926	7.582	0.8928	1	0	0
㩡	3A61	5	0.4631	6.554	0.9117	1	0	0
㩢	3A62	5	0.4586	6.977	0.8875	1	0	0
㩣	3A63	5	0.4482	7.709	0.9305	1	0	0
㩤	3A64	5	0.4527	7.458	0.8999	1	0	0
㩥	3A65	5	0.4512	6.889	0.9267	1	0	0
㩦	3A66	5	0.4295	7.113	0.9141	1	0	0
㩧	3A67	5	0.4373	7.047	0.9621	1	0	0
㩨	3A68	5	0.3698	7.354	0.9178	1	0	0
㩩	3A69	5	0.4815	7.432	0.8593	1	0	0
㩪	3A6A	5	0.4477	7.389	0.9035	1	0	0
㩫	3A6B	5	0.3861	6.892	0.9180	1	0	0
㩬	3A6C	5	0.4586	8.243	0.8656	1	0	0
㩭	3A6D	5	0.4277	6.699	0.8982	1	0	0
㩮	3A6E	5	0.3960	7.197	0.9325	1	0	0
㩯	3A6F	5	0.4112	8.118	0.8907	1	0	0
㩰	3A70	5	0.3964	6.780	0.9389	1	0	0
㩱	3A71	5	0.4423	7.453	0.9031	1	0	0
㩲	3A72	5	0.4364	6.740	0.9358	1	0	0
㩳	3A73	5	0.4467	7.214	0.9410	1	0	0
㩴	3A74	5	0.4630	7.028	0.9358	1	0	0
㩵	3A75	5	0.4482	8.351	0.9050	1	0	0
㩶	3A76	5	0.4734	8.678	0.8931	1	0	0
㩷	3A77	5	0.4112	7.728	0.9381	1	0	0
㩸	3A78	5	0.4453	7.869	0.9238	1	0	0
㩹	3A79	5	0.4169	7.994	1.0223	1	0	0
㩺	3A7A	5	0.3662	5.728	0.8670	1	0	0
㩻	3A7B	5	0.3994	6.228	0.9387	1	0	0
㩼	3A7C	5	0.4000	6.394	0.8904	1	0	0
㩽	3A7D	5	0.3979	5.721	0.9445	1	0	0
㩾	3A7E	5	0.4290	6.142	0.9487	1	0	0
㩿	3A7F	5	0.3565	5.442	0.9435	1	0	0
㪀	3A80	5	0.3269	4.679	0.9411	1	0	0
㪁	3A81	5	0.3314	5.321	0.9144	1	0	0
㪂	3A82	5	0.3269	5.111	0.9332	1	0	0
㪃	3A83	5	0.3698	5.396	0.9302	1	0	0
㪄	3A84	5	0.4038	6.183	0.9580	1	0	0
㪅	3A85	5	0.4688	6.159	0.9514	1	0	0
㪆	3A86	5	0.3938	5.907	0.9334	1	0	0
㪇	3A87	5	0.3994	5.678	0.9517	1	0	0
㪈	3A88	5	0.3402	5.240	0.9653	1	0	0
㪉	3A89	5	0.3521	5.641	0.9308	1	0	0
㪊	3A8A	5	0.4305	5.841	0.9416	1	0	0
㪋	3A8B	5	0.3817	5.676	0.9623	1	0	0
㪌	3A8C	5	0.4708	5.943	0.9244	1	0	0
㪍	3A8D	5	0.4062	5.795	0.9255	1	0	0
㪎	3A8E	5	0.3521	6.010	0.9440	1	0	0
㪏	3A8F	5	0.4246	5.802	0.9381	1	0	0
㪐	3A90	5	0.3846	6.106	0.9260	1	0	0
㪑	3A91	5	0.4379	6.163	0.9329	1	0	0
㪒	3A92	5	0.3506	5.748	0.9435	1	0	0
㪓	3A93	5	0.3343	6.072	0.9596	1	0	0
㪔	3A94	5	0.3521	5.952	0.9435	1	0	0
㪕	3A95	5	0.4009	5.332	0.9811	1	0	0
㪖	3A96	5	0.3802	6.124	0.9672	1	0	0
㪗	3A97	5	0.3654	5.654	0.9489	1	0	0
㪘	3A98	5	0.3979	6.152	0.9128	1	0	0
㪙	3A99	5	0.3905	6.239	0.9431	1	0	0
㪚	3A9A	5	0.4349	5.891	0.9206	1	0	0
㪛	3A9B	5	0.4157	6.207	0.9605	1	0	0
㪜	3A9C	5	0.4260	6.333	0.9656	1	0	0
㪝	3A9D	5	0.4467	6.359	0.8921	1	0	0
㪞	3A9E	5	0.4600	6.332	0.9087	1	0	0
㪟	3A9F	5	0.4523	6.182	0.9067	1	0	0
㪠	3AA0	5	0.4719	6.510	0.9217	1	0	0
㪡	3AA1	5	0.4262	6.362	0.9242	1	0	0
㪢	3AA2	5	0.4000	6.382	0.9407	1	0	0
㪣	3AA3	5	0.3920	6.479	0.9469	1	0	0
㪤	3AA4	5	0.4252	6.392	0.9798	1	0	0
㪥	3AA5	5	0.3817	6.780	0.9501	1	0	0
㪦	3AA6	5	0.4453	6.555	0.9358	1	0	0
㪧	3AA7	5	0.4231	7.250	0.8913	1	0	0
㪨	3AA8	5	0.4453	6.587	0.9138	1	0	0
㪩	3AA9	5	0.4186	7.149	0.9738	1	0	0
㪪	3AAA	5	0.4024	6.368	0.9603	1	0	0
㪫	3AAB	5	0.4053	7.058	0.9292	1	0	0
㪬	3AAC	5	0.4512	7.143	0.9369	1	0	0
㪭	3AAD	5	0.4172	7.376	0.9699	1	0	0
㪮	3AAE	5	0.4446	7.712	0.9241	1	0	0
㪯	3AAF	5	0.3609	5.069	0.9598	1	0	0
㪰	3AB0	5	0.4038	6.124	0.8824	1	0	0
㪱	3AB1	5	0.3861	5.885	0.9379	1	0	0
㪲	3AB2	5	0.2548	3.675	0.9806	1	0	0
㪳	3AB3	5	0.3117	4.620	0.9374	1	0	0
㪴	3AB4	5	0.3047	4.736	0.9787	1	0	0
㪵	3AB5	5	0.3047	5.079	0.9541	1	0	0
㪶	3AB6	5	0.3595	5.074	0.9779	1	0	0
㪷	3AB7	5	0.3277	5.171	0.9634	1	0	0
㪸	3AB8	5	0.3639	5.448	0.9425	1	0	0
㪹	3AB9	5	0.3994	6.539	0.9293	1	0	0
㪺	3ABA	5	0.4038	6.702	0.9756	1	0	0
㪻	3ABB	5	0.3654	8.094	0.8943	1	0	0
㪼	3ABC	5	0.3107	4.937	0.9854	1	0	0
㪽	3ABD	5	0.4100	4.740	0.9877	1	0	0
㪾	3ABE	5	0.3802	5.547	0.9396	1	0	0
㪿	3ABF	5	0.3877	5.345	0.9243	1	0	0
㫀	3AC0	5	0.4354	5.280	0.9797	1	0	0
㫁	3AC1	5	0.3938	6.871	0.8821	1	0	0
㫂	3AC2	5	0.3757	6.141	0.9488	1	0	0
㫃	3AC3	5	0.3195	4.673	0.9259	1	0	0
㫄	3AC4	5	0.3892	5.616	0.9437	1	0	0
㫅	3AC5	5	0.3536	5.716	0.9319	1	0	0
㫆	3AC6	5	0.3447	5.720	0.9313	1	0	0
㫇	3AC7	5	0.3003	5.077	0.9546	1	0	0
㫈	3AC8	5	0.3432	5.801	0.9481	1	0	0
㫉	3AC9	5	0.4142	6.317	0.9224	1	0	0
㫊	3ACA	5	0.3646	5.567	0.9568	1	0	0
㫋	3ACB	5	0.4305	6.034	0.9097	1	0	0
㫌	3ACC	5	0.3728	5.677	0.9451	1	0	0
㫍	3ACD	5	0.4305	6.794	0.9171	1	0	0
㫎	3ACE	5	0.4393	6.673	0.9337	1	0	0
㫏	3ACF	5	0.4822	6.961	0.8978	1	0	0
㫐	3AD0	5	0.4524	4.596	0.9532	1	0	0
㫑	3AD1	5	0.3528	4.276	0.9103	1	0	0
㫒	3AD2	5	0.3538	4.276	0.9539	1	0	0
㫓	3AD3	5	0.3708	4.488	0.9622	1	0	0
㫔	3AD4	5	0.3750	3.515	1.0077	1	0	0
㫕	3AD5	5	0.3808	4.742	0.9363	1	0	0
㫖	3AD6	5	0.3526	4.222	1.0151	1	0	0
㫗	3AD7	5	0.3892	4.590	0.9713	1	0	0
㫘	3AD8	5	0.4117	4.816	0.9859	1	0	0
㫙	3AD9	5	0.3492	4.505	0.9747	1	0	0
㫚	3ADA	5	0.4510	5.764	0.9354	1	0	0
㫛	3ADB	5	0.4224	4.553	0.9400	1	0	0
㫜	3ADC	5	0.4522	4.051	1.0079	1	0	0
㫝	3ADD	5	0.4064	5.159	0.9459	1	0	0
㫞	3ADE	5	0.3800	5.223	0.9530	1	0	0
㫟	3ADF	5	0.3984	4.456	0.9785	1	0	0
㫠	3AE0	5	0.3600	4.425	0.9869	1	0	0
㫡	3AE1	5	0.3440	5.646	0.9634	1	0	0
㫢	3AE2	5	0.3892	4.663	0.9300	1	0	0
㫣	3AE3	5	0.5000	5.331	0.9703	1	0	0
㫤	3AE4	5	0.3862	5.591	0.9382	1	0	0
㫥	3AE5	5	0.4199	4.818	0.9543	1	0	0
㫦	3AE6	5	0.4038	6.095	0.9307	1	0	0
㫧	3AE7	5	0.4256	5.440	0.9227	1	0	0
㫨	3AE8	5	0.4154	5.382	0.9512	1	0	0
㫩	3AE9	5	0.4054	4.994	1.0025	1	0	0
㫪	3AEA	5	0.4290	5.735	0.9429	1	0	0
㫫	3AEB	5	0.4550	5.088	0.9597	1	0	0
㫬	3AEC	5	0.4247	5.007	0.9547	1	0	0
㫭	3AED	5	0.4000	5.632	0.9694	1	0	0
㫮	3AEE	5	0.3802	5.134	0.9777	1	0	0
㫯	3AEF	5	0.3968	6.533	0.9643	1	0	0
㫰	3AF0	5	0.3746	5.223	0.9873	1	0	0
㫱	3AF1	5	0.4000	5.915	0.9625	1	0	0
㫲	3AF2	5	0.4015	4.914	0.9762	1	0	0
㫳	3AF3	5	0.4523	6.635	0.9632	1	0	0
㫴	3AF4	5	0.4492	5.354	0.9255	1	0	0
㫵	3AF5	5	0.3969	4.539	0.9841	1	0	0
㫶	3AF6	5	0.4944	5.482	0.9763	1	0	0
㫷	3AF7	5	0.4512	5.812	0.9661	1	0	0
㫸	3AF8	5	0.4862	5.883	0.9704	1	0	0
㫹	3AF9	5	0.3680	5.538	0.9931	1	0	0
㫺	3AFA	5	0.4164	6.172	0.9384	1	0	0
㫻	3AFB	5	0.4538	5.652	0.9511	1	0	0
㫼	3AFC	5	0.4535	5.776	0.9982	1	0	0
㫽	3AFD	5	0.4320	5.552	0.9582	1	0	0
㫾	3AFE	5	0.4503	5.597	0.9210	1	0	0
㫿	3AFF	5	0.4446	5.095	0.9583	1	0	0
㬀	3B00	5	0.4369	5.334	0.9390	1	0	0
㬁	3B01	5	0.3792	6.189	0.9566	1	0	0
㬂	3B02	5	0.5200	5.428	0.9797	1	0	0
㬃	3B03	5	0.3733	6.805	0.9630	1	0	0
㬄	3B04	5	0.4064	6.801	0.9558	1	0	0
㬅	3B05	5	0.4183	6.343	0.9698	1	0	0
㬆	3B06	5	0.4560	5.965	0.9757	1	0	0
㬇	3B07	5	0.4215	5.292	0.9544	1	0	0
㬈	3B08	5	0.4992	5.086	0.9910	1	0	0
㬉	3B09	5	0.4672	5.876	0.9360	1	0	0
㬊	3B0A	5	0.4200	7.643	0.9204	1	0	0
㬋	3B0B	5	0.4338	6.033	0.9380	1	0	0
㬌	3B0C	5	0.3983	6.535	1.0107	1	0	0
㬍	3B0D	5	0.4631	5.825	0.9677	1	0	0
㬎	3B0E	5	0.4267	7.089	0.9066	1	0	0
㬏	3B0F	5	0.5050	5.879	0.9127	1	0	0
㬐	3B10	5	0.4896	5.734	0.9835	1	0	0
㬑	3B11	5	0.4646	6.423	0.9533	1	0	0
㬒	3B12	5	0.4215	5.843	0.9232	1	0	0
㬓	3B13	5	0.5133	6.025	0.9411	1	0	0
㬔	3B14	5	0.4017	6.689	0.9242	1	0	0
㬕	3B15	5	0.3923	5.624	0.9354	1	0	0
㬖	3B16	5	0.4400	5.676	0.9329	1	0	0
㬗	3B17	5	0.4031	6.855	0.9109	1	0	0
㬘	3B18	5	0.4138	6.983	0.9812	1	0	0
㬙	3B19	5	0.4776	6.794	0.9240	1	0	0
㬚	3B1A	5	0.4492	6.672	0.9125	1	0	0
㬛	3B1B	5	0.4400	6.880	0.9396	1	0	0
㬜	3B1C	5	0.5104	6.918	0.9315	1	0	0
㬝	3B1D	5	0.4920	6.154	0.9302	1	0	0
㬞	3B1E	5	0.4327	6.765	0.9438	1	0	0
㬟	3B1F	5	0.4538	7.512	0.9749	1	0	0
㬠	3B20	5	0.4108	6.613	0.9131	1	0	0
㬡	3B21	5	0.4323	6.470	0.9192	1	0	0
㬢	3B22	5	0.5000	7.212	0.8809	1	0	0
㬣	3B23	5	0.4400	6.444	0.9238	1	0	0
㬤	3B24	5	0.4448	7.187	0.9239	1	0	0
㬥	3B25	5	0.4417	7.868	0.9457	1	0	0
㬦	3B26	5	0.4554	6.984	0.9249	1	0	0
㬧	3B27	5	0.3985	8.311	0.8959	1	0	0
㬨	3B28	5	0.4369	7.563	0.9267	1	0	0
㬩	3B29	5	0.4354	7.181	0.9373	1	0	0
㬪	3B2A	5	0.4154	6.924	0.9646	1	0	0
㬫	3B2B	5	0.4338	7.310	0.9476	1	0	0
㬬	3B2C	5	0.5168	6.631	0.9621	1	0	0
㬭	3B2D	5	0.4831	7.280	0.9315	1	0	0
㬮	3B2E	5	0.4677	7.930	0.9431	1	0	0
㬯	3B2F	5	0.4769	7.961	0.9369	1	0	0
㬰	3B30	5	0.3702	4.530	0.9700	1	0	0
㬱	3B31	5	0.4538	6.466	0.9516	1	0	0
㬲	3B32	5	0.4882	7.653	0.8870	1	0	0
㬳	3B33	5	0.3432	4.649	0.9555	1	0	0
㬴	3B34	5	0.3979	5.556	0.9310	1	0	0
㬵	3B35	5	0.3728	6.176	0.9157	1	0	0
㬶	3B36	5	0.4334	5.697	0.9620	1	0	0
㬷	3B37	5	0.5040	6.455	0.9171	1	0	0
㬸	3B38	5	0.4334	6.030	0.9185	1	0	0
㬹	3B39	5	0.4246	5.620	0.9273	1	0	0
㬺	3B3A	5	0.4275	6.731	0.9429	1	0	0
㬻	3B3B	5	0.4497	6.279	0.9495	1	0	0
㬼	3B3C	5	0.4497	6.652	0.9078	1	0	0
㬽	3B3D	5	0.4046	6.028	0.9631	1	0	0
㬾	3B3E	5	0.4226	7.164	0.9217	1	0	0
㬿	3B3F	5	0.4527	7.226	0.9315	1	0	0
㭀	3B40	5	0.4763	7.350	0.8975	1	0	0
㭁	3B41	5	0.3215	4.866	0.9304	1	0	0
㭂	3B42	5	0.3033	4.497	0.9408	1	0	0
㭃	3B43	5	0.3210	4.973	0.9514	1	0	0
㭄	3B44	5	0.3491	4.707	0.9397	1	0	0
㭅	3B45	5	0.2604	3.805	0.9603	1	0	0
㭆	3B46	5	0.4100	5.228	0.9909	1	0	0
㭇	3B47	5	0.3210	5.317	0.9331	1	0	0
㭈	3B48	5	0.3565	5.077	0.9280	1	0	0
㭉	3B49	5	0.3385	4.582	0.9700	1	0	0
㭊	3B4A	5	0.3047	4.543	0.9608	1	0	0
㭋	3B4B	5	0.3624	4.437	0.9319	1	0	0
㭌	3B4C	5	0.3136	4.348	0.9776	1	0	0
㭍	3B4D	5	0.3415	5.302	0.9557	1	0	0
㭎	3B4E	5	0.4503	5.749	0.9133	1	0	0
㭏	3B4F	5	0.3476	4.757	0.9662	1	0	0
㭐	3B50	5	0.3985	5.724	0.9526	1	0	0
㭑	3B51	5	0.3314	5.019	0.9847	1	0	0
㭒	3B52	5	0.4000	4.857	0.9918	1	0	0
㭓	3B53	5	0.3554	5.255	0.9253	1	0	0
㭔	3B54	5	0.3654	4.999	0.9348	1	0	0
㭕	3B55	5	0.3654	5.048	0.9105	1	0	0
㭖	3B56	5	0.3107	5.439	0.9264	1	0	0
㭗	3B57	5	0.3985	4.854	0.9363	1	0	0
㭘	3B58	5	0.3624	5.180	0.9578	1	0	0
㭙	3B59	5	0.3521	5.024	0.9340	1	0	0
㭚	3B5A	5	0.3314	5.582	0.9302	1	0	0
㭛	3B5B	5	0.3905	6.139	0.9240	1	0	0
㭜	3B5C	5	0.3817	6.050	0.9218	1	0	0
㭝	3B5D	5	0.3639	5.442	0.9223	1	0	0
㭞	3B5E	5	0.3358	5.837	0.9061	1	0	0
㭟	3B5F	5	0.3831	5.468	0.9671	1	0	0
㭠	3B60	5	0.3757	5.302	0.9212	1	0	0
㭡	3B61	5	0.3923	5.642	0.9416	1	0	0
㭢	3B62	5	0.4523	5.781	0.9367	1	0	0
㭣	3B63	5	0.4185	5.328	0.9379	1	0	0
㭤	3B64	5	0.3785	5.342	0.9277	1	0	0
㭥	3B65	5	0.3846	5.593	0.9286	1	0	0
㭦	3B66	5	0.3580	5.284	0.9245	1	0	0
㭧	3B67	5	0.3891	5.988	0.9217	1	0	0
㭨	3B68	5	0.4477	6.476	0.8985	1	0	0
㭩	3B69	5	0.3373	5.578	0.9102	1	0	0
㭪	3B6A	5	0.4586	5.923	0.9416	1	0	0
㭫	3B6B	5	0.3876	5.798	0.8955	1	0	0
㭬	3B6C	5	0.3817	6.075	0.9433	1	0	0
㭭	3B6D	5	0.3908	5.798	0.9320	1	0	0
㭮	3B6E	5	0.3846	6.365	0.9019	1	0	0
㭯	3B6F	5	0.3757	5.751	0.9463	1	0	0
㭰	3B70	5	0.4292	6.519	0.9851	1	0	0
㭱	3B71	5	0.4423	6.019	0.9648	1	0	0
㭲	3B72	5	0.3432	5.548	0.9393	1	0	0
㭳	3B73	5	0.4053	5.677	0.9147	1	0	0
㭴	3B74	5	0.4231	6.320	0.9341	1	0	0
㭵	3B75	5	0.4185	5.654	0.8921	1	0	0
㭶	3B76	5	0.3698	5.538	0.9375	1	0	0
㭷	3B77	5	0.4523	5.804	0.9056	1	0	0
㭸	3B78	5	0.4275	6.125	0.8917	1	0	0
㭹	3B79	5	0.3580	6.120	0.9426	1	0	0
㭺	3B7A	5	0.4541	6.055	0.9051	1	0	0
㭻	3B7B	5	0.4154	6.011	0.8895	1	0	0
㭼	3B7C	5	0.4216	5.937	0.9329	1	0	0
㭽	3B7D	5	0.4201	6.393	0.9506	1	0	0
㭾	3B7E	5	0.4708	6.138	0.9496	1	0	0
㭿	3B7F	5	0.4169	5.789	0.9242	1	0	0
㮀	3B80	5	0.4000	6.405	0.9369	1	0	0
㮁	3B81	5	0.4142	6.161	0.8896	1	0	0
㮂	3B82	5	0.4323	6.383	0.9363	1	0	0
㮃	3B83	5	0.4112	6.343	0.9369	1	0	0
㮄	3B84	5	0.4083	6.206	0.9327	1	0	0
㮅	3B85	5	0.4677	6.170	0.9589	1	0	0
㮆	3B86	5	0.3604	5.686	0.9366	1	0	0
㮇	3B87	5	0.3624	6.248	0.9427	1	0	0
㮈	3B88	5	0.3846	5.958	0.9328	1	0	0
㮉	3B89	5	0.4246	6.373	0.9384	1	0	0
㮊	3B8A	5	0.4201	6.277	0.9344	1	0	0
㮋	3B8B	5	0.4482	6.476	0.9324	1	0	0
㮌	3B8C	5	0.4660	6.053	0.9627	1	0	0
㮍	3B8D	5	0.3817	6.453	0.8881	1	0	0
㮎	3B8E	5	0.4231	6.144	0.9546	1	0	0
㮏	3B8F	5	0.4308	6.373	0.9336	1	0	0
㮐	3B90	5	0.3950	5.846	0.9342	1	0	0
㮑	3B91	5	0.4364	5.948	0.9731	1	0	0
㮒	3B92	5	0.4393	5.856	0.9163	1	0	0
㮓	3B93	5	0.3447	6.561	0.9086	1	0	0
㮔	3B94	5	0.4808	6.595	0.8923	1	0	0
㮕	3B95	5	0.4216	6.404	0.9399	1	0	0
㮖	3B96	5	0.4068	5.391	0.9418	1	0	0
㮗	3B97	5	0.4053	6.925	0.8915	1	0	0
㮘	3B98	5	0.4246	6.773	0.8915	1	0	0
㮙	3B99	5	0.3905	5.591	0.9493	1	0	0
㮚	3B9A	5	0.4088	6.599	0.9148	1	0	0
㮛	3B9B	5	0.4482	6.048	0.8998	1	0	0
㮜	3B9C	5	0.4660	6.621	0.8859	1	0	0
㮝	3B9D	5	0.4172	6.992	0.9159	1	0	0
㮞	3B9E	5	0.3831	6.144	0.9077	1	0	0
㮟	3B9F	5	0.3920	6.026	0.9415	1	0	0
㮠	3BA0	5	0.4142	5.993	0.9370	1	0	0
㮡	3BA1	5	0.4215	6.646	0.9056	1	0	0
㮢	3BA2	5	0.4053	6.372	0.9477	1	0	0
㮣	3BA3	5	0.4677	6.812	0.9094	1	0	0
㮤	3BA4	5	0.3787	7.033	0.9454	1	0	0
㮥	3BA5	5	0.4512	6.418	0.9019	1	0	0
㮦	3BA6	5	0.4262	6.594	0.9135	1	0	0
㮧	3BA7	5	0.3994	6.221	0.9614	1	0	0
㮨	3BA8	5	0.4689	6.870	0.8733	1	0	0
㮩	3BA9	5	0.4201	6.231	0.9352	1	0	0
㮪	3BAA	5	0.3743	6.505	0.9638	1	0	0
㮫	3BAB	5	0.4467	6.094	0.9120	1	0	0
㮬	3BAC	5	0.3743	7.218	0.9005	1	0	0
㮭	3BAD	5	0.4846	6.418	0.8848	1	0	0
㮮	3BAE	5	0.4290	6.572	0.9714	1	0	0
㮯	3BAF	5	0.4723	6.963	0.9165	1	0	0
㮰	3BB0	5	0.4364	6.616	0.9244	1	0	0
㮱	3BB1	5	0.4260	5.904	0.9055	1	0	0
㮲	3BB2	5	0.4323	6.739	0.8600	1	0	0
㮳	3BB3	5	0.4379	6.692	0.9282	1	0	0
㮴	3BB4	5	0.4393	6.250	0.9292	1	0	0
㮵	3BB5	5	0.4541	7.131	0.9115	1	0	0
㮶	3BB6	5	0.4538	6.599	0.8906	1	0	0
㮷	3BB7	5	0.4385	6.995	0.9448	1	0	0
㮸	3BB8	5	0.3802	6.307	0.9483	1	0	0
㮹	3BB9	5	0.4231	6.700	0.8984	1	0	0
㮺	3BBA	5	0.4231	6.216	0.9656	1	0	0
㮻	3BBB	5	0.4512	6.788	0.8924	1	0	0
㮼	3BBC	5	0.4246	6.880	0.9061	1	0	0
㮽	3BBD	5	0.4216	7.312	0.9283	1	0	0
㮾	3BBE	5	0.4334	6.678	0.9244	1	0	0
㮿	3BBF	5	0.4527	6.173	0.9720	1	0	0
㯀	3BC0	5	0.4334	7.067	0.8980	1	0	0
㯁	3BC1	5	0.3609	6.627	0.9605	1	0	0
㯂	3BC2	5	0.4246	6.271	0.9414	1	0	0
㯃	3BC3	5	0.3950	6.950	0.9193	1	0	0
㯄	3BC4	5	0.4586	7.481	0.9228	1	0	0
㯅	3BC5	5	0.4320	6.413	0.9535	1	0	0
㯆	3BC6	5	0.4423	6.697	0.9102	1	0	0
㯇	3BC7	5	0.4215	5.606	0.9832	1	0	0
㯈	3BC8	5	0.4157	6.418	0.9199	1	0	0
㯉	3BC9	5	0.4323	6.796	0.8790	1	0	0
㯊	3BCA	5	0.4290	6.853	0.9373	1	0	0
㯋	3BCB	5	0.4320	6.548	0.9369	1	0	0
㯌	3BCC	5	0.4024	6.649	0.8995	1	0	0
㯍	3BCD	5	0.4364	6.999	0.9077	1	0	0
㯎	3BCE	5	0.4379	6.188	0.8981	1	0	0
㯏	3BCF	5	0.4000	7.053	0.9671	1	0	0
㯐	3BD0	5	0.4247	7.760	0.9481	1	0	0
㯑	3BD1	5	0.4186	6.558	0.9326	1	0	0
㯒	3BD2	5	0.3964	6.778	0.9363	1	0	0
㯓	3BD3	5	0.3891	7.333	0.8995	1	0	0
㯔	3BD4	5	0.4538	8.854	0.8926	1	0	0
㯕	3BD5	5	0.4556	6.642	0.8801	1	0	0
㯖	3BD6	5	0.4334	6.798	0.9250	1	0	0
㯗	3BD7	5	0.5000	6.498	0.9406	1	0	0
㯘	3BD8	5	0.3846	6.956	0.9455	1	0	0
㯙	3BD9	5	0.4660	6.947	0.8858	1	0	0
㯚	3BDA	5	0.4246	6.298	0.8947	1	0	0
㯛	3BDB	5	0.4571	6.208	0.9045	1	0	0
㯜	3BDC	5	0.3905	6.014	0.9017	1	0	0
㯝	3BDD	5	0.4423	6.862	0.9192	1	0	0
㯞	3BDE	5	0.4985	7.217	0.8770	1	0	0
㯟	3BDF	5	0.3891	7.554	0.9164	1	0	0
㯠	3BE0	5	0.4246	6.519	0.9115	1	0	0
㯡	3BE1	5	0.4068	7.284	0.8923	1	0	0
㯢	3BE2	5	0.4334	6.756	0.9451	1	0	0
㯣	3BE3	5	0.3985	6.663	0.9074	1	0	0
㯤	3BE4	5	0.3831	6.855	0.9090	1	0	0
㯥	3BE5	5	0.4630	6.649	0.9313	1	0	0
㯦	3BE6	5	0.4201	6.560	0.9469	1	0	0
㯧	3BE7	5	0.4423	6.774	0.9397	1	0	0
㯨	3BE8	5	0.4556	6.760	0.9075	1	0	0
㯩	3BE9	5	0.4660	8.019	0.8921	1	0	0
㯪	3BEA	5	0.3728	6.995	0.8825	1	0	0
㯫	3BEB	5	0.4103	7.633	0.9472	1	0	0
㯬	3BEC	5	0.4675	8.285	0.8960	1	0	0
㯭	3BED	5	0.4142	7.686	0.9382	1	0	0
㯮	3BEE	5	0.4615	6.645	0.9203	1	0	0
㯯	3BEF	5	0.4088	7.890	0.9254	1	0	0
㯰	3BF0	5	0.4275	6.899	0.9280	1	0	0
㯱	3BF1	5	0.4503	8.525	0.9465	1	0	0
㯲	3BF2	5	0.4038	6.781	0.9075	1	0	0
㯳	3BF3	5	0.4689	6.990	0.9023	1	0	0
㯴	3BF4	5	0.4320	6.899	0.9254	1	0	0
㯵	3BF5	5	0.4852	7.264	0.9001	1	0	0
㯶	3BF6	5	0.3802	7.760	0.8897	1	0	0
㯷	3BF7	5	0.4734	7.426	0.9038	1	0	0
㯸	3BF8	5	0.4527	7.347	0.8900	1	0	0
㯹	3BF9	5	0.4172	7.075	0.9323	1	0	0
㯺	3BFA	5	0.4615	6.892	0.9319	1	0	0
㯻	3BFB	5	0.4295	9.040	0.9619	1	0	0
㯼	3BFC	5	0.5000	6.844	0.8598	1	0	0
㯽	3BFD	5	0.4523	7.265	0.9054	1	0	0
㯾	3BFE	5	0.4275	7.153	1.0055	1	0	0
㯿	3BFF	5	0.4260	8.578	0.8699	1	0	0
㰀	3C00	5	0.4186	7.751	0.8907	1	0	0
㰁	3C01	5	0.4969	6.788	0.9084	1	0	0
㰂	3C02	5	0.4587	7.003	0.8866	1	0	0
㰃	3C03	5	0.4541	7.848	0.9140	1	0	0
㰄	3C04	5	0.4556	7.924	0.8882	1	0	0
㰅	3C05	5	0.4009	7.149	0.9738	1	0	0
㰆	3C06	5	0.4311	8.042	0.9637	1	0	0
㰇	3C07	5	0.4601	7.088	0.9144	1	0	0
㰈	3C08	5	0.4467	7.887	0.9583	1	0	0
㰉	3C09	5	0.4615	7.524	0.9048	1	0	0
㰊	3C0A	5	0.4290	7.667	0.9130	1	0	0
㰋	3C0B	5	0.4320	7.279	0.9194	1	0	0
㰌	3C0C	5	0.4290	7.141	0.9399	1	0	0
㰍	3C0D	5	0.4127	7.832	0.9773	1	0	0
㰎	3C0E	5	0.4400	6.793	0.9133	1	0	0
㰏	3C0F	5	0.4359	7.077	0.9394	1	0	0
㰐	3C10	5	0.4260	7.980	0.9278	1	0	0
㰑	3C11	5	0.4098	7.703	0.8912	1	0	0
㰒	3C12	5	0.4186	6.955	0.9069	1	0	0
㰓	3C13	5	0.3954	7.188	0.9408	1	0	0
㰔	3C14	5	0.4157	8.129	0.8800	1	0	0
㰕	3C15	5	0.3905	8.332	0.9024	1	0	0
㰖	3C16	5	0.4009	7.122	0.9289	1	0	0
㰗	3C17	5	0.4216	8.106	0.8778	1	0	0
㰘	3C18	5	0.3817	7.856	0.9008	1	0	0
㰙	3C19	5	0.5325	7.566	0.9024	1	0	0
㰚	3C1A	5	0.4822	8.182	0.8814	1	0	0
㰛	3C1B	5	0.4692	7.861	0.8701	1	0	0
㰜	3C1C	5	0.5074	7.668	0.9003	1	0	0
㰝	3C1D	5	0.3415	4.910	0.9553	1	0	0
㰞	3C1E	5	0.3400	5.016	0.9622	1	0	0
㰟	3C1F	5	0.3180	5.122	0.9425	1	0	0
㰠	3C20	5	0.3254	5.375	0.9374	1	0	0
㰡	3C21	5	0.3107	5.419	0.9404	1	0	0
㰢	3C22	5	0.3580	5.327	0.9675	1	0	0
㰣	3C23	5	0.3240	5.880	0.9551	1	0	0
㰤	3C24	5	0.3506	5.404	0.9431	1	0	0
㰥	3C25	5	0.3831	5.621	0.9614	1	0	0
㰦	3C26	5	0.3447	5.327	0.9169	1	0	0
㰧	3C27	5	0.3569	5.534	0.9369	1	0	0
㰨	3C28	5	0.3121	5.362	0.9683	1	0	0
㰩	3C29	5	0.3728	5.474	0.9556	1	0	0
㰪	3C2A	5	0.3358	5.238	0.9583	1	0	0
㰫	3C2B	5	0.3757	5.716	0.9521	1	0	0
㰬	3C2C	5	0.3920	5.783	0.9511	1	0	0
㰭	3C2D	5	0.3609	5.901	0.9320	1	0	0
㰮	3C2E	5	0.3772	6.327	0.9392	1	0	0
㰯	3C2F	5	0.3521	5.598	0.9584	1	0	0
㰰	3C30	5	0.3536	6.121	0.9205	1	0	0
㰱	3C31	5	0.3757	5.904	1.0065	1	0	0
㰲	3C32	5	0.3994	6.534	0.9272	1	0	0
㰳	3C33	5	0.3846	5.731	0.9497	1	0	0
㰴	3C34	5	0.3624	5.768	0.9403	1	0	0
㰵	3C35	5	0.3476	5.751	0.9597	1	0	0
㰶	3C36	5	0.3743	6.377	0.9319	1	0	0
㰷	3C37	5	0.3743	5.985	0.9865	1	0	0
㰸	3C38	5	0.3787	6.242	0.9273	1	0	0
㰹	3C39	5	0.4024	6.953	0.9072	1	0	0
㰺	3C3A	5	0.4154	6.117	0.9274	1	0	0
㰻	3C3B	5	0.3846	6.089	0.9411	1	0	0
㰼	3C3C	5	0.4400	6.778	0.9447	1	0	0
㰽	3C3D	5	0.4677	6.687	0.9786	1	0	0
㰾	3C3E	5	0.3935	6.177	0.9060	1	0	0
㰿	3C3F	5	0.4062	7.284	0.8843	1	0	0
㱀	3C40	5	0.4098	7.197	0.9138	1	0	0
㱁	3C41	5	0.4123	6.548	0.9129	1	0	0
㱂	3C42	5	0.3979	7.019	0.9397	1	0	0
㱃	3C43	5	0.4127	7.043	0.9338	1	0	0
㱄	3C44	5	0.4127	7.011	0.9546	1	0	0
㱅	3C45	5	0.3831	6.764	0.9097	1	0	0
㱆	3C46	5	0.3757	7.207	0.9313	1	0	0
㱇	3C47	5	0.4216	7.109	0.9603	1	0	0
㱈	3C48	5	0.3860	6.983	0.9175	1	0	0
㱉	3C49	5	0.4408	6.987	0.9138	1	0	0
㱊	3C4A	5	0.4186	8.071	0.9006	1	0	0
㱋	3C4B	5	0.4453	7.341	0.9116	1	0	0
㱌	3C4C	5	0.4497	7.180	0.9321	1	0	0
㱍	3C4D	5	0.4275	9.092	0.8968	1	0	0
㱎	3C4E	5	0.3861	8.209	0.9113	1	0	0
㱏	3C4F	5	0.3378	3.266	0.9895	1	0	0
㱐	3C50	5	0.2965	4.018	0.9931	1	0	0
㱑	3C51	5	0.3157	4.573	0.9225	1	0	0
㱒	3C52	5	0.3506	4.623	0.9735	1	0	0
㱓	3C53	5	0.2766	5.095	0.9474	1	0	0
㱔	3C54	5	0.3554	5.243	0.9570	1	0	0
㱕	3C55	5	0.4142	5.944	0.9827	1	0	0
㱖	3C56	5	0.3292	5.319	0.9598	1	0	0
㱗	3C57	5	0.3964	6.130	0.9475	1	0	0
㱘	3C58	5	0.4769	6.998	0.9705	1	0	0
㱙	3C59	5	0.3185	4.469	0.9533	1	0	0
㱚	3C5A	5	0.4400	4.795	0.9552	1	0	0
㱛	3C5B	5	0.3277	5.049	0.9298	1	0	0
㱜	3C5C	5	0.3277	5.117	0.9404	1	0	0
㱝	3C5D	5	0.3954	5.613	0.9486	1	0	0
㱞	3C5E	5	0.3269	5.288	0.9491	1	0	0
㱟	3C5F	5	0.4053	6.394	0.9323	1	0	0
㱠	3C60	5	0.3538	4.871	0.9535	1	0	0
㱡	3C61	5	0.3728	5.611	0.9494	1	0	0
㱢	3C62	5	0.4053	6.001	0.9358	1	0	0
㱣	3C63	5	0.3624	6.370	0.9450	1	0	0
㱤	3C64	5	0.3787	6.208	0.9541	1	0	0
㱥	3C65	5	0.3979	6.641	0.9179	1	0	0
㱦	3C66	5	0.3802	5.955	0.9268	1	0	0
㱧	3C67	5	0.4024	6.636	0.9157	1	0	0
㱨	3C68	5	0.3831	5.841	0.9218	1	0	0
㱩	3C69	5	0.3757	6.518	0.9412	1	0	0
㱪	3C6A	5	0.4477	6.634	0.9475	1	0	0
㱫	3C6B	5	0.4186	6.438	0.9678	1	0	0
㱬	3C6C	5	0.4523	6.316	0.9257	1	0	0
㱭	3C6D	5	0.4068	6.764	0.9353	1	0	0
㱮	3C6E	5	0.4186	6.578	0.9414	1	0	0
㱯	3C6F	5	0.4260	6.339	0.9284	1	0	0
㱰	3C70	5	0.3802	5.884	0.9609	1	0	0
㱱	3C71	5	0.4482	6.677	0.9361	1	0	0
㱲	3C72	5	0.4172	6.845	0.9272	1	0	0
㱳	3C73	5	0.4098	7.386	0.9113	1	0	0
㱴	3C74	5	0.3935	6.899	0.9449	1	0	0
㱵	3C75	5	0.3950	6.851	0.9432	1	0	0
㱶	3C76	5	0.3846	6.837	0.9395	1	0	0
㱷	3C77	5	0.4438	6.848	0.9632	1	0	0
㱸	3C78	5	0.4038	6.714	0.9452	1	0	0
㱹	3C79	5	0.4646	7.754	0.8652	1	0	0
㱺	3C7A	5	0.4423	7.606	0.9381	1	0	0
㱻	3C7B	5	0.4216	8.441	0.9386	1	0	0
㱼	3C7C	5	0.3904	5.270	0.9640	1	0	0
㱽	3C7D	5	0.3728	5.790	0.9632	1	0	0
㱾	3C7E	5	0.3772	6.490	0.9067	1	0	0
㱿	3C7F	5	0.4127	5.954	0.9690	1	0	0
㲀	3C80	5	0.4277	6.618	0.9066	1	0	0
㲁	3C81	5	0.3862	6.260	0.9197	1	0	0
㲂	3C82	5	0.4431	6.745	0.9120	1	0	0
㲃	3C83	5	0.4262	6.064	0.9466	1	0	0
㲄	3C84	5	0.4201	6.380	0.9676	1	0	0
㲅	3C85	5	0.4431	6.724	0.9474	1	0	0
㲆	3C86	5	0.3447	7.507	0.9401	1	0	0
㲇	3C87	5	0.3550	7.624	0.9384	1	0	0
㲈	3C88	5	0.3985	7.541	0.9546	1	0	0
㲉	3C89	5	0.4038	7.851	0.9038	1	0	0
㲊	3C8A	5	0.4186	7.486	0.9326	1	0	0
㲋	3C8B	5	0.3738	5.104	0.9852	1	0	0
㲌	3C8C	5	0.3942	5.357	0.9076	1	0	0
㲍	3C8D	5	0.3772	5.757	0.9453	1	0	0
㲎	3C8E	5	0.3417	5.388	0.9565	1	0	0
㲏	3C8F	5	0.3580	5.243	0.9244	1	0	0
㲐	3C90	5	0.3508	5.412	0.9185	1	0	0
㲑	3C91	5	0.3565	5.487	0.9358	1	0	0
㲒	3C92	5	0.3787	5.488	0.9145	1	0	0
㲓	3C93	5	0.3950	6.178	0.9245	1	0	0
㲔	3C94	5	0.3506	5.311	0.9088	1	0	0
㲕	3C95	5	0.3646	5.981	0.9120	1	0	0
㲖	3C96	5	0.4431	5.982	0.8778	1	0	0
㲗	3C97	5	0.3506	5.887	0.9016	1	0	0
㲘	3C98	5	0.3935	5.600	0.9718	1	0	0
㲙	3C99	5	0.3979	6.059	0.9586	1	0	0
㲚	3C9A	5	0.3702	6.702	0.9336	1	0	0
㲛	3C9B	5	0.4323	6.549	0.9206	1	0	0
㲜	3C9C	5	0.3938	6.494	0.9021	1	0	0
㲝	3C9D	5	0.4438	5.752	0.9260	1	0	0
㲞	3C9E	5	0.3388	5.600	0.9478	1	0	0
㲟	3C9F	5	0.4024	6.017	0.9268	1	0	0
㲠	3CA0	5	0.4354	7.089	0.9343	1	0	0
㲡	3CA1	5	0.3831	6.294	0.9197	1	0	0
㲢	3CA2	5	0.4349	6.409	0.9422	1	0	0
㲣	3CA3	5	0.4200	6.350	0.9081	1	0	0
㲤	3CA4	5	0.4068	6.282	0.9154	1	0	0
㲥	3CA5	5	0.4231	6.422	0.9732	1	0	0
㲦	3CA6	5	0.4260	6.191	0.9568	1	0	0
㲧	3CA7	5	0.4231	6.826	0.9241	1	0	0
㲨	3CA8	5	0.4400	5.784	0.9404	1	0	0
㲩	3CA9	5	0.4157	7.020	0.9259	1	0	0
㲪	3CAA	5	0.4160	6.947	0.8780	1	0	0
㲫	3CAB	5	0.3876	6.662	0.9237	1	0	0
㲬	3CAC	5	0.4038	6.357	0.8954	1	0	0
㲭	3CAD	5	0.3595	7.308	0.9420	1	0	0
㲮	3CAE	5	0.4201	6.729	0.9202	1	0	0
㲯	3CAF	5	0.4393	6.658	0.9619	1	0	0
㲰	3CB0	5	0.4038	6.765	0.9012	1	0	0
㲱	3CB1	5	0.4586	8.484	0.8546	1	0	0
㲲	3CB2	5	0.4492	7.941	0.9695	1	0	0
㲳	3CB3	5	0.4000	6.119	0.9292	1	0	0
㲴	3CB4	5	0.4062	5.480	0.9782	1	0	0
㲵	3CB5	5	0.3723	6.568	0.9759	1	0	0
㲶	3CB6	5	0.3800	7.772	0.9384	1	0	0
㲷	3CB7	5	0.3565	7.497	0.9901	1	0	0
㲸	3CB8	5	0.2633	4.265	0.8822	1	0	0
㲹	3CB9	5	0.2877	4.155	0.9326	1	0	0
㲺	3CBA	5	0.2646	3.795	0.9295	1	0	0
㲻	3CBB	5	0.3062	4.870	0.9319	1	0	0
㲼	3CBC	5	0.2528	4.412	0.9474	1	0	0
㲽	3CBD	5	0.3108	4.926	0.9560	1	0	0
㲾	3CBE	5	0.3446	4.774	0.9141	1	0	0
㲿	3CBF	5	0.1954	3.261	0.9057	1	0	0
㳀	3CC0	5	0.2885	5.087	0.9261	1	0	0
㳁	3CC1	5	0.2973	4.985	0.9528	1	0	0
㳂	3CC2	5	0.2800	4.887	0.9501	1	0	0
㳃	3CC3	5	0.2815	4.435	0.9378	1	0	0
㳄	3CC4	5	0.2604	4.617	0.9330	1	0	0
㳅	3CC5	5	0.2382	4.176	0.9349	1	0	0
㳆	3CC6	5	0.2308	3.978	0.9515	1	0	0
㳇	3CC7	5	0.2554	4.976	0.9293	1	0	0
㳈	3CC8	5	0.3284	4.704	0.9648	1	0	0
㳉	3CC9	5	0.3462	4.393	0.9347	1	0	0
㳊	3CCA	5	0.3077	4.803	0.9264	1	0	0
㳋	3CCB	5	0.2923	4.302	0.8998	1	0	0
㳌	3CCC	5	0.3385	4.294	0.9951	1	0	0
㳍	3CCD	5	0.3047	4.871	0.9553	1	0	0
㳎	3CCE	5	0.3077	4.933	0.9456	1	0	0
㳏	3CCF	5	0.3121	4.937	0.9231	1	0	0
㳐	3CD0	5	0.2988	4.751	0.8906	1	0	0
㳑	3CD1	5	0.3964	5.441	0.9897	1	0	0
㳒	3CD2	5	0.3003	5.264	0.9266	1	0	0
㳓	3CD3	5	0.3092	4.619	0.9244	1	0	0
㳔	3CD4	5	0.2840	5.064	0.9304	1	0	0
㳕	3CD5	5	0.2367	4.211	0.9180	1	0	0
㳖	3CD6	5	0.3033	5.242	0.9172	1	0	0
㳗	3CD7	5	0.3554	5.770	0.8735	1	0	0
㳘	3CD8	5	0.3166	5.267	0.9092	1	0	0
㳙	3CD9	5	0.3556	5.377	0.9686	1	0	0
㳚	3CDA	5	0.3121	5.754	0.9158	1	0	0
㳛	3CDB	5	0.3358	5.397	0.9371	1	0	0
㳜	3CDC	5	0.3225	5.242	0.9318	1	0	0
㳝	3CDD	5	0.3034	4.948	0.9474	1	0	0
㳞	3CDE	5	0.3569	4.895	0.9502	1	0	0
㳟	3CDF	5	0.3846	5.575	0.9671	1	0	0
㳠	3CE0	5	0.2863	5.383	0.8927	1	0	0
㳡	3CE1	5	0.3031	5.241	0.9110	1	0	0
㳢	3CE2	5	0.3173	5.088	0.9549	1	0	0
㳣	3CE3	5	0.3385	5.209	0.9014	1	0	0
㳤	3CE4	5	0.3225	5.630	0.9291	1	0	0
㳥	3CE5	5	0.3417	5.224	0.9645	1	0	0
㳦	3CE6	5	0.3417	5.942	0.9256	1	0	0
㳧	3CE7	5	0.3405	5.324	0.9643	1	0	0
㳨	3CE8	5	0.3308	6.092	0.9422	1	0	0
㳩	3CE9	5	0.3062	5.468	0.9345	1	0	0
㳪	3CEA	5	0.3413	5.058	0.9622	1	0	0
㳫	3CEB	5	0.3894	5.550	0.9765	1	0	0
㳬	3CEC	5	0.3415	5.369	0.9213	1	0	0
㳭	3CED	5	0.3750	5.188	0.9591	1	0	0
㳮	3CEE	5	0.3692	6.149	0.8739	1	0	0
㳯	3CEF	5	0.3200	4.699	0.9329	1	0	0
㳰	3CF0	5	0.3215	5.321	0.9377	1	0	0
㳱	3CF1	5	0.3910	5.564	0.9706	1	0	0
㳲	3CF2	5	0.2899	5.398	0.9121	1	0	0
㳳	3CF3	5	0.3314	4.982	0.9263	1	0	0
㳴	3CF4	5	0.3385	5.616	0.9171	1	0	0
㳵	3CF5	5	0.3538	5.743	0.8967	1	0	0
㳶	3CF6	5	0.3166	5.758	0.8651	1	0	0
㳷	3CF7	5	0.3846	6.282	0.9424	1	0	0
㳸	3CF8	5	0.3269	5.264	0.9279	1	0	0
㳹	3CF9	5	0.3476	5.416	0.9338	1	0	0
㳺	3CFA	5	0.3269	5.339	0.9437	1	0	0
㳻	3CFB	5	0.3862	5.085	0.9629	1	0	0
㳼	3CFC	5	0.4138	6.669	0.9221	1	0	0
㳽	3CFD	5	0.3447	5.947	0.9669	1	0	0
㳾	3CFE	5	0.3648	5.513	0.9069	1	0	0
㳿	3CFF	5	0.3506	5.866	0.9409	1	0	0
㴀	3D00	5	0.3343	5.659	0.9141	1	0	0
㴁	3D01	5	0.3698	6.004	0.9577	1	0	0
㴂	3D02	5	0.3269	5.322	0.9503	1	0	0
㴃	3D03	5	0.3462	5.987	0.9314	1	0	0
㴄	3D04	5	0.4128	5.605	0.9028	1	0	0
㴅	3D05	5	0.4263	6.595	0.9350	1	0	0
㴆	3D06	5	0.3862	5.646	0.9864	1	0	0
㴇	3D07	5	0.4201	7.294	0.8305	1	0	0
㴈	3D08	5	0.3462	5.131	0.9670	1	0	0
㴉	3D09	5	0.3200	6.032	0.8843	1	0	0
㴊	3D0A	5	0.3462	5.462	0.9487	1	0	0
㴋	3D0B	5	0.3772	6.160	0.9334	1	0	0
㴌	3D0C	5	0.3536	5.714	0.9389	1	0	0
㴍	3D0D	5	0.3492	5.959	0.9032	1	0	0
㴎	3D0E	5	0.3477	5.897	0.9341	1	0	0
㴏	3D0F	5	0.3506	5.789	0.9667	1	0	0
㴐	3D10	5	0.3785	5.702	0.8903	1	0	0
㴑	3D11	5	0.3523	5.919	0.9342	1	0	0
㴒	3D12	5	0.3234	5.695	0.9142	1	0	0
㴓	3D13	5	0.3892	6.019	0.9080	1	0	0
㴔	3D14	5	0.3624	6.006	0.9574	1	0	0
㴕	3D15	5	0.3299	5.422	0.9327	1	0	0
㴖	3D16	5	0.3772	5.256	0.9659	1	0	0
㴗	3D17	5	0.4260	6.191	0.9256	1	0	0
㴘	3D18	5	0.3785	5.936	0.9357	1	0	0
㴙	3D19	5	0.3654	5.667	0.9502	1	0	0
㴚	3D1A	5	0.3195	6.009	0.9121	1	0	0
㴛	3D1B	5	0.3738	6.192	0.9263	1	0	0
㴜	3D1C	5	0.4138	5.738	0.9321	1	0	0
㴝	3D1D	5	0.4092	6.848	0.9316	1	0	0
㴞	3D1E	5	0.3585	5.962	0.8747	1	0	0
㴟	3D1F	5	0.3908	6.270	0.9664	1	0	0
㴠	3D20	5	0.4576	6.973	0.9236	1	0	0
㴡	3D21	5	0.3908	6.059	0.9325	1	0	0
㴢	3D22	5	0.3631	5.749	0.9442	1	0	0
㴣	3D23	5	0.3713	6.534	0.9566	1	0	0
㴤	3D24	5	0.3447	5.363	0.9251	1	0	0
㴥	3D25	5	0.4138	6.768	0.9060	1	0	0
㴦	3D26	5	0.3569	5.246	0.9577	1	0	0
㴧	3D27	5	0.3575	5.801	0.9285	1	0	0
㴨	3D28	5	0.3831	6.434	0.9445	1	0	0
㴩	3D29	5	0.3580	6.287	0.9207	1	0	0
㴪	3D2A	5	0.4092	5.904	0.9307	1	0	0
㴫	3D2B	5	0.4038	6.427	0.9694	1	0	0
㴬	3D2C	5	0.3817	5.908	0.9309	1	0	0
㴭	3D2D	5	0.3985	6.011	0.9336	1	0	0
㴮	3D2E	5	0.4169	6.509	0.9041	1	0	0
㴯	3D2F	5	0.4260	6.444	0.9789	1	0	0
㴰	3D30	5	0.3772	6.388	0.9302	1	0	0
㴱	3D31	5	0.3358	6.496	0.9089	1	0	0
㴲	3D32	5	0.3550	6.893	0.9290	1	0	0
㴳	3D33	5	0.3877	6.703	0.9222	1	0	0
㴴	3D34	5	0.3769	7.014	0.8740	1	0	0
㴵	3D35	5	0.3708	6.327	0.8600	1	0	0
㴶	3D36	5	0.4006	5.656	0.9248	1	0	0
㴷	3D37	5	0.3891	6.284	0.9304	1	0	0
㴸	3D38	5	0.4192	5.445	0.9035	1	0	0
㴹	3D39	5	0.3580	6.322	0.9125	1	0	0
㴺	3D3A	5	0.3284	6.343	0.9034	1	0	0
㴻	3D3B	5	0.3314	5.600	0.9444	1	0	0
㴼	3D3C	5	0.3831	5.683	0.9305	1	0	0
㴽	3D3D	5	0.3631	6.623	0.8852	1	0	0
㴾	3D3E	5	0.3969	6.298	0.9330	1	0	0
㴿	3D3F	5	0.4000	6.046	0.8832	1	0	0
㵀	3D40	5	0.3565	6.605	0.9404	1	0	0
㵁	3D41	5	0.3536	5.979	0.9038	1	0	0
㵂	3D42	5	0.3639	6.060	0.9457	1	0	0
㵃	3D43	5	0.3580	6.142	0.9268	1	0	0
㵄	3D44	5	0.3877	6.644	0.8863	1	0	0
㵅	3D45	5	0.3476	6.687	0.9261	1	0	0
㵆	3D46	5	0.3846	5.952	0.9725	1	0	0
㵇	3D47	5	0.3994	5.717	0.9386	1	0	0
㵈	3D48	5	0.3831	6.568	0.9282	1	0	0
㵉	3D49	5	0.3536	6.283	0.9121	1	0	0
㵊	3D4A	5	0.3683	6.690	0.9773	1	0	0
㵋	3D4B	5	0.4215	6.481	0.9577	1	0	0
㵌	3D4C	5	0.4216	6.752	0.9341	1	0	0
㵍	3D4D	5	0.4138	6.372	0.9271	1	0	0
㵎	3D4E	5	0.4663	6.094	0.9468	1	0	0
㵏	3D4F	5	0.3354	5.668	0.9235	1	0	0
㵐	3D50	5	0.3846	7.405	0.9324	1	0	0
㵑	3D51	5	0.3446	6.696	0.9142	1	0	0
㵒	3D52	5	0.3892	6.978	0.9083	1	0	0
㵓	3D53	5	0.3876	6.471	0.9302	1	0	0
㵔	3D54	5	0.4169	6.438	0.9214	1	0	0
㵕	3D55	5	0.3569	6.977	0.8936	1	0	0
㵖	3D56	5	0.3689	6.960	0.9068	1	0	0
㵗	3D57	5	0.4083	6.967	0.9446	1	0	0
㵘	3D58	5	0.4216	7.634	0.9043	1	0	0
㵙	3D59	5	0.3950	6.139	0.9115	1	0	0
㵚	3D5A	5	0.4098	6.955	0.9179	1	0	0
㵛	3D5B	5	0.4009	6.207	0.9263	1	0	0
㵜	3D5C	5	0.3950	6.673	0.9540	1	0	0
㵝	3D5D	5	0.3876	7.022	0.9229	1	0	0
㵞	3D5E	5	0.3595	7.011	0.8942	1	0	0
㵟	3D5F	5	0.4038	7.558	0.9364	1	0	0
㵠	3D60	5	0.4776	7.090	0.9070	1	0	0
㵡	3D61	5	0.3892	6.939	0.9264	1	0	0
㵢	3D62	5	0.4092	6.421	0.9211	1	0	0
㵣	3D63	5	0.3654	7.293	0.9361	1	0	0
㵤	3D64	5	0.3846	7.718	0.8911	1	0	0
㵥	3D65	5	0.3938	6.968	0.8636	1	0	0
㵦	3D66	5	0.3654	6.856	0.9369	1	0	0
㵧	3D67	5	0.3985	6.454	0.9421	1	0	0
㵨	3D68	5	0.4393	6.688	0.9345	1	0	0
㵩	3D69	5	0.3817	6.322	0.9309	1	0	0
㵪	3D6A	5	0.3802	6.754	0.9054	1	0	0
㵫	3D6B	5	0.3215	7.181	0.8839	1	0	0
㵬	3D6C	5	0.4862	7.891	0.8920	1	0	0
㵭	3D6D	5	0.3769	6.369	0.9479	1	0	0
㵮	3D6E	5	0.4038	6.338	0.9467	1	0	0
㵯	3D6F	5	0.3994	7.857	0.9350	1	0	0
㵰	3D70	5	0.3609	6.191	0.9226	1	0	0
㵱	3D71	5	0.3761	6.715	0.9366	1	0	0
㵲	3D72	5	0.4320	6.814	0.9003	1	0	0
㵳	3D73	5	0.3631	7.524	0.9298	1	0	0
㵴	3D74	5	0.3595	7.222	0.9400	1	0	0
㵵	3D75	5	0.4048	7.180	0.8859	1	0	0
㵶	3D76	5	0.4186	6.921	0.9309	1	0	0
㵷	3D77	5	0.3609	6.211	0.9042	1	0	0
㵸	3D78	5	0.3974	6.618	0.9559	1	0	0
㵹	3D79	5	0.3920	7.202	0.9640	1	0	0
㵺	3D7A	5	0.3669	6.243	0.9303	1	0	0
㵻	3D7B	5	0.4216	7.178	0.9297	1	0	0
㵼	3D7C	5	0.4167	7.010	0.9263	1	0	0
㵽	3D7D	5	0.4415	6.546	0.9951	1	0	0
㵾	3D7E	5	0.4497	7.042	0.9366	1	0	0
㵿	3D7F	5	0.3569	5.986	0.9517	1	0	0
㶀	3D80	5	0.4127	8.480	0.9071	1	0	0
㶁	3D81	5	0.3861	7.515	0.9366	1	0	0
㶂	3D82	5	0.3876	6.597	0.9270	1	0	0
㶃	3D83	5	0.3920	7.139	0.9212	1	0	0
㶄	3D84	5	0.4585	6.707	0.9264	1	0	0
㶅	3D85	5	0.4022	6.825	0.9226	1	0	0
㶆	3D86	5	0.4186	6.617	0.9359	1	0	0
㶇	3D87	5	0.4385	6.789	0.9401	1	0	0
㶈	3D88	5	0.4343	7.351	0.8964	1	0	0
㶉	3D89	5	0.3994	7.985	0.8838	1	0	0
㶊	3D8A	5	0.4364	6.799	0.9305	1	0	0
㶋	3D8B	5	0.3772	7.592	0.9220	1	0	0
㶌	3D8C	5	0.4231	7.835	0.8910	1	0	0
㶍	3D8D	5	0.4038	6.904	0.9136	1	0	0
㶎	3D8E	5	0.3908	7.693	0.9002	1	0	0
㶏	3D8F	5	0.3683	8.169	0.9181	1	0	0
㶐	3D90	5	0.3979	7.461	0.9201	1	0	0
㶑	3D91	5	0.3861	7.471	0.9447	1	0	0
㶒	3D92	5	0.4662	7.575	0.9255	1	0	0
㶓	3D93	5	0.4364	7.411	0.9160	1	0	0
㶔	3D94	5	0.4224	6.985	0.8647	1	0	0
㶕	3D95	5	0.3920	7.031	0.9792	1	0	0
㶖	3D96	5	0.3757	8.298	0.8946	1	0	0
㶗	3D97	5	0.4246	8.981	0.8844	1	0	0
㶘	3D98	5	0.4053	7.544	0.9483	1	0	0
㶙	3D99	5	0.4142	8.276	0.8784	1	0	0
㶚	3D9A	5	0.4660	7.510	0.9987	1	0	0
㶛	3D9B	5	0.4364	8.029	0.9006	1	0	0
㶜	3D9C	5	0.4976	9.328	0.9091	1	0	0
㶝	3D9D	5	0.3964	8.157	0.9336	1	0	0
㶞	3D9E	5	0.4138	8.773	0.9452	1	0	0
㶟	3D9F	5	0.4246	8.239	0.8845	1	0	0
㶠	3DA0	5	0.4689	8.009	0.9005	1	0	0
㶡	3DA1	5	0.3446	5.250	0.9564	1	0	0
㶢	3DA2	5	0.3062	4.821	0.9203	1	0	0
㶣	3DA3	5	0.3267	4.468	0.9410	1	0	0
㶤	3DA4	5	0.3269	5.086	0.9121	1	0	0
㶥	3DA5	5	0.2811	4.254	0.9539	1	0	0
㶦	3DA6	5	0.3195	5.085	0.9493	1	0	0
㶧	3DA7	5	0.3846	5.274	0.9370	1	0	0
㶨	3DA8	5	0.3133	4.579	0.8999	1	0	0
㶩	3DA9	5	0.3269	5.120	0.8901	1	0	0
㶪	3DAA	5	0.3360	4.970	0.9216	1	0	0
㶫	3DAB	5	0.3462	5.824	0.9084	1	0	0
㶬	3DAC	5	0.3417	5.255	0.9588	1	0	0
㶭	3DAD	5	0.3800	6.482	0.8747	1	0	0
㶮	3DAE	5	0.4031	5.840	0.9486	1	0	0
㶯	3DAF	5	0.3938	5.999	0.9386	1	0	0
㶰	3DB0	5	0.3402	4.968	0.9639	1	0	0
㶱	3DB1	5	0.3388	5.292	0.9449	1	0	0
㶲	3DB2	5	0.4354	5.665	0.9292	1	0	0
㶳	3DB3	5	0.3862	6.819	0.9619	1	0	0
㶴	3DB4	5	0.3554	6.177	0.8969	1	0	0
㶵	3DB5	5	0.3151	5.150	0.9222	1	0	0
㶶	3DB6	5	0.3225	5.823	0.9413	1	0	0
㶷	3DB7	5	0.3738	5.588	0.9189	1	0	0
㶸	3DB8	5	0.4000	6.824	0.8957	1	0	0
㶹	3DB9	5	0.3654	6.013	0.9466	1	0	0
㶺	3DBA	5	0.3698	5.756	0.9287	1	0	0
㶻	3DBB	5	0.3541	6.840	0.9115	1	0	0
㶼	3DBC	5	0.3654	6.236	0.9159	1	0	0
㶽	3DBD	5	0.4169	5.929	0.9560	1	0	0
㶾	3DBE	5	0.4592	5.939	0.9698	1	0	0
㶿	3DBF	5	0.3787	5.627	0.9501	1	0	0
㷀	3DC0	5	0.3523	6.057	0.9331	1	0	0
㷁	3DC1	5	0.4631	6.146	0.9364	1	0	0
㷂	3DC2	5	0.4100	6.254	0.9077	1	0	0
㷃	3DC3	5	0.3798	6.555	0.9187	1	0	0
㷄	3DC4	5	0.4231	6.270	0.9324	1	0	0
㷅	3DC5	5	0.3840	6.116	0.9484	1	0	0
㷆	3DC6	5	0.3802	5.522	0.9438	1	0	0
㷇	3DC7	5	0.3506	6.846	0.9242	1	0	0
㷈	3DC8	5	0.4487	6.184	0.9114	1	0	0
㷉	3DC9	5	0.3979	6.303	0.9458	1	0	0
㷊	3DCA	5	0.3462	5.637	0.9279	1	0	0
㷋	3DCB	5	0.3254	6.320	0.9402	1	0	0
㷌	3DCC	5	0.4098	6.385	0.9337	1	0	0
㷍	3DCD	5	0.4046	6.398	0.9306	1	0	0
㷎	3DCE	5	0.4391	6.779	0.8811	1	0	0
㷏	3DCF	5	0.3569	5.970	0.8926	1	0	0
㷐	3DD0	5	0.3787	5.820	0.9715	1	0	0
㷑	3DD1	5	0.4053	6.530	0.9718	1	0	0
㷒	3DD2	5	0.4462	6.280	0.9498	1	0	0
㷓	3DD3	5	0.3728	7.160	0.9105	1	0	0
㷔	3DD4	5	0.4200	6.613	0.8975	1	0	0
㷕	3DD5	5	0.4123	6.659	0.9522	1	0	0
㷖	3DD6	5	0.4176	6.223	0.8420	1	0	0
㷗	3DD7	5	0.4167	6.283	0.9029	1	0	0
㷘	3DD8	5	0.3920	6.595	0.9157	1	0	0
㷙	3DD9	5	0.3846	6.415	0.9444	1	0	0
㷚	3DDA	5	0.3876	5.817	0.9554	1	0	0
㷛	3DDB	5	0.3892	6.015	0.9268	1	0	0
㷜	3DDC	5	0.3757	6.599	0.9237	1	0	0
㷝	3DDD	5	0.3388	6.481	0.9139	1	0	0
㷞	3DDE	5	0.4098	6.773	0.9512	1	0	0
㷟	3DDF	5	0.3831	6.260	0.9308	1	0	0
㷠	3DE0	5	0.3877	7.034	0.8931	1	0	0
㷡	3DE1	5	0.4071	6.215	0.9502	1	0	0
㷢	3DE2	5	0.3195	7.251	0.9123	1	0	0
㷣	3DE3	5	0.4200	6.252	0.9459	1	0	0
㷤	3DE4	5	0.4154	6.838	0.9478	1	0	0
㷥	3DE5	5	0.3757	7.050	0.9247	1	0	0
㷦	3DE6	5	0.3615	6.049	0.9379	1	0	0
㷧	3DE7	5	0.4201	6.675	0.9623	1	0	0
㷨	3DE8	5	0.3698	7.062	0.9394	1	0	0
㷩	3DE9	5	0.4183	6.237	0.9128	1	0	0
㷪	3DEA	5	0.4154	6.836	0.9040	1	0	0
㷫	3DEB	5	0.3447	6.846	0.9382	1	0	0
㷬	3DEC	5	0.4467	6.717	0.9048	1	0	0
㷭	3DED	5	0.3923	7.910	0.8517	1	0	0
㷮	3DEE	5	0.4601	6.860	0.9867	1	0	0
㷯	3DEF	5	0.4216	6.615	0.9360	1	0	0
㷰	3DF0	5	0.4201	7.143	0.8993	1	0	0
㷱	3DF1	5	0.4154	6.598	0.9288	1	0	0
㷲	3DF2	5	0.4554	7.272	0.9190	1	0	0
㷳	3DF3	5	0.4416	6.745	0.9133	1	0	0
㷴	3DF4	5	0.4192	6.798	0.9150	1	0	0
㷵	3DF5	5	0.4246	7.291	0.9310	1	0	0
㷶	3DF6	5	0.3969	6.568	0.9504	1	0	0
㷷	3DF7	5	0.4077	6.959	0.9452	1	0	0
㷸	3DF8	5	0.4719	6.941	0.9309	1	0	0
㷹	3DF9	5	0.3905	6.256	0.9745	1	0	0
㷺	3DFA	5	0.3565	6.755	0.9423	1	0	0
㷻	3DFB	5	0.4556	7.048	0.9031	1	0	0
㷼	3DFC	5	0.4169	6.550	0.9131	1	0	0
㷽	3DFD	5	0.4467	6.817	0.9140	1	0	0
㷾	3DFE	5	0.3903	7.916	0.9341	1	0	0
㷿	3DFF	5	0.3669	6.781	0.9189	1	0	0
㸀	3E00	5	0.3920	7.200	0.9536	1	0	0
㸁	3E01	5	0.4290	7.105	0.9148	1	0	0
㸂	3E02	5	0.3800	7.674	0.8803	1	0	0
㸃	3E03	5	0.4031	6.591	0.9425	1	0	0
㸄	3E04	5	0.3920	7.257	0.9222	1	0	0
㸅	3E05	5	0.4068	7.327	0.9160	1	0	0
㸆	3E06	5	0.3698	6.927	0.9550	1	0	0
㸇	3E07	5	0.4112	7.510	0.9117	1	0	0
㸈	3E08	5	0.4077	6.947	0.9823	1	0	0
㸉	3E09	5	0.3669	7.376	0.8761	1	0	0
㸊	3E0A	5	0.4201	7.764	0.9338	1	0	0
㸋	3E0B	5	0.4719	7.957	0.9184	1	0	0
㸌	3E0C	5	0.4038	7.505	0.9404	1	0	0
㸍	3E0D	5	0.4393	8.550	0.9042	1	0	0
㸎	3E0E	5	0.4675	7.277	0.9435	1	0	0
㸏	3E0F	5	0.4098	8.490	0.9158	1	0	0
㸐	3E10	5	0.4523	7.633	0.9123	1	0	0
㸑	3E11	5	0.4167	8.495	0.9215	1	0	0
㸒	3E12	5	0.3733	4.938	0.9715	1	0	0
㸓	3E13	5	0.3934	5.408	0.9510	1	0	0
㸔	3E14	5	0.4046	5.943	0.9409	1	0	0
㸕	3E15	5	0.4290	7.233	0.9546	1	0	0
㸖	3E16	5	0.4295	5.379	0.9155	1	0	0
㸗	3E17	5	0.3677	6.369	0.9310	1	0	0
㸘	3E18	5	0.3508	6.061	0.9295	1	0	0
㸙	3E19	5	0.4138	6.972	0.9593	1	0	0
㸚	3E1A	5	0.3446	6.165	0.9391	1	0	0
㸛	3E1B	5	0.4154	5.357	0.9690	1	0	0
㸜	3E1C	5	0.3876	5.558	0.9689	1	0	0
㸝	3E1D	5	0.3373	5.084	0.9343	1	0	0
㸞	3E1E	5	0.3431	4.688	0.9759	1	0	0
㸟	3E1F	5	0.4092	5.598	0.9576	1	0	0
㸠	3E20	5	0.3876	6.070	0.9156	1	0	0
㸡	3E21	5	0.3908	5.533	0.9802	1	0	0
㸢	3E22	5	0.4379	6.256	0.9469	1	0	0
㸣	3E23	5	0.4482	6.938	0.9369	1	0	0
㸤	3E24	5	0.4246	6.810	0.9376	1	0	0
㸥	3E25	5	0.4645	8.163	0.9140	1	0	0
㸦	3E26	5	0.3357	3.802	0.9523	1	0	0
㸧	3E27	5	0.4477	5.868	0.9494	1	0	0
㸨	3E28	5	0.3445	3.821	0.9812	1	0	0
㸩	3E29	5	0.2988	3.913	1.0025	1	0	0
㸪	3E2A	5	0.3754	4.750	0.9554	1	0	0
㸫	3E2B	5	0.3269	4.550	0.9764	1	0	0
㸬	3E2C	5	0.3210	4.827	0.9641	1	0	0
㸭	3E2D	5	0.3732	5.173	0.9738	1	0	0
㸮	3E2E	5	0.3609	5.145	0.9232	1	0	0
㸯	3E2F	5	0.2988	4.521	0.9826	1	0	0
㸰	3E30	5	0.3299	4.775	0.9183	1	0	0
㸱	3E31	5	0.3565	5.788	0.9337	1	0	0
㸲	3E32	5	0.3077	4.286	0.9524	1	0	0
㸳	3E33	5	0.3195	5.281	0.9213	1	0	0
㸴	3E34	5	0.4247	4.921	0.9539	1	0	0
㸵	3E35	5	0.3817	4.927	0.9523	1	0	0
㸶	3E36	5	0.4185	5.736	0.9497	1	0	0
㸷	3E37	5	0.3876	5.462	0.9894	1	0	0
㸸	3E38	5	0.3950	5.610	0.9530	1	0	0
㸹	3E39	5	0.3373	5.418	0.9547	1	0	0
㸺	3E3A	5	0.3121	5.639	0.9344	1	0	0
㸻	3E3B	5	0.3757	5.971	0.9275	1	0	0
㸼	3E3C	5	0.4000	6.058	0.9603	1	0	0
㸽	3E3D	5	0.4142	5.577	0.9655	1	0	0
㸾	3E3E	5	0.3772	6.288	0.9419	1	0	0
㸿	3E3F	5	0.3935	5.689	0.9296	1	0	0
㹀	3E40	5	0.3861	5.274	0.9602	1	0	0
㹁	3E41	5	0.3343	5.520	0.9441	1	0	0
㹂	3E42	5	0.4092	5.938	0.9362	1	0	0
㹃	3E43	5	0.4000	5.382	0.9625	1	0	0
㹄	3E44	5	0.4231	6.846	0.9045	1	0	0
㹅	3E45	5	0.4172	6.904	0.9081	1	0	0
㹆	3E46	5	0.4646	6.049	0.9711	1	0	0
㹇	3E47	5	0.4199	6.424	0.9039	1	0	0
㹈	3E48	5	0.4167	6.037	0.9341	1	0	0
㹉	3E49	5	0.4305	6.512	0.9273	1	0	0
㹊	3E4A	5	0.4320	5.876	0.9688	1	0	0
㹋	3E4B	5	0.3861	7.176	0.9192	1	0	0
㹌	3E4C	5	0.4112	6.684	0.9408	1	0	0
㹍	3E4D	5	0.4308	6.314	0.9428	1	0	0
㹎	3E4E	5	0.4157	6.764	0.9041	1	0	0
㹏	3E4F	5	0.4601	6.376	0.9259	1	0	0
㹐	3E50	5	0.3609	6.307	0.9117	1	0	0
㹑	3E51	5	0.3787	6.896	0.9342	1	0	0
㹒	3E52	5	0.4068	6.683	0.9410	1	0	0
㹓	3E53	5	0.4512	6.524	0.9079	1	0	0
㹔	3E54	5	0.4068	7.024	0.9610	1	0	0
㹕	3E55	5	0.4583	7.025	0.9369	1	0	0
㹖	3E56	5	0.4275	7.476	0.9054	1	0	0
㹗	3E57	5	0.3647	7.606	0.9378	1	0	0
㹘	3E58	5	0.4259	6.981	0.9610	1	0	0
㹙	3E59	5	0.4508	7.436	0.9306	1	0	0
㹚	3E5A	5	0.4364	7.625	0.9130	1	0	0
㹛	3E5B	5	0.4201	8.212	0.9251	1	0	0
㹜	3E5C	5	0.3254	5.163	0.9350	1	0	0
㹝	3E5D	5	0.3683	5.639	0.9173	1	0	0
㹞	3E5E	5	0.3180	4.840	0.9656	1	0	0
㹟	3E5F	5	0.3491	5.359	0.9258	1	0	0
㹠	3E60	5	0.3654	5.520	0.9334	1	0	0
㹡	3E61	5	0.3565	5.944	0.9252	1	0	0
㹢	3E62	5	0.4246	5.975	0.9603	1	0	0
㹣	3E63	5	0.3624	5.928	0.9116	1	0	0
㹤	3E64	5	0.3554	5.430	0.9109	1	0	0
㹥	3E65	5	0.3180	4.917	0.9426	1	0	0
㹦	3E66	5	0.3969	5.693	0.9264	1	0	0
㹧	3E67	5	0.3846	5.566	0.9466	1	0	0
㹨	3E68	5	0.4400	5.215	0.9478	1	0	0
㹩	3E69	5	0.4108	5.954	0.8950	1	0	0
㹪	3E6A	5	0.4571	6.840	0.9278	1	0	0
㹫	3E6B	5	0.4260	6.399	0.9406	1	0	0
㹬	3E6C	5	0.4112	6.114	0.9372	1	0	0
㹭	3E6D	5	0.4112	6.120	0.9395	1	0	0
㹮	3E6E	5	0.3723	5.495	0.8910	1	0	0
㹯	3E6F	5	0.3609	5.916	0.9297	1	0	0
㹰	3E70	5	0.3787	5.830	0.9005	1	0	0
㹱	3E71	5	0.4015	5.781	0.8646	1	0	0
㹲	3E72	5	0.4112	6.051	0.9249	1	0	0
㹳	3E73	5	0.4292	5.888	0.8923	1	0	0
㹴	3E74	5	0.4615	6.510	0.9098	1	0	0
㹵	3E75	5	0.4062	6.608	0.8589	1	0	0
㹶	3E76	5	0.4009	6.503	0.9078	1	0	0
㹷	3E77	5	0.4142	6.362	0.9400	1	0	0
㹸	3E78	5	0.3994	5.864	0.9216	1	0	0
㹹	3E79	5	0.4142	6.760	0.9445	1	0	0
㹺	3E7A	5	0.4157	6.313	0.9413	1	0	0
㹻	3E7B	5	0.4231	6.835	0.8882	1	0	0
㹼	3E7C	5	0.4215	6.490	0.9075	1	0	0
㹽	3E7D	5	0.4112	7.274	0.8989	1	0	0
㹾	3E7E	5	0.3979	6.591	0.9424	1	0	0
㹿	3E7F	5	0.4000	5.568	0.9471	1	0	0
㺀	3E80	5	0.3920	6.960	0.9450	1	0	0
㺁	3E81	5	0.4260	7.466	0.9196	1	0	0
㺂	3E82	5	0.4216	7.161	0.9238	1	0	0
㺃	3E83	5	0.4186	6.074	0.9276	1	0	0
㺄	3E84	5	0.4408	6.601	0.9323	1	0	0
㺅	3E85	5	0.4323	6.782	0.8870	1	0	0
㺆	3E86	5	0.4077	6.757	0.9131	1	0	0
㺇	3E87	5	0.3905	7.043	0.9256	1	0	0
㺈	3E88	5	0.4527	6.418	0.9468	1	0	0
㺉	3E89	5	0.4262	6.882	0.9120	1	0	0
㺊	3E8A	5	0.4172	6.673	0.9366	1	0	0
㺋	3E8B	5	0.4038	7.646	0.8929	1	0	0
㺌	3E8C	5	0.4512	7.048	0.9250	1	0	0
㺍	3E8D	5	0.3846	6.170	0.9195	1	0	0
㺎	3E8E	5	0.4349	7.568	0.9478	1	0	0
㺏	3E8F	5	0.4467	7.258	0.9485	1	0	0
㺐	3E90	5	0.4408	7.472	0.9368	1	0	0
㺑	3E91	5	0.3757	7.586	0.9051	1	0	0
㺒	3E92	5	0.3900	7.598	0.8645	1	0	0
㺓	3E93	5	0.3964	7.125	0.9609	1	0	0
㺔	3E94	5	0.4453	7.544	0.9034	1	0	0
㺕	3E95	5	0.4689	7.082	0.8961	1	0	0
㺖	3E96	5	0.4512	7.000	0.9148	1	0	0
㺗	3E97	5	0.4769	6.519	0.9057	1	0	0
㺘	3E98	5	0.4349	6.932	0.9071	1	0	0
㺙	3E99	5	0.4277	7.575	0.9288	1	0	0
㺚	3E9A	5	0.4290	7.082	0.9043	1	0	0
㺛	3E9B	5	0.4160	7.317	0.8993	1	0	0
㺜	3E9C	5	0.4778	7.894	0.9501	1	0	0
㺝	3E9D	5	0.4689	7.094	0.8512	1	0	0
㺞	3E9E	5	0.4334	6.846	0.9494	1	0	0
㺟	3E9F	5	0.4349	7.462	0.9226	1	0	0
㺠	3EA0	5	0.4216	8.556	0.9193	1	0	0
㺡	3EA1	5	0.4800	8.127	0.8419	1	0	0
㺢	3EA2	5	0.4320	7.574	0.9420	1	0	0
㺣	3EA3	5	0.4320	8.571	0.9042	1	0	0
㺤	3EA4	5	0.4738	8.085	0.8803	1	0	0
㺥	3EA5	5	0.4364	8.502	0.8754	1	0	0
㺦	3EA6	5	0.5089	8.377	0.8792	1	0	0
㺧	3EA7	5	0.4752	8.590	0.9103	1	0	0
㺨	3EA8	5	0.2917	4.278	0.9516	1	0	0
㺩	3EA9	5	0.3189	3.575	0.9804	1	0	0
㺪	3EAA	5	0.2846	3.571	0.9298	1	0	0
㺫	3EAB	5	0.3157	3.682	0.9960	1	0	0
㺬	3EAC	5	0.3292	4.765	0.9356	1	0	0
㺭	3EAD	5	0.3029	3.891	0.9107	1	0	0
㺮	3EAE	5	0.3154	4.085	0.9468	1	0	0
㺯	3EAF	5	0.4183	5.100	0.9355	1	0	0
㺰	3EB0	5	0.3558	4.656	0.9445	1	0	0
㺱	3EB1	5	0.4200	5.433	0.9557	1	0	0
㺲	3EB2	5	0.3702	4.464	0.9636	1	0	0
㺳	3EB3	5	0.3240	4.721	0.9532	1	0	0
㺴	3EB4	5	0.3138	4.589	0.9259	1	0	0
㺵	3EB5	5	0.3077	4.760	0.9293	1	0	0
㺶	3EB6	5	0.2831	4.151	0.9344	1	0	0
㺷	3EB7	5	0.3240	4.827	0.9522	1	0	0
㺸	3EB8	5	0.4123	5.574	0.9083	1	0	0
㺹	3EB9	5	0.3269	5.038	0.9352	1	0	0
㺺	3EBA	5	0.4167	4.228	0.9807	1	0	0
㺻	3EBB	5	0.3151	4.562	0.9947	1	0	0
㺼	3EBC	5	0.3817	4.778	0.9346	1	0	0
㺽	3EBD	5	0.3645	4.260	0.9477	1	0	0
㺾	3EBE	5	0.3920	4.796	0.9801	1	0	0
㺿	3EBF	5	0.4071	4.805	0.9618	1	0	0
㻀	3EC0	5	0.4009	5.255	0.9479	1	0	0
㻁	3EC1	5	0.4350	4.985	0.9661	1	0	0
㻂	3EC2	5	0.3136	4.920	0.9810	1	0	0
㻃	3EC3	5	0.4571	5.498	0.9654	1	0	0
㻄	3EC4	5	0.3431	5.047	0.9429	1	0	0
㻅	3EC5	5	0.3417	5.450	0.9280	1	0	0
㻆	3EC6	5	0.3846	5.420	0.9402	1	0	0
㻇	3EC7	5	0.3415	4.664	0.9692	1	0	0
㻈	3EC8	5	0.3669	5.342	0.9720	1	0	0
㻉	3EC9	5	0.3121	4.918	0.9853	1	0	0
㻊	3ECA	5	0.3713	5.369	0.9420	1	0	0
㻋	3ECB	5	0.3950	5.338	0.9691	1	0	0
㻌	3ECC	5	0.3491	5.572	0.9456	1	0	0
㻍	3ECD	5	0.3831	5.201	0.9278	1	0	0
㻎	3ECE	5	0.4087	5.814	0.9521	1	0	0
㻏	3ECF	5	0.3431	5.372	0.9662	1	0	0
㻐	3ED0	5	0.3521	6.163	0.9330	1	0	0
㻑	3ED1	5	0.3817	5.650	0.9258	1	0	0
㻒	3ED2	5	0.4896	5.830	0.9605	1	0	0
㻓	3ED3	5	0.4231	6.023	0.9524	1	0	0
㻔	3ED4	5	0.4480	5.298	0.9552	1	0	0
㻕	3ED5	5	0.4544	5.661	0.9432	1	0	0
㻖	3ED6	5	0.3920	5.846	0.9539	1	0	0
㻗	3ED7	5	0.4492	5.619	0.9378	1	0	0
㻘	3ED8	5	0.3938	5.221	0.9580	1	0	0
㻙	3ED9	5	0.4053	5.738	0.9184	1	0	0
㻚	3EDA	5	0.5072	5.810	0.9225	1	0	0
㻛	3EDB	5	0.4512	5.858	0.9457	1	0	0
㻜	3EDC	5	0.3358	5.477	0.9200	1	0	0
㻝	3EDD	5	0.4123	5.816	0.9283	1	0	0
㻞	3EDE	5	0.4068	5.845	0.9739	1	0	0
㻟	3EDF	5	0.4290	5.837	0.9489	1	0	0
㻠	3EE0	5	0.3536	5.894	0.9396	1	0	0
㻡	3EE1	5	0.4127	5.834	0.9691	1	0	0
㻢	3EE2	5	0.4275	7.008	0.9083	1	0	0
㻣	3EE3	5	0.4185	5.614	0.9387	1	0	0
㻤	3EE4	5	0.3646	5.417	0.9391	1	0	0
㻥	3EE5	5	0.4290	6.038	0.9556	1	0	0
㻦	3EE6	5	0.4496	5.559	0.9642	1	0	0
㻧	3EE7	5	0.3935	6.302	0.9429	1	0	0
㻨	3EE8	5	0.4904	6.654	0.9299	1	0	0
㻩	3EE9	5	0.4408	6.418	0.9228	1	0	0
㻪	3EEA	5	0.4154	6.377	0.9304	1	0	0
㻫	3EEB	5	0.4677	5.734	0.9926	1	0	0
㻬	3EEC	5	0.3862	6.297	0.9243	1	0	0
㻭	3EED	5	0.3417	6.197	0.9372	1	0	0
㻮	3EEE	5	0.3654	6.654	0.9220	1	0	0
㻯	3EEF	5	0.3979	6.525	0.9107	1	0	0
㻰	3EF0	5	0.3891	5.837	0.9883	1	0	0
㻱	3EF1	5	0.3757	6.666	0.9260	1	0	0
㻲	3EF2	5	0.4246	6.550	0.9483	1	0	0
㻳	3EF3	5	0.3728	5.868	0.9667	1	0	0
㻴	3EF4	5	0.4128	6.385	0.9616	1	0	0
㻵	3EF5	5	0.4431	6.731	0.9276	1	0	0
㻶	3EF6	5	0.4541	6.389	0.9722	1	0	0
㻷	3EF7	5	0.4393	6.867	0.9158	1	0	0
㻸	3EF8	5	0.4508	6.758	0.9183	1	0	0
㻹	3EF9	5	0.5062	6.704	0.9311	1	0	0
㻺	3EFA	5	0.5272	7.388	0.8548	1	0	0
㻻	3EFB	5	0.4186	6.494	0.9121	1	0	0
㻼	3EFC	5	0.4288	5.984	0.9726	1	0	0
㻽	3EFD	5	0.4262	6.052	0.9422	1	0	0
㻾	3EFE	5	0.4837	7.564	0.9000	1	0	0
㻿	3EFF	5	0.4492	6.184	0.9386	1	0	0
㼀	3F00	5	0.4231	6.591	0.8957	1	0	0
㼁	3F01	5	0.4202	7.185	0.9238	1	0	0
㼂	3F02	5	0.4760	6.227	0.9541	1	0	0
㼃	3F03	5	0.4408	8.223	0.8770	1	0	0
㼄	3F04	5	0.4512	8.110	0.8963	1	0	0
㼅	3F05	5	0.4438	6.974	0.9403	1	0	0
㼆	3F06	5	0.4172	7.083	0.9123	1	0	0
㼇	3F07	5	0.4031	6.517	0.9244	1	0	0
㼈	3F08	5	0.4908	7.345	0.9253	1	0	0
㼉	3F09	5	0.3979	6.505	0.9401	1	0	0
㼊	3F0A	5	0.4201	6.543	0.9581	1	0	0
㼋	3F0B	5	0.4215	6.106	0.9619	1	0	0
㼌	3F0C	5	0.4323	7.503	0.9455	1	0	0
㼍	3F0D	5	0.4497	6.641	0.9324	1	0	0
㼎	3F0E	5	0.4354	7.097	0.9139	1	0	0
㼏	3F0F	5	0.4142	7.529	0.9246	1	0	0
㼐	3F10	5	0.4734	7.806	0.9091	1	0	0
㼑	3F11	5	0.4393	7.348	0.9186	1	0	0
㼒	3F12	5	0.4169	7.923	0.9332	1	0	0
㼓	3F13	5	0.4359	7.532	0.9767	1	0	0
㼔	3F14	5	0.4615	7.194	0.9677	1	0	0
㼕	3F15	5	0.5108	7.690	0.9246	1	0	0
㼖	3F16	5	0.4438	9.596	0.9138	1	0	0
㼗	3F17	5	0.3472	4.648	0.9423	1	0	0
㼘	3F18	5	0.3723	5.513	0.9815	1	0	0
㼙	3F19	5	0.3554	5.495	0.9852	1	0	0
㼚	3F1A	5	0.3348	5.583	0.9523	1	0	0
㼛	3F1B	5	0.3892	5.478	0.9356	1	0	0
㼜	3F1C	5	0.4260	6.058	0.9016	1	0	0
㼝	3F1D	5	0.4290	6.491	0.9392	1	0	0
㼞	3F1E	5	0.3862	5.394	0.9553	1	0	0
㼟	3F1F	5	0.4169	5.228	0.9755	1	0	0
㼠	3F20	5	0.3846	5.463	0.9516	1	0	0
㼡	3F21	5	0.4127	6.072	0.9565	1	0	0
㼢	3F22	5	0.4448	5.702	0.9399	1	0	0
㼣	3F23	5	0.4354	5.700	0.9445	1	0	0
㼤	3F24	5	0.4446	6.524	0.9396	1	0	0
㼥	3F25	5	0.3950	5.976	0.9333	1	0	0
㼦	3F26	5	0.4323	6.221	0.8896	1	0	0
㼧	3F27	5	0.5040	6.500	0.8738	1	0	0
㼨	3F28	5	0.3905	6.321	0.9279	1	0	0
㼩	3F29	5	0.4053	7.035	0.9485	1	0	0
㼪	3F2A	5	0.4053	6.407	0.9275	1	0	0
㼫	3F2B	5	0.4585	6.445	0.9141	1	0	0
㼬	3F2C	5	0.4068	6.015	0.9624	1	0	0
㼭	3F2D	5	0.4169	6.179	0.9423	1	0	0
㼮	3F2E	5	0.4631	6.806	0.9489	1	0	0
㼯	3F2F	5	0.4246	6.450	0.9541	1	0	0
㼰	3F30	5	0.4467	6.330	0.9661	1	0	0
㼱	3F31	5	0.4936	7.411	0.8475	1	0	0
㼲	3F32	5	0.4608	6.827	0.9053	1	0	0
㼳	3F33	5	0.4201	6.620	0.9267	1	0	0
㼴	3F34	5	0.5312	6.650	0.8331	1	0	0
㼵	3F35	5	0.4631	6.627	0.8733	1	0	0
㼶	3F36	5	0.3994	7.168	0.9577	1	0	0
㼷	3F37	5	0.4482	6.877	0.9703	1	0	0
㼸	3F38	5	0.4142	6.864	0.9470	1	0	0
㼹	3F39	5	0.4186	6.767	0.9407	1	0	0
㼺	3F3A	5	0.4453	6.972	0.9737	1	0	0
㼻	3F3B	5	0.4185	7.124	0.8849	1	0	0
㼼	3F3C	5	0.4692	6.831	0.9190	1	0	0
㼽	3F3D	5	0.4385	7.665	0.8771	1	0	0
㼾	3F3E	5	0.4320	7.076	0.9484	1	0	0
㼿	3F3F	5	0.4645	7.235	0.9330	1	0	0
㽀	3F40	5	0.4527	7.481	0.9203	1	0	0
㽁	3F41	5	0.4338	7.549	0.8886	1	0	0
㽂	3F42	5	0.4364	7.745	0.9162	1	0	0
㽃	3F43	5	0.4630	7.230	0.9549	1	0	0
㽄	3F44	5	0.4305	6.975	0.9125	1	0	0
㽅	3F45	5	0.4431	7.478	0.8732	1	0	0
㽆	3F46	5	0.4985	6.985	0.9337	1	0	0
㽇	3F47	5	0.4391	7.477	0.8942	1	0	0
㽈	3F48	5	0.4000	8.489	0.9168	1	0	0
㽉	3F49	5	0.5015	7.571	0.8557	1	0	0
㽊	3F4A	5	0.4349	8.916	0.8650	1	0	0
㽋	3F4B	5	0.4151	9.135	0.8693	1	0	0
㽌	3F4C	5	0.4224	7.984	0.9043	1	0	0
㽍	3F4D	5	0.4275	5.567	0.9706	1	0	0
㽎	3F4E	5	0.4172	6.345	0.9548	1	0	0
㽏	3F4F	5	0.3894	6.278	0.9615	1	0	0
㽐	3F50	5	0.4837	6.572	0.9218	1	0	0
㽑	3F51	5	0.4009	6.775	0.9935	1	0	0
㽒	3F52	5	0.4068	5.952	0.9531	1	0	0
㽓	3F53	5	0.4645	6.828	0.9209	1	0	0
㽔	3F54	5	0.4415	6.975	0.9109	1	0	0
㽕	3F55	5	0.4097	5.369	0.9589	1	0	0
㽖	3F56	5	0.3679	4.837	0.9350	1	0	0
㽗	3F57	5	0.3815	4.508	0.9728	1	0	0
㽘	3F58	5	0.3769	5.020	0.9255	1	0	0
㽙	3F59	5	0.3846	5.550	0.9349	1	0	0
㽚	3F5A	5	0.4400	4.725	1.0106	1	0	0
㽛	3F5B	5	0.4263	5.141	0.9298	1	0	0
㽜	3F5C	5	0.4290	5.935	0.9624	1	0	0
㽝	3F5D	5	0.4699	5.934	0.9289	1	0	0
㽞	3F5E	5	0.5055	4.976	0.9853	1	0	0
㽟	3F5F	5	0.3892	5.612	0.9484	1	0	0
㽠	3F60	5	0.4262	6.063	0.9182	1	0	0
㽡	3F61	5	0.4569	5.484	0.9634	1	0	0
㽢	3F62	5	0.4538	6.100	0.9264	1	0	0
㽣	3F63	5	0.4662	6.267	0.9448	1	0	0
㽤	3F64	5	0.4728	6.147	0.9169	1	0	0
㽥	3F65	5	0.4738	6.462	0.9284	1	0	0
㽦	3F66	5	0.4712	6.808	0.9369	1	0	0
㽧	3F67	5	0.4569	7.153	0.8962	1	0	0
㽨	3F68	5	0.4708	5.858	0.9413	1	0	0
㽩	3F69	5	0.4262	7.423	0.9146	1	0	0
㽪	3F6A	5	0.5064	6.578	0.9507	1	0	0
㽫	3F6B	5	0.5192	7.666	0.9391	1	0	0
㽬	3F6C	5	0.5523	6.410	0.9805	1	0	0
㽭	3F6D	5	0.5031	7.000	0.9322	1	0	0
㽮	3F6E	5	0.5233	7.092	0.9704	1	0	0
㽯	3F6F	5	0.4840	7.739	0.9592	1	0	0
㽰	3F70	5	0.5154	7.134	0.9224	1	0	0
㽱	3F71	5	0.2914	4.286	0.9557	1	0	0
㽲	3F72	5	0.3151	4.683	0.9247	1	0	0
㽳	3F73	5	0.3240	4.563	0.9692	1	0	0
㽴	3F74	5	0.3447	5.264	0.9170	1	0	0
㽵	3F75	5	0.3121	4.558	0.9478	1	0	0
㽶	3F76	5	0.3417	4.936	0.9700	1	0	0
㽷	3F77	5	0.3328	5.539	0.9374	1	0	0
㽸	3F78	5	0.3595	5.305	0.9316	1	0	0
㽹	3F79	5	0.3861	5.998	0.9523	1	0	0
㽺	3F7A	5	0.3831	5.957	0.9426	1	0	0
㽻	3F7B	5	0.3831	5.752	0.9295	1	0	0
㽼	3F7C	5	0.3476	5.127	0.9453	1	0	0
㽽	3F7D	5	0.3550	5.024	0.9492	1	0	0
㽾	3F7E	5	0.3698	5.249	0.9709	1	0	0
㽿	3F7F	5	0.3891	6.112	0.9629	1	0	0
㾀	3F80	5	0.3757	5.643	0.9509	1	0	0
㾁	3F81	5	0.3565	5.569	0.9358	1	0	0
㾂	3F82	5	0.3743	5.590	0.9460	1	0	0
㾃	3F83	5	0.3476	5.329	0.9202	1	0	0
㾄	3F84	5	0.4127	5.402	0.9611	1	0	0
㾅	3F85	5	0.3831	5.643	0.9338	1	0	0
㾆	3F86	5	0.4142	5.529	0.9530	1	0	0
㾇	3F87	5	0.4246	5.364	0.9609	1	0	0
㾈	3F88	5	0.3609	5.442	0.9259	1	0	0
㾉	3F89	5	0.3373	5.652	0.9085	1	0	0
㾊	3F8A	5	0.4053	6.123	0.9391	1	0	0
㾋	3F8B	5	0.3689	5.803	0.9430	1	0	0
㾌	3F8C	5	0.4024	5.784	0.9177	1	0	0
㾍	3F8D	5	0.3831	5.818	0.9717	1	0	0
㾎	3F8E	5	0.3846	5.686	0.9606	1	0	0
㾏	3F8F	5	0.3892	5.485	0.9155	1	0	0
㾐	3F90	5	0.3950	6.117	0.9527	1	0	0
㾑	3F91	5	0.3800	5.789	0.9307	1	0	0
㾒	3F92	5	0.3891	6.301	0.9370	1	0	0
㾓	3F93	5	0.3772	6.094	0.9625	1	0	0
㾔	3F94	5	0.3891	5.519	0.9756	1	0	0
㾕	3F95	5	0.3698	5.529	0.9321	1	0	0
㾖	3F96	5	0.4662	6.230	0.9156	1	0	0
㾗	3F97	5	0.4246	6.178	0.9276	1	0	0
㾘	3F98	5	0.3964	6.481	0.9585	1	0	0
㾙	3F99	5	0.4290	6.745	0.9067	1	0	0
㾚	3F9A	5	0.4024	6.323	0.9581	1	0	0
㾛	3F9B	5	0.3669	7.079	0.9263	1	0	0
㾜	3F9C	5	0.3876	6.301	0.9401	1	0	0
㾝	3F9D	5	0.4142	6.200	0.9615	1	0	0
㾞	3F9E	5	0.4556	6.577	0.9737	1	0	0
㾟	3F9F	5	0.3754	5.718	0.9237	1	0	0
㾠	3FA0	5	0.3861	6.151	0.9568	1	0	0
㾡	3FA1	5	0.4098	6.248	0.9419	1	0	0
㾢	3FA2	5	0.3876	6.473	0.9388	1	0	0
㾣	3FA3	5	0.4038	6.421	0.9134	1	0	0
㾤	3FA4	5	0.3831	6.018	0.9458	1	0	0
㾥	3FA5	5	0.4112	6.567	0.9459	1	0	0
㾦	3FA6	5	0.3994	5.917	0.9296	1	0	0
㾧	3FA7	5	0.4024	6.252	0.9535	1	0	0
㾨	3FA8	5	0.4186	6.296	0.9163	1	0	0
㾩	3FA9	5	0.4142	6.238	0.9618	1	0	0
㾪	3FAA	5	0.3920	6.568	0.8989	1	0	0
㾫	3FAB	5	0.4400	6.766	0.9397	1	0	0
㾬	3FAC	5	0.4172	6.499	0.9261	1	0	0
㾭	3FAD	5	0.4098	6.846	0.9326	1	0	0
㾮	3FAE	5	0.4186	6.592	0.8926	1	0	0
㾯	3FAF	5	0.4290	6.721	0.9528	1	0	0
㾰	3FB0	5	0.4231	6.153	0.9632	1	0	0
㾱	3FB1	5	0.4349	7.019	0.9052	1	0	0
㾲	3FB2	5	0.4305	6.856	0.9229	1	0	0
㾳	3FB3	5	0.4231	7.437	0.9076	1	0	0
㾴	3FB4	5	0.4260	6.757	0.9420	1	0	0
㾵	3FB5	5	0.3624	5.861	0.9187	1	0	0
㾶	3FB6	5	0.3979	6.296	0.9622	1	0	0
㾷	3FB7	5	0.4053	7.415	0.9129	1	0	0
㾸	3FB8	5	0.4053	6.607	0.9285	1	0	0
㾹	3FB9	5	0.4275	6.760	0.9587	1	0	0
㾺	3FBA	5	0.3964	6.694	0.9767	1	0	0
㾻	3FBB	5	0.4497	7.218	0.9298	1	0	0
㾼	3FBC	5	0.4320	7.097	0.9104	1	0	0
㾽	3FBD	5	0.4512	6.669	0.9026	1	0	0
㾾	3FBE	5	0.4630	7.039	0.9234	1	0	0
㾿	3FBF	5	0.4364	6.673	0.9712	1	0	0
㿀	3FC0	5	0.4142	6.488	0.9692	1	0	0
㿁	3FC1	5	0.4009	6.544	0.9315	1	0	0
㿂	3FC2	5	0.4246	6.758	0.9249	1	0	0
㿃	3FC3	5	0.4127	6.573	0.9304	1	0	0
㿄	3FC4	5	0.4704	7.632	0.9071	1	0	0
㿅	3FC5	5	0.4246	6.659	0.9184	1	0	0
㿆	3FC6	5	0.4556	7.638	0.8963	1	0	0
㿇	3FC7	5	0.4260	7.040	0.9424	1	0	0
㿈	3FC8	5	0.4541	7.144	0.9260	1	0	0
㿉	3FC9	5	0.4068	7.707	0.9507	1	0	0
㿊	3FCA	5	0.4053	7.332	0.9469	1	0	0
㿋	3FCB	5	0.4083	6.990	0.9354	1	0	0
㿌	3FCC	5	0.4157	7.197	0.9245	1	0	0
㿍	3FCD	5	0.4501	7.487	0.9112	1	0	0
㿎	3FCE	5	0.3920	7.393	0.9417	1	0	0
㿏	3FCF	5	0.4068	8.030	0.9340	1	0	0
㿐	3FD0	5	0.4660	7.734	0.8803	1	0	0
㿑	3FD1	5	0.4186	7.738	0.9419	1	0	0
㿒	3FD2	5	0.4083	8.361	0.9361	1	0	0
㿓	3FD3	5	0.4497	7.687	0.9182	1	0	0
㿔	3FD4	5	0.4601	7.324	0.9557	1	0	0
㿕	3FD5	5	0.4260	7.461	0.9382	1	0	0
㿖	3FD6	5	0.4586	8.324	0.9265	1	0	0
㿗	3FD7	5	0.4260	7.843	0.9235	1	0	0
㿘	3FD8	5	0.3979	8.124	0.9540	1	0	0
㿙	3FD9	5	0.4320	7.649	0.9453	1	0	0
㿚	3FDA	5	0.4068	8.052	0.9362	1	0	0
㿛	3FDB	5	0.4704	8.655	0.9509	1	0	0
㿜	3FDC	5	0.4497	8.520	0.9544	1	0	0
㿝	3FDD	5	0.4003	5.160	0.9680	1	0	0
㿞	3FDE	5	0.3800	4.773	0.9285	1	0	0
㿟	3FDF	5	0.4187	4.317	0.9876	1	0	0
㿠	3FE0	5	0.3785	5.252	0.9325	1	0	0
㿡	3FE1	5	0.3631	6.151	0.9347	1	0	0
㿢	3FE2	5	0.5122	5.787	0.9954	1	0	0
㿣	3FE3	5	0.4952	6.243	0.9015	1	0	0
㿤	3FE4	5	0.4662	5.750	0.9479	1	0	0
㿥	3FE5	5	0.4696	5.657	0.9548	1	0	0
㿦	3FE6	5	0.4446	6.861	0.9467	1	0	0
㿧	3FE7	5	0.3956	7.312	0.9573	1	0	0
㿨	3FE8	5	0.5185	7.473	0.8859	1	0	0
㿩	3FE9	5	0.4277	8.118	0.9233	1	0	0
㿪	3FEA	5	0.3817	6.154	0.9438	1	0	0
㿫	3FEB	5	0.4308	6.301	0.9469	1	0	0
㿬	3FEC	5	0.4423	6.187	0.9728	1	0	0
㿭	3FED	5	0.4068	6.306	0.9362	1	0	0
㿮	3FEE	5	0.4172	6.327	0.9422	1	0	0
㿯	3FEF	5	0.4024	6.850	0.9123	1	0	0
㿰	3FF0	5	0.3920	6.673	0.8963	1	0	0
㿱	3FF1	5	0.4260	6.679	0.8896	1	0	0
㿲	3FF2	5	0.4512	6.913	0.9291	1	0	0
㿳	3FF3	5	0.4867	7.509	0.9066	1	0	0
㿴	3FF4	5	0.4571	6.877	0.9284	1	0	0
㿵	3FF5	5	0.4408	7.238	0.9644	1	0	0
㿶	3FF6	5	0.4290	7.051	0.9164	1	0	0
㿷	3FF7	5	0.4556	6.803	0.8961	1	0	0
㿸	3FF8	5	0.4556	7.587	0.9506	1	0	0
㿹	3FF9	5	0.4882	7.543	0.9050	1	0	0
㿺	3FFA	5	0.4941	8.093	0.8840	1	0	0
㿻	3FFB	5	0.3938	4.036	0.9742	1	0	0
㿼	3FFC	5	0.4508	4.453	0.9946	1	0	0
㿽	3FFD	5	0.3872	4.897	0.9230	1	0	0
㿾	3FFE	5	0.4119	4.632	0.9721	1	0	0
㿿	3FFF	5	0.4722	4.863	0.9681	1	0	0
䀀	4000	5	0.4053	5.326	0.9785	1	0	0
䀁	4001	5	0.4201	5.501	0.9333	1	0	0
䀂	4002	5	0.4477	5.931	0.9458	1	0	0
䀃	4003	5	0.4585	6.018	0.9489	1	0	0
䀄	4004	5	0.4541	6.296	0.9469	1	0	0
䀅	4005	5	0.4092	5.095	0.9451	1	0	0
䀆	4006	5	0.4172	7.023	0.9310	1	0	0
䀇	4007	5	0.4808	5.866	0.9703	1	0	0
䀈	4008	5	0.5231	6.407	0.8901	1	0	0
䀉	4009	5	0.4260	7.360	0.9537	1	0	0
䀊	400A	5	0.4246	7.859	0.8618	1	0	0
䀋	400B	5	0.4601	7.078	0.9374	1	0	0
䀌	400C	5	0.4554	8.726	0.9923	1	0	0
䀍	400D	5	0.4689	8.742	0.9349	1	0	0
䀎	400E	5	0.3632	3.868	0.9670	1	0	0
䀏	400F	5	0.3938	4.806	0.9544	1	0	0
䀐	4010	5	0.3413	4.503	0.9896	1	0	0
䀑	4011	5	0.4320	5.147	0.9637	1	0	0
䀒	4012	5	0.3354	3.746	0.9991	1	0	0
䀓	4013	5	0.3492	4.740	0.9677	1	0	0
䀔	4014	5	0.4433	5.118	0.9084	1	0	0
䀕	4015	5	0.4415	4.337	0.9903	1	0	0
䀖	4016	5	0.4080	4.629	0.9548	1	0	0
䀗	4017	5	0.4123	4.805	0.9827	1	0	0
䀘	4018	5	0.4256	4.407	0.9668	1	0	0
䀙	4019	5	0.4551	5.316	0.9313	1	0	0
䀚	401A	5	0.3791	5.515	1.0082	1	0	0
䀛	401B	5	0.4338	5.538	0.9870	1	0	0
䀜	401C	5	0.4476	6.259	0.9257	1	0	0
䀝	401D	5	0.3969	4.806	0.9523	1	0	0
䀞	401E	5	0.3317	4.238	0.9817	1	0	0
䀟	401F	5	0.4538	5.586	0.9873	1	0	0
䀠	4020	5	0.4939	4.307	0.9457	1	0	0
䀡	4021	5	0.3878	4.045	0.9992	1	0	0
䀢	4022	5	0.3985	4.978	0.9647	1	0	0
䀣	4023	5	0.4292	5.503	0.9511	1	0	0
䀤	4024	5	0.3910	5.676	0.9628	1	0	0
䀥	4025	5	0.4062	5.149	0.9730	1	0	0
䀦	4026	5	0.3985	4.223	1.0256	1	0	0
䀧	4027	5	0.4062	4.858	0.9507	1	0	0
䀨	4028	5	0.4431	4.762	0.9771	1	0	0
䀩	4029	5	0.4431	5.402	0.9478	1	0	0
䀪	402A	5	0.3846	4.765	0.9597	1	0	0
䀫	402B	5	0.4215	4.962	0.9890	1	0	0
䀬	402C	5	0.3667	4.697	1.0046	1	0	0
䀭	402D	5	0.4169	5.548	0.9418	1	0	0
䀮	402E	5	0.4000	5.324	0.9586	1	0	0
䀯	402F	5	0.5200	5.732	0.9741	1	0	0
䀰	4030	5	0.4185	5.357	0.9566	1	0	0
䀱	4031	5	0.4600	5.819	0.9672	1	0	0
䀲	4032	5	0.4677	5.903	0.9518	1	0	0
䀳	4033	5	0.4738	5.366	1.0079	1	0	0
䀴	4034	5	0.4496	5.549	0.9408	1	0	0
䀵	4035	5	0.4508	5.827	0.9244	1	0	0
䀶	4036	5	0.4712	5.468	0.9768	1	0	0
䀷	4037	5	0.4599	5.923	0.9273	1	0	0
䀸	4038	5	0.3876	6.093	0.9564	1	0	0
䀹	4039	5	0.4169	5.734	0.9182	1	0	0
䀺	403A	5	0.4009	6.264	0.9394	1	0	0
䀻	403B	5	0.4723	5.295	0.9621	1	0	0
䀼	403C	5	0.4832	5.840	0.9418	1	0	0
䀽	403D	5	0.4692	6.300	0.9284	1	0	0
䀾	403E	5	0.4384	5.962	0.9393	1	0	0
䀿	403F	5	0.4446	5.340	0.9341	1	0	0
䁀	4040	5	0.3824	5.835	0.9700	1	0	0
䁁	4041	5	0.4200	5.277	0.9514	1	0	0
䁂	4042	5	0.4650	6.497	0.9753	1	0	0
䁃	4043	5	0.4646	5.739	0.9443	1	0	0
䁄	4044	5	0.4231	4.845	0.9782	1	0	0
䁅	4045	5	0.5056	5.155	0.9467	1	0	0
䁆	4046	5	0.5000	5.622	0.9398	1	0	0
䁇	4047	5	0.4167	7.231	0.9427	1	0	0
䁈	4048	5	0.3985	6.236	0.9709	1	0	0
䁉	4049	5	0.4167	6.608	0.9551	1	0	0
䁊	404A	5	0.4720	6.375	0.8847	1	0	0
䁋	404B	5	0.4954	5.940	0.9577	1	0	0
䁌	404C	5	0.5500	5.522	0.9705	1	0	0
䁍	404D	5	0.4754	6.556	0.9467	1	0	0
䁎	404E	5	0.4246	5.299	0.9824	1	0	0
䁏	404F	5	0.5100	6.049	0.9561	1	0	0
䁐	4050	5	0.4585	5.546	0.9684	1	0	0
䁑	4051	5	0.4954	6.234	0.9674	1	0	0
䁒	4052	5	0.4662	5.338	1.0064	1	0	0
䁓	4053	5	0.4415	6.988	0.9297	1	0	0
䁔	4054	5	0.4862	6.883	0.8882	1	0	0
䁕	4055	5	0.4720	6.130	0.9723	1	0	0
䁖	4056	5	0.4920	6.558	0.9054	1	0	0
䁗	4057	5	0.4846	5.713	0.9714	1	0	0
䁘	4058	5	0.4462	6.089	0.9399	1	0	0
䁙	4059	5	0.5017	6.268	0.9281	1	0	0
䁚	405A	5	0.5200	6.093	0.9716	1	0	0
䁛	405B	5	0.4969	6.069	0.9543	1	0	0
䁜	405C	5	0.5000	5.995	0.9362	1	0	0
䁝	405D	5	0.4247	7.098	0.9464	1	0	0
䁞	405E	5	0.4183	7.333	0.9181	1	0	0
䁟	405F	5	0.4912	5.850	0.9299	1	0	0
䁠	4060	5	0.5015	6.302	0.9453	1	0	0
䁡	4061	5	0.5267	5.325	0.9360	1	0	0
䁢	4062	5	0.4631	6.781	0.9355	1	0	0
䁣	4063	5	0.5046	6.366	1.0110	1	0	0
䁤	4064	5	0.4840	6.090	0.9700	1	0	0
䁥	4065	5	0.5650	6.055	0.9308	1	0	0
䁦	4066	5	0.5092	6.674	0.9743	1	0	0
䁧	4067	5	0.4631	6.249	0.9734	1	0	0
䁨	4068	5	0.4969	6.549	0.9438	1	0	0
䁩	4069	5	0.4585	6.129	0.9553	1	0	0
䁪	406A	5	0.4585	6.117	1.0047	1	0	0
䁫	406B	5	0.5136	6.585	0.9537	1	0	0
䁬	406C	5	0.5080	6.216	0.9604	1	0	0
䁭	406D	5	0.4400	6.723	0.9299	1	0	0
䁮	406E	5	0.5488	6.840	0.9035	1	0	0
䁯	406F	5	0.4369	6.999	0.9489	1	0	0
䁰	4070	5	0.4752	5.855	0.9428	1	0	0
䁱	4071	5	0.5015	6.361	0.9218	1	0	0
䁲	4072	5	0.5267	6.276	0.9225	1	0	0
䁳	4073	5	0.4631	5.978	0.9388	1	0	0
䁴	4074	5	0.4976	6.707	0.9960	1	0	0
䁵	4075	5	0.5277	6.503	0.9737	1	0	0
䁶	4076	5	0.5000	6.741	0.9157	1	0	0
䁷	4077	5	0.3942	7.226	0.9410	1	0	0
䁸	4078	5	0.4877	7.045	0.9728	1	0	0
䁹	4079	5	0.4800	5.905	0.9525	1	0	0
䁺	407A	5	0.5328	5.977	0.9069	1	0	0
䁻	407B	5	0.4923	7.445	0.8910	1	0	0
䁼	407C	5	0.5072	7.042	0.8890	1	0	0
䁽	407D	5	0.5062	8.379	0.8662	1	0	0
䁾	407E	5	0.5015	6.812	0.9599	1	0	0
䁿	407F	5	0.4215	8.221	0.9306	1	0	0
䂀	4080	5	0.4400	8.225	0.9216	1	0	0
䂁	4081	5	0.5015	7.944	0.9027	1	0	0
䂂	4082	5	0.5072	6.778	0.9413	1	0	0
䂃	4083	5	0.4600	7.410	0.9285	1	0	0
䂄	4084	5	0.5504	7.837	0.9443	1	0	0
䂅	4085	5	0.4523	8.748	0.9085	1	0	0
䂆	4086	5	0.3462	5.215	0.8716	1	0	0
䂇	4087	5	0.4138	5.629	0.9128	1	0	0
䂈	4088	5	0.4157	5.799	0.9385	1	0	0
䂉	4089	5	0.4482	6.949	0.9105	1	0	0
䂊	408A	5	0.4302	7.548	0.9383	1	0	0
䂋	408B	5	0.4305	6.840	0.9081	1	0	0
䂌	408C	5	0.4763	7.062	0.8932	1	0	0
䂍	408D	5	0.4800	7.322	0.9306	1	0	0
䂎	408E	5	0.4320	8.224	0.9144	1	0	0
䂏	408F	5	0.3938	5.531	0.9089	1	0	0
䂐	4090	5	0.3969	5.265	0.9604	1	0	0
䂑	4091	5	0.3985	5.969	0.9046	1	0	0
䂒	4092	5	0.3683	5.201	0.9613	1	0	0
䂓	4093	5	0.4112	5.855	0.9394	1	0	0
䂔	4094	5	0.3713	5.413	0.9520	1	0	0
䂕	4095	5	0.4009	6.655	0.9247	1	0	0
䂖	4096	5	0.3700	3.980	0.9779	1	0	0
䂗	4097	5	0.3520	4.601	0.9476	1	0	0
䂘	4098	5	0.4071	5.295	0.9354	1	0	0
䂙	4099	5	0.3800	5.089	0.9572	1	0	0
䂚	409A	5	0.3698	5.694	0.9220	1	0	0
䂛	409B	5	0.3585	4.793	0.9065	1	0	0
䂜	409C	5	0.3521	4.474	1.0016	1	0	0
䂝	409D	5	0.3698	5.463	0.9470	1	0	0
䂞	409E	5	0.4224	5.203	0.9341	1	0	0
䂟	409F	5	0.4369	5.772	0.9339	1	0	0
䂠	40A0	5	0.3662	5.218	0.9307	1	0	0
䂡	40A1	5	0.3631	4.600	0.9622	1	0	0
䂢	40A2	5	0.3580	5.597	0.9551	1	0	0
䂣	40A3	5	0.4260	5.922	0.9514	1	0	0
䂤	40A4	5	0.3861	5.231	0.9521	1	0	0
䂥	40A5	5	0.4369	5.477	0.9097	1	0	0
䂦	40A6	5	0.3121	5.550	0.9633	1	0	0
䂧	40A7	5	0.3639	5.298	0.9655	1	0	0
䂨	40A8	5	0.3654	5.070	0.9635	1	0	0
䂩	40A9	5	0.4912	5.747	0.9187	1	0	0
䂪	40AA	5	0.4053	5.881	0.9188	1	0	0
䂫	40AB	5	0.3979	5.821	0.9581	1	0	0
䂬	40AC	5	0.4415	6.042	0.9015	1	0	0
䂭	40AD	5	0.3550	5.669	0.9295	1	0	0
䂮	40AE	5	0.4492	6.188	1.0116	1	0	0
䂯	40AF	5	0.3800	5.328	0.8970	1	0	0
䂰	40B0	5	0.4169	5.660	0.9527	1	0	0
䂱	40B1	5	0.3876	5.527	0.9221	1	0	0
䂲	40B2	5	0.4723	6.621	0.9426	1	0	0
䂳	40B3	5	0.4231	5.703	0.9247	1	0	0
䂴	40B4	5	0.3698	5.442	0.9506	1	0	0
䂵	40B5	5	0.4215	5.811	0.9291	1	0	0
䂶	40B6	5	0.4108	6.262	0.9281	1	0	0
䂷	40B7	5	0.4038	5.782	0.9712	1	0	0
䂸	40B8	5	0.4098	6.406	0.9367	1	0	0
䂹	40B9	5	0.3639	6.171	0.9317	1	0	0
䂺	40BA	5	0.4815	5.850	0.9438	1	0	0
䂻	40BB	5	0.4446	5.840	0.9235	1	0	0
䂼	40BC	5	0.3787	6.358	0.9437	1	0	0
䂽	40BD	5	0.3846	5.266	0.9678	1	0	0
䂾	40BE	5	0.3979	6.030	0.9377	1	0	0
䂿	40BF	5	0.4379	6.047	0.9413	1	0	0
䃀	40C0	5	0.4808	6.473	0.9507	1	0	0
䃁	40C1	5	0.4015	5.052	0.9401	1	0	0
䃂	40C2	5	0.4585	5.998	0.9111	1	0	0
䃃	40C3	5	0.4272	5.935	0.9166	1	0	0
䃄	40C4	5	0.3817	5.532	0.9594	1	0	0
䃅	40C5	5	0.4320	5.556	0.9587	1	0	0
䃆	40C6	5	0.4142	5.562	0.9507	1	0	0
䃇	40C7	5	0.4446	5.424	0.9748	1	0	0
䃈	40C8	5	0.4645	6.006	0.9445	1	0	0
䃉	40C9	5	0.4769	6.447	0.9394	1	0	0
䃊	40CA	5	0.4277	5.387	0.9683	1	0	0
䃋	40CB	5	0.4334	6.530	0.9836	1	0	0
䃌	40CC	5	0.4846	5.428	0.9193	1	0	0
䃍	40CD	5	0.3950	6.452	0.9359	1	0	0
䃎	40CE	5	0.4123	6.992	0.9466	1	0	0
䃏	40CF	5	0.4831	5.782	0.9244	1	0	0
䃐	40D0	5	0.3772	6.208	0.9510	1	0	0
䃑	40D1	5	0.4320	7.521	0.9205	1	0	0
䃒	40D2	5	0.4880	6.398	0.9002	1	0	0
䃓	40D3	5	0.4601	6.294	1.0144	1	0	0
䃔	40D4	5	0.4277	5.538	0.9759	1	0	0
䃕	40D5	5	0.4615	7.059	0.9176	1	0	0
䃖	40D6	5	0.3891	6.260	0.9493	1	0	0
䃗	40D7	5	0.4569	6.725	0.9152	1	0	0
䃘	40D8	5	0.4477	6.434	0.9134	1	0	0
䃙	40D9	5	0.4837	6.789	0.9234	1	0	0
䃚	40DA	5	0.4467	7.005	0.9307	1	0	0
䃛	40DB	5	0.4334	6.589	0.9456	1	0	0
䃜	40DC	5	0.4533	7.535	0.9585	1	0	0
䃝	40DD	5	0.4541	7.003	0.8897	1	0	0
䃞	40DE	5	0.4172	7.590	0.8994	1	0	0
䃟	40DF	5	0.4808	6.922	0.9223	1	0	0
䃠	40E0	5	0.4586	7.136	0.9217	1	0	0
䃡	40E1	5	0.5062	7.052	0.8578	1	0	0
䃢	40E2	5	0.4246	7.286	0.9265	1	0	0
䃣	40E3	5	0.4308	7.208	0.8852	1	0	0
䃤	40E4	5	0.4415	7.300	0.9782	1	0	0
䃥	40E5	5	0.4778	6.475	1.0038	1	0	0
䃦	40E6	5	0.4083	7.666	0.9256	1	0	0
䃧	40E7	5	0.4000	8.264	0.9514	1	0	0
䃨	40E8	5	0.4646	6.450	0.9201	1	0	0
䃩	40E9	5	0.4538	7.355	0.9932	1	0	0
䃪	40EA	5	0.4400	6.881	0.9787	1	0	0
䃫	40EB	5	0.4320	7.164	0.9449	1	0	0
䃬	40EC	5	0.4453	6.710	0.9286	1	0	0
䃭	40ED	5	0.4157	7.507	0.9222	1	0	0
䃮	40EE	5	0.4541	6.855	0.9033	1	0	0
䃯	40EF	5	0.4127	6.677	0.9158	1	0	0
䃰	40F0	5	0.4260	7.279	0.9221	1	0	0
䃱	40F1	5	0.4615	7.232	0.9572	1	0	0
䃲	40F2	5	0.4923	7.658	0.9020	1	0	0
䃳	40F3	5	0.4601	8.642	0.8901	1	0	0
䃴	40F4	5	0.4734	6.859	0.9336	1	0	0
䃵	40F5	5	0.4172	7.746	0.9260	1	0	0
䃶	40F6	5	0.4068	7.416	0.9387	1	0	0
䃷	40F7	5	0.4393	8.396	0.9482	1	0	0
䃸	40F8	5	0.4630	7.853	0.9061	1	0	0
䃹	40F9	5	0.4880	7.461	0.9409	1	0	0
䃺	40FA	5	0.4305	7.612	0.9247	1	0	0
䃻	40FB	5	0.5008	7.952	0.8979	1	0	0
䃼	40FC	5	0.3062	3.980	0.9066	1	0	0
䃽	40FD	5	0.3388	5.303	0.9139	1	0	0
䃾	40FE	5	0.3348	5.232	0.9355	1	0	0
䃿	40FF	5	0.3284	4.959	0.9113	1	0	0
䄀	4100	5	0.3343	5.462	0.9224	1	0	0
䄁	4101	5	0.3831	5.284	0.9608	1	0	0
䄂	4102	5	0.4000	4.816	0.9454	1	0	0
䄃	4103	5	0.3595	5.277	0.9330	1	0	0
䄄	4104	5	0.4354	5.839	0.9344	1	0	0
䄅	4105	5	0.3979	6.409	0.9304	1	0	0
䄆	4106	5	0.3595	5.073	0.9326	1	0	0
䄇	4107	5	0.3861	5.390	0.9883	1	0	0
䄈	4108	5	0.3772	5.590	0.8978	1	0	0
䄉	4109	5	0.4216	6.582	0.9175	1	0	0
䄊	410A	5	0.3508	5.612	0.9257	1	0	0
䄋	410B	5	0.4477	6.160	0.8910	1	0	0
䄌	410C	5	0.4038	7.329	0.8921	1	0	0
䄍	410D	5	0.4053	5.465	0.9537	1	0	0
䄎	410E	5	0.3550	5.697	0.9350	1	0	0
䄏	410F	5	0.3802	5.660	0.9276	1	0	0
䄐	4110	5	0.4138	6.139	0.9482	1	0	0
䄑	4111	5	0.4172	6.207	0.9140	1	0	0
䄒	4112	5	0.3447	6.448	0.9097	1	0	0
䄓	4113	5	0.4305	5.969	0.9020	1	0	0
䄔	4114	5	0.4569	6.194	0.9032	1	0	0
䄕	4115	5	0.4112	6.177	0.9247	1	0	0
䄖	4116	5	0.4172	6.361	0.9161	1	0	0
䄗	4117	5	0.4631	5.953	0.9435	1	0	0
䄘	4118	5	0.3571	5.870	0.9297	1	0	0
䄙	4119	5	0.3846	6.267	0.9390	1	0	0
䄚	411A	5	0.4660	6.585	0.9842	1	0	0
䄛	411B	5	0.4201	6.973	0.9321	1	0	0
䄜	411C	5	0.4462	6.957	0.8762	1	0	0
䄝	411D	5	0.4260	6.236	0.9128	1	0	0
䄞	411E	5	0.4083	6.909	0.9018	1	0	0
䄟	411F	5	0.4200	9.264	0.9118	1	0	0
䄠	4120	5	0.4068	7.196	0.9114	1	0	0
䄡	4121	5	0.3846	7.326	0.9030	1	0	0
䄢	4122	5	0.4083	6.985	0.9196	1	0	0
䄣	4123	5	0.3920	7.577	0.9365	1	0	0
䄤	4124	5	0.4497	7.456	0.9285	1	0	0
䄥	4125	5	0.4630	8.520	0.8826	1	0	0
䄦	4126	5	0.2981	4.126	0.9415	1	0	0
䄧	4127	5	0.3595	5.303	0.9248	1	0	0
䄨	4128	5	0.3003	4.314	0.9184	1	0	0
䄩	4129	5	0.3121	4.808	0.9159	1	0	0
䄪	412A	5	0.3308	4.824	0.8963	1	0	0
䄫	412B	5	0.3373	4.853	0.9075	1	0	0
䄬	412C	5	0.3728	5.705	0.9303	1	0	0
䄭	412D	5	0.3033	4.312	0.9410	1	0	0
䄮	412E	5	0.3388	5.118	0.9431	1	0	0
䄯	412F	5	0.3713	5.107	0.9565	1	0	0
䄰	4130	5	0.3654	5.398	0.9121	1	0	0
䄱	4131	5	0.3417	5.141	0.9128	1	0	0
䄲	4132	5	0.4123	5.325	0.9191	1	0	0
䄳	4133	5	0.3491	4.822	0.9691	1	0	0
䄴	4134	5	0.4200	5.107	0.9595	1	0	0
䄵	4135	5	0.3654	5.431	0.9241	1	0	0
䄶	4136	5	0.4231	6.069	0.9158	1	0	0
䄷	4137	5	0.3862	5.207	0.9355	1	0	0
䄸	4138	5	0.4167	4.920	0.9179	1	0	0
䄹	4139	5	0.3787	6.187	0.9325	1	0	0
䄺	413A	5	0.4186	6.324	0.9518	1	0	0
䄻	413B	5	0.3950	6.387	0.9153	1	0	0
䄼	413C	5	0.4215	6.103	0.9180	1	0	0
䄽	413D	5	0.4364	6.039	0.9299	1	0	0
䄾	413E	5	0.3905	6.264	0.9272	1	0	0
䄿	413F	5	0.4364	6.077	0.9241	1	0	0
䅀	4140	5	0.4169	5.822	0.9333	1	0	0
䅁	4141	5	0.4952	7.037	0.9100	1	0	0
䅂	4142	5	0.3950	5.812	0.9065	1	0	0
䅃	4143	5	0.4062	6.285	0.8889	1	0	0
䅄	4144	5	0.4053	6.619	0.9646	1	0	0
䅅	4145	5	0.3476	5.184	0.9460	1	0	0
䅆	4146	5	0.3462	6.055	0.9528	1	0	0
䅇	4147	5	0.5017	5.813	0.9634	1	0	0
䅈	4148	5	0.4068	6.420	0.9287	1	0	0
䅉	4149	5	0.4127	5.972	0.9563	1	0	0
䅊	414A	5	0.3979	5.986	0.9028	1	0	0
䅋	414B	5	0.4112	5.874	0.9199	1	0	0
䅌	414C	5	0.4677	5.696	0.9151	1	0	0
䅍	414D	5	0.3932	6.423	0.9247	1	0	0
䅎	414E	5	0.4142	6.409	0.9122	1	0	0
䅏	414F	5	0.4497	6.783	0.9043	1	0	0
䅐	4150	5	0.4305	5.948	0.9215	1	0	0
䅑	4151	5	0.3861	6.383	0.9279	1	0	0
䅒	4152	5	0.3550	5.145	0.9457	1	0	0
䅓	4153	5	0.4231	6.940	0.9310	1	0	0
䅔	4154	5	0.4277	6.744	0.8823	1	0	0
䅕	4155	5	0.4541	6.291	0.9445	1	0	0
䅖	4156	5	0.4453	6.265	0.9393	1	0	0
䅗	4157	5	0.4186	6.677	0.9102	1	0	0
䅘	4158	5	0.3669	6.227	0.9234	1	0	0
䅙	4159	5	0.4349	6.305	0.9028	1	0	0
䅚	415A	5	0.4290	6.605	0.9113	1	0	0
䅛	415B	5	0.4769	5.951	0.9716	1	0	0
䅜	415C	5	0.4492	6.051	0.9296	1	0	0
䅝	415D	5	0.3669	5.659	0.9346	1	0	0
䅞	415E	5	0.4142	5.950	0.9212	1	0	0
䅟	415F	5	0.3964	7.000	0.9011	1	0	0
䅠	4160	5	0.4216	6.371	0.9117	1	0	0
䅡	4161	5	0.4453	6.316	0.9317	1	0	0
䅢	4162	5	0.4444	6.136	0.9806	1	0	0
䅣	4163	5	0.4512	6.214	0.9130	1	0	0
䅤	4164	5	0.4305	6.115	0.9434	1	0	0
䅥	4165	5	0.4723	6.752	0.8842	1	0	0
䅦	4166	5	0.4408	5.842	0.9810	1	0	0
䅧	4167	5	0.3950	5.912	0.9433	1	0	0
䅨	4168	5	0.4453	6.535	0.9064	1	0	0
䅩	4169	5	0.4172	6.740	0.9445	1	0	0
䅪	416A	5	0.3994	6.310	0.9631	1	0	0
䅫	416B	5	0.4068	6.197	0.9247	1	0	0
䅬	416C	5	0.4145	6.770	0.9381	1	0	0
䅭	416D	5	0.3986	6.044	0.9559	1	0	0
䅮	416E	5	0.4349	6.541	0.9084	1	0	0
䅯	416F	5	0.4660	6.724	0.9781	1	0	0
䅰	4170	5	0.4334	7.163	0.9235	1	0	0
䅱	4171	5	0.4453	6.365	0.9154	1	0	0
䅲	4172	5	0.4201	6.883	0.9583	1	0	0
䅳	4173	5	0.4369	6.964	0.8695	1	0	0
䅴	4174	5	0.4185	6.862	0.9095	1	0	0
䅵	4175	5	0.4112	6.336	0.9106	1	0	0
䅶	4176	5	0.4467	7.154	0.9408	1	0	0
䅷	4177	5	0.3979	6.620	0.9499	1	0	0
䅸	4178	5	0.4108	5.833	0.9230	1	0	0
䅹	4179	5	0.4408	6.947	0.9550	1	0	0
䅺	417A	5	0.4527	6.901	0.9363	1	0	0
䅻	417B	5	0.4290	7.125	0.9339	1	0	0
䅼	417C	5	0.4112	7.123	0.9423	1	0	0
䅽	417D	5	0.4334	7.786	0.9238	1	0	0
䅾	417E	5	0.4822	7.369	0.8769	1	0	0
䅿	417F	5	0.4482	6.185	0.9670	1	0	0
䆀	4180	5	0.4615	7.233	0.9465	1	0	0
䆁	4181	5	0.4846	6.738	0.9093	1	0	0
䆂	4182	5	0.4822	7.580	0.9133	1	0	0
䆃	4183	5	0.4157	8.067	0.9249	1	0	0
䆄	4184	5	0.4349	7.430	0.9705	1	0	0
䆅	4185	5	0.3815	7.497	0.8960	1	0	0
䆆	4186	5	0.4408	6.514	0.9033	1	0	0
䆇	4187	5	0.4423	8.091	0.9103	1	0	0
䆈	4188	5	0.4290	8.187	0.8644	1	0	0
䆉	4189	5	0.4882	7.901	0.8859	1	0	0
䆊	418A	5	0.4571	7.575	0.9418	1	0	0
䆋	418B	5	0.4689	7.732	0.9277	1	0	0
䆌	418C	5	0.4275	7.904	0.9051	1	0	0
䆍	418D	5	0.4734	7.507	0.8965	1	0	0
䆎	418E	5	0.4334	7.930	0.9458	1	0	0
䆏	418F	5	0.4954	7.869	0.8866	1	0	0
䆐	4190	5	0.5077	11.214	0.8892	1	0	0
䆑	4191	5	0.3045	4.102	0.9525	1	0	0
䆒	4192	5	0.3769	5.612	0.9479	1	0	0
䆓	4193	5	0.3542	5.630	0.8947	1	0	0
䆔	4194	5	0.3798	5.057	0.9596	1	0	0
䆕	4195	5	0.4119	5.807	0.9363	1	0	0
䆖	4196	5	0.3878	5.975	0.9306	1	0	0
䆗	4197	5	0.3654	5.082	0.9709	1	0	0
䆘	4198	5	0.4183	5.301	0.9639	1	0	0
䆙	4199	5	0.4150	5.019	0.9559	1	0	0
䆚	419A	5	0.4247	6.125	0.9464	1	0	0
䆛	419B	5	0.4092	5.871	0.9447	1	0	0
䆜	419C	5	0.4074	6.364	0.9494	1	0	0
䆝	419D	5	0.4400	5.335	0.9784	1	0	0
䆞	419E	5	0.3950	6.384	0.9337	1	0	0
䆟	419F	5	0.3743	5.905	0.9477	1	0	0
䆠	41A0	5	0.4717	5.541	0.9668	1	0	0
䆡	41A1	5	0.4279	6.794	0.9372	1	0	0
䆢	41A2	5	0.4157	6.384	0.8917	1	0	0
䆣	41A3	5	0.4492	6.789	0.9283	1	0	0
䆤	41A4	5	0.4135	6.659	0.9266	1	0	0
䆥	41A5	5	0.4000	6.850	0.9134	1	0	0
䆦	41A6	5	0.3798	6.913	0.8999	1	0	0
䆧	41A7	5	0.4808	8.110	0.8902	1	0	0
䆨	41A8	5	0.4631	7.510	0.8965	1	0	0
䆩	41A9	5	0.4423	7.177	0.9324	1	0	0
䆪	41AA	5	0.4038	6.559	0.9412	1	0	0
䆫	41AB	5	0.4535	7.124	0.8658	1	0	0
䆬	41AC	5	0.4006	7.771	0.8964	1	0	0
䆭	41AD	5	0.4024	6.363	0.9612	1	0	0
䆮	41AE	5	0.4167	8.159	0.8876	1	0	0
䆯	41AF	5	0.4567	9.735	0.8498	1	0	0
䆰	41B0	5	0.4151	6.727	0.9534	1	0	0
䆱	41B1	5	0.3798	7.244	0.8891	1	0	0
䆲	41B2	5	0.4439	8.042	0.9206	1	0	0
䆳	41B3	5	0.4215	7.799	0.8781	1	0	0
䆴	41B4	5	0.4200	8.077	0.9731	1	0	0
䆵	41B5	5	0.3942	7.463	0.9697	1	0	0
䆶	41B6	5	0.4679	7.456	0.8859	1	0	0
䆷	41B7	5	0.4022	8.776	0.9041	1	0	0
䆸	41B8	5	0.4585	7.328	0.8412	1	0	0
䆹	41B9	5	0.4391	7.825	0.9612	1	0	0
䆺	41BA	5	0.4663	7.422	0.9243	1	0	0
䆻	41BB	5	0.4554	7.007	0.9307	1	0	0
䆼	41BC	5	0.3964	7.324	0.9242	1	0	0
䆽	41BD	5	0.4123	9.078	0.9184	1	0	0
䆾	41BE	5	0.4290	6.794	0.9595	1	0	0
䆿	41BF	5	0.4677	7.673	0.9368	1	0	0
䇀	41C0	5	0.4704	6.876	0.9146	1	0	0
䇁	41C1	5	0.4172	7.484	0.9277	1	0	0
䇂	41C2	5	0.2356	3.161	1.0120	1	0	0
䇃	41C3	5	0.3417	4.910	0.9595	1	0	0
䇄	41C4	5	0.3254	5.118	0.9394	1	0	0
䇅	41C5	5	0.3385	5.568	0.9352	1	0	0
䇆	41C6	5	0.2892	4.765	0.9359	1	0	0
䇇	41C7	5	0.3935	5.847	0.9406	1	0	0
䇈	41C8	5	0.3892	5.773	0.9154	1	0	0
䇉	41C9	5	0.3319	5.165	0.9385	1	0	0
䇊	41CA	5	0.3284	5.753	0.9260	1	0	0
䇋	41CB	5	0.3523	6.180	0.9088	1	0	0
䇌	41CC	5	0.3905	5.934	0.9658	1	0	0
䇍	41CD	5	0.3757	5.567	0.9500	1	0	0
䇎	41CE	5	0.4068	5.644	0.9882	1	0	0
䇏	41CF	5	0.3772	5.876	0.9426	1	0	0
䇐	41D0	5	0.4009	6.328	0.9604	1	0	0
䇑	41D1	5	0.3754	5.678	0.9392	1	0	0
䇒	41D2	5	0.4569	6.315	0.8789	1	0	0
䇓	41D3	5	0.3891	7.060	0.8961	1	0	0
䇔	41D4	5	0.4246	8.000	0.9183	1	0	0
䇕	41D5	5	0.4174	7.209	0.9234	1	0	0
䇖	41D6	5	0.3385	5.083	0.9541	1	0	0
䇗	41D7	5	0.3392	5.446	0.9108	1	0	0
䇘	41D8	5	0.3936	4.936	0.9319	1	0	0
䇙	41D9	5	0.3413	4.794	0.9451	1	0	0
䇚	41DA	5	0.2997	4.407	0.9326	1	0	0
䇛	41DB	5	0.3472	3.990	0.9523	1	0	0
䇜	41DC	5	0.3429	5.414	0.9120	1	0	0
䇝	41DD	5	0.3615	5.826	0.9326	1	0	0
䇞	41DE	5	0.3846	4.872	0.9651	1	0	0
䇟	41DF	5	0.3877	6.138	0.9072	1	0	0
䇠	41E0	5	0.3917	4.807	0.9537	1	0	0
䇡	41E1	5	0.3381	4.692	0.9420	1	0	0
䇢	41E2	5	0.3639	5.033	0.9590	1	0	0
䇣	41E3	5	0.3200	5.479	0.9243	1	0	0
䇤	41E4	5	0.4247	5.992	0.9591	1	0	0
䇥	41E5	5	0.3840	4.757	0.9587	1	0	0
䇦	41E6	5	0.3920	5.644	0.9336	1	0	0
䇧	41E7	5	0.4599	6.334	0.9754	1	0	0
䇨	41E8	5	0.3964	6.475	0.9088	1	0	0
䇩	41E9	5	0.4492	6.387	0.9360	1	0	0
䇪	41EA	5	0.4550	5.771	0.9527	1	0	0
䇫	41EB	5	0.4333	5.410	0.9851	1	0	0
䇬	41EC	5	0.3757	5.841	0.9317	1	0	0
䇭	41ED	5	0.4503	6.256	0.9122	1	0	0
䇮	41EE	5	0.3787	5.564	0.8951	1	0	0
䇯	41EF	5	0.4343	5.503	0.9410	1	0	0
䇰	41F0	5	0.4167	6.006	0.9240	1	0	0
䇱	41F1	5	0.4519	6.682	0.9572	1	0	0
䇲	41F2	5	0.4031	6.192	0.9073	1	0	0
䇳	41F3	5	0.4305	7.016	0.9127	1	0	0
䇴	41F4	5	0.4824	6.191	0.9791	1	0	0
䇵	41F5	5	0.3397	5.534	0.8958	1	0	0
䇶	41F6	5	0.4631	5.969	0.9311	1	0	0
䇷	41F7	5	0.4277	6.041	0.9330	1	0	0
䇸	41F8	5	0.4744	5.840	0.9827	1	0	0
䇹	41F9	5	0.4615	6.344	0.9184	1	0	0
䇺	41FA	5	0.4467	5.665	0.9417	1	0	0
䇻	41FB	5	0.4569	7.229	0.8966	1	0	0
䇼	41FC	5	0.4185	6.040	0.9580	1	0	0
䇽	41FD	5	0.3754	5.560	0.9421	1	0	0
䇾	41FE	5	0.3734	6.137	0.9001	1	0	0
䇿	41FF	5	0.4462	6.115	0.9680	1	0	0
䈀	4200	5	0.4585	6.473	0.9544	1	0	0
䈁	4201	5	0.4290	6.331	0.9112	1	0	0
䈂	4202	5	0.3654	5.155	0.9164	1	0	0
䈃	4203	5	0.4038	6.293	0.9488	1	0	0
䈄	4204	5	0.4262	6.862	0.9354	1	0	0
䈅	4205	5	0.4154	6.670	0.9213	1	0	0
䈆	4206	5	0.4439	6.568	0.8935	1	0	0
䈇	4207	5	0.4123	5.844	0.9444	1	0	0
䈈	4208	5	0.4260	6.322	0.9156	1	0	0
䈉	4209	5	0.4497	6.848	0.8761	1	0	0
䈊	420A	5	0.4647	7.220	0.9111	1	0	0
䈋	420B	5	0.4311	6.520	0.9237	1	0	0
䈌	420C	5	0.4231	6.078	0.9027	1	0	0
䈍	420D	5	0.4199	6.669	0.9468	1	0	0
䈎	420E	5	0.4571	6.659	0.9271	1	0	0
䈏	420F	5	0.4696	6.907	0.9119	1	0	0
䈐	4210	5	0.3565	6.711	0.9112	1	0	0
䈑	4211	5	0.4375	6.184	0.9570	1	0	0
䈒	4212	5	0.4615	6.544	0.9356	1	0	0
䈓	4213	5	0.4323	6.935	0.9363	1	0	0
䈔	4214	5	0.4585	6.617	0.9409	1	0	0
䈕	4215	5	0.4015	6.869	0.9108	1	0	0
䈖	4216	5	0.3609	6.046	0.9193	1	0	0
䈗	4217	5	0.4246	7.198	0.8791	1	0	0
䈘	4218	5	0.4263	7.071	0.8980	1	0	0
䈙	4219	5	0.3923	6.483	0.9049	1	0	0
䈚	421A	5	0.3508	6.691	0.9312	1	0	0
䈛	421B	5	0.4216	6.694	0.9251	1	0	0
䈜	421C	5	0.4138	7.388	0.9264	1	0	0
䈝	421D	5	0.3969	7.076	0.9443	1	0	0
䈞	421E	5	0.4583	6.888	0.9616	1	0	0
䈟	421F	5	0.4503	6.310	0.9108	1	0	0
䈠	4220	5	0.4439	7.634	0.8733	1	0	0
䈡	4221	5	0.4423	7.009	0.9006	1	0	0
䈢	4222	5	0.3892	6.969	0.9248	1	0	0
䈣	4223	5	0.4098	6.399	0.9497	1	0	0
䈤	4224	5	0.4024	5.828	0.9239	1	0	0
䈥	4225	5	0.4615	6.734	0.8875	1	0	0
䈦	4226	5	0.4087	7.570	0.8735	1	0	0
䈧	4227	5	0.4354	7.313	0.8699	1	0	0
䈨	4228	5	0.4567	6.842	0.9388	1	0	0
䈩	4229	5	0.3738	6.374	0.9224	1	0	0
䈪	422A	5	0.4375	6.968	0.9487	1	0	0
䈫	422B	5	0.4455	7.333	0.8619	1	0	0
䈬	422C	5	0.4792	6.770	0.9041	1	0	0
䈭	422D	5	0.4462	6.751	0.8921	1	0	0
䈮	422E	5	0.4359	6.464	0.9446	1	0	0
䈯	422F	5	0.3891	7.104	0.9258	1	0	0
䈰	4230	5	0.4712	6.425	0.8981	1	0	0
䈱	4231	5	0.4151	6.481	0.9527	1	0	0
䈲	4232	5	0.4098	7.123	0.9072	1	0	0
䈳	4233	5	0.4343	7.389	0.9452	1	0	0
䈴	4234	5	0.4704	7.073	0.9081	1	0	0
䈵	4235	5	0.4503	7.535	0.8959	1	0	0
䈶	4236	5	0.4538	6.916	0.9295	1	0	0
䈷	4237	5	0.3891	6.700	0.9013	1	0	0
䈸	4238	5	0.4569	6.772	0.8918	1	0	0
䈹	4239	5	0.4615	6.431	0.9280	1	0	0
䈺	423A	5	0.3985	7.517	0.8848	1	0	0
䈻	423B	5	0.5415	7.273	0.8691	1	0	0
䈼	423C	5	0.4385	7.207	0.9114	1	0	0
䈽	423D	5	0.4077	7.016	0.9827	1	0	0
䈾	423E	5	0.4585	6.723	0.8699	1	0	0
䈿	423F	5	0.4247	7.066	0.9187	1	0	0
䉀	4240	5	0.4108	6.430	0.9264	1	0	0
䉁	4241	5	0.3935	6.699	0.9042	1	0	0
䉂	4242	5	0.4279	7.638	0.9421	1	0	0
䉃	4243	5	0.4112	6.959	0.9092	1	0	0
䉄	4244	5	0.4696	7.655	0.8828	1	0	0
䉅	4245	5	0.4172	6.783	0.9073	1	0	0
䉆	4246	5	0.3877	7.218	0.9634	1	0	0
䉇	4247	5	0.4292	6.651	0.9291	1	0	0
䉈	4248	5	0.4308	6.995	0.9248	1	0	0
䉉	4249	5	0.4512	7.969	0.9387	1	0	0
䉊	424A	5	0.4385	8.189	0.9627	1	0	0
䉋	424B	5	0.5000	7.421	0.9106	1	0	0
䉌	424C	5	0.4338	7.362	0.8638	1	0	0
䉍	424D	5	0.4263	6.995	0.9629	1	0	0
䉎	424E	5	0.4503	6.878	0.9303	1	0	0
䉏	424F	5	0.4867	7.467	0.8731	1	0	0
䉐	4250	5	0.4438	6.573	0.9743	1	0	0
䉑	4251	5	0.4785	7.110	0.9050	1	0	0
䉒	4252	5	0.4852	7.073	0.8618	1	0	0
䉓	4253	5	0.4763	7.074	0.9189	1	0	0
䉔	4254	5	0.4512	8.089	0.8368	1	0	0
䉕	4255	5	0.3990	6.834	0.9604	1	0	0
䉖	4256	5	0.4098	6.986	0.9305	1	0	0
䉗	4257	5	0.4338	6.667	0.9467	1	0	0
䉘	4258	5	0.4400	6.839	0.8981	1	0	0
䉙	4259	5	0.3990	8.172	0.9087	1	0	0
䉚	425A	5	0.4046	7.422	0.9373	1	0	0
䉛	425B	5	0.4952	7.655	0.8817	1	0	0
䉜	425C	5	0.4601	6.995	0.9045	1	0	0
䉝	425D	5	0.4599	8.417	0.9032	1	0	0
䉞	425E	5	0.4071	7.696	0.9112	1	0	0
䉟	425F	5	0.4260	7.731	0.9054	1	0	0
䉠	4260	5	0.3946	7.434	0.9108	1	0	0
䉡	4261	5	0.4024	8.008	0.9437	1	0	0
䉢	4262	5	0.4631	7.724	0.9202	1	0	0
䉣	4263	5	0.3954	6.949	0.9069	1	0	0
䉤	4264	5	0.4305	7.880	0.8664	1	0	0
䉥	4265	5	0.4492	7.802	0.9101	1	0	0
䉦	4266	5	0.4523	8.499	0.9132	1	0	0
䉧	4267	5	0.4231	8.059	0.9091	1	0	0
䉨	4268	5	0.4408	8.127	0.8637	1	0	0
䉩	4269	5	0.4482	7.389	0.8979	1	0	0
䉪	426A	5	0.5128	7.247	0.9427	1	0	0
䉫	426B	5	0.3989	8.119	0.9000	1	0	0
䉬	426C	5	0.4308	8.490	0.8779	1	0	0
䉭	426D	5	0.4138	9.115	0.8368	1	0	0
䉮	426E	5	0.4295	7.534	0.9647	1	0	0
䉯	426F	5	0.4375	8.558	0.9398	1	0	0
䉰	4270	5	0.4369	7.411	0.9092	1	0	0
䉱	4271	5	0.4423	7.630	0.9024	1	0	0
䉲	4272	5	0.5022	8.730	0.8366	1	0	0
䉳	4273	5	0.4379	7.404	0.9065	1	0	0
䉴	4274	5	0.4471	8.653	0.9088	1	0	0
䉵	4275	5	0.4645	9.725	0.8701	1	0	0
䉶	4276	5	0.4708	8.210	0.9070	1	0	0
䉷	4277	5	0.4408	8.490	0.8969	1	0	0
䉸	4278	5	0.4453	7.548	0.9146	1	0	0
䉹	4279	5	0.4277	9.204	0.9097	1	0	0
䉺	427A	5	0.3225	4.683	0.9569	1	0	0
䉻	427B	5	0.4112	6.065	0.9290	1	0	0
䉼	427C	5	0.3284	5.264	0.9680	1	0	0
䉽	427D	5	0.3521	5.596	0.9416	1	0	0
䉾	427E	5	0.3772	5.767	0.9470	1	0	0
䉿	427F	5	0.3600	5.663	0.9241	1	0	0
䊀	4280	5	0.3772	5.339	0.9545	1	0	0
䊁	4281	5	0.4083	5.945	0.9121	1	0	0
䊂	4282	5	0.4157	6.240	0.9430	1	0	0
䊃	4283	5	0.4083	7.462	0.9330	1	0	0
䊄	4284	5	0.4154	6.244	0.8851	1	0	0
䊅	4285	5	0.3969	5.847	0.9063	1	0	0
䊆	4286	5	0.4077	5.801	0.9553	1	0	0
䊇	4287	5	0.4660	6.586	0.9257	1	0	0
䊈	4288	5	0.4349	6.923	0.9083	1	0	0
䊉	4289	5	0.3994	6.332	0.9263	1	0	0
䊊	428A	5	0.4556	7.157	0.9190	1	0	0
䊋	428B	5	0.4201	6.297	0.9223	1	0	0
䊌	428C	5	0.3989	6.711	0.9256	1	0	0
䊍	428D	5	0.4305	6.937	0.8871	1	0	0
䊎	428E	5	0.4408	6.981	0.9063	1	0	0
䊏	428F	5	0.3757	6.745	0.9323	1	0	0
䊐	4290	5	0.4556	6.702	0.9010	1	0	0
䊑	4291	5	0.4400	6.674	0.9023	1	0	0
䊒	4292	5	0.4172	6.151	0.9223	1	0	0
䊓	4293	5	0.4615	6.765	0.9210	1	0	0
䊔	4294	5	0.4349	6.476	0.9295	1	0	0
䊕	4295	5	0.4320	7.663	0.9285	1	0	0
䊖	4296	5	0.4497	6.947	0.9135	1	0	0
䊗	4297	5	0.4675	6.659	0.9126	1	0	0
䊘	4298	5	0.4548	6.672	0.9573	1	0	0
䊙	4299	5	0.4615	6.109	0.9261	1	0	0
䊚	429A	5	0.4334	6.654	0.9075	1	0	0
䊛	429B	5	0.4408	7.851	0.8941	1	0	0
䊜	429C	5	0.4601	7.236	0.9568	1	0	0
䊝	429D	5	0.3994	7.644	0.8830	1	0	0
䊞	429E	5	0.4738	7.061	0.8823	1	0	0
䊟	429F	5	0.4660	7.389	0.9058	1	0	0
䊠	42A0	5	0.4354	7.136	0.9158	1	0	0
䊡	42A1	5	0.3787	7.502	0.9382	1	0	0
䊢	42A2	5	0.4290	7.365	0.9060	1	0	0
䊣	42A3	5	0.4615	6.918	0.9229	1	0	0
䊤	42A4	5	0.4423	7.231	0.9867	1	0	0
䊥	42A5	5	0.4216	8.017	0.9331	1	0	0
䊦	42A6	5	0.4053	7.364	0.9402	1	0	0
䊧	42A7	5	0.4527	7.649	0.9227	1	0	0
䊨	42A8	5	0.3905	7.990	0.9434	1	0	0
䊩	42A9	5	0.4882	7.404	0.8649	1	0	0
䊪	42AA	5	0.4453	7.404	0.9351	1	0	0
䊫	42AB	5	0.3994	6.667	0.9721	1	0	0
䊬	42AC	5	0.4308	7.615	0.9181	1	0	0
䊭	42AD	5	0.3575	8.202	0.9476	1	0	0
䊮	42AE	5	0.4837	7.769	0.8936	1	0	0
䊯	42AF	5	0.4829	7.930	0.9148	1	0	0
䊰	42B0	5	0.4571	7.505	0.9199	1	0	0
䊱	42B1	5	0.4512	8.356	0.9022	1	0	0
䊲	42B2	5	0.5266	7.856	0.8960	1	0	0
䊳	42B3	5	0.4320	8.197	0.9079	1	0	0
䊴	42B4	5	0.4038	8.152	0.9082	1	0	0
䊵	42B5	5	0.3388	5.490	0.9248	1	0	0
䊶	42B6	5	0.3831	6.284	0.9273	1	0	0
䊷	42B7	5	0.3225	5.480	0.9090	1	0	0
䊸	42B8	5	0.3195	5.461	0.9437	1	0	0
䊹	42B9	5	0.2959	5.067	0.9298	1	0	0
䊺	42BA	5	0.3723	6.002	0.8763	1	0	0
䊻	42BB	5	0.3388	6.072	0.9248	1	0	0
䊼	42BC	5	0.3400	5.176	0.9497	1	0	0
䊽	42BD	5	0.3536	5.981	0.9228	1	0	0
䊾	42BE	5	0.3240	5.806	0.9208	1	0	0
䊿	42BF	5	0.3550	5.812	0.9462	1	0	0
䋀	42C0	5	0.4062	6.285	0.9393	1	0	0
䋁	42C1	5	0.3343	5.801	0.9050	1	0	0
䋂	42C2	5	0.3354	6.594	0.9017	1	0	0
䋃	42C3	5	0.3595	6.010	0.9184	1	0	0
䋄	42C4	5	0.4400	6.708	0.9362	1	0	0
䋅	42C5	5	0.3151	5.365	0.9534	1	0	0
䋆	42C6	5	0.3262	5.608	0.8992	1	0	0
䋇	42C7	5	0.3609	5.942	0.9483	1	0	0
䋈	42C8	5	0.4343	7.245	0.8983	1	0	0
䋉	42C9	5	0.3092	5.942	0.9192	1	0	0
䋊	42CA	5	0.3538	5.778	0.9022	1	0	0
䋋	42CB	5	0.4083	6.505	0.9579	1	0	0
䋌	42CC	5	0.3846	5.920	0.9148	1	0	0
䋍	42CD	5	0.3580	5.879	0.9650	1	0	0
䋎	42CE	5	0.3985	5.897	0.9223	1	0	0
䋏	42CF	5	0.3328	5.428	0.9212	1	0	0
䋐	42D0	5	0.4009	6.841	0.9304	1	0	0
䋑	42D1	5	0.4112	6.613	0.9452	1	0	0
䋒	42D2	5	0.3723	6.306	0.8887	1	0	0
䋓	42D3	5	0.4046	6.179	0.9096	1	0	0
䋔	42D4	5	0.3521	5.772	0.9529	1	0	0
䋕	42D5	5	0.3985	6.510	0.9366	1	0	0
䋖	42D6	5	0.4098	6.292	0.9410	1	0	0
䋗	42D7	5	0.4186	6.251	0.9537	1	0	0
䋘	42D8	5	0.3861	6.308	0.9360	1	0	0
䋙	42D9	5	0.4053	5.976	0.9397	1	0	0
䋚	42DA	5	0.4123	6.627	0.9399	1	0	0
䋛	42DB	5	0.3580	6.486	0.9133	1	0	0
䋜	42DC	5	0.3994	6.827	0.8929	1	0	0
䋝	42DD	5	0.3639	6.847	0.9140	1	0	0
䋞	42DE	5	0.4508	7.544	0.8968	1	0	0
䋟	42DF	5	0.3908	6.957	0.8994	1	0	0
䋠	42E0	5	0.4586	6.895	0.9148	1	0	0
䋡	42E1	5	0.3624	6.697	0.9246	1	0	0
䋢	42E2	5	0.3683	6.633	0.9104	1	0	0
䋣	42E3	5	0.4231	7.093	0.8837	1	0	0
䋤	42E4	5	0.4138	6.365	0.8944	1	0	0
䋥	42E5	5	0.4453	6.370	0.9389	1	0	0
䋦	42E6	5	0.4216	7.173	0.9115	1	0	0
䋧	42E7	5	0.4527	6.869	0.9491	1	0	0
䋨	42E8	5	0.3876	6.398	0.9228	1	0	0
䋩	42E9	5	0.3905	6.440	0.9287	1	0	0
䋪	42EA	5	0.4364	7.383	0.9377	1	0	0
䋫	42EB	5	0.3817	6.145	0.9638	1	0	0
䋬	42EC	5	0.3536	7.096	0.9051	1	0	0
䋭	42ED	5	0.4305	6.968	0.9190	1	0	0
䋮	42EE	5	0.3818	6.652	0.9244	1	0	0
䋯	42EF	5	0.4169	7.227	0.8942	1	0	0
䋰	42F0	5	0.4046	7.357	0.9365	1	0	0
䋱	42F1	5	0.3861	6.846	0.9157	1	0	0
䋲	42F2	5	0.4305	6.824	0.9525	1	0	0
䋳	42F3	5	0.4585	6.997	0.9304	1	0	0
䋴	42F4	5	0.4290	7.365	0.9034	1	0	0
䋵	42F5	5	0.4446	7.376	0.8889	1	0	0
䋶	42F6	5	0.4246	6.872	0.9403	1	0	0
䋷	42F7	5	0.4323	7.767	0.8648	1	0	0
䋸	42F8	5	0.4615	7.209	0.9283	1	0	0
䋹	42F9	5	0.4785	6.850	0.9557	1	0	0
䋺	42FA	5	0.4201	7.457	0.9233	1	0	0
䋻	42FB	5	0.4408	7.184	0.9556	1	0	0
䋼	42FC	5	0.4800	7.796	0.8822	1	0	0
䋽	42FD	5	0.3787	6.537	0.9267	1	0	0
䋾	42FE	5	0.4246	7.767	0.9206	1	0	0
䋿	42FF	5	0.4334	7.101	0.9289	1	0	0
䌀	4300	5	0.3802	6.928	0.9465	1	0	0
䌁	4301	5	0.4689	7.268	0.9419	1	0	0
䌂	4302	5	0.4719	7.538	0.8911	1	0	0
䌃	4303	5	0.4523	7.180	0.9147	1	0	0
䌄	4304	5	0.4083	7.749	0.9281	1	0	0
䌅	4305	5	0.4512	7.216	0.9247	1	0	0
䌆	4306	5	0.4763	7.375	0.9205	1	0	0
䌇	4307	5	0.4431	7.612	0.8946	1	0	0
䌈	4308	5	0.4754	7.411	0.9166	1	0	0
䌉	4309	5	0.4431	6.783	0.8978	1	0	0
䌊	430A	5	0.4172	7.204	0.9476	1	0	0
䌋	430B	5	0.4112	6.808	0.9492	1	0	0
䌌	430C	5	0.4615	7.452	0.9140	1	0	0
䌍	430D	5	0.4734	7.085	0.9608	1	0	0
䌎	430E	5	0.4343	7.926	0.8643	1	0	0
䌏	430F	5	0.4186	7.708	0.9356	1	0	0
䌐	4310	5	0.4009	7.714	0.9199	1	0	0
䌑	4311	5	0.4379	7.241	0.9189	1	0	0
䌒	4312	5	0.4660	7.601	0.9184	1	0	0
䌓	4313	5	0.3876	8.132	0.8868	1	0	0
䌔	4314	5	0.4364	7.256	0.9780	1	0	0
䌕	4315	5	0.3935	7.870	0.9065	1	0	0
䌖	4316	5	0.4497	7.442	0.9199	1	0	0
䌗	4317	5	0.4645	7.543	0.9280	1	0	0
䌘	4318	5	0.4246	7.950	0.8726	1	0	0
䌙	4319	5	0.4601	7.212	0.9253	1	0	0
䌚	431A	5	0.4601	7.639	0.9264	1	0	0
䌛	431B	5	0.4062	7.834	0.8949	1	0	0
䌜	431C	5	0.4467	7.764	0.9164	1	0	0
䌝	431D	5	0.4157	7.660	0.9163	1	0	0
䌞	431E	5	0.4053	7.520	0.9052	1	0	0
䌟	431F	5	0.4172	7.124	0.9421	1	0	0
䌠	4320	5	0.4216	8.139	0.8742	1	0	0
䌡	4321	5	0.4453	7.406	0.9426	1	0	0
䌢	4322	5	0.3950	7.826	0.8920	1	0	0
䌣	4323	5	0.4497	7.577	0.9086	1	0	0
䌤	4324	5	0.5089	9.284	0.8348	1	0	0
䌥	4325	5	0.3905	8.696	0.8890	1	0	0
䌦	4326	5	0.4334	7.984	0.9274	1	0	0
䌧	4327	5	0.3704	8.423	0.9280	1	0	0
䌨	4328	5	0.4305	8.367	0.9148	1	0	0
䌩	4329	5	0.4808	7.827	0.8919	1	0	0
䌪	432A	5	0.4908	7.996	0.9336	1	0	0
䌫	432B	5	0.4260	8.145	0.9231	1	0	0
䌬	432C	5	0.4882	8.212	0.9133	1	0	0
䌭	432D	5	0.4364	7.697	0.9219	1	0	0
䌮	432E	5	0.4877	8.123	0.8880	1	0	0
䌯	432F	5	0.4734	7.864	0.9415	1	0	0
䌰	4330	5	0.4453	7.796	0.9423	1	0	0
䌱	4331	5	0.4201	9.140	0.8963	1	0	0
䌲	4332	5	0.4142	8.949	0.9347	1	0	0
䌳	4333	5	0.5077	9.410	0.8339	1	0	0
䌴	4334	5	0.4320	9.159	0.9113	1	0	0
䌵	4335	5	0.4800	9.616	0.9069	1	0	0
䌶	4336	5	0.3136	4.766	0.9239	1	0	0
䌷	4337	5	0.4167	5.204	0.9630	1	0	0
䌸	4338	5	0.3400	5.342	0.9620	1	0	0
䌹	4339	5	0.3877	5.540	0.9704	1	0	0
䌺	433A	5	0.3713	5.375	0.9588	1	0	0
䌻	433B	5	0.3969	5.917	0.9325	1	0	0
䌼	433C	5	0.3624	5.817	0.8959	1	0	0
䌽	433D	5	0.3846	6.309	0.9114	1	0	0
䌾	433E	5	0.4098	6.494	0.9565	1	0	0
䌿	433F	5	0.4631	6.241	0.9324	1	0	0
䍀	4340	5	0.3938	6.436	0.9242	1	0	0
䍁	4341	5	0.3846	7.504	0.9046	1	0	0
䍂	4342	5	0.3121	4.625	0.9896	1	0	0
䍃	4343	5	0.3702	5.720	0.9253	1	0	0
䍄	4344	5	0.3800	4.989	0.9559	1	0	0
䍅	4345	5	0.3683	5.845	0.9442	1	0	0
䍆	4346	5	0.3388	4.954	0.9433	1	0	0
䍇	4347	5	0.3550	5.600	0.9307	1	0	0
䍈	4348	5	0.3757	5.363	0.9825	1	0	0
䍉	4349	5	0.3787	5.495	0.9764	1	0	0
䍊	434A	5	0.3698	6.209	0.9292	1	0	0
䍋	434B	5	0.4738	6.034	0.9930	1	0	0
䍌	434C	5	0.3861	5.838	0.9750	1	0	0
䍍	434D	5	0.4169	7.131	0.9415	1	0	0
䍎	434E	5	0.4660	8.010	0.9484	1	0	0
䍏	434F	5	0.3727	2.854	0.9835	1	0	0
䍐	4350	5	0.3800	4.073	1.0197	1	0	0
䍑	4351	5	0.3983	5.265	0.9968	1	0	0
䍒	4352	5	0.4200	4.739	0.9686	1	0	0
䍓	4353	5	0.4433	5.157	0.9648	1	0	0
䍔	4354	5	0.4383	5.389	0.9507	1	0	0
䍕	4355	5	0.4800	5.597	0.9130	1	0	0
䍖	4356	5	0.4554	5.366	0.9456	1	0	0
䍗	4357	5	0.4683	5.763	0.9353	1	0	0
䍘	4358	5	0.4160	5.313	0.9448	1	0	0
䍙	4359	5	0.5264	6.551	0.8854	1	0	0
䍚	435A	5	0.4364	6.019	0.9769	1	0	0
䍛	435B	5	0.5673	5.667	0.9911	1	0	0
䍜	435C	5	0.5217	5.711	0.9727	1	0	0
䍝	435D	5	0.4350	6.280	0.9886	1	0	0
䍞	435E	5	0.4480	7.099	0.9016	1	0	0
䍟	435F	5	0.4517	7.255	0.8803	1	0	0
䍠	4360	5	0.4348	7.030	0.9244	1	0	0
䍡	4361	5	0.5360	6.679	0.9582	1	0	0
䍢	4362	5	0.4848	6.630	0.9382	1	0	0
䍣	4363	5	0.4350	7.662	1.0120	1	0	0
䍤	4364	5	0.4400	7.243	0.9554	1	0	0
䍥	4365	5	0.4923	7.708	0.8876	1	0	0
䍦	4366	5	0.4892	7.833	0.8928	1	0	0
䍧	4367	5	0.3521	4.878	0.9422	1	0	0
䍨	4368	5	0.3846	5.269	0.9197	1	0	0
䍩	4369	5	0.3609	5.548	0.9116	1	0	0
䍪	436A	5	0.3757	5.495	0.9449	1	0	0
䍫	436B	5	0.3225	5.210	0.9043	1	0	0
䍬	436C	5	0.3491	5.149	0.9748	1	0	0
䍭	436D	5	0.4127	6.199	0.9307	1	0	0
䍮	436E	5	0.4053	6.327	0.8906	1	0	0
䍯	436F	5	0.4290	6.314	0.9168	1	0	0
䍰	4370	5	0.4769	6.363	0.9288	1	0	0
䍱	4371	5	0.3565	6.130	0.9475	1	0	0
䍲	4372	5	0.3950	5.863	0.9184	1	0	0
䍳	4373	5	0.4408	7.591	0.9044	1	0	0
䍴	4374	5	0.4172	6.634	0.8986	1	0	0
䍵	4375	5	0.3935	5.661	0.9070	1	0	0
䍶	4376	5	0.4497	6.316	0.9226	1	0	0
䍷	4377	5	0.4275	6.165	0.9452	1	0	0
䍸	4378	5	0.4497	6.591	0.9511	1	0	0
䍹	4379	5	0.4379	6.572	0.9305	1	0	0
䍺	437A	5	0.4785	6.891	0.8890	1	0	0
䍻	437B	5	0.4305	7.082	0.9423	1	0	0
䍼	437C	5	0.4808	7.452	0.8800	1	0	0
䍽	437D	5	0.4763	7.817	0.8733	1	0	0
䍾	437E	5	0.4576	5.973	0.9041	1	0	0
䍿	437F	5	0.4450	5.423	0.9731	1	0	0
䎀	4380	5	0.4482	7.490	0.8780	1	0	0
䎁	4381	5	0.4262	5.618	0.9483	1	0	0
䎂	4382	5	0.4157	6.888	0.9241	1	0	0
䎃	4383	5	0.4578	6.056	0.9402	1	0	0
䎄	4384	5	0.4608	6.115	0.9321	1	0	0
䎅	4385	5	0.3579	5.284	0.9804	1	0	0
䎆	4386	5	0.3760	6.221	0.9002	1	0	0
䎇	4387	5	0.4031	6.573	0.9306	1	0	0
䎈	4388	5	0.4527	7.192	0.9037	1	0	0
䎉	4389	5	0.4092	7.199	0.8978	1	0	0
䎊	438A	5	0.4385	6.531	0.9332	1	0	0
䎋	438B	5	0.4246	6.223	0.9515	1	0	0
䎌	438C	5	0.4369	6.764	0.8851	1	0	0
䎍	438D	5	0.4793	7.271	0.9152	1	0	0
䎎	438E	5	0.4423	7.203	0.8730	1	0	0
䎏	438F	5	0.4279	6.575	0.9315	1	0	0
䎐	4390	5	0.4508	6.222	0.9505	1	0	0
䎑	4391	5	0.4415	7.208	0.8800	1	0	0
䎒	4392	5	0.4334	8.077	0.8952	1	0	0
䎓	4393	5	0.4601	7.274	0.9332	1	0	0
䎔	4394	5	0.4290	7.460	0.9435	1	0	0
䎕	4395	5	0.4615	7.769	0.8965	1	0	0
䎖	4396	5	0.5369	7.410	0.8761	1	0	0
䎗	4397	5	0.5077	7.631	0.9185	1	0	0
䎘	4398	5	0.4585	7.840	0.9433	1	0	0
䎙	4399	5	0.4856	7.854	0.9074	1	0	0
䎚	439A	5	0.4157	8.505	0.8909	1	0	0
䎛	439B	5	0.4053	5.892	0.9433	1	0	0
䎜	439C	5	0.4154	6.089	0.9397	1	0	0
䎝	439D	5	0.4305	7.548	0.8917	1	0	0
䎞	439E	5	0.3138	5.485	0.9716	1	0	0
䎟	439F	5	0.4172	6.159	0.9586	1	0	0
䎠	43A0	5	0.3994	6.402	0.9612	1	0	0
䎡	43A1	5	0.3933	5.283	0.9360	1	0	0
䎢	43A2	5	0.3698	5.452	0.9171	1	0	0
䎣	43A3	5	0.3935	5.990	0.9438	1	0	0
䎤	43A4	5	0.4692	6.460	0.9028	1	0	0
䎥	43A5	5	0.4127	6.146	0.9544	1	0	0
䎦	43A6	5	0.3920	6.499	0.9380	1	0	0
䎧	43A7	5	0.3964	5.782	0.9345	1	0	0
䎨	43A8	5	0.4512	6.345	0.9274	1	0	0
䎩	43A9	5	0.4646	7.067	0.9153	1	0	0
䎪	43AA	5	0.4290	6.029	0.9218	1	0	0
䎫	43AB	5	0.4379	7.495	0.8903	1	0	0
䎬	43AC	5	0.4586	6.666	0.9318	1	0	0
䎭	43AD	5	0.4379	6.530	0.9512	1	0	0
䎮	43AE	5	0.4892	6.795	0.8849	1	0	0
䎯	43AF	5	0.4719	6.785	0.9580	1	0	0
䎰	43B0	5	0.4630	6.874	0.9037	1	0	0
䎱	43B1	5	0.5251	7.938	0.8843	1	0	0
䎲	43B2	5	0.3754	4.709	0.9595	1	0	0
䎳	43B3	5	0.4656	5.007	0.9027	1	0	0
䎴	43B4	5	0.4127	5.178	0.9656	1	0	0
䎵	43B5	5	0.4142	6.138	0.9274	1	0	0
䎶	43B6	5	0.4323	5.003	0.9686	1	0	0
䎷	43B7	5	0.4290	5.764	0.9641	1	0	0
䎸	43B8	5	0.4662	5.462	0.9487	1	0	0
䎹	43B9	5	0.4024	6.993	0.9323	1	0	0
䎺	43BA	5	0.4338	6.580	0.9763	1	0	0
䎻	43BB	5	0.4944	6.208	0.9214	1	0	0
䎼	43BC	5	0.4646	6.064	0.9385	1	0	0
䎽	43BD	5	0.4660	6.389	0.9451	1	0	0
䎾	43BE	5	0.4379	6.495	0.9356	1	0	0
䎿	43BF	5	0.3979	6.803	0.9329	1	0	0
䏀	43C0	5	0.4908	6.284	0.9600	1	0	0
䏁	43C1	5	0.4260	5.842	0.9447	1	0	0
䏂	43C2	5	0.4719	6.596	0.9329	1	0	0
䏃	43C3	5	0.4538	6.415	0.8982	1	0	0
䏄	43C4	5	0.4453	6.967	0.8915	1	0	0
䏅	43C5	5	0.4334	7.346	0.9005	1	0	0
䏆	43C6	5	0.4660	6.692	1.0086	1	0	0
䏇	43C7	5	0.5246	6.650	0.9119	1	0	0
䏈	43C8	5	0.4231	7.938	0.9013	1	0	0
䏉	43C9	5	0.4528	7.803	0.8663	1	0	0
䏊	43CA	5	0.4926	7.619	0.9340	1	0	0
䏋	43CB	5	0.4172	7.077	0.9266	1	0	0
䏌	43CC	5	0.3617	4.513	0.9117	1	0	0
䏍	43CD	5	0.3969	5.235	0.9268	1	0	0
䏎	43CE	5	0.3877	5.559	0.8806	1	0	0
䏏	43CF	5	0.3523	4.439	0.8939	1	0	0
䏐	43D0	5	0.3979	5.404	0.9359	1	0	0
䏑	43D1	5	0.4423	6.342	0.8793	1	0	0
䏒	43D2	5	0.3654	4.909	0.9677	1	0	0
䏓	43D3	5	0.3892	5.644	0.8733	1	0	0
䏔	43D4	5	0.4138	5.343	0.9275	1	0	0
䏕	43D5	5	0.3565	4.893	0.9001	1	0	0
䏖	43D6	5	0.4247	5.004	0.9392	1	0	0
䏗	43D7	5	0.3462	5.060	0.9387	1	0	0
䏘	43D8	5	0.4092	5.762	0.9704	1	0	0
䏙	43D9	5	0.3935	5.228	0.9086	1	0	0
䏚	43DA	5	0.3284	5.092	0.9290	1	0	0
䏛	43DB	5	0.3815	5.441	0.9087	1	0	0
䏜	43DC	5	0.4292	6.079	0.9416	1	0	0
䏝	43DD	5	0.3920	5.447	0.9251	1	0	0
䏞	43DE	5	0.3994	5.452	0.9312	1	0	0
䏟	43DF	5	0.4068	6.123	0.9108	1	0	0
䏠	43E0	5	0.3565	5.311	0.9343	1	0	0
䏡	43E1	5	0.3908	5.418	0.9596	1	0	0
䏢	43E2	5	0.4260	6.229	0.9231	1	0	0
䏣	43E3	5	0.4592	5.114	0.9112	1	0	0
䏤	43E4	5	0.4432	5.200	0.8923	1	0	0
䏥	43E5	5	0.4453	5.587	0.9707	1	0	0
䏦	43E6	5	0.4038	5.320	0.9579	1	0	0
䏧	43E7	5	0.3654	6.409	0.9182	1	0	0
䏨	43E8	5	0.4308	5.166	0.9724	1	0	0
䏩	43E9	5	0.4024	5.570	0.9529	1	0	0
䏪	43EA	5	0.4354	5.380	0.9169	1	0	0
䏫	43EB	5	0.4305	6.059	0.9173	1	0	0
䏬	43EC	5	0.4009	5.668	0.9330	1	0	0
䏭	43ED	5	0.4305	5.774	0.9292	1	0	0
䏮	43EE	5	0.3769	5.947	0.9211	1	0	0
䏯	43EF	5	0.3861	5.967	0.9475	1	0	0
䏰	43F0	5	0.4246	6.563	0.8909	1	0	0
䏱	43F1	5	0.5120	6.328	0.8597	1	0	0
䏲	43F2	5	0.4541	6.176	0.9466	1	0	0
䏳	43F3	5	0.4482	5.991	0.9470	1	0	0
䏴	43F4	5	0.4569	6.043	0.8988	1	0	0
䏵	43F5	5	0.4423	6.822	0.9274	1	0	0
䏶	43F6	5	0.4157	6.031	0.9630	1	0	0
䏷	43F7	5	0.4492	5.386	0.9585	1	0	0
䏸	43F8	5	0.4585	5.817	0.9057	1	0	0
䏹	43F9	5	0.4600	5.933	0.8974	1	0	0
䏺	43FA	5	0.4662	6.471	0.9306	1	0	0
䏻	43FB	5	0.4369	5.948	0.9335	1	0	0
䏼	43FC	5	0.4497	7.351	0.8999	1	0	0
䏽	43FD	5	0.4083	5.789	0.9302	1	0	0
䏾	43FE	5	0.4423	6.462	0.9463	1	0	0
䏿	43FF	5	0.3846	5.816	0.9137	1	0	0
䐀	4400	5	0.4408	6.062	0.9453	1	0	0
䐁	4401	5	0.4215	7.097	0.9051	1	0	0
䐂	4402	5	0.4554	6.379	0.9119	1	0	0
䐃	4403	5	0.5520	6.685	0.9035	1	0	0
䐄	4404	5	0.4277	5.826	0.9467	1	0	0
䐅	4405	5	0.4877	6.473	0.9309	1	0	0
䐆	4406	5	0.4201	6.456	0.9323	1	0	0
䐇	4407	5	0.4954	6.814	0.9215	1	0	0
䐈	4408	5	0.4601	6.184	0.9420	1	0	0
䐉	4409	5	0.4938	6.902	0.9174	1	0	0
䐊	440A	5	0.4723	6.429	0.8916	1	0	0
䐋	440B	5	0.3846	6.686	0.9176	1	0	0
䐌	440C	5	0.4516	5.769	0.9637	1	0	0
䐍	440D	5	0.4482	6.107	0.9479	1	0	0
䐎	440E	5	0.4831	6.351	0.8787	1	0	0
䐏	440F	5	0.4453	6.352	0.9809	1	0	0
䐐	4410	5	0.4112	7.058	0.9346	1	0	0
䐑	4411	5	0.4675	6.456	0.9442	1	0	0
䐒	4412	5	0.4277	7.169	0.9134	1	0	0
䐓	4413	5	0.4896	6.336	0.8870	1	0	0
䐔	4414	5	0.4729	6.342	0.9340	1	0	0
䐕	4415	5	0.4423	5.964	0.9706	1	0	0
䐖	4416	5	0.4569	6.986	0.8912	1	0	0
䐗	4417	5	0.4601	6.308	0.9238	1	0	0
䐘	4418	5	0.4585	7.327	0.9019	1	0	0
䐙	4419	5	0.4512	5.837	0.9751	1	0	0
䐚	441A	5	0.5296	6.272	0.9279	1	0	0
䐛	441B	5	0.4704	6.141	0.9301	1	0	0
䐜	441C	5	0.4246	7.192	0.9326	1	0	0
䐝	441D	5	0.4675	6.663	0.9177	1	0	0
䐞	441E	5	0.4592	6.704	0.9070	1	0	0
䐟	441F	5	0.5015	6.627	0.9576	1	0	0
䐠	4420	5	0.4497	6.279	0.9495	1	0	0
䐡	4421	5	0.4186	7.383	0.9221	1	0	0
䐢	4422	5	0.4554	7.053	0.9097	1	0	0
䐣	4423	5	0.4846	6.576	0.9771	1	0	0
䐤	4424	5	0.4527	6.370	0.9107	1	0	0
䐥	4425	5	0.4708	7.687	0.8884	1	0	0
䐦	4426	5	0.4941	6.605	0.9201	1	0	0
䐧	4427	5	0.4334	6.521	0.9408	1	0	0
䐨	4428	5	0.4077	6.887	0.9427	1	0	0
䐩	4429	5	0.4719	6.572	0.9159	1	0	0
䐪	442A	5	0.4754	6.966	0.8980	1	0	0
䐫	442B	5	0.4527	7.200	0.9001	1	0	0
䐬	442C	5	0.5059	7.012	0.9846	1	0	0
䐭	442D	5	0.4201	6.726	0.9664	1	0	0
䐮	442E	5	0.4174	6.816	0.9235	1	0	0
䐯	442F	5	0.5046	7.166	0.8786	1	0	0
䐰	4430	5	0.4323	7.495	0.9380	1	0	0
䐱	4431	5	0.4408	6.715	0.9565	1	0	0
䐲	4432	5	0.5072	6.515	0.9363	1	0	0
䐳	4433	5	0.4290	6.674	0.9595	1	0	0
䐴	4434	5	0.4032	6.739	0.9230	1	0	0
䐵	4435	5	0.4630	6.695	0.9536	1	0	0
䐶	4436	5	0.4862	7.308	0.9280	1	0	0
䐷	4437	5	0.5138	6.250	0.9469	1	0	0
䐸	4438	5	0.4497	7.646	0.9457	1	0	0
䐹	4439	5	0.4201	7.505	0.9737	1	0	0
䐺	443A	5	0.4523	6.875	0.9492	1	0	0
䐻	443B	5	0.4541	6.418	0.9678	1	0	0
䐼	443C	5	0.4323	7.636	0.9113	1	0	0
䐽	443D	5	0.4754	7.032	0.8958	1	0	0
䐾	443E	5	0.5015	6.523	0.9109	1	0	0
䐿	443F	5	0.4778	7.562	0.9332	1	0	0
䑀	4440	5	0.4527	6.652	0.9454	1	0	0
䑁	4441	5	0.4247	6.838	0.9334	1	0	0
䑂	4442	5	0.4231	6.928	0.9743	1	0	0
䑃	4443	5	0.4349	8.120	0.9331	1	0	0
䑄	4444	5	0.4512	7.260	0.9616	1	0	0
䑅	4445	5	0.4497	7.124	0.9718	1	0	0
䑆	4446	5	0.4467	7.827	0.9189	1	0	0
䑇	4447	5	0.4349	7.464	0.9482	1	0	0
䑈	4448	5	0.4852	7.990	0.9049	1	0	0
䑉	4449	5	0.4512	8.674	0.9512	1	0	0
䑊	444A	5	0.4527	7.613	0.9498	1	0	0
䑋	444B	5	0.5044	7.687	0.9606	1	0	0
䑌	444C	5	0.5712	7.920	0.9192	1	0	0
䑍	444D	5	0.4785	7.654	0.9177	1	0	0
䑎	444E	5	0.4615	8.090	0.9389	1	0	0
䑏	444F	5	0.4704	7.284	0.9611	1	0	0
䑐	4450	5	0.3942	5.297	0.9972	1	0	0
䑑	4451	5	0.4877	6.512	0.9537	1	0	0
䑒	4452	5	0.4240	5.922	0.8748	1	0	0
䑓	4453	5	0.4439	6.616	0.9742	1	0	0
䑔	4454	5	0.4108	4.885	0.9897	1	0	0
䑕	4455	5	0.4185	5.733	0.9539	1	0	0
䑖	4456	5	0.4723	6.005	0.9554	1	0	0
䑗	4457	5	0.4928	6.498	0.9141	1	0	0
䑘	4458	5	0.4736	5.686	0.9637	1	0	0
䑙	4459	5	0.4201	5.265	0.9861	1	0	0
䑚	445A	5	0.4308	5.022	0.9685	1	0	0
䑛	445B	5	0.3994	5.913	0.9236	1	0	0
䑜	445C	5	0.4708	6.265	0.9419	1	0	0
䑝	445D	5	0.4917	6.202	0.9393	1	0	0
䑞	445E	5	0.4400	7.582	0.8969	1	0	0
䑟	445F	5	0.4527	7.587	0.9454	1	0	0
䑠	4460	5	0.3385	4.801	0.9383	1	0	0
䑡	4461	5	0.3964	6.358	0.9407	1	0	0
䑢	4462	5	0.4038	5.745	0.9473	1	0	0
䑣	4463	5	0.3169	5.509	0.9226	1	0	0
䑤	4464	5	0.3328	5.686	0.9132	1	0	0
䑥	4465	5	0.4334	6.582	0.9204	1	0	0
䑦	4466	5	0.4015	5.982	0.9193	1	0	0
䑧	4467	5	0.3935	6.150	0.9193	1	0	0
䑨	4468	5	0.4393	6.644	0.9001	1	0	0
䑩	4469	5	0.4009	5.526	0.9675	1	0	0
䑪	446A	5	0.3876	6.129	0.9413	1	0	0
䑫	446B	5	0.3979	6.139	0.9209	1	0	0
䑬	446C	5	0.4334	6.840	0.9053	1	0	0
䑭	446D	5	0.3462	5.757	0.9620	1	0	0
䑮	446E	5	0.4172	6.315	0.9441	1	0	0
䑯	446F	5	0.4453	6.726	0.9235	1	0	0
䑰	4470	5	0.3432	6.186	0.9544	1	0	0
䑱	4471	5	0.4246	7.271	0.9230	1	0	0
䑲	4472	5	0.4423	6.058	0.9556	1	0	0
䑳	4473	5	0.4068	7.011	0.9298	1	0	0
䑴	4474	5	0.4305	6.380	0.9103	1	0	0
䑵	4475	5	0.4738	6.743	0.9581	1	0	0
䑶	4476	5	0.4527	6.769	0.9479	1	0	0
䑷	4477	5	0.4370	6.912	0.9436	1	0	0
䑸	4478	5	0.4127	6.429	0.9393	1	0	0
䑹	4479	5	0.4201	7.452	0.8981	1	0	0
䑺	447A	5	0.4423	7.943	0.9491	1	0	0
䑻	447B	5	0.4127	7.130	0.9090	1	0	0
䑼	447C	5	0.4692	7.810	0.8638	1	0	0
䑽	447D	5	0.4923	7.369	0.9408	1	0	0
䑾	447E	5	0.4778	7.510	0.8912	1	0	0
䑿	447F	5	0.4098	6.979	0.9617	1	0	0
䒀	4480	5	0.4186	7.014	0.9184	1	0	0
䒁	4481	5	0.4323	7.300	0.9386	1	0	0
䒂	4482	5	0.4571	7.874	0.8964	1	0	0
䒃	4483	5	0.4142	7.138	0.9403	1	0	0
䒄	4484	5	0.4508	7.244	0.9098	1	0	0
䒅	4485	5	0.4630	7.288	0.9208	1	0	0
䒆	4486	5	0.4527	7.808	0.9088	1	0	0
䒇	4487	5	0.4415	7.200	0.9127	1	0	0
䒈	4488	5	0.4364	7.572	0.9498	1	0	0
䒉	4489	5	0.4645	7.863	0.9440	1	0	0
䒊	448A	5	0.3683	5.422	0.9151	1	0	0
䒋	448B	5	0.3964	5.984	0.9287	1	0	0
䒌	448C	5	0.4527	6.510	0.9186	1	0	0
䒍	448D	5	0.4320	6.514	0.8886	1	0	0
䒎	448E	5	0.4216	6.772	0.8945	1	0	0
䒏	448F	5	0.4985	6.802	0.9096	1	0	0
䒐	4490	5	0.5015	7.221	0.9249	1	0	0
䒑	4491	5	0.4011	2.308	0.9890	1	0	0
䒒	4492	5	0.3045	4.023	0.9967	1	0	0
䒓	4493	5	0.3015	3.922	0.9580	1	0	0
䒔	4494	5	0.2338	3.415	0.9367	1	0	0
䒕	4495	5	0.2580	3.708	0.9473	1	0	0
䒖	4496	5	0.3200	4.232	0.9714	1	0	0
䒗	4497	5	0.3638	4.768	0.9378	1	0	0
䒘	4498	5	0.3301	4.733	0.9311	1	0	0
䒙	4499	5	0.2817	2.926	0.9956	1	0	0
䒚	449A	5	0.2901	4.332	0.9736	1	0	0
䒛	449B	5	0.3397	4.908	0.9434	1	0	0
䒜	449C	5	0.3189	4.065	0.9832	1	0	0
䒝	449D	5	0.3343	5.209	0.9230	1	0	0
䒞	449E	5	0.3585	4.733	0.9183	1	0	0
䒟	449F	5	0.3606	4.817	0.9484	1	0	0
䒠	44A0	5	0.3523	4.496	0.9955	1	0	0
䒡	44A1	5	0.3221	4.198	0.9624	1	0	0
䒢	44A2	5	0.3494	4.349	1.0075	1	0	0
䒣	44A3	5	0.3846	4.911	0.9673	1	0	0
䒤	44A4	5	0.3446	4.319	0.9859	1	0	0
䒥	44A5	5	0.3462	4.326	0.9809	1	0	0
䒦	44A6	5	0.3622	5.265	0.9244	1	0	0
䒧	44A7	5	0.3782	5.047	0.9731	1	0	0
䒨	44A8	5	0.3600	5.019	0.9526	1	0	0
䒩	44A9	5	0.3692	5.064	0.9512	1	0	0
䒪	44AA	5	0.3477	4.932	0.9715	1	0	0
䒫	44AB	5	0.3154	4.767	0.9464	1	0	0
䒬	44AC	5	0.3494	4.818	0.9749	1	0	0
䒭	44AD	5	0.3609	4.997	0.9544	1	0	0
䒮	44AE	5	0.3800	5.146	0.9453	1	0	0
䒯	44AF	5	0.3985	5.524	0.9354	1	0	0
䒰	44B0	5	0.4683	5.449	0.9950	1	0	0
䒱	44B1	5	0.4103	5.550	0.9182	1	0	0
䒲	44B2	5	0.3800	5.626	0.9259	1	0	0
䒳	44B3	5	0.3536	5.918	0.9456	1	0	0
䒴	44B4	5	0.4074	5.327	0.9948	1	0	0
䒵	44B5	5	0.3738	5.395	0.9410	1	0	0
䒶	44B6	5	0.4415	5.870	0.9554	1	0	0
䒷	44B7	5	0.3990	4.993	0.9981	1	0	0
䒸	44B8	5	0.4016	4.290	1.0023	1	0	0
䒹	44B9	5	0.4169	5.683	0.9785	1	0	0
䒺	44BA	5	0.3328	5.551	0.9216	1	0	0
䒻	44BB	5	0.3240	5.069	0.9827	1	0	0
䒼	44BC	5	0.4551	5.161	0.9974	1	0	0
䒽	44BD	5	0.4183	5.921	0.9817	1	0	0
䒾	44BE	5	0.3550	5.385	0.9403	1	0	0
䒿	44BF	5	0.4231	5.320	0.9435	1	0	0
䓀	44C0	5	0.4151	5.169	0.9965	1	0	0
䓁	44C1	5	0.3974	5.111	0.9789	1	0	0
䓂	44C2	5	0.3782	5.558	0.9308	1	0	0
䓃	44C3	5	0.4138	5.542	0.9676	1	0	0
䓄	44C4	5	0.3565	5.486	0.9499	1	0	0
䓅	44C5	5	0.3365	4.930	0.9626	1	0	0
䓆	44C6	5	0.3565	5.044	0.9760	1	0	0
䓇	44C7	5	0.4038	5.603	0.9484	1	0	0
䓈	44C8	5	0.3862	5.981	0.9375	1	0	0
䓉	44C9	5	0.4077	5.818	0.9207	1	0	0
䓊	44CA	5	0.4467	5.666	0.9605	1	0	0
䓋	44CB	5	0.3769	5.701	0.9660	1	0	0
䓌	44CC	5	0.4006	5.506	0.9654	1	0	0
䓍	44CD	5	0.3646	5.619	0.9850	1	0	0
䓎	44CE	5	0.3558	5.492	0.9570	1	0	0
䓏	44CF	5	0.4247	5.581	0.9567	1	0	0
䓐	44D0	5	0.4277	5.848	0.9256	1	0	0
䓑	44D1	5	0.3702	5.188	0.9467	1	0	0
䓒	44D2	5	0.4092	5.483	0.9653	1	0	0
䓓	44D3	5	0.4400	6.138	0.9383	1	0	0
䓔	44D4	5	0.4142	5.798	0.9253	1	0	0
䓕	44D5	5	0.3876	5.892	0.9301	1	0	0
䓖	44D6	5	0.4279	5.995	0.9258	1	0	0
䓗	44D7	5	0.3830	6.160	0.9269	1	0	0
䓘	44D8	5	0.4343	6.033	0.9551	1	0	0
䓙	44D9	5	0.4183	5.672	0.9787	1	0	0
䓚	44DA	5	0.3985	5.345	0.9106	1	0	0
䓛	44DB	5	0.4508	5.884	0.9786	1	0	0
䓜	44DC	5	0.3831	5.964	0.9590	1	0	0
䓝	44DD	5	0.4246	5.205	0.9606	1	0	0
䓞	44DE	5	0.4455	6.112	0.9285	1	0	0
䓟	44DF	5	0.4123	6.008	0.9657	1	0	0
䓠	44E0	5	0.4279	6.128	0.9749	1	0	0
䓡	44E1	5	0.4215	5.545	0.9728	1	0	0
䓢	44E2	5	0.4679	5.844	1.0009	1	0	0
䓣	44E3	5	0.4519	6.365	0.9379	1	0	0
䓤	44E4	5	0.3785	6.179	0.9196	1	0	0
䓥	44E5	5	0.3305	6.043	0.9420	1	0	0
䓦	44E6	5	0.4305	5.630	0.9632	1	0	0
䓧	44E7	5	0.4667	6.020	0.9272	1	0	0
䓨	44E8	5	0.4519	5.839	0.9414	1	0	0
䓩	44E9	5	0.4247	5.769	0.9250	1	0	0
䓪	44EA	5	0.4022	6.339	0.9518	1	0	0
䓫	44EB	5	0.4201	5.977	0.9492	1	0	0
䓬	44EC	5	0.4279	5.479	1.0161	1	0	0
䓭	44ED	5	0.3894	6.006	0.9094	1	0	0
䓮	44EE	5	0.4083	6.199	0.9183	1	0	0
䓯	44EF	5	0.3728	7.289	0.9393	1	0	0
䓰	44F0	5	0.4938	5.830	0.9328	1	0	0
䓱	44F1	5	0.4098	6.341	0.9432	1	0	0
䓲	44F2	5	0.3728	5.682	0.9206	1	0	0
䓳	44F3	5	0.4231	6.114	0.9508	1	0	0
䓴	44F4	5	0.4349	6.447	0.9188	1	0	0
䓵	44F5	5	0.4046	5.022	0.9842	1	0	0
䓶	44F6	5	0.3728	5.712	0.9561	1	0	0
䓷	44F7	5	0.3492	5.386	0.9527	1	0	0
䓸	44F8	5	0.3800	5.999	0.9229	1	0	0
䓹	44F9	5	0.3738	6.352	0.9452	1	0	0
䓺	44FA	5	0.4599	6.512	0.9135	1	0	0
䓻	44FB	5	0.4677	6.815	0.9011	1	0	0
䓼	44FC	5	0.4492	7.275	0.9201	1	0	0
䓽	44FD	5	0.3698	5.627	0.9568	1	0	0
䓾	44FE	5	0.4103	6.874	0.8983	1	0	0
䓿	44FF	5	0.4888	6.473	0.9274	1	0	0
䔀	4500	5	0.4438	6.917	0.9007	1	0	0
䔁	4501	5	0.4763	6.531	0.9069	1	0	0
䔂	4502	5	0.4647	6.052	0.9062	1	0	0
䔃	4503	5	0.4246	5.634	0.8926	1	0	0
䔄	4504	5	0.3964	6.268	0.9266	1	0	0
䔅	4505	5	0.3920	6.095	0.9560	1	0	0
䔆	4506	5	0.4719	6.592	0.8868	1	0	0
䔇	4507	5	0.4872	5.943	0.9379	1	0	0
䔈	4508	5	0.3985	7.042	0.9443	1	0	0
䔉	4509	5	0.4068	6.016	0.9429	1	0	0
䔊	450A	5	0.4077	5.557	0.9727	1	0	0
䔋	450B	5	0.3702	6.332	0.9291	1	0	0
䔌	450C	5	0.3876	6.380	0.9646	1	0	0
䔍	450D	5	0.4295	6.141	0.9945	1	0	0
䔎	450E	5	0.4231	6.590	0.9250	1	0	0
䔏	450F	5	0.4083	6.343	0.9216	1	0	0
䔐	4510	5	0.4015	7.292	0.8734	1	0	0
䔑	4511	5	0.3831	6.249	0.9400	1	0	0
䔒	4512	5	0.4246	6.192	0.9618	1	0	0
䔓	4513	5	0.3609	5.432	0.9700	1	0	0
䔔	4514	5	0.4277	6.782	0.9149	1	0	0
䔕	4515	5	0.5118	6.665	0.9349	1	0	0
䔖	4516	5	0.4508	7.136	0.8814	1	0	0
䔗	4517	5	0.3772	5.531	0.9630	1	0	0
䔘	4518	5	0.4601	5.814	0.9725	1	0	0
䔙	4519	5	0.3985	6.182	0.9278	1	0	0
䔚	451A	5	0.4098	7.812	0.9403	1	0	0
䔛	451B	5	0.3876	6.187	0.9387	1	0	0
䔜	451C	5	0.4877	5.851	0.9525	1	0	0
䔝	451D	5	0.4077	7.069	0.8816	1	0	0
䔞	451E	5	0.3920	6.830	0.8898	1	0	0
䔟	451F	5	0.4068	6.698	0.9130	1	0	0
䔠	4520	5	0.4231	6.026	0.8830	1	0	0
䔡	4521	5	0.3954	5.957	0.9360	1	0	0
䔢	4522	5	0.3462	6.977	0.9576	1	0	0
䔣	4523	5	0.4201	6.328	0.9238	1	0	0
䔤	4524	5	0.4615	5.681	0.9857	1	0	0
䔥	4525	5	0.4092	7.251	0.9456	1	0	0
䔦	4526	5	0.4053	6.765	0.9097	1	0	0
䔧	4527	5	0.4354	6.626	0.9016	1	0	0
䔨	4528	5	0.4523	6.485	0.9529	1	0	0
䔩	4529	5	0.4216	6.248	0.9234	1	0	0
䔪	452A	5	0.4290	7.542	0.9026	1	0	0
䔫	452B	5	0.3994	6.354	0.9382	1	0	0
䔬	452C	5	0.4556	6.581	0.9205	1	0	0
䔭	452D	5	0.4407	7.110	0.9334	1	0	0
䔮	452E	5	0.4453	5.997	0.9364	1	0	0
䔯	452F	5	0.4778	6.462	0.9701	1	0	0
䔰	4530	5	0.4519	7.160	0.9714	1	0	0
䔱	4531	5	0.4201	6.155	0.9936	1	0	0
䔲	4532	5	0.4571	6.496	0.8911	1	0	0
䔳	4533	5	0.4138	6.786	0.8622	1	0	0
䔴	4534	5	0.3923	6.828	0.9597	1	0	0
䔵	4535	5	0.4601	6.462	0.9701	1	0	0
䔶	4536	5	0.4631	6.497	0.9344	1	0	0
䔷	4537	5	0.3990	6.716	0.9471	1	0	0
䔸	4538	5	0.4320	7.034	0.9186	1	0	0
䔹	4539	5	0.4354	6.966	0.9084	1	0	0
䔺	453A	5	0.4311	7.128	0.9707	1	0	0
䔻	453B	5	0.4062	6.625	0.9460	1	0	0
䔼	453C	5	0.4586	6.952	0.9571	1	0	0
䔽	453D	5	0.4215	6.951	0.9250	1	0	0
䔾	453E	5	0.4615	6.823	0.9366	1	0	0
䔿	453F	5	0.3891	6.929	0.9492	1	0	0
䕀	4540	5	0.4169	6.706	0.9311	1	0	0
䕁	4541	5	0.4423	6.286	0.9852	1	0	0
䕂	4542	5	0.4098	7.074	0.9134	1	0	0
䕃	4543	5	0.4200	7.010	0.9416	1	0	0
䕄	4544	5	0.4645	6.386	0.9515	1	0	0
䕅	4545	5	0.4275	7.098	0.9428	1	0	0
䕆	4546	5	0.4186	6.784	0.9128	1	0	0
䕇	4547	5	0.4453	7.347	0.8848	1	0	0
䕈	4548	5	0.4334	6.697	0.9620	1	0	0
䕉	4549	5	0.3831	6.868	0.9791	1	0	0
䕊	454A	5	0.4127	7.517	0.9696	1	0	0
䕋	454B	5	0.4364	6.517	0.9265	1	0	0
䕌	454C	5	0.4601	6.192	0.9472	1	0	0
䕍	454D	5	0.4487	7.539	0.9406	1	0	0
䕎	454E	5	0.4583	6.696	0.9887	1	0	0
䕏	454F	5	0.4824	7.945	0.8946	1	0	0
䕐	4550	5	0.4482	6.798	0.9279	1	0	0
䕑	4551	5	0.4169	7.542	0.9154	1	0	0
䕒	4552	5	0.4279	7.947	0.9609	1	0	0
䕓	4553	5	0.4856	7.927	0.9079	1	0	0
䕔	4554	5	0.4083	6.750	0.9430	1	0	0
䕕	4555	5	0.3908	7.241	0.9368	1	0	0
䕖	4556	5	0.4446	7.603	0.8825	1	0	0
䕗	4557	5	0.4662	7.856	0.9599	1	0	0
䕘	4558	5	0.3713	6.793	0.9398	1	0	0
䕙	4559	5	0.4815	7.094	0.9247	1	0	0
䕚	455A	5	0.4523	7.940	0.9645	1	0	0
䕛	455B	5	0.4083	6.825	0.9468	1	0	0
䕜	455C	5	0.4541	7.415	0.8766	1	0	0
䕝	455D	5	0.4645	7.058	0.9373	1	0	0
䕞	455E	5	0.4453	7.120	0.9453	1	0	0
䕟	455F	5	0.4571	7.070	0.9411	1	0	0
䕠	4560	5	0.4415	8.088	0.8962	1	0	0
䕡	4561	5	0.4571	6.894	0.9824	1	0	0
䕢	4562	5	0.4349	6.421	0.9524	1	0	0
䕣	4563	5	0.4583	7.084	0.8947	1	0	0
䕤	4564	5	0.4556	6.609	1.0155	1	0	0
䕥	4565	5	0.4482	8.013	0.8736	1	0	0
䕦	4566	5	0.4246	8.543	0.9370	1	0	0
䕧	4567	5	0.4142	7.005	0.9115	1	0	0
䕨	4568	5	0.4630	7.937	0.9183	1	0	0
䕩	4569	5	0.4246	6.990	0.9161	1	0	0
䕪	456A	5	0.3815	6.973	0.9580	1	0	0
䕫	456B	5	0.4364	7.983	0.9346	1	0	0
䕬	456C	5	0.4600	7.688	0.9893	1	0	0
䕭	456D	5	0.4098	7.500	0.9641	1	0	0
䕮	456E	5	0.4846	7.201	0.9010	1	0	0
䕯	456F	5	0.4533	7.797	0.9565	1	0	0
䕰	4570	5	0.4615	7.442	0.9354	1	0	0
䕱	4571	5	0.4364	7.123	0.9287	1	0	0
䕲	4572	5	0.4185	8.717	0.9413	1	0	0
䕳	4573	5	0.4793	8.243	0.8841	1	0	0
䕴	4574	5	0.4556	7.140	0.9211	1	0	0
䕵	4575	5	0.4338	7.197	0.9417	1	0	0
䕶	4576	5	0.4334	7.636	0.9318	1	0	0
䕷	4577	5	0.4769	8.205	0.9097	1	0	0
䕸	4578	5	0.4423	7.420	0.9486	1	0	0
䕹	4579	5	0.4954	7.317	0.8897	1	0	0
䕺	457A	5	0.4600	8.257	0.9208	1	0	0
䕻	457B	5	0.4631	8.381	0.9713	1	0	0
䕼	457C	5	0.4831	7.408	0.9372	1	0	0
䕽	457D	5	0.4645	7.560	0.9514	1	0	0
䕾	457E	5	0.4541	8.188	0.9113	1	0	0
䕿	457F	5	0.4492	8.258	0.9629	1	0	0
䖀	4580	5	0.5016	8.776	0.9419	1	0	0
䖁	4581	5	0.4808	8.308	0.9213	1	0	0
䖂	4582	5	0.4199	9.324	0.9095	1	0	0
䖃	4583	5	0.4074	8.642	0.9782	1	0	0
䖄	4584	5	0.4326	8.101	0.9495	1	0	0
䖅	4585	5	0.4138	8.901	0.9045	1	0	0
䖆	4586	5	0.4877	8.608	0.8888	1	0	0
䖇	4587	5	0.4127	9.931	0.8753	1	0	0
䖈	4588	5	0.3831	5.532	0.9075	1	0	0
䖉	4589	5	0.4031	5.596	0.9740	1	0	0
䖊	458A	5	0.3550	6.216	0.9312	1	0	0
䖋	458B	5	0.3698	5.643	0.9338	1	0	0
䖌	458C	5	0.4167	5.532	0.9789	1	0	0
䖍	458D	5	0.3964	6.139	0.9116	1	0	0
䖎	458E	5	0.4338	6.219	0.9282	1	0	0
䖏	458F	5	0.4215	6.709	0.9156	1	0	0
䖐	4590	5	0.3920	6.284	0.9702	1	0	0
䖑	4591	5	0.3891	6.091	0.9724	1	0	0
䖒	4592	5	0.4523	6.933	0.9416	1	0	0
䖓	4593	5	0.4185	6.573	0.9320	1	0	0
䖔	4594	5	0.3831	6.395	0.9713	1	0	0
䖕	4595	5	0.4305	6.389	0.9541	1	0	0
䖖	4596	5	0.4098	6.430	0.9661	1	0	0
䖗	4597	5	0.4323	7.373	0.9053	1	0	0
䖘	4598	5	0.4571	7.296	0.9225	1	0	0
䖙	4599	5	0.4151	7.947	0.9189	1	0	0
䖚	459A	5	0.4571	7.284	0.9557	1	0	0
䖛	459B	5	0.4142	7.874	0.9052	1	0	0
䖜	459C	5	0.3876	7.737	0.9420	1	0	0
䖝	459D	5	0.3692	4.875	0.9558	1	0	0
䖞	459E	5	0.3447	4.753	0.9589	1	0	0
䖟	459F	5	0.4167	5.376	0.9537	1	0	0
䖠	45A0	5	0.3580	5.590	0.9289	1	0	0
䖡	45A1	5	0.4000	5.276	0.9642	1	0	0
䖢	45A2	5	0.3506	5.330	0.9706	1	0	0
䖣	45A3	5	0.3846	5.924	0.9437	1	0	0
䖤	45A4	5	0.4477	6.452	0.9506	1	0	0
䖥	45A5	5	0.4633	6.525	0.8583	1	0	0
䖦	45A6	5	0.4062	5.487	0.9879	1	0	0
䖧	45A7	5	0.4292	5.237	0.9693	1	0	0
䖨	45A8	5	0.4163	5.370	0.9323	1	0	0
䖩	45A9	5	0.3985	6.215	0.9005	1	0	0
䖪	45AA	5	0.4400	5.901	0.9202	1	0	0
䖫	45AB	5	0.3521	5.288	0.9492	1	0	0
䖬	45AC	5	0.4277	5.275	0.9803	1	0	0
䖭	45AD	5	0.4527	6.278	0.9098	1	0	0
䖮	45AE	5	0.4200	5.649	0.9615	1	0	0
䖯	45AF	5	0.4349	6.657	0.9447	1	0	0
䖰	45B0	5	0.3920	6.483	0.9463	1	0	0
䖱	45B1	5	0.4354	5.889	0.9679	1	0	0
䖲	45B2	5	0.4183	5.919	0.8999	1	0	0
䖳	45B3	5	0.3817	5.862	0.9415	1	0	0
䖴	45B4	5	0.4334	6.404	0.8948	1	0	0
䖵	45B5	5	0.4201	5.606	0.9537	1	0	0
䖶	45B6	5	0.4127	6.690	0.9429	1	0	0
䖷	45B7	5	0.4231	6.639	0.9327	1	0	0
䖸	45B8	5	0.5062	7.275	0.9046	1	0	0
䖹	45B9	5	0.3631	5.155	0.9749	1	0	0
䖺	45BA	5	0.3964	6.502	0.9169	1	0	0
䖻	45BB	5	0.3892	6.419	0.9004	1	0	0
䖼	45BC	5	0.4308	6.177	0.9831	1	0	0
䖽	45BD	5	0.4292	6.325	0.9242	1	0	0
䖾	45BE	5	0.3861	6.008	0.9277	1	0	0
䖿	45BF	5	0.4856	6.883	0.9117	1	0	0
䗀	45C0	5	0.4364	6.812	0.9231	1	0	0
䗁	45C1	5	0.4038	6.159	0.9430	1	0	0
䗂	45C2	5	0.4169	6.646	0.9234	1	0	0
䗃	45C3	5	0.4260	7.238	0.9087	1	0	0
䗄	45C4	5	0.3950	6.495	0.9356	1	0	0
䗅	45C5	5	0.4083	6.393	0.9716	1	0	0
䗆	45C6	5	0.3938	5.894	0.9737	1	0	0
䗇	45C7	5	0.4308	6.548	0.9093	1	0	0
䗈	45C8	5	0.3994	6.193	0.9999	1	0	0
䗉	45C9	5	0.4569	6.041	0.9845	1	0	0
䗊	45CA	5	0.3743	6.622	0.9642	1	0	0
䗋	45CB	5	0.4423	6.255	0.9623	1	0	0
䗌	45CC	5	0.4527	6.355	0.9291	1	0	0
䗍	45CD	5	0.4135	8.011	0.9589	1	0	0
䗎	45CE	5	0.4541	6.069	0.9632	1	0	0
䗏	45CF	5	0.4231	7.082	0.9276	1	0	0
䗐	45D0	5	0.4408	7.233	0.9040	1	0	0
䗑	45D1	5	0.4349	6.216	0.9250	1	0	0
䗒	45D2	5	0.4569	6.466	0.9140	1	0	0
䗓	45D3	5	0.4053	7.228	0.9392	1	0	0
䗔	45D4	5	0.4630	6.793	0.9257	1	0	0
䗕	45D5	5	0.4375	7.388	0.9451	1	0	0
䗖	45D6	5	0.4200	6.287	0.9685	1	0	0
䗗	45D7	5	0.4083	6.275	0.9470	1	0	0
䗘	45D8	5	0.4677	6.469	0.9228	1	0	0
䗙	45D9	5	0.4712	7.152	0.9537	1	0	0
䗚	45DA	5	0.4497	6.700	0.9414	1	0	0
䗛	45DB	5	0.4800	7.562	0.9430	1	0	0
䗜	45DC	5	0.4785	7.088	0.9379	1	0	0
䗝	45DD	5	0.4151	6.527	0.9357	1	0	0
䗞	45DE	5	0.4954	6.715	0.9214	1	0	0
䗟	45DF	5	0.4519	7.632	0.9172	1	0	0
䗠	45E0	5	0.4631	7.285	0.9291	1	0	0
䗡	45E1	5	0.4288	7.150	0.9558	1	0	0
䗢	45E2	5	0.4569	6.682	0.9362	1	0	0
䗣	45E3	5	0.4785	6.379	0.9280	1	0	0
䗤	45E4	5	0.4453	7.440	0.9822	1	0	0
䗥	45E5	5	0.4305	7.130	0.9144	1	0	0
䗦	45E6	5	0.4201	7.350	0.9210	1	0	0
䗧	45E7	5	0.4467	7.286	0.9423	1	0	0
䗨	45E8	5	0.4408	6.682	0.9382	1	0	0
䗩	45E9	5	0.4601	7.783	0.8994	1	0	0
䗪	45EA	5	0.4142	7.166	0.9340	1	0	0
䗫	45EB	5	0.4246	7.433	0.9263	1	0	0
䗬	45EC	5	0.4292	8.328	0.8845	1	0	0
䗭	45ED	5	0.4888	6.856	0.9075	1	0	0
䗮	45EE	5	0.4415	7.608	0.8763	1	0	0
䗯	45EF	5	0.4482	6.926	0.9107	1	0	0
䗰	45F0	5	0.4408	7.236	1.0047	1	0	0
䗱	45F1	5	0.4675	7.048	0.9195	1	0	0
䗲	45F2	5	0.4453	7.400	0.9199	1	0	0
䗳	45F3	5	0.4508	7.051	0.9299	1	0	0
䗴	45F4	5	0.4556	7.558	0.9109	1	0	0
䗵	45F5	5	0.4527	7.276	0.9806	1	0	0
䗶	45F6	5	0.4719	7.418	0.9177	1	0	0
䗷	45F7	5	0.4364	7.246	0.9236	1	0	0
䗸	45F8	5	0.4792	7.911	0.9294	1	0	0
䗹	45F9	5	0.4186	7.965	0.9126	1	0	0
䗺	45FA	5	0.4852	7.879	0.9153	1	0	0
䗻	45FB	5	0.4260	7.286	0.9661	1	0	0
䗼	45FC	5	0.4704	8.074	0.9289	1	0	0
䗽	45FD	5	0.4279	7.656	0.9774	1	0	0
䗾	45FE	5	0.4092	8.131	0.9154	1	0	0
䗿	45FF	5	0.4423	7.193	0.9358	1	0	0
䘀	4600	5	0.3876	7.807	0.9509	1	0	0
䘁	4601	5	0.4477	8.215	0.9400	1	0	0
䘂	4602	5	0.4379	7.631	0.9702	1	0	0
䘃	4603	5	0.4704	7.763	0.9265	1	0	0
䘄	4604	5	0.4763	7.636	0.9117	1	0	0
䘅	4605	5	0.4763	8.221	0.9216	1	0	0
䘆	4606	5	0.4408	7.883	0.9245	1	0	0
䘇	4607	5	0.4708	8.260	0.9507	1	0	0
䘈	4608	5	0.4892	8.954	0.8663	1	0	0
䘉	4609	5	0.5046	7.978	0.9538	1	0	0
䘊	460A	5	0.4837	7.837	0.8956	1	0	0
䘋	460B	5	0.4512	8.134	0.9078	1	0	0
䘌	460C	5	0.4415	8.235	0.9083	1	0	0
䘍	460D	5	0.4349	8.500	0.9298	1	0	0
䘎	460E	5	0.4290	9.106	0.8912	1	0	0
䘏	460F	5	0.3891	5.876	0.9917	1	0	0
䘐	4610	5	0.4246	6.575	0.9330	1	0	0
䘑	4611	5	0.4083	6.442	0.9195	1	0	0
䘒	4612	5	0.4053	7.263	0.9188	1	0	0
䘓	4613	5	0.4354	6.345	0.9718	1	0	0
䘔	4614	5	0.4571	6.976	0.9042	1	0	0
䘕	4615	5	0.3388	5.380	0.9294	1	0	0
䘖	4616	5	0.3846	5.714	0.9457	1	0	0
䘗	4617	5	0.3787	6.662	0.9324	1	0	0
䘘	4618	5	0.3905	6.847	0.9212	1	0	0
䘙	4619	5	0.3935	7.197	0.9699	1	0	0
䘚	461A	5	0.3136	4.783	0.9408	1	0	0
䘛	461B	5	0.3373	4.964	0.9220	1	0	0
䘜	461C	5	0.3462	4.735	0.9461	1	0	0
䘝	461D	5	0.2749	4.712	0.9317	1	0	0
䘞	461E	5	0.3415	5.151	0.9103	1	0	0
䘟	461F	5	0.3785	5.258	0.9462	1	0	0
䘠	4620	5	0.3506	5.688	0.9332	1	0	0
䘡	4621	5	0.3923	5.975	0.9364	1	0	0
䘢	4622	5	0.2988	4.712	0.8980	1	0	0
䘣	4623	5	0.3609	5.916	0.9069	1	0	0
䘤	4624	5	0.3402	5.375	0.9267	1	0	0
䘥	4625	5	0.4038	4.979	0.9511	1	0	0
䘦	4626	5	0.3994	5.931	0.9144	1	0	0
䘧	4627	5	0.3639	5.473	0.9171	1	0	0
䘨	4628	5	0.3343	5.833	0.9264	1	0	0
䘩	4629	5	0.3926	5.519	0.8929	1	0	0
䘪	462A	5	0.3609	5.856	0.8736	1	0	0
䘫	462B	5	0.4157	6.408	0.9453	1	0	0
䘬	462C	5	0.3787	6.321	0.9128	1	0	0
䘭	462D	5	0.3547	5.614	0.9337	1	0	0
䘮	462E	5	0.3787	5.966	0.9477	1	0	0
䘯	462F	5	0.3862	5.913	0.8916	1	0	0
䘰	4630	5	0.4127	6.655	0.8900	1	0	0
䘱	4631	5	0.4183	6.989	0.9319	1	0	0
䘲	4632	5	0.4231	6.424	0.8980	1	0	0
䘳	4633	5	0.3585	6.217	0.9257	1	0	0
䘴	4634	5	0.3876	6.576	0.9154	1	0	0
䘵	4635	5	0.3817	6.284	0.9303	1	0	0
䘶	4636	5	0.4338	6.634	0.9025	1	0	0
䘷	4637	5	0.4231	6.330	0.9220	1	0	0
䘸	4638	5	0.3935	6.615	0.9012	1	0	0
䘹	4639	5	0.3314	5.505	0.9083	1	0	0
䘺	463A	5	0.3743	5.707	0.9132	1	0	0
䘻	463B	5	0.4186	6.248	0.9019	1	0	0
䘼	463C	5	0.3920	6.543	0.9052	1	0	0
䘽	463D	5	0.3787	5.803	0.9114	1	0	0
䘾	463E	5	0.3969	5.652	0.9342	1	0	0
䘿	463F	5	0.4246	6.440	0.9027	1	0	0
䙀	4640	5	0.4738	6.500	0.9260	1	0	0
䙁	4641	5	0.4068	7.130	0.8818	1	0	0
䙂	4642	5	0.3491	6.764	0.9041	1	0	0
䙃	4643	5	0.4186	6.350	0.9358	1	0	0
䙄	4644	5	0.4142	6.129	0.9131	1	0	0
䙅	4645	5	0.4689	6.678	0.9215	1	0	0
䙆	4646	5	0.3876	6.545	0.9079	1	0	0
䙇	4647	5	0.3802	6.527	0.9281	1	0	0
䙈	4648	5	0.4157	6.629	0.9312	1	0	0
䙉	4649	5	0.4554	6.568	0.9362	1	0	0
䙊	464A	5	0.4154	6.029	0.9239	1	0	0
䙋	464B	5	0.3935	5.981	0.8874	1	0	0
䙌	464C	5	0.4098	6.528	0.9191	1	0	0
䙍	464D	5	0.4216	7.248	0.9127	1	0	0
䙎	464E	5	0.4201	7.294	0.8885	1	0	0
䙏	464F	5	0.4068	6.347	0.9362	1	0	0
䙐	4650	5	0.4446	6.691	0.9003	1	0	0
䙑	4651	5	0.4112	6.687	0.9260	1	0	0
䙒	4652	5	0.4112	6.681	0.8952	1	0	0
䙓	4653	5	0.4201	6.312	0.9261	1	0	0
䙔	4654	5	0.4083	6.375	0.9985	1	0	0
䙕	4655	5	0.3802	6.929	0.8964	1	0	0
䙖	4656	5	0.4660	6.558	0.9560	1	0	0
䙗	4657	5	0.4169	6.599	0.9210	1	0	0
䙘	4658	5	0.4038	7.547	0.9096	1	0	0
䙙	4659	5	0.4112	7.252	0.9387	1	0	0
䙚	465A	5	0.3862	8.098	0.9212	1	0	0
䙛	465B	5	0.3772	7.082	0.9124	1	0	0
䙜	465C	5	0.3994	7.067	0.9143	1	0	0
䙝	465D	5	0.3979	7.350	0.9080	1	0	0
䙞	465E	5	0.4053	7.024	0.8980	1	0	0
䙟	465F	5	0.5000	7.381	0.9411	1	0	0
䙠	4660	5	0.4467	7.854	0.8937	1	0	0
䙡	4661	5	0.4201	7.138	0.9537	1	0	0
䙢	4662	5	0.4508	6.723	0.9074	1	0	0
䙣	4663	5	0.4172	6.442	0.9553	1	0	0
䙤	4664	5	0.4438	7.283	0.9295	1	0	0
䙥	4665	5	0.3935	7.170	0.9091	1	0	0
䙦	4666	5	0.4246	7.048	0.9468	1	0	0
䙧	4667	5	0.4408	8.080	0.9163	1	0	0
䙨	4668	5	0.4098	7.614	0.9118	1	0	0
䙩	4669	5	0.4349	7.613	0.9397	1	0	0
䙪	466A	5	0.4778	8.365	0.8575	1	0	0
䙫	466B	5	0.4186	7.561	0.9486	1	0	0
䙬	466C	5	0.4092	7.675	0.9127	1	0	0
䙭	466D	5	0.4334	7.458	0.8793	1	0	0
䙮	466E	5	0.4482	7.177	0.8895	1	0	0
䙯	466F	5	0.4393	8.290	0.8838	1	0	0
䙰	4670	5	0.4852	8.323	0.8664	1	0	0
䙱	4671	5	0.4692	9.045	0.8871	1	0	0
䙲	4672	5	0.4400	5.323	0.9196	1	0	0
䙳	4673	5	0.4032	5.301	0.9320	1	0	0
䙴	4674	5	0.5031	6.123	0.9525	1	0	0
䙵	4675	5	0.4769	5.835	0.9671	1	0	0
䙶	4676	5	0.4338	6.809	0.8712	1	0	0
䙷	4677	5	0.3616	5.517	0.9860	1	0	0
䙸	4678	5	0.3920	5.498	0.9479	1	0	0
䙹	4679	5	0.4492	5.752	0.8958	1	0	0
䙺	467A	5	0.3787	5.836	0.9326	1	0	0
䙻	467B	5	0.4172	6.019	0.9361	1	0	0
䙼	467C	5	0.4554	6.057	0.9505	1	0	0
䙽	467D	5	0.3802	6.366	0.9334	1	0	0
䙾	467E	5	0.4200	5.575	0.9560	1	0	0
䙿	467F	5	0.4172	5.899	0.9584	1	0	0
䚀	4680	5	0.4601	6.352	0.9324	1	0	0
䚁	4681	5	0.4585	6.040	0.9663	1	0	0
䚂	4682	5	0.4231	6.529	0.9455	1	0	0
䚃	4683	5	0.4754	5.907	0.9660	1	0	0
䚄	4684	5	0.4508	6.772	0.9053	1	0	0
䚅	4685	5	0.4453	6.692	0.9109	1	0	0
䚆	4686	5	0.4660	6.582	0.9437	1	0	0
䚇	4687	5	0.4246	6.688	0.9288	1	0	0
䚈	4688	5	0.5000	6.603	0.9159	1	0	0
䚉	4689	5	0.4393	6.954	0.9652	1	0	0
䚊	468A	5	0.4601	7.277	0.9328	1	0	0
䚋	468B	5	0.4640	6.514	0.9702	1	0	0
䚌	468C	5	0.4467	6.715	0.9537	1	0	0
䚍	468D	5	0.4127	7.301	0.9350	1	0	0
䚎	468E	5	0.4541	6.822	0.9359	1	0	0
䚏	468F	5	0.4719	7.683	0.9136	1	0	0
䚐	4690	5	0.4541	6.988	0.9521	1	0	0
䚑	4691	5	0.4912	6.896	0.8817	1	0	0
䚒	4692	5	0.4896	7.169	0.9362	1	0	0
䚓	4693	5	0.4749	6.873	0.9737	1	0	0
䚔	4694	5	0.4692	7.409	0.9224	1	0	0
䚕	4695	5	0.4862	8.368	0.8976	1	0	0
䚖	4696	5	0.5062	8.795	0.9000	1	0	0
䚗	4697	5	0.3787	6.359	0.9345	1	0	0
䚘	4698	5	0.3950	6.209	0.9508	1	0	0
䚙	4699	5	0.4497	6.295	0.9226	1	0	0
䚚	469A	5	0.4349	6.452	0.9090	1	0	0
䚛	469B	5	0.4689	6.341	0.9189	1	0	0
䚜	469C	5	0.4704	6.506	0.9311	1	0	0
䚝	469D	5	0.4038	6.380	0.9254	1	0	0
䚞	469E	5	0.4364	6.980	0.9147	1	0	0
䚟	469F	5	0.4734	6.745	0.8981	1	0	0
䚠	46A0	5	0.4852	7.077	0.9049	1	0	0
䚡	46A1	5	0.4571	7.196	0.9285	1	0	0
䚢	46A2	5	0.4645	7.202	0.9105	1	0	0
䚣	46A3	5	0.4911	7.043	0.9201	1	0	0
䚤	46A4	5	0.4815	7.081	0.9640	1	0	0
䚥	46A5	5	0.4793	7.666	0.9357	1	0	0
䚦	46A6	5	0.4630	8.275	0.8994	1	0	0
䚧	46A7	5	0.4275	8.212	0.8993	1	0	0
䚨	46A8	5	0.4749	8.345	0.8757	1	0	0
䚩	46A9	5	0.4858	7.736	0.9433	1	0	0
䚪	46AA	5	0.5163	7.823	0.9120	1	0	0
䚫	46AB	5	0.4231	7.923	0.9524	1	0	0
䚬	46AC	5	0.4882	8.024	0.8604	1	0	0
䚭	46AD	5	0.4882	7.841	0.9491	1	0	0
䚮	46AE	5	0.3827	5.442	0.9438	1	0	0
䚯	46AF	5	0.3880	4.477	0.9795	1	0	0
䚰	46B0	5	0.3431	4.741	0.9848	1	0	0
䚱	46B1	5	0.3210	5.057	0.9469	1	0	0
䚲	46B2	5	0.3046	5.174	0.9559	1	0	0
䚳	46B3	5	0.3698	5.667	0.9535	1	0	0
䚴	46B4	5	0.4231	5.385	0.9348	1	0	0
䚵	46B5	5	0.3121	4.949	0.9792	1	0	0
䚶	46B6	5	0.3624	5.304	0.9789	1	0	0
䚷	46B7	5	0.3107	5.400	0.9224	1	0	0
䚸	46B8	5	0.3162	5.271	0.9793	1	0	0
䚹	46B9	5	0.3802	5.560	0.9547	1	0	0
䚺	46BA	5	0.3713	5.611	0.9289	1	0	0
䚻	46BB	5	0.3195	6.483	0.9195	1	0	0
䚼	46BC	5	0.3891	5.383	0.9932	1	0	0
䚽	46BD	5	0.3698	5.529	0.9426	1	0	0
䚾	46BE	5	0.3506	5.034	0.9130	1	0	0
䚿	46BF	5	0.3491	5.465	0.9395	1	0	0
䛀	46C0	5	0.3979	6.204	0.9424	1	0	0
䛁	46C1	5	0.4305	5.462	0.9823	1	0	0
䛂	46C2	5	0.3565	5.352	0.9701	1	0	0
䛃	46C3	5	0.3565	5.260	0.9323	1	0	0
䛄	46C4	5	0.4053	6.490	0.9482	1	0	0
䛅	46C5	5	0.4169	5.199	0.9891	1	0	0
䛆	46C6	5	0.4323	5.272	0.9860	1	0	0
䛇	46C7	5	0.3876	5.457	0.9726	1	0	0
䛈	46C8	5	0.3536	5.544	0.9469	1	0	0
䛉	46C9	5	0.4201	5.990	0.9567	1	0	0
䛊	46CA	5	0.3646	5.328	0.9655	1	0	0
䛋	46CB	5	0.4112	6.184	0.9484	1	0	0
䛌	46CC	5	0.4157	6.095	0.9339	1	0	0
䛍	46CD	5	0.4290	6.217	0.9589	1	0	0
䛎	46CE	5	0.3373	5.459	0.9547	1	0	0
䛏	46CF	5	0.4098	6.019	0.9457	1	0	0
䛐	46D0	5	0.3402	6.649	0.9804	1	0	0
䛑	46D1	5	0.3905	6.195	0.9405	1	0	0
䛒	46D2	5	0.3385	6.487	0.9300	1	0	0
䛓	46D3	5	0.2914	6.255	0.9346	1	0	0
䛔	46D4	5	0.4038	6.282	0.9704	1	0	0
䛕	46D5	5	0.4290	5.873	0.9921	1	0	0
䛖	46D6	5	0.4453	6.269	0.9264	1	0	0
䛗	46D7	5	0.4385	5.442	0.9955	1	0	0
䛘	46D8	5	0.3994	5.749	0.9701	1	0	0
䛙	46D9	5	0.4112	6.016	0.9398	1	0	0
䛚	46DA	5	0.3447	6.982	0.9998	1	0	0
䛛	46DB	5	0.4492	5.829	0.9849	1	0	0
䛜	46DC	5	0.4492	6.171	0.9503	1	0	0
䛝	46DD	5	0.4275	5.903	0.9904	1	0	0
䛞	46DE	5	0.4142	5.797	0.9853	1	0	0
䛟	46DF	5	0.3964	6.312	0.9292	1	0	0
䛠	46E0	5	0.3846	5.564	0.9677	1	0	0
䛡	46E1	5	0.4349	6.233	0.9657	1	0	0
䛢	46E2	5	0.4290	6.348	0.9270	1	0	0
䛣	46E3	5	0.4305	5.976	0.9880	1	0	0
䛤	46E4	5	0.4024	5.771	0.9630	1	0	0
䛥	46E5	5	0.4260	6.514	0.9418	1	0	0
䛦	46E6	5	0.4009	6.133	0.9376	1	0	0
䛧	46E7	5	0.4098	6.588	0.9603	1	0	0
䛨	46E8	5	0.3754	5.504	0.9161	1	0	0
䛩	46E9	5	0.4216	5.735	0.9187	1	0	0
䛪	46EA	5	0.4323	6.402	0.9436	1	0	0
䛫	46EB	5	0.4275	6.370	0.9661	1	0	0
䛬	46EC	5	0.4453	6.390	0.9511	1	0	0
䛭	46ED	5	0.3846	5.539	0.9687	1	0	0
䛮	46EE	5	0.4275	6.543	0.9464	1	0	0
䛯	46EF	5	0.4527	6.308	0.9633	1	0	0
䛰	46F0	5	0.4541	6.425	0.9369	1	0	0
䛱	46F1	5	0.3920	6.151	0.9599	1	0	0
䛲	46F2	5	0.4600	5.971	0.9489	1	0	0
䛳	46F3	5	0.4246	6.371	0.9388	1	0	0
䛴	46F4	5	0.4053	6.098	0.9461	1	0	0
䛵	46F5	5	0.4068	6.906	0.9300	1	0	0
䛶	46F6	5	0.4112	6.201	0.9614	1	0	0
䛷	46F7	5	0.4260	6.740	0.9272	1	0	0
䛸	46F8	5	0.4305	5.945	0.9607	1	0	0
䛹	46F9	5	0.4260	6.833	0.9343	1	0	0
䛺	46FA	5	0.4172	6.229	0.9324	1	0	0
䛻	46FB	5	0.4846	6.670	0.9344	1	0	0
䛼	46FC	5	0.4009	5.902	0.9938	1	0	0
䛽	46FD	5	0.4482	6.347	0.9574	1	0	0
䛾	46FE	5	0.4345	7.201	0.9323	1	0	0
䛿	46FF	5	0.4769	6.970	0.9455	1	0	0
䜀	4700	5	0.4260	7.007	0.9194	1	0	0
䜁	4701	5	0.4446	6.707	0.9527	1	0	0
䜂	4702	5	0.4423	6.442	0.9224	1	0	0
䜃	4703	5	0.4231	6.245	0.9576	1	0	0
䜄	4704	5	0.4660	7.306	0.9502	1	0	0
䜅	4705	5	0.4719	6.518	0.9411	1	0	0
䜆	4706	5	0.4112	7.874	0.9353	1	0	0
䜇	4707	5	0.4024	7.091	0.9221	1	0	0
䜈	4708	5	0.4600	7.459	0.9341	1	0	0
䜉	4709	5	0.3903	7.082	0.9372	1	0	0
䜊	470A	5	0.4956	6.795	0.9736	1	0	0
䜋	470B	5	0.4393	7.036	0.9840	1	0	0
䜌	470C	5	0.4185	7.981	0.9146	1	0	0
䜍	470D	5	0.3950	6.851	0.9291	1	0	0
䜎	470E	5	0.4246	7.489	0.9167	1	0	0
䜏	470F	5	0.4645	7.418	0.9618	1	0	0
䜐	4710	5	0.4053	8.944	0.9525	1	0	0
䜑	4711	5	0.4290	6.799	0.9673	1	0	0
䜒	4712	5	0.4615	7.660	0.9239	1	0	0
䜓	4713	5	0.4556	6.853	0.9345	1	0	0
䜔	4714	5	0.4157	7.317	0.9382	1	0	0
䜕	4715	5	0.4704	7.096	0.9431	1	0	0
䜖	4716	5	0.4364	7.491	0.9679	1	0	0
䜗	4717	5	0.4393	7.928	0.9096	1	0	0
䜘	4718	5	0.4571	7.285	0.9451	1	0	0
䜙	4719	5	0.4231	8.031	0.9102	1	0	0
䜚	471A	5	0.4127	7.466	0.9402	1	0	0
䜛	471B	5	0.4246	7.469	0.9295	1	0	0
䜜	471C	5	0.4246	7.474	0.9727	1	0	0
䜝	471D	5	0.4541	8.559	0.8965	1	0	0
䜞	471E	5	0.4423	7.345	0.9294	1	0	0
䜟	471F	5	0.4630	7.469	0.9424	1	0	0
䜠	4720	5	0.4393	7.524	0.9431	1	0	0
䜡	4721	5	0.4423	8.200	0.9076	1	0	0
䜢	4722	5	0.4157	7.766	0.9262	1	0	0
䜣	4723	5	0.2722	4.080	0.9568	1	0	0
䜤	4724	5	0.3210	4.723	0.9690	1	0	0
䜥	4725	5	0.4098	6.266	0.9361	1	0	0
䜦	4726	5	0.3831	5.551	0.9493	1	0	0
䜧	4727	5	0.3908	6.242	0.9097	1	0	0
䜨	4728	5	0.4231	6.027	0.9255	1	0	0
䜩	4729	5	0.3447	6.587	0.9546	1	0	0
䜪	472A	5	0.3417	5.515	0.9415	1	0	0
䜫	472B	5	0.3180	4.932	0.9397	1	0	0
䜬	472C	5	0.4215	5.653	0.9568	1	0	0
䜭	472D	5	0.3876	6.106	0.9575	1	0	0
䜮	472E	5	0.3565	5.897	0.9458	1	0	0
䜯	472F	5	0.4123	6.847	0.8911	1	0	0
䜰	4730	5	0.3950	6.655	0.9334	1	0	0
䜱	4731	5	0.4092	7.475	0.9012	1	0	0
䜲	4732	5	0.4453	9.189	0.8768	1	0	0
䜳	4733	5	0.4288	4.339	0.9603	1	0	0
䜴	4734	5	0.3876	5.615	0.9623	1	0	0
䜵	4735	5	0.4275	6.410	0.9541	1	0	0
䜶	4736	5	0.4024	6.148	0.9602	1	0	0
䜷	4737	5	0.4754	6.576	0.9193	1	0	0
䜸	4738	5	0.4400	6.644	0.9169	1	0	0
䜹	4739	5	0.4305	5.994	0.9496	1	0	0
䜺	473A	5	0.4231	5.946	0.9961	1	0	0
䜻	473B	5	0.4585	6.302	0.9101	1	0	0
䜼	473C	5	0.4600	7.207	0.9280	1	0	0
䜽	473D	5	0.4142	6.750	0.9402	1	0	0
䜾	473E	5	0.4260	6.228	0.9418	1	0	0
䜿	473F	5	0.4077	6.578	0.9687	1	0	0
䝀	4740	5	0.4808	7.092	0.9382	1	0	0
䝁	4741	5	0.4295	7.232	0.9268	1	0	0
䝂	4742	5	0.4585	7.305	0.9582	1	0	0
䝃	4743	5	0.4185	7.971	0.9047	1	0	0
䝄	4744	5	0.4586	7.836	0.9399	1	0	0
䝅	4745	5	0.3314	5.064	0.9570	1	0	0
䝆	4746	5	0.4407	7.310	0.9369	1	0	0
䝇	4747	5	0.3846	6.763	0.9128	1	0	0
䝈	4748	5	0.4277	6.954	0.8923	1	0	0
䝉	4749	5	0.4046	6.675	0.9164	1	0	0
䝊	474A	5	0.4630	6.996	0.9373	1	0	0
䝋	474B	5	0.3831	6.572	0.9188	1	0	0
䝌	474C	5	0.4846	8.210	0.8730	1	0	0
䝍	474D	5	0.4938	6.766	0.9374	1	0	0
䝎	474E	5	0.4305	6.932	0.9293	1	0	0
䝏	474F	5	0.4719	7.669	0.9504	1	0	0
䝐	4750	5	0.4453	8.010	0.9412	1	0	0
䝑	4751	5	0.4778	7.412	0.9029	1	0	0
䝒	4752	5	0.4640	8.074	0.8744	1	0	0
䝓	4753	5	0.4749	9.393	0.8701	1	0	0
䝔	4754	5	0.4645	7.614	0.9472	1	0	0
䝕	4755	5	0.4877	7.676	0.9039	1	0	0
䝖	4756	5	0.4108	6.675	0.9193	1	0	0
䝗	4757	5	0.3476	6.153	0.8970	1	0	0
䝘	4758	5	0.3938	6.830	0.9142	1	0	0
䝙	4759	5	0.4157	6.988	0.9522	1	0	0
䝚	475A	5	0.4127	6.836	0.9199	1	0	0
䝛	475B	5	0.4172	7.159	0.9107	1	0	0
䝜	475C	5	0.4077	7.646	0.8962	1	0	0
䝝	475D	5	0.4068	6.846	0.9213	1	0	0
䝞	475E	5	0.4186	7.443	0.9302	1	0	0
䝟	475F	5	0.4364	7.601	0.9361	1	0	0
䝠	4760	5	0.4556	7.550	0.9552	1	0	0
䝡	4761	5	0.4675	7.994	0.8829	1	0	0
䝢	4762	5	0.4462	8.044	0.9131	1	0	0
䝣	4763	5	0.4275	7.847	0.9166	1	0	0
䝤	4764	5	0.4142	7.810	0.8939	1	0	0
䝥	4765	5	0.4053	7.853	0.9061	1	0	0
䝦	4766	5	0.4379	7.712	0.9127	1	0	0
䝧	4767	5	0.3600	5.644	0.9164	1	0	0
䝨	4768	5	0.3750	6.745	0.9677	1	0	0
䝩	4769	5	0.3654	6.204	0.9455	1	0	0
䝪	476A	5	0.4224	5.669	0.8855	1	0	0
䝫	476B	5	0.3708	5.006	0.9667	1	0	0
䝬	476C	5	0.3815	5.162	0.9122	1	0	0
䝭	476D	5	0.3862	5.641	0.9297	1	0	0
䝮	476E	5	0.3728	6.075	0.9592	1	0	0
䝯	476F	5	0.4157	6.146	0.9638	1	0	0
䝰	4770	5	0.4123	5.532	0.9315	1	0	0
䝱	4771	5	0.3800	7.658	0.9434	1	0	0
䝲	4772	5	0.3938	6.030	0.9527	1	0	0
䝳	4773	5	0.4062	7.395	0.9294	1	0	0
䝴	4774	5	0.4615	7.734	0.9826	1	0	0
䝵	4775	5	0.4808	6.413	0.9475	1	0	0
䝶	4776	5	0.4024	6.127	0.9573	1	0	0
䝷	4777	5	0.4151	7.038	0.9328	1	0	0
䝸	4778	5	0.4379	6.389	0.9602	1	0	0
䝹	4779	5	0.4482	6.892	0.9403	1	0	0
䝺	477A	5	0.4054	7.504	0.9089	1	0	0
䝻	477B	5	0.4800	6.174	0.9645	1	0	0
䝼	477C	5	0.4645	6.547	0.9634	1	0	0
䝽	477D	5	0.4831	6.213	0.9697	1	0	0
䝾	477E	5	0.3894	7.710	0.9713	1	0	0
䝿	477F	5	0.4077	7.160	0.9472	1	0	0
䞀	4780	5	0.4630	6.840	0.9138	1	0	0
䞁	4781	5	0.5417	7.311	0.9252	1	0	0
䞂	4782	5	0.4908	6.859	0.9026	1	0	0
䞃	4783	5	0.4800	7.175	0.8870	1	0	0
䞄	4784	5	0.3846	7.982	0.9107	1	0	0
䞅	4785	5	0.5108	7.457	0.8846	1	0	0
䞆	4786	5	0.4601	6.836	0.9311	1	0	0
䞇	4787	5	0.4000	8.099	0.9363	1	0	0
䞈	4788	5	0.4815	7.634	0.8849	1	0	0
䞉	4789	5	0.4615	7.580	0.9286	1	0	0
䞊	478A	5	0.4822	8.088	0.9273	1	0	0
䞋	478B	5	0.5030	7.981	0.9301	1	0	0
䞌	478C	5	0.3979	5.875	0.9787	1	0	0
䞍	478D	5	0.4541	6.700	0.9874	1	0	0
䞎	478E	5	0.5328	6.388	0.9456	1	0	0
䞏	478F	5	0.4631	6.991	0.9337	1	0	0
䞐	4790	5	0.4689	6.691	0.9600	1	0	0
䞑	4791	5	0.3447	5.096	0.9585	1	0	0
䞒	4792	5	0.4548	6.395	0.9531	1	0	0
䞓	4793	5	0.4024	7.040	0.9315	1	0	0
䞔	4794	5	0.4630	7.365	0.9164	1	0	0
䞕	4795	5	0.4473	7.888	0.9380	1	0	0
䞖	4796	5	0.3654	5.548	0.8977	1	0	0
䞗	4797	5	0.3785	5.258	0.9033	1	0	0
䞘	4798	5	0.3862	5.838	0.9176	1	0	0
䞙	4799	5	0.4216	5.710	0.9463	1	0	0
䞚	479A	5	0.4053	5.990	0.9117	1	0	0
䞛	479B	5	0.4068	5.592	0.9113	1	0	0
䞜	479C	5	0.3683	5.369	0.9206	1	0	0
䞝	479D	5	0.4098	5.750	0.9164	1	0	0
䞞	479E	5	0.4785	6.465	0.9304	1	0	0
䞟	479F	5	0.4186	5.351	0.9128	1	0	0
䞠	47A0	5	0.3935	5.602	0.9097	1	0	0
䞡	47A1	5	0.4138	5.579	0.9193	1	0	0
䞢	47A2	5	0.4038	5.398	0.8978	1	0	0
䞣	47A3	5	0.4062	5.853	0.9317	1	0	0
䞤	47A4	5	0.4157	5.923	0.9676	1	0	0
䞥	47A5	5	0.4467	5.964	0.9126	1	0	0
䞦	47A6	5	0.4275	6.189	0.8949	1	0	0
䞧	47A7	5	0.4201	6.047	0.9382	1	0	0
䞨	47A8	5	0.3979	5.464	0.9256	1	0	0
䞩	47A9	5	0.4112	5.933	0.9400	1	0	0
䞪	47AA	5	0.4708	6.362	0.9466	1	0	0
䞫	47AB	5	0.4556	6.307	0.9513	1	0	0
䞬	47AC	5	0.4438	6.799	0.9080	1	0	0
䞭	47AD	5	0.4201	7.136	0.9189	1	0	0
䞮	47AE	5	0.4423	6.548	0.9193	1	0	0
䞯	47AF	5	0.4123	6.378	0.9079	1	0	0
䞰	47B0	5	0.4338	6.387	0.9196	1	0	0
䞱	47B1	5	0.3935	6.207	0.9202	1	0	0
䞲	47B2	5	0.4785	6.973	0.8925	1	0	0
䞳	47B3	5	0.4231	6.121	0.9551	1	0	0
䞴	47B4	5	0.4275	6.958	0.9286	1	0	0
䞵	47B5	5	0.4615	8.188	0.8972	1	0	0
䞶	47B6	5	0.4349	7.168	0.9765	1	0	0
䞷	47B7	5	0.4785	6.847	0.9436	1	0	0
䞸	47B8	5	0.4201	6.481	0.9258	1	0	0
䞹	47B9	5	0.4763	6.361	0.9342	1	0	0
䞺	47BA	5	0.4692	6.923	0.9171	1	0	0
䞻	47BB	5	0.4393	7.293	0.9545	1	0	0
䞼	47BC	5	0.4408	7.130	0.9063	1	0	0
䞽	47BD	5	0.4334	7.192	0.9065	1	0	0
䞾	47BE	5	0.4364	7.577	0.9087	1	0	0
䞿	47BF	5	0.4446	7.895	0.9182	1	0	0
䟀	47C0	5	0.4692	6.692	0.8959	1	0	0
䟁	47C1	5	0.4800	7.626	0.8922	1	0	0
䟂	47C2	5	0.4246	7.242	0.9161	1	0	0
䟃	47C3	5	0.4246	8.109	0.8951	1	0	0
䟄	47C4	5	0.4334	7.520	0.9334	1	0	0
䟅	47C5	5	0.4108	7.560	0.9649	1	0	0
䟆	47C6	5	0.4749	6.624	0.9377	1	0	0
䟇	47C7	5	0.4541	8.573	0.9040	1	0	0
䟈	47C8	5	0.4675	7.776	0.9101	1	0	0
䟉	47C9	5	0.4675	7.269	0.9233	1	0	0
䟊	47CA	5	0.4260	8.101	0.9662	1	0	0
䟋	47CB	5	0.4142	8.016	0.9021	1	0	0
䟌	47CC	5	0.4808	7.820	0.9025	1	0	0
䟍	47CD	5	0.4393	7.871	0.9309	1	0	0
䟎	47CE	5	0.4954	7.894	0.8870	1	0	0
䟏	47CF	5	0.4675	8.112	0.8415	1	0	0
䟐	47D0	5	0.4719	8.004	0.8938	1	0	0
䟑	47D1	5	0.4645	7.694	0.9673	1	0	0
䟒	47D2	5	0.4615	7.294	0.9281	1	0	0
䟓	47D3	5	0.2846	4.095	0.9998	1	0	0
䟔	47D4	5	0.2899	4.299	0.9662	1	0	0
䟕	47D5	5	0.4031	5.803	0.9732	1	0	0
䟖	47D6	5	0.4015	4.874	0.9945	1	0	0
䟗	47D7	5	0.3861	5.801	0.9614	1	0	0
䟘	47D8	5	0.3713	5.337	0.9261	1	0	0
䟙	47D9	5	0.4077	6.011	0.9446	1	0	0
䟚	47DA	5	0.3723	4.882	0.9284	1	0	0
䟛	47DB	5	0.3817	5.255	0.9735	1	0	0
䟜	47DC	5	0.4385	5.342	0.9673	1	0	0
䟝	47DD	5	0.4185	5.924	0.9123	1	0	0
䟞	47DE	5	0.3417	5.197	0.9843	1	0	0
䟟	47DF	5	0.4157	5.730	0.9330	1	0	0
䟠	47E0	5	0.4024	6.183	0.9705	1	0	0
䟡	47E1	5	0.4127	5.977	0.9331	1	0	0
䟢	47E2	5	0.3580	5.607	0.9536	1	0	0
䟣	47E3	5	0.3609	5.486	0.9640	1	0	0
䟤	47E4	5	0.4038	6.244	0.9333	1	0	0
䟥	47E5	5	0.3831	5.566	0.9008	1	0	0
䟦	47E6	5	0.4231	6.390	0.9269	1	0	0
䟧	47E7	5	0.5072	5.389	0.9464	1	0	0
䟨	47E8	5	0.4554	5.655	0.9647	1	0	0
䟩	47E9	5	0.3817	5.386	0.9927	1	0	0
䟪	47EA	5	0.3462	5.553	0.9082	1	0	0
䟫	47EB	5	0.4092	5.533	0.9151	1	0	0
䟬	47EC	5	0.3831	4.940	0.9926	1	0	0
䟭	47ED	5	0.3314	4.785	0.9806	1	0	0
䟮	47EE	5	0.4024	6.087	0.9510	1	0	0
䟯	47EF	5	0.4009	5.364	0.9608	1	0	0
䟰	47F0	5	0.3400	5.352	0.9358	1	0	0
䟱	47F1	5	0.4127	6.018	0.9682	1	0	0
䟲	47F2	5	0.4083	5.976	0.9493	1	0	0
䟳	47F3	5	0.4400	6.806	0.8948	1	0	0
䟴	47F4	5	0.4262	6.544	0.9442	1	0	0
䟵	47F5	5	0.3920	6.162	0.9612	1	0	0
䟶	47F6	5	0.4290	6.002	0.9452	1	0	0
䟷	47F7	5	0.4290	5.943	0.9578	1	0	0
䟸	47F8	5	0.4038	6.192	0.9472	1	0	0
䟹	47F9	5	0.3743	5.888	0.9602	1	0	0
䟺	47FA	5	0.4576	5.666	0.9813	1	0	0
䟻	47FB	5	0.3905	6.092	0.9501	1	0	0
䟼	47FC	5	0.4053	6.208	0.9789	1	0	0
䟽	47FD	5	0.4112	6.377	0.9589	1	0	0
䟾	47FE	5	0.4800	7.317	0.9166	1	0	0
䟿	47FF	5	0.4431	6.113	0.9566	1	0	0
䠀	4800	5	0.4308	6.250	0.9979	1	0	0
䠁	4801	5	0.4138	6.409	0.9362	1	0	0
䠂	4802	5	0.4438	6.598	0.8773	1	0	0
䠃	4803	5	0.4554	7.233	0.8718	1	0	0
䠄	4804	5	0.4763	6.380	0.9375	1	0	0
䠅	4805	5	0.5376	6.599	0.9214	1	0	0
䠆	4806	5	0.4446	5.947	0.9963	1	0	0
䠇	4807	5	0.4832	6.329	0.9322	1	0	0
䠈	4808	5	0.4527	6.351	0.9478	1	0	0
䠉	4809	5	0.4185	5.747	1.0070	1	0	0
䠊	480A	5	0.3891	5.336	1.0163	1	0	0
䠋	480B	5	0.4462	5.810	0.9504	1	0	0
䠌	480C	5	0.4571	6.447	0.9515	1	0	0
䠍	480D	5	0.4646	6.406	0.9565	1	0	0
䠎	480E	5	0.4908	6.812	0.9157	1	0	0
䠏	480F	5	0.4275	6.739	0.9217	1	0	0
䠐	4810	5	0.4800	6.421	0.9701	1	0	0
䠑	4811	5	0.4571	6.162	0.9707	1	0	0
䠒	4812	5	0.4769	5.980	0.9325	1	0	0
䠓	4813	5	0.4630	6.684	0.9436	1	0	0
䠔	4814	5	0.4098	6.703	0.9209	1	0	0
䠕	4815	5	0.4305	6.483	0.9729	1	0	0
䠖	4816	5	0.3831	6.433	0.9477	1	0	0
䠗	4817	5	0.4527	6.567	0.9605	1	0	0
䠘	4818	5	0.4645	7.002	0.9503	1	0	0
䠙	4819	5	0.4043	6.107	0.9593	1	0	0
䠚	481A	5	0.4068	7.041	0.9450	1	0	0
䠛	481B	5	0.4423	6.632	0.9685	1	0	0
䠜	481C	5	0.4334	5.889	0.9502	1	0	0
䠝	481D	5	0.4923	6.577	0.9439	1	0	0
䠞	481E	5	0.4482	7.662	0.9287	1	0	0
䠟	481F	5	0.3935	7.620	0.8959	1	0	0
䠠	4820	5	0.4215	7.707	0.9590	1	0	0
䠡	4821	5	0.4675	7.038	0.9727	1	0	0
䠢	4822	5	0.4279	7.371	0.9296	1	0	0
䠣	4823	5	0.4576	6.876	0.9249	1	0	0
䠤	4824	5	0.5123	6.265	0.9370	1	0	0
䠥	4825	5	0.4017	8.298	0.9112	1	0	0
䠦	4826	5	0.4615	6.725	0.9649	1	0	0
䠧	4827	5	0.4969	6.881	0.9415	1	0	0
䠨	4828	5	0.4320	7.637	0.9519	1	0	0
䠩	4829	5	0.4704	7.659	0.9341	1	0	0
䠪	482A	5	0.4554	8.459	0.8933	1	0	0
䠫	482B	5	0.4784	7.423	0.9242	1	0	0
䠬	482C	5	0.5031	8.077	0.8981	1	0	0
䠭	482D	5	0.4719	7.683	0.9287	1	0	0
䠮	482E	5	0.4749	7.857	0.9325	1	0	0
䠯	482F	5	0.4793	7.515	0.9341	1	0	0
䠰	4830	5	0.4615	7.196	0.9514	1	0	0
䠱	4831	5	0.5328	8.762	0.9084	1	0	0
䠲	4832	5	0.3536	5.895	0.9167	1	0	0
䠳	4833	5	0.4308	5.680	0.9692	1	0	0
䠴	4834	5	0.3757	5.553	0.9384	1	0	0
䠵	4835	5	0.4201	5.978	0.9136	1	0	0
䠶	4836	5	0.3905	5.704	0.9609	1	0	0
䠷	4837	5	0.4305	6.650	0.9023	1	0	0
䠸	4838	5	0.4379	6.175	0.9561	1	0	0
䠹	4839	5	0.4098	6.422	0.9223	1	0	0
䠺	483A	5	0.4323	6.101	0.9458	1	0	0
䠻	483B	5	0.4538	6.618	0.9155	1	0	0
䠼	483C	5	0.4763	6.995	0.9430	1	0	0
䠽	483D	5	0.4630	6.742	0.9185	1	0	0
䠾	483E	5	0.4600	6.508	0.9239	1	0	0
䠿	483F	5	0.4246	7.317	0.9461	1	0	0
䡀	4840	5	0.4660	7.633	0.9095	1	0	0
䡁	4841	5	0.4882	7.851	0.9112	1	0	0
䡂	4842	5	0.4151	4.732	0.9489	1	0	0
䡃	4843	5	0.4263	5.290	0.8957	1	0	0
䡄	4844	5	0.4320	5.536	0.9414	1	0	0
䡅	4845	5	0.4492	5.430	0.9679	1	0	0
䡆	4846	5	0.3905	5.822	0.9381	1	0	0
䡇	4847	5	0.4024	5.386	0.9319	1	0	0
䡈	4848	5	0.3950	6.136	0.9559	1	0	0
䡉	4849	5	0.3905	5.443	0.9363	1	0	0
䡊	484A	5	0.4379	6.351	0.9720	1	0	0
䡋	484B	5	0.4172	5.764	0.9341	1	0	0
䡌	484C	5	0.4260	6.050	0.9376	1	0	0
䡍	484D	5	0.4068	5.440	0.9580	1	0	0
䡎	484E	5	0.3908	5.267	0.9452	1	0	0
䡏	484F	5	0.4038	6.217	0.9558	1	0	0
䡐	4850	5	0.4038	5.490	0.9422	1	0	0
䡑	4851	5	0.4615	6.125	0.9670	1	0	0
䡒	4852	5	0.5092	5.604	0.9834	1	0	0
䡓	4853	5	0.3950	5.821	0.9514	1	0	0
䡔	4854	5	0.4538	6.510	0.9092	1	0	0
䡕	4855	5	0.4157	6.436	0.9562	1	0	0
䡖	4856	5	0.4083	5.892	0.9498	1	0	0
䡗	4857	5	0.4333	6.960	0.9544	1	0	0
䡘	4858	5	0.4769	6.213	0.9301	1	0	0
䡙	4859	5	0.4431	6.202	0.9482	1	0	0
䡚	485A	5	0.4438	6.009	0.9185	1	0	0
䡛	485B	5	0.4569	5.839	0.9814	1	0	0
䡜	485C	5	0.4601	6.357	0.8985	1	0	0
䡝	485D	5	0.4453	6.850	0.9376	1	0	0
䡞	485E	5	0.4400	7.438	0.9837	1	0	0
䡟	485F	5	0.4571	5.904	0.9707	1	0	0
䡠	4860	5	0.4586	6.322	0.9369	1	0	0
䡡	4861	5	0.4719	6.473	0.9745	1	0	0
䡢	4862	5	0.4729	6.651	0.9466	1	0	0
䡣	4863	5	0.4482	6.497	1.0330	1	0	0
䡤	4864	5	0.4295	8.175	0.9980	1	0	0
䡥	4865	5	0.4630	6.799	0.9221	1	0	0
䡦	4866	5	0.4778	7.846	0.8922	1	0	0
䡧	4867	5	0.4556	6.640	0.9442	1	0	0
䡨	4868	5	0.4046	8.942	0.9608	1	0	0
䡩	4869	5	0.4571	6.837	0.9592	1	0	0
䡪	486A	5	0.4938	7.344	0.9217	1	0	0
䡫	486B	5	0.4601	7.385	0.9349	1	0	0
䡬	486C	5	0.4467	7.285	0.9794	1	0	0
䡭	486D	5	0.5074	6.939	0.9035	1	0	0
䡮	486E	5	0.4438	7.249	0.9073	1	0	0
䡯	486F	5	0.4527	7.580	0.9590	1	0	0
䡰	4870	5	0.4263	8.297	0.9731	1	0	0
䡱	4871	5	0.4615	6.627	1.0360	1	0	0
䡲	4872	5	0.4675	6.490	1.0105	1	0	0
䡳	4873	5	0.4157	6.952	0.9737	1	0	0
䡴	4874	5	0.5044	6.971	0.9214	1	0	0
䡵	4875	5	0.4260	7.648	0.9052	1	0	0
䡶	4876	5	0.4216	6.692	0.9627	1	0	0
䡷	4877	5	0.5148	7.159	0.9134	1	0	0
䡸	4878	5	0.5015	7.275	0.9067	1	0	0
䡹	4879	5	0.4630	7.335	0.9386	1	0	0
䡺	487A	5	0.4246	7.870	0.9358	1	0	0
䡻	487B	5	0.4462	7.868	0.9462	1	0	0
䡼	487C	5	0.4677	7.750	0.9550	1	0	0
䡽	487D	5	0.4882	8.293	0.8974	1	0	0
䡾	487E	5	0.4778	8.870	0.9214	1	0	0
䡿	487F	5	0.5163	8.920	0.8774	1	0	0
䢀	4880	5	0.3462	5.316	0.9298	1	0	0
䢁	4881	5	0.4138	5.039	0.9455	1	0	0
䢂	4882	5	0.3432	5.083	0.9686	1	0	0
䢃	4883	5	0.4186	6.187	0.9139	1	0	0
䢄	4884	5	0.4320	7.071	0.8921	1	0	0
䢅	4885	5	0.4349	6.986	0.9111	1	0	0
䢆	4886	5	0.4231	6.967	0.9388	1	0	0
䢇	4887	5	0.4142	7.093	0.9381	1	0	0
䢈	4888	5	0.4448	8.920	0.9619	1	0	0
䢉	4889	5	0.4062	8.191	0.9315	1	0	0
䢊	488A	5	0.3108	4.642	0.9088	1	0	0
䢋	488B	5	0.3189	4.552	0.9013	1	0	0
䢌	488C	5	0.3476	5.103	0.9233	1	0	0
䢍	488D	5	0.3277	4.918	0.9079	1	0	0
䢎	488E	5	0.3558	4.994	0.8569	1	0	0
䢏	488F	5	0.3000	4.775	0.8995	1	0	0
䢐	4890	5	0.3910	5.090	0.8785	1	0	0
䢑	4891	5	0.3600	5.672	0.8927	1	0	0
䢒	4892	5	0.3246	5.779	0.8942	1	0	0
䢓	4893	5	0.3417	5.129	0.9262	1	0	0
䢔	4894	5	0.3432	5.422	0.9008	1	0	0
䢕	4895	5	0.3713	5.995	0.8821	1	0	0
䢖	4896	5	0.4334	6.049	0.9474	1	0	0
䢗	4897	5	0.3954	5.652	0.9467	1	0	0
䢘	4898	5	0.3400	5.262	0.9069	1	0	0
䢙	4899	5	0.4046	5.579	0.9393	1	0	0
䢚	489A	5	0.4334	6.177	0.8935	1	0	0
䢛	489B	5	0.4154	6.408	0.8446	1	0	0
䢜	489C	5	0.3815	6.546	0.8683	1	0	0
䢝	489D	5	0.3892	5.647	0.8947	1	0	0
䢞	489E	5	0.3920	6.184	0.8677	1	0	0
䢟	489F	5	0.3985	6.455	0.9074	1	0	0
䢠	48A0	5	0.3536	5.959	0.9036	1	0	0
䢡	48A1	5	0.4308	6.375	0.8893	1	0	0
䢢	48A2	5	0.3600	6.780	0.9125	1	0	0
䢣	48A3	5	0.3447	7.241	0.9109	1	0	0
䢤	48A4	5	0.4098	6.683	0.8892	1	0	0
䢥	48A5	5	0.4046	6.680	0.8956	1	0	0
䢦	48A6	5	0.3683	6.804	0.8818	1	0	0
䢧	48A7	5	0.4098	7.714	0.8950	1	0	0
䢨	48A8	5	0.4006	6.810	0.8721	1	0	0
䢩	48A9	5	0.4157	6.850	0.8900	1	0	0
䢪	48AA	5	0.4119	7.136	0.8716	1	0	0
䢫	48AB	5	0.3861	7.282	0.9243	1	0	0
䢬	48AC	5	0.4053	7.220	0.8471	1	0	0
䢭	48AD	5	0.3728	7.254	0.9014	1	0	0
䢮	48AE	5	0.4009	7.158	0.9055	1	0	0
䢯	48AF	5	0.3935	7.772	0.8364	1	0	0
䢰	48B0	5	0.3950	7.458	0.9103	1	0	0
䢱	48B1	5	0.4216	8.063	0.9373	1	0	0
䢲	48B2	5	0.4600	8.416	0.8963	1	0	0
䢳	48B3	5	0.3462	4.625	0.9942	1	0	0
䢴	48B4	5	0.3338	4.586	0.9290	1	0	0
䢵	48B5	5	0.3492	5.061	0.9504	1	0	0
䢶	48B6	5	0.3415	4.853	0.9686	1	0	0
䢷	48B7	5	0.4160	5.530	0.8969	1	0	0
䢸	48B8	5	0.4080	5.226	0.9261	1	0	0
䢹	48B9	5	0.4176	4.557	0.9918	1	0	0
䢺	48BA	5	0.4199	5.251	0.9907	1	0	0
䢻	48BB	5	0.4748	4.915	0.9342	1	0	0
䢼	48BC	5	0.3785	5.393	0.9379	1	0	0
䢽	48BD	5	0.4231	6.211	0.9784	1	0	0
䢾	48BE	5	0.3954	5.607	0.9510	1	0	0
䢿	48BF	5	0.3831	5.666	0.9329	1	0	0
䣀	48C0	5	0.3903	6.057	0.9742	1	0	0
䣁	48C1	5	0.4048	6.231	0.9116	1	0	0
䣂	48C2	5	0.3815	5.356	0.9610	1	0	0
䣃	48C3	5	0.3831	5.567	0.9603	1	0	0
䣄	48C4	5	0.3580	5.918	0.9553	1	0	0
䣅	48C5	5	0.4200	6.490	0.8786	1	0	0
䣆	48C6	5	0.4092	6.094	0.9547	1	0	0
䣇	48C7	5	0.3815	5.915	0.9178	1	0	0
䣈	48C8	5	0.4785	5.920	0.9413	1	0	0
䣉	48C9	5	0.3692	6.955	0.9366	1	0	0
䣊	48CA	5	0.4682	5.952	0.9616	1	0	0
䣋	48CB	5	0.3462	6.108	0.9286	1	0	0
䣌	48CC	5	0.4326	6.676	0.9436	1	0	0
䣍	48CD	5	0.4600	6.243	0.9255	1	0	0
䣎	48CE	5	0.4646	6.870	0.9434	1	0	0
䣏	48CF	5	0.4385	6.205	0.9278	1	0	0
䣐	48D0	5	0.4292	6.027	0.9505	1	0	0
䣑	48D1	5	0.4400	6.466	1.0021	1	0	0
䣒	48D2	5	0.4407	6.410	0.9755	1	0	0
䣓	48D3	5	0.4544	6.790	0.8837	1	0	0
䣔	48D4	5	0.4385	6.466	0.9138	1	0	0
䣕	48D5	5	0.4800	6.444	0.8793	1	0	0
䣖	48D6	5	0.4877	6.610	0.9305	1	0	0
䣗	48D7	5	0.4215	6.086	0.9664	1	0	0
䣘	48D8	5	0.4354	6.161	0.9575	1	0	0
䣙	48D9	5	0.4675	6.736	0.9764	1	0	0
䣚	48DA	5	0.4334	6.859	0.9589	1	0	0
䣛	48DB	5	0.4009	6.869	0.9323	1	0	0
䣜	48DC	5	0.4415	6.874	0.9832	1	0	0
䣝	48DD	5	0.4877	6.947	0.9202	1	0	0
䣞	48DE	5	0.4300	6.206	0.8942	1	0	0
䣟	48DF	5	0.5040	7.211	0.9097	1	0	0
䣠	48E0	5	0.4185	6.772	0.9316	1	0	0
䣡	48E1	5	0.4911	7.889	0.9116	1	0	0
䣢	48E2	5	0.4941	7.115	0.9270	1	0	0
䣣	48E3	5	0.4415	8.330	0.9189	1	0	0
䣤	48E4	5	0.5185	8.461	0.8883	1	0	0
䣥	48E5	5	0.4438	5.800	0.9152	1	0	0
䣦	48E6	5	0.4311	5.869	0.9324	1	0	0
䣧	48E7	5	0.3772	5.903	0.9644	1	0	0
䣨	48E8	5	0.3994	5.968	0.9410	1	0	0
䣩	48E9	5	0.4201	6.385	0.9548	1	0	0
䣪	48EA	5	0.4320	6.152	0.9534	1	0	0
䣫	48EB	5	0.4260	6.472	0.9390	1	0	0
䣬	48EC	5	0.4400	6.715	0.9497	1	0	0
䣭	48ED	5	0.4031	6.145	0.9414	1	0	0
䣮	48EE	5	0.4385	7.022	0.9388	1	0	0
䣯	48EF	5	0.4769	6.158	0.9135	1	0	0
䣰	48F0	5	0.4123	6.063	0.9628	1	0	0
䣱	48F1	5	0.4585	6.308	0.9296	1	0	0
䣲	48F2	5	0.4275	6.422	0.9612	1	0	0
䣳	48F3	5	0.4592	5.874	0.9840	1	0	0
䣴	48F4	5	0.4400	7.517	0.9367	1	0	0
䣵	48F5	5	0.4415	5.931	0.9963	1	0	0
䣶	48F6	5	0.4660	6.222	0.9427	1	0	0
䣷	48F7	5	0.4571	6.622	0.9584	1	0	0
䣸	48F8	5	0.4453	7.197	0.9753	1	0	0
䣹	48F9	5	0.4734	7.399	0.9253	1	0	0
䣺	48FA	5	0.5248	6.253	0.9404	1	0	0
䣻	48FB	5	0.4467	6.885	0.9385	1	0	0
䣼	48FC	5	0.4497	6.635	0.9507	1	0	0
䣽	48FD	5	0.4364	7.247	0.9474	1	0	0
䣾	48FE	5	0.4615	6.583	0.9699	1	0	0
䣿	48FF	5	0.5000	6.650	0.9155	1	0	0
䤀	4900	5	0.4808	6.612	0.9481	1	0	0
䤁	4901	5	0.5369	7.252	0.9059	1	0	0
䤂	4902	5	0.4941	6.880	0.9587	1	0	0
䤃	4903	5	0.4675	6.890	0.9546	1	0	0
䤄	4904	5	0.4969	7.177	0.9195	1	0	0
䤅	4905	5	0.4482	7.572	0.9651	1	0	0
䤆	4906	5	0.4364	7.500	0.9359	1	0	0
䤇	4907	5	0.4734	7.715	0.9298	1	0	0
䤈	4908	5	0.4127	7.181	0.9855	1	0	0
䤉	4909	5	0.4985	7.757	0.9446	1	0	0
䤊	490A	5	0.4541	6.623	0.9611	1	0	0
䤋	490B	5	0.4556	7.567	0.9098	1	0	0
䤌	490C	5	0.4822	7.410	0.9395	1	0	0
䤍	490D	5	0.4393	7.799	0.9691	1	0	0
䤎	490E	5	0.4858	8.603	0.8936	1	0	0
䤏	490F	5	0.4822	7.255	0.9649	1	0	0
䤐	4910	5	0.5415	8.155	0.8920	1	0	0
䤑	4911	5	0.4704	7.269	0.9709	1	0	0
䤒	4912	5	0.5148	9.249	0.8712	1	0	0
䤓	4913	5	0.4701	8.398	0.9447	1	0	0
䤔	4914	5	0.4186	8.360	0.9638	1	0	0
䤕	4915	5	0.5044	8.644	0.9077	1	0	0
䤖	4916	5	0.5216	8.077	0.8890	1	0	0
䤗	4917	5	0.4482	9.444	0.9367	1	0	0
䤘	4918	5	0.5207	8.817	0.8920	1	0	0
䤙	4919	5	0.4689	9.470	0.9281	1	0	0
䤚	491A	5	0.4492	5.928	0.8967	1	0	0
䤛	491B	5	0.3750	4.957	0.9511	1	0	0
䤜	491C	5	0.3609	5.676	0.9283	1	0	0
䤝	491D	5	0.3569	5.901	0.9361	1	0	0
䤞	491E	5	0.3677	6.083	0.9364	1	0	0
䤟	491F	5	0.3698	6.008	0.9378	1	0	0
䤠	4920	5	0.3708	5.238	0.9561	1	0	0
䤡	4921	5	0.4142	6.180	0.9429	1	0	0
䤢	4922	5	0.4031	6.360	0.9090	1	0	0
䤣	4923	5	0.3815	6.046	0.9589	1	0	0
䤤	4924	5	0.3728	6.688	0.9375	1	0	0
䤥	4925	5	0.4290	6.928	0.9244	1	0	0
䤦	4926	5	0.3935	7.078	0.9129	1	0	0
䤧	4927	5	0.4354	6.417	0.9695	1	0	0
䤨	4928	5	0.3964	7.048	0.9386	1	0	0
䤩	4929	5	0.3891	6.216	0.9281	1	0	0
䤪	492A	5	0.3728	6.422	0.9343	1	0	0
䤫	492B	5	0.3595	6.497	0.9240	1	0	0
䤬	492C	5	0.3476	6.769	0.9460	1	0	0
䤭	492D	5	0.4127	7.025	0.9226	1	0	0
䤮	492E	5	0.3654	6.260	0.9708	1	0	0
䤯	492F	5	0.3920	6.998	0.9234	1	0	0
䤰	4930	5	0.3923	6.720	0.9582	1	0	0
䤱	4931	5	0.3590	6.123	0.9519	1	0	0
䤲	4932	5	0.3698	6.724	0.9667	1	0	0
䤳	4933	5	0.4246	7.381	0.9093	1	0	0
䤴	4934	5	0.4446	7.191	0.9286	1	0	0
䤵	4935	5	0.3905	6.024	0.9673	1	0	0
䤶	4936	5	0.4556	6.933	0.9182	1	0	0
䤷	4937	5	0.4431	7.921	0.9205	1	0	0
䤸	4938	5	0.4290	7.363	0.9376	1	0	0
䤹	4939	5	0.4216	7.404	0.9039	1	0	0
䤺	493A	5	0.4068	6.894	0.9540	1	0	0
䤻	493B	5	0.4127	7.024	0.9555	1	0	0
䤼	493C	5	0.4334	6.957	0.9178	1	0	0
䤽	493D	5	0.4338	7.102	0.9285	1	0	0
䤾	493E	5	0.4246	7.162	0.8992	1	0	0
䤿	493F	5	0.4275	7.301	0.9614	1	0	0
䥀	4940	5	0.4408	6.928	0.9577	1	0	0
䥁	4941	5	0.4877	7.479	0.9050	1	0	0
䥂	4942	5	0.4201	7.727	0.9358	1	0	0
䥃	4943	5	0.4554	6.783	0.9354	1	0	0
䥄	4944	5	0.4644	7.299	0.9543	1	0	0
䥅	4945	5	0.4231	7.484	0.9482	1	0	0
䥆	4946	5	0.4046	7.088	0.9292	1	0	0
䥇	4947	5	0.4708	7.757	0.9003	1	0	0
䥈	4948	5	0.4246	7.122	0.9262	1	0	0
䥉	4949	5	0.4527	7.361	0.8856	1	0	0
䥊	494A	5	0.4098	7.594	0.9699	1	0	0
䥋	494B	5	0.3831	7.126	0.9545	1	0	0
䥌	494C	5	0.4292	6.949	0.9521	1	0	0
䥍	494D	5	0.4062	7.494	0.9083	1	0	0
䥎	494E	5	0.4423	8.207	0.9607	1	0	0
䥏	494F	5	0.4523	7.748	0.9193	1	0	0
䥐	4950	5	0.4569	8.153	0.8987	1	0	0
䥑	4951	5	0.4060	7.874	0.8810	1	0	0
䥒	4952	5	0.4338	7.357	0.9419	1	0	0
䥓	4953	5	0.4785	7.016	0.9209	1	0	0
䥔	4954	5	0.4630	7.567	0.9327	1	0	0
䥕	4955	5	0.4645	8.837	0.8836	1	0	0
䥖	4956	5	0.4497	7.832	0.9552	1	0	0
䥗	4957	5	0.4305	7.809	0.9235	1	0	0
䥘	4958	5	0.4009	7.522	0.9485	1	0	0
䥙	4959	5	0.4024	8.275	0.9295	1	0	0
䥚	495A	5	0.4908	7.727	0.9116	1	0	0
䥛	495B	5	0.4585	8.182	0.9121	1	0	0
䥜	495C	5	0.5308	7.441	0.9203	1	0	0
䥝	495D	5	0.4645	8.354	0.9162	1	0	0
䥞	495E	5	0.4689	7.852	0.8939	1	0	0
䥟	495F	5	0.4846	7.806	0.8912	1	0	0
䥠	4960	5	0.4438	7.837	0.9545	1	0	0
䥡	4961	5	0.4778	8.140	0.9214	1	0	0
䥢	4962	5	0.4092	7.914	0.9392	1	0	0
䥣	4963	5	0.4062	7.989	0.9263	1	0	0
䥤	4964	5	0.4423	7.702	0.9537	1	0	0
䥥	4965	5	0.4393	8.051	0.9697	1	0	0
䥦	4966	5	0.4393	7.821	0.9344	1	0	0
䥧	4967	5	0.4320	7.861	0.9468	1	0	0
䥨	4968	5	0.4846	7.409	0.9593	1	0	0
䥩	4969	5	0.4719	8.486	0.9269	1	0	0
䥪	496A	5	0.3905	8.533	0.9037	1	0	0
䥫	496B	5	0.4941	8.087	0.9108	1	0	0
䥬	496C	5	0.4402	7.730	0.9201	1	0	0
䥭	496D	5	0.4246	8.058	0.8722	1	0	0
䥮	496E	5	0.4571	7.690	0.9703	1	0	0
䥯	496F	5	0.5222	8.463	0.8771	1	0	0
䥰	4970	5	0.4492	7.637	0.9020	1	0	0
䥱	4971	5	0.4527	7.886	0.9145	1	0	0
䥲	4972	5	0.4393	8.379	0.9181	1	0	0
䥳	4973	5	0.4320	8.611	0.9179	1	0	0
䥴	4974	5	0.4222	7.556	0.9158	1	0	0
䥵	4975	5	0.4837	8.051	0.9005	1	0	0
䥶	4976	5	0.4379	8.340	0.8901	1	0	0
䥷	4977	5	0.4723	7.886	0.9312	1	0	0
䥸	4978	5	0.4920	8.806	0.8331	1	0	0
䥹	4979	5	0.4473	8.885	0.9165	1	0	0
䥺	497A	5	0.3521	5.209	0.9415	1	0	0
䥻	497B	5	0.3713	5.289	0.9199	1	0	0
䥼	497C	5	0.3580	5.938	0.9488	1	0	0
䥽	497D	5	0.3950	6.081	0.9297	1	0	0
䥾	497E	5	0.3723	5.368	0.9752	1	0	0
䥿	497F	5	0.3713	5.929	0.9569	1	0	0
䦀	4980	5	0.4123	5.897	0.9453	1	0	0
䦁	4981	5	0.4009	6.110	0.9411	1	0	0
䦂	4982	5	0.4262	6.951	0.9112	1	0	0
䦃	4983	5	0.4379	6.293	0.9320	1	0	0
䦄	4984	5	0.4275	7.048	0.9414	1	0	0
䦅	4985	5	0.4645	6.644	0.9291	1	0	0
䦆	4986	5	0.4778	8.203	0.9049	1	0	0
䦇	4987	5	0.3429	5.348	0.9370	1	0	0
䦈	4988	5	0.3923	5.325	0.9666	1	0	0
䦉	4989	5	0.4960	6.086	0.9365	1	0	0
䦊	498A	5	0.3728	5.658	0.9482	1	0	0
䦋	498B	5	0.4482	7.066	0.9417	1	0	0
䦌	498C	5	0.5164	4.583	0.9834	1	0	0
䦍	498D	5	0.5273	5.682	0.9426	1	0	0
䦎	498E	5	0.5267	5.413	0.9992	1	0	0
䦏	498F	5	0.4873	5.379	0.9348	1	0	0
䦐	4990	5	0.5109	5.287	0.9870	1	0	0
䦑	4991	5	0.5291	5.487	0.9648	1	0	0
䦒	4992	5	0.5167	5.197	0.9894	1	0	0
䦓	4993	5	0.5200	4.983	0.9709	1	0	0
䦔	4994	5	0.4582	5.229	1.0017	1	0	0
䦕	4995	5	0.5317	5.390	0.9555	1	0	0
䦖	4996	5	0.4855	5.715	0.9806	1	0	0
䦗	4997	5	0.5433	5.414	1.0050	1	0	0
䦘	4998	5	0.4964	6.021	1.0145	1	0	0
䦙	4999	5	0.4727	5.708	0.9990	1	0	0
䦚	499A	5	0.5252	5.741	0.9719	1	0	0
䦛	499B	5	0.4836	6.003	0.9620	1	0	0
䦜	499C	5	0.5287	6.136	0.9837	1	0	0
䦝	499D	5	0.5564	6.110	0.9555	1	0	0
䦞	499E	5	0.5067	5.551	0.9776	1	0	0
䦟	499F	5	0.5164	6.002	0.9784	1	0	0
䦠	49A0	5	0.4817	6.730	0.9282	1	0	0
䦡	49A1	5	0.4655	6.174	1.0052	1	0	0
䦢	49A2	5	0.4745	6.193	0.9597	1	0	0
䦣	49A3	5	0.5418	5.978	0.9434	1	0	0
䦤	49A4	5	0.5133	7.793	0.9074	1	0	0
䦥	49A5	5	0.5409	6.007	0.9384	1	0	0
䦦	49A6	5	0.5836	6.305	0.9153	1	0	0
䦧	49A7	5	0.5309	5.828	0.9924	1	0	0
䦨	49A8	5	0.5327	6.360	0.9752	1	0	0
䦩	49A9	5	0.5236	6.876	0.9439	1	0	0
䦪	49AA	5	0.5018	6.765	0.9873	1	0	0
䦫	49AB	5	0.5000	6.230	0.9965	1	0	0
䦬	49AC	5	0.5073	6.878	0.9579	1	0	0
䦭	49AD	5	0.5073	6.587	0.9741	1	0	0
䦮	49AE	5	0.4982	6.715	0.9579	1	0	0
䦯	49AF	5	0.5255	6.716	0.9812	1	0	0
䦰	49B0	5	0.5545	7.136	0.9741	1	0	0
䦱	49B1	5	0.4964	7.149	0.9305	1	0	0
䦲	49B2	5	0.5357	7.933	0.9722	1	0	0
䦳	49B3	5	0.5391	7.797	0.9421	1	0	0
䦴	49B4	5	0.5167	6.667	1.0007	1	0	0
䦵	49B5	5	0.5545	8.121	0.9044	1	0	0
䦶	49B6	5	0.4487	5.603	0.9147	1	0	0
䦷	49B7	5	0.4087	5.502	0.9273	1	0	0
䦸	49B8	5	0.4840	6.039	0.9760	1	0	0
䦹	49B9	5	0.2420	3.260	1.0264	1	0	0
䦺	49BA	5	0.3000	3.368	0.9456	1	0	0
䦻	49BB	5	0.3248	3.918	0.9750	1	0	0
䦼	49BC	5	0.3800	4.844	0.9569	1	0	0
䦽	49BD	5	0.3552	4.572	0.8750	1	0	0
䦾	49BE	5	0.3908	5.433	0.9039	1	0	0
䦿	49BF	5	0.4199	4.067	0.9914	1	0	0
䧀	49C0	5	0.3738	5.158	0.9621	1	0	0
䧁	49C1	5	0.4006	4.861	0.9241	1	0	0
䧂	49C2	5	0.4267	5.073	0.8940	1	0	0
䧃	49C3	5	0.4867	4.769	0.9167	1	0	0
䧄	49C4	5	0.4231	5.423	0.9499	1	0	0
䧅	49C5	5	0.4615	5.917	0.9634	1	0	0
䧆	49C6	5	0.3877	4.948	0.9524	1	0	0
䧇	49C7	5	0.3631	5.321	0.9520	1	0	0
䧈	49C8	5	0.4544	5.657	0.9369	1	0	0
䧉	49C9	5	0.4867	5.497	0.8550	1	0	0
䧊	49CA	5	0.4323	5.163	0.9797	1	0	0
䧋	49CB	5	0.4267	5.333	0.9032	1	0	0
䧌	49CC	5	0.3846	5.943	0.9538	1	0	0
䧍	49CD	5	0.4031	5.453	0.9432	1	0	0
䧎	49CE	5	0.4917	5.053	0.9539	1	0	0
䧏	49CF	5	0.4535	6.025	0.9764	1	0	0
䧐	49D0	5	0.4292	5.568	0.9624	1	0	0
䧑	49D1	5	0.4183	5.402	0.9075	1	0	0
䧒	49D2	5	0.4000	5.876	0.9245	1	0	0
䧓	49D3	5	0.4850	5.540	0.9664	1	0	0
䧔	49D4	5	0.3754	6.222	0.9182	1	0	0
䧕	49D5	5	0.4323	6.284	0.9310	1	0	0
䧖	49D6	5	0.4338	6.899	0.9052	1	0	0
䧗	49D7	5	0.4277	6.265	0.9069	1	0	0
䧘	49D8	5	0.4354	6.333	0.9547	1	0	0
䧙	49D9	5	0.3846	6.069	0.9555	1	0	0
䧚	49DA	5	0.4508	5.926	0.9571	1	0	0
䧛	49DB	5	0.4354	5.814	0.9424	1	0	0
䧜	49DC	5	0.4754	6.267	1.0045	1	0	0
䧝	49DD	5	0.4631	5.957	0.9623	1	0	0
䧞	49DE	5	0.4883	6.079	0.8769	1	0	0
䧟	49DF	5	0.4298	5.822	0.9164	1	0	0
䧠	49E0	5	0.4846	6.573	0.9727	1	0	0
䧡	49E1	5	0.4692	7.061	0.9568	1	0	0
䧢	49E2	5	0.4480	6.168	0.9371	1	0	0
䧣	49E3	5	0.5008	6.247	0.9413	1	0	0
䧤	49E4	5	0.4631	6.674	0.9207	1	0	0
䧥	49E5	5	0.4446	6.949	0.9464	1	0	0
䧦	49E6	5	0.4548	7.076	0.9343	1	0	0
䧧	49E7	5	0.4815	7.406	0.9433	1	0	0
䧨	49E8	5	0.4846	6.676	0.9497	1	0	0
䧩	49E9	5	0.4769	6.568	0.9273	1	0	0
䧪	49EA	5	0.5062	7.915	0.8747	1	0	0
䧫	49EB	5	0.3985	7.467	0.9484	1	0	0
䧬	49EC	5	0.4354	7.104	0.9082	1	0	0
䧭	49ED	5	0.4477	7.500	0.9233	1	0	0
䧮	49EE	5	0.4338	7.444	0.9220	1	0	0
䧯	49EF	5	0.4585	8.094	0.8922	1	0	0
䧰	49F0	5	0.5077	8.139	0.8960	1	0	0
䧱	49F1	5	0.3417	5.408	0.9921	1	0	0
䧲	49F2	5	0.4083	4.908	0.9679	1	0	0
䧳	49F3	5	0.3846	5.402	0.9683	1	0	0
䧴	49F4	5	0.4290	5.954	0.9432	1	0	0
䧵	49F5	5	0.3935	5.744	0.9542	1	0	0
䧶	49F6	5	0.4615	6.181	0.9349	1	0	0
䧷	49F7	5	0.4038	6.288	0.9144	1	0	0
䧸	49F8	5	0.4369	5.471	0.9624	1	0	0
䧹	49F9	5	0.4334	6.085	0.9450	1	0	0
䧺	49FA	5	0.4172	5.760	0.9316	1	0	0
䧻	49FB	5	0.4201	5.992	0.9275	1	0	0
䧼	49FC	5	0.4320	5.941	0.9484	1	0	0
䧽	49FD	5	0.4379	6.252	0.9689	1	0	0
䧾	49FE	5	0.4290	6.133	0.9627	1	0	0
䧿	49FF	5	0.4763	6.058	0.9396	1	0	0
䨀	4A00	5	0.4038	6.485	0.9400	1	0	0
䨁	4A01	5	0.4508	7.404	0.9232	1	0	0
䨂	4A02	5	0.4246	7.232	0.9242	1	0	0
䨃	4A03	5	0.4904	7.121	0.9175	1	0	0
䨄	4A04	5	0.4896	7.519	0.9306	1	0	0
䨅	4A05	5	0.4630	7.049	0.9166	1	0	0
䨆	4A06	5	0.4277	7.818	0.9494	1	0	0
䨇	4A07	5	0.4785	7.618	0.9640	1	0	0
䨈	4A08	5	0.4754	7.494	0.9251	1	0	0
䨉	4A09	5	0.5000	7.870	0.9139	1	0	0
䨊	4A0A	5	0.4904	9.580	0.9486	1	0	0
䨋	4A0B	5	0.4200	5.922	0.9406	1	0	0
䨌	4A0C	5	0.4599	6.334	0.9308	1	0	0
䨍	4A0D	5	0.4100	6.096	0.9697	1	0	0
䨎	4A0E	5	0.3833	6.512	0.9475	1	0	0
䨏	4A0F	5	0.3750	6.553	0.9477	1	0	0
䨐	4A10	5	0.4432	6.558	0.9881	1	0	0
䨑	4A11	5	0.4317	8.134	0.9630	1	0	0
䨒	4A12	5	0.4375	7.063	0.9402	1	0	0
䨓	4A13	5	0.4517	6.414	1.0010	1	0	0
䨔	4A14	5	0.4246	6.218	0.8979	1	0	0
䨕	4A15	5	0.3616	6.210	0.9661	1	0	0
䨖	4A16	5	0.4167	6.773	1.0055	1	0	0
䨗	4A17	5	0.4250	6.975	0.9024	1	0	0
䨘	4A18	5	0.4048	7.149	0.9792	1	0	0
䨙	4A19	5	0.4183	6.725	0.9145	1	0	0
䨚	4A1A	5	0.4112	7.404	0.9292	1	0	0
䨛	4A1B	5	0.4477	6.676	0.9362	1	0	0
䨜	4A1C	5	0.4352	7.083	0.9629	1	0	0
䨝	4A1D	5	0.4133	8.125	1.0187	1	0	0
䨞	4A1E	5	0.4133	7.819	0.9603	1	0	0
䨟	4A1F	5	0.4667	7.390	0.9322	1	0	0
䨠	4A20	5	0.4117	8.060	0.9651	1	0	0
䨡	4A21	5	0.4467	7.748	0.9277	1	0	0
䨢	4A22	5	0.4167	7.522	0.9652	1	0	0
䨣	4A23	5	0.3817	7.412	0.9923	1	0	0
䨤	4A24	5	0.4046	7.318	0.9349	1	0	0
䨥	4A25	5	0.4667	8.727	0.9456	1	0	0
䨦	4A26	5	0.3933	7.674	0.9479	1	0	0
䨧	4A27	5	0.4317	7.360	0.9408	1	0	0
䨨	4A28	5	0.3877	7.452	0.9185	1	0	0
䨩	4A29	5	0.4672	6.936	0.9465	1	0	0
䨪	4A2A	5	0.4283	7.076	0.9775	1	0	0
䨫	4A2B	5	0.4224	8.679	0.9195	1	0	0
䨬	4A2C	5	0.4407	7.288	0.9280	1	0	0
䨭	4A2D	5	0.4631	7.285	0.9180	1	0	0
䨮	4A2E	5	0.4267	8.469	0.9892	1	0	0
䨯	4A2F	5	0.4416	8.088	0.9174	1	0	0
䨰	4A30	5	0.3917	7.517	0.9706	1	0	0
䨱	4A31	5	0.4277	8.279	0.9290	1	0	0
䨲	4A32	5	0.4867	7.985	0.9079	1	0	0
䨳	4A33	5	0.4608	7.915	0.9628	1	0	0
䨴	4A34	5	0.4256	7.665	0.9498	1	0	0
䨵	4A35	5	0.4200	8.689	0.9785	1	0	0
䨶	4A36	5	0.4535	8.839	0.9046	1	0	0
䨷	4A37	5	0.4533	8.432	0.9014	1	0	0
䨸	4A38	5	0.4817	9.668	0.9360	1	0	0
䨹	4A39	5	0.4569	9.162	0.9121	1	0	0
䨺	4A3A	5	0.4800	11.850	0.8136	1	0	0
䨻	4A3B	5	0.5561	11.994	0.7975	1	0	0
䨼	4A3C	5	0.4704	7.734	0.9200	1	0	0
䨽	4A3D	5	0.4185	5.445	0.9590	1	0	0
䨾	4A3E	5	0.3738	4.992	0.9746	1	0	0
䨿	4A3F	5	0.4277	5.483	0.9461	1	0	0
䩀	4A40	5	0.3654	6.782	0.9571	1	0	0
䩁	4A41	5	0.4169	9.075	0.8976	1	0	0
䩂	4A42	5	0.3504	6.129	0.9686	1	0	0
䩃	4A43	5	0.4186	6.513	0.9625	1	0	0
䩄	4A44	5	0.4692	6.908	0.9262	1	0	0
䩅	4A45	5	0.4852	7.112	0.9573	1	0	0
䩆	4A46	5	0.4157	5.704	0.9710	1	0	0
䩇	4A47	5	0.4508	5.820	0.9289	1	0	0
䩈	4A48	5	0.4645	7.445	0.9480	1	0	0
䩉	4A49	5	0.5266	7.213	0.9385	1	0	0
䩊	4A4A	5	0.4615	7.602	0.9537	1	0	0
䩋	4A4B	5	0.4586	8.154	0.9340	1	0	0
䩌	4A4C	5	0.4586	7.754	0.9548	1	0	0
䩍	4A4D	5	0.4497	7.649	0.9679	1	0	0
䩎	4A4E	5	0.4438	7.738	0.9493	1	0	0
䩏	4A4F	5	0.4926	8.148	0.9322	1	0	0
䩐	4A50	5	0.4112	5.686	0.9132	1	0	0
䩑	4A51	5	0.4015	5.157	0.9876	1	0	0
䩒	4A52	5	0.3609	4.696	0.9705	1	0	0
䩓	4A53	5	0.4323	5.882	0.9223	1	0	0
䩔	4A54	5	0.4393	6.178	0.9245	1	0	0
䩕	4A55	5	0.4000	5.473	0.9703	1	0	0
䩖	4A56	5	0.3538	5.540	0.9748	1	0	0
䩗	4A57	5	0.4723	5.388	0.9537	1	0	0
䩘	4A58	5	0.4290	5.933	0.9530	1	0	0
䩙	4A59	5	0.4157	5.996	0.9493	1	0	0
䩚	4A5A	5	0.4408	6.245	0.9299	1	0	0
䩛	4A5B	5	0.4408	6.380	0.9284	1	0	0
䩜	4A5C	5	0.4985	5.397	0.9712	1	0	0
䩝	4A5D	5	0.4586	6.768	0.9575	1	0	0
䩞	4A5E	5	0.4142	5.082	0.9612	1	0	0
䩟	4A5F	5	0.4675	6.422	0.9403	1	0	0
䩠	4A60	5	0.4556	6.709	0.9115	1	0	0
䩡	4A61	5	0.4231	6.402	0.9222	1	0	0
䩢	4A62	5	0.4009	6.147	0.9574	1	0	0
䩣	4A63	5	0.4334	6.311	0.9477	1	0	0
䩤	4A64	5	0.4675	6.173	0.9471	1	0	0
䩥	4A65	5	0.4512	6.948	0.9023	1	0	0
䩦	4A66	5	0.3772	7.221	0.9534	1	0	0
䩧	4A67	5	0.4379	5.994	0.9433	1	0	0
䩨	4A68	5	0.4615	6.413	0.9715	1	0	0
䩩	4A69	5	0.4349	6.817	0.9365	1	0	0
䩪	4A6A	5	0.4400	5.874	0.9725	1	0	0
䩫	4A6B	5	0.4201	7.241	0.9614	1	0	0
䩬	4A6C	5	0.4719	6.436	0.9502	1	0	0
䩭	4A6D	5	0.4408	6.115	0.9780	1	0	0
䩮	4A6E	5	0.4305	6.432	0.9507	1	0	0
䩯	4A6F	5	0.4541	7.115	0.9623	1	0	0
䩰	4A70	5	0.5044	6.159	0.9399	1	0	0
䩱	4A71	5	0.4467	6.885	0.9496	1	0	0
䩲	4A72	5	0.4882	6.885	0.9469	1	0	0
䩳	4A73	5	0.4523	7.080	0.9101	1	0	0
䩴	4A74	5	0.4689	6.211	0.9506	1	0	0
䩵	4A75	5	0.4956	6.546	0.9783	1	0	0
䩶	4A76	5	0.4556	6.500	0.9704	1	0	0
䩷	4A77	5	0.4601	6.496	0.9207	1	0	0
䩸	4A78	5	0.4527	5.963	0.9482	1	0	0
䩹	4A79	5	0.4970	7.000	0.9395	1	0	0
䩺	4A7A	5	0.4305	7.628	0.9278	1	0	0
䩻	4A7B	5	0.4846	6.529	0.9770	1	0	0
䩼	4A7C	5	0.4512	7.365	0.9164	1	0	0
䩽	4A7D	5	0.4408	6.808	1.0113	1	0	0
䩾	4A7E	5	0.4645	6.865	0.9580	1	0	0
䩿	4A7F	5	0.4763	7.000	0.9588	1	0	0
䪀	4A80	5	0.4349	7.096	0.9350	1	0	0
䪁	4A81	5	0.4749	6.966	0.9331	1	0	0
䪂	4A82	5	0.4201	7.659	0.9817	1	0	0
䪃	4A83	5	0.4645	7.214	0.9170	1	0	0
䪄	4A84	5	0.4822	6.548	0.9487	1	0	0
䪅	4A85	5	0.4729	6.948	0.9697	1	0	0
䪆	4A86	5	0.4985	7.038	0.9290	1	0	0
䪇	4A87	5	0.4734	7.276	0.9330	1	0	0
䪈	4A88	5	0.4556	7.508	0.9681	1	0	0
䪉	4A89	5	0.4837	8.897	0.8949	1	0	0
䪊	4A8A	5	0.5192	7.729	0.9106	1	0	0
䪋	4A8B	5	0.4453	7.736	0.9397	1	0	0
䪌	4A8C	5	0.4896	8.250	0.8904	1	0	0
䪍	4A8D	5	0.5431	7.858	0.9605	1	0	0
䪎	4A8E	5	0.4954	7.987	0.9429	1	0	0
䪏	4A8F	5	0.4400	5.732	0.9531	1	0	0
䪐	4A90	5	0.4216	6.591	0.9395	1	0	0
䪑	4A91	5	0.3846	5.684	0.9541	1	0	0
䪒	4A92	5	0.3624	5.365	0.9391	1	0	0
䪓	4A93	5	0.3935	5.273	0.9811	1	0	0
䪔	4A94	5	0.4985	6.639	0.9616	1	0	0
䪕	4A95	5	0.4723	6.941	0.9021	1	0	0
䪖	4A96	5	0.4334	6.875	0.9538	1	0	0
䪗	4A97	5	0.4719	6.913	0.9485	1	0	0
䪘	4A98	5	0.4556	6.673	0.9625	1	0	0
䪙	4A99	5	0.4615	6.808	0.9492	1	0	0
䪚	4A9A	5	0.4815	7.113	0.9646	1	0	0
䪛	4A9B	5	0.4763	7.274	0.9676	1	0	0
䪜	4A9C	5	0.4334	7.745	0.9708	1	0	0
䪝	4A9D	5	0.4837	7.577	0.9518	1	0	0
䪞	4A9E	5	0.5000	5.737	0.9409	1	0	0
䪟	4A9F	5	0.4462	6.784	0.9185	1	0	0
䪠	4AA0	5	0.4308	6.954	0.9247	1	0	0
䪡	4AA1	5	0.4169	7.244	0.9442	1	0	0
䪢	4AA2	5	0.4260	7.312	0.9389	1	0	0
䪣	4AA3	5	0.4320	7.260	0.9166	1	0	0
䪤	4AA4	5	0.5059	7.245	0.9476	1	0	0
䪥	4AA5	5	0.4462	7.650	0.9418	1	0	0
䪦	4AA6	5	0.3462	4.862	0.9335	1	0	0
䪧	4AA7	5	0.4127	6.155	0.8935	1	0	0
䪨	4AA8	5	0.3754	5.343	0.9330	1	0	0
䪩	4AA9	5	0.3565	5.678	0.9096	1	0	0
䪪	4AAA	5	0.4216	6.676	0.9736	1	0	0
䪫	4AAB	5	0.4157	6.787	0.9293	1	0	0
䪬	4AAC	5	0.4112	5.989	0.9473	1	0	0
䪭	4AAD	5	0.4453	6.313	0.9626	1	0	0
䪮	4AAE	5	0.4681	7.506	0.9248	1	0	0
䪯	4AAF	5	0.4263	8.304	0.9147	1	0	0
䪰	4AB0	5	0.4290	7.389	0.9343	1	0	0
䪱	4AB1	5	0.4317	5.561	0.9079	1	0	0
䪲	4AB2	5	0.4477	6.102	0.9022	1	0	0
䪳	4AB3	5	0.4585	5.786	0.9252	1	0	0
䪴	4AB4	5	0.4077	6.303	0.9362	1	0	0
䪵	4AB5	5	0.4677	6.297	0.8883	1	0	0
䪶	4AB6	5	0.4646	6.139	0.9483	1	0	0
䪷	4AB7	5	0.4556	6.298	0.9374	1	0	0
䪸	4AB8	5	0.4708	6.558	0.9264	1	0	0
䪹	4AB9	5	0.4062	5.951	0.9379	1	0	0
䪺	4ABA	5	0.4038	5.985	0.9671	1	0	0
䪻	4ABB	5	0.4275	6.525	0.9668	1	0	0
䪼	4ABC	5	0.4338	6.343	0.9516	1	0	0
䪽	4ABD	5	0.4369	5.726	0.9604	1	0	0
䪾	4ABE	5	0.3728	6.391	0.9449	1	0	0
䪿	4ABF	5	0.5108	6.851	0.9335	1	0	0
䫀	4AC0	5	0.4800	6.260	0.9169	1	0	0
䫁	4AC1	5	0.4936	5.958	0.9626	1	0	0
䫂	4AC2	5	0.4492	6.932	0.9106	1	0	0
䫃	4AC3	5	0.4754	6.740	0.9348	1	0	0
䫄	4AC4	5	0.4438	6.546	0.9342	1	0	0
䫅	4AC5	5	0.4277	6.426	0.9594	1	0	0
䫆	4AC6	5	0.4246	7.166	0.9492	1	0	0
䫇	4AC7	5	0.4877	7.188	0.8786	1	0	0
䫈	4AC8	5	0.4231	6.603	0.9699	1	0	0
䫉	4AC9	5	0.4677	7.223	0.8882	1	0	0
䫊	4ACA	5	0.4738	6.413	0.9264	1	0	0
䫋	4ACB	5	0.4938	7.368	0.8844	1	0	0
䫌	4ACC	5	0.5046	6.589	0.9101	1	0	0
䫍	4ACD	5	0.4138	6.201	0.9531	1	0	0
䫎	4ACE	5	0.5015	7.953	0.8825	1	0	0
䫏	4ACF	5	0.4482	6.390	0.9570	1	0	0
䫐	4AD0	5	0.4098	6.543	0.9287	1	0	0
䫑	4AD1	5	0.4408	6.830	0.9319	1	0	0
䫒	4AD2	5	0.4969	7.289	0.9257	1	0	0
䫓	4AD3	5	0.4438	6.447	0.9277	1	0	0
䫔	4AD4	5	0.4601	7.170	0.9870	1	0	0
䫕	4AD5	5	0.4567	6.800	0.9625	1	0	0
䫖	4AD6	5	0.4734	7.029	0.9494	1	0	0
䫗	4AD7	5	0.5024	6.389	0.9141	1	0	0
䫘	4AD8	5	0.4815	7.188	0.8942	1	0	0
䫙	4AD9	5	0.4467	6.855	0.9455	1	0	0
䫚	4ADA	5	0.4880	6.734	0.9148	1	0	0
䫛	4ADB	5	0.4142	6.944	0.9361	1	0	0
䫜	4ADC	5	0.4677	8.163	0.9030	1	0	0
䫝	4ADD	5	0.4630	7.001	0.9340	1	0	0
䫞	4ADE	5	0.4400	6.684	0.9461	1	0	0
䫟	4ADF	5	0.4896	6.752	0.9716	1	0	0
䫠	4AE0	5	0.4754	7.734	0.9102	1	0	0
䫡	4AE1	5	0.4956	7.259	0.9193	1	0	0
䫢	4AE2	5	0.4734	7.952	0.9214	1	0	0
䫣	4AE3	5	0.4785	7.819	0.8755	1	0	0
䫤	4AE4	5	0.4477	6.826	0.9060	1	0	0
䫥	4AE5	5	0.4822	7.343	0.9192	1	0	0
䫦	4AE6	5	0.4600	7.010	0.9473	1	0	0
䫧	4AE7	5	0.4508	6.901	0.9380	1	0	0
䫨	4AE8	5	0.4754	7.555	0.9012	1	0	0
䫩	4AE9	5	0.4305	8.311	0.8886	1	0	0
䫪	4AEA	5	0.4600	7.855	0.8866	1	0	0
䫫	4AEB	5	0.4734	7.457	0.9542	1	0	0
䫬	4AEC	5	0.5154	7.573	0.8933	1	0	0
䫭	4AED	5	0.4439	7.531	0.9755	1	0	0
䫮	4AEE	5	0.4846	7.352	0.8913	1	0	0
䫯	4AEF	5	0.4571	7.758	0.9296	1	0	0
䫰	4AF0	5	0.4719	7.797	0.8978	1	0	0
䫱	4AF1	5	0.5232	7.543	0.8882	1	0	0
䫲	4AF2	5	0.4837	8.218	0.8868	1	0	0
䫳	4AF3	5	0.4985	7.575	0.9545	1	0	0
䫴	4AF4	5	0.4530	7.620	0.9305	1	0	0
䫵	4AF5	5	0.4677	7.908	0.8972	1	0	0
䫶	4AF6	5	0.4308	7.997	0.8759	1	0	0
䫷	4AF7	5	0.4983	7.685	0.9383	1	0	0
䫸	4AF8	5	0.4462	7.089	0.9719	1	0	0
䫹	4AF9	5	0.4000	6.510	0.9362	1	0	0
䫺	4AFA	5	0.4290	7.594	0.9294	1	0	0
䫻	4AFB	5	0.4431	6.995	0.9680	1	0	0
䫼	4AFC	5	0.4631	7.280	0.9464	1	0	0
䫽	4AFD	5	0.4338	7.566	0.9214	1	0	0
䫾	4AFE	5	0.4723	8.196	0.8792	1	0	0
䫿	4AFF	5	0.4615	7.520	0.9337	1	0	0
䬀	4B00	5	0.4882	8.341	0.9131	1	0	0
䬁	4B01	5	0.4482	7.418	0.9515	1	0	0
䬂	4B02	5	0.4837	8.063	0.9277	1	0	0
䬃	4B03	5	0.4053	7.282	0.9455	1	0	0
䬄	4B04	5	0.4586	7.947	0.9413	1	0	0
䬅	4B05	5	0.4708	8.561	0.8751	1	0	0
䬆	4B06	5	0.4708	8.346	0.8861	1	0	0
䬇	4B07	5	0.4586	7.536	0.9416	1	0	0
䬈	4B08	5	0.4320	7.740	0.9541	1	0	0
䬉	4B09	5	0.4497	8.029	0.9437	1	0	0
䬊	4B0A	5	0.4723	7.833	0.9221	1	0	0
䬋	4B0B	5	0.4423	8.431	0.9078	1	0	0
䬌	4B0C	5	0.4497	8.137	0.9477	1	0	0
䬍	4B0D	5	0.4512	8.689	0.9251	1	0	0
䬎	4B0E	5	0.4749	8.466	0.9336	1	0	0
䬏	4B0F	5	0.4822	7.718	0.9294	1	0	0
䬐	4B10	5	0.4785	8.544	0.8948	1	0	0
䬑	4B11	5	0.4815	8.179	0.9647	1	0	0
䬒	4B12	5	0.4482	8.738	0.9178	1	0	0
䬓	4B13	5	0.4516	7.905	0.9436	1	0	0
䬔	4B14	5	0.5000	8.524	0.9272	1	0	0
䬕	4B15	5	0.5244	9.132	0.8648	1	0	0
䬖	4B16	5	0.4512	7.987	0.9608	1	0	0
䬗	4B17	5	0.5192	8.700	0.9372	1	0	0
䬘	4B18	5	0.4630	8.202	0.9379	1	0	0
䬙	4B19	5	0.4941	8.537	0.9123	1	0	0
䬚	4B1A	5	0.5000	8.232	0.9362	1	0	0
䬛	4B1B	5	0.5246	8.121	0.9719	1	0	0
䬜	4B1C	5	0.4941	8.822	0.9199	1	0	0
䬝	4B1D	5	0.4719	8.242	0.9426	1	0	0
䬞	4B1E	5	0.4571	9.322	0.9613	1	0	0
䬟	4B1F	5	0.4867	9.990	0.9009	1	0	0
䬠	4B20	5	0.4231	7.674	0.9337	1	0	0
䬡	4B21	5	0.4077	8.130	0.9127	1	0	0
䬢	4B22	5	0.4031	5.879	0.9024	1	0	0
䬣	4B23	5	0.3905	5.954	0.9206	1	0	0
䬤	4B24	5	0.4262	6.485	0.9286	1	0	0
䬥	4B25	5	0.3646	6.984	0.9221	1	0	0
䬦	4B26	5	0.4277	6.479	0.9265	1	0	0
䬧	4B27	5	0.3905	5.781	0.9447	1	0	0
䬨	4B28	5	0.4277	6.531	0.9253	1	0	0
䬩	4B29	5	0.4240	6.670	0.9235	1	0	0
䬪	4B2A	5	0.3728	5.731	0.9261	1	0	0
䬫	4B2B	5	0.4231	6.721	0.9299	1	0	0
䬬	4B2C	5	0.4112	6.165	0.9421	1	0	0
䬭	4B2D	5	0.4208	6.625	0.9238	1	0	0
䬮	4B2E	5	0.4038	6.525	0.9255	1	0	0
䬯	4B2F	5	0.3985	5.531	0.9339	1	0	0
䬰	4B30	5	0.4415	6.169	0.9070	1	0	0
䬱	4B31	5	0.4053	6.096	0.9401	1	0	0
䬲	4B32	5	0.4215	6.137	0.9116	1	0	0
䬳	4B33	5	0.4083	5.806	0.9241	1	0	0
䬴	4B34	5	0.3994	6.037	0.9206	1	0	0
䬵	4B35	5	0.4068	6.639	0.9182	1	0	0
䬶	4B36	5	0.4785	6.755	0.9488	1	0	0
䬷	4B37	5	0.4127	6.995	0.9018	1	0	0
䬸	4B38	5	0.4336	7.971	0.8965	1	0	0
䬹	4B39	5	0.4157	6.274	0.8889	1	0	0
䬺	4B3A	5	0.3979	5.909	0.9211	1	0	0
䬻	4B3B	5	0.4246	6.991	0.9205	1	0	0
䬼	4B3C	5	0.4877	6.350	0.9441	1	0	0
䬽	4B3D	5	0.4112	6.490	0.9215	1	0	0
䬾	4B3E	5	0.4541	6.649	0.9255	1	0	0
䬿	4B3F	5	0.4630	7.172	0.9304	1	0	0
䭀	4B40	5	0.4290	6.916	0.9093	1	0	0
䭁	4B41	5	0.4142	7.219	0.9137	1	0	0
䭂	4B42	5	0.4800	6.454	0.9336	1	0	0
䭃	4B43	5	0.3831	7.142	0.9021	1	0	0
䭄	4B44	5	0.4630	6.884	0.9443	1	0	0
䭅	4B45	5	0.4662	6.698	0.9611	1	0	0
䭆	4B46	5	0.3985	7.101	0.9330	1	0	0
䭇	4B47	5	0.4754	6.811	0.9276	1	0	0
䭈	4B48	5	0.4734	7.664	0.9209	1	0	0
䭉	4B49	5	0.4719	6.971	0.9351	1	0	0
䭊	4B4A	5	0.4512	6.743	0.9155	1	0	0
䭋	4B4B	5	0.4497	7.037	0.9374	1	0	0
䭌	4B4C	5	0.4323	7.447	0.9386	1	0	0
䭍	4B4D	5	0.4098	6.750	0.9487	1	0	0
䭎	4B4E	5	0.4615	6.912	0.9265	1	0	0
䭏	4B4F	5	0.4744	6.900	0.9146	1	0	0
䭐	4B50	5	0.4320	7.041	0.9177	1	0	0
䭑	4B51	5	0.4734	7.428	0.8984	1	0	0
䭒	4B52	5	0.4501	7.029	0.9182	1	0	0
䭓	4B53	5	0.4704	6.952	0.9073	1	0	0
䭔	4B54	5	0.4438	6.901	0.9196	1	0	0
䭕	4B55	5	0.4349	8.144	0.9351	1	0	0
䭖	4B56	5	0.4290	7.233	0.9306	1	0	0
䭗	4B57	5	0.4275	7.149	0.9038	1	0	0
䭘	4B58	5	0.4334	7.519	0.9386	1	0	0
䭙	4B59	5	0.4734	7.847	0.9263	1	0	0
䭚	4B5A	5	0.4749	7.380	0.8964	1	0	0
䭛	4B5B	5	0.4926	7.510	0.9065	1	0	0
䭜	4B5C	5	0.4364	7.247	0.9234	1	0	0
䭝	4B5D	5	0.4112	7.599	0.9364	1	0	0
䭞	4B5E	5	0.4837	7.236	0.8983	1	0	0
䭟	4B5F	5	0.4630	7.385	0.9297	1	0	0
䭠	4B60	5	0.5015	8.066	0.9513	1	0	0
䭡	4B61	5	0.4364	8.488	0.9062	1	0	0
䭢	4B62	5	0.4556	7.514	0.9443	1	0	0
䭣	4B63	5	0.4290	7.815	0.9277	1	0	0
䭤	4B64	5	0.4408	7.811	0.9798	1	0	0
䭥	4B65	5	0.4512	8.231	0.9322	1	0	0
䭦	4B66	5	0.4701	8.138	0.9396	1	0	0
䭧	4B67	5	0.4689	8.877	0.8817	1	0	0
䭨	4B68	5	0.4692	8.483	0.9267	1	0	0
䭩	4B69	5	0.4749	8.215	0.9130	1	0	0
䭪	4B6A	5	0.4364	6.841	0.9838	1	0	0
䭫	4B6B	5	0.4400	6.186	0.9380	1	0	0
䭬	4B6C	5	0.4585	7.132	0.9724	1	0	0
䭭	4B6D	5	0.4822	6.600	0.9616	1	0	0
䭮	4B6E	5	0.3862	8.071	0.9720	1	0	0
䭯	4B6F	5	0.4538	6.168	0.9474	1	0	0
䭰	4B70	5	0.4867	6.968	0.8943	1	0	0
䭱	4B71	5	0.4862	7.539	0.9087	1	0	0
䭲	4B72	5	0.4660	6.748	0.9177	1	0	0
䭳	4B73	5	0.5031	9.346	0.8865	1	0	0
䭴	4B74	5	0.3683	5.515	0.9275	1	0	0
䭵	4B75	5	0.4523	6.354	0.9199	1	0	0
䭶	4B76	5	0.4288	5.840	0.9590	1	0	0
䭷	4B77	5	0.4275	6.440	0.9257	1	0	0
䭸	4B78	5	0.3817	6.631	0.9513	1	0	0
䭹	4B79	5	0.4208	6.339	0.8993	1	0	0
䭺	4B7A	5	0.4098	6.236	0.9499	1	0	0
䭻	4B7B	5	0.4338	6.707	0.9048	1	0	0
䭼	4B7C	5	0.4046	5.834	0.9046	1	0	0
䭽	4B7D	5	0.3846	5.791	0.9630	1	0	0
䭾	4B7E	5	0.4142	6.352	0.9355	1	0	0
䭿	4B7F	5	0.4083	6.505	0.9253	1	0	0
䮀	4B80	5	0.4734	6.893	0.9486	1	0	0
䮁	4B81	5	0.4024	6.563	0.9289	1	0	0
䮂	4B82	5	0.4201	7.132	0.9303	1	0	0
䮃	4B83	5	0.4305	6.327	0.9362	1	0	0
䮄	4B84	5	0.4246	6.826	0.9353	1	0	0
䮅	4B85	5	0.4467	7.250	0.9337	1	0	0
䮆	4B86	5	0.4192	6.200	0.8677	1	0	0
䮇	4B87	5	0.4586	6.572	0.9656	1	0	0
䮈	4B88	5	0.4320	7.168	0.9256	1	0	0
䮉	4B89	5	0.4201	6.966	0.9441	1	0	0
䮊	4B8A	5	0.4615	7.279	0.9485	1	0	0
䮋	4B8B	5	0.4723	6.979	0.9160	1	0	0
䮌	4B8C	5	0.4260	6.965	0.9112	1	0	0
䮍	4B8D	5	0.4224	7.407	0.9316	1	0	0
䮎	4B8E	5	0.4497	7.250	0.9469	1	0	0
䮏	4B8F	5	0.4738	6.434	0.9606	1	0	0
䮐	4B90	5	0.5264	7.260	0.9256	1	0	0
䮑	4B91	5	0.3772	6.764	0.9354	1	0	0
䮒	4B92	5	0.5163	7.242	0.9293	1	0	0
䮓	4B93	5	0.4585	6.438	0.9263	1	0	0
䮔	4B94	5	0.4704	6.988	0.9880	1	0	0
䮕	4B95	5	0.5231	8.356	0.8854	1	0	0
䮖	4B96	5	0.5392	6.593	0.9708	1	0	0
䮗	4B97	5	0.4408	6.832	0.9571	1	0	0
䮘	4B98	5	0.4231	6.750	0.9459	1	0	0
䮙	4B99	5	0.4630	7.447	0.9090	1	0	0
䮚	4B9A	5	0.4393	7.635	0.9068	1	0	0
䮛	4B9B	5	0.4275	8.066	0.9370	1	0	0
䮜	4B9C	5	0.4675	7.306	0.9397	1	0	0
䮝	4B9D	5	0.4923	6.965	0.9906	1	0	0
䮞	4B9E	5	0.4882	7.152	0.9304	1	0	0
䮟	4B9F	5	0.4453	7.714	0.9423	1	0	0
䮠	4BA0	5	0.5277	7.065	0.9332	1	0	0
䮡	4BA1	5	0.4846	7.636	0.9233	1	0	0
䮢	4BA2	5	0.4615	7.202	0.9159	1	0	0
䮣	4BA3	5	0.4911	8.680	0.8663	1	0	0
䮤	4BA4	5	0.4837	7.013	0.9653	1	0	0
䮥	4BA5	5	0.5108	7.520	0.9037	1	0	0
䮦	4BA6	5	0.4778	7.363	0.9271	1	0	0
䮧	4BA7	5	0.4541	6.913	0.9374	1	0	0
䮨	4BA8	5	0.4260	6.887	0.9242	1	0	0
䮩	4BA9	5	0.5031	7.066	0.9312	1	0	0
䮪	4BAA	5	0.4556	7.884	0.9244	1	0	0
䮫	4BAB	5	0.4926	7.976	0.9114	1	0	0
䮬	4BAC	5	0.4734	7.418	0.9177	1	0	0
䮭	4BAD	5	0.4482	7.984	0.9466	1	0	0
䮮	4BAE	5	0.4719	8.234	0.8875	1	0	0
䮯	4BAF	5	0.4689	7.880	0.9079	1	0	0
䮰	4BB0	5	0.4926	7.676	0.9395	1	0	0
䮱	4BB1	5	0.4662	7.929	0.9068	1	0	0
䮲	4BB2	5	0.4763	7.514	0.9597	1	0	0
䮳	4BB3	5	0.5148	8.043	0.9372	1	0	0
䮴	4BB4	5	0.4689	7.941	0.8694	1	0	0
䮵	4BB5	5	0.4926	7.667	0.9556	1	0	0
䮶	4BB6	5	0.4941	7.657	0.9092	1	0	0
䮷	4BB7	5	0.5000	7.469	0.9629	1	0	0
䮸	4BB8	5	0.4038	8.364	0.9191	1	0	0
䮹	4BB9	5	0.4822	8.519	0.8939	1	0	0
䮺	4BBA	5	0.4719	8.120	0.9142	1	0	0
䮻	4BBB	5	0.4260	8.356	0.9528	1	0	0
䮼	4BBC	5	0.4527	8.562	0.9096	1	0	0
䮽	4BBD	5	0.5044	8.758	0.8937	1	0	0
䮾	4BBE	5	0.5015	8.476	0.9257	1	0	0
䮿	4BBF	5	0.5118	8.336	0.8882	1	0	0
䯀	4BC0	5	0.5323	8.026	0.9199	1	0	0
䯁	4BC1	5	0.4778	9.213	0.8934	1	0	0
䯂	4BC2	5	0.4856	10.049	0.8503	1	0	0
䯃	4BC3	5	0.3920	6.054	0.9276	1	0	0
䯄	4BC4	5	0.4592	5.920	0.9189	1	0	0
䯅	4BC5	5	0.4569	7.129	0.9184	1	0	0
䯆	4BC6	5	0.3708	4.848	0.9510	1	0	0
䯇	4BC7	5	0.4135	5.429	0.9597	1	0	0
䯈	4BC8	5	0.4144	5.550	0.9405	1	0	0
䯉	4BC9	5	0.3905	5.952	0.9693	1	0	0
䯊	4BCA	5	0.3905	5.823	0.9613	1	0	0
䯋	4BCB	5	0.4508	6.738	0.9391	1	0	0
䯌	4BCC	5	0.5108	6.788	0.9177	1	0	0
䯍	4BCD	5	0.3862	6.057	0.9383	1	0	0
䯎	4BCE	5	0.3938	5.610	0.9493	1	0	0
䯏	4BCF	5	0.4431	5.902	0.9601	1	0	0
䯐	4BD0	5	0.4679	6.689	0.9432	1	0	0
䯑	4BD1	5	0.4431	6.240	0.9351	1	0	0
䯒	4BD2	5	0.3877	6.000	0.9578	1	0	0
䯓	4BD3	5	0.4385	5.765	0.9167	1	0	0
䯔	4BD4	5	0.4369	6.158	0.9195	1	0	0
䯕	4BD5	5	0.4497	6.988	0.9247	1	0	0
䯖	4BD6	5	0.4615	6.532	0.9564	1	0	0
䯗	4BD7	5	0.4527	6.585	0.9287	1	0	0
䯘	4BD8	5	0.4446	6.363	0.9114	1	0	0
䯙	4BD9	5	0.5231	6.808	0.9243	1	0	0
䯚	4BDA	5	0.4708	6.829	0.9274	1	0	0
䯛	4BDB	5	0.4556	7.233	0.9085	1	0	0
䯜	4BDC	5	0.5072	7.139	0.9272	1	0	0
䯝	4BDD	5	0.4985	6.814	0.9461	1	0	0
䯞	4BDE	5	0.5300	6.234	0.9442	1	0	0
䯟	4BDF	5	0.4349	7.308	0.9131	1	0	0
䯠	4BE0	5	0.5192	6.663	0.9438	1	0	0
䯡	4BE1	5	0.5251	7.324	0.8979	1	0	0
䯢	4BE2	5	0.4290	7.995	0.9357	1	0	0
䯣	4BE3	5	0.4538	7.499	0.9869	1	0	0
䯤	4BE4	5	0.4385	7.512	0.9532	1	0	0
䯥	4BE5	5	0.4944	8.175	0.9346	1	0	0
䯦	4BE6	5	0.5281	7.755	0.9200	1	0	0
䯧	4BE7	5	0.3910	6.327	0.9914	1	0	0
䯨	4BE8	5	0.3878	7.134	0.9628	1	0	0
䯩	4BE9	5	0.4022	7.394	0.9864	1	0	0
䯪	4BEA	5	0.4305	7.050	0.9656	1	0	0
䯫	4BEB	5	0.4053	7.506	0.9531	1	0	0
䯬	4BEC	5	0.4541	7.927	0.9971	1	0	0
䯭	4BED	5	0.3846	7.003	0.9313	1	0	0
䯮	4BEE	5	0.3782	6.630	0.9294	1	0	0
䯯	4BEF	5	0.3138	6.836	0.9297	1	0	0
䯰	4BF0	5	0.3195	6.447	0.9336	1	0	0
䯱	4BF1	5	0.3862	7.010	0.9393	1	0	0
䯲	4BF2	5	0.4535	6.877	0.9790	1	0	0
䯳	4BF3	5	0.3494	7.158	0.9562	1	0	0
䯴	4BF4	5	0.3908	7.721	0.8720	1	0	0
䯵	4BF5	5	0.3814	6.816	0.9356	1	0	0
䯶	4BF6	5	0.3862	6.830	0.9855	1	0	0
䯷	4BF7	5	0.4169	7.947	0.9299	1	0	0
䯸	4BF8	5	0.3723	7.408	0.9325	1	0	0
䯹	4BF9	5	0.4279	9.475	0.8851	1	0	0
䯺	4BFA	5	0.3954	8.228	0.9337	1	0	0
䯻	4BFB	5	0.4157	7.667	0.9130	1	0	0
䯼	4BFC	5	0.3846	7.901	0.9156	1	0	0
䯽	4BFD	5	0.4112	7.720	0.9431	1	0	0
䯾	4BFE	5	0.4503	8.212	0.9293	1	0	0
䯿	4BFF	5	0.3846	7.596	0.8962	1	0	0
䰀	4C00	5	0.4728	9.661	0.8731	1	0	0
䰁	4C01	5	0.4071	8.845	0.9363	1	0	0
䰂	4C02	5	0.4185	8.076	0.9012	1	0	0
䰃	4C03	5	0.4247	7.072	0.9382	1	0	0
䰄	4C04	5	0.4087	8.146	0.9250	1	0	0
䰅	4C05	5	0.4311	8.837	0.9093	1	0	0
䰆	4C06	5	0.4183	8.822	0.8672	1	0	0
䰇	4C07	5	0.4585	8.133	0.9281	1	0	0
䰈	4C08	5	0.3772	8.733	0.9073	1	0	0
䰉	4C09	5	0.4246	8.604	0.8583	1	0	0
䰊	4C0A	5	0.4369	8.878	0.8985	1	0	0
䰋	4C0B	5	0.4824	9.812	0.9055	1	0	0
䰌	4C0C	5	0.3877	8.067	0.8988	1	0	0
䰍	4C0D	5	0.4138	9.096	0.9141	1	0	0
䰎	4C0E	5	0.4615	9.866	0.9307	1	0	0
䰏	4C0F	5	0.4776	9.274	0.9070	1	0	0
䰐	4C10	5	0.4467	8.263	0.9216	1	0	0
䰑	4C11	5	0.4262	9.729	0.8650	1	0	0
䰒	4C12	5	0.4423	10.376	0.9157	1	0	0
䰓	4C13	5	0.4712	10.496	0.8621	1	0	0
䰔	4C14	5	0.4852	9.207	0.8898	1	0	0
䰕	4C15	5	0.4645	10.102	0.8357	1	0	0
䰖	4C16	5	0.4840	10.365	0.8603	1	0	0
䰗	4C17	5	0.5035	7.280	0.9591	1	0	0
䰘	4C18	5	0.4790	8.354	0.9466	1	0	0
䰙	4C19	5	0.4415	6.578	0.9161	1	0	0
䰚	4C1A	5	0.4138	6.581	0.8934	1	0	0
䰛	4C1B	5	0.4432	6.698	0.9197	1	0	0
䰜	4C1C	5	0.4633	6.911	0.8507	1	0	0
䰝	4C1D	5	0.4754	7.764	0.9447	1	0	0
䰞	4C1E	5	0.4103	9.151	0.9220	1	0	0
䰟	4C1F	5	0.4032	7.235	0.9122	1	0	0
䰠	4C20	5	0.4615	6.670	0.8909	1	0	0
䰡	4C21	5	0.4541	6.736	0.8851	1	0	0
䰢	4C22	5	0.4201	6.790	0.8978	1	0	0
䰣	4C23	5	0.4689	8.237	0.8966	1	0	0
䰤	4C24	5	0.4763	7.137	0.9431	1	0	0
䰥	4C25	5	0.4262	8.084	0.9085	1	0	0
䰦	4C26	5	0.4689	7.160	0.9347	1	0	0
䰧	4C27	5	0.4334	7.475	0.8901	1	0	0
䰨	4C28	5	0.5089	7.418	0.9359	1	0	0
䰩	4C29	5	0.4571	6.964	0.9445	1	0	0
䰪	4C2A	5	0.4734	7.797	0.8953	1	0	0
䰫	4C2B	5	0.4896	7.767	0.8913	1	0	0
䰬	4C2C	5	0.4704	8.500	0.8937	1	0	0
䰭	4C2D	5	0.4911	7.883	0.9367	1	0	0
䰮	4C2E	5	0.4719	8.830	0.8799	1	0	0
䰯	4C2F	5	0.4749	8.514	0.8560	1	0	0
䰰	4C30	5	0.5154	7.980	0.8800	1	0	0
䰱	4C31	5	0.4689	9.295	0.8917	1	0	0
䰲	4C32	5	0.3554	5.288	0.9101	1	0	0
䰳	4C33	5	0.3402	5.267	0.9164	1	0	0
䰴	4C34	5	0.4083	6.295	0.9256	1	0	0
䰵	4C35	5	0.3624	5.567	0.9672	1	0	0
䰶	4C36	5	0.3254	5.485	0.9676	1	0	0
䰷	4C37	5	0.3979	5.728	0.9636	1	0	0
䰸	4C38	5	0.3713	6.466	0.9429	1	0	0
䰹	4C39	5	0.4157	6.678	0.8985	1	0	0
䰺	4C3A	5	0.3950	5.851	0.9302	1	0	0
䰻	4C3B	5	0.4172	6.344	0.9397	1	0	0
䰼	4C3C	5	0.3654	6.029	0.9123	1	0	0
䰽	4C3D	5	0.4098	6.188	0.9790	1	0	0
䰾	4C3E	5	0.4660	6.475	0.9266	1	0	0
䰿	4C3F	5	0.4660	6.864	0.9301	1	0	0
䱀	4C40	5	0.4275	6.456	0.9205	1	0	0
䱁	4C41	5	0.3891	6.346	0.9363	1	0	0
䱂	4C42	5	0.4200	7.391	0.8729	1	0	0
䱃	4C43	5	0.4172	6.524	0.9433	1	0	0
䱄	4C44	5	0.4527	7.421	0.9278	1	0	0
䱅	4C45	5	0.4024	6.213	0.9317	1	0	0
䱆	4C46	5	0.4600	6.621	0.8769	1	0	0
䱇	4C47	5	0.4142	6.202	0.9643	1	0	0
䱈	4C48	5	0.3891	6.255	0.9470	1	0	0
䱉	4C49	5	0.4508	6.209	0.9118	1	0	0
䱊	4C4A	5	0.4246	6.707	0.9262	1	0	0
䱋	4C4B	5	0.4305	6.413	0.9265	1	0	0
䱌	4C4C	5	0.4467	6.639	0.9443	1	0	0
䱍	4C4D	5	0.4275	6.757	0.9648	1	0	0
䱎	4C4E	5	0.4556	6.404	0.9610	1	0	0
䱏	4C4F	5	0.4290	6.661	0.9527	1	0	0
䱐	4C50	5	0.4260	6.933	0.9043	1	0	0
䱑	4C51	5	0.4009	6.899	0.9199	1	0	0
䱒	4C52	5	0.4320	6.791	0.9260	1	0	0
䱓	4C53	5	0.4320	7.399	0.8993	1	0	0
䱔	4C54	5	0.4416	7.524	0.9045	1	0	0
䱕	4C55	5	0.4675	7.336	0.9253	1	0	0
䱖	4C56	5	0.4453	6.841	0.9585	1	0	0
䱗	4C57	5	0.4185	7.751	0.9309	1	0	0
䱘	4C58	5	0.4365	7.479	0.8747	1	0	0
䱙	4C59	5	0.4601	7.672	0.9074	1	0	0
䱚	4C5A	5	0.4438	7.127	0.9201	1	0	0
䱛	4C5B	5	0.4438	7.427	0.8985	1	0	0
䱜	4C5C	5	0.4615	6.611	0.9571	1	0	0
䱝	4C5D	5	0.4453	6.669	0.9430	1	0	0
䱞	4C5E	5	0.4601	7.139	0.9131	1	0	0
䱟	4C5F	5	0.4882	7.029	0.9521	1	0	0
䱠	4C60	5	0.4704	7.909	0.8948	1	0	0
䱡	4C61	5	0.4708	7.313	0.9010	1	0	0
䱢	4C62	5	0.4393	6.429	0.9333	1	0	0
䱣	4C63	5	0.4142	6.534	0.9183	1	0	0
䱤	4C64	5	0.4569	6.707	0.9488	1	0	0
䱥	4C65	5	0.4103	7.718	0.8955	1	0	0
䱦	4C66	5	0.4734	6.668	0.9199	1	0	0
䱧	4C67	5	0.4689	7.542	0.9027	1	0	0
䱨	4C68	5	0.4667	7.250	0.9110	1	0	0
䱩	4C69	5	0.4708	7.221	0.9334	1	0	0
䱪	4C6A	5	0.4556	7.070	0.9385	1	0	0
䱫	4C6B	5	0.4448	7.786	0.9210	1	0	0
䱬	4C6C	5	0.4867	7.245	0.9157	1	0	0
䱭	4C6D	5	0.4393	7.752	0.9327	1	0	0
䱮	4C6E	5	0.4675	7.673	0.9173	1	0	0
䱯	4C6F	5	0.4215	8.130	0.8759	1	0	0
䱰	4C70	5	0.5074	7.541	0.9231	1	0	0
䱱	4C71	5	0.4769	7.012	0.9231	1	0	0
䱲	4C72	5	0.4393	7.646	0.9356	1	0	0
䱳	4C73	5	0.4926	7.563	0.9357	1	0	0
䱴	4C74	5	0.4157	7.297	0.9330	1	0	0
䱵	4C75	5	0.4053	8.221	0.9099	1	0	0
䱶	4C76	5	0.4793	7.636	0.9470	1	0	0
䱷	4C77	5	0.4246	7.534	0.9113	1	0	0
䱸	4C78	5	0.4808	7.495	0.9031	1	0	0
䱹	4C79	5	0.4822	7.036	0.9265	1	0	0
䱺	4C7A	5	0.4822	7.323	0.8929	1	0	0
䱻	4C7B	5	0.4763	6.945	0.9470	1	0	0
䱼	4C7C	5	0.5148	7.726	0.9060	1	0	0
䱽	4C7D	5	0.4808	7.466	0.9169	1	0	0
䱾	4C7E	5	0.4867	7.910	0.9457	1	0	0
䱿	4C7F	5	0.4497	7.644	0.9484	1	0	0
䲀	4C80	5	0.3994	8.065	0.8918	1	0	0
䲁	4C81	5	0.4615	7.980	0.9037	1	0	0
䲂	4C82	5	0.4793	8.206	0.9046	1	0	0
䲃	4C83	5	0.5000	8.240	0.9125	1	0	0
䲄	4C84	5	0.4793	8.450	0.8944	1	0	0
䲅	4C85	5	0.3802	7.626	0.9809	1	0	0
䲆	4C86	5	0.4867	7.578	0.9288	1	0	0
䲇	4C87	5	0.4556	7.607	0.9126	1	0	0
䲈	4C88	5	0.4467	8.088	0.9035	1	0	0
䲉	4C89	5	0.4586	7.766	0.9088	1	0	0
䲊	4C8A	5	0.4882	8.257	0.9409	1	0	0
䲋	4C8B	5	0.4586	7.738	0.9221	1	0	0
䲌	4C8C	5	0.4527	8.022	0.9157	1	0	0
䲍	4C8D	5	0.4305	8.769	0.9079	1	0	0
䲎	4C8E	5	0.4660	7.750	0.9156	1	0	0
䲏	4C8F	5	0.4393	8.333	0.9116	1	0	0
䲐	4C90	5	0.4769	8.460	0.9289	1	0	0
䲑	4C91	5	0.4943	8.481	0.9090	1	0	0
䲒	4C92	5	0.4882	8.452	0.9079	1	0	0
䲓	4C93	5	0.4749	7.619	0.9288	1	0	0
䲔	4C94	5	0.4675	8.315	0.9321	1	0	0
䲕	4C95	5	0.4763	7.456	0.9285	1	0	0
䲖	4C96	5	0.4186	8.266	0.9492	1	0	0
䲗	4C97	5	0.4763	8.284	0.8961	1	0	0
䲘	4C98	5	0.4749	7.779	0.9271	1	0	0
䲙	4C99	5	0.4852	8.025	0.9202	1	0	0
䲚	4C9A	5	0.5340	8.502	0.8459	1	0	0
䲛	4C9B	5	0.4896	7.929	0.9556	1	0	0
䲜	4C9C	5	0.4785	10.071	0.8761	1	0	0
䲝	4C9D	5	0.4275	6.081	0.9423	1	0	0
䲞	4C9E	5	0.4092	5.732	0.9318	1	0	0
䲟	4C9F	5	0.4631	6.087	0.9686	1	0	0
䲠	4CA0	5	0.4941	6.700	0.9530	1	0	0
䲡	4CA1	5	0.5207	7.106	0.9364	1	0	0
䲢	4CA2	5	0.4719	7.758	0.9420	1	0	0
䲣	4CA3	5	0.4260	7.202	0.9372	1	0	0
䲤	4CA4	5	0.5163	7.522	0.9204	1	0	0
䲥	4CA5	5	0.3538	7.001	0.9494	1	0	0
䲦	4CA6	5	0.3905	6.076	0.9590	1	0	0
䲧	4CA7	5	0.3846	6.052	0.9374	1	0	0
䲨	4CA8	5	0.3661	5.849	0.9673	1	0	0
䲩	4CA9	5	0.4369	6.902	0.9556	1	0	0
䲪	4CAA	5	0.3832	6.115	0.9536	1	0	0
䲫	4CAB	5	0.3639	7.060	0.9152	1	0	0
䲬	4CAC	5	0.4246	6.913	0.9318	1	0	0
䲭	4CAD	5	0.4677	6.991	0.9390	1	0	0
䲮	4CAE	5	0.4103	6.482	0.9621	1	0	0
䲯	4CAF	5	0.4393	7.260	0.9483	1	0	0
䲰	4CB0	5	0.3917	6.410	0.9507	1	0	0
䲱	4CB1	5	0.4186	6.590	0.9222	1	0	0
䲲	4CB2	5	0.3704	6.709	0.9444	1	0	0
䲳	4CB3	5	0.3979	6.478	0.9292	1	0	0
䲴	4CB4	5	0.4104	6.770	0.9555	1	0	0
䲵	4CB5	5	0.3446	7.333	0.9533	1	0	0
䲶	4CB6	5	0.3983	7.690	0.9743	1	0	0
䲷	4CB7	5	0.3938	7.558	0.9424	1	0	0
䲸	4CB8	5	0.4083	6.629	0.9457	1	0	0
䲹	4CB9	5	0.3846	6.586	0.9373	1	0	0
䲺	4CBA	5	0.4444	6.533	0.9515	1	0	0
䲻	4CBB	5	0.3989	6.924	0.9419	1	0	0
䲼	4CBC	5	0.4216	6.470	0.9541	1	0	0
䲽	4CBD	5	0.4585	6.523	0.9484	1	0	0
䲾	4CBE	5	0.4050	7.576	0.9299	1	0	0
䲿	4CBF	5	0.4053	6.798	0.9675	1	0	0
䳀	4CC0	5	0.4186	6.774	0.9226	1	0	0
䳁	4CC1	5	0.4586	7.431	0.8955	1	0	0
䳂	4CC2	5	0.4497	6.880	0.9532	1	0	0
䳃	4CC3	5	0.4000	7.945	0.9274	1	0	0
䳄	4CC4	5	0.3718	7.308	0.9474	1	0	0
䳅	4CC5	5	0.3789	6.481	0.9601	1	0	0
䳆	4CC6	5	0.4311	6.107	0.9723	1	0	0
䳇	4CC7	5	0.4585	7.224	0.9473	1	0	0
䳈	4CC8	5	0.4512	7.216	0.9300	1	0	0
䳉	4CC9	5	0.3932	6.957	0.9182	1	0	0
䳊	4CCA	5	0.4302	7.291	0.9140	1	0	0
䳋	4CCB	5	0.4345	6.858	0.9487	1	0	0
䳌	4CCC	5	0.4527	7.181	0.9293	1	0	0
䳍	4CCD	5	0.4103	6.707	0.9254	1	0	0
䳎	4CCE	5	0.4600	6.342	0.9455	1	0	0
䳏	4CCF	5	0.4017	6.444	0.9483	1	0	0
䳐	4CD0	5	0.3958	8.013	0.9395	1	0	0
䳑	4CD1	5	0.4516	6.841	0.9387	1	0	0
䳒	4CD2	5	0.4508	7.689	0.9495	1	0	0
䳓	4CD3	5	0.4074	6.683	0.9358	1	0	0
䳔	4CD4	5	0.3702	7.606	0.9660	1	0	0
䳕	4CD5	5	0.4174	7.391	0.9256	1	0	0
䳖	4CD6	5	0.4316	7.181	0.9380	1	0	0
䳗	4CD7	5	0.4043	8.710	0.9169	1	0	0
䳘	4CD8	5	0.4896	7.851	0.9235	1	0	0
䳙	4CD9	5	0.4675	6.922	0.9418	1	0	0
䳚	4CDA	5	0.4260	6.768	0.9405	1	0	0
䳛	4CDB	5	0.4652	7.416	0.9226	1	0	0
䳜	4CDC	5	0.4288	7.243	0.9362	1	0	0
䳝	4CDD	5	0.4364	6.997	0.9427	1	0	0
䳞	4CDE	5	0.4387	7.193	0.9446	1	0	0
䳟	4CDF	5	0.4954	7.347	0.9456	1	0	0
䳠	4CE0	5	0.4387	7.273	0.9539	1	0	0
䳡	4CE1	5	0.4482	6.971	0.9297	1	0	0
䳢	4CE2	5	0.4473	6.982	0.9168	1	0	0
䳣	4CE3	5	0.4183	8.714	0.9301	1	0	0
䳤	4CE4	5	0.5037	7.919	0.9178	1	0	0
䳥	4CE5	5	0.4186	7.258	0.9274	1	0	0
䳦	4CE6	5	0.4704	7.121	0.9749	1	0	0
䳧	4CE7	5	0.4719	7.737	0.9047	1	0	0
䳨	4CE8	5	0.4637	7.100	0.9340	1	0	0
䳩	4CE9	5	0.4689	7.758	0.9420	1	0	0
䳪	4CEA	5	0.4660	7.661	0.9464	1	0	0
䳫	4CEB	5	0.4131	7.621	0.9176	1	0	0
䳬	4CEC	5	0.4734	6.851	0.9404	1	0	0
䳭	4CED	5	0.4892	7.739	0.9340	1	0	0
䳮	4CEE	5	0.4015	8.630	0.9173	1	0	0
䳯	4CEF	5	0.4911	7.720	0.9466	1	0	0
䳰	4CF0	5	0.4749	7.548	0.9197	1	0	0
䳱	4CF1	5	0.4185	9.218	0.9210	1	0	0
䳲	4CF2	5	0.4343	8.864	0.9544	1	0	0
䳳	4CF3	5	0.4800	7.733	0.9322	1	0	0
䳴	4CF4	5	0.4430	7.572	0.9559	1	0	0
䳵	4CF5	5	0.4260	8.390	0.9100	1	0	0
䳶	4CF6	5	0.4274	8.288	0.9059	1	0	0
䳷	4CF7	5	0.3831	8.411	0.9368	1	0	0
䳸	4CF8	5	0.4305	8.602	0.9166	1	0	0
䳹	4CF9	5	0.4408	7.811	0.9381	1	0	0
䳺	4CFA	5	0.4644	8.158	0.9485	1	0	0
䳻	4CFB	5	0.4231	8.463	0.9452	1	0	0
䳼	4CFC	5	0.4416	7.739	0.9892	1	0	0
䳽	4CFD	5	0.4658	7.274	0.9449	1	0	0
䳾	4CFE	5	0.4430	8.063	0.9268	1	0	0
䳿	4CFF	5	0.4334	8.139	0.9238	1	0	0
䴀	4D00	5	0.5000	7.953	0.9310	1	0	0
䴁	4D01	5	0.5262	7.815	0.9137	1	0	0
䴂	4D02	5	0.4852	8.117	0.9051	1	0	0
䴃	4D03	5	0.4473	7.766	0.9362	1	0	0
䴄	4D04	5	0.4438	8.276	0.9132	1	0	0
䴅	4D05	5	0.4644	8.064	0.9367	1	0	0
䴆	4D06	5	0.4689	7.827	0.9140	1	0	0
䴇	4D07	5	0.4290	8.127	0.9007	1	0	0
䴈	4D08	5	0.4637	8.352	0.9103	1	0	0
䴉	4D09	5	0.4786	7.947	0.9124	1	0	0
䴊	4D0A	5	0.5043	8.694	0.9314	1	0	0
䴋	4D0B	5	0.4858	8.216	0.9394	1	0	0
䴌	4D0C	5	0.4886	8.545	0.9255	1	0	0
䴍	4D0D	5	0.4985	8.192	0.9366	1	0	0
䴎	4D0E	5	0.4576	9.115	0.9391	1	0	0
䴏	4D0F	5	0.4667	8.264	0.9331	1	0	0
䴐	4D10	5	0.5037	8.805	0.9194	1	0	0
䴑	4D11	5	0.4908	9.278	0.9480	1	0	0
䴒	4D12	5	0.4646	9.274	0.9077	1	0	0
䴓	4D13	5	0.4119	5.964	0.8993	1	0	0
䴔	4D14	5	0.3815	6.091	0.9187	1	0	0
䴕	4D15	5	0.3954	6.693	0.9636	1	0	0
䴖	4D16	5	0.4792	6.630	0.9512	1	0	0
䴗	4D17	5	0.4338	6.545	0.9580	1	0	0
䴘	4D18	5	0.4385	7.787	0.9273	1	0	0
䴙	4D19	5	0.4808	7.168	0.8960	1	0	0
䴚	4D1A	5	0.4077	6.540	0.8582	1	0	0
䴛	4D1B	5	0.4824	7.282	0.8836	1	0	0
䴜	4D1C	5	0.4938	7.788	0.8951	1	0	0
䴝	4D1D	5	0.5200	8.373	0.8840	1	0	0
䴞	4D1E	5	0.5123	8.635	0.8727	1	0	0
䴟	4D1F	5	0.4379	7.041	0.9614	1	0	0
䴠	4D20	5	0.4281	7.798	0.9497	1	0	0
䴡	4D21	5	0.5408	6.572	0.9099	1	0	0
䴢	4D22	5	0.4831	7.207	0.9797	1	0	0
䴣	4D23	5	0.4201	6.971	0.9407	1	0	0
䴤	4D24	5	0.4512	7.648	0.9303	1	0	0
䴥	4D25	5	0.4769	7.339	0.9735	1	0	0
䴦	4D26	5	0.4133	8.656	0.9856	1	0	0
䴧	4D27	5	0.4896	7.832	0.8913	1	0	0
䴨	4D28	5	0.4558	7.937	0.9328	1	0	0
䴩	4D29	5	0.4530	9.622	0.9396	1	0	0
䴪	4D2A	5	0.4423	8.928	0.9327	1	0	0
䴫	4D2B	5	0.4467	8.229	0.8647	1	0	0
䴬	4D2C	5	0.3654	6.606	0.8763	1	0	0
䴭	4D2D	5	0.3846	6.454	0.8761	1	0	0
䴮	4D2E	5	0.4246	6.531	0.8876	1	0	0
䴯	4D2F	5	0.4127	7.851	0.8794	1	0	0
䴰	4D30	5	0.4262	7.394	0.8588	1	0	0
䴱	4D31	5	0.3846	6.787	0.8755	1	0	0
䴲	4D32	5	0.4157	7.010	0.8752	1	0	0
䴳	4D33	5	0.3683	6.981	0.8843	1	0	0
䴴	4D34	5	0.4123	6.510	0.8791	1	0	0
䴵	4D35	5	0.3920	7.149	0.9119	1	0	0
䴶	4D36	5	0.4615	7.866	0.8899	1	0	0
䴷	4D37	5	0.4142	7.380	0.8651	1	0	0
䴸	4D38	5	0.3846	7.457	0.8562	1	0	0
䴹	4D39	5	0.4719	7.620	0.8858	1	0	0
䴺	4D3A	5	0.4083	7.239	0.8820	1	0	0
䴻	4D3B	5	0.4260	8.694	0.8870	1	0	0
䴼	4D3C	5	0.4393	8.591	0.8707	1	0	0
䴽	4D3D	5	0.4615	7.295	0.8831	1	0	0
䴾	4D3E	5	0.4453	7.788	0.8840	1	0	0
䴿	4D3F	5	0.4556	8.610	0.8822	1	0	0
䵀	4D40	5	0.4645	8.077	0.9000	1	0	0
䵁	4D41	5	0.4393	8.678	0.9086	1	0	0
䵂	4D42	5	0.4734	8.161	0.8789	1	0	0
䵃	4D43	5	0.4941	8.043	0.8559	1	0	0
䵄	4D44	5	0.4882	8.399	0.8449	1	0	0
䵅	4D45	5	0.4246	9.327	0.8969	1	0	0
䵆	4D46	5	0.4615	8.870	0.8874	1	0	0
䵇	4D47	5	0.4467	7.194	0.8982	1	0	0
䵈	4D48	5	0.4292	8.788	0.8495	1	0	0
䵉	4D49	5	0.4186	7.871	0.9041	1	0	0
䵊	4D4A	5	0.4778	6.881	0.9670	1	0	0
䵋	4D4B	5	0.4645	6.634	0.9334	1	0	0
䵌	4D4C	5	0.4615	7.139	0.8916	1	0	0
䵍	4D4D	5	0.4601	6.763	0.9440	1	0	0
䵎	4D4E	5	0.4772	7.141	0.9464	1	0	0
䵏	4D4F	5	0.4438	8.272	0.9160	1	0	0
䵐	4D50	5	0.4837	7.028	0.9851	1	0	0
䵑	4D51	5	0.4477	7.587	0.8696	1	0	0
䵒	4D52	5	0.4554	6.691	0.8971	1	0	0
䵓	4D53	5	0.3876	6.505	0.9017	1	0	0
䵔	4D54	5	0.4734	7.750	0.9033	1	0	0
䵕	4D55	5	0.4911	7.728	0.8859	1	0	0
䵖	4D56	5	0.4464	9.034	0.8723	1	0	0
䵗	4D57	5	0.4837	7.724	0.9286	1	0	0
䵘	4D58	5	0.4571	8.276	0.9016	1	0	0
䵙	4D59	5	0.4423	8.612	0.9089	1	0	0
䵚	4D5A	5	0.4431	8.034	0.8860	1	0	0
䵛	4D5B	5	0.4689	8.191	0.9109	1	0	0
䵜	4D5C	5	0.4896	9.053	0.9092	1	0	0
䵝	4D5D	5	0.3677	5.960	0.8904	1	0	0
䵞	4D5E	5	0.4766	6.344	0.9740	1	0	0
䵟	4D5F	5	0.3846	6.029	0.9154	1	0	0
䵠	4D60	5	0.4169	6.664	0.8632	1	0	0
䵡	4D61	5	0.4369	7.482	0.9159	1	0	0
䵢	4D62	5	0.4438	6.970	0.9160	1	0	0
䵣	4D63	5	0.4497	6.873	0.9150	1	0	0
䵤	4D64	5	0.4350	7.135	0.9406	1	0	0
䵥	4D65	5	0.4630	7.325	0.8847	1	0	0
䵦	4D66	5	0.4009	6.974	0.8907	1	0	0
䵧	4D67	5	0.4631	7.818	0.9014	1	0	0
䵨	4D68	5	0.4601	8.168	0.9088	1	0	0
䵩	4D69	5	0.3892	7.945	0.8707	1	0	0
䵪	4D6A	5	0.5148	7.853	0.8547	1	0	0
䵫	4D6B	5	0.4275	8.901	0.9266	1	0	0
䵬	4D6C	5	0.4970	7.716	0.8972	1	0	0
䵭	4D6D	5	0.4852	7.588	0.9149	1	0	0
䵮	4D6E	5	0.4837	8.248	0.9186	1	0	0
䵯	4D6F	5	0.5148	8.034	0.8904	1	0	0
䵰	4D70	5	0.4822	8.632	0.8912	1	0	0
䵱	4D71	5	0.4763	7.962	0.9203	1	0	0
䵲	4D72	5	0.4571	7.880	0.9444	1	0	0
䵳	4D73	5	0.4288	8.508	0.9033	1	0	0
䵴	4D74	5	0.5503	8.365	0.8897	1	0	0
䵵	4D75	5	0.4527	9.856	0.8878	1	0	0
䵶	4D76	5	0.4852	6.891	0.9601	1	0	0
䵷	4D77	5	0.5044	6.457	0.9769	1	0	0
䵸	4D78	5	0.4423	7.961	0.9517	1	0	0
䵹	4D79	5	0.4646	7.833	0.9634	1	0	0
䵺	4D7A	5	0.4292	5.917	0.9915	1	0	0
䵻	4D7B	5	0.5030	7.865	0.9756	1	0	0
䵼	4D7C	5	0.4127	8.750	0.8637	1	0	0
䵽	4D7D	5	0.4840	7.887	0.9432	1	0	0
䵾	4D7E	5	0.4157	7.184	0.9101	1	0	0
䵿	4D7F	5	0.4306	6.942	0.9787	1	0	0
䶀	4D80	5	0.4260	7.764	0.9363	1	0	0
䶁	4D81	5	0.4215	8.867	0.9569	1	0	0
䶂	4D82	5	0.4092	7.000	0.8808	1	0	0
䶃	4D83	5	0.3979	6.995	0.8907	1	0	0
䶄	4D84	5	0.4186	7.350	0.9236	1	0	0
䶅	4D85	5	0.4734	7.725	0.8762	1	0	0
䶆	4D86	5	0.5015	7.577	0.8680	1	0	0
䶇	4D87	5	0.5185	8.007	0.9011	1	0	0
䶈	4D88	5	0.5207	8.072	0.9124	1	0	0
䶉	4D89	5	0.5600	8.498	0.8456	1	0	0
䶊	4D8A	5	0.4320	6.740	0.9358	1	0	0
䶋	4D8B	5	0.4364	7.462	0.9201	1	0	0
䶌	4D8C	5	0.4334	7.425	0.9428	1	0	0
䶍	4D8D	5	0.4260	7.093	0.9924	1	0	0
䶎	4D8E	5	0.4186	6.862	0.9584	1	0	0
䶏	4D8F	5	0.4645	7.503	0.9304	1	0	0
䶐	4D90	5	0.3903	8.260	0.9568	1	0	0
䶑	4D91	5	0.4785	8.661	0.9424	1	0	0
䶒	4D92	5	0.3938	7.998	0.9209	1	0	0
䶓	4D93	5	0.4569	7.041	0.9378	1	0	0
䶔	4D94	5	0.4778	7.681	0.8813	1	0	0
䶕	4D95	5	0.4867	7.244	0.9451	1	0	0
䶖	4D96	5	0.3713	6.903	0.9082	1	0	0
䶗	4D97	5	0.4689	7.135	0.9084	1	0	0
䶘	4D98	5	0.3994	7.303	0.8927	1	0	0
䶙	4D99	5	0.4379	7.208	0.9097	1	0	0
䶚	4D9A	5	0.4734	7.253	0.8962	1	0	0
䶛	4D9B	5	0.3861	8.404	0.9154	1	0	0
䶜	4D9C	5	0.4938	7.521	0.8789	1	0	0
䶝	4D9D	5	0.4675	8.029	0.8838	1	0	0
䶞	4D9E	5	0.4896	7.514	0.9060	1	0	0
䶟	4D9F	5	0.4646	7.531	0.8924	1	0	0
䶠	4DA0	5	0.4379	9.093	0.8777	1	0	0
䶡	4DA1	5	0.4923	8.110	0.8882	1	0	0
䶢	4DA2	5	0.4571	8.712	0.8918	1	0	0
䶣	4DA3	5	0.5163	7.739	0.9244	1	0	0
䶤	4DA4	5	0.4778	7.673	0.8997	1	0	0
䶥	4DA5	5	0.5163	8.619	0.9148	1	0	0
䶦	4DA6	5	0.4408	8.538	0.9122	1	0	0
䶧	4DA7	5	0.4985	8.337	0.9043	1	0	0
䶨	4DA8	5	0.4586	8.466	0.8996	1	0	0
䶩	4DA9	5	0.4941	8.812	0.8729	1	0	0
䶪	4DAA	5	0.5089	9.125	0.8999	1	0	0
䶫	4DAB	5	0.5444	9.582	0.8791	1	0	0
䶬	4DAC	5	0.4288	7.622	0.9577	1	0	0
䶭	4DAD	5	0.4108	5.753	0.8831	1	0	0
䶮	4DAE	5	0.4246	6.529	0.9066	1	0	0
䶯	4DAF	5	0.4246	7.721	0.9365	1	0	0
䶰	4DB0	5	0.4157	7.567	0.9199	1	0	0
䶱	4DB1	5	0.3860	7.855	0.9061	1	0	0
䶲	4DB2	5	0.4846	7.938	0.8685	1	0	0
䶳	4DB3	5	0.4231	7.129	0.9171	1	0	0
䶴	4DB4	5	0.4415	8.227	0.9690	1	0	0
䶵	4DB5	5	0.4852	9.250	0.9023	1	0	0
䶶	4DB6	1	0.3063	7.436	0.9242	1	0	0
䶷	4DB7	1	0.2969	4.385	0.9158	1	0	0
䶸	4DB8	1	0.2788	4.686	0.9262	1	0	0
䶹	4DB9	1	0.1990	3.357	0.9435	1	0	0
䶺	4DBA	1	0.3210	6.405	0.9548	1	0	0
䶻	4DBB	1	0.2835	5.890	0.9135	1	0	0
䶼	4DBC	1	0.3166	7.246	0.8971	1	0	0
䶽	4DBD	1	0.3654	8.143	0.8738	1	0	0
䶾	4DBE	1	0.2944	6.744	0.9467	1	0	0
䶿	4DBF	1	0.2781	6.267	0.9114	1	0	0
丨	4E28	0				1	0	0
