character	level	sequence
㐀	bag	一 卝
㐁	bag	㐁 ⸻
㐂	bag	㇀ ㇀  乚 乚
㐃	bag	△ 丨
㐄	bag	㐄 ⸻
㐅	bag	㐅 ⸻
㐆	bag	㐆 ⸻
㐇	bag	乙 九
㐈	bag	乙 入
㐉	bag	一 乙 亅 ⸻
㐊	atomic_override	㐊
㐋	full	  乙
㐌	bag	也 𠂉
㐍	bag	丿 乙 𭕄
㐎	bag	 乙
㐏	bag	一 乙 𫝀
㐐	bag	乙 
㐑	bag	 乙 夂
㐒	bag_ops	丿 乙  
㐓	bag	一 乙 亅 口
㐔	bag	 乙 口
㐕	bag	乙 由
㐖	bag	 
㐗	bag	丿 乙 乚 耂
㐘	bag	乙 
㐙	bag	乙 豆
㐚	bag	一 乙 口 𫝀
㐛	bag	乙 亻 
㐜	bag	 九 
㐝	bag	乙 勹 
㐞	bag	 乙 八
㐟	bag	乙 非
㐠	bag	丿 乙 乚 
㐡	bag	  九 
㐢	bag	丿 乙  𭕄
㐣	bag	乙 广 車
㐤	bag	 九 
㐥	bag	  乙  𠃌
㐦	bag	②  丿 乙 八 彐 手
㐧	bag	㐧
㐨	bag	乛  亅 龴 龴
㐩	bag	井 井
㐪	bag	 凵
㐫	bag	 
㐬	bag	  
㐭	bag	 
㐮	bag	 井 八 𧘇
㐯	bag	  
㐰	bag	
㐱	bag	人 
㐲	bag	 
㐳	bag	 亻
㐴	bag	 𠂊
㐵	bag	于 亻
㐶	bag	亻 巳
㐷	bag	 
㐸	bag	亻 欠
㐹	bag	 亻 𠂉
㐺	bag	 亻
㐻	bag	 冂
㐼	bag	 
㐽	bag	㐅 亻 几
㐾	bag	 
㐿	bag	亻 手
㑀	bag	 
㑁	bag	 凵 
㑂	bag	 冂
㑃	bag	  𠃌
㑄	bag	亻 
㑅	bag	⺊  𠂉
㑆	bag_ops	 口 ⿰ 
㑇	bag	亻 彐 𠂊
㑈	bag	东 亻
㑉	bag	 几 𠂊
㑊	bag	 亻
㑋	bag	亻 
㑌	bag	 
㑍	bag	 未
㑎	bag	亻 山 
㑏	bag	亻 宀 寸
㑐	bag	⺊  
㑑	bag	亻 自
㑒	bag	 人 
㑓	bag	亻 厶 
㑔	bag	亻 页
㑕	bag	 山 𠂊
㑖	bag	 
㑗	bag	亻 身
㑘	bag	 亻
㑙	bag	亻 耳 𠃊
㑚	bag	 亻 
㑛	bag	亻 束
㑜	bag	 
㑝	bag	  十
㑞	bag	  八
㑟	bag	丘 亻 
㑠	bag	  又
㑡	bag	 卩
㑢	bag	 十 卩 厶
㑣	bag	亻 
㑤	bag	 十 田
㑥	bag	 亻 勹 日
㑦	bag	 尸 犬
㑧	bag	 子 木
㑨	bag_ops	  
㑩	bag	 罒 𠂊
㑪	bag	   亻
㑫	bag	 亻 心
㑬	bag	亻  女
㑭	bag	 亻 田
㑮	bag	亻 冖 車
㑯	bag	亻 頁
㑰	bag	亻 彑 𧰨
㑱	bag	 亻 
㑲	bag	丷 亻  干
㑳	bag	 亻  勹 勹
㑴	bag	亻 冖 又 巾 彐
㑵	bag	 
㑶	bag	 亻 米 𠂉
㑷	bag	⺆  亻 冫 厶
㑸	bag	 亻 
㑹	bag	 曰 由
㑺	bag	 隹 𠄎
㑻	bag	 宀 山 心
㑼	bag	亻  田
㑽	bag	⺌  冖 
㑾	bag	 亻 言 𠂊
㑿	bag	亻  
㒀	bag	 亻 
㒁	bag	  囗 干
㒂	bag	  耂
㒃	bag	  亻 八 目
㒄	bag	亻 
㒅	bag	   𧘇
㒆	bag	   𠃌
㒇	bag	 卌 灬 𠂉
㒈	bag	乛 亻 攵 耳
㒉	bag	⺌ 亻 冖 
㒊	bag	  亻 止 止 
㒋	bag	 亻 八 𠂆
㒌	bag	 亻 八 八 
㒍	bag	 亻 厶 厶 厶 小
㒎	bag	 亻 非
㒏	bag	 亻 
㒐	bag	 亻 勹 日 
㒑	bag	亻 匚 氵 隹
㒒	bag	 亻 未
㒓	bag	  辶
㒔	bag	亻 勹 罒 虫
㒕	bag	 乡 亻 隹
㒖	bag	 十 禺
㒗	bag	 亻  厶
㒘	bag	 亻 又 臣
㒙	bag	  
㒚	bag	 工  𭕄
㒛	bag	亻  隹 
㒜	bag	②   八 彐
㒝	bag	  戊 罒
㒞	bag	④ 亻 山 隹
㒟	bag	⑥  灬 𧘇
㒠	bag	 亻 又 非 𠂊
㒡	bag	   缶 𭕄
㒢	bag	 亻  
㒣	bag	亻 亻 广 心 隹
㒤	bag	亻 耳 耳 耳
㒥	bag	   山 豆
㒦	bag	 十 田 田 田
㒧	bag	㐅  冂 凵 
㒨	bag	③ 㐅  亻 囗 巳 彐
㒩	bag	亻 彑 虫 虫 𧰨
㒪	bag	 止 臣 臣 𧰨
㒫	bag	④  ⸻
㒬	bag_ops	  ⿺
㒭	bag	 
㒮	bag	  𧰨
㒯	bag	⑦ ⺌  
㒰	bag	入 工
㒱	bag	丶 入 𠂊
㒲	bag	入 日
㒳	bag	丨 入 入 冂
㒴	bag	丨 入 
㒵	ordered	白 八
㒶	ordered	八 
㒷	bag	 
㒸	bag	 𧰨
㒹	bag	 且 八 
㒺	bag	  𠃊
㒻	bag	 冂 目
㒼	bag	入 入 巾 廿 ⸻
㒽	bag	㔾   冂
㒾	bag	  冂 
㒿	bag	㐅   冂 凵 
㓀	bag	冖 卜
㓁	bag	 ⸻
㓂	bag	 冖 女
㓃	bag	㇀  言
㓄	bag	人 冘 厶 厶 厶 彡
㓅	bag	 
㓆	bag	 冫
㓇	bag	 
㓈	bag	 
㓉	bag	丿 冫 
㓊	bag	 
㓋	bag	 八 冫 
㓌	bag	 
㓍	bag	 冫 厶
㓎	bag	 冫 
㓏	bag	 
㓐	bag	 冫 
㓑	bag	  
㓒	bag	㇀ 丶 乚 人 冫 小
㓓	bag	丷 冂  干
㓔	bag	冫 
㓕	bag	 八 冫 戊
㓖	bag	⑨ 一 冫
㓗	bag	②   冫 小 𠃌
㓘	bag	  𠂊
㓙	bag	 凵
㓚	bag	刂 
㓛	bag_ops	  ⿹
㓜	bag_ops	   ⿹
㓝	bag	井 刂
㓞	bag	 
㓟	bag	刂 皮
㓠	bag	⺊ 
㓡	bag	刂 缶
㓢	bag	刂 
㓣	bag	 
㓤	bag	一 刂 
㓥	bag	⺌ 刂 彐
㓦	bag	一 刂 白
㓧	bag	 
㓨	bag	  
㓩	bag	刂 角
㓪	bag	 艮 𠃌
㓫	bag	  刂
㓬	bag	  刂 𠃌
㓭	bag	人 刂 勹 日 𠃊
㓮	bag	⺆ 一 刂 
㓯	bag	刂 田 
㓰	bag	 刂 田
㓱	bag	 
㓲	bag	 冂  尸
㓳	bag	一 刂 日 龰
㓴	bag	  
㓵	bag	 刂 
㓶	bag	  人 刂 𠃌
㓷	bag	刂 木 自
㓸	bag	刂 𠁁
㓹	bag	 刂 
㓺	bag	 ㇀  乚 刂
㓻	bag	一 刂 止 罒
㓼	bag	丷  刂 木
㓽	bag	刂 宀 山 示
㓾	bag	 八 刂 尸 牛
㓿	bag	  刂 木
㔀	bag	  日
㔁	bag	 刂 豆
㔂	bag	㐄 丶 刂 米 𠂊
㔃	bag_ops	     
㔄	bag	  米
㔅	bag	刂 肅
㔆	bag	刂 旡 旡 日
㔇	bag	 刂 又 弓 𠘧
㔈	bag	丨  非
㔉	bag	刂 
㔊	bag	  
㔋	bag	丶 刂 皿 臣 𠂉
㔌	bag	乑 刂 又 耳
㔍	bag	 刂 
㔎	bag	㠯   凵 
㔏	bag	   刂  口
㔐	bag	 刂 非 
㔑	bag	㠯    𠃌
㔒	bag	八  口 山 隹
㔓	bag	 
㔔	bag	㇣ 
㔕	bag	 乁 
㔖	bag	 𠃍
㔗	bag	 丿 弓 𠃌
㔘	bag	  𠃌
㔙	bag	 
㔚	bag	丿  𠃌
㔛	bag_ops	 𠃌 
㔜	bag	 子 𠃌 𭕄
㔝	bag	 入 入 巾 𠃌
㔞	bag	  
㔟	bag	 九 生 𠃌
㔠	bag	 勹 日 𠃊 𠃌
㔡	bag	㐅  囗 比 𠃌
㔢	bag_ops	     ⿻
㔣	bag	 田 
㔤	bag	 宀  𠃌
㔥	bag	⺆ 丿  厶 罒 𠃌
㔦	bag	  艮 𠃌
㔧	bag	  田 
㔨	bag	 勹 月
㔩	bag	一 勹 十 厶 皿
㔪	bag	⺊ 㐅  丶  囗
㔫	bag	 𠂇
㔬	bag	
㔭	bag_ops	 日 龰  ⿺
㔮	bag	⺆  人 冫  廿
㔯	bag	匚 口 𠘧
㔰	bag	丶 匚 卜 𠂊
㔱	bag	人 匚 臼
㔲	bag	⑤  人 匚
㔳	bag	⑤  几 匚
㔴	bag	 八  田
㔵	bag	 八  巳 巳
㔶	bag	 八  夂 工 日 目
㔷	bag	 匚
㔸	bag	 几 匚 𠂆
㔹	bag	 𠃌
㔺	bag	 
㔻	ordered	一 ③ 十
㔼	bag	十 
㔽	bag	 囗
㔾	bag	㔾 ⸻
㔿	bag	一 丩 ⸻
㕀	bag	㔾 由
㕁	bag	㐅 卩 厶 𠂇
㕂	bag	 厂
㕃	bag	 厂
㕄	bag	②  厂
㕅	bag	厂 甲
㕆	bag	 口
㕇	bag	 厂
㕈	bag	 厂 𧘇
㕉	bag	 厂 
㕊	bag	 厂 月
㕋	bag	 十 
㕌	bag	一 厂 
㕍	bag	厂 隹
㕎	bag	 厂 厶 皿
㕏	bag	厂 斗 豆
㕐	bag	勹 厂 灬 臼
㕑	bag	 寸 豆
㕒	bag	 厂 我
㕓	bag	⑧  厂 灬
㕔	bag	  厂  耳
㕕	bag_ops	厶 厶 ⿱
㕖	bag	厶 厶 
㕗	bag	 久 十 厶
㕘	bag	人 厶 厶 厶 小
㕙	bag	  𠂊
㕚	bag	 又
㕛	bag_ops	 ⿱
㕜	bag	 
㕝	bag_ops	 口 
㕞	bag	又 尸 巾
㕟	bag	⺊ 丨  又
㕠	bag	冫 又 隹
㕡	bag	 冂 又 谷
㕢	bag	  又 目
㕣	ordered	八 
㕤	bag_ops	九 口 ⿰
㕥	bag	人 
㕦	ordered	口 
㕧	bag	口 
㕨	bag	丶 几 
㕩	bag	 
㕪	bag	冘 口
㕫	bag	  ⸻
㕬	bag	八 
㕭	bag_ops	  
㕮	bag	 
㕯	bag_ops	 ⿵ ⿻
㕰	bag	 
㕱	bag	 
㕲	bag_ops	 ⿰
㕳	bag	 口
㕴	bag	 口
㕵	bag_ops	 
㕶	bag_ops	 𫝀 
㕷	bag	口 
㕸	bag_ops	 
㕹	bag	丶 又 
㕺	full	   ㇉
㕻	bag	③  
㕼	bag	㐅  𠃊
㕽	bag	以 口
㕾	bag	 小
㕿	bag_ops	丿  
㖀	bag	 
㖁	bag	㐅 厶 
㖂	bag	口 曳 ⸻
㖃	bag	 𠂆
㖄	bag	口 州
㖅	bag_ops	 戊 ⿰ ⿵
㖆	bag	口 曲
㖇	bag	 
㖈	atomic_override	㖈
㖉	bag	人 
㖊	bag	口 寸 彐
㖋	ordered	人 丿  乚 丿
㖌	bag	 九 
㖍	bag	 斗
㖎	ordered	口 乚  丿 丨
㖏	bag	 日
㖐	bag	  
㖑	bag	  
㖒	bag	 
㖓	bag	 
㖔	bag	 
㖕	bag_ops	  
㖖	bag_ops	   
㖗	ordered	口 山 人 丶 ㇇
㖘	bag_ops	 口 𠄌 ⿰  ⿺
㖙	bag	丿  
㖚	bag	 口 寸
㖛	bag	 
㖜	bag	  口
㖝	bag	 未
㖞	bag	 
㖟	bag	 口 𭕄
㖠	bag	 示
㖡	bag_ops	  ⿰  ⿴
㖢	bag	 广 止
㖣	bag	 
㖤	bag	丷  八 凵 口
㖥	bag	 
㖦	bag	口 東
㖧	bag	 氏
㖨	bag	丷 亅  
㖩	bag	又 口 耳
㖪	bag	  
㖫	bag	  
㖬	bag	又 口 臼
㖭	bag	 人 
㖮	bag	  
㖯	ordered	冂  乚 丿
㖰	ordered	口 乚  
㖱	bag_ops	   ⿴
㖲	bag	 
㖳	bag	 女 氵
㖴	bag	 丿 勹 
㖵	bag	 
㖶	bag	  
㖷	bag	 日 龰
㖸	bag	  匚 口
㖹	bag	 口 
㖺	bag	  
㖻	bag	  龴
㖼	bag	 甘
㖽	bag	口 頁 ⸻
㖾	bag	 
㖿	bag	口 
㗀	bag	②   山
㗁	bag	 
㗂	bag	丿  目
㗃	bag	 民
㗄	bag	 口 罒 𠃌
㗅	bag	 
㗆	bag	口 革
㗇	bag	⑤ 又 口 
㗈	bag	  龴 𠃌
㗉	bag	  𠃌
㗊	bag	 
㗋	bag	 厂  𠂊
㗌	bag	 
㗍	bag	 
㗎	bag	丿  木 𠃌
㗏	bag	③  
㗐	bag	  皿
㗑	bag	 口 龵
㗒	bag	  𧘇
㗓	bag	㠯  辶
㗔	bag	 ㇀  乚 口
㗕	bag	 冉 口
㗖	bag	 臼 𭕄
㗗	bag	丿  白 𠃌
㗘	bag	丶  寸 月
㗙	bag	丨  勹 
㗚	bag	  木
㗛	bag	  口 
㗜	bag	 
㗝	bag	  灬
㗞	bag	  皮
㗟	bag	  氵
㗠	bag	 口 
㗡	bag	   𠄎
㗢	bag	 重 𠃌
㗣	bag	⑤  
㗤	bag_ops	⺊  小 戊 
㗥	bag	  子 阝
㗦	bag	卩 口 耳 𠂎
㗧	bag	  厶 
㗨	bag	 又  𠘧
㗩	bag	冫  白 
㗪	bag	  小 止
㗫	bag	②  
㗬	bag	⺌   
㗭	bag	 心 米
㗮	bag	  广 
㗯	bag_ops	  ⿰ 
㗰	bag	 口 彳 龰
㗱	bag	 隹
㗲	bag	  
㗳	bag	 人  
㗴	bag	口 月 𠁣 𠃛
㗵	bag	  欠
㗶	bag	 又  𠘧
㗷	bag	  贝
㗸	bag	 口 彳 缶
㗹	bag	口 心 隹
㗺	bag	 非
㗻	bag	冂 冂  辶 𠃍
㗼	bag	 口 未
㗽	bag	 乡 口 阝
㗾	bag	 口 革
㗿	bag	  𠁣 𠃛
㘀	bag	口 米 臼
㘁	bag	  干 罒
㘂	bag	②   心
㘃	bag	 口 心 𠂇
㘄	bag	  罒 𠃌
㘅	bag	  亅 人  彳
㘆	bag	  十 厶 
㘇	bag	 冖 
㘈	bag	  
㘉	bag	⑤  卩 口 
㘊	bag	 口 言
㘋	bag	八 又 口 目 臣
㘌	bag	   𧰨
㘍	bag	  小 隹
㘎	bag	乛 口 攵 
㘏	bag	  自 辶
㘐	bag	⑥   灬
㘑	bag	 示 隶
㘒	bag	丿  重
㘓	bag	口 柬 𠁣 𠃛
㘔	bag	 八  宀 目
㘕	bag	  皿 臣 𠂉
㘖	bag	 口 彡 頁
㘗	bag	口 目 目 隹
㘘	bag	②  丶  小 言
㘙	bag	乛 厂  口 攵 耳
㘚	bag	乛 口 攵 耳 𠁣 𠃛
㘛	bag	⑦  人  月
㘜	bag	口 言 隹 隹
㘝	bag	又 囗
㘞	bag	丿 囗 𠃌
㘟	bag	 囗
㘠	bag	丿 囗 心
㘡	bag	囗 甲
㘢	bag	 囗
㘣	bag	 月
㘤	bag	一 囗 氵 爿 片
㘥	bag	  囗 小 缶 𭕄
㘦	bag	 𠃌
㘧	bag	一  十 龴
㘨	bag	 
㘩	bag_ops	 比 
㘪	bag_ops	  十  ⿻
㘫	bag_ops	 十 
㘬	bag	一 勹 十 
㘭	bag	②  𠃌
㘮	bag	 尺
㘯	bag	 
㘰	bag	 斗
㘱	bag	一 冉 十
㘲	bag	一 九 十 尸
㘳	bag	 
㘴	bag_ops	  
㘵	bag	 
㘶	bag	㐄  𠂊
㘷	bag	 十
㘸	bag	 十 𠂊
㘹	bag	 十 止
㘺	bag_ops	  ⿰  
㘻	bag	 囗
㘼	bag	㇉  耂
㘽	atomic_override	㘽
㘾	bag	一 于 十 宀
㘿	ordered	 
㙀	bag	一 九  宀
㙁	bag	 
㙂	bag	  
㙃	bag	一 丘 
㙄	bag	 比
㙅	ordered	十  木
㙆	bag	 宀 𠂇
㙇	bag	 𧰨
㙈	bag	  几 
㙉	bag	⑥ 一 
㙊	bag	  𠄌
㙋	bag_ops	 
㙌	bag	 肃
㙍	bag	  又 
㙎	bag	 女 戊
㙏	bag	 
㙐	bag	   山
㙑	bag_ops	 禹 
㙒	bag	一  十 田 龴
㙓	bag	  十
㙔	bag	㐄  𫝀
㙕	bag	 
㙖	bag_ops	 禹 
㙗	bag	  田 𠄌
㙘	bag	  女
㙙	bag_ops	 尢 彡 氵  ⿷ ⿺
㙚	bag	  牛
㙛	bag	 
㙜	bag_ops	 冂   ⿳ ⿵
㙝	bag	  十 月  𠃌
㙞	bag	 木 自
㙟	bag_ops	⑤   
㙠	bag	 匚  𠂉 𠘧
㙡	bag	 彳 龰
㙢	bag	一 入 入 十 巾 廿
㙣	bag	  弓 𠄌
㙤	bag	 ㇀ 一 乎 乚 十
㙥	bag	 八  𧘇
㙦	bag	 斗 朩
㙧	bag	一 丣 十 田
㙨	bag	    
㙩	bag	 十 小 日
㙪	bag	  十 豆
㙫	bag	 木 隹
㙬	bag	 木 犬
㙭	bag	 凵  欠
㙮	bag	   
㙯	bag	  九  厶
㙰	bag	 
㙱	bag	 ㇀  乚 几 
㙲	bag_ops	 乡 十  
㙳	bag	 心 戊
㙴	bag	  言 𠂊
㙵	bag	  十 
㙶	bag	⺌  冖 
㙷	bag	②   灬
㙸	bag	  人 
㙹	bag	  十 罒 𠂊
㙺	bag	 八 匚  目
㙻	bag	   广 甲
㙼	bag_ops	 田 田 田 ⿰ 
㙽	bag	  白 白
㙾	bag	③ 㐅   子 彐
㙿	bag	③    十 木
㚀	bag	 ㇀  乚 十 豆
㚁	bag	      
㚂	bag	 井 冖   𧘇
㚃	bag	㐅  冖 凵 十
㚄	bag	 田 疋
㚅	bag	 
㚆	bag	 夂 日
㚇	bag	㐅 八 凵 
㚈	bag	 𠂊
㚉	bag	 丿  𠄎
㚊	bag	  人  𠃋
㚋	bag	⺆   
㚌	ordered	𠂊  
㚍	bag	   
㚎	bag	 凵
㚏	bag	 
㚐	bag_ops	 人 
㚑	bag	 
㚒	bag	 入 
㚓	bag_ops	 木 
㚔	bag	 人 干
㚕	bag	 人 弓
㚖	bag	 白
㚗	bag	 
㚘	bag	 
㚙	bag	 
㚚	bag	 
㚛	bag	 
㚜	bag	 人 
㚝	bag	  十
㚞	bag	 
㚟	bag	 比 𠂊
㚠	bag	  灬
㚡	bag	   
㚢	bag	亻 
㚣	bag_ops	女 女 ⿱
㚤	bag	 女
㚥	bag	于 女
㚦	bag	 
㚧	bag	女 
㚨	bag	 女
㚩	bag	 
㚪	bag_ops	 女 
㚫	bag	及 女
㚬	bag	 勹 女
㚭	bag	 
㚮	bag	 女
㚯	bag	 女
㚰	bag	③  女
㚱	bag	丘 女
㚲	bag	⺊ 
㚳	bag_ops	丿   ⿰ ⿻
㚴	bag	女 
㚵	bag	 夂 女
㚶	bag	㠯 
㚷	bag	人 女 小
㚸	bag	 女 𠃌
㚹	bag	卩 女 𠂎
㚺	bag	 子 𠄎
㚻	bag_ops	女 田 ⿱
㚼	bag_ops	女 田 ⿰
㚽	bag	 女 工
㚾	bag	 
㚿	bag	勹 女 巳
㛀	bag	女 彐 𠂊
㛁	bag	丷 女 干
㛂	bag	女 巴 𠂆
㛃	bag	  𠃌
㛄	bag	 女 𧘇
㛅	bag	女 耳
㛆	bag	 木 𠄎
㛇	bag	 女 广
㛈	bag	 女 耂
㛉	bag_ops	 ⿰ 
㛊	bag	几 
㛋	bag	 女 小
㛌	bag	厶 女 牛
㛍	bag	  
㛎	bag	 
㛏	bag	 女
㛐	bag	 
㛑	bag	⺊ 丶  𠂊
㛒	bag	女 豆
㛓	bag	㐅 女 
㛔	bag	 女
㛕	bag	 
㛖	bag	 女
㛗	bag	 
㛘	bag	 女 子
㛙	bag	 
㛚	bag	 女 龴
㛛	bag	女 身
㛜	bag	 
㛝	bag	八 女 
㛞	bag	  女
㛟	bag	 女 𠂊
㛠	bag	女 
㛡	bag_ops	  
㛢	bag	  𠄎
㛣	bag	 
㛤	bag	 冂 冂 女
㛥	bag	 
㛦	bag_ops	 
㛧	bag	  山
㛨	bag	 乚 女
㛩	bag	 女 月
㛪	bag	 
㛫	bag	 
㛬	bag	  女
㛭	bag	 
㛮	bag	 又 
㛯	bag	⑤  𠂊 𠃌
㛰	bag	 民
㛱	bag	 女 田 𠄌
㛲	bag	女 頁
㛳	bag_ops	 女 巾  
㛴	bag	㐅 丿 囗 女 
㛵	bag	丿 冉 女 𭕄
㛶	bag	 女 山 𠂇
㛷	bag	 女 尢 木
㛸	bag	十 女 豆
㛹	bag	 
㛺	bag	 女 
㛻	bag	  女
㛼	bag	 女 臼
㛽	bag	 米
㛾	ordered	女 戊 
㛿	bag	 女 川 巾
㜀	bag	女 
㜁	bag	 
㜂	bag	 女 寸
㜃	bag	亻 女 言
㜄	bag	丿 几 女 虫
㜅	bag	 女 田
㜆	bag	女 米 辶
㜇	full	⿰ 女    心
㜈	bag	  夂 女 龴 𠃌
㜉	bag	 巴 
㜊	bag	 女 尸 𠄌
㜋	bag	 女 皿
㜌	bag	   𠘧
㜍	bag	  
㜎	bag	②  女 𭕄
㜏	bag	八  目
㜐	bag	女 山 豆
㜑	bag	 女 
㜒	bag	 女 臼
㜓	bag	  女
㜔	bag	  女
㜕	bag	女 車 辶
㜖	bag	 日 曲
㜗	bag	人 厶 厶 厶 女 彡
㜘	bag	 ㇀ 且 乚 女
㜙	bag	 女 广 比 
㜚	bag	  白
㜛	bag	女 欠 車
㜜	bag_ops	丿  龶  ⿰ 
㜝	bag	 女 酉
㜞	bag	 女 車 𠂆
㜟	bag	乛  耳
㜠	bag	女 山 隹
㜡	bag	 女 彳 龰
㜢	bag	⑧ 女 女
㜣	bag	冫 女 
㜤	bag	  
㜥	bag	八 女 目 罒
㜦	bag	 寸 工 彐
㜧	bag	 厂 女 欠
㜨	bag	 八 女 尸 牛
㜩	bag	 丿  女 米
㜪	bag	 女 
㜫	bag	一 几 女 山 彳 攵
㜬	bag	 厂 女 言 𠂊
㜭	bag	⺌ 冖  田
㜮	bag	 皿 臣 𠂉
㜯	bag	女 巳 灬 𦣞
㜰	bag	②  丶  白
㜱	bag	 丨 八 女  𠂆
㜲	bag	 几  女 
㜳	bag	⑤  女 罒 𧘇
㜴	bag	 女 目 罒
㜵	bag	⑥  女 灬 𧘇
㜶	bag	  比 
㜷	bag	   乀 八 女 巾 弓
㜸	bag	㠯   十 
㜹	bag	女 目 目 隹
㜺	bag	 八 女 目 
㜻	bag	②   小 小 心 言
㜼	bag	且 冖 女 田 田 田
㜽	bag	子 
㜾	bag	 子
㜿	bag	 子 龴
㝀	bag	子 母
㝁	bag	勹 子 日
㝂	bag	 子 
㝃	bag	⑤ 子 𠂊
㝄	bag	 凵 
㝅	bag	  又 子 𠘧
㝆	bag	 子 豆
㝇	bag	  子 子
㝈	bag	②  丶 子 子 小 小 言
㝉	bag	一 
㝊	bag	又 
㝋	bag	 宀
㝌	bag	久 宀
㝍	bag	 
㝎	bag	 宀
㝏	bag	 宀
㝐	bag	 
㝑	bag	 宀 𠃌
㝒	bag	 宀
㝓	bag	 宀
㝔	bag	 
㝕	bag	又 宀 心
㝖	bag	 宀 
㝗	bag	丶 宀 艮
㝘	bag	宀 言
㝙	bag	 一 
㝚	bag	 宀 廴
㝛	bag	㐁 亻 宀
㝜	bag	 宀 日
㝝	bag	宀 
㝞	bag	⑥ 
㝟	bag	 宀 目
㝠	bag	  日
㝡	bag	又 宀 耳
㝢	bag	宀 禹
㝣	bag	  人 宀 𠃌
㝤	bag	 冉 宀
㝥	bag	宀 爿 米
㝦	bag	 隹 𠄎
㝧	bag	 
㝨	bag	 宀 𧘇
㝩	bag	宀 
㝪	bag	 九 十 宀 干
㝫	bag	 宀 
㝬	bag	  宀
㝭	bag	宀 忄 
㝮	bag	 又 
㝯	bag	 
㝰	bag	  宀 自 𠃌
㝱	bag	  宀 爿 罒 𠂊
㝲	bag	冖 冖 宀 巾 彐 爿 罒 艹
㝳	bag	 
㝴	bag	 
㝵	bag	一 寸 
㝶	bag	 寸 罒
㝷	bag	 寸 工 彐
㝸	bag	 小 白
㝹	bag	⑤  
㝺	bag	  
㝻	bag	丿  廿 龶
㝼	bag	于 尢
㝽	bag	 尢
㝾	bag	尢 
㝿	bag	尢 皮
㞀	bag	 尢 𠂇
㞁	bag	 尢 日
㞂	bag	 尢 𭕄
㞃	bag	 谷
㞄	bag	 尢 日
㞅	bag	尢 
㞆	bag	 尢
㞇	bag	 尢 田 𠄌
㞈	bag	  尢 尸
㞉	bag	 尢 工
㞊	bag	 尢 示
㞋	bag	又 
㞌	bag	子 尸
㞍	bag	 尸
㞎	bag	尸 巴
㞏	bag	 尸
㞐	bag	 尸
㞑	bag	丷 乚 八 尸
㞒	bag	尸 自
㞓	bag_ops	 尸 日 
㞔	bag	 尸 
㞕	bag	八 尸 月
㞖	bag	尸 朿
㞗	bag	 尸
㞘	bag	 尸 𧰨
㞙	bag	㇇  乚 亅 尸
㞚	bag	 尸 臼
㞛	bag	 尸 彳 日
㞜	bag	 尸 彳 木
㞝	bag	 小 尸 戊
㞞	bag	 尸 彳 龰
㞟	bag	 人 尸 酉
㞠	bag	 人 小 尸 日
㞡	bag	尸 工 工 工 工 𧘇
㞢	bag	 
㞣	bag	 八 凵 𠃌
㞤	ordered	山 
㞥	ordered	山 入
㞦	bag	几 
㞧	bag_ops	丿 山 𠄎 
㞨	bag	子 山
㞩	bag	丶 
㞪	bag	山 彐
㞫	bag	 山
㞬	bag_ops	山 工 ⿱
㞭	bag	 
㞮	bag_ops	 
㞯	ordered	己 山
㞰	bag	十 山 𠂉
㞱	ordered	山 
㞲	bag	 山
㞳	bag	山 斗
㞴	bag	山 氏
㞵	bag_ops	 山 
㞶	bag_ops	 山 
㞷	bag	 
㞸	bag	 山
㞹	bag_ops	 山 ⿰ 
㞺	bag	 山 𠂉
㞻	bag	㇉  山
㞼	bag	㇇   山
㞽	bag	山 戉
㞾	bag	 尸 山
㞿	bag	 十 山
㟀	bag_ops	丿 山 
㟁	bag_ops	 ⿰ ⿸
㟂	bag	山 母
㟃	bag	 山 𠃌
㟄	bag	 
㟅	bag	㐅  山
㟆	bag	  山
㟇	bag	 山
㟈	bag	 山
㟉	bag	宀 山 牛
㟊	bag	 山 𭕄
㟋	bag	 山
㟌	bag	 山 彡
㟍	bag_ops	 艮 
㟎	bag	 山 𭕄
㟏	ordered	山 人 丶 ㇇ 口
㟐	bag	 十 山 𠃊
㟑	bag	 子 山
㟒	bag_ops	 山   ⿻
㟓	bag	㐅 山 
㟔	bag_ops	 山 
㟕	bag	口 山 斗
㟖	bag	  山
㟗	bag	丿  八 山 
㟘	bag	 山
㟙	bag	 山 日
㟚	bag	 山 木
㟛	bag	山 扌 甘
㟜	bag	小 山 弓 𠂊
㟝	bag	 山
㟞	bag	  
㟟	bag	 山 巳
㟠	bag_ops	 冂 山 山  ⿵
㟡	bag	 山
㟢	bag_ops	 山  
㟣	bag_ops	 山  
㟤	bag	 山 彐
㟥	bag	 山 彡
㟦	bag	冖 山 車
㟧	bag_ops	  山 
㟨	bag	 山 山
㟩	bag	山 攵 民
㟪	bag_ops	 山 田 𠄌  ⿳ ⿺
㟫	bag	 山 白
㟬	bag	 山 臼
㟭	bag	山 日 民
㟮	bag	 山 犬
㟯	bag	 山
㟰	bag	 八 冖 山 日
㟱	bag	 山 灬
㟲	bag_ops	 山 白 ⿰ 
㟳	bag	 山 木
㟴	bag_ops	 山 田 ⿰  ⿺
㟵	bag	一 山 止 罒
㟶	bag_ops	 山 白  ⿸
㟷	bag	  山
㟸	bag	 山 白
㟹	bag	卩 山 耳 𠂎
㟺	bag_ops	⑧ 女 山 
㟻	ordered	車 𠂆  山
㟼	ordered	山 龶  攵
㟽	bag	 山 示
㟾	bag	 山 广 月 
㟿	bag	 十 山 犬
㠀	ordered	⑦ 灬 山
㠁	bag_ops	人 厶 厶 厶 山 彡 
㠂	bag_ops	丿 山 攵 龶  ⿰ 
㠃	bag	 山
㠄	bag_ops	 山 白   ⿹
㠅	bag	夂 山 
㠆	bag	 山 甲
㠇	bag	 尢 山
㠈	bag	 山 𠁣 𠃛
㠉	bag	 山 甲
㠊	bag	② ⑥ ⺊  山
㠋	bag	  口 山
㠌	bag	 山 欠
㠍	bag_ops	山 木 隹 
㠎	ordered	山 
㠏	bag	⑦  山
㠐	bag_ops	  山  ⿵ ⿻
㠑	bag_ops	山  
㠒	bag	  山 示
㠓	bag	 山 𧰨
㠔	bag	 山
㠕	bag	 山 田 阝
㠖	bag_ops	 山 我  
㠗	bag	 丿  山 米
㠘	bag_ops	②   山 彐  ⿳ 
㠙	bag	  山 𧰨
㠚	bag	  山
㠛	bag	 又 山 隹
㠜	bag_ops	 山   
㠝	bag	  山 目
㠞	bag	 十 山 山 彳 攵
㠟	bag	丷   勹 山 木
㠠	bag	 山 田 皿
㠡	bag	⑥  山 灬 𧘇
㠢	bag	  山 田 𧘇
㠣	bag	   止
㠤	bag	 井  山 𧘇
㠥	bag	 山 田 田 田
㠦	bag	  丨 山 山 豆
㠧	bag	山  非
㠨	bag	⑤ 㐅  寸 山  罒
㠩	bag	丨  𠃊
㠪	bag	⺊ 
㠫	bag	 人 
㠬	bag	 工
㠭	bag	工 工 工 工
㠮	bag	 工 日
㠯	bag	㠯 ⸻
㠰	bag	 己 𠃌
㠱	bag	 己
㠲	bag	 
㠳	bag	入 巾
㠴	bag	 巾 𠃌
㠵	bag	 𠃊
㠶	bag	丿 
㠷	bag	及 巾
㠸	bag	 巾
㠹	bag	 巾
㠺	bag	 巾
㠻	bag	巾 耂
㠼	bag	 巾 𠂆
㠽	bag	 夂 巾
㠾	bag	 巾 𠂊
㠿	bag	 巾 止
㡀	bag	丷 八 
㡁	bag	㇉  巾
㡂	bag	 巾 𠂊
㡃	bag	丨  巾 𠃊
㡄	bag	勹 巾 日
㡅	bag	 巾 
㡆	bag	  巾 𠃊
㡇	bag	巾 耳 𠃊
㡈	bag	⑤ 巾 𠂊
㡉	bag	 巾 弓
㡊	bag	勹 巾 臼
㡋	bag	 巾 日
㡌	bag	 巾 月
㡍	bag	 
㡎	bag	 巾 彡
㡏	bag	 巾 月
㡐	bag	 刂 巾 月
㡑	bag	丿  巾 木
㡒	bag	十 巾 
㡓	bag	冖 巾 車
㡔	bag	 巾 攵 龴
㡕	bag	 央 巾
㡖	bag	巾 重
㡗	bag	  𠂆
㡘	bag	 巾 
㡙	bag	㐅 丿 囗 巾 比
㡚	bag	 冉 巾
㡛	bag	 巾 𠃊
㡜	bag	 巾 
㡝	bag	 巾 辶
㡞	bag	⑧ 女 巾
㡟	bag	一 巾 日 曲
㡠	bag	 巾 豆
㡡	bag	厂 寸 巾 豆
㡢	bag	 巾  𠃌
㡣	bag	⑦ 
㡤	bag	 巾 未
㡥	bag	 巾  𭕄
㡦	bag	 巾 目 𣥂
㡧	bag	  巾 豆
㡨	bag	  巾 非
㡩	bag	②  丶 小 小 巾 言
㡪	bag	丨  夂 尸 巳 巾 止 𭕄
㡫	bag	  𠃊
㡬	bag	②  丶 
㡭	bag	 ②   丶 𠃊 𠃊
㡮	bag	   丿 乁 乚 人 𠂉
㡯	bag	 广
㡰	bag	于 广
㡱	bag	久 广
㡲	bag	 广
㡳	bag	广 氏
㡴	bag	 广
㡵	bag	 
㡶	bag	 广
㡷	bag	广 本
㡸	bag	乍 广
㡹	bag	且 广
㡺	bag	 日
㡻	bag	卩 广 𠂎
㡼	bag	广 曳
㡽	bag	 
㡾	bag	广 艮
㡿	bag	 
㢀	bag	广 朿
㢁	bag	 广 
㢂	bag	㠯 丿 广
㢃	bag	 艮
㢄	bag	广 豆
㢅	bag	  广
㢆	bag	 广 
㢇	bag	广 言
㢈	bag	广 隹
㢉	ordered	广  丿 
㢊	bag	 广
㢋	bag	 亻 广 
㢌	bag	 广 阝
㢍	bag	 央 广
㢎	bag	 广 臼
㢏	bag	 广 
㢐	bag	冂  广 𠃍
㢑	bag	十 广 隹
㢒	bag	 ㇀ 且 乚 广
㢓	bag	 广 日
㢔	bag	 广 彳 龰
㢕	bag	乡 广 隹
㢖	bag	丿 广 
㢗	bag	  广
㢘	bag	  广 灬 
㢙	bag	  
㢚	bag	  广 
㢛	bag	   广
㢜	bag	 心 田
㢝	bag	丿 广 木 灬 
㢞	bag	 广 
㢟	bag	③ 廴
㢠	bag	 廴
㢡	bag	 冫 寸 爿 𠂊
㢢	bag	⺌   攵
㢣	bag	 勹 
㢤	bag	 
㢥	bag	 
㢦	bag	   
㢧	bag_ops	一 弓 ⿹
㢨	bag	干 弓
㢩	bag	 弓
㢪	bag	 弓
㢫	bag	山 弓
㢬	bag	厶 弓 𠂇
㢭	bag	⺊ 又 弓
㢮	bag	也 弓 𠂉
㢯	bag	弓 民
㢰	bag	弓 皮
㢱	bag	厶 小 弓
㢲	bag	 弓 弓
㢳	bag	④ 弓 𠂉
㢴	bag	丶  囗 弓
㢵	bag_ops	 弓 
㢶	bag	一 弓 白
㢷	bag	 弓 𠂊
㢸	bag	弓 弓 攵
㢹	bag	 弓
㢺	bag	 女 弓
㢻	bag	 弓 木
㢼	bag	丷 八 巾 
㢽	bag	弓 弓 耳
㢾	bag	  弓
㢿	bag	 弓 
㣀	bag	 弓
㣁	bag	 弓
㣂	bag	   
㣃	bag	 弓 弓 月
㣄	bag	巨 弓 
㣅	bag	弓 旡 旡 日
㣆	bag	    乀  巾 弓
㣇	bag	 巾 彑
㣈	bag	  巾 巾 彑 彑
㣉	bag	工 彡
㣊	bag	彡 攵
㣋	bag	丶 井 彡
㣌	bag	 彡
㣍	bag	 彡
㣎	bag	小 彡 白
㣏	bag	 
㣐	bag	 彡 白
㣑	bag	 广 彡 月 
㣒	bag	 
㣓	bag	⺊ 丶 又 彡 米 𠂊
㣔	bag	 彳
㣕	bag	 
㣖	bag	 彳
㣗	bag	丿 尸 彳
㣘	bag	 彳
㣙	bag	彳 由
㣚	bag	一  彳
㣛	bag	 彳
㣜	bag	 刂 彳
㣝	bag	 彳 𠂇
㣞	bag	  彳
㣟	bag	 彳
㣠	bag	丨  夂 彳
㣡	bag	 口 彳
㣢	bag	 彳
㣣	bag	  彳
㣤	bag	  彳
㣥	ordered	彳 亻  寸
㣦	bag	 彳 木
㣧	bag	 乚 彳 月
㣨	bag	 女 彳
㣩	bag	彳 
㣪	bag	  
㣫	bag	彳 重
㣬	bag	口 彳 耳
㣭	bag	㐅 八 凵 夂 彳
㣮	bag	 彳
㣯	bag	⺌ 尸 彳 月
㣰	bag	丿 彳 心 米
㣱	bag	八 彳 
㣲	bag	 山 彳 攵
㣳	bag	一 卌 彳 灬 𠂉
㣴	bag	 廿 彳 由
㣵	bag	 十 彳 辶
㣶	bag	  彳 日
㣷	bag	 宀 彳 心 皿
㣸	bag	 彳 生 𧰨
㣹	bag	亻 广 彳 心 隹
㣺	bag	丶 小
㣻	bag	 心
㣼	bag	 忄 𠃌
㣽	bag	女 
㣾	bag	丶 又 
㣿	bag	 忄
㤀	bag	入 
㤁	bag	 心
㤂	bag	及 心
㤃	bag	 忄 𠃌
㤄	bag	一 巾 忄
㤅	bag	心 旡
㤆	bag	又 忄 𠂆
㤇	bag	 忄
㤈	bag	心 
㤉	bag	忄 牙
㤊	bag	㐅  忄
㤋	bag	 忄 𠃌
㤌	bag	忄 甘
㤍	bag	 工 心
㤎	bag	 心 𠃌
㤏	bag	 夂 忄
㤐	bag	 
㤑	bag	口 
㤒	bag	 忄
㤓	bag	忄 本
㤔	bag	 忄
㤕	bag	 忄
㤖	bag	 宀 忄
㤗	bag	  小
㤘	bag	彐 忄 𠂊
㤙	bag	囗 心 
㤚	bag	 彳 忄
㤛	bag	  忄
㤜	bag	丶 忄 戊
㤝	bag	 厶 忄
㤞	bag	 宀 忄
㤟	bag	心 曲
㤠	bag	 
㤡	bag	 忄 𠂊
㤢	bag	忄 
㤣	bag	 心
㤤	bag	 
㤥	bag	 忄 𠃋
㤦	bag	一 史 忄
㤧	bag	 忄 𠂆
㤨	bag	 忄
㤩	bag	 心
㤪	bag	㔾  
㤫	bag	心 
㤬	bag	 忄
㤭	bag	 忄
㤮	bag	 心 犭
㤯	bag	 口 忄
㤰	bag	乍 亻 心
㤱	bag	忄 豆
㤲	bag	  
㤳	bag	 忄
㤴	bag	忄 耳 𠃊
㤵	bag	子 心 攵
㤶	bag	 彡 忄
㤷	bag	 忄
㤸	bag	④  忄
㤹	bag	 忄
㤺	bag	  
㤻	bag	 卩 心 𠂎
㤼	bag	 厶 忄 𠃌
㤽	bag	 忄
㤾	bag	 忄 木
㤿	bag	 
㥀	bag	 忄
㥁	bag	十  𠃊
㥂	bag	一 寸 
㥃	bag	忄 𠁣 𠃛
㥄	bag	一  夂 忄
㥅	bag	 忄 𭕄
㥆	bag	忄 隶
㥇	bag	  忄
㥈	bag	 巾 心
㥉	bag	 忄
㥊	bag	 月
㥋	bag	 心 𧘇
㥌	bag	勹 忄 米
㥍	bag	 忄
㥎	bag	 心 木
㥏	bag	⑥ 八 忄
㥐	bag	 卩 口 心
㥑	full	⿱ ⑧ 心
㥒	bag	丿 忄 
㥓	bag	 忄
㥔	bag	 
㥕	bag	 心
㥖	bag	丹  心
㥗	bag	 
㥘	bag	  厶 忄 𠃌
㥙	bag	 心 忄
㥚	bag	人 忄 臼
㥛	bag	一  又 口 忄
㥜	bag	忄 
㥝	bag	弓 忄 耳
㥞	bag	 忄 𧰨
㥟	bag	彑 忄 𧰨
㥠	bag	 疋
㥡	bag	 尸 忄 木
㥢	bag	丷 忄 酉
㥣	bag	  心
㥤	bag	㇇   人 心 龴
㥥	bag	忄 禺
㥦	bag	  匚 心
㥧	bag	忄 頁
㥨	full	 女    心
㥩	bag	 耂
㥪	bag	女 忄 米
㥫	bag	 
㥬	bag	 忄 𠃌
㥭	bag	  忄
㥮	bag	丨  勹 勹 忄
㥯	bag	  𭕄
㥰	bag	 忄 臼
㥱	bag	匚 忄 非
㥲	bag	 心
㥳	bag	 
㥴	bag	 几 忄 𠂆
㥵	bag	一 囗 忄 𧰨
㥶	bag	 心
㥷	bag	  广 心
㥸	bag	心 民 田
㥹	bag	 心 米 𠃌
㥺	bag	 忄 皿
㥻	bag	 戊 木
㥼	bag	 忄 止 灬
㥽	bag	八 忄 
㥾	bag	丨 匚  
㥿	bag	 攵 
㦀	bag	 忄 辶
㦁	bag	心 車 辶
㦂	bag	 巾 心
㦃	bag	 
㦄	bag	广 心 
㦅	bag	⑤ 冖 巾 忄
㦆	bag	 ㇀ 乎 乚 忄
㦇	bag	 广 忄 比 
㦈	bag	 忄 皿
㦉	bag	 忄 豆
㦊	bag	⑦ 
㦋	bag	 
㦌	bag	    乚 心
㦍	bag	  忄
㦎	bag	 忄 田 
㦏	bag	 巳 忄
㦐	bag	  八 忄 目
㦑	bag	乛 忄 攵 耳
㦒	bag	忄 罒 言
㦓	bag	冫 忄 
㦔	bag	 心 月 犬
㦕	bag	  阝
㦖	bag	心 忄 𠁣 𠃛
㦗	bag	忄 
㦘	bag	 心 攵 白 𠃌
㦙	bag	心 忄 禺
㦚	bag	  心
㦛	bag	②   
㦜	bag	 又 忄 隹
㦝	bag	  豸
㦞	bag	 乛  寸 工 心
㦟	bag	 心 甲 豸
㦠	bag	  忄
㦡	bag	②  丶 忄 
㦢	bag	⑤  卩 忄 
㦣	bag	㐄  口 彳 心 𫝀
㦤	bag	 心 欠 豆
㦥	bag	 宀 心 忄 罒
㦦	bag	 忄 臼 𠁣 𠃛
㦧	bag	  
㦨	bag	忄 柬 𠁣 𠃛
㦩	bag	  忄 
㦪	bag	 又 忄 言
㦫	bag	 八 忄 目 
㦬	bag	 丶 忄 罒 隹
㦭	bag	    口 工 忄
㦮	bag	 ⸻
㦯	bag	 厶
㦰	bag	 人 
㦱	bag	 
㦲	bag	  
㦳	full	⿹ ⿶ ⿻    十 
㦴	bag	  夂
㦵	bag	 朱
㦶	bag	 十 厶
㦷	bag	  
㦸	bag	⺊  
㦹	bag	  勹 日
㦺	bag	   乚 厂 寸 𠄌
㦻	bag	  白 
㦼	bag	  人 臼
㦽	bag	   
㦾	bag	丶 也 尸
㦿	bag_ops	 木 
㧀	bag	丶 及 尸
㧁	bag	 厶 尸
㧂	bag	 田
㧃	bag	丩 扌
㧄	bag	凵 扌
㧅	bag_ops	  ⿹
㧆	bag	巾 
㧇	bag	 扌
㧈	bag	弓 扌
㧉	bag	 
㧊	bag	一 巾 扌
㧋	bag	扌 
㧌	bag_ops	 扌 
㧍	bag	 扌 𠃌
㧎	bag	扌 
㧏	bag	 扌
㧐	bag	 
㧑	bag	为 扌
㧒	bag	 
㧓	bag	扌 瓜
㧔	bag	戊 扌
㧕	bag	卩 扌 𠂎
㧖	bag	丶 乙 
㧗	bag	 扌 止
㧘	bag	 手 止
㧙	bag	 扌
㧚	bag	扌 瓦
㧛	bag	 手 𠂉
㧜	bag	匚 巾 扌
㧝	bag	 手 𠃌
㧞	bag	丿  𠂇
㧟	bag	匚 扌 
㧠	bag	厶 小 扌
㧡	bag	 扌 𠃋
㧢	bag	 扌
㧣	bag	扌 朱
㧤	bag	 厶 扌
㧥	bag	 扌 𠂒
㧦	bag	勹 
㧧	bag	 扌
㧨	bag	 
㧩	bag	一  扌
㧪	bag	 
㧫	bag	 扌
㧬	bag	 手
㧭	bag	工 手 阝
㧮	bag	扌 臼
㧯	bag	 扌 耂
㧰	bag	乐 扌
㧱	bag_ops	 
㧲	bag	宀 
㧳	bag	 手 扌 𠃌
㧴	bag	我 扌
㧵	bag	 
㧶	bag	扌 身
㧷	bag	 
㧸	bag	  
㧹	bag	一 寸 
㧺	bag	 
㧻	bag	 扌 𧰨
㧼	bag	扌 
㧽	bag	 扌
㧾	bag	 心 扌
㧿	bag	 扌 龰
㨀	bag	  
㨁	bag	 扌
㨂	bag	扌 東
㨃	bag	 
㨄	bag	 扌
㨅	bag	丨 人  扌
㨆	bag	扌 
㨇	bag	手 
㨈	bag	   扌
㨉	bag	 民
㨊	bag	工 扌 
㨋	bag	 耂
㨌	bag	 又 手 𠘧
㨍	bag	  手
㨎	bag	  冂 扌
㨏	bag	 山 扌 𠂇
㨐	bag	亻  木
㨑	bag	㐅 八 凵 夂 扌
㨒	bag	  扌
㨓	bag	 扌 牛
㨔	bag	 戊 扌
㨕	bag	丿  皿 𠄎
㨖	bag	 
㨗	bag	 扌 龰 
㨘	bag	 扌 目
㨙	bag	②  扌 𭕄
㨚	bag	 
㨛	bag	人 扌 𠁣 𠃛
㨜	bag	 ㇀  乚 扌
㨝	bag	⺌  月
㨞	bag	 扌 龶
㨟	bag	山 扌 豆
㨠	bag	 八 冖 
㨡	bag	一 囗 扌 𧰨
㨢	bag	 厶 
㨣	bag	八  厶 扌 
㨤	bag	匚 
㨥	bag	  冂 扌
㨦	bag_ops	 隹 
㨧	bag	 
㨨	bag	 扌 
㨩	bag	 廴 扌
㨪	bag	 
㨫	bag	 扌 
㨬	bag	 扌 𧘇
㨭	bag	 尸 
㨮	bag	②   
㨯	bag	 扌 阝
㨰	bag	  扌 𧘇
㨱	bag	 扌 言 𠂊
㨲	bag	 
㨳	bag	 宀 扌
㨴	bag	乙   𠂉
㨵	bag	   𠃌
㨶	bag	⑦ 扌 灬
㨷	bag	口 廿 扌 龶
㨸	bag	 心 扌
㨹	bag	  丨 
㨺	bag	入 入 巾 廿 扌
㨻	bag	 手 車 𠂆
㨼	bag	 手 田
㨽	bag	一 刂  田
㨾	bag	 扌 永
㨿	bag	 几 夂 扌
㩀	bag	 ㇀  勹 扌
㩁	bag	宀 
㩂	bag	扌 斗 角
㩃	bag	  扌
㩄	bag	山 心 
㩅	bag	丣 
㩆	bag	 尢 扌
㩇	bag	  
㩈	bag	  宀 扌 
㩉	bag	  扌 
㩊	bag	丿 寸  𭕄
㩋	bag	扌 肅
㩌	bag	 八 弓 扌 目
㩍	bag	 扌 
㩎	bag	  犬
㩏	bag	⑧ 扌 灬
㩐	bag	 扌 
㩑	bag	 
㩒	bag	扌 
㩓	bag	 手 
㩔	bag	 又  𠘧
㩕	bag	 冂 扌 龴
㩖	bag	 一  田
㩗	bag	丿 山  𠄎
㩘	bag	 我 扌
㩙	bag	  宀 扌
㩚	bag	 扌 𧰨
㩛	bag	⑧ 囗 寸 扌
㩜	bag	 皿 臣 𠂉
㩝	bag	  扌 𧰨
㩞	bag	  木
㩟	bag	 
㩠	bag	 广 扌 比 灬 
㩡	bag	   
㩢	bag	 戊 
㩣	bag	冖  扌 車 
㩤	bag	   𠃌
㩥	bag	 十 
㩦	bag	  隹
㩧	bag	 
㩨	bag	  丨  扌
㩩	bag	㇇ 丿  乚 亅 扌 頁
㩪	bag	  頁
㩫	bag	 丨 八 扌  𠂆
㩬	bag	② ⑥ ⺊ ㇀  乚 扌
㩭	bag	③ 㐅  冖 子 
㩮	bag	②   彐 手 扌
㩯	bag	  
㩰	bag	  
㩱	bag	⑤ 丿 寸  𭕄
㩲	bag	  隹
㩳	bag	 隹 隹
㩴	bag	扌 目 目 隹
㩵	bag	 ㇀   乚 冂  犬
㩶	bag	   乀  八 巾 扌 
㩷	bag	⑥  扌 灬
㩸	bag	冖 彑  田 田
㩹	bag	且  田 田 田
㩺	bag	 比
㩻	bag	㔾  又 𠂊
㩼	bag	  
㩽	bag	 束
㩾	bag	⑥  又
㩿	bag	乙 攵 𠂉
㪀	bag	于 攵
㪁	bag	⺊  又
㪂	bag	⺊  又 𠂉
㪃	bag	⺊  又 口
㪄	bag	 攵
㪅	bag	⺊  又
㪆	bag	⺊ 丶 又 氏
㪇	bag	 攵 𠂒
㪈	bag	⺊  又
㪉	bag	 攵
㪊	bag	⺊  又 口 
㪋	bag	⺊ 又 干 日
㪌	bag	⺊  又 龴
㪍	bag	 子 
㪎	bag	⺊   又
㪏	bag	⺊  又 白
㪐	bag	⺊ 丶 又 尸 犬
㪑	bag	 乚 人 
㪒	bag	⺊  又 臼
㪓	bag	③ ⺊  
㪔	bag	⺊ 又 
㪕	bag	⺊ ⺊ 十 
㪖	bag	⺊  又 彐
㪗	bag	⺊  又 口
㪘	bag	  攵
㪙	bag	攵 
㪚	bag	 攵 日
㪛	bag	⑤ ⺊  匚 又
㪜	bag	⺊  又 山
㪝	bag	⺊ 又 柬
㪞	bag	⺊  又 目
㪟	bag	 攵 日
㪠	bag	  
㪡	bag	⺊  又 
㪢	bag	⺊ 丨  臼
㪣	bag	 攵
㪤	bag	⑨ 
㪥	bag	 ⺊ ㇀ 且 乚 又
㪦	bag	 攵 由
㪧	bag	⺊   又  𠃌
㪨	bag	⺊  又 口
㪩	bag	⺊ 又 肅
㪪	bag	⺊  又 非
㪫	bag	⺊ ⺊   又 目
㪬	bag	⺊  又 隹 
㪭	bag	 ⺊  又 田 皿
㪮	bag	⺊  又  口
㪯	bag	 
㪰	bag	 米
㪱	bag	   冂 𠂊
㪲	bag	斗 𠃍
㪳	bag	㇣ 斗
㪴	bag	 斗
㪵	bag	 斗
㪶	bag	一 斗 白
㪷	bag	斗 豆
㪸	bag	 斗
㪹	bag	⑧ 女 斗
㪺	bag	 斗 目 目
㪻	bag	②  丶 小 小 斗 言
㪼	bag	 亅 口 𠂆
㪽	bag	 日 𠂆
㪾	bag	  𠂆
㪿	bag	  𠂆
㫀	bag	  𠂆
㫁	bag	    𠂆 𠃊
㫂	bag	  灬 𠂆
㫃	bag	 𠃌
㫄	bag	  勹 𠃌
㫅	bag	 丶  人 𠃌
㫆	bag	 小 𠃌
㫇	bag	  人 𠃌 𠃍
㫈	bag	㇣   人 𠃌
㫉	bag	㔾  厂 𠂊 𠃌
㫊	bag	 亅 口 
㫋	bag	 冉 
㫌	bag	 止 
㫍	bag	 亻 攵 
㫎	bag	 冖 車 
㫏	bag	 丨   
㫐	ordered	日 乚 丿
㫑	bag_ops	丿 日 
㫒	bag	 日
㫓	bag	乙 
㫔	ordered	日 
㫕	bag	 
㫖	ordered	⺊ 
㫗	bag	
㫘	bag	③ 
㫙	bag_ops	 日 
㫚	ordered	勹  日
㫛	bag	 
㫜	bag	 
㫝	bag	丶 日 氏
㫞	bag	 
㫟	bag	 𠘧
㫠	bag	 日
㫡	bag_ops	 夂 日 
㫢	bag	 日
㫣	bag	乚 日 
㫤	bag	㇇  亅 日
㫥	bag	丶  𠂊
㫦	bag	 日
㫧	bag	日 
㫨	bag_ops	 日 
㫩	bag	 
㫪	bag	 人 日
㫫	ordered	日 一 
㫬	bag	勹 
㫭	bag_ops	  
㫮	bag	 日 止
㫯	bag	 
㫰	bag	丶 日 艮
㫱	bag	④  
㫲	bag	 子 日
㫳	bag_ops	 日 𠄌  ⿸ ⿺
㫴	bag	子 
㫵	bag_ops	日 非 ⿰
㫶	bag	冖 巾 彐 日
㫷	bag	 日
㫸	bag	日 疌
㫹	bag	 日 𠂆
㫺	bag	  日
㫻	bag	 冂 
㫼	bag	 日 牛
㫽	bag	 日
㫾	bag	冂  日
㫿	bag	日 隹
㬀	bag	 
㬁	bag	 日 
㬂	bag	日 禺
㬃	bag	 厶 
㬄	bag	④  厂 日
㬅	bag	  𠃌
㬆	bag	 民
㬇	bag	  日 𠂊
㬈	bag	 皿
㬉	bag	  冂 日
㬊	bag_ops	    ⿸
㬋	bag	 日 
㬌	bag	 小 
㬍	bag	  月
㬎	bag	②  丶 日 
㬏	bag	   
㬐	bag	 
㬑	bag	 
㬒	bag	  犬
㬓	bag	  示
㬔	bag	  
㬕	bag	 日 礻
㬖	bag	 尸 攵 日
㬗	bag	冫 日 
㬘	bag	日 肅
㬙	bag	日 爲
㬚	bag	 攵 
㬛	bag	   
㬜	bag	 十 厶 厶 日
㬝	bag	  日
㬞	bag	 山  𠃊
㬟	ordered	勹  丷 囗 ⺌ 日
㬠	bag	彐 攵 日 灬 𠂊
㬡	bag	 冂 日 龴
㬢	bag	 我 日
㬣	bag	 十 
㬤	bag	②  丶  灬
㬥	bag	  日 米
㬦	bag	  隹
㬧	bag	②    小 日
㬨	bag	  
㬩	bag	  丨  日
㬪	bag	宀 彑  日
㬫	bag_ops	③  廿 日 灬  ⿳ ⿴ ⿺
㬬	bag	日 目 目 隹
㬭	bag	⑤ 丿  罒 𭕄
㬮	bag	 廿 日 隹
㬯	bag	  丷 几  
㬰	bag	人 日
㬱	bag	 日 
㬲	bag	  日 皿
㬳	bag	十 月 𠂉
㬴	bag	 
㬵	full	⿰ 月  丶 一 ⿱ 八 ⿻ 
㬶	bag	口 月 𠂒
㬷	bag	囗 月 木
㬸	bag	丨   月
㬹	bag	 月 
㬺	atomic_override	㬺
㬻	atomic_override	㬻
㬼	bag	夂 日  𠂉
㬽	bag	㇉   月
㬾	bag	  𠂉 𠘧
㬿	bag	  月
㭀	bag	  工 月 
㭁	bag_ops	 𠄎 ⿰ ⿹
㭂	bag	小 木
㭃	bag	 
㭄	bag	 木
㭅	bag	 一 
㭆	bag	丿 末 𠄎
㭇	bag	 
㭈	bag	 木 𠃍
㭉	bag	 
㭊	bag	木 片
㭋	bag	 
㭌	bag	木 牛
㭍	bag	 冫 木
㭎	bag	 木
㭏	bag	木 韦
㭐	bag	 末
㭑	bag	木 未
㭒	bag	㠯 木
㭓	bag	 
㭔	bag	乎 木
㭕	bag	 
㭖	bag_ops	 亻  
㭗	bag	木 皿
㭘	bag	 
㭙	bag	 木
㭚	bag	④ 木 𠂉
㭛	bag	④ 
㭜	bag	 木 𠂇
㭝	bag	九 
㭞	bag	 小 木 𠃌
㭟	bag	 朩
㭠	bag	 木 𠂒
㭡	bag	㐅 丿 
㭢	bag	 刂 木
㭣	bag	 门
㭤	bag	 
㭥	bag	木 
㭦	bag	 宀 木
㭧	bag	木 舟
㭨	bag	木 牙 阝
㭩	bag	丿 寸 
㭪	bag	 月 木
㭫	bag_ops	  
㭬	bag	一 木 𧰨
㭭	bag	  𠃌
㭮	bag	  
㭯	bag	木 耳 𠃊
㭰	bag	 朿 止
㭱	bag	匚 木 甲
㭲	bag	木 谷
㭳	bag	子 木 耂
㭴	bag	  木
㭵	bag	勹 木 田
㭶	bag	 十 木 𠃌
㭷	bag	 
㭸	bag	 
㭹	bag	 弓 木
㭺	bag	 
㭻	bag	⺌ 冂 
㭼	bag	 
㭽	bag	 木 氏
㭾	bag	 尸 木
㭿	bag	 
㮀	bag	丷  八 凵 木
㮁	bag	㐅 月 木 𠂇
㮂	bag_ops	 八  ⿴
㮃	bag	 
㮄	bag	  勹 木 𠃌
㮅	ordered	木 
㮆	bag	 人 木
㮇	bag	 人 小 木
㮈	bag	 
㮉	bag	 亻 木
㮊	bag	  龴
㮋	ordered	木 𠂇 月 阝
㮌	bag	 囗 木
㮍	bag_ops	  木 
㮎	bag	 木 皿
㮏	full	⿰  
㮐	bag	 
㮑	bag	 木 臼
㮒	ordered	木   一
㮓	bag	 忄 木
㮔	bag	木 重
㮕	bag	  冂 木
㮖	bag	木 革
㮗	bag	㇇   人 
㮘	bag_ops	 攵  ⿰ 
㮙	bag	  木
㮚	bag	⺊  囗 木
㮛	bag	 木 龰
㮜	bag	一  木 爿
㮝	bag	卩 木 谷
㮞	bag_ops	冫  欠 ⿰ 
㮟	ordered	木  
㮠	bag	 
㮡	bag	 巨 木
㮢	bag	 木 
㮣	bag	 朩
㮤	bag_ops	宀 木 谷 
㮥	bag	  田
㮦	bag	  小 木
㮧	atomic_override	㮧
㮨	bag	八 夂 木 田
㮩	bag	心 木 自
㮪	bag	 
㮫	bag	 木
㮬	bag	八   
㮭	bag	丷 囗 干 
㮮	bag	 手 木 𠃌
㮯	bag	一 囗 木 𧰨
㮰	bag	㐅 丿 囗 木 比
㮱	bag	丨  木 𠂒
㮲	bag	丨  勹 勹 木
㮳	bag	 月 木
㮴	bag	 木 臼
㮵	bag	 丹  
㮶	bag_ops	 月  
㮷	bag	 尢 
㮸	bag	 木 辶
㮹	bag	 攵 木
㮺	bag	 口 本
㮻	bag	丶 又 木 虫
㮼	bag	丶  尸 木 
㮽	bag_ops	又 木  ⿰ 
㮾	bag_ops	 月 
㮿	bag	⑨ 一 木
㯀	bag	 木 
㯁	bag	  阝
㯂	bag	⑤ 冖 巾 木
㯃	bag	丷  
㯄	bag	一 巴  𠂆
㯅	bag	 广 
㯆	bag	 木 生
㯇	bag	 木 非
㯈	bag	木 
㯉	bag	 ㇀ 乎 乚 木
㯊	bag	 木 止 灬
㯋	bag	 木 頁
㯌	bag	一 木 
㯍	bag_ops	冫  爿 𠂊 ⿰  ⿴
㯎	bag_ops	 言 ⿲
㯏	bag	 木 𠃜 𠘧
㯐	bag_ops	工 月 木  
㯑	bag	  弓 木 𠄌
㯒	bag	  𭕄
㯓	bag	   
㯔	bag_ops	    乚     ⿻
㯕	bag	 
㯖	bag	 心 木 罒
㯗	ordered	木 𠁣 𠃛 木
㯘	bag	 木 欠 示
㯙	bag	 攵 月 木
㯚	bag	 人  
㯛	bag	⑥   木
㯜	bag	   木
㯝	bag	 木 止
㯞	bag	  月 木
㯟	bag	 彑 
㯠	bag	 冖 木 牛
㯡	bag	丷   木
㯢	bag	 巳 木
㯣	bag	   𠃌
㯤	bag	  
㯥	bag	東 東
㯦	bag	 
㯧	bag	  
㯨	bag	  米
㯩	bag	  又 弓 木
㯪	bag	 冂 
㯫	bag	  木 𧰨
㯬	bag	 廴  
㯭	bag	  木 
㯮	bag	勹 木 罒 虫
㯯	bag	㐄 八 夂 
㯰	bag	 木 罒
㯱	bag	 冖  缶
㯲	bag	 
㯳	bag_ops	  
㯴	bag	 木 谷
㯵	bag	 木 重
㯶	bag	㐅   八 凵 夂 木
㯷	bag	  亻 木
㯸	bag	 木 灬 皿 
㯹	bag	 寸 
㯺	bag	一 木 罒 臣 𠂉
㯻	bag	 冖  𧰨
㯼	bag	   皿
㯽	bag	  𠃜
㯾	bag	 木 辶
㯿	bag	⑦ 㐅 囗 木 
㰀	bag	丷   勹 
㰁	bag	    
㰂	bag	 木 
㰃	bag	  巾 
㰄	bag	  八 
㰅	bag	 冂  辶
㰆	bag	 冖  非
㰇	bag	 十 木 非
㰈	bag	 車 辶
㰉	bag	    厶 
㰊	bag	   木
㰋	bag	木 止 頁 𣥂
㰌	bag	 木 隹
㰍	bag_ops	⑦  月  
㰎	bag	④ 山 木 隹
㰏	bag	  冂  木 
㰐	bag	工 月 木 辶 
㰑	bag	心 心 心 
㰒	bag	③ 㐅  冖 子 彐 木
㰓	bag	  臣 𠂉
㰔	bag	 又 木 言
㰕	bag	③ ㇉   
㰖	bag	  臣 𠂉
㰗	bag	⺊  小 戊 木 龰
㰘	bag	②  小 彑 木 米
㰙	bag	 廿 木 隹
㰚	bag	  隹
㰛	bag	 丨  十  白
㰜	bag	 八  頁 𠃊
㰝	bag	巳 欠
㰞	bag	山 
㰟	bag	 欠 𠂉
㰠	bag	 欠
㰡	bag	 欠
㰢	bag	 欠
㰣	bag	 欠 止
㰤	bag	 欠
㰥	bag	世 欠
㰦	bag	 欠
㰧	bag	 欠
㰨	bag	 欠
㰩	bag	欠 
㰪	bag	 欠
㰫	bag	 欠 𠂒
㰬	bag	勹 日 欠
㰭	bag	㇉  欠
㰮	bag	 欠 𠄌
㰯	bag	欠 豆
㰰	bag	  欠
㰱	bag	丿  欠
㰲	bag	  欠
㰳	bag	⑥  欠
㰴	bag	 欠
㰵	bag	 欠
㰶	bag	卜  欠
㰷	bag	 欠 𠂊
㰸	bag	  欠
㰹	bag	 戊 欠
㰺	bag	⑤  
㰻	bag	十 欠 豆
㰼	bag	  匚 欠
㰽	bag	匚  欠
㰾	bag	 欠 白 𠃌
㰿	bag	②  欠 𭕄
㱀	bag	丨  勹 勹 欠
㱁	bag	 欠 示
㱂	bag	广 欠 隶
㱃	bag	 欠 酉
㱄	bag	⑧ 欠 灬
㱅	bag	 欠 豆
㱆	bag	 欠 豆
㱇	bag	 人  欠
㱈	bag	 欠 示
㱉	bag	 未 欠
㱊	bag	⑧ 夂 心 欠
㱋	bag	 欠 隹
㱌	bag	欠 耳 耳 耳
㱍	bag	②  丶 小 小 欠 言
㱎	bag	⑤ 欠 灬 田 罒 𠂊
㱏	bag	 止
㱐	bag	㱐
㱑	bag	丶 止 𠂊
㱒	bag_ops	 止 
㱓	bag	 止 龴
㱔	bag	 止 𠂊
㱕	bag	冖 巾 彐 止
㱖	bag	 止
㱗	bag	止 犬 自
㱘	bag	 厂 月 止 犬
㱙	bag	㇉  𠂊
㱚	bag	 月 𠂊
㱛	bag	 
㱜	bag	 龰 𠂊
㱝	bag	  𠂊 𠃌
㱞	bag	 丷 𠂊
㱟	bag	 皮 𠂊
㱠	bag	  𠂊
㱡	bag	 𠂊 𠂒
㱢	bag	 艮 𠂊
㱣	bag	 女 𠂊 𭕄
㱤	bag	 丶  𠂊
㱥	bag	  夂 𠂊
㱦	bag	  亅 人 
㱧	bag	㔾  宀 
㱨	bag	 宀 龰 𠂊
㱩	bag	  𠂊
㱪	bag	 日 民 𠂊
㱫	bag	 柬 𠂊
㱬	bag	   𠄌
㱭	bag	⑤  又 𠂊 𠘧
㱮	bag	 丶  𠂊
㱯	bag	 山 豆 𠂊
㱰	bag	 丷 十 宀 𠂊
㱱	bag	  
㱲	bag	 八 皿 𠂊
㱳	bag	   𠂊
㱴	bag	 八  𠂊
㱵	bag	 丶  十 目 𠂊
㱶	bag	 彡 豆 𠂊
㱷	bag	 木 隹 𠂊
㱸	bag	 丷  𠂊
㱹	bag	 丿 厂  止 𠂊
㱺	bag	 ㇀  田 皿 𠂊
㱻	bag	    月 𠂊 𠃊
㱼	bag	又 巳 𠘧
㱽	bag	冘 
㱾	bag	 又 𠃋 𠘧
㱿	bag	  
㲀	bag	 又 𠄌 𠘧
㲁	bag	八 又 宀 工 𠘧
㲂	bag	⺌ 冂 又 口 𠘧
㲃	bag	⺊   𠘧
㲄	bag	  十 
㲅	bag	 又  𠘧
㲆	bag	  又 龴 𠃜 𠘧
㲇	bag	  夂 𠃜 𠘧
㲈	bag	 又  𠃜 𠘧
㲉	bag	   𠂎 𠘧
㲊	bag	  八 又 目 𠘧
㲋	bag	口 比 𠂊
㲌	bag	 𠄎
㲍	bag	 又
㲎	bag	  ⸻
㲏	bag	 片
㲐	bag	㇇  人
㲑	bag	㇇  乚 亅 ⸻
㲒	bag	 
㲓	bag	 戊
㲔	bag	  
㲕	bag	 寸 𭕄
㲖	bag	⺌  月
㲗	bag	 
㲘	bag_ops	 八 目  ⿻
㲙	bag	  厶
㲚	bag	 小 氵
㲛	bag	   𠂉
㲜	bag_ops	   
㲝	bag	 隹
㲞	bag	  十
㲟	bag	  央
㲠	bag	 攵 未
㲡	bag	 
㲢	bag	 
㲣	bag	  又 臼
㲤	bag	   𧘇
㲥	bag	  
㲦	bag	  
㲧	bag	 又 虫
㲨	bag	  耳
㲩	bag_ops	  日    ⿹ 
㲪	bag	  豆
㲫	bag	   
㲬	bag	 灬 隹
㲭	bag	   八 八
㲮	bag	   口 
㲯	bag	 皿 臣 𠂉
㲰	bag	  亅 宀 心 皿
㲱	bag	⑦ 㐅  
㲲	bag	  田 田 田
㲳	bag	 氏
㲴	bag	 乁 
㲵	bag	⺌  月 𠂉
㲶	bag	⺊ 㐅   乁 
㲷	bag	 乁  甲 𠂉
㲸	bag	乙 
㲹	bag	几 氵
㲺	bag	 氵
㲻	bag	 亻
㲼	bag	 氵
㲽	bag	 
㲾	bag	 宀
㲿	bag	广 
㳀	bag	 
㳁	bag	人 厂 氵
㳂	bag	 氵
㳃	bag	九 十 氵
㳄	bag	欠 
㳅	bag	 氵
㳆	bag	斗 氵
㳇	bag	 氵
㳈	bag	氵 𣎳
㳉	bag	月 
㳊	bag	攵 氵
㳋	bag	丘 氵
㳌	bag	氵 甲
㳍	bag	巾 氵 𠂇
㳎	bag	 厶 氵
㳏	bag	史 氵
㳐	bag	乚 
㳑	bag	氵 皿
㳒	bag	 
㳓	bag	 𠂇
㳔	bag	又 寸 氵
㳕	bag	 氵
㳖	bag	 
㳗	bag	 
㳘	bag	 厶 氵
㳙	bag	⺆ 冫 厶 氵
㳚	bag	丶 戊 氵
㳛	bag	人 氵 臼
㳜	bag	亻 
㳝	bag	  氵
㳞	bag	 口 
㳟	bag	 
㳠	bag	 氵 辶
㳡	bag	寸 氵 辶
㳢	bag	 氵
㳣	bag	 耂
㳤	bag	⑦ 氵
㳥	bag	  氵
㳦	bag	 氵
㳧	bag	氵 耳 𠃊
㳨	bag	 氵 𠂊 
㳩	bag	丹 工 氵
㳪	bag	 
㳫	bag	 臼
㳬	bag	氵 疋 𠂉
㳭	bag	 氵
㳮	bag	 
㳯	bag	 氵
㳰	bag	 厶 氵
㳱	bag	 阝
㳲	bag	 氵 氵
㳳	bag	  氵
㳴	bag	 心 氵
㳵	bag	 
㳶	bag	  𭕄
㳷	bag	 曰 氵
㳸	bag	丨   氵
㳹	bag	 
㳺	bag	子 扌 
㳻	bag	 氵
㳼	bag	㇇   乚 亅 口
㳽	bag	小  𠂊
㳾	bag	 乚 氵
㳿	bag	 
㴀	bag	② 丨  十 氵
㴁	bag	 井 人 氵
㴂	bag	冉 工 氵
㴃	bag	㇇ 丿  
㴄	bag	 冂 囗 氵
㴅	bag	㇇ 丿  乚 亅 
㴆	bag	冖 巾 彐 氵
㴇	bag_ops	㇇ ㇇ ㇇   乀 乀  亅 ⿲ ⿲ ⿲ ⿲ ⿺ ⿺ ⿺
㴈	bag	丘 山 氵
㴉	bag	 厶 厶 氵
㴊	bag	 刂 氵
㴋	bag	氵 肃
㴌	bag	 女 
㴍	bag	承 氵
㴎	bag	 氵 示
㴏	bag	  宀 氵
㴐	bag	丏 氵 目
㴑	bag	 广 氵
㴒	bag	④   氵
㴓	bag	心 氵 田
㴔	bag	 氵 𠂊
㴕	bag	 
㴖	bag	氵 革
㴗	bag	 氵
㴘	bag	 氵 目
㴙	bag	 氵 臼
㴚	bag	 氵 𧰨
㴛	bag	 攵 氵
㴜	bag	 氵
㴝	bag	㇇ 丿  人 刂 木
㴞	bag	  𭕄
㴟	bag	厂 子 
㴠	bag	 凵 又 
㴡	bag	丿  氵
㴢	bag	  氵
㴣	bag	  氵
㴤	bag	 
㴥	bag	⺌ 山 
㴦	bag	丿  氵
㴧	bag	心 氵 自
㴨	bag	 
㴩	bag	 氵 
㴪	bag	 自
㴫	bag	 氵 阝 
㴬	bag	寸 氵 身
㴭	bag	 
㴮	bag	⺌ 尸 
㴯	bag	 日 
㴰	bag	 厶 氵
㴱	bag	 人  氵
㴲	bag	 几 
㴳	bag_ops	 尢 彡 氵 ⿱ ⿲ ⿷ ⿺
㴴	bag	 八 氵 𠃊
㴵	bag	 氵 皿
㴶	bag	冖 氵 隹
㴷	bag	冘 氵 耳
㴸	bag	人 氵 𠁣 𠃛
㴹	bag	 辶
㴺	bag	  氵 氵
㴻	bag	寸 氵 豆
㴼	bag	 
㴽	bag	 
㴾	bag	  氵
㴿	bag	 氵 頁
㵀	bag	  
㵁	ordered	氵 十 丨   丨
㵂	bag	 氵 灬
㵃	bag	 氵 虫
㵄	bag	 人 
㵅	bag	 八 氵 目
㵆	bag	 氵 𠂒
㵇	bag	 氵 甘
㵈	bag	 女 氵 氵
㵉	bag	 氵 氵
㵊	bag	 氵 耳
㵋	bag	八 氵 目 罒
㵌	bag	十 彳 氵 
㵍	bag	心 氵 𠁣 𠃛
㵎	bag	 𠁣 𠃛
㵏	bag	   氵
㵐	bag	 厂 欠 氵
㵑	bag	  目 𠃌
㵒	bag	 八  目
㵓	bag	  龰
㵔	bag	  耂
㵕	bag	 厶 厶 厶 小 氵
㵖	bag	  小 氵
㵗	bag	⑥  冫 灬
㵘	bag	㇇ ㇇ ㇇ ㇇  丿  乀 乀 乀  
㵙	bag	 氵 豆
㵚	bag	  人  氵
㵛	bag	 
㵜	bag	 氵 氵
㵝	bag	   𧘇
㵞	bag	丿  心 
㵟	bag	 彳 攵 氵
㵠	bag	丨 八  宀 
㵡	bag	  氵
㵢	bag	 氵 田
㵣	bag	 欠 氵 𠃊
㵤	bag	   氵 
㵥	bag	 心 氵 皿
㵦	bag	工  辶 𠂇
㵧	ordered	氵 十 丨  𠃊 人
㵨	bag	㇇   
㵩	bag	世  
㵪	bag	  欠 氵
㵫	bag	子 子 子 
㵬	bag	丿 又  皿 𠄎
㵭	bag	 灬 耂
㵮	bag	  廿 氵
㵯	bag	⑦ 一 几 氵 灬
㵰	bag	②   彐 氵
㵱	bag	 寸 氵 示
㵲	bag	  𠂊
㵳	bag	 宀 彡 氵 
㵴	bag	 氵 
㵵	bag	乑  耳
㵶	bag	 氵 隹
㵷	bag	  氵
㵸	bag	  
㵹	bag	 山 
㵺	bag	丿  十  
㵻	bag	  臼
㵼	bag	冖 勹 氵 灬 臼
㵽	bag	氵 田 田 田
㵾	bag	  
㵿	bag	 白 白
㶀	bag	 彡  
㶁	bag	  几 寸 氵 𭕄
㶂	bag	 氵 
㶃	bag	一 卌 氵 氵 灬 𠂉
㶄	bag	勹 氵 臼 𠁣 𠃛
㶅	bag	③ 㐅  冖 子 彐 氵
㶆	bag	 耂 言
㶇	bag	  由
㶈	bag	 冖 氵 虫
㶉	bag	② ④  氵 𭕄
㶊	bag	氵 臣 頁
㶋	bag	 氵 生 𧰨
㶌	bag	 丱  氵 耳
㶍	bag	 氵 灬 
㶎	bag	 氵 罒 辶 𧘇
㶏	bag	  氵 
㶐	bag	亻 广 心 氵 隹
㶑	bag	   氵
㶒	bag	⑥ 氵 灬 𠁣 𠃛
㶓	bag	 氵 
㶔	bag	 氵 罒 罒 罒
㶕	bag	  𠁣  𠃛
㶖	bag	⑧   灬
㶗	bag	② ㇇  亅 小 母 白 𠂉
㶘	bag	    
㶙	bag	 氵 氵 生 𧰨
㶚	bag	  革
㶛	bag	   彐 氵 
㶜	bag	  丷  刂 尸 
㶝	bag	亻 广 心 氵 氵 隹
㶞	bag	 井   𧘇
㶟	bag	 氵 田 田 田
㶠	bag	⑥  氵 灬 罒
㶡	bag	 几
㶢	bag	九 
㶣	bag_ops	 干 
㶤	bag	 八 𠂊
㶥	bag_ops	 干 
㶦	bag	  龴
㶧	bag	 
㶨	bag	 灬
㶩	bag	 冘
㶪	bag_ops	③  八 
㶫	bag	  
㶬	bag	 末
㶭	bag	  𠃌
㶮	bag_ops	 冂 
㶯	bag	 卩 𠂎
㶰	bag	 甘
㶱	bag	 本
㶲	bag	  
㶳	bag	  
㶴	bag	  
㶵	bag	  灬
㶶	bag	 
㶷	bag	 勹 日
㶸	bag	 丿   𠃌
㶹	bag	  工
㶺	bag	  
㶻	bag	 灬
㶼	bag	 
㶽	bag	  口
㶾	bag	 丨  口
㶿	bag	  子
㷀	bag	⺄  
㷁	bag	  
㷂	bag	 又 臣
㷃	bag	   𠄌
㷄	bag	 
㷅	bag	 又 耳
㷆	bag	㠯  
㷇	bag	  
㷈	bag	  日
㷉	bag	 八 
㷊	bag	 灬
㷋	full	    ⿱ 
㷌	bag	 冖 巾 彐
㷍	bag	  
㷎	bag	 勹 日 𠃊
㷏	bag	  木 𠂉
㷐	bag	  臼
㷑	bag_ops	 丨    
㷒	bag	 禺
㷓	bag	丶   勹 心
㷔	bag	  日 𭕄
㷕	ordered	丷 酉 
㷖	bag	丿   𠃌
㷗	bag	㇓ 㠯  巳
㷘	bag	 厶 
㷙	bag	  
㷚	bag	  
㷛	bag	 灬
㷜	bag	④  
㷝	bag	 
㷞	bag	 厂 子 日
㷟	bag	㠯 丿  辶
㷠	bag	㐄 丶  𠂊
㷡	bag	 巨 目
㷢	bag	  工
㷣	bag	  牛
㷤	bag	 八  
㷥	bag	㇇   
㷦	bag	 灬 耳
㷧	bag	  白
㷨	bag	  夂 山
㷩	bag	㇓  己 臣
㷪	bag	丿  隹 𠄎
㷫	bag	  又 𠃜 𠘧
㷬	bag	 
㷭	bag_ops	  夂 辶   
㷮	bag	 八 日 曲
㷯	bag	   
㷰	bag	  冂 凵 厶
㷱	bag	⺆ 一  厶 厶 灬
㷲	bag	丿  重 𠃌
㷳	bag	 八 厂 隹
㷴	bag	  厂 
㷵	bag	⑧  灬
㷶	bag	   灬
㷷	bag	   巳 巳
㷸	bag	⑦  日
㷹	bag	⺊ 丨 人  
㷺	bag	 勹 攵 臼
㷻	bag	 八 卌 灬 𠂉
㷼	bag	  口 廿
㷽	bag	  口
㷾	bag	   𧰨
㷿	bag	   
㸀	bag	  冂 
㸁	bag	  未
㸂	bag_ops	    ⿺
㸃	ordered	⑧  灬
㸄	bag_ops	③    𠃌   ⿲ ⿲ ⿹
㸅	bag	⑤   卩 
㸆	bag	 
㸇	bag	  目
㸈	bag	 隹 隹
㸉	bag	   八 
㸊	bag	 八 束 目 𠂊
㸋	bag	 丿   𠂊
㸌	bag	   隹
㸍	bag	 ㇀  乚  豆
㸎	bag	 耳 耳 耳
㸏	bag	  非
㸐	bag	 廿 灬 隹
㸑	bag	③    彐 
㸒	bag	  𭕄
㸓	bag	丿 日 𭕄
㸔	bag	 目 𠂇
㸕	bag	又 爪 隹
㸖	bag	且 
㸗	bag	  口
㸘	bag	  罒
㸙	bag	 
㸚	bag	 丿  乀
㸛	bag	 爿 𠃌
㸜	bag	 爿
㸝	bag	欠 片
㸞	bag	片 片
㸟	bag	 日 片
㸠	bag	兆 片
㸡	bag	朱 片
㸢	bag	 片
㸣	bag	 未 片
㸤	bag	  片
㸥	bag	 口 比 片 
㸦	bag	㸦
㸧	bag	牙 艮
㸨	bag	丩 牛
㸩	bag	干 牛
㸪	bag	川 牛
㸫	bag	 牛 𠂆
㸬	bag	一 巾 牛
㸭	bag	巴 牛
㸮	bag	 牛 𠃌
㸯	bag	斗 牛
㸰	bag	 牛
㸱	bag	也 牛 𠂉
㸲	bag	乍 牛
㸳	bag	 牛 龴
㸴	bag	 牛
㸵	bag	 牛
㸶	bag	 牛
㸷	bag	 牛 𠃌
㸸	bag	 牛 𠂆
㸹	bag	丿 寸 牛 𭕄
㸺	bag	 氵 牛
㸻	bag	 牛 𠂉
㸼	bag	 牛
㸽	bag	八 牛 目
㸾	bag	 牛 𠃌
㸿	bag	  牛
㹀	bag	 子 牛
㹁	bag	 牛
㹂	bag	又 牛 臣
㹃	bag	牛 非
㹄	bag	八 夂 牛 田
㹅	bag	丶  心 牛
㹆	bag	冖 牛 車
㹇	bag	 牛 𠃊
㹈	bag	攵 未 牛
㹉	bag	 牛 白
㹊	bag	冖 牛 隹
㹋	bag	 彡 牛
㹌	bag	 牛 生
㹍	bag	 牛
㹎	bag	 牛 田
㹏	bag	口 廿 牛 龶
㹐	bag	 彳 牛 龰
㹑	bag	  八 牛 目
㹒	bag	  牛
㹓	bag	   十 牛
㹔	bag	 一 牛 田 田
㹕	bag	 牛 頁
㹖	bag	 人 牛 𧰨
㹗	bag	 乛  寸 工 牛
㹘	bag	 冂 冂 牛
㹙	bag	 冖 牛 目
㹚	bag	丿  冖  牛
㹛	bag	 夂 巳 止 牛 自
㹜	bag	犬 
㹝	bag	氏 犭
㹞	bag	 犭 𠂆
㹟	bag	 犭 𠃍
㹠	bag	 犭
㹡	bag	 犭
㹢	bag_ops	 犭  ⿰ ⿻
㹣	bag	 夂 犭
㹤	bag	 犭
㹥	bag	 犭
㹦	bag_ops	 犭 
㹧	bag	央 犭
㹨	bag	犭 由
㹩	bag	 犭
㹪	bag	册 犭
㹫	bag	 弓 犭
㹬	bag	一 史 犭
㹭	bag	曳 犭
㹮	bag	一 犭 白
㹯	bag	亻 木 犭
㹰	bag	 犭
㹱	bag	口 犭 龰
㹲	bag	子 犭 耂
㹳	bag	 犭 𫝀
㹴	bag	 
㹵	bag	一 工 犭 
㹶	bag	 犭
㹷	bag	㐅 巾 犬 𠂇
㹸	bag	 犭 白
㹹	bag	 广 犭 
㹺	bag	 
㹻	bag	 木 犭
㹼	bag	勹 犭 米
㹽	bag	  犭
㹾	bag	卜  犭
㹿	bag	⺊  犭
㺀	bag	 心 犭
㺁	bag	㐅 丿 囗 犭 
㺂	bag	 戊 犭
㺃	bag	  犭
㺄	bag	 犭
㺅	bag	 厂 犭 
㺆	bag	 犭 讠 贝
㺇	bag	 𦣞
㺈	bag	 凵 
㺉	bag	  又 犬 𠘧
㺊	bag	 心 犭
㺋	bag	八  厶 犭 
㺌	bag	 犭 
㺍	bag	丘  犭
㺎	bag	 广 月 犭 
㺏	bag	⑧ 女 犭
㺐	bag	 犭 
㺑	bag	人 厶 厶 厶 彡 犭
㺒	bag	 彡 犭 
㺓	bag	八 犭 
㺔	bag	爲 犭
㺕	bag	丿 犭 
㺖	bag	 犭 耳
㺗	bag	 犭 甲
㺘	bag	灬 犭 隹
㺙	bag	宀 母 犭 贝
㺚	bag	 十 犭 辶
㺛	bag	⑥  灬 犭
㺜	bag	 曲 犭 𠄌
㺝	bag	丶  臣 𠂉
㺞	bag	②   彐 犭
㺟	bag	 犭 隹 
㺠	bag	 犭 瓜 瓜
㺡	bag	 厂  止 犭
㺢	bag	 犭 隹
㺣	bag	 ㇀  乚 犭 豆
㺤	bag	  犭 非
㺥	bag	 口 比 犭 
㺦	bag	 丱  犭 耳
㺧	bag	  犭 頁
㺨	bag_ops	 
㺩	bag	 丩 十
㺪	ordered	 
㺫	bag	 刂 
㺬	bag	⺄ 
㺭	bag	 
㺮	bag	㇉ 
㺯	bag	 
㺰	bag_ops	  巾 
㺱	bag	  十 𠄎
㺲	bag	 丑 十
㺳	bag	⺊  
㺴	bag	 犬
㺵	bag	 欠
㺶	bag	 斗
㺷	bag	 𣎳
㺸	bag	  
㺹	bag	  
㺺	bag	 
㺻	bag_ops	  巾 
㺼	bag	 疋 ⸻
㺽	bag	③ 
㺾	bag_ops	   ⿵
㺿	bag	 𦣞
㻀	ordered	  
㻁	bag	 
㻂	bag	 十
㻃	bag	 曲
㻄	bag	  龰
㻅	bag	  厶
㻆	bag	⺆   厶
㻇	ordered	   
㻈	bag	  𠂆
㻉	bag	 
㻊	bag	⑤  𠂊
㻋	bag	 束
㻌	bag	 十 朩
㻍	bag	 
㻎	bag	 
㻏	bag	  彐
㻐	bag	  厶 夂
㻑	bag	 十 子 木
㻒	bag	 十 囗 木
㻓	bag	 又 耳
㻔	bag	⑥  
㻕	bag	 凵 十 尸
㻖	bag	 隶
㻗	bag	 非
㻘	bag	 宀 申
㻙	bag	  月
㻚	bag	 
㻛	ordered	  勹 
㻜	bag	  龰
㻝	bag	 束
㻞	bag	 丶  十 尸
㻟	bag	 工 
㻠	bag	  宀 犬
㻡	bag	 世 十 木
㻢	bag	  十 
㻣	bag	⑤  
㻤	bag	 勹  
㻥	bag	 酉
㻦	bag	 禺
㻧	bag	㐄  
㻨	bag	   臣
㻩	bag	  
㻪	bag	 十 隹 𠄎
㻫	bag	⑨  
㻬	bag	  八 
㻭	bag	②  丷 
㻮	bag	②   
㻯	bag	 ㇀  乎 乚 十
㻰	bag	    彐
㻱	bag	 十 夂 辶
㻲	bag	⑧  女
㻳	bag	  十 木
㻴	bag	  罒
㻵	bag	 子 子 子 尸
㻶	bag	  十  
㻷	bag	 朿 朿
㻸	bag	 旡 旡 日
㻹	bag	   𧰨
㻺	bag	   
㻻	bag	   
㻼	bag	   日
㻽	bag	④  隹
㻾	bag	 乡 十 隹
㻿	bag	 勹 十 罒 虫
㼀	bag	   辶
㼁	bag	   我
㼂	bag	   十 彐
㼃	bag	⑦ 㐅  囗 
㼄	bag	   十 田
㼅	bag	  广 由
㼆	bag	    十
㼇	bag	④  山 隹
㼈	bag	  罒 隹
㼉	bag	冘 瓜
㼊	bag	 瓜
㼋	bag	 瓜
㼌	bag	瓜 瓜
㼍	bag	一 未 瓜
㼎	bag	 瓜
㼏	bag	 瓜 𭕄
㼐	bag	 瓜
㼑	bag	柬 瓜
㼒	bag	 丿 勹 日 瓜
㼓	bag	 瓜 
㼔	bag	日 瓜 皿
㼕	bag	 瓜 田
㼖	bag	彑 瓜 虫 虫 𧰨
㼗	bag	 瓦
㼘	bag	山 瓦
㼙	bag	巾 瓦
㼚	bag	 瓦
㼛	bag	 瓦
㼜	bag	央 瓦
㼝	bag	 瓦 𠂊
㼞	bag	 瓦
㼟	bag	瓦 白
㼠	bag	 瓦
㼡	bag	朱 瓦
㼢	bag	瓦 𦣞
㼣	bag_ops	一 瓦 白 
㼤	bag	 瓦 𠃌
㼥	bag	 瓦 耂
㼦	bag	 瓦
㼧	bag	 瓦 龴
㼨	bag	 瓦
㼩	bag	戊 瓦 𠃌
㼪	bag	  瓦
㼫	bag	 瓦
㼬	bag	 瓦
㼭	bag	⺊  瓦
㼮	bag	 女 瓦 
㼯	bag	東 瓦
㼰	bag	 瓦 白
㼱	bag	③  冖 瓦
㼲	bag	  冂 瓦
㼳	bag	 瓦 目
㼴	bag	瓦 禺
㼵	bag	 瓦 龰
㼶	bag	 瓦
㼷	bag	 山 瓦
㼸	bag	宀 瓦 谷
㼹	bag	 瓦 𠃊
㼺	bag	 广 瓦 
㼻	bag	 彳 瓦 龰
㼼	bag	 瓦 示
㼽	bag	   乀 人 瓦
㼾	bag	 广 比 瓦 
㼿	bag	 瓦 甲
㽀	bag	 人 瓦 酉
㽁	bag	 厂  瓦
㽂	bag	  瓦 
㽃	bag	丿 瓦 
㽄	bag	 瓦 𠂆
㽅	bag	 瓦 豆
㽆	bag	 瓦 田
㽇	bag	③ 㐅  冖 彐 瓦
㽈	bag	 瓦 
㽉	bag	一 瓦 罒 臣 𠂉
㽊	bag	 又 瓦 言
㽋	bag	②  丶 小 小 瓦 言
㽌	bag	③   冂 瓦 
㽍	bag	瓦 甘
㽎	bag	⑤  冘 匚
㽏	bag	 氵 甘
㽐	bag	 甘 
㽑	bag	  日 甘
㽒	ordered	田  生
㽓	bag	生 生 生
㽔	bag	 生 𧰨
㽕	bag	㇉ 由 𠃌
㽖	bag_ops	 ⿰ ⿻
㽗	bag	人 
㽘	bag	 田
㽙	bag	 田
㽚	bag	牛 田
㽛	bag	 田
㽜	bag	 
㽝	bag	 
㽞	bag	 田
㽟	bag	丿 寸 田 𭕄
㽠	bag	  田
㽡	bag	 田 白
㽢	bag	 日 田
㽣	bag	  田
㽤	bag	勹 
㽥	bag	 木 田 龴
㽦	bag	 冖 田
㽧	bag	 田
㽨	bag	 工 田
㽩	bag	人 厶 厶 厶 彡 田
㽪	bag	  田
㽫	bag	 乡 田 隹
㽬	bag	  田 田
㽭	bag	 冂 冂 田
㽮	bag	生 田 田 田
㽯	bag	 口 山 田 隹
㽰	bag	 疋
㽱	bag	丩 疒
㽲	bag	 疒
㽳	bag	于 疒
㽴	bag	丈 疒
㽵	bag	 疒
㽶	bag	己 疒
㽷	bag	 疒
㽸	bag	冘 疒
㽹	bag	又 疒 𠂆
㽺	bag	及 疒
㽻	bag	 疒
㽼	bag	丨 弓 疒
㽽	bag	 疒
㽾	bag	 疒
㽿	bag	瓜 疒
㾀	bag	 疒
㾁	bag	 疒
㾂	bag	 疒
㾃	bag	 疒
㾄	bag	由 疒
㾅	bag	㇉  疒
㾆	bag	冉 疒
㾇	bag	疒 
㾈	bag	 疒
㾉	bag	 
㾊	bag	朿 疒
㾋	bag	亻 木 疒
㾌	bag	 疒 𠂒
㾍	bag	 疒
㾎	bag	凹 疒
㾏	bag	 疒
㾐	bag	 疒 𠂊
㾑	bag	 
㾒	bag	 疒
㾓	bag	口 月 疒
㾔	bag	 疒
㾕	bag	 疒
㾖	bag	 甲 疒
㾗	bag	丶 疒 艮
㾘	bag	 日 疒
㾙	bag	㐅 巾 疒 𠂇
㾚	bag	 止 疒
㾛	bag	 又 疒 
㾜	bag	  疒
㾝	bag	疒 車
㾞	bag	疒 酉
㾟	bag	止 疒 𣥂
㾠	bag	 犭 疒
㾡	bag	 厶 疒
㾢	bag	 木 疒
㾣	bag	 十 疒
㾤	bag	 疒
㾥	bag	 疒
㾦	bag	 疒
㾧	bag	 疒
㾨	bag	 疒
㾩	bag	 十 疒
㾪	bag	 疒 目
㾫	bag	 疒
㾬	bag	比 疒 白
㾭	bag	丿  木 疒
㾮	bag	 疒 白
㾯	bag	 田 疒 𠄌
㾰	bag	 月 疒
㾱	bag	  疒
㾲	bag	丿 攵 疒 
㾳	bag	冫 女 欠 疒
㾴	bag	且 木 疒
㾵	bag	十 疒 言
㾶	bag	⑤ 月 疒
㾷	bag	 几 疒 𠂆
㾸	bag	 疒
㾹	bag	 木 止 疒
㾺	bag	⑥ 灬 疒
㾻	bag	 疒 阝
㾼	bag	疒 
㾽	bag	㠯 丿 疒 辶
㾾	bag	 疒 
㾿	bag	 疒 阝
㿀	bag	 十 疒
㿁	bag	 疒 白
㿂	bag	 十 攵 疒
㿃	bag	⑤ 冖 巾 疒
㿄	bag	 又  𠘧
㿅	bag	彳 止 疒 龰
㿆	bag	 木 疒 𧘇
㿇	bag	 疒 白 
㿈	bag	乡 疒 隹
㿉	bag	  疒 目
㿊	bag	旡 旡 日 疒
㿋	bag	  疒
㿌	bag	   疒
㿍	bag	丿 牛 疒 
㿎	bag	  疒 目
㿏	bag	 疒 
㿐	bag	 十 疒 龰 
㿑	bag	 疒 隹 
㿒	bag	 乛  寸 工 疒
㿓	bag	  口 疒 龰
㿔	bag	田 田 田 疒
㿕	bag	勹 疒 臼 𠁣 𠃛
㿖	bag	 田 疒 皿
㿗	bag	丿 几 木 疒 頁
㿘	bag	丿  冖  疒
㿙	bag	 疒 罒 罒 罒
㿚	bag	 丶 疒 罒 隹
㿛	bag	 丨 冂 冂 广 比 疒 
㿜	bag	   疒 自
㿝	bag	厶 白
㿞	bag	 白
㿟	bag	白 
㿠	bag	 白
㿡	bag	兆 白
㿢	bag	 白
㿣	bag	 白 𠃊
㿤	bag	 日 白
㿥	bag	冖 白 隹
㿦	bag	 白 𠃜 𠘧
㿧	bag	 乛  寸 工 白
㿨	bag	 厂  止 白
㿩	bag	⑧  灬 白
㿪	bag	 皮
㿫	bag	比 皮
㿬	bag	巴 皮
㿭	bag	 皮 𠂆
㿮	bag	央 皮
㿯	bag	 皮
㿰	bag	 皮
㿱	bag	 皮 𠂆
㿲	bag	 皮
㿳	bag	田 皮 
㿴	bag	 皮 耳
㿵	bag	  冂 皮
㿶	bag	 皮 𠃌
㿷	bag	 工 皮
㿸	bag	 皮 罒
㿹	bag	 十 皮 辶
㿺	bag	 日 皮
㿻	bag	干 皿
㿼	bag	 皿
㿽	bag	 八 
㿾	bag	 宀 皿
㿿	bag	疋 皿
䀀	bag	㔾 氵 皿
䀁	bag	月 皿 𠂇
䀂	bag	 皿
䀃	bag	一 皿 𧰨
䀄	bag	 心 皿
䀅	bag	 皿 礻
䀆	bag	  皿 
䀇	bag	 皿 缶
䀈	bag	 皿
䀉	bag	  皿
䀊	bag	 彡 氵 皿 
䀋	bag	⺊ 㐅   十 囗 
䀌	bag	 白 白 皿 
䀍	bag	  夂 工 日 皿 目
䀎	bag	 目
䀏	bag	勹 目
䀐	bag	彡 目
䀑	bag	丶 又 
䀒	bag	 目
䀓	bag	 目
䀔	bag	 目 𠃌
䀕	bag	丨 弓 目
䀖	bag	 
䀗	bag	 目 𠃍
䀘	bag	 目
䀙	bag	 目 𠃌
䀚	bag	 目
䀛	bag_ops	 目 ⿰ 
䀜	bag_ops	  ⿹
䀝	bag	比 目
䀞	bag	斗 目
䀟	bag	 目
䀠	bag	目 
䀡	bag	 目
䀢	bag	 目 𠂉
䀣	bag	 目
䀤	bag	 目 𠂊
䀥	bag	乐 目
䀦	bag	 
䀧	bag	 目
䀨	bag	 目
䀩	bag	 目
䀪	bag	 彳 
䀫	bag	 目
䀬	bag	 目
䀭	bag	 目 𠃋
䀮	bag	  目 𠃊
䀯	bag	 月 目
䀰	bag	目 谷
䀱	bag	 目
䀲	bag	母 目 𠂉
䀳	bag	束 目
䀴	bag	一 工 目 
䀵	bag	 目 𠂉
䀶	bag	丶 
䀷	bag	 厶 目 𠃌
䀸	ordered	  目
䀹	bag	  目
䀺	bag	 攵 目
䀻	bag	 由 目
䀼	bag	 目 𠄌
䀽	bag	 廴 目
䀾	bag	 又 口 目
䀿	bag_ops	   
䁀	ordered	目  
䁁	bag	 目
䁂	bag	又 目 臣
䁃	bag	目 
䁄	bag	 
䁅	bag	子 皿 目
䁆	bag	 日 目
䁇	bag	 心 目
䁈	bag	 攵 目
䁉	bag	  尸 目
䁊	bag	丶 又 目 目
䁋	bag	世 
䁌	bag	 目
䁍	bag	 戊 目
䁎	bag	  目
䁏	bag	 目
䁐	bag	 央 目
䁑	bag	 丿 勹 日 目
䁒	bag	口 目 耳
䁓	bag	㐅 八 凵 夂 目
䁔	bag	 又 目 
䁕	bag	日 民 目
䁖	bag	女 目 米
䁗	bag	山 目 豆
䁘	bag	丿 目 缶 𭕄
䁙	bag	 日 目
䁚	bag	 目 目
䁛	bag	 田 
䁜	bag	 日 目
䁝	bag	 冖 目
䁞	bag	   目
䁟	bag	 工 目
䁠	bag	 目 
䁡	bag	人 目 𠁣 𠃛
䁢	bag	 疋 目 
䁣	bag	⑧ 寸 目
䁤	bag	 目
䁥	bag	丨 匚  目 𠂇
䁦	bag	 ㇀ 且 乚 目
䁧	bag	 廿 目
䁨	bag	 目 阝
䁩	bag	灬 田 目 𠂊
䁪	bag	 目 車 𠂆
䁫	bag	⑧ 灬 目
䁬	bag	  目
䁭	bag	犬 犬 犬 目
䁮	bag	旡 旡 日 目
䁯	bag	  目 
䁰	bag	工 目 頁
䁱	bag	   十 目
䁲	bag	八 目 目 罒
䁳	bag	 十 犬 目
䁴	bag	 口  目
䁵	bag	 目 罒 𧘇
䁶	bag	 白 目 𠃌
䁷	bag	③ 㐅  冖 彐 目
䁸	bag	 曲 目 𠄌
䁹	bag	 目
䁺	bag	 目 罒
䁻	bag	②   白 目
䁼	bag	⑧  灬 目
䁽	bag	⑦ 㐅 囗 目 
䁾	bag	 戊 目 罒
䁿	bag	 目
䂀	bag	③ ㇉   
䂁	bag	 口 比 
䂂	bag	目 目 目 隹
䂃	bag	⑤ 丿 寸 目 罒 𭕄
䂄	bag	又 目 目 目 隹
䂅	bag	②  丶 小 小 目 虫 言
䂆	bag	  勹 龴
䂇	bag	丑 丿 
䂈	bag_ops	 虫 龴 
䂉	bag	   龴 
䂊	bag	  囗 龴 
䂋	bag	㐄   龴
䂌	bag	  
䂍	bag	    龴
䂎	bag	丿   八 目 龴 
䂏	bag	  
䂐	bag	  𠂉
䂑	bag	  𠂉
䂒	bag	  𠂉
䂓	bag	 目 𠂉
䂔	bag	 十 干 𠂉
䂕	bag	 彑 𠂉 𧰨
䂖	bag	 
䂗	bag	  
䂘	bag	 又 口
䂙	bag	 
䂚	bag	㐅   口
䂛	bag	  口 龴
䂜	bag_ops	  口  
䂝	bag	  
䂞	bag_ops	   ⿸
䂟	bag	 丿  𠃌
䂠	bag	  𠂉
䂡	bag	一 丘 
䂢	bag	 
䂣	bag_ops	   
䂤	bag	 口 寸
䂥	bag	 民
䂦	bag	  彡
䂧	bag	  𠂊
䂨	bag	  口 𠂆
䂩	bag	  囗
䂪	bag	 兆 口
䂫	bag	㐄  
䂬	bag	  工
䂭	bag	  
䂮	bag	  
䂯	bag	  广
䂰	bag	  
䂱	bag	 丿  口
䂲	bag_ops	  厶   ⿸ ⿻
䂳	bag	  
䂴	bag	 言
䂵	bag	 工 贝
䂶	bag_ops	  厶  ⿰  
䂷	bag	 丿  
䂸	bag	   口
䂹	bag	  
䂺	bag	 
䂻	bag	④  口 𠄌
䂼	bag	㇇  口 心
䂽	bag	⺊  日
䂾	bag	  
䂿	bag	㇇   
䃀	bag	  
䃁	bag	⑥  
䃂	bag	 
䃃	bag	  口 𠃊
䃄	bag	  
䃅	bag	  甲
䃆	bag_ops	⑤    
䃇	bag	 
䃈	bag	 比 白
䃉	bag	 日 民
䃊	bag	  
䃋	bag	  月
䃌	bag	 
䃍	bag	  𧰨
䃎	bag	  
䃏	bag	 
䃐	bag	  宀 犬
䃑	bag_ops	 又  ⿰ 
䃒	bag	  冂 
䃓	bag	 井 冉 口
䃔	bag	  
䃕	bag	  
䃖	atomic_override	䃖
䃗	bag	 丿   彐
䃘	bag	  口 臣
䃙	bag	 口 广 比  ⸻
䃚	bag	    
䃛	bag	 車 辶
䃜	bag	 匚 又  𠘧
䃝	bag	 
䃞	bag	  九  子
䃟	bag	⺆  冫 
䃠	bag	  口 
䃡	bag	 旡 旡 日
䃢	bag	   欠
䃣	bag	 爲
䃤	bag	 肅
䃥	bag	   甲
䃦	bag_ops	    ⿳ ⿸
䃧	bag	  
䃨	bag	  弓 虫
䃩	bag	   厂 口 曲 𠄌
䃪	bag	   
䃫	bag	  厂 口 言 𠂊
䃬	bag	  口 山 田
䃭	bag	  心 戊
䃮	bag	  
䃯	bag	  白
䃰	bag	②   
䃱	bag	    非
䃲	bag	 又 口 皿 
䃳	bag	⑦ 㐅  囗 
䃴	bag	  言
䃵	bag	⑥   灬 𧘇
䃶	bag	⑤   罒 𧘇
䃷	bag	    
䃸	bag	    
䃹	bag	 柬 𠁣 𠃛
䃺	bag	  非
䃻	bag	   月 革
䃼	bag	卜 示
䃽	bag	 礻
䃾	bag	比 礻
䃿	full	⿰ 礻 
䄀	bag	 礻
䄁	bag	世 礻
䄂	bag	由 礻
䄃	bag	央 礻
䄄	bag	 礻
䄅	bag	 示
䄆	bag	 礻
䄇	bag	 礻
䄈	bag	礻 豆
䄉	bag	我 礻
䄊	bag	 心 礻
䄋	bag	 日 礻
䄌	bag	  礻
䄍	bag	 礻
䄎	bag	 礻
䄏	bag	  礻
䄐	bag	 巳 示
䄑	bag	日 氏 礻
䄒	bag	 心 礻
䄓	bag	 礻
䄔	bag	礻 禹
䄕	bag	 田 礻
䄖	bag	 月 示 
䄗	bag	一 爿 片 示
䄘	bag	 礻 𠃌
䄙	bag	 八 冖 日 礻
䄚	bag	 礻
䄛	bag	⑧ 女 礻
䄜	bag	 厶 礻
䄝	bag	 礻 臼
䄞	bag	 示 
䄟	bag	    乚 示
䄠	bag	 口  礻
䄡	bag	 厂 礻 言 𠂊
䄢	bag	③   礻 𠃌
䄣	bag	一  目 示 罒
䄤	bag	八 束 目 礻 𠂊
䄥	bag	    口 工 礻
䄦	bag	 
䄧	bag_ops	 ⿰ 
䄨	bag	丿 于 木
䄩	bag	 
䄪	bag	 勹 木
䄫	bag	丿 己 木
䄬	bag	丿 也 木
䄭	bag_ops	 十 
䄮	bag_ops	 木 
䄯	bag	 
䄰	bag	 牙
䄱	bag	  𠃌
䄲	bag	丿  木
䄳	bag	 止
䄴	bag	 
䄵	bag	㐄 
䄶	bag	 丿 弓 木
䄷	bag	 丿 
䄸	bag	 白
䄹	bag	  木
䄺	bag	 弓 木
䄻	bag	丿 兆 木
䄼	bag	㐁 
䄽	bag	 
䄾	bag	  木 𠂇
䄿	bag	丿 曳 木
䅀	bag	 刂 
䅁	bag	丿  木
䅂	bag	丿  木
䅃	bag	  木
䅄	bag	   𠃌
䅅	bag	  木
䅆	bag_ops	丿 冫 木 欠 ⿰ 
䅇	bag	 
䅈	bag	  
䅉	bag	④  木
䅊	ordered	 广 丿 
䅋	bag	⑤  𠂊
䅌	bag	 月 木
䅍	bag	  廴 木
䅎	bag	  木 𠄎
䅏	bag	 尸 木
䅐	bag	 
䅑	bag	 女 
䅒	bag	 十 木 𠃊
䅓	bag	丿 勹 又 
䅔	bag	 田 
䅕	bag	 尸 木
䅖	bag	 
䅗	bag	 女 
䅘	bag	丿  
䅙	bag	丿  比
䅚	bag	  木
䅛	bag	丿 日 
䅜	bag	 
䅝	bag	 工 木
䅞	bag	  木
䅟	bag	 厶 彡 木
䅠	bag	  龰
䅡	bag	 頁
䅢	bag	 
䅣	bag	 十 
䅤	bag	 十 木 臼
䅥	bag	 勹  𠃊
䅦	bag	 木 田
䅧	bag	 丿 
䅨	bag	  木
䅩	bag	  
䅪	bag	  贝
䅫	bag	 小 
䅬	bag	  木 皿
䅭	bag	  冖 木 𠃌
䅮	bag	 口 尸 木
䅯	bag	 口 广 木 
䅰	bag	 囗 心 木
䅱	bag	丿 山 木 豆
䅲	bag	  耂
䅳	bag	丨   勹 勹 木
䅴	bag	  十 小 木
䅵	bag	  木 灬
䅶	bag	 厂  𠄌
䅷	bag	  木 朩
䅸	bag	  十 木
䅹	bag	⑧  木
䅺	bag	  示
䅻	bag	㐅  冂 凵 
䅼	bag	丿  木 罒
䅽	bag	 又 木 𠃜 𠘧
䅾	bag	丿 旡 旡 
䅿	bag	⑦  木
䆀	bag	⑧  灬
䆁	bag	  干 木 罒
䆂	bag	 丿 广 木 
䆃	bag	  自 辶
䆄	bag	  囗 
䆅	bag	 冫 木 欠 目
䆆	bag	丿   木
䆇	bag_ops	⑦ 丿 几 木 灬  ⿵ ⿹
䆈	bag	  尸 木 牛 辶
䆉	bag	⺆ 丿   罒
䆊	bag	③    木 田
䆋	bag	⑮ 
䆌	bag	丶  尢  言
䆍	bag	⑦   木
䆎	bag	   木 非
䆏	bag	  木 
䆐	bag	       人  木
䆑	bag	 
䆒	bag	丶 
䆓	bag	  宀
䆔	bag	丨  宀
䆕	bag	  𠃍
䆖	bag	 宀 𠂇
䆗	bag	丩  宀
䆘	bag	 甲
䆙	bag	 止
䆚	bag	一  
䆛	bag	  宀
䆜	bag	 
䆝	bag	 皿
䆞	bag	  日
䆟	bag	  宀
䆠	bag	 臣
䆡	bag	丶  艮
䆢	bag	  扌 𠃍
䆣	bag	  厂 宀 𠄌
䆤	bag	 身
䆥	bag	 𧰨
䆦	bag	 
䆧	bag	  木
䆨	bag_ops	  日  ⿻
䆩	bag	  目
䆪	bag	 
䆫	bag	  勹 宀 心
䆬	bag	八  宀 目
䆭	bag	 干 車
䆮	bag	 冖 又 宀 
䆯	bag	八   
䆰	bag	八 匚  
䆱	bag	  氵
䆲	bag	 
䆳	bag	 
䆴	bag	乚   𠂊
䆵	bag	 八 囗 宀 日
䆶	bag	 灬 隹
䆷	bag	 八   龴
䆸	bag	  豆
䆹	bag	  甲
䆺	bag	 
䆻	bag	乛  攵 耳
䆼	bag	  宀 辶 𠃍
䆽	bag	   𧰨
䆾	bag	丶  皿 臣 𠂉
䆿	bag	 木 爿 自
䇀	bag	 耳 革
䇁	bag	  灬 
䇂	bag	 ⸻
䇃	bag	 巳
䇄	bag	 乙 𠂉
䇅	bag	 丷 
䇆	bag	 斗
䇇	bag	 民
䇈	bag	 
䇉	ordered	 
䇊	bag	 厶 广
䇋	bag	  丷 
䇌	bag	⺌  月
䇍	bag	 
䇎	bag	 
䇏	bag	  子
䇐	bag	 隶
䇑	bag	  白
䇒	bag	⑤  旡
䇓	bag	 彡 頁
䇔	bag	   
䇕	bag	   丷  冂 冂
䇖	bag	丿  勹 
䇗	bag	  
䇘	bag	 彑 
䇙	bag	丨  
䇚	bag	 亻 卜 
䇛	bag	 止 
䇜	bag	 欠 
䇝	bag	  
䇞	bag	 甘 
䇟	bag	   𠂊 𠃌
䇠	bag	  十 
䇡	bag	 
䇢	bag	  
䇣	bag	 小 
䇤	bag	  
䇥	bag	 止 
䇦	bag	 央 
䇧	bag	㐁  
䇨	bag	㐄  夂 
䇩	bag	 曳 
䇪	bag	 十 厶 
䇫	bag	  𦣞
䇬	bag	 朱 
䇭	bag	  耂 
䇮	bag	   
䇯	bag	 耳 
䇰	bag	㇇    
䇱	bag	  
䇲	bag	 
䇳	bag	  
䇴	bag	  口 
䇵	bag	   
䇶	bag	 角 
䇷	bag	丿    𠃌
䇸	bag	  
䇹	bag	  口  
䇺	bag	 豆 
䇻	bag	 尸 
䇼	bag	  
䇽	bag	   
䇾	bag	 言 
䇿	bag	 束 
䈀	bag	 册 刂 
䈁	bag	   
䈂	bag	  
䈃	bag	丿    𠃌
䈄	bag	丷   八 凵 
䈅	bag	  口 
䈆	bag	 尸 犬 
䈇	bag	⺊   
䈈	bag	 巴 月 
䈉	bag	  女 
䈊	bag	  夂 
䈋	bag	㇇   亅 日 
䈌	bag	且  氵 
䈍	bag	   𠃊
䈎	bag	世  木 
䈏	bag	  
䈐	bag	  
䈑	bag	 冂   𠃍
䈒	bag	丷   干 
䈓	bag	 勹 日  𠃊
䈔	bag	⑤   
䈕	bag	 日 龰 
䈖	bag	丿  斗 木 
䈗	bag	 亻  
䈘	bag	  
䈙	bag	  寸 
䈚	bag	  心 
䈛	bag	⺊ 丨   又 
䈜	bag	 亻  
䈝	bag	 月 疋 
䈞	bag	   
䈟	bag	 八 刂 
䈠	bag	    𭕄
䈡	bag	丶   勹 心 
䈢	bag	 厶  
䈣	bag	 攵 止 
䈤	bag	  
䈥	bag	丿  角  𠃌
䈦	bag	㐅  八 凵 夂 
䈧	bag	 為 
䈨	bag	  
䈩	bag	  刂  𭕄
䈪	bag	    
䈫	bag	   
䈬	bag	 十  
䈭	bag	   
䈮	bag	   
䈯	bag	   
䈰	bag	⺌   
䈱	bag	丿  臼  𭕄
䈲	bag	 又 舟  𠘧
䈳	bag	  日  
䈴	bag	   
䈵	bag	 八  厶  
䈶	bag	 谷 
䈷	bag	  木 
䈸	bag	 斗 角 
䈹	bag	 亻 宀 白 
䈺	bag	   夂 
䈻	bag	 十  
䈼	bag	丿  山 心 
䈽	bag	 口 廿 龶 
䈾	bag	⺌  月 木 
䈿	bag	  八 冖 日 
䉀	bag	  灬 
䉁	bag	丶  耳 龴 
䉂	bag	  小 田 
䉃	bag	 冫 寸 爿  𠂊
䉄	bag	   
䉅	bag	 九  十 干 
䉆	bag	⑦  灬 
䉇	bag	⑤   刂 匚 
䉈	bag	   攵 
䉉	bag	 瓜 角 
䉊	bag	 人 厶 車 
䉋	bag	 女  𠃜
䉌	bag	  阝  𧰨
䉍	bag	 心 𠁣  𠃛
䉎	bag	⺌  冖  
䉏	bag	丿  牛 角  𠃌
䉐	bag	  車 
䉑	bag	 卌 灬 𠂉 
䉒	bag	丿   
䉓	bag	  木 
䉔	bag	 丶    𠂊
䉕	bag	   
䉖	bag	丶  車 龴 
䉗	bag	  耳 
䉘	bag	  
䉙	bag	   厶 
䉚	bag	 冖 瓦 罒 
䉛	bag	   米 
䉜	bag	 人 隹 𠂉 
䉝	bag	  十 我 
䉞	bag	 口 心 戊 
䉟	bag	  隹 
䉠	bag	  彳 攵 
䉡	bag	  口  
䉢	bag	   
䉣	bag	 勹 灬 臼 
䉤	bag	  
䉥	bag	丿   心 扌 
䉦	bag	 丨  口 巳 辶 
䉧	bag	③  丿    𠃌
䉨	bag	  又  𠘧 𧰨
䉩	bag	 匚   
䉪	bag	 田 田 田 
䉫	bag	丷    勹 木 
䉬	bag	  又 广 弓  𠘧
䉭	bag	⑦ 㐅  囗  
䉮	bag	 隹 𠁣  𠃛
䉯	bag	 八 又 目 臣 
䉰	bag	⑤   八 月 
䉱	bag	 匚  口 衤 
䉲	bag	   乀  八 巾 弓 
䉳	bag	  灬 田  𠂊
䉴	bag	  井   𧘇
䉵	bag	    
䉶	bag	 又 隹 隹 
䉷	bag	 亅 厂  攵 耳 
䉸	bag	   言 
䉹	bag	     口 工 
䉺	bag	工 米
䉻	bag	氏 米
䉼	bag	 ⸻
䉽	bag	 米
䉾	bag	 米
䉿	bag	乎 米
䊀	bag	 
䊁	bag	 米 𠂒
䊂	bag	朿 米
䊃	bag	一  米
䊄	bag	 米
䊅	bag	 米 𠂊
䊆	bag	米 臼
䊇	bag	 
䊈	bag	母 米 𠂉
䊉	bag	宀 木 米
䊊	bag	 尸 米
䊋	bag	 爿 米
䊌	bag	广 比 米
䊍	bag	 木 米
䊎	bag	 米
䊏	bag	 米
䊐	bag	 米
䊑	bag	⺌  米
䊒	bag	米 隹
䊓	bag	 米 龰
䊔	bag	 央 米
䊕	bag	 廴 米 
䊖	bag	 米
䊗	bag	 米
䊘	bag	月 由 米
䊙	bag	 口 米
䊚	bag	㠯 丿 米 辶
䊛	bag	㐅 又 朩 米 𠘧
䊜	bag	⑧ 寸 米
䊝	bag	 米 米
䊞	bag	 米
䊟	bag	入 入 巾 廿 米
䊠	bag	 米
䊡	bag	 米 罒
䊢	bag	冫 寸 爿 米 𠂊
䊣	bag	 廿 由 米
䊤	bag	  日 米
䊥	bag	米 肅
䊦	bag	 米 豆
䊧	bag	 八 弓 目 米
䊨	bag	 口  𠃊
䊩	bag	丿  米
䊪	bag	 禺 米
䊫	bag	米 
䊬	bag	丿  木 米
䊭	bag	 乛  寸 工 米
䊮	bag	 米 隹 
䊯	bag	 广 由 米
䊰	bag	日 米 耂 言
䊱	bag	  米 非
䊲	bag	  厂 口 生 米
䊳	bag	 米 非
䊴	bag	  人  米 
䊵	bag	 丶 
䊶	bag	 丶 
䊷	bag	 丶 才
䊸	bag	 ㇉ 
䊹	bag	  
䊺	bag	  彑
䊻	bag	 丶 欠
䊼	bag	 丶 止
䊽	bag	  𠃍
䊾	bag	 
䊿	bag	  
䋀	bag	 丶 小 
䋁	bag	  几
䋂	bag	 㐅 
䋃	bag	  ⸻
䋄	bag	 㐅 丶 冂
䋅	bag	 
䋆	bag	  尸
䋇	bag	 尺
䋈	bag	  小
䋉	bag	 丶 
䋊	bag	  
䋋	bag	 丶 民
䋌	bag	 丶 巨
䋍	bag	  亅 
䋎	bag	  
䋏	bag	 丶 乍
䋐	bag	 丶 戉
䋑	bag	  
䋒	bag	  
䋓	bag	 丶 彐 𠂊
䋔	bag	 ③ 
䋕	bag	②   小
䋖	bag	  丶 
䋗	bag	 丶 臣
䋘	bag	  未
䋙	bag	 丶 
䋚	bag	 丶 
䋛	bag	 丶 
䋜	bag	  尸
䋝	bag	 女 小 𭕄
䋞	bag	  丶 冂
䋟	bag	 丶 己 心
䋠	bag	  十 月
䋡	bag	  朩
䋢	bag	②  小 
䋣	bag	 
䋤	bag	  小 龶
䋥	bag	  甲
䋦	bag	 丶 
䋧	bag	 丶 
䋨	bag	  口
䋩	bag	  臼
䋪	bag	  亅 口 阝
䋫	bag	  亅 
䋬	bag	   小
䋭	bag	  
䋮	bag	  
䋯	bag	  小 尸
䋰	bag	②  小 目
䋱	bag	 丶  木
䋲	bag	 丶 乚 
䋳	bag	 ③  月
䋴	bag	   
䋵	bag	  勹 日 𠃊
䋶	bag	 丶 頁
䋷	bag	  小 攵 龴
䋸	bag	  
䋹	bag	  田
䋺	bag	   木
䋻	bag	   干
䋼	bag	  又 皿 𠄎
䋽	bag	  
䋾	bag	   
䋿	bag	  田 𠄌
䌀	bag	  斗 木
䌁	bag	  襾
䌂	bag	  厶 尸
䌃	bag	 ⺌ 丶 
䌄	bag	   又
䌅	bag	  口 
䌆	bag	 丶  田
䌇	bag	②    小
䌈	bag	 丶  日 
䌉	bag	  止 罒
䌊	bag	  缶 𭕄
䌋	bag	②    小
䌌	bag	 丶  白 
䌍	bag	  廿 龶
䌎	bag	  小 田
䌏	bag	  宀 山 心
䌐	bag	  目 𭕄
䌑	bag	  又 臣
䌒	bag	  广 比 
䌓	bag	  毋 𠂉 𠘧
䌔	bag	 丶 匚  口
䌕	bag	  
䌖	bag	  隹
䌗	bag	  卌 灬 𠂉
䌘	bag	 丷 八 小 巾 攵
䌙	bag	  八 廿 由
䌚	bag	   米
䌛	bag	   言 𠂊
䌜	bag	 ④  未
䌝	bag	  示
䌞	bag	  人 
䌟	bag	  
䌠	bag	②  戊 欠
䌡	bag	 丶 曲 豆
䌢	bag	   丷  
䌣	bag	 㠯 丶 
䌤	bag	    乀 八 
䌥	bag	  工  𭕄
䌦	bag	 丶  隹 
䌧	bag	  乛  寸 工
䌨	bag	②    
䌩	bag	 丨  十 戊 罒
䌪	bag	  臼 𠁣 𠃛
䌫	bag	   目 臣 𠂉
䌬	bag	 ⑦  月
䌭	bag	  灬 隹
䌮	bag	   
䌯	bag	   隹
䌰	bag	 丶 耳 耳 耳
䌱	bag	   丷  
䌲	bag	  熏
䌳	bag	     乀  巾
䌴	bag	     
䌵	bag	  八 勹 尸 罒 虫
䌶	bag	才 纟
䌷	bag	由 纟
䌸	bag	专 纟
䌹	bag	 纟
䌺	bag	纟 耳
䌻	bag	 纟 
䌼	bag	 纟
䌽	bag	 纟 𭕄
䌾	bag	 纟
䌿	bag	 纟
䍀	bag	 皿 纟 𠂉
䍁	bag	 纟 
䍂	bag	于 缶
䍃	bag	丿 缶 𭕄
䍄	bag	 缶
䍅	bag	 缶 龴
䍆	bag	 宀 缶
䍇	bag	 缶
䍈	bag	 缶
䍉	bag	 缶
䍊	bag	 缶
䍋	bag	 缶
䍌	bag	 缶
䍍	bag	  又 缶 𠘧
䍎	bag	②   广 灬 缶 
䍏	bag	䍏
䍐	bag	干 罒
䍑	bag	 冂 干
䍒	bag	木 
䍓	bag	牙 罒
䍔	bag	厶 罒 𠂇
䍕	bag	丶 氏 罒
䍖	bag	 罒
䍗	bag	 罒
䍘	bag	米 
䍙	bag	母 罒 𠂉
䍚	bag	 艮
䍛	bag	 罒
䍜	bag	罒 隹
䍝	bag	 
䍞	bag	  
䍟	bag	㐅 八 凵 夂 罒
䍠	bag	 厶 
䍡	bag	 广 比 罒 
䍢	bag	一 卌 灬 罒 𠂉
䍣	bag	 田 罒
䍤	bag	③   罒 𠃌
䍥	bag	 厂  止 罒
䍦	bag	 厶 罒 隹
䍧	bag	 牛
䍨	bag	 巾
䍩	bag	 攵
䍪	bag	 未
䍫	bag	 
䍬	bag	 
䍭	bag	 母
䍮	bag	 兆
䍯	bag	㔾  厂 𠂊
䍰	bag	 人 囗
䍱	bag	 人 朩
䍲	bag	  臼
䍳	bag	  
䍴	bag	  木
䍵	bag	 亅 
䍶	bag	 東
䍷	bag	㐄  口 𫝀
䍸	bag	 
䍹	bag	 犬 自
䍺	bag	   心
䍻	bag	   巳 巳
䍼	bag	 旡 旡 日
䍽	bag	  厂  止
䍾	bag	 
䍿	bag_ops	     ⿹
䎀	bag	 戉 
䎁	bag	  
䎂	bag	  
䎃	bag	冉 
䎄	bag	  
䎅	bag_ops	 白 𠃌  ⿰ ⿹ ⿹
䎆	bag_ops	  龴    ⿹
䎇	bag	 舟 
䎈	bag	 曳 
䎉	bag	丶   𠃌
䎊	bag	  
䎋	bag	冫  𠂒 
䎌	bag_ops	冫    ⿰  ⿹
䎍	bag	丶  月 
䎎	bag	 耳 𠃊 
䎏	bag	   𠃌
䎐	bag	  
䎑	bag	  彐 
䎒	bag	  冫 
䎓	bag	  日 
䎔	bag	丶   
䎕	bag	 冖 
䎖	bag	   
䎗	bag	   
䎘	bag	 肅 
䎙	bag	  宀 目  𣥂
䎚	bag	  丨   
䎛	full	 耂 ⿺ 乚 
䎜	bag	 耂 耂
䎝	bag	  耂 
䎞	bag	 𠃍
䎟	bag_ops	 女 ⿰  ⿵
䎠	bag	  九 冂
䎡	bag	  
䎢	bag	一 乙 未 𠂉
䎣	bag	一 以 未
䎤	bag	 尸 未 𠃌
䎥	bag	一 未 谷
䎦	bag	 八 未
䎧	bag	 口 未
䎨	bag	 乚 人 日 未
䎩	bag	一 未 田 
䎪	bag	  未
䎫	bag	㐅  凵 夂 未
䎬	bag	 未 罒
䎭	bag	 未 
䎮	bag	  未
䎯	bag	  廿 未
䎰	bag	  日 未 𠂆
䎱	bag	⺆   乚 冫 厶 未 罒
䎲	bag	乙 耳
䎳	ordered	耳 月
䎴	bag	井 耳
䎵	bag	 耳
䎶	bag	申 耳
䎷	bag	朱 耳
䎸	bag	 耳 𫝀
䎹	bag	丿 米 耳
䎺	bag	 牛 耳
䎻	bag	 耳
䎼	bag	 耳
䎽	bag	日 氏 耳
䎾	bag	  耳
䎿	bag	丿  木 耳
䏀	bag	刂 束 耳
䏁	bag	 宀 耳
䏂	bag	 耳 臼
䏃	bag	 八 冖 日 耳
䏄	bag	  厶 宀 耳
䏅	bag	 示 耳 𠂊
䏆	bag	 耳
䏇	bag	 示 耳
䏈	bag	②   小 耳
䏉	bag	②  丶 日 灬 耳
䏊	bag_ops	⑦  月 耳 
䏋	bag	 八 巳 心 
䏌	bag	八 
䏍	bag	⺆ 冫 
䏎	bag	丶 几 月
䏏	bag	于 月
䏐	bag	 月 𠃍
䏑	bag	冫 肉 𠂊
䏒	bag	月 片
䏓	bag	⺆  冫
䏔	bag	丑 月
䏕	bag	 月
䏖	bag	丨 弓 月
䏗	bag	 月 𠂉
䏘	bag	 匚 月
䏙	bag	冘 月
䏚	bag	 月
䏛	bag	 勹 月
䏜	bag	及 月
䏝	bag	专 月
䏞	bag	月 末
䏟	bag	 月
䏠	bag	 
䏡	bag	月 示
䏢	bag	⺆ 冫 皮
䏣	bag	⺆ 且 冫
䏤	bag	⺆ 一 冫 
䏥	bag	冉 月
䏦	ordered	月 
䏧	bag	 月 
䏨	bag	㠯 丿 
䏩	bag	⺆  
䏪	ordered	月 
䏫	bag	⺆ 亻 冫 木
䏬	bag	⺆ 冫 厶 牛
䏭	bag	月 朱
䏮	bag	丷  
䏯	bag	⺆ 一  心
䏰	bag	 
䏱	bag	口 尸 
䏲	bag	 月
䏳	bag	  𠂆
䏴	bag	⺌ 
䏵	bag	 彡 月
䏶	bag	 月 比
䏷	bag	⺆ 冫 干 日
䏸	bag	⺆  𫝀
䏹	bag	⺆  冫 目
䏺	bag	⺆  冫 夂
䏻	bag	⺆ 一  厶 
䏼	bag	  月
䏽	bag	 月
䏾	bag	 人 月
䏿	bag	 攵 月
䐀	bag	⺆  
䐁	bag	 月 𧰨
䐂	bag	 月
䐃	bag	丿 囗 月 木
䐄	bag	勹 月 臼
䐅	bag	 尸 月 𠂉
䐆	bag	 
䐇	bag	 曰 月
䐈	bag	 月
䐉	bag	 
䐊	bag	 比
䐋	bag	 心 月
䐌	bag	⑥ ⺆ 八 冫
䐍	bag	⺆  豆
䐎	bag	 月 龰
䐏	bag	 
䐐	bag	丿  月 木
䐑	bag	世 月 木
䐒	bag	 人 月 
䐓	bag	月 頁
䐔	bag	 月
䐕	bag	口 月 耳
䐖	bag	⺆ 冫 尸 米
䐗	bag	 耂
䐘	bag	 又  𭕄
䐙	ordered	月 革
䐚	bag	⑤ 卩 月
䐛	bag	 月 耳
䐜	bag	 月
䐝	bag	八 小 月 目
䐞	bag	 弓 月
䐟	bag	 冉 月
䐠	full	⿰ 月  十 丨  丶 一 𠃊 ⿴ ⿰  丨
䐡	bag	③  丿 肉 𠃌
䐢	bag	丨  勹 勹 月
䐣	bag	 月 目
䐤	bag	 工 月
䐥	bag	八   
䐦	bag	⺆ 一  厶 皿
䐧	bag_ops	 月  ⿳ ⿵
䐨	bag	  
䐩	bag	山 月 豆
䐪	bag	 隹 𠄎
䐫	bag	 彳 月 龰
䐬	bag	 月
䐭	bag	⑤ 冖 巾 月
䐮	bag	 月 生
䐯	bag	 
䐰	bag	⺆  冫 夂 月
䐱	bag	 月
䐲	bag	 月 白 
䐳	bag	月 灬 
䐴	bag	 月
䐵	bag	 月 
䐶	bag	旡 旡 
䐷	bag	 月 甲
䐸	bag	⺆  冫 田 
䐹	bag	月 肅
䐺	bag	  
䐻	bag	  月
䐼	bag	②   小 
䐽	bag	入 入 巾 廿 月
䐾	bag	 月 罒
䐿	bag	 
䑀	bag_ops	 月  ⿸
䑁	bag	③ 㐅  冖 彐 月
䑂	bag	 ⺆  八 冫 彐
䑃	bag	⺆  冖  𧰨
䑄	bag	  自
䑅	bag	⺆  冖  罒 𠂊
䑆	bag	⺆  人  艮
䑇	bag	 丨 八 月  𠂆
䑈	bag	②  丶 月 
䑉	bag	⺆  冫 几  
䑊	bag	  月 目 辶
䑋	bag	 井  月 𧘇
䑌	bag	月 柬 𠁣 𠃛
䑍	bag	八 八 女 月 目 目
䑎	bag	  月 非
䑏	bag	 口 月 隹
䑐	bag	小 臣 𠂉
䑑	bag	  臣
䑒	bag	  
䑓	bag	  厶
䑔	bag	一 巾 臼
䑕	bag	 几 臼
䑖	bag	疌 臼
䑗	bag	 丿 勹 日 臼
䑘	bag	 工 臼
䑙	bag_ops	   ⿻
䑚	ordered	 月
䑛	bag	丶  氏
䑜	bag	世  木
䑝	bag	㐄 丶 冖  𠂊
䑞	bag	㐄 丶  匚 𠂊
䑟	bag	㐄   十 白 𠂊 𭕄
䑠	bag	 舟
䑡	bag	丶 又 舟
䑢	bag	 舟
䑣	bag	彡 舟
䑤	bag	 舟
䑥	bag	及 舟
䑦	bag	 舟
䑧	bag	 舟
䑨	bag	也 舟 𠂉
䑩	bag	 舟
䑪	bag	 舟
䑫	bag	 舟
䑬	bag	兆 舟
䑭	bag	工 氵 舟
䑮	bag	 舟 𠄎
䑯	bag	 舟
䑰	bag	止 舟 𣥂
䑱	bag	 宀 舟 𠂊
䑲	bag	⺊  舟
䑳	bag	  舟
䑴	bag	 舟
䑵	bag	 月 舟
䑶	bag	月 舟 龶
䑷	bag	 月 舟
䑸	bag	 舟
䑹	bag	 又 宀 舟
䑺	bag	丿 几 舟 虫
䑻	bag	 子 舟 
䑼	bag	丨  勹 勹 舟
䑽	bag	 日 舟 
䑾	bag	又 舟 
䑿	bag	 舟
䒀	bag	 舟 
䒁	bag	 白 舟 
䒂	bag	冫 寸 爿 舟 𠂊
䒃	bag	口 舟 
䒄	bag	一  田 舟
䒅	bag	 目 舟
䒆	bag	 攵 月 舟
䒇	bag	 田 舟
䒈	bag	  目 舟
䒉	bag	 舟 
䒊	bag	 八 
䒋	bag	央 
䒌	bag	 八 冖 巴 日 𠂊
䒍	bag	  𠃌
䒎	bag	 十 巴 犬 𠂊
䒏	bag	 巴 日 𠂊
䒐	bag	 巴 目 罒 𠂊
䒑	bag	 ⸻
䒒	bag	㇀  𠃌
䒓	bag	㇉ 
䒔	bag	丨 
䒕	bag	 小
䒖	bag	⺄  十
䒗	bag	 
䒘	bag	 
䒙	bag	⺊  
䒚	bag	 
䒛	bag	②  
䒜	bag	 牛
䒝	bag	㐅 丨 
䒞	bag	丨 冘 
䒟	bag	丨 丹 
䒠	bag	 丨 
䒡	bag	 弓
䒢	bag	②  卩
䒣	bag	 
䒤	bag	 
䒥	bag_ops	 巾 
䒦	bag	② 丨  
䒧	bag	  
䒨	bag	 
䒩	bag	 
䒪	bag	 十 厶
䒫	bag	 乚 
䒬	bag	 
䒭	bag	 寸 
䒮	bag	  十
䒯	bag	 九 
䒰	bag	 匚 
䒱	bag	㇇    
䒲	bag	㇀ 丨  女
䒳	bag	 木 𠄎
䒴	bag	 
䒵	bag	 女 子
䒶	bag	 曳
䒷	bag	  
䒸	bag	 皿
䒹	bag	 
䒺	bag	②  
䒻	bag	 山 巳
䒼	bag	 曲
䒽	bag	 丨 
䒾	bag	 
䒿	bag	 月
䓀	bag	  
䓁	bag	  
䓂	bag	 言
䓃	bag	 巴
䓄	bag	 十 犭 𠂆
䓅	bag	 十 
䓆	bag	 十 
䓇	bag	④  
䓈	bag	 
䓉	bag	 牙 阝
䓊	bag	  𫝀
䓋	bag	 氏 氵
䓌	bag	  心
䓍	bag	 干 日
䓎	ordered	十 丨 八  丶
䓏	bag	③  
䓐	bag	  凵 十
䓑	bag	  氵
䓒	bag	 十 田
䓓	bag	  寸
䓔	bag	 子 耂
䓕	bag	  辶
䓖	bag	  宀 𠃌
䓗	bag	丨  厶 心
䓘	bag	 卜 
䓙	bag	③   
䓚	bag	且  彳
䓛	bag	丨  十 尸
䓜	bag	 氏 氵
䓝	bag	 子 皿
䓞	bag	 尸 犬
䓟	bag	 十 
䓠	bag	㇇ 丨  
䓡	bag	  𠂉
䓢	bag	 
䓣	bag	 入 入 十 巾
䓤	bag	 丿 勹 十 心
䓥	bag	丨 入 
䓦	bag	⑥ 丨 
䓧	bag	   口
䓨	bag	 缶
䓩	bag	  木
䓪	bag	 丿 勹 
䓫	bag	 亅 人 
䓬	bag	⺊ 
䓭	bag	㐅 丨  朩
䓮	bag	  十 攵 龴
䓯	bag	 
䓰	bag	  
䓱	bag	丨  木 止
䓲	bag	  
䓳	bag	 
䓴	bag	 丨  
䓵	bag	 
䓶	bag	丨  束
䓷	bag_ops	 亅 十 彳 氵  ⿻
䓸	bag	 女 女 干
䓹	bag	丨  十 艮
䓺	bag	  
䓻	bag	  十 女
䓼	bag	 女 尢 彡
䓽	bag	 己 言
䓾	bag	 女 小 氵
䓿	bag	 十 囗 干 龴
䔀	bag	  
䔁	bag	  木
䔂	bag	  宀
䔃	bag	且  礻
䔄	bag	 缶 𭕄
䔅	bag	  
䔆	bag	 十 犭 甲
䔇	bag	 山 豆
䔈	bag	丨  工 目
䔉	bag	  
䔊	bag	  
䔋	bag	 丨  十 小
䔌	bag	  白
䔍	bag	⑥  灬
䔎	bag	 
䔏	bag	 
䔐	bag	   十 氵
䔑	bag	 斗 朩
䔒	ordered	十 丨 阝 
䔓	bag	 十 言 𠂉
䔔	bag	 
䔕	bag	  
䔖	bag	 十 
䔗	bag	  十 礻
䔘	bag	且  缶
䔙	bag	  
䔚	bag	  厂 月 𠄌
䔛	bag	丨  頁
䔜	bag	丨 冉 十 耳
䔝	bag	②   小 止
䔞	bag	②   丷 
䔟	bag	丨   木 
䔠	bag	⺌  月 木
䔡	bag	 灬 
䔢	bag	㇉    十
䔣	bag	  木 牛
䔤	bag	 白 白
䔥	bag	 粛
䔦	bag	 
䔧	bag	  
䔨	bag	丨 乡 十 隹
䔩	bag	 攵 束
䔪	bag	   乀 
䔫	bag	 朿 𤴔
䔬	bag	  田
䔭	bag	 丨  宀 心
䔮	bag	 丨  𠂆
䔯	bag	  酉
䔰	bag	  宀 田
䔱	bag	 扌 耳
䔲	bag	  豆
䔳	bag	丨  
䔴	bag	丨   示
䔵	bag	 木 𠁣 𠃛
䔶	bag	  龰
䔷	bag	㇇    十
䔸	bag	 犬 犬 犬
䔹	bag	 十 阝 𧰨
䔺	bag	 工 月 
䔻	bag	  
䔼	bag	   止 止 
䔽	ordered	十 丨 氵  𠃊 人
䔾	ordered	十 丨  勹 𠃊 人
䔿	bag	  酉
䕀	bag	  欠 示
䕁	bag	 木 非
䕂	bag	  辶 𧘇
䕃	bag	④  厶 阝
䕄	bag	㇇    十 皿
䕅	bag	  臼
䕆	bag	  月 木
䕇	bag	  厶 广 田
䕈	bag	世  木 爿
䕉	bag	  干 罒
䕊	bag	 丶  
䕋	bag	   
䕌	bag	 木 隹
䕍	bag	   𧘇
䕎	bag	  日 田
䕏	bag	  我
䕐	bag	  田 礻
䕑	bag	 丨  十 女 𭕄
䕒	bag	  𠃌
䕓	bag	② 丨  
䕔	bag	 亅  十 彳
䕕	bag	  氵 罒
䕖	bag	② 丨  十 子 小 辶
䕗	bag	 十 田 自
䕘	bag	丨  十 頁 龴
䕙	bag	   隹
䕚	bag	 八 匚  目
䕛	bag	  言
䕜	bag	    
䕝	bag	 丿 冉 十 
䕞	bag	 艮 𠁣 𠃛
䕟	bag	③    彐
䕠	bag	  又 广 弓 𠘧
䕡	bag	 口 𠁣 𠃛
䕢	bag	   工
䕣	bag	丨   衤 𠃊
䕤	full	 十 丨  ⿰  ⿻ 甲 一 阝
䕥	bag	   乀  巾
䕦	bag	  几  女 
䕧	bag	⑤    月
䕨	bag	②   小 月
䕩	bag	  小 
䕪	bag	   罒
䕫	bag	㔾 丨  夂 止 白
䕬	bag	 十 弓 田 田
䕭	bag	    
䕮	bag	 勹  干 米
䕯	bag	  瓜 示
䕰	bag	  
䕱	bag	 豆 頁
䕲	bag	  囗 广 木
䕳	bag	   乀  巾 弓
䕴	bag	 木 灬 隹
䕵	bag	⑦   灬
䕶	ordered	十 丨 言 隹 又
䕷	bag	②  小 
䕸	bag	⑧   灬
䕹	bag	  十 木 隹
䕺	bag	④   干 耳
䕻	bag	  冂  广 比 
䕼	bag	 人  廿 隹
䕽	bag	  止 罒 虫
䕾	bag	丨  厂  攵 耳
䕿	bag	⑦  人  廿 灬
䖀	bag_ops	  口 頁 ⿰  
䖁	bag	 十 心 日 禺
䖂	bag	 丨  十 小 小 手 言
䖃	bag	  十   𠂇 𠂇 𠂇
䖄	bag	 人  廿 灬 隹
䖅	bag	 丷     工
䖆	bag	 丶 井  酉 𧘇
䖇	bag	㐅 丨    凵   缶
䖈	bag	  乚 ⸻
䖉	bag	 于
䖊	bag	 ㇀ 㐅 乚 几
䖋	bag	 人 几
䖌	bag	 几 刂
䖍	bag	 
䖎	bag	 几 阝
䖏	bag	 ㇀  勹 ⸻
䖐	bag	 ㇀  乚 几 𠂆
䖑	bag	 几 日
䖒	bag	 豆
䖓	bag	 ㇀ 丨 乚 几 
䖔	bag	   厶
䖕	bag	 ㇀ 且 乚 几
䖖	bag	 几 甲
䖗	bag	  口 戊
䖘	bag	② ⑤ ⺊ ㇀ 丶 乚 几 𠂊
䖙	bag	 几 卜 臣 𠂆
䖚	bag	② ⑥ ⺊  几 灬
䖛	bag	②  ㇀ 丶 乚  十 小
䖜	bag	②  ⺊ ㇀  乚 几 几 日
䖝	bag	丿 
䖞	bag	寸 虫
䖟	bag_ops	 虫 𠃊 
䖠	bag	丶 几 虫
䖡	bag	丑 虫
䖢	bag	 虫
䖣	bag	爪 虫
䖤	bag	 虫 𠂊
䖥	bag_ops	 虫 龴  
䖦	bag	 虫
䖧	bag	 
䖨	bag	 虫
䖩	bag	 虫
䖪	bag	 止 
䖫	bag	八 干 虫
䖬	bag	甲 虫
䖭	bag_ops	 虫 
䖮	bag	 口 虫
䖯	bag_ops	 虫 
䖰	bag	④ 虫 𠂆
䖱	bag	  虫
䖲	bag	勹 日 虫
䖳	bag	 宀 虫
䖴	bag	兆 虫
䖵	bag	虫 
䖶	bag	一 虫 𧰨
䖷	bag	㐅 巾 虫 𠂇
䖸	bag_ops	我 虫 ⿱
䖹	bag	干 虫 艹
䖺	bag	 虫
䖻	bag	 虫
䖼	bag	 厶 虫
䖽	bag_ops	 木 虫 
䖾	bag	 虫
䖿	bag	 木 虫
䗀	bag	一  夂 虫
䗁	bag	 虫
䗂	bag	 几 
䗃	bag	  虫
䗄	bag	  虫 𠂆
䗅	bag	  虫 𠄌
䗆	bag	 虫
䗇	bag	勹 米 虫
䗈	bag	 目 虫 𠃊
䗉	bag	 虫
䗊	bag	 虫
䗋	bag	 虫
䗌	bag	 虫
䗍	bag_ops	彑 虫 𧰨 
䗎	bag	  虫
䗏	bag	 又 宀 虫
䗐	bag	 虫 
䗑	bag	 日 虫
䗒	bag	 
䗓	bag	丶  心 虫
䗔	bag	 虫 
䗕	bag_ops	 宀 虫 𠂊  ⿴
䗖	bag	 巾 虫
䗗	bag	  虫 
䗘	bag	 皿 虫
䗙	bag	 虫
䗚	bag	丶  虫
䗛	bag	 月 虫
䗜	bag	 田 虫 𠃌
䗝	bag	申 礻 虫
䗞	bag	 虫 
䗟	bag	 又 虫 𠂉 𠘧
䗠	bag	 疋 虫 
䗡	bag	 止 灬 虫
䗢	bag	口 虫 
䗣	bag	甘 虫 虫
䗤	bag	 广 月 虫 
䗥	bag	 彳 虫 龰
䗦	bag_ops	 虫 辶  
䗧	bag	广 虫 隶
䗨	bag	灬 田 虫 𠂊
䗩	bag	 小 戊 虫
䗪	bag_ops	 灬 虫  ⿸
䗫	bag	 虫
䗬	bag_ops	 虫 辶  
䗭	bag	 心 虫
䗮	bag	   乀 人 虫
䗯	bag	虫 辶 隹
䗰	bag	八 毌 目 虫
䗱	bag	  虫
䗲	bag	㐄  虫 𠂊
䗳	bag	 虫 豆
䗴	bag	  十 廴 虫 
䗵	bag	 一 田 田 虫
䗶	bag	丨   虫 𠃊
䗷	bag	 日 虫
䗸	bag	 乡 虫 隹
䗹	bag	 心 虫
䗺	bag	 廴 虫 虫
䗻	bag_ops	⑤  卩 虫   
䗼	bag	熏 虫
䗽	bag	 丶 虫 隹
䗾	bag	②  丶 日 灬 虫
䗿	bag	 宀 心 皿 虫
䘀	bag	㠯  虫 虫
䘁	bag_ops	 虫 隹 ⿱  
䘂	bag	 十 虫 非
䘃	bag	⑧  灬 虫
䘄	bag	 虫 虫
䘅	bag	 厶 虫 虫
䘆	bag	 宀  虫
䘇	bag	 虫 虫 虫
䘈	bag	 厂 禺 虫 𠃌
䘉	bag	 虫 虫 虫
䘊	bag	 戊 罒 虫 
䘋	bag	  虫 非
䘌	bag	丨 匚  虫 虫 𠂇
䘍	bag	 禺 虫 虫
䘎	bag	②  丶 小 小 弓 虫 言
䘏	bag	丿 皿 阝
䘐	bag	丶  丿 
䘑	bag	丿 永 皿
䘒	bag	 厶 夂 皿
䘓	bag	丿 勹 皿 臼
䘔	bag	丿  皿
䘕	bag	  亅 几 彳
䘖	bag	 彳 缶
䘗	bag	②   亅 小 山 彳
䘘	bag	②  小 彳 龶
䘙	bag	㐄   巾 彳 𫝀
䘚	bag	 𧘇
䘛	bag	几 衤
䘜	bag	巾 衤
䘝	bag	 衤
䘞	bag	 衤
䘟	bag	丨 弓 衤
䘠	bag	㐅 衤 𠂇
䘡	bag	 比 𧘇
䘢	bag	 宀 衤
䘣	bag	 止 衤
䘤	bag	 衤
䘥	bag	甲 衤
䘦	bag	 尸 衤
䘧	bag	央 衤
䘨	bag	 衤
䘩	bag	勹 日 衤
䘪	bag	 厶 衤
䘫	bag	  𧘇
䘬	bag	 衤 𠂇
䘭	bag	 衤
䘮	bag	  十 𠄌
䘯	bag	⺌ 月 衤
䘰	bag	 廴 衤
䘱	bag	 谷 𧘇
䘲	bag	 又 衤 
䘳	bag	 十 衤
䘴	bag	 衤
䘵	bag	 彑 衤
䘶	bag	丷  八 凵 衤
䘷	bag	丷 八 巾 衤
䘸	bag	 夂 衤
䘹	bag	 衤
䘺	bag	 衤 龰
䘻	bag	 月 衤
䘼	bag	 宀 衤 𠂊
䘽	bag	 臼 衤
䘾	bag	 衤
䘿	bag	 尸 衤
䙀	bag	 衤
䙁	bag	  衤
䙂	bag	 心 衤
䙃	bag	工 月 衤 𠂇
䙄	bag	 臼 衤
䙅	bag	 衤
䙆	bag	  衤
䙇	bag	  冂 衤
䙈	bag	 衤 
䙉	bag	十 目 衤 𠂆
䙊	bag	 巾 衤
䙋	bag	 日 衤
䙌	bag	 衤 贝
䙍	bag	衤 飛
䙎	bag	②  衤 𭕄
䙏	bag	丶  衤
䙐	bag	   衤
䙑	bag	 口 衤 𧘇
䙒	bag	 田 衤
䙓	bag	 罒 衤
䙔	bag	匚  口 衤
䙕	bag	 彳 衤 龰
䙖	bag	山  衤
䙗	bag	 衤
䙘	bag	 小 戊 衤
䙙	bag	 八 尸 牛 衤
䙚	bag	⑦  灬 𧘇
䙛	bag	  衤 𧘇
䙜	bag	 衤 辶
䙝	bag_ops	 九 十 干 𧘇  
䙞	bag	 衤 豆
䙟	bag	㐄  衤 𫝀
䙠	bag	 厂 欠 衤
䙡	bag	  目 衤
䙢	bag	  衤
䙣	bag	 衤 非
䙤	bag	冂  衤 辶 𠃍
䙥	bag	 冂 衤 龴
䙦	bag	  罒 衤 𠂊
䙧	bag	熏 衤
䙨	bag	  衤 𧘇
䙩	bag	 衤 𧰨
䙪	bag	㐅   人  𧘇
䙫	bag	③    田 衤
䙬	bag	八 八 女 目 目 衤
䙭	bag	  宀 衤 龰
䙮	bag	 口 衤 隹
䙯	bag	⺊  小 戊 衤 龰
䙰	bag	 厶 衤 隹
䙱	bag	 八 勹 尸 罒 虫 衤
䙲	bag	 丨 人 
䙳	bag	  
䙴	bag	㔾  丨 人 
䙵	bag_ops	    
䙶	bag	  𧘇
䙷	bag_ops	 寸 目 
䙸	bag_ops	 寸 目  ⿺
䙹	bag	  目
䙺	bag	  目
䙻	bag	㇉   目
䙼	bag	丿  目 𠃌
䙽	bag	  目
䙾	bag	 宀 目
䙿	bag	 未 目
䚀	bag	 目 舟
䚁	bag	  目
䚂	bag	④  十 目
䚃	bag	⺊  囗 目 
䚄	bag	丷   彐 目
䚅	bag	  
䚆	bag	丨  央 目
䚇	bag	 小 目 目
䚈	bag	 丨   目
䚉	bag	  人 目 𠃌
䚊	bag	  八 皿 目
䚋	bag	  目 目
䚌	bag	  白 目
䚍	bag	 八 目 
䚎	bag	  目 臼
䚏	bag	㐄  目 米 𠂊
䚐	bag	  目 𠂉
䚑	bag	 八 目 目 罒
䚒	bag	  甲 目
䚓	bag	   日 目
䚔	bag	  目 目 𣥂
䚕	bag	 丨  冂 冂 广 比 目 
䚖	bag	     口 工 目
䚗	bag	 角
䚘	bag	 彳 角
䚙	bag	 日 角
䚚	bag	 角 𠂒
䚛	bag	口 角 𠂒
䚜	bag	 白 角
䚝	bag	 角
䚞	bag	 木 角
䚟	bag	一  角
䚠	bag	 角
䚡	bag	心 田 角
䚢	bag	世 木 角
䚣	bag	 角 龰
䚤	bag	禺 角
䚥	bag	 弓 角
䚦	bag	 几 角 𠂆
䚧	bag	 彡  𠃌
䚨	bag	 又 弓 角 𠘧
䚩	bag	  角
䚪	bag	 罒 角 𧘇
䚫	bag	 白 
䚬	bag	㐄  角 𠂊
䚭	bag	 口 角 隹
䚮	bag	丿 言 𠄎
䚯	bag	刂 言
䚰	bag	 
䚱	bag	小 言
䚲	bag	彡 言
䚳	bag	 言
䚴	bag	月 
䚵	bag	斗 言
䚶	bag	 言
䚷	bag	 八 言
䚸	bag	 言
䚹	bag	比 言
䚺	bag	攵 言
䚻	bag	 言 
䚼	bag	丑 言
䚽	bag_ops	 言 
䚾	bag	 言
䚿	bag	欠 言
䛀	bag	又 言 𠂆
䛁	bag	 言
䛂	bag	 丿 言
䛃	bag_ops	 言 ⿰ 
䛄	bag	 言 𠂊
䛅	bag	甲 言
䛆	bag	由 言
䛇	bag	口 言 𠘧
䛈	bag	 言 𠂉
䛉	bag	民 言
䛊	bag	 言
䛋	bag	戊 
䛌	bag	 言
䛍	bag	 言
䛎	bag	 言
䛏	bag	 尸 言
䛐	bag_ops	 言 𠃌 
䛑	bag	 言
䛒	bag	 工 言
䛓	bag	 言 𠂉
䛔	bag	 言
䛕	bag	 日 言
䛖	bag	曳 言
䛗	bag	臣 言
䛘	bag	  言
䛙	bag	亻 木 言
䛚	bag	 言 𠃌
䛛	bag	 言
䛜	bag	㐅 丿 囗 言
䛝	bag	丑 山 言
䛞	bag	干 日 言
䛟	bag	  言
䛠	bag	言 豆
䛡	bag	口 氏 言
䛢	bag	丿 几 木 言
䛣	bag	 由 言
䛤	bag	口 言 龰
䛥	bag	㐅 巾 言 𠂇
䛦	bag	言 谷
䛧	bag	米 言 𠃊
䛨	bag	 言
䛩	bag	⑥  言
䛪	bag	 弓 言
䛫	bag	  言 𠄌
䛬	bag	勹 缶 言
䛭	bag	 言
䛮	bag	卜  言
䛯	bag	 言
䛰	bag	 言
䛱	bag	 心 言
䛲	bag	 言
䛳	bag	 日 言
䛴	bag	 言
䛵	bag	 言 𭕄
䛶	bag	 木 言
䛷	bag	 宀 言 𠂊
䛸	bag	 广 言
䛹	bag	彑 言 𧰨
䛺	bag	 田 言
䛻	bag	十 目 言 𠂆
䛼	bag	工 臼 言
䛽	bag	 臼 言
䛾	bag	 言 龶
䛿	bag	   言
䜀	bag	  止 言 
䜁	bag	  言 𠃋
䜂	bag	 白 言
䜃	bag	 言 隹
䜄	bag	 八 尸 牛 言
䜅	bag	山 言 隹
䜆	bag	 言
䜇	bag	  言 𧘇
䜈	bag	 言 
䜉	bag	丷  木 言
䜊	bag	 言
䜋	bag	  目 
䜌	atomic_override	䜌
䜍	bag	 人 小 日 言
䜎	bag	丿  冖 言 𠃌
䜏	bag_ops	工 月 言   
䜐	bag_ops	工 月 言  
䜑	bag	⑥  心 言
䜒	bag	 米 言
䜓	bag	世  木 言
䜔	bag	工 月 言 辶 𠂇
䜕	bag	 禺 言
䜖	bag	  目 言
䜗	bag	 戊 言
䜘	bag_ops	  
䜙	bag	②  丶 日 灬 言
䜚	bag	⑤ 罒 言 辶
䜛	bag	⑤ ⑤ 言 
䜜	bag	⺊   目 言
䜝	bag	 ②   丶 言 𠃊 𠃊
䜞	bag	③   言 𠃌
䜟	bag	 十 言 非
䜠	bag	 丨 八 目 言 𠂆 𠂆
䜡	bag	⑧ 夂 心 言
䜢	bag	 宀  言
䜣	bag	 
䜤	bag	 讠
䜥	bag	一 廴 
䜦	bag	  讠
䜧	bag	  止 讠 
䜨	bag	 心 讠
䜩	bag	③  廿 灬 讠
䜪	bag	九 谷
䜫	bag	工 谷
䜬	bag	由 谷
䜭	bag	 冂 谷
䜮	bag	宀 牛 谷
䜯	bag	勹 米 谷
䜰	bag	 白 谷
䜱	bag	 罒 谷
䜲	bag	⑦ 㐅 囗 谷 
䜳	bag	豆 𠃊
䜴	bag	⺊ 又 豆
䜵	bag	皮 豆
䜶	bag	㐄 夂 豆
䜷	bag	 又 豆 
䜸	bag	 尸 豆
䜹	bag	束 豆
䜺	bag	 豆
䜻	bag	 豆 龰
䜼	bag	 攵 豆 龴
䜽	bag	 豆
䜾	bag	 日 豆
䜿	bag	一 臣 
䝀	bag	 田 豆 𠃌
䝁	bag	 冖 豆
䝂	bag	又 臣 豆 𠘧
䝃	bag	②  丶 日 灬 豆
䝄	bag	又 豆 隹 隹
䝅	bag	 𧰨
䝆	bag	 丿 勹 𧰨
䝇	bag	 八 𧰨
䝈	bag	㔾  𠂆 𧰨
䝉	bag	 冖 𧰨
䝊	bag	一 疌 𧰨
䝋	bag	 示 𧰨
䝌	bag	一   𧰨
䝍	bag	 車 𧰨
䝎	bag	  冂 山 𧰨
䝏	bag	⑧  𧰨
䝐	bag	一 工 月  𧰨
䝑	bag	  甲 𧰨
䝒	bag	一 乑 又 耳 𧰨
䝓	bag	⑦ 㐅 一 囗  𧰨
䝔	bag	  隹 𧰨
䝕	bag	一 耳 耳 耳 𧰨
䝖	bag	爪 豸
䝗	bag	木 豸
䝘	bag	又 豸 𠘧
䝙	bag	 豸
䝚	bag	 尸 豸
䝛	bag	皮 豸
䝜	bag	 豸
䝝	bag	 豸
䝞	bag	 几 豸
䝟	bag	  人 豸 𠃌
䝠	bag	 白 豸
䝡	bag	入 入 巾 廿 豸
䝢	bag	 罒 豸
䝣	bag	巨  豸
䝤	bag	 人 小 日 豸
䝥	bag	丷  自 豸
䝦	bag	丿 乑 皿 豸
䝧	bag	八  目
䝨	bag	 八 又 目
䝩	bag	 彡 目
䝪	bag	八 疋 目
䝫	bag	乍 八 目
䝬	bag	  
䝭	bag	八  目
䝮	bag	 八 目
䝯	bag	也 八 目 𠂉
䝰	bag	一  寸 目
䝱	bag	  目  𠃌
䝲	bag	 八 尺 目
䝳	bag	⺊ 丶 八 又 目 𠂊
䝴	bag	 八  目
䝵	bag	丶  月 目
䝶	bag	 八  目
䝷	bag	  目 𠂉
䝸	bag	丨  又 目
䝹	bag	  目 𠂊
䝺	bag	   乀 八 目
䝻	bag	八  目
䝼	bag	八 
䝽	bag	   目
䝾	bag_ops	 八 止   
䝿	bag	 目 臼
䞀	bag	 八 目 
䞁	bag	八 匚  目
䞂	bag	   冂 目
䞃	bag	  厶 攵 目
䞄	bag	 八 目 
䞅	bag	  厂 口 目 𠄌
䞆	bag	八 八 小 目 目
䞇	bag	 九  目
䞈	bag	八 爲 目
䞉	bag	  八 目 目
䞊	bag	  八 目 目
䞋	bag	 八 朩 目 目
䞌	bag	 贝
䞍	bag	月 
䞎	bag	 贝
䞏	bag	心 田 贝
䞐	bag	 日 贝
䞑	bag	④  工
䞒	bag	 
䞓	bag	④  工 
䞔	bag	  十 尸
䞕	bag	④    冂 
䞖	bag	 十 龰
䞗	bag	 才 龰
䞘	bag	一 乙 十 龰 𠂉
䞙	bag	 巾 龰
䞚	bag	  龰
䞛	bag	一 丏 十 龰
䞜	bag	 龰
䞝	bag	 十 龰
䞞	bag	 十 弓 龰
䞟	bag	 白 龰
䞠	bag	  龰 ⸻
䞡	bag_ops	 日 龰  ⿺
䞢	bag	一 乍 十 龰
䞣	bag	  龰 𠂆
䞤	bag	一 勹  龰
䞥	bag	 月 龰 𠂇
䞦	bag	  龰
䞧	bag	 龰 𠂆
䞨	bag	   龰
䞩	bag	  龰
䞪	bag	  龰 𠂆
䞫	bag	  龰 
䞬	bag	  木 龰 𠄎
䞭	bag	一  厶 夂 龰
䞮	bag	 朩 龰
䞯	bag	 子 龰 𭕄
䞰	bag	④  龰
䞱	bag	 谷 龰
䞲	bag	 我 龰
䞳	bag	  龰
䞴	bag	⺆   龰
䞵	bag	   龰
䞶	bag	 丿 勹  龰
䞷	bag	  十 尸 龰
䞸	bag	 示 龰
䞹	bag	  十 白 龰
䞺	bag	 十 目 龰 𠂆
䞻	bag	  龰 龴 𠃌
䞼	bag	 彑 龰 𧰨
䞽	bag	②   十 小 龰
䞾	bag	   龰 𠂆
䞿	bag	  宀 龰
䟀	bag	 十 工 龰
䟁	bag	  龰 
䟂	bag	  罒 龰
䟃	bag	 厶 厶 厶 彡 龰
䟄	bag	一  目 龰 龶
䟅	bag	 十 車 龰 𠂆
䟆	bag	⑨  龰
䟇	bag	     龰
䟈	bag	    龰
䟉	bag	一 勹 十 罒 虫 龰
䟊	bag	 ㇀  乚 十 龰 𧰨
䟋	bag	  言 龰 𠂊
䟌	bag	  隹 龰
䟍	bag	  十 宀 自 
䟎	bag	 人  目 龰
䟏	bag	②  十  龰
䟐	bag	  厂  止 龰
䟑	bag	 人    龰
䟒	bag	  隹 龰
䟓	bag_ops	 止 
䟔	bag	卜 
䟕	bag	丶 又 口 
䟖	bag	口 山 止
䟗	bag	 氏
䟘	bag	 
䟙	bag	㇀  𠃌
䟚	bag_ops	  
䟛	bag	 巾 止
䟜	bag	 
䟝	bag	又  𠘧
䟞	bag	丿  止
䟟	bag	  𠂆
䟠	bag	口 戉 止
䟡	bag	丶  氏
䟢	bag	 止 𠂉
䟣	bag	丶  止
䟤	bag	 心 止
䟥	bag	  龴
䟦	bag	丿 又  𠂇
䟧	bag	 田
䟨	bag	 民
䟩	bag	 
䟪	bag	 
䟫	bag	 龰
䟬	bag	丘 
䟭	bag	乍 
䟮	bag	亻  犬
䟯	bag	 
䟰	bag	 口 彳 止
䟱	bag	口 朿 止
䟲	bag	 厶 
䟳	bag_ops	冫    ⿹ ⿺
䟴	bag	  𠄌
䟵	bag	  止
䟶	bag	 人  止
䟷	bag	 扌 止 𠂆
䟸	bag	  丿  𠂊
䟹	bag	 寸 止 𭕄
䟺	bag	 止 
䟻	bag	 朩 止
䟼	bag	  止
䟽	bag	 
䟾	bag	  
䟿	bag	丷 亅  彐 止
䠀	bag	⺌ 冂  止
䠁	bag	 厶 厶 
䠂	bag	 木 龰
䠃	bag	一 入 入 口 巾 止
䠄	bag	⑥  止
䠅	bag	 囗 木 止
䠆	bag	   𠄌
䠇	bag	 口 尸 止
䠈	bag	 隶
䠉	bag	㠯  止
䠊	bag	 非
䠋	bag	 止 白
䠌	bag	 口 月 止
䠍	bag	⑤ 又  
䠎	bag	 口 尸 止
䠏	bag	  
䠐	bag	 犬 目
䠑	bag	 十  止
䠒	bag	 月 止
䠓	bag	 止 酉
䠔	bag	  𧰨
䠕	bag	 止 止
䠖	bag	冫  止
䠗	bag	 犬 自
䠘	bag	㐅  囗 止 比
䠙	bag	  𠃌
䠚	bag	 宀 止 瓜
䠛	bag	丿  缶 𭕄
䠜	bag	 止 耳
䠝	bag	八  止 目
䠞	bag	⺊  小 戊 止
䠟	bag	 九  干 龰
䠠	bag	⑤  巾 龰
䠡	bag	 ㇀ 且 乚 
䠢	bag	  罒 龰
䠣	bag	 八  巳 巳 止
䠤	bag	  止 甲
䠥	bag	丷  巾 攵 止
䠦	bag	  日 止 𠂉
䠧	bag	口 尸 日 止 耂
䠨	bag	 厂  言 𠂊
䠩	bag	 戊 止 
䠪	bag	 ②   丶  𠃊 𠃊
䠫	bag	乑 又  耳
䠬	bag	  豆 阝
䠭	bag	  目 𠂊
䠮	bag	⑥   灬
䠯	bag	   
䠰	bag	  止 隹
䠱	bag	 八  尸 止 罒 虫
䠲	bag	 身 龴
䠳	bag	 身
䠴	ordered	身  一
䠵	bag	 身
䠶	bag	 身 𠂉
䠷	bag	兆 身
䠸	bag	㇉  身
䠹	bag	 身 𠃋
䠺	bag	口 身 门
䠻	ordered	身 宀 八 弓
䠼	bag	 身
䠽	bag	山 豆 身
䠾	bag	人 身 𠁣 𠃛
䠿	bag	  目 身
䡀	bag	 口  身
䡁	bag	⑦  月 身
䡂	bag	丩 車
䡃	bag	丿 車 𠃌
䡄	bag	几 車
䡅	bag	川 車
䡆	bag	 車
䡇	bag_ops	 車 ⿰ 
䡈	bag	㐅  車
䡉	bag	 車
䡊	bag	又 車 𠂆
䡋	bag	 車
䡌	bag	厶 車 𠂇
䡍	bag	 車
䡎	bag	丿 尸 車
䡏	bag	厶 弓 車
䡐	bag	 車
䡑	bag	民 車
䡒	bag	田 車 ⸻
䡓	bag	 彳 車
䡔	bag	 車 
䡕	bag	㇇   車
䡖	bag	  車
䡗	bag	 車
䡘	bag	勹 田 車
䡙	bag	丶 艮 車
䡚	bag	 白 車
䡛	bag	車 車 ⸻
䡜	bag	  車
䡝	bag	 宀 車 𠂊
䡞	bag	 目 車
䡟	bag	 白 車
䡠	bag	⺊ 八 目 車
䡡	bag	比 白 車
䡢	bag	 車
䡣	bag	冖 車 車
䡤	bag	 車
䡥	bag	宀 谷 車
䡦	bag	 又 木 車
䡧	bag	⑥ 灬 車
䡨	bag	 工 車
䡩	bag	 車
䡪	bag	丶  尸 車 
䡫	bag	 車 辶
䡬	bag	 罒 車
䡭	bag	 一 丑  車
䡮	bag	 彳 車 龰
䡯	bag	丿  心 車
䡰	bag	 車 𠃜 𠘧
䡱	bag	匚  口 車
䡲	bag	 甲 車
䡳	bag	 車 𠂆
䡴	bag	 甲 車
䡵	bag	 車 
䡶	bag	 車
䡷	bag	  厶 皿 車
䡸	bag	 戉 罒 車
䡹	bag	 田 疋 車
䡺	bag	  丨  車
䡻	bag	  自 車 𠃌
䡼	bag	  口 車
䡽	bag	 八 目 車 
䡾	bag	 ㇀   乚  犬 車
䡿	bag	    口 工 車
䢀	bag	乙 车 𠂉
䢁	bag	月 车
䢂	bag	 车
䢃	bag	  
䢄	bag	 厶  木
䢅	bag	 臼 𠄌
䢆	bag	  厂 寸 𠄌
䢇	bag	 几 厂 宀 寸 𠄌
䢈	bag	⺌   人 厂  𠄌
䢉	bag	③ 㐅  厂 囗 彐 𠄌
䢊	bag	子 辶
䢋	bag	 辶
䢌	bag_ops	一 巾 辶 
䢍	bag	 辶 𠃌
䢎	bag	 辶
䢏	bag	斗 辶
䢐	bag	且 辶
䢑	bag	丶 氏 辶
䢒	bag	 辶
䢓	bag	于 宀 辶
䢔	bag_ops	 辶  ⿺
䢕	bag	一 戊 辶
䢖	bag	 辶 
䢗	bag	曲 辶
䢘	bag	宀 
䢙	bag	八 目 辶
䢚	bag	 日 辶
䢛	bag	 口 辶
䢜	bag	冖 巾 彐 辶
䢝	bag	⑥  辶
䢞	bag	 辶
䢟	bag	 辶 𠃌
䢠	bag	  辶
䢡	bag	世 木 辶
䢢	bag	  尸 辶
䢣	bag	丶 言 
䢤	bag	丶  木 辶
䢥	bag	 目 辶
䢦	bag	  辶
䢧	bag	 彡 辶 
䢨	bag	 彳 辶 龰
䢩	bag	 攵 辶 𫝀
䢪	bag	  辶
䢫	ordered	辶  工 月
䢬	bag	㐄 丶   𭕄
䢭	bag	  欠 辶
䢮	bag	 田 辶
䢯	bag	㐄 丶  
䢰	bag	 辶 隹 
䢱	bag	一  目 罒 辶
䢲	bag	又 目 目 辶 隹
䢳	bag	几 阝
䢴	full	⿰ 干 阝
䢵	bag	 阝
䢶	bag	木 
䢷	bag	丹 阝
䢸	ordered	且 阝
䢹	bag	巨 阝
䢺	bag	 阝
䢻	bag	臣 阝
䢼	ordered	十 丨  阝
䢽	bag	 八  巴
䢾	bag	 阝 𠂒
䢿	bag	 阝
䣀	ordered	𠂊 厂 㔾 阝
䣁	bag	  𠃌
䣂	bag	一 未 阝
䣃	bag	 阝 𠂉
䣄	ordered	 阝
䣅	ordered	厂  𠄌 乀 丿 阝
䣆	ordered	一  工 阝
䣇	bag	 阝
䣈	bag	 巴 巴
䣉	bag	丿  巴 氵
䣊	bag	⺌  阝
䣋	bag	 
䣌	bag	 氏 阝
䣍	bag	 
䣎	bag	田 阝 
䣏	bag	  阝
䣐	bag	 央 阝
䣑	bag	 厂 甲 阝
䣒	bag	 阝
䣓	ordered	 阝
䣔	bag	八 小 目 阝
䣕	atomic_override	䣕
䣖	bag	⑥  灬
䣗	bag	 白 阝
䣘	ordered	  阝
䣙	bag	山  阝
䣚	bag	⑧ 女 阝
䣛	bag	丷  木 阝
䣜	bag	 ㇀ 且 乚 阝
䣝	bag	尸  阝
䣞	bag	 
䣟	bag	旡 旡 
䣠	bag	 
䣡	ordered	丷  一 我 阝
䣢	bag	  未 阝
䣣	bag	⑧  灬 阝
䣤	bag	又 目 目 阝 隹
䣥	bag	 酉 ⸻
䣦	bag	丿 酉 𠃌
䣧	bag	 酉
䣨	bag	 酉
䣩	bag	 酉
䣪	bag	一 巾 酉
䣫	bag	 酉
䣬	bag	 酉
䣭	bag	犬 酉
䣮	bag	丶 又 酉 𠂇
䣯	bag	且 酉
䣰	bag	巨 酉
䣱	bag	 酉
䣲	bag	 厶 酉
䣳	bag	 酉 𠃌
䣴	bag	㐅  酉
䣵	bag	耳 酉
䣶	bag	 酉
䣷	bag	朱 酉
䣸	bag	  酉
䣹	bag	 亻 酉
䣺	bag	口 月 酉
䣻	bag	 酉
䣼	bag	 酉
䣽	bag	 酉 𠂉
䣾	bag	且 宀 酉
䣿	bag	于 皿 酉
䤀	bag	 酉 𠂇
䤁	bag	⑤  匚 酉
䤂	bag	 酉
䤃	bag	 日 酉
䤄	bag	 囗 酉
䤅	bag	 酉
䤆	bag	  酉
䤇	bag	 又 宀 酉
䤈	bag	 八 皿 酉
䤉	bag	 皿 酉
䤊	bag	 耳 酉
䤋	bag	  酉
䤌	bag	  尸 酉
䤍	bag	入 入 巾 廿 酉
䤎	bag	  口 酉 龴
䤏	bag	手 酉 非
䤐	bag	旡 旡 日 酉
䤑	bag	 由 酉
䤒	bag	②   人 酉
䤓	bag	 酉 𧰨
䤔	bag	 車 酉 𠂆
䤕	bag	②   白 酉
䤖	bag	 日 酉
䤗	bag	㐄  夂 日 酉
䤘	bag	  酉 非
䤙	bag	彑 虫 虫 酉 𧰨
䤚	bag	 月 甲
䤛	bag	 丩 丷 
䤜	bag	㇀   
䤝	bag	②  十 卩
䤞	bag	  尢
䤟	bag	  十
䤠	bag	 十 
䤡	bag	 冉 十
䤢	ordered	人    丿
䤣	bag	 乎 
䤤	bag	 丿  十 𠃋
䤥	bag	  𠂊
䤦	bag	  
䤧	bag	 
䤨	bag	④  十 𠂆
䤩	bag	㇀    宀
䤪	bag	  木
䤫	bag	㇇   十 山
䤬	bag	  小 氵
䤭	bag	㐅  十 
䤮	bag	 十 
䤯	bag	  彡
䤰	bag	  十 
䤱	bag	  山 𠂆
䤲	bag	  十
䤳	bag	 丷 人  夂
䤴	bag	 丷   凵 十
䤵	bag	 十 非
䤶	bag	 乚  
䤷	bag	  
䤸	bag	 十 彑 𧰨
䤹	bag	   又 宀
䤺	bag	 人  𠂆
䤻	bag	 十 工 
䤼	bag	㇇    白
䤽	bag	⑤  十 罒
䤾	bag	  臼 𭕄
䤿	bag	   手 𠃌
䥀	bag	 人 凵 十 虫
䥁	bag	 丷  囗 干 龴
䥂	bag	   𧰨
䥃	bag	  隹
䥄	bag	   日
䥅	bag	    
䥆	bag	  非
䥇	bag	 人   𠃌
䥈	bag	   十 犬
䥉	bag	⑤   宀 𠂊
䥊	bag	  
䥋	bag	  人  灬
䥌	bag	 十 宀 
䥍	bag	 丷 九  十 干
䥎	bag	    厂 月 𠄌
䥏	bag	③   卩 
䥐	bag	    夂 龴 𠃌
䥑	bag	   夂 木
䥒	bag	 十 厶 弓 虫
䥓	bag	  
䥔	bag	  人  米
䥕	bag_ops	 丷 人  巾 攵   ⿻
䥖	bag	 丷  十 酉
䥗	bag	  十 欠 示
䥘	bag	   人 
䥙	bag_ops	 丷  阝 𧰨 ⿰  
䥚	bag	  目 目
䥛	bag	②    小 𠃌
䥜	bag	 十 木 𠁣 𠃛
䥝	bag	    广 比 
䥞	bag	  攵 白 𠃌
䥟	bag	  勹  𠃊
䥠	bag	   戊
䥡	bag	 世 丷  木 片
䥢	bag	   豆
䥣	bag	   
䥤	bag	 丷  冂 勹 十 巳
䥥	bag	  丷  厂 
䥦	bag	 十 工  𠂇
䥧	bag	    目
䥨	bag	  𠁣 𠃛
䥩	bag	 人  山 彳 攵
䥪	bag	  人  灬
䥫	bag	   十 隹
䥬	bag	  十  
䥭	bag	 丷   
䥮	bag	   卩 口 臣
䥯	bag	⺆   人  厶 罒
䥰	bag	  虫 虫 𠃊
䥱	bag	 勹 十 宀 灬 臼
䥲	bag	 匚  
䥳	bag	⑧  十 夂 心
䥴	bag	④  十 山 隹
䥵	bag	     十 
䥶	bag	   厂  止
䥷	bag	 丿   
䥸	bag	  丿  乀 人  巾 弓
䥹	bag	    人 凵 十 止 𠃌
䥺	bag	牙 钅 ⸻
䥻	bag	一 尢 钅
䥼	bag	 钅
䥽	bag	发 钅
䥾	bag	 钅
䥿	bag	 钅 𠂆 𠃌
䦀	bag	 钅 
䦁	bag	 钅 阝
䦂	bag	丶  尸 钅 
䦃	bag	  钅
䦄	bag	⑧ 钅 𧘇
䦅	bag	  钅
䦆	bag	又 目 目 钅 隹
䦇	bag	④  
䦈	bag	 厶 
䦉	bag	④  厶 囗
䦊	bag	  小
䦋	bag	 厶 攵 
䦌	bag	 𠁣 𠃛
䦍	bag	乙 𠁣 𠂉 𠃛
䦎	bag_ops	 𠁣 𠃛 ⿰  ⿵
䦏	bag	 𠁣 𠃛
䦐	bag	手 𠁣 𠃛
䦑	bag	 𠁣 𠃍 𠃛
䦒	bag	 𠁣 𠃛
䦓	bag	 𠁣 𠃛
䦔	bag	 𠁣 𠃛
䦕	bag	 𠁣 𠃛
䦖	bag	 𠁣 𠃛
䦗	bag	丿 皿 𠁣 𠃛
䦘	bag	艮 𠁣 𠃛
䦙	bag	 𠁣 𠃛
䦚	bag	 𠁣 𠃛
䦛	bag	  𠁣 𠂊 𠃛
䦜	bag	 𠁣 𠃛 𫝀
䦝	bag	④  𠁣 𠃛
䦞	ordered	𠁣 𠃛 氵  一
䦟	bag	 𠁣 𠃛
䦠	bag	 𠁣 𠃛 𧰨
䦡	bag	 𠁣 𠃛
䦢	bag	 氵 𠁣 𠃛
䦣	bag	 𠁣 𠃛
䦤	bag	  𠁣 𠃛
䦥	ordered	𠁣 𠃛 
䦦	bag_ops	 十 𠁣 𠃛  ⿵ ⿻
䦧	bag	 臼 𠁣 𠃛
䦨	bag	東 𠁣 𠃛
䦩	bag	夂 目 𠁣 𠃛
䦪	bag	 𠁣 𠃊 𠃛
䦫	bag	 央 𠁣 𠃛
䦬	bag	  人 𠁣 𠃌 𠃛
䦭	bag	丿  𠁣 𠃛
䦮	bag	 日 𠁣 𠃛
䦯	bag	 攵 𠁣 𠃛
䦰	bag	乚  𠁣 𠂊 𠃛
䦱	bag	爲 𠁣 𠃛
䦲	bag	 厂 言 𠁣 𠂊 𠃛
䦳	bag	 乡 阝 𠁣 𠃛
䦴	bag	 罒 𠁣 𠃛
䦵	bag	   乀 八 巾 𠁣 𠃛
䦶	bag	 门 
䦷	bag	 门
䦸	bag	禺 门
䦹	bag	十 阝
䦺	ordered	阝 
䦻	bag	子 阝
䦼	bag	 阝 𠃍
䦽	bag	 阝 龴
䦾	bag	㠯 
䦿	bag	 阝
䧀	bag	厶 
䧁	ordered	阝 
䧂	ordered	 
䧃	bag	田 
䧄	bag	 阝
䧅	bag	 弓 阝
䧆	ordered	阝 十 丨 
䧇	bag	 阝 𧘇
䧈	bag	 阝
䧉	bag	 甲 阝
䧊	ordered	阝 𠂒 口
䧋	bag	 目 阝
䧌	bag	 
䧍	ordered	阝 谷
䧎	bag	口 
䧏	bag	 
䧐	ordered	  子
䧑	bag	 阝 龰
䧒	ordered	阝 木 
䧓	ordered	阝 ⺆ 十 
䧔	bag	 心 阝
䧕	bag	  阝
䧖	bag	  阝
䧗	bag	夂  𠂉
䧘	bag	彑 阝 𧰨
䧙	bag	 小 山 阝
䧚	ordered	  
䧛	bag	 
䧜	ordered	阝  
䧝	bag	 凵 虫 阝
䧞	atomic_override	䧞
䧟	bag	丿 臼 
䧠	ordered	阝 ⑧ 寸
䧡	ordered	阝   月
䧢	bag	匚  口 阝
䧣	bag	 
䧤	bag	 
䧥	bag	⑧ 心 阝
䧦	ordered	阝 爲
䧧	ordered	阝 丷  一 我
䧨	ordered	阝 ④  一 未
䧩	bag	 
䧪	bag	  女 广 阝
䧫	bag	  阝 𧰨
䧬	bag	 目 阝 𣥂
䧭	bag	㐅   丿 囗 心 阝
䧮	bag	 宀  阝
䧯	ordered	 口 比 𠂊 
䧰	bag	  灬 田 
䧱	bag	九 隹
䧲	bag	干 隹
䧳	bag	止 隹
䧴	bag	 隹
䧵	bag	冘 隹
䧶	bag	 八 隹
䧷	bag	 夂 隹
䧸	bag	 隹
䧹	bag	亻 广 隹
䧺	bag	 𠂇
䧻	bag	 隹
䧼	bag	 𠂒
䧽	bag	丿 米 隹
䧾	bag	  隹
䧿	bag	 隹
䨀	bag	入 米 隹
䨁	bag	 攵 隹 龴
䨂	bag	丿  木 隹
䨃	bag	 日 隹
䨄	bag	 酉 隹
䨅	bag	 人 小 日 隹
䨆	bag	丷 八 巾 攵 隹
䨇	bag	 隹 隹
䨈	bag	 目 隹 𣥂
䨉	bag	八 八 女 目 目 隹
䨊	bag	一 爿 片 隹 隹 隹
䨋	bag	㇀   
䨌	bag_ops	    
䨍	bag	 井 
䨎	bag	 厶 
䨏	bag	 
䨐	bag	  
䨑	bag	  冂 弓
䨒	bag	 
䨓	bag	 
䨔	bag	⺌   
䨕	bag	 于  氵
䨖	bag	 
䨗	bag	  冂 
䨘	bag	   目
䨙	bag	   氵
䨚	bag	 丿  冂 勹 心
䨛	bag	   
䨜	bag	 
䨝	bag	 
䨞	bag	 禹
䨟	bag	 八  十 氵
䨠	bag	  冂 勹 日 𠃊
䨡	bag	 丷  八  凵
䨢	bag	⑤    
䨣	bag	 革
䨤	bag	 由 辶
䨥	bag	 又 隹
䨦	bag	  丷 丷  冂 冖 𠃌
䨧	bag	  丷 丷  
䨨	bag	㠯   冂 辶
䨩	bag	 申 礻
䨪	bag	 八  甲
䨫	bag	   夂 木
䨬	ordered	  八 氵 
䨭	bag	⺌   
䨮	bag	    彐
䨯	bag	 東 阝
䨰	bag	 氵 革
䨱	bag	 夂 
䨲	bag	    冂 冂 𠂊
䨳	bag	   目 目
䨴	bag	  丷 八  寸
䨵	bag	   
䨶	bag	⑧  厶 目
䨷	bag	⺊   
䨸	bag	  冂 工  
䨹	bag	⑧  丷 亻  夂 灬
䨺	bag	    丷 丷 八 八  冂 冂 厶 厶 厶
䨻	bag	   丷 丷 丷 八 八 八  冂 冂 冂 田 田 田 田
䨼	bag	  隹 龶
䨽	bag	己 非
䨾	bag	广 非
䨿	bag	 非
䩀	bag	八 目 非
䩁	bag	    乚 非
䩂	bag	④ ㇇  囗
䩃	bag	 囗 比
䩄	bag	 囗 见
䩅	bag	 囗 皮
䩆	bag	 乍 囗
䩇	bag	  囗
䩈	bag	 囗 
䩉	bag	 十 囗 月
䩊	bag	④ 㔾  囗 宀 𠂊
䩋	bag	 囗 
䩌	bag	 囗 灬 隹
䩍	bag	  囗 小 日
䩎	bag	④   人  囗
䩏	bag	④  十 囗 戊 罒
䩐	bag	乙 革 𠂉
䩑	bag	弓 革
䩒	bag	于 革
䩓	bag	 革
䩔	bag	又 革 𠘧
䩕	bag	 革
䩖	bag	 革
䩗	ordered	革 月
䩘	bag	②  革
䩙	bag	 革
䩚	bag	丶 氏 革
䩛	bag	 革
䩜	bag	由 革
䩝	bag	瓜 革
䩞	bag	 革
䩟	bag	 弓 革
䩠	bag	 革
䩡	bag	  革
䩢	bag	 革 𠂆
䩣	bag	 革
䩤	bag	 目 革
䩥	bag	 廴 革
䩦	bag	 攵 革
䩧	ordered	革 言
䩨	bag	  革 𠄌
䩩	bag	 宀 革 𠂊
䩪	bag	 革
䩫	bag	一 入 入 巾 革
䩬	bag	 人 革
䩭	bag	 革
䩮	bag	 革
䩯	bag	一  又 口 革
䩰	bag	口 耳 革
䩱	bag	 革
䩲	bag	又  革
䩳	bag	 又 宀 革
䩴	bag	 月 革
䩵	bag	冖 車 革
䩶	bag	 凵 虫 革
䩷	bag	 
䩸	bag	 耳 革
䩹	bag_ops	   革 ⿰  ⿳ ⿵ ⿵
䩺	bag	八  厶 革 
䩻	bag	⑥ 灬 革
䩼	bag	 辶 革
䩽	bag	匚  口 革
䩾	bag	 灬 革
䩿	bag	  目 革
䪀	bag	 心 革
䪁	bag	  革
䪂	bag	朿 朿 革
䪃	bag	  革
䪄	bag	 廿 由 革
䪅	bag	勹 罒 虫 革
䪆	bag	曲 豆 革
䪇	bag	  革
䪈	bag	㠯  辶 革
䪉	bag	⑦ 㐅 囗 革 
䪊	bag	⑦  月 革
䪋	bag	  目 辶 革
䪌	bag	 口 比 革 
䪍	bag	柬 革 𠁣 𠃛
䪎	bag	 口 山 隹 革
䪏	bag	㐄  𫝀
䪐	bag	㐄  心 𫝀
䪑	bag	㐄  宀 𫝀
䪒	bag	㐄   𫝀
䪓	bag	⺊ 㐄  𫝀
䪔	bag	㐄 丶  月 𫝀
䪕	bag	㐄  米 𫝀
䪖	bag	㐄   𫝀
䪗	bag	⑤ 㐄 又 口  𫝀
䪘	bag_ops	㐄  日 龰 𫝀  ⿳
䪙	bag	㐄 丶  寸 月 𫝀
䪚	bag	㐄    𫝀
䪛	bag	㐄   𫝀
䪜	bag	㐄  厂 口 言 𠂊 𫝀
䪝	bag	㐄  又  𫝀
䪞	bag	 非
䪟	bag	 又 巾 非
䪠	bag	㇉  欠 非
䪡	full	 ⿹ ⿻  ㇉  ⿰  ⿱ 非 一
䪢	full	⿰ ⿹ ⿻  ㇉    ⿱ 非 一
䪣	bag	 冫 巾 欠 非
䪤	bag	  非
䪥	bag	⺊   又 目 非
䪦	bag	 工 日
䪧	bag	 也 日
䪨	bag	 勹 日
䪩	bag	㇇  人 
䪪	bag_ops	  𠃌  
䪫	bag	 工 日 
䪬	bag	  子 日
䪭	bag	 
䪮	bag	   勹 勹 日
䪯	bag	  冖 日
䪰	bag	 心 
䪱	bag	己 頁
䪲	bag	 頁
䪳	bag	 頁 
䪴	bag	冘 頁
䪵	bag	牙 頁
䪶	bag	且 頁
䪷	bag	 頁
䪸	bag	民 頁
䪹	bag	③  頁
䪺	bag	 頁
䪻	bag	 厶 頁
䪼	bag	 頁
䪽	bag	㇉  頁
䪾	bag	人 彡 頁
䪿	bag	㐅 丿 囗 頁
䫀	bag	⑤ 頁
䫁	bag	自 頁
䫂	bag	 頁 
䫃	bag	 頁 𠄌
䫄	bag	 頁
䫅	bag	宀 木 頁
䫆	bag	戊 頁 𠃌
䫇	bag	 彡 頁
䫈	bag	 山 頁
䫉	bag	豸 頁
䫊	bag	 頁
䫋	bag	 木 頁
䫌	bag	 白 頁
䫍	bag	非 頁
䫎	bag	  頁
䫏	bag	 頁
䫐	bag	 頁
䫑	bag	 頁
䫒	bag	日 氏 頁
䫓	bag	 頁
䫔	bag	  人 頁 𠃌
䫕	bag	 巾 頁
䫖	bag	⑤  匚 頁
䫗	bag	⑤ 又 頁 
䫘	bag	 頁 𠃊
䫙	bag	 十 木 頁
䫚	bag	冂  頁 𠃍
䫛	bag	 頁 
䫜	bag	②   頁
䫝	bag	丿  頁
䫞	bag	 灬 頁
䫟	bag	 目 頁
䫠	bag	 彡 頁
䫡	bag	 頁 
䫢	bag	 几 頁 𠂆
䫣	bag	②  頁 𭕄
䫤	bag	 八 冖 日 頁
䫥	bag	 田 頁
䫦	bag	 皿 頁
䫧	bag	 白 頁
䫨	bag	丿 攵 頁 
䫩	bag	人 厶 厶 厶 彡 頁
䫪	bag	   乀 人 頁
䫫	bag	⑧ 女 頁
䫬	bag	旡 旡 日 頁
䫭	bag	  目 頁
䫮	bag	口 寸 工 彐 頁
䫯	bag	  亅  頁 𠃌
䫰	bag	㐄  頁 𠂊
䫱	bag	    冂 頁
䫲	bag	 戊 頁
䫳	bag	勹 罒 虫 頁
䫴	bag	 頁
䫵	bag	  自 頁 𠃌
䫶	bag	㐅  人  頁
䫷	bag	  口 干 頁
䫸	bag	 几 虫 𠃌
䫹	bag	丿  虫
䫺	bag	丿 几 厶 虫 𠂇
䫻	bag	丿 几 日 虫
䫼	bag	 几 虫 𠃍
䫽	bag	 几 虫
䫾	bag	 几 心 虫
䫿	bag	  虫 𠃌
䬀	bag	  几 虫 𠃌
䬁	bag	 几 宀 虫
䬂	bag	丿 几 戉 虫
䬃	bag_ops	 丿 几 虫  ⿵ ⿺
䬄	bag	 几 戊 虫
䬅	bag	  几 虫  𠃌
䬆	bag	 几 刂 木 虫
䬇	bag_ops	丷   虫  ⿵
䬈	bag_ops	丷   虫  ⿵ ⿺
䬉	bag	  虫
䬊	bag	  人 几 虫
䬋	bag	 八  夂 虫
䬌	bag	  几 几 虫
䬍	bag	 丿 几 勹 心 虫
䬎	bag	   虫
䬏	bag	 丿  虫
䬐	bag	 几  虫
䬑	bag	丿 几  虫
䬒	bag	丿  几 又 宀 虫
䬓	bag	 丿 几 日 虫
䬔	bag	 几  虫
䬕	bag	 几 几 虫 虫
䬖	bag	  白 虫
䬗	bag_ops	  几 勹 日 虫  ⿵ ⿹
䬘	bag	 冂 几  虫
䬙	bag_ops	 几 缶 虫 𭕄  ⿺
䬚	bag_ops	⑥ 丿 几 灬 虫 ⿱ ⿵ ⿹ ⿺
䬛	bag	⑨  几 虫
䬜	bag	㐅  冂 几 凵 厶 虫
䬝	bag	 八  由 虫
䬞	bag	 乛 几  寸 工 虫
䬟	bag	③   人 几  虫 𠃌
䬠	bag	 飛
䬡	bag	 飛
䬢	bag	⑤  人 𠃌
䬣	bag	 乙 人 𠂉
䬤	bag	 尸 艮
䬥	bag	 乚 人 艮
䬦	bag	⑤  
䬧	bag	⑤  
䬨	bag	⑤  
䬩	bag	③  艮
䬪	bag	③ ⑤ 
䬫	bag	⑤  人 氏
䬬	bag	⑤  央
䬭	bag	  艮 𠃌
䬮	bag	⑤  以
䬯	bag	⑤ ⺊  口
䬰	bag	⑤  人 
䬱	bag	⑤  本
䬲	bag	⑤  
䬳	bag	  人
䬴	bag	⑤  末
䬵	bag	⑤   𠃋
䬶	bag	⑤  艮
䬷	bag	⑤   
䬸	bag	 人  𠂊
䬹	bag	⑤  厶
䬺	bag	⑤  人
䬻	bag	  
䬼	bag	⑤  口 月
䬽	bag	⑤   
䬾	bag	⑤   弓
䬿	bag	⑤  人 尸
䭀	bag	⑤ ⺄  十 辶
䭁	bag	  扌 艮 𠂆
䭂	bag	⑤  
䭃	bag	⑤ ㇇   心
䭄	bag	 事 人
䭅	bag	⑤  
䭆	bag	 卜 臣 艮
䭇	bag	⑤   
䭈	bag	⑤   
䭉	bag	⑤  工 
䭊	bag	⑤ 丨  十 央
䭋	bag	⑤  
䭌	bag	  月 艮
䭍	bag	⑤  皿 龶
䭎	bag	⑤ 世  木
䭏	bag	 𩙿
䭐	bag	⑤   心
䭑	bag	④ ⑤  人 
䭒	bag	⑤  心 自
䭓	bag	⑤  山 豆
䭔	bag	⑤ 㠯  人 辶
䭕	bag	  艮 車 𠂆
䭖	bag	⑤   灬
䭗	bag	⑤   日
䭘	bag	⑤  人  日
䭙	bag	⑤  旡 旡 日
䭚	bag	  人 甲
䭛	bag	 乛 人 攵 耳
䭜	bag	 人 小 日 𩙿
䭝	bag	⑤ ⺌  
䭞	bag	⑤   干 罒
䭟	bag	⑤ 世 丨  十 木
䭠	bag	④ ⑤  人 
䭡	bag	⑤  人 工  𭕄
䭢	bag	⑤  亅 人 宀 心 皿
䭣	bag	③ ⑤  丨  丷  人 𠃌
䭤	bag	⑤ 㠯   口 辶
䭥	bag	⑤   十 艮
䭦	bag	⑤ 丨   
䭧	bag	② ⑤  人 小 
䭨	bag	⑤   口 山 隹
䭩	bag	⑤   非
䭪	bag	 甲 饣
䭫	bag	  日 自
䭬	bag	 日 自 
䭭	bag	 頁
䭮	bag	 厶 彡 自
䭯	bag	  
䭰	bag	  
䭱	bag	丷  巾 
䭲	bag	 亅  
䭳	bag	  女  木 田
䭴	bag	⑥ 十 灬
䭵	bag	⑥ 丶 几 灬
䭶	bag_ops	⑥  灬  
䭷	bag	⑥  灬
䭸	bag	⑥  灬
䭹	bag	② ⑥ 卩 灬
䭺	bag	⑥  灬
䭻	bag	⑥  
䭼	bag	⑥  灬
䭽	bag	⑥ 灬 牛
䭾	bag	⑥ 
䭿	bag	⑥  灬
䮀	bag	⑥  灬
䮁	bag	⑥  厶 灬
䮂	bag	⑥ 丶 又 灬 𠂇
䮃	bag	⑥  灬
䮄	bag	② ⑥  灬
䮅	bag	⑥ 戉 灬
䮆	bag	③ ⑥  灬
䮇	bag	⑥  灬 
䮈	bag	⑥  灬 
䮉	bag	④ ⑥ 灬 𠂉
䮊	bag	⑥  弓 灬
䮋	bag	⑥  𠂊
䮌	bag	⑥ 亻 木 灬
䮍	bag_ops	⑥  灬 𧘇  
䮎	bag	⑥ 㐅 巾 灬 𠂇
䮏	bag	⑥  灬 𫝀
䮐	bag	⑥  口 灬
䮑	bag	⑥ 丿 寸 灬 𭕄
䮒	bag	⑥  月 灬
䮓	bag	⑥ ⺊  灬
䮔	bag	⑥  灬
䮕	bag	⑥   灬
䮖	bag	⑥  灬
䮗	bag	⑥  灬
䮘	bag	⑥  灬 臼
䮙	bag	⑥   灬
䮚	bag	⑥ 一  夂 灬
䮛	bag	⑥  灬 阝
䮜	bag	⑥ 世 木 灬
䮝	bag	⑥ 冖 灬 車
䮞	bag	⑥  日 灬
䮟	bag	⑥  又 宀 灬
䮠	bag	⑥  灬 田
䮡	bag	⑥ 夂 日 灬 𠂉
䮢	bag	⑥  灬 臼
䮣	bag	⑥  又 木 灬
䮤	bag	⑥ 冖 灬 隹
䮥	bag	⑥    灬
䮦	bag	⑥  灬
䮧	bag	⑥  灬 𠂉
䮨	bag	⑥  宀 灬
䮩	bag	⑤ ⑥ 月 灬
䮪	bag	⑥ 㐄  灬 𠂊
䮫	bag	⑥ ⑧ 女 灬
䮬	bag_ops	⑥  灬  
䮭	bag	⑥  灬 目 𭕄
䮮	bag	⑥  夂 木 灬
䮯	bag_ops	⑥ 丿 攵 灬 龶   
䮰	bag	⑥  灬
䮱	bag	⑥ 一 灬 
䮲	bag	⑥  廿 灬 由
䮳	bag	⑥ 丿 灬 
䮴	bag	 ⑥ 灬 豆
䮵	bag	⑥  灬 甲
䮶	bag	⑥ 木 灬 隹
䮷	bag	⑥ 勹 灬 罒 虫
䮸	bag	③ ⑥ 㐅  冖 彐 灬
䮹	bag	⑥ 一 戊 止 灬 𣥂
䮺	bag	③ ⑥   
䮻	bag	⑥  乛  寸 工 灬
䮼	bag	⑥ 㐄 丶  灬 𠂊
䮽	bag	⑥  广 比 灬 灬 
䮾	bag_ops	⑥ ⑦  月 灬  ⿹
䮿	bag	⑥   宀 灬 龰
䯀	bag	⑥ 灬 耳 耳 耳
䯁	bag	⑥   丷  月 灬 𠃊
䯂	bag	⑥ ⑥ ⑥ 木 灬 灬 灬
䯃	bag	 
䯄	bag	②  口
䯅	bag	  耳
䯆	bag	⑤ 乚 月
䯇	bag	⑤ 丿 
䯈	bag	⑤  月
䯉	bag	⑤ 月 欠
䯊	bag	⑤  月
䯋	bag	 又 
䯌	bag	⑤ 九 尸 月
䯍	bag	⑤  月 龴
䯎	bag	⑤ 八 干 月
䯏	bag	⑤  月
䯐	bag	⑤ 月 肉
䯑	bag	⑤  月
䯒	bag	⑤  彳 月
䯓	bag	⑤  月
䯔	bag	⑤  宀 月
䯕	bag	⑤  月
䯖	bag	 月 艮
䯗	bag	⑤  月 比
䯘	bag	⑤  月
䯙	bag	⑤  
䯚	bag	②  
䯛	bag	⑤  宀 月 𠂊
䯜	bag	⑤  
䯝	bag	⑤ 工 月 
䯞	bag	⑤ 冂  月 𠃍
䯟	bag	⑤  月 𧰨
䯠	bag	⑤ 
䯡	bag	④ ⑤  月 
䯢	bag_ops	⑤ 广 月 木   ⿸
䯣	bag	⑤   月 目
䯤	bag	⑤ ⺌   月
䯥	bag	 ⑤   灬
䯦	bag	⑤  戊 月 罒
䯧	bag	 冖 
䯨	bag	  
䯩	bag	 巴
䯪	bag	 頁
䯫	bag	 冂   日
䯬	bag	    囗 甲
䯭	bag	 厶 又 
䯮	bag	 厶 彡 𠄎
䯯	bag	 厶 小 
䯰	bag	④  人 厶 彡
䯱	bag	③ ④  彡
䯲	bag	 厶 巴 彡
䯳	bag	  厶 
䯴	bag	 厶 又 彡 𠘧
䯵	bag	④  十 厶 彡
䯶	bag	④  厶 彡
䯷	bag	④  厶 彡 𠂇
䯸	bag	 冫 厶 彡 欠
䯹	bag	  又 彡 
䯺	bag	  彡 氏
䯻	bag	  彡 𠂒
䯼	bag	④   彡 犭
䯽	bag	   彡
䯾	bag	④ ⺆  口 彡
䯿	bag	④   十 厶 彡
䰀	bag	 厶 女 彡 木
䰁	bag	④   厶 彐 彡
䰂	bag	 厶 
䰃	bag	  厶 
䰄	bag	 厶 彡 心 田
䰅	bag	 厶 彡 頁
䰆	bag	  厶 彡 
䰇	bag	 厶  耂
䰈	bag	  厶 工 彡
䰉	bag	 厶 又 彡 
䰊	bag	 十 厶 寸 彡 月
䰋	bag	 厶  
䰌	bag	④  人 厶 彡 彳 龰
䰍	bag	④   厶 彡 木
䰎	bag	④   口 彡 目
䰏	bag	④  十 厶 彡 隹
䰐	bag	 厶 彡 皿 臣 𠂉
䰑	bag	④    冂 冂 厶 彡
䰒	bag	④   厶 彡 𧰨
䰓	bag	④   厶 宀 彡 自 𠃌
䰔	bag	 厶 又 彡 皿 
䰕	bag	 厶 彡 田 皿
䰖	bag	  乚  彡 目 
䰗	bag	乚  𠂊 𩰊 𩰋
䰘	bag	 彡  𩰊 𩰋
䰙	bag	   又 口
䰚	bag	   乚 
䰛	bag	   瓦
䰜	bag	  冂  
䰝	bag	⺌    
䰞	bag	  冂  弓 
䰟	bag_ops	 厶   ⿺
䰠	bag	 田 申
䰡	bag	  人 
䰢	bag	 亅 厶 彳 田
䰣	bag	  冂 
䰤	bag	 東 田
䰥	bag_ops	     ⿺ 
䰦	bag	丿  十  白
䰧	bag	 ㇀  几 
䰨	bag	 田 
䰩	bag	 日 田 耂
䰪	bag	丷    田
䰫	bag	    十 
䰬	bag	丿     田 龴
䰭	bag	   丿  冂 冂 
䰮	bag	  十 厶 我 田
䰯	bag	  人  
䰰	bag	     冂 
䰱	bag	    厶  口 工 田
䰲	bag	乚 灬 
䰳	bag	 灬 
䰴	bag	乙 灬 田 
䰵	bag	子 灬 
䰶	bag	 灬  𠃊
䰷	bag	 灬 
䰸	bag	 灬 
䰹	bag	 灬 
䰺	bag	 灬 田 𠂆 𠂊
䰻	bag	攵 灬 
䰼	bag	 灬 
䰽	bag_ops	一 巾 灬  ⿰ 
䰾	bag	巴 灬 
䰿	bag	也 灬 田 
䱀	bag	央 灬 
䱁	bag	本 灬 
䱂	bag	 灬  𠃌
䱃	bag	 灬 
䱄	bag	灬 瓜 
䱅	bag	末 灬 
䱆	bag	 灬  𠄎
䱇	bag	 灬 
䱈	bag	灬 田 
䱉	bag	且 灬 
䱊	bag	灬  𠂊
䱋	bag	 灬 
䱌	bag	灬  𦣞
䱍	bag	 灬 
䱎	bag	 日 灬 
䱏	bag	灬 田 豆 𠂊
䱐	bag	 灬  𭕄
䱑	bag	 灬 田 𠂆 𠂊
䱒	bag	 灬 
䱓	bag	 灬 
䱔	bag	 攵 灬 
䱕	bag	母 灬 田 
䱖	bag	丣 灬 
䱗	bag	⺊ 丶 又 灬 田 
䱘	bag_ops	 木 灬   ⿳
䱙	bag	 灬 
䱚	bag	 灬 
䱛	bag	  灬 
䱜	bag	 灬 
䱝	bag	 灬 田 白 𠂊
䱞	bag	 灬 田 
䱟	bag	 灬 
䱠	bag	  灬 
䱡	bag	勹 灬  𠂊
䱢	bag	 灬 田  
䱣	bag	 灬 
䱤	bag	勹 灬 田 臼 𠂊
䱥	bag_ops	 灬 牛   
䱦	bag	灬 田 隹 𠂊
䱧	bag	 灬 
䱨	bag	刂 朿 灬 
䱩	bag	 冂 灬  𠃊
䱪	bag	灬 田 龶 𠂊 𧘇
䱫	bag_ops	刂 束 灬   ⿳
䱬	bag	月 灬 田 疋 𠂊
䱭	bag	 忄 灬 
䱮	bag	  人 灬  𠃌
䱯	bag	 攵 灬 田 龴 𠂊
䱰	bag	灬 田 重 𠂊
䱱	bag	 巾 灬 
䱲	bag	彑 灬 田 
䱳	bag	 厂 灬 田 甲 𠂊
䱴	bag	  灬 
䱵	bag	八  厶 灬  
䱶	bag	丶 灬 田  𠂊
䱷	bag	 攵 灬 
䱸	bag	 灬 田 臼 𠂊
䱹	bag	 工 灬 
䱺	bag	山 灬 田 豆 𠂊
䱻	bag	⑤ 月 灬 
䱼	bag	 灬  𠄌
䱽	bag	  尸 灬 
䱾	bag	⑧ 女 灬 
䱿	bag	 灬 田 車 𠂆 𠂊
䲀	bag	 九 十 干 灬 
䲁	bag	 灬 田 
䲂	bag	 灬 田 疋  𠃌
䲃	bag	 灬  
䲄	bag_ops	攵 母 灬 田  ⿰  ⿳
䲅	bag	 人 灬 田 目 𠂊
䲆	bag	灬 灬 田 田 
䲇	bag	束 灬 田 
䲈	bag	 灬 
䲉	bag	 灬 田 𠂆 𠂊
䲊	bag	工 月 灬 田  𠂊
䲋	bag	 日 灬 
䲌	bag	 灬 田 
䲍	bag	 灬 田 舟 𠂊
䲎	bag	 灬 田 耳 𠂊
䲏	bag	丿  冖 灬  𠃌
䲐	bag	  灬 田  𠃌
䲑	bag	 我 灬 
䲒	bag	丿 灬 牛 田 角 𠂊 𠃌
䲓	bag	   灬 
䲔	bag	 一 灬 田 田 
䲕	bag	 日 灬 
䲖	bag	 乛  寸 工 灬 
䲗	bag	  亅  彳 灬 
䲘	bag	㠯  灬 田  𠂊
䲙	bag	⑤  卩 灬 田  𠂊
䲚	bag	八 束 灬 田 
䲛	bag	 灬 田 目 罒 𠂊
䲜	bag	灬 灬 灬 灬 田 田 田 田  
䲝	bag	㔾  
䲞	bag	 
䲟	bag	 
䲠	bag	 日 
䲡	bag	 田 酉 𠂊
䲢	bag	⺆  人 冫 
䲣	bag	  攵 
䲤	bag	一 氵 田 酉 𠂊
䲥	bag_ops	⑦ 九 灬 
䲦	ordered	⑦ 灬 
䲧	bag	⑦  灬
䲨	bag	⑦ 工 灬
䲩	bag_ops	⑦ 尸 灬 ⿸ ⿹
䲪	ordered	 ⑦ 灬
䲫	bag	⑦  灬
䲬	ordered	⑦ 灬 氏
䲭	ordered	氏 ⑦ 灬
䲮	bag_ops	⑦  灬 ⿰ 
䲯	bag	⑦ 及 灬
䲰	bag	⑦  灬
䲱	ordered	⑦ 灬 丶 
䲲	bag	⑦  灬
䲳	bag	⑦  灬
䲴	bag	⑦  灬
䲵	bag	⑦  灬
䲶	bag_ops	⑦  灬  
䲷	bag_ops	⑦ 木 灬 
䲸	bag	⑦  灬
䲹	bag	③ ⑦  灬
䲺	bag	⑦ 灬 甘
䲻	bag	② ⑦  灬
䲼	bag	⑦ 灬 生
䲽	bag	⑦  
䲾	bag	⑦  工 灬
䲿	bag	⑦  尸 灬
䳀	ordered	⑦ 灬 丿 
䳁	ordered	⑦ 灬 𠂇 又 丶
䳂	bag_ops	⑦  灬  ⿹
䳃	ordered	⑦ 灬 𠂊 丶 㔾
䳄	bag_ops	⑦  止 灬  ⿹ ⿺
䳅	bag	⑦  
䳆	bag	⑦ 灬 白
䳇	bag	⑦ 母 灬
䳈	bag	⑦  灬
䳉	ordered	夂  ⑦ 灬
䳊	ordered	𠂇 又 丶 ⑦ 灬
䳋	bag	⑦ 灬 虫
䳌	bag	⑦ ⺆ 冫 厶 灬
䳍	bag	⑦  
䳎	bag_ops	⑦ 灬 臼 ⿰ ⿹
䳏	bag	⑦  灬
䳐	bag	⑦  灬
䳑	bag	⑦ 月 灬 𠂇
䳒	bag	⑦  灬
䳓	bag	⑦  灬 耂
䳔	bag_ops	⑦ 灬 臼 
䳕	bag	⑦  灬 𭕄
䳖	bag	⑦ 灬 耳 𠃊
䳗	full	 ⑦ 灬 我
䳘	full	⿰ ⿹ ⑦ 灬 我
䳙	bag	⑦  灬 由
䳚	bag	⑦ 干 日 灬
䳛	bag	⑦  灬
䳜	ordered	 ⑦ 灬
䳝	bag	⑦  灬
䳞	bag	⑦  人 灬
䳟	bag	⑦  灬
䳠	bag	⑥ ⑦  灬
䳡	ordered	隹 ⑦ 灬
䳢	ordered	 ⑦ 灬
䳣	bag	⑦   
䳤	bag	⑦ 丷 八 巾 灬
䳥	bag	⑦  山 灬 龴
䳦	bag	⑦  日 灬
䳧	bag	⑦  灬 
䳨	bag	⑦  灬 白
䳩	bag	⑦  灬
䳪	bag	⑦  山 灬
䳫	bag	 ⑦  灬
䳬	bag	⑦ 灬 革
䳭	bag	⑤ ⑦ 卩 灬
䳮	bag	⑦ 月 永 灬
䳯	bag	⑦ 灬 重
䳰	bag	⑦  灬
䳱	bag	⑦   夂 灬 龴 𠃌
䳲	bag	⑦  扌 灬 𠄌
䳳	bag	⑦  灬 示
䳴	bag	⑤ ⑦ 灬 罒
䳵	bag	⑦ 丿  木 
䳶	ordered	⑦ 灬 丿 𭕄  
䳷	bag	⑦  彳 灬 龰
䳸	bag	⑦  灬
䳹	bag	⑦ ⺊  又 宀 灬
䳺	bag	⑦  灬 酉
䳻	bag	⑦  灬 車 𠂆
䳼	ordered	⑦ 灬 匚  口
䳽	bag	⑦ 山 灬 隹
䳾	bag	 ⑦ 灬 豆
䳿	bag	⑦ 冫 灬 
䴀	bag	⑦  灬 甲
䴁	bag	⑦ 宀 灬 禺
䴂	bag	⑦ 丨 囗 灬 
䴃	bag	⑦    十 灬
䴄	bag	⑦ 㐄 丶  灬 𠂊 𭕄
䴅	bag	⑦   灬 目
䴆	bag	④ ⑦   灬
䴇	bag	⑦  冂 灬 龴
䴈	bag	⑦  丿  灬 米
䴉	ordered	罒  𧘇 ⑦ 灬
䴊	ordered	丷  一 我 ⑦ 灬
䴋	ordered	⑦ 灬 罒  𧘇
䴌	ordered	⑦ 灬 十   𧰨
䴍	bag_ops	⑦ 八 八 灬 目 目 ⿰ 
䴎	bag_ops	⑦ 灬 田 田  ⿹
䴏	bag	③ ⑦  廿 灬 灬
䴐	bag	⑦   宀 灬 目 缶
䴑	bag	⑦ 且 宀 灬 田 田 田
䴒	bag	⑦     口 工 灬
䴓	bag	 巾
䴔	bag	④  
䴕	bag	④  
䴖	bag	 
䴗	bag	 犬 目
䴘	bag	 几 𠂆
䴙	bag	  
䴚	bag	⺊ 㐅   丶 几 囗
䴛	bag	⺊ ⺌ 㐅   囗 月
䴜	bag	⺊ 㐅    囗 田
䴝	bag	⺊ 㐅   又  耳
䴞	bag	⺊ 㐅    囗 隹 
䴟	bag	 几 广 比 
䴠	bag	 人 广 比 
䴡	bag	④  厂 比 
䴢	bag_ops	 广 木 比  ⿰ ⿸ ⿸ ⿸ ⿻
䴣	bag	 乎 广 比 
䴤	bag	 广 比 生 
䴥	bag	丨  口 广 比  𠃌
䴦	bag	 广 比 言 
䴧	bag	丨  女 广 木 比 
䴨	bag	  广 比 白 
䴩	bag	  口 广 比 示 
䴪	bag	  广 彑 比 礻 
䴫	bag	   冂 广 比 龴 
䴬	bag	  夂 木
䴭	bag	 夂 
䴮	bag	 夂 山 木
䴯	bag	  勹 夂 
䴰	bag	  夂 木
䴱	bag	  夂 宀 木
䴲	bag	 夂 木 末
䴳	bag	 夂 宀 木
䴴	bag	⺊   木
䴵	bag	  夂 木
䴶	bag	  夂 夂 木
䴷	bag	  夂 宀 木
䴸	bag	丿  夂 子 
䴹	bag	 夂  木
䴺	bag	   木
䴻	bag	  勹 夂 
䴼	bag	   夂 木
䴽	bag	丿  十 夂 
䴾	bag	  夂 工 木
䴿	bag	 人 冖 夂 木 𧰨
䵀	bag	 夂 小 
䵁	bag	 冫 夂  爿 𠂊
䵂	bag	   夂 木
䵃	bag	  夂 
䵄	bag	 夂 曲 木 豆
䵅	bag	丿  夂 攵 木 
䵆	bag	   夂 木 𧰨
䵇	bag	广 攵 
䵈	bag	 夂 广 彳 
䵉	bag	 广 月 
䵊	bag	一 丹 八 廿 由
䵋	bag	 月 由 𠂇
䵌	bag	  人  由
䵍	bag	 丶 八  子 由
䵎	bag	 丨  八  山 由
䵏	bag	   彡 由 
䵐	bag	 八  由 甲
䵑	bag	丷  丿  木 𠃌
䵒	bag	  
䵓	bag	  木 牛
䵔	bag	  木 東
䵕	bag	   木
䵖	bag	  又 木 臣
䵗	bag	 丿   田
䵘	bag	  丿  勹 
䵙	bag	  亅  木 
䵚	bag	丷   木 臼 𭕄
䵛	bag	 丿 亅 人  又 木 臣
䵜	bag	 丿   厂 曲 木 𠄌
䵝	bag	⑧ 乚 灬
䵞	bag	⑧ 刂 灬
䵟	bag	⑧ 干 灬
䵠	bag	⑧  灬
䵡	bag	⑧  灬
䵢	bag	⑧ 未 灬
䵣	bag	⑧  灬
䵤	bag	⑧  灬
䵥	bag	⑧ 巴 灬 𠂊
䵦	bag	⑧ 于 氵 灬
䵧	bag	⑧  灬
䵨	bag	⑧  彡 灬
䵩	bag	⑧  木 灬
䵪	bag	⑧  灬
䵫	bag_ops	⑧  宀 灬 𠂊  ⿴
䵬	bag	⑧  日 灬
䵭	bag	⑧ 日 灬 耂
䵮	bag	⑧  丿 勹 日 
䵯	bag	⑧ 灬 重
䵰	bag	⑧  丿 勹 日 灬 𠂉
䵱	bag	⑧  灬 豆
䵲	bag	⑧   灬
䵳	bag	⑧ ⺌   灬
䵴	bag	⑧ 灬 黽
䵵	bag	⑧  人 灬 
䵶	bag	 黽
䵷	bag_ops	 黽 
䵸	bag	丿  木 黽
䵹	bag	一 于  黽 𠂉
䵺	bag	⑧  目
䵻	bag	⑧   丨 彐 目
䵼	bag	⑧ 冫 寸 爿 目 𠂊
䵽	bag	  厶 又 豆
䵾	bag	  寸 豆
䵿	bag	⺊  口 豆
䶀	bag	  口 豆
䶁	bag	   豆
䶂	bag	⑦  臼
䶃	bag	⑦  臼
䶄	bag	⑦  臼
䶅	bag	⑦  臼
䶆	bag	⑦ 臼 隹
䶇	bag	⑦ 月 由 臼
䶈	bag	⑦ 丶  臼
䶉	bag	③ ⑦  臼 𠃌
䶊	bag	一 丑  田 自
䶋	bag	 及 田 自
䶌	bag	  田 自
䶍	bag	   自
䶎	bag	  田 自
䶏	bag	 丷  弓 田 自
䶐	bag	⺌  人  田 自
䶑	bag	   田 自 龰
䶒	bag	③   女 𠃌
䶓	bag	③   巾 𠃌
䶔	bag	   凵 止
䶕	bag	  人 凵 巴 止
䶖	bag	㇇   人 凵 止
䶗	bag	   凵 
䶘	bag	   凵 止
䶙	bag	  人 凵 
䶚	bag	  人 凵 止 虫
䶛	bag	   凵 刂 止 𠂊
䶜	bag	  人 凵  𠂒
䶝	bag	    凵 止
䶞	bag	⑤    凵 止
䶟	bag	  人 凵 勹 止 臼
䶠	bag_ops	  人 凵 口 戊 止 ⿰  ⿳ ⿵ ⿵ ⿶
䶡	bag	   凵 刂 止 目
䶢	bag_ops	  人 凵 口 戊 止   ⿳ ⿵ ⿵ ⿶
䶣	bag	  人 凵 山 止 豆
䶤	bag	⑤   人 凵 月 止
䶥	bag	 ㇀  乚   凵 止
䶦	bag	   凵 止 
䶧	bag	     凵  十 止
䶨	bag	    凵  止
䶩	bag	③      凵 止 𠃌
䶪	bag	   凵 十 止 隹
䶫	bag	一 乛   凵 厂  攵 止 耳
䶬	bag	⑦  干 干 月
䶭	bag_ops	  尢  ⿺ 
䶮	bag	 尢
䶯	bag	女 龜
䶰	bag	 龜
䶱	bag	 夂 龜
䶲	bag	冉 龜
䶳	bag	  冂 几  
䶴	bag	   
䶵	bag	 ㇀  乚  几   𠂆
䶶	bag	䶶
䶷	bag	䶷
䶸	bag	䶸
䶹	bag	䶹
䶺	bag	䶺
䶻	bag	䶻
䶼	bag	䶼
䶽	bag	䶽
䶾	bag	䶾
䶿	bag	䶿
一	bag	
丁	bag	
丂	bag	㇉ 
七	bag	
丄	ordered	丨 一
丅	ordered	 ⸻
丆	bag	 ⸻
万	bag	
丈	bag	
三	bag	
上	bag	
下	bag	
丌	bag_ops	 
不	bag_ops	
与	atomic_override	与
丏	bag	丏 ⸻
丐	bag	丐 ⸻
丑	bag	丑 ⸻
丒	bag	  ⸻
专	bag	
且	bag	
丕	bag	③ 
世	bag	
丗	bag	丨 廿
丘	bag	丘 ⸻
丙	bag	 
业	bag_ops	
丛	bag	 
东	bag	
丝	bag	
丞	bag	㇇  
丟	ordered	 一 
丠	bag	  ⸻
両	bag	 
丢	bag	 
丣	bag	丣 ⸻
两	bag	
严	bag	
並	bag	 ⸻
丧	bag	  𠄌
丨	bag	丨 ⸻
丩	bag	丩 ⸻
个	bag	
丫	bag	 ⸻
丬	bag	丬 ⸻
中	bag	
丮	bag	⺄  ⸻
丯	bag	丨 彡
丰	bag	
丱	bag	丱
串	bag	丨 
丳	bag	 
临	bag	
丵	bag	④  干
丶	bag	丶 ⸻
丷	bag	丷 ⸻
丸	bag	丶 
丹	bag	
为	bag	
主	bag_ops	
丼	bag	丶 井 ⸻
丽	bag	
举	bag	
丿	bag	
乀	bag	乀 ⸻
乁	bag	乁
乂	bag	 ⸻
乃	bag	
乄	bag	乄
久	bag	
乆	bag	 𠃋
乇	bag	 ⸻
么	bag	
义	bag	
乊	bag	 ⸻
之	bag_ops	
乌	bag_ops	
乍	bag	乍 ⸻
乎	bag	
乏	bag	 
乐	bag	
乑	bag	乑 ⸻
乒	bag	丘 
乓	bag	丘 丶
乔	bag	 
乕	bag	 𠂆
乖	bag	 
乗	bag	乗 ⸻
乘	bag	
乙	bag	乙 ⸻
乚	bag	乚 ⸻
乛	bag	乛 ⸻
乜	bag	乜
九	bag	
乞	bag	乙 𠂉
也	bag	
习	bag	
乡	bag	
乢	bag	乚 山
乣	bag	 乚 ⸻
乤	bag	一 乙 卜
乥	bag	 乙
书	bag	书
乧	bag	乙 斗
乨	bag	乚 
乩	bag	⺊ 乚 口
乪	bag	乙 田
乫	bag_ops	丿 乙  
乬	bag	乙 巨
乭	bag	 乙 
乮	bag	乙 卩 𠂎
乯	bag	乎 乙
买	bag	
乱	ordered	
乲	bag	乙 
乳	bag	 
乴	bag	 乙 
乵	bag	 乚 十
乶	bag	丶 乙 十 月
乷	bag	丿 乙 小 氵
乸	bag_ops	也 母 ⿺
乹	bag	乚 
乺	bag	 乙 尸 𠂆
乻	bag	  乙 人 𠃌
乼	bag	 乙 十 氵
乽	bag	乙 
乾	bag	乙  𠂉
乿	bag	  小 𭕄
亀	bag	乚  𠂊
亁	bag	乙 十 干 
亂	bag	 冂 厶 又 龴 𭕄
亃	bag	㐄 丶 乚 米 𠂊
亄	bag	  豆
亅	bag	亅 ⸻
了	bag	
亇	bag	亅 𠂊
予	bag	
争	bag	
亊	bag	亊
事	bag	
二	bag	
亍	bag	 ⸻
于	bag	
亏	bag_ops	 
亐	bag_ops	 
云	bag	
互	bag	
亓	bag_ops	 
五	bag	
井	bag	井 ⸻
亖	bag	 
亗	bag	 
亘	bag	 
亙	bag_ops	 ⿳
亚	bag_ops	
些	bag	
亜	bag	亜 ⸻
亝	bag	 厶 
亞	bag	⑥ 
亟	bag	一  
亠	bag	 ⸻
亡	bag	
亢	bag	 
亣	bag	 ⸻
交	bag	
亥	bag	 𠃋
亦	bag	
产	bag	
亨	bag	  
亩	bag	 
亪	bag	 乁
享	bag	
京	bag	
亭	bag	 冖 
亮	bag	
亯	bag	 
亰	bag	 小 
亱	bag	 亻 日
亲	bag	
亳	bag	㇀  
亴	bag	 九 冖 
亵	bag	  𧘇
亶	bag	  
亷	bag	④  厂 
亸	bag	 子 甲
亹	bag	③  丶 冂  彐
人	bag	
亻	bag	
亼	bag_ops	 ⿱
亽	bag	丶 
亾	bag	人 𠃊
亿	bag	
什	bag	
仁	bag	
仂	bag	 𠃌
仃	bag	 
仄	bag	人 
仅	bag	
仆	bag	亻 
仇	bag	九 
仈	bag	亻 
仉	bag	亻 几
今	bag	
介	bag	
仌	bag_ops	 ⿱
仍	bag	
从	bag_ops	
仏	bag	亻 
仐	bag	
仑	bag	 
仒	bag	 
仓	bag	㔾 
仔	bag	亻 
仕	bag	 
他	bag	
仗	bag	丈 亻
付	bag	
仙	bag	
仚	ordered	人 
仛	bag	㇀ 
仜	bag	亻 
仝	bag	人 工
仞	bag	 
仟	bag	丿 
仠	bag	亻 干
仡	bag	乙 亻 𠂉
仢	bag	 勹
代	bag	
令	bag	
以	bag	
仦	bag	亻 
仧	bag	⺊  ⸻
仨	bag	 一 
仩	bag	 
仪	bag	
仫	bag	 
们	bag	
仭	bag	 
仮	bag	亻 
仯	bag	 
仰	bag	
仱	bag	 
仲	bag	 
仳	bag	亻 
仴	bag	亻 
仵	bag	 𠂉
件	bag	
价	bag	
仸	bag	 
仹	bag	 
仺	bag	 
任	bag	
仼	bag	 
份	bag	
仾	bag	 彑
仿	bag	
伀	bag	亻 
企	bag	
伂	bag	 巾
伃	bag	 亻 龴
伄	bag	 弓
伅	bag	 凵
伆	bag	 亻 勹 ⸻
伇	bag	亻 
伈	bag	亻 
伉	bag	 
伊	bag	
伋	bag	亻 及
伌	bag	㔾 亻 
伍	bag	 𫝀
伎	bag	 又
伏	bag	亻 
伐	bag	 
休	bag	
伒	bag	 𠂆
伓	bag	 
伔	bag	亻 
伕	bag	 
伖	bag	亻 
众	bag	
优	bag	
伙	bag	
会	bag	
伛	bag	㐅 亻 匚
伜	bag	九 
伝	bag	 厶
伞	bag	丷 
伟	bag	
传	bag	
伡	bag	亻 车
伢	bag	亻 牙
伣	bag	亻 见
伤	bag	
伥	bag	亻 长
伦	bag	
伧	bag	 亻
伨	bag	亻 
伩	bag	 
伪	bag	为 亻
伫	bag	 
伬	bag	亻 尺
伭	bag	 
伮	bag	亻 
伯	bag	
估	bag	
伱	bag	人 
伲	bag	 尸
伳	bag	世 
伴	bag	
伵	bag_ops	 囗  ⿴
伶	bag	 亻 龴
伷	bag	亻 由
伸	bag	
伹	bag	且 亻
伺	bag	 
伻	bag	丷 亻 干
似	bag	
伽	bag_ops	   ⿻
伾	bag	③ 
伿	bag	亻 八 
佀	bag	㠯 
佁	bag	亻 
佂	bag	 止
佃	bag	亻 
佄	bag	亻 甘
佅	bag	亻 未
但	bag	
佇	bag	 亻 
佈	bag	亻 
佉	bag	 十 厶
佊	bag	亻 皮
佋	bag_ops	  ⿰ 
佌	bag	 止
位	bag	
低	bag	
住	bag	
佐	bag	亻 
佑	bag	亻 
佒	bag	亻 央
体	bag	
佔	bag	⺊ 
何	bag	
佖	bag	 
佗	bag	 宀
佘	bag	人 
余	bag	
佚	bag	 
佛	bag	
作	bag	
佝	bag	亻 
佞	bag	 女
佟	bag	 亻 夂
你	bag	
佡	bag	 山
佢	bag	亻 巨
佣	bag	 亻 
佤	bag	亻 瓦
佥	bag	 𭕄
佦	bag	 
佧	bag	⺊  卜
佨	bag	亻 
佩	bag	 
佪	bag	亻 
佫	bag	亻 
佬	bag	 耂
佭	bag	㐄 亻 夂
佮	bag	 
佯	bag	 
佰	bag	 白
佱	bag	 止
佲	bag	 
佳	bag	  十
佴	bag	亻 
併	bag	 
佶	bag	 
佷	bag	亻 艮
佸	bag	 
佹	bag	㔾 亻 厂 𠂊
佺	bag	 
佻	bag	亻 兆
佼	bag	 亻 
佽	bag	亻 
佾	bag	亻 八 月
使	bag	
侀	bag	 亻 刂
侁	bag	 𠂒
侂	bag	 亻 广
侃	bag	丨  
侄	bag	  
侅	bag	 亻 𠃋
來	bag_ops	  ⿻
侇	bag	 
侈	bag	 亻 
侉	bag	㇉  亻
侊	bag	 亻
例	bag	
侌	bag	㇇  人 
侍	bag_ops	  
侎	bag	亻 米
侏	bag	亻 朱
侐	bag	 皿
侑	bag	亻 
侒	bag	亻 
侓	bag	 
侔	bag	亻 厶 牛
侕	bag	 亻 
侖	bag_ops	   ⿵ ⿻
侗	bag	 
侘	bag	 亻 宀
侙	bag	 亻 工
侚	bag	亻 勹 日
供	bag	
侜	bag	亻 舟
依	bag	
侞	bag	亻 
侟	bag	③ 亻 子
侠	bag	
価	bag	 
侢	bag	 冉
侣	bag	亻 
侤	bag	㇉  耂
侥	bag	 亻
侦	bag	⺊ 
侧	bag	
侨	bag	 亻
侩	bag	 亻 厶
侪	bag	 亻
侫	bag	 女 𠃊
侬	bag	亻 
侭	bag	 亻 尺
侮	bag	亻 
侯	bag	 
侰	bag_ops	 口  ⿰ 
侱	bag	 
侲	bag	 亻 
侳	bag	 人 
侴	bag	一 丑 人 刂
侵	bag	
侶	bag	 
侷	bag	亻 
侸	bag	亻 豆
侹	bag	  廴
侺	bag	 亻 山
侻	bag	丷  口
侼	bag	亻  子
侽	bag	 
侾	bag	亻 子 耂
便	bag	
俀	bag	 女 𭕄
俁	bag	  𠃑
係	bag	  小
促	bag	
俄	bag	
俅	bag	 亻 八
俆	bag	 朩
俇	bag	  犭
俈	bag	亻 
俉	bag	 口 𫝀
俊	bag	亻 
俋	bag	亻 
俌	bag	丶  月
俍	bag	 艮
俎	bag	且 
俏	bag	⺌ 亻 月
俐	bag	 刂 木
俑	bag	 亻 
俒	bag	 亻 宀
俓	bag	 工 
俔	bag	 目
俕	bag	亻 宀 木
俖	bag	 
俗	bag	
俘	bag	 
俙	bag	㐅 亻 
俚	bag	 甲
俛	bag	 𠂊
俜	bag	㇉  由
保	bag_ops	
俞	bag	 
俟	bag	 
俠	bag	  
信	bag	
俢	bag	亻 夂 彡
俣	bag	 
俤	bag	  弓
俥	bag	亻 車 ⸻
俦	bag	 
俧	bag	 十 心
俨	bag	④  厂
俩	bag	  冂
俪	bag	 冂 冂
俫	bag	亻 来
俬	bag	 
俭	bag	 亻 𭕄
修	bag	
俯	bag	亻 
俰	bag	 
俱	atomic_override	俱
俲	bag	  亻 
俳	bag	亻 非
俴	bag	  亻
俵	bag	亻 
俶	bag	⺊  
俷	bag	亻 巴 月
俸	bag	 
俹	bag	⑥ 
俺	bag	  日
俻	bag	亻 
俼	bag	 
俽	bag	 
俾	bag	 十 白
俿	bag	 亻 
倀	bag	  亻 𠄌
倁	bag_ops	  ⿰ 
倂	bag	 亻 干 干
倃	bag	亻 卜 
倄	bag	㐅 亻 
倅	bag	 
倆	bag	 入 入 巾
倇	bag	㔾  宀 𠂊
倈	bag	 亻 木
倉	bag	  
倊	bag	亻  心
個	bag	亻 
倌	bag	㠯 亻 宀
倍	bag	 
倎	bag	⑥ 亻 八
倏	bag	 犬
倐	bag	丨  八 夂
們	bag	亻 𠁣 𠃛
倒	bag	
倓	bag	 亻 八 
倔	bag	  尸
倕	bag	⑥ 
倖	bag	  干
倗	bag	亻 
倘	bag	⺌ 亻 
候	bag	
倚	bag	 
倛	bag	⑤  
倜	bag	⺆  
倝	bag	 
倞	bag	 
借	bag	
倠	bag	亻 隹
倡	bag	亻 
倢	bag	亻 疌
倣	bag	 亻 攵 𠃌
値	full	⿰ 亻 ⿱ 十 ⿴ 且 一
倥	bag	亻 
倦	bag	 亻
倧	bag	亻 
倨	bag	亻 
倩	bag	亻 
倪	bag	 臼
倫	bag	 亻 冂 
倬	bag	⺊ 亻 
倭	bag	 
倮	bag	亻 
倯	bag	亻 
倰	bag	  夂
倱	bag	亻 
倲	bag	亻 東
倳	bag	事 亻
倴	bag	 人 
倵	bag	 亻 止
倶	full	⿰ 亻  且 
倷	bag	 示
倸	bag	 
倹	bag	  口
债	bag	
倻	bag	亻 
值	atomic_override	值
倽	bag	 亻 
倾	bag	
倿	bag	 亻 女
偀	bag	 十 央
偁	bag	 冉 𭕄
偂	bag	 亻 
偃	bag	亻 匚 
偄	bag	  冂
偅	bag	亻 重
偆	bag	 亻 日
假	bag	
偈	bag	 勹 日 𠃊
偉	bag	㐄  𫝀
偊	bag	亻 禹
偋	bag	 亻 尸
偌	bag	  𠂇
偍	bag	 日 龰
偎	bag	 田 𠄌
偏	bag	
偐	bag	 亻 厂 彡
偑	bag	 几 虫
偒	bag	  勹 
偓	bag	  厶 尸
偔	bag	㇉  
偕	bag	亻 比 白
偖	bag	亻 
偗	bag	 小 目
偘	bag	亻 
偙	bag	 亻 冖 巾
做	bag	
偛	bag	 十 臼
停	bag	
偝	bag	 亻 月
偞	bag	世 亻 木
偟	bag	  白
偠	bag	 亻 
偡	bag	⑤  匚
偢	bag	 亻 八 木
偣	bag	 亻 日
偤	bag	丷 亻 酉
健	bag	
偦	bag	亻 月 疋
偧	bag	  
偨	bag	 木 止
偩	bag	亻 八 目 𠂊
偪	bag	 
偫	ordered	亻 彳  寸
偬	bag	丶  亻 勹 心
偭	bag	 亻 囗
偮	bag	 耳
偯	bag	 
偰	bag	   𠃌
偱	bag	 
偲	bag	亻 心 田
偳	bag	 亻 冂 山
側	bag	亻 八 刂 目
偵	bag	⺊ 亻 八 目
偶	bag	
偷	bag	
偸	bag	 月 
偹	bag	 
偺	bag	亻 卜 夂 日
偻	bag	亻 女 米
偼	bag	⺊  龰 
偽	bag	亻 為
偾	bag	  贝
偿	bag	
傀	bag	 亻 
傁	bag	 又 臼
傂	bag	 亻 几 𠂆
傃	bag	  龶
傄	bag	  目
傅	bag	 
傆	bag	亻  白
傇	bag	 十 耳
傈	bag	 
傉	bag	 亻 厂 寸 𠄌
傊	bag	亻  目
傋	bag	 亻 冉
傌	bag	⑥ 亻 灬
傍	bag	  冖 𠃌
傎	bag	 亻 
傏	bag	 口 
傐	bag	 冂 
傑	bag	㐄  
傒	bag	②  亻 𭕄
傓	bag	   𠃌
傔	bag	 亻 
傕	bag	亻 冖 隹
傖	bag	  尸
傗	bag	 亻 田
傘	bag	  
備	bag	  冂 
傚	bag	 亻 八 攵
傛	bag	亻 宀 谷
傜	bag	 缶 𭕄
傝	bag	亻  日 
傞	bag	 亻 工
傟	bag	亻 八   𠃌
傠	ordered	亻 言 寸
傡	bag	 亻
傢	bag	 𧰨
傣	bag	  八
傤	bag	  车
傥	bag	⺌  
傦	bag	 月
傧	bag	丘 亻 
储	bag	亻 
傩	bag	亻 又 隹
傪	bag	 厶 厶 厶 彡
傫	bag	  
催	bag	亻 山 隹
傭	bag	 广 月 
傮	bag	 日 曲
傯	bag	  心
傰	bag	亻 山 
傱	bag	 亻 彳 龰
傲	bag	 攵 
傳	bag	⑧ 
傴	bag	亻 匚  口
債	bag	亻 八 
傶	bag	⺊  小 戊
傷	bag	  勹 
傸	bag	   乀 
傹	bag	 亻 日
傺	bag	 冫 
傻	bag	㐅  亻 囗 夊
傼	bag	  廿 ⸻
傽	bag	 亻 
傾	bag	 頁
傿	bag	②  止 灬
僀	bag	 冖 巾
僁	bag	 心 米
僂	bag	⑧ 亻 女
僃	bag	  冂 勹 十
僄	bag	  示
僅	bag	 廿 龶
僆	bag	亻 車 辶
僇	bag	  彡 
僈	bag	亻  罒
僉	bag	  
僊	bag	 丨  口 巳
僋	bag	 亻 八 目
僌	bag	亻 攵 車
働	bag	 重 𠃌
僎	bag	  巳 巳
像	bag	
僐	bag	 
僑	bag	 亻 冂 
僒	bag	  宀 
僓	bag	  目
僔	bag	丷  酉
僕	bag	 
僖	bag	亻 
僗	bag	丿  亻 八 八 冖 𠃌
僘	bag	⺌ 亻  攵
僙	bag	  由
僚	bag	 人  日
僛	bag	⑤  八 欠
僜	bag	 亻 豆
僝	bag	亻 子 子 子 尸
僞	bag	亻 爲
僟	bag	②   
僠	bag	 
僡	bag	⑧ 亻 心
僢	bag	㐄  亻 冖 𠂊 𭕄
僣	bag	 亻 日
僤	bag	  甲
僥	bag	   
僦	bag	  尢
僧	bag	 亻 
僨	bag	 亻  目
僩	bag	亻 月 𠁣 𠃛
僪	bag	 亻  口 龴
僫	bag	⑥  心
僬	bag	亻 灬 隹
僭	bag	亻 旡 旡 日
僮	bag	 亻 甲
僯	bag	㐄  米 𠂊
僰	bag	人 朿 朿
僱	bag	 尸 隹
僲	bag	㐄   
僳	bag	  米
僴	bag	亻 日 𠁣 𠃛
僵	bag	  田 田
僶	bag	亻 黽
僷	bag	世  十 木
僸	bag	亻 
價	bag	 亻  目
僺	bag	亻  
僻	bag	 亻 
僼	bag	亻 曲 豆
僽	bag	 亻 八 心 木
僾	bag	 冖 夂 心 𭕄
僿	bag	 亻  宀
儀	bag	  我
儁	bag	④ 亻 隹
儂	bag	 亻 厂 曲 𠄌
儃	bag	  
億	bag	 亻 心 日
儅	bag	⺌  田
儆	bag	 勹 
儇	bag	 口 罒 𧘇
儈	bag	⺌  
儉	bag	  亻 
儊	bag	亻 
儋	bag	 厂 言 𠂊
儌	bag	 亻 攵 白 𠃌
儍	bag	㐅   亻 八 凵 夂
儎	bag	  車
儏	bag	⺊   𠂊
儐	bag	  目 𣥂
儑	bag	②   日 灬
儒	bag	   冂
儓	bag	   十 
儔	bag	 乛 亻  寸 工
儕	bag	③   
儖	bag	 皿 臣 𠂉
儗	bag	 亻 
儘	bag	 亻 灬 皿 
儙	bag	㠯  口 辶
儚	bag	  罒 𠂊
儛	bag	㐄  卌 
儜	bag	 亻 宀 心 皿
儝	bag	 亻 八 八 冖 木
儞	bag	   乀 亻 八 巾
償	bag	⺌ 亻 八  目
儠	bag	⑦ 㐅 亻 囗 
儡	bag	亻 田 田 田
儢	bag	 亻 心 田
儣	bag	  广 由
儤	bag	 亅 亻 
儥	bag	  目 罒
儦	bag	 亻 广 比 灬 
儧	bag	 亻 八 目
儨	bag	  八  𠂆
儩	bag	 亻 八 勹 日 目
優	bag	⑧ 亻 夂 心
儫	bag	  𧰨
儬	bag	 
儭	bag	 亻 朩 目
儮	bag	 亻 厂  止
儯	bag	⑥  亻 灬
儰	bag	 十 爲
儱	bag	⑦  亻 月
儲	bag	亻  言
儳	bag	⑤  口 比 
儴	bag	 井 亻  𧘇
儵	bag	⑧  灬
儶	bag	亻  口 山 隹
儷	bag	  冂 冂 广 比 
儸	bag	  罒 隹
儹	bag	 亻 八 目 
儺	bag	  廿 隹
儻	bag	⑧ ⺌  灬
儼	bag	乛 亻 厂  攵 耳
儽	bag	  田 田 田
儾	bag	 井 亻 冖  
儿	bag_ops	
兀	bag	 ⸻
允	bag	 
兂	bag	兂
元	bag_ops	
兄	bag_ops	
充	bag	
兆	bag	兆 ⸻
兇	bag	㐅  
先	bag	
光	bag	
兊	bag	 
克	ordered	
兌	bag	 八 
免	bag	
兎	bag	⑤  ⸻
兏	bag	⺊  厂
児	bag	丨  日
兑	bag	丷  
兒	bag	 臼 ⸻
兓	bag	旡 旡 ⸻
兔	bag	⑤ 
兕	bag	 凹
兖	bag	 
兗	bag	 八 
兘	bag	 
兙	bag	 
党	bag	
兛	bag	 十 
兜	bag	②  白 
兝	bag	 八  𠃌
兞	bag	 
兟	bag	 
兠	bag	③  白
兡	bag	  白
兢	bag	 十 
兣	bag	  口 甲
兤	bag	⺌    广 由
入	bag	
兦	bag	入 𠃊
內	bag	入 
全	bag_ops	
兩	bag	一 入 入 
兪	bag	 月 
八	bag	
公	bag	
六	bag	
兮	bag	 
兯	bag	 𠃌
兰	bag	
共	bag	
兲	bag_ops	  
关	full	
兴	bag	
兵	bag	
其	bag	
具	bag	
典	bag	
兹	bag	 ⸻
兺	ordered	  乚 丿
养	bag	
兼	bag	 
兽	bag	 
兾	bag	  田
兿	bag	 九 厶 扌
冀	bag	③    
冁	bag	  尸 甲 𠄌
冂	bag	
冃	bag_ops	 ⿱ ⿵
冄	bag_ops	 
内	bag	
円	bag	円 ⸻
冇	bag	冂 𠂇
冈	atomic_override	冈
冉	bag	
冊	bag	 
冋	bag	
册	bag	册 ⸻
再	bag	
冎	bag	冂 冂 𠃍
冏	bag	八 
冐	bag	 
冑	bag	 由
冒	bag	
冓	bag	 
冔	bag	 于 
冕	bag	 冂 𠂊
冖	bag	冖 ⸻
冗	bag	冖 
冘	bag	冘 ⸻
写	bag	
冚	bag	冖 
军	bag	
农	bag	
冝	bag	且 冖 ⸻
冞	bag	冖 米
冟	bag	 白
冠	bag	 冖 寸
冡	bag	 冖 𧰨
冢	bag	 冖 𧰨
冣	bag	冖 又 耳
冤	bag	 冖 𠂊
冥	bag	 八 冖 
冦	bag	⺊  冖 又
冧	bag	冖 
冨	bag	一  
冩	bag	冖 勹 灬 臼
冪	bag	  巾 日
冫	bag	
冬	bag	 
冭	bag	 
冮	bag	冫 工
冯	bag	 冫
冰	bag	
冱	bag	一 冫 彑
冲	bag	
决	bag	
冴	bag	冫 牙
况	bag	
冶	bag	冫 
冷	bag	
冸	bag	 冫
冹	bag	丶 冫 
冺	bag	冫 民
冻	bag	东 冫
冼	bag	 冫 𠂒
冽	bag	 冫 
冾	bag	 
冿	bag	 冫 
净	bag	
凁	bag	冫 束
凂	bag	⑤ 冫 𠂊
凃	bag	 朩
凄	bag	一  
凅	bag	冫 
准	bag	
凇	bag	八 冫 
凈	bag	 亅 冫  𭕄
凉	bag	 冫 
凊	bag	冫 
凋	bag	⺆ 一 冫 
凌	bag	  夂
凍	bag	冫 東
凎	bag	 冫 
减	bag	
凐	bag	 丨 冫 
凑	bag	 人 冫
凒	bag	冫 山 豆
凓	bag	 冫 
凔	bag	  尸
凕	bag	 八 冖 冫 日
凖	bag	 隹
凗	bag	冫 山 隹
凘	bag	 冫 𠂆
凙	bag	  干 罒
凚	bag	冫 
凛	bag	  囗 示
凜	bag	  囗 木
凝	bag	 冫 
凞	bag	㇓ 冫 巳 灬 臣
凟	bag	  目 罒
几	bag	
凡	bag	
凢	bag	丿 
凣	bag	丨 
凤	bag	几 又
凥	bag	几 尸
処	bag	几 
凧	bag	
凨	bag	 几 厶
凩	bag_ops	几 木 ⿵
凪	bag	几 止
凫	bag	④ 几
凬	bag	一 几 日
凭	bag	 
凮	bag	一 几 白
凯	bag	 己
凰	bag	  白
凱	bag	 豆
凲	bag	 几 
凳	bag	 几 豆
凴	bag	⑥ 冫 几 灬
凵	bag	
凶	bag	
凷	bag	 
凸	bag	凸
凹	bag	凹 ⸻
出	bag	
击	bag	
凼	bag	 凵
函	bag	丷  八 
凾	bag	 凵 
凿	bag	④  凵 干
刀	bag_ops	
刁	bag	㇀ 𠃌
刂	bag	
刃	bag	丿 
刄	bag	 𠃌
刅	bag	 
分	bag_ops	
切	bag	
刈	bag	㐅 
刉	bag	乙 刂 𠂉
刊	bag	
刋	bag	 
刌	bag	刂 寸
刍	bag	彐 𠂊
刎	bag	 刂 勹 ⸻
刏	bag	 刂 𠂉
刐	bag	丹 刂
刑	bag	
划	bag	
刓	bag	 刂
刔	bag	 𠃍
刕	bag_ops	  𠃌  ⿹ ⿹
刖	bag	
列	bag	
刘	bag	
则	bag	
刚	bag	
创	bag	
刜	bag	 刂 弓
初	bag	
刞	bag	且 刂
刟	bag_ops	 ⿰ 
删	bag	册 刂
刡	bag	刂 民
刢	bag	 刂 龴
刣	bag	刂 
判	bag	
別	bag_ops	 ⿰ 
刦	bag	一 
刧	bag_ops	  
刨	bag	刂 
利	bag	
刪	bag	 
别	bag_ops	
刬	bag	 刂
刭	bag	刂 工 
刮	bag	 
刯	bag	 刂 日
到	bag	
刱	bag	丶  井 𠃌
刲	bag	 十
刳	bag	㇉  刂
刴	bag	 木 𠄎
刵	bag	刂 耳
制	bag	
刷	bag	刂 尸 
券	bag_ops	  𠃌  
刹	bag	㐅 刂 朩
刺	bag	
刻	bag	
刼	bag	  
刽	bag	 厶
刾	bag	 
刿	bag	丶 刂 山 𠂊
剀	bag	刂 山 己
剁	bag	几 刂 木
剂	bag	 刂
剃	bag	  弓
剄	bag	一 刂 工 
剅	bag	刂 豆
剆	bag	 
則	bag	八 刂 目
剈	bag	 月
剉	bag	 人 
削	bag	⺌ 
剋	bag	 刂 
剌	bag	刂 
前	bag	
剎	bag	㐅 丶 刂 木
剏	bag	  
剐	bag	人  口
剑	bag	
剒	bag	  日
剓	bag	 丿 勹 木 𠃌
剔	bag	 刂 勹 日
剕	bag	刂 非
剖	bag	 
剗	bag	  刂
剘	bag	 刂
剙	bag	  
剚	bag	事 刂
剛	bag	  山
剜	bag	 刂 宀 𠂊
剝	bag	 刂 彑
剞	bag	 
剟	bag	刂  
剠	bag	  ⸻
剡	bag	 
剢	bag	 𧰨
剣	bag	 人 
剤	bag	   刂
剥	bag	 刂 彐
剦	bag	 刂 日
剧	bag	
剨	bag	  
剩	bag	 刂 木
剪	bag	  
剫	bag	刂 又 
剬	bag	  山
剭	bag	 厶 尸
剮	bag	冂  口 𠃍
副	bag	
剰	bag	乗 刂
剱	bag	 丿  
割	bag	  宀
剳	bag	 刂 
剴	bag	刂 山 豆
創	bag	  尸
剶	bag	刂 彑 𧰨
剷	bag	 刂 厂 生
剸	bag	⑧ 刂 寸
剹	bag	 刂 彡 
剺	bag	丿 厂 攵 未 𠃌
剻	bag	刂 山 
剼	bag	人 刂 厶 厶 厶 彡
剽	bag	  示
剾	bag	刂 匚  口
剿	bag	刂  
劀	bag	 八  口 龴
劁	bag	刂 灬 隹
劂	bag	 刂 厂 欠
劃	bag	 刂 田 
劄	full	  𠂊 亅 ⿱ 𠂊 亅  人  刂
劅	bag	刂 勹 罒 虫
劆	bag	 刂 
劇	bag	  刂 𧰨
劈	bag	  
劉	bag	③    𠃌
劊	bag	⺌  
劋	bag	刂  
劌	bag	一 刂 戊 
劍	bag	  刂 
劎	bag	  人  𠃌
劏	bag	⺌ 冖 
劐	bag	丨  又 隹
劑	bag	③   刂 𠃌
劒	bag	 丿  人  𠃌
劓	bag	 刂 田 自
劔	bag	  人  𠃌
劕	bag	 丨 八 刂  𠂆
劖	bag	  比 
劗	bag	 八 刂 目 
劘	bag	刂  非
劙	bag	刂 彑 虫 虫 𧰨
劚	bag	 八 刂 勹 尸 罒 虫
力	bag_ops	
劜	bag	 𠃌
劝	bag	丿 
办	bag_ops	
功	bag_ops	
加	ordered	
务	bag	
劢	bag	  𠃌
劣	bag	 小 𠃌
劤	bag	 𠂆 𠃌
劥	bag	 几 𠃌
劦	bag_ops	    
劧	bag	丿 手 𠃌
动	bag	
助	bag	
努	bag	
劫	bag_ops	  
劬	bag	丿 勹 
劭	bag	  𠃌
劮	bag	  𠃌
劯	bag	 
劰	bag	丿 白 𠃌
励	bag	  𠃌
劲	bag	
劳	bag	
労	bag	 𠃌 𭕄
劵	bag_ops	  𠃌 
劶	bag	 𠂆 𠃌
劷	bag	 
劸	bag	  𠃌
効	bag	  𠃌
劺	bag	丿 厶 牛 𠃌
劻	bag	 匚 
劼	bag_ops	 𠃌 
劽	bag	  𠃌
劾	bag	  𠃋 𠃌
势	bag	
勀	bag_ops	   
勁	bag	 工 𠃌 
勂	bag	丿  𠃌
勃	bag	 十 子 𠃌
勄	bag	丿 母 
勅	bag	丿 束 𠃌
勆	bag	 
勇	bag_ops	
勈	bag_ops	  ⿵ 
勉	bag	⑤ 丿 𠂊 𠃌
勊	bag_ops	  𠃌  
勋	ordered	 
勌	bag	  𠃌
勍	bag	  𠃌
勎	bag	  𠃌
勏	bag	 
勐	bag	 
勑	bag	丿  木 𠃌
勒	bag	
勓	bag	丿 比 白 𠃌
勔	bag	 丿 囗 𠃌
動	bag	丿 重 𠃌
勖	bag	 冂 目 𠃌
勗	bag	且 丿 日 𠃌
勘	bag	⑤  匚 𠃌
務	bag	  夂 龴 𠃌
勚	bag	世 丿 
勛	ordered	口 目 八 
勜	bag	   
勝	bag	  
勞	bag	丿  冖 𠃌
募	bag	 人  𠃌
勠	bag	  彡  𠃌
勡	bag	 口 示 𠃌
勢	bag	  九  𠃌
勣	bag	  𠃌
勤	bag	 廿 
勥	bag	丿 厶 弓 虫 𠃌
勦	bag	丿  𠃌 
勧	bag	 隹 
勨	bag	 囗 𠂊 𠃌 𧰨
勩	bag	世  目 𠃌
勪	bag	 丿   𠃌
勫	bag	  𠃌
勬	bag	②   小 𠃌
勭	bag	 丿 甲 𠃌
勮	bag	 ㇀  𠃌 𧰨
勯	bag	   𠃌
勰	bag	   
勱	bag	 禺 𠃌
勲	bag	丿 灬 重 𠃌
勳	bag	丿 熏 𠃌
勴	bag	  心 
勵	bag	 厂 禺 𠃌
勶	bag	 厶 彳 攵 
勷	bag	 井  𠃌 𧘇
勸	bag	  隹 𠃌
勹	bag	勹 ⸻
勺	bag	 ⸻
勻	bag	 勹 ⸻
勼	bag	九 勹
勽	bag	 ⸻
勾	bag	勹 
勿	bag	 ⸻
匀	bag	 ⸻
匁	bag	 勹
匂	bag	 勹 ⸻
匃	bag	 𠃊
匄	bag	 勹 𠃊
包	bag	
匆	bag	丶  ⸻
匇	bag	 𠂊
匈	bag	 ⸻
匉	bag	丷 勹 干
匊	bag	勹 
匋	bag	勹 缶 ⸻
匌	bag	 
匍	bag	 十 月
匎	bag	 
匏	bag	㇉  
匐	bag	一  田
匑	bag	勹 弓 身
匒	bag	 勹 
匓	bag	⑤ 勹 
匔	bag	勹  身
匕	bag_ops	 ⿺
化	bag	
北	bag	
匘	bag	㐅  囗 
匙	bag_ops	 日 龰  ⿺ ⿺
匚	bag	
匛	bag	久 
匜	bag	也 匚
匝	bag	匚 
匞	bag	匚 工
匟	bag	 匚
匠	bag	 匚 𠂆
匡	bag	 匚 
匢	bag	 
匣	bag	匚 甲
匤	bag	 
匥	bag	 匚 厶
匦	bag	九 匚 车
匧	bag	  
匨	bag	一  爿
匩	bag	 
匪	bag	匚 非
匫	bag	 匚 曰
匬	bag	 匚 月
匭	bag	九 匚 車
匮	bag	 匚 
匯	ordered	匚 氵 隹
匰	bag	一 匚  甲
匱	bag	 八 匚 口 目
匲	ordered	匚   口
匳	bag	  匚 
匴	bag	 匚 
匵	bag	  目 罒
匶	bag	丨  臼 隹
匷	bag	匚 目 目 隹
匸	bag	匸
匹	bag	
区	bag	
医	bag	
匼	bag	 
匽	bag	匚 女 
匾	bag	 冂  尸
匿	bag	丨 匚  𠂇
區	bag	匚 
十	bag	
卂	bag	⺄ 
千	bag	
卄	atomic_override	卄
卅	bag	一 川
卆	bag	九 
升	bag	
午	bag	
卉	bag	 
半	bag	
卋	bag	十 廿 ⸻
卌	bag	卌
卍	bag	卍
华	bag	
协	bag	
卐	bag	卐
卑	bag	 
卒	bag	 
卓	bag	⺊ 
協	bag	   𠃌
单	bag	
卖	bag	
南	bag	
単	bag	一 甲 𭕄
卙	bag	⑤  
博	bag	
卛	bag	②   小 小 言
卜	bag	
卝	bag	卝
卞	bag	 
卟	bag	卜 
占	bag	
卡	bag	
卢	bag	⺊ 
卣	bag	⺊ 囗 
卤	bag	⺊ 㐅 囗
卥	bag	⺊ 丶  囗
卦	bag	 
卧	bag	卜 臣
卨	bag	⺊ 冂  𠃍
卩	bag	
卪	bag	丶 
卫	bag	
卬	bag	② 
卭	bag	卩 
卮	bag	㔾 一 𠂆
卯	bag	卩 𠂎
印	bag	
危	bag	
卲	bag	丿 卩 
即	bag	
却	bag	
卵	bag	 卩 𠂎
卶	bag	 卩 
卷	bag	
卸	bag	 𠂉
卹	bag	丿 卩 皿
卺	bag	㇇ 㔾  
卻	bag	卩 谷
卼	bag	㔾  厂 𠂊
卽	full	 白 ⿺ 乚 丿 卩
卾	bag	 卩 
卿	bag	⑤ 卩 𠂎
厀	bag	丷  卩 木
厁	bag	 卩 斗 朩
厂	bag	
厃	bag	厂 𠂊
厄	bag	㔾 
厅	bag	
历	bag	
厇	bag	 厂
厈	bag	厂 干
厉	bag	
厊	bag	厂 牙
压	bag	
厌	bag	厂 
厍	bag	厂 车
厎	bag	丶 厂 氏
厏	bag	乍 厂
厐	bag	 厂 尢
厑	bag	 厂 
厒	bag	厂 缶
厓	bag	 
厔	bag	 厂 厶
厕	bag	刂 厂 贝
厖	bag	丶 厂 尢 彡
厗	bag	 
厘	bag	 厂 
厙	bag	厂 車
厚	bag	
厛	bag	 厂 口 𠂆
厜	bag	 厂
厝	bag	 厂 日
厞	bag	厂 非
原	bag	
厠	bag	八 刂 厂 目
厡	bag	 厂 白
厢	bag	厂 
厣	bag	厂 犬 甲
厤	bag	 厂 
厥	bag	 厂 
厦	bag	一 厂 夂 自
厧	bag	 厂
厨	bag	厂 寸 豆
厩	bag	⑤ 厂 旡
厪	bag	厂 口 廿 龶
厫	bag	丿 厂 攵 
厬	bag	卜 厂  日
厭	bag	 厂 月 
厮	bag	 厂 𠂆
厯	bag	 乚 厂 
厰	bag	⺌ 冂 厂 口 攵
厱	bag	  厂 
厲	bag	 厂 禺 ⸻
厳	bag	乛 厂 攵 耳 𭕄
厴	bag	 厂 月 犬 甲
厵	bag	厂 厂  小 小 白 白 白
厶	bag	
厷	bag	厶 𠂇
厸	bag_ops	厶 厶 ⿰
厹	bag	九 厶
厺	bag	 
去	bag	
厼	bag	厶 
厽	bag	厶 厶 
厾	bag	⺄ 
县	bag	
叀	bag	 由
叁	bag	 厶
参	bag	
參	bag	人 厶 厶 厶 
叄	bag	 厶 厶 厶
叅	bag	 厶 厶 厶 
叆	bag	  又 
叇	bag	 辶 隶
又	bag	
叉	bag	丶 
及	bag	
友	bag	
双	bag_ops	
反	bag	
収	bag	丩 又
叏	bag	 
叐	bag	丿 
发	bag	
叒	bag	 
叓	bag	 又 口
叔	bag	 
叕	bag	 又 
取	bag	
受	bag	
变	bag	
叙	bag	 又 
叚	bag	⑤ 
叛	bag	 
叜	bag	 又 
叝	bag	 厶 又
叞	bag	又 尸 示
叟	bag	 臼 ⸻
叠	bag	且 冖  又
叡	bag	⺊   又 目
叢	bag	④  又 干 耳
口	bag	
古	bag_ops	
句	bag	
另	bag_ops	
叧	ordered	 丿
叨	bag_ops	 ⿰ ⿹
叩	bag	
只	ordered	
叫	bag	
召	ordered	
叭	bag_ops	 ⿰
叮	bag_ops	 
可	bag_ops	
台	bag	
叱	bag_ops	 ⿰ ⿻
史	bag	
右	bag	
叴	bag_ops	九 口 ⿱
叵	bag	匚 
叶	bag_ops	
号	bag	
司	bag	
叹	bag	
叺	bag	入 口
叻	ordered	口 
叼	bag	㇀ 
叽	bag	几 
叾	bag	 口
叿	bag	口 
吀	bag_ops	 
吁	bag	于 
吂	bag	 𠃊
吃	bag	
各	bag	
吅	bag_ops	 ⿰
吆	bag	 
吇	bag	口 
合	bag_ops	
吉	bag_ops	
吊	bag	口 
吋	bag	口 
同	bag	
名	bag	
后	bag	
吏	bag	一 
吐	bag_ops	 
向	bag	
吒	bag	 
吓	bag	 口
吔	bag	也 口
吕	bag_ops	 ⿱
吖	bag	丨 
吗	bag	
吘	bag	 𠂉
吙	bag	 
吚	bag_ops	 ⿰ 
君	bag_ops	
吜	bag	丑 口
吝	bag_ops	 口 
吞	ordered	 
吟	bag_ops	 
吠	bag	口 
吡	bag	口 
吢	bag_ops	口 心 ⿱
吣	bag_ops	口 心 ⿰
吤	bag	 口
吥	bag_ops	 
否	bag_ops	
吧	bag_ops	
吨	bag	 
吩	bag	 
吪	bag_ops	 口  ⿻
含	bag_ops	
听	bag	
吭	bag	 
吮	bag	 
启	bag	
吰	bag	厶 
吱	bag_ops	 口 
吲	bag	丨 
吳	bag	 𠃑
吴	ordered	
吵	bag	丿  ⸻
吶	bag	入 
吷	bag	 𠃍
吸	bag	
吹	bag	口 欠
吺	bag	又 口 𠘧
吻	bag	 
吼	bag	乚 
吽	bag_ops	口 牛 ⿰
吾	bag_ops	 𫝀 
吿	bag_ops	口 牛 ⿱
呀	bag	
呁	bag	冫 
呂	bag	丿 
呃	bag	 
呄	bag	 𠄎
呅	bag_ops	 口 
呆	ordered	
呇	bag	 
呈	bag_ops	 
呉	bag	一  𠃑
告	bag	
呋	bag_ops	 
呌	bag	口 
呍	bag	 口
呎	bag	口 尺
呏	bag	 
呐	bag_ops	 ⿰ ⿻
呑	bag_ops	  
呒	bag	 尢
呓	bag	 
呔	bag	 
呕	bag	 口
呖	bag	丿 厂 
呗	bag_ops	 ⿰
员	bag_ops	
呙	bag_ops	 
呚	bag	口 攵
呛	bag	 
呜	bag_ops	 ⿰ ⿹
呝	bag	丶 乙 口 尸
呞	bag	 
呟	bag	 
呠	bag	口 本
呡	bag	口 民
呢	bag	
呣	bag	口 
呤	bag	 口 龴
呥	bag	冉 口
呦	bag	 
呧	bag	 氏
周	bag	
呩	bag	口 示
呪	bag	 
呫	bag	 
呬	bag	 囗
呭	bag	世 
呮	bag	八 
呯	bag	 干
呰	bag_ops	  ⿺
呱	bag	口 瓜
呲	bag_ops	  ⿺
味	bag	
呴	bag	勹 
呵	bag	 
呶	bag	又 
呷	bag	口 甲
呸	bag	③  
呹	bag	 
呺	full	⿰ 口 ⿱ 口  ㇉
呻	bag	口 申
呼	bag	
命	bag	
呾	bag	 
呿	ordered	口 十 
咀	bag	且 
咁	bag	口 甘
咂	bag	匚 口 巾
咃	bag	也 
咄	bag	 
咅	bag_ops	 
咆	bag	 ⸻
咇	bag	 
咈	bag	 
咉	bag	口 央
咊	ordered	口 
咋	bag	乍 
和	ordered	
咍	bag	厶 
咎	bag	卜 
咏	bag	口 永
咐	bag	 
咑	bag_ops	 扌 ⿰ 
咒	bag	几 
咓	bag	口 瓦
咔	bag	⺊  口
咕	bag	 
咖	bag	丿  𠃌
咗	bag	口 
咘	bag	口 
咙	bag	 口 尢
咚	bag	 
咛	bag	 
咜	bag	 
咝	bag	 
咞	bag	 
咟	bag	 白
咠	bag_ops	口 耳 ⿱
咡	bag_ops	口 耳 ⿰
咢	bag	 
咣	bag	⺌ 
咤	bag	㇀  宀
咥	ordered	口 
咦	bag_ops	  
咧	bag	 
咨	bag	 
咩	bag	 
咪	bag	口 
咫	bag	 尺
咬	bag	 
咭	bag	 
咮	bag	口 
咯	bag	 
咰	ordered	口 勹 日
咱	bag	
咲	bag	 
咳	bag	 口 𠃋
咴	bag	 
咵	bag	㇉  
咶	bag	 
咷	bag	兆 
咸	bag_ops	 戊 ⿵ ⿵
咹	bag	 宀
咺	bag	 
咻	bag_ops	 
咼	bag	冂  𠃍
咽	bag	 
咾	bag_ops	 耂 ⿰ ⿸ ⿺
咿	bag_ops	 口   
哀	bag	 
品	bag	
哂	bag	 
哃	bag	 
哄	bag	 
哅	bag	 
哆	bag	 口 
哇	bag	 
哈	bag	
哉	bag	 
哊	bag	口 
哋	bag	 
哌	bag	④ 口 𠂆
响	bag	
哎	bag	 
哏	bag	口 艮
哐	bag	 匚 
哑	bag	 
哒	bag_ops	 辶 ⿰ 
哓	bag	 
哔	bag	 比
哕	bag	 山 𠂊
哖	bag	口 年
哗	bag	 
哘	bag	 口 
哙	bag	 口
哚	bag	 
哛	ordered	口 乚  丿
哜	bag	 
哝	bag	 𧘇
哞	bag	 牛
哟	bag	 口 纟
哠	bag	 𠂒
員	bag_ops	 
哢	bag	 
哣	bag	口 豆
哤	bag	 尢 彡
哥	bag	
哦	bag	口 我
哧	bag_ops	④  
哨	bag	⺌ 口 
哩	bag	 口 甲
哪	bag	
哫	bag	 龰
哬	bag	 亻 
哭	bag	
哮	bag	 耂
哯	ordered	口 目 
哰	bag	 牛
哱	bag	冖  子
哲	bag_ops	
哳	bag_ops	  
哴	bag	 艮
哵	bag	  𠃌
哶	bag	口 干 艹
哷	bag	 寸 𭕄
哸	bag	丿  𭕄
哹	bag	 
哺	bag	丶  月
哻	bag	口 干 日
哼	bag	  
哽	bag	 
哾	bag	 口
哿	bag	 亅  𠃌
唀	bag	  𠄎
唁	bag	口 
唂	bag	口 谷
唃	bag	口 
唄	bag_ops	 目 
唅	bag	 
唆	bag	 
唇	bag_ops	 口 𠄌  ⿸ ⿺
唈	bag	 
唉	bag	 
唊	bag	  
唋	bag	 
唌	bag	 口 廴
唍	bag	  宀
唎	bag	 
唏	bag	㐅 口 
唐	bag	
唑	bag	 
唒	bag	口 酉 ⸻
唓	bag_ops	口 車 ⿰
唔	bag	 𫝀
唕	bag	 白
唖	bag	亜 口
唗	bag	 龰 ⸻
唘	bag	 又 
唙	bag	 口 犭
唚	bag	 又 口 
唛	bag	 龶
唜	bag	 末
唝	bag	口 工 贝
唞	bag	 斗
唟	bag	 十 
唠	bag	 冖  𠃌
唡	bag	 
唢	bag	⺌ 
唣	bag	 口 白
唤	bag	 
唥	bag	  龴
唦	bag	丿  氵
唧	bag	⑤ 卩 口
唨	bag	且 口 阝
唩	bag	丿  
唪	bag	 人 
唫	ordered	口 人  
唬	bag	 几 
唭	bag	 
售	bag_ops	
唯	bag_ops	
唰	bag	 尸 巾
唱	bag	
唲	bag	 臼
唳	bag	 尸 犬
唴	bag	 乚 口
唵	bag	 
唶	bag	  
唷	bag	 口 月
唸	bag	 
唹	bag	  人 
唺	bag	⑥ 八 
唻	bag	 
唼	ordered	口  
唽	bag	  𠂆
唾	bag	⑥ 
唿	bag	 口 心
啀	bag	 厂 
啁	bag	 
啂	bag	 
啃	full	⿰ 口 ⿱ 止 月
啄	bag	 𧰨
啅	bag	⺊  
商	bag	
啇	bag	  
啈	bag	  
啉	bag	 
啊	bag	
啋	bag	丿  𭕄
啌	bag	 宀 工
啍	bag	  
啎	bag	 𠂉 𫝀
問	bag	口 𠁣 𠃛
啐	bag	 
啑	bag	口 疌
啒	bag	 口 
啓	bag_ops	 尸 攵 
啔	bag	  尸
啕	bag	 缶
啖	bag	 
啗	bag	 臼 ⸻
啘	bag	㔾  宀 𠂊
啙	bag	 
啚	bag	 
啛	bag	  
啜	bag	  
啝	bag_ops	丿   
啞	bag	⑥  
啟	bag_ops	 尸 攵 ⿰ 
啠	bag	  𠂆 𠂆
啡	bag	口 
啢	bag	一 入 入 口 
啣	bag	 
啤	bag	 白
啥	bag	 
啦	bag_ops	
啧	bag	 龶
啨	bag	口 
啩	bag	 卜 口
啪	bag	 白
啫	bag	口 
啬	bag	 
啭	bag	专 口 车
啮	bag	口 齿 ⸻
啯	bag	 
啰	bag	 罒 𠂊
啱	bag	  山
啲	bag	 口 白
啳	bag	 
啴	bag	 口 甲
啵	bag	 皮
啶	bag	 龰
啷	bag	 口 阝
啸	bag	口 肃
啹	bag	 
啺	bag	 丿  
啻	bag_ops	  巾  
啼	bag_ops	  巾 
啽	bag	 人 
啾	bag	丿  
啿	bag	⑤  匚 
喀	bag	 宀
喁	bag	口 禺
喂	bag	  𠄌
喃	bag	丷  干
善	bag	
喅	ordered	  一
喆	bag	 
喇	bag	 束
喈	bag	口 比 白
喉	bag	  
喊	bag	
喋	bag	世 
喌	bag	 州
喍	bag	 
喎	bag	冂 冂  𠃍
喏	bag	 
喐	bag	口 月 
喑	ordered	口 
喒	bag_ops	卜  日  ⿺
喓	bag	 
喔	bag	 口 
喕	bag	 
喖	bag	 
喗	bag	 車
喘	bag	  
喙	bag	口 彑 𧰨
喚	bag	  
喛	bag	 又 口 
喜	bag	
喝	bag	
喞	bag	 卩 口 白
喟	bag	口 
喠	bag	口 重
喡	bag	㐄  𫝀
喢	bag	 臼
喣	bag	勹  灬
喤	bag	 白
喥	bag	又 口 
喦	atomic_override	喦
喧	bag	  日
喨	bag	 
喩	bag	 月 
喪	bag	  𠄌
喫	bag	  人 
喬	bag	 
喭	bag	 口 
單	bag	 
喯	bag	 人 
喰	bag	 口 艮
喱	bag	 厂 口 甲
喲	bag	 丶  口
喳	bag	 
喴	ordered	口 戊 
喵	bag	 田
営	bag	冖  𭕄
喷	bag	  贝
喸	bag	  月
喹	bag	  
喺	bag	  
喻	bag	  
喼	bag	口 
喽	bag	 米
喾	bag	 𠂒 𭕄
喿	bag_ops	  
嗀	bag	  又 口 𠘧
嗁	bag	  𠂆
嗂	bag	 缶 𭕄
嗃	bag	 
嗄	bag	 夂 自
嗅	bag	口 犬 自
嗆	bag	  
嗇	bag	 人 
嗈	bag	 巴 
嗉	bag	  龶
嗊	bag	 工 目
嗋	bag	  月  𠃌
嗌	bag	  皿
嗍	bag	 口 月
嗎	atomic_override	嗎
嗏	bag	丨 人  朩
嗐	bag	 
嗑	bag	 口 皿
嗒	bag	 
嗓	bag	 又 
嗔	bag	 
嗕	bag	 口 寸 𠄌
嗖	bag	 口 臼
嗗	bag	⑤ 口 月
嗘	bag	②  口 𭕄
嗙	bag	 
嗚	full	⿰ 口 ⿹ ⑥ 灬
嗛	bag	 口 
嗜	bag_ops	  ⿰ 
嗝	bag	  冂 
嗞	bag	 
嗟	bag	 口 
嗠	bag	丿  
嗡	bag	八  厶  𠃌
嗢	bag	 皿
嗣	bag	  
嗤	bag	 凵 口 虫
嗥	bag	  白
嗦	bag	 冖  小
嗧	bag	   𠃌
嗨	bag	口 
嗩	bag	八  目
嗪	bag	 
嗫	bag	 口 耳
嗬	bag	 亻 
嗭	bag	  
嗮	bag	 
嗯	bag	 囗 心
嗰	bag	亻  囗
嗱	bag	  手
嗲	bag	   
嗳	bag	 口 
嗴	bag	 乚 
嗵	bag	 口 
嗶	bag	⑨ 一 
嗷	bag_ops	 攵 龶  ⿰ 
嗸	bag_ops	 攵 龶  
嗹	bag	口 車 辶
嗺	ordered	口 山 隹
嗻	bag	口  灬
嗼	bag	  日
嗽	bag	口 束 欠
嗾	bag	  
嗿	bag	  目
嘀	bag	 
嘁	bag_ops	⺊  小 戊  ⿵
嘂	bag	丩  
嘃	bag_ops	 广 月  ⿰  ⿻
嘄	bag	⑦ 
嘅	bag	⑤ 口 旡
嘆	bag	  廿
嘇	bag	人 厶 厶  彡
嘈	bag	 日 
嘉	bag	 豆 𠃌
嘊	bag	 厂 口 山
嘋	bag	口 
嘌	bag	  示
嘍	bag	⑧ 
嘎	bag	  自
嘏	bag	⑤  口 
嘐	bag	人 冫  彡 
嘑	bag	 ㇀ 乎 乚 
嘒	bag	   
嘓	bag	  
嘔	bag	匚  
嘕	bag	②  止 灬
嘖	bag	 
嘗	bag	⺌   
嘘	bag	 口
嘙	bag	 
嘚	bag	 
嘛	bag	口 
嘜	bag	  木
嘝	bag	口 斗 角
嘞	bag_ops	 革  ⿰ ⿻
嘟	bag	 耂 阝
嘠	bag	⑧  
嘡	bag	⺌   
嘢	bag	 口 
嘣	bag	口 山 
嘤	bag	 贝 贝
嘥	bag	口 彳 止 龰
嘦	bag	  
嘧	bag	 宀 山 心
嘨	bag	口 粛
嘩	bag	⑦  
嘪	bag	 目 罒
嘫	bag	 
嘬	bag	又  耳
嘭	bag	 彡 豆
嘮	bag	丿   𠃌
嘯	bag	口 肅
嘰	bag	②   
嘱	bag	口 
嘲	bag	十  
嘳	bag	 八  目
嘴	bag	
嘵	bag	   
嘶	bag	  𠂆
嘷	bag	丷 八  自
嘸	bag	一 卌 口 灬 𠂉
嘹	bag	 人  
嘺	bag	 
嘻	bag	 豆
嘼	bag	  田
嘽	bag	  甲
嘾	bag	  
嘿	bag	⑧ 口 灬
噀	bag	 八  巳 巳 ⸻
噁	bag	⑥  口 心
噂	bag	 寸 酉
噃	bag	 
噄	bag	②    𠃌
噅	bag_ops	口 爲 ⿰
噆	bag	口 旡 旡 日
噇	bag	  甲
噈	bag	 口  
噉	bag	乛 口 攵 
噊	bag	   龴
噋	bag	  子 
噌	bag	⺌  囗 
噍	bag	口 灬 隹
噎	bag	 
噏	bag	   
噐	bag	  工
噑	bag	丷 八  白
噒	bag	㐄  米 𠂊
噓	bag	② ⑥ ⺊  口
噔	bag	 口 豆
噕	bag_ops	口 爲 ⿱
噖	bag	㇇   
噗	bag	  
噘	bag	 厂 口 
噙	bag	  凵 
噚	bag	 寸 工 彐
噛	bag	凵  米
噜	bag	 日 
噝	bag	②    ⸻
噞	bag	   口
噟	bag	 广 隹
噠	bag	  辶
噡	bag	 厂 口 言 𠂊
噢	bag	 口 米
噣	bag	 罒 虫
噤	bag	 
噥	bag	 口 曲 𠄌
噦	bag	 戊 
噧	bag	 禺 ⸻
器	bag	
噩	bag	  口 
噪	bag	  
噫	bag	 心 日
噬	bag	  口 工 
噭	bag	 口 攵 白 𠃌
噮	bag	 罒 𧘇
噯	bag	  心 𭕄
噰	bag	 乡 
噱	bag	  口 𧰨
噲	bag	⺌  
噳	bag	 ㇀  乚 人 
噴	bag	 八  目
噵	bag	  辶
噶	bag	丨   日 𠃊
噷	bag	  欠
噸	bag	 口 頁
噹	bag	⺌ 冖  田
噺	bag	 口 
噻	bag	 八  宀
噼	bag	  
噽	bag	③  
噾	bag	  宀 日
噿	bag	   
嚀	bag	 宀 心 皿
嚁	bag	冫  隹 
嚂	bag	 皿 臣 𠂉
嚃	bag	⑤ 口 罒 辶
嚄	bag	 又 
嚅	bag	 冂 
嚆	bag	  
嚇	bag	  
嚈	bag	 厂 口 月 犬
嚉	bag	  寸
嚊	bag	  自
嚋	bag	 乛  寸 
嚌	bag	③   
嚍	bag	 口 灬 皿 
嚎	bag	 冖  𧰨
嚏	bag	冖  田 疋
嚐	bag	  日
嚑	bag	口 熏
嚒	bag	 口 
嚓	bag	②  
嚔	bag	  田 龰
嚕	bag	 灬 
嚖	bag	   
嚗	bag	 八  日
嚘	bag	⑧  心
嚙	bag	  人 凵 口 
嚚	bag	  臣
嚛	bag	②  丶  白
嚜	ordered	口 ⑧ 灬 
嚝	bag	 八  广 由
嚞	bag	  十  
嚟	bag	丷   勹 
嚠	bag	③   刂  𠃌
嚡	bag	  革
嚢	bag	 井 八  𧘇
嚣	bag	  页
嚤	bag	口 
嚥	bag	③  口 廿 灬
嚦	bag	 厂  木 止
嚧	bag	  皿
嚨	bag	⑦  
嚩	bag	   寸 月
嚪	bag	 臼 𠁣 𠃛
嚫	bag	  朩 目
嚬	bag	 頁 𣥂
嚭	bag	  豆
嚮	bag	⑤  乡  阝
嚯	bag	 
嚰	bag	  
嚱	bag	 ㇀  乚 口 豆
嚲	bag	   甲
嚳	bag	③ 㐅   彐 𠂒
嚴	bag	乛 厂  攵 
嚵	bag	  比 
嚶	bag	八 八  目 目
嚷	bag	 井  
嚸	bag	⑧ ⺊  灬
嚹	bag	 ㇀ 乎 乚 口 缶
嚺	bag	 口 罒 
嚻	bag_ops	  頁  ⿲
嚼	bag	⑤  寸 罒 𭕄
嚽	bag	 口 攵  𠃌
嚾	bag	  隹
嚿	bag	 臼 隹
囀	bag	⑧ 口 寸 車
囁	bag	口 耳 耳 耳
囂	bag_ops	  頁  ⿳
囃	bag	  隹
囄	bag	 厶 
囅	bag	   尸 甲 𠄌
囆	bag	 禺 虫
囇	bag	 丨 冂  广 比 
囈	bag	  九  十 
囉	bag	  罒 隹
囊	bag	 井 冖  
囋	bag	  目 
囌	bag	  灬 
囍	bag	十  豆 豆
囎	bag	   目
囏	bag	  廿 豆
囐	bag	 ㇀   乚 冂 
囑	bag	 八  尸 罒 虫
囒	bag	 柬 𠁣 𠃛
囓	bag	    凵  𠃌
囔	bag	 井 冖   𧘇
囕	bag	 目 罒 臣 𠂉
囖	bag	  口 罒 隹 
囗	bag	
囘	bag	冂 巳
囙	bag	囗 
囚	bag	人 
四	bag	
囜	bag	厶 囗
囝	bag	囗 子
回	bag	
囟	bag	㐅 丿 
因	bag	
囡	bag	囗 女
团	bag	
団	bag	囗 寸
囤	bag	 囗
囥	bag	 囗
囦	bag	 囗
囧	bag	 冂 
囨	bag	 囗
囩	bag	 囗
囪	bag	丶  丿 囗
囫	bag	 囗
囬	bag	④ 
园	bag	
囮	bag_ops	 囗 ⿰ ⿴ ⿻
囯	bag	 囗
困	bag	
囱	bag	丿 囗 
囲	bag	井 囗
図	bag	  囗
围	bag	
囵	bag	 囗
囶	bag	一  囗
囷	bag	丿 
囸	bag	一 囗 止
囹	bag	 囗 龴
固	bag	
囻	bag	囗 民
囼	bag	厶 
国	bag	
图	bag	
囿	bag	囗 
圀	bag	 八 囗 𠃌
圁	bag	囗 言
圂	bag	一 囗 𧰨
圃	bag	 囗 月
圄	bag	 囗 𫝀
圅	bag	丷 囗 干 龴
圆	bag	
圇	bag	  囗
圈	bag	
圉	bag	 囗 
圊	bag	囗 
國	bag	  
圌	bag	 囗 山
圍	bag	㐄  𫝀
圎	bag	 囗 目
圏	bag	 囗 己
圐	bag	 囗 罒 𠃌
圑	bag	 囗 寸 月
園	bag	 囗 𧘇
圓	bag	 囗 目
圔	bag	 囗 皿
圕	bag	  
圖	bag	 囗 囗
圗	bag	④ 十 厶 囗 囗
團	bag	⑧ 囗 
圙	bag	 八 囗 囗
圚	bag	  囗 目
圛	bag	 囗 干 罒
圜	bag	 囗 罒 𧘇
圝	bag	②  丶 囗 小 小 言
圞	bag	②  丶 囗 小 小 木 言
土	full	
圠	bag	 
圡	bag	 
圢	bag	 
圣	bag	
圤	bag	 
圥	bag	 
圦	bag	一 入 十
圧	bag	 
在	bag_ops	
圩	bag	一 于 
圪	bag	一 乙 
圫	bag	㇀  
圬	bag	  ⸻
圭	bag	
圮	bag	 己
圯	bag	 ⸻
地	bag	
圱	ordered	 
圲	ordered	十 
圳	bag	 川
圴	bag	 勹 十
圵	bag	⺊ 
圶	bag_ops	 
圷	ordered	十  卜
圸	bag	 
圹	bag_ops	 
场	bag	
圻	bag	 十 𠂆
圼	bag	 
圽	bag	 丿 勹 
圾	bag	 及
圿	bag_ops	  ⿰ 
址	bag	 
坁	bag	 
坂	bag	 
坃	bag_ops	  十 
坄	bag	 
坅	bag	㇇  
坆	bag	 攵
均	bag	
坈	bag_ops	  
坉	bag	 凵 十
坊	bag	  𠃌
坋	bag_ops	  
坌	bag_ops	   
坍	bag	一 丹 十
坎	bag	 ⸻
坏	bag_ops	
坐	bag	
坑	bag	 
坒	bag_ops	 比 
坓	bag_ops	 十 
坔	bag	㇇  亅 
坕	bag	 爪
坖	bag_ops	  十 
块	bag	
坘	bag	 
坙	bag	 
坚	bag	
坛	bag	 
坜	bag	 
坝	bag	 贝
坞	bag_ops	 ⿰ 
坟	bag	 
坠	bag	 阝
坡	bag	 皮
坢	bag	 十
坣	bag	⺌  
坤	bag	 申
坥	bag_ops	 
坦	ordered	
坧	bag	 
坨	bag	 十 宀
坩	bag	 甘
坪	bag_ops	 
坫	bag	⺊  
坬	bag	 瓜
坭	bag	 十 
坮	ordered	十  口
坯	ordered	十  
坰	bag	 
坱	bag	 央
坲	bag	 十 
坳	bag	②  
坴	bag	 
坵	bag	一 丘 十
坶	bag	 
坷	bag	 
坸	bag	一 勹 
坹	bag	一 
坺	bag	 
坻	bag	 
坼	bag	  𠂆
坽	bag	  龴
坾	bag	 十 宀
坿	bag_ops	  ⿰ 
垀	bag	一 乎 十
垁	bag	 𠂉
垂	bag	 ⸻
垃	bag	 
垄	bag_ops	 尢  
垅	bag_ops	 尢  
垆	bag	⺊  尸
垇	bag	一 凹 十
垈	bag	 
垉	bag	一 勹 十 巳
垊	bag	 民
型	bag	
垌	bag_ops	   ⿵ ⿵
垍	bag	 自
垎	bag	 
垏	bag	 十 
垐	bag	一  
垑	bag	 十 
垒	bag	 厶 厶
垓	bag	  𠃋
垔	bag	  
垕	bag_ops	 𠂆  ⿸ ⿸
垖	bag	㠯  
垗	bag	一 兆 
垘	bag	 十 犬
垙	bag	⺌ 
垚	atomic_override	垚
垛	bag	一  
垜	bag	 木 𠄎
垝	bag	㔾  厂 𠂊
垞	bag	㇀  十 宀
垟	bag	 
垠	bag_ops	 艮 
垡	bag_ops	   
垢	bag_ops	 𠂆 ⿰  ⿸
垣	bag	  
垤	ordered	十  
垥	bag	 
垦	bag_ops	 艮 
垧	bag	 
垨	bag	 宀 寸
垩	bag_ops	  
垪	bag	 
垫	bag	 九 十 扌
垬	bag	  
垭	bag_ops	  
垮	bag	 
垯	bag	 辶
垰	bag	⺊  
垱	bag	⺌  彐
垲	bag	 山 己
垳	bag	 十 彳
垴	bag	㐅  凵 十
垵	bag	 
垶	bag	 十 
垷	bag	 十 目
垸	bag	  十 宀
垹	bag	 十 阝
垺	bag	 
垻	bag	一  
垼	bag	 彳 𠘧
垽	bag	 十 
垾	bag	 
垿	bag	一  十 
埀	bag	③  
埁	bag	㇇   山
埂	ordered	十  日 
埃	bag	
埄	bag	 十 
埅	bag	  
埆	bag	 角
埇	bag	  龴
埈	bag	一  厶 
埉	bag	  
埊	bag	㇇  亅 十 山
埋	bag	  甲
埌	bag	 艮
埍	bag	 月
城	bag	
埏	bag	  廴
埐	bag	  
埑	bag	 十 
埒	bag	  𭕄
埓	bag	④ 
埔	bag	 十 月
埕	bag	  
埖	bag	   十
埗	bag	 
埘	bag_ops	  ⿰ 
埙	bag	 贝
埚	bag	 
埛	bag	一  
埜	bag	 
埝	bag	㇇   
埞	bag	 宀 龰
域	bag_ops	
埠	bag	㠯  十
埡	bag_ops	⑥    ⿳
埢	bag	㔾  
埣	bag	  
埤	bag	 十 白
埥	bag	 
埦	bag	㔾  宀 𠂊
埧	bag	 
埨	bag	 人  
埩	bag	 十 
埪	bag	一  宀 工
埫	bag	⺌ 一  
埬	bag	 東
埭	bag	 隶
埮	bag_ops	  
埯	bag	 乚 人 
埰	bag	 
埱	bag	⺊  
埲	bag	  
埳	bag	一 勹 十 臼 ⸻
埴	bag	 
埵	bag	⑥  十
埶	bag	 九 十 
執	bag	 九 十 
埸	bag	 丿 勹 
培	bag	
基	bag_ops	
埻	bag	  
埼	bag	 
埽	bag	 巾 彐
埾	bag	 
埿	bag	 十 
堀	bag	  十 
堁	bag	 
堂	bag	
堃	bag	  十 
堄	bag	 十 臼
堅	bag	 臣
堆	bag	
堇	bag	口 廿 龶
堈	bag	  山
堉	bag_ops	 月 
堊	bag_ops	⑥   
堋	bag	 
堌	bag	 
堍	bag	⑤  𠂊
堎	bag	  夂
堏	bag	  木 𠃌
堐	bag	   厂
堑	bag	 十 
堒	bag	 
堓	bag	 
堔	bag	  木
堕	bag	 月 
堖	bag	㐅  囗 
堗	bag	一  宀 犬
堘	ordered	十   一
堙	bag_ops	    
堚	bag	 車
堛	bag	 
堜	bag	 柬
堝	bag	  𠃍
堞	bag	一 世 十 木
堟	bag	 彑 𧰨
堠	bag	  
堡	bag_ops	  
堢	bag_ops	   
堣	bag	 禺
堤	bag_ops	 日 龰 
堥	bag	  十 攵 龴
堦	bag	 比 白
堧	bag	  
堨	bag	 勹  𠃊
堩	bag	  忄
堪	bag	⑤  
堫	bag	㐅  凵 十 夂
堬	bag	  月
堭	bag	  十 
堮	bag	  
堯	bag	   
堰	bag	一  
報	bag	  干
堲	bag	⑤ 
堳	bag	 
場	ordered	 一 勹 
堵	bag	 
堶	bag	 工 
堷	bag	 
堸	bag	  虫
堹	bag	 重
堺	bag	  田
堻	bag	 十 
堼	bag	  十 
堽	bag	 止 罒
堾	bag	 
堿	bag	 戊
塀	bag	  尸
塁	bag	  田
塂	bag	  巳
塃	bag	    𠃊
塄	bag	  罒 𠃌
塅	bag	⑤  
塆	bag	④  弓
塇	bag	  宀 日
塈	bag	⑤  旡
塉	bag	 人  月
塊	bag	  
塋	bag	 八 
塌	bag	一   
塍	bag	  月
塎	bag	 宀 谷
塏	bag	 山 豆
塐	bag	②  小 龶
塑	bag	 凵 十 月
塒	bag	 
塓	bag	 八 冖 
塔	bag	
塕	bag	   𠃌
塖	bag	  十 木
塗	bag	 朩 氵
塘	bag	  
塙	bag_ops	 冂   ⿳ ⿵
塚	bag	  𧰨
塛	ordered	十  口  木
塜	bag	  𧰨
塝	bag	 丷  
塞	bag	
塟	bag	  𠂊
塠	bag	㠯  辶
塡	bag	  目 𠃊
塢	bag	⑥  灬
塣	bag	   氵
塤	bag	  目
塥	bag	  
塦	bag	 車 阝
塧	bag	  皿
塨	bag	 丶  小
塩	bag	 
塪	bag	 臼 𭕄
填	bag	 
塬	bag	  白
塭	bag	 日 皿
塮	bag	 身
塯	bag	  
塰	bag	 
塱	bag_ops	⑤  月 
塲	bag	 丿 勹  𠂉
塳	bag	 十 夂 辶
塴	bag	 山 
塵	bag_ops	 十 广 比  ⿰  ⿸ ⿸ ⿻
塶	bag_ops	 十 广 比    ⿸ ⿻
塷	bag	⺊ 㐅   十 
塸	bag	一 匚  
塹	bag	 十 車 𠂆
塺	bag	 
塻	bag_ops	   
塼	bag	⑧ 
塽	bag	  乀 
塾	bag	   子
塿	bag	⑧  女
墀	bag	  尸 牛
墁	bag	 
墂	bag	  示
境	bag	
墄	bag	⺊  小 戊
墅	bag	 一  十 
墆	bag	  巾
墇	bag	 
墈	bag	⑤   匚 
墉	bag	 十 广 月 
墊	bag	 九  干
墋	bag	 厶 厶 厶 
墌	bag	  灬
墍	bag	 十 旡 白
墎	bag	  子 阝
墏	bag	一 冫  爿 𠂊
墐	bag	 廿 龶
墑	bag	  
墒	bag	  
墓	bag_ops	   
墔	bag	 山 隹
墕	bag	②  止 灬
墖	bag	  田
増	bag	  田
墘	bag	一 乙 十  𠂉
墙	bag	
墚	bag	   𠃌
墛	bag	 尸 示
墜	bag	 阝 𧰨
墝	bag	    十 
增	bag	
墟	bag	 ㇀  乚 十
墠	bag	  甲
墡	bag	  丷 
墢	bag	②  又 弓 𠘧
墣	bag	  
墤	bag	 八  
墥	bag	  十 甲
墦	bag	 
墧	bag	   
墨	bag	⑧  
墩	bag_ops	   ⿰  ⿳
墪	bag_ops	    ⿳
墫	atomic_override	墫
墬	bag	 彑 阝 𧰨
墭	bag	 
墮	bag	 工 月 
墯	bag	 工 忄 
墰	bag	   
墱	bag	②  豆
墲	bag	 卌 灬 𠂉
墳	bag	   目
墴	bag	  由
墵	bag	 八  
墶	bag	   辶
墷	bag	⑦  
墸	bag	  耂
墹	bag	 日 𠁣 𠃛
墺	bag	  米
墻	bag	  
墼	bag	  車 𠘧
墽	bag	  攵 白 𠃌
墾	bag	 艮 豸
墿	bag	  干 罒
壀	bag_ops	  
壁	bag_ops	
壂	bag	  又 尸 𠘧
壃	bag	 田 田
壄	bag	  十  龴
壅	bag_ops	 乡 十 隹 
壆	bag	③ 㐅   彐
壇	bag	   
壈	bag	  囗 木
壉	bag	 ㇀  乚 十 𧰨
壊	bag	 十 罒 𧘇
壋	bag	⺌   田
壌	bag	  井  𧘇
壍	bag	 十 氵 車 𠂆
壎	bag	 熏
壏	bag	 皿 臣 𠂉
壐	bag	  乀  
壑	bag	⺊   又 谷
壒	bag	  十 厶 皿
壓	bag	 一  厂 月 犬
壔	bag	 一   寸 工
壕	bag	  冖  𧰨
壖	bag	   冂 
壗	bag	 十 灬 皿 
壘	bag_ops	 田 田 田 
壙	bag	  广 由
壚	bag	  十 田 皿
壛	bag	一 勹 十 臼 𠁣 𠃛
壜	bag	 八  厶 日
壝	bag	 八  目 辶
壞	bag	⑤  罒 𧘇
壟	bag_ops	⑦  十  
壠	bag_ops	⑦  十   
壡	bag	⺊  八  又 目
壢	bag	  厂  
壣	bag	②  丱  十 耳
壤	bag	  井  𧘇
壥	bag	⑧  厂 灬
壦	bag	  
壧	bag	一  厂  攵 耳
壨	bag	 田 田 田 田
壩	bag	 八  月 革
壪	bag	②  十 小 小 弓 言
士	atomic_override	士
壬	bag	 
壭	bag	 
壮	bag	 十
壯	bag	 爿 ⸻
声	bag	
壱	bag_ops	  ⿱ ⿳ ⿺
売	bag_ops	  
壳	bag_ops	  
壴	bag	十 豆
壵	full	    
壶	bag	 
壷	bag	⑧  ⸻
壸	bag	 
壹	bag	 豆
壺	bag	⑥  冖 
壻	bag	 月 疋
壼	bag	⑥  
壽	bag	 乛  寸 
壾	bag	十 巨 豆
壿	full	   丷 酉 寸
夀	bag	⑧ 口 
夁	bag	  罒
夂	bag	
夃	bag	丿 又 𠄎
处	bag	
夅	bag	㐄 
夆	bag	 
备	bag	
夈	bag	夂 米
変	bag	 夂
夊	bag	夊
夋	bag	 
夌	bag	一  
复	bag	
夎	bag	 夂
夏	bag	
夐	bag	 夂 目 𠂊
夑	bag	 夂 言
夒	bag	 夂 巳 止 自
夓	bag	 八 夂 彐 自
夔	bag	 夂 巳 止 自
夕	bag	
外	bag	
夗	bag	㔾 
夘	bag	丶 卩 𠂊
夙	bag	 𠂊
多	bag	
夛	bag	丶 彐 𠂊
夜	bag	
夝	bag	丶 生 𠂊
夞	bag	 卜 
够	ordered	
夠	ordered	𠂊   口
夡	bag	  
夢	bag	  罒 𠂊
夣	bag	  罒 𠂊
夤	bag	  由 𠂊
夥	ordered	 𠂊 
夦	bag	⑤   匚 
大	bag_ops	
夨	bag	 𠃋
天	full	
太	bag	
夫	full	
夬	bag	 𠃍
夭	bag	 
央	bag	
夯	bag	 𠃌
夰	bag	 
失	bag	
夲	bag	 
夳	bag	 ⸻
头	bag	
夵	ordered	 
夶	bag_ops	 人 ⿰ 
夷	bag	 
夸	bag	㇉  ⸻
夹	bag_ops	 
夺	bag	
夻	ordered	 
夼	bag	 川
夽	bag	 
夾	bag	 人 
夿	bag	 巴
奀	bag	③  
奁	bag	㐅 
奂	bag	 𠂊
奃	bag	 氏
奄	bag	 
奅	bag	 卩 𠂎
奆	bag	 
奇	bag	
奈	bag	 示
奉	bag	 
奊	bag	  𠃋
奋	bag	
奌	bag	⺊ 
奍	bag	 
奎	bag	 十 
奏	bag	 
奐	bag	  𠂊
契	bag	  人 𠃌
奒	bag	  𠃋
奓	bag	 人 
奔	ordered	
奕	bag	④  
奖	bag	
套	bag	
奘	bag	 爿
奙	bag	 厶 日
奚	bag	②  𭕄
奛	bag	 
奜	bag	 非
奝	bag	⺆  
奞	bag	 
奟	bag	 
奠	bag	 人 酉 ⸻
奡	bag	 人 自
奢	bag	 
奣	bag	 
奤	bag	④  囗
奥	bag	
奦	bag	  人 夂 龴 𠃌
奧	bag	 丿  米
奨	bag	 寸 𠂊
奩	ordered	 
奪	bag	 寸 隹
奫	bag	 氵 爿 片
奬	bag	 寸 爿 𠂊
奭	bag	 白 
奮	bag	 田 隹
奯	bag	 戊 
奰	bag	 罒 罒 罒
奱	bag	②  人 小 小 言
奲	bag	  日 甲 耂
女	bag	
奴	bag	又 
奵	bag	 
奶	bag	
奷	bag	 
奸	bag	女 
她	bag	
奺	bag	久 女
奻	bag_ops	女 女 ⿰
奼	bag	 
好	bag	
奾	bag	女 
奿	bag	 女
妀	ordered	己 女
妁	bag	 女
如	bag	
妃	ordered	女 己
妄	bag	 女 𠃊
妅	bag	女 
妆	bag	丬 女
妇	bag	
妈	bag	
妉	bag	冘 女
妊	bag	 
妋	bag	 女
妌	bag	井 女
妍	bag	 女
妎	bag	 女
妏	bag	 女
妐	bag	 女
妑	bag	女 
妒	bag	 尸
妓	bag	十 
妔	bag	 女
妕	bag	丨 
妖	bag	 
妗	bag	 
妘	bag	 女
妙	bag	
妚	bag	 
妛	bag	 凵 
妜	bag	 女 𠃍
妝	bag	女 爿
妞	bag	丑 女
妟	bag	女 
妠	bag	 
妡	bag	 女 𠂆
妢	bag	 女 𠃌
妣	bag	女 
妤	bag	 女 龴
妥	bag	 𭕄
妦	bag	 女
妧	bag_ops	 女 ⿰ 
妨	bag	 女 𠃌
妩	bag	 尢
妪	bag	 女
妫	bag	为 女
妬	bag	 
妭	bag	丶  𠂇
妮	bag	 女 尸
妯	bag	女 由
妰	bag	乍 女
妱	bag_ops	丿  
妲	bag	 
妳	bag	女 
妴	bag	㔾  𠂊
妵	bag	 女
妶	bag	 
妷	bag	 女
妸	bag	 
妹	bag	
妺	bag	女 末
妻	bag	
妼	bag	 心
妽	bag	女 申
妾	bag	 
妿	bag_ops	丿  𠃌 
姀	bag_ops	 木 
姁	bag	勹 
姂	bag	 
姃	bag	 止
姄	bag	女 民
姅	bag	 女
姆	bag	
姇	bag	亻 女 寸
姈	bag	 女 龴
姉	bag	 巾
姊	bag	㇉  女
始	bag	
姌	bag	冉 女
姍	bag	 冂 女
姎	bag	央 女
姏	bag	女 甘
姐	bag	
姑	bag	
姒	bag	以 女
姓	bag	
委	bag_ops	
姕	bag	 女 止
姖	bag	女 巨
姗	bag	册 女
姘	bag	 女
姙	bag	  女
姚	bag	兆 女
姛	bag	 
姜	bag	 
姝	bag	女 朱
姞	bag	 
姟	bag	 女 𠃋
姠	bag	 
姡	bag	 女
姢	bag	⺆ 冫 厶 女
姣	bag	 女
姤	bag	 女 𠂆
姥	bag	 女 耂
姦	bag	女 女 女
姧	bag	女 女 干
姨	bag	 女 弓
姩	bag	女 年
姪	bag	 
姫	bag	女 臣
姬	bag	女 𦣞
姭	bag	   𠃌
姮	bag	 
姯	bag	 女
姰	bag	勹 
姱	bag	㇉  女
姲	bag	女 
姳	bag	丶  𠂊
姴	bag	 女 𠂊
姵	bag	一 几 女 巾
姶	bag	 
姷	bag	女 
姸	bag	女 干 干
姹	bag	 
姺	bag	 女 𠂒
姻	bag	 女
姼	bag	 女 
姽	bag	 女 𠂊
姾	bag	 女
姿	bag	冫 女 
娀	bag	 女 𠂇
威	bag	
娂	bag	 
娃	bag	 
娄	bag_ops	女 米 ⿱
娅	bag	 女
娆	bag	 女
娇	bag	 女
娈	bag	 女
娉	bag	 女 由
娊	bag	 女 目
娋	bag	⺌ 女 月
娌	bag	 女 甲
娍	bag	女 
娎	bag	  𠂆
娏	bag	 尢 彡
娐	bag	 
娑	bag	 小 氵
娒	bag	女 
娓	bag	 女 尸
娔	bag	  女
娕	bag	女 
娖	bag	 龰
娗	bag	 女 廴
娘	bag	
娙	bag	 工 
娚	bag	 
娛	bag	  𠃑
娜	bag	 女 
娝	bag	 
娞	bag	 女 𭕄
娟	bag	 月
娠	bag	 女 𠄌
娡	bag	 女 心
娢	bag	 
娣	bag	  弓
娤	bag	 女 爿
娥	bag	女 我
娦	bag	丘 八 
娧	bag	 女
娨	bag	女 干 日
娩	bag	⑤ 女 𠂊
娪	bag	 女 𫝀
娫	bag	 女 廴
娬	bag	 女 止
娭	bag	 女 𠂉
娮	bag	女 言
娯	bag	  𠃑
娰	bag	亻 以 女
娱	bag	 
娲	bag	 
娳	bag	 
娴	bag	 门
娵	bag_ops	 耳 
娶	bag_ops	 耳 
娷	bag	 女
娸	bag	 女
娹	bag_ops	 女  ⿰ 
娺	bag	  女
娻	bag	女 東
娼	bag	女 
娽	bag	 女 彐
娾	bag	 厂 女
娿	bag_ops	  阝 
婀	bag_ops	  阝  
婁	bag	⑧ 
婂	bag	女 
婃	bag	 示
婄	ordered	女 
婅	bag	勹 女 米
婆	bag	
婇	ordered	女 丿 𭕄 木
婈	bag	一  夂 女
婉	bag	  𠂊
婊	bag	女 
婋	bag	 几 女
婌	bag	  小
婍	bag	 
婎	bag	女 隹
婏	bag	 女 𠂊
婐	bag	女 
婑	bag	 
婒	bag	 女
婓	bag_ops	女 非 ⿱
婔	bag_ops	女 非 ⿰
婕	bag	女 疌
婖	bag	 人 女 小
婗	bag	 女 臼
婘	bag	 女
婙	bag	 女 
婚	bag	
婛	bag	  小
婜	bag	 臣
婝	bag	一  龰
婞	bag	 女 
婟	bag	 女
婠	bag	㠯 
婡	bag	 
婢	bag	 女 白
婣	bag	 爿 片
婤	bag	 
婥	bag	⺊ 十 
婦	bag	冖 女 巾 彐
婧	bag	女 
婨	bag	  女
婩	bag	厂 女 山 干
婪	bag_ops	女  
婫	bag	 比
婬	bag	  女 𭕄
婭	bag	⑥  女
婮	bag	 女 尸
婯	bag	  冂 女
婰	bag	⑥ 八 女
婱	bag_ops	 女  
婲	bag	丨   女
婳	bag	 女 田
婴	bag	女 贝 贝
婵	bag	 女 甲
婶	bag	 申
婷	bag	 冖 
婸	bag	 丿 勹 
婹	bag	 女
婺	bag	  龴
婻	bag	 女 干
婼	bag	 女 𠂇
婽	bag	⑤  
婾	bag	 女 月 
婿	bag	女 月 疋
媀	bag	女 禺
媁	bag	㐄  𫝀
媂	bag_ops	 女 巾 
媃	bag	  龴
媄	bag	  女
媅	bag	⑤  匚 女
媆	bag	  冂 女
媇	bag	 女 朩
媈	bag	冖 女 車
媉	bag	 女 尸
媊	bag	 刂 女 月
媋	bag	 
媌	bag	 女 田
媍	bag	八 女 目 𠂊
媎	bag	女 
媏	bag	 女 山
媐	bag	女 巳 𦣞
媑	bag	女 重
媒	bag	女 
媓	bag	 女 白
媔	bag	 囗 女
媕	bag	 人 
媖	bag	 央 女
媗	bag	  日
媘	bag	女 比 白
媙	bag	 女 戊
媚	bag	女 
媛	bag	  
媜	bag	⺊ 八 女 目
媝	bag	丿  
媞	bag	 日 龰
媟	bag	世 
媠	bag	女 工 
媡	bag	女 柬 ⸻
媢	bag	 女 目
媣	bag	九 女 
媤	bag	女 心 田
媥	bag	  女 尸
媦	bag	女 
媧	bag	冂 冂  𠃍
媨	bag	丷 女 酉
媩	bag	 女 月
媪	bag	 皿
媫	bag	 女 龰 
媬	bag	亻  木
媭	bag	女 
媮	bag	 女 月
媯	bag	女 為
媰	bag	丨  勹 勹 女
媱	bag	 缶 𭕄
媲	bag	㐅 丿 囗 女 比
媳	bag	女 心 自
媴	bag	  𧘇
媵	bag	 女 月
媶	bag	 女 耳
媷	bag	 女 寸 𠄌
媸	bag	 凵 女 虫
媹	bag	 女 
媺	bag	一 几 女 山 攵
媻	bag	 
媼	bag	人 囗 女 皿
媽	bag	⑥ 女 灬
媾	bag	 冉 女
媿	bag	 女 田
嫀	bag	 
嫁	bag	一  𧰨
嫂	bag	丨  臼
嫃	bag	 女
嫄	bag	厂 女 小 白
嫅	bag	 女 工
嫆	bag	 谷
嫇	bag	 八 冖 
嫈	bag	 冖 
嫉	bag	 女 
嫊	bag	 女 小 龶
嫋	bag	 女 弓 弓
嫌	bag	 
嫍	bag	 臼 𭕄
嫎	bag	 女 𠃌
嫏	bag	 女 阝
嫐	bag	 女 
嫑	bag	③  丨 
嫒	bag	 女 
嫓	bag	 女 比 𠂊
嫔	bag	丘 八 
嫕	bag	 女 心 𠂉
嫖	bag	 示
嫗	bag	匚  
嫘	bag	 女 小 田
嫙	bag	 女 
嫚	bag	 
嫛	bag	  𠂉 𠘧
嫜	bag	 
嫝	bag	女 
嫞	bag	 女 广 月 
嫟	bag	丨 匚  女 𠂇
嫠	bag	厂  未
嫡	bag	 女
嫢	bag	 人 女 目
嫣	bag	 女 止 灬
嫤	bag	 廿 龶
嫥	bag	⑧ 女 寸
嫦	bag	⺌ 冖  巾
嫧	bag	八 女 
嫨	bag	  廿
嫩	bag	 束
嫪	bag	 女 彡 
嫫	bag	 
嫬	bag	女  灬
嫭	bag	 ㇀ 乎 乚 女
嫮	bag	㇉   女
嫯	bag_ops	丿  龶  
嫰	bag	女 束 欠
嫱	bag	  女
嫲	bag	女 
嫳	bag	丷 八 女 巾 攵
嫴	bag	  女
嫵	bag	一 卌 女 灬 𠂉
嫶	bag	女 灬 隹
嫷	bag	女 工 月 
嫸	bag	 
嫹	bag	 女 由
嫺	bag	女 月 𠁣 𠃛
嫻	bag	 𠁣 𠃛
嫼	bag	⑧ 女 
嫽	bag	 人 女 小 日
嫾	bag	㐄  米 𠂊
嫿	bag	 女 田 
嬀	bag	女 爲
嬁	bag	 女 豆
嬂	bag	  
嬃	bag	女 彡 頁
嬄	bag	 女 豆
嬅	bag	⑦  女
嬆	bag	   
嬇	bag	 八  目
嬈	bag	   十 女
嬉	bag	 女 豆
嬊	bag	③  女 廿 ⸻
嬋	bag	  甲
嬌	bag	 口 
嬍	bag	 十 女 山 攵
嬎	bag	⑤  𠂊
嬏	bag	 
嬐	bag	  口 
嬑	bag	 女 心 日
嬒	bag	⺌  
嬓	bag	  白 𠃌
嬔	bag	  𠂊
嬕	bag	 女 干 罒
嬖	bag	  女 尸
嬗	bag	  
嬘	bag	 女 
嬙	bag	 人  女
嬚	bag	 女 
嬛	bag	 女 罒 𧘇
嬜	bag	  欠
嬝	bag	⑦  女 𧘇
嬞	bag	 女 重
嬟	bag	 女 我
嬠	bag	  木
嬡	bag	 夂 女 心 𭕄
嬢	bag	 井 八 女 𧘇
嬣	bag	  心 皿
嬤	bag	 女 
嬥	bag	 女 隹 
嬦	bag	 乛  女 寸 工
嬧	bag	 女 灬 皿 
嬨	bag	 女 心
嬩	bag	②   女 彐
嬪	bag	  目 𣥂
嬫	bag	 冖 
嬬	bag	 冂 冂 女
嬭	bag	   乀 八 女 
嬮	bag	 厂 女 月 犬
嬯	bag	  十 
嬰	bag	八 八 女 目 
嬱	bag	 女 氵 車 𠂆
嬲	bag	 女 田 
嬳	bag	  隹
嬴	bag	 几  
嬵	bag	  
嬶	bag	 女 田 自
嬷	bag	丿 厶 女 
嬸	bag	丿  
嬹	bag	③    彐
嬺	bag	丨 匚  女 心 𠂇
嬻	bag	一  女 目 罒
嬼	bag	③    女 𠃌
嬽	bag	⑬  女
嬾	bag	女 束 頁
嬿	bag	③  女 廿 灬
孀	bag	 女 
孁	bag	  
孂	bag	 女 皿 艮 
孃	bag	 井 口  𧘇
孄	bag	女 柬 𠁣 𠃛
孅	bag	  女 非
孆	bag	八 八 女 女 目 目
孇	bag	 隹 隹
孈	bag	  山 隹
孉	bag	  隹
孊	bag	女  非
孋	bag	 丨 冂 冂 女 广 比 
孌	bag	②   小 小 言
孍	bag	乛 厂 口  攵 耳
孎	bag	 八 勹 女 尸 罒 虫
孏	bag	 女 柬 𠁣 𠃛
子	bag	
孑	bag	孑
孒	bag	孒
孓	bag	孓
孔	bag	
孕	bag	 𠄎
孖	bag	子 
字	bag	
存	bag	
孙	bag	
孚	bag	丿 
孛	bag	 
孜	bag	子 
孝	bag	子 
孞	bag	子 
孟	bag	子 
孠	bag	 子 𠃌
孡	bag	厶 
孢	bag	勹 子 巳
季	bag_ops	
孤	bag	
孥	bag	 子
学	bag	
孧	bag	  𠃌
孨	bag	子 子 
孩	bag	
孪	bag	 子
孫	bag	 
孬	bag	 女 子
孭	bag	八 子 目
孮	bag	子 
孯	bag	又 子 臣
孰	bag	 口 
孱	bag	子 子 子 
孲	bag	⑥  子
孳	bag	 子
孴	bag	子 子 
孵	bag	 丿 卩 子 𠂎 𭕄
孶	bag	 丨  十 子
孷	bag	厂  未
學	bag	③ 㐅  冖 子 
孹	bag	  子 尸
孺	bag	 冂 冂 子
孻	bag	 子 灬 皿 
孼	bag	㠯  丿 凵 十 子
孽	bag	㠯   十 子
孾	bag	八 八 女 子 目 目
孿	bag	②  丶 子 小 小 言
宀	bag	
宁	bag	
宂	bag	几 
它	bag	
宄	bag	九 宀
宅	bag	㇀ 
宆	bag	宀 弓
宇	bag	
守	bag	
安	bag	
宊	bag	宀 犬
宋	bag	
完	bag_ops	
宍	bag	 
宎	bag	 宀
宏	bag	厶 宀 𠂇
宐	bag	宀 
宑	bag	井 宀
宒	bag_ops	 
宓	bag	 
宔	bag_ops	 
宕	bag	 
宖	bag	厶 宀 弓
宗	bag	
官	bag	
宙	bag	宀 由
定	bag	
宛	bag	 宀 𠂊
宜	bag	
宝	bag_ops	
实	bag	
実	bag	 宀
宠	bag	 宀 尢
审	bag	
客	bag	
宣	bag	
室	bag	
宥	bag	宀 
宦	bag	宀 臣
宧	bag	宀 𦣞
宨	bag	兆 宀
宩	bag	宀 米
宪	bag	 𠂒
宫	bag	
宬	bag	宀 
宭	bag	 宀 
宮	bag	丿  
宯	bag	子 宀 耂
宰	bag	 
宱	bag	乍 亻 宀
宲	bag	 木
害	bag	
宴	ordered	宀 日 女
宵	bag	⺌ 宀 月
家	bag	
宷	bag	 米
宸	bag	 宀 𠄌
容	bag	
宺	bag	 𥘅
宻	bag	丷 又 宀 山
宼	bag_ops	   ⿺
宽	bag	
宾	bag	丘 
宿	bag	 
寀	bag	 
寁	bag	宀 疌
寂	bag	 宀 
寃	bag	 宀 𠂊
寄	bag	 
寅	bag	 
密	bag	
寇	bag	⺊  又 
寈	bag	宀 
寉	bag	宀 隹
寊	bag	⺊  目
寋	bag	㔾 
富	bag	
寍	bag	宀 心 皿
寎	bag	 宀 爿
寏	bag	  宀 𠂊
寐	bag	宀 未 爿
寑	bag	 冖 又 宀 
寒	bag	
寓	bag	宀 禺
寔	bag	 日 龰
寕	bag	 亅 宀 罒
寖	bag	 又 宀 
寗	bag	丿 冉 宀 心
寘	bag	 宀
寙	bag	宀 瓜 瓜
寚	bag	 宀 缶
寛	bag	丨  宀 目
寜	bag	亅 宀 心 皿
寝	bag	 冖 又 宀 
寞	bag	 宀 日
察	bag	
寠	bag	⑧ 
寡	bag	 丿 
寢	bag	 又 宀 爿 
寣	bag	宀 爿 言
寤	bag	 爿 𫝀
寥	bag	 宀 彡 
實	bag	 毌 目
寧	bag	 宀 心 
寨	bag	 木
審	bag	 田 
寪	bag	宀 爲
寫	bag	勹 宀 灬 臼
寬	bag	  宀 目
寭	bag	⑧ 宀 心
寮	bag	 人 宀 小 
寯	bag	④ 宀 隹
寰	bag	 罒 𧘇
寱	bag	宀 木 爿 自
寲	bag	 宀 
寳	bag	  宀 小 目 𠂊
寴	bag	 宀 朩 目
寵	bag	⑦  宀 月
寶	bag	  宀 目 缶 ⸻
寷	bag	  丨 宀 山 豆
寸	bag	
对	bag	
寺	bag	 
寻	bag	
导	bag	
寽	bag	丿 寸 𭕄
対	bag	 寸
寿	bag	 
尀	bag	匚 口 寸
封	bag	
専	bag	一 寸 由
尃	bag	丶  
射	bag	
尅	bag	  寸
将	bag	
將	bag	冫 寸 爿 𠂊
專	bag	⑧ 
尉	bag	 
尊	bag	
尋	bag	口 寸 工 
尌	bag	 豆
對	bag	 十 
導	bag	 寸 自 辶
小	bag	
尐	bag	乀 小
少	bag	
尒	bag	人 小
尓	bag	小 𠂉
尔	bag	
尕	bag	 𠄎
尖	ordered	
尗	bag	 
尘	bag	 
尙	bag	冂  ⸻
尚	bag	
尛	bag	小 小 小
尜	bag	 小 小
尝	bag	⺌  
尞	bag	 人 小 
尟	bag	 小 日 龰
尠	bag	⑤  匚 小
尡	bag	 
尢	bag	
尣	bag	 
尤	bag	
尥	bag	 尢
尦	bag	 八 勹
尧	bag	 ⸻
尨	bag	 
尩	bag	 
尪	bag	 尢
尫	bag_ops	  十  ⿺
尬	bag	 尢
尭	bag	  
尮	bag	丿 尢 木 𠄎
尯	bag	 尢 𠂊
尰	bag	尢 重
就	bag	
尲	bag	 尢 
尳	bag	⑤ 尢 月
尴	bag	 尢 
尵	bag	  尢 目
尶	bag	 皿 臣 𠂉
尷	bag	 皿 臣 𠂉
尸	bag	
尹	bag	 
尺	bag	
尻	bag	九 
尼	bag	
尽	bag	
尾	bag	
尿	bag	 
局	bag	
屁	bag	尸 比
层	bag	
屃	bag	尸 贝
屄	bag	 尸
居	bag	
屆	bag	 十 尸
屇	bag	尸 田
屈	bag	 
屉	bag	世 
届	bag	尸 由
屋	bag	
屌	bag	口 尸 巾
屍	bag	 尸 𠂊
屎	bag	尸 米
屏	bag	 
屐	bag	 尸 彳
屑	bag	⺌ 尸 
屒	bag	 尸 𠄌
屓	bag	八 尸 目
屔	bag	丘  尸
展	bag	
屖	bag	 
屗	bag	 
屘	bag	 子 尸
屙	bag	 尸 阝
屚	bag	 
屛	bag	 尸 干 干
屜	bag	世 尸 
屝	bag	尸 非
属	bag	
屟	bag	世 尸 木
屠	bag	尸 
屡	bag	女 尸 米
屢	bag	⑧ 女 
屣	bag	尸 彳 止 龰
層	bag	 尸 日
履	bag	夂 尸 
屦	bag	女 尸 彳 米
屧	bag	世 尸 彳 木
屨	bag	⑧ 女 尸 彳
屩	bag	  尸 彳
屪	bag	 人 宀 小 尸 日
屫	bag	  尸 爿
屬	bag	 八 勹 尸 罒 
屭	bag	八 八 八 尸 目 目 目
屮	bag	丨 
屯	bag	 
屰	bag	 
山	bag	
屲	bag	丿 
屳	ordered	入 山
屴	bag_ops	丿 山 𠃌 
屵	bag	厂 
屶	bag_ops	丿 山 𠃌 
屷	bag_ops	丿 山 𠄎 ⿰ ⿹
屸	bag_ops	山 工 ⿰
屹	bag	乙 山 𠂉
屺	bag_ops	山 己 ⿰
屻	bag_ops	 山  ⿹ ⿹
屼	bag	 山
屽	bag	山 干
屾	bag_ops	山 山 ⿰
屿	bag	 山
岀	bag_ops	山 山 ⿱
岁	bag_ops	
岂	ordered	山 
岃	bag_ops	 山 𠃌  ⿹
岄	bag	山 
岅	bag	又 山 𠂆
岆	bag_ops	 山 
岇	bag	 山
岈	bag	山 
岉	bag	 山
岊	ordered	巴 山
岋	bag_ops	及 山 ⿰
岌	bag_ops	及 山 ⿱
岍	bag	 山
岎	bag_ops	 山 
岏	bag	 山
岐	bag	 
岑	bag_ops	 山 
岒	bag_ops	 山 
岓	bag	 山 𠂆
岔	bag_ops	 山 𠃌 
岕	bag	 山
岖	bag	 山
岗	bag	 山
岘	bag	山 见
岙	bag_ops	 山 
岚	bag	㐅 
岛	bag	
岜	ordered	山 巴
岝	bag_ops	乍 山 ⿱
岞	bag_ops	乍 山 ⿰
岟	bag	央 山
岠	bag	山 巨
岡	bag	 冂 
岢	bag_ops	 山 
岣	bag	 山
岤	bag	 
岥	bag	山 皮
岦	bag	 山
岧	bag_ops	 山 𠃌 
岨	bag	且 山
岩	bag	 
岪	bag	 山 弓
岫	bag_ops	山 由 ⿰
岬	bag	山 甲
岭	bag_ops	 山 龴 
岮	bag	 山
岯	bag	③  山
岰	bag	 山 𠃌
岱	bag	 亻 山
岲	bag	 山
岳	bag_ops	丘 山 ⿱
岴	bag_ops	丘 山 ⿰
岵	bag	 山
岶	bag	山 
岷	bag	山 民
岸	bag_ops	
岹	bag_ops	 山 
岺	bag_ops	 山 龴 
岻	bag	 氏
岼	bag	丷 山 干
岽	bag	东 山
岾	bag	 山
岿	bag	 山 彐
峀	bag_ops	山 由 ⿱
峁	bag	卩 山 𠂎
峂	bag	 夂 山
峃	bag	冖 山 𭕄
峄	bag	 又 山
峅	bag	 厶 山
峆	bag_ops	 山 
峇	bag_ops	 山 
峈	bag_ops	 山 
峉	bag_ops	 山 
峊	bag	㠯 丿 山
峋	bag	勹 山 日
峌	bag	 山
峍	bag	 山 
峎	bag	山 艮
峏	bag_ops	 山 ⿰  ⿵
峐	bag	 山 𠃋
峑	bag_ops	 山 
峒	bag_ops	一  山 ⿰ ⿵ ⿵
峓	bag	 山 弓
峔	bag	 山 耂
峕	bag	 山 日
峖	bag	 山
峗	bag_ops	 山 𠂊 ⿰ 
峘	bag	 山 日
峙	bag	 
峚	bag_ops	 山 
峛	bag_ops	 山 𠂊  ⿴
峜	bag	人 山 止
峝	bag_ops	一  山 ⿱ ⿵ ⿵
峞	bag_ops	 山 𠂊  ⿸
峟	bag	山 
峠	bag	⺊  卜 山
峡	bag	 山
峢	bag_ops	 山 𠂊 ⿰  ⿴
峣	bag	 山
峤	bag	 山
峥	bag	 山 
峦	bag	 山
峧	bag	 山
峨	bag_ops	山 我 ⿰
峩	bag_ops	山 我 ⿱
峪	bag	山 谷
峫	bag	山 牙 阝
峬	bag	 山 月
峭	bag	⺌ 山 
峮	bag_ops	 山  ⿰ 
峯	bag_ops	 山  ⿻
峰	bag_ops	 山  ⿻
峱	bag	丑 山 犭
峲	bag	 山 木
峳	bag	 山 攵
峴	bag	 山 
峵	bag	厶 宀 山 𠂇
島	bag_ops	⑦ 山 ⿹
峷	bag	 
峸	bag	山 
峹	bag	 山 朩
峺	bag	 山 日
峻	bag	 山
峼	bag	口 山 𠂒
峽	bag	  山
峾	bag	 山 
峿	bag	 山 𫝀
崀	bag_ops	 艮 
崁	bag	 山 欠
崂	bag	 山 𠃌
崃	bag	山 来
崄	bag	 山 𭕄
崅	bag	山 角
崆	bag	 山 工
崇	ordered	山 
崈	ordered	 山
崉	bag	 山 日
崊	bag	山 
崋	bag_ops	⑦ 山 ⿱
崌	bag	 山
崍	bag	 山 木
崎	bag_ops	 山 
崏	bag	山 日 氏
崐	bag_ops	山  
崑	bag_ops	山  
崒	bag_ops	 山 
崓	bag_ops	 山  ⿴
崔	bag	山 
崕	bag_ops	   
崖	bag_ops	  
崗	bag_ops	 冂 山 山 
崘	bag_ops	  山  ⿵ ⿻
崙	bag_ops	  山  ⿻
崚	bag	一  夂 山
崛	bag_ops	 尸 山 ⿰ 
崜	bag	 山
崝	bag	山 
崞	bag	 山
崟	bag_ops	 十 山  ⿻
崠	bag_ops	山 東 ⿰
崡	bag	丷  八 凵 山
崢	bag	 亅 山  𭕄
崣	bag	 山 木
崤	bag	㐅 山 
崥	bag	 山 白
崦	bag	 山 日
崧	bag_ops	 山 
崨	bag	山 疌
崩	bag	山 
崪	bag_ops	 山 
崫	bag_ops	 尸 山  ⿸ ⿻
崬	bag_ops	山 東 ⿱
崭	bag	 山 
崮	bag_ops	 山  ⿴
崯	bag_ops	 十 山  ⿻
崰	bag	山 田 
崱	bag	八 刂 山 目
崲	bag	 山 白
崳	bag_ops	 山  
崴	bag	 山 戊
崵	bag	 丿 勹 山 日
崶	bag	  山
崷	bag	丷 山 酉
崸	bag	山 頁
崹	bag	 山 巾
崺	bag	 山 
崻	bag	 山 彳
崼	bag	一 山 日 龰
崽	bag	山 心 田
崾	bag	 山
崿	bag_ops	  山 
嵀	bag	 山 木
嵁	bag	⑤  匚 山
嵂	bag	 山 
嵃	bag	  彡
嵄	bag	  山
嵅	bag	 山 戊
嵆	full	⿱   ⿺ 尢 
嵇	full	  ⿱ ⿺ 尢 
嵈	bag	 又 山 
嵉	bag	  山
嵊	bag	 山 木
嵋	bag	山 
嵌	bag	山 欠 甘
嵍	bag	 山 攵 龴
嵎	bag	山 禺
嵏	bag_ops	㐅 八 凵 夂 山 ⿱ ⿳ ⿶
嵐	bag	丿  
嵑	bag	 山 日 𠃊
嵒	full	 口 ⿰  山
嵓	ordered	山  口
嵔	bag_ops	 山 田 𠄌  ⿳ ⿺
嵕	bag_ops	㐅 八 凵 夂 山 ⿰ ⿳ ⿶
嵖	bag	一 山 
嵗	bag	一 山 戊 𣥂
嵘	bag	 山 木
嵙	bag	丿 山 斗 木
嵚	bag	山 欠 钅
嵛	bag_ops	 山 月 
嵜	bag	 亅 口 山
嵝	bag	女 山 米
嵞	bag	 山 山 朩
嵟	bag	 隹
嵠	bag	②  山 𭕄
嵡	bag	八  厶 山 
嵢	bag	  尸 山
嵣	bag	 山 
嵤	bag	 冖 
嵥	bag	㐄  
嵦	bag	山 山 豆
嵧	bag	 山 
嵨	bag	⑥ 山 灬
嵩	bag_ops	 山  ⿵
嵪	bag_ops	 山  ⿳ ⿵
嵫	bag	 山
嵬	bag_ops	 山 田  ⿺
嵭	bag	 山 𠃌
嵮	bag	 
嵯	bag_ops	 山 工  
嵰	bag	 山 
嵱	bag	宀 山 谷
嵲	bag	山 木 自
嵳	bag_ops	 山 工  ⿻
嵴	bag	丷  山 月
嵵	bag	 山 日
嵶	bag	 山 弓 弓
嵷	bag_ops	 山 彳 龰  
嵸	bag_ops	 山 彳 龰 ⿰ 
嵹	bag	口 山 弓 虫
嵺	bag	 山 彡 
嵻	bag	山 
嵼	bag	  生
嵽	bag	⑤ 冖 山 巾
嵾	bag_ops	人 厶 厶 厶 山 彡 
嵿	bag	 山 頁
嶀	bag	㇉   山
嶁	bag_ops	⑧ 女 山 
嶂	bag	 山 日
嶃	bag_ops	 山 車 𠂆  
嶄	ordered	山 車 𠂆 
嶅	ordered	龶  攵 山
嶆	bag	一 山 日 曲
嶇	bag	匚  口 山
嶈	bag	冫 寸 山 爿 𠂊
嶉	ordered	山 
嶊	ordered	山 
嶋	bag_ops	⑦ 山 灬 ⿰ ⿹
嶌	ordered	山 ⑦ 灬
嶍	bag_ops	 山 白 𠃌  ⿰  ⿹
嶎	bag	 山 示
嶏	bag	 
嶐	bag	 山 
嶑	bag	丨 囗 山 
嶒	bag	 山 日
嶓	bag	丿 山 
嶔	bag	 十 山 欠
嶕	bag_ops	山 灬 隹 
嶖	bag	  山 
嶗	bag	丿  冖 山 𠃌
嶘	bag	  山 木
嶙	bag	㐄  米 𠂊
嶚	bag_ops	 人 小 山 
嶛	bag_ops	 人 小 山 日  ⿻
嶜	bag	山 旡 旡 日
嶝	bag	 山 豆
嶞	bag	山 工 月 
嶟	bag	 山 酉
嶠	bag_ops	  山  ⿵ ⿻
嶡	bag_ops	  欠  
嶢	bag_ops	   十 山   
嶣	bag_ops	山 灬 隹 
嶤	bag_ops	   十 山  
嶥	bag_ops	  欠 ⿰  ⿻
嶦	bag	  言 𠂊
嶧	bag	 山 干 罒
嶨	bag	③ 㐅  冖 山 彐
嶩	bag	 山 曲 𠄌
嶪	bag_ops	 山 未  
嶫	bag_ops	 山 未 
嶬	bag_ops	 山 我 
嶭	bag	㠯   山
嶮	bag	   山
嶯	bag	  山 耳
嶰	bag	丿 山 
嶱	bag	丨  十 山 日 𠃊
嶲	bag	④ 山 隹
嶳	bag	  十 山 𧰨
嶴	bag	 山 米
嶵	bag_ops	山  
嶶	bag	 山 彳 攵
嶷	bag_ops	 山   
嶸	bag	 冖 山 木
嶹	bag	 乛  寸 山 工
嶺	bag	 山 頁 龴
嶻	bag	 山 隹
嶼	bag_ops	②   山 彐  ⿳ 
嶽	bag	山  言
嶾	bag	丿 山 工  𭕄
嶿	bag	 冂 冂 山
巀	bag	 小 山 隹
巁	bag	  禺
巂	bag	 口 山 
巃	bag_ops	⑦  山  
巄	bag_ops	⑦  山 月 
巅	bag	 山 页
巆	bag	丿  冖  山
巇	bag	 ㇀  乚 山 豆
巈	bag	勹 山 米 革
巉	bag	 口 山 比 
巊	bag	八 八 女 山 目 目
巋	bag	㠯  山 巾 彐 止
巌	bag	乛  攵 耳 𭕄
巍	bag	丿  女 山 木 田
巎	bag	 夂 山 巳 止 自
巏	bag	 口 山 隹
巐	bag	 丶  冂  山 日
巑	bag	 八 山 目 
巒	bag	②  丶 小 小 山 言
巓	bag	 八 山 目 頁 𠃊
巔	bag	 山 頁
巕	bag	㠯   十 女 山
巖	bag_ops	乛 厂  山 攵 耳 ⿰  
巗	bag_ops	乛 厂  山 攵 耳  
巘	bag_ops	 ㇀   乚  山 犬   ⿳ ⿵ ⿵ ⿸ ⿸ ⿻
巙	bag	 夂 山 巳 止 自
巚	bag_ops	 ㇀   乚  山 犬  ⿳ ⿵ ⿵ ⿸ ⿸ ⿻
巛	bag	 ⸻
巜	bag	 ⸻
川	bag	
州	bag	
巟	bag	  𠃊
巠	bag	一 工 
巡	bag	辶 
巢	bag	 
巣	bag	 𭕄
巤	bag	⑦ 㐅 囗 
工	bag	
左	bag	
巧	bag	
巨	bag	
巩	bag	丶 几 
巪	bag	巨 𠃍
巫	bag	 
巬	bag	 
巭	bag	 工 𠃌
差	bag	
巯	bag	 工 
巰	bag	  工 
己	bag	
已	bag	已
巳	bag	巳 ⸻
巴	bag	
巵	bag	一 巴 𠂆
巶	bag	 巳 𠃌
巷	bag	 ⸻
巸	bag	巳 𦣞
巹	bag	㇇   己
巺	bag	 巳 巳
巻	bag	 己
巼	bag	 巴
巽	bag	 巳 ⸻
巾	bag	
巿	bag_ops	一 巾 ⿻
帀	bag_ops	一 巾 ⿱
币	bag	
市	bag	
布	bag	
帄	bag	 巾
帅	bag	 巾
帆	bag	丶 
帇	bag	一 巾 
师	bag	
帉	bag	 巾 𠃌
帊	bag	巴 巾
帋	bag	巾 氏
希	bag	
帍	bag	 巾
帎	bag	冘 巾
帏	bag	巾 韦
帐	bag	巾 长
帑	bag	 巾
帒	bag	 亻 巾
帓	bag	巾 末
帔	bag	巾 皮
帕	bag_ops	 ⿰
帖	bag	 
帗	bag	丶 又 
帘	bag	 巾
帙	bag	 巾
帚	bag	冖 巾 
帛	bag_ops	 ⿱
帜	bag	 巾
帝	bag	
帞	bag	一 
帟	bag	 巾
帠	bag	巾 臼
帡	bag	 巾
帢	bag	 巾
帣	bag	 巾
帤	bag	 巾
帥	bag	㠯 丿 巾
带	bag	
帧	bag	⺊ 巾 贝
帨	bag	 巾
帩	bag	⺌ 巾 月
帪	bag	 巾 𠄌
師	bag	㠯  
帬	bag	 巾 
席	bag	
帮	bag	
帯	bag	 巾 廿
帰	bag	② 冖 巾 彐
帱	bag	 巾
帲	bag	 巾 干 干
帳	bag	  巾 𠄌
帴	bag	  巾
帵	bag	 宀 巾 𠂊
帶	bag	⑤ 冖 
帷	bag	巾 隹
常	bag	
帹	bag	 女 巾
帺	bag	 巾
帻	bag	巾 
帼	bag	 囗 巾
帽	bag	 巾 目
帾	bag	巾 
帿	bag	 巾 
幀	bag	⺊ 八 巾 目
幁	bag	巾 頁
幂	bag	 冖 巾 日
幃	bag	㐄 口 巾 𫝀
幄	bag	 尸 巾
幅	bag	 巾 田
幆	bag	 巾 日 𠃊
幇	bag	  
幈	bag	 尸 巾
幉	bag	世 巾 木
幊	bag	八 工 巾 目
幋	bag	又 巾 
幌	bag	 巾 日
幍	bag	丿 巾 臼 𭕄
幎	bag	 八 冖 巾 日
幏	bag	 巾 𧰨
幐	full	⿰ 月  丷  巾
幑	bag	一 山 巾 彳 攵
幒	bag	丿  巾 心
幓	bag	人 厶 厶 厶 巾 彡
幔	bag	又 巾 
幕	bag_ops	
幖	bag	 巾 示
幗	bag	  囗 巾
幘	bag	八 巾 
幙	bag_ops	 日  ⿻
幚	bag	  阝
幛	bag	 巾 日
幜	bag	 巾 日
幝	bag	 巾 甲
幞	bag	  巾
幟	bag	  巾 日
幠	bag	一 卌 巾 灬 𠂉
幡	bag	丿 巾 
幢	bag	 巾 甲
幣	bag	丷 八 巾 巾 攵
幤	bag	⺌  巾 攵
幥	bag	 巾 手
幦	bag	 巾
幧	bag	 口 巾 木
幨	bag	 厂 巾 言 𠂊
幩	bag	  巾 目
幪	bag	 巾 𧰨
幫	bag	  
幬	bag	 乛  寸 工 巾
幭	bag	 巾 戊 罒
幮	bag	 巾 广 豆
幯	bag	⑤  卩 巾 
幰	bag	 宀 巾 
幱	bag	巾 柬 𠁣 𠃛
干	bag	
平	bag	
年	bag	
幵	bag	干 
并	bag	
幷	bag	 干 
幸	bag_ops	
幹	bag	 十 干 
幺	bag_ops	 ⿰
幻	bag	 𠃌
幼	bag_ops	   ⿻
幽	bag	②  丶 
幾	bag	②   
广	bag	
庀	bag	 
庁	bag	 广
庂	bag	人 
広	bag	厶 
庄	bag_ops	
庅	bag	丿 厶 
庆	bag	
庇	bag	广 
庈	bag	 广
庉	bag	 广
床	bag	
庋	bag	 
庌	bag	广 牙
庍	bag	 广 𠂆
庎	bag	 广
序	bag	
庐	bag	 广
庑	bag	一 尢 广
庒	bag	 广
库	bag	
应	bag	
底	bag	
庖	bag	 广
店	bag	
庘	bag	广 甲
庙	bag	广 由
庚	bag	 
庛	bag	 广 止
府	bag	
庝	bag	 夂 广
庞	bag	 广
废	bag	
庠	bag	 
庡	bag	 广 𧘇
庢	bag	 广
庣	bag	兆 广
庤	bag	 广
庥	bag	亻 广 木
度	bag	
座	bag	
庨	bag	子 广 耂
庩	bag	 广 朩
庪	bag	 广 扌
庫	bag	广 車
庬	bag	 广 彡
庭	bag	
庮	bag	广 酉
庯	bag	 广 月
庰	bag	 广
庱	bag	一  夂 广
庲	bag	 广 木
庳	bag	 广 
庴	bag	 广 日
庵	bag	 广 日
庶	bag	 
康	bag	
庸	bag	 广 月 
庹	bag	尺 
庺	bag	 广 木
庻	bag	 
庼	bag	 广 页
庽	bag	广 禺
庾	bag	人 广 臼
庿	bag	 广 田
廀	bag	 又 宀 广
廁	bag	八 刂 广 目
廂	bag	广 
廃	bag	  广
廄	bag	⑤ 又 广 𠘧
廅	bag	 广 皿
廆	bag	 广 田
廇	bag	 广 
廈	bag	 广 自
廉	bag	 
廊	bag	⑤  阝
廋	bag	 广 臼
廌	bag	②  广 灬 
廍	bag	 广 阝
廎	bag	 广 頁
廏	bag	 又 广 白 𠘧
廐	bag	⑤ 广 旡
廑	bag	口  龶
廒	bag	丿 广 攵 
廓	bag	 广 阝
廔	bag	⑧ 女 广
廕	bag	㇇  人 厶 广 阝
廖	bag	 广 彡 
廗	bag	⑤ 冖 巾 广
廘	bag	 广 广 比 
廙	bag	 广 田
廚	bag	 广 豆
廛	bag	  十 广 
廜	bag	尸 广 
廝	bag	 广 𠂆
廞	bag	 十 广 欠
廟	bag	 广 
廠	bag	⺌  广 攵
廡	bag	一 卌 广 灬 𠂉
廢	bag	 又 广 弓 𠘧
廣	bag	 广 
廤	bag	 广 車
廥	bag	⺌  广 日
廦	bag	 广
廧	bag	 人  广
廨	bag	丿 广 
廩	bag	  广 木
廪	bag	  广 示
廫	bag	 广 彡 月 
廬	bag	 广 田 皿
廭	bag	 广  龶
廮	bag	八 八 女 广 目 目
廯	bag	 广 灬 
廰	bag	十 广  耳
廱	bag	 广 隹 
廲	bag	 丨 冂 冂 广 广 比 
廳	bag	  广  耳
廴	bag	
廵	bag	廴 
延	bag	
廷	bag	 
廸	bag	廴 由
廹	bag	廴 白
建	bag	
廻	bag	 廴
廼	bag	 廴
廽	bag	④ 囗 廴
廾	bag_ops	 ⿰ ⿻
廿	bag	廿
开	bag_ops	
弁	bag	 
异	bag	
弃	bag	
弄	bag	
弅	bag	 
弆	bag	 十 厶
弇	bag	 人 
弈	bag	④   ⸻
弉	bag	 十 爿
弊	bag	  巾 攵
弋	bag	 ⸻
弌	bag	 ⸻
弍	bag	  ⸻
弎	bag_ops	   
式	bag	
弐	bag_ops	   
弑	bag	㐅  工 朩
弒	bag	㐅  乚 工 木
弓	bag	
弔	bag_ops	丨 弓 ⿻
引	bag_ops	
弖	bag_ops	一 弓 ⿱
弗	bag	
弘	bag	厶 
弙	bag	于 弓
弚	bag	 弓
弛	bag	也 
弜	bag	弓 
弝	bag	巴 弓
弞	bag	弓 欠
弟	bag	
张	bag	
弡	bag	巨 
弢	bag	 又 弓
弣	bag	 弓
弤	bag	丶 弓 氏
弥	bag	小 弓 𠂊
弦	bag	 
弧	bag	弓 瓜
弨	bag	丿  𠃌
弩	bag	 弓
弪	bag	工 弓 
弫	bag	弓 臣
弬	bag	弓 𦣝
弭	bag	弓 耳
弮	bag	 弓
弯	bag	 
弰	bag	⺌ 弓 月
弱	bag	
弲	bag	 
弳	bag	一 工 弓 
弴	bag	 弓
張	bag	  弓 𠄌
弶	bag	 弓
強	bag	厶 弓 虫
弸	bag	弓 
弹	bag	
强	bag	
弻	bag	㐁 弓 弓
弼	bag	一 弓 弓 白
弽	bag	世 弓 木
弾	bag	一  𭕄
弿	bag	 弓
彀	bag	  又 弓 𠘧
彁	bag	  弓
彂	bag	④  弓 𠂉
彃	bag	⑨ 一 弓
彄	bag	匚  
彅	bag	  弓 
彆	bag	丷 八 巾 弓 攵
彇	bag	弓 肅
彈	bag	  甲
彉	bag	 弓 由
彊	bag	 一 弓 田 田
彋	bag	 弓 罒 𧘇
彌	bag	   乀 八 巾 
彍	bag	 广 弓 由
彎	bag	②  丶 小 小 弓 言
彏	bag	又 弓 目 目 隹
彐	bag	
彑	bag	
归	bag	
当	bag	
彔	bag	 
录	bag	
彖	bag	彑 𧰨
彗	bag	  丨 
彘	bag	  乚 人 彑 𠂉
彙	bag	冖 彑 
彚	bag	冖 彐 
彛	bag	  彐 米 𠃌
彜	bag	  彑 米 𠃌
彝	bag	②  小 彑 米
彞	bag	②  小 彐 米
彟	bag	 又 寸 彐 隹
彠	bag	 又 口 寸 工 彐 隹
彡	bag	
形	bag	
彣	bag	 彡
彤	bag	丹 
彥	bag	 厂 
彦	bag	 
彧	bag	  
彨	bag	 冂 冂 彡
彩	bag	
彪	bag	 几 
彫	bag	 彡
彬	bag	彡 
彭	bag	 豆
彮	bag	宀 彡 谷
彯	bag	 彡 示
彰	bag	 
影	bag	
彲	bag	 丨 冂 冂 广 彡 比 
彳	bag	
彴	bag	 彳
彵	bag	也 彳
彶	bag	及 彳
彷	bag	 
彸	bag	 彳
役	bag	
彺	bag	 
彻	bag	
彼	bag	
彽	bag	丶 彳 氏
彾	bag	 彳 龴
彿	bag	 彳
往	bag	
征	bag	
徂	bag	且 彳
徃	bag	彳 生
径	bag	
待	bag	
徆	bag	 彳
徇	bag	勹 彳 日
很	bag	
徉	bag	 彳
徊	bag	 彳
律	bag	
後	bag	 夂 彳
徍	bag	 彳
徎	bag	 彳
徏	bag	彳 
徐	bag	
徑	bag	一  
徒	bag	
従	bag	 彳 龰
徔	bag	②  彳
徕	bag	彳 来
徖	bag	宀 彳 示
得	bag	
徘	bag	彳 非
徙	bag	彳 止 龰
徚	bag	彳 柬
徛	bag	 彳
徜	bag	⺌  彳
徝	bag	 
從	bag	 彳 龰
徟	bag	 彳
徠	bag	 彳 
御	bag	 
徢	bag	彳 疌
徣	bag	 彳 日
徤	bag	 廴 
徥	bag	 日 龰
徦	bag	⑤ 又 
徧	bag	 彳
徨	bag	 彳 白
復	bag	夂 
循	bag	十 彳 
徫	bag	㐄 口 彳 𫝀
徬	bag	 
徭	bag	丿 彳 缶 𭕄
微	bag	
徯	bag	②  彳 𭕄
徰	bag	 彳 止 止
徱	bag	 彳 示
徲	bag	 八 尸 彳 牛
徳	bag	十 彳 
徴	bag	 十 彳 攵
徵	bag	 十 山 
徶	bag	丷 八 巾 彳 攵
德	bag	
徸	bag	 彳 甲
徹	bag	 彳 攵 月
徺	bag	   十 彳
徻	bag	⺌  彳 日
徼	bag	 彳 攵 白 𠃌
徽	bag	②  小 山 彳 攵
徾	bag	山 彳 攵 言
徿	bag	⑦  彳 月
忀	bag	 井  彳 𧘇
忁	bag	  彳 日
忂	bag	彳 目 目 隹
心	bag	
忄	bag	
必	bag	
忆	bag	
忇	bag_ops	丿 忄 
忈	bag	 
忉	bag_ops	丿 忄  ⿹
忊	bag	 忄
忋	bag	己 忄
忌	bag	己 
忍	bag	
忎	bag	 心
忏	bag	 忄
忐	bag	 心
忑	bag	 心
忒	bag	 
忓	bag	干 
忔	bag	乙 忄 𠂉
忕	bag	 
忖	bag	寸 忄
志	bag	
忘	bag	
忙	bag	
忚	bag	也 忄
忛	bag	丶 几 忄
応	bag	广 
忝	bag	 人 
忞	bag	 心
忟	bag	 
忠	bag	
忡	bag	 
忢	bag	一 心 𫝀
忣	bag	及 忄
忤	bag	十 忄 𠂉
忥	bag	 心 𠂉
忦	bag	 忄
忧	bag	 忄
忨	bag	 忄
忩	bag	 
忪	bag	 忄
快	bag	
忬	bag	 忄 龴
忭	bag	 卜 忄
忮	bag	 忄
忯	bag	忄 氏
忰	bag	九 十 忄
忱	bag	冘 忄
忲	bag	 忄
忳	bag	 忄
忴	bag	 忄
念	bag	
忶	bag	 忄
忷	bag	 
忸	bag	丑 忄
忹	bag	 
忺	bag	忄 欠
忻	bag	 忄 𠂆
忼	bag	 忄
忽	bag	
忾	bag	 忄 𠂉
忿	bag	 心 𠃌
怀	bag	
态	bag	
怂	bag	 
怃	bag	一 尢 忄
怄	bag	 忄
怅	bag	忄 长
怆	bag	 忄
怇	bag	巨 忄
怈	bag	世 
怉	bag	 忄
怊	bag	 忄 𠃌
怋	bag	忄 民
怌	bag	③  忄
怍	bag	乍 忄
怎	bag	
怏	bag	央 忄
怐	bag	 忄
怑	bag	 忄
怒	bag	
怓	bag	 忄
怔	bag	一 忄 止
怕	bag	
怖	bag	巾 
怗	bag	 忄
怘	bag	 
怙	bag	 
怚	bag	且 忄
怛	bag	一 忄 
怜	bag	 忄 龴
思	bag	
怞	bag	忄 由
怟	bag	丶 忄 氏
怠	bag	 心
怡	bag	 忄
怢	bag	 忄
怣	bag	 心
怤	bag	 心
急	bag	
怦	bag	 忄
性	bag	
怨	bag	 
怩	bag	 尸 
怪	bag	
怫	bag	 忄
怬	bag	 囗 忄
怭	bag	 忄
怮	bag	 忄 𠃌
怯	bag	 
怰	bag	 
怱	bag	丶 
怲	bag	 忄
怳	bag	 忄
怴	bag	忄 戉
怵	bag	丶 忄 木
怶	bag	忄 皮
怷	bag	丶 心 𣎳
怸	bag	丶 心 木
怹	bag	也 亻 心
怺	bag	忄 永
总	bag	
怼	bag	又 寸 心
怽	bag	忄 未
怾	bag	 
怿	bag	 又 忄
恀	bag	 忄 
恁	bag	  心
恂	bag	勹 
恃	bag	 忄
恄	bag	 忄
恅	bag	 忄 耂
恆	bag	 
恇	bag	  忄
恈	bag	厶 忄 牛
恉	bag	 忄 
恊	bag	 丿 忄  𠃌
恋	bag	 心
恌	bag	兆 忄
恍	bag	 
恎	bag	 忄
恏	bag	女 子 心
恐	bag	
恑	bag	 忄 𠂊
恒	bag	 忄 
恓	bag	 忄
恔	bag	 忄
恕	bag	 心
恖	bag	㐅 丿 囗 
恗	bag	㇉  忄
恘	bag	亻 忄 木
恙	bag	 
恚	bag	 心
恛	bag	 忄
恜	bag	 工 忄
恝	bag	 心 𠃌
恞	bag	 弓 忄
恟	bag	 忄
恠	bag	 忄
恡	bag	㐅 厶 
恢	bag	
恣	bag	冫 心 欠
恤	bag	丿 忄 皿
恥	bag	心 耳
恦	bag	 口 忄
恧	bag	 心
恨	bag	
恩	bag	
恪	bag	 忄
恫	bag	一  忄
恬	bag	 
恭	bag	  小
恮	bag	 忄
息	bag	
恰	bag	
恱	bag	  忄
恲	bag	 忄
恳	bag	心 
恴	bag	 心 日
恵	bag	一 心 由
恶	bag	
恷	bag	亻 心 木
恸	bag	 厶 忄 𠃌
恹	bag	厂 忄 犬
恺	bag	山 己 忄
恻	bag	刂 忄 贝
恼	bag	 忄
恽	bag	冖 忄 车
恾	bag	 十 
恿	bag	 心 龴
悀	bag	 忄 龴
悁	bag	口 
悂	bag	 忄 比
悃	bag	囗 忄 木
悄	bag	⺌ 
悅	bag	  忄
悆	bag	 心 朩
悇	bag	 朩
悈	bag	 忄
悉	bag	 
悊	bag	 心 
悋	bag	 口 忄
悌	bag	 忄
悍	bag	干 
悎	bag	口 忄 𠂒
悏	bag	  忄
悐	bag	 心 犭
悑	bag	 
悒	bag	 忄
悓	bag	 忄 目
悔	bag	忄 
悕	bag	㐅 巾 
悖	bag	 子 忄
悗	bag	⑤ 忄 𠂊
悘	bag	 心 𠂉
悙	bag	  口 忄
悚	bag	忄 
悛	bag	 忄
悜	bag	 忄
悝	bag	 忄 甲
悞	bag	 忄 𠃑
悟	bag	 忄 𫝀
悠	bag	 心 
悡	bag	 心 木
悢	bag	丶 
患	bag	
悤	bag	丿  
悥	bag_ops	心 言 ⿱
悦	bag	 忄
悧	bag	 忄 木
您	bag	
悩	bag	 忄 𭕄
悪	bag	亜 心
悫	bag	  心
悬	bag	且 厶 心
悭	bag	  忄
悮	bag	 忄
悯	bag	 忄 门
悰	bag	宀 忄 示
悱	bag	忄 非
悲	bag	
悳	atomic_override	悳
悴	bag	 忄
悵	bag	  忄 𠄌
悶	bag	心 𠁣 𠃛
悷	bag	 忄 犬
悸	bag	 忄 木
悹	bag	 
悺	bag	 忄
悻	bag	 
悼	bag	⺊ 十 
悽	bag	 女 忄 
悾	bag	 忄
悿	bag	 人 小 忄
惀	bag	  忄
惁	bag	 心 
惂	bag	勹 忄 臼
惃	bag	 比
惄	bag	 心
情	bag	
惆	bag	 忄
惇	bag	 
惈	bag	忄 
惉	bag	 心 氵
惊	bag	
惋	bag	 宀 忄 𠂊
惌	bag	 宀 
惍	bag	 十 忄
惎	bag	 心
惏	bag	忄 
惐	bag	  忄
惑	bag	  心
惒	bag	 心 木
惓	bag	 忄
惔	bag	 忄
惕	bag	 
惖	bag	 心 日
惗	bag	 心 忄
惘	bag	 冂 
惙	bag	  忄
惚	bag	 心 忄
惛	bag	 氏
惜	bag	 
惝	bag	⺌  忄
惞	bag	 忄 
惟	bag	忄 隹
惠	atomic_override	惠
惡	bag	⑥  
惢	bag	心 心 
惣	bag	 心 牛
惤	bag	 弓 忄
惥	bag	人 心 臼
惦	bag	 广 忄
惧	bag	 八 忄
惨	bag	 忄
惩	bag	 心 止
惪	full	 十 ⿴ 且 一 心
惫	bag	夂 心 田
惬	bag	 匚 忄
惭	bag	 忄 
惮	bag	 忄 甲
惯	bag	
惰	bag	工 忄 
惱	bag	㐅 丿 囗 忄 
惲	bag	冖 忄 車
想	bag	
惴	bag	 山 忄
惵	bag	世 忄 木
惶	bag	 
惷	bag	 心 日
惸	bag	勹 子 
惹	bag	 心 𠂇
惺	bag	忄 
惻	bag	八 刂 忄 目
惼	bag	 忄
惽	bag	 民
惾	bag	㐅 八 凵 夂 忄
惿	bag	一  龰
愀	bag	丿  忄 木
愁	bag	丿  心 
愂	bag	 十 子 心 𠃌
愃	bag	 
愄	bag	 忄 田 𠄌
愅	bag	忄 革
愆	bag	 彳 心 氵
愇	bag	㐄 口 忄 𫝀
愈	bag	
愉	bag	 
愊	bag	 忄 田
愋	bag	 又 忄 
愌	bag	  忄 𠂊
愍	bag	心 攵 民
愎	bag	夂 忄 
意	bag	
愐	bag	 囗 忄
愑	bag	 冂 忄 龴 𠃌
愒	bag	  𠃊
愓	bag	 丿 勹 忄 
愔	bag	 
愕	bag	  忄
愖	bag	⑤  匚 忄
愗	bag	 心 攵 龴
愘	bag	 忄
愙	bag	 心
愚	bag	心 禺
愛	bag	 夂 心 𭕄
愜	bag	  匚 忄
愝	bag	匚 女 
愞	bag	  冂 忄
感	bag	
愠	bag	 皿
愡	bag	丶  心 忄
愢	bag	心 忄 田
愣	bag	 忄 罒 𠃌
愤	bag	 十 忄 贝
愥	bag	 央 忄
愦	bag	 忄 贝
愧	bag	 忄 田
愨	bag	  又 心 𠘧
愩	bag	八 工 忄 目
愪	bag	 忄 目
愫	bag	 忄 龶
愬	bag	 心 月
愭	bag	  耂
愮	bag	丿 忄 缶 𭕄
愯	bag	又 忄 隹
愰	bag	 
愱	bag	 
愲	bag	⑤ 
愳	bag	心 目 目
愴	bag	  尸 忄
愵	bag	 弓 忄
愶	bag	 丿   𠃌
愷	bag	山 忄 豆
愸	bag	丿  心 木 𠃌
愹	bag	宀 忄 谷
愺	bag	 十 
愻	bag	  小 心
愼	bag	 八 忄 目 𠃊
愽	bag	丶  
愾	bag	 忄 米 𠂉
愿	bag	
慀	bag	②  忄 𭕄
慁	bag	一 囗 心 𧰨
慂	bag	 心 氵 龴
慃	bag	八  厶 忄 
慄	bag	 忄 木
慅	bag	丶 又 忄 虫
慆	bag	丿 忄 臼 𭕄
慇	bag	㐆 又 心 𠘧
慈	bag	 
慉	bag	 忄 田
慊	bag	 忄 
態	bag	 厶 心
慌	bag	 
慍	bag	人 囗 忄 皿
慎	bag	 忄
慏	bag	 八 冖 
慐	bag	八 工 心 目
慑	bag	 忄 耳
慒	bag	一  曲
慓	bag	 忄 示
慔	bag	 
慕	bag	  十 小 日
慖	bag	  囗 忄
慗	bag	心 攵 束
慘	bag	人 厶 厶 厶 彡 忄
慙	bag	 心 車 𠂆
慚	bag	 忄 車 𠂆
慛	bag	山 忄 隹
慜	bag	心 
慝	bag	丨 匚  心 𠂇
慞	bag	 
慟	bag	丿 忄 重 𠃌
慠	bag	丿 忄 攵 
慡	bag	   乀 人 忄
慢	bag	
慣	bag	八 忄 毌 目
慤	bag	  又 心 𠘧
慥	bag	口 忄 
慦	bag	 心 攵
慧	bag	  丨 彐 
慨	bag	⑤ 忄 旡
慩	bag	忄 車 辶
慪	bag	匚  口 忄
慫	bag	 彳 心 龰
慬	bag	口 廿 忄 龶
慭	bag	心 来 犬
慮	bag	 心 田
慯	bag	 丿 勹 忄 
慰	bag	 心 示
慱	bag	⑧ 寸 忄
慲	bag	入 入 巾 廿 忄
慳	bag	 忄 臣
慴	bag	  
慵	bag	 广  
慶	bag	 乛 夂 广 心 
慷	bag	广 忄 隶
慸	bag	⑤ 冖 巾 
慹	bag	 九 十 干 心
慺	bag	⑧ 女 忄
慻	bag	 忄 目
慼	bag	 小 心 戊
慽	bag	 小 忄 戊
慾	bag	心 
慿	bag	⑥  冫 心
憀	bag	 彡 忄 
憁	bag	丿  心 忄
憂	bag	⑧ 夂 
憃	bag	 心 臼
憄	bag	 彳 心
憅	bag	 重 𠃌
憆	bag	⺌   忄
憇	bag	 心 甘
憈	bag	 忄
憉	bag	 忄 豆
憊	bag	   心
憋	bag	丷 八 巾 心 攵
憌	bag	  十 心
憍	bag	  忄
憎	bag	 
憏	bag	 忄 
憐	bag	㐄 丶 忄 米 𠂊
憑	bag	⑥ 冫 心 灬
憒	bag	  忄 目
憓	bag	⑧ 心 忄
憔	bag	忄 灬 隹
憕	bag	 忄 豆
憖	bag	 心 木 犬
憗	bag	 心 攵 木
憘	bag	 忄 豆
憙	bag	 心 豆
憚	bag	 忄 甲
憛	bag	  
憜	bag	工  
憝	bag	 心 攵
憞	bag	 忄 攵
憟	bag	 忄 米
憠	bag	 厂 心 欠
憡	bag	 忄 
憢	bag	   十 忄
憣	bag	丿 忄 
憤	bag	  忄 目
憥	bag	丿  冖 心 𠃌
憦	bag	丿  冖 忄 𠃌
憧	bag	 忄 甲
憨	bag	乛 心 攵 耳
憩	bag	 心 自
憪	bag	 𠁣 𠃛
憫	bag	 忄 𠁣 𠃛
憬	bag	 
憭	bag	 人 小 
憮	bag	一 卌 忄 灬 𠂉
憯	bag	忄 旡 旡 日
憰	bag	  口 忄 龴
憱	bag	 尢 忄
憲	bag	 宀  ⸻
憳	bag	口 寸 工 彐 忄
憴	bag	忄 黽
憵	bag	 心
憶	bag	 
憷	bag	忄 
憸	bag	   忄
憹	bag	 忄 曲 𠄌
憺	bag	 厂 忄 言 𠂊
憻	bag	  
憼	bag	  心 攵
憽	bag	  十 心 忄
憾	bag	 忄 戊
憿	bag	 忄 攵 白 𠃌
懀	bag	⺌  
懁	bag	 忄 罒 𧘇
懂	bag	
懃	bag	 廿 心 
懄	bag	 廿 忄 
懅	bag	  忄 𧰨
懆	bag	 口 忄 木
懇	bag	心 艮 豸
懈	bag	丿 忄 
應	bag	亻 广 心 隹
懊	bag	 忄 米
懋	bag	 心  龴
懌	bag	 忄 罒
懍	bag	  忄 木
懎	bag	 人  忄
懏	bag	④ 忄 隹
懐	bag	 忄 罒 𧘇
懑	bag	 心 氵
懒	bag	忄 
懓	bag	 夂 心 忄 𭕄
懔	bag	  忄 示
懕	bag	 厂 心 月 犬
懖	bag	   心
懗	bag	  忄
懘	bag	⑤ 冖 巾 心 氵
懙	bag	②   彐 忄
懚	bag	  忄 𭕄
懛	bag	  十  忄
懜	bag	  忄 罒 𠂊
懝	bag	 忄 
懞	bag	 忄 𧰨
懟	bag	  心
懠	bag	③   忄 𠃌
懡	bag	丿 厶 广 忄 
懢	bag	丶 忄 皿 臣 𠂉
懣	bag	入 入 巾 廿 心 氵
懤	bag	 乛  寸 工 忄
懥	bag	 忄 田 疋
懦	bag	 冂 冂 忄
懧	bag	 宀 心 忄 皿
懨	bag	 厂  犬
懩	bag	  
懪	bag	 
懫	bag	 丨 八 忄  𠂆
懬	bag	 广 心 由
懭	bag	 广 忄 由
懮	bag	⑧ 夂 心 忄
懯	bag	  心 攵 
懰	bag	③    忄 𠃌
懱	bag	 忄 戊 罒
懲	bag	 十 山 彳 心 攵
懳	bag	  丨  忄
懴	bag	 十 忄 非
懵	bag	 忄 目 罒
懶	bag	八 忄 束 目 𠂊
懷	bag	⑤  忄 罒 𧘇
懸	bag	②   小 小 心
懹	bag	 井  忄 𧘇
懺	bag	  忄 非
懻	bag	③    忄 田
懼	bag	忄 目 目 隹
懽	bag	 口 忄 隹
懾	bag	忄 耳 耳 耳
懿	bag	  心 欠 豆
戀	bag	②  丶 小 小 心 言
戁	bag	 廿 心 隹
戂	bag	广 忄  非
戃	bag	⑧  忄 灬
戄	bag	又 忄 目 目 隹
戅	bag	  工 心 日 目
戆	bag	 夂 工 心 日 贝
戇	bag	  夂 工 心 日 目
戈	bag	 ⸻
戉	bag	戉 ⸻
戊	bag	
戋	bag	 ⸻
戌	bag	一 
戍	bag	丶 
戎	bag	 𠂇
戏	bag	
成	bag	
我	bag	
戒	bag	 ⸻
戓	bag	 
戔	bag	  ⸻
戕	bag	 爿 ⸻
或	bag	
戗	bag	㔾  人
战	bag	
戙	bag	 
戚	bag	 小 
戛	bag	 自
戜	bag_ops	   
戝	bag	 八 
戞	bag	⑧  ⸻
戟	bag	 
戠	bag	  
戡	bag	⑤   乚 匚
戢	bag	  
戣	bag	  人
戤	bag	  又 皿 𠄎
戥	bag	 
戦	bag	 甲 𭕄
戧	bag	  尸
戨	bag	  
戩	bag	 厶 厶 日
截	bag	 隹
戫	bag	  
戬	bag	  日
戭	bag	  由
戮	bag	  彡 
戯	bag	 ㇀  乚
戰	bag	  口 甲
戱	bag	② ⑥ ⺊ ㇀  乚 ⸻
戲	bag	 ㇀  乚 
戳	bag	  隹 
戴	bag	
戵	bag	 目 目 隹
戶	bag	丿 
户	bag	
戸	bag	一 尸
戹	bag	丶 乙 
戺	bag	 巳
戻	bag	 
戼	bag	戼
戽	bag	 斗
戾	bag	 
房	bag	
所	bag	
扁	bag	  
扂	bag	⺊  尸
扃	bag	丶  尸
扄	bag	  尸
扅	bag	  
扆	bag	 尸 𧘇
扇	bag	丶   𠃌
扈	bag	 尸 
扉	bag	 非
扊	bag	丶  尸
手	bag	
扌	bag	
才	bag	
扎	bag	乚 扌
扏	bag	
扐	bag_ops	 
扑	bag	卜 扌
扒	bag	八 
打	bag	
扔	bag	 𠄎
払	bag	厶 扌
扖	bag	入 扌
扗	bag	 
托	bag_ops	
扙	bag	丈 扌
扚	bag	 扌
扛	bag	工 
扜	bag	于 扌
扝	bag	 扌
扞	bag	干 
扟	bag	 扌
扠	bag	丶 又 
扡	bag	也 
扢	bag	乙 
扣	bag	口 
扤	bag	 
扥	bag_ops	 ⿰ 
扦	bag	 
执	bag	
扨	bag	 扌 𠃌
扩	bag	
扪	bag	扌 门
扫	bag	
扬	bag	
扭	bag	丑 扌
扮	bag	 扌 𠃌
扯	bag	扌 
扰	bag	 扌
扱	bag	及 扌
扲	bag	 扌
扳	bag	 𠂆
扴	bag	 扌
扵	bag	 人 扌
扶	bag	 
扷	bag	 扌
扸	bag	扌 片
批	bag	
扺	bag	扌 氏
扻	bag	扌 
扼	bag	 
扽	bag	 扌
找	bag	
承	bag	
技	bag	
抁	bag	 扌
抂	bag	 
抃	bag	 卜 扌
抄	bag	 
抅	bag	 扌
抆	bag	 扌
抇	bag	
抈	bag	扌 
抉	bag	 扌 𠃍
把	bag	
抋	bag	心 
抌	bag	冘 扌
抍	bag	 
抎	bag	 扌
抏	bag_ops	 扌 ⿰ 
抐	bag	 扌
抑	bag	 扌
抒	bag	 扌 龴
抓	bag	
抔	bag	 扌
投	bag	
抖	bag	扌 
抗	bag	
折	bag	
抙	bag	手 扌
抚	bag	一 尢 扌
抛	bag	丿 
抜	bag	 𠂇
抝	bag	 扌 𠃌
択	bag	尺 扌
抟	bag	专 扌
抠	bag	 扌
抡	bag	 扌
抢	bag	 扌
抣	bag	 扌
护	bag	
报	bag	
抦	bag	 
抧	bag	 
抨	bag	 扌
抩	bag	冉 扌
抪	bag	巾 扌 𠂇
披	bag	扌 皮
抬	bag	厶 
抭	bag	几 宀 扌
抮	bag	人 彡 扌
抯	bag	且 扌
抰	bag	央 扌
抱	bag	
抲	bag_ops	 扌 ⿰ 
抳	bag	 
抴	bag	世 
抵	bag	
抶	bag	 扌
抷	bag	③  扌
抸	bag	 
抹	bag	扌 末
抺	bag	扌 未
抻	bag	扌 申
押	bag	
抽	bag	
抾	bag	 
抿	bag	扌 民
拀	bag	 扌
拁	bag_ops	  ⿰ ⿻
拂	bag	 扌
拃	bag	乍 扌
拄	bag	 扌
担	bag	
拆	bag	 
拇	bag	扌 
拈	bag	 扌
拉	bag	
拊	bag	 扌
拋	bag	丿 尢 扌 𠃌
拌	bag	 扌
拍	bag	
拎	bag	 扌 龴
拏	bag	 手
拐	bag_ops	 𠃌 
拑	bag	扌 甘
拒	bag	
拓	bag	 
拔	bag	丶  𠂇
拕	bag	 扌
拖	bag	也 
拗	bag	  𠃌
拘	bag	勹 
拙	bag	 扌
拚	bag	 厶 扌
招	bag_ops	
拜	bag	
拝	bag	 
拞	bag	丘 扌
拟	bag	以 扌
拠	bag	几 夂 扌
拡	bag	厶 广 扌
拢	bag	 扌
拣	bag	扌 𫠣
拤	bag	⺊  扌
拥	bag	
拦	bag	 扌
拧	bag	 宀 扌
拨	bag	发 扌
择	bag	
拪	bag	 扌
拫	bag	扌 艮
括	bag	
拭	bag	 工 扌
拮	bag	 
拯	bag	㇇   扌
拰	bag	  扌
拱	bag	 
拲	bag	 手
拳	bag	 
拴	bag	 扌
拵	bag	③ 子 扌
拶	bag	丶  
拷	bag	 扌 耂
拸	bag	 扌 
拹	bag	   𠃌
拺	bag	扌 朿
拻	bag	 扌 𠂇
拼	bag	 扌
拽	bag	扌 曳
拾	bag	 
拿	bag_ops	
挀	bag	④ 
持	bag	
挂	bag	
挃	bag	 
挄	bag	 
挅	bag	丿  𠄎
挆	bag	几 
指	bag	
挈	bag	 手 𠃌
按	bag	
挊	bag	⺊  卜 扌
挋	bag	扌 臣
挌	bag	 
挍	bag	 扌
挎	bag	㇉  
挏	bag	 
挐	bag	 手
挑	bag	
挒	bag	 
挓	bag	 宀 扌
挔	bag	 扌 𧘇
挕	bag	扌 
挖	bag	乙  扌
挗	bag	 弓 扌
挘	bag	 小 扌 𠃌
挙	bag	 手 𭕄
挚	bag	 手 扌
挛	bag	 手
挜	bag	 
挝	bag	寸 扌 辶
挞	bag	 扌 辶
挟	bag	 
挠	bag	 扌
挡	bag	⺌ 
挢	bag	 扌
挣	bag	 扌 
挤	bag	 扌
挥	bag	
挦	bag	寸 
挧	bag	 扌 
挨	bag	 
挩	bag	  扌
挪	bag	 扌 
挫	bag	 扌
挬	bag	 子 扌
挭	bag	 
挮	bag	 扌
振	bag	
挰	bag	 扌
挱	bag	 扌 氵
挲	bag	 手 氵
挳	bag	一 工 扌 
挴	bag	扌 
挵	bag	  扌
挶	bag	口  𠃌
挷	bag	 扌 阝
挸	bag	 扌 目
挹	bag	口 
挺	bag	 扌
挻	bag	 廴 扌
挼	bag	丿  𭕄
挽	bag	⑤ 
挾	bag	  扌
挿	atomic_override	挿
捀	bag	 
捁	bag	 𠂒
捂	bag	 扌 𫝀
捃	bag	 扌 
捄	bag	 扌
捅	bag	 扌 龴
捆	bag	囗 
捇	bag	④  扌
捈	bag	 扌 朩
捉	bag	 龰
捊	bag	 扌 𭕄
捋	bag	丿 寸 扌 𭕄
捌	bag	  𠃌
捍	bag	干 
捎	bag	⺌ 
捏	bag	 
捐	bag	 月
捑	bag	  𠃋
捒	bag	扌 
捓	bag	扌 牙 阝
捔	bag	扌 角
捕	bag	
捖	bag	 扌
捗	bag	扌 
捘	bag	 扌
捙	bag	扌 車 ⸻
捚	bag	 
捛	bag	 扌
捜	bag	 申
捝	bag	 扌
捞	bag	 扌 𠃌
损	bag	
捠	bag	丘 八 扌
捡	bag	 扌 𭕄
换	bag	
捣	bag	④ 山 扌
捤	bag	 
捥	bag	 宀 
捦	bag	 十 
捧	bag	 人 扌
捨	bag	  扌
捩	bag	 扌 犬
捪	bag	 氏
捫	bag	扌 𠁣 𠃛
捬	bag	 扌
捭	bag	 
据	bag	
捯	bag	 厶 扌
捰	bag	 
捱	bag	 厂 扌
捲	bag	 扌
捳	bag	丘 山 扌
捴	bag	 心 扌
捵	bag	⑥ 八 扌
捶	bag	 扌
捷	bag	扌 疌
捸	bag	扌 隶
捹	bag	  扌
捺	bag	 扌 示
捻	bag	 心 扌
捼	bag	丿  木
捽	bag	 扌
捾	bag	 扌
捿	bag	  
掀	bag	 
掁	bag	  
掂	bag	 广 扌
掃	bag	冖 巾 
掄	bag	  扌
掅	bag	扌 
掆	bag	 冂 山 扌
掇	bag	 又 
授	bag	
掉	bag	
掊	bag_ops	 
掋	bag	 扌 氏
掌	bag	
掍	bag	 比
掎	bag	 
掏	bag	勹 扌 缶
掐	bag	勹 扌 臼
掑	bag	 扌
排	bag	
掓	bag	 扌
掔	bag	又 手 臣
掕	bag	一  夂 扌
掖	bag	 夂 扌
掗	bag	⑥  扌
掘	bag	 
掙	bag	 亅 扌  𭕄
掚	bag	一 入 入 巾 扌
掛	bag	 卜 扌
掜	bag	 扌 臼
掝	bag	  扌
掞	bag	 扌
掟	bag	 扌 龰
掠	bag	 
採	bag	 
探	bag	
掣	bag	 手 牛
掤	bag	 月
接	bag	
掦	bag	 
控	bag	
推	bag	
掩	bag	 
措	bag	
掫	bag	 耳
掬	bag	勹 扌 米
掭	bag	 人 小 扌
掮	bag	 
掯	bag	 止
掰	bag	 手 龵 𠃌
掱	bag	手 手 手
掲	bag	 勹 
掳	bag	  𠃌
掴	bag	 囗 扌
掵	bag	 卩 
掶	bag	 广 扌 
掷	bag	 扌 阝
掸	bag	 
掹	bag	子 扌 皿
掺	bag	 扌
掻	bag	 虫
掼	bag	扌 
掽	bag	 
掾	bag	彑 扌 𧰨
掿	bag	 扌 𠂇
揀	bag	扌 柬 ⸻
揁	bag	⺊ 八 扌 目
揂	bag	丷 扌 酉
揃	bag	 刂 
揄	bag	 
揅	bag	 口 手
揆	bag	  扌
揇	bag	 
揈	bag	勹 扌 言
揉	bag	  龴
揊	bag	 
揋	bag	  𠄌
揌	bag	心 
揍	bag	 人 扌
揎	bag	 
描	bag	
提	bag	
揑	bag	工 扌 臼
插	bag	 扌 臼
揓	bag	 扌 
揔	bag	丶  心 扌
揕	bag	⑤  匚 扌
揖	bag	 耳
揗	bag	十 扌 
揘	bag	 
揙	bag	 扌
揚	bag	 丿 勹 
換	bag	  
揜	bag	 人 
揝	bag	卜 夂 
揞	bag	 
揟	bag	 疋
揠	bag	匚 女 
握	bag	
揢	bag	 扌
揣	bag	 山 扌
揤	bag	⑤ 卩 扌
揥	bag	 巾 扌
揦	bag	刂 扌 束
揧	bag	刂 手 束
揨	bag	  扌
揩	bag	扌 比 白
揪	bag	丿  
揫	bag	丿  手 木
揬	bag	 扌 犬
揭	bag	  𠃊
揮	bag	 車
揯	bag	 忄 扌
揰	bag	扌 重
揱	bag	⺌ 刂 手 月
揲	bag	世 
揳	bag	  人 扌 𠃌
援	bag	
揵	bag	 廴 扌 
揶	bag	扌 
揷	full	⿰ 扌  丿 
揸	bag	一 扌 
揹	bag	 
揺	bag	丿 凵 干 扌 𭕄
揻	bag	 戊 扌
揼	bag	㇇   
揽	bag	 扌 见 𠂉
揾	bag	 皿
揿	bag	扌 欠 钅
搀	bag	⑤  
搁	bag	 扌 门
搂	bag	 米
搃	bag	 心 扌
搄	bag	 忄 
搅	bag	 
搆	bag	 冉 扌
搇	bag	㇇  人 扌 𧘇
搈	bag	宀 扌 谷
搉	bag	冖 
搊	bag	丨  勹 勹 扌
搋	bag	 几 
搌	bag	 
損	bag	 扌 目
搎	bag	  小 扌
搏	bag	丶  
搐	bag	 
搑	bag	 扌 耳
搒	bag	 扌 𠃌
搓	bag	 工 扌
搔	bag	丶  虫
搕	bag	 扌 皿
搖	full	⿰ 扌  丿 𭕄 缶
搗	bag	⑦ 山 扌
搘	bag	  耂
搙	bag	 寸 
搚	bag	  月  𠃌
搛	bag	 扌 
搜	bag	丨  臼
搝	bag	扌 犬 自
搞	bag	
搟	bag	干 扌 車
搠	bag	 
搡	bag	  木
搢	bag	 
搣	bag	 八 戊 扌
搤	bag	 扌 皿
搥	bag	㠯  辶
搦	bag	 弓 扌
搧	bag	丶   
搨	bag	  
搩	bag	㐄  
搪	bag	 广 扌 
搫	bag	又 手 
搬	bag	 
搭	bag	  扌
搮	bag	  木
搯	bag	 臼 𭕄
搰	bag	⑤ 
搱	bag	 
搲	bag	 扌 瓜 ⸻
搳	bag	 扌
搴	bag	 手
搵	bag	人 囗 扌 皿
搶	bag	  
搷	bag	 
搸	bag	 
搹	bag	  冂 
携	bag	丿  𠄎
搻	bag	 手
搼	bag	 手 扌
搽	bag	 扌 朩
搾	bag	乍  扌
搿	bag	 龵
摀	bag	⑥ 扌 灬
摁	bag	 心 扌
摂	bag	丷 八 扌 耳
摃	bag	八 工 扌 目
摄	bag	又  耳
摅	bag	 心 
摆	bag	
摇	atomic_override	摇
摈	bag	丘  扌
摉	bag	  
摊	bag_ops	  ⿰
摋	bag	㐅  朩 𠘧
摌	bag	 扌 生
摍	bag	 
摎	bag	 彡 扌 
摏	bag	 扌 臼
摐	bag	 彳 扌 龰
摑	bag	  囗 扌
摒	bag	 
摓	bag	 扌 辶
摔	bag	  扌
摕	bag	⑤ 冖 巾 扌
摖	bag	 扌 
摗	bag	扌 束 欠
摘	bag	 
摙	bag	扌 車 辶
摚	bag	⺌   扌
摛	bag	 厶 
摜	bag	八 扌 毌 目
摝	bag	 广 扌 比 
摞	bag	 
摟	bag	⑧ 女 
摠	bag	丿  心 扌
摡	bag	⑤ 扌 旡
摢	bag	 ㇀ 乎 乚 扌
摣	bag	 ㇀ 且 乚 扌
摤	bag	   乀 人 扌
摥	bag	 丿 勹  𠂉
摦	bag	㇉  扌 瓜
摧	ordered	扌 山 隹
摨	bag	 八  牛
摩	bag	
摪	bag	冫 寸 扌 爿 𠂊
摫	bag	 人 扌 目
摬	bag	 
摭	bag	 扌 灬
摮	bag	丿 手 攵 
摯	bag	 九 十 干 手
摰	bag	 九  手
摱	bag	 
摲	bag	 車 𠂆
摳	bag	匚 
摴	bag	㇉   扌
摵	bag	 小 戊 扌
摶	bag	⑧ 寸 扌
摷	bag	扌  
摸	bag	
摹	bag	 手 日
摺	bag	  
摻	bag	人 厶 厶 厶 彡 扌
摼	bag	  臣
摽	bag	  示
摾	bag	 扌 虫
摿	bag	 人 
撀	bag	 手 𠃜 𠘧
撁	bag	  牛
撂	bag	 
撃	bag	又 手 車 𠘧
撄	bag	 贝 贝
撅	bag	 厂 扌 欠
撆	bag	丷 八 巾 手 攵
撇	bag	丷 八 巾 
撈	bag	丿   𠃌
撉	bag	 手 攵
撊	bag	 𠁣 𠃛
撋	bag	 扌 𠁣 𠃛
撌	bag	  扌 目
撍	bag	扌 旡 旡 日
撎	bag	 扌 豆
撏	bag	口 寸 工 
撐	bag	 扌 牙
撑	bag	 手 扌
撒	bag	 
撓	bag	   十 扌
撔	bag	 
撕	bag	 
撖	bag	乛  耳
撗	bag	 
撘	bag	 人  
撙	bag	 扌 酉
撚	bag	冫 扌 
撛	bag	㐄  米 𠂊
撜	bag	 扌 豆
撝	bag	扌 爲
撞	bag	 
撟	bag	  扌
撠	bag	  
撡	bag	 厶 厶 厶 小 扌
撢	bag	  
撣	bag	  甲
撤	bag	
撥	bag	 又 弓 扌 𠘧
撦	bag	  耂
撧	bag	   𠃌
撨	bag	扌 灬 隹
撩	bag	 人 小 
撪	bag	 扌 車
撫	bag	一 卌 扌 灬 𠂉
撬	bag	    乚 扌
播	bag	
撮	bag	 日 耳
撯	bag	 扌 目
撰	bag	 巳 扌
撱	bag	工  
撲	bag	  扌
撳	bag	 十 扌 欠
撴	bag	 
撵	bag	 扌 车
撶	bag	⑦  扌
撷	bag	 扌 页
撸	bag	 
撹	bag	 扌 目 𭕄
撺	bag	丨 八  扌
撻	bag	 十 扌 辶
撼	bag	 戊 扌
撽	bag	  白 𠃌
撾	bag	冂 冂  辶 𠃍
撿	bag	   扌
擀	bag	 十 干 
擁	bag	 乡 
擂	bag	 
擃	bag	 扌 曲 𠄌
擄	bag	  
擅	bag	  
擆	bag	  耂
擇	bag	 
擈	bag	 扌 未
擉	bag	勹  虫
擊	bag	凵 又 手 車 𠘧
擋	bag	 
擌	bag	  人 扌 
操	bag	
擎	bag	  手 攵
擏	bag	  
擐	bag	  𧘇
擑	bag	  扌 耳
擒	bag	  凵 厶 扌
擓	bag	匚 扌 氵 隹
擔	bag	 厂 扌 言 𠂊
擕	bag	④ 
擖	ordered	扌 十 丨  𠃊 人
擗	bag	 
擘	bag	 手
擙	bag	 丿  扌 米
據	bag	  扌 𧰨
擛	bag	世  
擜	bag	 扌 犬
擝	bag	 月 皿
擞	bag	 攵 米
擟	bag	   乀 八 巾 扌
擠	bag	③   扌 𠃌
擡	bag	  十 厶 
擢	bag	  
擣	bag	 乛  寸 工 扌
擤	bag	  自
擥	bag	一 手 罒 臣 𠂉
擦	bag	 宀 扌 
擧	bag	②   彐 
擨	bag	 几 扌 
擩	bag	 冂 冂 扌
擪	bag	 厂 手 月 犬
擫	bag	 厂  犬
擬	bag	 扌 
擭	bag	  隹
擮	bag	 
擯	bag	 扌 目 𣥂
擰	bag	 宀 心 扌 皿
擱	bag	 扌 𠁣 𠃛
擲	bag	 人 扌 酉 阝
擳	bag	⑤  卩 扌 
擴	bag	 广 
擵	bag	广 手 扌 
擶	bag	  刂  
擷	bag	 扌 頁
擸	bag	⑦ 㐅 囗 扌 
擹	bag	 廿 扌 欠
擺	bag	 厶 
擻	bag	⑧  攵
擼	bag	 灬 
擽	bag	②  丶  白
擾	bag	⑧ 夂 心 扌
擿	bag	 扌 辶
攀	bag	㐅  人 手 
攁	bag	  扌 艮
攂	bag	 田 田
攃	bag	② 丨  扌 
攄	bag	 心 
攅	bag	  扌 目
攆	bag	 扌 車
攇	bag	 宀 心 
攈	bag	丨  广  比 
攉	bag	 
攊	bag	 厂 扌  止
攋	bag	八 扌 束 目 𠂊
攌	bag	 囗  𧘇
攍	bag	 几  扌 
攎	bag	  皿
攏	bag	⑦  
攐	bag	 井  扌 𧘇
攑	bag	   
攒	bag	 扌 
攓	bag	  宀 扌 龰
攔	bag	扌 柬 𠁣 𠃛
攕	bag	  
攖	bag	八 八  目 目
攗	bag	 广 扌 比 米 
攘	bag	 井  扌 𧘇
攙	bag	  比 
攚	bag	丿  冖  扌
攛	bag	⑦  扌 臼
攜	bag	 口 山 
攝	bag	扌 耳 耳 耳
攞	bag	  罒 隹
攟	bag	丨  囗 广  比 
攠	bag	广 扌  非
攡	bag	 厶 
攢	bag	 八 扌 目 
攣	bag	②  丶 小 小 手 言
攤	bag	 廿 
攥	bag	②   小 扌 
攦	bag	 丨 冂 冂 广 扌 比 
攧	bag	 扌 頁
攨	bag	 扌 瓜 瓜 瓜
攩	bag	⑧  扌 灬
攪	bag	③ 㐅 丿  乚 冖  目
攫	bag	 目 目 隹
攬	bag	 扌 目 罒 臣 𠂉
攭	bag	彑 扌 虫 虫 𧰨
攮	bag	 井 冖  𧘇
支	bag	
攰	bag	 
攱	bag	 又
攲	bag	  又 口
攳	bag	 口 寸 工 彐
攴	bag	⺊ 
攵	bag	
收	bag	
攷	bag	㇉ 
攸	bag	 
改	bag	
攺	bag	巳 攵
攻	bag	
攼	bag	干 攵
攽	bag	 攵 𠃌
放	bag	
政	bag	
敀	bag	攵 白
敁	bag	⺊ ⺊ 又 口
敂	bag	 攵
敃	bag	攵 
敄	bag	 攵 龴
故	bag	
敆	bag	⺊  又 口
敇	bag	攵 朿
效	bag	
敉	bag	攵 米
敊	bag	⺊ 
敋	bag	 攵
敌	bag	
敍	bag	⺊  又 
敎	bag	㐅  𠂇
敏	bag	
敐	bag	 攵 𠄌
救	bag	
敒	bag	亻 攵 申
敓	bag	  攵
敔	bag	 攵 𫝀
敕	bag	攵 
敖	bag	丿 攵 
敗	bag	八 攵 
敘	bag	 攵 
教	bag	
敚	bag	 攵
敛	bag	 攵 𭕄
敜	bag	 心 攵
敝	bag	丷 八 巾 
敞	bag	⺌  攵
敟	bag	⑥ 八 攵
敠	bag	⺊   又
敡	bag	⺊  
敢	bag	
散	bag	
敤	bag	⺊  木
敥	bag	⺊  又
敦	bag	 
敧	bag	⺊  又 口
敨	bag	 攵
敩	bag	冖  𭕄
敪	bag	  攵
敫	bag	 白 𠃌
敬	bag	
敭	bag	 丿 勹 攵 日
敮	bag	⺊  又 臼
敯	bag	⺊  民
数	bag	
敱	bag	⺊ 又 山 豆
敲	bag	⺊  又 
敳	bag	山 攵 豆
整	bag	
敵	bag	 冂 
敶	bag	攵 東 阝
敷	bag	  攵 
數	bag	⑧ 女 
敹	bag	⺊  攵 米
敺	bag	⺊ 匚 又  口
敻	bag	 攵 目 𠂊
敼	bag	⺊  口 豆
敽	bag	⺊  又 
敾	bag	  攵
敿	bag	  攵
斀	bag	⺊ 勹 又 罒 虫
斁	bag	 攵 罒
斂	bag	   
斃	bag	  八 巾 攵 𠂊
斄	bag	 厂 攵 木 未
斅	bag	③ ⺊ 㐅  冖 又 子 彐
斆	bag	③ 㐅  冖 子 彐 攵
文	bag	
斈	bag	 子
斉	bag	   ⸻
斊	bag	 耳
斋	bag	 丨   冂
斌	bag	  乚 
斍	bag	  乚 目
斎	bag	 示
斏	bag	  艮
斐	bag	 非
斑	bag	   十 
斒	bag	   
斓	bag	 柬 门
斔	bag	 人 臼 虫
斕	bag	 柬 𠁣 𠃛
斖	bag	③   冂  彐
斗	bag	
斘	bag	丶 斗 𠂊
料	bag	
斚	bag	 厶 斗
斛	bag	斗 角
斜	bag	 斗 朩
斝	bag	冖  斗
斞	bag	人 斗 臼
斟	bag	⑤  匚 斗
斠	bag	 冉 斗
斡	bag	 十 斗 
斢	bag	 斗 由
斣	bag	勹 斗 罒 虫
斤	bag	 𠂆
斥	bag	 𠂆
斦	bag	 丨 𠂆 𠂆
斧	bag	  𠂆
斨	bag	 爿 𠂆
斩	bag	 
斪	bag	  𠂆
斫	bag	 口 𠂆
斬	bag	 車 𠂆
断	bag	
斮	bag	  日 𠂆
斯	bag	
新	bag	
斱	bag	  𠂆
斲	bag	 𠁁 𠂆
斳	bag	 廿 龶 𠂆
斴	bag	㐄   𠂊
斵	bag	③ ⑥  𠂆 𠃌
斶	bag	 勹 罒 虫 𠂆
斷	bag	     𠂆 𠃊 𠃊
斸	bag	 丷 八 勹 尸 罒 虫 𠂆
方	bag	
斺	bag	  人 𠃌
斻	bag	 几 
於	bag	  人 𠃌 ⸻
施	bag	
斾	bag	 巾 
斿	bag	 子 
旀	bag	 厶 小 𠃌
旁	bag	
旂	bag	  𠂆 
旃	bag	 丹 丿 
旄	bag	   
旅	bag	
旆	bag	 巾 
旇	bag	 皮 
旈	bag	 
旉	bag	  
旊	bag	 瓦 
旋	bag	 
旌	bag	 生 
旍	bag	  龴 
旎	bag	  尸 
族	bag	
旐	bag	 兆 
旑	bag	  亅 人 
旒	bag	 丶  
旓	bag	⺌  月 
旔	bag	   𠃌
旕	bag	  人 
旖	bag	  亅  
旗	bag	⑤   
旘	bag	   日 𠃌
旙	bag	 丿  𠃌
旚	bag	 丨  口 示 
旛	bag	 丿  
旜	bag	  口  
旝	bag	⺌   
旞	bag	   𧰨
旟	bag	   彐 
无	bag	
旡	bag	旡 ⸻
既	bag	
旣	bag	 旡 白
旤	bag	冂  旡 𠃍
日	bag	
旦	bag	
旧	bag	
旨	ordered	乚 丿 日
早	bag_ops	
旪	bag_ops	 ⿰
旫	bag_ops	丿 日  ⿹
旬	bag	勹 
旭	bag_ops	九 日 ⿺
旮	ordered	九 
旯	ordered	日 九
旰	bag_ops	干 日 ⿰
旱	bag_ops	干 日 ⿱
旲	bag	 
旳	bag	 日
旴	bag	于 日
旵	ordered	日 山
时	bag	
旷	bag	广 日
旸	bag	日 𠃓
旹	bag	 凵 日
旺	ordered	日  一
旻	bag_ops	 日 
旼	bag_ops	 日 
旽	bag_ops	 日 ⿰ 
旾	bag_ops	 日 
旿	bag	 𠂉
昀	bag	 日
昁	bag	一 巾 
昂	bag	 
昃	bag	人 厂 日
昄	bag	 𠂆
昅	bag	及 日
昆	bag	日 
昇	bag	 丿 
昈	bag	 日
昉	bag_ops	 日  
昊	ordered	日 
昋	ordered	 
昌	bag_ops	 ⿱
昍	bag_ops	 ⿰
明	bag	
昏	bag	日 
昐	bag	 日 𠃌
昑	bag	 日
昒	bag_ops	 日 ⿰ 
易	ordered	
昔	bag	 
昕	bag	 𠂆
昖	bag	 日
昗	bag	 八 日
昘	bag_ops	 日 𠃌 
昙	bag	 日
昚	bag	 人 日
昛	bag	巨 日
昜	bag	 丿 勹 
昝	bag	卜 夂 
昞	bag_ops	 日 
星	bag_ops	
映	bag	
昡	bag	 日
昢	bag	 日
昣	bag	人 彡 
昤	bag	 日 龴
春	bag	
昦	bag	 人 日
昧	bag	日 未
昨	bag	乍 日
昩	bag	日 末
昪	bag	 厶 日
昫	ordered	 口
昬	bag	日 
昭	bag	 𠃌
昮	bag	 日 𠃌
是	bag	
昰	bag	 止
昱	ordered	日  一
昲	bag	 日
昳	bag	 日
昴	bag	卩 日 𠂎
昵	bag_ops	 尸 日 ⿰ ⿸ ⿺
昶	bag_ops	日 永 ⿺
昷	bag	日 
昸	bag_ops	 夂 日 
昹	bag_ops	日 永 ⿰
昺	bag_ops	 日 
昻	bag	卩 工 日
昼	bag	一 尺 日
昽	bag	 日
显	bag	
昿	bag	厶 广 日
晀	bag_ops	兆 日 ⿰
晁	bag_ops	兆 日 ⿱
時	bag_ops	  
晃	bag_ops	 日 
晄	bag_ops	 日 ⿰ 
晅	bag	 
晆	ordered	日 十  一
晇	bag	㇉  日
晈	bag	 日
晉	bag	 厶 日
晊	bag	 日
晋	ordered	一 
晌	bag_ops	   ⿵
晍	bag	 
晎	bag	 
晏	ordered	日 宀 女
晐	bag	 日 𠃋
晑	bag_ops	   ⿵
晒	bag	 日
晓	bag	
晔	bag	 
晕	bag_ops	冖 日 车 
晖	bag_ops	冖 日 车 
晗	bag	 
晘	bag	干 
晙	bag	 日
晚	atomic_override	晚
晛	bag	 日 
晜	bag	 日
晝	bag	 日 
晞	bag	㐅 巾 日 𠂇
晟	bag_ops	戊 日 𠃌 ⿱ ⿵
晠	bag_ops	戊 日  ⿵
晡	bag	丶  月
晢	bag_ops	  𠂆 
晣	bag_ops	  𠂆  
晤	bag	 日 𫝀
晥	bag	 日
晦	bag	日 
晧	bag	 𠂒
晨	bag_ops	 日 𠄌  
晩	full	⿰ 日 ⿱ 𠂊 ⑤
晪	bag	⑥ 八 日
晫	bag	⺊  日
晬	bag	 
晭	bag	 日
普	bag	
景	bag_ops	
晰	bag_ops	  𠂆  
晱	bag	 日
晲	bag	 日 臼
晳	bag_ops	  𠂆 
晴	bag	日 
晵	bag	 攵 日
晶	full	⿱ 日 ⿰ 
晷	bag_ops	卜  日  ⿺
晸	bag	 日 止
晹	bag	 
智	bag	
晻	bag	 
晼	bag	 宀 日 𠂊
晽	bag_ops	 
晾	bag_ops	  ⿳
晿	full	⿰ 日 ⿱ 
暀	bag	 彳 日
暁	bag	  
暂	bag	
暃	bag_ops	日 非 ⿱
暄	bag	 
暅	bag	 忄 
暆	bag	 日 
暇	bag	⑤  
暈	bag_ops	冖 日 車 
暉	bag_ops	冖 日 車 
暊	bag	日 頁
暋	bag	攵 日 民
暌	bag	  日
暍	bag	  𠃊
暎	bag	 
暏	bag_ops	 耂 ⿰ ⿸
暐	bag	㐄  𫝀
暑	bag_ops	 耂 
暒	bag	日 
暓	bag	 攵 日 龴
暔	bag	 日
暕	bag	日 柬
暖	bag_ops	    ⿳ ⿸
暗	bag	
暘	bag	 丿 勹 
暙	bag	 
暚	bag	丿 日 缶 𭕄
暛	bag	 工 日
暜	bag	 
暝	bag	 八 冖 
暞	bag	 自
暟	bag	山 日 豆
暠	bag	 日
暡	bag	八  厶 日 
暢	bag	 丿 勹 日 申
暣	bag	 日 米 𠂉
暤	bag	  白
暥	bag	 
暦	bag	厂  木
暧	bag	  
暨	bag	 旡 
暩	bag	 日 
暪	bag	入 入 巾 廿 日
暫	bag	 車 𠂆
暬	bag	 九 
暭	bag	丷  白
暮	bag_ops	 
暯	bag_ops	 日  ⿻
暰	bag	 彳 日 龰
暱	bag	丨 匚  日 𠂇
暲	bag	  日
暳	bag	  丨 彐 日
暴	bag	
暵	bag	 廿 
暶	bag	 日 
暷	bag	⑧ 
暸	bag	 人 小 
暹	bag	日 辶 隹
暺	bag	  甲
暻	bag	 
暼	bag	丷 八 巾 攵 日
暽	bag	㐄 丶 日 米 𠂊
暾	bag	  日
暿	bag	 日 豆
曀	bag	  豆
曁	bag	 旡 日 白
曂	bag	 日 由
曃	bag	日 辶 隶
曄	bag_ops	⑦  日 
曅	bag_ops	⑦  日 
曆	bag	 厂  木
曇	bag	  厶 
曈	bag	 日 甲
曉	bag	 
曊	bag	 八 弓 日 目
曋	bag	  
曌	bag	 
曍	bag	丷  自
曎	bag	 
曏	bag	 乡 
曐	bag	 
曑	bag	人  
曒	bag	 日 白 𠃌
曓	bag	   
曔	bag	 日
曕	bag	 厂 日 言 𠂊
曖	bag	 夂 心 日 𭕄
曗	bag	 日 未
曘	bag	 冂 冂 日
曙	bag	 罒 耂
曚	bag	 冖  𧰨
曛	bag	日 熏
曜	bag	 日 隹 
曝	bag	 
曞	bag	 厂 日 禺
曟	bag	  日 𠄌
曠	bag	 广 日 由
曡	bag	且 冖  日
曢	bag	 人 宀 小 
曣	bag_ops	③  廿 日 灬  ⿳ ⿴ ⿺
曤	bag	 日 隹
曥	bag	 日 田 皿
曦	bag	③ ㇉  丿  木
曧	bag	  冂  虫
曨	bag	⑦  
曩	bag	 井  日 𧘇
曪	bag	 丶  隹
曫	bag	②  丶 小 小 日 言
曬	bag	 丨 冂 冂 广  
曭	bag	⑧  日 灬
曮	bag	乛 厂  攵 日 耳
曯	bag	 八 勹 尸  虫
曰	bag	曰 ⸻
曱	bag	曱
曲	bag	
曳	bag	曳 ⸻
更	bag	
曵	bag	丶 曳
曶	bag	 曰 ⸻
曷	bag	 𠃊
書	bag	 日 
曹	bag	 ⸻
曺	bag	 由
曻	bag	㐄 丶 曰 𠂊
曼	bag	
曽	bag	丷 日 田
曾	bag	
替	bag	
最	bag	
朁	bag	旡 旡 
朂	bag	丿 日 耳 𠃌
會	bag	⺌  
朄	bag	柬 申
朅	bag	 勹 十 厶 日 𠃊
朆	ordered	丷 囗 ⺌ 
朇	bag	⺌    白
月	bag	
有	bag	
朊	bag	 月
朋	bag	
朌	bag_ops	 月 
服	bag	
朎	bag	 月 龴
朏	atomic_override	朏
朐	atomic_override	朐
朑	bag	世 
朒	bag	月 肉
朓	atomic_override	朓
朔	bag	 
朕	bag	 
朖	bag	丶 月 艮
朗	bag	
朘	atomic_override	朘
朙	bag	 冂 囗 月
朚	bag	 日 
望	bag	
朜	bag	 月
朝	bag	
朞	bag_ops	 月 
期	bag_ops	
朠	bag	 央 月
朡	bag	㐅 八 凵 夂 月
朢	bag	 月 臣
朣	atomic_override	朣
朤	bag	 
朥	bag	丿  冖 
朦	bag	 月 𧰨
朧	bag	⑦  
木	bag	
朩	bag	朩
未	bag	
末	bag	
本	bag	
札	bag	乚 
朮	bag	丶 𣎳
术	bag	
朰	bag	乙 
朱	bag	
朲	bag	人 
朳	bag	八 
朴	bag	卜 木
朵	bag_ops	几 
朶	bag_ops	 𠄎 
朷	bag_ops	  ⿹
朸	bag_ops	 
朹	bag	九 
机	bag_ops	
朻	bag	丩 木
朼	bag	 
朽	bag	 
朾	bag	 木
朿	bag	
杀	bag	
杁	bag	入 木
杂	bag	
权	bag	
杄	bag	 
杅	bag	于 木
杆	bag	干 木
杇	bag	 木
杈	bag	丶 
杉	bag	彡 
杊	bag	川 木
杋	bag	丶 几 
杌	bag	 
杍	bag_ops	子 
李	bag_ops	
杏	ordered	木 
材	bag	
村	bag	
杒	bag	 𠃌
杓	bag	 木
杔	bag	 木
杕	bag_ops	  ⿻
杖	bag	丈 木
杗	bag_ops	 木 𠃊 
杘	bag	尸 木
杙	bag	 木
杚	bag	乙 木 𠂉
杛	bag	弓 木
杜	bag	
杝	bag	也 
杞	bag	己 木
束	bag	
杠	bag_ops	工 
条	bag	
杢	bag_ops	工 
杣	bag	山 
杤	bag	 木 𠃌
来	bag	
杦	bag	久 木
杧	bag_ops	 木 𠃊 
杨	bag	
杩	bag	 
杪	bag	 
杫	bag	木 
杬	bag_ops	  
杭	bag	 木
杮	bag	一 巾 木
杯	bag	 
杰	bag	
東	bag	東 ⸻
杲	ordered	
杳	ordered	木 日
杴	bag	木 
杵	bag	十 木 𠂉
杶	bag	 木
杷	bag	巴 
杸	bag	又 木 𠘧
杹	bag	 
杺	bag	心 
杻	bag	丑 木
杼	bag	 
杽	bag	手 木
松	bag_ops	
板	bag	
枀	ordered	 
极	bag	
枂	bag	月 
枃	bag	 木
构	bag	
枅	bag	 
枆	bag_ops	 木 
枇	bag_ops	木 比 ⿰
枈	bag_ops	木 比 ⿱
枉	bag	 
枊	bag	 木
枋	bag	 木 𠃌
枌	bag	 木 𠃌
枍	bag	 八 木
枎	bag	 
枏	bag	 木
析	bag	
枑	bag	一 彑 木
枒	bag	木 
枓	bag	斗 
枔	bag	 
枕	bag	冘 木
枖	bag	 
林	bag	
枘	bag	 木
枙	bag	 
枚	bag	攵 木
枛	bag	木 爪
果	bag_ops	
枝	bag	 木
枞	bag_ops	 
枟	bag	 木
枠	bag	九 十 木
枡	bag	 
枢	bag	 木
枣	bag	 朿
枤	bag	木 犬
枥	bag	丿 厂 木 𠃌
枦	bag_ops	 木 
枧	bag	木 见
枨	bag	木 长
枩	ordered	木 
枪	bag	
枫	bag	 木
枬	bag	丹 
枭	bag	④ 
枮	bag	⺊ 
枯	bag	 
枰	bag	 木
枱	bag_ops	厶  
枲	bag_ops	厶  
枳	ordered	木 
枴	ordered	木  丿
枵	bag	㇉  木
架	ordered	
枷	bag_ops	丿   ⿰ ⿻
枸	bag	勹 
枹	bag	 木
枺	bag	木 末
枻	bag_ops	世 
枼	bag_ops	世 
枽	bag	十 廿 木
枾	bag	⑤ 
枿	bag_ops	 十  
柀	bag	木 
柁	bag	 木
柂	bag	也 木 𠂉
柃	bag	 
柄	bag	 木
柅	bag	 尸 木
柆	bag	 
柇	bag	 
柈	bag	 木
柉	bag	 
柊	bag	 夂 木
柋	bag_ops	 亻 木  
柌	bag	 木 𠃌
柍	bag	央 木
柎	bag	 木
柏	bag	
某	bag_ops	
柑	bag_ops	 ⿰
柒	bag	 
染	bag	
柔	bag_ops	   
柕	bag_ops	  
柖	ordered	木 𠃌 
柗	ordered	木 
柘	bag_ops	  ⿰ 
柙	bag	木 甲
柚	bag	
柛	bag	木 
柜	bag	巨 
柝	bag	 
柞	bag	乍 木
柟	bag	冉 木
柠	bag	 宀 木
柡	bag	㇇   木
柢	bag	 氏
柣	bag_ops	  
柤	bag_ops	且 
查	bag_ops	
柦	bag_ops	 木 
柧	bag	木 瓜
柨	bag	巾 木 𠂇
柩	bag	久 匚 木
柪	bag	  𠃌
柫	bag	 木
柬	bag	柬 ⸻
柭	bag	丶 又 木 𠂇
柮	bag	 木
柯	bag	 木
柰	bag_ops	 ⿱
柱	bag	 
柲	bag	 
柳	bag	卩 木 𠂎
柴	bag	 木 
柵	bag	 冂 木
柶	bag	 囗 木
柷	bag	 
柸	bag	③  木
柹	bag	㇉  
柺	ordered	木 口 
査	bag_ops	且 
柼	bag_ops	 木 
柽	bag	 
柾	bag	一 木 止
柿	bag	 木
栀	bag	㔾 一 
栁	bag	丶 卩 
栂	bag	木 
栃	bag	  𠃌
栄	bag	冖 
栅	bag	册 木
栆	bag	 
标	bag_ops	
栈	bag	 木
栉	bag	 木 𠃌
栊	bag	 
栋	bag	东 木
栌	bag	⺊ 尸 木
栍	bag	木 生
栎	bag	乐 木
栏	bag	 木
栐	bag	木 永
树	bag	
栒	bag	勹 
栓	bag	 木
栔	bag	  𠃌
栕	bag	木 臣
栖	bag	一 
栗	bag	 
栘	bag	 木 
栙	bag	㐄 夂 木
栚	bag	 
栛	bag	   𠃌
栜	bag	木 朿
栝	ordered	木 
栞	bag	干 干 木
栟	bag_ops	  ⿰ 
栠	bag_ops	  木 
校	bag	
栢	bag	一 
栣	bag_ops	   
栤	bag	 冫 木
栥	bag_ops	冫 木 欠 
栦	bag	州 木
栧	bag	曳 木
栨	bag_ops	冫 木 欠 
栩	bag	 木 
株	bag	木 朱
栫	bag	③ 子 木
栬	bag	巴 
栭	bag	 木
栮	bag	木 
栯	bag	月 木 𠂇
栰	bag	 亻 木
栱	bag	 
栲	bag	 木 耂
栳	bag	 木 耂
栴	bag	丹 木 𠂉
栵	bag	 
栶	bag	 木
样	bag	
核	bag	
根	bag	
栺	bag	 
栻	bag	 工 木
格	bag	
栽	bag	 
栾	bag	 
栿	bag	亻 木 犬
桀	bag_ops	㐄 丶   ⿴
桁	bag	 彳 
桂	bag	 
桃	bag	兆 木
桄	bag	 木
桅	bag	 
框	bag	  木
桇	bag	 木
案	bag_ops	
桉	bag_ops	 木 
桊	bag	 八 木
桋	bag	 弓 木
桌	bag	
桍	bag	㇉  
桎	bag	 木
桏	bag	工 木 阝
桐	bag	 
桑	bag	 
桒	bag_ops	 十 木 
桓	bag	 
桔	ordered	木 十 
桕	bag	木 臼
桖	bag_ops	 皿 
桗	bag	 木 𠄎
桘	bag	㠯 丿 
桙	bag	 牛
桚	bag	丶  
桛	bag	⺊  卜 木
桜	bag	女 
桝	bag_ops	㐄 丶   ⿴
桞	bag	 
桟	bag	 木
桠	bag	 木
桡	bag	 木
桢	bag	⺊ 木 贝
档	bag	⺌ 彐 木
桤	bag	山 己 木
桥	bag	
桦	bag	  木
桧	bag	 
桨	bag	 
桩	bag	 
桪	bag	寸 彐 木
桫	bag_ops	  ⿰ 
桬	bag_ops	  
桭	bag	 木 𠄌
桮	bag	 
桯	bag	 
桰	bag	 氏
桱	bag	一 工 木 
桲	bag	 子 木
桳	bag	 
桴	bag	 
桵	ordered	木 丿 𭕄 女
桶	bag	 
桷	bag	木 角
桸	bag	㐅 巾 木 𠂇
桹	bag	丶 
桺	bag	丣 
桻	bag	 
桼	bag	丷  
桽	bag_ops	 木 
桾	bag	  
桿	bag	干 
梀	bag	木 
梁	bag	  
梂	bag	 木
梃	bag	 木
梄	bag	木 酉
梅	bag	
梆	bag	 木 阝
梇	bag	  木
梈	bag	  
梉	bag	 木 爿
梊	bag	 
梋	bag	口 月 木
梌	bag	 木 朩
梍	bag	 
梎	bag	 
梏	bag	 𠂒
梐	bag	 木 比
梑	bag	 木 犭
梒	bag	 
梓	bag	 木
梔	bag	一 巴 
梕	bag	 木 𠃌
梖	bag	八 
梗	bag	 
梘	bag	 
梙	bag	 木
梚	bag	⑤ 
梛	bag	 木 
梜	bag	  木
條	bag	 
梞	bag	己 心 木
梟	bag	⑦ 
梠	bag	 
梡	bag	 木
梢	bag	⺌ 月 木
梣	bag	 山 木
梤	bag	 山 木 𠃌
梥	bag	 宀 木
梦	bag	
梧	bag	 木 𫝀
梨	bag_ops	  
梩	bag	 木 甲
梪	bag	木 豆
梫	bag	 又 木 
梬	bag	 
梭	bag	 木
梮	bag	口 尸 木 𠃌
梯	bag	 木
械	bag	 木
梱	bag	囗 
梲	bag	 八 
梳	bag	 
梴	bag	 廴 木
梵	bag	丶 几 
梶	bag	 尸 木
梷	bag	⺊ 又 
梸	bag_ops	 木  
梹	bag	丘 八 木
梺	bag	 
梻	bag	 弓 木
梼	bag	 
梽	bag	 心 
梾	bag	木 来
梿	bag	木 车 辶
检	bag	
棁	bag	 木
棂	bag	 彐 木
棃	bag	 
棄	bag	 廿 木
棅	bag	  
棆	bag	  木
棇	bag	 心 木
棈	bag	月 木 龶
棉	bag	巾 
棊	bag_ops	 木 
棋	bag_ops	 
棌	bag	 
棍	bag	 比
棎	bag	 
棏	bag	一  木
棐	bag_ops	木 非 ⿱
棑	bag_ops	木 非 ⿰
棒	bag	 人 木
棓	bag	 
棔	bag	 氏
棕	bag	宀 
棖	bag	  木 𠄌
棗	bag_ops	朿 朿 ⿱
棘	bag_ops	朿 朿 ⿰
棙	bag	 木 犬
棚	bag	 木
棛	bag	 月 木
棜	bag	  人 木 𠃌
棝	bag	 木
棞	ordered	木 囗 
棟	bag	木 東 ⸻
棠	bag	 
棡	bag	 冂 山 木
棢	bag	 冂 木 𠃊
棣	bag	木 隶
棤	bag	 木
棥	bag	㐅  
棦	bag	 亅 木  𭕄
棧	bag	  木
棨	bag	 攵 木
棩	bag	一 木 爿 片
棪	bag	 木
棫	bag	 
棬	bag	 木
棭	bag	 夂 木
森	bag	
棯	bag	 心 木
棰	bag	 木
棱	bag	一  夂 木
棲	bag	  
棳	bag	  木
棴	bag	 月 木
棵	bag_ops	  ⿻
棶	bag	 
棷	bag_ops	又 木 耳 
棸	bag_ops	又 木 耳 
棹	bag	⺊  木
棺	bag	 木
棻	bag	  木 𠃌
棼	bag_ops	  𠃌 
棽	bag	 
棾	bag	 
棿	bag	 木 臼
椀	bag	 宀 
椁	bag	 
椂	bag	 木
椃	bag	 几 
椄	bag	 
椅	bag	 
椆	bag	 
椇	bag_ops	 八 木  ⿴
椈	bag	勹 木 米
椉	bag	㐄  
椊	bag	 木
椋	bag	 木
椌	bag	 木
植	bag	
椎	bag_ops	木 
椏	bag	⑥  木
椐	bag	 木
椑	bag	 
椒	bag	 木
椓	bag	 木 𧰨
椔	bag	木 田 
椕	bag_ops	  𠃌 ⿱ ⿲ ⿹
椖	bag	 尸 木 𠃌
椗	bag	 木 龰
椘	bag	 
椙	bag	日 
椚	bag_ops	木 𠁣 𠃛 
椛	bag	丨   木
検	bag	 人 
椝	bag	 木 见
椞	bag	  𠂆
椟	bag	 木
椠	bag	 木 
椡	bag	 
椢	bag	 囗 木
椣	bag	⑥ 八 木
椤	bag	 罒 𠂊
椥	bag	 木 𠂉
椦	bag	  木 𠃌
椧	bag	 卩 
椨	bag	 木
椩	bag	 广 木 
椪	bag	 
椫	bag	 木 甲
椬	bag	且 宀 木
椭	ordered	木  月
椮	bag	 木
椯	bag	 山 木
椰	bag	木 
椱	bag	夂  𠂉
椲	bag	㐄  𫝀
椳	bag	 木 田 𠄌
椴	bag	⑤ 又 木 𠘧
椵	bag	⑤ 又 木 
椶	bag	㐅 八 凵 夂 木
椷	bag	 戊 木
椸	bag	 木 
椹	bag	⑤  匚 木
椺	bag	 木
椻	bag	匚 女 
椼	bag	 彳 
椽	bag	彑 木 𧰨
椾	bag_ops	   
椿	bag	 
楀	bag	木 禹
楁	bag	 木
楂	bag	 
楃	bag	 尸 木
楄	bag	 木
楅	bag	 木 田
楆	bag	 木
楇	bag	冂 冂  𠃍
楈	bag	月 木 疋
楉	bag	 木 𠂇
楊	bag	 丿 勹 
楋	bag	刂 木 束
楌	bag	 彡 木
楍	bag_ops	  ⿱ ⿲
楎	bag	冖 木 車
楏	bag	  木
楐	bag	 木 田
楑	bag	  木
楒	bag	心 木 田
楓	bag	丿 几 木 虫
楔	bag	  人 木 𠃌
楕	bag	工 月 木 𠂇
楖	bag	⑤ 卩 木
楗	bag	 廴 木 
楘	bag_ops	 攵   
楙	bag_ops	  龴  ⿲ ⿹
楚	bag	
楛	bag	 
楜	bag	 月 木
楝	bag	木 柬 ⸻
楞	bag	 木 罒 𠃌
楟	bag	 冖 
楠	bag	 木
楡	bag	 月 木 
楢	bag	丷 木 酉
楣	bag	 𠃜
楤	bag	丶  心 木
楥	bag	 又 木 
楦	bag	 
楧	bag	 央 木
楨	bag	⺊ 八 
楩	bag	 
楪	bag	世 
楫	bag	 耳
楬	bag	  𠃊
業	bag	 
楮	bag	 
楯	bag	十  𠂆
楰	bag	人 木 臼
楱	bag	 人 木
楲	bag	 戊 木
楳	bag	 甘
楴	bag	 巾 木
極	bag	一  又 
楶	bag_ops	冫  欠 
楷	bag	木 比 白
楸	bag	丿  
楹	bag	丿 又 木 皿 𠄎
楺	bag_ops	  龴  
楻	bag	 
楼	bag	
楽	bag	丷 八 
楾	bag	 
楿	bag_ops	丿  
榀	bag_ops	  ⿰ 
榁	bag	 宀 木
概	bag_ops	
榃	bag	 田
榄	bag	 木 见 𠂉
榅	bag	 皿
榆	bag	 木
榇	bag	 木 朩
榈	bag	 木 门
榉	bag	 八 
榊	bag	木 申 礻
榋	bag	彐 彐 彐 木
榌	bag	木 飛
榍	bag	⺌ 尸 月 木
榎	bag	 木 自
榏	bag	 木 皿
榐	bag	 木 𠄌
榑	bag	丶  木
榒	bag	 弓 木
榓	bag	 木 皿
榔	bag	⑤  阝
榕	bag_ops	宀 木 谷 
榖	bag	  又 木 𠘧
榗	bag	 
榘	bag	 巨 木 𠂉
榙	bag	 
榚	bag	 木 灬
榛	bag	 
榜	bag	 木 𠃌
榝	atomic_override	榝
榞	bag	 
榟	bag	 宀 木
榠	bag	 八 冖 
榡	bag	 木 龶
榢	bag	 木 𧰨
榣	bag	 缶 𭕄
榤	bag	㐄 
榥	bag	 
榦	bag	  木
榧	bag	匚 木 非
榨	bag	乍  木
榩	bag	 ㇀  乚 木
榪	full	⿰ 木 ⿹ ⑥ 灬
榫	bag	十 木 隹
榬	bag	  𧘇
榭	bag	 身
榮	bag	 冖 
榯	bag	  木
榰	bag	  耂
榱	bag	  𧘇
榲	bag	人 囗 木 皿
榳	bag	 廴 木
榴	bag	③  
榵	bag	 木 耳
榶	bag	 广 木 
榷	bag	冖 木 隹
榸	bag	  木 甲
榹	bag	 几 
榺	bag	 八 月 木
榻	bag	  
榼	bag	 木 皿
榽	bag	②  
榾	bag	⑤ 月 木
榿	bag	山 木 豆
槀	bag_ops	  ⿳ ⿵
槁	bag_ops	 木  ⿳ ⿵
槂	bag	  小 木
槃	bag_ops	又 木  
槄	bag	 臼 𭕄
槅	bag	  冂 
槆	bag	  木
槇	bag	 八  𠃊
槈	bag	  𠄌
槉	bag	 木 
槊	bag_ops	 月 木  ⿻
構	bag	 冉 木
槌	bag	㠯  辶
槍	bag	  尸 木
槎	bag	 工 木
槏	bag	 木 
槐	bag	  田
槑	bag	 
槒	bag	 木 田
槓	bag	八 工 
槔	bag	 
槕	bag	⺊  木
槖	bag	 冖 
槗	bag	冂  木 𠂇
様	bag	㇇   十 木
槙	bag	 木
槚	bag	  贝
槛	bag	 木 
槜	bag	 隹 𠄎
槝	bag	⑦ 山 木
槞	bag	 乚 
槟	bag	丘  木
槠	bag	 耂 讠
槡	bag	 又 
槢	bag	  
槣	bag	 宀 木
槤	bag	木 車 辶
槥	bag	  丨 彐 木
槦	bag	 广 月 木 
槧	bag	 木 車 𠂆
槨	bag	 木 阝
槩	bag_ops	 木 
槪	bag	 旡 
槫	bag	⑧ 
槬	bag	㇉  木 瓜
槭	bag	 小 戊 木
槮	bag	人 厶 厶 厶 彡 木
槯	ordered	木 山 隹
槰	bag	 木 辶
槱	bag	木 灬 酉
槲	bag	斗 木 角
槳	bag_ops	冫  爿 𠂊  ⿴
槴	bag	 尸 巴 木
槵	bag	 心 木
槶	bag	  囗 木
槷	bag_ops	 九    
槸	bag_ops	 九    
槹	bag	丷  
槺	bag	广 木 隶
槻	bag_ops	 人   
槼	bag_ops	 人   ⿻
槽	bag	 
槾	bag	 木 罒
槿	bag	口 廿 木 龶
樀	bag	 
樁	bag	 木 臼
樂	bag	②   
樃	bag_ops	 月  
樄	bag	木 東 阝
樅	bag	 彳 木 龰
樆	bag	 厶 
樇	bag	 月 木
樈	bag	 
樉	bag	   乀 人 木
樊	bag	㐅  人 
樋	bag	 木 
樌	bag	八 木 毌 目
樍	bag	八  龶
樎	bag	 
樏	bag	 木 
樐	bag	⺊ 㐅   囗 木
樑	bag	   𠃌
樒	bag	 心 木
樓	bag	⑧ 
樔	bag	 木 
樕	bag	木 束 欠
樖	bag	  木
樗	bag	㇉   木
樘	bag	⺌  
標	bag	  示
樚	bag_ops	 广 木 比   ⿸ ⿸ ⿻
樛	bag	 彡 木 
樜	bag	 木 灬
樝	bag	 ㇀ 且 乚 木
樞	bag	匚  
樟	bag	  木
樠	bag	入 入 巾 廿 木
模	bag	
樢	bag_ops	⑦ 木 灬 ⿰ ⿹
樣	bag	 木 永
樤	bag	 木 朩
樥	bag	  夂 木
樦	bag	  十 木 
樧	full	⿰ 木  㐅 朩 ⿱ 𠘧 又
樨	bag	 八 尸 木 牛
権	bag	一 木 隹 𠂉
横	bag	
樫	bag	 木 臣
樬	bag	丿  心 木
樭	bag	 木
樮	bag	  
樯	bag	  木
樰	bag	 彐 木
樱	bag	 贝 贝
樲	bag	  八 
樳	bag	口 寸 工 彐 木
樴	bag	  
樵	bag	木 灬 隹
樶	bag	 木 耳
樷	bag	又  耳
樸	bag	  木
樹	bag	 木 豆
樺	bag	⑦  木
樻	bag	 八  目
樼	bag	子 子 子 尸 木
樽	bag	丷  酉
樾	bag	 木 龰
樿	bag	  甲
橀	bag	   皿
橁	bag	 勹  
橂	bag	 人 木 酉
橃	bag	 又 弓 木 𠘧
橄	bag	 木 耳
橅	bag	一 卌 木 灬 𠂉
橆	bag	一 卌  𠂉
橇	bag_ops	    乚    ⿻
橈	bag	   十 木
橉	bag	㐄  米 𠂊
橊	bag	丣 木 田
橋	bag	  木
橌	bag	月 木 𠁣 𠃛
橍	bag	 木 𠁣 𠃛
橎	bag	 
橏	bag	 
橐	bag	 冖  木
橑	bag	 人 小 
橒	bag	  
橓	bag	㐄 丶   𭕄
橔	bag	  木
橕	bag	⺌ 冖  牙
橖	bag	⺌ 冖  木
橗	bag	  木
橘	bag	   龴
橙	bag	 木 豆
橚	bag	木 肅
橛	bag_ops	 厂 木 欠 ⿰  ⿻
橜	bag_ops	 厂 木 欠  
橝	bag	  
橞	bag	⑧ 心 木
機	bag	②   人 木
橠	bag	   𧘇
橡	bag	丨 囗 木 
橢	bag_ops	工 月 木   
橣	bag	 宀 心 木
橤	bag	心 心 心 
橥	bag	 犭 耂
橦	bag	 木 甲
橧	bag	 
橨	bag	  
橩	bag	  木
橪	bag	冫 木 
橫	bag	 廿 
橬	bag	旡 旡 
橭	bag	 
橮	bag	③   𠃌
橯	bag	丿  冖 木 𠃌
橰	bag	丷  木 自
橱	bag	厂  豆
橲	bag	 豆
橳	bag	  月 木 𠃌
橴	bag	  小 木 止
橵	bag	 攵 木
橶	bag	  木
橷	bag	③  
橸	bag	 
橹	bag	 木 
橺	bag	 𠁣 𠃛
橻	bag	丑 丑 丑 木
橼	bag	彑 木 
橽	bag	 十 木 辶
橾	bag	  木
橿	bag	 一 木 田 田
檀	bag	  
檁	bag	  
檂	bag	 曲 木 𠄌
檃	bag	 彐 木 
檄	bag	  𠃌
檅	bag	一 戊 木 
檆	bag	⺊  
檇	bag	④ 木 隹
檈	bag	 木 罒 𧘇
檉	bag	  耳
檊	bag	 十 干 
檋	bag	 木 車
檌	bag	木 
檍	bag	 
檎	bag	  凵 
檏	bag	 木 未
檐	bag	 厂 木 言 𠂊
檑	bag	 木 田
檒	bag	丿 几  虫
檓	bag	 木 
檔	bag	⺌ 冖  田
檕	bag	凵 又 木 車 𠘧
檖	bag	 木 
檗	bag_ops	 木  
檘	bag_ops	   ⿸
檙	bag	⑧ 
檚	bag	 木 疋
檛	bag	冂 冂  辶 𠃍
檜	bag	⺌  
檝	bag	  耳
檞	bag	 
檟	bag	 八  目
檠	bag_ops	 木 
檡	bag	 木 罒
檢	bag	   木
檣	bag	 人  木
檤	bag	 木 自 辶
檥	bag	 我 木
檦	bag	 刂  示
檧	bag	  十 心 木
檨	bag	  木 欠
檩	bag	  
檪	bag	丷 八  白
檫	bag	 宀  𠂊
檬	bag	 木 𧰨
檭	bag	 十 
檮	bag	 乛  寸 工 木
檯	bag	  十 厶 
檰	bag	 丶 巾 
檱	ordered	 亅 𠂊 亅 
檲	bag	⑧ 囗 
檳	bag	  𣥂
檴	bag	 又 木 隹
檵	bag	 ②    𠃊 𠃊
檶	bag	  
檷	bag	   乀 八 巾 木
檸	bag	 宀 心 木 皿
檹	bag	  亅 人  
檺	bag	 冖  𧰨
檻	bag	 皿 臣 𠂉
檼	bag	  
檽	bag	 冂 冂 木
檾	bag	 冖 
檿	bag	 厂 月 木 犬
櫀	bag	② ⑤  八 小 木
櫁	bag	 心 木 虫
櫂	bag	 木 隹 
櫃	bag	 八 匚  目
櫄	bag	木 熏
櫅	bag	③   𠃌
櫆	bag	 斗 木 田
櫇	bag	木 皮 頁
櫈	bag	 几 木 豆
櫉	bag	  豆
櫊	bag	 木 𠁣 𠃛
櫋	bag	  木 自 𠃌
櫌	bag	⑧ 夂 心 木
櫍	bag	 丨 八  𠂆 𠂆
櫎	bag	 广 
櫏	bag	 丨  巳 木 辶
櫐	bag_ops	木 田 田 
櫑	bag_ops	木 田 田 田 ⿰ 
櫒	bag	② 丨   𠂊
櫓	bag	 灬 田 
櫔	bag	 厂 木 禺
櫕	bag	  
櫖	bag	 心 木 田
櫗	bag	 戊 木 罒
櫘	bag	  丨  木
櫙	ordered	木 十 丨 匚  口
櫚	bag	 木 𠁣 𠃛
櫛	bag	⑤  卩 木 
櫜	bag	 冖 卜  木
櫝	bag	一   罒
櫞	bag	 丶 彑 木 𧰨
櫟	bag	②   白
櫠	bag	 又 广 弓 木 𠘧
櫡	bag	  耂 
櫢	bag	⑧  木
櫣	bag	 木 車 辶
櫤	bag	   木 
櫥	bag	 广 木 豆
櫦	bag	 乛 夂 广 心 木 
櫧	bag	 耂 言
櫨	bag	 木 田 皿
櫩	bag	勹 木 臼 𠁣 𠃛
櫪	bag	 厂  木 止
櫫	bag	 木 耂 𧰨
櫬	bag	 木 朩 目
櫭	bag	 旡 
櫮	bag	  口 干 木
櫯	bag	 木 灬 
櫰	bag	⑤  木 罒 𧘇
櫱	bag	㠯  丿 凵 十 木
櫲	bag	丨  囗  
櫳	bag_ops	⑦  月  
櫴	bag	八 木 束 目 𠂊
櫵	ordered	木 十 丨 隹 灬
櫶	bag	 宀 心 木 罒
櫷	bag	木 龜
櫸	bag	   彐 木
櫹	bag	 木 肅
櫺	bag	  
櫻	bag	八 八 女  目
櫼	bag	  木 非
櫽	bag	  木 
櫾	bag	  小 木 缶 𭕄
櫿	bag	丿  冖  木
欀	bag	 井  木 𧘇
欁	bag	 曲  𠄌
欂	bag	  
欃	bag	  比 
欄	bag	木 柬 𠁣 𠃛
欅	bag	②   彐 手 木
欆	bag	又 木 隹 隹
欇	bag	木 耳 耳 耳
欈	bag	 口 山 木 隹
欉	bag	④  又 干 木 耳
權	bag	  隹
欋	bag	 目 隹
欌	bag	 木 
欍	bag	 木 臼 隹
欎	bag	⑤ 㐅  冖 寸 
欏	bag	  罒 隹
欐	bag	 丨 冂 冂 广 木 比 
欑	bag	 八  
欒	bag	②  丶 小 小 木 言
欓	bag	⑧ ⺌ 冖  灬
欔	bag	又  目 隹
欕	bag	乛 厂  攵 木 耳
欖	bag	  罒 臣 𠂉
欗	bag	 木 柬 𠁣 𠃛
欘	bag	 八 勹 尸 木 罒 虫
欙	bag	 木 田 田 田
欚	bag	彑 木 虫 虫 𧰨
欛	bag	 月 木 革
欜	bag	 井 冖   𧘇
欝	bag	⑤ 㐅  寸  罒
欞	bag	    口 工 木
欟	bag	丨    目 隹
欠	bag	
次	bag	
欢	bag	
欣	bag	 
欤	bag	 欠
欥	bag	日 欠
欦	bag	 
欧	bag	
欨	bag	 欠
欩	bag	 欠 𠃌
欪	bag	 
欫	bag	 欠 𠂉
欬	bag	 欠 𠃋
欭	bag	 欠
欮	bag	 
欯	bag	 欠
欰	bag	丿 欠 皿
欱	bag	 欠
欲	bag	
欳	bag	⺊ 丨  欠
欴	bag	 欠
欵	bag	 欠 𠂉
欶	bag	束 
欷	bag	㐅 巾 欠 𠂇
欸	bag	 欠 𠂉
欹	bag	 欠
欺	bag	 欠
欻	bag	 欠
欼	bag	  
欽	bag	 十 欠
款	bag	
欿	bag	勹 欠 臼
歀	bag	木 欠 示
歁	bag	⑤  匚 欠
歂	bag	 山 欠
歃	bag	 欠 臼
歄	bag	冂  欠 𠃍
歅	bag	  欠
歆	bag	 日 欠
歇	bag	 欠 𠃊
歈	bag	 欠
歉	bag	 欠 
歊	bag	 欠
歋	bag	 几 
歌	bag	
歍	bag	⑥ 欠 灬
歎	bag	 廿 欠
歏	bag	口 廿 欠 龶
歐	bag	匚  口 欠
歑	bag	 ㇀ 乎 乚 欠
歒	bag	 欠
歓	bag	一 欠 隹 𠂉
歔	bag	 欠
歕	bag	  欠 目
歖	bag	 欠 豆
歗	bag	欠 肅
歘	bag	  八 八 欠
歙	bag	  欠 
歚	bag	  欠
歛	bag	   ⸻
歜	bag	勹 欠 罒 虫
歝	bag	 欠 罒
歞	bag	②  丶 日 欠 灬
歟	bag	②   彐 欠
歠	bag	  欠 酉
歡	bag	 口 欠 隹
止	bag	
正	bag	
此	bag	
步	bag	
武	bag	
歧	bag	 止
歨	bag	止 龰
歩	bag	 
歪	bag	③  止
歫	bag	
歬	bag	止 舟 ⸻
歭	bag	 止
歮	bag	止 止 
歯	bag	凵 止 米
歰	bag	  止 止 
歱	bag	止 重
歲	bag	一 戊 
歳	bag	一 小 戊 止
歴	bag	厂  止
歵	bag	八 止 
歶	bag	 止 禺
歷	bag	 厂  
歸	bag	㠯  巾 彐 止
歹	bag	 𠂊
歺	bag	⺊ 
死	bag	
歼	bag	 𠂊
歽	bag	 丶 𠂆 𠂊
歾	bag	 丿 勹 𠂊
歿	bag	 勹 又 𠂊
殀	bag	 𠂊
殁	bag	 又 𠂊 𠘧
殂	bag	 
殃	bag	 央 𠂊
殄	bag	 彡 𠂊
殅	bag	 生 𠂊
殆	bag	 厶 
殇	bag	  𠃓
殈	bag	 皿 𠂊
殉	bag	 勹 日 𠂊
殊	bag	
残	bag	
殌	bag	 工 𠂊 
殍	bag	 子 𠂊 𭕄
殎	bag	  人 𠂊
殏	bag	  𠂊
殐	bag	 束 𠂊
殑	bag	  𠂊
殒	bag	  𠂊
殓	bag	  𠂊 𭕄
殔	bag	 隶 𠂊
殕	bag	 丷 
殖	bag	  𠂊
殗	bag	 人 日 𠂊
殘	bag	 丶  𠂊
殙	bag	 日 氏 𠂊
殚	bag	 甲 𠂊
殛	bag	  又 
殜	bag	一 世 丶 
殝	bag	  
殞	bag	  目 𠂊
殟	bag	 囗 皿 𠂊
殠	bag	 犬 自 𠂊
殡	bag	一 丘 丶  𠂊
殢	bag	⑤  冖 巾 𠂊
殣	bag	 廿 龶 𠂊
殤	bag	   𠂊
殥	bag	  由 𠂊
殦	bag	⑦  灬 𠂊
殧	bag	   尢 𠂊
殨	bag	 丶  目 𠂊
殩	bag	  
殪	bag	  豆 𠂊
殫	bag	  甲 𠂊
殬	bag	 干 罒 𠂊
殭	bag	  田 
殮	bag	  人  𠂊
殯	bag	  目 𠂊 𣥂
殰	bag	  目 罒 𠂊
殱	bag	  非 𠂊
殲	bag	  非 𠂊
殳	bag	
殴	bag	 
段	bag	
殶	bag	 
殷	bag	㐆 
殸	bag	 𠃜 𠘧
殹	bag	 又 𠂉 𠘧
殺	bag	㐅 又 朩 𠘧
殻	atomic_override	殻
殼	full	  ⿱  ⿱ 𠘧 又
殽	bag	㐅 又  𠘧
殾	bag	 耂 𠘧
殿	bag	 又 尸 𠘧
毀	bag	 
毁	bag	
毂	bag	 又 车 𠘧
毃	bag	 又  𠘧
毄	bag	又 口 車 𠘧
毅	bag	  𧰨
毆	bag	匚 又  口 𠘧
毇	bag	 
毈	bag	⑤   𠂎 𠘧
毉	bag	  匚  𠂉 𠘧
毊	bag	  又  𠃜 𠘧
毋	bag	毋 ⸻
毌	bag	毌 ⸻
母	bag	
毎	bag	毋 𠂉
每	bag	
毐	bag	 毋
毑	bag_ops	也 母 ⿰
毒	bag	
毓	bag	 
比	bag	
毕	bag	
毖	bag	 比
毗	bag_ops	比 田 ⿰
毘	bag_ops	比 田 ⿱
毙	bag	 比 𠂊
毚	bag	 口 比 
毛	bag_ops	
毜	bag	 小
毝	bag	 彡
毞	bag	 比
毟	bag	 
毠	bag	  𠃌
毡	bag	⺊  
毢	bag	   乚 口
毣	bag	 
毤	bag	 
毥	bag	 勹 日
毦	bag	 耳
毧	bag	   乚 𠂇
毨	bag	 𠂒
毩	bag_ops	 米  
毪	bag	 厶 牛
毫	bag	
毬	bag	  
毭	bag	 豆
毮	bag	 小 扌
毯	bag_ops	    
毰	bag	 
毱	bag	 勹 米
毲	bag	  
毳	bag	    乚 ⸻
毴	bag_ops	 非  
毵	bag_ops	  厶 彡  ⿳ 
毶	bag_ops	  厶 彡  
毷	bag	  冂 目
毸	bag	 心 田
毹	bag_ops	   ⿰  
毺	bag_ops	  刂   
毻	bag	 工 
毼	bag	  𠃊
毽	bag	  
毾	bag_ops	  日 𠃌    ⿹ ⿻
毿	bag	 人 厶 厶 厶 彡
氀	bag	⑧  女
氁	bag	  
氂	bag	 厂 攵 未
氃	bag	   甲
氄	bag	   口 龴
氅	bag	⺌   攵
氆	bag	   日
氇	bag	  日 
氈	bag_ops	      ⿴ ⿻
氉	bag	   木
氊	bag_ops	      ⿴ 
氋	bag	  十 𧰨
氌	bag	 日 灬 
氍	bag	 目 目 隹
氎	bag	 冖 彑 田 田 田
氏	bag	
氐	bag	丶 
民	bag	
氒	bag	十 氏
氓	bag	 民 𠃊
气	bag	
氕	bag	 乁 𠂉 ⸻
氖	bag	 乁 𠂉 𠄎
気	bag	㐅 
氘	bag	 乁 𠂉
氙	bag	 山 𠂉
氚	bag	 川 𠂉
氛	bag	 乁 八 
氜	bag	 
氝	bag	  𠂉
氞	bag	 乁  𠂉
氟	bag	 乁 弓 𠂉
氠	bag	 申 𠂉
氡	bag	 乁 夂 𠂉
氢	bag	 工  𠂉
氣	bag	 米 𠂉
氤	bag	 乁 人 
氥	bag	 乁 乚 
氦	bag	 乁 人 𠂉 𠃋
氧	bag	 乁 𠂉
氨	bag	  𠂉
氩	bag	 
氪	bag	 乁 乚  𠂉
氫	bag	 乁 工 𠂉 
氬	bag	⑥  
氭	bag	 東 𠂉
氮	bag	  𠂉
氯	bag	 乁  彐 𠂉
氰	bag_ops	  𠂉 ⿱ ⿳ ⿹
氱	bag	 丿 乁 勹 
氲	bag	 日 
氳	bag	 人 囗 
水	bag	
氵	bag	
氶	bag	㇇  
氷	bag	㇇  亅
永	bag	
氹	bag	㇇  乙 亅
氺	bag	丷 亅 
氻	bag	丿 
氼	ordered	㇇ 亅 乀 
氽	ordered	人 ㇇ 亅 乀 丿
氾	bag	㔾 
氿	bag	九 氵
汀	bag	 
汁	bag	十 
求	bag	
汃	bag	八 
汄	bag	人 
汅	bag	 
汆	bag	 
汇	bag	
汈	bag	㇀ 
汉	bag	
汊	bag	丶 
汋	bag	 氵
汌	bag	川 氵
汍	bag	 氵
汎	bag	丶 几 
汏	bag	 
汐	bag	 𠂊
汑	bag	 
汒	bag	 氵 𠃊
汓	bag	子 
汔	bag	乙 
汕	bag	山 
汖	bag	 
汗	bag	
汘	bag	 
汙	bag	于 
汚	bag_ops	 氵 
汛	bag	 氵
汜	bag	巳 氵
汝	bag	女 
汞	bag	 
江	bag	
池	bag	也 
污	bag_ops	 氵 
汢	bag	 
汣	bag	久 氵
汤	bag	氵 𠃓
汥	bag	十 
汦	bag	氏 氵
汧	bag	 氵
汨	bag	日 
汩	bag	曰 氵
汪	bag	 
汫	bag	井 氵
汬	bag	 井
汭	bag	 氵
汮	bag	 氵
汯	bag	厶 氵 𠂇
汰	bag	 
汱	bag	氵 
汲	bag	及 氵
汳	bag	 𠂆
汴	bag	 卜 氵
汵	bag	 氵
汶	bag	 
汷	bag	
汸	bag	 
汹	bag	 氵
決	bag	 氵 𠃍
汻	bag	十 
汼	bag	氵 牛
汽	bag	
汾	bag	 
汿	bag	 氵 龴
沀	bag	㇇   亅 龴
沁	bag	心 
沂	bag	 
沃	bag	 氵
沄	bag	 氵
沅	bag	 氵
沆	bag	 
沇	bag	 氵
沈	bag	冘 
沉	bag	
沊	bag	 冘
沋	bag	 氵
沌	bag	 氵
沍	bag	一 彑 氵
沎	bag	 氵
沏	bag	 
沐	bag	木 
沑	bag	丑 氵
沒	bag	勹 
沓	bag	 
沔	bag	丏 
沕	bag	 氵
沖	bag	丨 
沗	bag	 
沘	bag	比 
沙	bag	
沚	bag	止 
沛	bag_ops	一 巾 氵 ⿰ ⿻
沜	bag	氵 片
沝	bag	㇇ ㇇ 丿  乀  ⸻
沞	bag_ops	一 巾 氵 
沟	bag	 氵
沠	bag	氵 爪
没	bag	
沢	bag	尺 氵
沣	bag	 
沤	bag	 氵
沥	bag	丿 厂 
沦	bag	 氵
沧	bag	 氵
沨	bag	 氵
沩	bag	为 氵
沪	bag	 
沫	bag	末 氵
沬	bag	未 氵
沭	bag	丶 
沮	bag	且 氵
沯	ordered	㇇ 亅 乀 丿 
沰	bag	 
沱	bag	 
沲	bag	也 
河	bag	
沴	bag	人 彡 氵
沵	bag	小 氵 𠂊
沶	bag	氵 示
沷	bag	丶  𠂇
沸	bag	 氵
油	bag	
沺	bag	氵 
治	bag	
沼	bag_ops	丿  
沽	bag	 
沾	bag	 氵
沿	bag	
泀	bag	 
況	bag	 氵
泂	bag	冂 
泃	bag	勹 
泄	bag	世 氵
泅	bag	人 囗 
泆	bag	 
泇	bag_ops	丿   ⿰ ⿻
泈	bag	 
泉	bag	 
泊	bag	氵 
泋	bag	 十 氵
泌	bag	 
泍	bag	本 氵
泎	bag	乍 氵
泏	bag	 氵
泐	bag	丿 氵 
泑	bag	 
泒	bag	氵 瓜
泓	bag	厶 
泔	bag	氵 甘
法	bag	
泖	bag	卩 氵 𠂎
泗	bag	 囗 氵
泘	bag	乎 氵
泙	bag	 氵
泚	bag	 
泛	bag	
泜	bag	丶 氏 氵
泝	bag	 
泞	bag	 宀 氵
泟	bag	 氵
泠	bag	 氵 龴
泡	bag	 氵
波	bag	
泣	bag	 氵
泤	bag	以 氵
泥	bag	 
泦	bag	九 
泧	bag	戉 氵
注	bag	
泩	bag	氵 生
泪	bag	
泫	bag	 
泬	bag	 
泭	bag	 氵
泮	bag	 
泯	bag	民 氵
泰	bag	
泱	bag	央 氵
泲	bag	㇉  氵
泳	bag	氵 永
泴	bag	 皿
泵	ordered	 ㇇ 亅 乀 丿
泶	bag	 冖 𭕄
泷	bag	 氵
泸	bag	⺊ 
泹	bag	 
泺	bag	乐 氵
泻	bag	 氵
泼	bag	发 氵
泽	bag	
泾	bag	工 氵 
泿	bag	氵 艮
洀	bag	氵 舟
洁	bag	 
洂	bag	 氵
洃	bag	 氵 𠂇
洄	bag	 氵
洅	bag	一 冉 氵
洆	bag	㇇   氵
洇	bag	 氵
洈	bag	 氵 𠂊
洉	bag	 
洊	bag	③ 
洋	bag	
洌	bag	 氵 𠂊
洍	bag	氵 𦣞
洎	bag	氵 自
洏	bag	 氵
洐	bag_ops	 彳 氵 ⿰ 
洑	bag	亻 氵 犬
洒	bag	 氵
洓	bag	朿 氵
洔	bag	 氵
洕	bag	八 
洖	bag	 
洗	bag	
洘	bag	 氵 耂
洙	bag	朱 氵
洚	bag	㐄 
洛	bag	
洜	bag	 
洝	bag	 氵
洞	bag	
洟	bag	 弓 
洠	bag	厶 氵 牛
洡	bag	一 未 氵
洢	bag	 
洣	bag	氵 
洤	bag	 氵
津	bag	
洦	bag	一 
洧	bag	 𠂇
洨	bag	 氵
洩	bag	曳 氵
洪	bag	
洫	bag	丿 氵 皿
洬	bag	 氵 𠂊
洭	bag	  氵
洮	bag	兆 氵
洯	bag	㇇   𠃌
洰	bag	巨 氵
洱	bag	氵 
洲	bag	
洳	bag	 
洴	bag	 氵
洵	bag	勹 
洶	bag	 氵
洷	bag	 氵
洸	bag	 氵
洹	bag	 
洺	bag	丶  𠂊
活	bag	
洼	bag	 氵
洽	bag	 
派	bag	
洿	bag	㇉  氵
浀	bag	曲 
流	bag	
浂	bag_ops	 氵 
浃	bag_ops	 氵  ⿻
浄	bag	 氵 
浅	bag	 
浆	bag	㇇   𠂊
浇	bag	 氵
浈	bag	⺊ 
浉	bag	 巾 氵
浊	bag	氵 虫
测	bag	
浌	bag	 亻 氵
浍	bag	 氵
济	bag	
浏	bag	 刂 氵
浐	bag	 
浑	bag	冖 氵 车
浒	bag	十 氵 讠 𠂉
浓	bag	冖 
浔	bag	寸 彐 氵
浕	bag	 尺 氵
浖	bag	丿 寸 氵 𭕄
浗	bag	 氵
浘	bag	 
浙	bag	 
浚	bag	 
浛	bag	 
浜	bag	丘 八 氵
浝	bag	 彡 氵
浞	bag	 龰
浟	bag	 攵 氵
浠	bag	㐅 巾 氵 𠂇
浡	bag	 
浢	bag	氵 豆
浣	bag	 氵
浤	bag	厶 宀 氵 𠂇
浥	bag	 
浦	bag	 
浧	bag	 氵
浨	bag	宀 
浩	bag	 𠂒
浪	bag	
浫	bag	 
浬	bag	 氵 甲
浭	bag	 
浮	bag	丿  𭕄
浯	bag	 氵 𫝀
浰	bag	 
浱	bag	 氵 𠄌
浲	bag	 
浳	bag	 
浴	bag	氵 谷
浵	bag	丹 彡 氵
浶	bag	宀 氵 牛
海	bag	
浸	bag	  
浹	bag	  
浺	bag	 忄 氵
浻	bag	 
浼	bag	⑤ 氵 𠂊
浽	bag	 氵 𭕄
浾	bag	④  氵
浿	bag	八 
涀	bag	 目
涁	bag	彡 
涂	bag	 
涃	bag	囗 
涄	bag	 
涅	bag	 
涆	bag	干 
涇	bag	一 工 氵 
消	bag	
涉	bag	
涊	bag	 
涋	bag	宀 氵 犬
涌	bag	 氵 龴
涍	bag	 耂
涎	bag	 廴 氵
涏	bag	 氵
涐	bag	我 氵
涑	bag	束 
涒	bag	 
涓	bag	口 
涔	bag	 山 氵
涕	bag	 
涖	bag	 亻 氵
涗	bag	  氵
涘	bag	 
涙	bag	 
涚	bag	 氵
涛	bag	 氵
涜	bag	  氵
涝	bag	 
涞	bag	来 氵
涟	bag	氵 车 辶
涠	bag	囗 氵 韦
涡	bag	 
涢	bag	 贝
涣	bag	 氵 𠂊
涤	bag	夂 朩 氵
涥	bag	  
润	bag	
涧	bag	 门
涨	bag	 长
涩	bag	  𠃌
涪	bag	 
涫	bag	 氵
涬	bag	 
涭	bag	  𭕄
涮	bag	刂 尸 巾 氵
涯	bag	 厂 氵
涰	bag	 又 
涱	bag	  氵 𠄌
液	bag	 
涳	bag	 氵
涴	bag	 宀 氵 𠂊
涵	bag	丷  八 凵 氵
涶	bag	 氵
涷	bag	東 氵
涸	bag	 氵
涹	bag	 
涺	bag	 氵
涻	bag	  氵
涼	bag	 氵
涽	bag	日 氏 氵
涾	bag	 
涿	bag	 氵 𧰨
淀	bag	 氵 龰
淁	bag	 女 氵
淂	bag	一  氵
淃	bag	 氵
淄	bag	氵 田 
淅	bag	  𠂆
淆	bag	㐅  𠂇
淇	bag	 氵
淈	bag	 
淉	bag	 
淊	bag	勹 氵 臼 ⸻
淋	bag	 
淌	bag	⺌ 冂 
淍	bag	 氵
淎	bag	 人 氵
淏	bag	 
淐	bag	 
淑	bag	 氵
淒	bag	 女 
淓	bag	 十 
淔	bag	 氵
淕	bag	  氵
淖	bag	⺊  氵
淗	bag	勹 
淘	bag	勹 氵 缶
淙	bag	宀 氵 示
淚	bag	 氵 犬
淛	bag	 氵 牛
淜	bag	月 
淝	bag	巴 月 
淞	bag	 氵
淟	bag	⑥ 八 氵
淠	bag	 氵 
淡	bag	
淢	bag	  氵
淣	bag	 臼
淤	bag	  人 
淥	bag	 彑 氵
淦	bag	 十 
淧	bag	 心 
淨	bag	 亅  𭕄
淩	bag	一  
淪	bag	  氵
淫	bag	  氵 𭕄
淬	bag	 氵
淭	bag	 
淮	bag	氵 隹
淯	bag	 
淰	bag	 心 氵
深	bag	
淲	bag	 几 
淳	bag	 
淴	bag	 心 氵
淵	bag	一 氵 爿 片
淶	bag	 
混	bag	
淸	bag	円 氵 龶
淹	bag	 
淺	bag	  氵
添	bag	 人 小 氵
淼	bag_ops	㇇ ㇇ ㇇   乀 乀  亅  ⿲ ⿲ ⿲ ⿺ ⿺ ⿺
淽	ordered	氵 十 丨 止
淾	bag	㇇   
淿	bag	巾 
渀	bag	  氵
渁	bag	㇇ ㇇ 丿  乀  氵
渂	bag	 
渃	bag	 氵 𠂇
渄	bag	氵 非
清	bag	
渆	bag	  氵
渇	bag	 勹 
済	bag	   氵
渉	bag	 
渊	bag	 
渋	bag	丷 八 
渌	bag	 氵
渍	bag	氵 
渎	bag	 氵
渏	bag	 
渐	bag	
渑	bag	乚  氵
渒	bag	 
渓	bag	 氵 𭕄
渔	bag	一 氵 
渕	bag	 刂 氵
渖	bag	宀 氵 申
渗	bag	 氵
渘	bag	  龴
渙	bag	  氵 𠂊
渚	bag	 
減	bag	 戊 氵
渜	bag	  冂 氵
渝	bag	 
渞	bag	 氵 自
渟	bag	  氵
渠	bag	巨 木 
渡	bag	又  氵
渢	bag	丿 几 氵 虫
渣	bag	 
渤	bag	 十  𠃌
渥	bag	 
渦	bag	冂 冂  𠃍
渧	bag	 巾 氵
渨	bag	 氵 田 𠄌
温	bag	
渪	bag	氵 禹
渫	bag	世 
測	bag	八 刂 氵 目
渭	bag	 田
渮	ordered	氵 十 丨 
港	bag	
渰	bag	 人 
渱	bag	工 氵 虫
渲	bag	 
渳	bag	 耳
渴	bag	  𠃊
渵	bag	 田
渶	bag	 央 氵
渷	bag	  氵
游	bag	
渹	bag	勹 氵 言
渺	bag_ops	 氵 目 ⿰ 
渻	bag_ops	 氵 目 
渼	bag	  氵
渽	bag	  氵
渾	bag	冖 氵 車
渿	bag	 示
湀	bag	  氵
湁	bag	 扌 氵
湂	bag	  氵
湃	bag	 氵 龵
湄	bag	氵 
湅	bag	柬 
湆	bag	 
湇	bag	 
湈	bag	 甘
湉	bag	 忄 氵
湊	bag	 人 氵
湋	bag	㐄  𫝀
湌	bag	 氵 艮
湍	bag	 山 氵
湎	bag	 囗 氵
湏	bag	氵 頁
湐	bag	 白
湑	bag	 疋
湒	bag	 耳
湓	bag	 氵 
湔	bag	 刂 
湕	bag	 廴 
湖	bag	
湗	bag	  氵
湘	bag	 目
湙	bag	④  人 氵
湚	bag	  
湛	bag	⑤  匚 氵
湜	bag	 氵 龰
湝	bag	比 
湞	bag	⺊ 八 氵 目
湟	bag	 
湠	bag	 山 氵 𠂇
湡	bag	氵 禺
湢	bag	 氵 田
湣	bag	日 民 氵
湤	bag	 氵 
湥	bag	 氵 犬
湦	bag	 生
湧	bag	 冂 氵 龴 𠃌
湨	bag	氵 犬 目
湩	bag	氵 重
湪	bag	彑 氵 𧰨
湫	bag	丿  
湬	bag	㇇ 丿   木
湭	bag	丷 
湮	bag	  氵
湯	bag	 丿 勹 日 
湰	bag	一  
湱	bag	  
湲	bag	  
湳	bag	 
湴	bag	 
湵	bag	 久 十 氵
湶	bag	 氵 
湷	bag	 
湸	bag	 
湹	bag	 厂 氵 甲
湺	bag	 氵
湻	bag	  氵
湼	bag	工 氵 臼
湽	bag	一 氵 田 
湾	bag	
湿	bag	 氵
満	bag	  山 氵
溁	bag	 
溂	bag	刂 束 氵
溃	bag	 
溄	bag	 夂 山 氵
溅	bag	 
溆	bag	 又 朩 氵
溇	bag	女 
溈	bag	氵 為
溉	bag	 氵
溊	bag	⑤  
溋	bag	丿  皿 𠄎
溌	bag	  氵
溍	bag	 
溎	bag	 
溏	bag	 广 
源	bag	
溑	bag	八 小 氵 目
溒	bag	 
溓	bag	 
溔	bag	 氵 灬
溕	bag	 冖 氵 𧰨
準	bag	十 氵 隹
溗	bag	 
溘	bag	 氵 皿
溙	bag	  氵
溚	bag	  氵
溛	bag	 氵 瓜
溜	bag	 氵 
溝	bag	 冉 氵
溞	bag	丶  虫
溟	bag	 八 冖 
溠	bag	 工 氵
溡	bag	  氵
溢	bag	 氵 皿
溣	bag	 亻  氵
溤	atomic_override	溤
溥	bag	丶 
溦	bag	 攵 氵
溧	bag	  氵
溨	bag	 
溩	full	⿰ 氵 ⿹ ⑥ 灬
溪	bag	②  氵 𭕄
溫	bag	人 囗 氵 皿
溬	bag	 乚 厶 氵
溭	bag	八  田
溮	bag	㠯  巾 氵
溯	bag	 
溰	bag	山 氵 豆
溱	bag	 
溲	bag	丨  臼
溳	bag	 氵 目
溴	bag	氵 犬 自
溵	bag	㐆 
溶	bag	宀 氵 谷
溷	bag	一 囗 氵 𧰨
溸	bag	 氵 龶
溹	bag	  小 氵
溺	bag	 
溻	bag	  
溼	bag	   氵
溽	bag	 寸 氵 𠄌
溾	bag	 氵 田
溿	bag	 氵 田
滀	bag	 氵 田
滁	bag	 氵 阝
滂	bag	 
滃	bag	八  厶 氵 
滄	bag	  
滅	bag	 八 戊 氵
滆	bag	   
滇	bag	 氵
滈	bag	 氵
滉	bag	 
滊	bag	  𠂉
滋	bag	 氵
滌	bag	 朩 氵
滍	bag	 凵 氵 虫
滎	bag	  冖 ⸻
滏	bag	   氵
滐	bag	㐄 丶  𠂊
滑	bag	⑤ 
滒	bag	  氵
滓	bag	 宀 氵
滔	bag	丿 氵 臼 𭕄
滕	bag	 丷  月
滖	bag	  𧘇
滗	bag	 氵 
滘	bag	  工 氵
滙	ordered	氵 匚 隹
滚	bag	  
滛	bag	丿 氵 缶 𭕄
滜	bag	 
滝	bag	 乚 
滞	bag	 巾 氵
滟	bag	 巴 氵 𠂊
滠	bag	又  耳
满	bag	
滢	bag	 丶  十 氵
滣	bag	  𠄌
滤	bag	 心 
滥	bag	 氵 
滦	bag	 
滧	bag	 攵 氵
滨	bag	丘  氵
滩	bag	 隹
滪	bag	 氵 
滫	bag	 
滬	bag	 尸 巴 氵
滭	bag	⑨ 一 氵
滮	bag	 几 彡 氵
滯	bag	⑤ 冖 巾 氵
滰	bag	 
滱	bag	⺊  又 宀 氵
滲	bag	人 厶 厶 厶 彡 氵
滳	bag	  
滴	bag	 氵
滵	bag	 心 氵
滶	bag	丿 攵 氵 
滷	bag	⺊ 㐅   囗 氵
滸	bag	十 氵 言 𠂉
滹	bag	 ㇀ 乎 乚 氵
滺	bag	 心 攵 氵
滻	bag	 氵 生
滼	bag	丶 几  氵
滽	bag	 广  
滾	bag	  
滿	bag	入 入 巾 廿 氵
漀	bag	㇇  亅  𠃜 𠘧
漁	bag	氵 灬 
漂	bag	  示
漃	bag	 宀 小 氵
漄	bag	  氵
漅	bag	 氵 
漆	bag	丷  
漇	bag	彳  龰
漈	bag	 氵 
漉	bag	 广 比 
漊	bag	⑧ 女 氵
漋	bag	一  
漌	bag	口 廿 氵 龶
漍	bag	  囗 氵
漎	bag	 彳 氵 龰
漏	bag	 
漐	bag	㇇   九 亅 十 干
漑	bag	 旡 
漒	bag	 氵 虫
漓	bag	 厶 
演	bag	
漕	bag	 氵
漖	bag	 氵 耂
漗	bag	丿  心 氵
漘	bag	  𠄌
漙	bag	⑧ 寸 氵
漚	bag	匚  
漛	bag	 丷  氵
漜	bag	  氵
漝	bag	  
漞	bag	 氵 目 𭕄
漟	bag	⺌   氵
漠	bag	 氵
漡	bag	 丿 勹 日 
漢	bag	 廿 
漣	bag	氵 車 辶
漤	bag	女  氵
漥	ordered	氵 宀   一
漦	bag	 厂 攵 未
漧	bag	乙  
漨	bag	  辶
漩	bag	 氵 
漪	bag	  犭
漫	bag	 氵 罒
漬	bag	八 氵 
漭	bag	 十 氵 犬
漮	bag	广 氵 隶
漯	bag	 氵 
漰	bag	山 月 
漱	bag	束 欠 氵
漲	bag	   𠄌
漳	bag	  氵
漴	bag	宀 山 氵 示
漵	bag	 攵 朩 氵
漶	bag	 心 氵
漷	bag	  阝
漸	bag	 車 𠂆
漹	bag	  灬
漺	bag	   乀 人 氵
漻	bag	 彡 氵 
漼	bag	山 氵 隹
漽	bag	 八  牛
漾	bag	 氵 永
漿	bag	 冫 寸 爿 𠂊
潀	bag	乑 氵 罒
潁	bag	㇇ 丿  乚 亅 頁
潂	bag	 山 氵
潃	bag	彳 攵 
潄	bag	攵 束 氵
潅	bag	一 氵 隹 𠂉
潆	bag	②   小 氵
潇	bag	 肃
潈	bag	氵 罒 𧰨
潉	bag	山 
潊	bag	⺊  又 朩 氵
潋	bag	 攵 氵 𭕄
潌	bag	  厶 宀 氵
潍	bag	氵 
潎	bag	丷 八 巾 攵 氵
潏	bag	   龴
潐	bag	氵 灬 隹
潑	bag	 又  𠘧
潒	bag	丨 囗 氵 
潓	bag	⑧ 心 氵
潔	bag	②   小 
潕	bag	一 卌 氵 灬 𠂉
潖	bag	 十 巴 氵
潗	bag	 隹
潘	bag	丿 氵 
潙	bag	氵 爲
潚	bag	氵 肅
潛	bag	旡 旡 
潜	bag	
潝	bag	   
潞	bag	 氵
潟	bag	勹 氵 灬 臼
潠	bag	 巳 氵
潡	bag	  氵
潢	bag	 
潣	bag	 氵 𠁣 𠃛
潤	ordered	氵 𠁣 𠃛  一
潥	bag	  米
潦	bag	 人 小 
潧	bag	  氵
潨	bag	丿 乑 氵 皿
潩	bag	 氵 
潪	bag	 日 
潫	bag	②  人 小 氵
潬	bag	  
潭	bag	  
潮	bag	
潯	bag	口 寸 工 彐 氵
潰	bag	  
潱	bag	 氵 豆
潲	bag	 
潳	bag	尸  耂
潴	bag	 犭 耂
潵	bag	 攵 氵
潶	bag	⑧ 氵 灬
潷	bag	   
潸	bag	月  氵
潹	bag	 
潺	bag	子 子 子 
潻	bag	  
潼	bag	 氵 甲
潽	bag	 
潾	bag	㐄  米 𠂊
潿	bag	㐄  氵 𫝀
澀	bag	  止  
澁	bag	止 止 
澂	bag	 十 山 攵 氵
澃	bag	 彡 頁
澄	bag	 氵 豆
澅	bag	 氵 田 
澆	bag	   十 氵
澇	bag	丿  冖 
澈	bag	 攵 
澉	bag	 氵 耳
澊	bag	 
澋	bag	 
澌	bag	 
澍	bag	 氵 豆
澎	bag	 氵 豆
澏	bag	 口 山 氵
澐	bag	  厶 氵
澑	bag	丣 氵 田
澒	bag	工 氵 頁
澓	bag	夂 彳 日 
澔	bag	 白 𠂒
澕	bag	⑦ 
澖	bag	 𠁣 𠃛
澗	bag	 𠁣 𠃛
澘	bag	 
澙	bag	② 氵 灬 臼
澚	bag	㇉  冂 
澛	bag	 氵 
澜	bag	柬 
澝	bag	 宀 心 氵
澞	bag	 ㇀  乚 人 
澟	bag	  
澠	bag	氵 黽
澡	bag	  氵
澢	bag	 氵 田
澣	bag	 十 干 
澤	bag	 氵 罒
澥	bag	丿 氵 
澦	bag	 氵 頁 龴
澧	bag	曲 氵 豆
澨	bag	  工 氵 
澩	bag	③ ㇇ 㐅 丿  乀 亅 冖 彐
澪	ordered	氵    丶 龴
澫	ordered	氵 十 丨 禺
澬	bag	八  氵 目
澭	bag	 乡 氵 隹
澮	bag	⺌   氵
澯	bag	⺊ 丶  米 𠂊
澰	bag	   氵
澱	bag	 又  𠘧
澲	bag	 未 氵
澳	bag	 
澴	bag	 氵 罒 𧘇
澵	bag	 朩 
澶	bag	 口  
澷	bag	  罒 𠃌
澸	bag	 戊 氵
澹	bag	 厂 氵 言 𠂊
澺	bag	 
澻	bag	 氵 
澼	bag	 氵
澽	bag	  氵 𧰨
澾	bag	 十 氵 辶
澿	bag	 氵 示
激	bag	
濁	bag	勹 氵 罒 虫
濂	bag	 广 
濃	bag	 曲 氵 𠄌
濄	bag	冂 冂  辶 𠃍
濅	bag	冖 又 宀 巾 彐 氵
濆	bag	  氵 目
濇	bag	 人  氵
濈	bag	  氵 耳
濉	bag	氵 目 隹
濊	bag	一 戊 
濋	bag	 氵 疋
濌	bag	 日 重
濍	bag	  十 心 氵
濎	bag	⑧ 氵 目
濏	bag	   心 氵
濐	bag	日  耂
濑	bag	束 氵 
濒	bag	 页 𣥂
濓	bag	④  厂 
濔	bag	   乀 八 巾 氵
濕	bag	②  丶  
濖	bag	 罒 耂
濗	bag	 
濘	bag	 宀 心 氵 皿
濙	bag	  八 八 冖 氵
濚	bag	 冖 
濛	bag	 氵 𧰨
濜	bag	 氵 灬 皿 
濝	bag	② ⑤  八 小 氵
濞	bag	 氵 田 自
濟	bag	③   
濠	bag	  氵 𧰨
濡	bag	 冂 冂 氵
濢	bag	  氵 
濣	bag	 十 斗 
濤	bag	 乛  寸 工 氵
濥	bag	   𠂊
濦	bag	  氵 𭕄
濧	bag	  氵
濨	bag	 心 氵
濩	bag	  隹
濪	bag	巴  𠂊
濫	bag	 皿 臣 𠂉
濬	bag	⺊   氵 目
濭	bag	  厶 氵 皿
濮	bag	  亻 氵
濯	bag	 氵 隹 
濰	bag	  隹
濱	bag	 氵 目 𣥂
濲	atomic_override	濲
濳	bag	  
濴	bag	  冖 氵
濵	bag	 氵 
濶	ordered	氵 𠁣 𠃛 
濷	bag	 入 入 巾 廿 氵
濸	bag	   氵
濹	bag	⑧  氵 灬
濺	bag	  八 氵 目
濻	bag	  氵 目 阝
濼	bag	②  丶  白
濽	bag	  氵 目
濾	bag	 心 氵 田
濿	bag	 厂 氵 禺
瀀	bag	⑧ 夂 心 氵
瀁	bag	  氵 艮
瀂	bag	 灬 
瀃	bag	丿  勹  目
瀄	bag	⑤  卩 氵 
瀅	bag	   氵
瀆	bag	一  氵 目 罒
瀇	bag	 广 
瀈	bag	冖  氵 車 
瀉	bag	勹 宀 氵 灬 臼
瀊	bag	 皿 
瀋	bag	 氵 
瀌	bag	 广 比 氵 灬 
瀍	bag	  十 广 氵 甲
瀎	bag	 戊 氵 罒
瀏	bag	③    
瀐	bag	 十 氵 非
瀑	bag	 
瀒	bag	  囗 
瀓	bag	 十 山 彳 攵 氵
瀔	full	⿰ 氵  ⿳  冖 一 ⿱  ⿱ 𠘧 又
瀕	bag	 頁 𣥂
瀖	bag	 氵 隹
瀗	bag	 宀 心 氵 罒
瀘	bag	 氵 田 皿
瀙	bag	 朩 氵 目
瀚	bag	  氵 
瀛	bag	 几   𠃊
瀜	bag	  冂  虫
瀝	bag	 厂  
瀞	bag	  
瀟	bag	 肅
瀠	bag	  冖 小 氵
瀡	bag	工  辶 
瀢	bag	  氵 目 辶
瀣	bag	  非 𠂊
瀤	bag	⑤  氵 罒 𧘇
瀥	bag	   氵 
瀦	bag	 氵 耂 𧰨
瀧	bag	⑦  
瀨	bag	八 束 氵 目 𠂊
瀩	bag	丿 几  頁
瀪	bag	 攵 母 白 𠂉
瀫	bag	②    氵 𠘧
瀬	bag	束 氵 頁
瀭	bag	  車
瀮	ordered	氵   八 
瀯	bag	丿  冖  氵
瀰	bag	   乀 八 巾 
瀱	bag	 刂 厂 氵 罒
瀲	bag	   攵 氵
瀳	bag	②   广 氵 灬 
瀴	bag	八 八 女 氵 目 目
瀵	bag	 氵 
瀶	bag	  臣 𠂉
瀷	bag	 氵 
瀸	bag	  氵 非
瀹	bag	   氵
瀺	bag	 口 比 氵 
瀻	bag	 氵 田
瀼	bag	 井  
瀽	bag	  宀 氵 龰
瀾	bag	柬 氵 𠁣 𠃛
瀿	bag	 攵 
灀	bag	  目
灁	bag	  𠁣 𠃛
灂	bag	⑤ 丿 寸 氵 罒 𭕄
灃	bag	  丨 山 氵 豆
灄	bag	氵 耳 耳 耳
灅	bag	 氵 田 田 田
灆	ordered	氵 十 丨 臣 𠂉 丶 皿
灇	bag	④  又  耳
灈	bag	氵 目 目 隹
灉	bag	 氵 隹 
灊	bag	   旡 旡 氵
灋	bag	②  十 厶 广 氵 灬 
灌	bag	  隹
灍	bag	 欠 氵 𠁣 𠃛
灎	bag	 曲 氵 皿 豆
灏	bag	  页
灐	bag	   八  氵
灑	bag	 丨 冂 冂 广 比 
灒	bag	 八 氵 目 
灓	bag	 ㇇   小 小 言
灔	bag	巴 曲 氵 豆 𠂊
灕	bag	 厶 氵 隹
灖	bag	 氵 非
灗	bag	 口  氵 虫
灘	bag	 廿 氵 隹
灙	bag	⑧  氵 灬
灚	bag	③ 㐅 丿  乚 冖 彐 氵 目
灛	bag	  甲 𠁣 𠃛
灜	bag	 八   目 𠃊
灝	bag	  頁
灞	bag	  革
灟	bag	 八 勹  罒 虫
灠	bag	 氵 目 罒 臣 𠂉
灡	bag	 柬 氵 𠁣 𠃛
灢	bag	 井 冖   𧘇
灣	bag	②  丶 小 小  言
灤	bag	②  丶 小 小  言
灥	bag	㇇ ㇇ ㇇   乀 乀  亅 白 白 白
灦	bag	②  丶  灬 頁
灧	bag	  丨 山 巴 氵 豆 𠂊
灨	bag	  夂 工  目
灩	bag	   厶 山 氵 皿 豆
灪	bag	㐅    凵 彡  氵 缶
火	bag	
灬	bag	
灭	bag	
灮	bag	 
灯	bag	
灰	bag	
灱	bag	丿  𠃌
灲	bag	 刂
灳	bag	 勹 ⸻
灴	bag	 
灵	bag	
灶	bag_ops	  
灷	bag	 
灸	bag	久 
灹	bag	 
灺	bag	也 
灻	bag_ops	  
灼	bag	 八 勹
災	bag	 
灾	bag	
灿	bag	 
炀	bag	 𠃓
炁	bag	旡 灬
炂	bag	 
炃	bag	丿  
炄	bag	丑 
炅	bag_ops	 日 
炆	bag	 
炇	bag	 攵
炈	bag	 
炉	bag	 八 
炊	bag	 欠
炋	bag_ops	③  八 
炌	bag	 
炍	bag	 
炎	bag_ops	
炏	bag_ops	 
炐	bag	 
炑	bag	 
炒	bag	丿  小
炓	bag	 斗
炔	bag	 𠃍
炕	bag	  几
炖	bag	  凵
炗	bag	 廿
炘	bag	  𠂆
炙	bag	  
炚	bag_ops	 日 
炛	bag	 亻 
炜	bag	 韦
炝	bag	㔾 
炞	bag	  卜
炟	bag	 八 
炠	bag	 甲
炡	bag	 八 止
炢	bag	 八 木
炣	bag	  口
炤	bag	丿  
炥	bag	  弓
炦	bag	 八 
炧	bag	也  𠂉
炨	bag	 
炩	bag	丶  龴
炪	bag	丨  凵 
炫	bag	 
炬	bag	 
炭	bag	 山 𠂇
炮	bag	
炯	bag	 
炰	bag	 
炱	bag_ops	  
炲	bag_ops	  
炳	bag_ops	 冂 
炴	bag	 央
炵	bag	  夂
炶	bag	⺊  口
炷	bag	 人 
炸	bag	
点	bag	
為	bag	為
炻	bag	  
炼	bag	 𫠣
炽	bag	 八 
炾	bag	  口
炿	bag	⺆  
烀	bag	乎 
烁	bag	乐 
烂	bag	 
烃	bag	 工 
烄	bag	  八
烅	bag	丿  皿
烆	bag	  彳
烇	bag	 人 
烈	bag	
烉	bag	  𠂊
烊	bag	 
烋	bag	亻 
烌	bag	 八 木
烍	bag	  𠂒
烎	bag	 
烏	atomic_override	烏
烐	bag	 舟
烑	bag	人 兆 八
烒	bag	  工
烓	bag	 
烔	bag	 八 
烕	bag	 八 
烖	bag	 人 
烗	bag	  𠃋
烘	bag_ops	    ⿻
烙	bag	 
烚	bag	 口
烛	bag	 
烜	bag	 八 日
烝	bag	㇇   灬
烞	bag	 卜 木
烟	bag	
烠	ordered	 𠂇 月
烡	bag_ops	    ⿻
烢	bag	 人 
烣	bag	 𠂇
烤	bag	㇉  八 耂
烥	bag	 臣
烦	bag	
烧	bag	
烨	bag	 亻 
烩	bag	  厶
烪	bag	  
烫	bag	 氵 𠃓
烬	bag	  尺
热	bag	
烮	bag	  
烯	bag	㐅  
烰	bag	丿  
烱	bag	  口
烲	bag	  
烳	bag	  月
烴	bag	 八 工 
烵	ordered	八   丶
烶	bag	  廴
烷	bag	 
烸	bag	 
烹	bag	  口 灬
烺	bag	 八 艮
烻	bag	  廴
烼	bag	 八 𧰨
烽	bag	  
烾	bag_ops	   
烿	bag	丹  彡
焀	bag	 谷
焁	bag	 口 欠
焂	bag	丨  八 攵
焃	bag	④  
焄	bag	 灬 
焅	bag	 
焆	bag	 口 月
焇	bag	⺌  月
焈	bag	 八 尸 巳
焉	bag	 止 
焊	bag	 干 日
焋	bag	  爿
焌	bag	 
焍	bag	  弓
焎	bag	 灬 𠂆
焏	bag	 又 口 灬
焐	bag	  𫝀
焑	bag	 囗 木
焒	bag	 
焓	bag	  
焔	bag	丨  日 𠂊
焕	bag	 冂 𠂊
焖	bag	 心 门
焗	bag	 
焘	bag	 灬
焙	bag	  口
焚	bag	 
焛	bag	 𠁣 𠃛
焜	bag	 
焝	bag	 日 氏
焞	bag	  口 
焟	bag	 
焠	bag	 人 
無	bag	一 卌 灬 𠂉
焢	bag	 
焣	bag	又 灬 耳
焤	bag	 八 寸 广
焥	bag	㔾   𠂊
焦	bag	灬 
焧	bag	  心
焨	bag	  月
焩	bag	 
焪	bag	  弓
焫	bag	丨  
焬	bag	  勹 日
焭	bag	 冖 
焮	bag	  
焯	bag	⺊ 人 
焰	bag	  ⸻
焱	full	    ⿱ 
焲	bag	  八 夂
焳	bag	 
焴	bag	  月
焵	bag	  冂 山
然	bag	
焷	bag	  白
焸	ordered	 
焹	bag	  冂 𠃊
焺	bag	 丿  日
焻	ordered	 
焼	bag	  人 
焽	bag	 
焾	bag	  心
焿	bag	 
煀	bag	丨   尸
煁	bag	⑤   匚
煂	bag	 革
煃	bag	 人 
煄	bag	 重
煅	bag	⑤  
煆	bag	⑤  
煇	bag	 冖 車
煈	bag	丿  几 虫
煉	bag	 柬 ⸻
煊	bag_ops	  日 
煋	bag	 
煌	bag	  白
煍	bag	丿  木
煎	bag	  灬
煏	bag	  田
煐	bag	丨 人  央
煑	bag	 
煒	bag	㐄  口 𫝀
煓	bag	  冂 山
煔	bag	⺊  
煕	full	 𦣞 巳 灬
煖	bag	  又 
煗	bag	   
煘	bag	  戊
煙	bag_ops	 丨    
煚	bag	 巨 日
煛	bag	 目 
煜	bag	  日
煝	bag	 
煞	bag	彐 攵 灬 𠂊
煟	bag	 
煠	bag	世  木
煡	bag	  
煢	bag	⺄  
煣	bag	  
煤	bag	 
煥	bag	  𠂊
煦	bag	勹  灬
照	bag	
煨	bag	  田 𠄌
煩	bag	 頁
煪	ordered	 丷 酉
煫	bag	  𧰨
煬	bag	 丿  勹 
煭	bag	 𠂊 
煮	bag	日 灬 耂
煯	bag	 比 白
煰	bag	 
煱	bag	 冂  𠃍
煲	bag	 八 
煳	bag	  月
煴	bag	 日 皿
煵	bag	丷   干
煶	bag	 八 日 龰
煷	bag	   口
煸	bag	丨  八 
煹	bag	  冉
煺	bag	 
煻	bag	  口 
煼	bag	   勹 勹
煽	bag	 八   𠃌
煾	bag	 囗 心
煿	bag	  寸 月
熀	bag	  日
熁	bag	 丿  月  𠃌
熂	bag	  米 𠂉
熃	bag	   夂 龴 𠃌
熄	bag	 心 自
熅	bag	 囗 皿
熆	bag	  厶 皿
熇	bag	  冂 
熈	bag	㇓ 巳 灬 臣
熉	bag	  目
熊	bag	 厶 
熋	bag	⺆   冫 厶
熌	bag	 𠁣 𠃛
熍	bag	丿  
熎	bag	丿  缶 𭕄
熏	bag	熏 ⸻
熐	bag	  八 冖 日
熑	bag	  
熒	bag	  八 八 冖 ⸻
熓	bag	⑥  灬
熔	bag	人  谷
熕	bag	 八 工 目
熖	bag	丿  臼 𭕄
熗	bag	  尸
熘	bag	  
熙	atomic_override	熙
熚	bag	⑨  八
熛	bag	  口 示
熜	bag	丿   心
熝	bag	  广 比 
熞	bag	  又 臣
熟	bag	
熠	bag	  白 
熡	bag	⑧  女
熢	bag_ops	  夂 辶  
熣	bag	 山 隹
熤	bag	  
熥	bag	  冂 
熦	bag	 小 隹
熧	bag	  彳 龰
熨	bag	  示
熩	bag	  尸 巴
熪	bag	 丿  木 
熫	bag	  灬
熬	bag	丿 攵 灬 
熭	bag	  丨  彐
熮	bag	  彡 
熯	bag	  口 廿
熰	bag	 匚  口
熱	bag	 九  灬
熲	bag	  頁
熳	bag	  罒
熴	bag	 山 
熵	bag	   口
熶	bag	  耳
熷	bag	  
熸	bag	 旡 旡 日
熹	bag	 灬 豆
熺	bag	 
熻	bag	   𠃌
熼	bag	   田
熽	bag	 肅
熾	bag	   日
熿	bag	   由
燀	bag	 八  甲
燁	bag	⑦ 丨 人 
燂	bag	   日
燃	bag	 
燄	bag	 
燅	bag	   
燆	bag	   
燇	bag	丷  寸 酉
燈	bag	  豆
燉	bag	  口 
燊	bag	  八 八 木
燋	bag	 灬 隹
燌	bag	   目
燍	bag	  八 𠂆
燎	bag	  小 日
燏	bag	   口 龴
燐	bag	㐄  八 米 𠂊
燑	bag	  甲
燒	bag	  人  
燓	bag	㐅   
燔	bag	丿  
燕	bag	③  廿 
燖	bag	 口 寸 工 彐
燗	bag	 月 𠁣 𠃛
燘	bag	  𠁣 𠃛
燙	bag	 丿  勹 
燚	bag	  八 八
燛	bag	⑥  臣
燜	bag	 心 𠁣 𠃛
燝	bag	   日
燞	bag	欠 灬 隹
營	bag	丿   
燠	bag	   米
燡	bag	 人  干 罒
燢	bag	③ 㐅   冖 彐
燣	bag	   木
燤	bag	丨 人  禺 ⸻
燥	bag	  
燦	bag	⺊  八  𠂊
燧	bag_ops	    ⿺
燨	bag	  我
燩	bag	  攵 白 𠃌
燪	bag	   勹 十 心
燫	bag	  
燬	bag	 
燭	bag	 勹 罒 虫
燮	bag	 又 言
燯	bag	   龴
燰	bag	丿  冖 夂 心 𭕄
燱	bag	  心 日
燲	bag	 丿  八 目  𠃌
燳	bag	丿   
燴	bag	⺌  
燵	bag	 人  辶
燶	bag	  厂 曲 𠄌
燷	bag	   示
燸	bag	     冂
燹	bag	 八 𧰨 𧰨
燺	bag	  冂  木
燻	bag	 熏
燼	bag	  灬 皿 
燽	bag	 乛   寸 工
燾	bag	 乛  寸 工 
燿	bag	  隹 
爀	bag	  
爁	bag	 八 皿 臣 𠂉
爂	bag	③    
爃	bag	  八 八 冖 木
爄	bag	丨 人  厂 禺
爅	bag	⑧   灬
爆	bag	
爇	bag	 九  十 灬
爈	bag	  心 田
爉	bag	⑦ 㐅  囗 
爊	bag	  广 比 灬 
爋	bag	丿  熏 𠃌
爌	bag	   广 由
爍	bag	②   八 
爎	bag	   小 日
爏	bag	  厂  止
爐	bag	  田 皿
爑	bag	丨 人  灬 隹
爒	bag	 丷  小 日 𠂊
爓	bag	  𠁣 𠃛
爔	bag	③ ㇉    木
爕	bag	  八 八 言
爖	bag	⑦   月
爗	bag	⑦ 丨 人 
爘	bag	⺊    𠂊
爙	bag	 井   𧘇
爚	bag	   
爛	bag	 柬 𠁣 𠃛
爜	bag	④   又 干 耳
爝	bag	⑤ 丿  寸 罒 𭕄
爞	bag	 虫 虫 虫
爟	bag	丨   隹
爠	bag	 目 目 隹
爡	bag	丨 人  禺 虫
爢	bag	 灬 非
爣	bag	⑧ ⺌   灬
爤	bag	丨 人  柬 𠁣 𠃛
爥	bag	  八 勹 尸 罒 虫
爦	bag	  目 罒 臣 𠂉
爧	bag	     口 工
爨	bag	③   冂  彐 
爩	bag	㐅     冖 凵 彡  缶
爪	bag	爪 ⸻
爫	bag	丿 𭕄 ⸻
爬	bag	巴 爪
爭	bag	 亅  𭕄
爮	bag	 爪
爯	bag	丿 冉 𭕄
爰	bag	 又 
爱	bag	
爲	bag	爲 ⸻
爳	bag	 爲
爴	bag	  囗 爪
爵	bag	⑤ 丿 寸 罒 𭕄
父	bag	
爷	bag	
爸	bag	
爹	bag	  
爺	bag	 
爻	bag	㐅  ⸻
爼	bag	㐅 且 
爽	bag	   乀 
爾	bag	   乀 八 
爿	bag	爿 ⸻
牀	bag	木 爿
牁	bag	 爿
牂	bag	 爿
牃	bag	世 木 爿
牄	bag	  尸 爿
牅	bag	 广 月 爿 
牆	bag	 人  爿
片	bag	
版	bag	
牉	bag	 片
牊	bag	 片 𠃌
牋	bag	  片
牌	bag	
牍	bag	 片
牎	bag	丶  心 片
牏	bag	 片
牐	bag	 臼
牑	bag	 片
牒	bag	世 木 片
牓	bag	 片 𠃌
牔	bag	丶  片
牕	bag	丿  心 片
牖	bag	 十 尸 月 片
牗	bag	 广 月 片 
牘	bag	一  片 目 罒
牙	bag	
牚	bag	 牙
牛	bag	
牜	bag	牜
牝	bag	 牛
牞	bag	丿 牛 𠃌
牟	bag	厶 
牠	bag	也 
牡	bag	 牛
牢	bag	宀 
牣	bag	 牛 𠃌
牤	bag	 牛 𠃊
牥	bag	 牛 𠃌
牦	bag	 
牧	bag	攵 牛
牨	bag	 牛
物	bag	
牪	bag	牛 
牫	bag	 牛
牬	bag	㇉  牛
牭	bag	 囗 牛
牮	bag	 
牯	bag	 牛
牰	bag	牛 由
牱	bag	 牛
牲	bag	牛 生
牳	bag	母 牛
牴	bag	丶 氏 牛
牵	bag	 冖 牛
牶	bag	 牛
牷	bag	 牛
牸	bag	子 宀 牛
特	bag	
牺	bag	 牛
牻	bag	 彡 牛
牼	bag	一 工 牛 
牽	bag	 冖 牛
牾	bag	 牛 𫝀
牿	bag	口 牛 𠂒
犀	bag	 八 尸 
犁	bag	 木 牛
犂	bag	 木 牛
犃	bag	 牛
犄	bag	 牛
犅	bag	 冂 山 牛
犆	bag	 牛
犇	bag	牛 牛 牛
犈	bag	 牛
犉	bag	 牛
犊	bag	 牛
犋	bag	 八 牛
犌	bag	⑤ 又 牛 
犍	bag	 廴 牛 
犎	bag	  牛
犏	bag	 牛
犐	bag	 木 牛
犑	bag	牛 犬 目
犒	bag	 牛
犓	bag	丨  勹 勹 牛
犔	bag	 牛 米 𠂉
犕	bag	 牛
犖	bag	 冖 
犗	bag	 牛
犘	bag	 牛
犙	bag	人 厶 厶 厶 彡 牛
犚	bag	 牛 示
犛	bag	厂 攵 未 牛
犜	bag	  牛
犝	bag	 牛 甲
犞	bag	  牛
犟	bag	 牛 虫
犠	bag	 我 牛
犡	bag	 厂 牛 禺
犢	bag	一  牛 目 罒
犣	bag	⑦ 㐅 囗 牛 
犤	bag	 厶 牛 罒
犥	bag	 广 比 灬 牛 
犦	bag	 日 牛
犧	bag	③ ㇉   木 牛
犨	bag	牛 隹 隹
犩	bag	丿   牛 田
犪	bag	 夂 巳 止 牛 自
犫	bag	牛 言 隹 隹
犬	bag	
犭	bag	
犮	bag	丶 
犯	bag	
犰	bag	九 犭
犱	bag	 犭
犲	bag	才 犭
犳	bag	 犭
犴	bag	干 犭
犵	bag	乙 犭 𠂉
状	bag	
犷	bag	广 犭
犸	bag	 犭
犹	bag	
犺	bag	 犭
犻	bag	一 巾 犭
犼	bag	乚 子 犭
犽	bag	牙 犭
犾	bag	 ⸻
犿	bag	 卜 犭
狀	bag	爿 犬
狁	bag	 犭
狂	bag	
狃	bag	丑 犭
狄	bag	 
狅	bag	 犭
狆	bag	 犭
狇	bag	木 犭
狈	bag	犭 贝
狉	bag	③  犭
狊	bag	犬 
狋	bag	犭 示
狌	bag	犭 生
狍	bag	 犭
狎	bag	犭 甲
狏	bag	也 犭 𠂉
狐	bag	犭 瓜
狑	bag	 犭 龴
狒	bag	 犭
狓	bag	犭 皮
狔	bag	 尸 犭
狕	bag	 犭 𠃌
狖	bag	 
狗	bag	
狘	bag	戉 犭
狙	bag	且 犭
狚	bag	 犭
狛	bag	犭 白
狜	bag	 犭
狝	bag	小 犭 𠂊
狞	bag	 宀 犭
狟	bag	 
狠	bag	
狡	bag	 犭
狢	bag	 犭
狣	bag	兆 犭
狤	bag	 
狥	bag	勹 
狦	bag	 丨 冂 犭
狧	bag	 犭
狨	bag	 犭 𠂇
狩	bag	宀 寸 犭
狪	bag	一  犭
狫	bag	 犭 耂
独	bag	
狭	bag	 犭
狮	bag	 巾 犭
狯	bag	 犭
狰	bag	 犭 
狱	bag	 讠
狲	bag	子 小 犭
狳	bag	 犭
狴	bag	 比 犭
狵	bag	 彡 犭
狶	bag	㐅 巾 犭 𠂇
狷	bag	口 月 犭
狸	bag	 犭 甲
狹	bag	  犭
狺	bag	犭 言
狻	bag	 犭
狼	bag	丶 
狽	bag	八 犭 
狾	bag	 犭 𠂆
狿	bag	 廴 犭
猀	bag	 氵 犭
猁	bag	 木 犭
猂	bag	干 
猃	bag	 犭 𭕄
猄	bag	 犭
猅	bag	犭 非
猆	bag	犬 非
猇	bag	 几 犭
猈	bag	 犭 白
猉	bag	 犭
猊	bag	 犭 臼
猋	bag	犬 犬 
猌	bag	 木 犬
猍	bag	 木 犭
猎	bag	 犭
猏	bag	 月 犭
猐	bag	 乚 犭
猑	bag	 犭
猒	bag	 月 犬
猓	bag	 
猔	bag	宀 犭 示
猕	bag	小 弓 犭 𠂊
猖	bag	 犭
猗	bag	 犭
猘	bag	 牛 犭
猙	bag	 亅 犭  𭕄
猚	bag	犭 隹
猛	bag	
猜	bag	月 犭 龶
猝	bag	 犭
猞	bag	  犭
猟	bag	 几 犭 𭕄
猠	bag	⑥ 八 犭
猡	bag	丶 犭 罒 𠂊
猢	bag	 月 犭
猣	bag	㐅 八 凵 夂 犭
猤	bag	  犭
猥	bag	 犭 田 𠄌
猦	bag	丿 几 
猧	bag	冂  犭 𠃍
猨	bag	 又 犭 
猩	bag	 生
猪	bag	 耂
猫	bag	 犭 田
猬	bag	月 犭 田
猭	bag	彑 犭 𧰨
献	bag	
猯	bag	 山 犭
猰	bag	  人 犭 𠃌
猱	bag	 木 犭 龴
猲	bag	 犭 𠃊
猳	bag	⑤ 又 犭 
猴	bag	 犭 
猵	bag	 犭
猶	bag	丷 犭 酉
猷	bag	丷 犬 酉
猸	bag	犭 
猹	bag	 木 犭
猺	bag	丿 犭 缶 𭕄
猻	bag	  小 犭
猼	bag	丶  犭
猽	bag	 八 冖 
猾	bag	⑤ 月 犭
猿	bag	 犭 𧘇
獀	bag	 犭 臼
獁	bag	⑥ 灬 犭
獂	bag	 犭 白
獃	bag	山 犬 豆
獄	bag	 言
獅	bag	㠯  巾 犭
獆	bag	 犭 白
獇	bag	 乚 厶 犭
獈	bag	 
獉	bag	 木 犭
獊	bag	  尸 犭
獋	bag	丷  犭 自
獌	bag	 犭 罒
獍	bag	 
獎	bag	冫 寸 爿 犬 𠂊
獏	bag	 犭
獐	bag	  犭
獑	bag	 犭 車 𠂆
獒	bag	丿 攵 犬 
獓	bag	丿 攵 犭 
獔	bag	丷  犭 白
獕	bag	山 犭 隹
獖	bag	  犭 目
獗	bag	 厂 欠 犭
獘	bag	丷 八 巾 攵 犬
獙	bag	丷 八 巾 攵 犭
獚	bag	 犭 由
獛	bag	  犭
獜	bag	㐄 丶 犭 米 𠂊
獝	bag	  口 犭 龴
獞	bag	 犭 甲
獟	bag	   十 犭
獠	bag	 人 小 
獡	bag	勹 灬 犭 臼
獢	bag	  犭
獣	bag	 犬 田 𭕄
獤	bag	  犭
獥	bag	 犭 白 𠃌
獦	bag	丨   犭 𠃊
獧	bag	 犭 罒 𧘇
獨	bag	勹 犭 罒 虫
獩	bag	一 戊 止 犭 𣥂
獪	bag	⺌   犭
獫	bag	   犭
獬	bag	丿 牛 犭 
獭	bag	束 犭 
獮	bag	   乀 八 巾 犭
獯	bag	熏 犭
獰	bag	 宀 心 
獱	bag	 犭 目 𣥂
獲	bag	 又 犭 隹
獳	bag	 冂 冂 犭
獴	bag	 犭 𧰨
獵	bag	⑦ 㐅 囗 犭 
獶	bag	⑧ 夂 心 犭
獷	bag	 广 犭 由
獸	bag	  田
獹	bag	 犭 田 皿
獺	bag	八 束 犭 目 𠂊
獻	bag	 ㇀   乚  
獼	bag	   乀 八 巾 弓 犭
獽	bag	 井  犭 𧘇
獾	bag	 口 犭 隹
獿	bag	 夂 巳 止 犭 自
玀	bag	 丶 犭 罒 隹
玁	bag	乛 厂  攵 犭 耳
玂	bag	  口 犭 甲 𠂆
玃	bag	又 犭 目 目 隹
玄	bag	 ⸻
玅	bag	 
玆	bag	   丶
率	bag	
玈	bag	② ④  𠂉
玉	atomic_override	玉
玊	full	⿷  ⿱ 十 
王	bag	
玌	bag	 乚 十
玍	bag	 
玎	bag	 
玏	bag	 
玐	bag_ops	  
玑	bag	 几 
玒	bag	 
玓	bag	  十
玔	bag	 川
玕	bag	 干
玖	bag	 久 十
玗	bag	 于 十
玘	bag	 己
玙	full	 一  
玚	bag	 𠃓
玛	atomic_override	玛
玜	bag	  
玝	bag	 𠂉
玞	bag	 
玟	bag	  
玠	bag_ops	  
玡	bag	 
玢	bag	 
玣	bag	 卜
玤	bag	 
玥	bag	 
玦	bag	 十 𠃍
玧	bag	 
玨	bag	 
玩	bag_ops	
玪	bag	㇇  
玫	bag	 攵
玬	bag	 丹 十
玭	bag	 
玮	bag	 韦
环	ordered	
现	bag	
玱	bag	㔾 
玲	bag	 龴
玳	bag	  
玴	bag	 世 
玵	bag	 甘
玶	bag	 干
玷	bag	⺊ 
玸	bag	 勹 十 巳
玹	bag	②  十
玺	bag	 
玻	bag	 皮
玼	bag	 止
玽	bag	 勹 
玾	bag	 甲
玿	bag_ops	  𠃌  
珀	bag_ops	 
珁	bag	 瓦
珂	bag	 
珃	bag	 冉 十
珄	bag	 生
珅	bag	 申
珆	ordered	  口
珇	bag	 
珈	bag_ops	   
珉	bag	 民
珊	bag	 册 十
珋	bag	 卩 𠂎
珌	bag	 十 心
珍	bag	
珎	bag	 
珏	bag	  十
珐	ordered	  
珑	bag_ops	  尢  
珒	bag	 十 
珓	bag	  
珔	bag	 子
珕	bag	  十  𠃌
珖	bag	⺌   
珗	bag	 𠂒
珘	bag	 舟
珙	bag	  
珚	bag	 十 囗
珛	bag	 
珜	bag	  
珝	bag_ops	     ⿹
珞	bag	 夂
珟	bag	  十 𠂊
珠	bag	
珡	ordered	  
珢	bag	 艮
珣	bag	 勹 
珤	bag	 缶
珥	bag	 
珦	bag_ops	   ⿵
珧	bag	 兆 十
珨	bag	 
珩	bag	 十 彳
珪	bag	 十 
珫	bag	  十 厶
珬	bag	  戊
班	bag	
珮	bag	 一  巾
珯	bag	 耂
珰	bag	⺌  彐
珱	bag	 女 𭕄
珲	bag	  车
珳	bag	  
珴	bag	 我
珵	bag	 
珶	bag_ops	 十 弓  
珷	bag	  十 止
珸	bag	  𫝀
珹	bag	 
珺	bag	  
珻	bag	 
珼	bag	  目
珽	bag	  十 廴
現	bag	 目
珿	bag	 龰 ⸻
琀	bag	㇇  人 
琁	bag	 疋 𠂉
琂	bag	 言
球	bag	
琄	ordered	  月
琅	bag	 艮
理	bag	
琇	bag	  木 𠄎
琈	bag	 十 
琉	bag	  厶
琊	bag	 牙 阝
琋	bag	㐅  
琌	bag	㇇  山
琍	bag	  木
琎	bag	 十 辶
琏	bag	 车 辶
琐	bag	⺌  贝
琑	bag	⺌  月
琒	bag	 十 
琓	bag	 宀
琔	bag	  宀 龰
琕	bag	  白
琖	bag	   十
琗	bag	  
琘	bag	 日 氏
琙	bag	  
琚	bag	 
琛	bag	  木
琜	bag	  木
琝	bag	  
琞	bag	 
琟	bag	 隹
琠	bag	⑥  
琡	bag	⺊   
琢	bag	 𧰨
琣	bag	 
琤	bag	 十 
琥	bag	 ㇀  乚 
琦	bag	  
琧	bag	⑥  
琨	bag	 
琩	bag	 
琪	bag	 一 
琫	bag	  
琬	bag	㔾  𠂊
琭	bag	 亅  彐
琮	bag	 
琯	bag	㠯  宀
琰	bag	  
琱	bag	⺆   
琲	bag	 非
琳	bag	 
琴	bag	㇇   
琵	bag	 
琶	bag	 十 
琷	bag	  乚 十
琸	bag	⺊  
琹	bag	 十 木
琺	bag	  十 厶 氵
琻	ordered	   
琼	bag	   
琽	bag	 
琾	bag	  田
琿	bag	  車 ⸻
瑀	bag	 禹
瑁	bag	   目
瑂	bag	 
瑃	bag	 
瑄	bag	 宀 日
瑅	bag	  日 龰
瑆	bag	 
瑇	bag	 
瑈	bag	  十 
瑉	bag	 日 民
瑊	bag	  戊
瑋	bag	㐄  𫝀
瑌	bag	  
瑍	bag	 八  𠂊
瑎	bag	 比 白
瑏	bag	  宀 牙
瑐	bag	  月
瑑	bag	 彑 𧰨
瑒	bag	  丿 勹 
瑓	bag	 柬 ⸻
瑔	bag	㇇   十 白
瑕	bag	⑤  
瑖	bag	⑤  
瑗	bag	  又 
瑘	bag	 
瑙	bag	㐅  十 囗 
瑚	bag	  月
瑛	bag	  央
瑜	bag	  月
瑝	bag	 十 白
瑞	bag	
瑟	bag	   
瑠	bag	③  十 
瑡	bag	㠯   巾
瑢	bag	 宀 谷
瑣	bag	  小 目
瑤	full	 一   丿 𭕄 缶
瑥	bag	 日 皿
瑦	atomic_override	瑦
瑧	bag	    木
瑨	bag	④  日
瑩	bag	  冖 
瑪	full	 一  ⿹ ⑥ 灬
瑫	bag	 十 臼 𭕄
瑬	bag	  十 厶 氵
瑭	bag	  
瑮	bag	  木
瑯	bag	⑤  阝
瑰	bag	 十 
瑱	bag	  十
瑲	bag	  
瑳	bag	  十 工
瑴	bag	   十 
瑵	bag	 又 虫
瑶	atomic_override	瑶
瑷	bag	  又 
瑸	bag	 丘  宀
瑹	bag	  十 朩
瑺	bag	⺌  冖  巾
瑻	bag	  毌 目
瑼	bag	⑧  寸
瑽	bag	  彳 龰
瑾	bag	 廿 龶
瑿	bag	  匚  𠂉 𠘧
璀	bag	 山 隹
璁	bag	 十  心
璂	bag	  
璃	bag	㐅   十 厶
璄	bag	  
璅	bag	  
璆	bag	  彡 
璇	bag	  
璈	bag	 十 攵 
璉	bag	 車 辶
璊	bag	 入 入 十 巾 廿
璋	bag	 
璌	bag	 一  宀 由
璍	bag	⑦  
璎	bag	 女 贝 贝
璏	bag	   乚  彑 𠂉
璐	bag	  止
璑	bag	  卌 灬 𠂉
璒	bag	  豆
璓	bag	  十 木 𠄎
璔	bag	⺌  
璕	bag	 寸 工 彐
璖	bag	 巨 
璗	bag	  丿 勹  氵
璘	bag	㐄  米 𠂊
璙	bag	  小 日
璚	bag	    龴
璛	bag	 肅
璜	bag	  由
璝	bag	 八  目
璞	bag	   十
璟	bag	   小 日
璠	bag	 十 
璡	bag	 辶 隹
璢	bag	 丣 十 田
璣	bag	   
璤	bag	⑧  心
璥	bag	 勹 十 
璦	bag	  夂 心 𭕄
璧	bag	 
璨	bag	⺊   𠂊
璩	bag	 ㇀   十 𧰨
璪	bag	  木
璫	bag	⺌  冖  田
璬	bag	  攵 白 𠃌
璭	bag	  車 辶
璮	bag	   
璯	bag	⺌  十 
環	bag	  罒 𧘇
璱	bag	    十 心
璲	bag	 十 
璳	bag	  朱 目
璴	bag	 
璵	bag	    彐
璶	bag	 十 灬 皿 
璷	bag	  十 攵 
璸	bag	 一  宀 目 𣥂
璹	bag	    寸 
璺	bag	③   冖  彐
璻	bag	    
璼	bag	 皿 臣 𠂉
璽	bag	    乀  
璾	bag	③    
璿	bag	⺊  八  目
瓀	bag	  冂 
瓁	bag	  隹
瓂	bag	  十 厶 皿
瓃	bag	 田 田 田
瓄	bag	 一  目 罒
瓅	bag	   
瓆	bag	 丨   𠂆
瓇	bag	⑧  夂 心
瓈	bag	   勹 十 木
瓉	bag	   目
瓊	bag	  夂 目 𠂊
瓋	bag	   辶
瓌	bag	  罒 𧘇
瓍	bag	 工 
瓎	bag	  束 目 𠂊
瓏	bag	⑦  十 月
瓐	bag	 ㇀  乚 十 田 皿
瓑	bag	  厂  止
瓒	bag	 十 
瓓	bag	 柬 𠁣 𠃛
瓔	bag	 八  女 目 目
瓕	bag	    乀  巾 弓
瓖	bag	  井  𧘇
瓗	bag	   山 隹
瓘	bag	 十  隹
瓙	bag	    寸 工 灬
瓚	bag	  目 
瓛	bag	 ㇀   乚  犬
瓜	bag	瓜 ⸻
瓝	bag	 瓜
瓞	bag	 瓜
瓟	bag	 瓜
瓠	bag	㇉  瓜
瓡	bag	 瓜
瓢	bag	 瓜 示
瓣	bag	  瓜
瓤	bag	 井  瓜 𧘇
瓥	bag	一 瓜 虫 虫 𧰨
瓦	bag	
瓧	bag	十 瓦
瓨	bag	工 瓦
瓩	bag	 
瓪	bag	又 瓦 𠂆
瓫	bag_ops	 瓦 𠃌 
瓬	bag	 瓦 𠃌
瓭	bag	冘 瓦
瓮	bag	 瓦
瓯	bag	 瓦
瓰	bag_ops	 瓦 𠃌  ⿺
瓱	bag	 瓦
瓲	bag	 瓦
瓳	bag	 瓦
瓴	bag	 瓦 龴
瓵	bag	 瓦
瓶	bag	 瓦
瓷	bag	 瓦
瓸	bag_ops	一 瓦 白 ⿱ ⿺
瓹	bag	口 月 瓦
瓺	bag	 厶 瓦
瓻	bag	㐅 巾 瓦 𠂇
瓼	bag	 瓦 甲
瓽	bag	 
瓾	bag	 木 瓦
瓿	bag	 瓦
甀	bag	 瓦
甁	bag	 干 干 瓦
甂	bag	 瓦
甃	bag	丿  木 瓦
甄	bag	  瓦
甅	bag	 厂 瓦 甲
甆	bag	 瓦
甇	bag	 冖 瓦
甈	bag	木 瓦 自
甉	bag	 瓦 
甊	bag	⑧ 女 瓦
甋	bag	 瓦
甌	bag	匚  口 瓦
甍	bag	冖 瓦 罒 艹
甎	bag	⑧ 寸 瓦
甏	bag	 瓦 豆
甐	bag	㐄 丶 瓦 米 𠂊
甑	bag	  瓦
甒	bag	一 卌 灬 瓦 𠂉
甓	bag	 瓦
甔	bag	 厂 瓦 言 𠂊
甕	bag	 乡 瓦 隹
甖	bag	八 八 瓦 目 目
甗	bag	 ㇀   乚  瓦
甘	bag	甘 ⸻
甙	bag	 甘
甚	bag	
甛	ordered	甘 
甜	ordered	 甘
甝	bag	 几 甘
甞	bag	 甘
生	bag	
甠	bag_ops	 ⿰
甡	bag	生 
產	bag	 厂 生
産	bag	 
甤	bag	一 生 𧰨
甥	ordered	生 田 
甦	bag	 
甧	bag	月 生 生
用	bag	
甩	bag	 乚 冂
甪	bag	 
甫	bag	 
甬	bag	 龴
甭	bag	③  冂
甮	bag	  勹
甯	bag	 宀 
田	bag	
由	bag	
甲	bag	
申	bag	
甴	bag	 
电	bag	
甶	bag	丿 
男	bag_ops	
甸	bag	勹 
甹	bag	 
町	bag_ops	 
画	bag	
甼	bag_ops	 田 
甽	bag	川 田
甾	bag	田 
甿	bag	 田 𠃊
畀	bag	 
畁	bag	 由
畂	bag	久 田
畃	bag	 申
畄	bag	田 𭕄
畅	bag	申 𠃓
畆	bag	 
畇	bag	 勹 田
畈	bag	又 田 𠂆
畉	bag	 田
畊	bag	井 田
畋	bag	攵 田
界	bag_ops	
畍	bag_ops	 田 ⿰ 
畎	bag	犬 
畏	bag	 田 𠄌
畐	bag	 
畑	bag	 田
畒	bag	 田
畓	bag	 
畔	bag	 田
畕	bag	田 
畖	bag	瓜 田
畗	bag	 田
畘	bag	冉 田
留	bag	
畚	bag	 
畛	bag	人 彡 田
畜	bag	 
畝	bag	 久 田
畞	bag	久 十 田
畟	bag	八 夂 
畠	bag	田 白
畡	bag	 田 𠃋
畢	bag	⑨ 
畣	bag	 田
畤	bag	 田
略	bag_ops	
畦	bag	 田
畧	bag_ops	 田 
畨	bag	
畩	bag	 田 𧘇
番	bag	 
畫	bag	 田 
畬	bag_ops	 田 
畭	bag_ops	 
畮	bag	母 田 𠂉
畯	bag	 
異	bag	 
畱	bag	丣 
畲	bag	人 田 示
畳	bag	且 冖 
畴	bag	 田
畵	bag	 凵 田 
當	bag	 
畷	bag	  田
畸	bag	 田
畹	bag	 宀 
畺	bag	 一 田 
畻	bag	  
畼	bag	 丿 勹 日 田
畽	bag	田 重
畾	bag	田 田 
畿	bag	②   田
疀	bag	田 疌 
疁	bag	 彡 
疂	bag	且 丷 八 冖 田
疃	bag	 田 甲
疄	bag	㐄 丶  𠂊
疅	bag	 一 田 田 田
疆	bag	 弓 田 田
疇	bag	 乛  寸 工 田
疈	bag	②   田 田
疉	bag	冖 彑 田 田 田
疊	bag	且 冖 田 田 田
疋	bag	疋 ⸻
疌	bag	疌 ⸻
疍	bag	 疋
疎	bag	束 𤴔
疏	bag	 𤴔
疐	bag	 田 疋 ⸻
疑	bag	
疒	bag	
疓	bag	丿 疒 𠄎
疔	bag	 疒
疕	bag	 
疖	bag	丨 疒 𠃌
疗	bag	
疘	bag	工 
疙	bag	乙 
疚	bag	久 疒
疛	bag	寸 疒
疜	bag	 疒
疝	bag	山 疒
疞	bag	 疒
疟	bag	一 匚 疒
疠	bag	 疒 𠃌
疡	bag	疒 𠃓
疢	bag	 疒
疣	bag	 疒
疤	bag	巴 疒
疥	bag	 疒
疦	bag	 疒 𠃍
疧	bag	氏 疒
疨	bag	牙 疒
疩	bag	九 十 疒
疪	bag	比 
疫	bag	又 疒 𠘧
疬	bag	丿 厂 疒 𠃌
疭	bag	 疒
疮	bag	 
疯	bag	 疒
疰	bag	 疒
疱	bag	 疒
疲	bag	疒 皮
疳	bag	甘 疒
疴	bag	 
疵	bag	 止 疒
疶	bag	世 疒
疷	bag	丶 氏 疒
疸	bag	 疒
疹	bag	人 彡 疒
疺	bag	 疒
疻	bag	 疒
疼	bag	 夂 疒
疽	bag	且 疒
疾	bag	
疿	bag	 疒
痀	bag	 疒
痁	bag	 疒
痂	bag	 疒 𠃌
痃	bag	 疒
痄	bag	乍 疒
病	bag	
痆	bag	 尸 疒
症	bag	
痈	bag	 
痉	bag	工 疒 
痊	bag	 疒
痋	bag	疒 虫
痌	bag	一  疒
痍	bag	 弓 疒
痎	bag	 疒 𠃋
痏	bag	月 疒 𠂇
痐	bag	 疒
痑	bag	 疒 
痒	bag	 疒
痓	bag	 疒
痔	bag	 疒
痕	bag	疒 
痖	bag	 疒
痗	bag	母 
痘	bag	疒 豆
痙	bag	一 工 疒 
痚	bag	子 疒 耂
痛	bag	
痜	bag	丿 几 木 
痝	bag	 彡 疒
痞	bag	 疒
痟	bag	⺌ 月 疒
痠	bag	 疒
痡	bag	 月 疒
痢	bag	 木 疒
痣	bag	 心 疒
痤	bag	 疒
痥	bag	 疒
痦	bag	 疒 𫝀
痧	bag	 氵 疒
痨	bag	 疒 𠃌
痩	bag	又 申 疒
痪	bag	 疒 𠂊
痫	bag	木 疒 门
痬	bag	 日 疒
痭	bag	 疒
痮	bag	  疒 𠄌
痯	bag	 疒
痰	bag	 疒
痱	bag	疒 非
痲	bag	疒 𣎳 𣎳
痳	bag	 疒
痴	bag	 
痵	bag	 木 疒
痶	bag	⑥ 八 疒
痷	bag	 日 疒
痸	bag	 牛 疒
痹	bag	 疒
痺	bag	 疒 白
痻	bag	日 氏 疒
痼	bag	 疒
痽	bag	疒 隹
痾	bag	 疒 阝
痿	bag	 木 疒
瘀	bag	  人 疒 𠃌
瘁	bag	 疒
瘂	bag	⑥  疒
瘃	bag	 疒 𧰨
瘄	bag	 疒
瘅	bag	 甲 疒
瘆	bag	 疒
瘇	bag	疒 重
瘈	bag	  人 疒 𠃌
瘉	bag	 疒
瘊	bag	 疒 
瘋	bag	丿 几 疒 虫
瘌	bag	刂 束 疒
瘍	bag	 丿 勹 日 疒
瘎	bag	⑤  匚 疒
瘏	bag	日 疒 耂
瘐	bag	人 疒 臼
瘑	bag	冂  疒 𠃍
瘒	bag	冖 疒 車
瘓	bag	  疒 𠂊
瘔	bag	  疒
瘕	bag	⑤ 又 疒 
瘖	bag	 日 疒
瘗	bag	  疒
瘘	bag	女 疒 米
瘙	bag	丶 又 疒 虫
瘚	bag	 欠 疒
瘛	bag	 心 疒 𠃌
瘜	bag	心 疒 自
瘝	bag	⑤ 疒 罒
瘞	bag	  十 疒
瘟	bag	日 疒 皿
瘠	bag	丷  月 疒
瘡	bag	  尸 疒
瘢	bag	又 疒 
瘣	bag	 田 疒
瘤	bag	 田 疒 𠃌
瘥	bag	 工 疒
瘦	bag	 疒 臼
瘧	bag	  匚 疒
瘨	bag	 
瘩	bag	  疒
瘪	bag	 疒 自
瘫	bag	又 疒 隹
瘬	bag	  弓 疒 𠄌
瘭	bag	 疒 示
瘮	bag	人 厶 厶 厶 彡 疒
瘯	bag	 疒 
瘰	bag	 田 疒
瘱	bag	  心 疒
瘲	bag	 彳 疒 龰
瘳	bag	 彡 疒 
瘴	bag	  疒
瘵	bag	 疒 
瘶	bag	束 欠 疒
瘷	bag	攵 束 疒
瘸	bag	 疒 肉 𠃌
瘹	bag	  十 疒
瘺	bag	 尸 疒
瘻	bag	⑧ 女 疒
瘼	bag	 疒
瘽	bag	口 廿 疒 龶
瘾	bag	 疒 
瘿	bag	女 疒 贝 贝
癀	bag	 由 疒
癁	bag	夂 彳 日 
療	bag	 人 小 日 疒
癃	bag	 生 疒 阝
癄	bag	灬 疒 隹
癅	bag	丣 田 疒
癆	bag	丿  冖 疒 𠃌
癇	bag	月 疒 𠁣 𠃛
癈	bag	 又 弓 疒 𠘧
癉	bag	 甲 疒
癊	bag	㇇  人 厶 疒 阝
癋	bag	⑥  心 疒
癌	bag	 口 山 疒
癍	bag	    疒
癎	bag	日 疒 𠁣 𠃛
癏	bag	 疒 罒 𧘇
癐	bag	⺌   疒
癑	bag	 曲 疒 𠄌
癒	bag	 月 疒
癓	bag	 彳 攵 疒
癔	bag	 日 疒
癕	bag	 乡 疒 隹
癖	bag	 疒
癗	bag	 田 疒
癘	bag	 疒 禺
癙	bag	⑦ 疒 臼
癚	bag	 厂 疒 言 𠂊
癛	bag	  木 疒
癜	bag	 又 尸 疒 𠘧
癝	bag	  疒 示
癞	bag	束 疒 
癟	bag	  疒 自
癠	bag	③   疒 𠃌
癡	bag	 疋 疒 
癢	bag	  疒 艮
癣	bag	 田 疒 𠂊
癤	bag	⑤  卩 疒 
癥	bag	 十 山 彳 攵 疒
癦	bag	⑧  灬 疒
癧	bag	 厂  止 疒
癨	bag	 疒 隹
癩	bag	八 束 疒 目 𠂊
癪	bag	 木 疒 
癫	bag	 疒 页
癬	bag	 灬 田 疒 𠂊
癭	bag	八 八 女 疒 目 目
癮	bag	  疒 
癯	bag	疒 目 目 隹
癰	bag	 疒 隹 
癱	bag	 廿 疒 隹
癲	bag	 疒 頁
癳	bag	 田 田 田 疒
癴	bag	②  丶 小 小 手 疒 言
癵	bag	②  丶 小 小 疒 肉 言
癶	bag	 ⸻
癷	bag	 干
癸	bag	  
癹	bag	 
発	bag	  ⸻
登	bag	
發	bag	 又 弓 𠘧
白	bag	
百	bag	
癿	bag	乚 白
皀	bag_ops	 白 ⿱ ⿺
皁	bag	十 白
皂	bag	 白
皃	bag_ops	 白 
的	bag	
皅	bag	巴 白
皆	bag	比 
皇	bag_ops	
皈	bag	又 白 𠂆
皉	bag	 止 白
皊	bag	 白 龴
皋	bag	 
皌	bag	末 白
皍	full	⿱ 白 ⿰ ⿺ 乚 丿 卩
皎	bag	 白
皏	bag	 白
皐	bag	丷  
皑	bag	山 己 白
皒	bag	我 白
皓	bag	口 白 𠂒
皔	bag	干 日 白
皕	bag	 白 白
皖	bag	 白
皗	bag	 白
皘	bag	月 白 龶
皙	bag	  𠂆
皚	bag	山 白 豆
皛	bag	白 白 白
皜	bag	 白
皝	bag	⺌   十 白
皞	bag	 白 白
皟	bag	八 白 
皠	bag	山 白 隹
皡	bag	丷  白 白
皢	bag	   十 白
皣	bag	⑦  白
皤	bag	 白 米
皥	bag	丷  白 自
皦	bag	 白 白 𠃌
皧	bag	 夂  𭕄
皨	bag	 白 白 白
皩	bag	⺌    白
皪	bag	②   白 白
皫	bag	 广 比 灬 白 
皬	bag	 白 隹
皭	bag	⑤ 丿 寸 白 罒 𭕄
皮	bag	
皯	bag	干 皮
皰	bag	 皮
皱	bag	彐 皮 𠂊
皲	bag	冖 皮 车
皳	bag	 皮
皴	bag	 皮
皵	bag	 皮
皶	bag	 木 皮
皷	bag	十 皮 豆
皸	ordered	冖 車 皮
皹	ordered	皮 冖 車
皺	bag	丨  勹 勹 皮
皻	bag	 ㇀ 且 乚 皮
皼	bag	 皮 豆
皽	bag	 口  皮
皾	bag	一  皮 目 罒
皿	bag	
盀	bag	卜 皿
盁	bag	丿 皿 𠄎
盂	bag	于 
盃	bag	 皿
盄	bag	丨 弓 皿
盅	bag	 皿
盆	bag	 
盇	bag	 皿
盈	bag	丿 又 皿 𠄎
盉	bag_ops	 皿 
益	bag	
盋	bag	丶 又 皿 𠂇
盌	bag	 皿 𠂊
盍	bag	 
盎	bag	央 
盏	bag	 
盐	bag	 皿
监	bag	
盒	bag	 
盓	bag	于 氵 皿
盔	bag	 皿 𠂇
盕	bag	丶 几 氵 皿
盖	bag	
盗	bag	 皿
盘	bag	
盙	bag	 月 皿
盚	bag	 皿
盛	bag	
盜	bag	欠 氵 皿
盝	bag	 皿
盞	bag	  皿
盟	ordered	
盠	bag	彑 皿 𧰨
盡	bag	 灬 皿 
盢	bag	犬 田 皿
監	bag	丶 皿 臣 𠂉
盤	bag	又 皿 
盥	bag	③  彐 皿
盦	bag	 皿 酉
盧	bag	 田 
盨	bag	彡 皿 頁
盩	bag	 攵 皿
盪	bag	 丿 勹 
盫	bag	 皿 酉
盬	bag	 皿 臣 𠂉
盭	bag	②  十 干 攵 皿
目	bag	
盯	bag	 
盰	bag	干 目
盱	bag	于 目
盲	bag_ops	 目 𠃊 
盳	bag_ops	 目 𠃊 
直	bag_ops	
盵	bag	乙 目 𠂉
盶	bag_ops	 目 ⿰ 
盷	bag	 目
相	bag	
盹	bag	 目
盺	bag	 
盻	bag	 八 目
盼	bag	 目 𠃌
盽	bag	 目
盾	bag	十 
盿	bag	 目
眀	bag	月 
省	bag_ops	
眂	bag	氏 目
眃	bag	 目
眄	bag	丏 目
眅	bag	又 
眆	bag	 目 𠃌
眇	bag_ops	 目 
眈	bag	冘 目
眉	bag	
眊	bag_ops	 目 
看	bag	
県	bag	小 目 𠃊
眍	bag	 目
眎	bag	目 示
眏	bag	央 目
眐	bag	 
眑	bag	 目 𠃌
眒	bag	申 目
眓	bag	戉 目
眔	bag	⑤ 
眕	bag	人 彡 目
眖	ordered	目 口 
眗	bag	 目
眘	bag	 人 目
眙	bag	 目
眚	bag	生 目
眛	bag	未 目
眜	bag	末 目
眝	bag	 宀 目
眞	bag	 八 目 𠃊
真	bag	
眠	bag	民 目
眡	bag	丶 氏 目
眢	bag	 目 𠂊
眣	bag	 目
眤	bag	 尸 目
眥	bag_ops	 止 目  ⿺
眦	bag_ops	 止 目  ⿺
眧	bag	 目 𠃌
眨	bag	 
眩	bag	 目
眪	bag	 目
眫	bag	 目
眬	bag	 目
眭	bag	 目
眮	bag	一  目
眯	bag	目 
眰	bag	 目
眱	bag	 弓 目
眲	bag	目 耳
眳	bag	 目 𠂊
眴	bag	勹 日 目
眵	bag	 
眶	bag	  目
眷	bag_ops	 目 
眸	bag	厶 牛 目
眹	bag_ops	 目 
眺	bag	兆 目
眻	bag_ops	 目  ⿻
眼	bag	
眽	bag	④ 
眾	bag	乑 罒
眿	bag	永 目
着	bag_ops	
睁	bag	 目 
睂	bag	丨  厂 目
睃	bag	 目
睄	bag	⺌ 月 目
睅	bag	干 日 目
睆	bag	 目
睇	bag	 目
睈	bag	 目
睉	bag	 目
睊	bag	口 月 目
睋	bag	我 目
睌	bag	⑤ 目 𠂊
睍	bag	 目 目
睎	bag	㐅 巾 目 𠂇
睏	bag	囗 
睐	bag	来 目
睑	bag	 目 𭕄
睒	bag	 目
睓	bag	⑥ 八 目
睔	bag	  目
睕	bag	 宀 目 𠂊
睖	bag	一  夂 目
睗	bag	 日 目
睘	bag	 罒 𧘇
睙	bag	 犬 目
睚	bag	 厂 目
睛	bag	
睜	bag	 亅 目  𭕄
睝	bag	 
睞	bag	 
睟	bag	 目
睠	bag	 目
睡	bag	
睢	bag	目 隹
督	bag	
睤	bag	 目
睥	bag	 白 目
睦	bag	  目
睧	bag	日 氏 目
睨	bag	 目 臼
睩	bag	 目
睪	bag	 
睫	bag	疌 目
睬	bag	 目 𭕄
睭	bag	 目
睮	bag	 目
睯	bag	攵 民 目
睰	bag	 目 𠂇
睱	bag	⑤ 又 目 
睲	bag	 目
睳	bag	  目
睴	bag	冖 目 車
睵	bag	  目
睶	bag	 日 目
睷	bag	 廴 目 
睸	bag	目 
睹	bag	日 目 耂
睺	bag	 目 
睻	bag	 日 目
睼	bag	 目 龰
睽	bag	  目
睾	bag	  干 罒
睿	bag	⺊   
瞀	bag	 攵 目 龴
瞁	bag	犬 目 目
瞂	bag	 又  𠂇
瞃	bag	十 目 
瞄	bag	 田 目
瞅	bag	丿  
瞆	bag	 目 贝
瞇	bag	目 米 辶
瞈	bag	八  厶 目 
瞉	bag	  又 目 𠘧
瞊	bag	 广 目 
瞋	bag	 目
瞌	bag	 皿 目
瞍	bag	 目 臼
瞎	bag	 目
瞏	bag	 罒 𧘇
瞐	bag	目 目 
瞑	bag	 八 冖 日 目
瞒	bag	 目
瞓	bag	川 目 言
瞔	bag	八 目 
瞕	bag	  目
瞖	bag	 又 目 𠂉 𠘧
瞗	bag	⑦ 灬 
瞘	bag	匚  口 目
瞙	bag	 目
瞚	bag	 由 目
瞛	bag	 彳 目 龰
瞜	bag	⑧ 女 目
瞝	bag	 厶 目
瞞	bag	入 入 巾 廿 目
瞟	bag	 目 示
瞠	bag	⺌   目
瞡	bag	 人 目 目
瞢	bag	 目 罒
瞣	bag	 心 目
瞤	bag	 目 𠁣 𠃛
瞥	bag	丷 八 巾 攵 目
瞦	bag	 目 豆
瞧	bag	灬 目 隹
瞨	bag	  目
瞩	bag	尸 目 禹
瞪	bag	 目 豆
瞫	bag	  日 目
瞬	bag	㐄 丶  目 𠂊 𭕄
瞭	bag	 人 小 日 目
瞮	bag	 攵 月 目
瞯	bag	月 目 𠁣 𠃛
瞰	bag	 目 
瞱	bag	⑦  目
瞲	bag	  口 目 龴
瞳	bag	 甲 目
瞴	bag	一 卌 灬 目 𠂉
瞵	bag	㐄 丶 目 米 𠂊
瞶	bag	  目 目
瞷	bag	日 目 𠁣 𠃛
瞸	bag	世  
瞹	bag	 夂 心 目 𭕄
瞺	bag	⺌   目
瞻	bag	 厂 目 言 𠂊
瞼	bag	   目
瞽	bag	 目 豆
瞾	bag	 目 目
瞿	bag	目 目 隹
矀	bag	 彳 攵 目
矁	bag	丿  
矂	bag	  目
矃	bag	 宀 心 皿 目
矄	bag	熏 目
矅	bag	 目 隹 
矆	bag	 又 目 隹
矇	bag	 目 𧰨
矈	bag	  白 目 𠃌
矉	bag	 目 目 𣥂
矊	bag	 丶  目
矋	bag	 厂 目 禺
矌	bag	 广 由 目
矍	bag	又 目 目 隹
矎	bag	 夂 目 目 𠂊
矏	bag	  目 自 𠃌
矐	bag	 目 隹
矑	bag	 田 皿 目
矒	bag	 目 目 罒
矓	bag	⑦  月 目
矔	bag	 口 目 隹
矕	bag	②  丶 小 小 目 言
矖	bag	 丨 冂 冂 广 比 目 
矗	bag	  且 且  十
矘	bag	⑧  灬 目
矙	bag	 目 耳 𠁣 𠃛
矚	bag	 八 勹 尸 目 罒 虫
矛	bag	丿 
矜	bag	㇇   人 龴
矝	bag	  人 龴 龴
矞	bag	  口 龴
矟	bag	⺌  月 龴
矠	bag	   龴
矡	bag	 又 目 目 隹 龴
矢	bag	 𠂉
矣	bag	 𠂉
矤	bag	 弓 𠂉
知	bag	
矦	bag	 厂 
矧	bag	 弓 𠂉
矨	bag	  𠂉
矩	bag	 巨 𠂉
矪	bag	 舟 𠂉
矫	bag	 丿  𠂉
矬	bag	  
短	bag	
矮	bag	  𠂉
矯	bag	  冂  𠂉
矰	bag	⺌  人 囗 
矱	bag	 又 隹 𠂉
矲	bag	⺆   乚 人 冫 厶 罒 𠂉
石	bag	
矴	bag	 亅 
矵	bag	 
矶	bag	 
矷	bag	 
矸	bag	 
矹	bag	 
矺	bag	㇀   
矻	bag	 
矼	bag	 
矽	bag	 
矾	bag	 几 
矿	bag	 
砀	bag	 𠃓
码	bag	
砂	bag	 丿  ⸻
砃	bag	一 丹 
砄	bag	  𠃍
砅	bag_ops	㇇   口  ⿲ ⿸ ⿺
砆	bag	 
砇	bag	  口
砈	bag	㔾  厂 
砉	bag_ops	  口  ⿻
砊	bag	 
砋	bag	 止
砌	bag	㇀   𠃌
砍	bag	 欠
砎	bag	 口
砏	bag	  
砐	bag	 及 口
砑	bag	 牙
砒	bag	 
砓	bag	 又 口 𠘧
研	bag	
砕	bag	 九 
砖	bag	一 专 
砗	bag	 车
砘	bag	  口
砙	bag	 瓦
砚	bag	 见
砛	bag	㇇  
砜	bag	㐅  
砝	bag	 十 
砞	bag	 末
砟	bag	 乍 口
砠	bag	 
砡	bag_ops	    ⿷ ⿸
砢	bag	 亅 
砣	bag	  宀
砤	bag	 也 
砥	bag	 口 氏
砦	bag_ops	   ⿺
砧	bag	⺊  
砨	bag	 乙 口 尸
砩	bag	 丿 
砪	bag	 
砫	bag_ops	    ⿸
砬	ordered	  一
砭	bag	②  
砮	bag	 又 
砯	bag	㇇   口
砰	bag	  干
砱	bag	 口 龴
砲	bag	 
砳	bag	 丿 
破	bag	
砵	bag	 本
砶	bag	 白
砷	bag	 申
砸	bag	 匚 口 巾
砹	bag	  
砺	bag	 丿 厂 
砻	bag	  尢
砼	bag	  工
砽	bag	 
砾	bag	 乐 口
砿	bag	  广
础	bag	
硁	bag	 工 
硂	bag	 
硃	bag	 朱
硄	bag	⺌  
硅	bag	  
硆	bag	 
硇	bag	㐅  丿 
硈	bag	 
硉	bag	  口 
硊	bag	㔾  厂 
硋	bag	   𠃋
硌	bag	  
硍	bag	 艮
硎	bag	 
硏	bag	 干 干
硐	bag	 冂 
硑	bag	  口
硒	bag	  口
硓	bag	  耂
硔	bag	  
硕	bag	 页
硖	bag	  口
硗	bag	   口
硘	bag	  囗
硙	bag	 山 己
硚	bag	  
硛	bag	④  
硜	bag	 工 
硝	bag	⺌  月
硞	bag	  𠂒
硟	bag	  口 廴
硠	bag	 口 艮
硡	bag	 厶  𠂇
硢	bag	  朩
硣	bag	 子 耂
硤	bag	  人 
硥	bag	 口 尢 彡
硦	bag	  
硧	bag	  口 龴
硨	bag	 車 ⸻
硩	bag	  𠂆
硪	bag	 我
硫	bag	  口
硬	bag	
硭	bag	 丶  𠃊
确	bag	
硯	bag	  
硰	bag	 丿  氵
硱	bag	 囗 木
硲	bag	 谷
硳	bag	④  
硴	bag	  
硵	bag	⺊ 㐅  囗
硶	bag	㇇  口 山
硷	bag	   𭕄
硸	bag	 厂 口 山 干
硹	bag	  
硺	bag	  𧰨
硻	bag	 又 口 臣
硼	bag	 
硽	bag	 人 
硾	bag	⑥  
硿	bag	  宀 工
碀	bag	 亅 口 
碁	bag_ops	⑤   
碂	bag	 
碃	bag	 
碄	ordered	  
碅	bag	  囗 木
碆	bag	 
碇	bag	 宀 龰
碈	bag	 日 氏
碉	bag	⺆  
碊	bag	   口
碋	bag	 亅  山
碌	bag	 丿 亅  彐
碍	bag	 
碎	bag	  
碏	bag	  日
碐	bag	 八  夂
碑	bag	  白
碒	ordered	 人  
碓	bag	 隹
碔	bag	  
碕	bag	  亅 人 
碖	bag	 人  
碗	bag	㔾   𠂊
碘	bag	 
碙	bag	  口 山
碚	bag	 丿 
碛	bag	 
碜	bag	  彡
碝	bag	 丿 
碞	bag	  
碟	bag	一 世 丿 
碠	bag	  亅 冖 
碡	bag	 
碢	bag	 冂 冂  𠃍
碣	bag	 
碤	bag	  央
碥	bag	 冂 
碦	bag	  宀
碧	bag	  白
碨	bag	  𠄌
碩	bag	 頁 ⸻
碪	bag	⑤   匚 口
碫	bag	⑤  又 口 𠘧
碬	bag	⑤  又 口 
碭	bag	  
碮	bag	  龰
碯	bag	㐅   囗 
碰	bag	
碱	bag	  戊
碲	bag	  口 巾
碳	bag	  口 山 𠂇
碴	bag	 
碵	bag	⺊   目
碶	bag	  人 
碷	bag	 
碸	bag	 丿  虫
碹	bag	  宀 日
確	bag	  隹
碻	bag	  口
碼	full	⿰ ⿸ ⿱  ⿹ ⑥ 灬
碽	bag	  工 目
碾	bag	   𠄌
碿	bag	⺌  尸 月
磀	bag	 凵 口 辶
磁	bag	  
磂	bag	  口 
磃	bag	 ㇀   𠂆
磄	bag	  
磅	bag	 丷   𠃌
磆	bag	⑤  月
磇	bag	㐅   囗 比
磈	bag	  
磉	bag	  又 
磊	bag	   
磋	bag	 工
磌	bag	  
磍	bag	  
磎	bag	②    𭕄
磏	bag	  
磐	bag_ops	 又   
磑	bag	 山 豆
磒	bag	 八  目
磓	bag	㠯   辶
磔	bag	㐄   𠂊
磕	bag	 十  皿
磖	bag	 冫  白 
磗	bag	  寸 月
磘	bag	  缶 𭕄
磙	bag	  厶 
磚	bag	⑧  寸
磛	bag	 口 車 𠂆
磜	bag	②   
磝	bag	  攵 
磞	bag	 山 
磟	bag	 冫  彡 
磠	bag	⺊ 㐅    囗
磡	bag	⑤   匚 
磢	bag	  丿  乀 
磣	bag	 厶 厶  彡
磤	bag	㐆  又 口 𠘧
磥	bag	②   田
磦	bag	   示
磧	bag	  
磨	bag	 
磩	bag	⺊   戊
磪	bag	 山 隹
磫	bag	  口 彳 龰
磬	bag	  口 𠃜 𠘧
磭	bag	   厂 口 月 𠄌
磮	bag	   山
磯	bag	    
磰	bag	   
磱	bag	 丿   𠃌
磲	bag	 巨 
磳	bag	⺌   
磴	bag	②   豆
磵	bag	 日 𠁣 𠃛
磶	bag	  灬 臼
磷	bag	㐄  口 米 𠂊
磸	bag	  口 酉
磹	bag	   
磺	bag	   由
磻	bag	  
磼	bag	  隹
磽	bag	     
磾	bag	  口 甲
磿	bag	  厂  
礀	bag	 月 𠁣 𠃛
礁	bag	 灬 隹
礂	bag	  豆
礃	bag	⺌  冖  手
礄	bag	 丿   口
礅	bag_ops	   ⿰  ⿳ ⿸
礆	bag	  人  口
礇	bag	 丿  米
礈	bag	  
礉	bag	  口 攵 白 𠃌
礊	bag	 凵 又 口 車 𠘧
礋	bag	  干 罒
礌	bag	   田
礍	bag	   日 𠃊
礎	bag	  木 疋
礏	bag	  未
礐	bag	③ 㐅    彐
礑	bag	⺌  冖  田
礒	bag	  我
礓	bag	  田 田
礔	bag_ops	  口 尸   ⿸
礕	bag_ops	  口 尸  ⿸
礖	bag_ops	   口 彐 ⿰  ⿳ ⿶ ⿸ ⿹
礗	bag	  宀 目 𣥂
礘	bag	②   灬
礙	bag	  
礚	bag	   皿
礛	bag	 口 皿 臣 𠂉
礜	bag_ops	   口 彐  ⿳ ⿶ ⿸ ⿹
礝	bag	    冂 
礞	bag	   𧰨
礟	bag	⑥ 㐅   口 灬
礠	bag	   心
礡	bag	 十  寸 
礢	bag	   艮
礣	bag	  戊 罒
礤	bag	②  冫  
礥	bag	 八 又 口 目 臣
礦	bag	   广 由
礧	bag_ops	 田 田 田 ⿰ 
礨	bag_ops	 田 田  
礩	bag	   𠂆
礪	bag	  口 禺
礫	bag	②  丿  白
礬	bag	㐅  人  木
礭	bag	   隹
礮	bag	⑥    灬
礯	bag	②   冖 
礰	bag	  厂  木 止
礱	bag_ops	⑦    
礲	bag_ops	⑦   月  
礳	bag	 丿  
礴	bag	 十  寸 
礵	bag	  冂  目
礶	bag	   隹
礷	bag	  皿 臣 𠂉
礸	bag	   目 
礹	bag	 乛 厂  口 攵 耳
示	bag	
礻	bag	
礼	bag	
礽	bag	丿 礻 𠄎
社	bag	
礿	bag	 礻
祀	bag	巳 礻
祁	bag	礻 阝
祂	bag	也 礻
祃	bag	 礻
祄	bag	 礻
祅	bag	 礻
祆	full	⿰ 礻 
祇	bag	氏 礻
祈	bag	 礻 𠂆
祉	bag	止 礻
祊	bag	 礻 𠃌
祋	bag	又 礻 𠘧
祌	bag	 礻
祍	bag	 礻
祎	bag	礻 韦
祏	bag	 礻
祐	bag	口 礻 𠂇
祑	bag	 礻
祒	bag	 礻 𠃌
祓	bag	丶 又 礻 𠂇
祔	bag	 礻
祕	bag	 礻
祖	bag	
祗	bag	丶 氏 礻
祘	bag	示 示
祙	bag	未 礻
祚	bag	乍 礻
祛	bag	 礻
祜	bag	 
祝	bag	 礻
神	bag	
祟	bag	 示
祠	bag	 礻 𠃌
祡	bag	 止 示
祢	bag	小 礻 𠂊
祣	bag	④ 礻 𠂉
祤	bag	 礻 
祥	bag	 礻
祦	bag	 礻
祧	bag	兆 礻
票	bag	
祩	bag	朱 礻
祪	bag	 礻 𠂊
祫	bag	 礻
祬	bag	 礻
祭	bag	 
祮	bag	 礻
祯	bag	⺊ 礻 贝
祰	bag	口 礻 𠂒
祱	bag	 礻
祲	bag	 又 礻 
祳	bag	 礻 𠄌
祴	bag	 礻
祵	bag	囗 木 礻
祶	bag	 礻
祷	bag	 礻
祸	bag	 礻
祹	bag	勹 礻 缶
祺	bag	 礻
祻	bag	 礻
祼	bag	 礻
祽	bag	 礻
祾	bag	一  夂 礻
祿	bag	 彑 礻
禀	bag	  示
禁	full	
禂	bag	 礻
禃	bag	 礻
禄	bag	 礻
禅	bag	 甲 礻
禆	bag	 白 礻
禇	bag	日 礻 耂
禈	bag	冖 礻 車
禉	bag	丷 礻 酉
禊	bag	  人 礻 𠃌
禋	bag	  礻
禌	bag	 礻
禍	bag	冂  礻 𠃍
禎	bag	⺊ 八 目 礻
福	bag	
禐	bag	 又 礻 
禑	bag	礻 禺
禒	bag	彑 礻 𧰨
禓	bag	 丿 勹 日 礻
禔	bag	 礻 龰
禕	bag	㐄 口 礻 𫝀
禖	bag	 礻
禗	bag	心 田 礻
禘	bag	 巾 礻
禙	bag	 月 礻
禚	bag	 灬 礻
禛	bag	 礻
禜	bag	 冖 示
禝	bag	八  礻
禞	bag	 礻
禟	bag	 广 礻 
禠	bag	 几 礻 𠂆
禡	bag	⑥ 灬 礻
禢	bag	 日 礻 
禣	bag	丶  礻
禤	bag	 礻 罒 
禥	bag	 礻
禦	bag	 彳 示 𠂉
禧	bag	 礻 豆
禨	bag	②   人 礻
禩	bag	 田 礻
禪	bag	 甲 礻
禫	bag	  日 礻
禬	bag	⺌   礻
禭	bag	 礻 
禮	bag	曲 礻 豆
禯	bag	 曲 礻 𠄌
禰	bag	   乀 八 巾 礻
禱	bag	 乛  寸 工 礻
禲	bag	 厂 礻 禺
禳	bag	 井  礻 𧘇
禴	bag	   礻
禵	bag	 礻 頁 龰
禶	bag	 八 目 礻 
禷	bag	犬 礻 米 頁
禸	bag	冂 厶
禹	bag	禹 ⸻
禺	bag	禺 ⸻
离	bag	
禼	bag	⺊  厶 囗
禽	bag	  凵 
禾	bag	丿 
禿	bag	 
秀	bag_ops	
私	bag	
秂	bag	 木
秃	bag	丿 几 
秄	bag_ops	 木 
秅	bag	㇀  木
秆	bag	丿 干 木
秇	bag	 九 木
秈	bag_ops	丿 山 木 
秉	bag	 木 
秊	bag_ops	 十 木 
秋	ordered	
秌	ordered	 
种	bag	
秎	bag	丿  木 𠃌
秏	bag	 木
秐	bag	 
科	bag	
秒	bag	 小 
秓	bag	 又 木
秔	bag	 几 木
秕	bag	 
秖	bag	 氏
秗	bag	  木
秘	bag	
秙	ordered	 
秚	bag_ops	   ⿻
秛	bag	 皮
秜	bag	 尸 木
秝	bag	 木
秞	bag	 由
租	bag	且 
秠	bag	③  木
秡	bag	 又 木 𠂇
秢	bag	 人 
秣	bag	 末
秤	bag	 干 木
秥	bag	⺊ 丿 
秦	bag	 
秧	bag	丿 央 木
秨	bag	丿 乍 木
秩	bag	  木
秪	bag	丶  氏
秫	bag	丶  
秬	bag	丿 巨 木
秭	bag	㇉  
秮	bag	丿 厶 
积	bag	
称	bag	
秱	bag	 冂 
秲	bag	  木
秳	bag	丿  木
秴	bag	 
秵	bag	 囗 木
秶	bag_ops	丿 冫 木 欠 
秷	bag	 十 
秸	bag	 
秹	bag	  十 木
秺	bag	㇀  宀 木
移	bag	
秼	bag	 朱
秽	bag	 山 
秾	bag	 木 𧘇
秿	bag	 十 月 木
稀	bag	㐅 丿 巾 木 𠂇
稁	bag	 冖 
稂	bag	丶  艮
稃	bag	 子 
稄	bag	 厶 夂 木
稅	bag	 八 
稆	bag_ops	丿  
稇	ordered	 囗 木
稈	bag	丿 干 
稉	bag	  
稊	bag	  弓 木
程	bag	
稌	bag	 木 朩
稍	bag	
税	bag	
稏	bag	⑥  木
稐	bag	 人  木
稑	bag	  木
稒	bag	 囗 木
稓	bag	  木
稔	bag	㇇  人 心 木
稕	bag	  木
稖	bag	 丿 
稗	bag	 十 
稘	bag	⑤  八 木
稙	bag	  木
稚	bag	 
稛	bag	 囗 
稜	bag	  夂 木
稝	bag	丿  木
稞	bag_ops	丿  木 
稟	bag	 口 
稠	bag	⺆  
稡	bag	  十 木
稢	bag	 
稣	bag	 木 
稤	bag	  木
稥	bag	丿  
稦	bag	㐄 丿  𫝀
稧	bag	   木 𠃌
稨	bag	丨   木
稩	bag	 木 田
稪	bag	丿 夂  𠂉
稫	bag	  田
稬	bag	  丿  木
稭	bag	 比 白
種	bag	 重
稯	bag	㐅  凵 夂 木
稰	bag	 木 疋
稱	bag	 冉 
稲	bag	 丿  𭕄
稳	bag	
稴	bag	  
稵	bag	 
稶	bag	  丿 
稷	bag	 夂 木 田
稸	bag	  田
稹	bag	  十 木
稺	bag	  尸 木
稻	bag	 臼 𭕄
稼	bag	 宀 木 𧰨
稽	bag	 尢 
稾	bag_ops	 冂  木  ⿳ ⿵
稿	bag_ops	 冂   ⿳ ⿵
穀	bag	  又 木 𠘧
穁	bag	 木 耳
穂	bag	 心 
穃	bag	 木 谷
穄	bag	② 丿 冫  𠂊
穅	bag	丿 广 木 隶
穆	bag	 彡 
穇	bag	 厶 厶 厶 彡 木
穈	bag	丿  木
穉	bag	  尸 木 
穊	bag	⑤ 丿 旡 木
穋	bag	  彡 木 
穌	bag	 灬 
積	bag	  龶
穎	bag_ops	 木 頁  ⿺
穏	bag	  木  𭕄
穐	bag	 日  𠂊
穑	bag	  囗 木
穒	bag	⑦  灬
穓	bag	  木 
穔	bag	  
穕	bag	 木 隹
穖	bag	②   人 木
穗	bag	⑧  木
穘	bag	   十 木
穙	bag	   木
穚	bag	 丿   木
穛	bag	 灬 隹
穜	bag	  甲
穝	bag	丿  木 耳
穞	bag	  
穟	bag	  
穠	bag	 厂 曲 木 𠄌
穡	bag	   木
穢	bag	 戊 木 
穣	bag	 井 八 木 𧘇
穤	bag	    冂 冂 木
穥	bag	②  丿  彐 木
穦	bag	   𣥂
穧	bag	③    𠃌
穨	bag	 八 几  目
穩	bag	 工  
穪	bag	  丿  乀 八 巾 木
穫	bag	 又 木 隹
穬	bag	  广 
穭	bag	丿  灬 
穮	bag	丨  广 木 比 灬 
穯	bag	  囗 木
穰	bag	 井  木 𧘇
穱	bag	⑤   罒 𭕄
穲	bag	  冂 冂 广 木 比 
穳	bag	丿  八  
穴	bag	
穵	bag	乙 
究	bag	
穷	bag	
穸	bag	丶  𠂊
穹	bag	 
空	bag	
穻	bag	于 
穼	bag_ops	 
穽	bag	井 
穾	bag	 
穿	bag	
窀	bag	 八 凵 宀
突	bag	
窂	bag	 牛
窃	bag	  𠃌
窄	bag	乍 
窅	bag	 
窆	bag	  
窇	bag	八 勹 宀 巳
窈	bag	 
窉	bag	  
窊	bag	 瓜 ⸻
窋	bag	丨 八  
窌	bag	八 卩 宀 𠂎
窍	bag	 
窎	bag	 
窏	bag	于  氵
窐	bag	  宀
窑	bag	 缶
窒	bag	  厶 
窓	bag	 宀 心
窔	bag	 
窕	bag	兆 
窖	bag	 宀 𠂒
窗	bag	
窘	bag	  宀 
窙	bag	八 子 宀 耂
窚	bag	 
窛	bag	 八 
窜	bag	丨 八  
窝	bag	  宀
窞	bag	八 勹 宀 臼
窟	bag	丨 八  宀 
窠	bag	 
窡	bag	八   宀
窢	bag	  宀
窣	bag	  宀
窤	bag	 
窥	bag	  见
窦	bag	乛  
窧	bag	⺊  宀 日
窨	bag	  日
窩	bag	  宀 𠃍
窪	ordered	宀 八 氵 十  一
窫	bag	  人  𠃌
窬	bag	 八 刂 宀 月
窭	bag	八  米
窮	ordered	宀 八 身 弓
窯	bag	  宀 灬
窰	bag	 缶 𭕄
窱	bag	 八 夂 宀 朩
窲	bag	 
窳	bag	 瓜 瓜
窴	bag	 八  宀
窵	bag_ops	⑦  灬 
窶	bag	⑧ 八 
窷	bag	八 卩 宀 耳 𠂎
窸	bag	 心 米
窹	bag	一  宀 爿 𫝀
窺	bag	 人  目
窻	bag	 宀 心
窼	bag	  
窽	bag	  欠 𠂉
窾	bag	一  宀 欠 示
窿	bag	 夂 宀 
竀	bag	  止 目
竁	bag	    乚 
竂	bag	 人  小 日
竃	bag	  宀 
竄	bag	⑦  臼
竅	bag	  攵 白 𠃌
竆	bag	八  身
竇	bag	  宀 目 罒
竈	bag	一  宀 黽
竉	bag	⑦   月
竊	bag	⺊ 丿  冂 冂 厶 宀 米
立	bag	
竌	bag	 几
竍	bag_ops	 
竎	bag	 
竏	bag	 
竐	bag	  ⸻
竑	bag	 厶 𠂇
竒	bag	 亅 
竓	bag	  ⸻
竔	bag	 
竕	bag	 
竖	bag	  又
竗	bag	 
竘	bag	 
站	bag	
竚	bag	 宀
竛	bag	 人 龴
竜	bag	 
竝	bag	 ⸻
竞	bag	
竟	bag	
章	bag	
竡	bag	 白
竢	bag	 人 
竣	bag	 
竤	bag	 厶 宀 𠂇
童	bag	
竦	bag	 束
竧	ordered	 一 身
竨	bag	⺊  
竩	bag	  宀
竪	bag	 又 臣
竫	bag	 
竬	bag	 禹
竭	bag	  𠃊
竮	bag	   尸
端	bag	
竰	bag	 厂 甲
竱	bag	⑧  寸
竲	bag	⺌  丷 
竳	bag	  豆
竴	bag	 
竵	bag	㐄    
競	bag	  
竷	bag	㐄  夂 夂 日
竸	bag	  
竹	bag	  ⸻
竺	bag	 
竻	bag	丿   𠃌
竼	bag	 几 
竽	bag	 于 
竾	bag	也  
竿	bag	 干 
笀	bag	   𠃊
笁	bag	 工 
笂	bag	  
笃	bag	②  
笄	bag	  
笅	bag	㐅   
笆	bag	 巴 
笇	bag	  卜 
笈	bag	 及 
笉	bag	  
笊	bag	 爪 
笋	bag	   
笌	bag	 牙 
笍	bag	  
笎	bag_ops	  ⿰  
笏	bag	  勹 
笐	bag	  几 
笑	bag	
笒	bag	 
笓	bag	 比 
笔	bag_ops	
笕	bag	 见 
笖	bag	 以 
笗	bag	  夂 
笘	bag	⺊  口 
笙	bag	 生 
笚	bag	 甲 
笛	bag	 由 
笜	bag	丨   
笝	bag	 又 囗 
笞	bag	  
笟	bag	 瓜 
笠	bag	  
笡	bag	且  
笢	bag	 民 
笣	bag	  
笤	bag_ops	丿  口  𠃌  ⿹
笥	bag	 口  𠃌
符	bag	
笧	bag	 册 
笨	bag	 本 
笩	bag	  亻 
笪	bag	 日 
笫	bag	㇉  
第	bag_ops	
笭	bag	丶  龴 
笮	bag	乍  
笯	bag	  
笰	bag_ops	   ⿻
笱	bag	  
笲	bag	 厶 
笳	bag_ops	丿  口    ⿻
笴	bag	  口 
笵	bag	㔾  氵 
笶	bag	 人 𠂉 
笷	bag	 卩  𠂎
笸	bag	 匚 口 
笹	bag	世  
笺	bag	  
笻	bag	 卩 工 
笼	bag	  尢 
笽	bag	 皿 
笾	bag	丿  辶  𠃌
笿	bag	  
筀	bag	  
筁	bag	 曲 
筂	bag	也  氵 
筃	bag	 人 囗 
筄	bag	 兆 
筅	bag	   𠂒
筆	bag	   
筇	bag	 工 阝 
筈	bag	丿   
等	bag	
筊	bag	  八 
筋	bag	丿  月  𠃌
筌	bag	  
筍	bag	 勹 日 
筎	bag	  
筏	bag	  亻 
筐	bag	  
筑	bag	
筒	bag	  
筓	bag	 干 干 
答	bag	
筕	bag	 亅 彳 
策	bag	
筗	bag	丨   
筘	bag	  
筙	bag	 未 
筚	bag	  
筛	bag	 巾 
筜	bag	⺌  彐 
筝	bag	    𠂊
筞	bag	 木 
筟	bag	丿  子  𭕄
筠	bag	  十 
筡	bag	 人 朩 
筢	bag	  
筣	bag	丿  刂 木 
筤	bag	 艮 
筥	bag	  
筦	bag	 
筧	bag	  
筨	bag	  口 
筩	bag	   
筪	bag	 匚 甲 
筫	bag	 八 
筬	bag	 戊  𠃌
筭	bag	  十 
筮	bag	  工 
筯	bag	且 丿   𠃌
筰	bag	乍  亻 
筱	bag	丨  亻 攵 
筲	bag	⺌  月 
筳	bag	  十 廴 
筴	bag	  人 
筵	bag	  廴 
筶	bag	 口  𠂒
筷	bag	 人 忄  𠃍
筸	bag	 干 日 
筹	bag	  寸 
筺	bag	   
筻	bag	  日 
筼	bag	  
筽	bag	  口 
签	bag	
筿	bag	 夂 朩 
简	bag	
箁	bag	  口 
箂	bag	  木 
箃	bag	 又 耳 
箄	bag	丿  十 白 
箅	bag	 田 
箆	bag	  比 
箇	bag	  
箈	bag	  
箉	bag	丿    𠃌
箊	bag	   𠃌
箋	bag	   
箌	bag	  
箍	bag	 匚 巾 扌 
箎	bag	  几 
箏	bag	  亅   𭕄
箐	bag	  
箑	bag	 疌 
箒	bag	 冖 巾 彐 
箓	bag	丷   彐 
箔	bag	  
箕	bag	⑤  八 
箖	bag	  
算	bag	
箘	bag	丿  囗 木 
箙	bag	  月 
箚	full	⿱  𠂊 亅 ⿱ 𠂊 亅  人  刂
箛	bag	  
箜	bag	  
箝	bag	 扌 甘 
箞	bag	 
箟	bag	  
箠	bag	  
管	bag	
箢	bag	  𠂊
箣	bag	 刂 
箤	bag	   十 
箥	bag	  
箦	bag	  
箧	bag	  匚 
箨	bag	   
箩	bag	 罒  𠂊
箪	bag	  甲 
箫	bag	 肃 
箬	bag	丨   𠂇 
箭	bag	   
箮	bag	  日 
箯	bag	  亻 日 
箰	bag	 勹 子 日 
箱	bag	  
箲	bag	  氵  𠂒
箳	bag	  尸 
箴	bag	 口 戊 
箵	bag_ops	丿  小 目  
箶	bag	  月 
箷	bag	  𠂉  𠃌
箸	bag	  
箹	bag	   勹 
箺	bag	  人 日 
箻	bag	   
箼	bag	 十 厶 尸 
箽	bag	 重 
箾	bag	⺌   
箿	bag	 口 耳 
節	bag	⑤  卩 
篁	bag	 十 白 
篂	bag	  
篃	bag	  𠃜
範	bag	㔾  車 
篅	bag	  冂 山 
篆	bag	 彑  𧰨
篇	bag	
篈	bag	 十  
築	bag	 木 
篊	bag	   氵 
篋	bag	  人 匚 
篌	bag	 人  
篍	bag	丿   木 
篎	bag_ops	丿  小  
篏	bag	 欠 甘 
篐	bag	 匚 巾 木 
篑	bag	   
篒	bag	丶  艮 
篓	bag	 女 米 
篔	bag	  
篕	bag	 十 厶 皿 
篖	bag	  口  
篗	bag	 又 隹 
篘	bag	   勹 勹 
篙	bag	  冂  
篚	bag	 匚 非 
篛	bag	  弓 
篜	bag	㇇    灬 
篝	bag	 井 冉 
篞	bag	  氵 
篟	bag	 亻  
篠	bag	丨  亻 夂 朩 
篡	bag	 人 厶 
篢	bag	 八 工 
篣	bag	 丿  冖  𠃌
篤	bag	⑥  灬 
篥	bag	   
篦	bag	㐅 丿  囗 比 
篧	bag	 冖 隹 
篨	bag	 人 朩 阝 
篩	bag	㠯   巾 
篪	bag	  几 𠂆 
篫	bag	 手 
篬	bag	  口 尸 
篭	bag	 乚  日 
篮	bag	   
篯	bag	  钅 
篰	bag	  口 阝 
篱	bag	  冂 凵 厶 
篲	bag	  丨  彐 
篳	bag	⑨  
篴	bag	 辶  𧰨
篵	bag	  彳 龰 
篶	bag	②  止 灬 
篷	bag	  夂 辶 
篸	bag	 厶 厶 厶 彡 
篹	bag	㔾  人 
篺	bag	丿  十  
篻	bag	  口 示 
篼	bag	②   白  
篽	bag	  卩  
篾	bag	 戊 罒 
篿	bag	⑧  寸 
簀	bag	 八  
簁	bag	 彳 止 龰 
簂	bag	   
簃	bag	 丿  木  
簄	bag	 口 尸 巴 
簅	bag	  厂 生 
簆	bag	  攵 
簇	bag	  𠂉 𠂉  𠃌
簈	bag	  尸 干 干 
簉	bag	 口 辶  𠂒
簊	bag	   
簋	bag	 皿 艮 
簌	bag	 束 欠 
簍	bag	⑧  女 
簎	bag	   
簏	bag	  广 比  
簐	bag	 欠 車 
簑	atomic_override	簑
簒	bag	  厶 
簓	bag	⺆   彡 
簔	full	⿱  𠂊 亅 ⿱ 𠂊 亅 ⿳ ⿱ 丶 一 ⿻ 口 一 𧘇
簕	bag	丿  革  𠃌
簖	bag	    𠃊
簗	bag	丶     𠃌
簘	bag	 粛 
簙	bag	 十  
簚	bag	  巾 罒 
簛	bag	  八 𠂆 
簜	bag	 丿  勹  
簝	bag	  小 日 
簞	bag	  甲 
簟	bag	   日 
簠	bag	 十 月 皿 
簡	bag	 日 𠁣  𠃛
簢	bag	  𠁣  𠃛
簣	bag	   
簤	bag	 八 目 罒 
簥	bag	    
簦	bag	  豆 
簧	bag	   由 
簨	bag	   巳 巳 
簩	bag	丿   冖  𠃌
簪	bag	 旡 旡 日 
簫	bag	 肅 
簬	bag	  
簭	bag	   工 
簮	bag	   日 
簯	ordered	𠂊 亅 𠂊 亅 木 
簰	bag	丿  十 片 白 
簱	bag	⑤   八  𠃌
簲	bag	丿  十 月 白 
簳	bag	  十 干 日 
簴	bag	  八 
簵	bag	  車 
簶	bag	丷   彐 礻 
簷	bag	  厂 言  𠂊
簸	bag	⑤  八 皮 
簹	bag	⺌   田 
簺	bag	 井  宀 
簻	bag	 冂  辶  𠃍
簼	bag	 井 冉 扌 
簽	bag	  人  
簾	bag	   
簿	bag	  
籀	bag	    𠃌
籁	bag	 束 贝  𠂊
籂	bag	  巾 𠂉 
籃	bag	 皿 臣 𠂉 
籄	bag	  八 匚 口 
籅	bag	②  丿  八 彐 
籆	bag	丨   隹 
籇	bag	    𧰨
籈	bag	 丨   瓦 
籉	bag	   十  
籊	bag	  隹  
籋	bag	   乀  八 巾 
籌	bag	 亅  寸 工 
籍	bag	   未 
籎	bag	   
籏	bag	⑤   八 𠂉  𠃌
籐	bag	 丷   月 
籑	bag	   
籒	bag	丣   
籓	bag	丿  氵  
籔	bag	⑧   
籕	bag	  木 田  𠃌
籖	bag	  十 非 
籗	bag	   隹 
籘	bag	②   小 月 
籙	bag	 丷  亅 人  彐 
籚	bag	  田 皿 
籛	bag	    
籜	bag	  十 干  
籝	bag	  几  月  𠃊
籞	bag	  卩 彳 示 𠂉 
籟	bag	 八 束  𠂊
籠	bag	⑦   月 
籡	bag	  人  扌 
籢	bag	  人  攵 
籣	bag	 柬 𠁣  𠃛
籤	bag	   非 
籥	bag	     
籦	bag	   重 
籧	bag	   辶  𧰨
籨	bag	  人  
籩	bag	   自 辶  𠃌
籪	bag	      𠂆  𠃊 𠃊
籫	bag	  八  
籬	bag	  冂 凵  
籭	bag	 丨  冂 冂 广 比  
籮	bag	  罒 隹 
籯	bag	  八  月  𠃊
籰	bag	 又 目 目 隹 
籱	bag	   隹 隹 
籲	bag	     頁 
米	bag	
籴	bag	入 
籵	bag	十 米
籶	bag	几 米
籷	bag	 米
籸	bag	 米
籹	bag_ops	女 米 ⿰
籺	bag	乙 米 𠂉
类	bag	
籼	bag	山 米
籽	bag	子 米
籾	bag	 米 𠃌
籿	bag	寸 米
粀	bag	丈 米
粁	bag	 米
粂	bag	久 米
粃	bag_ops	比 米 ⿰
粄	bag	又 
粅	bag	 米
粆	bag	 米
粇	bag	 米
粈	bag	丑 米
粉	bag	 米 𠃌
粊	bag_ops	比 米 ⿱
粋	bag	九 十 米
粌	bag	丨 弓 米
粍	bag_ops	 米 
粎	bag	尺 米
粏	bag	 米
粐	bag	 米
粑	bag	巴 米
粒	bag	 米
粓	bag	甘 米
粔	bag	巨 米
粕	bag	白 米
粖	bag	末 米
粗	bag	且 米
粘	bag	 米
粙	bag	由 米
粚	bag	也 米 𠂉
粛	bag	粛
粜	bag	 米
粝	bag	 厂 米 𠃌
粞	bag	 米
粟	bag	 米
粠	bag_ops	 米 
粡	bag	一  米
粢	bag	 米
粣	bag	册 米
粤	bag	㇉  囗 米
粥	bag	弓 弓 米
粦	bag	㐄  
粧	bag	 米
粨	bag	一 白 米
粩	bag	 米 耂
粪	bag_ops	 米 
粫	bag	 米
粬	bag	曲 米
粭	bag	 米
粮	bag	
粯	bag	 目 米
粰	bag	 米 𭕄
粱	bag	丶   𠃌
粲	bag	⺊ 丶  𠂊
粳	bag	 日 米
粴	bag	 甲 米
粵	bag	㇉  丿 囗 米
粶	bag	 米
粷	bag	勹 米 米
粸	bag	 米
粹	bag	 米
粺	bag	 白 米
粻	bag	  米 𠄌
粼	bag	㐄  𠂊 
粽	bag	 米
精	bag	
粿	bag	 米
糀	bag	丨   米
糁	bag	 米
糂	bag	⑤  匚 米
糃	bag	 丿 勹 日 米
糄	bag	 米
糅	bag	 木 米 龴
糆	bag	 囗 米
糇	bag	 米 
糈	bag	月 疋 米
糉	bag	㐅 八 凵 夂 米
糊	bag	 
糋	bag	 刂 
糌	bag	卜 夂 日 米
糍	bag	 米
糎	bag	 厂 甲 米
糏	bag	⺌ 尸 
糐	bag	丶  
糑	bag	 弓 米
糒	bag	 米
糓	bag	   𠘧
糔	bag	丶  虫
糕	bag	 灬 米
糖	bag	 广 米 
糗	bag	犬 米 自
糘	bag	 米 𧰨
糙	bag	口 米 
糚	bag	  爿 米
糛	bag	⺌   米
糜	bag	 
糝	bag	人 厶 厶 厶 彡 米
糞	bag	 
糟	bag	 米
糠	bag	广 米 隶
糡	bag	 日 米
糢	bag	 米
糣	bag	旡 旡 日 米
糤	bag	 攵 米
糥	bag	    冂 米
糦	bag	 米 豆
糧	bag	 甲 米
糨	bag	 米 虫
糩	bag	⺌   米
糪	bag	 米
糫	bag	 米 罒 𧘇
糬	bag	日 米 罒 耂
糭	bag	㐅   八 凵 夂 米
糮	bag	丶 皿 米 臣 𠂉
糯	bag	 冂 冂 米
糰	bag	⑧ 囗 寸 米
糱	bag	㠯  丿 凵 十 米
糲	bag	 厂 禺 米
糳	bag	④  又 干 米 
糴	bag	入  米 隹 
糵	bag	㠯   十 米
糶	bag	丨   米 隹 
糷	bag	 柬 米 𠁣 𠃛
糸	bag	 
糹	bag	 丶 ⸻
糺	bag	 丶 乚 ⸻
系	bag	
糼	bag_ops	 丶  ⿰ 
糽	bag	  亅 ⸻
糾	bag	 丩 丶
糿	bag_ops	 丶   
紀	bag	 丶 
紁	bag	  
紂	bag	 丶 寸
紃	bag	 丶 川
約	bag	 丶  ⸻
紅	bag	 丶 工
紆	bag	 丶 于
紇	bag	 丶 乙 𠂉
紈	bag	  九
紉	bag	  
紊	bag	  小
紋	bag	   ⸻
紌	bag	  尢
納	bag	  
紎	bag	 丶 犬
紏	bag	 丶 斗
紐	bag	 丑 丶
紑	bag	 ③ 
紒	bag	 丨  人
紓	bag	 丶 
純	bag	 丶 
紕	bag	 丶 比
紖	bag	  弓
紗	bag	  
紘	bag	 丶 厶 𠂇
紙	bag	 丶 氏
級	bag	 丶 及
紛	bag	 丶 
紜	bag	  厶
紝	bag	  
紞	bag	 丶 冘
紟	bag	 ㇇  人
素	bag	
紡	bag	  
索	bag	
紣	bag	  十
紤	bag	  𠂆
紥	bag	 乚 小 扌
紦	bag	 丶 
紧	bag	
紨	bag	 丶 
紩	bag	 
紪	bag	  止
紫	bag	  小 止
紬	bag	 丶 由
紭	bag	 丶 厶 
紮	bag	 乚 小 木
累	bag	
細	bag	 丶 
紱	bag	  
紲	bag	 世 丶 ⸻
紳	bag	 丶 申
紴	bag	 丶 皮
紵	bag	  亅 宀
紶	bag	  厶
紷	bag	  人 龴
紸	bag	  
紹	bag	  
紺	bag	 丶 甘
紻	bag	 丶 央
紼	bag	 丨  弓
紽	bag	  宀
紾	bag	  彡
紿	bag	 丶 
絀	bag	  
絁	bag	 丶 也 𠂉
終	bag	  丶 夂
絃	bag	②   丶 ⸻
組	bag	 且 丶
絅	bag	 丶 
絆	bag	  ⸻
絇	bag	  口
絈	bag	 丶 白
絉	bag	  木
絊	bag	 丶 本
絋	bag	 丶 厶 广
経	bag	  
絍	bag	  
絎	bag	  彳
絏	bag	 丶 曳
結	bag	  
絑	bag	 丶 朱
絒	bag	 丶 州
絓	bag	  
絔	bag	  白
絕	bag	  巴 𠃌
絖	bag	 ⺌  ⸻
絗	bag	 丶 
絘	bag	 丶 
絙	bag	  日
絚	bag	 ④  ⸻
絛	bag	②  夂 小
絜	bag	②   小 𠃌
絝	bag	  
絞	bag	  
絟	bag	 
絠	bag	 丶 
絡	bag	 丶 
絢	bag	  日
絣	bag	  丿
絤	bag	  
絥	bag	  犬
給	bag	  
絧	bag	  口
絨	bag	   𠂇
絩	bag	 丶 兆 ⸻
絪	bag	  囗
絫	bag	 厶 厶 厶 小
絬	bag	 丶 
絭	bag	②  人 
絮	bag	  
絯	bag	   𠃋
絰	bag	  
統	bag	  厶
絲	bag	②   
絳	bag	 㐄 丶 夂
絴	bag	  ⸻
絵	bag	  人 厶
絶	bag	 丶 
絷	bag	  小 扌
絸	bag	  目
絹	bag	  
絺	bag	 㐅 丶 
絻	bag	 ⑤ 
絼	bag	 丶 豸
絽	bag	 丶 
絾	bag	 丶 
絿	bag	  
綀	bag	 丶 束
綁	bag	  丶 阝
綂	bag	  
綃	bag	 ⺌ 丶 月
綄	bag	  宀
綅	bag	  
綆	bag	  日
綇	bag	 丶 酉
綈	bag	  丿 弓
綉	bag	   𠄎
綊	bag	  
綋	bag	 丶 厶 宀 𠂇
綌	bag	 丶 谷
綍	bag	 丶  子
綎	bag	  廴
綏	bag	  女 𭕄
綐	bag	 丶 
綑	bag	 丶 囗 木
綒	bag	  
經	bag	  工 
綔	bag	②   小
綕	bag	  心
綖	bag	 ③  廴
綗	bag	 丶 八 
綘	bag	  丶 
継	bag	  𠃊
続	bag	  
綛	bag	 丶 
綜	bag	 丶 
綝	bag	 丶 
綞	bag	 ⑥ 
綟	bag	  尸 犬
綠	bag	   彑
綡	bag	 
綢	bag	 ⺆  
綣	bag	 㔾  人
綤	bag	  
綥	bag	  田
綦	bag	② ⑤  八 
綧	bag	  
綨	bag	 ⑤  八
綩	bag	 㔾  宀 𠂊
綪	bag	 丶 
綫	bag	   
綬	bag	 丶 
維	bag	 丶 隹
綮	bag	 丶 小 尸 攵
綯	bag	  缶
綰	bag	 㠯 丶 宀
綱	bag	  冂 山
網	bag	  冂 𠃊
綳	bag	 丶 
綴	bag	 丶  
綵	bag	 丶 
綶	bag	 丶 
綷	bag	   十
綸	bag	   
綹	bag	  
綺	bag	  
綻	bag	  宀 龰
綼	bag	  十 白
綽	bag	 ⺊ 丶 
綾	bag	   夂
綿	bag	 丶 巾 
緀	bag	  
緁	bag	 丶 疌
緂	bag	 丶 
緃	bag	 丶  龰
緄	bag	 丶 
緅	bag	 丶 又 耳
緆	bag	 丶  日
緇	bag	 丶 田 
緈	bag	  十 
緉	bag	  入 入 巾
緊	bag	  臣
緋	bag	 丶 非
緌	bag	  
緍	bag	 丶 日 氏
緎	bag	  
総	bag	 丶  心
緐	bag	  
緑	bag	   彐
緒	atomic_override	緒
緓	bag	  央
緔	bag	 ⺌ 丶 
緕	bag	   丿 
緖	full	 ⿰  ③ ⿸ 耂 日
緗	bag	 丶 
緘	bag	  戊
緙	bag	 丶 革
線	bag	 ㇇  亅 白
緛	bag	  丨  
緜	bag	  
緝	bag	  耳
緞	bag	  
緟	bag	 丶 重
締	bag	  丷 冖 巾
緡	bag	 丶 日 民
緢	bag	  田
緣	bag	 丶 彑 𧰨
緤	bag	 世 
緥	bag	 丶 
緦	bag	 丶 心 田
緧	bag	  酉
編	bag	 丨  
緩	bag	  又 
緪	bag	 ④  忄
緫	bag	   心
緬	bag	  囗
緭	bag	 丶 
緮	bag	 丶 
緯	bag	 㐄  𫝀
緰	bag	  
緱	bag	  
緲	bag	  小 目
緳	bag	②   小 广 𠃌
練	bag	 丶 柬
緵	bag	 㐅 丶 八 凵 夂
緶	bag	  亻 日
緷	bag	 丶 冖 車
緸	bag	   
緹	bag	  日 龰
緺	bag	 丶 冂  𠃍
緻	bag	  厶 攵
緼	bag	 丶 日 皿
緽	bag	 ⺊ 丶 八 目
緾	bag	  厂 甲
緿	bag	 丶  心
縀	bag	  
縁	bag	 丶 彐 𧰨
縂	bag	  口 心
縃	bag	 丶 月 疋
縄	bag	 丶 乚 
縅	bag	  女 戊
縆	bag	  
縇	bag	  宀 日
縈	bag	  冖 
縉	bag	 ④  日
縊	bag	  皿
縋	bag	 㠯  辶
縌	bag	  凵 辶
縍	bag	   丷  𠃌
縎	bag	  月
縏	bag	  
縐	bag	   勹 勹
縑	bag	 ④  
縒	bag	  工
縓	bag	 丶  白
縔	bag	 丶  又 木
縕	bag	  囗 皿
縖	bag	   宀
縗	bag	  
縘	bag	②    𭕄
縙	bag	  耳
縚	bag	  臼 𭕄
縛	bag	  
縜	bag	 丶  目
縝	bag	②  且 丶 
縞	bag	  冂 
縟	bag	   厂 寸 𠄌
縠	bag	②    𠘧
縡	bag	  十 宀
縢	bag	②  人 小 月
縣	bag	②   小 
縤	bag	②   小 龶
縥	bag	  
縦	bag	  彳 龰
縧	bag	  夂 朩
縨	bag	 ⺌  日
縩	bag	②  丶 冫 
縪	bag	 ⑨ 
縫	bag	  丶 夂 辶
縬	bag	  小 戊
縭	bag	 㐅  冂 凵 厶
縮	bag	  宀 白
縯	bag	   由
縰	bag	 丶 彳 止 龰
縱	bag	 丶  彳 龰
縲	bag	②   小 
縳	bag	 ⑧ 丶 寸
縴	bag	②   丶 冖 牛
縵	bag	 丶  罒
縶	bag	 九 十 小 干
縷	bag	 ⑧ 
縸	bag	   
縹	bag	   示
縺	bag	 丶 車 辶
縻	bag	 
縼	bag	  
總	bag	   心
績	bag	 丶 八 
縿	bag	  厶 厶 厶 彡
繀	bag	  隹
繁	bag	
繂	bag	②    
繃	bag	  
繄	bag	②  匚  𠂉 𠘧
繅	bag	 丶  
繆	bag	   彡 
繇	bag	  小 缶 𭕄
繈	bag	 丶 厶 弓 虫
繉	bag	 丶 兆 目
繊	bag	 ④  十
繋	bag	  車 𠘧
繌	bag	 㐅  囗 夊
繍	bag	 丶 粛
繎	bag	 丶 
繏	bag	   巳 巳
繐	bag	 ⑧ 丶 心
繑	bag	  冂 
繒	bag	 ⺌  
繓	bag	 丶  耳
織	bag	   丷  日
繕	bag	   
繖	bag	 ⺆   攵
繗	bag	 㐄  米 𠂊
繘	bag	    口 龴
繙	bag	  
繚	bag	  人 小 日
繛	bag	  小 日 龶
繜	bag	  寸 酉
繝	bag	 丶 月 𠁣 𠃛
繞	bag	    十
繟	bag	   甲
繠	bag	 心 心 心
繡	bag	 丶 肅
繢	bag	   目
繣	bag	  丶 田 
繤	bag	②   十 小 目
繥	bag	 丶 
繦	bag	 丶  虫
繧	bag	   厶
繨	bag	   十 辶
繩	bag	 丶 黽
繪	bag	 ⺌  
繫	bag	 凵  車 𠘧
繬	bag	  
繭	bag	  冂 虫 艹
繮	bag	   田 田
繯	bag	  罒 𧘇
繰	bag	 丶  
繱	bag	 丨   十 心
繲	bag	  
繳	bag	  攵 白 𠃌
繴	bag	②   小 尸
繵	bag	  口 
繶	bag	  心 日
繷	bag	   厂 曲 𠄌
繸	bag	  
繹	bag	  十 干 罒
繺	bag	 丶 彐 攵 灬 𠂊
繻	bag	     冂 冂
繼	bag	     丶 𠃊 𠃊
繽	bag	   目 𣥂
繾	bag	 㠯  口 辶
繿	bag	  皿 臣 𠂉
纀	bag	   
纁	bag	 丶 熏
纂	bag	②   小 
纃	bag	 ③  丨   
纄	ordered	 ③ 十 丨 辶 夂 
纅	bag	    白
纆	bag	 ⑧  灬
纇	bag	 米 頁
纈	bag	   頁
纉	bag	    目
纊	bag	   广 由
纋	bag	 ⑧ 丶 夂 心
續	bag	   目 罒
纍	bag	 田 田 
纎	bag	  十 非
纏	bag	  十 广 甲
纐	bag	   頁
纑	bag	②  ⺊ ㇀ 丶 乚 田 皿
纒	bag	 ⑧  灬
纓	bag	 丶 八 八 女 目 目
纔	bag	 ⑤  口 比 
纕	bag	  井  𧘇
纖	bag	   非
纗	bag	 丶  口 山 隹
纘	bag	 丶  八 目 
纙	bag	②  ③  罒 隹
纚	bag	   冂 冂 广 比 
纛	bag	②   小 小 
纜	bag	  目 罒 臣 𠂉
纝	bag	②   小 田 田 田
纞	bag	   丶 小 小 心 言
纟	bag	
纠	bag	丩 纟
纡	bag	于 纟
红	bag	
纣	bag	寸 纟
纤	bag	 纟
纥	bag	乙 纟 𠂉
约	bag	
级	bag	
纨	bag	 纟
纩	bag	广 纟
纪	bag	
纫	bag	 
纬	bag	纟 韦
纭	bag	 纟
纮	bag	 𠂇
纯	bag	
纰	bag	比 纟
纱	bag	 纟
纲	bag	 纟
纳	bag	
纴	bag	 纟
纵	bag	
纶	bag	 纟
纷	bag	
纸	bag	
纹	bag	 纟
纺	bag	 
纻	bag	 
纼	bag	丨 弓 纟
纽	bag	丑 纟
纾	bag	 纟 龴
线	bag	
绀	bag	甘 纟
绁	bag	世 纟
绂	bag	丶  𠂇
练	bag	
组	bag	
绅	bag	申 纟
细	bag	
织	bag	
终	bag	
绉	bag	彐 
绊	bag	 纟
绋	bag	 纟
绌	bag	 纟
绍	bag	
绎	bag	 
经	bag	
绐	bag	 纟
绑	bag	 纟 阝
绒	bag	 纟 𠂇
结	bag	
绔	bag	㇉  纟
绕	bag	 纟
绖	bag	 纟
绗	bag	 彳 纟
绘	bag	 
给	bag	
绚	bag	勹 
绛	bag	㐄 
络	bag	
绝	bag	
绞	bag	 纟
统	bag	
绠	bag	 
绡	bag	⺌ 月 纟
绢	bag	口 月 纟
绣	bag	 纟 𠄎
绤	bag	纟 谷
绥	bag	 纟 𭕄
绦	bag	夂 朩 纟
继	bag	
绨	bag	 纟
绩	bag	纟 
绪	bag	 耂
绫	bag	一  
绬	bag	 央 纟
续	bag	
绮	bag	 纟
绯	bag	纟 非
绰	bag	⺊  纟
绱	bag	⺌  纟
绲	bag	 纟
绳	bag	乚  纟
维	bag	
绵	bag	 纟
绶	bag	 纟 𭕄
绷	bag	 纟
绸	bag	 纟
绹	bag	勹 纟 缶
绺	bag	卜 
绻	bag	 纟
综	bag	 纟
绽	bag	 纟 龰
绾	bag	 纟
绿	bag	
缀	bag	  纟
缁	bag	田 纟 
缂	bag	纟 革
缃	bag	 纟
缄	bag	 戊 纟
缅	bag	 囗 纟
缆	bag	 纟 见 𠂉
缇	bag	 纟 龰
缈	bag	 目 纟
缉	bag	口 纟 耳
缊	bag	日 皿 纟
缋	bag	 纟 贝
缌	bag	心 田 纟
缍	bag	 纟
缎	bag	⑤  𠘧
缏	bag	 
缐	bag	 白 纟
缑	bag	 纟 
缒	bag	㠯 丿 纟 辶
缓	bag	
缔	bag	 巾 纟
缕	bag	女 
编	bag	
缗	bag	日 民 纟
缘	bag	
缙	bag	 
缚	bag	丶  纟
缛	bag	 寸 纟 𠄌
缜	bag	 纟
缝	bag	  辶
缞	bag	 口 纟 𧘇
缟	bag	 纟
缠	bag	 广 甲 纟
缡	bag	 
缢	bag	 皿 纟
缣	bag	 纟 
缤	bag	丘  纟
缥	bag	 示 纟
缦	bag	 纟 罒
缧	bag	 田 纟
缨	bag	女 纟 贝 贝
缩	bag	
缪	bag	 彡 纟 
缫	bag	 纟 
缬	bag	 纟 页
缭	bag	 人 小 
缮	bag	  纟
缯	bag	  纟
缰	bag	 一 田 田 纟
缱	bag	㠯  纟 辶
缲	bag	  纟
缳	bag	 纟 罒 𧘇
缴	bag	 白 
缵	bag	 纟 
缶	bag	缶 ⸻
缷	bag	卩 缶
缸	bag	工 缶
缹	bag	灬 缶
缺	bag	
缻	bag	瓦 缶
缼	bag	欠 缶
缽	bag	本 缶
缾	bag	 缶
缿	bag	 缶 𠂆
罀	bag	兆 缶
罁	bag	 冂 山 缶
罂	bag	缶 贝 贝
罃	bag	 冖 缶
罄	bag	 缶 𠃜 𠘧
罅	bag	 ㇀ 乎 乚 缶
罆	bag	八 毌 目 缶
罇	bag	 缶 酉
罈	bag	  日 缶
罉	bag	 手 缶
罊	bag	凵 又 缶 車 𠘧
罋	bag	 乡 缶 隹
罌	bag	八 八 目 目 缶
罍	bag	田 田 田 缶
罎	bag	  厶 日 缶
罏	bag	 田 皿 缶
罐	bag	 口 缶 隹
网	bag	
罒	bag	
罓	full	⿵ 冂 㐅
罔	bag	 冂 𠃊
罕	bag	 
罖	bag	 罒
罗	bag	
罘	bag	 罒
罙	bag	 
罚	bag	
罛	bag	瓜 罒
罜	bag	 罒
罝	bag	且 罒
罞	bag	 罒 龴
罟	bag	 罒
罠	bag	民 罒
罡	bag	 罒
罢	bag	
罣	bag	 罒
罤	bag	 罒
罥	bag	口 月 罒
罦	bag	 罒 𭕄
罧	bag	 罒
罨	bag	 
罩	bag	⺊  罒
罪	bag	
罫	bag	 卜 罒
罬	bag	  罒
罭	bag	  罒
置	bag	
罯	bag	 
罰	bag	刂 罒 言
罱	bag	 罒
署	bag	
罳	bag	心 田 罒
罴	bag	 灬 罒
罵	bag	⑥ 灬 
罶	bag	 田 罒 𠃌
罷	bag	 厶 
罸	bag	寸 罒 言
罹	bag	忄 罒 隹
罺	bag	 罒 
罻	bag	 示 罒
罼	bag	⑨ 一 罒
罽	bag	 刂 厂 罒
罾	bag	  罒
罿	bag	 甲 罒
羀	bag	 丣 冂 田
羁	bag	 罒 革
羂	bag	  月 罒
羃	bag	 
羄	bag	 ⺊ 丶  罒
羅	bag	  隹
羆	bag	 厶 灬 罒
羇	bag	 罒 革
羈	bag	⑥ 灬 罒 革
羉	bag	②  丶 小 小 罒 言
羊	bag	
羋	bag	 丨 卝
羌	bag	 乚 ⸻
羍	bag	 
美	bag	
羏	bag	 彡
羐	bag	一 久 十 艹
羑	bag	 久 
羒	bag	 
羓	bag	 巴
羔	bag	 
羕	bag	 永
羖	bag	 
羗	bag	 乚 
羘	bag	 月
羙	bag_ops	   
羚	bag	 人 龴
羛	bag_ops	 十 弓  
羜	bag	 亅 宀
羝	bag	 氏
羞	bag	 一 丑  ⸻
羟	bag	 工 
羠	bag	 人 弓
羡	bag	  
羢	bag	   𠂇
羣	bag_ops	    ⿻
群	bag_ops	
羥	bag	 工 
羦	bag	  
羧	bag	 
羨	bag	 欠 氵
義	bag	 
羪	bag	 艮
羫	bag	 
羬	bag	 口 戊
羭	bag	 人 
羮	bag	   灬
羯	bag	  𠃊
羰	bag	  山 𠂇
羱	bag	  白
羲	bag	③ ㇉   
羳	bag	 丿 
羴	bag	    丷 丷 ⸻
羵	bag	   十 目
羶	bag	  口 
羷	bag	  人 
羸	bag	  丷  
羹	bag	  丷  十 灬
羺	bag	   丷  冂 冂
羻	bag	  乛 夂 广 心 
羼	bag	    丷 丷 尸
羽	bag	
羾	bag	 工 
羿	bag	 
翀	bag	丨   𠃌
翁	bag	八   𠃌
翂	bag	  𠃌
翃	bag	 厶 𠂇 
翄	bag_ops	   ⿰  ⿹
翅	bag_ops	   ⿹ ⿺
翆	bag	九  
翇	bag	丶   
翈	bag	 甲 
翉	bag	 本 
翊	ordered	 一 𠃌  冫
翋	ordered	𠃌  冫  一
翌	bag_ops	   ⿹ ⿹
翍	bag	 皮 
翎	bag_ops	  龴 𠃌   ⿹
翏	bag	 彡  ⸻
翐	bag	 
翑	bag	 勹  𠃌
習	bag_ops	 白 𠃌  ⿹
翓	bag	一   
翔	bag	 
翕	bag_ops	   𠃌   ⿹
翖	bag_ops	     ⿹
翗	bag	   
翘	bag	 
翙	bag	丶  山 𠂊 
翚	bag	冖  车 
翛	bag	   𠃌
翜	bag	  
翝	bag	 厶 宀 𠂇 
翞	bag	   
翟	bag	 隹 
翠	bag	  
翡	bag	 非 
翢	bag	⺆ 一   
翣	bag	  女 
翤	bag	丨 冂   
翥	bag	  
翦	bag	   
翧	bag	  宀 日 
翨	bag	一  日 龰 
翩	bag	 冂   𠃌
翪	bag	㐅 八  凵  𠃌
翫	bag	  白 
翬	bag	冖  車 
翭	bag	    𠃌
翮	bag	  冂   𠃌
翯	bag	   
翰	bag	  
翱	bag	  白 
翲	bag	 冫  示 
翳	bag	  匚 又  𠃌 𠘧
翴	bag	 車 辶 
翵	bag	⑦  灬 
翶	bag	丷  白 
翷	bag	㐄 丶  米 𠂊 
翸	bag	  目 
翹	bag	    十 
翺	bag	丷  自 
翻	bag	
翼	bag	
翽	bag	一  戊 止  𣥂
翾	bag	一 冫  罒  𧘇
翿	bag	 乛   寸 工 
耀	bag	  隹 
老	bag	
耂	bag	
考	bag	
耄	bag	 耂
者	bag	
耆	bag	 
耇	bag	 耂
耈	bag	  耂
耉	bag	㇉  耂
耊	bag	 耂
耋	bag	 厶 耂
而	bag	
耍	bag_ops	 女  ⿵
耎	bag	  
耏	bag	 彡
耐	bag	 寸
耑	bag_ops	 山  ⿵
耒	bag	一 
耓	bag	 未
耔	bag	一 子 未
耕	bag	 未
耖	bag	 小 未
耗	bag	  未
耘	bag	  未
耙	bag	一 巴 未
耚	bag	一 未 皮
耛	bag	 口 未
耜	bag	㠯 一 未
耝	bag	 未
耞	bag	 未 𠃌
耟	bag	一 巨 未
耠	bag	 未
耡	bag	 丿 未 𠃌
耢	bag	  未 𠃌
耣	bag	 人  未
耤	bag	  
耥	bag	⺌ 一  未
耦	bag	一 未 禺
耧	bag	 未 米
耨	bag	  厂 寸 未 𠄌
耩	bag	 冉 未
耪	bag	 丷  未 𠃌
耫	bag	 未 
耬	bag	⑧  未
耭	bag	    未
耮	bag	  冖 未 𠃌
耯	bag	 又 未 隹
耰	bag	⑧  心 未
耱	bag	  未
耲	bag	⑤  未 罒 𧘇
耳	bag	
耴	bag	乚 耳
耵	bag	 耳
耶	bag	
耷	bag	 
耸	bag	 耳
耹	bag	 耳
耺	bag	 耳
耻	bag	止 耳
耼	bag	 耳
耽	bag	冘 耳
耾	bag	厶 耳 𠂇
耿	bag	 
聀	bag	 耳
聁	bag	 耳 𠃌
聂	bag	又 
聃	bag	冉 耳
聄	bag	人 彡 耳
聅	bag	 耳 𠂉
聆	bag	 耳 龴
聇	bag	 耳
聈	bag	 耳 𠃌
聉	bag	 耳
聊	bag	卩 耳 𠂎
聋	bag	 耳
职	bag	
聍	bag	 宀 耳
聎	bag	兆 耳
聏	bag	 耳
聐	bag	 耳
聑	bag	耳 
聒	bag	 耳
聓	bag	 耳
联	bag	
聕	bag	口 耳 𠂒
聖	bag	 
聗	bag	  耳
聘	bag	 由 耳
聙	bag	月 耳 龶
聚	bag	
聛	bag	 白 耳
聜	bag	 耳
聝	bag	  耳
聞	bag	耳 𠁣 𠃛
聟	bag	 耳 𠂉
聠	bag	 耳
聡	bag	 心 耳
聢	bag	 
聣	bag	 耳 臼
聤	bag	  耳
聥	bag	禹 耳
聦	bag	丶  心 耳
聧	bag	  耳
聨	bag	   丿 耳
聩	bag	 耳 贝
聪	bag	 心 耳
聫	bag	②  人 耳
聬	bag	八  厶 耳 
聭	bag	 田 耳
聮	bag	②  丶 灬 耳
聯	bag	 丱  耳
聰	bag	丿  心 耳
聱	bag	丿 攵 耳 
聲	bag	 耳 𠃜 𠘧
聳	bag	 彳 
聴	bag	十  耳
聵	bag	  目 耳
聶	bag	耳 耳 
職	bag	  日 耳
聸	bag	 厂 耳 言 𠂊
聹	bag	 宀 心 皿 耳
聺	bag	  耳 𠂊
聻	bag	 耳 車 𠂆
聼	bag	一   耳
聽	bag	   耳
聾	bag_ops	⑦  月 耳  
聿	bag	 
肀	bag	 
肁	bag	  
肂	bag	 丶 
肃	bag	肃
肄	bag	   𠂉
肅	bag	肅 ⸻
肆	bag	  厶 
肇	bag	  攵 
肈	bag	   尸 
肉	bag	肉
肊	bag	乙 
肋	bag	丿 
肌	bag	几 月
肍	bag	九 月
肎	bag	冖 
肏	bag	入 肉
肐	bag	乙 月 𠂉
肑	bag	 月
肒	bag	 月
肓	bag	 
肔	bag	也 
肕	bag	 
肖	bag	⺌ 
肗	bag	女 
肘	bag	寸 月
肙	bag	口 
肚	bag	 
肛	bag	工 
肜	bag	彡 月
肝	bag	干 月
肞	bag	 月
肟	bag	 月
肠	bag	月 𠃓
股	bag	
肢	bag	十 
肣	bag	 月
肤	bag	 
肥	bag	巴 
肦	bag	⺆  
肧	bag	 月
肨	bag	 月
肩	bag	 
肪	bag	 
肫	bag	 月
肬	bag	 月
肭	bag	 月
肮	bag	 月
肯	bag	
肰	bag	月 犬
肱	bag	厶 
育	bag	
肳	bag	 月
肴	bag	㐅 
肵	bag	 月 𠂆
肶	bag	月 比
肷	bag	月 欠
肸	bag	 月
肹	bag	 八 月
肺	bag	一 巾 月
肻	bag	⺊ 冖 月
肼	bag	井 月
肽	bag	 月
肾	bag	 
肿	bag	 月
胀	bag	月 长
胁	bag_ops	 月  
胂	bag	月 申
胃	bag	月 
胄	bag	月 
胅	bag	 月
胆	bag	
胇	bag	 月
胈	bag	丶 又 
胉	bag	月 
胊	full	⿰ 月 ⿹ 
胋	bag	 月
背	bag	
胍	bag	月 瓜
胎	bag	 月
胏	bag	㇉  月
胐	full	⿰ 月  凵 
胑	bag	 
胒	bag	 尸 月
胓	bag	 月
胔	bag	 止 肉
胕	bag	 月
胖	bag	 月
胗	bag	人 彡 月
胘	bag	 月
胙	bag	乍 月
胚	bag	③  月
胛	bag	月 甲
胜	bag	
胝	bag	丶 月 氏
胞	bag	
胟	bag	月 
胠	bag	 月
胡	bag	
胢	bag	 月
胣	bag	也 月 𠂉
胤	bag	  
胥	bag	月 疋 ⸻
胦	bag	央 月
胧	bag	 月
胨	bag	东 月
胩	bag	⺊  月
胪	bag	⺊ 尸 月
胫	bag	工 月 
胬	bag	 肉
胭	bag	 月
胮	bag	㐄 夂 月
胯	bag	㇉  月
胰	bag	 弓 月
胱	bag	 
胲	bag	 月 𠃋
胳	bag	 月
胴	bag	一  月
胵	bag_ops	 月 
胶	atomic_override	胶
胷	bag_ops	 月 ⿱ 
胸	bag_ops	
胹	bag	 月
胺	bag	 月
胻	bag	 彳 月
胼	bag	 月
能	bag	
胾	bag	 肉
胿	bag	 月
脀	bag	㇇   月
脁	full	⿰ 月 兆
脂	bag	 
脃	bag	巴 月 𠂊
脄	ordered	 
脅	bag_ops	   𠃌  
脆	bag	 月 𠂊
脇	bag_ops	     
脈	bag	④ 月 𠂆
脉	bag	月 永
脊	bag	丷  
脋	bag_ops	   𠃌  ⿹ ⿹
脌	bag	年 月
脍	bag	 
脎	bag	㐅 月 朩
脏	bag	 月
脐	bag	 月
脑	bag	
脒	bag	月 
脓	bag	冖 月 𧘇
脔	bag	 肉
脕	bag	⑤ 月 𠂊
脖	bag	 子 月
脗	bag	 口 月
脘	bag	 月
脙	bag	 月
脚	bag	
脛	bag	一 工 月 
脜	bag	一 月 自
脝	bag	  口 月
脞	bag	 月
脟	bag	丿 寸 
脠	bag	 廴 月
脡	bag	 月
脢	bag	月 
脣	bag_ops	 月 𠄌  ⿸ ⿺
脤	bag_ops	 月 𠄌 ⿰  ⿺
脥	bag	  月
脦	bag	 心 月
脧	full	⿰ 月 ⿳ 厶 八 夂
脨	bag	月 束
脩	bag	 
脪	bag	㐅 巾 
脫	bag	  月
脬	bag	 
脭	ordered	月 口  一
脮	bag	 
脯	bag	 
脰	bag	月 豆
脱	bag	
脲	bag	 尸 月
脳	bag	 
脴	bag	 月
脵	bag	 月
脶	bag	 月
脷	bag	 月 木
脸	bag	
脹	bag	  月 𠄌
脺	bag	 月
脻	bag	月 疌
脼	bag	一 入 入 巾 月
脽	bag	月 隹
脾	bag	 月 白
脿	bag	 𧘇
腀	bag	  月
腁	bag	 干 干 月
腂	bag	 木
腃	bag	 月
腄	bag	 月
腅	bag	 月
腆	bag	⑥ 八 月
腇	bag	 月 木
腈	bag	月 
腉	bag	 月 臼
腊	bag	 月
腋	bag	 夂 月
腌	bag	 
腍	bag	 心 月
腎	bag	 臣
腏	bag	  月
腐	bag	 肉
腑	bag	 月
腒	bag	 月
腓	bag	月 非
腔	bag	 月
腕	bag	 宀 月 𠂊
腖	bag	月 東
腗	bag	 月 由
腘	bag	 囗 月
腙	bag	宀 月 示
腚	bag	 月 龰 ⸻
腛	bag	 尸 月
腜	bag	月 
腝	bag	  冂 月
腞	bag	彑 月 𧰨
腟	bag	 宀 月
腠	bag	 人 月
腡	bag	冂  月 𠃍
腢	bag	月 禺
腣	bag	 巾 月
腤	bag	 
腥	bag	 生
腦	bag	㐅 丿 囗 月 
腧	bag	 月
腨	bag	 山 月
腩	bag	 月
腪	bag	冖 月 車
腫	bag	月 重
腬	bag	 月 
腭	bag	  月
腮	bag	心 
腯	bag	十 月 
腰	bag	 月
腱	bag	 廴 月 
腲	bag	  𠄌
腳	bag	卩 月 谷
腴	bag	人 月 臼
腵	bag	⑤  
腶	bag_ops	⑤  ⿰ 
腷	bag	 
腸	bag	 丿 勹 
腹	bag	夂  𠂉
腺	bag	 月 白
腻	bag	  月 贝
腼	bag	 囗 月
腽	ordered	月 日 皿
腾	bag	②  人 月
腿	bag	
膀	bag	 
膁	bag	 月 
膂	bag	 月 
膃	bag	人 囗 月 皿
膄	bag	丨  臼
膅	bag_ops	 广 月  ⿰  ⿻
膆	bag	 
膇	bag	㠯 丿 
膈	bag	   月
膉	bag	 月 皿
膊	bag	丶  月
膋	bag	 冖 月
膌	bag	丷  
膍	bag	㐅 丿 囗 月 比
膎	bag	②  
膏	bag_ops	 月  ⿵
膐	bag	 肉 
膑	bag	丘  月
膒	bag	匚  口 月
膓	bag	 丿 勹  𠂉
膔	bag	 广 月 比 
膕	bag	  囗 月
膖	bag	 
膗	bag	山 月 隹
膘	bag	 月 示
膙	bag	 月 虫
膚	bag	 月 
膛	bag	⺌   月
膜	bag	 月
膝	bag	丷  月 木
膞	bag	⑧ 寸 月
膟	bag	  月
膠	bag	 彡 月 
膡	bag	 月 目
膢	bag	⑧ 女 月
膣	bag	  厶 宀 月
膤	bag	 彐 月
膥	bag	戊 末 肉 𠃌
膦	bag	㐄 丶  𠂊
膧	full	⿰ 月   一  甲 
膨	bag	 月 豆
膩	bag	  八 月 目
膪	bag	  巾 月
膫	bag	 人 小 
膬	bag	    乚 月
膭	bag	  月 
膮	bag	   十 月
膯	bag	 月 豆
膰	bag	 
膱	bag	  
膲	bag	月 灬 隹
膳	bag	  月
膴	bag	一 卌 月 灬 𠂉
膵	bag	   月
膶	bag	 月 𠁣 𠃛
膷	bag	 乡 月 阝
膸	bag	工 月  𠂇
膹	bag	  月 目
膺	bag	亻 广 月 隹
膻	bag	 口  月
膼	bag	冂   𠃍
膽	bag	 厂 月 言 𠂊
膾	bag	⺌   月
膿	bag	 曲 月 𠄌
臀	bag	 又 尸 月 𠘧
臁	bag	 广 月 
臂	bag_ops	   
臃	bag	 乡 月 隹
臄	bag	  月 𧰨
臅	bag	勹 月 罒 虫
臆	bag	 
臇	bag	④ 月 隹
臈	bag	丨   
臉	bag	   月
臊	bag	 口 月 木
臋	bag	 又 尸 肉 𠘧
臌	bag	  豆
臍	bag	③   
臎	bag	  月 
臏	bag	 月 目 𣥂
臐	bag	月 熏
臑	bag	 冂 冂 月
臒	bag	  
臓	bag	 戊 月 臣
臔	bag	八  目 臣
臕	bag	 广 月 比 灬 
臖	bag	③   口 彐 月
臗	bag	  宀 月 目
臘	bag	⑦ 㐅 囗 月 
臙	bag	③  廿 月 灬
臚	bag	  皿
臛	bag	 月 隹
臜	bag	 月 
臝	bag	 几  月 木 𠃊
臞	bag	月 目 目 隹
臟	bag	 月 
臠	bag	②  丶 小 小 肉 言
臡	bag	 廿 肉 隹
臢	bag	 八 月 目 
臣	bag	
臤	bag	又 
臥	bag	人 臣
臦	bag	⑥ 臣
臧	bag	 
臨	bag	 口 臣 𠂉
臩	bag	⑥  人 臣
自	bag	
臫	bag	乚 自
臬	bag	木 
臭	bag	犬 
臮	bag	 亻 自
臯	bag	丷  
臰	bag	 自 𠂊
臱	bag	  自 𠃌
臲	bag	 木 自 𠂊
至	ordered	
致	bag	
臵	bag	 
臶	bag	③  子
臷	bag	  厶
臸	bag	 十 厶 
臹	bag	 
臺	bag	  十 
臻	bag	    厶 
臼	bag	臼 ⸻
臽	bag	 ⸻
臾	bag	人 臼 ⸻
臿	bag	 臼 ⸻
舀	bag	丿 臼 𭕄
舁	bag	 臼
舂	bag	 臼
舃	bag	② 灬 臼
舄	bag	勹 灬 臼
舅	bag	 臼 𠃌
舆	bag	 八 彐 车
與	bag	②   
興	bag	③   口 
舉	bag	   
舊	bag	 臼 隹
舋	bag	 且 冂  彐
舌	bag_ops	 
舍	bag	
舎	bag_ops	  
舏	bag	丩 
舐	bag	 氏
舑	bag	丿 冉 
舒	bag	 人  龴
舓	bag	 丿 勹  日
舔	bag	  小
舕	bag	丿  
舖	bag	   月
舗	bag	   月
舘	bag	㠯   宀
舙	bag	  十  
舚	bag	  口 言 𠂊
舛	bag	㐄 
舜	bag	㐄 丶  𠂊 𭕄
舝	bag	㐄   𫝀
舞	bag	
舟	bag	舟 ⸻
舠	bag	丿 舟 𠃌
舡	bag	工 舟
舢	bag	山 舟
舣	bag	 舟
舤	bag	丶 几 舟
舥	bag	巴 舟
舦	bag	 舟
舧	bag	 几 舟
舨	bag	又 舟 𠂆
舩	bag	 舟
航	bag	
舫	bag	 舟 𠃌
般	bag	
舭	bag	比 舟
舮	bag	 舟
舯	bag	 舟
舰	bag	
舱	bag	 舟
舲	bag	 舟 龴
舳	bag	由 舟
舴	bag	乍 舟
舵	bag	 舟
舶	bag	白 舟
舷	bag	 舟
舸	bag	 舟
船	bag	
舺	bag	甲 舟
舻	bag	⺊ 尸 舟
舼	bag	 舟
舽	bag	㐄 夂 舟
舾	bag	 舟
舿	bag	㇉  舟
艀	bag	 舟 𭕄
艁	bag	口 舟 𠂒
艂	bag	 舟
艃	bag	 甲 舟
艄	bag	⺌ 月 舟
艅	bag	 舟
艆	bag	丶 舟 艮
艇	bag	
艈	bag	 舟
艉	bag	 尸 舟
艊	bag	 舟
艋	bag	子 
艌	bag	 心 舟
艍	bag	 舟
艎	bag	 舟
艏	bag	 舟
艐	bag	㐅 八 凵 夂 舟
艑	bag	 舟
艒	bag	 目 舟
艓	bag	世 木 舟
艔	bag	又  舟
艕	bag	 舟 𠃌
艖	bag	 工 舟
艗	bag	 
艘	bag	 臼 舟
艙	bag	  尸 舟
艚	bag	 舟
艛	bag	⑧ 女 舟
艜	bag	⑤ 冖 巾 舟
艝	bag	 彐 舟
艞	bag	 兆 舟 
艟	bag	 甲 舟
艠	bag	 舟 豆
艡	bag	 田 舟
艢	bag	 人  舟
艣	bag	  田 舟 𠃌
艤	bag	 我 舟
艥	bag	  耳 舟
艦	bag	丶 皿 臣 舟 𠂉
艧	bag	 又 舟 隹
艨	bag	 舟 𧰨
艩	bag	③   舟 𠃌
艪	bag	日 灬 田 舟 𠂊
艫	bag	 田 
艬	bag	 口 比 舟 
艭	bag	又 舟 隹 隹
艮	bag	
良	bag	
艰	bag	
艱	bag	 廿 艮
色	bag	
艳	bag	 
艴	bag	 巴 弓 𠂊
艵	bag	 
艶	bag	巴 曲 豆 𠂊
艷	bag	  丨 山 巴 豆 𠂊
艸	bag	丨 
艹	full	⿻ 十 丨
艺	bag	
艻	bag_ops	  
艼	bag	 
艽	bag	丨 九 
艾	bag	
艿	bag	 𠄎
芀	bag_ops	  
芁	bag	丨 
节	bag	
芃	bag	 几 
芄	bag	 九 十
芅	bag	 乚 十
芆	bag	 
芇	bag	 
芈	bag	 艹
芉	bag	 
芊	bag	 
芋	bag	丨 于 
芌	bag	㇉  
芍	bag	 
芎	bag	 
芏	bag	 
芐	bag	 卜
芑	bag	 
芒	bag	 十 𠃊
芓	bag	 
芔	bag	  
芕	bag	 𠂊
芖	bag	 
芗	bag	丨 乡 
芘	bag	 
芙	bag	 
芚	bag	丨  
芛	bag	 十 
芜	bag	 尢
芝	bag	②  
芞	bag	 乁 
芟	bag	 
芠	bag	  十
芡	bag	 欠
芢	bag	 
芣	bag	③  
芤	bag	丨 乚 十 子
芥	bag	丨  十
芦	bag	 
芧	bag	丨  十 龴
芨	bag	 及
芩	bag	㇇ 丨  
芪	bag	 
芫	bag_ops	   ⿻
芬	bag_ops	  ⿻
芭	bag	 
芮	bag	丨  
芯	bag	 
芰	bag	 
花	bag	
芲	bag	丨  
芳	bag	 
芴	bag	 丿 勹 
芵	bag	 𠃍
芶	bag	 十 厶
芷	bag	 
芸	bag	 十 厶
芹	bag	 十 𠂆
芺	bag_ops	   
芻	bag	丨  勹 勹 ⸻
芼	bag_ops	  
芽	bag	 
芾	bag_ops	 巾 
芿	bag	  𠄎
苀	bag	 
苁	bag	丨  
苂	bag	丨 人 
苃	bag	 
苄	bag	 十 卜
苅	bag	㐅 丨 刂 
苆	bag	㇀ 丨  
苇	bag	 韦
苈	bag	 
苉	bag	丨  
苊	bag	㔾  厂
苋	bag	 见
苌	bag	 长
苍	bag	㔾 
苎	bag	 
苏	bag_ops	
苐	bag_ops	丨  弓  
苑	bag	㔾  𠂊
苒	bag	丨 冉 
苓	bag	丨  十 龴
苔	bag	 
苕	bag_ops	  𠃌  ⿻
苖	bag	 由
苗	bag	 
苘	bag	丨 
苙	bag	 
苚	bag	 丨 冂 
苛	bag	 
苜	bag	 
苝	bag	③ 丨 
苞	bag	 十 巳 ⸻
苟	bag	 
苠	bag	 民
苡	bag	丨 以 十
苢	bag	㠯 丨 
苣	bag	 
苤	bag	③  十
若	bag	
苦	bag	
苧	bag	 十 
苨	bag	丨  尸
苩	bag	 
苪	bag_ops	   
苫	bag	⺊  
苬	bag	 
苭	bag	② 丨  
苮	bag	 十 山
苯	bag	 本
苰	bag	 厶 弓
英	bag	
苲	bag	丨 乍 
苳	bag	丨  十 夂
苴	bag	且 丨 
苵	ordered	十  
苶	bag	 小
苷	bag	 甘
苸	bag	丨 乎 十
苹	bag	 十 
苺	bag	 
苻	bag	 
苼	bag	 生
苽	bag	 瓜 ⸻
苾	bag	 心
苿	bag	 未
茀	bag_ops	丨  弓  ⿻
茁	bag	丨  
茂	bag	 
范	bag	
茄	bag_ops	  𠃌  ⿻
茅	bag	  十 龴
茆	bag	 卩 𠂎
茇	bag	 
茈	bag	丨  止
茉	bag	 末
茊	bag	丘 
茋	bag	 
茌	bag	  十
茍	bag	 艹
茎	bag	 工 
茏	bag	丨  十 尢
茐	bag	  
茑	bag	④  
茒	bag	 
茓	bag	丨 
茔	bag	  十
茕	bag	⺄  十
茖	bag	 
茗	bag	  𠂊
茘	bag_ops	  十  𠃌  ⿹ ⿹ ⿻
茙	bag	 𠂇
茚	bag	③  卩
茛	bag	 艮
茜	bag	  
茝	bag	 𦣞
茞	bag	 臣
茟	bag	  
茠	bag	 十 木
茡	bag	 子 宀
茢	bag	  𠂊
茣	bag	 
茤	bag	丨  十 
茥	bag	  
茦	bag	 
茧	bag	 虫
茨	bag	丨  欠
茩	bag	  𠂆
茪	bag	⺌  
茫	bag	 十 氵 𠃊
茬	bag	③  
茭	bag	  
茮	bag	⺊  小
茯	bag	 十 犬
茰	bag	 
茱	bag	 朱
茲	bag	 丨  
茳	bag	 工 氵
茴	bag	 囗
茵	bag	 
茶	bag	
茷	bag	  
茸	bag	 
茹	bag	 
茺	bag	  厶
茻	bag	 丨   凵
茼	bag	  
茽	bag	 亻 
茾	bag	  
茿	bag	  工
荀	bag	 
荁	bag	 
荂	bag	㇉  
荃	bag	 
荄	bag	  𠃋
荅	bag	 
荆	full	 十 丨  一 ⿰ 丿 丨 刂
荇	bag	 亅 十 
荈	bag	㐄  𠂊
草	bag	
荊	full	 十 丨  一 ⿻ 一 ⿰ 丿 丨 刂
荋	bag	  
荌	bag	 
荍	bag	丨 丩 十 攵
荎	bag	  厶
荏	bag	  十
荐	bag	③  
荑	bag	 弓
荒	bag	
荓	bag	  
荔	bag_ops	  十  𠃌   ⿻
荕	bag	 
荖	bag	丨  耂
荗	bag	 
荘	bag	 丬 
荙	bag	 辶
荚	bag	 
荛	bag	  十
荜	bag	 
荝	bag	丨  贝
荞	bag	 
荟	bag	 厶
荠	bag	  
荡	bag	 𠃓
荢	bag	丨 于 十 宀
荣	bag	
荤	bag	 车
荥	bag	㇇ 丨  
荦	bag	 牛
荧	bag	丨  
荨	bag	 寸 彐
荩	bag	丨  十 尺
荪	bag	 子 小
荫	bag	 月 阝
荬	bag	丨 
荭	bag	 
荮	bag	 寸 纟
药	bag	
荰	bag	  木
荱	bag	  尸
荲	bag	 十 
荳	bag	 
荴	bag	 扌
荵	bag	  心 𠃌
荶	bag_ops	㇇ 丨    ⿻
荷	bag	 
荸	bag	 十 子
荹	bag	 
荺	bag	  
荻	bag	丨 人  犭
荼	bag	 
荽	bag	 女 𭕄
荾	bag	丨  厶 夂
荿	bag	 
莀	bag	  
莁	bag	丨  十 工
莂	bag	 刂  𠃌
莃	bag	㐅  
莄	bag	  
莅	bag	 
莆	bag	  
莇	bag	且  
莈	bag	 
莉	bag	  
莊	bag	  爿 ⸻
莋	bag	丨 乍 
莌	bag	  
莍	bag	 亅 
莎	bag	 小 氵
莏	bag	 小 扌
莐	bag	丨 冘 十 氵
莑	bag	  
莒	bag	 
莓	bag	 
莔	bag	丨   囗
莕	bag	 
莖	bag	 工 
莗	bag	 車 ⸻
莘	bag	 十 
莙	bag	  
莚	bag	③  廴
莛	bag	  廴
莜	bag	  攵
莝	bag	 十 
莞	bag	  
莟	bag_ops	㇇ 丨    ⿻
莠	bag	  木 𠄎
莡	bag	 龰
莢	bag	 
莣	bag	 十 
莤	bag	 酉
莥	bag	丑  犭
莦	bag	⺌  
莧	bag	丨  目
莨	bag	 
莩	bag	 
莪	bag	 我
莫	bag	
莬	bag	⑤  𠂊
莭	bag	⑤  卩
莮	bag	 
莯	bag	 
莰	bag	  
莱	bag	
莲	bag	 车 辶
莳	bag	 
莴	bag	丨  
莵	bag	⑤ 丨  十
莶	bag	 𭕄
获	bag	
莸	bag	 尢 犭
莹	bag	 丶  
莺	bag	④  
莻	bag	   𠄎
莼	bag	丨  
莽	bag	 十 
莾	bag	  十 
莿	bag	丨  朿
菀	bag	㔾  宀 𠂊
菁	bag	 
菂	bag	 十 白
菃	bag	 巨 氵
菄	bag	 東 ⸻
菅	bag	㠯 
菆	bag	 又 耳
菇	bag	  女
菈	bag	 十 扌
菉	bag	 亅  彐
菊	bag	 十 
菋	bag	 未
菌	bag	 囗 木
菍	bag	㇇ 丨  十 心
菎	bag	 
菏	ordered	十 丨 氵 
菐	bag	  
菑	bag	 田 
菒	bag_ops	  
菓	bag_ops	  
菔	bag	  月
菕	bag	 人  
菖	bag	 日 
菗	bag	 
菘	bag	丨  
菙	bag	⑥  十
菚	bag	   
菛	bag	 𠁣 𠃛
菜	bag	
菝	bag	  𠂇
菞	bag	 丿 勹 十 
菟	bag	⑤  𠂊
菠	bag	 
菡	bag	  八 凵 十
菢	bag	 十 巳 扌
菣	bag	 又 臣
菤	bag	㔾  
菥	bag	 十 
菦	bag	 十 
菧	bag	 广 氏
菨	bag	 十 女
菩	bag	 
菪	bag	  宀
菫	bag	  龶
菬	bag	  
菭	bag	 
菮	bag	 
華	bag	⑦ 丨 
菰	bag	 
菱	bag	 十 
菲	bag	 非
菳	bag	  
菴	bag	 乚 人 
菵	bag	  𠃊
菶	bag	 
菷	bag	 巾 彐
菸	bag	    𠃌
菹	bag	且 
菺	bag	 尸 月
菻	bag	 
菼	bag	丨  
菽	bag	⺊  又 
菾	bag	  十 小
菿	bag	  十 厶
萀	bag	 ㇀ 丨 乚 
萁	bag	⑤ 
萂	bag	  
萃	bag	  十 
萄	bag	 十 缶
萅	bag	丨  
萆	bag	  白
萇	bag	④  𠄌
萈	bag	  目
萉	bag	 巴 月
萊	bag	丨  十 木
萋	bag	  
萌	bag	 
萍	bag	 十 
萎	bag	 
萏	bag	 十 臼
萐	bag	 疌
萑	bag	 
萒	bag	   厶
萓	bag	且 
萔	bag	  扌 𠃌
萕	bag	 丨  
萖	bag	丨  臼
萗	bag	 
萘	bag	 示
萙	bag	丨 冘 十 木
萚	bag	  
萛	bag	 十 目
萜	bag	⺊  巾
萝	bag	 罒 𠂊
萞	bag	丨 人  比
萟	bag	丨  九 十 木
萠	bag	 
萡	bag	 
萢	bag	 十 巳 氵
萣	bag	 宀 龰
萤	bag	 虫
营	bag	
萦	bag	②  
萧	bag	 肃 ⸻
萨	bag	
萩	bag	  木
萪	bag	 斗 木
萫	bag	  木
萬	bag	 禺 ⸻
萭	bag	 禹
萮	bag	  
萯	bag	丨  目 𠂊
萰	bag	 柬 ⸻
萱	bag	 十 宀 日
萲	bag	  
萳	bag	丨  十 干
萴	bag	丨 八  目
萵	bag	丨 冂  𠃍
萶	bag	 人 
萷	bag	⺌ 丨  月
萸	bag	 臼
萹	bag	  十 尸
萺	bag	  目
萻	bag	 
萼	bag	㇉   
落	bag	
萾	bag	 又 皿 𠄎
萿	bag	  氵
葀	bag	  扌
葁	bag	  女
葂	bag	⑤  𠂊 𠃌
葃	bag	丨 乍 
葄	bag	丨 乍 十 月
葅	bag	且 丨  十
葆	bag	 
葇	bag	  十 
葈	bag	 厶 
葉	bag	世  
葊	bag	  
葋	bag	  月
葌	bag	 女 女 女
葍	bag	  
葎	bag	  
葏	bag	  
葐	bag	  
葑	bag	  
葒	bag	  工
葓	bag	  氵
葔	bag	  
葕	bag_ops	 亅 十 彳 氵  ⿲ ⿻
葖	bag	丨  宀 犬
著	bag	
葘	bag	 田 
葙	bag	 
葚	bag	⑤ 丨  
葛	bag	丨   𠃊
葜	bag	  
葝	bag	 十 工 𠃌 
葞	bag	 弓 耳
葟	bag	  白
葠	bag	  
葡	bag	  月
葢	bag	  十 皿
董	bag	 重
葤	bag	  
葥	bag	  月
葦	bag	㐄  𫝀
葧	bag	 十 子 𠃌
葨	bag	 田 𠄌
葩	bag	 巴 白
葪	bag	丨  角
葫	bag	  月
葬	bag	   十 𠂊
葭	bag	⑤  
葮	bag	⑤  
葯	bag	   十
葰	bag	  厶 夂
葱	bag	  十 
葲	bag	㇇ 丨  十 白
葳	bag	 女 戊
葴	bag	  戊
葵	bag	  
葶	bag	 丶 亅 冖 
葷	bag	 車
葸	bag	 心 田
葹	bag	 也 十 
葺	bag	 耳
葻	bag	  虫
葼	bag	㐅 丨 八 凵 十 夂
葽	bag	  女
葾	bag	㔾  
葿	bag	 
蒀	bag	 日 
蒁	bag	 木 辶
蒂	bag	  巾
蒃	bag	 彑 𧰨
蒄	bag	  
蒅	bag	丨 九 十 
蒆	bag	  女 工
蒇	bag	 戊 贝
蒈	bag	 比 白
蒉	bag	  贝
蒊	bag	   
蒋	bag	
蒌	bag	 女 米
蒍	bag	 為
蒎	bag	④  
蒏	bag	 酉
蒐	bag	  厶 
蒑	bag	㐆  
蒒	bag	㠯  十 巾
蒓	bag	   十
蒔	bag	  
蒕	bag	 囗 皿
蒖	bag	 丨 
蒗	bag	 氵 艮
蒘	bag	 女 手
蒙	bag	
蒚	bag	 丨  
蒛	bag	 
蒜	bag	 示 示
蒝	bag	  白
蒞	bag	  氵
蒟	bag	 勹 
蒠	bag	 心 自
蒡	bag	  丷  
蒢	bag	 朩 阝
蒣	bag	 
蒤	bag	 朩 氵
蒥	bag	③  
蒦	bag	 又 
蒧	bag	⺊  戊
蒨	bag	 十 
蒩	bag	且  木
蒪	bag	  
蒫	bag	  十 工
蒬	bag	⑤   𠂊
蒭	bag	  勹 勹 十
蒮	bag	 隹
蒯	bag	丨  
蒰	bag	 
蒱	bag	  
蒲	bag	  
蒳	bag	 丨  
蒴	bag	 丷 凵 十 月
蒵	bag	②   𭕄
蒶	bag	  
蒷	bag	丨 八  目
蒸	bag	㇇    十 灬
蒹	bag	④  十 
蒺	bag	 
蒻	bag	丨  弓 弓
蒼	bag	  
蒽	bag	 囗 心
蒾	bag	 米 辶
蒿	bag	  
蓀	bag	② 丨  十 
蓁	bag	  木
蓂	bag	 八 冖 
蓃	bag	 又 臼
蓄	bag	②   十 田
蓅	ordered	十 丨 氵   丨
蓆	bag	 巾 
蓇	bag	⑤  月
蓈	bag	⑤  阝
蓉	bag	 谷
蓊	bag	丨   𠃌
蓋	bag	  厶 
蓌	bag	  夂
蓍	bag	丨  耂
蓎	bag	  
蓏	bag	 瓜 瓜
蓐	bag	  厂 寸 𠄌
蓑	bag	 丶  𧘇
蓒	bag	 干 車
蓓	bag	 亻 
蓔	bag	  灬
蓕	bag	  十 木
蓖	bag	㐅  囗 比
蓗	bag	  龰
蓘	bag	  厶 𧘇
蓙	bag	  广
蓚	bag	  夂 彡
蓛	bag	 攵 朿
蓜	bag	 
蓝	bag	
蓞	bag	 臼 𭕄
蓟	bag	  
蓠	bag	㐅  冂 凵 十 
蓡	bag	   
蓢	bag	⑤  月
蓣	bag	丨  十 
蓤	bag	 八 冫  夂
蓥	bag	 人  十
蓦	bag	②  人 
蓧	bag	  夂 朩
蓨	bag	  夂 月
蓩	bag	  十 夂 龴 𠃌
蓪	bag	 丨  
蓫	bag	 
蓬	bag	  夂 辶
蓭	bag	 乚  广 日
蓮	bag	 車 辶
蓯	bag	丨  十 彳 龰
蓰	bag	 彳 止 龰
蓱	bag	  十 氵
蓲	bag	丨 匚  
蓳	bag	 廿 龶
蓴	bag	⑧  寸
蓵	bag	 扌 疌
蓶	bag	 隹
蓷	bag	 
蓸	bag	 曲
蓹	bag	③  卩 
蓺	bag	 九  
蓻	bag	 九  干
蓼	bag	丨 人  彡 
蓽	bag	⑨ 
蓾	bag	⺊ 㐅 丨   十 囗
蓿	bag	  宀 白
蔀	ordered	十 丨 
蔁	bag	 
蔂	bag	②  小 
蔃	bag	 弓 虫
蔄	bag	 𠁣 𠃛
蔅	bag	 女 𠁣 𠃛
蔆	bag	 十 
蔇	bag	⑤  旡
蔈	bag	  示
蔉	bag	 八  𧘇
蔊	bag	丨 人  干 日
蔋	bag	⺊   氵
蔌	bag	 束 
蔍	bag	  广 比 
蔎	bag	 又 言 𠘧
蔏	bag	  
蔐	bag	  
蔑	bag	 戊 
蔒	bag	  灬 
蔓	bag	  罒
蔔	bag	 勹  田
蔕	bag	⑤  巾
蔖	bag	 ㇀ 且 丨 乚 十
蔗	bag	  灬
蔘	bag	 厶 厶 厶 彡
蔙	bag	 十 
蔚	bag	  示
蔛	bag	 斗 角
蔜	bag	 攵 
蔝	bag	 目 米
蔞	bag	⑧  
蔟	bag	   
蔠	bag	 丨   夂
蔡	bag	② 丨  
蔢	bag	 
蔣	bag	丨 冫  爿 𠂊
蔤	bag	 宀 山 心
蔥	bag	  心
蔦	bag	⑦  
蔧	bag	   彐
蔨	bag	㔾   囗
蔩	bag	 宀 由
蔪	bag	 十 車 𠂆
蔫	bag	②  止 灬
蔬	bag	  厶 𤴔
蔭	bag	㇇   十 厶 阝
蔮	bag	 
蔯	bag	 東 阝
蔰	bag	  巴
蔱	bag	㐅  又 朩 𠘧
蔲	bag	  宀 攵
蔳	bag	 
蔴	bag	 
蔵	bag	 戊 臣
蔶	bag	丨  
蔷	bag	 十 
蔸	bag	② 丨  白 
蔹	bag	 攵 𭕄
蔺	bag	 门 隹
蔻	bag	⺊   又 宀
蔼	bag	丨   讠 𠃊
蔽	bag	  巾 
蔾	bag	 丿 勹 十 
蔿	bag	 爲 ⸻
蕀	bag	 朿 朿
蕁	bag	 寸 工 彐
蕂	bag	  
蕃	bag	 
蕄	bag	 心 𠁣 𠃛
蕅	ordered	十 丨 氵 禺
蕆	bag	丨  戊 目
蕇	bag	  甲
蕈	bag	   
蕉	bag	 灬 隹
蕊	bag	 心 心 
蕋	bag	 止 止 止
蕌	bag	  日
蕍	bag	  
蕎	bag	   
蕏	bag	  耂
蕐	bag	 丨   十
蕑	bag	 月 𠁣 𠃛
蕒	bag	丨  目 罒
蕓	bag	  八  厶
蕔	bag	   干
蕕	bag	 十 犭 酉
蕖	bag	 巨 
蕗	bag	  止
蕘	bag	   
蕙	bag	⑧  心
蕚	bag	㇉   
蕛	bag	  十 弓 木
蕜	bag	 
蕝	bag	  
蕞	bag	  耳
蕟	bag	  又 弓 𠘧
蕠	bag	②   女 小
蕡	bag	  目
蕢	bag	 八  
蕣	bag	㐄   十 𠂊 𭕄
蕤	bag	 生 𧰨
蕥	bag	 
蕦	bag	 彡 頁
蕧	bag	 夂 
蕨	bag	 丷 凵  欠
蕩	bag	 丿 勹  
蕪	bag	 卌 灬 𠂉
蕫	bag	  十 甲
蕬	bag	②  丨  十 小
蕭	bag	 肅 ⸻
蕮	bag	 十 灬 臼
蕯	bag	 夂 
蕰	bag	 
蕱	bag	⺌  月 木
蕲	bag	  十 甲 𠂆
蕳	bag	 日 𠁣 𠃛
蕴	bag	 日 皿 纟
蕵	bag	丨   艮 𠂊
蕶	bag	    龴
蕷	bag	丨  十 頁 龴
蕸	bag	⑤  又 辶 
蕹	bag	 乡 十 隹
蕺	bag	   耳
蕻	bag	④  丨  厶
蕼	bag	   厶 
蕽	bag	  厂 曲 𠄌
蕾	bag	 丷 八  田
蕿	bag	 人  又 
薀	bag	 囗 氵 皿
薁	bag	 人  米
薂	bag	 十 攵 白 𠃌
薃	bag	  
薄	bag	 
薅	bag	  厂 女 寸 𠄌
薆	bag	 夂 心 𭕄
薇	bag	  山 彳 攵
薈	bag	⺌  
薉	bag	 戊 
薊	bag	丨  灬 
薋	bag	丨 八  欠 目
薌	bag	⑤  乡 十 阝
薍	bag	丨   厶 又 龴 𭕄
薎	bag	 亻 冖 罒 艹
薏	bag	 十 心 
薐	bag	  夂 木
薑	bag	 十 田 田
薒	bag	⺊   𠂊
薓	bag	 又 巾 彐 氵
薔	bag	 十 
薕	bag	④  十 
薖	bag	丨 冂  辶 𠃍
薗	bag	  𧘇
薘	bag	   辶
薙	bag	 隹 𠂉
薚	bag	 丶   𠂊
薛	bag	㠯   
薜	bag	 十 
薝	bag	丨  厂 言 𠂊
薞	bag	   艮 𠂊
薟	bag	 人  
薠	bag	丨 人  頁
薡	bag	⑧  目
薢	bag	 
薣	bag	 
薤	bag	  非 𠂊
薥	bag	 十 罒 虫
薦	bag	②   广 灬 
薧	bag	    𠂊
薨	bag	 冖 罒 艹 𠂊
薩	bag	 
薪	bag	 十 
薫	bag	 灬 重
薬	bag	  
薭	bag	  十 
薮	bag	 
薯	bag	  
薰	bag	 熏
薱	bag	④  十 
薲	bag	 宀 目 𣥂
薳	bag	  辶 𧘇
薴	bag	 十 宀 心 皿
薵	bag	   寸 工
薶	bag	 十 甲 豸
薷	bag	    冂 
薸	bag	  氵 示
薹	bag	   
薺	bag	③     
薻	bag	  氵 
薼	bag	  十 广 比 
薽	bag	   瓦
薾	bag	   乀  
薿	bag	   
藀	bag	丨   八 八 
藁	bag	  
藂	bag	丨 乑  耳
藃	bag	 冂  欠
藄	bag	② ⑤   小
藅	bag	丨  罒 言
藆	bag	 井  宀 手
藇	bag	   彐
藈	bag	  目
藉	bag	  未
藊	bag	   十 尸 木
藋	bag	丨  隹 
藌	bag	 宀 心 虫
藍	bag	 皿 臣 𠂉
藎	bag	  灬 皿 
藏	bag	
藐	bag	丨  白 豸
藑	bag	丨 人  夂 目 𠂊
藒	bag	 勹  木 𠃊
藓	bag	  十 
藔	bag	  宀 小 日
藕	bag	 未 禺
藖	bag	丨  又 目 臣
藗	bag	 束 欠 辶
藘	bag	 ㇀ 丨 乚 十 心 田
藙	bag	 十  𧰨
藚	bag	 十 目 罒
藛	bag	 十 宀 灬 臼
藜	bag	   勹 十 木
藝	bag	  九  十 
藞	bag	  
藟	bag	 田 田 田
藠	bag	 白 白 白
藡	bag	   辶
藢	bag	  山 彳 攵
藣	bag	⺆   乚  厶 罒
藤	bag	 丷 亅 人  月
藥	bag	 丨  十 
藦	bag	 
藧	bag	   
藨	bag	  广 比 灬 
藩	bag	 氵 
藪	bag	⑧  
藫	bag	   
藬	bag	 八  目 阝
藭	bag	丨  宀 弓 身
藮	ordered	十 丨 木 隹 灬
藯	bag	  心 示
藰	bag	③  人  
藱	bag	   疒
藲	ordered	十 丨 木 匚  口
藳	bag	  
藴	bag	   皿
藵	bag	 亻  𧘇
藶	bag	  厂  止
藷	bag	  言
藸	bag	 耂 𧰨
藹	ordered	十 丨 言  𠃊 人
藺	bag	 隹 𠁣 𠃛
藻	bag	  
藼	bag	  
藽	bag	  朩 目
藾	bag	丨  束 目 𠂊
藿	bag	 丷 八  隹
蘀	bag	  干 
蘁	bag	   口 干
蘂	bag	 心 心 心 木
蘃	bag	 木 止 止 止
蘄	bag	  口 甲 𠂆
蘅	bag	 亅  
蘆	bag	 ㇀ 丨 乚 十 田 皿
蘇	ordered	十 丨 𠂊 田 灬 
蘈	bag	  木 頁
蘉	bag	 冖  又 罒 
蘊	bag	 丨  十 囗 皿
蘋	bag	 止 頁 𣥂
蘌	bag	③  卩 彳 示 𠂉
蘍	bag	 熏 𠃌
蘎	bag	 丷 八  巴 月
蘏	bag	丨  示 頁
蘐	bag	  言 
蘑	bag	  
蘒	bag	丨   𠂊
蘓	ordered	十   田 灬
蘔	bag	  木 頁
蘕	ordered	十 丨  ③ 辶 夂 
蘖	bag	㠯   十 木
蘗	bag	  木
蘘	bag	 丶 井  𧘇
蘙	bag	  匚   𠃌 𠘧
蘚	bag	  十 灬 
蘛	bag	⑤    
蘜	bag	 十 米 革
蘝	bag	 人  欠
蘞	bag	 人  攵
蘟	bag	 工  
蘠	bag	 十  爿
蘡	bag	丨 八  女 目 目
蘢	bag	⑦  十 月
蘣	bag	    由
蘤	bag	 爲 白
蘥	bag	 人   
蘦	bag	 丷   
蘧	bag	 ㇀  乚 十 
蘨	bag	②   十 小 缶 𭕄
蘩	bag	②  小 
蘪	bag	  广 比 米 
蘫	ordered	十 丨 氵 臣 𠂉 丶 皿
蘬	bag	㠯  巾 彐 止
蘭	bag	 柬 𠁣 𠃛
蘮	bag	丨   厂 罒
蘯	bag	 丿 勹  氵 皿
蘰	bag	   罒
蘱	bag	 犬 米 頁
蘲	bag	  田 田 田
蘳	bag	 丨   十 由
蘴	bag	   山 豆
蘵	bag	  丷  耳
蘶	bag	  十 厶  田
蘷	bag	 夂 巳 止 白
蘸	bag	 灬 酉 隹
蘹	bag	⑤  十 忄 罒 𧘇
蘺	bag	㐅  冂 凵 十 
蘻	bag	②  凵 十  車 𠘧
蘼	bag	  非
蘽	bag	 木 田 田 田
蘾	bag	  十 罒 𧘇
蘿	bag	  罒 隹
虀	bag	③    非 𠃌
虁	bag	  夂 巳 止 自
虂	bag	 丷    止
虃	bag	  十 氵 非
虄	bag	 夂 生 虫
虅	bag	⑥   月 灬
虆	bag	②  小 田 田 田
虇	bag	   隹
虈	bag_ops	  口 頁  ⿲ ⿻
虉	bag	⑦  丨   灬
虊	bag	 丨  十 小 小 木 言
虋	bag	③   冖  彐 酉 𠃌
虌	bag	  巾 攵 黽
虍	bag	 
虎	bag	
虏	bag	 
虐	bag	  
虑	bag	
虒	bag	 几 𠂆
虓	bag	 九 几
虔	bag	 ㇀  乚 ⸻
處	bag	 几 
虖	bag	 ㇀ 乎 乚 ⸻
虗	bag	 ㇀ 丘 乚
虘	bag	 ㇀ 且 乚 ⸻
虙	bag	  
虚	bag	
虛	bag	② ⑥ ⺊ 
虜	bag	  
虝	bag	 ㇀  几 勹
虞	bag	 ㇀  乚 人 
號	bag	 ㇀  乚 
虠	bag	 ㇀  乚 八 几
虡	bag	 八
虢	bag	  几 寸 𭕄
虣	bag	 ㇀  乚 几 止
虤	bag	②  ⺊ ㇀  乚 几 
虥	ordered	⺊ ②  几    
虦	ordered	    ⺊ ②  几
虧	bag	 ㇀  乚 隹
虨	bag	 彡 
虩	bag	 几 小 小 日
虪	bag	② ⑧ ⺊ ㇀ 丨  几 夂 灬
虫	bag	
虬	bag	乚 虫
虭	bag	丿 虫 𠃌
虮	bag	几 虫
虯	bag	丩 虫
虰	bag	 虫
虱	bag	⺄ 丿 虫
虲	bag	卜 虫
虳	bag	 虫
虴	bag	 虫
虵	bag	也 虫
虶	bag	于 虫
虷	bag	干 
虸	bag	子 虫
虹	bag	工 虫
虺	bag	 虫
虻	bag_ops	 虫 𠃊 
虼	bag	乙 虫 𠂉
虽	bag	
虾	bag	 虫
虿	bag	 虫 𠃌
蚀	bag	虫 饣
蚁	bag	 虫
蚂	bag	 虫
蚃	bag	乡 虫
蚄	bag	 虫 𠃌
蚅	bag	 
蚆	bag	巴 虫
蚇	bag	尺 虫
蚈	bag	 虫
蚉	bag_ops	 虫 
蚊	bag_ops	 虫 
蚋	bag	 虫
蚌	bag	 虫
蚍	bag	比 虫
蚎	bag	日 虫
蚏	bag	月 
蚐	bag	 虫
蚑	bag	 虫
蚒	bag	丹 虫
蚓	bag	丨 弓 虫
蚔	bag	氏 虫
蚕	bag_ops	 虫 
蚖	bag_ops	 虫 ⿰ 
蚗	bag	 虫 𠃍
蚘	bag	 虫
蚙	bag	 虫
蚚	bag	 虫 𠂆
蚛	bag	 虫
蚜	bag	牙 虫
蚝	bag_ops	 虫 
蚞	bag	木 
蚟	bag	 虫
蚠	bag_ops	 虫 𠃌 
蚡	bag_ops	 虫 
蚢	bag	 虫
蚣	bag	 虫
蚤	bag	丶 又 
蚥	bag	 虫
蚦	bag	 虫
蚧	bag	 虫
蚨	bag_ops	 虫 
蚩	bag	 凵 
蚪	bag	斗 虫
蚫	bag	 虫
蚬	bag	虫 见
蚭	bag	 尸 虫
蚮	bag	 亻 虫
蚯	bag	丘 虫
蚰	bag	由 虫
蚱	bag	乍 虫
蚲	bag	 虫
蚳	bag	丶 氏 虫
蚴	bag	 虫 𠃌
蚵	bag	 虫
蚶	bag	甘 
蚷	bag	巨 
蚸	bag	 虫 𠂆
蚹	bag	 虫
蚺	bag	冉 虫
蚻	bag	乚 木 虫
蚼	bag	 虫
蚽	bag	③  虫
蚾	bag	皮 虫
蚿	bag	 虫
蛀	bag	 虫
蛁	bag	 虫 𠃌
蛂	bag	丶 又 虫 𠂇
蛃	bag	 虫
蛄	bag	 
蛅	bag	 虫
蛆	bag	且 虫
蛇	bag	 虫
蛈	bag	 虫
蛉	bag	 虫 龴
蛊	bag	皿 
蛋	bag	疋 
蛌	bag	瓜 虫
蛍	bag	冖 虫 𭕄
蛎	bag	 厂 虫 𠃌
蛏	bag	 虫
蛐	bag	曲 虫
蛑	bag	厶 牛 虫
蛒	bag	 虫
蛓	bag	 
蛔	bag	 虫
蛕	bag	月 虫 𠂇
蛖	bag	 彡 虫
蛗	bag	㠯 丿 虫
蛘	bag	 虫
蛙	bag_ops	 虫 
蛚	bag	 虫 𠂊
蛛	bag	朱 虫
蛜	bag	 虫 
蛝	bag	艮 
蛞	bag	 虫
蛟	bag	 虫
蛠	bag	 丿 虫  𠃌
蛡	bag	 虫 
蛢	bag	 虫
蛣	bag	 虫
蛤	bag	 
蛥	bag	 虫 
蛦	bag	 弓 虫
蛧	bag	 冂 虫
蛨	bag	一 白 虫
蛩	bag	 虫
蛪	bag	 虫 𠃌
蛫	bag	 虫 𠂊
蛬	bag	 虫
蛭	bag	 虫
蛮	bag	 虫
蛯	bag	 耂 虫
蛰	bag	 虫
蛱	bag_ops	 虫  ⿻
蛲	bag	 虫
蛳	bag	 巾 虫
蛴	bag	 虫
蛵	bag	一 工 虫 
蛶	bag	丿 寸 虫 𭕄
蛷	bag	 虫
蛸	bag	⺌ 月 虫
蛹	bag	 虫 龴
蛺	bag	  虫
蛻	bag	  虫
蛼	bag	虫 車
蛽	bag	八 目 
蛾	bag_ops	我 虫 ⿰
蛿	bag	 虫
蜀	bag	勹 罒 
蜁	bag	疋 虫 𠂉
蜂	bag	 
蜃	bag_ops	 虫 𠄌  ⿸ ⿺
蜄	bag_ops	 虫 𠄌 ⿰  ⿺
蜅	bag	 月 虫
蜆	bag	 目 虫
蜇	bag	 虫 𠂆
蜈	bag	 虫
蜉	bag	 虫 𭕄
蜊	bag_ops	 木 虫 ⿰ 
蜋	bag	丶 艮 虫
蜌	bag	 比 虫
蜍	bag	 虫
蜎	bag	口 月 虫
蜏	bag	 虫 𠄎
蜐	bag	 厶 虫 𠃌
蜑	bag_ops	 廴 虫  ⿺
蜒	bag_ops	 廴 虫  ⿺
蜓	bag	 虫
蜔	bag	勹 田 虫
蜕	bag	 虫
蜖	bag	④ 囗 虫
蜗	bag	 虫
蜘	bag	 虫 𠂉
蜙	bag	 虫
蜚	bag	虫 非
蜛	bag	 虫
蜜	bag	 心 虫
蜝	bag_ops	 虫 
蜞	bag_ops	 虫 
蜟	bag	 月 虫
蜠	bag	丿 囗 木 虫
蜡	bag	 虫
蜢	bag	子 皿 虫
蜣	bag	 乚 虫
蜤	bag_ops	 木 虫 𠂆 
蜥	bag_ops	 木 虫 𠂆  
蜦	bag	  虫
蜧	bag	 犬 虫
蜨	bag	疌 虫
蜩	bag	 虫
蜪	bag	勹 缶 虫
蜫	bag	 虫
蜬	bag	丷  八 凵 虫
蜭	bag	 虫
蜮	bag	  虫
蜯	bag	 人 虫
蜰	bag	巴 月 虫
蜱	bag	 白 虫
蜲	bag	 木 虫
蜳	bag	 虫
蜴	bag	 日 虫
蜵	bag	一 爿 片 虫
蜶	bag	 虫
蜷	bag	 虫
蜸	bag	又 臣 虫
蜹	bag	丨 人  虫
蜺	bag	 臼 虫
蜻	bag	月 虫 龶
蜼	bag	虫 隹
蜽	bag	一 入 入 巾 虫
蜾	bag	 虫
蜿	bag_ops	 宀 虫 𠂊 ⿰  ⿴
蝀	bag	東 
蝁	bag	⑥  虫
蝂	bag	 虫 𠂆
蝃	bag	  虫
蝄	bag	 冂 虫 𠃊
蝅	bag	 虫
蝆	bag	 虫 艹
蝇	bag	乚  虫
蝈	bag	 囗 虫
蝉	bag	 甲 虫
蝊	bag	 虫 龰
蝋	bag	 几 虫 𭕄
蝌	bag	 木 虫
蝍	bag	⑤ 卩 虫
蝎	bag	 虫 𠃊
蝏	bag	  虫
蝐	bag	 目 虫
蝑	bag	月 疋 虫
蝒	bag	 囗 
蝓	bag	 虫
蝔	bag	比 白 虫
蝕	bag	⑤  虫
蝖	bag	 日 虫
蝗	bag	 虫
蝘	bag	匚  虫
蝙	bag	 虫
蝚	bag	 木 虫 龴
蝛	bag	 戊 虫
蝜	bag	八 目 虫 𠂊
蝝	bag_ops	彑 虫 𧰨 
蝞	bag	目 虫 𠃜
蝟	bag	 虫
蝠	bag	 虫
蝡	bag	  冂 虫
蝢	bag	虫 頁
蝣	bag	 子 虫 
蝤	bag	丷 虫 酉
蝥	bag	 攵 虫 龴
蝦	bag	⑤ 又 虫 
蝧	bag	 央 虫
蝨	bag	 虫 虫
蝩	bag	虫 重
蝪	bag	 丿 勹 日 虫
蝫	bag	 
蝬	bag	㐅 八 凵 夂 虫
蝭	bag	 虫 龰
蝮	bag	夂 日 虫 𠂉
蝯	bag	 又 虫 
蝰	bag	  虫
蝱	bag	 虫 虫 𠃊
蝲	bag	刂 束 虫
蝳	bag	母 虫 龶
蝴	bag	 月 虫
蝵	bag	丿  木 虫
蝶	bag	世 木 虫
蝷	bag	 广 虫
蝸	bag	冂  虫 𠃍
蝹	bag	日 皿 虫
蝺	bag	禹 虫
蝻	bag	 虫
蝼	bag	女 米 虫
蝽	bag	 日 
蝾	bag	 木 虫
蝿	bag	乚  虫
螀	bag	 虫 𠂊
螁	bag	艮 虫 辶
螂	bag	 虫 阝
螃	bag	 虫 𠃌
螄	bag	㠯  巾 虫
螅	bag	心 自 虫
螆	bag	 虫
螇	bag	②  虫 𭕄
螈	bag	 白 虫
螉	bag	八  厶 虫 
螊	bag	 虫 
螋	bag	 臼 虫
螌	bag	又 舟 虫 𠘧
融	ordered	
螎	ordered	虫 
螏	bag	 疒 虫 𠂉
螐	atomic_override	螐
螑	bag	犬 自 虫
螒	bag	  虫
螓	bag	 木 虫
螔	bag	 几 虫 𠂆
螕	bag	㐅 丿 囗 比 虫
螖	bag	⑤ 月 虫
螗	bag	 广 虫 
螘	bag	山 虫 豆
螙	bag	木 虫 虫
螚	bag	 厶 
螛	bag	 虫
螜	bag	  又 虫 𠘧
螝	bag	 田 虫
螞	full	⿰ 虫 ⿹ ⑥ 灬
螟	bag	 八 冖 日 虫
螠	bag	 皿 虫
螡	bag	 虫 
螢	bag	 冖 虫
螣	bag	 月 虫
螤	bag	 人 日 虫
螥	bag	  尸 虫
螦	bag	 虫 龶
螧	bag	  虫
螨	bag	 虫
螩	bag	 朩 虫
螪	bag	  口 虫
螫	bag	④  攵 虫
螬	bag	 虫
螭	bag	 厶 虫
螮	bag	⑤ 冖 巾 虫
螯	bag	丿 攵 虫 
螰	bag	 广 比 虫 
螱	bag	 示 虫
螲	bag	  厶 宀 虫
螳	bag	⺌   虫
螴	bag	東 虫 阝
螵	bag	 示 虫
螶	bag	巨 虫 虫
螷	bag	 广 白 
螸	bag	欠 虫 谷
螹	bag	 虫 車 𠂆
螺	bag	 田 虫
螻	bag	⑧ 女 虫
螼	bag	口 廿 虫 龶
螽	bag	 夂 虫 虫
螾	bag	 由 虫
螿	bag	冫 寸 爿 虫 𠂊
蟀	bag	  虫
蟁	bag	民 虫 虫
蟂	bag	⑦ 木 虫
蟃	bag	 罒 虫
蟄	bag	 九 十 干 虫
蟅	bag_ops	 灬 虫 ⿰ 
蟆	bag_ops	 虫  ⿻
蟇	bag_ops	 虫 
蟈	bag	  囗 虫
蟉	bag	 彡 虫 
蟊	bag	 虫 虫 龴
蟋	bag	 米 虫
蟌	bag	丿  心 虫
蟍	bag	  虫
蟎	bag	入 入 巾 廿 虫
蟏	bag	 肃 虫
蟐	bag	 巾 虫
蟑	bag	  虫
蟒	bag	 十 犬 虫
蟓	bag	丨 囗 虫 
蟔	bag	⑧ 灬 虫
蟕	bag	 止 
蟖	bag_ops	 虫 𠂆 ⿰  
蟗	bag	 冖  虫
蟘	bag	 亻 八 目 虫
蟙	bag	  日 虫
蟚	bag_ops	 虫 豆 
蟛	bag_ops	 虫 豆 ⿰ 
蟜	bag	  虫
蟝	bag	巨  虫
蟞	bag	丷 八 巾 攵 虫
蟟	bag	 人 小 日 虫
蟠	bag	丿  虫
蟡	bag	爲 虫
蟢	bag	 虫 豆
蟣	bag	②   人 虫
蟤	bag	 巳 虫
蟥	bag	 由 虫
蟦	bag	  目 虫
蟧	bag	丿  冖 虫 𠃌
蟨	bag_ops	 厂 欠 虫  ⿸ ⿻
蟩	bag_ops	 厂 欠 虫 ⿰  ⿻
蟪	bag	⑧ 心 虫
蟫	bag	  日 虫
蟬	bag	 甲 虫
蟭	bag	灬 虫 隹
蟮	bag	  虫
蟯	bag	   十 虫
蟰	bag	肅 虫
蟱	bag	一 卌 灬 虫 𠂉
蟲	bag	虫 虫 虫
蟳	bag	口 寸 工 彐 虫
蟴	bag_ops	 虫 𠂆  ⿸
蟵	bag	厂 寸 虫 豆
蟶	bag	 耳 虫
蟷	bag	 田 虫
蟸	bag	一 虫 虫 𧰨
蟹	bag_ops	丿 牛 虫  
蟺	bag	 口  虫
蟻	bag	 我 虫
蟼	bag	 虫
蟽	bag	 十 虫 辶
蟾	bag	 厂 虫 言 𠂊
蟿	bag	凵 又 虫 車 𠘧
蠀	bag	八  目 虫
蠁	bag	 乡 虫 阝
蠂	bag	世  木 虫
蠃	bag	  月 虫 𠃊
蠄	bag	  凵 厶 虫
蠅	bag	虫 黽
蠆	bag_ops	 禺 虫 
蠇	bag_ops	 禺 虫 
蠈	bag	 八 目 虫 𠂇
蠉	bag	 罒 虫 𧘇
蠊	bag	 广 虫 
蠋	bag	勹 罒 虫 虫
蠌	bag	 罒 虫
蠍	bag	 欠 虫 𠃊
蠎	bag	   虫
蠏	bag_ops	丿 牛 虫   
蠐	bag	③   虫 𠃌
蠑	bag	 冖 木 虫
蠒	bag	   乀 八 巾 虫
蠓	bag	 虫 𧰨
蠔	bag	  虫 𧰨
蠕	bag	 冂 冂 虫
蠖	bag	 又 虫 隹
蠗	bag	 虫 隹 
蠘	bag_ops	 虫   
蠙	bag	 目 虫 𣥂
蠚	bag	 虫 虫 𠂇
蠛	bag	 戊 罒 虫
蠜	bag	㐅  人  虫
蠝	bag	田 田 田 虫
蠞	bag_ops	⑤  卩 虫  
蠟	bag	⑦ 㐅 囗 虫 
蠠	bag	 囗 虫 虫
蠡	bag	彑 虫 虫 𧰨
蠢	bag	 日 虫 虫
蠣	bag	 厂 禺 虫
蠤	bag	丷 虫 虫 酉
蠥	bag	㠯  丿 凵 十 虫
蠦	bag	 田 皿 虫
蠧	bag	 冖  虫 虫
蠨	bag	 肅 虫
蠩	bag	 虫 言
蠪	bag_ops	⑦  月 虫  
蠫	bag	刂 虫 虫 豸
蠬	bag_ops	⑦  月 虫 
蠭	bag	 虫 虫 辶
蠮	bag	  匚 又 虫  𠃌 𠘧
蠯	bag	 广 白 虫 虫
蠰	bag	 井  虫 𧘇
蠱	bag	皿 虫 虫 虫
蠲	bag	 勹 皿 罒 虫
蠳	bag	八 八 女 目 目 虫
蠴	bag	  虫
蠵	bag	 口 山 虫 隹
蠶	bag	旡 旡 日 虫 虫
蠷	bag	目 目 虫 隹
蠸	bag	 口 虫 隹
蠹	bag	 冖  虫 虫
蠺	bag	 日 虫 虫
蠻	bag	②  丶 小 小 虫 言
蠼	bag	又 目 目 虫 隹
蠽	bag	 小 虫 虫 隹
蠾	bag	 八 勹 尸 罒 虫 虫
蠿	bag	 ②   丶 虫 虫 𠃎 𠃎
血	bag	
衁	bag	 皿 𠃊
衂	bag	 丿 
衃	bag	 丿 皿
衄	bag	丑 丿 皿
衅	bag	 皿
衆	bag	丿 乑 
衇	bag	④ 丿 皿 𠂆
衈	bag	丿 皿 耳
衉	bag	丿  皿
衊	bag	丨  十 戊 皿 罒
衋	bag	  白 白 皿 
行	bag	
衍	bag_ops	 彳 氵  ⿲
衎	bag	 干 彳
衏	bag	  亅 彳
衐	bag	 巨 彳
衑	bag	 人 彳 龴
衒	bag	②  亅 彳
術	bag	 彳 木
衔	bag	 彳 钅
衕	bag	  彳
衖	bag	 亅  彳
街	bag	
衘	bag	③  
衙	bag	  彳 𫝀
衚	bag	  彳 月
衛	bag	㐄  口 彳 𫝀
衜	bag	 彳 自
衝	bag	 彳 重
衞	bag	  巾 彳 𫝀
衟	bag	 彳 自 
衠	bag	  亅  彳
衡	bag	
衢	bag	 彳 目 目 隹
衣	bag	
衤	bag	衤 ⸻
补	bag	
衦	bag	干 衤
衧	bag	于 衤
表	bag	
衩	bag	丶 又 衤 ⸻
衪	bag	也 衤 ⸻
衫	bag	彡 衤
衬	bag	寸 衤
衭	bag	 衤 ⸻
衮	bag	  𧘇
衯	bag	 
衰	bag	 
衱	bag	及 衤
衲	bag	 衤
衳	bag	 衤
衴	bag	冘 衤
衵	bag	日 衤 ⸻
衶	bag	 衤
衷	bag	 
衸	bag	 衤
衹	bag	氏 衤
衺	bag	 牙 𧘇
衻	bag	 衤
衼	bag	 衤
衽	bag	 衤
衾	bag	㇇  人 𧘇
衿	bag	 衤
袀	bag	 衤
袁	bag	 𧘇
袂	bag	 衤 𠃍
袃	bag	㇀  𠃌 𧘇
袄	bag	 衤
袅	bag	 𧘇
袆	bag	衤 韦
袇	bag	丹 衤
袈	bag	  𧘇
袉	bag	 衤
袊	bag	 衤 龴
袋	bag	
袌	bag	  𧘇
袍	bag	 衤
袎	bag	 
袏	bag	工 衤 𠂇
袐	bag	 衤
袑	bag	 
袒	bag	 衤 ⸻
袓	bag	且 衤
袔	bag	 衤
袕	bag	 衤
袖	bag	由 衤
袗	bag	人 彡 衤
袘	bag	也 衤 𠂉
袙	bag	白 衤
袚	bag	丶 又 衤 𠂇
袛	bag	丶 氏 衤
袜	bag	末 衤
袝	bag	 衤
袞	bag	  𧘇
袟	bag	 衤
袠	bag	  𧘇
袡	bag	冉 衤
袢	bag	 衤
袣	bag	世 衤
袤	bag	  𧘇
袥	bag	 衤 ⸻
袦	bag	 衤
袧	bag	 衤
袨	bag	 衤
袩	bag	 衤
袪	bag	 衤
被	bag	
袬	bag	 厶 
袭	bag	
袮	bag	小 衤 𠂉
袯	bag	发 衤
袰	bag	 母 𧘇
袱	bag	亻 犬 衤
袲	bag	 丶  𧘇
袳	bag	 衤 
袴	bag	㇉  衤
袵	bag	  衤
袶	bag	㐄 夂 衤
袷	bag	 衤
袸	bag	③ 子 衤
袹	bag	一 白 衤
袺	bag	 衤 ⸻
袻	bag	 衤
袼	bag	 衤
袽	bag	 衤
袾	bag	朱 衤
袿	bag	 衤
裀	bag	 衤
裁	bag	
裂	bag	
裃	bag	⺊  
裄	bag	 彳 衤
装	bag	
裆	bag	⺌ 彐 衤
裇	bag	丿 皿 衤
裈	bag	冖 衤 车
裉	bag	艮 衤 ⸻
裊	bag	⑦ 
裋	bag	衤 豆
裌	bag	  衤
裍	bag	囗 木 衤
裎	bag	 衤
裏	bag	  甲 𧘇
裐	bag	口 月 衤
裑	bag	衤 身
裒	bag	 臼 𧘇
裓	bag	 衤
裔	bag	  
裕	bag	衤 谷
裖	bag	 衤 𠄌
裗	bag	 衤
裘	bag	  𧘇
裙	bag	 衤 
裚	bag	 丶  𧘇
裛	bag	  𧘇
補	bag	 月 衤
裝	bag	 爿 𧘇
裞	bag	 衤
裟	bag	 小 
裠	bag	   𧘇
裡	bag	 甲 衤
裢	bag	衤 车 辶
裣	bag	 衤 𭕄
裤	bag	广 衤 车
裥	bag	日 衤 门
裦	bag	③   𧘇
裧	bag	 衤
裨	bag	 白 衤
裩	bag	 衤
裪	bag	勹 缶 衤
裫	bag	一 爿 片 衤
裬	bag	一  夂 衤
裭	bag	 几 衤 ⸻
裮	bag	 衤
裯	bag	 衤
裰	bag	  衤
裱	bag	衤 
裲	bag	一 入 入 巾 衤
裳	bag	⺌   𧘇
裴	bag_ops	 非 𧘇 
裵	bag_ops	 非 𧘇 ⿱ ⿳
裶	bag	衤 非
裷	bag	 衤
裸	bag	 衤
裹	bag	  𧘇
裺	bag	 日 衤
裻	bag	⺊   𧘇
裼	bag	 日 衤
製	bag	 刂 牛 𧘇
裾	bag	 衤
裿	bag	 衤
褀	bag	 衤
褁	bag	 𧘇
褂	bag	 
褃	bag	月 止 衤
褄	bag	 女 衤 
褅	bag	 巾 衤
褆	bag	 衤 龰
複	bag	夂 日 衤 𠂉
褈	bag	衤 重
褉	bag	  人 
褊	bag	 衤
褋	bag	世 木 衤
褌	bag	冖 衤 車
褍	bag	 山 衤
褎	bag	③  木 𧘇
褏	bag	③  由 𧘇
褐	bag	 衤 𠃊
褑	bag	 又 衤 
褒	bag	  𧘇
褓	bag	 衤
褔	bag	 衤
褕	bag	 衤
褖	bag	彑 衤 𧰨
褗	bag	匚  衤
褘	bag	㐄 口 衤 𫝀
褙	bag	 月 衤
褚	bag	 衤
褛	bag	女 米 衤
褜	bag	  𧘇
褝	bag	 甲 衤
褞	bag	日 皿 衤
褟	bag	 日 衤 
褠	bag	 冉 衤
褡	bag	  衤
褢	bag	  田 𧘇
褣	bag	宀 衤 谷
褤	bag	 衤 𧘇
褥	bag	 寸 衤 𠄌
褦	bag	 厶 衤
褧	bag	  耳 𧘇
褨	bag	 工 衤
褩	bag	  𧘇
褪	bag	艮 衤 辶
褫	bag	 几 衤 𠂆
褬	bag	 又 木 衤
褭	bag_ops	⑥  灬 𧘇 ⿱ ⿳ ⿹
褮	bag	  
褯	bag	巾  衤
褰	bag	 井  𧘇
褱	bag	⑤  罒 𧘇
褲	bag	广 衤 車
褳	bag	衤 車 辶
褴	bag	 皿 衤 𠂉
褵	bag	 厶 衤 ⸻
褶	bag	 白 衤 
褷	bag	彳 止 衤 龰
褸	bag	⑧ 女 衤
褹	bag	 九  衤
褺	bag_ops	 九 十 干 𧘇   ⿻
褻	bag	 九 十 
褼	bag	 丨  巳 衤
褽	bag	  示 𧘇
褾	bag	 示 衤
褿	bag	 衤
襀	bag	八 目 衤 龶
襁	bag	 虫 衤
襂	bag	人 厶 厶 厶 彡 衤
襃	bag	③   𧘇
襄	bag	 井  𧘇
襅	bag	⑨ 一 衤
襆	bag	  衤
襇	bag	日 衤 𠁣 𠃛
襈	bag	 巳 衤
襉	bag	月 衤 𠁣 𠃛
襊	bag	 耳 衤
襋	bag	朿 朿 衤
襌	bag	 甲 衤
襍	bag	木 衤 隹
襎	bag	丿  衤
襏	bag	 又 弓 衤 𠘧
襐	bag	丨 囗 衤 
襑	bag	口 寸 工 彐 衤
襒	bag	丷 八 巾 攵 衤
襓	bag	   十 衤
襔	bag	入 入 巾 廿 衤
襕	bag	柬 衤 门
襖	bag	 米 衤
襗	bag	 罒 衤
襘	bag	⺌   衤
襙	bag	  衤
襚	bag	 衤 
襛	bag	 曲 衤 𠄌
襜	bag	 厂 衤 言 𠂊
襝	bag	   衤
襞	bag	 丷  𧘇
襟	bag	 衤
襠	bag	 田 衤
襡	bag	勹 罒 虫 衤
襢	bag	 口  衤
襣	bag	 自 衤
襤	bag	丶 皿 臣 衤 𠂉
襥	bag	  亻 衤
襦	bag	 冂 冂 衤
襧	bag	   乀 八 巾 衤
襨	bag	  衤
襩	bag	一  目 罒 衤
襪	bag	 戊 罒 衤
襫	bag	 白 白 衤
襬	bag	 厶 罒 衤
襭	bag	 衤 頁
襮	bag	 日 衤
襯	bag	 朩 目 衤
襰	bag	八 束 目 衤 𠂊
襱	bag	⑦  月 衤
襲	bag	⑦  丷 月 𧘇
襳	bag	  衤 非
襴	bag	柬 衤 𠁣 𠃛
襵	bag	耳 耳 耳 衤
襶	bag	 田 衤
襷	bag	②   彐 手 衤
襸	bag	 八 目 衤 
襹	bag	 丨 冂 冂 广 比 衤 
襺	bag	  冂 虫 衤 艹
襻	bag	㐅  人  衤
襼	bag	  九  十 厶 衤
襽	bag	 柬 衤 𠁣 𠃛
襾	bag	襾
西	bag	
覀	bag	 
要	bag_ops	
覂	bag	②   口
覃	bag	  
覄	bag	  犬
覅	bag	 丿 勹 
覆	bag	  
覇	bag	 月 革
覈	bag	 丨  口 攵 白 𠃌
覉	bag	 丨 亅 人  革
覊	bag	⑥  灬 革
見	bag	 
覌	bag	 又 目
覍	bag	 小 
覎	bag	 子 目
規	bag	 人 
覐	bag	㐅 丿  乚 目
覑	bag	 片 目
覒	bag	 目
覓	bag	 目 𭕄
覔	bag	  目
覕	bag	 心 目
視	bag	 目 礻
覗	bag	 目 𠃌
覘	bag	⺊  目
覙	bag	 小 目 𠂉
覚	bag	 目 𭕄
覛	bag	④  
覜	bag	 兆 目
覝	bag	  干 目
覞	bag	 目 目
覟	bag	 十 心 目
覠	bag	  目 
覡	bag	  工 目
覢	bag	  目
覣	bag	 女 
覤	bag	  乚 几 目
覥	bag	⑥  八 目
覦	bag	  目
覧	bag	 目 臣 𠂉
覨	bag	  口 目
覩	bag	 日 目 耂
親	bag	 朩 
覫	bag	  冖 目 𠃌
覬	bag	 山 目 豆
覭	bag	 八 冖 日 目
覮	bag	  冖 目
覯	bag	 井 冉 目
覰	bag	 ㇀ 且  乚 目
覱	bag	  目 車 𠂆
覲	bag	 廿 
観	bag	 目 隹 𠂉
覴	bag	②  目 豆
覵	bag	 月 目 𠁣 𠃛
覶	bag	 冂 厶 又 目 龴 𭕄
覷	bag	 ㇀  乚 目
覸	bag	 日 目 𠁣 𠃛
覹	bag	  彳 攵 目
覺	bag	③ 㐅 丿  乚 冖 彐 目
覻	bag	  乚 目 豆
覼	bag	  丿  乀 乚 八 巾 目
覽	bag	 目 罒 臣 𠂉
覾	bag	 宀 田 目 米
覿	bag	  目 目 罒
觀	bag	丨   目 隹
见	bag	见
观	bag	
觃	bag	子 见
规	bag	
觅	bag	丿 
视	bag	
觇	bag	 见
览	bag	 见 𠂉
觉	bag	
觊	bag	山 己 见
觋	bag	 工 见
觌	bag	 见
觍	bag	⑥ 八 见
觎	bag	 见
觏	bag	 冉 见
觐	bag	口 廿 见 龶
觑	bag	 见
角	bag	
觓	bag	丩 角
觔	bag	丿 
觕	bag	牛 角
觖	bag	 角 𠃍
觗	bag	氏 角
觘	bag	 角
觙	bag	及 角
觚	bag	瓜 角
觛	bag	 
觜	bag	 止 角
觝	bag	丶 氏 角
觞	bag	角 𠂉 𠃓
觟	bag	 角
觠	bag	 角
觡	bag	 角
觢	bag	 
解	bag	
觤	bag	 角 𠂊
觥	bag	 角
触	bag	
觧	bag	 角
觨	bag	 工 角
觩	bag	 角
觪	bag	 角
觫	bag	束 角
觬	bag	 臼 角
觭	bag	 角
觮	bag	 角
觯	bag	 甲 角
觰	bag	 角
觱	bag	 戊 角
觲	bag	 牛 角
觳	bag	  又 角 𠘧
觴	bag	 丿 勹 日 角 𠂉
觵	bag	 由 角
觶	bag	 甲 角
觷	bag	③ 㐅  冖 彐 角
觸	bag	勹 罒 
觹	bag	④ 角 隹
觺	bag	 疋 角 
觻	bag	②   白 角
觼	bag	 夂 目 角 𠂊
觽	bag	④ 山 角 隹
觾	bag	③  廿 灬 角
觿	bag	 口 山 角 隹
言	bag	
訁	bag	訁
訂	bag	 
訃	bag	卜 言
訄	bag_ops	九 言 ⿺
訅	bag_ops	九 言 ⿰
訆	bag	丩 言
訇	bag	勹 
計	bag	十 
訉	bag	丶 几 言
訊	bag	 言
訋	bag	 言
訌	bag	工 言
訍	bag	丶 又 
討	bag	寸 
訏	bag	于 言
訐	bag	干 言
訑	bag	也 言
訒	bag	 言 𠃌
訓	bag	川 言
訔	bag_ops	山 言 ⿱
訕	bag_ops	山 言 ⿰
訖	bag	乙 言 𠂉
託	bag	 言
記	bag	己 言
訙	bag	 言
訚	bag	言 门
訛	bag	 言
訜	bag	 言 𠃌
訝	bag	牙 言
訞	bag	 言
訟	bag	 言
訠	bag	丨 弓 言
訡	bag	 言
訢	bag	 言 𠂆
訣	bag	 言 𠃍
訤	bag	㐅  言
訥	bag	 言
訦	bag	冘 言
訧	bag	 言
訨	bag	止 言
訩	bag	 言
訪	bag	 言 𠃌
訫	bag_ops	心 言 ⿰
訬	bag	 言
設	bag	又 言 𠘧
訮	bag	 言
訯	bag	及 言
訰	bag	 言
許	bag	十 言 𠂉
訲	bag	 言
訳	bag	尺 言
訴	bag	 言 𠂆
訵	bag	 囗 言
訶	bag	 言
訷	bag	申 言
訸	bag	 言
訹	bag	 言
診	bag	人 彡 言
註	bag	 言
証	bag	 言
訽	bag	 言
訾	bag_ops	 止 言  ⿺
訿	bag_ops	 止 言  ⿺
詀	bag	 言
詁	bag	 
詂	ordered	言 
詃	bag	 言
詄	bag	 言
詅	bag	 言 龴
詆	bag	丶 氏 言
詇	bag	央 言
詈	bag	罒 言
詉	bag	 言
詊	bag	 言
詋	bag	 言
詌	bag	甘 言
詍	bag	世 言
詎	bag	巨 言
詏	bag	 言 𠃌
詐	bag	乍 言
詑	bag	 言
詒	bag	 言
詓	bag	 言
詔	bag	 言 𠃌
評	bag	 言
詖	bag	皮 言
詗	bag	 言
詘	bag	 言
詙	bag	丶 又 言 𠂇
詚	bag	 
詛	bag	且 言
詜	bag	 又 言
詝	bag	 宀 言
詞	bag_ops	 言 
詟	bag	 言
詠	bag	永 言
詡	bag	 言 
詢	bag	勹 日 言
詣	bag	 日 言
詤	bag	丨  言 𠃊
詥	bag	 言
試	bag	 工 言
詧	bag	 言 𠂊
詨	bag	 言
詩	bag	 言
詪	bag	艮 言
詫	bag	 宀 言
詬	bag	 言 𠂆
詭	bag	 言 𠂊
詮	bag	 言
詯	bag	自 言
詰	bag	 言
話	bag	 言
該	bag	 言 𠃋
詳	bag	 
詴	bag	月 言 𠂇
詵	bag	 言 𠂒
詶	bag	州 言
詷	bag	一  言
詸	bag	米 
詹	bag	 厂 言 𠂊
詺	bag	 言 𠂊
詻	bag	 言
詼	bag	 言 𠂇
詽	bag	干 干 言
詾	bag	 言
詿	bag	 言
誀	bag	耳 言
誁	bag	 言
誂	bag	兆 言
誃	bag	 言 
誄	bag	一 未 言
誅	bag	朱 言
誆	bag	  言
誇	bag	㇉  言
誈	bag	 言
誉	bag	 言 𭕄
誊	bag	 言
誋	bag	己 心 言
誌	bag	 心 言
認	bag	 言 𠃌
誎	bag	束 言
誏	bag	丶 艮 言
誐	bag	我 言
誑	bag	 犭 言
誒	bag	 言 𠂉
誓	bag	 言 𠂆
誔	bag	 言
誕	bag	 廴 言
誖	bag	 子 言
誗	bag	 木 言
誘	bag	 言 𠄎
誙	bag	一 工 言 
誚	bag	⺌ 月 言
誛	bag	 又 言 
誜	bag	 言
誝	bag	 言
語	bag	 言 𫝀
誟	bag	子 耂 言
誠	bag	戊 言 𠃌
誡	bag	 言
誢	bag	 目 言
誣	bag	 工 言
誤	bag	 言
誥	bag	口 言 𠂒
誦	bag	 言 龴
誧	bag	 月 言
誨	bag	母 言 𠂉
誩	bag	言 
說	bag	  言
誫	bag	 言 𠄌
説	bag	 言
読	bag	  言
誮	bag	丨   言
誯	bag	 言
誰	bag	言 
誱	bag	疌 言
課	bag	 
誳	bag	 尸 言
誴	bag	 言
誵	bag	㐅 月 言 𠂇
誶	bag	 言
誷	bag	 冂 言 𠃊
誸	bag	 弓 言
誹	bag	言 非
誺	bag	 木 言
誻	bag	 日 言
誼	bag	且 宀 言
誽	bag	 臼 言
誾	bag	言 𠁣 𠃛
調	bag	 言
諀	bag	 白 言
諁	bag	  言
諂	bag	 
諃	bag_ops	 言 
諄	bag	 言
諅	bag_ops	 言 
諆	bag_ops	 言 
談	bag	 言
諈	bag	 言
諉	bag	 木 言
諊	bag	勹 米 言
請	bag	月 言 龶
諌	bag	東 言
諍	bag	 言 
諎	bag	 言
諏	bag	又 耳 言
諐	bag	丨  口 言
諑	bag	 言 𧰨
諒	bag	 言
諓	bag	  言
諔	bag	 言
諕	bag	 几 
論	bag	  言
諗	bag	 心 言
諘	bag	言 
諙	bag	日 氏 言
諚	bag	 言 龰
諛	bag	人 臼 言
諜	bag	世 木 言
諝	bag	月 疋 言
諞	bag	 言
諟	bag	 言 龰
諠	bag	 日 言
諡	bag	 八 皿 言
諢	bag	冖 言 車
諣	bag	冂  言 𠃍
諤	bag	  言
諥	bag	言 重
諦	bag	 巾 言
諧	bag	比 白 言
諨	bag	 言
諩	bag	 
諪	bag	  言
諫	bag	柬 
諬	bag	 木 言
諭	bag	 言
諮	bag	 欠 言
諯	bag	 山 言
諰	bag	心 田 言
諱	bag	㐄 口 言 𫝀
諲	bag	  言
諳	bag	 日 言
諴	bag	 戊 言
諵	bag	 言
諶	bag	⑤  匚 言
諷	bag	丿 几 虫 言
諸	bag	 言
諹	bag	 丿 勹 日 言
諺	bag	 彡 言
諻	bag	 言
諼	bag	 又 言 
諽	ordered	言 革
諾	bag	 言 𠂇
諿	bag	口 耳 言
謀	bag	 言
謁	bag	 言 𠃊
謂	bag	 言
謃	bag	 言
謄	bag	 月 言
謅	bag	丨  勹 勹 言
謆	bag	丶  尸 言 
謇	bag	 言
謈	bag	 日 言
謉	bag	 田 言
謊	bag	 言 𠃊
謋	bag	㐄  言 𠂊
謌	bag	  言
謍	bag	 冖 言
謎	bag	米 言 辶
謏	bag	 臼 言
謐	bag	 皿 言
謑	bag	②  言 𭕄
謒	bag	  尸 言
謓	bag	 言
謔	bag	  匚 言
謕	bag	 几 言 𠂆
謖	bag	八  言
謗	bag	 言 𠃌
謘	bag	 尸 言
謙	bag	 言 
謚	bag	 皿 言
講	bag	 冉 言
謜	bag	 白 言
謝	bag	寸 言 身
謞	bag	 言
謟	bag	丿 臼 言 𭕄
謠	atomic_override	謠
謡	full	⿰ 言  丿 𭕄 缶
謢	bag	又 言 隹
謣	bag	㇉   言
謤	bag	 示 言
謥	bag	丿  心 言
謦	bag	 言 𠃜 𠘧
謧	bag	 厶 言
謨	bag_ops	 言  ⿻
謩	bag_ops	 言 
謪	bag	  口 言
謫	bag	 
謬	bag	 彡 言 
謭	bag	  月 言 𠃌
謮	bag	八 目 言 龶
謯	bag	 ㇀ 且 乚 言
謰	bag	言 車 辶
謱	bag	⑧ 女 言
謲	bag	人 厶 厶 厶 彡 言
謳	bag	匚  口 言
謴	bag	八 毌 目 言
謵	bag	 白 言 
謶	bag	 灬 言
謷	bag_ops	丿 攵 言 龶  
謸	bag_ops	丿 攵 言 龶  ⿰ 
謹	bag	口 廿 言 龶
謺	bag	 九 十 干 言
謻	bag	 言 
謼	bag	 ㇀ 乎 乚 言
謽	bag	 虫 言
謾	bag	 罒 言
謿	bag	 月 言
譀	bag	 耳 言
譁	bag	⑦  言
譂	bag	 甲 言
譃	bag	 言
譄	bag	  言
譅	bag	  止 止 言 
譆	bag	 言 豆
譇	bag	  言
譈	bag	  言
證	bag	 言 豆
譊	bag	   十 言
譋	bag	月 言 𠁣 𠃛
譌	bag	爲 言
譍	bag	亻 广 言 隹
譎	bag	  口 言 龴
譏	bag	②   人 言
譐	bag	 言 酉
譑	bag	  言
譒	bag	丿  言
譓	bag	⑧ 心 言
譔	bag	 巳 言
譕	bag	一 卌 灬 言 𠂉
譖	bag	旡 旡 日 言
譗	bag	  言 
識	bag	  日 言
譙	bag	灬 言 隹
譚	bag	  日 言
譛	bag	 日 言
譜	bag	 日 言
譝	bag	言 黽
譞	bag	 罒 言 𧘇
譟	bag	  言
譠	bag	 口  言
譡	bag	 田 言
譢	bag	 言 
譣	bag	   言
譤	bag_ops	 白 言  
譥	bag_ops	 白 言  
警	bag_ops	
譧	bag	 广 言 
譨	bag	 曲 言 𠄌
譩	bag	 日 言
譪	ordered	言 十 丨  𠃊 人
譫	bag	 厂 言 言 𠂊
譬	bag	 言
譭	bag	 臼 言 𠘧
譮	bag	⺌   言
譯	bag	 罒 言
議	bag	 我 言
譱	bag	 言 言
譲	bag	 井 八 言 𧘇
譳	bag	 冂 冂 言
譴	bag	㠯  言 辶
譵	bag	  言
譶	bag	言 言 言
護	ordered	言 十 丨 隹 又
譸	bag	 乛  寸 工 言
譹	bag	  言 𧰨
譺	bag	 疋 言 
譻	bag	八 八 目 目 言
譼	bag	一 罒 臣 言 𠂉
譽	bag	②   彐 言
譾	bag	   言 
譿	bag	  丨  言
讀	bag	一  目 罒 
讁	bag	 言 辶
讂	bag	 夂 目 言 𠂊
讃	bag	  目 言
讄	bag	田 田 田 言
讅	bag	  言
讆	bag	㐄  口 彳 言 𫝀
讇	bag	 言 𠁣 𠃛
讈	bag	 厂  止 言
讉	bag	  目 言 辶
變	bag	②  丶 小 小 攵 言
讋	bag	⑦  月 言
讌	bag	③  廿 灬 言
讍	bag	  口 干 言
讎	bag_ops	言 隹 隹 ⿲
讏	bag	  巾 彳 言 𫝀
讐	bag_ops	言 隹 隹 
讑	bag	   言
讒	bag	 口 比 言 
讓	bag	 井  言 𧘇
讔	bag	  言 
讕	bag	柬 言 𠁣 𠃛
讖	bag	  言 非
讗	bag	 口 山 言 隹
讘	bag	耳 耳 耳 言
讙	bag	 口 言 隹
讚	bag	 八 目 言 
讛	bag	  九  十 厶 言
讜	bag	⑧  灬 言
讝	bag	乛 厂  攵 耳 言
讞	bag	 ㇀   乚  犬 言
讟	bag	一  目 罒 言 言
讠	bag	
计	bag	
订	bag	
讣	bag	卜 讠
认	bag	
讥	bag	几 讠
讦	bag	干 讠
讧	bag	
讨	bag	
让	bag	
讪	bag	山 讠
讫	bag	乙 讠 𠂉
讬	bag	 讠
训	bag	
议	bag	
讯	bag	
记	bag	
讱	bag	 
讲	bag	
讳	bag	讠 韦
讴	bag	 讠
讵	bag	巨 讠
讶	bag	牙 讠
讷	bag	 讠
许	bag	
讹	bag	 讠
论	bag	
讻	bag	 讠
讼	bag	 讠
讽	bag	 讠
设	bag	
访	bag	
诀	bag	 讠 𠃍
证	bag	
诂	bag	 讠
诃	bag	 讠
评	bag	
诅	bag	且 讠
识	bag	
诇	bag	 讠
诈	bag	乍 讠
诉	bag	
诊	bag	人 
诋	bag	丶 氏 讠
诌	bag	彐 讠 𠂊
词	bag	
诎	bag	 讠
诏	bag	 
诐	bag	皮 讠
译	bag	
诒	bag	 讠
诓	bag	 匚 
诔	bag	一 未 讠
试	bag	
诖	bag	 
诗	bag	
诘	bag	 讠
诙	bag	 
诚	bag	
诛	bag	朱 讠
诜	bag	 讠 𠂒
话	bag	
诞	bag	 廴 讠
诟	bag	 𠂆
诠	bag	 讠
诡	bag	 讠 𠂊
询	bag	勹 
诣	bag	 
诤	bag	 讠 
该	bag	
详	bag	 讠
诧	bag	 宀 讠
诨	bag	冖 讠 车
诩	bag	 讠 
诪	bag	 
诫	bag	 讠
诬	bag	 
语	bag	
诮	bag	⺌ 月 讠
误	bag	
诰	bag	口 讠 𠂒
诱	bag	 讠 𠄎
诲	bag	母 讠 𠂉
诳	bag	 犭 讠
说	bag	
诵	bag	 讠 龴
诶	bag	 讠 𠂉
请	bag	
诸	bag	
诹	bag	又 耳 讠
诺	bag	
读	bag	
诼	bag	 讠 𧰨
诽	bag	讠 非
课	bag	
诿	bag	 木 讠
谀	bag	人 臼 讠
谁	bag	
谂	bag	 心 讠
调	bag	
谄	bag	 讠
谅	bag	 讠
谆	bag	 讠
谇	bag	 
谈	bag	
谉	bag	宀 申 讠
谊	bag	且 宀 讠
谋	bag	
谌	bag	⑤  匚 讠
谍	bag	世 木 讠
谎	bag	  𠃊
谏	bag	柬 
谐	bag	比 白 讠
谑	bag	  匚 讠
谒	bag	  𠃊
谓	bag	
谔	bag	  讠
谕	bag	 讠
谖	bag	  
谗	bag	⑤  讠 𠂊
谘	bag	 欠 讠
谙	bag	 
谚	bag	 
谛	bag	 巾 讠
谜	bag	米 讠 辶
谝	bag	 讠
谞	bag	月 疋 讠
谟	bag	 讠
谠	bag	⺌   讠
谡	bag	八  讠
谢	bag	
谣	bag	丿 缶 讠 𭕄
谤	bag	 
谥	bag	 皿 讠
谦	bag	 讠 
谧	bag	 皿 讠
谨	bag	口 廿 
谩	bag	 
谪	bag	 讠
谫	bag	  月 
谬	bag	  
谭	bag	  
谮	bag	旡 旡 
谯	bag	灬 讠 隹
谰	bag	柬 讠 门
谱	bag	 
谲	bag	  口 讠 龴
谳	bag	 犬 讠
谴	bag	㠯  讠 辶
谵	bag	 厂 言 讠 𠂊
谶	bag	  讠 非
谷	bag	
谸	bag	 谷
谹	bag	厶 谷 𠂇
谺	bag	牙 谷
谻	bag	⺄  谷
谼	bag	 谷
谽	bag	 谷
谾	bag	 谷
谿	ordered	丿 𭕄   谷
豀	ordered	谷 丿 𭕄  
豁	bag	 谷
豂	bag	 彡 谷 
豃	bag	 耳 谷
豄	bag	一  目 罒 谷
豅	bag	⑦  月 谷
豆	bag	
豇	bag	工 豆
豈	bag	山 
豉	bag	 豆
豊	bag	曲 
豋	bag	 豆 𠂊
豌	bag	 宀 豆 𠂊
豍	bag	 白 豆
豎	bag	又 臣 
豏	bag	 豆 
豐	bag	  丨 山 
豑	bag	 曲 豆
豒	bag	    山 弓 豆
豓	bag	  丨  山 皿 豆
豔	bag	   厶 山 皿 豆
豕	bag	一 𧰨
豖	bag	 𧰨
豗	bag	 𧰨
豘	bag	 凵 𧰨
豙	bag	 𧰨
豚	bag	一 月 𧰨
豛	bag	一  𧰨
豜	bag	 𧰨
豝	bag	一 巴 𧰨
豞	bag	一  𧰨
豟	bag	 乙 尸 𧰨
豠	bag	 𧰨
象	bag	
豢	bag	 人 𧰨
豣	bag	一 干 干 𧰨
豤	bag	一 艮 𧰨
豥	bag	 𠃋 𧰨
豦	bag	  𧰨
豧	bag	 月 𧰨
豨	bag	㐅 一  𧰨
豩	bag	 𧰨 𧰨
豪	bag	  𧰨
豫	bag	丨  囗 龴 
豬	bag	 耂 𧰨
豭	bag	  𧰨
豮	bag	 十 贝 𧰨
豯	bag	②  𧰨 𭕄
豰	bag	   𧰨
豱	bag	 皿 𧰨
豲	bag	一  白 𧰨
豳	bag	 山 𧰨 𧰨
豴	bag	  𧰨
豵	bag	 人 彳 龰 𧰨
豶	bag	  十 目 𧰨
豷	bag	  豆 𧰨
豸	bag	豸 ⸻
豹	bag	 豸
豺	bag	才 豸
豻	bag	干 豸
豼	bag	比 豸
豽	bag	 豸
豾	bag	③  豸
豿	bag	 豸
貀	bag	 豸
貁	bag	 豸
貂	bag	 豸 𠃌
貃	bag	白 豸
貄	bag	 豸 
貅	bag	亻 木 豸
貆	bag	 日 豸
貇	bag	艮 豸
貈	bag	舟 豸
貉	bag	 豸
貊	bag	一 白 豸
貋	bag	干 日 豸
貌	bag	 白 豸 ⸻
貍	bag	 甲 豸
貎	bag	 臼 豸
貏	bag	 白 豸
貐	bag	 豸
貑	bag	⑤ 又 豸 
貒	bag	 山 豸
貓	bag	 田 豸
貔	bag	㐅 丿 囗 比 豸
貕	bag	②  豸 𭕄
貖	bag	 皿 豸
貗	bag	⑧ 女 豸
貘	bag	 豸
貙	bag	匚  口 豸
貚	bag	 甲 豸
貛	bag	 口 豸 隹
貜	bag	又 目 目 豸 隹
貝	bag	八 
貞	bag	⺊ 八 
貟	bag	 目
負	bag	八 目 𠂊
財	bag	八 才 目
貢	bag	八 工 目
貣	bag	 八 目
貤	bag	也 八 
貥	bag	 八 几 目
貦	bag_ops	 八 目 
貧	bag	 八 目 𠃌
貨	bag	 八 目
販	bag	八 又 
貪	bag	 八 目
貫	bag	八 毌 
責	bag	八  ⸻
貭	bag	 
貮	bag	 八 目
貯	bag	  目
貰	bag	世 八 目
貱	bag	八 皮 目
貲	bag	 八 止 目
貳	bag	  八 目
貴	bag	  
貵	bag	  目
貶	bag	  目
買	bag	八 目 罒
貸	bag	 亻 八 
貹	bag	八 生 目
貺	bag	  
費	bag	 八 弓 
貼	bag	⺊  目
貽	bag	 口 目
貾	bag	丶 八 氏 目
貿	bag	③  目 𠃌
賀	ordered	 口 目 八
賁	bag	  
賂	bag	八  目
賃	bag	  目
賄	bag	八 月 目 𠂇
賅	bag_ops	  目 𠃋 ⿰  ⿳
賆	bag	  目
資	bag	八  
賈	bag	  
賉	bag	 皿 目
賊	bag	 八 目 𠂇
賋	bag	 八 目
賌	bag_ops	  目 𠃋  ⿳
賍	bag	一  广 目
賎	bag	 八 目
賏	bag	八 八 目 
賐	bag	八  目
賑	bag	  厂 目 𠄌
賒	bag	 目 示
賓	bag	 目 𣥂
賔	bag	 
賕	bag	 八 目
賖	bag	 八 朩 目
賗	bag	丨 八  目
賘	bag	  广 目
賙	bag	⺆   目
賚	bag	 
賛	bag	  
賜	bag	丿  勹 日 目
賝	bag	 八 冖 
賞	bag	⺌ 八  目
賟	bag	⑥ 八 八 目
賠	bag	  目
賡	bag	 八 广 目 
賢	bag	八 又 目 臣
賣	bag	一  目 
賤	bag	  八 目
賥	bag	  目
賦	bag_ops	 八 止 目   
賧	bag	 八 目
賨	bag_ops	 目 示 
賩	bag_ops	 目 示 
質	bag	 丨 八  𠂆
賫	bag	  目
賬	bag	  目 𠄌
賭	bag	八 日 目 耂
賮	bag	 八 灬 目 
賯	bag	八 勹 子 日 目
賰	bag	 八 日 目
賱	bag	八 冖 目 車
賲	bag	亻 八  目
賳	bag	 八  目
賴	bag	八 束 目 𠂊
賵	bag	  目 目
賶	bag	  口 尸 目
賷	bag	八 冖  目
賸	bag	  月 目
賹	bag	 八 皿 目
賺	bag	 八 目 
賻	bag	丶  寸 月 目
購	bag	 八 冉 目
賽	bag	 八  目
賾	bag	八  𦣞
賿	bag	  彡 目 
贀	bag	 八 匚 又 目 𠂉 𠘧
贁	bag	八 八 攵 目 目
贂	bag	 厶 厶 厶 彡 目
贃	bag	丨 八  心 目
贄	bag	 九  干 目
贅	bag	 攵  𠃌
贆	bag	八 犬 犬 犬 目
贇	bag	  乚 八 止 目
贈	bag	 八  目
贉	bag	 八  日 目
贊	bag	 八 目 
贋	bag	亻 八 厂 目 隹
贌	bag	   目
贍	bag	 八 厂 目 言 𠂊
贎	bag	丨  目 禺
贏	bag	 八  月 目 𠃊
贐	bag	 八 灬 皿 目 
贑	bag	  工 日 目
贒	bag	丨  心 目 臣
贓	bag	 八 爿 目 臣
贔	bag	八 八 八 目 目 目
贕	bag	  卩 目 罒 𠂎
贖	bag	  目 目 罒
贗	bag	⑦ 亻 八 厂 灬 目
贘	bag	⺌ 八 八  目 目
贙	bag	②  ⺊ ㇀  乚 八 几 几 目
贚	bag	⑦  八 月 目
贛	bag	  夂 工 日 目
贜	bag	   爿 目 臣
贝	bag	
贞	bag	⺊ 贝
负	bag	
贠	bag	厶 贝
贡	bag	工 贝
财	bag	
责	bag	
贤	bag	 又 贝
败	bag	
账	bag	贝 长
货	bag	
质	bag	
贩	bag	又 
贪	bag	 贝
贫	bag	
贬	bag	 贝
购	bag	
贮	bag	 贝
贯	bag	
贰	bag	  贝
贱	bag	 贝
贲	bag	 十 贝
贳	bag	世 贝
贴	bag	 贝
贵	bag	
贶	bag	 贝
贷	bag	 
贸	bag	
费	bag	
贺	ordered	 
贻	bag	厶 
贼	bag	 贝 𠂇
贽	bag	 贝
贾	bag	 
贿	bag	月 贝 𠂇
赀	bag	 止 贝
赁	bag	  贝
赂	bag	 贝
赃	bag	 贝
资	bag	
赅	bag	 贝 𠃋
赆	bag	 尺 贝
赇	bag	 贝
赈	bag	 贝 𠄌
赉	bag	来 贝
赊	bag	人 示 贝
赋	bag	 止 贝
赌	bag	 贝
赍	bag	  贝
赎	bag	 贝
赏	bag	 贝
赐	bag	 日 贝
赑	bag	贝 贝 贝
赒	bag	 贝
赓	bag	 广 贝 
赔	bag	 
赕	bag	 贝
赖	bag	
赗	bag	 目 贝
赘	bag	丿 攵  𠃌
赙	bag	丶  贝
赚	bag	 贝 
赛	bag	
赜	bag	 𦣞
赝	bag	亻 厂 贝 隹
赞	bag	
赟	bag	  乚 止 贝
赠	bag	  贝
赡	bag	 厂 言 
赢	bag	  月 贝 𠃊
赣	bag	 夂 工 日 贝
赤	bag	④  ⸻
赥	bag	④ 
赦	bag	④  
赧	bag	④  又
赨	bag	④  虫
赩	bag	④  
赪	bag	  贝
赫	bag	
赬	bag	④   目
赭	bag	④  
赮	bag	④ ⑤  
赯	bag	④   
走	bag	
赱	ordered	 ③
赲	bag	 
赳	bag	一 丩 十 龰
赴	bag	 龰
赵	bag	
赶	bag	
起	bag	
赸	bag	 山 龰
赹	bag	 十 龰
赺	bag	㇇   龰
赻	bag	 小 龰
赼	bag	 龰
赽	bag	 龰 𠃍
赾	bag	 十 龰 𠂆
赿	bag	 氏 龰
趀	bag	㇉  十 龰
趁	bag	 彡 龰
趂	bag	 小 龰 𠂊
趃	bag	   龰
趄	bag	 龰
超	bag	
趆	bag	 氏 龰
趇	bag	 十 龰
趈	bag	⺊  龰
趉	bag	  十 龰
越	bag	
趋	bag	 彐 龰 𠂊
趌	bag	  龰
趍	bag	 十 龰 
趎	bag	 朱 龰
趏	bag	  龰
趐	bag	一  龰 
趑	bag	一  欠 龰
趒	bag	一 兆 十 龰
趓	bag	一  木 龰
趔	bag	  龰 𠂊
趕	bag	 日 龰
趖	bag	  十 龰
趗	bag	 龰 龰
趘	bag	  十 尸 龰
趙	bag	⺌  月 龰
趚	bag	 束 龰
趛	bag	  十 龰
趜	bag	一 勹 十 米 龰
趝	bag	㇇   心 龰
趞	bag	  龰
趟	bag	⺌   龰
趠	bag	⺊   龰
趡	bag	 隹 龰
趢	bag	 亅  彐 龰
趣	bag	
趤	bag	  宀 龰
趥	bag	 酉 龰
趦	bag	一 冫  欠 龰
趧	bag	 日 龰 龰
趨	bag	  勹 勹 十 龰
趩	bag	  田 龰
趪	bag	  廿 由 龰
趫	bag	   
趬	bag	     龰
趭	bag	 灬 隹 龰
趮	bag	   龰
趯	bag	一  隹 龰 
趰	bag	  乀  巾 龰
趱	bag	  乚 十 贝 龰 
趲	bag	  乚  目 龰 
足	bag	
趴	bag	 
趵	bag	 
趶	bag	于 
趷	bag	乙  𠂉
趸	bag	 
趹	bag	 止 𠃍
趺	bag	 
趻	bag	 
趼	bag_ops	  ⿰ 
趽	bag	  𠃌
趾	bag	 
趿	bag	及 
跀	full	  月
跁	bag	 止
跂	bag	 
跃	bag	 
跄	bag	 
跅	bag	  𠂆
跆	bag	厶  止
跇	bag	世 
跈	bag	 彡 止
跉	bag	  龴
跊	bag	口 未 止
跋	bag	丶 又  𠂇
跌	bag	 
跍	bag	 
跎	bag	 宀 止
跏	bag	丿  止 𠃌
跐	bag	 止
跑	bag	
跒	bag	  止
跓	bag	  止
跔	bag	勹  止
跕	bag	⺊  止
跖	bag	  止
跗	bag	 寸 止
跘	bag	 
跙	bag	且 
跚	bag	册 
跛	bag	 皮
跜	bag	 尸 止
距	bag	
跞	bag	乐 
跟	bag	
跠	bag	 弓 止
跡	bag	 
跢	bag	  
跣	bag	 𠂒
跤	bag	  止
跥	bag	丿  止 𠄎
跦	bag	口 朱 止
跧	bag	  止
跨	bag	  止
跩	bag	口 曳 止
跪	bag	  𠂊
跫	bag	丶  工 龰
跬	bag	  止
跭	bag	㐄  止
跮	bag	 
路	bag	
跰	bag	 
跱	bag	 寸 止
跲	bag	  
跳	bag	
跴	bag	 
践	bag	 
跶	bag	 止 辶
跷	bag	 
跸	bag	 止 比
跹	bag	 止 辶
跺	bag	几  止
跻	bag	 
跼	bag	 尸 止 𠃌
跽	bag	口 己 心 止
跾	bag	 口 攵 龰
跿	bag	 止 龰
踀	bag	 止 龰
踁	bag	 工 止 
踂	bag	 耳 𠃊
踃	bag	⺌ 口 月 止
踄	bag	 
踅	bag	 扌 龰 𠂆
踆	bag	  止
踇	bag	 
踈	bag	口 
踉	bag	丶  艮
踊	bag	  龴
踋	bag	 厶 
踌	bag	 寸 止
踍	bag	 止 耂
踎	bag	  止
踏	bag	  止
踐	bag	  
踑	bag	  止
踒	bag	丿  木 止
踓	bag	 
踔	bag	⺊  日 止
踕	bag	 疌
踖	bag	  日 止
踗	bag	 心 止
踘	bag	勹  米
踙	bag	又  耳
踚	bag	  止
踛	bag	  止
踜	bag	  夂 止
踝	bag	口  止
踞	bag	 尸 止
踟	bag	  止 𠂉
踠	bag	㔾  宀 止 𠂊
踡	bag	 
踢	bag	  止
踣	bag	  止
踤	bag	  止
踥	bag	  止
踦	bag	  止
踧	bag	  止
踨	bag	  龰
踩	bag	丿  止 𭕄
踪	bag	 止 示
踫	bag	 
踬	bag	 止 
踭	bag	 止 
踮	bag	⺊  广 止
踯	bag	  阝
踰	bag	  月 止
踱	bag	又 口  止
踲	bag	 止 
踳	bag	  日 止
踴	bag	 冂  龴 𠃌
踵	bag	 重
踶	bag	 日 止 龰
踷	bag	 止 耂
踸	bag	⑤  匚 
踹	bag	  山 止
踺	bag	 廴 止 
踻	bag	冂 冂  止 𠃍
踼	bag	 丿 勹  止
踽	bag	 禹
踾	bag	  田
踿	bag	丿   止
蹀	bag	世  止
蹁	bag	 冂  止
蹂	bag	  止 龴
蹃	bag	  𠂇
蹄	bag	  巾 止
蹅	bag	  止
蹆	bag	 
蹇	bag	  宀 龰
蹈	bag	丿  臼 𭕄
蹉	bag	 口 工 止
蹊	bag	②   𭕄
蹋	bag	  止 
蹌	bag	  尸 止
蹍	bag	   止 𠄌
蹎	bag	 八  止
蹏	bag	 几  𠂆
蹐	bag	丷  口 月 止
蹑	bag	  耳
蹒	bag	 入 入  巾 止
蹓	bag	  
蹔	bag	 車 龰 𠂆
蹕	bag	⑨  止
蹖	bag	  止 臼
蹗	bag	 口 广 止 比 
蹘	bag	人 冫  彡 止 
蹙	bag	⺊  小 戊 龰
蹚	bag	⺌   
蹛	bag	⑤  巾 止
蹜	bag	  止 白
蹝	bag	口 彳 止 止 龰
蹞	bag	 頁
蹟	bag	 止 
蹠	bag	口  止 灬
蹡	bag	 寸 止 爿 𠂊
蹢	bag	 
蹣	bag	入 入 口 巾 廿 止
蹤	bag	 口 彳 止 龰
蹥	bag	 車 辶
蹦	bag	口 山  止
蹧	bag	 日 曲 止
蹨	bag	 止 
蹩	bag	丷  巾 攵 龰
蹪	bag	 八  止 目
蹫	bag	   止 龴
蹬	bag	  
蹭	bag	⺌   止
蹮	bag	㔾  丨 人  止
蹯	bag	丿  
蹰	bag	厂 口 寸 止 豆
蹱	bag	  甲
蹲	bag	 寸 止 酉
蹳	bag	 又  止 𠘧
蹴	bag	 口  尢 止
蹵	bag	 口  尢 龰
蹶	bag	 厂 口 欠 止
蹷	bag	 厂 口 欠 龰
蹸	bag	㐄 丶  米 𠂊
蹹	bag	   止 
蹺	bag	    止
蹻	bag	  
蹼	bag	  
蹽	bag	 人  日 止
蹾	bag	   止
蹿	bag	丨 八   止
躀	bag	 止 毌 目
躁	bag	  木 止
躂	bag	  止 辶
躃	bag	  尸 止
躄	bag	  尸 龰
躅	bag	勹  罒 虫
躆	bag	   𧰨
躇	bag	 日 止 耂
躈	bag	 口 攵 止 白 𠃌
躉	bag	 禺 龰
躊	bag	 乛  寸 工 止
躋	bag	③    𠃌
躌	bag	  
躍	bag	冫  止 隹 
躎	bag	   乀  巾 止
躏	bag	 止 门 隹
躐	bag	⑦ 㐅  止 
躑	bag	 人  酉 阝
躒	bag	②  丶  止 白
躓	bag	 丨  止  𠂆
躔	bag	   广 止 甲
躕	bag	 寸 广 止 豆
躖	bag	 ②   丶  𠃎 𠃎
躗	bag	㐄   彳 龰 𫝀
躘	bag	⑦  月 止
躙	bag	 隹 𠁣 𠃛
躚	bag	 丨 人  巳 止 辶
躛	bag	  巾 彳 龰 𫝀
躜	bag	  
躝	bag	口 柬 止 𠁣 𠃛
躞	bag	 又  言
躟	bag	 井   𧘇
躠	bag	㠯    龰
躡	bag	 耳 耳 耳
躢	bag	  止 𠁣  𠃛
躣	bag	 目 目 隹
躤	bag	   日 未 止
躥	bag	⑦  宀 止 臼
躦	bag	  止 目 
躧	bag	 丨 冂  广 止 比 
躨	bag	  巳 止 止 自
躩	bag	又  目 目 隹
躪	bag	 止 隹 𠁣 𠃛
身	bag	
躬	bag	弓 身
躭	bag	冘 身
躮	bag	 身 𠃌
躯	bag	 身
躰	bag	本 身
躱	bag	 身 𠄎
躲	bag	几 木 身
躳	bag	 身
躴	bag	丶 艮 身
躵	bag	 身 𠃌
躶	bag	 身
躷	bag	 木 身
躸	bag	 身
躹	bag	勹 米 身
躺	bag	⺌  身
躻	bag	 身
躼	bag	  身 𠄌
躽	bag	匚  身
躾	bag	  身
躿	bag	广 身 隶
軀	bag	匚  口 身
軁	bag	⑧ 女 身
軂	bag	丿  冖 身 𠃌
軃	bag	 甲 身
軄	bag	  日 身
軅	bag	亻 厂 身 隹
軆	bag	曲 豆 身
軇	bag	 乛  寸 工 身
軈	bag	亻 广 心 身 隹
軉	bag	  宀 目 缶 身
車	bag	車 ⸻
軋	bag	乚 車
軌	bag	九 車
軍	bag	冖 車 ⸻
軎	bag_ops	口 車 ⿱
軏	bag	 車
軐	bag	 車
軑	bag	 車
軒	bag	干 車
軓	bag	丶 几 車
軔	bag	 車 𠃌
軕	bag	山 車 ⸻
軖	bag	 車 ⸻
軗	bag	又 車 𠘧
軘	bag	 車
軙	bag	⺊ 又 車
軚	bag	 車
軛	bag	 車
軜	bag	 車
軝	bag	氏 車
軞	bag_ops	 車 
軟	bag	欠 車
軠	bag	 車
軡	bag	 車
転	bag	 車
軣	bag	丷 八 車
軤	bag	乎 車
軥	bag	 車
軦	bag	 車
軧	bag	丶 氏 車
軨	bag	 車 龴
軩	bag	 車
軪	bag	 車 𠃌
軫	bag	人 彡 車
軬	bag	 車
軭	bag	  車
軮	bag	央 車
軯	bag	 車
軰	bag	 車
軱	bag	瓜 車
軲	bag	 車
軳	bag	 車
軴	bag	 車
軵	bag	 車
軶	bag	丶 乙 尸 車
軷	bag	丶 又 車 𠂇
軸	bag	由 車
軹	bag	 車
軺	bag	 車 𠃌
軻	bag	 車
軼	bag	 車
軽	bag	 車 ⸻
軾	bag	 工 車
軿	bag	 車
輀	bag	 車
輁	bag_ops	 車 
輂	bag_ops	 車 
較	bag	 車
輄	bag	 車
輅	bag	 車
輆	bag	 車 𠃋
輇	bag	 車
輈	bag	舟 車
載	bag	 車
輊	bag	 車
輋	bag	 山 車
輌	bag	 山 車
輍	bag	谷 車
輎	bag	⺌ 月 車
輏	bag	車 酉
輐	bag	 車
輑	bag	 車 
輒	bag	耳 車 𠃊
輓	bag	⑤ 車 𠂊
輔	bag	 月 車
輕	bag	一 工 車 
輖	bag	 車
輗	bag	 臼 車
輘	bag	一  夂 車
輙	bag	又 耳 車
輚	bag	  車
輛	bag	一 入 入 巾 車
輜	bag	田 車 
輝	bag	 冖 車
輞	bag	 冂 車 𠃊
輟	bag	  車
輠	bag	 車 ⸻
輡	bag	 車
輢	bag	 車
輣	bag	 車
輤	bag	月 車 龶
輥	bag	 車
輦	bag	 車 ⸻
輧	bag	 干 干 車
輨	bag	 車
輩	bag_ops	車 非 ⿱
輪	bag	  車
輫	bag_ops	車 非 ⿰
輬	bag	 車
輭	bag	  冂 車
輮	bag	 木 車 龴
輯	bag	口 耳 車
輰	bag	 丿 勹 日 車
輱	bag	 戊 車
輲	bag	 山 車
輳	bag	 人 車
輴	bag	十 目 車 𠂆
輵	bag	 車 𠃊
輶	bag	丷 車 酉
輷	bag	勹 言 車
輸	bag	 車
輹	bag	夂 日 車 𠂉
輺	bag	一 田 車 
輻	bag	 車
輼	bag	日 皿 車
輽	bag	 田 車
輾	bag	 車 𠄌
輿	bag	 八 彐 車
轀	bag	人 囗 皿 車
轁	bag	丿 臼 車 𭕄
轂	bag	  又 車 𠘧
轃	bag	 木 車
轄	bag	 車
轅	bag	 車 𧘇
轆	bag	 广 比 車 
轇	bag	 彡 車 
轈	bag	 車 
轉	bag	⑧ 寸 車
轊	bag	  丨 彐 車
轋	bag	車 車 辶
轌	bag	 彐 車
轍	bag	 攵 月 車
轎	bag	  車
轏	bag	子 子 子 尸 車
轐	bag	  車
轑	bag	 人 小 日 車
轒	bag	  目 車
轓	bag	丿  車
轔	bag	㐄  車 𠂊
轕	bag	丨   車 𠃊
轖	bag	 人  車
轗	bag	 戊 車
轘	bag	 罒 車 𧘇
轙	bag	 我 車
轚	bag	凵 又 車 車 𠘧
轛	bag	  車
轜	bag	 冂 冂 車
轝	bag	②   彐 車
轞	bag	丶 皿 臣 車 𠂉
轟	bag	車 車 車
轠	bag	田 田 田 車
轡	bag	②    車
轢	bag	②   白 車
轣	bag	 厂  止 車
轤	bag	 田 皿 車
轥	bag	 車 隹 𠁣 𠃛
车	bag	
轧	bag	乚 车
轨	bag	九 车
轩	bag	干 车
轪	bag	 车
轫	bag	 车 𠃌
转	bag	
轭	bag	 车
轮	bag	
软	bag	
轰	bag	
轱	bag	 车
轲	bag	 车
轳	bag	⺊ 尸 车
轴	bag	由 车
轵	bag	 车
轶	bag	 车
轷	bag	乎 车
轸	bag	人 彡 车
轹	bag	乐 车
轺	bag	 车 𠃌
轻	bag	
轼	bag	 
载	bag	
轾	bag	 车
轿	bag	 车
辀	bag	舟 车
辁	bag	 车
辂	bag	 车
较	bag	
辄	bag	 𠃊
辅	bag	 月 车
辆	bag	
辇	bag	 车
辈	bag	车 非
辉	bag	 冖 车
辊	bag	 车
辋	bag	 冂 车 𠃊
辌	bag	 车
辍	bag	 
辎	bag	田 车 
辏	bag	 人 车
辐	bag	 车
辑	bag	
辒	bag	日 皿 车
输	bag	
辔	bag	口 纟 纟 车
辕	bag	 车 𧘇
辖	bag	 车
辗	bag	 车 𠄌
辘	bag	 广 比 车 
辙	bag	 攵 月 车
辚	bag	㐄  车 𠂊
辛	bag_ops	 
辜	bag	  
辝	bag	 
辞	bag	  
辟	bag	 
辠	bag	 自
辡	bag	 
辢	ordered	束  
辣	ordered	  束
辤	bag	   𭕄
辥	bag	㠯  丿 凵 
辦	bag_ops	   𠃌   ⿲ ⿻
辧	bag_ops	   𠃌   ⿲ ⿹
辨	bag	②  
辩	bag	
辪	bag	㠯   止
辫	bag	  纟
辬	bag	   丷  十
辭	bag	 丿  厶 又 龴 𭕄
辮	bag	②    丷 丷  小
辯	bag	  言
辰	bag	 𠄌
辱	bag	 寸 𠄌
農	bag	 曲 𠄌
辳	bag	  𠄌
辴	bag	  厂  甲 𠄌
辵	bag	彡 龰
辶	bag	
辷	bag	一 
辸	bag	 𠄎
边	bag_ops	
辺	bag_ops	 ⿹ ⿺
辻	bag	十 
込	bag	入 辶
辽	bag	 辶
达	bag	
辿	bag	山 辶
迀	bag	干 辶
迁	bag	 辶
迂	bag	于 辶
迃	bag	 辶
迄	bag	乙 辶 𠂉
迅	bag	
迆	bag	也 
过	bag	
迈	bag	 辶 𠃌
迉	bag	尸 辶
迊	bag_ops	一 巾 辶 ⿱ ⿺
迋	bag	 
迌	bag	月 
迍	bag	 辶
迎	bag	
迏	bag	 辶
运	bag	
近	bag	
迒	bag	 辶
迓	bag	牙 辶
返	bag	又 
迕	bag	十 辶 𠂉
迖	bag	犬 辶
迗	bag	 辶
还	bag	
这	bag	
迚	bag	 辶
进	bag	
远	bag	
违	bag	
连	bag	
迟	bag	
迠	bag	 辶
迡	bag	 尸 辶
迢	bag_ops	 辶 𠃌  ⿺
迣	bag	世 辶
迤	bag	也 辶 𠂉
迥	bag	 辶
迦	bag_ops	 辶  
迧	bag	申 辶
迨	bag	 辶
迩	bag	小 
迪	bag	由 辶
迫	bag	
迬	bag	 辶
迭	bag	 辶
迮	bag	乍 辶
迯	bag	 
述	bag	
迱	bag	 辶
迲	bag	 辶
迳	bag	工 辶 
迴	bag	 辶
迵	bag	一  辶
迶	bag	 𠂇
迷	bag	
迸	bag	 辶
迹	bag	
迺	bag	 辶
迻	bag	 辶 
迼	bag	 
追	bag	
迾	bag	 
迿	bag	勹 日 辶
退	bag	
送	bag	
适	bag	
逃	bag	
逄	bag	㐄 夂 辶
逅	bag	 
逆	bag	 辶
逇	bag	 十 辶
逈	bag	 口 辶
选	bag	
逊	bag	子 小 辶
逋	bag	 
逌	bag	⺊ 囗 辶 
逍	bag	⺌ 
逎	bag	辶 酉
透	bag	
逐	bag	
逑	bag	 辶
递	bag	 辶
逓	bag	 
途	bag	
逕	bag	一 工 辶 
逖	bag	 犭 辶
逗	bag	豆 辶
逘	bag	 辶 𠂉
這	bag	言 辶
通	bag	
逛	bag	 犭 辶
逜	bag	 辶 𫝀
逝	bag	 
逞	bag	 辶
速	bag	
造	bag	
逡	bag	 辶
逢	bag	 
連	bag	車 辶
逤	bag	 氵 辶
逥	bag	④ 囗 辶
逦	bag	 冂 冂 辶
逧	bag	谷 辶
逨	bag	 木 辶
逩	bag	  辶
逪	bag	 辶
逫	bag	  辶
逬	bag	 干 干 辶
逭	bag	 辶
逮	bag	辶 隶
逯	bag	 辶
逰	bag	子 扌 辶 𠂉
週	bag	 辶
進	bag	辶 隹
逳	bag	 
逴	bag	⺊  辶
逵	bag	  辶
逶	bag	 木 辶
逷	bag	 日 辶
逸	bag	 
逹	bag	 辶
逺	bag	 辶 𠃋 𧘇
逻	bag	 
逼	bag	 辶
逽	bag	 辶 𠂇
逾	bag	 
逿	bag	 丿 勹 日 辶
遀	bag	工  𠂇
遁	bag	十 目 
遂	bag	 
遃	bag	 彡 辶
遄	bag	 山 辶
遅	bag	 尸 辶
遆	bag	 巾 辶
遇	bag	
遈	bag	 辶 龰
遉	bag	⺊ 八 目 辶
遊	bag	 子 辶 
運	bag	冖 車 辶
遌	bag	  辶
遍	bag	
過	bag	冂  辶 𠃍
遏	bag	 辶 𠃊
遐	bag	⑤ 又 辶 
遑	bag	 辶
遒	bag	丷 辶 酉
道	bag	
達	bag	 十 
違	bag	㐄 口 辶 𫝀
遖	bag	 辶
遗	bag	
遘	bag	 冉 辶
遙	full	⿺ 辶  丿 𭕄 缶
遚	bag	 臼 辶
遛	bag	 田 辶 𠃌
遜	bag	  小 辶
遝	bag	⑤ 罒 辶
遞	bag	 几 
遟	bag	 尸 辶
遠	bag	 辶 𧘇
遡	bag	 
遢	bag	 日 辶 
遣	bag	㠯  
遤	bag	⑥ 灬 辶
遥	atomic_override	遥
遦	bag	八 毌 目 辶
遧	bag	  辶
遨	bag	丿 攵 辶 
適	bag	 辶
遪	bag	人 厶 厶 厶 彡 辶
遫	bag	攵 
遬	bag	束 欠 辶
遭	bag	
遮	bag	 灬 辶
遯	bag	一  𧰨
遰	bag	⑤ 冖 巾 辶
遱	bag	⑧ 女 辶
遲	bag	 八 尸 牛 辶
遳	bag	  辶
遴	bag	㐄  
遵	bag	丷  酉
遶	bag	   十 辶
遷	bag	 丨  巳 
選	bag	 巳 辶
遹	bag	  口 
遺	bag	  目 
遻	bag	  辶
遼	bag	 人 小 日 辶
遽	bag	  
遾	bag	  工 辶 
避	bag	
邀	bag	  𠃌
邁	bag	 
邂	bag	丿 牛 角 辶 𠃌
邃	bag	  
還	bag	 罒 辶 𧘇
邅	bag	 口  辶
邆	bag	 豆 辶
邇	bag	   乀 八 巾 辶
邈	bag	 白 豸 辶
邉	bag	 宀 自 辶
邊	bag	  自 辶 𠃌
邋	bag	⑦ 㐅 囗 辶 
邌	bag	丷   勹 木 辶
邍	bag	 夂 彐 田 辶
邎	bag	   言 
邏	bag	  辶 隹
邐	bag	 丨 冂 冂 广 比 辶 
邑	bag_ops	 ⿱
邒	ordered	 阝
邓	bag	又 
邔	bag	己 阝
邕	bag	 
邖	bag	山 阝
邗	atomic_override	邗
邘	bag	于 阝
邙	bag	 阝 𠃊
邚	bag	女 阝
邛	bag	工 
邜	bag	丶 
邝	bag	广 阝
邞	bag	 
邟	ordered	丶 一 几 阝
邠	bag	 
邡	ordered	丶  阝
邢	bag	 阝
那	bag	
邤	bag	 阝 𠂆
邥	bag	冘 阝
邦	bag	
邧	ordered	 阝
邨	bag	 阝
邩	ordered	八 
邪	bag	牙 阝
邫	bag	 
邬	bag_ops	 阝 ⿰ ⿹
邭	ordered	 阝
邮	bag	由 阝
邯	bag	甘 阝
邰	bag	 阝
邱	bag	丘 阝
邲	bag	 阝
邳	bag	③  阝
邴	ordered	 
邵	ordered	𠃌  阝
邶	bag	 阝
邷	bag	瓦 阝
邸	ordered	氏 丶 阝
邹	bag	彐 
邺	bag	 阝
邻	ordered	人 丶 龴 阝
邼	bag	  阝
邽	bag	 阝
邾	ordered	朱 阝
邿	bag	 阝
郀	ordered	  ㇉ 阝
郁	ordered	𠂇 月 阝
郂	ordered	丶 一 𠃋 丿 
郃	bag	 阝
郄	bag	㐅 厶 
郅	bag	 阝
郆	bag	 阝
郇	bag	勹 
郈	bag	 阝 𠂆
郉	bag	干 干 阝
郊	bag	 阝
郋	bag	自 阝
郌	bag	  巴
郍	bag	舟 阝
郎	bag	 阝
郏	ordered	 丷 阝
郐	bag	 阝
郑	bag_ops	
郒	bag	 
郓	bag	冖 
郔	bag	 廴 阝
郕	bag	戊 
郖	bag	豆 阝
郗	bag	㐅 巾 
郘	bag	
郙	ordered	十 月 丶 阝
郚	bag	 阝 𫝀
郛	bag	 
郜	ordered	𠂒 口 阝
郝	bag	④  阝
郞	bag	丶 
郟	ordered	  阝
郠	bag	 
郡	bag	 阝 
郢	bag	 阝
郣	bag	 子 阝
郤	ordered	谷 阝
郥	bag	八 目 阝
郦	bag	 冂 冂 阝
郧	ordered	 阝
部	ordered	
郩	bag	㐅 月 
郪	bag	 女 阝 
郫	ordered	白  阝
郬	bag	月 阝 龶
郭	ordered	丶  子 阝
郮	ordered	⺆ 十  阝
郯	bag	 阝
郰	ordered	耳 又 阝
郱	bag	 阝
郲	ordered	木  阝
郳	bag	 臼 阝
郴	bag	 阝
郵	ordered	丿 ⑥ 一 阝
郶	bag	  巴
郷	bag	⑤ 乡 阝
郸	bag	 甲 阝
郹	bag	犬 目 阝
郺	bag	   
郻	bag	目 阝 𠃊 
郼	bag	㐄 口 阝 𫝀
都	ordered	
郾	ordered	匚 日 女 阝
郿	bag	目 阝 𠃜
鄀	bag	 
鄁	bag	 月 阝
鄂	bag	 
鄃	ordered	 月 刂 阝
鄄	ordered	  一 阝
鄅	bag	禹 阝
鄆	bag	冖 車 阝
鄇	bag	 阝 
鄈	bag	  阝
鄉	bag	 乡 
鄊	bag	乡 
鄋	bag	 臼 阝
鄌	ordered	  阝
鄍	bag	 八 冖 
鄎	bag	心 自 阝
鄏	bag	 寸 阝 𠄌
鄐	bag	 田 阝
鄑	bag	 
鄒	bag	丨  勹 勹 阝
鄓	bag	犬 自 阝
鄔	full	⿰ ⿹ ⑥ 灬 阝
鄕	bag	 乡 白 阝
鄖	ordered	口 目 八 阝
鄗	ordered	丶   阝
鄘	ordered	  月 阝
鄙	bag	 囗 阝
鄚	bag	 阝
鄛	ordered	  阝
鄜	bag	 广 比 阝 
鄝	bag	 彡  𠃌
鄞	bag	口 廿 阝 龶
鄟	ordered	⑧ 寸 阝
鄠	bag	㇉   阝
鄡	bag	⑦ 木 阝
鄢	bag	 止 灬 阝
鄣	ordered	 阝
鄤	bag	 罒 阝
鄥	ordered	⑦ 灬 阝
鄦	bag	一 卌 灬 阝 𠂉
鄧	ordered	 豆 阝
鄨	bag	丷  巴 巾 攵
鄩	bag	口 寸 工 彐 阝
鄪	bag	 八 弓 目 阝
鄫	bag	 
鄬	ordered	爲 阝
鄭	bag	 人 酉 阝
鄮	bag	③  目 
鄯	bag	  阝
鄰	ordered	米 𠂊 丶 㐄 阝
鄱	bag	丿  阝
鄲	bag	 甲 阝
鄳	bag	阝 黽
鄴	ordered	④  一 未 阝
鄵	bag	  阝
鄶	bag	⺌  
鄷	bag	曲 豆 阝
鄸	bag	  罒 
鄹	bag	乑 又 
鄺	bag	 广 由 阝
鄻	bag	 車 阝
鄼	bag	  目 阝
鄽	bag	  十 广 甲 阝
鄾	bag	⑧ 夂 心 阝
鄿	full	 十 丨   ⿻ 甲 一 阝
酀	bag	③  廿 灬 阝
酁	ordered	𠂊 口 比 𠂊  阝
酂	bag	 贝 阝 
酃	bag	  口 阝
酄	bag	 口 阝 隹
酅	bag	 口 山 阝 隹
酆	bag	  丨 山 豆 阝
酇	bag	 八 目 阝 
酈	bag	 丨 冂 冂 广 比 阝 
酉	bag	酉 ⸻
酊	bag	 酉
酋	bag	丷 酉 ⸻
酌	bag	 酉
配	bag	
酎	bag	寸 酉
酏	bag	也 酉
酐	bag	干 酉
酑	bag	于 酉
酒	bag	
酓	bag	 酉 ⸻
酔	bag	九 十 酉
酕	bag_ops	 酉 
酖	bag	冘 酉
酗	bag	 酉
酘	bag	又 酉 𠘧
酙	bag	斗 酉
酚	bag	 酉 𠃌
酛	bag_ops	 酉 ⿰ 
酜	bag	 酉
酝	bag	 酉
酞	bag	 酉
酟	bag	 酉
酠	bag	 酉
酡	bag	 酉
酢	bag	乍 酉
酣	bag	甘 酉
酤	bag	 酉
酥	bag	 酉
酦	bag	发 酉
酧	bag	宀 寸 酉
酨	bag	 酉
酩	bag	 酉 𠂊
酪	bag	 酉
酫	bag	 酉
酬	bag	州 酉
酭	bag	月 酉 𠂇
酮	bag	一  酉
酯	bag	 日 酉
酰	bag	 酉 𠂒
酱	bag	 酉 𠂊
酲	bag	 酉
酳	bag	 月 酉
酴	bag	 酉
酵	bag	子 耂 酉
酶	bag	母 酉 𠂉
酷	bag	口 酉 𠂒
酸	bag	 酉
酹	bag	丿 寸 酉 𭕄
酺	bag	 月 酉
酻	bag	 酉 𭕄
酼	bag	 酉
酽	bag	 厂 酉
酾	bag	 冂 冂 酉
酿	bag	丶 艮 酉
醀	bag	酉 隹
醁	bag	 酉
醂	bag	 酉
醃	bag	 日 酉
醄	bag	勹 缶 酉
醅	bag	 酉
醆	bag	  酉
醇	bag	 酉
醈	bag	 酉
醉	bag	 酉
醊	bag	  酉
醋	bag	 酉
醌	bag	 酉
醍	bag	 酉 龰
醎	bag	 戊 酉
醏	bag	 酉
醐	bag	 月 酉
醑	bag	月 疋 酉
醒	bag	
醓	bag	冘 皿 酉
醔	bag	丿  木 酉
醕	bag	  酉
醖	bag	日 皿 酉
醗	bag	  酉
醘	bag	 皿 酉
醙	bag	 臼 酉
醚	bag	米 辶 酉
醛	bag	 十 酉
醜	bag	 田 酉
醝	bag	 工 酉
醞	bag	人 囗 皿 酉
醟	bag	 冖 酉
醠	bag	央 皿 酉
醡	bag	乍  酉
醢	bag	口 皿 酉 𠂇
醣	bag	 广 酉 
醤	bag	 酉 𠂊
醥	bag	 示 酉
醦	bag	人 厶 厶 厶 彡 酉
醧	bag	匚  口 酉
醨	bag	 厶 酉
醩	bag	 酉
醪	bag	 彡 酉 
醫	bag	 又 酉 𠂉 𠘧
醬	bag	冫 寸 爿 酉 𠂊
醭	bag	  酉
醮	bag	灬 酉 隹
醯	bag	 皿 酉
醰	bag	  日 酉
醱	bag	 又 弓 酉 𠘧
醲	bag	 曲 酉 𠄌
醳	bag	 罒 酉
醴	bag	曲 豆 酉
醵	bag	  酉 𧰨
醶	bag	   酉
醷	bag	 日 酉
醸	bag	 井 八 酉 𧘇
醹	bag	 冂 冂 酉
醺	bag	熏 酉
醻	bag	 乛  寸 工 酉
醼	bag	③  廿 灬 酉
醽	bag	  口 酉
醾	bag	 米 酉
醿	bag	  酉
釀	bag	 井  酉 𧘇
釁	bag	  冂  彐 酉 𠃌
釂	bag	⑤ 丿 寸 罒 酉 𭕄
釃	bag	 丨 冂 冂 广 比 酉 
釄	bag	 酉 非
釅	bag	乛 厂  攵 耳 酉
釆	bag	丿 
采	bag	
釈	bag	丿 尺 米
釉	bag	丿 由 米
释	bag	
釋	bag	  干 米 罒
里	bag	
重	bag	
野	bag	
量	bag	
釐	bag	 厂 攵 未 甲
金	bag	
釒	bag	釒
釓	bag	 乚 
釔	bag	 乙 
釕	bag	  
釖	bag_ops	  𠃌  
釗	bag	 
釘	bag	 
釙	bag	 十 卜
釚	bag	 九 
釛	bag_ops	  𠃌  
釜	bag	  
針	bag	 十 
釞	bag	 入 十
釟	bag_ops	   ⿻
釠	bag	 几 
釡	bag_ops	   ⿻
釢	bag	  𠄎
釣	bag	  
釤	bag	 
釥	bag	 十 
釦	ordered	人   
釧	bag	 十 川
釨	bag	 十 
釩	bag	 人 几 
釪	bag	 于 
釫	bag	 
釬	bag	 十 
釭	bag	 十 
釮	bag	 十 才
釯	bag	  𠃊
釰	bag	   𠃌
釱	bag	  
釲	bag	 十 巳
釳	bag	 乙  𠂉
釴	bag	 乚 
釵	bag	  
釶	bag	 也 
釷	bag	  
釸	bag	  𠂊
釹	bag	 十 
釺	bag	  
釻	bag	 九 
釼	bag	   𠃌
釽	bag	 十 爪
釾	bag	 十 
釿	bag	  𠂆
鈀	bag	 十 
鈁	bag	  𠃌
鈂	bag	 冘 十
鈃	bag	 
鈄	bag	 十 斗
鈅	bag	 十 
鈆	bag	  
鈇	bag	   
鈈	bag	③ 
鈉	bag	  
鈊	bag	 十 
鈋	bag	  
鈌	bag	  十 𠃍
鈍	bag	  凵 十
鈎	bag	 勹 十 厶
鈏	bag_ops	    ⿻
鈐	bag	㇇   
鈑	bag	 十 
鈒	bag	 十 及
鈓	bag	  
鈔	bag	  
鈕	bag	 丑 丷 
鈖	bag	  
鈗	bag	   厶
鈘	bag	 
鈙	bag	⺊  
鈚	bag	 十 
鈛	bag	  
鈜	bag	 十 厶 𠂇
鈝	bag	 十 牛
鈞	bag	  
鈟	bag_ops	  弓  
鈠	bag	 十 
鈡	bag	  
鈢	bag	 十 
鈣	bag	 丐 丷 
鈤	bag	 
鈥	bag	  
鈦	bag	  
鈧	bag	 人 
鈨	bag	   
鈩	bag	  
鈪	bag	 十 
鈫	bag	  
鈬	bag	 十 尺
鈭	bag	   止
鈮	bag	   尸
鈯	bag	 人  十
鈰	bag	  巾
鈱	bag	 十 民
鈲	bag	 十 瓜
鈳	bag	  
鈴	bag	  十 龴
鈵	bag	  
鈶	bag	 十 
鈷	bag	  
鈸	bag	  
鈹	bag	 十 皮
鈺	bag_ops	  十   ⿻
鈻	bag	㠯 
鈼	bag	 乍 
鈽	bag	 十 
鈾	bag	 十 由
鈿	bag	 十 
鉀	bag	 十 甲
鉁	bag	  
鉂	bag	 十 史
鉃	bag	  
鉄	bag	  丿  十
鉅	bag	 十 巨
鉆	bag	⺊  
鉇	bag	 也  𠂉
鉈	bag	   宀
鉉	bag	②  丷 
鉊	ordered	人   𠃌 
鉋	bag	 勹 十 巳
鉌	bag	  木
鉍	bag	  
鉎	bag	 十 生
鉏	bag	 丷 
鉐	ordered	人   
鉑	bag	 十 白
鉒	bag_ops	  十   ⿻
鉓	bag	 十 巾 𠂉
鉔	bag	  巾
鉕	bag	 匚 
鉖	bag	  夂
鉗	bag	 十 甘
鉘	bag	  弓
鉙	bag	  
鉚	bag	 十 卩 𠂎
鉛	bag	  𠘧
鉜	bag	 亻 
鉝	bag	 丷 
鉞	bag	 十 戉
鉟	bag	③   十
鉠	bag	 十 央
鉡	bag	 
鉢	bag	 十 本
鉣	bag	  十 
鉤	bag	 勹 
鉥	bag	  木
鉦	bag	  
鉧	bag	 十 
鉨	bag	 十 
鉩	bag	  十 小
鉪	bag	 世 丷 
鉫	bag_ops	     
鉬	bag	 十 
鉭	bag	  
鉮	bag	 十 申
鉯	bag	 以 十
鉰	bag	 人  𠃌
鉱	bag	 十 厶 广
鉲	bag	⺊   卜
鉳	bag	③   
鉴	bag	   𠂉
鉵	bag	 十 虫
鉶	bag	 人 
鉷	bag	 人  
鉸	bag	  人 
鉹	bag	  
鉺	bag	 十 
鉻	bag	  夂
鉼	bag	  
鉽	bag	 乚  工
鉾	bag	 十 厶 牛
鉿	bag	  
銀	bag	 十 艮
銁	bag_ops	 勹   
銂	bag	 十 州
銃	bag	   厶
銄	bag	 丿  
銅	bag	  
銆	bag	  白
銇	bag	  未
銈	bag	   十
銉	bag	   
銊	bag	  
銋	bag	   十
銌	bag	③  十 子
銍	bag	   厶
銎	bag	 人  工
銏	bag	 册 十
銐	bag	 人  𠂊
銑	bag	   𠂒
銒	bag	 十 干 干
銓	bag	   
銔	bag	③   十
銕	bag	  十 弓
銖	bag	 十 朱
銗	bag	 人  𠂆
銘	bag	 人  𠂊
銙	bag	   十
銚	bag	 兆 十
銛	bag	  
銜	bag	  亅  
銝	bag	  木
銞	bag_ops	 勹   ⿹ ⿻
銟	bag	 十 山 巾
銠	bag	   耂
銡	bag	  
銢	bag	㇇    
銣	bag	  女
銤	bag	 十 米
銥	bag	  𧘇
銦	bag	  十 囗
銧	bag	⺌   
銨	bag	 十 
銩	bag	  十 厶
銪	bag	 十 
銫	bag	 十 
銬	bag	㇉   耂
銭	bag	   
銮	bag	  
銯	bag	②   
銰	bag	   十
銱	bag	  巾
銲	bag	 十 干 日
銳	bag	   
銴	bag	  
銵	bag	 十 身
銶	bag	 丷 亅 人 
銷	bag	⺌  十 月
銸	bag	 十 耳 𠃊
銹	bag	   木 𠄎
銺	bag	  十 爿
銻	bag	   弓
銼	bag	   十
銽	bag	  氏
銾	bag	㇇    工
銿	bag	 人  龴
鋀	bag	 十 豆
鋁	bag	  
鋂	bag	 十 
鋃	bag_ops	  艮  
鋄	bag	   又
鋅	bag	 丷  
鋆	bag	 人  
鋇	bag	  
鋈	bag	 丿  十 氵
鋉	bag	 十 
鋊	bag	 十 谷
鋋	bag	③   廴
鋌	bag	  十 廴
鋍	bag	  十 子
鋎	bag	    宀
鋏	bag	   
鋐	bag	 十 厶 宀 𠂇
鋑	bag	  厶 夂
鋒	bag	   
鋓	bag_ops	     
鋔	bag	⑤  十 𠂊
鋕	bag	  十 心
鋖	bag	  女 𭕄
鋗	bag	  月
鋘	bag	   
鋙	bag	 人  𫝀
鋚	bag	 人  攵
鋛	bag	 人 
鋜	bag	  龰
鋝	bag	   𭕄
鋞	bag	  工 
鋟	bag	 人  
鋠	bag	    
鋡	bag	㇇   
鋢	bag	  
鋣	bag	 十 牙 阝
鋤	bag	   𠃌
鋥	bag	  十 
鋦	bag	  𠃌
鋧	bag	   目
鋨	bag	 十 我
鋩	bag	  十 𠃊
鋪	bag	  十 月
鋫	bag_ops	    
鋬	bag	  𠂆
鋭	bag	 丷  
鋮	bag	 十 
鋯	bag	  𠂒
鋰	bag	  十 甲
鋱	bag	 乚  心
鋲	bag	 丘 丷 人 
鋳	bag	  人 
鋴	bag	   
鋵	bag	   木
鋶	bag	   
鋷	bag	  耳
鋸	bag	 
鋹	bag	   𠄌
鋺	bag	㔾   宀 𠂊
鋻	bag	  臣
鋼	bag	 丷 人  山
鋽	bag	⺊  
鋾	bag	 勹 十 缶
鋿	bag	⺌  
錀	bag	   
錁	bag	  
錂	bag	 人  夂
錃	bag	 十 
錄	bag	 丷 亅 人  彑
錅	bag	   十 木
錆	bag	 十 
錇	bag	 丷 人 
錈	bag	㔾   丷  十
錉	bag	  氏
錊	bag	   十
錋	bag	 十 
錌	bag	 十 
錍	bag	  十 白
錎	bag	 勹 十 臼
錏	bag	⑥  
錐	bag	 十 隹
錑	bag	  尸 犬
錒	bag	 人  阝
錓	bag	  丷 乚 
錔	bag	㇇   人 
錕	bag	  比
錖	bag	⺊   
錗	bag	  
錘	bag	⑥  
錙	bag	 十 田 
錚	bag	  
錛	bag	  
錜	bag	㇇   十 心
錝	bag	 十 
錞	bag	 人  
錟	bag	   
錠	bag	  宀 龰
錡	bag	  亅  
錢	bag	  
錣	bag	 十  
錤	bag	⑤  人 
錥	bag	  
錦	bag	 十 
錧	bag	㠯  十 宀
錨	bag	  十 田
錩	bag	  日
錪	bag	⑥  
錫	bag	   
錬	bag	 十 東
錭	bag	⺆   
錮	bag	 十 
錯	bag	  
錰	bag	 十 木 灬
錱	bag	    
録	bag	 丷 亅 人  彐
錳	bag	 十 子 皿
錴	bag	    
錵	bag	   十
錶	bag	 十 
錷	bag	 乚  車
錸	bag	   木
錹	bag	 十 月 止
錺	bag	  
錻	bag	 乚  止
錼	bag	  十 示
錽	bag	   夊
錾	bag	  
錿	bag	 ㇀  乚 人 
鍀	bag	  
鍁	bag	  
鍂	bag	  丷  
鍃	bag	   十 心
鍄	bag	 人  
鍅	bag	  十 厶 氵
鍆	bag_ops	 十 𠁣 𠃛  ⿻
鍇	bag	  白
鍈	bag	  十 央
鍉	bag	 人  龰
鍊	bag	 十 柬 ⸻
鍋	bag	 冂  𠃍
鍌	bag	   氵 𠂒
鍍	bag	  
鍎	bag	  
鍏	bag	㐄   𫝀
鍐	bag	㐅   凵 十 夂
鍑	bag	 十 
鍒	bag	   
鍓	bag	  耳
鍔	bag	  
鍕	bag	  車
鍖	bag	⑤   
鍗	bag	 丷 人  巾
鍘	bag	   目
鍙	bag	 人  氵
鍚	bag	   
鍛	bag	⑤  十 
鍜	bag	⑤  十 
鍝	bag	 十 禺
鍞	bag	⺊   目
鍟	bag	  生
鍠	bag	   白
鍡	bag	   田 𠄌
鍢	bag	 人  田
鍣	bag	   𠃌
鍤	bag	  十 臼
鍥	bag	   
鍦	bag	 丿 也  
鍧	bag	 勹 十 言
鍨	bag	    十
鍩	bag	   𠂇
鍪	bag	   攵 龴
鍫	bag_ops	 丿     ⿻
鍬	bag_ops	 丿     
鍭	bag	   
鍮	bag	   月
鍯	bag	   十 心
鍰	bag	  又 
鍱	bag	 世 丷  
鍲	bag	  民
鍳	bag	  臣 𠂉
鍴	bag	    山
鍵	bag	   
鍶	bag	 十 心 田
鍷	bag	    十
鍸	bag	 十  月
鍹	bag	  十 宀 日
鍺	bag	  耂
鍻	bag	  勹  𠃊
鍼	bag	 人  戊
鍽	bag	 人  十 尸
鍾	bag	 十 重
鍿	bag	  田 
鎀	bag	 人  夂 彡
鎁	bag	 十 
鎂	bag	  丷  
鎃	bag	④  十 
鎄	bag	 人  𧘇
鎅	bag	  十 田
鎆	bag	 丷 人  月
鎇	bag	 十 
鎈	bag	  丷  工
鎉	bag	   
鎊	bag	   𠃌
鎋	bag	  人  宀
鎌	bag	  丷  
鎍	bag	②  人  十 小
鎎	bag	 乁  米 𠂉
鎏	bag	   厶 氵
鎐	bag	  缶 𭕄
鎑	bag	  十 厶 皿
鎒	bag	    厂 寸 𠄌
鎓	bag	    𠃌
鎔	bag	 十 宀 谷
鎕	bag	 人  
鎖	bag	  小 目
鎗	bag	  
鎘	bag	   
鎙	bag	 丷 人 凵 十 月
鎚	bag	㠯   辶
鎛	bag	  
鎜	bag	 十 
鎝	bag	  十 
鎞	bag	㐅   囗 比
鎟	bag	 十  又 木
鎠	bag	  止 罒
鎡	bag	  丷 丷 
鎢	atomic_override	鎢
鎣	bag	   八 冖 
鎤	bag	⺌   
鎥	bag	 人  夂 朩
鎦	bag	③   
鎧	bag	 十 山 豆
鎨	bag	  隹
鎩	bag	㐅   朩 𠘧
鎪	bag	  又 臼
鎫	bag	㐅  丿   夂
鎬	bag	  
鎭	bag	   目 𠃊
鎮	bag	  丷 人 
鎯	bag	⑤   阝
鎰	bag	 丷 人  皿
鎱	bag	   𧘇
鎲	bag	⺌   冖 
鎳	bag	 十 木 自
鎴	bag	 十 心 自
鎵	bag	  宀 𧰨
鎶	bag	   
鎷	full	 人 ⿻  ⿱ 十  ⿹ ⑥ 灬
鎸	bag	  隹 𠄎
鎹	bag	  丷  十 辶
鎺	bag	 丷  礻
鎻	bag	  目 
鎼	bag	 ㇀  乚  手
鎽	bag	   夂 山
鎾	bag	  皿
鎿	bag	   手
鏀	bag	⺊ 㐅     囗
鏁	bag	  木 
鏂	bag	 匚  
鏃	bag	 丿  十 
鏄	bag	⑧  
鏅	bag	 人  夂 月
鏆	bag	  毌 目
鏇	bag	  
鏈	bag	 十 車 辶
鏉	bag	 十 束 欠
鏊	bag	  攵 
鏋	bag	 入 入 十 巾 廿
鏌	bag	  
鏍	bag	②   小 田
鏎	bag	⑨  
鏏	bag	     彐
鏐	bag	   彡 
鏑	bag	 丷 人  
鏒	bag	  十 厶 厶 厶 彡
鏓	bag	   心
鏔	bag	 人  宀 由
鏕	bag_ops	   广 比  ⿰   
鏖	bag_ops	   广 比   ⿸ 
鏗	bag	   臣
鏘	bag	 冫  爿 𠂊
鏙	bag	 十 山 隹
鏚	bag	⺊   小 戊
鏛	bag	⺌  冖  巾
鏜	bag	⺌  人  
鏝	bag	 十  罒
鏞	bag	  广 月 
鏟	bag	 丷  厂 生
鏠	bag	   夂 辶
鏡	bag	 丷  
鏢	bag	  人  示
鏣	bag	 十  灬
鏤	bag	⑧  十 女
鏥	bag	 人  宀 白
鏦	bag	   彳 龰
鏧	bag	   𠃜 𠘧
鏨	bag_ops	  車 𠂆  
鏩	bag_ops	  車 𠂆  ⿸ ⿻
鏪	bag	 人  曲
鏫	bag	   
鏬	bag	 ㇀  乎 乚 
鏭	bag	  心 米
鏮	bag	 十 
鏯	bag	  丿  乀  十
鏰	bag	 十 山 
鏱	bag	 丷  
鏲	bag	②  丷 人  牛
鏳	bag	⺌  丷  
鏴	bag	   止
鏵	bag	⑦   十
鏶	bag	 十 木 隹
鏷	bag	   丷  十
鏸	bag	⑧  十 心
鏹	bag	  弓 虫
鏺	bag	   弓 𠘧
鏻	bag	㐄   米 𠂊
鏼	bag	   
鏽	bag	 十 肅
鏾	bag	⺆  人 冫  攵
鏿	bag	⺌  冖 
鐀	bag	   目
鐁	bag	  人  𠂆
鐂	bag	 丣 丷  田
鐃	bag	      
鐄	bag	 人  由
鐅	bag_ops	 丷 人  巾 攵   ⿻
鐆	bag_ops	 丷  阝 𧰨   ⿻
鐇	bag	  
鐈	bag	 丿  冂 
鐉	bag	 人  巳 巳
鐊	bag	    阝
鐋	bag	    氵
鐌	bag	  
鐍	bag	    龴
鐎	bag	 十 灬 隹
鐏	bag	 丷 人  酉
鐐	bag	 丷  十 小 日
鐑	bag	   
鐒	bag	 丿   八  𠃌
鐓	bag_ops	 人    
鐔	bag	    日
鐕	bag	 十 旡 旡 日
鐖	bag	     十
鐗	bag	 十 月 𠁣 𠃛
鐘	bag	  丷  甲
鐙	bag	  十 豆
鐚	bag	⑥   十 心
鐛	bag	 人  小 日
鐜	bag_ops	 人     
鐝	bag	 丷 人 凵  欠
鐞	bag	  寸 工 彐
鐟	bag	    人 
鐠	bag	  丷 人 
鐡	bag	 丷   
鐢	bag	㐅    
鐣	bag	⺌  冖  手
鐤	bag	⑧  十 目
鐥	bag	  丷 人 
鐦	bag	  𠁣 𠃛
鐧	bag	  𠁣 𠃛
鐨	bag	 人  弓 目
鐩	bag	 丷  
鐪	bag	 ㇀    
鐫	bag	④  十 隹
鐬	bag	  戊 
鐭	bag	 丿   米
鐮	bag	  丷  
鐯	bag	   耂
鐰	bag	   木
鐱	bag	   
鐲	bag	 勹 十 罒 虫
鐳	bag	 丷   田
鐴	bag_ops	 丷   ⿰   
鐵	bag	    十 
鐶	bag	 人  罒 𧘇
鐷	bag	 世   十 木
鐸	bag	 丷  十 干 罒
鐹	bag	 冂  辶 𠃍
鐺	bag	⺌  冖  田
鐻	bag	 ㇀  乚  𧰨
鐼	bag	   目
鐽	bag	   十 辶
鐾	bag_ops	 丷      ⿸ ⿻
鐿	bag	 丷  心 日
鑀	bag	   夂 心 𭕄
鑁	bag	㐅     凵 十 夂
鑂	bag	 十 熏
鑃	bag	  隹 
鑄	bag	  乛   寸 工
鑅	bag	   八  木
鑆	bag	  丷  
鑇	bag	③   丷   𠃌
鑈	bag	  丿  乀 人  
鑉	bag	   厶 皿
鑊	bag	   隹
鑋	bag	  工 車 
鑌	bag	 人  宀 目 𣥂
鑍	bag	   目 目
鑎	bag	  匚  目
鑏	bag	  宀 心 皿
鑐	bag	    冂 
鑑	bag	  皿 臣 𠂉
鑒	bag	  罒 臣 𠂉
鑓	bag	㠯  人  辶
鑔	bag	②   
鑕	bag	  人   𠂆
鑖	bag	  十 戊 罒
鑗	bag	 丷  亅  勹 十 木
鑘	bag	 十 田 田 田
鑙	bag	   尢 
鑚	bag	    人  目
鑛	bag	 人  广 由
鑜	bag	⺌   冖  目
鑝	bag	   十 夂 辶
鑞	bag	⑦ 㐅  十 囗 
鑟	bag	 人  目 罒
鑠	bag	   
鑡	bag	   人 凵 十 止
鑢	bag	 ㇀  乚  心 田
鑣	bag	   广 比 灬 
鑤	bag	 丷   
鑥	bag	  灬 
鑦	bag	  又 目 臣
鑧	bag	   十 宀 目
鑨	bag	⑦  丷  月
鑩	bag	 人   口 干
鑪	bag	 ㇀  乚  田 皿
鑫	bag	   丷 丷   
鑬	bag	  目 臣 𠂉
鑭	bag	 十 柬 𠁣 𠃛
鑮	bag	  十 
鑯	bag	    非
鑰	bag	    
鑱	bag	⑤  人  比 
鑲	bag	 井 人  𧘇
鑳	bag	 井   宀 龰
鑴	bag	   山 隹
鑵	bag	   隹
鑶	bag	   十 
鑷	bag	 十 耳 耳 耳
鑸	bag	  十 田 田 田
鑹	bag	⑦   宀 臼
鑺	bag	 十 目 目 隹
鑻	bag	㐅    十 
鑼	bag	   罒 隹
鑽	bag	  人  目 
鑾	bag	   小 小 言
鑿	bag	 丷  又 干 
钀	bag	 ㇀   乚   犬
钁	bag	  目 目 隹
钂	bag	⑧ ⺌  冖  灬
钃	bag	 丷  勹 十 尸 罒 虫
钄	bag	  十 柬 𠁣 𠃛
钅	bag	钅 ⸻
钆	bag	乚 钅
钇	bag	乙 钅
针	bag	
钉	bag	 钅 ⸻
钊	bag	刂 钅
钋	bag	卜 钅
钌	bag	 钅
钍	bag	 钅
钎	bag	 钅
钏	bag	川 钅
钐	bag	彡 钅
钑	bag	及 钅
钒	bag	丶 几 钅
钓	bag	 钅
钔	bag	钅 门
钕	bag	女 钅
钖	bag	钅 𠃓
钗	bag	丶 又 钅 ⸻
钘	bag	 钅 ⸻
钙	bag	丐 钅
钚	bag_ops	 钅 
钛	bag	 钅
钜	bag	巨 钅
钝	bag	 钅
钞	bag	 钅
钟	bag	
钠	bag	 钅
钡	bag	贝 钅
钢	bag	 钅
钣	bag	又 钅 𠂆
钤	bag	 钅
钥	bag	 ⸻
钦	bag	欠 钅
钧	bag	 钅
钨	bag_ops	 钅 ⿰ ⿹
钩	bag	 钅
钪	bag	 钅
钫	bag	 钅 𠃌
钬	bag	 钅
钭	bag	斗 钅
钮	bag	丑 钅
钯	bag	巴 钅 ⸻
钰	bag	 钅
钱	bag	
钲	bag	 钅
钳	bag	甘 钅
钴	bag	 钅
钵	bag	本 钅
钶	bag	 钅 ⸻
钷	bag	匚 口 钅
钸	bag	巾 钅 𠂇
钹	bag	丶 又 钅 𠂇
钺	bag	戉 钅
钻	bag	 钅
钼	bag	目 钅 ⸻
钽	bag	 钅
钾	bag	甲 钅
钿	bag	田 钅 ⸻
铀	bag	由 钅
铁	bag	
铂	bag	白 钅
铃	bag	 钅 龴
铄	bag	乐 钅
铅	bag	口 钅 𠘧
铆	bag	卩 钅 𠂎
铇	bag	 钅
铈	bag	 钅
铉	bag	 钅
铊	bag	 钅
铋	bag	 钅
铌	bag	 尸 钅
铍	bag	皮 钅
铎	bag	 又 钅
铏	bag	 刂 钅
铐	bag	 耂 钅
铑	bag	 耂 钅
铒	bag	耳 钅
铓	bag	  𠃊
铔	bag	 钅
铕	bag	 𠂇
铖	bag	戊 钅 𠃌
铗	bag	 钅
铘	bag	牙 钅 阝
铙	bag	 钅
铚	bag	 钅
铛	bag	⺌ 彐 钅
铜	bag	一  钅
铝	bag	 钅
铞	bag	口 巾 钅
铟	bag	 钅
铠	bag	山 己 钅
铡	bag	 钅
铢	bag	朱 钅
铣	bag	 钅 𠂒
铤	bag	 钅
铥	bag	 厶 钅
铦	bag	 钅
铧	bag	  钅
铨	bag	 钅
铩	bag	㐅 朩 钅
铪	bag	 钅
铫	bag	兆 钅
铬	bag	 钅
铭	bag	 钅 𠂊
铮	bag	 钅 
铯	bag	巴 钅 𠂊
铰	bag	 钅
铱	bag	 钅 𧘇
铲	bag	 钅
铳	bag	 厶 钅
铴	bag	氵 钅 𠃓
铵	bag	 钅
银	bag	
铷	bag	 钅
铸	bag	 钅
铹	bag	 钅 𠃌
铺	bag	 
铻	bag	 钅 𫝀
铼	bag	来 钅
铽	bag	 心 钅
链	bag	车 辶 钅
铿	bag	  钅
销	bag	
锁	bag	⺌ 贝 钅
锂	bag	 甲 钅
锃	bag	 钅
锄	bag	且 丿 钅 𠃌
锅	bag	 钅
锆	bag	口 钅 𠂒
锇	bag	我 钅
锈	bag	 钅 𠄎
锉	bag	 钅
锊	bag	丿 寸 钅 𭕄
锋	bag	 钅
锌	bag	 钅
锍	bag	 钅
锎	bag	 钅 门
锏	bag	 门
锐	bag	 钅
锑	bag	 钅
锒	bag	丶 
锓	bag	 又 钅 
锔	bag	口 尸 钅 𠃌
锕	bag	 钅 阝
锖	bag	 龶
锗	bag	 钅
锘	bag	 钅 𠂇
错	bag	
锚	bag	 田 钅
锛	bag	  钅
锜	bag	 钅
锝	bag	一  钅
锞	bag	 钅
锟	bag	 钅
锠	bag	 钅
锡	bag	 
锢	bag	 钅
锣	bag	 钅 𠂊
锤	bag	 钅
锥	bag	钅 隹
锦	bag	 钅
锧	bag	十 贝 钅 𠂆
锨	bag	 欠 钅 𠂆
锩	bag	 钅
锪	bag	 心 钅
锫	bag	 钅
锬	bag	 钅
锭	bag	 钅 龰
键	bag	 廴 钅 
锯	bag	 钅
锰	bag	子 皿 钅
锱	bag	田 钅 
锲	bag	  人 钅 𠃌
锳	bag	 央 钅
锴	bag	比 白 钅
锵	bag	 钅 𠂊
锶	bag	心 田 钅
锷	bag	  钅
锸	bag	 臼 钅
锹	bag	丿  木 钅
锺	bag	重 钅
锻	bag	⑤ 又 钅 𠘧
锼	bag	 臼 钅
锽	bag	 钅
锾	bag	 又 钅 
锿	bag	 钅 𧘇
镀	bag	又  钅
镁	bag	  钅
镂	bag	女 米 钅
镃	bag	 钅
镄	bag	 贝 钅
镅	bag	目 钅 𠃜
镆	bag	 钅
镇	bag	
镈	bag	丶  
镉	bag	   钅
镊	bag	 耳 钅
镋	bag	⺌   钅
镌	bag	丿 钅 隹 𠄎
镍	bag	木 自 钅
镎	bag	 钅
镏	bag	 田 钅 𠃌
镐	bag	 钅
镑	bag	 钅 𠃌
镒	bag	 皿 钅
镓	bag	 钅 𧰨
镔	bag	丘  钅
镕	bag	宀 谷 钅
镖	bag	 示 钅
镗	bag	⺌   钅
镘	bag	 罒 钅
镙	bag	 田 钅
镚	bag	山 月 
镛	bag	 广  
镜	bag	
镝	bag	 钅
镞	bag	 钅 
镟	bag	 疋 钅 
镠	bag	 彡 钅 
镡	bag	  
镢	bag	 厂 欠 钅
镣	bag	 人 小 
镤	bag	  钅
镥	bag	 田 钅 𠂊
镦	bag	  钅
镧	bag	柬 钅 门
镨	bag	 
镩	bag	丨 八  钅
镪	bag	 虫 钅
镫	bag	 豆 钅
镬	bag	 又 钅 隹
镭	bag	 田 钅
镮	bag	 罒 钅 𧘇
镯	bag	勹 罒 虫 钅
镰	bag	 广 钅 
镱	bag	 
镲	bag	  钅 𠂊
镳	bag	 广 比 灬 钅 
镴	bag	⑦ 㐅 囗 钅 
镵	bag	 口 比 钅 
镶	bag	 井  钅 𧘇
長	bag	  𠄌
镸	bag	 
镹	bag	 久 厶
镺	bag	④  厶
镻	bag	  厶
镼	bag	④   厶 尸
镽	bag	④  厶 小 日
镾	bag	④   乀  巾
长	bag	长
門	bag	𠁣 𠃛 ⸻
閁	bag	丿 𠁣 𠃛
閂	bag	一 𠁣 𠃛
閃	bag_ops	人 𠁣 𠃛 ⿰ ⿵
閄	bag_ops	人 𠁣 𠃛 
閅	bag	 𠁣 𠃛
閆	bag	 一 𠁣 𠃛
閇	bag	 𠁣 𠃛
閈	bag	干 𠁣 𠃛
閉	bag	才 𠁣 𠃛
閊	bag	山 𠁣 𠃛
開	bag	 𠁣 𠃛
閌	bag	 𠁣 𠃛
閍	bag	 𠁣 𠃌 𠃛
閎	bag	厶 𠁣 𠂇 𠃛
閏	bag	 𠁣 𠃛
閐	bag_ops	 𠁣 𠃛  ⿵ ⿻
閑	bag_ops	木 𠁣 𠃛 ⿰ ⿵
閒	bag	月 𠁣 𠃛
間	bag	日 𠁣 𠃛
閔	bag	 𠁣 𠃛
閕	bag	牙 𠁣 𠃛
閖	bag	 𠁣 𠃛
閗	bag	斗 𠁣 𠃛
閘	bag	甲 𠁣 𠃛
閙	bag	 𠁣 𠃛
閚	bag	 𠁣 𠃛
閛	bag	 𠁣 𠃛
閜	bag	 𠁣 𠃛
閝	bag	 𠁣 𠃛
閞	bag	 厶 𠁣 𠃛
閟	bag	 𠁣 𠃛
閠	bag	 𠁣 𠃛
閡	bag	 𠁣 𠃋 𠃛
関	bag	 𠁣 𠃛
閣	bag	 𠁣 𠃛
閤	bag	 𠁣 𠃛
閥	bag	 亻 𠁣 𠃛
閦	bag	 人 𠁣 𠃛
閧	bag	 𠁣 𠃛
閨	bag	 𠁣 𠃛
閩	bag	虫 𠁣 𠃛
閪	bag	 𠁣 𠃛
閫	bag	囗 木 𠁣 𠃛
閬	bag	丶 艮 𠁣 𠃛
閭	bag	 𠁣 𠃛
閮	bag	 𠁣 𠃛
閯	bag	 氵 𠁣 𠃛
閰	bag	臼 𠁣 𠃛
閱	bag	  𠁣 𠃛
閲	bag	 𠁣 𠃛
閳	bag	車 𠁣 𠃛
閴	bag	八 目 𠁣 𠃛
閵	bag	隹 𠁣 𠃛
閶	bag	 𠁣 𠃛
閷	bag	㐅 人 朩 𠁣 𠃛
閸	bag	⑥  𠁣 𠃛
閹	bag	 日 𠁣 𠃛
閺	bag	 日 𠁣 𠃛
閻	bag	 𠁣 𠃛
閼	bag	  人 𠁣 𠃌 𠃛
閽	bag	日 氏 𠁣 𠃛
閾	bag	  𠁣 𠃛
閿	bag	 𠁣 𠃛 𭕄
闀	bag	 𠁣 𠃛
闁	bag	𠁣 𠁣 𠃛 𠃛
闂	bag	 𠁣 𠃛
闃	bag	犬 目 𠁣 𠃛
闄	bag	 𠁣 𠃛
闅	bag	⺊ 又 目 𠁣 𠃛
闆	bag	 口 𠁣 𠃛
闇	bag	 日 𠁣 𠃛
闈	bag	㐄 口 𠁣 𠃛 𫝀
闉	bag	  𠁣 𠃛
闊	ordered	𠁣 𠃛 氵 
闋	bag	  𠁣 𠃛
闌	bag	柬 𠁣 𠃛
闍	bag	 𠁣 𠃛
闎	bag	 白 𠁣 𠃛
闏	bag	丿 几 虫 𠁣 𠃛
闐	bag	 𠁣 𠃛
闑	bag	木 自 𠁣 𠃛
闒	bag	 日 𠁣  𠃛
闓	bag	山 豆 𠁣 𠃛
闔	bag	 皿 𠁣 𠃛
闕	bag	 欠 𠁣 𠃛
闖	bag	⑥ 灬 𠁣 𠃛
闗	bag	②  丶 灬 𠁣 𠃛
闘	bag	寸 豆 𠁣 𠃛
闙	bag	 尸 攵 𠁣 𠃛
闚	bag	 人 目 𠁣 𠃛
闛	bag	⺌   𠁣 𠃛
關	bag	 丱  𠁣 𠃛
闝	bag	八 攵 目 𠁣 𠃛
闞	bag	 耳 𠁣 𠃛
闟	bag	  𠁣  𠃛
闠	bag	  目 𠁣 𠃛
闡	bag	 甲 𠁣 𠃛
闢	bag	 𠁣 𠃛
闣	bag	 田 𠁣 𠃛
闤	bag	 罒 𠁣 𠃛 𧘇
闥	bag	 十 辶 𠁣 𠃛
闦	bag	曲 豆 𠁣 𠃛
闧	bag	 辶 𠁣 𠃛 𧘇
门	bag	
闩	bag	一 门
闪	bag	
闫	bag	 一 门
闬	bag	干 门
闭	bag	
问	bag	
闯	bag	 门
闰	bag	 门
闱	bag	门 韦
闲	bag	木 门
闳	bag	厶 门 𠂇
间	bag	
闵	bag	 门
闶	bag	 门
闷	bag	心 门
闸	bag	甲 门
闹	bag	
闺	bag	 门
闻	bag	
闼	bag	 辶 门
闽	bag	虫 门
闾	bag	 门
闿	bag	山 己 门
阀	bag	 
阁	bag	 门
阂	bag	 门 𠃋
阃	bag	囗 木 门
阄	bag	乚  𠂊
阅	bag	 门
阆	bag	丶 艮 门
阇	bag	 门
阈	bag	  门
阉	bag	 
阊	bag	日 
阋	bag	 臼 门
阌	bag	 门 𭕄
阍	bag	日 氏 门
阎	bag	 门
阏	bag	   𠃌
阐	bag	 甲 门
阑	bag	柬 门
阒	bag	犬 目 门
阓	bag	 门
阔	bag	 
阕	bag	  门
阖	bag	 皿 门
阗	bag	 门
阘	bag	  
阙	bag	 欠 门
阚	bag	 
阛	bag	 罒 门 𧘇
阜	bag	㠯 
阝	bag	
阞	bag	丿 
队	bag	
阠	bag	 阝
阡	bag	 阝
阢	bag	 阝
阣	bag	乙 阝 𠂉
阤	bag	也 
阥	bag	 阝
阦	ordered	阝 
阧	bag	斗 阝
阨	bag	 阝
阩	bag	 丿 阝
阪	bag	又 阝 𠂆
阫	bag_ops	 阝 
阬	ordered	 一 几
阭	bag	 阝
阮	ordered	阝 
阯	bag	止 
阰	bag	比 阝
阱	bag	井 阝
防	ordered	
阳	bag	
阴	bag	
阵	bag	
阶	bag	
阷	bag	 阝
阸	bag	丶 乙 尸 阝
阹	bag	 阝
阺	ordered	阝 氏 丶
阻	ordered	
阼	bag	乍 阝
阽	bag	 阝
阾	ordered	阝 人 丶 龴
阿	bag	
陀	bag	 阝
陁	bag	也 阝 𠂉
陂	bag	皮 阝
陃	ordered	阝  人
附	bag	
际	bag	
陆	bag	
陇	bag	 阝
陈	bag	
陉	bag	工 阝 
陊	bag	 阝 
陋	bag	 阝 𠃊
陌	bag	一 白 阝
降	bag	
陎	ordered	阝 朱
陏	ordered	 月
限	bag	
陑	bag	 阝
陒	ordered	 厂 㔾
陓	ordered	阝   ㇉
陔	ordered	 一 𠃋 
陕	ordered	阝  丷
陖	bag	 
陗	bag	⺌ 月 阝
陘	ordered	阝 一  工
陙	ordered	阝 厂  𠄌 乀 丿
陚	bag	 止 阝
陛	bag	 比 阝
陜	ordered	阝  
陝	bag	 入 入 阝
陞	bag	  阝
陟	bag	止 阝 𣥂
陠	ordered	阝 十 月 丶
陡	bag	 阝 龰
院	bag	
陣	bag	車 阝
除	ordered	
陥	bag	丨  𠂊
陦	bag	 阝
陧	bag	 
陨	ordered	阝 
险	bag	
陪	ordered	阝 
陫	bag	阝 非
陬	ordered	阝 耳 又
陭	bag	 阝
陮	bag	阝 隹
陯	bag	  阝
陰	bag	㇇  人 厶 阝
陱	bag	勹 米 阝
陲	ordered	阝 丿 ⑥ 一
陳	bag	東 阝
陴	ordered	阝 白 
陵	bag	一  
陶	bag	勹 缶 阝
陷	bag	
陸	bag	  阝
陹	bag	 丿 
険	bag	  阝
陻	ordered	阝   一
陼	ordered	阝 耂 日
陽	bag	 丿 勹 
陾	bag	  冂 阝
陿	bag	  匚 阝
隀	bag	重 阝
隁	ordered	阝 匚 日 女
隂	bag	④  阝
隃	ordered	阝  月 刂
隄	bag	 阝 龰
隅	bag	禺 阝
隆	bag	 
隇	bag	 戊 阝
隈	bag	 田 阝 𠄌
隉	bag	工 臼 阝
隊	bag	 阝 𧰨
隋	bag	工 月 
隌	bag	 
隍	bag	 阝
階	bag	比 白 阝
随	bag	
隐	bag	
隑	bag	山 豆 阝
隒	bag	 阝 
隓	bag	工 工  𠂇
隔	ordered	
隕	ordered	阝 口 目 八
隖	full	⿰ 阝 ⿹ ⑥ 灬
隗	bag	 田 阝
隘	bag	 皿 阝
隙	bag	小 小 
隚	ordered	阝  
際	bag	  𠂊
障	ordered	
隝	ordered	阝 ⑦ 灬
隞	bag	丿 攵 阝 
隟	ordered	阝  
隠	bag	 心 阝  𭕄
隡	bag	 
隢	bag	   十 阝
隣	ordered	阝 米 𠂊 丶 㐄
隤	bag	  目 阝
隥	ordered	阝  豆
隦	bag	 阝
隧	bag	 辶 阝 𧰨
隨	ordered	阝 辶 𠂇 工 月
隩	bag	 米 阝
險	bag	  
隫	bag	  目 阝
隬	bag	   乀 八 
隭	bag	 冂 冂 阝
隮	bag	③   
隯	bag	 乛  寸 工 阝
隰	bag	②  丶 日 灬 阝
隱	bag	  
隲	bag	⑥  灬 阝
隳	bag	 小 工 月 
隴	bag	⑦  月 阝
隵	bag	 ㇀  乚 豆 阝
隶	bag	隶
隷	bag	 示 隶
隸	bag	 隶
隹	bag	
隺	bag	冖 隹
隻	bag_ops	又 隹 ⿱
隼	bag	十 隹
隽	bag	丿 隹 𠄎
难	bag_ops	
隿	bag	 隹
雀	bag	小 隹
雁	bag	亻 厂 隹
雂	bag	 隹
雃	bag	 隹
雄	bag	
雅	bag	
集	ordered	
雇	bag	 
雈	bag	隹 艹
雉	bag	 隹 𠂉
雊	bag	 隹
雋	bag	④ 隹
雌	bag	 止 隹
雍	bag	 乡 隹
雎	bag	且 隹
雏	bag	彐 隹 𠂊
雐	bag	 隹
雑	bag	九 朩 隹
雒	bag	 隹
雓	bag	 隹
雔	bag	隹 
雕	bag	 隹
雖	bag	口 虫 隹
雗	bag	  隹
雘	bag	丨 丹  隹
雙	bag	又 隹 隹
雚	bag	 口 
雛	bag	丨  勹 勹 隹
雜	bag	 木 隹
雝	bag	 隹 
雞	bag	②  隹 𭕄
雟	bag	丨  凵 
雠	bag	讠 隹 隹
雡	bag	 彡 隹 
離	bag	 
難	bag	 廿 隹
雤	bag	③ 㐅  冖 彐 隹
雥	bag_ops	隹 隹 隹 
雦	bag_ops	隹 隹 隹 ⿲
雧	bag	木 隹 隹 隹
雨	bag	
雩	bag	㇉  
雪	bag	
雫	bag	  卜
雬	bag	 
雭	bag	 及
雮	bag_ops	     ⿻
雯	bag	 
雰	bag	   𠃌
雱	bag	  冂 𠃌
雲	bag	  
雳	bag	  冂 
雴	bag	 丷 
雵	bag	 央
零	bag	
雷	bag	
雸	bag	 甘
雹	bag	 
雺	bag	   龴
電	bag	 乚  日
雼	bag	  
雽	bag	 乎 
雾	bag	  冂 
雿	bag	 兆 
需	bag	
霁	bag	  丿 
霂	bag	 木 
霃	bag	 冘 氵
霄	bag	⺌  月
霅	bag	 言
霆	bag	   廴
震	bag	
霈	bag	  巾 氵
霉	bag	 
霊	bag	  
霋	bag	 八  
霌	bag	⺆   
霍	bag	 
霎	bag	 丷  女
霏	bag	 非
霐	bag	 厶 
霑	bag	⺊  
霒	bag	㇇   冂 厶
霓	bag	   臼
霔	bag	 八  氵
霕	bag	   凵 厶
霖	bag	 
霗	ordered	  八 氵 人 丶 龴
霘	bag	  冂 
霙	bag	 丷 八  央
霚	bag	   攵 龴
霛	bag	 弓 弓 弓
霜	bag	 
霝	bag	 
霞	bag	⑤  
霟	bag	  八 八  氵
霠	bag	㇇   丷 丷  冂
霡	bag	 月 永
霢	bag	④  月 𠂆
霣	bag	 八  口 目
霤	bag	③   冂 
霥	bag	  冖 𧰨
霦	bag	 彡 
霧	bag	    夂 龴 𠃌
霨	bag	  示
霩	bag	   阝
霪	bag	   氵 𭕄
霫	bag	  白 
霬	bag	  八 八  田
霭	bag	  冂 勹  𠃊
霮	bag	⑤    匚 氵
霯	bag	  豆
霰	bag	⺆     攵
霱	bag	  八   龴
露	bag	
霳	bag	  夂 
霴	bag	  厶 隶
霵	bag	   口 耳
霶	bag	  丷 丷  冂 冖 
霷	bag	  冂 勹 
霸	bag	 月 革
霹	bag	 丷  
霺	bag	   彳 攵
霻	bag	 曲 豆
霼	bag	 乁  厶 米 𠂉
霽	bag	③      冂 𠃌
霾	bag	  甲 豸
霿	bag	   夂 目 龴
靀	bag	    𧰨
靁	bag	 田 田 田
靂	bag	 丿  冂 厂  
靃	bag	 隹 隹
靄	bag	  冂 勹 日 言 𠃊
靅	bag	    厶 弓 目
靆	bag	  厶 辶 隶
靇	bag	⑦  丷  月
靈	bag	    口 
靉	bag	  冂  夂 心 𭕄
靊	bag	    山 豆
靋	bag	 丿  冂 厂  
靌	bag	 八 八  宀 小 目 𠂊
靍	full	 一 ⿻ 冂 ⿻ 丨  八 ⿰ 隹 ⿹ ⑦ 灬
靎	bag	⑦  丷   灬
靏	bag	⑦  冖 灬 隹
靐	bag	  丷 丷 八 八  冂 冂 田 田 田
靑	bag	円 龶
青	bag	
靓	bag	月 见 龶
靔	bag_ops	  𠂉  ⿳
靕	bag	一 月 止 龶
靖	bag	 
靗	bag	 
靘	bag	巴  𠂊
静	bag	
靚	bag	 
靛	bag	 月 龰 龶
靜	bag	 亅   𭕄
靝	bag	  𠂉
非	bag	
靟	bag_ops	 非 
靠	bag	
靡	bag	 非
面	bag	
靣	bag	 
靤	bag	 勹 囗 巳
靥	bag	 厂 囗 犬
靦	bag	  囗 目
靧	bag	④    目
靨	bag	  冂 厂 囗 月 犬
革	bag	
靪	bag	 革
靫	bag	丶 又 革
靬	bag	干 革
靭	bag	 
靮	bag	 革
靯	bag	 革
靰	bag	 革
靱	bag	 
靲	bag	 革
靳	bag	 革 𠂆
靴	bag	 革
靵	bag	丑 革
靶	bag	巴 革
靷	bag	丨 弓 革
靸	bag	及 革
靹	bag	 革
靺	bag	末 革
靻	bag	且 革
靼	bag	 
靽	bag	 革
靾	bag	世 革
靿	bag	 
鞀	bag_ops	 革 
鞁	bag	皮 革
鞂	bag	 革
鞃	bag	厶 弓 革
鞄	bag	 革
鞅	bag	央 革
鞆	bag	 革
鞇	bag	 革
鞈	bag	 革
鞉	bag	兆 革
鞊	bag	 革
鞋	bag	 革
鞌	bag_ops	 革 
鞍	bag_ops	 革 
鞎	bag	艮 革
鞏	bag	 革
鞐	bag	⺊  卜 革
鞑	bag	 辶 革
鞒	bag	 革
鞓	bag	 革
鞔	bag	⑤ 革 𠂊
鞕	bag	 日 革
鞖	bag	 革 𭕄
鞗	bag	 革
鞘	bag	⺌ 月 革
鞙	bag	口 月 革
鞚	bag	 革
鞛	bag	 革
鞜	bag	 日 革
鞝	bag	⺌  革
鞞	bag	 白 革
鞟	bag	 革
鞠	bag	勹 米 革
鞡	bag	 扌 革
鞢	bag	世 木 革
鞣	bag	 木 革 龴
鞤	bag	  革
鞥	bag	  革
鞦	bag	丿  木 革
鞧	bag	丷 酉 革
鞨	bag	 革 𠃊
鞩	bag	⺌  革
鞪	bag	 攵 革 龴
鞫	bag	勹 言 革
鞬	bag	 廴 革 
鞭	bag	 日 革
鞮	bag	 革 龰
鞯	bag	③  子 革
鞰	bag	日 皿 革
鞱	bag	丿 臼 革 𭕄
鞲	bag	 冉 革
鞳	bag	  革
鞴	bag	 革
鞵	bag	②  革 𭕄
鞶	bag	又 舟 革 𠘧
鞷	bag_ops	   革  ⿳ ⿵ ⿵
鞸	bag	⑨ 一 革
鞹	bag	 阝 革
鞺	bag	⺌   革
鞻	bag	⑧ 女 革
鞼	bag	  目 革
鞽	bag	  革
鞾	bag	⑦  革
鞿	bag	②   人 革
韀	bag	②  广 灬 革 
韁	bag	 一 田 田 革
韂	bag	 厂 言 革 𠂊
韃	bag	 十 辶 革
韄	bag	 又 隹 革
韅	bag	②  丶 日 灬 革
韆	bag	 丨  巳 辶 革
韇	bag	一  目 罒 革
韈	bag	 戊 罒 革
韉	bag	②   广 灬 革 
韊	bag	 柬 革 𠁣 𠃛
韋	bag	㐄 口 𫝀
韌	bag	㐄   𫝀
韍	bag	㐄 丶 又  𫝀
韎	bag	㐄 口 末 𫝀
韏	bag	㐄  口 𫝀
韐	bag	㐄   𫝀
韑	bag	⺌ 㐄  𫝀
韒	bag	⺌ 㐄 口 月 𫝀
韓	bag	㐄 十  日 𫝀
韔	bag	④ 㐄  口 𠄌 𫝀
韕	bag	  子 𫝀
韖	bag	㐄   龴 𫝀
韗	bag	㐄  車 𫝀
韘	bag	㐄 世  𫝀
韙	bag_ops	㐄  日 龰 𫝀  ⿺
韚	bag	㐄 口 革 𫝀
韛	bag	㐄   𫝀
韜	bag	㐄  臼 𫝀 𭕄
韝	bag	㐄  冉 口 𫝀
韞	bag	㐄  皿 𫝀
韟	bag	㐄   白 𫝀
韠	bag	⑨ 㐄  𫝀
韡	bag	⑦ 㐄  𫝀
韢	bag	⑧ 㐄 口 心 𫝀
韣	bag	㐄  罒 虫 𫝀
韤	bag	㐄   戊 罒 𫝀
韥	bag	㐄   目 罒 𫝀
韦	bag	韦
韧	bag	 韦 𠃌
韨	bag	丶 又 韦 𠂇
韩	bag	
韪	bag	 韦 龰
韫	bag	日 皿 韦
韬	bag	丿 臼 韦 𭕄
韭	bag	一 非
韮	bag	 非
韯	bag	 十 非
韰	bag	 又 非 𠂊
韱	bag	  非
韲	bag	③  丿 非 𠃌
音	ordered	
韴	bag	 巾 日
韵	bag	  日
韶	bag_ops	  𠃌  
韷	bag	  日
韸	bag	  夂 
韹	bag	  白
韺	bag	 十 
韻	bag	  日 目
韼	bag	  夂 日 辶
韽	bag	㇇  人 日 酉
韾	bag	 十  𠃜 𠘧
響	bag	⑤  乡 
頀	bag	 十  隹
頁	bag	頁 ⸻
頂	bag	 頁
頃	bag	 頁
頄	bag	九 頁
項	bag	工 頁
順	bag	川 頁
頇	bag	干 頁
須	bag	彡 頁 ⸻
頉	bag	止 頁 ⸻
頊	bag	 頁
頋	bag	 頁 ⸻
頌	bag	 頁
頍	bag	 頁
頎	bag	 頁 𠂆
頏	bag	 頁
預	bag	 頁 龴
頑	bag	 頁
頒	bag	 頁 𠃌
頓	bag	 頁
頔	bag	由 頁
頕	bag	 頁
頖	bag	 頁
頗	bag	皮 頁
領	bag	 頁 龴
頙	bag	 頁
頚	bag	 頁
頛	bag	一 未 頁
頜	bag	 頁
頝	bag	 頁
頞	bag	 頁
頟	bag	 頁
頠	bag	 頁 𠂊
頡	bag	 頁
頢	bag	 頁
頣	bag	臣 頁
頤	bag	頁 𦣞
頥	bag	丨 臣 頁
頦	bag	 頁 𠃋
頧	bag	㠯 丿 頁
頨	bag	 頁 
頩	bag	 頁
頪	bag	米 頁
頫	bag	兆 頁
頬	bag	 頁
頭	bag	豆 頁
頮	atomic_override	頮
頯	bag	  丿 頁 𠂊
頰	bag	  頁
頱	bag	丿 寸 頁 𭕄
頲	bag	 頁
頳	bag	④  頁
頴	bag	 示 頁
頵	bag	 頁 
頶	bag	口 頁 𠂒
頷	bag	 頁
頸	bag	一 工 頁 
頹	bag_ops	 木 頁 ⿰ 
頺	bag	 頁 𠄎
頻	bag	止 頁 𣥂
頼	bag	束 頁
頽	bag	丿 几 木 頁
頾	ordered	彡 頁 止 乚 丿
頿	ordered	彡 止 乚 丿 頁
顀	bag	隹 頁
顁	bag	 頁 龰
顂	bag	 木 頁
顃	bag	 頁
顄	bag	丷  八 凵 頁
顅	bag	 月 頁
顆	bag	 頁
顇	bag	 頁
顈	bag	  小 頁
顉	bag	 十 頁
顊	bag	㠯  頁
顋	bag	心 田 頁
題	bag	 頁 龰
額	bag	 頁
顎	bag	  頁
顏	bag	 厂 彡 頁
顐	bag	冖 車 頁
顑	bag	 戊 頁
顒	bag	禺 頁
顓	bag	 山 頁
顔	bag	 彡 頁
顕	bag	 頁
顖	bag	㐅 丿 囗 心 頁
顗	bag	山 豆 頁
願	bag	 白 頁
顙	bag	 又 木 頁
顚	bag	 八 目 頁 𠃊
顛	bag	 頁
顜	bag	 冉 頁
顝	bag	⑤ 月 頁
類	bag	犬 米 頁
顟	bag	 彡 頁 
顠	bag	 示 頁
顡	bag	 頁 𧰨
顢	bag	入 入 巾 廿 頁
顣	bag	 小 戊 頁
顤	bag	   十 頁
顥	bag	 頁
顦	bag	灬 隹 頁
顧	bag	 隹 頁
顨	bag	 頁 頁
顩	bag	   頁
顪	bag	一 戊 止 頁 𣥂
顫	bag	 口  頁
顬	bag	 冂 冂 頁
顭	bag	  罒 頁 𠂊
顮	bag	 目 頁 𣥂
顯	bag	②  丶 日 灬 頁
顰	bag	 止 白 頁 𣥂
顱	bag	 田 皿 頁
顲	bag	   囗 頁
顳	bag	耳 耳 耳 頁
顴	bag	  頁
页	bag	
顶	bag	
顷	bag	 页
顸	bag	干 页
项	bag	
顺	bag	
须	bag	
顼	bag	 页
顽	bag	 页
顾	bag	
顿	bag	
颀	bag	 页 𠂆
颁	bag	 页 𠃌
颂	bag	 页
颃	bag	 页
预	bag	
颅	bag	⺊ 尸 页
领	bag	
颇	bag	皮 页
颈	bag	工 页 
颉	bag	 页
颊	bag	 页
颋	bag	 页
颌	bag	 页
颍	bag	㇇ 丿  乚 亅 页
颎	bag	 
颏	bag	 页 𠃋
颐	bag	页 𦣞
频	bag	止 页 𣥂
颒	full	 ⿲ ㇇ 亅 ⿺ 乀 丿 ⿻ 一 ⿰ 丿 丨 頁
颓	bag	丿 几 木 页
颔	bag	 页
颕	bag	 示 页
颖	bag	 木 页
颗	bag	 页
题	bag	
颙	bag	禺 页
颚	bag	  页
颛	bag	 山 页
颜	bag	 
额	bag	
颞	bag	 耳 页
颟	bag	 页
颠	bag	 页
颡	bag	 又 木 页
颢	bag	 页
颣	bag	 米 页
颤	bag	 口  页
颥	bag	 冂 冂 页
颦	bag	 止 白 页 𣥂
颧	bag	  页
風	bag	丿 几 
颩	bag	丿 几 彡 虫
颪	bag	 几 卜 虫
颫	bag	 几 虫
颬	bag	丿 几 牙 虫
颭	bag	⺊ 丿  虫
颮	bag	丿 几  虫
颯	bag_ops	 丿 几 虫  ⿵
颰	bag	 几 又 虫 𠂇
颱	bag	丿 几  虫
颲	bag	 几 刂 虫 𠂊
颳	bag	 几  虫
颴	bag	丿 几 疋 虫 𠂉
颵	bag	⺌ 丿 几 月 虫
颶	bag	  几 虫
颷	bag	丿  几 虫
颸	bag	丿 几 心 田 虫
颹	bag	㐄 丿  虫 𫝀
颺	bag_ops	  几 勹 日 虫  ⿵ ⿹ ⿺
颻	bag_ops	 几 缶 虫 𭕄  ⿵
颼	bag	 几 又 臼 虫
颽	bag	丿  虫 豆
颾	bag	 几 又 虫 虫
颿	bag_ops	⑥ 丿 几 灬 虫  ⿵ ⿹
飀	bag	③  几 田 虫 𠃌
飁	bag	 几 白 虫 
飂	bag	  几 彡 虫 
飃	bag_ops	  示 虫  ⿵ 
飄	bag_ops	  示 虫  ⿵ ⿻
飅	bag	丣 丿 几 田 虫
飆	bag_ops	丿 几 犬 犬 犬 虫 ⿰  ⿵
飇	bag_ops	丿 几 犬 犬 犬 虫  ⿵ ⿺
飈	bag_ops	丿   八 八 几 虫   ⿺
飉	bag	  几 小 日 虫
飊	bag_ops	丿   八 八 几 虫 ⿰  
飋	bag	  丿 几  心 虫
飌	bag	 几  虫 隹
飍	bag	 丿 几 几 几 虫 虫 虫
风	bag	
飏	bag	 𠃓
飐	bag	⺊ 㐅 
飑	bag	 
飒	bag	㐅  几
飓	bag	㐅  八 几
飔	bag	 心 田
飕	bag	㐅 丨 几 又 臼
飖	bag	㐅 丿 几 缶 𭕄
飗	bag	③ 㐅 丿 几 
飘	bag	㐅   示
飙	bag	 犬 犬 犬
飚	bag	㐅   八 八 几
飛	bag	飛 ⸻
飜	bag	丿  飛
飝	bag	飛 飛 飛
飞	bag	飞
食	bag	
飠	bag	 
飡	bag	 艮
飢	bag	⑤  
飣	bag	⑤  亅 
飤	bag	⑤  
飥	bag	⑤ ㇀  人
飦	bag	⑤  干
飧	bag	 人 艮 𠂊
飨	bag	丶 乡 人 艮
飩	bag	⑤  人 凵
飪	bag	⑤  十
飫	bag	⑤  
飬	bag	 人 艮
飭	bag	⑤  人 
飮	bag	欠 𩙿
飯	bag	⑤  
飰	bag	⑤  人 卜
飱	bag	 人 艮 𠂊
飲	bag	⑤  欠
飳	bag	⑤   十
飴	bag	⑤  
飵	bag	 乍 人
飶	bag	⑤  人 心
飷	bag	⑤ 且 
飸	bag	㇉   艮
飹	bag	⑤  卩 𠂎
飺	bag	  艮
飻	bag	  彡
飼	bag	⑤  
飽	bag	⑤  
飾	bag	⑤  巾 𠂉
飿	bag	⑤ 丨  
餀	bag	⑤ 丨  
餁	bag	⑤  
餂	bag	⑤  人 
餃	bag	⑤   
餄	bag	⑤  口
餅	bag	  
餆	bag	⑤  兆
餇	bag	⑤  
餈	bag	  艮
餉	bag	⑤  
養	bag_ops	  艮  
餋	bag	  艮
餌	bag	⑤  耳
餍	bag	 厂 犬 艮
餎	bag	⑤  
餏	bag	⑤  人 𧘇
餐	bag	⺊  人  𠂊
餑	bag	⑤   子
餒	bag	⑤  人 女 𭕄
餓	bag	⑤  我
餔	bag	⑤   月
餕	bag	⑤  
餖	bag	⑤  豆
餗	bag	⑤  束
餘	bag	⑤  朩
餙	bag	⑤ 㐅  
餚	bag	⑤ 㐅  
餛	bag	⑤  
餜	bag	⑤  
餝	bag	⑤    𠃌
餞	bag	⑤    人
餟	bag	⑤   
餠	bag	  人 干 干
餡	bag	⑤  
餢	bag	⑤  
餣	bag	⑤   日
餤	bag	   八
餥	bag	 艮 非
餦	bag	④ ⑤  人 𠄌
餧	bag	⑤  人 
館	bag	⑤ 㠯  宀
餩	bag	⑤   人 𠃋
餪	bag	 丨   冂
餫	bag	⑤  冖 車
餬	bag	⑤   月
餭	bag	⑤  白
餮	bag	  彡 艮 𠂊
餯	bag	⑤  彑 𧰨
餰	bag	⑤  人 彳 氵
餱	bag	⑤  
餲	bag	  勹 日 𠃊
餳	bag	⑤   勹 日
餴	bag	   十
餵	bag	⑤  人 田 𠄌
餶	bag	⑤ ⑤  月
餷	bag	⑤  
餸	bag	⑤   辶
餹	bag	⑤   口 
餺	bag	⑤  人 
餻	bag	⑤   灬
餼	bag	⑤  乁 人 米 𠂉
餽	bag	  人 
餾	bag	③ ⑤  人 
餿	bag	⑤ 丨  又 臼
饀	bag	⑤  人 臼 𭕄
饁	bag	⑤   厶 皿
饂	bag	⑤  日 皿
饃	bag	⑤   
饄	bag	⑤ ⺌  冖 
饅	bag	⑤   罒
饆	bag	⑤ ⑨ 
饇	bag	⑤  匚  口
饈	bag	 一 丑  人
饉	bag	⑤  口 廿 龶
饊	bag	⑤    攵
饋	bag	⑤    目
饌	bag	⑤    巳 巳
饍	bag	  丷 
饎	bag	⑤  
饏	bag	丶 乛 人 攵 耳 艮
饐	bag	⑤   豆
饑	bag	 ⑤    
饒	bag	   
饓	bag	⑤ ⺌  冖 
饔	bag	 乡 人 艮 隹
饕	bag	 ㇀ ㇉  人  艮
饖	bag	⑤  戊 
饗	bag	⑤  乡 人 
饘	bag	⑤   口 
饙	bag	⑤  人  目
饚	bag	⑤    厶 皿
饛	bag	   𧰨
饜	bag	  厂 月 犬 艮
饝	bag	⑤  口 
饞	bag	⑤ ⑤   比 
饟	bag	⑤  井 人  𧘇
饠	bag	 ⑤  人 罒 隹
饡	bag	   目 
饢	bag	 丶 井 人 冖  
饣	bag	饣 ⸻
饤	bag	 饣
饥	bag	几 饣
饦	bag	 饣
饧	bag	饣 𠃓
饨	bag	 饣
饩	bag	 饣 𠂉
饪	bag	 饣
饫	bag	 饣
饬	bag	丿 饣 
饭	bag	
饮	bag	欠 饣
饯	bag	 饣
饰	bag	巾 饣 𠂉
饱	bag	 饣
饲	bag	 饣 𠃌
饳	bag	 饣
饴	bag	 饣
饵	bag	耳 饣
饶	bag	 饣
饷	bag	 口 饣
饸	bag	 饣
饹	bag	 饣
饺	bag	 饣
饻	bag	 饣 𧘇
饼	bag	 饣
饽	bag	 子 饣
饾	bag	豆 饣
饿	bag	我 饣
馀	bag	 饣
馁	bag	 饣 𭕄
馂	bag	 饣
馃	bag	 饣
馄	bag	 饣
馅	bag	 饣
馆	bag	
馇	bag	 木 饣
馈	bag	 饣
馉	bag	⑤ 月 饣
馊	bag	 臼 饣
馋	bag	⑤  饣 𠂊
馌	bag	 皿 饣
馍	bag	 饣
馎	bag	丶  饣
馏	bag	 田 饣 𠃌
馐	bag	 一 丑  饣
馑	bag	口 廿 饣 龶
馒	bag	 罒 饣
馓	bag	 攵 饣
馔	bag	 巳 饣
馕	bag	 井 冖  口 饣 𧘇
首	bag	
馗	bag	 九 自
馘	bag	   自
香	bag	
馚	bag	丿   𠃌
馛	bag	  木 𠂇
馜	bag	 尸 
馝	bag	 
馞	bag	 十 子 
馟	bag	 子  𭕄
馠	bag	㇇   
馡	bag	丿  非
馢	bag	   
馣	bag	 日 
馤	bag	 勹 日  𠃊
馥	bag	丿 夂 日  𠂉
馦	bag	 丿  
馧	bag	 囗  皿
馨	bag	  木 𠃜 𠘧
馩	bag	   
馪	bag	  日  𣥂
馫	bag	 丿   
馬	full	⿹ ⑥ 灬
馭	bag	⑥ 又 
馮	bag	⑥ 冫 灬
馯	bag	⑥ 干 灬
馰	bag	⑥  灬
馱	bag	⑥  
馲	bag	⑥  灬
馳	bag	⑥ 也 
馴	bag	⑥ 川 灬
馵	bag_ops	⑥  灬 ⿰ 
馶	bag	⑥  灬
馷	bag	⑥ 一 巾 灬
馸	bag	⑥  灬 𠂆
馹	bag	⑥ 日 灬
馺	bag	⑥ 及 灬
馻	bag	⑥  灬
馼	bag	⑥  灬
馽	bag	⑥  灬
馾	bag	⑥ 冘 灬
馿	bag	⑥  灬
駀	bag	⑥  灬
駁	bag	⑥ 㐅  灬
駂	bag	⑥  灬
駃	bag	⑥  灬 𠃍
駄	bag	⑥  灬
駅	bag	⑥ 尺 灬
駆	bag	⑥  灬
駇	bag	⑥ 攵 灬
駈	bag	⑥ 丘 灬
駉	bag	⑥  灬
駊	bag	⑥ 灬 皮
駋	bag_ops	⑥  灬  ⿹
駌	bag	⑥  灬 𠂊
駍	bag	⑥  灬
駎	bag	⑥ 灬 由
駏	bag	⑥ 巨 灬
駐	bag	⑥  灬
駑	bag	⑥  灬
駒	bag	⑥  灬
駓	bag	③ ⑥  灬
駔	bag	⑥ 且 灬
駕	bag_ops	⑥  灬  
駖	bag	⑥  灬 龴
駗	bag	⑥ 人 彡 灬
駘	bag	⑥  灬
駙	bag	⑥  
駚	bag	⑥ 央 灬
駛	bag	⑥ 史 灬
駜	bag	⑥  灬
駝	bag	⑥  灬
駞	bag	⑥ 也 灬 𠂉
駟	bag	⑥  囗 灬
駠	bag	⑥ 卩 灬 𠂎
駡	bag	⑥  灬
駢	bag	⑥  灬
駣	bag	⑥ 兆 灬
駤	bag	⑥  灬
駥	bag	⑥  灬 𠂇
駦	bag	⑥  灬
駧	bag	⑥ 一  灬
駨	bag	⑥ 勹 日 灬
駩	bag	⑥  灬
駪	bag	⑥  灬 𠂒
駫	bag	⑥  灬
駬	bag	⑥ 灬 
駭	bag	⑥  灬 𠃋
駮	bag	⑥  灬
駯	bag	⑥ 朱 灬
駰	bag	⑥  灬
駱	bag	⑥  灬
駲	bag	⑥ 州 灬
駳	bag	③ ⑥ 丿 廴 灬
駴	bag	⑥  灬
駵	bag	⑥ 丣 
駶	bag	⑥ 口 尸 
駷	bag	⑥ 束 灬
駸	bag	⑥  又 灬 
駹	bag	⑥  彡 灬
駺	bag	⑥ 丶 灬 艮
駻	bag	⑥ 干 日 灬
駼	bag	⑥  灬
駽	bag	⑥ 口 月 灬
駾	bag	⑥  灬
駿	bag	⑥  灬
騀	bag	⑥ 我 灬
騁	bag	⑥  灬 由
騂	bag	⑥  灬
騃	bag	⑥  灬 𠂉
騄	bag	⑥  灬
騅	bag	⑥ 灬 隹
騆	bag	⑥  灬
騇	bag	⑥   灬
騈	bag	⑥  干 干 灬
騉	bag	⑥  灬
騊	bag	⑥ 勹 灬 缶
騋	bag	⑥  木 灬
騌	bag	⑥ 宀 灬 示
騍	bag	⑥  灬
騎	bag	⑥  灬
騏	bag	⑤ ⑥  灬
騐	bag	⑥  心 灬
騑	bag	⑥ 灬 非
騒	bag	⑥ 又 灬 虫
験	bag	⑥   灬
騔	bag	⑥  灬 𠃊
騕	bag	⑥  灬
騖	bag	⑥  攵 灬 龴
騗	ordered	  丨 ⑥ 灬
騘	bag	⑥ 丶  心 灬
騙	ordered	⑥ 灬   丨
騚	bag	⑥   灬
騛	bag	⑥ 灬 飛
騜	bag	⑥  灬 白
騝	bag	⑥  廴 灬 
騞	bag	⑥   口 灬
騟	bag	⑥  灬
騠	bag	⑥  灬 龰
騡	bag	⑥  灬 白
騢	bag	⑤ ⑥ 又 灬 
騣	bag	⑥ 㐅 八 凵 夂 灬
騤	bag	 ⑥  灬
騥	bag	⑥  木 灬 龴
騦	bag	⑥ 心 灬 田
騧	bag	⑥ 冂  灬 𠃍
騨	bag	⑥ 一 灬 甲 𭕄
騩	bag	⑥  灬 田
騪	bag	⑥  灬 臼
騫	bag	⑥  灬
騬	bag	③ ⑥  木 灬
騭	bag	⑥ 止 灬 阝 𣥂
騮	bag	③ ⑥ 丿 灬 
騯	bag	⑥  
騰	bag	⑥  月 灬
騱	bag	② ⑥  灬 𭕄
騲	bag	⑥  灬
騳	bag	⑥ ⑥ 灬 灬
騴	bag	⑥  日 灬
騵	bag	⑥  灬 白
騶	bag	⑥ 丨  勹 勹 灬
騷	bag	⑥ 丶 又 灬 虫
騸	bag	⑥ 丶  尸 灬 
騹	bag	⑥ 口 廿 灬 龶
騺	bag	⑥  九 十 干 灬
騻	bag	⑥    乀 人 灬
騼	bag	⑥  广 比 灬 
騽	bag	⑥  灬 白 
騾	bag	② ⑥ 丶 小 灬 田
騿	bag	⑥   灬
驀	bag_ops	⑥  灬   
驁	bag_ops	⑥ 丿 攵 灬 龶  
驂	bag	⑥ 人 厶 厶 厶 彡 灬
驃	bag	⑥  灬 示
驄	bag	⑥ 丿  心 灬
驅	bag	⑥ 匚  口 灬
驆	bag	⑥ ⑨ 一 灬
驇	bag	⑥  九  灬
驈	bag	⑥   口 灬 龴
驉	bag	② ④ ⑥ ⺊  灬
驊	bag	⑥ ⑦  灬
驋	bag	 ⑥ 又 弓 灬 𠘧
驌	bag	⑥ 灬 肅
驍	bag	⑥    十 灬
驎	bag	⑥ 㐄 丶 灬 米 𠂊
驏	bag	⑥ 子 子 子 尸 灬
驐	bag	⑥   灬
驑	bag	⑥ 丣 灬 田
驒	bag	⑥  灬 甲
驓	bag	⑥   灬
驔	bag	⑥   日 灬
驕	bag	⑥   灬
驖	bag	⑥  十  灬
驗	bag	⑥    灬
驘	bag	⑥   月 灬 𠃊
驙	bag	⑥  口  灬
驚	bag	⑥  灬
驛	bag	⑥  灬 罒
驜	bag	④ ⑥  未 灬
驝	bag	⑥  冖  灬
驞	bag	⑥  灬 目 𣥂
驟	bag	⑥ 乑 又 灬 耳
驠	bag	③ ⑥  廿 灬 灬
驡	bag_ops	⑥ ⑦  月 灬  
驢	bag	② ⑥ ⺊  灬 田 皿
驣	bag	⑥ ⑥  灬 灬
驤	bag	⑥  井  灬 𧘇
驥	bag	③ ⑥    灬 田
驦	bag	⑥  木 灬 目
驧	bag	⑥ 勹 灬 米 革
驨	bag	⑥  口 山 灬 隹
驩	bag	⑥  口 灬 隹
驪	bag	⑥  丨 冂 冂 广 比 灬 
驫	bag	⑥ ⑥ ⑥ 灬 灬 灬
马	full	
驭	bag	 
驮	bag	②  
驯	bag	 川
驰	bag	② 
驱	bag	 一 匚
驲	bag	② 
驳	bag	 
驴	bag	②  尸
驵	bag	②  ⸻
驶	bag	 史
驷	bag	②  囗
驸	bag	②  寸
驹	bag	 
驺	bag	 彐 𠂊
驻	bag	
驼	bag	②  宀
驽	bag	 
驾	bag	②  𠃌
驿	bag	②  又
骀	bag	 
骁	bag	②    乚
骂	bag	② 
骃	bag	②  囗
骄	bag	②  
骅	bag	②  
骆	bag	②  夂
骇	bag	②  𠃋
骈	bag	②  丿
骉	bag	 ②  一
骊	bag	②  冂 冂
骋	bag	②  由
验	bag	
骍	bag	②  十
骎	bag	②  
骏	bag	 
骐	bag	②  八
骑	bag	②  
骒	bag	②  木
骓	bag	 隹
骔	bag	②  示
骕	bag	 肃
骖	bag	②  彡
骗	bag	②  
骘	bag	 止 阝 𣥂
骙	bag	②  
骚	bag	②  又 虫
骛	bag	②   攵 龴
骜	bag	②  攵 
骝	bag	②  
骞	bag	②  
骟	bag	②    𠃌
骠	bag	②   示
骡	bag	  小 田
骢	bag	②   心
骣	bag	 子 子 子 尸
骤	bag	 乑 又 耳
骥	bag	    田
骦	bag	②   
骧	bag	②   井  𧘇
骨	bag	
骩	bag	⑤ 九 月
骪	bag	 几 月
骫	bag	⑤  月
骬	bag	⑤ 于 月
骭	bag	⑤ 干 月
骮	bag	⑤  月
骯	bag	⑤  月
骰	bag_ops	⑤  
骱	bag	⑤  月
骲	bag	⑤ 
骳	bag	⑤ 月 皮
骴	bag	⑤  月 止
骵	bag	⑤ 月 本
骶	bag	 月 氏
骷	bag	⑤  月
骸	bag	⑤  月 𠃋
骹	bag	⑤  月
骺	bag	⑤  月 𠂆
骻	bag	⑤ ㇉  月
骼	bag	⑤  月
骽	bag	⑤  
骾	bag	  
骿	bag	⑤  月
髀	bag	⑤  月 白
髁	bag	⑤  木
髂	bag	⑤  月
髃	bag	⑤ 月 禺
髄	bag	⑤ 月  𠂇
髅	bag	⑤ 女 
髆	bag	  月
髇	bag	⑤  月
髈	bag	⑤  
髉	bag	⑤ 冖 月 隹
髊	bag	⑤  工 月
髋	bag	⑤  月 见
髌	bag	⑤ 丘  月
髍	bag_ops	⑤ 广 月 木  
髎	bag	⑤  彡 月 
髏	bag	⑤ ⑧ 女 月
髐	bag	   十 月
髑	bag	⑤ 勹 月 罒 虫
髒	bag	   十 月 𠂊
髓	bag	⑤ 工 月  𠂇
體	bag	⑤ 曲 月 豆
髕	bag	  月 目 𣥂
髖	bag	⑤   宀 月 目
髗	bag	② ⑤ ⺊   皿
高	bag	
髙	bag	④  口
髚	bag	 冂 几 
髛	bag	 九 冂  尸
髜	bag	 丶  冂  日
髝	bag	   冖  𠃌
髞	bag	  
髟	bag	 厶 
髠	bag	 几 厶 彡
髡	bag	④  厶 彡
髢	bag	④  厶 彡
髣	bag	④  厶 彡 𠃌
髤	bag	 厶 彡 木
髥	bag	  厶 彡
髦	bag_ops	  厶 彡  
髧	bag	 冘 厶 彡
髨	bag_ops	  厶 彡 ⿰  
髩	bag	 丏 厶 彡
髪	bag	 厶 又 彡 𠂇
髫	bag	  彡 𠃌
髬	bag	③   彡
髭	bag	④  厶 彡 止
髮	bag	 厶 又 彡 𠂇
髯	bag	 冉 厶 彡
髰	bag	 世 厶 彡
髱	bag	  巳 彡
髲	bag	 厶 彡 皮
髳	bag	  厶 彡 龴
髴	bag	④  厶 弓 彡
髵	bag	④   冂 厶 彡
髶	bag	 厶 彡 耳
髷	bag	 厶 彡 曲
髸	bag	④   厶 彡
髹	bag	④  厶 彡 木
髺	bag	 十  彡
髻	bag	④  口 彡
髼	bag	  厶 夂 
髽	bag	④   厶 彡
髾	bag	④ ⺌  彡 月
髿	bag	 厶 小 彡 氵
鬀	bag	④  丿 厶 弓 彡
鬁	bag	 刂 厶 彡 木
鬂	bag	 丘  彡
鬃	bag	 厶 宀 彡 示
鬄	bag	 丿  
鬅	bag	 厶 彡 
鬆	bag	  厶 彡 木
鬇	bag	④  厶 彡 
鬈	bag	④ 㔾  人 厶 彡
鬉	bag	④ 㐅  凵 厶 夂 彡
鬊	bag	  
鬋	bag	 刂 厶 彡 月
鬌	bag	 厶 工 彡 
鬍	bag	④  口 彡 月
鬎	bag	 刂 厶 彡 束
鬏	bag	  厶 彡 木
鬐	bag	④  厶  耂
鬑	bag	  厶 彡 
鬒	bag	 且  厶 彡
鬓	bag	 丘  宀 彡
鬔	bag	  厶 夂 彡 辶
鬕	bag	④  厶 
鬖	bag	④  厶 厶 厶 彡 彡
鬗	bag	 入 入 厶 巾 廿 彡
鬘	bag	 厶 又  罒
鬙	bag	④ ⺌  厶 囗 
鬚	bag	 厶 彡 彡 頁
鬛	bag	④ ⑦ 㐅  囗 
鬜	bag	 厶 彡 月 𠁣 𠃛
鬝	bag	 厶  𠁣 𠃛
鬞	bag	  厂 厶 彡 曲 𠄌
鬟	bag	④  口 彡 罒 𧘇
鬠	bag	④ ⺌  囗 
鬡	bag	④  厶 宀 彡 心 皿
鬢	bag	  宀 彡 目 𣥂
鬣	bag	④ ⑦ 㐅  囗 彡 
鬤	bag	  井 厶  彡 𧘇
鬥	bag	𩰊 𩰋
鬦	bag	斗 𩰊 𩰋
鬧	bag	 𩰊 𩰋
鬨	bag	 𩰊 𩰋
鬩	bag	 臼 𩰊 𩰋
鬪	bag	寸 豆 𩰊 𩰋
鬫	bag	 耳 𩰊 𩰋
鬬	atomic_override	鬬
鬭	full	⿵ ⿰ 𩰋 𩰊 ⿰ 𠁁 ⿸ 𠂆 ⿱ 
鬮	bag	龜 𩰊 𩰋
鬯	bag	㐅   
鬰	bag	   丿  乚 冖 凵 彡 
鬱	bag	㐅    凵 彡  缶
鬲	bag	  
鬳	bag	 ㇀   乚 
鬴	bag	  月
鬵	bag	   旡 旡 ⸻
鬶	bag	   见
鬷	bag	㐅    凵 
鬸	bag	③    
鬹	bag	   目
鬺	bag	  冂 勹  𠂉
鬻	bag	  冂  弓 米
鬼	bag	
鬽	bag	 彡 田
鬾	bag	 十 厶 又 田
鬿	bag	  田 𠂆
魀	bag	  人 
魁	bag	 斗 田
魂	bag_ops	
魃	bag	丶  又 田 𠂇
魄	bag	 田 白
魅	bag	 未 田
魆	bag	 戉 田
魇	bag	 厂 厶 犬 田
魈	bag	⺌  
魉	bag	   冂 
魊	bag_ops	     ⿺ ⿺ 
魋	bag	 田 隹
魌	bag	⑤    田
魍	bag	  冂  𠃊
魎	bag	  入 入 厶 巾 田
魏	bag	丿   田
魐	bag	  田 
魑	bag	㐅   冂 凵 厶 
魒	bag	   示
魓	bag	⑨   田
魔	bag	
魕	bag	②    人 
魖	bag	 ㇀   乚 
魗	bag	   寸 工 田
魘	bag	 冂 厂  犬 田
魙	bag	  氵 田 車 𠂆
魚	bag	灬 田 
魛	bag	丿 灬  𠃌
魜	bag	人 灬 
魝	bag	刂 灬 
魞	bag	入 灬 
魟	bag	工 灬 
魠	bag	 灬 
魡	bag	 灬 
魢	bag	己 灬 
魣	bag	 灬 田 龴 𠂊
魤	bag	 灬 
魥	bag	及 灬 
魦	bag	 灬 
魧	bag	 灬 
魨	bag	 灬 
魩	bag	 灬 
魪	bag	 灬 
魫	bag	冘 灬 
魬	bag	又 灬 田 𠂆 𠂊
魭	bag_ops	 灬  ⿰  ⿳
魮	bag	比 灬 
魯	bag	日 灬 
魰	bag	 灬 
魱	bag	一 彑 灬 
魲	bag	 灬 
魳	bag_ops	一 巾 灬   ⿳
魴	bag	 灬  𠃌
魵	bag	 灬  𠃌
魶	bag	 灬 
魷	bag	 灬 
魸	bag	灬 片 
魹	bag_ops	 灬   
魺	bag	 灬 
魻	bag	灬 田 甲 𠂊
魼	bag	 灬 
魽	bag	灬 甘 
魾	bag	③  灬 
魿	bag	 灬 田 龴 𠂊
鮀	bag	 灬 
鮁	bag	丶 又 灬 田 𠂇 𠂊
鮂	bag	人 囗 灬 
鮃	bag	 灬 
鮄	bag	 灬 
鮅	bag	 灬 
鮆	bag	 止 灬 
鮇	bag	未 灬 
鮈	bag	 灬 
鮉	bag	 灬  𠃌
鮊	bag	灬 田 白 𠂊
鮋	bag	灬 田 由 𠂊
鮌	bag	 灬 
鮍	bag	灬 田 皮 𠂊
鮎	bag	 灬 
鮏	bag	灬 生 
鮐	bag	 灬 
鮑	bag	 灬 
鮒	bag	 灬 
鮓	bag	乍 灬 
鮔	bag	巨 灬 
鮕	bag	 灬 
鮖	bag	 灬 
鮗	bag	 夂 灬 
鮘	bag	 亻 灬 
鮙	bag	 灬  
鮚	bag	 灬 
鮛	bag	 小 灬 
鮜	bag	 灬 田 𠂆 𠂊
鮝	bag	 灬 
鮞	bag	 灬 
鮟	bag	 灬 
鮠	bag	 灬 田 
鮡	bag	兆 灬 
鮢	bag	朱 灬 
鮣	bag	③ 卩 灬 
鮤	bag	 田 
鮥	bag	 灬 
鮦	bag	一  灬 
鮧	bag	 弓 灬 
鮨	bag	 日 灬 
鮩	bag	 灬 
鮪	bag	月 灬 田 𠂇 𠂊
鮫	bag	 灬 
鮬	bag	㇉  灬 
鮭	bag	 灬 
鮮	bag_ops	 灬 
鮯	bag	 灬 
鮰	bag	 灬 
鮱	bag	 灬 田 耂 𠂊
鮲	bag	亻  
鮳	bag	 灬 田 耂 𠂊
鮴	bag	亻 木 灬 
鮵	bag	 灬 
鮶	bag	 灬 田 
鮷	bag	 灬 
鮸	bag	⑤ 灬 田 
鮹	bag	⺌ 月 灬 
鮺	bag_ops	 灬   ⿳ ⿸ ⿻
鮻	bag	 灬 
鮼	bag	 又 灬 田 
鮽	bag	 灬 
鮾	bag	 灬  𭕄
鮿	bag	灬 田 耳 𠂊 𠃊
鯀	bag	  灬 
鯁	bag	 日 灬 
鯂	bag	灬 田 酉 𠂊
鯃	bag	 灬  𫝀
鯄	bag	 灬 
鯅	bag	 廴 灬 
鯆	bag	 月 灬 
鯇	bag	 灬 
鯈	bag	 灬 
鯉	bag	 灬 田 甲 𠂊
鯊	bag_ops	 氵 灬   ⿳
鯋	bag_ops	 氵 灬  ⿰  ⿳
鯌	bag	口 灬  𠂒
鯍	bag	 灬 
鯎	bag	戊 灬  𠃌
鯏	bag_ops	 木 灬  ⿰  ⿳
鯐	bag	 灬 田 龰 𠂊
鯑	bag	㐅 巾 灬 田 𠂇 𠂊
鯒	bag	 灬 田 龴 𠂊
鯓	bag	灬 田 身 𠂊
鯔	bag	灬 田  
鯕	bag	 灬 
鯖	bag	月 灬 田 龶 𠂊
鯗	bag	 人 灬 
鯘	bag	 木 灬 
鯙	bag	  
鯚	bag	 木 灬 
鯛	bag	 灬 
鯜	bag	 女 灬 
鯝	bag	 灬 
鯞	bag	冖 巾 彐 灬 
鯟	bag	東 灬 
鯠	bag	 木 灬 
鯡	bag	灬 田 非 𠂊
鯢	bag	 灬 田 臼 𠂊
鯣	bag	 日 灬 
鯤	bag	 灬 
鯥	bag	  灬 
鯦	bag	卜  灬 
鯧	bag	 灬 
鯨	bag	 灬 
鯩	bag	  灬 
鯪	bag	一  夂 灬 
鯫	bag	又 灬 田 耳 𠂊
鯬	bag	 木 灬 
鯭	bag	子 灬 田 皿 𠂊
鯮	bag	宀 灬 田 
鯯	bag_ops	 灬 牛   
鯰	bag	 心 灬 
鯱	bag	 几 灬 
鯲	bag	  人 灬  𠃌
鯳	bag	 氏 灬 
鯴	bag	⺄ 丿 灬 田 虫 𠂊
鯵	bag	 灬 
鯶	bag	冖 灬 田 車 𠂊
鯷	bag	 灬 田 龰 𠂊
鯸	bag	 灬 田  𠂊
鯹	bag	日 灬 生 
鯺	bag	日 灬 田 耂 𠂊
鯻	bag_ops	刂 束 灬   ⿳
鯼	bag	㐅 八 凵 夂 灬 
鯽	bag	⑤ 卩 灬 
鯾	bag	 日 灬 
鯿	bag	 灬 
鰀	bag	 又 灬 田 𠂇 𠂊 𭕄
鰁	bag	 灬 田 白 𠂊
鰂	bag	八 刂 灬 田 目 𠂊
鰃	bag	 灬 田  𠄌
鰄	bag	 戊 灬 
鰅	bag	灬 田 禺 𠂊
鰆	bag	 日 灬 
鰇	bag	 木 灬 田 龴 𠂊
鰈	bag	世 木 灬 
鰉	bag	 灬 田 白 𠂊
鰊	bag	柬 灬 
鰋	bag	匚  灬 
鰌	bag	丷 灬 田 酉 𠂊
鰍	bag	丿  木 灬 
鰎	bag	 廴 灬 田 
鰏	bag	 灬 田 
鰐	bag	  灬 
鰑	bag	 丿 勹 日 灬 
鰒	bag	夂 日 灬 田 
鰓	bag	心 灬 田 
鰔	bag	 戊 灬 
鰕	bag	⑤ 又 灬 田 
鰖	bag	工 月 灬 田 𠂇 𠂊
鰗	bag	 月 灬 
鰘	bag	 宀 灬 
鰙	bag	 灬 田 𠂇 𠂊
鰚	bag	 日 灬 
鰛	bag	日 灬 田 皿 𠂊
鰜	bag	 灬 田 
鰝	bag	 灬 
鰞	atomic_override	鰞
鰟	bag	 灬  𠃌
鰠	bag	丶 又 灬 田 虫 𠂊
鰡	bag	 灬 田  𠃌
鰢	full	⿰ ⿳ 𠂊 田 灬 ⿹ ⑥ 灬
鰣	bag	  灬 
鰤	bag	㠯  巾 灬 
鰥	bag	⑤ 灬 田 罒 𠂊
鰦	bag	 灬 
鰧	bag	 月 灬 
鰨	bag	 日 灬  
鰩	bag	丿 灬 田 缶 𠂊 𭕄
鰪	bag	 灬 田 皿 𠂊
鰫	bag	宀 灬 田 谷 𠂊
鰬	bag	 ㇀  乚 灬 
鰭	bag	 日 灬 田 耂 𠂊
鰮	bag	人 囗 灬 田 皿 𠂊
鰯	bag	 弓 灬 
鰰	bag	灬 田 申 礻 𠂊
鰱	bag	灬 田 車 
鰲	bag	丿 攵 灬 田 龶 𠂊 𠃌
鰳	bag	丿 灬 田 革 𠂊 𠃌
鰴	bag	一 山 彳 攵 灬 
鰵	bag_ops	攵 母 灬 田   ⿳
鰶	bag	 灬 田 示 
鰷	bag	 朩 灬 
鰸	bag	匚  口 灬 
鰹	bag	 灬 田 臣 𠂊
鰺	bag	人 厶 厶 厶 彡 灬 
鰻	bag	 灬 田 罒 𠂊
鰼	bag	 灬 田 白 𠂊 
鰽	bag	 灬 
鰾	bag	 灬 田 
鰿	bag	八 灬 田  𠂊
鱀	bag	 灬 
鱁	bag	一 灬 田 辶 
鱂	bag	冫 寸 灬 爿 田 
鱃	bag	 一 丑  灬 
鱄	bag	⑧ 寸 灬 
鱅	bag	 广 月 灬 田 
鱆	bag	  灬 
鱇	bag	广 灬 田 隶 𠂊
鱈	bag	 彐 灬 
鱉	bag	丷 八 巾 攵 灬 
鱊	bag	  口 灬 田 龴 𠂊
鱋	bag	 灬 
鱌	bag	丨 囗 灬 田  𧰨
鱍	bag	 又 弓 灬  𠘧
鱎	bag	  灬 
鱏	bag	  日 灬 
鱐	bag	灬 田 肅 𠂊
鱑	bag	 灬 田 由 𠂊
鱒	bag	 灬 田 酉 𠂊
鱓	bag	 灬 田 甲 𠂊
鱔	bag	  灬 
鱕	bag	丿 灬 田  𠂊
鱖	bag	 厂 欠 灬 
鱗	bag	㐄 丶 灬  
鱘	bag	口 寸 工 彐 灬 
鱙	bag	   十 灬 
鱚	bag	 灬 田 豆 𠂊
鱛	bag	  灬 
鱜	bag	 乡 灬 田 
鱝	bag	  灬 田 目 𠂊
鱞	bag	 灬 田 罒 𠂊 𧘇
鱟	bag	③ 㐅  冖 彐 灬 
鱠	bag	⺌   灬 
鱡	bag	 八 灬 田 目 𠂇 𠂊
鱢	bag	  灬 
鱣	bag	 口  灬 
鱤	bag	 戊 灬 
鱥	bag	一 戊 止 灬  𣥂
鱦	bag	灬 田 黽 𠂊
鱧	bag	曲 灬 田 豆 𠂊
鱨	bag	⺌   日 灬 
鱩	bag	 灬 田 
鱪	bag	 灬 田 耂 𠂊
鱫	bag	 夂 心 灬  𭕄
鱬	bag	 冂 冂 灬 
鱭	bag	③   灬  𠃌
鱮	bag	②   彐 灬 
鱯	bag	 又 灬 田 隹 𠂊
鱰	bag	日 灬 田 罒 耂 𠂊
鱱	bag	 厂 灬 田 禺 𠂊
鱲	bag	⑦ 㐅 囗 灬  
鱳	bag	②   灬 田 白 𠂊
鱴	bag	 戊 灬 田 罒 𠂊
鱵	bag	 口 戊 灬 田  𠂊
鱶	bag	  灬 田 艮 𠂊
鱷	bag	  口 干 灬 
鱸	bag	 灬 田 田 皿 𠂊
鱹	bag	 口 灬 田 隹 𠂊
鱺	bag	 丨 冂 冂 广 比 灬 田 
鱻	bag	灬 灬 灬 田 田 田  𠂊
鱼	bag	
鱽	bag	  𠃌
鱾	bag	一 己 
鱿	bag	 尢 
鲀	bag	 凵 
鲁	bag	
鲂	bag	  𠃌
鲃	bag	一 巴 
鲄	bag	 口 
鲅	bag	 又 田 𠂇 𠂊
鲆	bag	 干 
鲇	bag	⺊  
鲈	bag	 尸 
鲉	bag	一 田 由 𠂊
鲊	bag	一 乍 
鲋	bag	 寸 
鲌	bag	一 田 白 𠂊
鲍	bag	一  
鲎	bag	  𭕄
鲏	bag	一 田 皮 𠂊
鲐	bag	 口 
鲑	bag	  十 
鲒	bag	 
鲓	bag	 田 耂 𠂊
鲔	bag	一  𠂇 𠂊
鲕	bag	  冂 
鲖	bag	  
鲗	bag	一 刂 田 
鲘	bag	  𠂆 𠂊
鲙	bag	 厶 
鲚	bag	   
鲛	bag	  
鲜	bag_ops	
鲝	bag_ops	   
鲞	bag	 人 
鲟	bag	一 寸 彐 
鲠	bag	 日 
鲡	bag	 冂 冂 
鲢	bag	一 田 车 
鲣	bag	  又 
鲤	bag	 一 田 甲 𠂊
鲥	bag	一  
鲦	bag	 朩 
鲧	bag	②  小 
鲨	bag	 小 氵 
鲩	bag	  宀 
鲪	bag	 田 
鲫	bag	 卩 
鲬	bag	 冂 田 龴 𠂊
鲭	bag	一  龶 𠂊
鲮	bag	  夂 
鲯	bag	 八 
鲰	bag	一 又 田 耳 𠂊
鲱	bag	一 田 非 𠂊
鲲	bag	 比 
鲳	bag	 日 
鲴	bag	 囗 
鲵	bag	 田 臼 𠂊
鲶	bag	㇇  
鲷	bag	⺆  
鲸	bag	  
鲹	bag	 彡 
鲺	bag	⺄  田 虫 𠂊
鲻	bag	一 田  
鲼	bag	 十 田 
鲽	bag	一 世 木 
鲾	bag	  
鲿	bag	⺌   厶 
鳀	bag	 日 田 龰 𠂊
鳁	bag	 田 皿 𠂊
鳂	bag	 田  𠄌
鳃	bag	一 心 田 
鳄	bag	  
鳅	bag	  木 
鳆	bag	 日 田 
鳇	bag	  田 白 𠂊
鳈	bag	㇇  亅 田 白 𠂊
鳉	bag	一  田 
鳊	bag	  
鳋	bag	 又 田 虫 𠂊
鳌	bag	 攵 田 龶 𠂊 𠃌
鳍	bag	 日 田 耂 𠂊
鳎	bag	一  日  
鳏	bag	 田 罒 𠂊
鳐	bag	 田 缶 𠂊 𭕄
鳑	bag	 丷   𠃌
鳒	bag	 田 
鳓	bag	 田 革 𠂊 𠃌
鳔	bag	  田 
鳕	bag	  彐 
鳖	bag	 巾 攵 
鳗	bag	一  田 罒 𠂊
鳘	bag	 母 田 
鳙	bag	 广  
鳚	bag	一  田 
鳛	bag	一  田 白 𠂊 
鳜	bag	 凵 厂 欠 
鳝	bag	   
鳞	bag	  
鳟	bag	 寸 田 酉 𠂊
鳠	bag	 又 田 隹 𠂊
鳡	bag	 口 心 戊 
鳢	bag	一 曲 田 豆 𠂊
鳣	bag	   
鳤	bag	㠯  宀 田  𠂊
鳥	bag	⑦ 
鳦	bag	⑦ 乙 灬
鳧	bag_ops	⑦ 几 灬 
鳨	bag_ops	⑦ 丿 灬  ⿹ ⿻
鳩	bag_ops	⑦ 九 灬 ⿰ ⿹
鳪	bag	⑦ 卜 灬
鳫	bag	⑦ 厂 灬
鳬	bag	⑦ 
鳭	bag_ops	⑦ 丿 灬  ⿹ ⿹
鳮	bag	⑦ 又 灬
鳯	bag_ops	⑦ 几 灬 ⿵ ⿹
鳰	bag	⑦ 入 灬
鳱	bag	⑦ 干 灬
鳲	bag_ops	⑦ 尸 灬 ⿰ ⿹
鳳	bag	⑦ 一 几 灬
鳴	bag	⑦ 口 
鳵	bag	⑦  灬
鳶	bag	⑦  灬
鳷	bag	⑦  灬
鳸	bag	⑦  灬
鳹	bag	⑦  
鳺	bag_ops	⑦  灬 ⿰ 
鳻	bag	⑦  
鳼	bag_ops	⑦  灬 
鳽	bag	⑦  灬
鳾	bag	⑦ 一 巾 灬
鳿	bag	⑦  
鴀	bag	③ ⑦ 一 灬
鴁	bag	⑦  灬
鴂	ordered	𠃍  ⑦ 灬
鴃	ordered	⑦ 灬 𠃍 
鴄	bag	⑦  匚 灬
鴅	bag	⑦ 丹 灬
鴆	bag	⑦ 冘 灬
鴇	bag	⑦  灬
鴈	bag	⑦ 亻 厂 灬
鴉	bag	⑦ 灬 牙
鴊	bag	⑦  灬
鴋	ordered	丶  ⑦ 灬
鴌	bag_ops	⑦  灬  ⿻
鴍	bag_ops	⑦  灬  
鴎	bag	⑦  灬
鴏	bag	⑦  亻 灬
鴐	bag_ops	⑦  灬  
鴑	bag	⑦  灬
鴒	bag	⑦  灬 龴
鴓	bag	⑦  灬
鴔	bag	② ⑦  
鴕	bag	⑦  灬
鴖	bag	⑦ 民 灬
鴗	bag	⑦  灬
鴘	bag	⑦  厶 灬
鴙	bag	⑦  灬 𠂉
鴚	bag	⑦  灬
鴛	ordered	𠂊 丶 㔾 ⑦ 灬
鴜	bag_ops	⑦  止 灬 ⿰  ⿺
鴝	bag	⑦  灬
鴞	bag	⑦ ㇉  灬
鴟	bag	⑦ 丶 氏 灬
鴠	bag	⑦  
鴡	bag	⑦ 且 灬
鴢	bag	② ⑦  
鴣	bag	⑦  灬
鴤	ordered	⑦ 灬 夂 
鴥	ordered	⑦ 灬 宀 八
鴦	bag	⑦ 央 灬
鴧	bag	⑦ 几 宀 灬
鴨	bag	⑦ 灬 甲
鴩	ordered	丿  ⑦ 灬
鴪	ordered	宀 八 ⑦ 灬
鴫	bag	⑦ 灬 
鴬	bag	⑦ 冖 灬 𭕄
鴭	bag	⑦ 㠯 丿 灬
鴮	bag	⑦ ㇉  灬
鴯	bag	⑦  灬
鴰	bag	⑦  灬
鴱	bag	⑦ 丨  灬
鴲	bag	⑦  日 灬
鴳	bag	⑦  灬
鴴	bag_ops	⑦  彳 灬 ⿰ 
鴵	bag	⑦ 兆 灬
鴶	bag	⑦  灬
鴷	bag	⑦  𠂊
鴸	bag	⑦ 朱 灬
鴹	bag	⑦  灬
鴺	bag	⑦  弓 灬
鴻	bag	⑦ 工 氵 灬
鴼	ordered	⑦ 灬 夂 口
鴽	bag	⑦  灬
鴾	bag	⑦ 厶 灬 牛
鴿	bag	⑦  灬
鵀	bag	⑦   灬
鵁	bag	⑦  灬
鵂	bag	⑦ 亻 木 灬
鵃	bag	⑦ 灬 舟
鵄	bag	⑦  灬
鵅	ordered	夂 口 ⑦ 灬
鵆	bag_ops	⑦  彳 灬  ⿲ ⿹
鵇	bag	⑦ 年 灬
鵈	bag	⑦ 灬 
鵉	bag	④ ⑦  灬
鵊	bag	⑦   灬
鵋	bag	⑦ 己 心 灬
鵌	ordered	⑦ 灬 
鵍	bag	⑦  灬
鵎	bag	⑦  灬 𭕄
鵏	bag	⑦  月 灬
鵐	bag	⑦  工 灬
鵑	bag	⑦ 口 月 灬
鵒	bag	⑦ 灬 谷
鵓	bag	⑦  子 灬
鵔	ordered	⑦ 灬 厶 八 夂
鵕	ordered	厶 八 夂 ⑦ 灬
鵖	bag	⑤ ⑦ 
鵗	bag	⑦ 㐅 巾 灬 𠂇
鵘	bag	⑦  灬 
鵙	bag	⑦ 八 灬 
鵚	bag_ops	⑦ 丿 几 木 灬 
鵛	bag	⑦ 一 工 灬 
鵜	bag	⑦  灬
鵝	full	⿰ 我 ⿹ ⑦ 灬
鵞	full	⿱ 我 ⿹ ⑦ 灬
鵟	bag	⑦  灬 犭
鵠	bag	⑦ 口 灬 𠂒
鵡	bag	⑦  止 灬
鵢	bag	⑦ 灬 身
鵣	bag	⑦ 束 灬
鵤	bag	⑦ 灬 角
鵥	bag	⑦  灬
鵦	bag	⑦  灬
鵧	bag	⑦  灬
鵨	bag	⑦   灬
鵩	bag	⑦  月 灬
鵪	bag	⑦  日 灬
鵫	bag	⑦ ⺊  灬
鵬	bag	⑦  灬
鵭	bag	⑦  十 灬
鵮	bag	⑦ 勹 灬 臼
鵯	bag	⑦  灬 白
鵰	bag	⑦  灬
鵱	bag	⑦   灬
鵲	bag	⑦  灬
鵳	bag	⑦  月 灬
鵴	bag	⑦ 勹 灬 米
鵵	bag	⑤ ⑦ 丶 灬 𠂊
鵶	bag	⑥ ⑦  灬
鵷	bag	⑦  宀 灬 𠂊
鵸	bag	⑦  灬
鵹	bag	⑦  木 灬
鵺	bag	⑦  夂 灬
鵻	ordered	⑦ 灬 隹
鵼	bag	⑦  灬
鵽	bag	⑦   灬
鵾	bag	⑦  灬
鵿	bag	⑦  丿 日 灬
鶀	ordered	⑦ 灬 
鶁	bag	⑦  灬
鶂	ordered	臼  ⑦ 灬
鶃	ordered	⑦ 灬 臼 
鶄	bag	⑦ 月 灬 龶
鶅	bag	⑦ 灬 田 
鶆	bag	⑦  木 灬
鶇	bag	⑦ 東 灬
鶈	bag	⑦  女 灬 
鶉	bag	⑦  
鶊	bag	⑦  广 灬 
鶋	bag	⑦  灬
鶌	bag	⑦  尸 灬
鶍	bag	⑦  日 灬
鶎	bag	⑦ 宀 灬 示
鶏	bag	⑦  灬 𭕄
鶐	bag	⑦  灬 辶
鶑	bag	⑦  灬
鶒	bag	⑦ 丿 束 
鶓	bag	⑦  灬 田
鶔	bag	⑦  木 灬 龴
鶕	bag	⑦  日 灬
鶖	bag	⑦ 丿  木 灬
鶗	bag	⑦  灬 龰
鶘	bag_ops	⑦  月 灬  
鶙	bag	⑦  巾 灬
鶚	bag	⑦   灬
鶛	bag	⑦ 比 灬 白
鶜	bag	⑦   十 灬 龴
鶝	bag	⑦  灬 田
鶞	bag	⑦ 十 灬 
鶟	bag	⑦  
鶠	bag	⑦ 匚  灬
鶡	bag	⑦  灬 𠃊
鶢	bag	⑦  又 灬 
鶣	bag	⑦  灬
鶤	bag	⑦ 冖 灬 車
鶥	bag	⑦ 灬 
鶦	bag_ops	⑦  月 灬 
鶧	bag	⑦  央 灬
鶨	bag	⑦ 彑 灬 𧰨
鶩	bag	⑦  攵 灬 龴
鶪	bag	⑦  目
鶫	bag	⑦ 柬 灬
鶬	bag	⑦   尸 灬
鶭	bag	 ⑦  
鶮	bag	⑦  灬
鶯	bag	⑦  冖 灬
鶰	bag	⑦  灬 目
鶱	bag	⑦  灬
鶲	bag	⑦ 八  厶 灬 
鶳	bag	⑦ 㠯  巾 灬
鶴	bag	⑦ 冖 灬 隹
鶵	bag	⑦ 丨  勹 勹 灬
鶶	bag	⑦  广 灬 
鶷	bag	⑦  灬
鶸	bag	⑦  弓 灬
鶹	bag	③ ⑦ 丿 灬 
鶺	bag	⑦ 丷  月 灬
鶻	bag	⑤ ⑦ 月 灬
鶼	bag	④ ⑦  灬 
鶽	bag	⑦ 十 灬 隹
鶾	bag	⑦  灬 𠂉
鶿	bag_ops	 ⑦  丷 灬   
鷀	bag_ops	 ⑦  丷 灬  ⿰ 
鷁	bag	⑦  灬 皿
鷂	bag	⑦ 丿 灬 缶 𭕄
鷃	bag	⑦  日 灬
鷄	ordered	丿 𭕄   ⑦ 灬
鷅	bag	⑦   灬
鷆	bag	⑦  八 灬 目 𠃊
鷇	bag	⑦   又 灬 𠘧
鷈	ordered	⑦ 灬 𠂆 ⺊ ②  几
鷉	ordered	𠂆 ⺊ ②  几 ⑦ 灬
鷊	bag	⑦    灬
鷋	bag	⑦  朩 灬
鷌	bag	⑥ ⑦ 灬 灬
鷍	bag	⑦ 木 灬 自
鷎	bag	⑦  灬 白
鷏	bag	⑦  灬
鷐	bag	⑦  日 灬 𠄌
鷑	bag	⑦   灬 
鷒	bag	⑦ ⑧ 寸 灬
鷓	bag	⑦  灬 灬
鷔	bag	⑦ 丿 攵 灬 
鷕	bag	⑦ 口 灬 隹
鷖	bag	⑦  又 灬 𠂉 𠘧
鷗	ordered	匚  口 ⑦ 灬
鷘	bag	⑦ 攵 束 灬
鷙	bag	⑦  九 十 干 灬
鷚	bag	⑦  彡 灬 
鷛	bag	⑦  广 月 灬 
鷜	bag	⑦ ⑧ 女 灬
鷝	bag	⑦ ⑨ 一 灬
鷞	bag	⑦    乀 人 灬
鷟	bag	⑦  灬 
鷠	bag	⑦ 灬 灬 
鷡	bag	⑦ 一 卌 灬 灬 𠂉
鷢	bag	⑦  厂 欠 灬
鷣	bag	⑦   日 灬
鷤	bag	⑦  灬 甲
鷥	bag	②  ⑦  小 灬
鷦	bag	⑦ 灬 灬 隹
鷧	bag	⑦  灬 豆
鷨	bag	⑦ ⑦  灬
鷩	bag	⑦ 丷 八 巾 攵 灬
鷪	bag	⑦ 冖 灬 目 目
鷫	bag	⑦ 灬 肅
鷬	bag	⑦  灬 由
鷭	bag	⑦ 丿 灬 
鷮	bag	⑦   灬
鷯	bag	⑦  人 小 日 灬
鷰	bag	③ ⑦  廿 
鷱	bag	⑦ 丷  灬 自
鷲	bag	⑦  尢 灬
鷳	bag	⑦ 月 灬 𠁣 𠃛
鷴	bag	⑦ 木 灬 𠁣 𠃛
鷵	bag	⑦ 尸 日 灬 耂
鷶	bag	⑦ 八 灬 目 罒
鷷	bag	⑦  灬 酉
鷸	bag	⑦   口 灬 龴
鷹	bag	⑦ 亻 广 灬 隹
鷺	bag	⑦  灬
鷻	bag	⑦   灬
鷼	bag	⑦ 日 灬 𠁣 𠃛
鷽	bag	③ ⑦ 㐅  冖 彐 灬
鷾	bag	⑦  日 灬
鷿	bag_ops	⑦  灬   ⿹
鸀	bag	⑦ 勹 灬 罒 虫
鸁	bag	⑦   月 灬 𠃊
鸂	bag	② ⑦  氵 灬 𭕄
鸃	ordered	⑦ 灬 丷  一 我
鸄	bag	⑦  灬 白 𠃌
鸅	bag	⑦  灬 罒
鸆	bag	② ⑦ ⺊ ㇀  乚  灬
鸇	bag	⑦  口  灬
鸈	bag	④ ⑦  未 灬
鸉	bag	⑦  丿 勹  灬
鸊	bag_ops	⑦  灬  ⿸ ⿹
鸋	bag	⑦  宀 心 灬 皿
鸌	bag	⑦  又 灬 隹
鸍	bag	⑦    乀 八 巾 灬
鸎	bag_ops	⑦ 八 八 灬 目 目  
鸏	ordered	十   𧰨 ⑦ 灬
鸐	bag	⑦  灬 隹 
鸑	bag	⑦  犭 言
鸒	bag	 ⑦  八 彐 灬
鸓	bag_ops	⑦ 灬 田 田 田  
鸔	bag	⑦  日 灬
鸕	bag	② ⑦ ⺊  灬 田 皿
鸖	full	 一 ⿻ 冂 ⿻ 丨  八 隹 ⿹ ⑦ 灬
鸗	bag	⑦ ⑦  月 灬
鸘	bag	⑦  木 灬 目
鸙	bag	⑦    灬
鸚	bag	⑦ 八 八 女 灬 目 目
鸛	bag	⑦  口 灬 隹
鸜	bag	⑦ 灬 目 目 隹
鸝	bag	⑦  丨 冂 冂 广 比 灬 
鸞	bag	 ⑦  小 小 灬 言
鸟	bag_ops	
鸠	bag	 九
鸡	bag	 又
鸢	bag	④ 
鸣	bag	 
鸤	bag	 尸
鸥	bag	④ 㐅 一 匚
鸦	bag	 牙
鸧	bag	④ 㔾 
鸨	bag	④  
鸩	bag	 冘 ⸻
鸪	bag_ops	④  ⿰ 
鸫	bag	 东
鸬	bag	④  尸
鸭	bag	 甲
鸮	bag	④  口
鸯	bag	 央
鸰	bag	 人 龴
鸱	bag	 氏
鸲	bag	 
鸳	bag	④ 㔾  𠂊
鸴	bag	 冖 𭕄
鸵	bag	④  宀
鸶	bag	 ④ 
鸷	bag	 
鸸	bag	④   
鸹	bag	 
鸺	bag	④  木
鸻	bag	  彳
鸼	bag	 舟
鸽	bag	④ 
鸾	bag	 
鸿	bag	 工 氵
鹀	bag	④  人 工
鹁	bag	  子
鹂	bag	④  冂 冂
鹃	bag	④  月
鹄	bag	④  𠂒
鹅	bag	 我
鹆	bag	 谷
鹇	bag	 木 门
鹈	bag	④  丿 弓
鹉	bag	  止
鹊	bag	④  
鹋	bag	④  田
鹌	bag	 乚 人 日
鹍	bag	 比
鹎	bag	 十 白
鹏	bag	 
鹐	bag	 
鹑	bag	④  
鹒	bag	④  
鹓	bag	④ 㔾  宀 𠂊
鹔	bag	 肃
鹕	bag	④  月
鹖	bag	④  勹 日 𠃊
鹗	bag	④  
鹘	bag	④  月
鹙	bag	  木
鹚	bag	 ④ 
鹛	bag	 
鹜	bag	  攵 龴
鹝	bag	④   
鹞	bag	 缶 𭕄
鹟	bag	 八   𠃌
鹠	bag	③  
鹡	bag	④   月
鹢	bag	 八 皿
鹣	bag	  
鹤	bag	 冖 隹
鹥	bag	④  匚 又 𠂉 𠘧
鹦	bag	 女 贝 贝
鹧	bag	  灬
鹨	bag	④   彡 
鹩	bag	④  小 日
鹪	bag	 灬 隹
鹫	bag	④   尢
鹬	bag	   口 龴
鹭	bag	④   止
鹮	bag	 口 罒 𧘇
鹯	bag	  
鹰	bag	④  广 隹
鹱	bag	④  又 隹
鹲	bag	④   𧰨
鹳	bag	④   隹
鹴	bag	④   
鹵	bag	⺊ 㐅   
鹶	bag	⺊ ㇇ 㐅    囗
鹷	bag	⺊ 㐅    囗 龴
鹸	bag	⺊ 㐅    
鹹	bag	⺊ 㐅    戊
鹺	bag	⺊ 㐅    丷 囗 工
鹻	bag	 㐅    囗 
鹼	bag	⺊ 㐅    人  囗
鹽	bag	⺊ 㐅   囗 皿 臣 𠂉
鹾	bag	⺊ 㐅  囗 工
鹿	bag	 广 比  ⸻
麀	bag	  广 比 
麁	bag	 广 比 
麂	bag	 几 广 比 
麃	bag	 广 比 灬 
麄	bag	丨  八 广 比  𠃌
麅	bag	  广 比 
麆	bag	且  广 比 
麇	bag	丨  广 木 比 
麈	bag	  广 比 
麉	bag	 干 干 广 比 
麊	bag_ops	 广 比 米  ⿰  ⿸ ⿻
麋	bag_ops	 广 比 米  ⿰ ⿸ ⿸ ⿸ ⿻
麌	bag	 丨  广 比 
麍	bag	 丨  广 比 
麎	bag	  厂 广 比  𠄌
麏	bag	 口 广 比  
麐	bag	  口 广 比 
麑	bag	  广 比 臼 
麒	bag	⑤  八 广 比 
麓	bag	  比 
麔	bag	 卜  广 比 
麕	bag	丨  囗 广 木 比 
麖	bag	 丶  广 比 
麗	bag	 丨 冂 冂 广 比 
麘	bag	丨  广  比 
麙	bag	 广 戊 比 
麚	bag	⑤  又 广 比  
麛	bag	 广 弓 比 耳 
麜	bag	  口 广 木 比 
麝	bag	 寸 广 比 身 
麞	bag	  十 广  
麟	bag	㐄  广 比 米 
麠	bag	 丨 广 比 田 田 
麡	bag	③     广 比  𠃌
麢	bag	    口 广 比 
麣	bag	 乛 厂  广 攵 比 耳 
麤	bag	   广 广 广 比 比 比   
麥	bag	 夂 
麦	bag	
麧	bag	乙  夂 木 𠂉
麨	bag	丿  夂 小 木
麩	bag	  夂 木
麪	bag	丏  夂 木
麫	bag	丐  夂 木
麬	bag	 夂 木 皮
麭	bag	 勹 夂 巳 木
麮	bag	 厶 夂 木
麯	bag	 夂 曲 
麰	bag	 厶 夂 木 牛
麱	bag	丶  十 夂 月 木
麲	bag	  夂 
麳	bag	  夂 
麴	bag	 勹 夂 木 米
麵	bag	   木
麶	bag	  冂 凵 厶 夂 木
麷	bag	  丨  夂 山 木 豆
麸	bag	 
麹	bag	勹 夂 米 龶
麺	bag	  龶
麻	bag	
麼	bag	 
麽	bag	丿 厶 
麾	bag	 
麿	bag	 
黀	bag	又  耳
黁	bag	丿 广  
黂	bag	  广 木 
黃	bag	 廿 
黄	bag	
黅	bag	㇇    由
黆	bag	 八 冘 十 由
黇	bag	⺊  八  由
黈	bag	 丶  由
黉	bag	 八  由 𭕄
黊	bag	   由
黋	bag	⺌    由
黌	bag	③ 㐅    彐 由
黍	bag	  
黎	bag	丷   勹 
黏	bag	⺊   
黐	bag	㐅  丿  冂 凵 
黑	bag	
黒	bag	 灬 甲
黓	bag	⑧  灬
黔	bag	⑧  灬
黕	bag	⑧ 冘 灬
黖	bag	⑧ 旡 灬
黗	bag	⑧  灬
默	bag	
黙	bag	  甲
黚	bag	⑧ 灬 甘
黛	bag	⑧  亻 灬
黜	bag	⑧  灬
黝	bag	② ⑧  
點	ordered	⑧ 灬 
黟	bag	⑧  灬 
黠	ordered	⑧ 灬 十 
黡	bag	⑧ 厂 
黢	bag	⑧  灬
黣	bag	⑧ 母 灬 𠂉
黤	bag	⑧  日 灬
黥	bag	⑧  灬
黦	bag_ops	⑧  宀 灬 𠂊 ⿰  ⿴
黧	bag	⑧  木 灬
黨	bag	⑧  
黩	bag	⑧  灬
黪	bag	⑧  灬
黫	bag	⑧   灬
黬	bag	⑧  戊 灬
黭	bag	⑧   灬
黮	bag	⑤ ⑧  匚 灬
黯	bag	⑧  日 灬
黰	bag	⑧  灬
黱	bag	⑧  月 灬
黲	bag	⑧ 人 厶 厶 厶 彡 灬
黳	bag	⑧  又 灬 𠂉 𠘧
黴	bag	⑧ 一 山 彳 攵 灬
黵	bag	⑧  厂 灬 言 𠂊
黶	bag	⑧  厂 月 
黷	bag	⑧ 一  灬 目 罒
黸	bag	② ⑧ ⺊  灬 田 皿
黹	bag	④  巾
黺	bag	④   八 巾 𠃌
黻	bag	④  又 
黼	bag	④   巾 月
黽	bag	黽
黾	bag	乚 口 
黿	bag	 黽
鼀	bag	 十 黽
鼁	bag	 黽
鼂	bag	 黽
鼃	bag_ops	 黽 
鼄	bag	朱 黽
鼅	bag	 黽 𠂉
鼆	bag	 八 冖 日 黽
鼇	bag	丿 攵 黽 
鼈	bag	丷 八 巾 攵 黽
鼉	bag	 田 黽
鼊	bag	 黽
鼋	bag	 乚 
鼌	bag	 
鼍	bag	   田
鼎	bag	⑧ 目
鼏	bag	⑧ 冖 目
鼐	bag	⑧ 丿 目 𠄎
鼑	bag	⑧ ⺊ 目
鼒	bag	⑧ 才 目
鼓	bag	
鼔	bag	⺊  豆
鼕	bag	  夂 豆
鼖	bag	   豆
鼗	bag	兆 
鼘	bag	  爿 片 豆
鼙	bag	  白 豆
鼚	bag	   豆 𠄌
鼛	bag	 卜 又  豆
鼜	bag	 十  虫 豆
鼝	bag	 十  爿 片 豆
鼞	bag	  口 豆
鼟	bag	  豆
鼠	bag	⑦ 臼 ⸻
鼡	bag	 几 𭕄
鼢	bag	⑦  臼 𠃌
鼣	bag	⑦ 犬 臼
鼤	bag	⑦  臼
鼥	bag	⑦ 丶 又 臼 𠂇
鼦	bag	⑦  臼 𠃌
鼧	bag	⑦  臼
鼨	bag	⑦  夂 臼
鼩	bag	⑦  臼
鼪	bag	⑦ 生 臼
鼫	bag	⑦  臼
鼬	bag	⑦ 由 臼
鼭	bag	⑦  臼
鼮	bag	⑦  臼
鼯	bag	⑦  臼 𫝀
鼰	bag	⑦ 八 目 臼
鼱	bag	⑦ 月 臼 龶
鼲	bag	⑦ 冖 臼 車
鼳	bag	⑦ 犬 目 臼
鼴	bag	⑦ 匚  臼
鼵	bag	⑦  臼
鼶	bag	② ⑦ ⺊  几 臼 𠂆
鼷	bag	② ⑦  臼 𭕄
鼸	bag	④ ⑦  臼 
鼹	bag	⑦  日 臼
鼺	bag	⑦ 田 田 田 臼
鼻	bag	
鼼	bag	 丩  自
鼽	bag	 九 田 自
鼾	bag	 干 田 自
鼿	bag	  田 自
齀	bag	 瓦 田 自
齁	bag	  田 自
齂	bag	 自 隶
齃	bag	  田 自 𠃊
齄	bag	  田 自
齅	bag	 犬 田 自 自
齆	bag	  田 自 
齇	bag	 ㇀  丨  田 自
齈	bag	  厂 曲 田 自 𠄌
齉	bag	 井 冖   自 𧘇
齊	bag	③  丿 
齋	bag	③   小 𠃌
齌	bag_ops	③    𠃌   ⿲ ⿲ ⿵ ⿹
齍	bag	③   
齎	bag	③  丿  目 𠃌
齏	bag	③    非 𠃌
齐	bag	
齑	bag	   非
齒	bag	  人 凵 
齓	bag	   凵 止
齔	bag	   凵 
齕	bag	一 乙   凵 止 𠂉
齖	bag	  人 凵 止 牙
齗	bag	   凵 止 𠂆
齘	bag	   人 凵 止
齙	bag	  人 凵  止
齚	bag	一 乍   凵 止
齛	bag	一 世   凵 止
齜	bag	   凵 止 止
齝	bag	  人 凵 厶 
齞	bag	   凵 
齟	bag	   凵 止
齠	bag	   凵  𠃌
齡	bag	  人 凵 止 龴
齢	bag	 凵 止 米 龴
齣	bag	  人 凵 勹 
齤	bag	   人 凵 止
齥	bag	  人 凵 曳 止
齦	bag	  人 凵 止 艮
齧	bag	    凵 止 𠃌
齨	bag	  人 凵 止 臼
齩	bag	    凵 止
齪	bag	  人 凵  龰
齫	bag	  人 凵 囗 木 止
齬	bag	  人 凵  𫝀
齭	bag	   凵 尸 止 𠂆
齮	bag	   人 凵 
齯	bag	   凵 止 臼
齰	bag	   凵  止
齱	bag	  人 凵 又 止 耳
齲	bag	  人 凵 止 禹
齳	bag	  人 冖 凵 止 車
齴	bag	   凵 厂 彡 止
齵	bag	  人 凵 止 禺
齶	bag	㇉   人 凵  止
齷	bag	  人 凵 十 厶 尸 止
齸	bag	   凵 止 皿
齹	bag	   凵 工 止
齺	bag	    凵 勹 勹 止
齻	bag	   凵 十 止
齼	bag	  人 凵  止 疋
齽	bag	  人 凵  止 示
齾	bag	 ㇀   乚   冂 凵  犬
齿	bag	齿
龀	bag	 齿
龁	bag	乙 齿 𠂉
龂	bag	 齿 𠂆
龃	bag	且 齿
龄	bag	 齿 龴
龅	bag	 齿
龆	bag	 齿 𠃌
龇	bag	 止 齿
龈	bag	艮 齿
龉	bag	 齿 𫝀
龊	bag	口 齿 龰
龋	bag	禹 齿
龌	bag	 尸 齿
龍	bag	⑦  
龎	bag	⑦  厂 月
龏	bag	⑦  
龐	bag	⑦  广 月
龑	bag	⑦  人 月
龒	bag	⑦  月 示
龓	bag	⑦  月 
龔	bag	⑦   月
龕	bag	⑦   月
龖	bag	⑦ ⑦  
龗	bag	⑦  丷   口 月
龘	bag	⑦ ⑦ ⑦     丷 丷 丷  月
龙	bag	
龚	bag	  十 尢
龛	bag	 口 尢
龜	bag	龜 ⸻
龝	bag	 龜
龞	bag	丷 八 巾 攵 龜
龟	bag	乚 日 𠂊
龠	bag	  
龡	bag	  
龢	bag	    木
龣	bag	   彐
龤	bag	   比 白
龥	bag	   頁
龦	bag	⺌   巾
龧	bag	 
龨	bag	匚 隹
龩	bag	 十 革 𠂆
龪	bag	 龰
龫	bag	人 干 車
龬	bag	 丷 人  𠃊
龭	bag	⑥  灬 田
龮	bag	⑥  灬 
龯	bag	 十 
龰	bag	龰
龱	bag	㐅 囗
龲	bag	 十 广 車
龳	bag	   
龴	bag	龴
龵	bag	龵
龶	bag	龶 ⸻
龷	bag	 
龸	bag	⺌ 冖 ⸻
龹	full	 
龺	bag	十 
龻	full	⿲   言  
龼	bag	⺊  八  目
龽	bag	 灬 
龾	bag	勹 皮 米
龿	bag	  
鿀	bag	 匚  酉 𠂉 𠘧
鿁	bag	 言
鿂	bag	⑦ 灬 車
鿃	bag	 入 入 目
鿄	bag	 
鿅	bag	 冂 礻 龴
鿆	bag	又 礻 𠂇
鿇	bag	 亻 
鿈	bag	尺 彳
鿉	bag	 𫝀
鿊	ordered	十 丨 氵 止
鿋	bag	 衤 豆
鿌	bag	 小 
鿍	bag	㐄  夂
鿎	bag	  辶
鿏	bag	夂 钅 龶
鿐	bag	氵 灬 田 酉 𠂊
鿑	bag	 
鿒	bag	 页
鿓	bag	 頁
鿔	bag	  钅
鿕	bag	一 丹 
鿖	bag_ops	 
鿗	bag	 亻 
鿘	bag	  
鿙	bag	   
鿚	bag	  木 
鿛	bag	  乀 八 八  夂 巾
鿜	bag	  丿  乀 八 巾 扌
鿝	bag	    乀 八 巾 木 罒 𠃌
鿞	bag	   乀 八 刂 巾 𠂊
鿟	bag	 小 
鿠	bag	  丿  乀 八 刂 巾 木
鿡	bag	    乀 八 巾 罒 隹
鿢	bag	 
鿣	bag	  
鿤	bag	 木 
鿥	bag	⑤    乀 八 
鿦	bag	  央 山 彳 攵
鿧	bag	  乀 八 夂 巾 
鿨	bag	   乀 八  巾 田
鿩	bag	   乀 八 巾 日 灬 
鿪	bag	 灬 
鿫	bag	 乁  米 𠂉
鿬	bag	 
鿭	bag	小 钅 𠂊
鿮	bag	 巾 
鿯	bag	  牛 米
鿰	bag	鿰
鿱	bag	鿱
鿲	bag	鿲
鿳	bag	鿳
鿴	bag	鿴
鿵	bag	鿵
鿶	bag	鿶
鿷	bag	鿷
鿸	bag	鿸
鿹	bag	鿹
鿺	bag	鿺
鿻	bag	鿻
鿼	bag	鿼
鿽	bag	鿽
鿾	bag	鿾
鿿	bag	鿿
