character	ctc_ids	rank	freq
的	15	0	607224885570158
0	16	1	534397892967829
人	17	2	340877676581422
一	18	3	305122253583686
中	19	4	294088468611499
有	20	5	280679938318094
是	21	6	264364361228986
国	22	7	263841426520169
会	23	8	262096699435902
这	24	9	252230954261562
不	25	10	236294040795852
来	26	11	220170696161035
大	27	12	216674991731483
为	28	13	215864397803901
个	29	14	211042846917762
时	30	15	206518475232297
在	31	16	204880522232635
以	32	17	196743853264563
我	33	18	192255065765474
上	34	19	182573793833604
将	35	20	176911662724960
过	36	21	172796182123732
了	37	22	160100212660870
要	38	23	152917681339437
后	39	24	148847756288962
能	40	25	146952957954270
还	41	26	145553636723214
地	42	27	138872907767395
年	43	28	137057362702148
多	44	29	136839789793456
对	45	30	135200825033344
出	46	31	135055075925881
学	47	32	133685281754855
到	48	33	130105738463672
日	50	34	126816607571242
用	51	35	123065549598567
他	52	36	122861215794688
生	53	37	118187157376721
下	54	38	116577977595860
家	55	39	110115297124444
发	56	40	109571397866253
新	57	41	108879175931954
成	58	42	108679016186690
当	59	43	107912704855966
开	60	44	104723536771697
并	61	45	103405952721837
于	62	46	103114059274162
里	63	47	102294134864230
说	64	48	101733844607194
给	65	49	99428274522976
前	66	50	99399462731766
们	67	51	98722448852528
长	68	52	97821798003672
行	69	53	97247143649501
可	70	54	97147881451684
经	71	55	93006953687148
小	72	56	91534571125950
点	73	57	91462459089181
和	74	58	91262325049169
之	75	59	88915273163518
及	76	60	88459277182680
法	77	61	88413764802711
内	78	62	87727125007101
好	79	63	86571966870797
美	80	64	86249466183199
自	81	65	85985494252961
没	82	66	85516431320386
得	83	67	83871635977207
事	84	68	83692299632304
分	85	69	81474246445058
作	86	70	80792952285142
区	87	71	80437352111636
本	88	72	80206675799436
三	89	73	79844331055188
所	90	74	78954682243842
爱	91	75	78218625291420
其	92	76	77394132362555
天	93	77	76716296338921
进	94	78	76339671792025
动	95	79	75751280325021
高	96	80	74483406505428
网	97	81	74464194806188
而	98	82	74009597064279
看	99	83	70415560486129
性	100	84	70069731514270
子	101	85	69970505005810
就	102	86	69817394805404
全	103	87	68928439004617
去	104	88	68864879674353
现	105	89	68737990395474
你	106	90	68656622581907
者	107	91	67146043865553
那	108	92	66395058692691
比	109	93	66247322961702
业	110	94	65341812121487
电	111	95	65285645530059
最	112	96	65248065786232
从	113	97	64895226007712
机	114	98	63923503839360
の	115	99	61855338583204
同	116	100	61758678782764
么	117	101	61674322140638
与	118	102	60385170257288
心	119	103	59938253961656
也	120	104	59907627648890
因	121	105	59208337031028
起	122	106	58892598759208
主	123	107	58865248501886
部	124	108	58612653113024
方	125	109	57533933433948
都	126	110	57455724289939
い	127	111	57268714502044
如	128	112	56918245099085
な	129	113	56231822055833
想	130	114	55937431660957
无	131	115	55173717951177
外	132	116	55170422233857
数	133	117	55013863789134
关	134	118	54990839932811
文	135	119	54956227753321
女	136	120	54642562369611
由	137	121	54342672683699
市	138	122	53839892834304
名	139	123	53802622304668
该	140	124	53754588591236
问	141	125	53715685161892
车	142	126	53068631494337
但	143	127	52641363666259
系	144	128	52226235042929
图	145	129	52142424825573
加	146	130	51692868841635
间	147	131	51686886801322
已	148	132	51667365492547
应	149	133	51612130336260
体	150	134	51024760870378
道	151	135	50759155119185
此	152	136	50663497812551
定	153	137	50568352449177
公	155	138	50507794732248
理	156	139	50251762763267
工	157	140	50157649117671
民	158	141	49620927522574
产	159	142	49542171673321
正	160	143	49152145654885
面	161	144	49091357147883
水	162	145	48488518784404
制	163	146	48392584838850
金	164	147	47999901517011
月	165	148	47817729623917
台	166	149	47630762998942
种	167	150	47441200892813
则	168	151	47243913972319
别	170	152	46816318930298
等	171	153	46294148703437
西	172	154	45719427118810
真	173	155	45216683004905
力	174	156	45171796887207
带	175	157	44905311294909
两	176	158	44754802337933
重	177	159	44740287956183
只	179	160	44578022731224
手	180	161	44449329129191
政	181	162	44395859555061
场	182	163	43908383475986
马	183	164	43887774054679
合	184	165	43751343148834
员	185	166	43664070189006
化	186	167	43600784002072
实	187	168	43513121710810
东	188	169	43508146825873
て	189	170	43128393555301
路	190	171	42576002233455
期	191	172	42487104973500
特	192	173	42100615212140
处	193	174	41695415494552
第	194	175	41669740052771
信	195	176	41631879195320
明	196	177	41188792637535
位	197	178	41178731972210
计	198	179	40974423552586
号	199	180	40954095257521
教	200	181	40678460107274
万	201	182	40177581512306
し	202	183	39489242073856
或	203	184	39424736668631
然	204	185	39403485059576
表	205	186	39348036739555
被	206	187	39321922191512
回	207	188	39247864251604
た	208	189	39240695969410
に	209	190	39208160456435
达	210	191	39107595969954
通	211	192	39072308678739
务	212	193	38956002759929
二	213	194	38739059636369
老	214	195	38735618027587
向	215	196	38281094265370
报	216	197	38229161216668
快	217	198	38021517331431
书	218	199	37991235207287
线	219	200	37968852052841
受	220	201	37892363197376
入	221	202	37796267777522
が	222	203	37425422341185
资	223	204	37411138739126
科	224	205	36849582830792
活	225	206	36738678220338
使	226	207	36680183271867
相	227	208	36520416386584
很	228	209	36367967681289
更	229	210	36118448302520
见	230	211	36024910580819
代	231	212	35980349087929
度	232	213	35713497066884
で	233	214	35630666871978
建	234	215	35455364750351
做	236	216	35319988323100
总	237	217	35310532828360
至	238	218	35201049630984
军	239	219	35201025773583
干	240	220	34985107827738
る	241	221	34943648705463
先	242	222	34937371832693
连	243	223	34875335420102
打	244	224	34707521938421
意	245	225	34506172233755
门	246	226	34462355073665
安	247	227	34346929347322
次	248	228	34322045579928
物	249	229	34318632180708
组	250	230	34248817807405
设	252	231	33987353137480
影	253	232	33934454745280
站	254	233	33862943957077
か	255	234	33770265535312
些	256	235	33658316840294
统	257	236	33655512663489
情	258	237	33536683537804
利	259	238	33410993685066
任	260	239	33324763323074
着	261	240	33258213962237
话	262	241	33204111190227
非	263	242	33071861527895
再	264	243	32744545533670
什	265	244	32739278660729
神	266	245	32650922742548
王	267	246	32508429024921
原	268	247	32497907361741
选	269	248	32497298422659
变	270	249	32350044231022
海	271	250	32213123330337
管	273	251	31857381442728
少	274	252	31749453716591
强	275	253	31694356928429
と	276	254	31614307720171
元	277	255	31356173776395
吗	278	256	31233045136180
品	279	257	31196562576109
队	281	258	31061290688797
样	283	259	30736386137088
太	284	260	30626979725550
头	285	261	30617343380396
は	286	262	30579993831022
花	287	263	30374510535542
平	288	264	30265951991783
才	289	265	30174618992957
城	290	266	29987918352819
战	292	267	29837325050548
保	293	268	29665042965709
式	294	269	29652165784063
提	295	270	29634998919951
权	296	271	29553099950965
单	297	272	29097168265324
四	298	273	28940606379565
传	299	274	28928002291600
北	300	275	28363020934326
指	301	276	28311889964697
斯	302	277	28296776547324
各	303	278	28277131884226
张	304	279	28210861806123
南	305	280	28143608893390
版	306	281	28081140362069
让	307	282	28072290076691
类	308	283	28072093359983
件	309	284	27983661369494
常	310	285	27861192880546
交	311	286	27776407587905
十	312	287	27736126563740
山	313	288	27690225659517
结	314	289	27682812245973
术	316	290	27566143898494
团	317	291	27372821898851
っ	318	292	27301062671632
德	319	293	27178052410989
党	320	294	27059216504565
亚	321	295	26975149449661
社	322	296	26928022570118
钱	323	297	26927145851393
死	324	298	26912375711058
际	325	299	26362962420275
格	326	300	26341577023167
师	327	301	26202034605349
目	328	302	26192466634525
运	329	303	26182794192699
请	330	304	26180344553039
约	331	305	26158301134143
接	332	306	26106085468128
服	333	307	26066663621831
题	334	308	25902113462728
反	335	309	25891267336077
称	336	310	25880037828576
を	337	311	25831261888045
立	338	312	25827727739783
五	339	313	25781124377251
论	340	314	25732343791262
放	341	315	25562661319651
量	342	316	25546347358629
乐	343	317	25200434824050
型	344	318	25110487012199
知	345	319	24941663814545
记	346	320	24935738092200
口	347	321	24894940282935
基	348	322	24878476889273
世	349	323	24803814488738
条	350	324	24671321385748
集	351	325	24646404697988
共	352	326	24643394158784
办	353	327	24576705874810
语	354	328	24479323114555
拉	355	329	24328610278149
果	356	330	24135188905217
未	357	331	23982458011596
游	358	332	23972748844943
转	359	333	23861822864644
视	360	334	23766890687261
据	361	335	23244536741596
省	362	336	23155965192289
程	363	337	23144169750163
每	364	338	23062796515540
义	365	339	23007174202526
史	366	340	22906068127918
光	367	341	22876639977449
解	368	342	22860184367237
さ	369	343	22766319880099
片	370	344	22725598912212
卡	371	345	22663086947116
改	372	346	22580502273660
う	373	347	22504175155011
写	374	348	22338099405171
展	375	349	22317746098955
风	376	350	22255255447088
技	377	351	22215796691880
它	378	352	22170309369696
す	379	353	21994158522819
球	380	354	21949686748338
感	381	355	21764890184994
色	382	356	21729857984928
完	383	357	21728534595888
费	384	358	21657979928999
难	385	359	21657694599757
她	386	360	21607740470023
调	387	361	21595291180229
联	388	362	21593518063292
即	389	363	21475335185685
级	390	364	21474344595269
划	391	365	21459472657921
县	393	366	21241615645342
治	394	367	21227081526415
广	395	368	21185799441531
议	396	369	21165729842143
始	397	370	21063538206165
儿	398	371	21053315799133
认	399	372	21047543571664
近	400	373	21014483277850
查	401	374	21002857916917
司	402	375	20994016214867
买	403	376	20978118078958
几	404	377	20854325934815
持	405	378	20839000493120
把	406	379	20780676552933
界	407	380	20756266230541
领	408	381	20645689971756
白	409	382	20625927928592
身	410	383	20609710596274
像	411	384	20605985052611
字	412	385	20462861517133
布	414	386	20376964804398
ー	415	387	20312931546687
包	416	388	20194036495013
求	417	389	20072454667249
收	418	390	20069217220835
院	419	391	19979004174411
装	420	392	19911298803328
气	421	393	19866081109064
住	422	394	19772805233570
ら	425	395	19658873663971
も	426	396	19641715682948
府	427	397	19551884700778
ま	428	398	19551549727338
较	429	399	19388633156155
取	430	400	19308772817530
克	431	401	19257107743261
周	432	402	19164831279471
空	433	403	19150322871779
英	434	404	19035075451942
需	435	405	18995336017863
尔	436	406	18968765056382
ん	437	407	18922849771786
规	438	408	18814865373739
节	439	409	18767983274344
华	440	410	18757701147217
れ	441	411	18748929145636
何	442	412	18720940154504
著	443	413	18714314899057
怎	444	414	18562557727288
专	445	415	18559986587067
直	446	416	18558061626767
流	447	417	18371880828804
だ	448	418	18364511192400
言	449	419	18198863259090
戏	450	420	18133891230827
黑	451	421	18119028968559
官	452	422	18102623340828
画	453	423	18059817586206
算	454	424	18002091845595
商	457	425	17974826797833
音	455	426	17959397797200
导	456	427	17949819949833
又	458	428	17914737905646
林	459	429	17878270555253
阿	460	430	17708732183104
越	461	431	17656451026885
村	463	432	17623190419573
局	464	433	17564064976833
走	465	434	17538482186244
离	466	435	17529162829489
男	467	436	17509183990004
根	468	437	17413524930668
米	471	438	17411131844014
许	469	439	17378365397213
杀	470	440	17369146292411
群	472	441	17323876695419
决	473	442	17246502146565
价	475	443	17183418156410
红	476	444	17140438894555
今	477	445	17087372591814
标	479	446	17044305198078
超	480	447	17040658479494
证	481	448	16935002686261
命	482	449	16871453680874
准	484	450	16767881748440
玩	486	451	16658641030816
热	485	452	16655653025822
案	487	453	16589057114178
告	489	454	16576600727457
听	490	455	16531753145246
料	491	456	16444641583430
属	492	457	16426995162598
派	493	458	16410574482229
州	495	459	16396680609336
双	496	460	16365207591916
众	497	461	16318675520759
远	498	462	16284611104434
送	502	463	16196457480946
讲	516	464	16181560550179
投	500	465	16141230174008
观	501	466	16101209306020
令	503	467	16081864501633
黄	504	468	16051359739566
校	505	469	16032651788083
育	506	470	15904949925402
湾	507	471	15881806284608
错	510	472	15761437034692
己	6 51	473	15747909369348
刚	511	474	15724421616844
照	512	475	15638556853607
器	574	476	15632589622282
读	514	477	15580628641720
こ	515	478	15542447735581
推	519	479	15273327060580
质	521	480	15260402885284
参	523	481	15162385236692
具	524	482	15143845678634
试	525	483	15143582284174
六	526	484	15140897998725
罗	527	485	15096480157101
造	529	486	15087648873412
声	528	487	15051297994467
项	530	488	15020085737728
济	2492	489	14987790610714
源	531	490	14951646242010
续	533	491	14918704158970
龙	534	492	14914738660259
换	535	493	14899010704984
清	536	494	14859931636918
值	537	495	14812918452626
亲	539	496	14730586420970
备	541	497	14654697230457
必	542	498	14611513179315
易	543	499	14611360288966
哪	544	500	14552731371561
京	545	501	14530867339233
思	546	502	14426059675702
港	1048	503	14419845733599
星	548	504	14397599839649
支	549	505	14372230686866
首	550	506	14343781883930
李	551	507	14274254008035
镇	553	508	14186910421613
容	554	509	14110795208245
赛	555	510	14017391414812
却	556	511	13994162448706
历	557	512	13993219932725
飞	558	513	13970930104786
士	560	514	13783486080382
形	561	515	13761211926738
护	638	516	13758557694977
环	562	517	13730674203397
考	563	518	13724276830044
极	565	519	13674091101289
争	567	520	13627369281233
半	570	521	13624070366328
香	1163	522	13543539908658
找	568	523	13504653348179
ン	619	524	13504388091123
边	597	525	13458599177939
创	571	526	13435136994961
低	575	527	13398884932372
维	669	528	13303402735017
り	583	529	13276293165529
演	604	530	13241199155455
且	580	531	13176195373834
象	606	532	13169889651898
段	578	533	13152584263511
便	579	534	13143076375978
营	581	535	13136699473220
房	582	536	13093517818779
息	584	537	13003869574196
あ	585	538	12971320287343
医	587	539	12944826567637
整	588	540	12913585269665
确	590	541	12908180217676
觉	591	542	12833445962009
农	592	543	12789659030015
仅	593	544	12750191864768
1	594	545	12717722926485
识	595	546	12684941994052
卖	596	547	12679814319995
曾	598	548	12613455451903
く	599	549	12593116923185
3	600	550	12584770071493
往	601	551	12573294077578
巴	602	552	12568112390433
谈	605	553	12518641405531
习	607	554	12514372288277
委	608	555	12461727570911
闻	610	556	12362068490984
示	612	557	12271114102558
供	613	558	12267343384861
早	614	559	12225811605776
深	615	560	12209101112503
列	616	561	12149325219971
举	617	562	12142767619602
户	618	563	12123046926885
班	622	564	12121333189631
百	620	565	12112187158442
满	621	566	12100467362402
艺	623	567	12038662171975
职	624	568	12026857315718
奖	626	569	11931699399427
获	627	570	11848173992974
族	628	571	11807158813441
够	629	572	11772510947245
客	630	573	11761033842792
吧	632	574	11727259484142
织	633	575	11723309926291
吃	634	576	11712203275255
构	635	577	11704758809014
断	636	578	11689341764117
古	637	579	11682355377308
帮	642	580	11668433061559
八	639	581	11663263986033
跟	640	582	11645307091447
控	643	583	11531089116768
病	644	584	11520134775255
复	645	585	11516132375443
よ	646	586	11511488431766
店	647	587	11477187241747
友	648	588	11469574083242
2	649	589	11449443651806
火	651	590	11411043434796
河	650	591	11401820563988
足	653	592	11278246192843
初	658	593	11261941904534
候	656	594	11230052443616
云	657	595	11182704781620
石	660	596	11156773313822
境	661	597	11114027590420
失	662	598	11112196776272
况	663	599	11051677554093
注	664	600	11040879132616
率	665	601	11036212056662
除	666	602	11029044194797
律	671	603	10973942689155
响	667	604	10961089996403
态	668	605	10923288730060
消	670	606	10913719836191
步	674	607	10895634720559
波	675	608	10860893947995
验	676	609	10820845511714
模	677	610	10748383009977
け	678	611	10706098245927
故	679	612	10675186258272
望	680	613	10652319803497
街	681	614	10649881230426
妈	682	615	10630640746680
精	684	616	10624526877597
土	685	617	10517151045169
洲	686	618	10503043751281
.	688	619	10465965607863
九	689	620	10458516259946
留	690	621	10447521336960
存	691	622	10429109931785
显	692	623	10412618501369
食	693	624	10409063394427
岛	694	625	10405652317662
室	696	626	10388508104556
录	697	627	10379681236424
叫	698	628	10372385033216
票	707	629	10329894679319
均	700	630	10321381980512
企	701	631	10314979450267
七	702	632	10309339643379
若	703	633	10294574505873
另	704	634	10290143208250
尼	705	635	10270599443090
压	706	636	10263012751639
助	708	637	10244617559396
欧	710	638	10216193909942
增	711	639	10198341587257
随	712	640	10189344225644
夫	713	641	10160256964482
韩	715	642	10135718719283
修	716	643	10119894524171
岁	717	644	10084023716620
亿	718	645	10069477071292
须	722	646	9993898781841
差	719	647	9987901144426
纪	720	648	9972363463995
股	721	649	9967423475800
歌	729	650	9966982239585
研	1841	651	9940685908947
铁	728	652	9935267671499
拍	724	653	9932148234563
喜	1607	654	9925538325527
乡	726	655	9877073233681
苏	742	656	9873078054529
络	8 65	657	9849373243272
欢	1635	658	9835652213491
功	730	659	9736983030278
银	736	660	9735988392291
切	735	661	9686247288596
え	738	662	9660905180924
层	733	663	9624101589589
假	734	664	9604151425424
药	737	665	9572931786709
青	739	666	9559079217508
排	740	667	9543087368330
词	741	668	9542827067968
协	743	669	9520643102104
引	744	670	9518499566133
兰	748	671	9473665445351
继	747	672	9445555993007
福	746	673	9434397416644
陈	749	674	9412836906281
编	750	675	9401157155584
破	751	676	9399697506260
终	752	677	9355760168870
配	754	678	9345039546132
速	755	679	9342583744772
希	756	680	9319105666516
哥	758	681	9292024053554
き	757	682	9291939097940
酒	763	683	9286037103330
鱼	760	684	9283717364014
绝	759	685	9268376251816
狗	761	686	9259461298027
5	762	687	9259219364383
念	764	688	9236607430318
奇	765	689	9220667415312
优	767	690	9203172641848
击	768	691	9180509671640
そ	769	692	9169460097819
兴	770	693	9137854695616
千	771	694	9129128165082
油	772	695	9090350326028
宝	773	696	9085139373478
普	774	697	9084596133822
ス	816	698	9014867577110
独	777	699	8995528929095
枪	778	700	8973746760756
船	780	701	8928330672751
养	782	702	8920350598798
轻	783	703	8915330802169
伤	784	704	8897687153561
份	785	705	8894890295807
志	786	706	8891385190470
致	787	707	8885632701787
馆	788	708	8864166842326
警	790	709	8837176512153
纳	794	710	8828980375323
察	789	711	8828973571403
江	791	712	8802325039387
依	792	713	8793316057733
卫	793	714	8787652846067
园	795	715	8766661734634
尽	797	716	8759085980984
旧	798	717	8668008871929
毛	803	718	8650903668912
射	805	719	8637154886044
责	800	720	8637107896354
施	804	721	8618500580244
操	801	722	8613698095174
究	9 70	723	8565141812025
监	809	724	8500190087234
采	810	725	8491900259532
状	812	726	8477275536404
害	814	727	8467660276422
冲	823	728	8448949088428
评	818	729	8443664798005
わ	819	730	8443304348448
待	817	731	8441897087631
笑	824	732	8435170842678
楼	825	733	8395988129107
测	850	734	8345093300604
宣	827	735	8321625697863
血	845	736	8303534240222
印	830	737	8284626539837
革	829	738	8284417535935
武	1021	739	8276207254911
脚	835	740	8273964449986
仍	831	741	8260502250078
拿	838	742	8192085277886
底	842	743	8154878187465
板	843	744	8133817265545
防	844	745	8104953822887
陆	907	746	8104035798586
眼	846	747	8101899534415
博	847	748	8077770299872
域	851	749	8053603765204
乱	854	750	8051801607393
免	855	751	8045514051712
斗	856	752	8034243034930
按	857	753	8024516157409
落	858	754	8023420188589
课	859	755	8022730933127
密	860	756	8017656260752
例	863	757	8003855101485
坏	864	758	7986783781146
お	865	759	7968631165166
软	866	760	7965177679207
罪	867	761	7962024301522
播	868	762	7943369991808
虽	870	763	7923809069193
负	871	764	7913742162969
款	872	765	7912353928793
占	873	766	7900102582974
圣	875	767	7892941464029
财	876	768	7875328960405
预	877	769	7870514479759
险	878	770	7867012310201
久	879	771	7866504111166
厂	882	772	7853585655535
输	883	773	7852241358336
塔	887	774	7841605596074
严	885	775	7834188955033
置	888	776	7802269320104
剧	889	777	7800398979457
孩	890	778	7783656864590
母	893	779	7750176069607
策	894	780	7733430463656
脑	895	781	7730550242588
朝	900	782	7719694618614
啊	896	783	7704585129428
谁	897	784	7702060426320
阳	898	785	7701136999500
居	899	786	7683080511368
イ	940	787	7678998138174
旅	904	788	7675977433719
升	901	789	7667239545898
积	902	790	7664392306406
微	903	791	7662607574395
势	905	792	7657995189250
ト	906	793	7653949341971
卷	908	794	7569266414595
范	909	795	7565924562988
频	910	796	7548279259869
藏	911	797	7547020087082
限	913	798	7491176089386
4	914	799	7467135337394
效	918	800	7408236595887
谢	923	801	7384027862082
库	924	802	7380087990702
奥	920	803	7376620844635
角	925	804	7336694456950
伊	926	805	7325765113690
码	927	806	7317622282717
某	928	807	7302564764830
や	930	808	7250239558912
晚	931	809	7231325433028
购	932	810	7226126691688
轮	936	811	7204889972668
牌	934	812	7197515169328
择	935	813	7170865681825
载	939	814	7117519958884
脸	942	815	7083201232279
短	943	816	7081887187311
愿	945	817	7073602797032
汉	947	818	7057762211780
富	948	819	7033256423322
梦	949	820	7032553904275
素	950	821	7029011859466
ど	951	822	6988540854525
座	952	823	6979690921143
救	961	824	6971269327904
停	954	825	6911446756042
核	955	826	6911018589334
穿	958	827	6908393154003
检	957	828	6902055466849
托	956	829	6900725181824
围	960	830	6880592271430
ル	962	831	6878557266201
货	963	832	6859197082567
批	966	833	6790212809772
简	967	834	6784510625326
8	968	835	6778117257215
夜	969	836	6773963948625
移	973	837	6764630578494
沙	975	838	6745614079590
草	977	839	6736113234151
紧	976	840	6728512247938
庭	2588	841	6719590796847
哈	981	842	6694774222714
倒	985	843	6656884544174
兵	987	844	6629805845466
犯	988	845	6618592208409
牛	989	846	6591543839372
钟	990	847	6562679139149
略	992	848	6546652431914
章	991	849	6545015713841
执	996	850	6506462113651
判	999	851	6441016306842
诗	1000	852	6434568511012
介	1001	853	6425699549188
跑	1002	854	6404523916082
止	1008	855	6350828129076
余	1014	856	6290157537366
副	1012	857	6283994462965
威	1015	858	6280900952723
封	1022	859	6223788793491
皮	1024	860	6200370300727
坐	1030	861	6194860071979
ッ	1018	862	6185480881817
登	1082	863	6183983556700
左	1054	864	6165943476657
练	1025	865	6160527040898
靠	1028	866	6152931059248
肉	1043	867	6148628862142
补	1033	868	6140598150412
桥	1073	869	6129397303217
ち	1027	870	6124924206979
田	1026	871	6118003168553
析	2 82	872	6116767349245
套	1031	873	6089891416630
弹	1032	874	6065604575894
背	1034	875	6056020846245
序	1036	876	6050125451075
筑	1035	877	6049923819041
审	1037	878	6040789201603
承	1039	879	6030908298883
付	1045	880	6017180109566
互	1041	881	6014611422196
页	1042	882	6009512110939
诉	1044	883	5997440272790
细	1046	884	5987537615125
席	1049	885	5971934283372
%	1047	886	5966174480705
降	1050	887	5947296106960
木	1053	888	5927684432853
块	1058	889	5922525963061
呢	1056	890	5907899188850
追	1059	891	5880285680864
湖	1062	892	5868594781694
盘	1061	893	5865839283205
销	1060	894	5850947344483
父	1063	895	5827927121020
突	1064	896	5826020555121
树	1065	897	5794899259357
训	1068	898	5792673149723
善	1067	899	5787876982644
遭	1074	900	5713268030485
胜	1077	901	5656867819030
刘	1078	902	5650003809921
雷	1079	903	5634233103008
6	1080	904	5628186325009
康	1081	905	5625163292155
リ	1086	906	5609487116841
吉	1083	907	5602174593819
ラ	1084	908	5599828375944
劳	1085	909	5598105752927
挂	1090	910	5583668835368
め	1095	911	5541907558089
括	1093	912	5540159171341
景	1099	913	5538456342803
归	1100	914	5528061114247
端	1102	915	5525247695118
贵	1103	916	5491063218880
退	1104	917	5483136511003
抗	1105	918	5482528631559
掉	1101	919	5482055910634
温	1155	920	5478368788008
盖	1112	921	5435483992561
阶	1109	922	5397907240468
つ	1110	923	5392593627156
适	1111	924	5391002400455
担	1113	925	5373037517525
诺	1115	926	5365572565330
ク	1117	927	5360538977082
ア	1118	928	5357508037929
否	1119	929	5353758969673
永	1120	930	5352681362165
抓	1121	931	5347505232484
舞	1122	932	5331142589961
攻	1123	933	5311112430238
ね	1127	934	5282605383022
曲	1128	935	5280036036139
7	1130	936	5268177109298
顿	1134	937	5262340094776
私	1133	938	5241498453826
朋	1135	939	5219512409683
毒	1136	940	5219474921343
圈	1138	941	5213748354441
索	1137	942	5193425375808
俄	1149	943	5187667437332
架	1152	944	5169849995399
征	1256	945	5160238908572
屋	1146	946	5128648581439
怕	1147	947	5125832895828
帝	1150	948	5118820862892
益	1153	949	5105986739693
融	1157	950	5095005254488
宫	1158	951	5088367813807
鬼	1161	952	5077079266281
翻	1164	953	5033141956664
婚	1165	954	5029130520080
急	1169	955	5010719441460
良	1170	956	4991696162094
唱	1206	957	4981349740200
税	1172	958	4978308621675
健	1173	959	4978241748037
恶	1174	960	4971649372526
讯	1175	961	4959365103587
贴	1178	962	4953159985672
秘	1179	963	4926242956013
厅	1183	964	4893943202245
饭	1184	965	4889853620155
叶	1186	966	4872501341167
媒	1217	967	4868573397817
异	1187	968	4864295353026
央	1188	969	4861187107734
怪	1192	970	4847625833930
季	1197	971	4822890306983
绿	1196	972	4821689834417
松	1198	973	4818048506175
味	1199	974	4814158046671
堂	1201	975	4810134465030
临	1202	976	4810065511376
充	1203	977	4807543462085
右	1204	978	4803887846775
访	1205	979	4794254677405
菜	1207	980	4785106769211
额	1218	981	4755224806867
典	1209	982	4748795026015
尚	1233	983	4744225584197
吸	1211	984	4738231230813
笔	1212	985	4731550539715
赢	1213	986	4730673645523
航	1221	987	4709646874140
答	1222	988	4707052301118
恩	1227	989	4706179883167
宗	1223	990	4705917819997
顶	1226	991	4698394960394
般	5 91	992	4694053247771
讨	1230	993	4689449724430
鲁	1229	994	4680367076891
刀	1236	995	4678257990056
误	1231	996	4675012509592
纸	1238	997	4662074081260
疗	1235	998	4659034594880
春	1239	999	4638577375632
鸡	1240	1000	4638339636499
礼	1243	1001	4633441205471
材	1241	1002	4629934993297
秀	1246	1003	4621734882862
蓝	1244	1004	4616776166740
9	1245	1005	4600042261836
减	1248	1006	4589768997172
冷	1253	1007	4577632702394
似	1254	1008	4574492965983
露	1258	1009	4520801470089
杨	1259	1010	4516788802402
招	1261	1011	4506193102480
危	1263	1012	4499580396107
夏	1264	1013	4497687395877
督	1265	1014	4481693790229
届	1266	1015	4477445943466
姐	1267	1016	4473503271827
搞	1268	1017	4473283449486
激	1270	1018	4460943392096
贸	1275	1019	4455114093316
汽	1271	1020	4453117245629
售	1272	1021	4443879691110
童	1277	1022	4434545880746
稳	1279	1023	4429592157098
守	1274	1024	4428743782025
森	1276	1025	4427818262103
み	1278	1026	4421519124182
篇	1281	1027	4411583502226
宁	1287	1028	4406342316566
困	1283	1029	4405160301803
灵	1285	1030	4398188218987
慢	1302	1031	4387923928349
じ	1292	1032	4371202279118
せ	1291	1033	4363565892645
睡	1294	1034	4352149380450
茶	1309	1035	4328865009782
释	1307	1036	4312562138551
述	1306	1037	4304946423584
爆	1308	1038	4301449423878
脱	1310	1039	4285577309601
签	1312	1040	4284217692298
墙	1332	1041	4265812330644
句	1317	1042	4263745355814
谷	1319	1043	4253711393671
杂	1322	1044	4248932487958
雨	1323	1045	4248070946794
萨	1324	1046	4244932244926
苦	1331	1047	4212258089885
丝	1357	1048	4206099150838
彩	1333	1049	4199534661451
野	1335	1050	4180309434967
坚	1338	1051	4165327439146
莫	1339	1052	4163660381198
佛	1341	1053	4159667694430
跳	1345	1054	4155278876050
刻	1347	1055	4150611319853
妇	1349	1056	4132774809470
魔	1350	1057	4126102167486
川	1355	1058	4121438312768
甚	1352	1059	4114782012171
遇	1353	1060	4114120143245
译	1356	1061	4108541020049
ゃ	1379	1062	4107171041752
牙	1358	1063	4104842640385
鸟	1360	1064	4101864095226
洛	1361	1065	4101565491896
敢	1366	1066	4083638517159
顺	1373	1067	4075828774418
您	1367	1068	4062162698554
亮	1372	1069	4052309801059
币	1370	1070	4047976238743
丽	1386	1071	4031906134699
败	1381	1072	4012485333140
授	1455	1073	4007487062116
借	1391	1074	4004759328950
タ	1704	1075	3994956701921
塞	1402	1076	3994504077957
衣	1383	1077	3988862318914
洋	1384	1078	3983122637166
综	1382	1079	3982913085196
贝	1388	1080	3951102982889
培	1385	1081	3949387341585
绍	1390	1082	3937893824341
床	1400	1083	3927914552888
享	1397	1084	3912204112517
盟	1396	1085	3909974538527
猪	1398	1086	3899495483439
零	1404	1087	3880016432434
摄	1406	1088	3877919063992
ろ	1407	1089	3859771913984
扩	1410	1090	3840946038397
乎	1415	1091	3824259818906
辑	1416	1092	3814666166242
瓦	1419	1093	3812317470580
顾	1420	1094	3807500780217
骗	1417	1095	3804994018999
妹	1422	1096	3804450363585
册	1424	1097	3788516953935
散	1428	1098	3782981618150
缺	1426	1099	3768839641802
伦	1429	1100	3767558920518
抢	1451	1101	3763749487735
含	1430	1102	3756461462487
痛	1440	1103	3748644444517
针	1441	1104	3718358969365
束	1443	1105	3709455533126
喝	1444	1106	3707836467048
智	1447	1107	3703294745093
猫	1452	1108	3691517229388
础	5 100	1109	3685260752767
汇	1456	1110	3672871903081
烟	1459	1111	3652630063036
レ	1476	1112	3627240321219
ド	1466	1113	3622505577813
拥	1467	1114	3618793644985
麦	1468	1115	3617804432224
蒙	1473	1116	3601549022754
戴	1475	1117	3600663450915
灯	1481	1118	3576690746113
肯	1498	1119	3569154493722
逼	1483	1120	3565712544146
熟	1484	1121	3561999626103
見	1491	1122	3556388304335
努	1487	1123	3552934255984
禁	1488	1124	3551872795399
弟	1493	1125	3538254005174
剑	1514	1126	3532221595289
庆	1501	1127	3523906532548
洗	1500	1128	3523629302701
混	1503	1129	3519028133261
探	1504	1130	3517301901479
透	1505	1131	3515661753030
粉	1511	1132	3515283307518
勒	1508	1133	3509833958380
疑	1510	1134	3505042539124
漫	1632	1135	3499600082087
幸	1513	1136	3490570333039
雪	1522	1137	3489585544252
驻	1518	1138	3484655269138
杯	1526	1139	3471790508328
巨	1523	1140	3465918898158
泰	1528	1141	3459786745916
伯	1530	1142	3455771029646
亡	1527	1143	3446486294199
竞	1529	1144	3445401385306
胡	1532	1145	3434307834477
澳	1534	1146	3413724113407
暗	1535	1147	3412247862048
械	5 103	1148	3409401902855
挥	1537	1149	3405781539650
申	1538	1150	3395340789325
既	1542	1151	3384702228426
皇	1551	1152	3377582968637
暴	1552	1153	3374203894271
忘	1545	1154	3373789235400
硬	1546	1155	3370316491783
毕	1547	1156	3367414819801
艾	1548	1157	3364486182378
シ	1553	1158	3346399718160
ロ	1556	1159	3342074806643
染	1558	1160	3332276764804
拜	1571	1161	3325984863759
障	1561	1162	3319800370014
欲	1563	1163	3315899881357
附	1564	1164	3311448587024
ば	1588	1165	3310587118137
纯	1570	1166	3306338424970
档	1565	1167	3300829894857
兼	1569	1168	3294225948721
址	1574	1169	3273881774603
カ	1576	1170	3269895767954
刺	1578	1171	3262462021580
雄	1581	1172	3258505755258
蛋	1587	1173	3214838767728
佳	1596	1174	3197114640909
献	1595	1175	3189248744437
怀	1597	1176	3180768926716
订	1599	1177	3170016378793
烧	1600	1178	3163894490279
键	1609	1179	3158178203053
链	1604	1180	3150097133446
マ	1605	1181	3148616111311
呼	1606	1182	3145940463957
偷	1608	1183	3145224287775
姓	1617	1184	3141187899912
丁	1612	1185	3130894738241
迎	1614	1186	3129217992913
時	1634	1187	3128595584644
炸	1615	1188	3127901973465
冰	1616	1189	3126563883432
雅	1628	1190	3126241424026
赶	1618	1191	3125316605988
丰	1621	1192	3120775616066
齐	1622	1193	3118106497447
恐	1625	1194	3116668169205
フ	1629	1195	3109630725557
ジ	1631	1196	3100780014873
替	1633	1197	3097882768275
钢	1639	1198	3064807613836
亦	1641	1199	3058751245710
休	1650	1200	3049958085508
鲜	1646	1201	3045074380174
敌	1651	1202	3032198965981
曼	1655	1203	3031449610003
プ	1653	1204	3026859682265
遗	1656	1205	3017905381927
坛	1657	1206	3017829628225
寻	1660	1207	3001449333630
迪	1663	1208	2983021002981
趣	1664	1209	2980729857012
拟	1666	1210	2978451951103
竟	1667	1211	2976433445040
邦	1671	1212	2962561572411
莱	1672	1213	2961442793059
抱	1681	1214	2958014360675
烈	1674	1215	2957671113269
概	1676	1216	2930901405866
乌	1677	1217	2929760510149
弄	1721	1218	2906418412785
洞	1684	1219	2905085556075
嘴	1687	1220	2899873787107
荣	1692	1221	2891328194166
コ	1698	1222	2869482565742
梅	1713	1223	2843910949844
棒	1708	1224	2834498734438
メ	1709	1225	2832092343697
逐	1714	1226	2827180162408
籍	1711	1227	2825453029248
甲	1712	1228	2824704355141
予	1859	1229	2822261294568
圆	1729	1230	2817695676224
間	1720	1231	2809471180499
君	1731	1232	2786842915503
丹	1732	1233	2784835931983
虎	1737	1234	2775508296840
妻	1738	1235	2771751668036
姆	1741	1236	2761608899927
符	1743	1237	2760396958868
倍	1746	1238	2751954948496
启	1747	1239	2749411077733
固	1751	1240	2739913382394
気	1750	1241	2735216669163
泽	1760	1242	2734343811757
仪	1780	1243	2730339021529
避	1763	1244	2713031633655
迷	1764	1245	2711665967006
坦	1765	1246	2706462163844
毁	1766	1247	2705963135275
弃	1770	1248	2703054100520
宽	1783	1249	2699159425948
末	1778	1250	2693409936952
触	1773	1251	2683488978205
楚	1782	1252	2680834320079
赞	1774	1253	2679764944530
潮	1775	1254	2678128506159
唯	1776	1255	2676823529857
损	1779	1256	2673065812069
狂	1793	1257	2667859374514
娘	1803	1258	2667755308817
累	1785	1259	2665971247906
违	1788	1260	2661274865395
忙	1789	1261	2661230088691
逃	1790	1262	2656917602217
虑	1791	1263	2653427055538
唐	1808	1264	2637995106833
锁	1800	1265	2636026565347
阅	1804	1266	2632053387106
尾	1801	1267	2630518053165
バ	1823	1268	2629726926019
摆	1805	1269	2623936507417
瑞	1807	1270	2622414302646
尊	1812	1271	2615352918938
延	1816	1272	2614986431135
辆	1810	1273	2610045582166
挑	1813	1274	2607283098589
距	1821	1275	2584902691616
静	1824	1276	2580245595978
弱	1829	1277	2563086634356
幕	1864	1278	2561880057033
醒	1833	1279	2557726726233
杰	1834	1280	2554940050522
跨	1835	1281	2554191283958
迫	1839	1282	2551944331487
镜	1836	1283	2551878982237
抽	1843	1284	2535083022989
午	1844	1285	2534263026512
聚	1845	1286	2533260695559
植	1847	1287	2526388566461
刑	1851	1288	2514063186314
阴	1854	1289	2504860410044
旗	1857	1290	2498474463026
灭	1870	1291	2494619678377
恋	1866	1292	2491159879837
浪	2067	1293	2490287993498
ム	1873	1294	2481849271893
遍	1867	1295	2480023163426
冠	1875	1296	2478060122859
餐	1898	1297	2468820246998
峰	1926	1298	2467639276972
朗	1874	1299	2466782208100
残	1876	1300	2463224280780
吹	1877	1301	2461610127698
促	1879	1302	2460425562265
闭	1881	1303	2459173138327
裁	1884	1304	2450614805699
询	1887	1305	2448413013736
鼓	1890	1306	2436325393714
埃	1893	1307	2427948213192
挺	1892	1308	2423228718037
尤	1900	1309	2417998005154
搜	1894	1310	2414784954329
チ	1899	1311	2407768290211
谋	1902	1312	2402610319270
テ	1903	1313	2400406005534
菲	1906	1314	2398953594258
啦	1909	1315	2388495621759
骨	1910	1316	2387397362720
援	1911	1317	2387330086620
懂	1914	1318	2381650896125
召	1915	1319	2379009292915
奶	1927	1320	2374810326292
折	1920	1321	2372713858587
惊	1921	1322	2372556360422
震	1925	1323	2365275478869
麻	1928	1324	2351806309923
孙	1929	1325	2351442788015
糖	1931	1326	2350360440696
渐	1933	1327	2346983332498
污	1934	1328	2345313721942
兽	1939	1329	2338225178734
搭	1943	1330	2332771832893
梁	2146	1331	2330365648877
赵	1945	1332	2321191550621
粮	1952	1333	2319341035849
腿	1956	1334	2319159501177
汤	1951	1335	2310833702532
キ	1954	1336	2305715292665
津	1955	1337	2301416890293
刷	1957	1338	2295837941114
绩	1959	1339	2291996572741
骑	1965	1340	2278319998510
玉	1966	1341	2275947730670
租	1970	1342	2261950994473
氏	1976	1343	2261488543388
插	1971	1344	2259469117855
谓	1978	1345	2245072692502
盛	1979	1346	2243023646904
扎	1981	1347	2235567404999
兄	1992	1348	2223303040181
侵	1989	1349	2220921686381
描	1990	1350	2220517594368
估	1991	1351	2218354982338
偏	1993	1352	2215740524765
庄	2010	1353	2215181690301
废	1996	1354	2211763931758
署	2004	1355	2195437619955
泛	2006	1356	2190436550821
祖	2007	1357	2188522298379
吴	2012	1358	2176322381085
耳	2019	1359	2173856268865
グ	2014	1360	2171449755415
舰	2016	1361	2169829542935
拒	2018	1362	2169125269171
娱	2024	1363	2158373730892
宾	2025	1364	2156198567598
途	2035	1365	2143263517830
毫	2038	1366	2138669824773
玛	2037	1367	2137143647828
夺	2043	1368	2118069491824
券	2063	1369	2114481767578
缩	2046	1370	2112604835843
纽	2051	1371	2107951563835
娜	2072	1372	2105243701141
伴	2057	1373	2101768290311
励	2058	1374	2099908616122
炮	2059	1375	2099045756651
伟	2061	1376	2096097903667
秒	2066	1377	2088880992088
番	2070	1378	2084795147954
勇	2089	1379	2073676698052
捕	2077	1380	2071223718914
奴	2093	1381	2060261294408
赚	2086	1382	2057947988464
伙	2110	1383	2048593041344
罚	2092	1384	2047631640193
矿	2096	1385	2045146350970
サ	2097	1386	2044433788136
岸	2100	1387	2041567378775
哭	2102	1388	2039827594184
ず	2103	1389	2038762363220
沉	2106	1390	2036405620594
宪	2109	1391	2035881170353
疯	2111	1392	2033390366173
拖	2118	1393	2023809289139
ょ	2123	1394	2017422519781
幅	2231	1395	2015937440991
贷	2129	1396	2012408007094
惠	2143	1397	2010121609621
侧	2138	1398	2004727316682
涉	2139	1399	2003014417315
涨	2141	1400	2001074735134
凡	2147	1401	1991194091683
旁	2150	1402	1988184317765
ご	2151	1403	1987548411091
惯	2153	1404	1983547434538
ブ	2154	1405	1983091670282
映	2157	1406	1974938321766
隔	2160	1407	1970086991273
耶	2176	1408	1961504521442
ャ	2169	1409	1958246520150
掌	2171	1410	1957469113565
嘛	2173	1411	1956186110552
饰	2175	1412	1956006396316
缘	10 123	1413	1948327425172
ニ	2174	1414	1946831294214
净	2179	1415	1943506105813
オ	2183	1416	1940828855020
祝	2185	1417	1939238691181
贫	2186	1418	1937079311176
丢	2217	1419	1934659697402
狱	2249	1420	1928474558308
滚	2214	1421	1924255408321
诸	2202	1422	1908525654776
爸	2205	1423	1902802705963
デ	2207	1424	1901203477077
乘	2206	1425	1900993425297
パ	2309	1426	1897715901225
恢	2216	1427	1891752868060
箱	2238	1428	1888231604655
赏	2223	1429	1877645376550
朱	2228	1430	1874712597390
措	2230	1431	1870668691895
迁	2232	1432	1868796976465
虚	2233	1433	1868415272226
隐	2243	1434	1866477891448
症	2239	1435	1864108619742
胞	2245	1436	1859012123994
暂	2246	1437	1858757743855
摩	2266	1438	1857170813746
衡	2253	1439	1856319058877
乔	2250	1440	1854726541057
阵	2270	1441	1851923169730
坡	2273	1442	1844646465285
阻	2256	1443	1839527802263
剂	2268	1444	1835777501632
聊	2269	1445	1833317326282
握	2274	1446	1826469797463
抵	2275	1447	1824060333301
烦	2286	1448	1811579987098
杜	2290	1449	1799952062774
邀	2291	1450	1799095010001
鞋	2300	1451	1793908435484
诚	2296	1452	1792222325848
撞	2297	1453	1791147881086
伍	2298	1454	1787306809833
蒂	2303	1455	1779433560847
盗	2305	1456	1778683484530
猜	2307	1457	1777204710873
赌	2314	1458	1771139085967
贡	2320	1459	1764187811588
灾	2326	1460	1758133889371
秋	2334	1461	1753525280631
径	2337	1462	1752088643588
冒	2341	1463	1749809508636
奋	2344	1464	1744553446039
徒	2349	1465	1738288568124
刊	2353	1466	1736173627437
荷	2355	1467	1735340842574
ィ	2360	1468	1733189214532
饮	2361	1469	1732908932128
穷	2365	1470	1729293156595
吨	2371	1471	1724305732318
婆	2372	1472	1723621832285
無	2373	1473	1723499969370
彼	6 128	1474	1722374224766
谱	2376	1475	1719709723117
肥	2386	1476	1711957362789
池	2394	1477	1708785079248
荐	10 128	1478	1704969829928
漂	2392	1479	1703995679790
彻	2397	1480	1701231501520
呀	2400	1481	1693079919296
孔	2401	1482	1692501821077
寄	2459	1483	1690736769877
殊	2402	1484	1690615793103
哦	2404	1485	1688762786916
場	2408	1486	1687457440326
返	2462	1487	1683603902297
忆	2410	1488	1682052529709
盐	2412	1489	1680391648648
動	2450	1490	1677307710978
潜	2426	1491	1675976239492
胸	2421	1492	1674352720488
扬	2422	1493	1674331011856
沿	2447	1494	1672509788926
宜	2431	1495	1664058522692
哲	2432	1496	1662962607197
酸	2435	1497	1656213817671
迹	2436	1498	1655314692953
撤	2438	1499	1654348435967
陪	2445	1500	1648662107435
辖	2446	1501	1646724841102
ウ	2491	1502	1637133993074
允	2461	1503	1632214888978
趋	2465	1504	1629801952894
盾	2467	1505	1628719358856
扣	2468	1506	1628130601285
発	2470	1507	1627165305337
煤	2473	1508	1625575355980
搬	2475	1509	1624802712857
袋	2478	1510	1619704691284
倾	2479	1511	1619051670586
纷	2480	1512	1618089180877
後	2481	1513	1617892509088
液	2485	1514	1612879545353
储	2488	1515	1609920071704
债	2505	1516	1606793570020
践	2541	1517	1603299242494
寺	2495	1518	1603052564527
滑	2497	1519	1601451651332
愈	2498	1520	1600566153714
咨	2504	1521	1598611052779
ナ	2506	1522	1597745619707
摸	2508	1523	1594740844978
黎	2521	1524	1590985934867
绪	2516	1525	1589626151416
昨	2519	1526	1585145708467
役	2525	1527	1582037541909
默	2527	1528	1580602682981
凯	2536	1529	1570434390622
エ	2559	1530	1569424106926
帐	2540	1531	1568773061164
邮	2543	1532	1566134778835
隆	2556	1533	1563544328540
堡	2560	1534	1562129053063
腐	2565	1535	1561968645559
ビ	2561	1536	1560126522655
凭	2599	1537	1559275674813
患	2562	1538	1558988797151
話	2563	1539	1558482330250
厚	2567	1540	1556428027053
润	2568	1541	1552838010985
忍	2574	1542	1550127159188
ほ	2576	1543	1548852059151
绕	2578	1544	1546602215230
呈	2579	1545	1546041094619
悲	2583	1546	1538787334636
赖	1 134	1547	1536206213188
驾	2 134	1548	1536093637661
ュ	2585	1549	1535280983587
横	2587	1550	1534054590649
颗	5 134	1551	1528556244022
仔	6 134	1552	1526577458689
详	7 134	1553	1523428460119
苹	8 134	1554	1522631504643
沟	9 134	1555	1521386753321
ダ	10 134	1556	1516646323847
井	11 134	1557	1515582456281
怖	12 134	1558	1515201520199
狼	13 134	1559	1514842360747
吓	1 135	1560	1509003534070
龄	2 135	1561	1507870907101
碰	3 135	1562	1506618932974
殖	4 135	1563	1501001269870
览	5 135	1564	1497453799636
兹	6 135	1565	1495279389197
蛇	7 135	1566	1493241351878
劲	8 135	1567	1490152601098
坑	9 135	1568	1484400367352
虫	10 135	1569	1481521827145
循	11 135	1570	1477308933406
泡	12 135	1571	1476417072323
碍	13 135	1572	1475282318774
御	1 136	1573	1472236996889
ミ	2 136	1574	1467691268332
拼	3 136	1575	1467671188901
骂	4 136	1576	1466903744713
账	5 136	1577	1466340550147
誉	6 136	1578	1465058706518
爷	7 136	1579	1457238137599
灰	8 136	1580	1455571910974
宅	9 136	1581	1454098281195
豪	10 136	1582	1453939231421
琴	11 136	1583	1448051251460
稿	12 136	1584	1445261481138
胁	13 136	1585	1442142050482
べ	1 137	1586	1434552993753
泥	2 137	1587	1433935620894
嘉	3 137	1588	1430860206553
逻	4 137	1589	1424714260996
袭	5 137	1590	1423942339602
恨	6 137	1591	1414868326114
辞	7 137	1592	1411695605658
羊	8 137	1593	1410814058808
撒	9 137	1594	1399585733313
繁	10 137	1595	1398168870761
熊	11 137	1596	1395391024320
疾	12 137	1597	1387608455561
乏	13 137	1598	1387443481659
闹	1 138	1599	1384413815413
墨	2 138	1600	1381535426322
徐	3 138	1601	1380911864359
豆	4 138	1602	1380880948373
実	5 138	1603	1379969581407
皆	6 138	1604	1377283883793
酷	7 138	1605	1377025682947
邻	8 138	1606	1369988745481
迅	9 138	1607	1362558944141
爽	10 138	1608	1358479445552
宇	11 138	1609	1355979697124
剩	12 138	1610	1353920819286
庙	13 138	1611	1350080394184
窗	1 139	1612	1349367019008
舍	2 139	1613	1346748236989
偶	3 139	1614	1345200717089
渡	4 139	1615	1341647722552
尝	5 139	1616	1338705405244
岩	6 139	1617	1337314602786
敬	7 139	1618	1329848348352
姑	8 139	1619	1329345677963
郑	9 139	1620	1324915503078
珠	10 139	1621	1324106731742
截	11 139	1622	1322814945584
偿	12 139	1623	1321595330698
宋	13 139	1624	1320068368663
辩	1 140	1625	1318588508521
仙	2 140	1626	1317664778989
玻	3 140	1627	1316613521236
甘	4 140	1628	1315808775668
俗	5 140	1629	1315201120123
湿	6 140	1630	1314490865315
焦	7 140	1631	1313235208845
烂	8 140	1632	1311802008661
げ	9 140	1633	1311564008548
割	10 140	1634	1309485727992
缓	11 140	1635	1309114758979
吻	12 140	1636	1308460391069
脉	13 140	1637	1304758428971
怒	1 141	1638	1302218847826
辛	2 141	1639	1301351185349
セ	3 141	1640	1300282097647
幼	4 141	1641	1299960189724
闲	5 141	1642	1297674462511
郎	6 141	1643	1294580503295
へ	7 141	1644	1291450314011
粗	8 141	1645	1290329535678
敏	9 141	1646	1290230160055
迟	10 141	1647	1289847994228
帕	11 141	1648	1289657228557
踪	12 141	1649	1286984965213
竹	13 141	1650	1285736960513
陷	1 142	1651	1282344419175
燃	2 142	1652	1281980050644
骚	3 142	1653	1281870675316
奏	4 142	1654	1280521461971
巧	5 142	1655	1278769649995
赤	6 142	1656	1278091908322
拆	7 142	1657	1276762203049
泉	8 142	1658	1274624369220
颜	9 142	1659	1259463923245
扰	10 142	1660	1258455060658
薄	11 142	1661	1258078011631
乃	12 142	1662	1256997598576
阁	13 142	1663	1256607005473
仁	1 143	1664	1256518753103
暖	2 143	1665	1255844008707
矛	3 143	1666	1247592153476
腊	4 143	1667	1246600825464
弗	5 143	1668	1245574384304
璃	6 143	1669	1243812487422
岭	7 143	1670	1242481313054
轨	8 143	1671	1241903473516
贼	9 143	1672	1239106336525
卢	10 143	1673	1237925572471
郡	11 143	1674	1233037375972
疫	12 143	1675	1230714393670
ツ	13 143	1676	1230300863760
対	1 144	1677	1228363067210
喷	2 144	1678	1226989642699
瓶	3 144	1679	1225997673927
冬	4 144	1680	1223202620471
拔	5 144	1681	1219397742863
霍	6 144	1682	1213656097639
業	7 144	1683	1210013071369
喊	8 144	1684	1209861999566
绘	9 144	1685	1207783258651
递	10 144	1686	1207755943318
祭	11 144	1687	1207349663001
ズ	12 144	1688	1207068192301
伸	13 144	1689	1205874331681
丑	1 145	1690	1204419123021
挖	2 145	1691	1203936666151
尺	3 145	1692	1200862287403
胆	4 145	1693	1197287978437
裂	5 145	1694	1194097186129
娃	6 145	1695	1193969652683
驶	7 145	1696	1193898268316
乳	8 145	1697	1192661361152
開	9 145	1698	1189536581913
仓	10 145	1699	1188145838431
堆	11 145	1700	1188061033775
帅	12 145	1701	1187247891322
猛	13 145	1702	1187037080459
莉	1 146	1703	1183903941674
俺	2 146	1704	1183744071090
覆	3 146	1705	1180871621748
夹	4 146	1706	1180433686385
伪	5 146	1707	1177614706402
撑	6 146	1708	1175677366132
嫌	7 146	1709	1175471937174
闪	8 146	1710	1171814547439
赔	9 146	1711	1170206432750
绑	10 146	1712	1170164926018
拳	11 146	1713	1167803310603
ハ	12 146	1714	1166517958653
纵	13 146	1715	1164076261642
ネ	1 147	1716	1160455703646
扫	2 147	1717	1158662636704
ョ	3 147	1718	1158577385668
姻	4 147	1719	1154524240593
圳	5 147	1720	1153763887001
惨	6 147	1721	1151817695009
忠	7 147	1722	1146940700198
疆	8 147	1723	1145623437201
戒	9 147	1724	1145617350267
榜	10 147	1725	1142961271577
纹	11 147	1726	1142882308229
変	12 147	1727	1140090998237
揭	13 147	1728	1139604774735
欣	1 148	1729	1136953426661
モ	2 148	1730	1134857789018
尿	3 148	1731	1133920294147
長	4 148	1732	1132929074598
辅	5 148	1733	1129891795030
脏	6 148	1734	1129883924386
関	7 148	1735	1129119809477
戦	8 148	1736	1125710282968
旦	9 148	1737	1124434055860
赴	10 148	1738	1123912935241
犹	11 148	1739	1123891985242
壁	12 148	1740	1122172992367
甜	13 148	1741	1121619174017
珍	1 149	1742	1121333440516
函	2 149	1743	1120791774309
岗	3 149	1744	1114702252741
郭	4 149	1745	1113504247193
鉴	5 149	1746	1111130047144
奉	6 149	1747	1109995457750
赫	7 149	1748	1108668944441
奈	8 149	1749	1105204302540
傻	9 149	1750	1104963756940
叙	10 149	1751	1102590469875
筹	11 149	1752	1099536831883
邪	12 149	1753	1099215743607
穆	13 149	1754	1096933792282
墓	1 150	1755	1096171538266
胶	2 150	1756	1092034220186
踢	3 150	1757	1091451319104
屁	4 150	1758	1090747919949
翼	5 150	1759	1086785862290
隶	6 150	1760	1085438637659
锅	7 150	1761	1083855122120
尸	8 150	1762	1082475047977
挡	9 150	1763	1079249640535
塑	10 150	1764	1078616156926
稍	11 150	1765	1077205814617
填	12 150	1766	1075897292850
贾	13 150	1767	1075770685756
臣	1 151	1768	1074936034844
铜	2 151	1769	1073901546838
董	3 151	1770	1072042237090
幻	4 151	1771	1071279904590
舒	5 151	1772	1069886369815
俩	6 151	1773	1068743698012
跃	7 151	1774	1066982865463
ガ	8 151	1775	1065904532880
ベ	9 151	1776	1065348962944
洁	10 151	1777	1064549027261
巡	11 151	1778	1062997592387
铺	12 151	1779	1054043442154
ノ	13 151	1780	1053694745009
碎	1 152	1781	1053188308777
屏	2 152	1782	1052956144260
晋	3 152	1783	1046688914012
尖	4 152	1784	1046126547045
魂	5 152	1785	1046026062225
磨	6 152	1786	1045301766834
跌	7 152	1787	1045190834161
吊	8 152	1788	1045150406185
钻	9 152	1789	1041088582036
敦	10 152	1790	1038326393831
桑	11 152	1791	1036650389554
漏	12 152	1792	1034564948039
ポ	13 152	1793	1034214534190
ぎ	1 153	1794	1033836585881
锦	2 153	1795	1019978347061
拨	3 153	1796	1019869940152
ェ	4 153	1797	1019331155572
仰	5 153	1798	1014330971078
涂	6 153	1799	1014190957670
挤	7 153	1800	1009666719721
ボ	8 153	1801	1005749466023
袖	9 153	1802	1004589400759
颁	10 153	1803	1002134602765
厌	11 153	1804	1002056657167
汗	12 153	1805	998932461551
柱	13 153	1806	998380557712
雾	1 155	1807	996884977024
丈	2 155	1808	995542836369
翰	3 155	1809	995395172168
泪	4 155	1810	991366746990
驱	5 155	1811	984432766303
旋	6 155	1812	983633491930
宿	7 155	1813	983190315616
現	8 155	1814	980173370045
邓	9 155	1815	979976380600
吐	10 155	1816	977178069674
貌	11 155	1817	976890796009
瓜	12 155	1818	976087890273
篮	13 155	1819	975770736220
摇	1 156	1820	973228484017
盒	2 156	1821	972636739721
贯	3 156	1822	971441188543
醉	4 156	1823	969060048091
欠	5 156	1824	967714332468
結	6 156	1825	965159189061
肤	7 156	1826	964451438227
擦	8 156	1827	963652957178
ケ	9 156	1828	960321819208
浅	10 156	1829	958939928873
炼	11 156	1830	958756127446
孤	12 156	1831	958252990830
咖	13 156	1832	958088155511
壳	1 157	1833	957927857428
勤	2 157	1834	957412494402
ワ	3 157	1835	952418704945
悉	4 157	1836	952360039533
裤	5 157	1837	952259244454
辈	6 157	1838	950487991031
枚	7 157	1839	948859315939
浙	8 157	1840	947030347724
孕	9 157	1841	945857515690
锋	10 157	1842	944240114512
咬	11 157	1843	943676762571
楽	12 157	1844	939905248084
圾	13 157	1845	936735214708
垃	1 158	1846	935486262407
埋	2 158	1847	935348810004
斤	3 158	1848	935151568139
桌	4 158	1849	931542908068
剪	5 158	1850	931412367633
箭	6 158	1851	929905914718
杆	7 158	1852	929740021828
び	8 158	1853	929603766067
睛	9 158	1854	929450258580
ソ	10 158	1855	925405822123
桃	11 158	1856	924006727216
栏	12 158	1857	923236964974
忽	13 158	1858	922788825523
饿	1 159	1859	921881343448
扶	2 159	1860	920134062781
牧	3 159	1861	920054487190
俱	4 159	1862	919482070100
振	5 159	1863	916152873041
辽	6 159	1864	914343481288
嫁	7 159	1865	913178339480
沈	8 159	1866	911378070994
迈	9 159	1867	901462280185
罢	10 159	1868	901392320818
妮	11 159	1869	900106420469
洪	12 159	1870	898416692580
亏	13 159	1871	896431713238
咱	1 160	1872	896064475124
臭	2 160	1873	893675185717
機	3 160	1874	893004716575
凶	4 160	1875	892498933487
殿	5 160	1876	892163281371
轰	6 160	1877	886104931006
慧	7 160	1878	883387511689
啥	8 160	1879	883004170762
書	9 160	1880	882423180168
々	10 160	1881	882327303846
様	11 160	1882	876527176068
ピ	12 160	1883	876365559935
ぶ	13 160	1884	875355474637
押	1 161	1885	870592297030
廷	2 161	1886	869644042137
凉	3 161	1887	869616149713
妙	4 161	1888	869458312898
炉	5 161	1889	869163879775
耐	6 161	1890	868988447844
む	7 161	1891	868494193049
晨	8 161	1892	867506620001
啡	9 161	1893	866888630246
荒	10 161	1894	866526545635
淡	11 161	1895	863573459882
宙	12 161	1896	862370345428
诞	13 161	1897	861152724758
仕	1 162	1898	860537505191
紫	2 162	1899	859184467714
爬	3 162	1900	859139688449
秦	4 162	1901	859084793481
携	5 162	1902	855656564161
劫	6 162	1903	855629851914
胖	7 162	1904	855570176787
炒	8 162	1905	855041754130
诊	9 162	1906	852796540567
呆	10 162	1907	850452632626
妖	11 162	1908	849270942575
莎	12 162	1909	848317029537
ホ	13 162	1910	847504448016
疼	1 163	1911	844837080200
違	2 163	1912	842750789031
逆	3 163	1913	842208057906
膜	4 163	1914	841874938401
韦	5 163	1915	841780188767
寿	6 163	1916	839464276443
雇	7 163	1917	835819186915
荡	8 163	1918	834851046223
贺	9 163	1919	832190401045
葡	10 163	1920	831924619913
ゲ	11 163	1921	831300749567
腰	12 163	1922	829394123585
員	13 163	1923	829226394466
車	1 164	1924	828841258276
捐	2 164	1925	828053550929
裔	3 164	1926	827649278607
牲	4 164	1927	827168348714
ぞ	5 164	1928	826159586057
叔	6 164	1929	825395073355
窝	7 164	1930	822976253965
饼	8 164	1931	822830477639
牢	9 164	1932	822624326337
厉	10 164	1933	822143400842
添	11 164	1934	820121022155
扯	12 164	1935	818953057028
氧	13 164	1936	818003794114
串	1 165	1937	814852775749
耗	2 165	1938	813842506858
奔	3 165	1939	813761191288
寸	4 165	1940	813666165778
艘	5 165	1941	812768582532
問	6 165	1942	812225458914
牵	7 165	1943	811849936179
浓	8 165	1944	811688482972
連	9 165	1945	811278006774
報	10 165	1946	810118990813
ぐ	11 165	1947	808751635270
厕	12 165	1948	808172985187
菌	13 165	1949	807892901664
遵	1 166	1950	806987321149
辐	2 166	1951	806481780553
昆	3 166	1952	805489896158
沃	4 166	1953	804189208513
雕	5 166	1954	800300363854
晒	6 166	1955	800093528756
抛	7 166	1956	799644365778
記	8 166	1957	796757492073
贪	9 166	1958	794896019281
锡	10 166	1959	793595250451
惜	11 166	1960	790611047893
仿	12 166	1961	789325143745
凤	13 166	1962	787820069575
晶	1 167	1963	787380629565
売	2 167	1964	785896939260
猎	3 167	1965	783580510261
曹	4 167	1966	782186584350
轴	5 167	1967	780336080119
奸	6 167	1968	780224712064
厦	7 167	1969	779200375345
侦	8 167	1970	778864608361
旨	9 167	1971	778369051823
棋	10 167	1972	778266366173
渔	11 167	1973	775571174506
柏	12 167	1974	772596296927
杭	13 167	1975	768374653352
寨	1 168	1976	767010998066
壮	2 168	1977	764944357247
蹈	3 168	1978	763474057630
萄	4 168	1979	763430596937
磁	5 168	1980	762025311819
帽	6 168	1981	760872854522
糟	7 168	1982	760669032246
忧	8 168	1983	760511146186
逮	9 168	1984	760325032170
東	10 168	1985	758004336716
催	11 168	1986	757929351234
肃	12 168	1987	757926710209
犬	13 168	1988	756744731829
鼻	1 170	1989	755824581756
惧	2 170	1990	755350037284
穴	3 170	1991	754716426638
浮	4 170	1992	753241609075
惑	5 170	1993	752785584742
丧	6 170	1994	752695562476
姿	7 170	1995	752266887188
電	8 170	1996	751383442704
崇	9 170	1997	750186404729
佐	10 170	1998	749702499238
恒	11 170	1999	749630179928
晓	12 170	2000	747247316312
佩	13 170	2001	746323268272
聞	1 171	2002	746109256618
粒	2 171	2003	745096874858
選	3 171	2004	744529129406
契	4 171	2005	743368317396
亩	5 171	2006	740245136041
聘	6 171	2007	739270220356
削	7 171	2008	738875127939
厨	8 171	2009	738044944403
終	9 171	2010	737741562904
悪	10 171	2011	736097760950
仇	11 171	2012	735808828192
題	12 171	2013	735469294176
剥	13 171	2014	735152334666
陶	1 172	2015	733652733961
戈	2 172	2016	733584560909
纠	3 172	2017	733554174412
続	4 172	2018	731864387895
昌	5 172	2019	731409848476
匹	6 172	2020	728782795978
欺	7 172	2021	727906986222
強	8 172	2022	727141365457
滴	9 172	2023	726982455923
歧	10 172	2024	726616661113
捷	11 172	2025	725245630703
碳	12 172	2026	723242825380
聪	13 172	2027	723029255623
苗	1 173	2028	722761933950
鼠	2 173	2029	721033785152
伏	3 173	2030	720069988197
抑	4 173	2031	717951811181
扮	5 173	2032	717313214637
決	6 173	2033	716233313778
舆	7 173	2034	714574482076
胎	8 173	2035	714047387597
宏	9 173	2036	713671281592
語	10 173	2037	713611015225
腾	11 173	2038	712673203297
狠	12 173	2039	712507110400
侠	13 173	2040	709399270683
陕	1 174	2041	708036072304
棉	2 174	2042	707859373772
逊	3 174	2043	705145074508
糕	4 174	2044	703811315038
廉	5 174	2045	703385951605
確	6 174	2046	701289973171
滨	7 174	2047	697812833360
删	8 174	2048	696060200998
魏	9 174	2049	694067929462
齿	10 174	2050	690656764555
鹿	11 174	2051	689470877542
狮	12 174	2052	688682062731
恰	13 174	2053	688479835887
ひ	1 175	2054	687686295535
叛	2 175	2055	687489133100
肌	3 175	2056	686720793590
歉	4 175	2057	686063263008
躲	5 175	2058	685365123764
辱	6 175	2059	684611300462
诱	7 175	2060	683003111050
茨	8 175	2061	679745817501
劝	9 175	2062	679473983719
惩	10 175	2063	678962689408
梯	11 175	2064	678802252957
踏	12 175	2065	677220325492
糊	13 175	2066	674879601506
遥	1 176	2067	674476075594
ァ	2 176	2068	674246764341
泳	3 176	2069	674170020346
円	4 176	2070	672436951367
赋	5 176	2071	670751615243
蛮	6 176	2072	670560443503
愛	7 176	2073	670511104855
柔	8 176	2074	669609997791
鸭	9 176	2075	667965475891
拓	10 176	2076	667931615880
吁	11 176	2077	667825968478
瘦	12 176	2078	665264585737
葬	13 176	2079	664782621213
牺	1 177	2080	663723993376
滩	2 177	2081	662535423829
ヤ	3 177	2082	661915919938
缅	4 177	2083	661897117441
蔡	5 177	2084	660920418523
碗	6 177	2085	660621496718
龟	7 177	2086	659393756731
別	8 177	2087	658857101960
柳	9 177	2088	656892172307
谊	10 177	2089	656167361536
ペ	11 177	2090	655972008816
宠	12 177	2091	655932177769
杉	13 177	2092	655796019784
谐	1 179	2093	654586166945
蒋	2 179	2094	654395902773
摘	3 179	2095	654353972775
氛	4 179	2096	652906026110
溪	5 179	2097	652756602608
嗯	6 179	2098	651992364064
達	7 179	2099	650996573886
藤	8 179	2100	648805955544
裸	9 179	2101	648403539449
辉	10 179	2102	645377317737
ゴ	11 179	2103	641219918593
婴	12 179	2104	640114860817
斜	13 179	2105	639488879659
纲	1 180	2106	638518577617
凌	2 180	2107	638317271887
ぁ	3 180	2108	631247991428
霸	4 180	2109	630758591511
柜	5 180	2110	630635711059
煮	6 180	2111	630531509905
惹	7 180	2112	628139138031
買	8 180	2113	624787866674
瑟	9 180	2114	624073801703
蠢	10 180	2115	622007515852
辣	11 180	2116	621747228825
炎	12 180	2117	621684597463
慰	13 180	2118	621556231034
慈	1 181	2119	619556446066
癌	2 181	2120	619098740293
冻	3 181	2121	617838883192
哇	4 181	2122	617291772762
柯	5 181	2123	616941578586
讼	6 181	2124	616649849416
缝	7 181	2125	615916221688
羽	8 181	2126	615824571306
涌	9 181	2127	615657755923
薪	10 181	2128	615219596665
框	11 181	2129	614537742766
烤	12 181	2130	611910850576
過	13 181	2131	608529613467
朵	1 182	2132	606449357104
栋	2 182	2133	606177835858
躺	3 182	2134	605669321181
芬	4 182	2135	605284786290
秩	5 182	2136	602607189474
吾	6 182	2137	601883415360
舱	7 182	2138	601686696313
艇	8 182	2139	601462087778
経	9 182	2140	600733279270
扑	10 182	2141	600245489692
劣	11 182	2142	600142937400
槽	12 182	2143	599898017079
ざ	13 182	2144	599493612911
ぜ	1 183	2145	599317396540
硕	2 183	2146	598842257185
赠	3 183	2147	597599926651
衰	4 183	2148	597198276597
掩	5 183	2149	595386976955
峡	6 183	2150	595349694884
砍	7 183	2151	594200586078
腹	8 183	2152	594130576368
抚	9 183	2153	593480496925
灌	10 183	2154	593419057063
兑	11 183	2155	592533022564
旺	12 183	2156	592197615968
纺	13 183	2157	592107476167
愤	1 184	2158	591814893232
怜	2 184	2159	591131972441
吵	3 184	2160	588042559306
調	4 184	2161	587253600704
悔	5 184	2162	586687256875
丸	6 184	2163	585181416646
挣	7 184	2164	582515663284
壤	8 184	2165	582228702076
瞧	9 184	2166	581910906574
摔	10 184	2167	579651310576
抬	11 184	2168	577780809062
嫩	12 184	2169	577556608094
淫	13 184	2170	577322914423
寒	1 185	2171	577281767101
姬	2 185	2172	577134233221
眠	3 185	2173	576702813380
ギ	4 185	2174	575854691244
扇	5 185	2175	575801990311
丘	6 185	2176	574969499775
莲	7 185	2177	573755498740
屠	8 185	2178	573748910486
伐	9 185	2179	573695461187
遣	10 185	2180	572955719960
泄	11 185	2181	571644599413
妥	12 185	2182	569342715809
設	13 185	2183	569026146482
淘	1 186	2184	567964183705
寓	2 186	2185	565941225702
甸	3 186	2186	564876046758
绳	4 186	2187	563138115445
抹	5 186	2188	562306407151
ザ	6 186	2189	561899872020
砸	7 186	2190	560080165753
勝	8 186	2191	559785111019
倡	9 186	2192	559678516252
組	10 186	2193	558974974579
坊	11 186	2194	558940427988
込	12 186	2195	555986376992
垄	13 186	2196	555168621808
贩	1 187	2197	554490962767
憾	2 187	2198	553828554340
運	3 187	2199	553440622652
艰	4 187	2200	552151784224
谎	5 187	2201	552118001734
叉	6 187	2202	552061216052
颇	7 187	2203	551843233336
崩	8 187	2204	551571788031
傲	9 187	2205	551271235614
涵	10 187	2206	549970045131
肩	11 187	2207	548601350319
県	12 187	2208	548276052838
徽	13 187	2209	547466333043
桶	1 188	2210	547445075437
爵	2 188	2211	547193302272
伞	3 188	2212	546394553182
弯	4 188	2213	546368689042
逾	5 188	2214	544591673193
敲	6 188	2215	544438888042
坪	7 188	2216	544424036542
粹	8 188	2217	542061621323
纤	9 188	2218	541458708814
夸	10 188	2219	541406355512
約	11 188	2220	540407508732
掘	12 188	2221	540053800561
曰	13 188	2222	538763179673
怨	1 189	2223	537820386702
辨	2 189	2224	537468086640
披	3 189	2225	534330454362
罐	4 189	2226	533633104319
祈	5 189	2227	533556781379
舌	6 189	2228	532090177461
認	7 189	2229	531170722350
扭	8 189	2230	530744652289
泊	9 189	2231	529973734155
読	10 189	2232	529847166430
愚	11 189	2233	529289954742
吞	12 189	2234	528172905484
孟	13 189	2235	527769742809
悬	1 190	2236	527150201041
砖	2 190	2237	526013508016
喂	3 190	2238	525601262998
虾	4 190	2239	525153316654
碑	5 190	2240	524992107297
藉	6 190	2241	524840583967
耀	7 190	2242	523519233054
抄	8 190	2243	523249209827
薇	9 190	2244	521234896042
浦	10 190	2245	520077055607
浩	11 190	2246	519997548364
鹰	12 190	2247	519306874867
兔	13 190	2248	518798146742
盲	1 191	2249	518665460889
応	2 191	2250	517571587624
疏	3 191	2251	516830521193
裕	4 191	2252	516051256663
ゆ	5 191	2253	514802875814
陵	6 191	2254	514403989181
誰	7 191	2255	513270413723
彭	8 191	2256	512448775620
刮	9 191	2257	511382321426
漠	10 191	2258	511175933707
罩	11 191	2259	510762007864
昂	12 191	2260	510463059817
畅	13 191	2261	509954426596
肖	1 192	2262	509524789284
祸	2 192	2263	509330105416
亨	3 192	2264	508984275392
扔	4 192	2265	507976515676
丛	5 192	2266	507050181028
島	6 192	2267	505546276522
腔	7 192	2268	505040179301
钉	8 192	2269	503936900884
饱	9 192	2270	503540404642
乙	10 192	2271	502784393780
缴	11 192	2272	501980241817
胃	12 192	2273	501727558029
晕	13 192	2274	501493941361
虐	1 193	2275	501270418625
柴	2 193	2276	501164371228
愉	3 193	2277	501079941035
凝	4 193	2278	501000643656
浴	5 193	2279	500834774011
産	6 193	2280	500320142253
垫	7 193	2281	499742870483
蜜	8 193	2282	498220384995
肚	9 193	2283	497912314476
钩	10 193	2284	497363077468
葛	11 193	2285	496675780075
弥	12 193	2286	495573440302
渠	13 193	2287	494625841370
尘	1 194	2288	494409681262
進	2 194	2289	493529716325
計	3 194	2290	493124690397
晴	4 194	2291	493118557033
堵	5 194	2292	493014925520
祥	6 194	2293	492673931942
慎	7 194	2294	492398095326
畜	8 194	2295	491106518654
卓	9 194	2296	490900699533
株	10 194	2297	490372273960
瞎	11 194	2298	487426024398
拘	12 194	2299	487188824734
郊	13 194	2300	486973487371
琳	1 195	2301	486616646409
優	2 195	2302	486588602324
ぱ	3 195	2303	486393694505
稣	4 195	2304	485704192537
枝	5 195	2305	483547120445
闯	6 195	2306	481883044339
痴	7 195	2307	481537686240
芝	8 195	2308	481108338836
瞬	9 195	2309	480026118360
凰	10 195	2310	478506655215
議	11 195	2311	477547035466
説	12 195	2312	475687662759
艳	13 195	2313	475323228586
肿	1 196	2314	475006241926
漆	2 196	2315	474439356021
曝	3 196	2316	474006806222
際	4 196	2317	473939490390
鸿	5 196	2318	473334393331
岳	6 196	2319	471518227126
酱	7 196	2320	469838051894
妆	8 196	2321	469805281030
摧	9 196	2322	469774580289
風	10 196	2323	469747710663
吕	11 196	2324	469116490187
滋	12 196	2325	464654457524
冈	13 196	2326	464290301908
斑	1 197	2327	463983702800
亭	2 197	2328	462905549077
傅	3 197	2329	462852900261
狐	4 197	2330	462130857764
垂	5 197	2331	461177507537
妳	6 197	2332	460514551646
耻	7 197	2333	460334189695
伝	8 197	2334	459265105277
屿	9 197	2335	458881997031
遂	10 197	2336	458105219581
祷	11 197	2337	457825509530
匈	12 197	2338	457470706733
盈	13 197	2339	457375763135
勾	1 198	2340	456482616797
脂	2 198	2341	455839011796
诈	3 198	2342	455692008196
逝	4 198	2343	455572144547
悟	5 198	2344	455563201319
単	6 198	2345	455150536102
ヒ	7 198	2346	454293659008
瞭	8 198	2347	453545195488
筒	9 198	2348	453486920302
矶	10 198	2349	452091109312
幽	11 198	2350	449919522001
撰	12 198	2351	449587227551
埔	13 198	2352	449468361695
笨	1 199	2353	448930352773
線	2 199	2354	448661765488
斩	3 199	2355	445942514881
ふ	4 199	2356	445655108418
捉	5 199	2357	444576232523
罕	6 199	2358	444199534008
唤	7 199	2359	443790186509
趁	8 199	2360	443356332535
窃	9 199	2361	442558920492
務	10 199	2362	442184411528
羞	11 199	2363	440638088093
笼	12 199	2364	440157134953
叹	13 199	2365	439462577224
脆	1 200	2366	438803852722
庞	2 200	2367	438404813695
讽	3 200	2368	438123622852
谨	4 200	2369	437915654893
疲	5 200	2370	435446495914
募	6 200	2371	435158528766
町	7 200	2372	435071106577
匿	8 200	2373	434665320883
阔	9 200	2374	434077852852
胀	10 200	2375	433967467852
肺	11 200	2376	433885955578
姜	12 200	2377	433850702635
骄	13 200	2378	432270566812
铃	1 201	2379	431655085243
係	2 201	2380	431612352748
擅	3 201	2381	430384148113
殺	4 201	2382	428904249493
質	5 201	2383	428795762587
慕	6 201	2384	428097820418
頭	7 201	2385	427082328445
梨	8 201	2386	426663733138
妃	9 201	2387	426129541176
葉	10 201	2388	426028499069
拯	11 201	2389	425553435133
赐	12 201	2390	423926472457
裙	13 201	2391	421488866761
屈	1 202	2392	421460606210
飲	2 202	2393	419338301095
爹	3 202	2394	418370739319
乗	4 202	2395	417776525799
広	5 202	2396	417019153898
玫	6 202	2397	414527681919
锐	7 202	2398	414448072813
芯	8 202	2399	414050292955
渴	9 202	2400	413156287109
撃	10 202	2401	413107579289
炭	11 202	2402	413097884339
蒸	12 202	2403	412479398940
椅	13 202	2404	412376832996
転	1 203	2405	411546508524
肝	2 203	2406	411471902853
僕	3 203	2407	410329671187
潘	4 203	2408	410099677787
粘	5 203	2409	409326401129
饲	6 203	2410	409021325893
浏	7 203	2411	408910391470
耕	8 203	2412	408673231028
厘	9 203	2413	408093738027
钓	10 203	2414	407764565506
侣	11 203	2415	407202668029
ォ	12 203	2416	406922977551
悦	13 203	2417	406861643390
廊	1 204	2418	406690188760
瑰	2 204	2419	406586922758
親	3 204	2420	406041061516
俊	4 204	2421	405974096129
鸣	5 204	2422	405855839854
溶	6 204	2423	405640601996
贱	7 204	2424	403718158261
個	8 204	2425	402472078801
晰	9 204	2426	402451736290
帰	10 204	2427	402436922803
張	11 204	2428	400356505412
侯	12 204	2429	399884677520
斥	13 204	2430	399072046006
録	1 205	2431	398589554134
侨	2 205	2432	398422125244
稀	3 205	2433	397874248453
魅	4 205	2434	397858223461
捡	5 205	2435	397681643692
卒	6 205	2436	397188855043
誓	7 205	2437	397072430313
唇	8 205	2438	396884375244
兆	9 205	2439	396405635687
佣	10 205	2440	396251929702
拦	11 205	2441	396187915600
価	12 205	2442	395194005516
踩	13 205	2443	395144104006
痕	1 206	2444	394897695537
燕	2 206	2445	394325682182
滥	3 206	2446	394113933586
拾	4 206	2447	392879648806
夕	5 206	2448	392572635787
帖	6 206	2449	391693588575
冯	7 206	2450	390294647776
粤	8 206	2451	390181637945
渗	9 206	2452	389840676518
跪	10 206	2453	389624417195
覚	11 206	2454	389488876197
摊	12 206	2455	388780577272
瓷	13 206	2456	388712985443
乖	1 207	2457	388430223238
願	2 207	2458	387285397139
猴	3 207	2459	387224870556
蝶	4 207	2460	387069023587
呵	5 207	2461	386890009997
溜	6 207	2462	386581449443
ぼ	7 207	2463	386086448326
増	8 207	2464	385550856202
懒	9 207	2465	385142050963
颈	10 207	2466	385038480205
堪	11 207	2467	384995776126
履	12 207	2468	384904279057
孝	13 207	2469	384660273346
缠	1 208	2470	383554214083
凑	2 208	2471	382116420100
叠	3 208	2472	380777405833
仲	4 208	2473	379496221337
朴	5 208	2474	378472799212
術	6 208	2475	378224696517
顔	7 208	2476	377364461746
谍	8 208	2477	377352138223
膨	9 208	2478	377261403904
忌	10 208	2479	376812925785
態	11 208	2480	376800676081
谴	12 208	2481	376625721106
贤	13 208	2482	376323275386
溃	1 209	2483	375318010531
弦	2 209	2484	374944015205
咪	3 209	2485	374925147949
臂	4 209	2486	374047550063
哀	5 209	2487	372681400546
樱	6 209	2488	371834041618
辟	7 209	2489	371689562598
絶	8 209	2490	370742022181
蜂	9 209	2491	369917853983
珊	10 209	2492	369602687020
姨	11 209	2493	368657355669
坠	12 209	2494	368430240889
難	13 209	2495	368122890008
闷	1 210	2496	368095139002
啪	2 210	2497	367956520750
崔	3 210	2498	367906201492
僚	4 210	2499	367608834917
汁	5 210	2500	367523570394
蕾	6 210	2501	366557769930
構	7 210	2502	365215685059
厄	8 210	2503	364654398917
萝	9 210	2504	363572269202
坎	10 210	2505	363500532404
娶	11 210	2506	363487559892
蔬	12 210	2507	363198034721
郁	13 210	2508	363036001311
萧	1 211	2509	363027583435
涯	2 211	2510	362640148755
挪	3 211	2511	362202921235
滤	4 211	2512	362025422749
锻	5 211	2513	361117858303
遮	6 211	2514	360634065036
矮	7 211	2515	359608313405
蓄	8 211	2516	357747298994
肠	9 211	2517	357521764960
袁	10 211	2518	357467161057
権	11 211	2519	356660459874
筋	12 211	2520	355952077778
寂	13 211	2521	355776393777
宴	1 212	2522	355173014108
瘤	2 212	2523	353046837068
恭	3 212	2524	352975963993
垒	4 212	2525	352425837772
阐	5 212	2526	351992440549
飘	6 212	2527	351270264421
試	7 212	2528	350769498472
卜	8 212	2529	349927255987
慌	9 212	2530	349567709015
検	10 212	2531	348361106540
贿	11 212	2532	348119820946
観	12 212	2533	347436763076
媳	13 212	2534	347067145563
詹	1 213	2535	346577883231
暨	2 213	2536	346573439084
翁	3 213	2537	346561856519
備	4 213	2538	345298251035
棍	5 213	2539	344868129312
塘	6 213	2540	344179516087
戚	7 213	2541	343586994666
悠	8 213	2542	343059076373
週	9 213	2543	342994190972
卧	10 213	2544	342820966709
妨	11 213	2545	341751805264
橡	12 213	2546	341649260734
歇	13 213	2547	341561327617
歳	1 214	2548	341136897059
軍	2 214	2549	341039530333
義	3 214	2550	339567621754
桂	4 214	2551	338908784078
矩	5 214	2552	338818773629
狭	6 214	2553	338746448566
収	7 214	2554	338625002507
扁	8 214	2555	338265302140
緒	9 214	2556	337965923167
瞒	10 214	2557	337701373499
酬	11 214	2558	336896865000
姊	12 214	2559	335505141146
驳	13 214	2560	335468193139
妓	1 215	2561	335089249628
挨	2 215	2562	334984744207
纱	3 215	2563	334912519090
種	4 215	2564	334762287537
翘	5 215	2565	334644141133
撮	6 215	2566	334572114305
汰	7 215	2567	333660680019
螺	8 215	2568	333366122179
舔	9 215	2569	332562739699
袜	10 215	2570	332310619549
谅	11 215	2571	331857818479
験	12 215	2572	331048626505
論	13 215	2573	330947168554
囊	1 216	2574	330912394620
谣	2 216	2575	330592867156
査	3 216	2576	330303350520
柄	4 216	2577	329457181924
営	5 216	2578	329128521469
啤	6 216	2579	329029999172
昏	7 216	2580	328589458117
恼	8 216	2581	327279976741
铅	9 216	2582	327221246233
鲍	10 216	2583	326679780745
僧	11 216	2584	325821927455
菊	12 216	2585	325598356589
阪	13 216	2586	325124931803
坝	1 217	2587	323476865245
ユ	2 217	2588	322469110785
護	3 217	2589	322039548688
芙	4 217	2590	321514714461
澡	5 217	2591	321365112202
捞	6 217	2592	321304434319
陌	7 217	2593	321243166713
職	8 217	2594	321193684234
寝	9 217	2595	321133572418
毎	10 217	2596	320432874382
衔	11 217	2597	320401863028
咋	12 217	2598	320040861920
砂	13 217	2599	319949950533
盆	1 218	2600	319923665081
钥	2 218	2601	319722033989
擎	3 218	2602	319437246136
咸	4 218	2603	318888273605
咒	5 218	2604	318675727450
帜	6 218	2605	318304623916
宰	7 218	2606	317927007926
肾	8 218	2607	315557312518
視	9 218	2608	315131246447
囚	10 218	2609	315117373881
勋	11 218	2610	314973060751
碧	12 218	2611	314516594466
勃	13 218	2612	314338275351
づ	1 219	2613	313575883981
掠	2 219	2614	313287839085
弊	3 219	2615	313239921514
馈	4 219	2616	311070753046
弓	5 219	2617	311058947365
鹅	6 219	2618	309403798993
歩	7 219	2619	309163939015
柬	8 219	2620	308785574080
昔	9 219	2621	308474046070
骤	10 219	2622	308383838425
仗	11 219	2623	307965235540
耍	12 219	2624	307883150677
資	13 219	2625	307464124395
鹏	1 220	2626	306817226336
値	2 220	2627	306637179430
仆	3 220	2628	306073845780
旬	4 220	2629	305967629679
谜	5 220	2630	305606052802
辜	6 220	2631	305083129842
哎	7 220	2632	305009713666
ぇ	8 220	2633	304834027491
卑	9 220	2634	303973785912
烫	10 220	2635	303710561524
铝	11 220	2636	303146657452
側	12 220	2637	303102556804
饥	13 220	2638	302717442888
匙	1 221	2639	302567309153
饶	2 221	2640	302373719992
馬	3 221	2641	302028478760
匪	4 221	2642	301994489530
脾	5 221	2643	301671463211
団	6 221	2644	300953412467
逢	7 221	2645	300753956615
嘲	8 221	2646	299370321295
爪	9 221	2647	297761743983
勿	10 221	2648	296671686541
虹	11 221	2649	296456264046
巩	12 221	2650	296156237834
園	13 221	2651	295818114133
効	1 222	2652	295213266722
証	2 222	2653	294656929534
載	3 222	2654	294236891255
苍	4 222	2655	293216646593
僵	5 222	2656	291858796046
悄	6 222	2657	291298137390
崎	7 222	2658	290547977188
韵	8 222	2659	290125195941
飛	9 222	2660	290007545119
ぬ	10 222	2661	289957188500
蚀	11 222	2662	289731054511
離	12 222	2663	289214423668
攀	13 222	2664	288978112392
蝴	1 223	2665	288835473585
勉	2 223	2666	288594228512
規	3 223	2667	288407953318
塌	4 223	2668	287693415758
済	5 223	2669	287581408673
翔	6 223	2670	287217505067
巾	7 223	2671	286514673464
侍	8 223	2672	286191278112
阀	9 223	2673	285986630620
涛	10 223	2674	285462735833
坟	11 223	2675	285264938341
颠	12 223	2676	285254356348
燥	13 223	2677	285049078319
琼	1 224	2678	284992181273
盼	2 224	2679	284680651672
働	3 224	2680	284664175178
趟	4 224	2681	284594919085
屡	5 224	2682	284434611565
製	6 224	2683	283910843537
黒	7 224	2684	283675165193
沪	8 224	2685	283609105714
顷	9 224	2686	283520094634
師	10 224	2687	283195210777
沦	11 224	2688	283010798108
抖	12 224	2689	282476100573
闽	13 224	2690	281904636187
湘	1 225	2691	281897198362
芳	2 225	2692	281466813795
衷	3 225	2693	281316657685
豫	4 225	2694	281311662423
厢	5 225	2695	280045441045
磅	6 225	2696	279888386572
満	7 225	2697	279634078325
撕	8 225	2698	278150819959
熙	9 225	2699	278142232057
堕	10 225	2700	277649967341
哟	11 225	2701	276960810862
畏	12 225	2702	276784067968
夷	13 225	2703	276324210710
裹	1 226	2704	275140460234
玄	2 226	2705	273737768871
蔽	3 226	2706	273358329962
镑	4 226	2707	273189485485
細	5 226	2708	273006597713
尬	6 226	2709	272578265155
洒	7 226	2710	271987702409
俘	8 226	2711	270902190905
芒	9 226	2712	270886447144
沾	10 226	2713	270764752798
歪	11 226	2714	270440077195
負	12 226	2715	270333743271
巫	13 226	2716	270054549140
驴	1 227	2717	269977531285
尴	2 227	2718	269645329495
喇	3 227	2719	269202799451
滞	4 227	2720	269056713245
識	5 227	2721	268766221731
卿	6 227	2722	268708111251
類	7 227	2723	268510001836
駅	8 227	2724	268194816386
卵	9 227	2725	267696044104
盯	10 227	2726	267196932946
逸	11 227	2727	267109534479
泼	12 227	2728	266865658615
屎	13 227	2729	266859644071
ヘ	1 228	2730	266167926228
異	2 228	2731	265776590332
鸦	3 228	2732	265696503877
萌	4 228	2733	265339604420
訳	5 228	2734	264599549061
哼	6 228	2735	264504826865
彰	7 228	2736	264338553727
逛	8 228	2737	264168755128
讶	9 228	2738	263493543268
煌	10 228	2739	263117613588
碟	11 228	2740	262974024156
熬	12 228	2741	262943755815
桩	13 228	2742	262741570660
統	1 229	2743	262106465241
瞄	2 229	2744	262071607321
頃	3 229	2745	260325085303
菩	4 229	2746	259793856626
枢	5 229	2747	258683086765
蜡	6 229	2748	258682070621
驰	7 229	2749	258596449120
圭	8 229	2750	258411973319
挽	9 229	2751	258259594422
ゼ	10 229	2752	258055007949
轿	11 229	2753	257379006673
隊	12 229	2754	257236185066
卸	13 229	2755	257228486701
復	1 230	2756	256655261782
窄	2 230	2757	256171042540
汪	3 230	2758	255942428210
儒	4 230	2759	255628877790
泣	5 230	2760	255226356022
捧	6 230	2761	254813546607
稻	7 230	2762	254443560750
禅	8 230	2763	254406700034
暑	9 230	2764	253769664231
壶	10 230	2765	253758453688
蚁	11 230	2766	253593133489
浆	12 230	2767	252325525826
嘿	13 230	2768	252089281325
総	1 231	2769	251500944289
昭	2 231	2770	251189795081
抜	3 231	2771	250785564349
捏	4 231	2772	249946499780
栽	5 231	2773	249193562627
颂	6 231	2774	248684306284
甩	7 231	2775	248601213361
氓	8 231	2776	248339047205
門	9 231	2777	247176726436
铸	10 231	2778	246856508452
逗	11 231	2779	246459871029
鲸	12 231	2780	246437703595
頼	13 231	2781	246420013182
缔	1 232	2782	245822838697
巷	2 232	2783	244993677758
豹	3 232	2784	244879526372
汀	4 232	2785	244672378628
処	5 232	2786	244648557426
腕	6 232	2787	244638571980
岡	7 232	2788	244588166580
為	8 232	2789	244475097923
膀	9 232	2790	243542832568
ヨ	10 232	2791	243433214900
肢	11 232	2792	242375055755
蛛	12 232	2793	241149660893
換	13 232	2794	240341946155
淮	1 233	2795	240009637583
専	2 233	2796	239739262204
挫	3 233	2797	239409903955
肆	4 233	2798	239101129106
喔	5 233	2799	239000900194
噪	6 233	2800	238814225687
編	7 233	2801	238583450551
佑	8 233	2802	238275599374
霉	9 233	2803	237652597648
庇	10 233	2804	237106085650
敵	11 233	2805	236713675340
興	12 233	2806	235858404733
瑜	13 233	2807	235538714198
硫	1 234	2808	235466576384
鲨	2 234	2809	235288227493
瘾	3 234	2810	235092295846
宮	4 234	2811	234860295376
呐	5 234	2812	234210257893
雀	6 234	2813	233773472628
衫	7 234	2814	233729474809
蓬	8 234	2815	233620158333
減	9 234	2816	233114208715
喉	10 234	2817	233085688294
焚	11 234	2818	232558522694
谬	12 234	2819	231604801039
煽	13 234	2820	230501753845
辰	1 236	2821	230198269678
勘	2 236	2822	229759515568
氢	3 236	2823	229713610231
準	4 236	2824	229195419237
巢	5 236	2825	229162763846
剖	6 236	2826	228435517360
販	7 236	2827	228341151510
眉	8 236	2828	228073276640
壊	9 236	2829	227848803778
簡	10 236	2830	227810383408
锤	11 236	2831	227799271387
脖	12 236	2832	227676520540
殴	13 236	2833	227365921745
贬	1 237	2834	226904648491
芽	2 237	2835	226636972676
醇	3 237	2836	225513295782
曜	4 237	2837	225263532634
許	5 237	2838	225222350939
枕	6 237	2839	224550317948
両	7 237	2840	224196337264
費	8 237	2841	224083380054
況	9 237	2842	223545046335
凸	10 237	2843	222799377898
歴	11 237	2844	222681880751
夢	12 237	2845	222661786896
ぽ	13 237	2846	221819841075
旱	1 238	2847	221702679551
茂	2 238	2848	221341672690
霜	3 238	2849	221042093381
薬	4 238	2850	221031548837
唉	5 238	2851	220476910267
晃	6 238	2852	219890944031
痒	7 238	2853	219268220972
茎	8 238	2854	219119667287
嘘	9 238	2855	219040787191
札	10 238	2856	218670740172
卦	11 238	2857	217329050976
浸	12 238	2858	217217195389
習	13 238	2859	217125572456
協	1 239	2860	217009848036
衍	2 239	2861	216566418560
蟹	3 239	2862	216183889387
愁	4 239	2863	215876709272
赁	5 239	2864	215664624739
戻	6 239	2865	215507895968
ヴ	7 239	2866	214871146607
掀	8 239	2867	214643953729
寞	9 239	2868	214304039625
評	10 239	2869	213451926038
稚	11 239	2870	213395131860
稽	12 239	2871	213066899320
臀	13 239	2872	212933174256
匠	1 240	2873	212914688156
淋	2 240	2874	212584938668
沢	3 240	2875	212534461156
顽	4 240	2876	212046411358
酿	5 240	2877	211922804143
澄	6 240	2878	211913598622
妄	7 240	2879	210822015899
绣	8 240	2880	210765522340
喀	9 240	2881	210643780554
坞	10 240	2882	210622800268
導	11 240	2883	210329486474
喻	12 240	2884	210243682830
敷	13 240	2885	209926476312
館	1 241	2886	209233286606
慨	2 241	2887	208894011285
峻	3 241	2888	208888393460
弘	4 241	2889	208719138714
渣	5 241	2890	208694629779
侮	6 241	2891	208627456325
蕉	7 241	2892	208370715256
脊	8 241	2893	208155883638
墅	9 241	2894	208065931316
庸	10 241	2895	207397863324
畴	11 241	2896	207088938444
遊	12 241	2897	206521317459
椒	13 241	2898	206417994051
棚	1 242	2899	206362285431
崛	2 242	2900	206022507949
極	3 242	2901	205505763572
诀	4 242	2902	205501512259
図	5 242	2903	205338948178
淀	6 242	2904	205080658527
谭	7 242	2905	204767188660
冤	8 242	2906	204589460555
響	9 242	2907	204479068015
弾	10 242	2908	204443077712
搏	11 242	2909	204040315168
帯	12 242	2910	204036788980
肪	13 242	2911	203878722676
熱	1 243	2912	203535081862
绵	2 243	2913	201881130688
巻	3 243	2914	200969219246
狙	4 243	2915	200785865372
奠	5 243	2916	200065282132
岂	6 243	2917	199973262394
煎	7 243	2918	199949048127
娇	8 243	2919	199649190358
禽	9 243	2920	199462794145
遠	10 243	2921	198107672790
蹲	11 243	2922	197638938561
竭	12 243	2923	197538099358
崖	13 243	2924	197519365243
蛙	1 244	2925	197498483143
軽	2 244	2926	197420800257
冶	3 244	2927	197354940088
鹤	4 244	2928	197154219583
棵	5 244	2929	196824617638
奢	6 244	2930	196604918580
隧	7 244	2931	195627977429
驼	8 244	2932	195418220698
捆	9 244	2933	195042280294
適	10 244	2934	194967777379
斋	11 244	2935	194915661175
戳	12 244	2936	194683735738
囲	13 244	2937	194661222338
窥	1 245	2938	194421612772
膝	2 245	2939	194248727486
栖	3 245	2940	194246323009
瓣	4 245	2941	193807629854
搅	5 245	2942	193681638937
淹	6 245	2943	193622498845
勢	7 245	2944	193600917867
毅	8 245	2945	193447046988
烛	9 245	2946	193285032707
捍	10 245	2947	192652577652
毙	11 245	2948	192277417240
銀	12 245	2949	191894949343
絵	13 245	2950	191657089249
階	1 246	2951	191631194742
棕	2 246	2952	191544466572
撼	3 246	2953	191354708970
碱	4 246	2954	190921206331
屯	5 246	2955	190755928580
蜘	6 246	2956	189804906284
寡	7 246	2957	189715446407
酶	8 246	2958	189679032748
杏	9 246	2959	189433094706
詳	10 246	2960	189402566059
杠	11 246	2961	189314852596
遅	12 246	2962	189231606725
赂	13 246	2963	189182550160
帆	1 247	2964	187950868727
沫	2 247	2965	187568040566
簿	3 247	2966	187451535375
潭	4 247	2967	187325405708
酵	5 247	2968	186978987910
絡	6 247	2969	186352931434
谦	7 247	2970	186310548046
芸	8 247	2971	186194399086
衬	9 247	2972	185615892127
缆	10 247	2973	185195222974
窑	11 247	2974	185011225399
仑	12 247	2975	184341093013
焼	13 247	2976	184320343656
芭	1 248	2977	184319335663
療	2 248	2978	184152960426
噢	3 248	2979	183756415015
鞭	4 248	2980	183290899258
挙	5 248	2981	183113010136
険	6 248	2982	182694862332
戸	7 248	2983	182584991292
撸	8 248	2984	182524124458
扒	9 248	2985	182433536850
払	10 248	2986	181963524859
诡	11 248	2987	181897478074
粪	12 248	2988	181880880795
弁	13 248	2989	181873611475
棺	1 249	2990	181698624738
膏	2 249	2991	181642070668
蜀	3 249	2992	181305727707
颖	4 249	2993	181305357724
環	5 249	2994	181211978005
迄	6 249	2995	181063757522
喘	7 249	2996	180499784868
労	8 249	2997	180075976725
沼	9 249	2998	180061829663
吼	10 249	2999	180060116688
舟	11 249	3000	179871978178
賞	12 249	3001	179532261769
焰	13 249	3002	179500402840
悼	1 250	3003	179391790751
拐	2 250	3004	178854427873
愧	3 250	3005	178577218696
頂	4 250	3006	178382539468
浜	5 250	3007	178068095432
赦	6 250	3008	177913064040
韓	7 250	3009	177207976697
哩	8 250	3010	177143275022
钦	9 250	3011	177110159986
堤	10 250	3012	176866512620
凄	11 250	3013	176679317875
鄂	12 250	3014	176672412207
暮	13 250	3015	176617176771
铲	1 252	3016	176522363749
彦	2 252	3017	176385134269
領	3 252	3018	175804439541
腥	4 252	3019	175727403138
栗	5 252	3020	175584984922
溯	6 252	3021	175457110054
舶	7 252	3022	175410279299
翅	8 252	3023	175378231117
敗	9 252	3024	174814205548
紙	10 252	3025	174608154446
伽	11 252	3026	173813703104
乞	12 252	3027	173727308329
缚	13 252	3028	173541347003
辺	1 253	3029	173431478211
靖	2 253	3030	173067264018
蝇	3 253	3031	172970145136
級	4 253	3032	171925541010
篷	5 253	3033	171409646092
荆	6 253	3034	171370068751
妞	7 253	3035	171156679462
腺	8 253	3036	170385301912
腻	9 253	3037	170212864123
泵	10 253	3038	170042053555
嗨	11 253	3039	170012170045
榄	12 253	3040	169988788648
橙	13 253	3041	169961330672
钞	1 254	3042	169912540171
談	2 254	3043	169797045881
橋	3 254	3044	169563752475
佬	4 254	3045	169529085139
雑	5 254	3046	169501815480
薛	6 254	3047	168794586159
陀	7 254	3048	168356097331
給	8 254	3049	167555353287
・	9 254	3050	166612008355
ヶ	10 254	3051	165733840672
哄	11 254	3052	165541723820
聴	12 254	3053	165462976154
狩	13 254	3054	165275161670
妒	1 255	3055	165058757344
矢	2 255	3056	164975635867
赎	3 255	3057	164908948114
靴	4 255	3058	164886006536
闸	5 255	3059	164202632596
補	6 255	3060	164091217466
缸	7 255	3061	163890619202
槛	8 255	3062	163852041772
玲	9 255	3063	163777211857
涩	10 255	3064	163583954371
頑	11 255	3065	163145533727
嫉	12 255	3066	163101302074
婶	13 255	3067	162988070374
監	1 256	3068	162480356202
裏	2 256	3069	162351465301
茄	3 256	3070	162011887911
晤	4 256	3071	161774406313
猩	5 256	3072	161767271572
赣	6 256	3073	161191945162
菇	7 256	3074	160680749176
掛	8 256	3075	160469884644
衛	9 256	3076	160247841522
骆	10 256	3077	160064335612
紹	11 256	3078	159758309111
狄	12 256	3079	159623759313
謝	13 256	3080	159399609744
貴	1 257	3081	158774698386
翠	2 257	3082	158599462524
橄	3 257	3083	158457006789
匆	4 257	3084	158092099723
睹	5 257	3085	158050619462
壹	6 257	3086	157996597815
钙	7 257	3087	157754207188
咏	8 257	3088	157238386624
竖	9 257	3089	156487006936
枯	10 257	3090	156366745975
寮	11 257	3091	155784428957
烹	12 257	3092	155710505560
铭	13 257	3093	155028539387
贞	1 258	3094	155015363836
呜	2 258	3095	154941981841
髪	3 258	3096	154883041893
覧	4 258	3097	154172732961
挠	5 258	3098	153873578467
兜	6 258	3099	153785542021
瘫	7 258	3100	153234426547
圧	8 258	3101	153035770969
嬉	9 258	3102	152786075462
揉	10 258	3103	152730900591
魁	11 258	3104	152637620081
児	12 258	3105	152069068403
恕	13 258	3106	151824295199
渊	1 259	3107	151730537799
嘎	2 259	3108	151708359938
橘	3 259	3109	151319513657
坤	4 259	3110	150607688422
芦	5 259	3111	150568811521
嫂	6 259	3112	150485625011
練	7 259	3113	150269199704
肮	8 259	3114	149927540023
榴	9 259	3115	149860386878
涡	10 259	3116	149567575402
稼	11 259	3117	149539443492
責	12 259	3118	149501783551
淑	13 259	3119	149284589343
鉄	1 260	3120	149276184062
虏	2 260	3121	149240082979
尉	3 260	3122	149000922724
陋	4 260	3123	148977707939
咳	5 260	3124	148680107809
绎	6 260	3125	148454383483
垮	7 260	3126	148265648758
倦	8 260	3127	147952378805
標	9 260	3128	147880047045
搁	10 260	3129	147615685111
嵌	11 260	3130	147100139173
筛	12 260	3131	147054720313
醋	13 260	3132	146654301823
钮	1 261	3133	146448968059
溉	2 261	3134	146330961024
牡	3 261	3135	146144438880
苑	4 261	3136	145959398505
氨	5 261	3137	145555581007
惟	6 261	3138	145311838088
掷	7 261	3139	145262241559
姚	8 261	3140	145186801591
従	9 261	3141	144858327972
織	10 261	3142	144539448420
磷	11 261	3143	144426965200
艦	12 261	3144	144419961885
継	13 261	3145	143316964778
鳄	1 262	3146	143252828992
蔓	2 262	3147	143105032674
傷	3 262	3148	142788809081
鼎	4 262	3149	142732440045
゚	5 262	3150	142637068230
濒	6 262	3151	142421295223
浑	7 262	3152	142393642769
纬	8 262	3153	142241630456
捣	9 262	3154	142186018330
遺	10 262	3155	141559207146
袍	11 262	3156	141412842529
硅	12 262	3157	141348096780
扱	13 262	3158	141044520037
羡	1 263	3159	140906194175
隠	2 263	3160	140778576887
葱	3 263	3161	140648528902
昼	4 263	3162	140555041102
並	5 263	3163	140239302091
豚	6 263	3164	139988518474
闘	7 263	3165	138875393793
锯	8 263	3166	138554036857
積	9 263	3167	138423651619
額	10 263	3168	138285343089
淇	11 263	3169	138264288116
涅	12 263	3170	138078069034
複	13 263	3171	137937014062
咯	1 264	3172	137618463709
叭	2 264	3173	137317051098
茫	3 264	3174	137228266693
粥	4 264	3175	137209400022
飓	5 264	3176	137207342727
诠	6 264	3177	137110185730
逍	7 264	3178	137077782316
笛	8 264	3179	136594192732
睁	9 264	3180	136425307213
灿	10 264	3181	135316789372
畔	11 264	3182	135239498365
泌	12 264	3183	135192057997
歼	13 264	3184	134869377547
隙	1 265	3185	134459346423
恤	2 265	3186	134310382897
棱	3 265	3187	134244729353
刃	4 265	3188	134102430496
掏	5 265	3189	134040741415
躁	6 265	3190	133815205419
寇	7 265	3191	133551584288
徙	8 265	3192	133429070154
駄	9 265	3193	133198221502
拌	10 265	3194	133173336239
坂	11 265	3195	132999539975
雌	12 265	3196	132816856762
侄	13 265	3197	132516056125
脳	1 266	3198	132343596104
崭	2 266	3199	132307919965
梭	3 266	3200	132035090873
莞	4 266	3201	131853742692
宛	5 266	3202	131533229299
毯	6 266	3203	131515301689
財	7 266	3204	131252740734
吟	8 266	3205	131084034513
姉	9 266	3206	131011745694
刹	10 266	3207	130960736797
阱	11 266	3208	130736985670
掲	12 266	3209	130387350469
瀑	13 266	3210	130313524436
茅	1 267	3211	130206878872
蕴	2 267	3212	130119840984
趴	3 267	3213	130067617375
拷	4 267	3214	129465608846
莓	5 267	3215	129173703376
暇	6 267	3216	128759139505
缉	7 267	3217	128420003242
狸	8 267	3218	127906625032
恳	9 267	3219	127889530084
拱	10 267	3220	127508827740
沮	11 267	3221	127367337993
庫	12 267	3222	127359940681
創	13 267	3223	127154001073
馒	1 268	3224	127148380948
斐	2 268	3225	127056836329
敞	3 268	3226	126267607620
薯	4 268	3227	125842268318
沸	5 268	3228	125725352810
瑚	6 268	3229	125280769700
鳥	7 268	3230	125250115022
滅	8 268	3231	125144249617
納	9 268	3232	125049242067
炫	10 268	3233	125019151397
蔑	11 268	3234	124461308737
颤	12 268	3235	124100197615
災	13 268	3236	123621093913
嚼	1 269	3237	123581443367
陛	2 269	3238	123569129621
ゾ	3 269	3239	123304451726
檬	4 269	3240	123079483960
蝠	5 269	3241	122562238357
褐	6 269	3242	122528083598
氮	7 269	3243	122336859232
柠	8 269	3244	122164431544
焊	9 269	3245	122070816712
酋	10 269	3246	121857790048
祀	11 269	3247	121729687515
舅	12 269	3248	121628322526
衅	13 269	3249	121449309949
踊	1 270	3250	121248886746
蓉	2 270	3251	121165039965
镶	3 270	3252	121161964906
锈	4 270	3253	120972278611
猿	5 270	3254	120754574634
誘	6 270	3255	120650480762
癖	7 270	3256	120648732648
萎	8 270	3257	120403840050
択	9 270	3258	120130133441
課	10 270	3259	120109654161
蚂	11 270	3260	120088490509
匀	12 270	3261	120059731569
彪	13 270	3262	119988022003
挚	1 271	3263	119886501691
採	2 271	3264	119866985633
誌	3 271	3265	119700602156
扛	4 271	3266	119534210364
純	5 271	3267	119448013831
劇	6 271	3268	119439240971
痪	7 271	3269	118672594453
禄	8 271	3270	118366905518
驚	9 271	3271	117998753458
皂	10 271	3272	117777377612
麗	11 271	3273	117568356702
蝙	12 271	3274	117168620886
鄙	13 271	3275	117166660572
枫	1 273	3276	117154447345
梳	2 273	3277	116914354209
朽	3 273	3278	116862844737
婊	4 273	3279	116516983402
昧	5 273	3280	116496373193
骸	6 273	3281	116456075958
飯	7 273	3282	116258225454
礁	8 273	3283	116083603510
順	9 273	3284	116000118782
捅	10 273	3285	115971638158
幢	11 273	3286	115875558365
聖	12 273	3287	115586032621
輪	13 273	3288	115378004653
婿	1 274	3289	115311493430
丫	2 274	3290	115177061677
傍	3 274	3291	114981381459
茜	4 274	3292	114877612413
ゅ	5 274	3293	114466410599
吏	6 274	3294	114338799028
喧	7 274	3295	114282018226
宵	8 274	3296	114209793178
唔	9 274	3297	114051874449
誕	10 274	3298	113939237652
睿	11 274	3299	113879488032
槟	12 274	3300	113818395673
陽	13 274	3301	113500994129
彷	1 275	3302	113296644640
捨	2 275	3303	113283190481
競	3 275	3304	113021495047
剃	4 275	3305	112812406166
徴	5 275	3306	112495704046
哑	6 275	3307	111841707070
戮	7 275	3308	111721231523
惕	8 275	3309	111553341152
沖	9 275	3310	111324668390
仮	10 275	3311	111224079383
呕	11 275	3312	111025658161
觅	12 275	3313	111009458062
蒲	13 275	3314	110920011282
棘	1 276	3315	110766045063
钠	2 276	3316	110725969168
侈	3 276	3317	110646218085
鸽	4 276	3318	110374347034
汕	5 276	3319	110354468637
築	6 276	3320	110316144727
斧	7 276	3321	109962569548
窟	8 276	3322	109933352497
诵	9 276	3323	109469786113
厳	10 276	3324	109315626887
測	11 276	3325	109200965153
耽	12 276	3326	109065954749
齢	13 276	3327	108952075529
珀	1 277	3328	108685407295
億	2 277	3329	108587677120
節	3 277	3330	108538967571
谤	4 277	3331	108455553460
梵	5 277	3332	108099626794
纂	6 277	3333	108021257731
娅	7 277	3334	107776808776
瞩	8 277	3335	107689562218
懈	9 277	3336	107667148404
婪	10 277	3337	107453734705
剣	11 277	3338	107386732361
縄	12 277	3339	107386723518
髓	13 277	3340	107206212115
凿	1 278	3341	107158492009
拠	2 278	3342	107063909301
诛	3 278	3343	106988356810
杖	4 278	3344	106926354650
損	5 278	3345	106916812443
矫	6 278	3346	106893825418
跡	7 278	3347	106851494542
凹	8 278	3348	106747369367
揽	9 278	3349	106715840365
窜	10 278	3350	106568137954
绸	11 278	3351	106228929052
華	12 278	3352	105893031110
蘑	13 278	3353	105819123557
冀	1 279	3354	105730018924
講	2 279	3355	105430726202
溢	3 279	3356	105385776212
熔	4 279	3357	105335198323
憎	5 279	3358	105066099863
诅	6 279	3359	104970094516
伺	7 279	3360	104941885366
閉	8 279	3361	104887242357
陸	9 279	3362	104858116082
绰	10 279	3363	104715498268
绅	11 279	3364	104433882895
秃	12 279	3365	104299406911
遏	13 279	3366	103923986026
盔	1 281	3367	103763471555
碌	2 281	3368	103661788819
浇	3 281	3369	103090921777
抒	4 281	3370	102759806168
劈	5 281	3371	102742702327
嘻	6 281	3372	102656581867
芜	7 281	3373	102521718613
镖	8 281	3374	102404139634
诽	9 281	3375	102276238915
饪	10 281	3376	102077935336
咙	11 281	3377	101804280832
養	12 281	3378	101658855376
揍	13 281	3379	101501256223
淆	1 283	3380	100787377333
憶	2 283	3381	100509348618
铐	3 283	3382	100466078401
霾	4 283	3383	100207909990
婦	5 283	3384	100118989020
氯	6 283	3385	100019274057
嘱	7 283	3386	99962623375
肛	8 283	3387	99866392316
拡	9 283	3388	99841352949
購	10 283	3389	99615511362
抨	11 283	3390	99583037650
屑	12 283	3391	99425205722
層	13 283	3392	99364818664
朕	1 284	3393	99258477588
琐	2 284	3394	98952095134
酥	3 284	3395	98772968955
墟	4 284	3396	98698491587
媚	5 284	3397	98590299009
汚	6 284	3398	98527993381
尹	7 284	3399	98525189870
挝	8 284	3400	98358590242
肇	9 284	3401	98066481085
蚊	10 284	3402	97944047801
盤	11 284	3403	97912949087
豁	12 284	3404	97787335699
笃	13 284	3405	97480782154
禾	1 285	3406	97479096768
豊	2 285	3407	97304936853
則	3 285	3408	97166504633
悩	4 285	3409	97111245925
胺	5 285	3410	97064557291
剿	6 285	3411	96934324618
譬	7 285	3412	96904330106
哨	8 285	3413	96589852321
繋	9 285	3414	96568104246
紀	10 285	3415	96509874051
嗽	11 285	3416	96391549754
請	12 285	3417	96344742716
嗜	13 285	3418	96131843103
馨	1 286	3419	96039092520
哺	2 286	3420	95919608117
丞	3 286	3421	95082250545
簧	4 286	3422	95070974864
麟	5 286	3423	94976778642
魚	6 286	3424	94645378463
椎	7 286	3425	94644583161
廃	8 286	3426	94554802882
洽	9 286	3427	94348253357
鮮	10 286	3428	94159051674
尻	11 286	3429	93910039580
恵	12 286	3430	93832043774
蛤	13 286	3431	93654446716
瀬	1 287	3432	93513766641
诏	2 287	3433	93446563195
劾	3 287	3434	93263750016
琪	4 287	3435	93142002681
怡	5 287	3436	92910290651
貰	6 287	3437	92899333626
罹	7 287	3438	92856347931
訪	8 287	3439	92828679710
弧	9 287	3440	92813196336
綺	10 287	3441	92685508573
歯	11 287	3442	92672291929
茉	12 287	3443	92637815288
韧	13 287	3444	92305615501
曙	1 288	3445	92297280678
詰	2 288	3446	92263891520
呃	3 288	3447	92065143583
睐	4 288	3448	91966222621
妊	5 288	3449	91924783315
虔	6 288	3450	91843336412
瞳	7 288	3451	91702740573
叮	8 288	3452	91450727713
垦	9 288	3453	91355224942
葫	10 288	3454	91046915810
斌	11 288	3455	90996570799
誤	12 288	3456	90979973180
沧	13 288	3457	90969593797
訴	1 289	3458	90964865266
旭	2 289	3459	90668103509
栈	3 289	3460	90582448114
嗣	4 289	3461	90560163581
慣	5 289	3462	90552478020
憋	6 289	3463	90467005240
牠	7 289	3464	90000000001
娥	8 289	3465	89990898887
靶	9 289	3466	89887996342
騒	10 289	3467	89438701638
維	11 289	3468	89273174193
琉	12 289	3469	89231340992
啃	13 289	3470	89211343672
躍	1 290	3471	88972048926
ヌ	2 290	3472	88600304119
窍	3 290	3473	88550267698
亥	4 290	3474	88174953820
桜	5 290	3475	88107554666
熏	6 290	3476	87980062191
蔵	7 290	3477	87822673484
苯	8 290	3478	87646326814
飙	9 290	3479	87597348994
帘	10 290	3480	87413708908
趾	11 290	3481	87363252950
贮	12 290	3482	87345452602
嚣	13 290	3483	87227836912
〇	1 292	3484	87094978596
倉	2 292	3485	86946044656
驿	3 292	3486	86857612363
羁	4 292	3487	86725863190
锌	5 292	3488	86656528081
哗	6 292	3489	86613760963
熄	7 292	3490	86484118817
審	8 292	3491	86318898571
繰	9 292	3492	86276211496
農	10 292	3493	86266767863
墩	11 292	3494	86202454161
叩	12 292	3495	86190190830
隋	13 292	3496	86171251709
炖	1 293	3497	86058804763
滇	2 293	3498	85878286900
嘟	3 293	3499	85806218080
鲤	4 293	3500	85792027943
甫	5 293	3501	85647469552
矣	6 293	3502	85390649998
呛	7 293	3503	85282654780
拢	8 293	3504	85196051434
庵	9 293	3505	85167821860
邑	10 293	3506	85167433350
呗	11 293	3507	85152311659
ぉ	12 293	3508	85131760568
樹	13 293	3509	85053017074
乒	1 294	3510	84944594513
懦	2 294	3511	84931910608
傀	3 294	3512	84654465571
噬	4 294	3513	84605408443
隣	5 294	3514	84597209242
轩	6 294	3515	84496588040
萤	7 294	3516	84475755784
儡	8 294	3517	84449356549
恥	9 294	3518	84409072392
賀	10 294	3519	84222484463
翌	11 294	3520	84093100690
栄	12 294	3521	84049964032
菠	13 294	3522	84028633491
煞	1 295	3523	83977381792
乓	2 295	3524	83973620063
皱	3 295	3525	83829243637
孵	4 295	3526	83809833491
蒜	5 295	3527	83767339457
屌	6 295	3528	83630207062
哉	7 295	3529	83280250968
鞍	8 295	3530	83107230059
獣	9 295	3531	83081547632
璧	10 295	3532	83078838198
胚	11 295	3533	83024955898
緊	12 295	3534	82997060564
啸	13 295	3535	82930301983
噩	1 296	3536	82913645639
竣	2 296	3537	82832511359
钝	3 296	3538	82778309803
睦	4 296	3539	82672479126
冕	5 296	3540	82578880847
巅	6 296	3541	82515259099
迦	7 296	3542	82431758671
亵	8 296	3543	82415016793
抉	9 296	3544	82346056500
ヽ	10 296	3545	82290138208
穗	11 296	3546	82208317846
俯	12 296	3547	82161219875
鳞	13 296	3548	81968891023
倘	1 297	3549	81965257048
焉	2 297	3550	81917745568
麒	3 297	3551	81852186605
歹	4 297	3552	81615905014
丙	5 297	3553	81501177886
姫	6 297	3554	81314820618
丐	7 297	3555	81061982643
藻	8 297	3556	81021666434
ぷ	9 297	3557	81021115826
湛	10 297	3558	80944047710
躯	11 297	3559	80910893863
奪	12 297	3560	80844215580
渲	13 297	3561	80841593928
項	1 298	3562	80791832825
銃	2 298	3563	80584433236
廓	3 298	3564	80520623549
襄	4 298	3565	80408556611
霊	5 298	3566	80403852286
殆	6 298	3567	80385138251
绒	7 298	3568	80376484132
饺	8 298	3569	80328134107
呦	9 298	3570	80212584432
徳	10 298	3571	79955309367
冢	11 298	3572	79903626186
藩	12 298	3573	79722750809
缀	13 298	3574	79690801582
鳍	1 299	3575	79679586178
慷	2 299	3576	79666750542
゙	3 299	3577	79591739351
犀	4 299	3578	79576362989
駆	5 299	3579	79234543905
诬	6 299	3580	79203930904
婷	7 299	3581	79165835264
椭	8 299	3582	79098822217
輸	9 299	3583	79090085482
蔗	10 299	3584	78834233558
猥	11 299	3585	78385152545
薰	12 299	3586	78334569462
菱	13 299	3587	78333385502
挟	1 300	3588	77907529728
绞	2 300	3589	77860788562
襲	3 300	3590	77689422019
庶	4 300	3591	77399390219
枠	5 300	3592	77192581022
剤	6 300	3593	77104974703
磕	7 300	3594	77014489861
奎	8 300	3595	76933506166
咽	9 300	3596	76848674194
峙	10 300	3597	76712234021
镐	11 300	3598	76649232106
嗓	12 300	3599	76611589588
喵	13 300	3600	76602423439
澜	1 301	3601	76534731739
惫	2 301	3602	76521789676
骇	3 301	3603	76424119300
颊	4 301	3604	76348719577
魄	5 301	3605	76305988287
灶	6 301	3606	76305671022
娠	7 301	3607	76263774992
禧	8 301	3608	76051796791
冥	9 301	3609	75818023887
幌	10 301	3610	75661631456
梗	11 301	3611	75377619634
枣	12 301	3612	75321424873
診	13 301	3613	75315733020
祯	1 302	3614	75199891978
塗	2 302	3615	75198034262
渝	3 302	3616	75172551220
較	4 302	3617	75170060288
迭	5 302	3618	75139646571
绊	6 302	3619	74593768789
磋	7 302	3620	74592866077
討	8 302	3621	74154449174
肋	9 302	3622	74020338866
闺	10 302	3623	73929321577
铬	11 302	3624	73907943976
榨	12 302	3625	73757965456
凳	13 302	3626	73747487746
幹	1 303	3627	73652381680
敛	2 303	3628	73590997879
揪	3 303	3629	73589141917
铀	4 303	3630	73563120325
跋	5 303	3631	73289666827
蕃	6 303	3632	73243227912
拇	7 303	3633	73215568194
讳	8 303	3634	73203625198
膊	9 303	3635	73192954384
舗	10 303	3636	73187526072
筝	11 303	3637	73000763275
秽	12 303	3638	72799991389
詞	13 303	3639	72754139114
卉	1 304	3640	72653189378
苛	2 304	3641	72540930001
塩	3 304	3642	72210063832
鳴	4 304	3643	72150430172
昵	5 304	3644	72136865794
範	6 304	3645	72094292645
葵	7 304	3646	72021272795
黏	8 304	3647	71931195776
咦	9 304	3648	71489541124
昇	10 304	3649	71348633882
祠	11 304	3650	71327021945
畸	12 304	3651	71314219558
掰	13 304	3652	71234213077
締	1 305	3653	71157219125
胳	2 305	3654	71071918912
忏	3 305	3655	71045792902
姥	4 305	3656	70767655032
窓	5 305	3657	70638887620
糙	6 305	3658	70550616511
柿	7 305	3659	70540351974
镁	8 305	3660	70453878823
拽	9 305	3661	70382703160
緑	10 305	3662	70345773345
啰	11 305	3663	70337099206
獄	12 305	3664	70168147471
诫	13 305	3665	70149712510
慮	1 306	3666	70129057515
徊	2 306	3667	70123500393
殷	3 306	3668	69900887408
盏	4 306	3669	69899948253
咐	5 306	3670	69864188788
庐	6 306	3671	69803377849
韬	7 306	3672	69676716484
衆	8 306	3673	69535667353
妾	9 306	3674	69366665861
溺	10 306	3675	69226471213
聆	11 306	3676	69187103301
嗅	12 306	3677	69141219427
哆	13 306	3678	69085936777
阜	1 307	3679	68967066521
桨	2 307	3680	68930252551
幂	3 307	3681	68895210070
惰	4 307	3682	68834363233
績	5 307	3683	68662808946
骼	6 307	3684	68640488227
疤	7 307	3685	68629483450
窒	8 307	3686	68481217247
隘	9 307	3687	68437347696
輩	10 307	3688	68430232896
烘	11 307	3689	68069682640
癫	12 307	3690	68004919485
徘	13 307	3691	67988840225
炬	1 308	3692	67913473312
邯	2 308	3693	67899136503
衝	3 308	3694	67732795560
髦	4 308	3695	67696457870
謎	5 308	3696	67642971246
潇	6 308	3697	67483157257
汝	7 308	3698	67418867136
哮	8 308	3699	67351278260
馅	9 308	3700	67291355197
扳	10 308	3701	67247819200
憧	11 308	3702	67120289822
賛	12 308	3703	67109817351
濃	13 308	3704	67074669527
帧	1 309	3705	66908762848
漳	2 309	3706	66862085686
翡	3 309	3707	66751474165
抠	4 309	3708	66677330782
捜	5 309	3709	66605103773
咕	6 309	3710	66545725953
搂	7 309	3711	66511673794
獲	8 309	3712	66450110497
镍	9 309	3713	66433073086
霞	10 309	3714	66421490373
偽	11 309	3715	66360241562
跤	12 309	3716	66052045342
渋	13 309	3717	65897181652
刨	1 310	3718	65816516027
拧	2 310	3719	65785487014
鸠	3 310	3720	65678965192
逞	4 310	3721	65677257220
蝎	5 310	3722	65634264191
泻	6 310	3723	65583388155
邢	7 310	3724	65449512379
酪	8 310	3725	65309451653
诶	9 310	3726	65199236401
秤	10 310	3727	65175416228
擒	11 310	3728	65111527596
苔	12 310	3729	64797766465
沐	13 310	3730	64686945609
荧	1 311	3731	64680089563
砌	2 311	3732	64515992352
锥	3 311	3733	64456293286
貨	4 311	3734	64333169524
闇	5 311	3735	64325713149
陨	6 311	3736	64324830853
鏡	7 311	3737	64043286294
瑶	8 311	3738	64012753780
栅	9 311	3739	63948255526
岱	10 311	3740	63830787033
垢	11 311	3741	63828786639
绷	12 311	3742	63821285794
剔	13 311	3743	63800069027
唬	1 312	3744	63794981107
肴	2 312	3745	63774485235
咧	3 312	3746	63732823246
ヾ	4 312	3747	63690400008
呂	5 312	3748	63625483341
茵	6 312	3749	63590737734
烯	7 312	3750	63569932993
汶	8 312	3751	63245008527
邸	9 312	3752	63243460410
釜	10 312	3753	63235842389
郸	11 312	3754	63074616409
蹦	12 312	3755	62998779385
褒	13 312	3756	62939039363
颅	1 313	3757	62896954978
陰	2 313	3758	62795814767
憲	3 313	3759	62708775840
篡	4 313	3760	62591964562
貸	5 313	3761	62591355141
撇	6 313	3762	62427837367
瑙	7 313	3763	62412338540
酔	8 313	3764	62280694089
伎	9 313	3765	62274312344
雰	10 313	3766	61779726630
锚	11 313	3767	61753646683
湯	12 313	3768	61704193881
驯	13 313	3769	61684605136
諸	1 314	3770	61535508256
眨	2 314	3771	61498018018
祉	3 314	3772	61364241770
袱	4 314	3773	61313053762
绯	5 314	3774	61273765081
咲	6 314	3775	61231372893
掃	7 314	3776	61159871463
掐	8 314	3777	61034220019
悖	9 314	3778	60864964155
绥	10 314	3779	60803545087
榈	11 314	3780	60780758239
狡	12 314	3781	60757818871
傾	13 314	3782	60669499836
歓	1 316	3783	60489704204
绽	2 316	3784	60447096982
渤	3 316	3785	60423573794
氟	4 316	3786	60394069126
鈴	5 316	3787	60383633080
臓	6 316	3788	60346313647
徹	7 316	3789	60302515527
弈	8 316	3790	60278102039
執	9 316	3791	60269302865
朔	10 316	3792	60226647142
荔	11 316	3793	60150842530
驹	12 316	3794	60114434950
甄	13 316	3795	60071967586
瞪	1 317	3796	60002929279
龍	2 317	3797	59949500286
乍	3 317	3798	59839446046
竜	4 317	3799	59836618669
厥	5 317	3800	59761896780
丶	6 317	3801	59662142942
訓	7 317	3802	59603139497
渉	8 317	3803	59529484416
眺	9 317	3804	59369933738
霹	10 317	3805	59345240581
钾	11 317	3806	59343438871
黛	12 317	3807	59292925029
輝	13 317	3808	59256753921
縁	1 318	3809	59234685095
绮	2 318	3810	59197598749
溅	3 318	3811	59128561657
淳	4 318	3812	59034070944
驭	5 318	3813	58996115560
毗	6 318	3814	58944233907
渎	7 318	3815	58925374039
縮	8 318	3816	58829432122
嫖	9 318	3817	58785339395
镰	10 318	3818	58762488448
勺	11 318	3819	58674601602
晩	12 318	3820	58562037792
犁	13 318	3821	58490087081
馋	1 319	3822	58365936442
黙	2 319	3823	58348543523
牟	3 319	3824	58265811370
钛	4 319	3825	58219421167
榆	5 319	3826	58130418684
針	6 319	3827	58032094923
靡	7 319	3828	58007374823
隅	8 319	3829	57926033693
掺	9 319	3830	57718402561
飾	10 319	3831	57574194261
沂	11 319	3832	57560251532
瑕	12 319	3833	57550465617
孽	13 319	3834	57483387273
邱	1 320	3835	57370130815
澎	2 320	3836	57364152173
鹦	3 320	3837	57269005948
吩	4 320	3838	57237321970
飼	5 320	3839	57157544007
秉	6 320	3840	57129319793
雳	7 320	3841	57064855168
椰	8 320	3842	56887358737
暧	9 320	3843	56805548428
雍	10 320	3844	56698832923
懐	11 320	3845	56666191787
衙	12 320	3846	56520535280
灸	13 320	3847	56486378509
呻	1 321	3848	56469959268
瘟	2 321	3849	56397142642
娩	3 321	3850	56114503825
冗	4 321	3851	55990543717
愣	5 321	3852	55954873792
鑫	6 321	3853	55879197447
棠	7 321	3854	55869461689
瞻	8 321	3855	55867120973
柑	9 321	3856	55832173372
ぴ	10 321	3857	55820977826
筆	11 321	3858	55809266592
桐	12 321	3859	55802524697
琢	13 321	3860	55787029089
哒	1 322	3861	55782851311
雏	2 322	3862	55725215536
酝	3 322	3863	55718236846
悍	4 322	3864	55611377829
揮	5 322	3865	55582783783
紅	6 322	3866	55493902575
辙	7 322	3867	55372696678
绫	8 322	3868	55317346093
笠	9 322	3869	55304937022
騎	10 322	3870	55304884548
鹉	11 322	3871	55165309111
漢	12 322	3872	54863236037
裴	13 322	3873	54847061375
巳	1 323	3874	54822598081
閣	2 323	3875	54797055760
奮	3 323	3876	54683676449
痘	4 323	3877	54601151026
阮	5 323	3878	54525414101
烁	6 323	3879	54481944754
陣	7 323	3880	54472632356
喽	8 323	3881	54367367203
莺	9 323	3882	54036355213
詐	10 323	3883	53971146447
耿	11 323	3884	53730099205
還	12 323	3885	53717906005
攒	13 323	3886	53713939384
珂	1 324	3887	53706807815
咀	2 324	3888	53667191811
殡	3 324	3889	53655434866
荫	4 324	3890	53655122350
砰	5 324	3891	53556889087
垣	6 324	3892	53431647814
屉	7 324	3893	53391073483
悯	8 324	3894	53350277104
焕	9 324	3895	53260161464
庁	10 324	3896	53257488898
棄	11 324	3897	53190152359
莽	12 324	3898	53175454645
須	13 324	3899	53095560098
雁	1 325	3900	53040703118
糯	2 325	3901	53027235650
諦	3 325	3902	53026066671
譲	4 325	3903	53013936860
沛	5 325	3904	52965599359
萱	6 325	3905	52892060125
膳	7 325	3906	52780823214
贰	8 325	3907	52753973545
煙	9 325	3908	52567866940
貧	10 325	3909	52519024101
阎	11 325	3910	52357143529
慑	12 325	3911	52314843961
揃	13 325	3912	52311650786
搓	1 326	3913	52253362316
鎖	2 326	3914	52072896123
沌	3 326	3915	52065470070
埼	4 326	3916	51980312518
骏	5 326	3917	51977123956
噶	6 326	3918	51967847165
匣	7 326	3919	51965780440
枉	8 326	3920	51957137046
貼	9 326	3921	51910412358
缮	10 326	3922	51877765225
怯	11 326	3923	51792424249
俏	12 326	3924	51738601213
菓	13 326	3925	51676801708
聂	1 327	3926	51628382380
嗷	2 327	3927	51601102570
釣	3 327	3928	51593863643
岐	4 327	3929	51527973001
橱	5 327	3930	51472670347
儀	6 327	3931	51467672290
酮	7 327	3932	51460651153
籽	8 327	3933	51452215030
倚	9 327	3934	51435272739
萃	10 327	3935	51399744820
碘	11 327	3936	51399511975
舵	12 327	3937	51394826093
瞅	13 327	3938	51389504407
噜	1 328	3939	51388130602
廖	2 328	3940	51382828345
砲	3 328	3941	51339005836
奕	4 328	3942	51317009160
彝	5 328	3943	51296586196
痹	6 328	3944	51211534663
咎	7 328	3945	51171443901
壕	8 328	3946	51016786900
饵	9 328	3947	50924076958
阉	10 328	3948	50862263293
汞	11 328	3949	50700475497
匮	12 328	3950	50696979292
拭	13 328	3951	50593896153
谕	1 329	3952	50570431129
惭	2 329	3953	50284033516
痊	3 329	3954	50164840513
螂	4 329	3955	50129054187
娼	5 329	3956	50125100383
彬	6 329	3957	50086455204
塚	7 329	3958	49931817716
鹃	8 329	3959	49825194427
钳	9 329	3960	49755942838
償	10 329	3961	49643215986
駐	11 329	3962	49591559124
鑑	12 329	3963	49549587384
圏	13 329	3964	49480894523
涙	1 330	3965	49479818140
勧	2 330	3966	49422814394
腌	3 330	3967	49388115124
郷	4 330	3968	49130325135
匾	5 330	3969	49124289223
卤	6 330	3970	49089799018
舎	7 330	3971	48811173770
埠	8 330	3972	48726461627
仏	9 330	3973	48723574561
疚	10 330	3974	48709446846
拙	11 330	3975	48577841848
閲	12 330	3976	48213394606
亜	13 330	3977	48141641230
憩	1 331	3978	48087684941
蹂	2 331	3979	48064608172
窦	3 331	3980	48049945741
睾	4 331	3981	47999531270
侏	5 331	3982	47985599942
撩	6 331	3983	47961987446
霆	7 331	3984	47934137825
睫	8 331	3985	47856726748
颐	9 331	3986	47845394542
眶	10 331	3987	47604461995
烷	11 331	3988	47542802140
扉	12 331	3989	47430191838
艹	13 331	3990	47232671419
氷	1 332	3991	47220588152
钡	2 332	3992	47216258803
倪	3 332	3993	47107883442
硝	4 332	3994	46899130338
臨	5 332	3995	46807864699
唾	6 332	3996	46695102100
雲	7 332	3997	46692541252
賢	8 332	3998	46604589396
廿	9 332	3999	46545289576
汲	10 332	4000	46538362525
槌	11 332	4001	46495390384
膛	12 332	4002	46466749351
扼	13 332	4003	46315051147
隷	1 333	4004	46301657982
缕	2 333	4005	46285431922
稲	3 333	4006	46281277249
躏	4 333	4007	46253961289
肘	5 333	4008	46224263075
俞	6 333	4009	46153220422
揣	7 333	4010	46133305687
釈	8 333	4011	46133050105
谏	9 333	4012	46090650718
桦	10 333	4013	45982932877
俭	11 333	4014	45980928721
誠	12 333	4015	45899905992
麓	13 333	4016	45797108405
庚	1 334	4017	45680740279
锂	2 334	4018	45532647910
ゥ	3 334	4019	45377794120
恍	4 334	4020	45137407357
炕	5 334	4021	45007931630
梓	6 334	4022	45002134504
兮	7 334	4023	44946433492
剛	8 334	4024	44920134173
忱	9 334	4025	44849617315
骷	10 334	4026	44827552117
揺	11 334	4027	44779729380
辫	12 334	4028	44773195123
懸	13 334	4029	44768453588
蔷	1 335	4030	44752302640
耸	2 335	4031	44740874026
脅	3 335	4032	44732577496
黔	4 335	4033	44719488497
噂	5 335	4034	44668359225
凍	6 335	4035	44623193303
婉	7 335	4036	44622558738
潟	8 335	4037	44606929421
乾	9 335	4038	44579482916
髅	10 335	4039	44575329529
瞰	11 335	4040	44511094982
碾	12 335	4041	44311507676
钵	13 335	4042	44185881646
楞	1 336	4043	44127297754
漩	2 336	4044	43890234976
疵	3 336	4045	43792759043
鳌	4 336	4046	43763930100
汾	5 336	4047	43758287936
蜗	6 336	4048	43717457503
皖	7 336	4049	43516073198
貯	8 336	4050	43512750279
潰	9 336	4051	43507799938
藐	10 336	4052	43452625972
酯	11 336	4053	43338000043
叨	12 336	4054	43309115443
ぃ	13 336	4055	43255896616
枭	1 337	4056	43207384060
悚	2 337	4057	43162611976
楠	3 337	4058	43149637828
羹	4 337	4059	43000888384
甥	5 337	4060	42895998700
竿	6 337	4061	42794996760
鱿	7 337	4062	42744482461
誇	8 337	4063	42648704266
猾	9 337	4064	42532440065
骰	10 337	4065	42486502132
镀	11 337	4066	42485760028
刁	12 337	4067	42459358804
鍵	13 337	4068	42225452537
虞	1 338	4069	42223705367
僻	2 338	4070	42167882678
渺	3 338	4071	42063946609
烙	4 338	4072	41960390479
痉	5 338	4073	41954641228
拚	6 338	4074	41931403354
萍	7 338	4075	41870053215
併	8 338	4076	41865622295
嬢	9 338	4077	41845866383
縦	10 338	4078	41827427303
罰	11 338	4079	41713518008
嚷	12 338	4080	41575655044
栓	13 338	4081	41501113902
镉	1 339	4082	41495212648
眷	2 339	4083	41487752332
谚	3 339	4084	41458973023
螃	4 339	4085	41449642561
粽	5 339	4086	41409278904
挛	6 339	4087	41283273826
芥	7 339	4088	41253099416
琅	8 339	4089	41209098971
辍	9 339	4090	41201515531
跻	10 339	4091	41190140818
祂	11 339	4092	41137937065
羟	12 339	4093	41051423989
媛	13 339	4094	40978439470
聋	1 340	4095	40951669690
禹	2 340	4096	40898196704
亀	3 340	4097	40453983847
酚	4 340	4098	40432240369
浒	5 340	4099	40417543360
啧	6 340	4100	40353684382
噗	7 340	4101	40350943972
澤	8 340	4102	40333496433
粑	9 340	4103	40285516177
舐	10 340	4104	40216453662
痫	11 340	4105	40194598348
飽	12 340	4106	40182196445
喋	13 340	4107	40161639566
憬	1 341	4108	40146361376
蛊	2 341	4109	40127652073
痰	3 341	4110	40007519666
糸	4 341	4111	39942380201
鞠	5 341	4112	39877309172
賃	6 341	4113	39794236471
匡	7 341	4114	39778468970
呪	8 341	4115	39701913235
疹	9 341	4116	39581960358
嵐	10 341	4117	39470356585
淌	11 341	4118	39442473406
蚕	12 341	4119	39431485781
灼	13 341	4120	39384716617
祐	1 342	4121	39297511984
胰	2 342	4122	39225846844
亟	3 342	4123	39222912173
匂	4 342	4124	39196061496
蟑	5 342	4125	39100284703
堀	6 342	4126	39056433181
绢	7 342	4127	39056107564
怠	8 342	4128	39027144787
偉	9 342	4129	39009760405
粟	10 342	4130	38988673167
匕	11 342	4131	38972905104
ぅ	12 342	4132	38899209892
晦	13 342	4133	38882199508
捂	1 343	4134	38820246301
孫	2 343	4135	38787517257
凛	3 343	4136	38773571759
懊	4 343	4137	38744133830
絮	5 343	4138	38740379821
帳	6 343	4139	38686231915
璋	7 343	4140	38681661276
皿	8 343	4141	38650446911
梧	9 343	4142	38602109442
穹	10 343	4143	38554985704
畑	11 343	4144	38528930506
蝉	12 343	4145	38517651497
癒	13 343	4146	38487354726
猖	1 344	4147	38453477967
篱	2 344	4148	38309102623
渭	3 344	4149	38216433212
託	4 344	4150	38151112186
邵	5 344	4151	38126355949
鳃	6 344	4152	38046341971
堰	7 344	4153	38004818300
遴	8 344	4154	37987623542
揚	9 344	4155	37909240886
疮	10 344	4156	37868303260
俳	11 344	4157	37785782982
氰	12 344	4158	37691385355
蛾	13 344	4159	37660862422
谛	1 345	4160	37633059811
囱	2 345	4161	37621916542
鞑	3 345	4162	37575858394
忒	4 345	4163	37552324910
胱	5 345	4164	37492634309
銭	6 345	4165	37463233401
掴	7 345	4166	37434911600
蓟	8 345	4167	37415101456
剌	9 345	4168	37414328875
菁	10 345	4169	37210730953
涼	11 345	4170	37177065683
冊	12 345	4171	37131034310
哔	13 345	4172	37128684997
渥	1 346	4173	37089401606
瘩	2 346	4174	36973897480
疙	3 346	4175	36971434459
喫	4 346	4176	36962232109
笆	5 346	4177	36960382857
缇	6 346	4178	36960244462
惚	7 346	4179	36909802661
浊	8 346	4180	36908073028
躬	9 346	4181	36905339123
贈	10 346	4182	36862764286
擂	11 346	4183	36855153938
蚌	12 346	4184	36804088088
诋	13 346	4185	36794012716
塾	1 347	4186	36772614914
該	2 347	4187	36723562261
囧	3 347	4188	36721768998
鸥	4 347	4189	36636549905
踹	5 347	4190	36631491112
偕	6 347	4191	36625008258
沥	7 347	4192	36577296847
侃	8 347	4193	36573849031
妍	9 347	4194	36498917572
酗	10 347	4195	36415288918
皈	11 347	4196	36397244702
缶	12 347	4197	36382978990
晏	13 347	4198	36348725253
矗	1 348	4199	36345305015
拶	2 348	4200	36291585821
锣	3 348	4201	36153537310
緩	4 348	4202	36118616172
磐	5 348	4203	36086941248
殉	6 348	4204	36050195421
郝	7 348	4205	36042815413
禀	8 348	4206	35981627112
逅	9 348	4207	35868912646
峇	10 348	4208	35829645346
禺	11 348	4209	35764489140
邂	12 348	4210	35764110462
蔚	13 348	4211	35759605797
陥	1 349	4212	35754431342
咆	2 349	4213	35717243761
預	3 349	4214	35626905813
滕	4 349	4215	35467705866
黯	5 349	4216	35455840257
拝	6 349	4217	35438681563
寥	7 349	4218	35430193663
澈	8 349	4219	35424738790
铠	9 349	4220	35396947936
讪	10 349	4221	35350908031
倭	11 349	4222	35341891242
奨	12 349	4223	35335242248
騙	13 349	4224	35295417996
鸯	1 350	4225	35244664705
辗	2 350	4226	35218860967
礎	3 350	4227	35200976374
闵	4 350	4228	35140508479
谥	5 350	4229	35126525530
鸳	6 350	4230	35109503722
倫	7 350	4231	35097172159
陡	8 350	4232	35027410780
玺	9 350	4233	35018040134
蹭	10 350	4234	35013041776
阂	11 350	4235	34998563305
琶	12 350	4236	34926081116
棣	13 350	4237	34857203366
攸	1 351	4238	34830089713
琵	2 351	4239	34814095419
漁	3 351	4240	34741398663
醛	4 351	4241	34721357176
恪	5 351	4242	34699861012
锰	6 351	4243	34665896791
褪	7 351	4244	34637026504
橇	8 351	4245	34589946252
楷	9 351	4246	34567778371
诲	10 351	4247	34524729676
琥	11 351	4248	34505222387
貫	12 351	4249	34498267774
筷	13 351	4250	34453928413
琛	1 352	4251	34326073595
臻	2 352	4252	34228096058
謀	3 352	4253	34155863280
傣	4 352	4254	34140980764
ぺ	5 352	4255	34140023153
ゝ	6 352	4256	34118094394
釉	7 352	4257	34095315213
娟	8 352	4258	34048729161
麺	9 352	4259	34034710384
蹄	10 352	4260	34029366635
脈	11 352	4261	33914227666
靼	12 352	4262	33875265442
潢	13 352	4263	33868509440
泸	1 353	4264	33861663487
涤	2 353	4265	33688179532
俸	3 353	4266	33684006236
糞	4 353	4267	33630529516
苇	5 353	4268	33566066758
阙	6 353	4269	33542428753
茸	7 353	4270	33517547188
俨	8 353	4271	33489258769
靓	9 353	4272	33455782216
鳗	10 353	4273	33421457737
濡	11 353	4274	33404636836
穂	12 353	4275	33296463901
綾	13 353	4276	33159435502
詩	1 354	4277	33066588904
軸	2 354	4278	33039297193
曦	3 354	4279	32958486852
纨	4 354	4280	32949164566
嘩	5 354	4281	32939797346
沽	6 354	4282	32886894664
掳	7 354	4283	32880103147
诧	8 354	4284	32853540034
戎	9 354	4285	32837700147
怂	10 354	4286	32832794260
茬	11 354	4287	32764746151
唧	12 354	4288	32701988044
眩	13 354	4289	32651535148
莆	1 355	4290	32635625287
粋	2 355	4291	32627762365
蕊	3 355	4292	32552142844
陇	4 355	4293	32499382375
羚	5 355	4294	32442901546
裘	6 355	4295	32417072703
荼	7 355	4296	32405623254
枷	8 355	4297	32349127423
噛	9 355	4298	32288396741
忡	10 355	4299	32249086237
偵	11 355	4300	32223593477
頻	12 355	4301	32210030311
蜒	13 355	4302	32185933651
蜿	1 356	4303	32130103573
縛	2 356	4304	32116750502
腋	3 356	4305	32097931088
嘈	4 356	4306	32012424001
蹴	5 356	4307	31992041615
孢	6 356	4308	31958382700
叼	7 356	4309	31933205029
旷	8 356	4310	31901897215
吠	9 356	4311	31871477350
汐	10 356	4312	31751217670
挿	11 356	4313	31734775675
鳖	12 356	4314	31670334199
顧	13 356	4315	31628045758
柚	1 357	4316	31626550583
唆	2 357	4317	31597824044
網	3 357	4318	31595486362
蜥	4 357	4319	31582204048
盎	5 357	4320	31513690362
厮	6 357	4321	31485166301
拣	7 357	4322	31463203807
惮	8 357	4323	31446355249
缤	9 357	4324	31439375011
皓	10 357	4325	31401084408
窘	11 357	4326	31386507947
坍	12 357	4327	31257566597
貢	13 357	4328	31245866924
郵	1 358	4329	31237067556
呸	2 358	4330	31206316537
簇	3 358	4331	31200228745
鶴	4 358	4332	31030485550
蟾	5 358	4333	30964306335
彗	6 358	4334	30929813113
懿	7 358	4335	30922283499
纾	8 358	4336	30881143081
瀛	9 358	4337	30879787294
炊	10 358	4338	30741918119
掖	11 358	4339	30725643056
铂	12 358	4340	30724736662
镕	13 358	4341	30698133787
菅	1 359	4342	30655563333
藕	2 359	4343	30581181374
韶	3 359	4344	30571863800
拎	4 359	4345	30487708927
潍	5 359	4346	30466310401
迂	6 359	4347	30461316306
颓	7 359	4348	30364854112
債	8 359	4349	30337344962
竺	9 359	4350	30332053448
笋	10 359	4351	30316948976
羅	11 359	4352	30253422888
剁	12 359	4353	30224516771
绛	13 359	4354	30196990378
毋	1 360	4355	30184545781
尧	2 360	4356	30160608535
蠕	3 360	4357	30030215486
啄	4 360	4358	30022810349
钧	5 360	4359	29998929169
诰	6 360	4360	29933788546
颌	7 360	4361	29927777734
讹	8 360	4362	29839413628
唷	9 360	4363	29801800927
疡	10 360	4364	29791364392
夭	11 360	4365	29768655515
倔	12 360	4366	29767258693
豌	13 360	4367	29537176785
嚏	1 361	4368	29512459332
侥	2 361	4369	29498626450
绚	3 361	4370	29471128084
苞	4 361	4371	29460879335
貞	5 361	4372	29418009572
肽	6 361	4373	29417699539
苟	7 361	4374	29287701072
镯	8 361	4375	29274144058
辄	9 361	4376	29271811609
嗑	10 361	4377	29238601501
踞	11 361	4378	29163977438
摒	12 361	4379	29138739103
罂	13 361	4380	29114336260
唠	1 362	4381	29061337708
絞	2 362	4382	29040304672
晾	3 362	4383	29011854385
邹	4 362	4384	28965439801
幾	5 362	4385	28919685329
铎	6 362	4386	28910813446
賊	7 362	4387	28902341608
溥	8 362	4388	28892213888
斡	9 362	4389	28875805120
锢	10 362	4390	28864116622
羔	11 362	4391	28853699348
焙	12 362	4392	28812113577
侬	13 362	4393	28749992653
犠	1 363	4394	28732608674
丨	2 363	4395	28592324615
莅	3 363	4396	28527115611
馏	4 363	4397	28502214697
宦	5 363	4398	28482901359
寰	6 363	4399	28356683248
奄	7 363	4400	28312822538
霄	8 363	4401	28255220871
轧	9 363	4402	28225259569
痿	10 363	4403	28196580449
纫	11 363	4404	28097714809
锄	12 363	4405	28068183964
胧	13 363	4406	28059724405
覇	1 364	4407	28056758616
祢	2 364	4408	28043824208
紊	3 364	4409	28022932138
蹋	4 364	4410	27977604086
槿	5 364	4411	27967651899
炙	6 364	4412	27940865241
敕	7 364	4413	27884727239
蓮	8 364	4414	27790015743
箍	9 364	4415	27780750175
荟	10 364	4416	27697478986
寧	11 364	4417	27614493510
媲	12 364	4418	27533470105
濯	13 364	4419	27530258417
憨	1 365	4420	27508877149
淤	2 365	4421	27503712076
浄	3 365	4422	27446404893
璇	4 365	4423	27398445164
粧	5 365	4424	27379421170
寐	6 365	4425	27322481468
羌	7 365	4426	27317236036
壬	8 365	4427	27308725007
榭	9 365	4428	27296276509
獗	10 365	4429	27292909077
桔	11 365	4430	27220338984
鍋	12 365	4431	27156869948
摂	13 365	4432	27155785231
嗒	1 366	4433	27118851203
濑	2 366	4434	27108059906
稠	3 366	4435	27089453571
疟	4 366	4436	27070984675
尋	5 366	4437	27062428742
祇	6 366	4438	27023057565
酌	7 366	4439	27000393555
龚	8 366	4440	26973368982
撬	9 366	4441	26938632430
磺	10 366	4442	26874313330
蟒	11 366	4443	26816991537
桓	12 366	4444	26809223168
癸	13 366	4445	26799367598
舜	1 367	4446	26752712222
帷	2 367	4447	26639831548
巣	3 367	4448	26633581986
貂	4 367	4449	26613799503
吋	5 367	4450	26612169173
檀	6 367	4451	26611204155
椿	7 367	4452	26604116339
鞘	8 367	4453	26572258215
娴	9 367	4454	26503365763
脇	10 367	4455	26465253971
桁	11 367	4456	26449290815
痩	12 367	4457	26421659449
訟	13 367	4458	26420825490
幡	1 368	4459	26409827523
欄	2 368	4460	26376562195
蝗	3 368	4461	26351571443
兀	4 368	4462	26344327134
茧	5 368	4463	26308420363
樵	6 368	4464	26271947028
喚	7 368	4465	26264678021
洼	8 368	4466	26247230544
琦	9 368	4467	26220792754
帛	10 368	4468	26092888085
羯	11 368	4469	25899002893
孺	12 368	4470	25808273916
缪	13 368	4471	25806702142
峭	1 369	4472	25768814195
迥	2 369	4473	25760942985
烬	3 369	4474	25724804140
钴	4 369	4475	25654455757
戊	5 369	4476	25622295271
啬	6 369	4477	25480149544
碉	7 369	4478	25442561071
捻	8 369	4479	25422437913
煲	9 369	4480	25393293947
腸	10 369	4481	25377654996
跷	11 369	4482	25357159981
锭	12 369	4483	25348574269
狈	13 369	4484	25344146080
咄	1 370	4485	25328393903
紛	2 370	4486	25297233494
嶋	3 370	4487	25229682367
蜕	4 370	4488	25155613549
裆	5 370	4489	25082293888
遛	6 370	4490	24884428214
胯	7 370	4491	24862078756
炳	8 370	4492	24839049589
幺	9 370	4493	24697357086
涸	10 370	4494	24696678700
弛	11 370	4495	24680200254
噌	12 370	4496	24645602793
诙	13 370	4497	24629009905
娄	1 371	4498	24605482267
孀	2 371	4499	24559947660
屄	3 371	4500	24555492163
咩	4 371	4501	24485681157
掣	5 371	4502	24474557457
箇	6 371	4503	24418625107
滝	7 371	4504	24412818307
搐	8 371	4505	24400438255
蘸	9 371	4506	24355468171
鶏	10 371	4507	24328754302
舖	11 371	4508	24284069188
泞	12 371	4509	24278007448
蹊	13 371	4510	24260617210
覗	1 372	4511	24254504898
斓	2 372	4512	24249584098
戯	3 372	4513	24221266408
惬	4 372	4514	24133987162
踝	5 372	4515	24007019975
丼	6 372	4516	23997084995
汹	7 372	4517	23966489548
隼	8 372	4518	23959231264
讥	9 372	4519	23921776828
鳝	10 372	4520	23894273449
帚	11 372	4521	23858748971
蜴	12 372	4522	23851276515
瘀	13 372	4523	23844003679
鲶	1 373	4524	23820938623
轶	2 373	4525	23804229142
脐	3 373	4526	23735596285
芋	4 373	4527	23734557101
蹬	5 373	4528	23694827734
驸	6 373	4529	23685216688
浣	7 373	4530	23640464148
吝	8 373	4531	23632667183
妲	9 373	4532	23617864127
喰	10 373	4533	23603064863
嚎	11 373	4534	23581415323
噴	12 373	4535	23552130583
遁	13 373	4536	23524275090
斬	1 374	4537	23521758616
沅	2 374	4538	23510071707
刈	3 374	4539	23421985729
崴	4 374	4540	23417598756
嫡	5 374	4541	23374851754
荤	6 374	4542	23352289884
囤	7 374	4543	23275609525
緯	8 374	4544	23251821244
钨	9 374	4545	23219621911
樽	10 374	4546	23217858485
朦	11 374	4547	23189257862
拴	12 374	4548	23161451842
痔	13 374	4549	23159573255
濮	1 375	4550	23123818758
咔	2 375	4551	23076078130
惦	3 375	4552	23041429633
鲑	4 375	4553	23013177949
湄	5 375	4554	22974572804
痣	6 375	4555	22971616242
箴	7 375	4556	22938770596
麾	8 375	4557	22895802103
缄	9 375	4558	22877830828
菏	10 375	4559	22871840126
穏	11 375	4560	22824052259
滔	12 375	4561	22759784836
戌	13 375	4562	22722719290
喱	1 376	4563	22722064732
卯	2 376	4564	22659954581
馴	3 376	4565	22653919494
霖	4 376	4566	22653037183
橹	5 376	4567	22650444604
摹	6 376	4568	22641537315
鸵	7 376	4569	22593846151
梢	8 376	4570	22566464696
斟	9 376	4571	22533390957
咚	10 376	4572	22523316148
涟	11 376	4573	22505767786
驮	12 376	4574	22472968150
暹	13 376	4575	22449617012
赡	1 377	4576	22409875711
杞	2 377	4577	22362051513
妬	3 377	4578	22341595386
氦	4 377	4579	22288753108
猬	5 377	4580	22270416913
渚	6 377	4581	22222474852
潔	7 377	4582	22214913785
栩	8 377	4583	22173341425
卞	9 377	4584	22159569091
鍛	10 377	4585	22156222297
塁	11 377	4586	22094749281
呎	12 377	4587	22092380236
慶	13 377	4588	22070383052
瑛	1 378	4589	22069237405
坷	2 378	4590	22009397681
坨	3 378	4591	22008941722
祺	4 378	4592	21907399066
箫	5 378	4593	21860531290
惋	6 378	4594	21830437783
祟	7 378	4595	21822991938
睽	8 378	4596	21791055124
袄	9 378	4597	21785581873
斉	10 378	4598	21771737628
蘭	11 378	4599	21764698566
铢	12 378	4600	21753780301
烩	13 378	4601	21639837736
睇	1 379	4602	21589496272
傘	2 379	4603	21576907536
ゞ	3 379	4604	21519230383
撲	4 379	4605	21515792197
夔	5 379	4606	21499784711
輔	6 379	4607	21421762184
斎	7 379	4608	21419130445
龌	8 379	4609	21413844460
愕	9 379	4610	21363122850
栃	10 379	4611	21318525359
淄	11 379	4612	21268621846
璐	12 379	4613	21267256303
珑	13 379	4614	21263982373
鋼	1 380	4615	21253755187
堅	2 380	4616	21250934886
茱	3 380	4617	21242754125
撷	4 380	4618	21215395144
讷	5 380	4619	21215047744
炽	6 380	4620	21171259963
蔼	7 380	4621	21169362529
谩	8 380	4622	21162760894
儲	9 380	4623	21114012273
氪	10 380	4624	21098059336
剰	11 380	4625	20981089551
岌	12 380	4626	20947486065
悴	13 380	4627	20850384037
皋	1 381	4628	20821535794
瓮	2 381	4629	20750066175
軟	3 381	4630	20746892216
胤	4 381	4631	20706104513
餌	5 381	4632	20692366175
俾	6 381	4633	20671625126
憔	7 381	4634	20663697870
昙	8 381	4635	20659604950
岚	9 381	4636	20644286086
丕	10 381	4637	20643059485
蒿	11 381	4638	20633870678
咁	12 381	4639	20617808869
恿	13 381	4640	20598198796
赘	1 382	4641	20579713884
铛	2 382	4642	20572311151
毡	3 382	4643	20548149490
侗	4 382	4644	20453448263
钊	5 382	4645	20453324914
戟	6 382	4646	20402508368
夯	7 382	4647	20356952150
丿	8 382	4648	20344897041
榻	9 382	4649	20231566282
赃	10 382	4650	20222127361
癣	11 382	4651	20159539570
耦	12 382	4652	20149169716
糗	13 382	4653	20148490244
垬	1 383	4654	20148490243
蟆	2 383	4655	20131957093
捶	3 383	4656	20125379271
潤	4 383	4657	20123499040
沁	5 383	4658	20120570728
耙	6 383	4659	20084250558
蚪	7 383	4660	20048500397
腫	8 383	4661	19954696568
睬	9 383	4662	19940227399
捎	10 383	4663	19937661454
舷	11 383	4664	19918106509
軒	12 383	4665	19887060602
蝌	13 383	4666	19851706712
谒	1 384	4667	19845392725
璀	2 384	4668	19814369978
胭	3 384	4669	19813692565
酢	4 384	4670	19813088357
裳	5 384	4671	19795829677
赈	6 384	4672	19786593736
诘	7 384	4673	19763282962
糜	8 384	4674	19743282591
龈	9 384	4675	19732667464
賭	10 384	4676	19728644108
诣	11 384	4677	19684883467
汛	12 384	4678	19644437820
兖	13 384	4679	19641825505
蘇	1 385	4680	19597136938
觊	2 385	4681	19552252564
伶	3 385	4682	19552239238
銘	4 385	4683	19537734313
寅	5 385	4684	19484670021
浚	6 385	4685	19477252564
诟	7 385	4686	19423403677
拮	8 385	4687	19414971168
啓	9 385	4688	19374912530
龊	10 385	4689	19363177810
涕	11 385	4690	19361634346
ヲ	12 385	4691	19337506076
鉱	13 385	4692	19304335156
砷	1 386	4693	19282443742
郴	2 386	4694	19273750936
撅	3 386	4695	19241658803
璨	4 386	4696	19166687779
觎	5 386	4697	19122997213
妩	6 386	4698	19008230474
嫦	7 386	4699	18970823225
稷	8 386	4700	18931900361
姦	9 386	4701	18880728604
瞥	10 386	4702	18836924317
畿	11 386	4703	18829962902
羨	12 386	4704	18808775326
嘅	13 386	4705	18803665171
醚	1 387	4706	18799531633
屹	2 387	4707	18767924598
鹫	3 387	4708	18753897781
筐	4 387	4709	18736432920
暱	5 387	4710	18732647477
湃	6 387	4711	18690115846
岬	7 387	4712	18661996308
薦	8 387	4713	18643671329
溴	9 387	4714	18621756298
軌	10 387	4715	18599669476
玷	11 387	4716	18595235782
孪	12 387	4717	18545107690
熹	13 387	4718	18497574575
砥	1 388	4719	18491202335
嫣	2 388	4720	18487030054
獾	3 388	4721	18456532579
跆	4 388	4722	18430894064
醤	5 388	4723	18424894130
恙	6 388	4724	18382009413
嘤	7 388	4725	18375641497
繊	8 388	4726	18347330199
圩	9 388	4727	18346894641
鋭	10 388	4728	18298092810
敝	11 388	4729	18289935597
猝	12 388	4730	18266627926
駒	13 388	4731	18262337242
霧	1 389	4732	18247001081
叱	2 389	4733	18226782619
紗	3 389	4734	18206184655
涮	4 389	4735	18197216812
紋	5 389	4736	18196539787
芮	6 389	4737	18182189453
葩	7 389	4738	18173294171
鹊	8 389	4739	18170201782
懲	9 389	4740	18151733992
漬	10 389	4741	18149689694
涧	11 389	4742	18131378059
诩	12 389	4743	18094905973
墜	13 389	4744	18043979941
吮	1 390	4745	18039398446
痞	2 390	4746	18036658432
榛	3 390	4747	17982258934
搔	4 390	4748	17970585664
韭	5 390	4749	17935073257
樊	6 390	4750	17926395059
弩	7 390	4751	17883710151
膚	8 390	4752	17859541956
蜻	9 390	4753	17856196304
棟	10 390	4754	17818324885
鬱	11 390	4755	17761259695
玮	12 390	4756	17739191568
窖	13 390	4757	17725568352
龛	1 391	4758	17709692365
漕	2 391	4759	17704625641
蜓	3 391	4760	17694020235
ヵ	4 391	4761	17672127232
魇	5 391	4762	17642203561
錯	6 391	4763	17622418949
孜	7 391	4764	17619716973
秆	8 391	4765	17577711136
酉	9 391	4766	17566003557
啵	10 391	4767	17548601392
鹘	11 391	4768	17542926739
嗦	12 391	4769	17535212406
砕	13 391	4770	17523430751
谟	1 393	4771	17510181049
冉	2 393	4772	17481558477
骡	3 393	4773	17475723532
鎮	4 393	4774	17451166417
荘	5 393	4775	17444121959
樟	6 393	4776	17437608338
錦	7 393	4777	17429406590
蓋	8 393	4778	17418489133
刽	9 393	4779	17413964974
耘	10 393	4780	17219993811
霏	11 393	4781	17207941904
漓	12 393	4782	17195620431
敖	13 393	4783	17182215792
俚	1 394	4784	17155099272
钚	2 394	4785	17149146454
迳	3 394	4786	17128176796
怼	4 394	4787	17113327750
烊	5 394	4788	17084390135
惘	6 394	4789	17077907926
嘶	7 394	4790	17075304459
烽	8 394	4791	17068707680
籠	9 394	4792	17058261619
玖	10 394	4793	17033924248
筏	11 394	4794	17024768532
蜷	12 394	4795	17013949526
堺	13 394	4796	16998506232
讧	1 395	4797	16974679186
噱	2 395	4798	16971931819
遽	3 395	4799	16956496507
杵	4 395	4800	16955118373
泾	5 395	4801	16919198497
麝	6 395	4802	16895901421
疎	7 395	4803	16889510201
彡	8 395	4804	16775446706
肏	9 395	4805	16758784226
冇	10 395	4806	16758784225
殃	11 395	4807	16746966749
闰	12 395	4808	16723448551
岖	13 395	4809	16712862058
砾	1 396	4810	16692028687
罠	2 396	4811	16647590790
焘	3 396	4812	16565669236
铯	4 396	4813	16535813257
叁	5 396	4814	16526689255
檐	6 396	4815	16506523510
熵	7 396	4816	16497751303
眯	8 396	4817	16496079724
戛	9 396	4818	16483232657
湧	10 396	4819	16477012291
凋	11 396	4820	16456124547
晖	12 396	4821	16448696560
荞	13 396	4822	16432471630
攫	1 397	4823	16398643404
譜	2 397	4824	16385670040
紳	3 397	4825	16330025668
馁	4 397	4826	16328793736
彫	5 397	4827	16316230510
殻	6 397	4828	16271364522
笈	7 397	4829	16245163459
箕	8 397	4830	16226921880
寛	9 397	4831	16169080965
顕	10 397	4832	16161201547
籁	11 397	4833	16152885523
淖	12 397	4834	16149323506
笙	13 397	4835	16149258606
嫔	1 398	4836	16119147925
枸	2 398	4837	16110623181
镳	3 398	4838	16093523008
蟋	4 398	4839	16047554871
賠	5 398	4840	15957643955
倶	6 398	4841	15953942400
蛎	7 398	4842	15949229545
簸	8 398	4843	15926277264
辻	9 398	4844	15925988257
呑	10 398	4845	15925936931
讐	11 398	4846	15882622943
渍	12 398	4847	15861434563
蟀	13 398	4848	15844776444
槍	1 399	4849	15834976560
疣	2 399	4850	15830484210
垛	3 399	4851	15826110391
炀	4 399	4852	15818620582
瘠	5 399	4853	15814139113
篠	6 399	4854	15793444779
祎	7 399	4855	15782208256
颍	8 399	4856	15779489158
昊	9 399	4857	15773337732
綱	10 399	4858	15770007574
荀	11 399	4859	15760481509
翱	12 399	4860	15756532553
皙	13 399	4861	15755786013
拗	1 400	4862	15729908536
瘸	2 400	4863	15727594645
糠	3 400	4864	15696634508
蛹	4 400	4865	15650392848
鳅	5 400	4866	15639265135
孰	6 400	4867	15629182761
蛆	7 400	4868	15615106530
飢	8 400	4869	15588516255
硼	9 400	4870	15587473338
濂	10 400	4871	15541521238
爺	11 400	4872	15532797137
喪	12 400	4873	15529074673
贅	13 400	4874	15494807061
唁	1 401	4875	15481245961
蒼	2 401	4876	15450706696
榔	3 401	4877	15434922777
鷹	4 401	4878	15414074961
袒	5 401	4879	15409838422
涪	6 401	4880	15386037881
钯	7 401	4881	15385174525
剽	8 401	4882	15379896988
烃	9 401	4883	15378654925
弑	10 401	4884	15313978067
湮	11 401	4885	15305230784
罔	12 401	4886	15252528621
颚	13 401	4887	15239730619
掸	1 402	4888	15223548664
鎌	2 402	4889	15209628431
貝	3 402	4890	15190265935
辕	4 402	4891	15187817288
轼	5 402	4892	15164746480
诿	6 402	4893	15149660149
拂	7 402	4894	15066915452
訂	8 402	4895	15063935102
圜	9 402	4896	15046591463
擬	10 402	4897	15020477274
趸	11 402	4898	14988521989
紐	12 402	4899	14984113565
苷	13 402	4900	14964009913
絆	1 403	4901	14938395547
粜	2 403	4902	14936282164
胪	3 403	4903	14936282164
餅	4 403	4904	14906341903
喙	5 403	4905	14879870809
漪	6 403	4906	14853587475
饨	7 403	4907	14825228806
恺	8 403	4908	14809489192
銅	9 403	4909	14771384562
粱	10 403	4910	14753935990
衢	11 403	4911	14741196866
擢	12 403	4912	14727667570
焖	13 403	4913	14684992669
懵	1 404	4914	14655331792
虜	2 404	4915	14643153064
ヮ	3 404	4916	14640847654
錠	4 404	4917	14638729907
盂	5 404	4918	14625646360
壇	6 404	4919	14616556450
雹	7 404	4920	14603544029
柩	8 404	4921	14602921418
牒	9 404	4922	14598733309
臃	10 404	4923	14522051233
榷	11 404	4924	14505113747
阑	12 404	4925	14464029043
觐	13 404	4926	14450114233
邺	1 405	4927	14432570470
辿	2 405	4928	14426936998
栎	3 405	4929	14386046905
疱	4 405	4930	14292607812
镂	5 405	4931	14266717138
纭	6 405	4932	14255738866
佯	7 405	4933	14253774132
崽	8 405	4934	14217207859
钼	9 405	4935	14213707426
馄	10 405	4936	14208107833
檄	11 405	4937	14138880405
撵	12 405	4938	14114783368
憂	13 405	4939	14046136063
塊	1 406	4940	13986968661
耆	2 406	4941	13981109731
硒	3 406	4942	13928283586
氖	4 406	4943	13910487112
貿	5 406	4944	13888956670
蚣	6 406	4945	13816307776
曇	7 406	4946	13814928712
缜	8 406	4947	13803483979
飚	9 406	4948	13780860688
蚓	10 406	4949	13736411255
慵	11 406	4950	13728507229
蜈	12 406	4951	13674064575
帼	13 406	4952	13618359334
虻	1 407	4953	13609016110
垩	2 407	4954	13560856039
濠	3 407	4955	13553682052
膺	4 407	4956	13537487149
猟	5 407	4957	13493084270
鲈	6 407	4958	13461515434
滁	7 407	4959	13425996986
觑	8 407	4960	13395557710
谶	9 407	4961	13378492972
诃	10 407	4962	13364015365
陲	11 407	4963	13352035573
邃	12 407	4964	13329958351
篝	13 407	4965	13312203303
鲔	1 408	4966	13311975493
荃	2 408	4967	13306708994
欸	3 408	4968	13300090534
嘆	4 408	4969	13237929889
苣	5 408	4970	13237098021
暦	6 408	4971	13227637196
叻	7 408	4972	13222703926
琊	8 408	4973	13217138991
僭	9 408	4974	13208135410
黜	10 408	4975	13157816095
臼	11 408	4976	13143881102
鉛	12 408	4977	13138508674
殇	13 408	4978	13132641943
畳	1 409	4979	13072142172
荥	2 409	4980	13060873522
隈	3 409	4981	13045555440
啾	4 409	4982	13030055986
恁	5 409	4983	13008957933
蹒	6 409	4984	12969098443
豺	7 409	4985	12963915517
錬	8 409	4986	12949596737
莹	9 409	4987	12926481103
曖	10 409	4988	12923233556
扈	11 409	4989	12903762181
甭	12 409	4990	12893491693
傑	13 409	4991	12883263590
跚	1 410	4992	12839710124
缃	2 410	4993	12831481000
叽	3 410	4994	12792701701
瞠	4 410	4995	12790281638
厩	5 410	4996	12775308611
苫	6 410	4997	12775288500
藓	7 410	4998	12770789590
穫	8 410	4999	12769278014
岘	9 410	5000	12727278829
淼	10 410	5001	12720344907
潼	11 410	5002	12718746632
氐	12 410	5003	12712837907
镠	13 410	5004	12712837897
谧	1 411	5005	12703681108
猕	2 411	5006	12697383844
辊	3 411	5007	12695858506
踵	4 411	5008	12675284162
綿	5 411	5009	12667571687
縫	6 411	5010	12652028155
溝	7 411	5011	12650119253
璜	8 411	5012	12648006436
姝	9 411	5013	12626278924
瀚	10 411	5014	12599985318
脓	11 411	5015	12587679388
哽	12 411	5016	12580843960
鲛	13 411	5017	12544865029
曳	1 412	5018	12515967495
鸾	2 412	5019	12498516685
袂	3 412	5020	12485351532
螨	4 412	5021	12480401134
芹	5 412	5022	12443813849
嘞	6 412	5023	12423458377
茹	7 412	5024	12387498527
襟	8 412	5025	12374786098
衩	9 412	5026	12366985951
闾	10 412	5027	12359461897
萦	11 412	5028	12356478595
磊	12 412	5029	12307961304
榕	13 412	5030	12297202294
擁	1 414	5031	12261044025
髭	2 414	5032	12241359757
灏	3 414	5033	12237171482
雉	4 414	5034	12231094568
霓	5 414	5035	12208276686
铿	6 414	5036	12173175676
謙	7 414	5037	12161491166
聡	8 414	5038	12113623467
捌	9 414	5039	12074310873
酎	10 414	5040	12064421968
乜	11 414	5041	12033032141
荚	12 414	5042	11999169523
鞅	13 414	5043	11993033207
矜	1 415	5044	11993021551
阖	2 415	5045	11968896529
涓	3 415	5046	11884465263
滦	4 415	5047	11880964684
槐	5 415	5048	11879911023
佢	6 415	5049	11864310643
抡	7 415	5050	11864310643
揩	8 415	5051	11853718166
玑	9 415	5052	11825032816
鳩	10 415	5053	11810132545
腆	11 415	5054	11739598150
坜	12 415	5055	11715507010
跺	13 415	5056	11713408093
獭	1 416	5057	11695639681
龋	2 416	5058	11692164457
晗	3 416	5059	11687362844
饷	4 416	5060	11665248760
詫	5 416	5061	11647437720
蚯	6 416	5062	11626605327
钒	7 416	5063	11617971472
暫	8 416	5064	11615762481
宥	9 416	5065	11599117739
摁	10 416	5066	11594245960
攥	11 416	5067	11594245960
珈	12 416	5068	11563672353
顎	13 416	5069	11550766621
隻	1 417	5070	11532807571
藍	2 417	5071	11531399625
腼	3 417	5072	11523487438
鯖	4 417	5073	11519454429
憑	5 417	5074	11506185239
褂	6 417	5075	11493825436
倩	7 417	5076	11484771908
燎	8 417	5077	11471072833
螳	9 417	5078	11465551138
翟	10 417	5079	11435465703
諾	11 417	5080	11374218480
闫	12 417	5081	11346720454
祛	13 417	5082	11346323996
枰	1 418	5083	11330328701
瘴	2 418	5084	11289580813
磯	3 418	5085	11276577901
痺	4 418	5086	11258634893
茗	5 418	5087	11257046306
珲	6 418	5088	11255406931
楔	7 418	5089	11252609995
鳳	8 418	5090	11207675340
砚	9 418	5091	11176557688
癞	10 418	5092	11160438310
櫻	11 418	5093	11152009028
筈	12 418	5094	11123629810
锑	13 418	5095	11100432007
醯	1 419	5096	11084721620
峪	2 419	5097	11079243983
鈍	3 419	5098	11075301593
醸	4 419	5099	11041759934
彤	5 419	5100	11028435749
窮	6 419	5101	10976580096
瞌	7 419	5102	10963478431
鳎	8 419	5103	10914467842
莴	9 419	5104	10908161146
晟	10 419	5105	10895824777
勲	11 419	5106	10888049529
騰	12 419	5107	10884894375
暄	13 419	5108	10881363823
蕨	1 420	5109	10877176679
剐	2 420	5110	10864343764
嘢	3 420	5111	10861159402
铵	4 420	5112	10859406121
烏	5 420	5113	10832969423
腚	6 420	5114	10820379907
怅	7 420	5115	10807681321
愫	8 420	5116	10800147764
艶	9 420	5117	10788207771
鼬	10 420	5118	10778762818
茁	11 420	5119	10742960108
跛	12 420	5120	10731220986
麋	13 420	5121	10725711737
庑	1 421	5122	10708232635
惆	2 421	5123	10708232635
箸	3 421	5124	10688568909
圃	4 421	5125	10673942736
諭	5 421	5126	10659581550
珪	6 421	5127	10634505988
褶	7 421	5128	10586535997
巿	8 421	5129	10574077990
箐	9 421	5130	10574077988
刎	10 421	5131	10561254870
缭	11 421	5132	10558522063
瘍	12 421	5133	10549133733
國	13 421	5134	10524165442
蛟	1 422	5135	10521994697
幣	2 422	5136	10512527267
餃	3 422	5137	10510190025
粛	4 422	5138	10505321846
昕	5 422	5139	10498430104
镭	6 422	5140	10437216985
仄	7 422	5141	10429536182
髄	8 422	5142	10416255484
卅	9 422	5143	10412027533
僅	10 422	5144	10367063479
蚝	11 422	5145	10345120626
胴	12 422	5146	10323195878
泗	13 422	5147	10311103763
黍	1 425	5148	10294492687
珮	2 425	5149	10276117438
陳	3 425	5150	10253879033
廻	4 425	5151	10248151766
曽	5 425	5152	10246623041
腓	6 425	5153	10244845889
虱	7 425	5154	10229972607
袤	8 425	5155	10224762545
唄	9 425	5156	10219606560
蜚	10 425	5157	10202650918
犷	11 425	5158	10199147743
缨	12 425	5159	10174522123
碁	13 425	5160	10119889460
桅	1 426	5161	10110620089
谯	2 426	5162	10106217172
硌	3 426	5163	10098166087
腭	4 426	5164	10065980836
酰	5 426	5165	10065418381
閥	6 426	5166	10047433632
挞	7 426	5167	10047086317
孚	8 426	5168	10038103786
酣	9 426	5169	9997052531
梶	10 426	5170	9972401256
膻	11 426	5171	9956050751
奚	12 426	5172	9918253818
鹭	13 426	5173	9917641720
醜	1 427	5174	9905617644
芈	2 427	5175	9868303766
啲	3 427	5176	9868303765
谳	4 427	5177	9868303765
阇	5 427	5178	9868303765
馀	6 427	5179	9868303765
嬴	7 427	5180	9859493334
咫	8 427	5181	9851381200
瘪	9 427	5182	9849717046
嬷	10 427	5183	9809394751
峨	11 427	5184	9808451122
躇	12 427	5185	9788399343
笺	13 427	5186	9777428164
萩	1 428	5187	9767084231
黝	2 428	5188	9717191599
荻	3 428	5189	9714320753
娑	4 428	5190	9675444413
仨	5 428	5191	9674648479
搾	6 428	5192	9665548483
薫	7 428	5193	9659960783
頬	8 428	5194	9659661534
呷	9 428	5195	9655976437
搽	10 428	5196	9654628303
粿	11 428	5197	9643673752
劵	12 428	5198	9643673746
轄	13 428	5199	9642172789
腎	1 429	5200	9629863225
砦	2 429	5201	9614799258
姪	3 429	5202	9607464149
铣	4 429	5203	9602820559
佟	5 429	5204	9525124392
痢	6 429	5205	9524531610
躊	7 429	5206	9469763533
懇	8 429	5207	9456358822
駿	9 429	5208	9453847104
蜍	10 429	5209	9451875061
孛	11 429	5210	9424156940
膥	12 429	5211	9424156934
铉	13 429	5212	9419237092
讫	1 430	5213	9415720765
毓	2 430	5214	9400807176
糧	3 430	5215	9345664109
梱	4 430	5216	9304207414
厝	5 430	5217	9294850373
靛	6 430	5218	9279761627
槻	7 430	5219	9272191601
岔	8 430	5220	9262139477
钜	9 430	5221	9251151112
鴨	10 430	5222	9235682706
苻	11 430	5223	9209636961
槭	12 430	5224	9209636930
厍	13 430	5225	9209636929
筽	1 431	5226	9209636929
钍	2 431	5227	9209636929
賑	3 431	5228	9193925766
捋	4 431	5229	9192290797
綻	5 431	5230	9180127919
呉	6 431	5231	9151442514
罵	7 431	5232	9113907238
蛍	8 431	5233	9108446549
璟	9 431	5234	9103766057
牝	10 431	5235	9050107904
淞	11 431	5236	9043580700
偃	12 431	5237	9022652515
绀	13 431	5238	9007428178
璘	1 432	5239	9000000009
哋	2 432	5240	9000000001
殁	3 432	5241	9000000001
椋	4 432	5242	8997169552
暁	5 432	5243	8976741964
薔	6 432	5244	8954391324
锺	7 432	5245	8948285560
犊	8 432	5246	8913166543
炯	9 432	5247	8911826888
捗	10 432	5248	8899078541
沣	11 432	5249	8881728085
郢	12 432	5250	8823384288
笹	13 432	5251	8811451871
菈	1 433	5252	8795134981
蚬	2 433	5253	8787282670
蕎	3 433	5254	8772413363
铍	4 433	5255	8736153850
娓	5 433	5256	8692834870
壌	6 433	5257	8681700890
碛	7 433	5258	8660414440
壺	8 433	5259	8659338946
锗	9 433	5260	8630170129
峦	10 433	5261	8597252719
棲	11 433	5262	8578584247
偈	12 433	5263	8577622717
ぢ	13 433	5264	8563638494
恃	1 434	5265	8551317650
锉	2 434	5266	8546198905
饬	3 434	5267	8540733880
槃	4 434	5268	8533329630
俟	5 434	5269	8530325459
冨	6 434	5270	8526033415
鯨	7 434	5271	8512090288
瑠	8 434	5272	8493996399
泷	9 434	5273	8453587825
闱	10 434	5274	8417541880
賄	11 434	5275	8391540097
餓	12 434	5276	8363412944
噎	13 434	5277	8361812837
飨	1 435	5278	8357748949
婕	2 435	5279	8352672084
娣	3 435	5280	8343715485
蠹	4 435	5281	8336123074
篆	5 435	5282	8287262374
舀	6 435	5283	8282965663
釘	7 435	5284	8282395366
琏	8 435	5285	8267487265
锹	9 435	5286	8253959005
哂	10 435	5287	8244694263
鳕	11 435	5288	8223879358
髻	12 435	5289	8211990544
瘆	13 435	5290	8208097552
鮠	1 436	5291	8208097552
锆	2 436	5292	8179290046
嵩	3 436	5293	8162459548
旻	4 436	5294	8156745247
珩	5 436	5295	8143078330
纏	6 436	5296	8137501598
揖	7 436	5297	8134966426
揆	8 436	5298	8102467494
谔	9 436	5299	8089530418
佥	10 436	5300	8079367321
铮	11 436	5301	8039130319
汎	12 436	5302	8036158668
碇	13 436	5303	8031932163
嶺	1 437	5304	8030105839
鉢	2 437	5305	8024798076
孖	3 437	5306	8021258443
锾	4 437	5307	8021258443
鸮	5 437	5308	8021258443
饕	6 437	5309	7992574672
羲	7 437	5310	7990984219
鷲	8 437	5311	7987426138
鎧	9 437	5312	7954312537
谘	10 437	5313	7953747283
昴	11 437	5314	7938111520
迸	12 437	5315	7922974600
辔	13 437	5316	7902782236
腮	1 438	5317	7891511564
巽	2 438	5318	7873710295
鲆	3 438	5319	7869192157
篓	4 438	5320	7868612143
铋	5 438	5321	7863849514
謡	6 438	5322	7839663453
橐	7 438	5323	7838672303
唛	8 438	5324	7838672302
叡	9 438	5325	7828398378
悶	10 438	5326	7786172038
璞	11 438	5327	7738529466
炔	12 438	5328	7735921534
鲂	13 438	5329	7735101076
爰	1 439	5330	7707015861
鲫	2 439	5331	7706661922
倣	3 439	5332	7705962601
鐘	4 439	5333	7692934516
嗟	5 439	5334	7679889220
這	6 439	5335	7670857711
淝	7 439	5336	7668943859
柊	8 439	5337	7663833945
咗	9 439	5338	7660242343
胔	10 439	5339	7660242343
嗳	11 439	5340	7631311132
缙	12 439	5341	7600462813
殓	13 439	5342	7583203108
綴	1 440	5343	7579205212
潞	2 440	5344	7567177802
舛	3 440	5345	7561866541
塵	4 440	5346	7513383010
薩	5 440	5347	7509309981
蓼	6 440	5348	7501631479
祁	7 440	5349	7499199290
蚤	8 440	5350	7498012659
獅	9 440	5351	7489955088
硐	10 440	5352	7485873943
咤	11 440	5353	7476473312
懋	12 440	5354	7453963055
鹄	13 440	5355	7416042202
嗤	1 441	5356	7364084982
澹	2 441	5357	7358124731
轭	3 441	5358	7354953514
遡	4 441	5359	7351327049
蛭	5 441	5360	7346860815
漾	6 441	5361	7344222853
姣	7 441	5362	7338971388
咻	8 441	5363	7337053000
雛	9 441	5364	7327206538
敍	10 441	5365	7315474649
绲	11 441	5366	7315474645
绾	12 441	5367	7315474645
俣	13 441	5368	7310882687
贻	1 442	5369	7284980062
憤	2 442	5370	7271614052
翊	3 442	5371	7265644020
兎	4 442	5372	7233328320
舫	5 442	5373	7226254917
撫	6 442	5374	7189874836
佽	7 442	5375	7148954108
嗬	8 442	5376	7148954107
荩	9 442	5377	7148954107
濱	10 442	5378	7148904033
渓	11 442	5379	7128101152
铳	12 442	5380	7108418629
瑾	13 442	5381	7103577394
楓	1 443	5382	7096053898
薮	2 443	5383	7090985387
焗	3 443	5384	7055007392
遷	4 443	5385	7042566424
猶	5 443	5386	7014496787
洹	6 443	5387	6986224050
咭	7 443	5388	6986224045
椤	8 443	5389	6986224045
硷	9 443	5390	6986224045
裇	10 443	5391	6986224045
跶	11 443	5392	6986224045
榫	12 443	5393	6986112202
樋	13 443	5394	6985295745
篤	1 444	5395	6985087122
謹	2 444	5396	6980782051
骋	3 444	5397	6972850081
淵	4 444	5398	6972142631
裾	5 444	5399	6970639850
岑	6 444	5400	6968093916
鸢	7 444	5401	6967744363
濁	8 444	5402	6967707675
鹬	9 444	5403	6951432754
娯	10 444	5404	6930612425
矾	11 444	5405	6924851812
蹿	12 444	5406	6912956818
淦	13 444	5407	6903279443
渦	1 445	5408	6902962090
牽	2 445	5409	6896890547
熨	3 445	5410	6874138288
峠	4 445	5411	6873350647
迩	5 445	5412	6865604096
戍	6 445	5413	6845453479
紺	7 445	5414	6838575385
鲷	8 445	5415	6832777789
哐	9 445	5416	6814628101
碓	10 445	5417	6812388283
锶	11 445	5418	6804665587
瓯	12 445	5419	6798608371
轢	13 445	5420	6774811279
馳	1 446	5421	6773432755
鞄	2 446	5422	6760829767
涞	3 446	5423	6756318037
頓	4 446	5424	6754040246
魉	5 446	5425	6751259254
褚	6 446	5426	6745177203
箔	7 446	5427	6742486670
徕	8 446	5428	6727703725
杓	9 446	5429	6716623206
嬤	10 446	5430	6693221449
諏	11 446	5431	6684338760
斛	12 446	5432	6679370886
谙	13 446	5433	6677935525
舂	1 447	5434	6671792178
嘭	2 447	5435	6671792170
笕	3 447	5436	6671792170
謳	4 447	5437	6639825364
缬	5 447	5438	6633434098
嗝	6 447	5439	6591315790
飴	7 447	5440	6569501237
钕	8 447	5441	6562019800
蹇	9 447	5442	6555404985
艮	10 447	5443	6552282014
掻	11 447	5444	6541704885
坳	12 447	5445	6540865133
於	13 447	5446	6536476501
楹	1 448	5447	6527329833
埗	2 448	5448	6519923646
炜	3 448	5449	6511726675
螯	4 448	5450	6504256566
臧	5 448	5451	6487045247
煩	6 448	5452	6481549588
詮	7 448	5453	6466791641
谌	8 448	5454	6465165805
讃	9 448	5455	6461408353
俵	10 448	5456	6458330453
貘	11 448	5457	6450944885
漱	12 448	5458	6432118924
渇	13 448	5459	6410039385
驷	1 449	5460	6399712981
瞑	2 449	5461	6396545233
蚩	3 449	5462	6392126246
恚	4 449	5463	6386647669
蟮	5 449	5464	6371512057
澧	6 449	5465	6348771653
铡	7 449	5466	6347448118
苺	8 449	5467	6343259335
吖	9 449	5468	6332219506
啼	10 449	5469	6296067669
嬛	11 449	5470	6292548079
膣	12 449	5471	6279275996
徨	13 449	5472	6275518925
瀧	1 450	5473	6275174569
矯	2 450	5474	6272412792
镓	3 450	5475	6271585579
傭	4 450	5476	6267838424
〒	5 450	5477	6257692640
娲	6 450	5478	6246477703
缢	7 450	5479	6245662600
榉	8 450	5480	6241784527
僮	9 450	5481	6230710472
钬	10 450	5482	6226478731
铌	11 450	5483	6226478731
弼	12 450	5484	6216389882
條	13 450	5485	6211072561
啜	1 451	5486	6207344536
戾	2 451	5487	6206982688
壑	3 451	5488	6191900038
葆	4 451	5489	6191446534
硖	5 451	5490	6191173810
穀	6 451	5491	6190819028
栞	7 451	5492	6179895919
氩	8 451	5493	6139304569
拈	9 451	5494	6129747777
彧	10 451	5495	6108003304
嗲	11 451	5496	6104290510
畠	12 451	5497	6096194980
岀	13 451	5498	6084746776
胫	1 452	5499	6079314295
铨	2 452	5500	6075389566
琲	3 452	5501	6056152435
閃	4 452	5502	6051077235
嗔	5 452	5503	6048677594
腑	6 452	5504	6039472500
皐	7 452	5505	6039313716
宕	8 452	5506	6034259615
玥	9 452	5507	6030657619
铰	10 452	5508	6025622221
辇	11 452	5509	6018335821
卍	12 452	5510	6011703457
桡	13 452	5511	5995469044
楝	1 453	5512	5974592349
訊	2 453	5513	5967773391
訣	3 453	5514	5965560478
郃	4 453	5515	5946241036
嚯	5 453	5516	5946241033
窪	6 453	5517	5938514339
吱	7 453	5518	5911756760
匝	8 453	5519	5911688891
瓢	9 453	5520	5892805692
俑	10 453	5521	5887650858
籼	11 453	5522	5862768355
睨	12 453	5523	5836797345
帥	13 453	5524	5830600739
銮	1 454	5525	5827423429
铱	2 454	5526	5817488833
绶	3 454	5527	5813602534
苌	4 454	5528	5810888062
锜	5 454	5529	5810888062
彙	6 454	5530	5782897392
啮	7 454	5531	5773232602
睢	8 454	5532	5765535147
钽	9 454	5533	5759262451
唑	10 454	5534	5755268566
谪	11 454	5535	5737130641
泯	12 454	5536	5714713094
宸	13 454	5537	5706337177
撂	1 457	5538	5701692637
壱	2 457	5539	5697772040
吭	3 457	5540	5693265298
渕	4 457	5541	5683215446
槎	5 457	5542	5679380976
煨	6 457	5543	5678616098
皊	7 457	5544	5678616097
叟	8 457	5545	5659603788
秧	9 457	5546	5638393982
珞	10 457	5547	5637162630
蛉	11 457	5548	5635618040
咝	12 457	5549	5619111724
荨	13 457	5550	5618736370
郅	1 455	5551	5616637788
粲	2 455	5552	5607761443
嵘	3 455	5553	5600209591
钗	4 455	5554	5598916354
眞	5 455	5555	5592424887
冴	6 455	5556	5590593612
ヅ	7 455	5557	5587987078
蛰	8 455	5558	5582666629
旸	9 455	5559	5567179114
呲	10 455	5560	5549355010
囿	11 455	5561	5545297176
砜	12 455	5562	5518128619
詠	13 455	5563	5494678247
纥	1 456	5564	5488787494
纣	2 456	5565	5468248945
柵	3 456	5566	5453487044
楣	4 456	5567	5447255530
矽	5 456	5568	5443838110
啖	6 456	5569	5443581834
闳	7 456	5570	5429196469
佚	8 456	5571	5423672179
呒	9 456	5572	5423036275
頁	10 456	5573	5419295857
铆	11 456	5574	5394941902
蕙	12 456	5575	5382588495
隽	13 456	5576	5368369457
呟	1 458	5577	5362187783
侶	2 458	5578	5355025063
吡	3 458	5579	5320883287
祗	4 458	5580	5317596362
摞	5 458	5581	5316614776
艋	6 458	5582	5299592901
堋	7 458	5583	5299592896
罴	8 458	5584	5299592896
诹	9 458	5585	5299592896
闿	10 458	5586	5299592896
鹳	11 458	5587	5289737482
骞	12 458	5588	5285903221
瞿	13 458	5589	5281334136
砺	1 459	5590	5277987849
骈	2 459	5591	5265127144
粕	3 459	5592	5261038805
佃	4 459	5593	5259135970
掟	5 459	5594	5258627653
雫	6 459	5595	5255479487
藝	7 459	5596	5252806373
轟	8 459	5597	5249509738
墳	9 459	5598	5245314930
绦	10 459	5599	5229949231
臆	11 459	5600	5225210620
桧	12 459	5601	5220083549
凪	13 459	5602	5212471729
巍	1 460	5603	5210179542
皎	2 460	5604	5205662390
豢	3 460	5605	5195593856
鲱	4 460	5606	5195593855
萼	5 460	5607	5191300683
崧	6 460	5608	5178959443
龢	7 460	5609	5178959439
刂	8 460	5610	5178959434
喺	9 460	5611	5178959434
鲎	10 460	5612	5178959434
萘	11 460	5613	5178859345
掂	12 460	5614	5169204991
濫	13 460	5615	5151585035
噫	1 461	5616	5146185732
贄	2 461	5617	5144777829
囁	3 461	5618	5133718309
泓	4 461	5619	5131999025
諜	5 461	5620	5124803959
碲	6 461	5621	5105152018
灞	7 461	5622	5102903768
阡	8 461	5623	5102198816
磴	9 461	5624	5093635683
绉	10 461	5625	5073398920
嗡	11 461	5626	5065079266
瑀	12 461	5627	5061071935
鲭	13 461	5628	5061071926
胄	1 463	5629	5051472322
哝	2 463	5630	5025032272
忿	3 463	5631	5005957740
盅	4 463	5632	5001678182
汜	5 463	5633	4996592878
洩	6 463	5634	4989800975
浔	7 463	5635	4982303431
尕	8 463	5636	4961753605
檎	9 463	5637	4961232141
絢	10 463	5638	4957195939
颉	11 463	5639	4948992955
賜	12 463	5640	4948877559
凫	13 463	5641	4945867858
峁	1 464	5642	4945867858
箧	2 464	5643	4945867858
鹟	3 464	5644	4945867858
聿	4 464	5645	4945032792
祆	5 464	5646	4941452180
汴	6 464	5647	4921042512
奂	7 464	5648	4892890393
岫	8 464	5649	4877158310
〆	9 464	5650	4863389190
韻	10 464	5651	4857920052
瀕	11 464	5652	4857746667
阆	12 464	5653	4852711216
醮	13 464	5654	4852329959
乩	1 465	5655	4838776454
廣	2 465	5656	4836389878
旳	3 465	5657	4833286165
繬	4 465	5658	4833286165
亘	5 465	5659	4822953494
禿	6 465	5660	4809825328
秸	7 465	5661	4809410128
搀	8 465	5662	4808247031
藜	9 465	5663	4807993148
纶	10 465	5664	4807890478
鹸	11 465	5665	4805799394
吆	12 465	5666	4780534069
竦	13 465	5667	4772010154
镒	1 466	5668	4768373989
湍	2 466	5669	4766349232
壅	3 466	5670	4747144546
鮭	4 466	5671	4730875288
ゐ	5 466	5672	4730017356
龅	6 466	5673	4728632455
鱗	7 466	5674	4726839718
伕	8 466	5675	4723267141
疃	9 466	5676	4723267141
纮	10 466	5677	4723267141
腱	11 466	5678	4715169213
榎	12 466	5679	4712905325
妤	13 466	5680	4705431772
嘀	1 467	5681	4699776043
颞	2 467	5682	4696485607
涣	3 467	5683	4689444745
阗	4 467	5684	4687873273
颔	5 467	5685	4673732401
箋	6 467	5686	4671857743
埤	7 467	5687	4671647372
钣	8 467	5688	4661909965
钤	9 467	5689	4660282054
鯉	10 467	5690	4654870746
芗	11 467	5691	4649698063
藁	12 467	5692	4638760366
髙	13 467	5693	4633659086
洙	1 468	5694	4628460386
沓	2 468	5695	4616717350
琚	3 468	5696	4615752450
妫	4 468	5697	4615752448
锝	5 468	5698	4615752448
鲧	6 468	5699	4615752448
澪	7 468	5700	4612825934
齋	8 468	5701	4605530960
枋	9 468	5702	4599165289
燊	10 468	5703	4592153958
罄	11 468	5704	4572694558
勅	12 468	5705	4561863710
沔	13 468	5706	4556010454
蚜	1 471	5707	4550822992
椴	2 471	5708	4549535148
洌	3 471	5709	4548615362
梿	4 471	5710	4536386515
憐	5 471	5711	4534470597
筵	6 471	5712	4533310474
仟	7 471	5713	4527694389
苤	8 471	5714	4525173064
螅	9 471	5715	4525173064
喩	10 471	5716	4524513698
蹼	11 471	5717	4521155232
梆	12 471	5718	4513521407
煇	13 471	5719	4510685106
喏	1 469	5720	4510685098
嚟	2 469	5721	4510685098
硪	3 469	5722	4510685098
缁	4 469	5723	4510685098
膘	5 469	5724	4510685098
劉	6 469	5725	4508090115
圪	7 469	5726	4502189332
霰	8 469	5727	4499422479
頸	9 469	5728	4499067858
籐	10 469	5729	4477240529
惣	11 469	5730	4453604533
翎	12 469	5731	4445771695
嘣	13 469	5732	4442226409
砣	1 470	5733	4439070055
甑	2 470	5734	4435514848
痨	3 470	5735	4425026959
榖	4 470	5736	4422167561
咣	5 470	5737	4422167560
祼	6 470	5738	4422167560
湊	7 470	5739	4414659915
薙	8 470	5740	4408834441
酆	9 470	5741	4408009377
洺	10 470	5742	4408009375
妺	11 470	5743	4408009373
穞	12 470	5744	4408009372
譚	13 470	5745	4390090052
紘	1 472	5746	4378894452
莳	2 472	5747	4378448782
簪	3 472	5748	4365654148
揄	4 472	5749	4352808933
檻	5 472	5750	4352606937
轫	6 472	5751	4349766989
锕	7 472	5752	4349766988
庠	8 472	5753	4347480735
谑	9 472	5754	4345482376
隕	10 472	5755	4339926270
钇	11 472	5756	4338838990
虢	12 472	5757	4321506749
稔	13 472	5758	4313920627
玹	1 473	5759	4307670841
綝	2 473	5760	4307670835
禛	3 473	5761	4307670833
琍	4 473	5762	4307670830
髁	5 473	5763	4307670830
哞	6 473	5764	4307670829
垅	7 473	5765	4307670829
渌	8 473	5766	4307670829
镬	9 473	5767	4307670829
魍	10 473	5768	4303073842
缎	11 473	5769	4294452853
ヂ	12 473	5770	4292403599
貪	13 473	5771	4291396825
亍	1 475	5772	4286218690
屍	2 475	5773	4277284570
煜	3 475	5774	4255552903
邬	4 475	5775	4254243697
拄	5 475	5776	4253324149
骊	6 475	5777	4252348612
阊	7 475	5778	4251712429
坯	8 475	5779	4248193861
祓	9 475	5780	4237646571
蜃	10 475	5781	4234623659
繕	11 475	5782	4229261820
鲮	12 475	5783	4223137222
螫	13 475	5784	4214398106
傕	1 476	5785	4209616271
卟	2 476	5786	4209616270
啐	3 476	5787	4209616270
觯	4 476	5788	4209616270
钋	5 476	5789	4209616270
铊	6 476	5790	4209616270
铷	7 476	5791	4209616270
苕	8 476	5792	4201687551
靳	9 476	5793	4195018989
娆	10 476	5794	4193717374
惇	11 476	5795	4173338387
栾	12 476	5796	4169003914
蛄	13 476	5797	4148423545
衮	1 477	5798	4145576979
馊	2 477	5799	4131694882
馔	3 477	5800	4130876512
垚	4 477	5801	4113793703
窰	5 477	5802	4113793703
遼	6 477	5803	4110473493
廪	7 477	5804	4110120901
蠣	8 477	5805	4110110636
碴	9 477	5806	4098463399
鲇	10 477	5807	4098256714
昀	11 477	5808	4098047387
絹	12 477	5809	4097399195
婢	13 477	5810	4090014086
芊	1 479	5811	4083672944
惺	2 479	5812	4064035986
塀	3 479	5813	4058217192
庖	4 479	5814	4057205079
靭	5 479	5815	4056673728
貶	6 479	5816	4055859499
塬	7 479	5817	4055109301
昱	8 479	5818	4038532786
衿	9 479	5819	4035648048
涝	10 479	5820	4030052230
燧	11 479	5821	4026908113
揾	12 479	5822	4020152329
阌	13 479	5823	4020152329
錆	1 480	5824	4010247888
咥	2 480	5825	4003870627
堇	3 480	5826	3981247130
喃	4 480	5827	3979945097
逑	5 480	5828	3975478022
闩	6 480	5829	3964476610
袴	7 480	5830	3954872778
紡	8 480	5831	3950286058
胥	9 480	5832	3940188179
苄	10 480	5833	3938770432
槠	11 480	5834	3933105157
儚	12 480	5835	3931984403
鯛	13 480	5836	3931945643
嘬	1 481	5837	3928642489
獴	2 481	5838	3928642489
瑷	3 481	5839	3928642489
疍	4 481	5840	3928642489
糉	5 481	5841	3928642489
纡	6 481	5842	3928642489
蚋	7 481	5843	3928642489
钐	8 481	5844	3928642489
钸	9 481	5845	3928642489
鴻	10 481	5846	3925298073
儆	11 481	5847	3925134985
咂	12 481	5848	3921242977
詣	13 481	5849	3914706175
峄	1 482	5850	3913804774
镗	2 482	5851	3913804774
蓑	3 482	5852	3899539161
铟	4 482	5853	3874229722
緋	5 482	5854	3868281306
盹	6 482	5855	3863917783
舘	7 482	5856	3862486487
椽	8 482	5857	3851546929
弭	9 482	5858	3843576749
缟	10 482	5859	3843576748
劻	11 482	5860	3839215666
溏	12 482	5861	3839215665
佷	13 482	5862	3839215664
峣	1 484	5863	3839215663
涠	2 484	5864	3839215663
笾	3 484	5865	3839215663
舻	4 484	5866	3839215663
鳐	5 484	5867	3839215663
菀	6 484	5868	3835787998
澶	7 484	5869	3830845115
赊	8 484	5870	3822602320
黾	9 484	5871	3819688642
輿	10 484	5872	3815845700
勐	11 484	5873	3815405176
蛀	12 484	5874	3807856603
疝	13 484	5875	3804613043
栢	1 486	5876	3798021352
呱	2 486	5877	3782225200
摯	3 486	5878	3764330176
淸	4 486	5879	3762539714
攣	5 486	5880	3760691258
涎	6 486	5881	3752002686
晞	7 486	5882	3751824453
佺	8 486	5883	3751824451
逋	9 486	5884	3751824450
揹	10 486	5885	3751824448
猓	11 486	5886	3751824448
诜	12 486	5887	3751824448
恸	13 486	5888	3747156958
邳	1 485	5889	3746799584
楸	2 485	5890	3712273651
雯	3 485	5891	3705302516
雒	4 485	5892	3703086720
祚	5 485	5893	3696725546
傩	6 485	5894	3678198760
孬	7 485	5895	3678198760
俪	8 485	5896	3674609912
脲	9 485	5897	3674085859
镌	10 485	5898	3670587307
絪	11 485	5899	3666422495
傚	12 485	5900	3666422494
嵝	13 485	5901	3666422494
莸	1 487	5902	3666422494
鲀	2 487	5903	3666422494
謂	3 487	5904	3658371358
婵	4 487	5905	3647865538
骠	5 487	5906	3645791425
旌	6 487	5907	3645436007
鵜	7 487	5908	3644531991
應	8 487	5909	3644166505
賂	9 487	5910	3643369804
磔	10 487	5911	3637725212
潦	11 487	5912	3631383344
氾	12 487	5913	3630780561
犍	13 487	5914	3627149767
貉	1 489	5915	3619019825
邝	2 489	5916	3618794170
蔻	3 489	5917	3618390286
镧	4 489	5918	3617978590
筠	5 489	5919	3605438178
湟	6 489	5920	3601893366
钹	7 489	5921	3591332992
砹	8 489	5922	3582964531
胍	9 489	5923	3582964531
铫	10 489	5924	3582964531
饣	11 489	5925	3582964531
鲋	12 489	5926	3582964531
恣	13 489	5927	3561040839
嚇	1 490	5928	3548133901
謗	2 490	5929	3538363171
艿	3 490	5930	3536233642
缰	4 490	5931	3535472710
虿	5 490	5932	3512652544
镫	6 490	5933	3512652544
钺	7 490	5934	3511648423
遙	8 490	5935	3511045375
孳	9 490	5936	3510827200
芷	10 490	5937	3504031164
姒	11 490	5938	3501406299
玠	12 490	5939	3501406299
埸	13 490	5940	3501406297
嬖	1 491	5941	3501406297
笫	2 491	5942	3501406297
芰	3 491	5943	3501406297
馕	4 491	5944	3501406297
團	5 491	5945	3488748232
泫	6 491	5946	3488182176
窯	7 491	5947	3486094036
焯	8 491	5948	3485210783
誹	9 491	5949	3484598856
侑	10 491	5950	3475845963
鬓	11 491	5951	3459118582
凱	12 491	5952	3457945596
疽	13 491	5953	3453546808
缵	1 492	5954	3451506364
涿	2 492	5955	3447207022
陂	3 492	5956	3437275231
閑	4 492	5957	3434581633
鋳	5 492	5958	3426935444
幔	6 492	5959	3424581209
匦	7 492	5960	3421704565
畀	8 492	5961	3421704565
獠	9 492	5962	3420059011
泠	10 492	5963	3400273137
樫	11 492	5964	3394705518
衾	12 492	5965	3394645711
鮫	13 492	5966	3390072105
揶	1 493	5967	3388441565
蟻	2 493	5968	3384087660
钏	3 493	5969	3376494082
禍	4 493	5970	3374867386
痙	5 493	5971	3361213099
馍	6 493	5972	3359028088
脯	7 493	5973	3358734905
桢	8 493	5974	3357703684
粂	9 493	5975	3351877771
穑	10 493	5976	3349722574
乂	11 493	5977	3344552716
寔	12 493	5978	3343817077
嵴	13 493	5979	3343817062
氡	1 495	5980	3343817062
硎	2 495	5981	3343817062
鹨	3 495	5982	3343817062
汊	4 495	5983	3342563312
麂	5 495	5984	3337519062
鮎	6 495	5985	3336978940
嬬	7 495	5986	3324193727
慄	8 495	5987	3312399500
昉	9 495	5988	3312002309
彿	10 495	5989	3311311216
裱	11 495	5990	3302368733
沱	12 495	5991	3300802364
迺	13 495	5992	3298198459
彊	1 496	5993	3290929721
煦	2 496	5994	3289476549
蠔	3 496	5995	3278198099
抿	4 496	5996	3278198098
莒	5 496	5997	3272839925
鄣	6 496	5998	3267702489
芟	7 496	5999	3267702488
呯	8 496	6000	3267702487
欤	9 496	6001	3267702487
钪	10 496	6002	3267702487
铪	11 496	6003	3267702487
鲽	12 496	6004	3267702487
忤	13 496	6005	3264785074
睑	1 497	6006	3262216069
鵬	2 497	6007	3260645137
姗	3 497	6008	3252353834
亳	4 497	6009	3250031645
柘	5 497	6010	3248604450
恬	6 497	6011	3244889224
砀	7 497	6012	3232700614
麹	8 497	6013	3232092069
臊	9 497	6014	3227609971
伧	10 497	6015	3224526814
髋	11 497	6016	3214212616
俎	12 497	6017	3207306384
繍	13 497	6018	3202308491
棂	1 498	6019	3196947889
牴	2 498	6020	3193320503
妗	3 498	6021	3193320502
旆	4 498	6022	3193320502
暝	5 498	6023	3193320502
涫	6 498	6024	3193320502
琎	7 498	6025	3193320502
癳	8 498	6026	3193320502
萬	9 498	6027	3192478781
涔	10 498	6028	3187669834
嬲	11 498	6029	3185274983
篭	12 498	6030	3184395935
釧	13 498	6031	3180795965
掾	1 502	6032	3179516071
鬃	2 502	6033	3173319524
碜	3 502	6034	3171905740
嵊	4 502	6035	3164443316
嘔	5 502	6036	3161090032
瑗	6 502	6037	3159115383
樗	7 502	6038	3159028510
糾	8 502	6039	3157034594
埴	9 502	6040	3152832273
榧	10 502	6041	3146488837
佰	11 502	6042	3141718832
爻	12 502	6043	3141440220
螭	13 502	6044	3139597407
庾	1 516	6045	3136752151
醍	2 516	6046	3135988115
忻	3 516	6047	3132548372
邉	4 516	6048	3124333515
庀	5 516	6049	3120631651
揸	6 516	6050	3120631651
橾	7 516	6051	3120631651
锇	8 516	6052	3120631651
鞯	9 516	6053	3120631651
鸫	10 516	6054	3120631651
瓤	11 516	6055	3117845549
岷	12 516	6056	3114712577
畹	13 516	6057	3106801983
毘	1 500	6058	3106441745
稗	2 500	6059	3097118269
崋	3 500	6060	3087616354
扪	4 500	6061	3081484846
锷	5 500	6062	3080874196
狻	6 500	6063	3079399204
饅	7 500	6064	3077747477
鹑	8 500	6065	3076941070
箩	9 500	6066	3076824574
髯	10 500	6067	3073083462
霁	11 500	6068	3067716448
鐡	12 500	6069	3067691665
頒	13 500	6070	3066992464
芎	1 501	6071	3064810519
嶽	2 501	6072	3062615781
嗖	3 501	6073	3060052876
峯	4 501	6074	3059206142
沤	5 501	6075	3053061541
帀	6 501	6076	3049597405
繙	7 501	6077	3049597405
锔	8 501	6078	3049597405
嵯	9 501	6079	3047476490
垓	10 501	6080	3034259358
袈	11 501	6081	3034123723
笏	12 501	6082	3032812252
裟	13 501	6083	3031812656
膈	1 503	6084	3030604302
湫	2 503	6085	3016931773
洄	3 503	6086	3016313085
鲢	4 503	6087	3002097205
赭	5 503	6088	3000903673
诒	6 503	6089	2998975123
钰	7 503	6090	2993196322
蚶	8 503	6091	2989752204
剜	9 503	6092	2989752202
栉	10 503	6093	2989752202
沏	11 503	6094	2989752202
錾	12 503	6095	2989752202
鸩	13 503	6096	2989752202
罽	1 504	6097	2980180092
衄	2 504	6098	2980180090
谠	3 504	6099	2980180090
铈	4 504	6100	2980180090
〓	5 504	6101	2971011994
灘	6 504	6102	2966364516
喳	7 504	6103	2956391533
鞣	8 504	6104	2953030364
捺	9 504	6105	2947080569
犸	10 504	6106	2941607413
褥	11 504	6107	2938270482
遜	12 504	6108	2938148198
斫	13 504	6109	2927478518
蔭	1 505	6110	2922190667
喾	2 505	6111	2915651134
桀	3 505	6112	2915395941
僊	4 505	6113	2912342926
湜	5 505	6114	2912342912
祏	6 505	6115	2912342909
浞	7 505	6116	2912342906
皝	8 505	6117	2912342906
褓	9 505	6118	2912342906
厣	10 505	6119	2912342905
奷	11 505	6120	2912342905
焓	12 505	6121	2912342905
蜱	13 505	6122	2912342905
鞲	1 506	6123	2912342905
饔	2 506	6124	2912342905
镞	3 506	6125	2909742760
詈	4 506	6126	2906352018
冼	5 506	6127	2899561073
縞	6 506	6128	2897835704
笞	7 506	6129	2893977761
訛	8 506	6130	2888638657
殲	9 506	6131	2887508170
壷	10 506	6132	2884154646
蹙	11 506	6133	2880358400
厭	12 506	6134	2878423156
瑄	13 506	6135	2877694848
兢	1 507	6136	2874577971
膿	2 507	6137	2872715094
黼	3 507	6138	2846049896
缦	4 507	6139	2846049895
肟	5 507	6140	2846049895
芄	6 507	6141	2846049895
蠋	7 507	6142	2846049895
谂	8 507	6143	2846049895
钌	9 507	6144	2846049895
嶂	10 507	6145	2843508939
毀	11 507	6146	2839573946
訃	12 507	6147	2837003804
鹞	13 507	6148	2835443917
酊	1 510	6149	2832444271
垸	2 510	6150	2832352463
弐	3 510	6151	2829302840
邨	4 510	6152	2826297185
嵬	5 510	6153	2807558778
鬣	6 510	6154	2806988817
稜	7 510	6155	2795750191
怔	8 510	6156	2794952359
鸬	9 510	6157	2794558969
麸	10 510	6158	2793499725
谗	11 510	6159	2790199099
痈	12 510	6160	2788390576
髂	13 510	6161	2784425221
棻	1 6 51	6162	2781265893
璁	2 6 51	6163	2781265890
岣	3 6 51	6164	2781265888
艉	4 6 51	6165	2781265888
锛	5 6 51	6166	2781265888
嗄	6 6 51	6167	2776910635
來	7 6 51	6168	2776171988
埂	8 6 51	6169	2776027429
蜇	9 6 51	6170	2776027429
滲	10 6 51	6171	2769103494
挎	11 6 51	6172	2763365509
嬌	12 6 51	6173	2755051427
穢	13 6 51	6174	2752696046
亢	1 511	6175	2749857333
醐	2 511	6176	2747788191
徇	3 511	6177	2747165056
笥	4 511	6178	2745851629
赉	5 511	6179	2743645132
觥	6 511	6180	2742744603
溆	7 511	6181	2733275000
桟	8 511	6182	2728306197
囟	9 511	6183	2726686415
瞟	10 511	6184	2721043963
奭	11 511	6185	2717956563
溱	12 511	6186	2717956555
圉	13 511	6187	2717956551
玆	1 512	6188	2717956551
綎	2 512	6189	2717956551
俅	3 512	6190	2717956550
诤	4 512	6191	2715001255
贽	5 512	6192	2712837340
锵	6 512	6193	2712520306
螟	7 512	6194	2704904832
蛏	8 512	6195	2701093888
弔	9 512	6196	2693307415
桉	10 512	6197	2686490902
烨	11 512	6198	2686478284
眦	12 512	6199	2679544867
邛	13 512	6200	2667205845
咿	1 574	6201	2664619454
毬	2 574	6202	2661766976
囯	3 574	6203	2656088299
珰	4 574	6204	2656088299
迨	5 574	6205	2656088299
爛	6 574	6206	2655823075
佗	7 574	6207	2655489183
绌	8 574	6208	2651085622
堑	9 574	6209	2649898972
瓒	10 574	6210	2640760435
郾	11 574	6211	2627637709
洸	12 574	6212	2625823828
绻	13 574	6213	2624495986
腈	1 514	6214	2623540987
颏	2 514	6215	2621584630
艸	3 514	6216	2619152542
藪	4 514	6217	2614553382
罡	5 514	6218	2611837595
甦	6 514	6219	2610785025
獒	7 514	6220	2603965303
鏊	8 514	6221	2603965302
榇	9 514	6222	2598576805
倌	10 514	6223	2598312754
泚	11 514	6224	2595628352
笮	12 514	6225	2595628352
嘚	13 514	6226	2595628351
屙	1 515	6227	2595628351
暍	2 515	6228	2595628351
浼	3 515	6229	2595628351
砆	4 515	6230	2595628351
谝	5 515	6231	2595628351
钫	6 515	6232	2595628351
铑	7 515	6233	2595628351
飧	8 515	6234	2595628351
甾	9 515	6235	2588884678
篁	10 515	6236	2585089206
絨	11 515	6237	2579709527
蛱	12 515	6238	2578221784
濬	13 515	6239	2576108327
畦	1 519	6240	2575342731
葦	2 519	6241	2572799939
苓	3 519	6242	2569207878
畲	4 519	6243	2567298792
巌	5 519	6244	2561835955
煉	6 519	6245	2558170351
擀	7 519	6246	2551008772
搡	8 519	6247	2544691816
籴	9 519	6248	2544691816
莼	10 519	6249	2544691816
燮	11 519	6250	2544373056
疇	12 519	6251	2542789407
暻	13 519	6252	2536544647
簋	1 521	6253	2536544642
炤	2 521	6254	2536544640
幷	3 521	6255	2536544639
埽	4 521	6256	2536544638
崐	5 521	6257	2536544638
缒	6 521	6258	2536544638
缗	7 521	6259	2536544638
蛩	8 521	6260	2536544638
铼	9 521	6261	2536544638
鲉	10 521	6262	2536544638
鳉	11 521	6263	2536544638
瞋	12 521	6264	2535787591
馑	13 521	6265	2529251164
寤	1 523	6266	2520083116
吽	2 523	6267	2517680520
芨	3 523	6268	2509428214
礫	4 523	6269	2509047484
葭	5 523	6270	2506983661
學	6 523	6271	2504407080
槲	7 523	6272	2498813742
躾	8 523	6273	2496791168
祜	9 523	6274	2491895174
骶	10 523	6275	2489290561
緻	11 523	6276	2488246804
埕	12 523	6277	2486767575
颯	13 523	6278	2485783338
唵	1 524	6279	2478805831
嚒	2 524	6280	2478805831
氚	3 524	6281	2478805831
硗	4 524	6282	2478805831
蘼	5 524	6283	2478805831
鲩	6 524	6284	2478805831
鳀	7 524	6285	2478805831
滂	8 524	6286	2476988144
鲲	9 524	6287	2476592749
樺	10 524	6288	2476190453
菰	11 524	6289	2475349088
渾	12 524	6290	2472888419
疋	13 524	6291	2472686390
翳	1 525	6292	2467049243
醪	2 525	6293	2464037495
擞	3 525	6294	2462414716
楯	4 525	6295	2457944550
朧	5 525	6296	2453252545
鼋	6 525	6297	2448965485
闼	7 525	6298	2446605127
覃	8 525	6299	2438613696
褫	9 525	6300	2425132984
瘿	10 525	6301	2425132981
苴	11 525	6302	2422381326
廨	12 525	6303	2422381325
猇	13 525	6304	2422381323
蚵	1 526	6305	2422381323
崾	2 526	6306	2422381321
砩	3 526	6307	2422381321
纛	4 526	6308	2422381321
颙	5 526	6309	2422381321
囮	6 526	6310	2422171322
翕	7 526	6311	2417818818
趺	8 526	6312	2416992870
柾	9 526	6313	2416205565
蓖	10 526	6314	2411646068
賓	11 526	6315	2407354839
氘	12 526	6316	2394993070
鰻	13 526	6317	2394935143
瞽	1 527	6318	2392945150
肱	2 527	6319	2382155111
杈	3 527	6320	2380562974
囗	4 527	6321	2370849469
镣	5 527	6322	2368444078
俶	6 527	6323	2367241206
嘁	7 527	6324	2367241192
篏	8 527	6325	2367241192
缯	9 527	6326	2367241192
赍	10 527	6327	2367241192
颎	11 527	6328	2367241192
鲻	12 527	6329	2367241192
鸲	13 527	6330	2367241192
鹛	1 529	6331	2367241192
鹱	2 529	6332	2367241192
唏	3 529	6333	2366587828
檜	4 529	6334	2363792469
旃	5 529	6335	2362854528
飒	6 529	6336	2355375475
鳔	7 529	6337	2353920652
砧	8 529	6338	2353608707
柢	9 529	6339	2353145887
谄	10 529	6340	2347263199
凧	11 529	6341	2344228847
欅	12 529	6342	2344228833
痲	13 529	6343	2335963181
鹗	1 528	6344	2328240691
鍼	2 528	6345	2327950075
阈	3 528	6346	2324832076
榊	4 528	6347	2320907763
磬	5 528	6348	2320786528
郧	6 528	6349	2316415339
亶	7 528	6350	2313356207
槊	8 528	6351	2313356205
砫	9 528	6352	2313356204
薅	10 528	6353	2313356203
赀	11 528	6354	2313356203
蒟	12 528	6355	2308597471
攘	13 528	6356	2305280952
懺	1 530	6357	2304790490
馗	2 530	6358	2304266780
燻	3 530	6359	2303680116
莪	4 530	6360	2303243076
騨	5 530	6361	2300041785
駕	6 530	6362	2298613315
忾	7 530	6363	2285428888
鞴	8 530	6364	2275152196
匐	9 530	6365	2273837660
赝	10 530	6366	2267958970
俦	11 530	6367	2260697793
煚	12 530	6368	2260697790
鬲	13 530	6369	2260697789
叕	1 2492	6370	2260697788
庯	2 2492	6371	2260697788
浐	3 2492	6372	2260697788
笱	4 2492	6373	2260697788
苈	5 2492	6374	2260697788
觳	6 2492	6375	2260697788
阃	7 2492	6376	2260697788
铩	8 2492	6377	2258679430
悌	9 2492	6378	2256582623
夙	10 2492	6379	2252333504
僖	11 2492	6380	2251585914
瘢	12 2492	6381	2247912306
氙	13 2492	6382	2240601742
鹪	1 531	6383	2237336335
蛸	2 531	6384	2237261956
痂	3 531	6385	2235310005
唸	4 531	6386	2233675848
卐	5 531	6387	2230617640
锟	6 531	6388	2225485405
氣	7 531	6389	2222829350
诓	8 531	6390	2216333917
貍	9 531	6391	2216333917
琇	10 531	6392	2209238032
怛	11 531	6393	2209238031
炆	12 531	6394	2209238021
樘	13 531	6395	2209238020
钖	1 533	6396	2209238020
呤	2 533	6397	2202584671
罅	3 533	6398	2190335024
嵋	4 533	6399	2190004500
喆	5 533	6400	2189739424
頷	6 533	6401	2189006384
朐	7 533	6402	2185573858
蕲	8 533	6403	2185125661
嚢	9 533	6404	2182723837
棹	10 533	6405	2178586152
甬	11 533	6406	2169593344
塽	12 533	6407	2158949621
唰	13 533	6408	2158949620
戆	1 534	6409	2158949620
笢	2 534	6410	2158949620
镨	3 534	6411	2158949620
闶	4 534	6412	2158949620
鲼	5 534	6413	2158949620
㖞	6 534	6414	2158949619
淬	7 534	6415	2157930442
歙	8 534	6416	2157541075
骥	9 534	6417	2150497450
贔	10 534	6418	2148870726
嗪	11 534	6419	2145633679
沭	12 534	6420	2143536720
銚	13 534	6421	2139124895
屓	1 535	6422	2138637796
筱	2 535	6423	2134004151
豕	3 535	6424	2131185555
窠	4 535	6425	2117508658
锨	5 535	6426	2116582453
蟠	6 535	6427	2110549683
磾	7 535	6428	2109805935
舺	8 535	6429	2109805935
爿	9 535	6430	2109805932
荳	10 535	6431	2109805932
諲	11 535	6432	2109805931
祅	12 535	6433	2109805930
簟	13 535	6434	2109805930
骓	1 536	6435	2109805930
鳚	2 536	6436	2109805930
缈	3 536	6437	2102918815
鳟	4 536	6438	2100481057
徭	5 536	6439	2098796615
浠	6 536	6440	2087206832
繇	7 536	6441	2086360534
賦	8 536	6442	2080533949
狛	9 536	6443	2079353519
蝋	10 536	6444	2077845651
蝕	11 536	6445	2076019233
佘	12 536	6446	2075202150
鎗	13 536	6447	2075104989
燈	1 537	6448	2074095699
ヱ	2 537	6449	2073827401
鷺	3 537	6450	2069261662
橛	4 537	6451	2068403169
垡	5 537	6452	2068403168
虼	6 537	6453	2066806252
霭	7 537	6454	2065143952
枳	8 537	6455	2064958753
馐	9 537	6456	2064122929
陔	10 537	6457	2061780888
畈	11 537	6458	2061780886
礩	12 537	6459	2061780886
笪	13 537	6460	2061780886
阕	1 539	6461	2057897566
甙	2 539	6462	2055852523
笄	3 539	6463	2050832660
蒔	4 539	6464	2048272979
壽	5 539	6465	2037327248
脍	6 539	6466	2031226318
摺	7 539	6467	2025267767
邕	8 539	6468	2024851487
窣	9 539	6469	2021756870
芩	10 539	6470	2021320559
觞	11 539	6471	2019888703
伀	12 539	6472	2014849018
锽	13 539	6473	2014849018
黉	1 541	6474	2014849018
遑	2 541	6475	2012463209
婺	3 541	6476	2011229431
鲣	4 541	6477	2011054096
猗	5 541	6478	2010815654
韫	6 541	6479	2007916966
蓓	7 541	6480	2004511944
赟	8 541	6481	1988227117
饯	9 541	6482	1980066034
蹟	10 541	6483	1978539009
佼	11 541	6484	1976567957
唖	12 541	6485	1976160983
楫	13 541	6486	1975827651
樾	1 542	6487	1975309692
圹	2 542	6488	1975309687
搧	3 542	6489	1975309687
楦	4 542	6490	1975309687
洮	5 542	6491	1973341868
嗚	6 542	6492	1968988885
倓	7 542	6493	1968985461
埯	8 542	6494	1968985459
壆	9 542	6495	1968985459
砑	10 542	6496	1968985459
餍	11 542	6497	1968985459
虬	12 542	6498	1966222372
夤	13 542	6499	1965276912
帑	1 543	6500	1965276910
餡	2 543	6501	1965253078
樯	3 543	6502	1955781226
晔	4 543	6503	1953580978
刍	5 543	6504	1951915510
砻	6 543	6505	1947495277
匏	7 543	6506	1943407532
暢	8 543	6507	1943103483
愍	9 543	6508	1942969558
髡	10 543	6509	1940543174
蔺	11 543	6510	1937284435
鳊	12 543	6511	1930346137
廟	13 543	6512	1929167406
鴉	1 544	6513	1927847961
毖	2 544	6514	1924165876
璝	3 544	6515	1924165875
粄	4 544	6516	1924165875
陬	5 544	6517	1924165874
穸	6 544	6518	1924165873
箨	7 544	6519	1924165873
绺	8 544	6520	1924165873
芏	9 544	6521	1924165873
鋈	10 544	6522	1924165873
雠	11 544	6523	1924165873
㑩	12 544	6524	1924165872
燐	13 544	6525	1908992035
蚴	1 545	6526	1908134605
眸	2 545	6527	1903834762
踱	3 545	6528	1897517782
凵	4 545	6529	1897408284
隹	5 545	6530	1894170361
紬	6 545	6531	1890101724
狍	7 545	6532	1886406103
湎	8 545	6533	1882502479
粝	9 545	6534	1882502479
楊	10 545	6535	1880409773
擤	11 545	6536	1880366520
儴	12 545	6537	1880366518
卣	13 545	6538	1880366518
卮	1 546	6539	1880366518
嫲	2 546	6540	1880366518
枧	3 546	6541	1880366518
浍	4 546	6542	1880366518
湓	5 546	6543	1880366518
簦	6 546	6544	1880366518
绐	7 546	6545	1880366518
轸	8 546	6546	1880366518
厖	9 546	6547	1878302177
跗	10 546	6548	1868221759
焱	11 546	6549	1867814640
浯	12 546	6550	1867756564
實	13 546	6551	1862087487
姘	1 1048	6552	1860646357
奘	2 1048	6553	1856600819
崮	3 1048	6554	1855112743
鰹	4 1048	6555	1853575187
冑	5 1048	6556	1853314368
輌	6 1048	6557	1852299977
醴	7 1048	6558	1850090281
闊	8 1048	6559	1848953956
杳	9 1048	6560	1846333045
矍	10 1048	6561	1845885751
瓠	11 1048	6562	1843466262
抟	12 1048	6563	1843466257
哌	13 1048	6564	1841394871
逄	1 548	6565	1839651491
畛	2 548	6566	1839651490
徂	3 548	6567	1839387667
燭	4 548	6568	1839338575
膵	5 548	6569	1838866360
穰	6 548	6570	1837941531
暐	7 548	6571	1837564153
濊	8 548	6572	1837564151
貊	9 548	6573	1837564151
崞	10 548	6574	1837564149
曩	11 548	6575	1837564149
呔	12 548	6576	1837564147
崤	13 548	6577	1837564147
殂	1 549	6578	1837564147
炰	2 549	6579	1837564147
瘛	3 549	6580	1837564147
籓	4 549	6581	1837564147
糁	5 549	6582	1837564147
蒌	6 549	6583	1837564147
谇	7 549	6584	1837564147
驺	8 549	6585	1837564147
葺	9 549	6586	1836789843
歆	10 549	6587	1836186554
羸	11 549	6588	1834103136
诳	12 549	6589	1834103134
滓	13 549	6590	1832884689
萁	1 550	6591	1832280490
贲	2 550	6592	1828649161
哏	3 550	6593	1827144928
谀	4 550	6594	1822638196
苋	5 550	6595	1821886417
髑	6 550	6596	1821482348
牍	7 550	6597	1821345895
阋	8 550	6598	1817881138
蛔	9 550	6599	1817508349
谡	10 550	6600	1817508349
蕈	11 550	6601	1817144040
焔	12 550	6602	1814802447
禎	13 550	6603	1813750814
夂	1 551	6604	1805969010
啷	2 551	6605	1802667862
跸	3 551	6606	1801503838
曷	4 551	6607	1795736086
黐	5 551	6608	1795736085
寘	6 551	6609	1795736083
耨	7 551	6610	1795736082
埭	8 551	6611	1795736081
泺	9 551	6612	1795736080
祔	10 551	6613	1795736080
饧	11 551	6614	1795736080
鲿	12 551	6615	1795736080
珐	13 551	6616	1795138462
薨	1 553	6617	1792013656
蘅	2 553	6618	1788786031
裨	3 553	6619	1785631415
萜	4 553	6620	1783989289
擘	5 553	6621	1776903490
瘘	6 553	6622	1776110779
蟲	7 553	6623	1774963577
與	8 553	6624	1773282392
菖	9 553	6625	1772771391
侪	10 553	6626	1771181767
诨	11 553	6627	1770866641
倖	12 553	6628	1769169324
蔫	13 553	6629	1763052924
骝	1 554	6630	1759466611
憫	2 554	6631	1758575784
楙	3 554	6632	1754860136
淯	4 554	6633	1754860136
呖	5 554	6634	1754860132
崦	6 554	6635	1754860132
胂	7 554	6636	1754860132
茕	8 554	6637	1754860132
镄	9 554	6638	1754860132
逡	10 554	6639	1754027573
犟	11 554	6640	1753715215
扦	12 554	6641	1751554882
赓	13 554	6642	1751554882
崆	1 555	6643	1747367957
肼	2 555	6644	1744663960
啉	3 555	6645	1743525991
掬	4 555	6646	1740282496
赳	5 555	6647	1737190800
暉	6 555	6648	1736028022
腩	7 555	6649	1732382380
菟	8 555	6650	1730508909
恫	9 555	6651	1730466299
轲	10 555	6652	1728923239
崃	11 555	6653	1722965492
麿	12 555	6654	1722149553
侩	13 555	6655	1720422812
缂	1 556	6656	1720422811
蝰	2 556	6657	1720422811
宍	3 556	6658	1715399555
弇	4 556	6659	1714914645
熺	5 556	6660	1714914643
鬯	6 556	6661	1714914642
黥	7 556	6662	1714914642
庋	8 556	6663	1714914640
炱	9 556	6664	1714914640
竽	10 556	6665	1714914640
绱	11 556	6666	1714914640
锪	12 556	6667	1714914640
镎	13 556	6668	1714914640
鹜	1 557	6669	1714914640
鼍	2 557	6670	1714914640
ゎ	3 557	6671	1712042671
峤	4 557	6672	1709819533
啶	5 557	6673	1708837561
諮	6 557	6674	1701746862
鹈	7 557	6675	1699995547
楕	8 557	6676	1698243697
炷	9 557	6677	1696545397
勖	10 557	6678	1692637204
蕞	11 557	6679	1692255718
鹂	12 557	6680	1691164513
箪	13 557	6681	1685485852
琮	1 558	6682	1684132223
宓	2 558	6683	1682481596
羿	3 558	6684	1681261212
媪	4 558	6685	1681261210
朊	5 558	6686	1681261210
郏	6 558	6687	1681261210
晁	7 558	6688	1679932136
襞	8 558	6689	1679342028
冏	9 558	6690	1675878427
玎	10 558	6691	1675878420
呙	11 558	6692	1675878418
彀	12 558	6693	1675878418
湔	13 558	6694	1675878418
眀	1 560	6695	1675878418
艏	2 560	6696	1675878418
悸	3 560	6697	1675197283
鸱	4 560	6698	1672721938
茴	5 560	6699	1666207560
渫	6 560	6700	1664863831
氵	7 560	6701	1661719095
槙	8 560	6702	1657998031
锏	9 560	6703	1657587322
膠	10 560	6704	1657430589
瓿	11 560	6705	1654108066
堃	12 560	6706	1653735281
绂	13 560	6707	1653014953
螈	1 561	6708	1652327058
軋	2 561	6709	1650379543
芡	3 561	6710	1649775115
褻	4 561	6711	1643189732
晷	5 561	6712	1642991034
戕	6 561	6713	1642991032
魑	7 561	6714	1640191731
涜	8 561	6715	1639592901
婧	9 561	6716	1638494127
溲	10 561	6717	1637730767
琤	11 561	6718	1637730766
漸	12 561	6719	1637541312
莘	13 561	6720	1634022219
鶯	1 638	6721	1631851223
竄	2 638	6722	1629561561
邊	3 638	6723	1627537658
楢	4 638	6724	1627002221
漣	5 638	6725	1621810127
婬	6 638	6726	1621564735
繭	7 638	6727	1619283119
沩	8 638	6728	1618600933
殒	9 638	6729	1615706542
靺	10 638	6730	1615306891
叢	11 638	6731	1608506045
寳	12 638	6732	1606044079
佇	13 638	6733	1605595777
芾	1 562	6734	1605591983
崁	2 562	6735	1600451479
髀	3 562	6736	1600451472
菑	4 562	6737	1600451471
褰	5 562	6738	1600451471
瞇	6 562	6739	1600451470
硙	7 562	6740	1600451470
礮	8 562	6741	1600451470
诔	9 562	6742	1600451470
镡	10 562	6743	1600451470
饫	11 562	6744	1600451470
椁	12 562	6745	1595849590
诮	13 562	6746	1593618517
諒	1 563	6747	1591097109
禊	2 563	6748	1589873348
洳	3 563	6749	1586757457
凜	4 563	6750	1583022681
跖	5 563	6751	1582983598
贖	6 563	6752	1578870575
爨	7 563	6753	1577153426
桤	8 563	6754	1569044251
饴	9 563	6755	1569044251
璠	10 563	6756	1564020749
玘	11 563	6757	1564020744
嗌	12 563	6758	1564020739
檫	13 563	6759	1564020739
炝	1 565	6760	1564020739
虺	2 565	6761	1564020739
蛞	3 565	6762	1563092972
囡	4 565	6763	1561383829
傳	5 565	6764	1560319817
寵	6 565	6765	1555077662
镝	7 565	6766	1549364950
孑	8 565	6767	1548692251
翦	9 565	6768	1547218935
锲	10 565	6769	1545469102
鞨	11 565	6770	1544914364
躙	12 565	6771	1544526289
踮	13 565	6772	1542360367
贋	1 567	6773	1540155690
噺	2 567	6774	1539989460
ゑ	3 567	6775	1539246131
劭	4 567	6776	1536782832
漉	5 567	6777	1535101680
炅	6 567	6778	1533328457
噘	7 567	6779	1533328444
箅	8 567	6780	1533328444
醌	9 567	6781	1533005092
瑁	10 567	6782	1530416384
臬	11 567	6783	1530155458
箒	12 567	6784	1529370773
觚	13 567	6785	1528419288
彘	1 570	6786	1528419287
劓	2 570	6787	1528419286
岜	3 570	6788	1528419286
缣	4 570	6789	1528419286
蝽	5 570	6790	1528419286
阍	6 570	6791	1528419286
鳯	7 570	6792	1528419286
宀	8 570	6793	1525250989
鼹	9 570	6794	1522646740
藿	10 570	6795	1512047675
厶	11 570	6796	1508750314
濉	12 570	6797	1508636838
捲	13 570	6798	1508040233
窺	1 1163	6799	1506572774
顛	2 1163	6800	1506073801
惶	3 1163	6801	1505127700
衞	4 1163	6802	1501022227
隰	5 1163	6803	1498425628
谰	6 1163	6804	1498425625
鹇	7 1163	6805	1498425625
囃	8 1163	6806	1497295995
珥	9 1163	6807	1496897642
濤	10 1163	6808	1494092177
嬿	11 1163	6809	1493628213
瑈	12 1163	6810	1493628213
罨	13 1163	6811	1493628213
伲	1 568	6812	1493628211
冧	2 568	6813	1493628211
浃	3 568	6814	1493628211
畖	4 568	6815	1493628211
砟	5 568	6816	1493628211
螒	6 568	6817	1493628211
蠓	7 568	6818	1493628211
䌷	8 568	6819	1493628210
蛳	9 568	6820	1492294690
埜	10 568	6821	1491037009
耒	11 568	6822	1489755265
跏	12 568	6823	1480263240
鲳	13 568	6824	1472942728
櫛	1 619	6825	1470000081
賽	2 619	6826	1469819586
蝮	3 619	6827	1469154726
峒	4 619	6828	1468789447
袢	5 619	6829	1465533571
偌	6 619	6830	1464317290
荠	7 619	6831	1464317290
噻	8 619	6832	1462718512
鬻	9 619	6833	1459629086
竑	10 619	6834	1459629085
厔	11 619	6835	1459629084
砵	12 619	6836	1459629083
噙	13 619	6837	1459629082
抻	1 597	6838	1459629082
眳	2 597	6839	1459629082
繖	3 597	6840	1459629082
艚	4 597	6841	1459629082
芑	5 597	6842	1459629082
钆	6 597	6843	1459629082
鞔	7 597	6844	1459629082
濾	8 597	6845	1459342208
偲	9 597	6846	1452410413
缱	10 597	6847	1450156465
梠	11 597	6848	1449260247
逵	12 597	6849	1448225074
鹩	13 597	6850	1444967128
蝨	1 571	6851	1444355884
襦	2 571	6852	1443655954
篦	3 571	6853	1434595552
蠊	4 571	6854	1433221372
谆	5 571	6855	1431294256
罟	6 571	6856	1430985368
阏	7 571	6857	1430985367
秣	8 571	6858	1427924263
憚	9 571	6859	1427809619
瀹	10 571	6860	1426403874
嗙	11 571	6861	1426403872
囝	12 571	6862	1426403872
柰	13 571	6863	1426403872
渖	1 575	6864	1426403872
萆	2 575	6865	1426403872
衪	3 575	6866	1426403872
㔉	4 575	6867	1426403871
彅	5 575	6868	1423846434
侘	6 575	6869	1420839938
搪	7 575	6870	1419623560
媸	8 575	6871	1419538897
亊	9 575	6872	1417377241
挹	10 575	6873	1413277964
瞞	11 575	6874	1412537552
郫	12 575	6875	1411124996
榮	13 575	6876	1409944134
蒽	1 669	6877	1408224628
菔	2 669	6878	1407874294
鼐	3 669	6879	1407557005
脛	4 669	6880	1406452752
撥	5 669	6881	1405908111
凇	6 669	6882	1398412162
髌	7 669	6883	1398412162
鹮	8 669	6884	1398412162
爾	9 669	6885	1397725614
棫	10 669	6886	1393934952
邾	11 669	6887	1393934952
孥	12 669	6888	1393934950
尪	13 669	6889	1393934950
蒾	1 583	6890	1393934950
郪	2 583	6891	1393934950
颡	3 583	6892	1393934950
鹡	4 583	6893	1393934950
罷	5 583	6894	1392231200
墒	6 583	6895	1391309506
會	7 583	6896	1387623520
綜	8 583	6897	1386825865
枡	9 583	6898	1380181497
郯	10 583	6899	1379003874
頫	11 583	6900	1375517090
玦	12 583	6901	1373169900
氲	13 583	6902	1371399058
熾	1 604	6903	1369741715
摈	2 604	6904	1367464051
獐	3 604	6905	1366580418
埒	4 604	6906	1365501725
曺	5 604	6907	1362205168
弢	6 604	6908	1362205119
玨	7 604	6909	1362205119
湳	8 604	6910	1362205118
犽	9 604	6911	1362205117
缲	10 604	6912	1362205117
遄	11 604	6913	1362205117
镆	12 604	6914	1362205117
阒	13 604	6915	1362205117
鞫	1 580	6916	1362205117
鲌	2 580	6917	1362205117
枱	3 580	6918	1359639442
叵	4 580	6919	1358931790
遐	5 580	6920	1358109395
瞼	6 580	6921	1352855410
燔	7 580	6922	1351014518
趙	8 580	6923	1348963485
恂	9 580	6924	1348575576
弋	10 580	6925	1345585714
窨	11 580	6926	1344574000
疖	12 580	6927	1335473245
柞	13 580	6928	1334406358
剡	1 606	6929	1332709698
龃	2 606	6930	1332131248
滘	3 606	6931	1331197551
磡	4 606	6932	1331197546
籀	5 606	6933	1331197545
屾	6 606	6934	1331197544
畬	7 606	6935	1331197544
仺	8 606	6936	1331197543
旄	9 606	6937	1331197543
熜	10 606	6938	1331197543
砉	11 606	6939	1331197543
箦	12 606	6940	1331197543
苊	13 606	6941	1331197543
蚺	1 578	6942	1331197543
螛	2 578	6943	1331197543
觇	3 578	6944	1331197543
诎	4 578	6945	1331197543
鼩	5 578	6946	1331197543
㭴	6 578	6947	1331197542
謁	7 578	6948	1330631908
汨	8 578	6949	1328802774
碣	9 578	6950	1326660898
埵	10 578	6951	1324338088
泮	11 578	6952	1313904748
耄	12 578	6953	1310435592
芫	13 578	6954	1310381110
椛	1 579	6955	1307046357
邈	2 579	6956	1306386459
蛐	3 579	6957	1305355870
昶	4 579	6958	1303079926
琯	5 579	6959	1302373518
箬	6 579	6960	1302373515
諫	7 579	6961	1302184991
鉾	8 579	6962	1301997580
杪	9 579	6963	1300895797
璹	10 579	6964	1300895797
凼	11 579	6965	1300895794
坭	12 579	6966	1300895794
搥	13 579	6967	1300895794
汆	1 581	6968	1300895794
熘	2 581	6969	1300895794
蠛	3 581	6970	1300895794
辂	4 581	6971	1300895794
骺	5 581	6972	1300895794
鬟	6 581	6973	1299734344
莢	7 581	6974	1298317202
峥	8 581	6975	1293860890
陟	9 581	6976	1291951399
筧	10 581	6977	1288249593
邁	11 581	6978	1287927259
滢	12 581	6979	1286961292
碚	13 581	6980	1286961292
妣	1 582	6981	1282879462
鋸	2 582	6982	1276488448
毂	3 582	6983	1275367051
岢	4 582	6984	1273091799
鍪	5 582	6985	1272727882
睺	6 582	6986	1271283797
醢	7 582	6987	1271283792
桴	8 582	6988	1271283790
杌	9 582	6989	1271283788
璈	10 582	6990	1271283788
荑	11 582	6991	1271283788
酃	12 582	6992	1271283788
俜	13 582	6993	1271283787
墦	1 584	6994	1271283787
嫑	2 584	6995	1271283787
敫	3 584	6996	1271283787
舯	4 584	6997	1271283787
镅	5 584	6998	1271283787
镙	6 584	6999	1271283787
镦	7 584	7000	1271283787
圓	8 584	7001	1270145957
煸	9 584	7002	1268889346
蔦	10 584	7003	1266326169
眈	11 584	7004	1263730718
褡	12 584	7005	1263525266
忝	13 584	7006	1263238797
哧	1 585	7007	1259928658
鄢	2 585	7008	1258732928
嫚	3 585	7009	1257666482
耜	4 585	7010	1256702677
浬	5 585	7011	1255342243
頚	6 585	7012	1247667897
龉	7 585	7013	1247278519
篾	8 585	7014	1247240845
粼	9 585	7015	1246605184
垭	10 585	7016	1246336156
疴	11 585	7017	1246336156
铙	12 585	7018	1245373921
怆	13 585	7019	1244734507
梼	1 587	7020	1243975055
崚	2 587	7021	1243224169
聯	3 587	7022	1242441489
澂	4 587	7023	1242345851
攞	5 587	7024	1242345842
眭	6 587	7025	1242345837
粢	7 587	7026	1242345837
姮	8 587	7027	1242345836
佸	9 587	7028	1242345835
姹	10 587	7029	1242345835
揿	11 587	7030	1242345835
甡	12 587	7031	1242345835
盍	13 587	7032	1242345835
禳	1 588	7033	1242345835
筦	2 588	7034	1242345835
臁	3 588	7035	1242345835
芴	4 588	7036	1242345835
鸰	5 588	7037	1242345835
穣	6 588	7038	1233378435
椀	7 588	7039	1231564465
褄	8 588	7040	1229806723
嚓	9 588	7041	1225567243
谿	10 588	7042	1224450020
鹚	11 588	7043	1219959541
杷	12 588	7044	1219802807
艽	13 588	7045	1217966077
鸷	1 590	7046	1217966077
幇	2 590	7047	1214491789
菫	3 590	7048	1214357173
璆	4 590	7049	1214066599
侂	5 590	7050	1214066594
畧	6 590	7051	1214066594
蠼	7 590	7052	1214066594
岵	8 590	7053	1214066593
跩	9 590	7054	1214066593
铒	10 590	7055	1214066593
飏	11 590	7056	1214066593
溧	12 590	7057	1213801345
呋	13 590	7058	1213245451
轍	1 591	7059	1212292674
颢	2 591	7060	1211779918
怙	3 591	7061	1210367242
櫂	4 591	7062	1209781501
嗉	5 591	7063	1209481292
喹	6 591	7064	1206452998
忖	7 591	7065	1205398545
窈	8 591	7066	1205189102
蝿	9 591	7067	1205080191
鐵	10 591	7068	1203567741
蹠	11 591	7069	1199078687
魃	12 591	7070	1197962172
砬	13 591	7071	1190241785
釆	1 592	7072	1186431067
堙	2 592	7073	1186431058
髹	3 592	7074	1186431058
匍	4 592	7075	1182910401
郞	5 592	7076	1182010803
庹	6 592	7077	1181408374
谲	7 592	7078	1179754966
狎	8 592	7079	1177731496
蕩	9 592	7080	1176111814
鮨	10 592	7081	1172077351
橿	11 592	7082	1171282301
臥	12 592	7083	1171153211
菽	13 592	7084	1170754922
洵	1 593	7085	1163176410
滏	2 593	7086	1163148573
敉	3 593	7087	1163148571
艄	4 593	7088	1163148571
齑	5 593	7089	1163148571
暠	6 593	7090	1159424614
逖	7 593	7091	1159424600
偁	8 593	7092	1159424599
傉	9 593	7093	1159424598
狁	10 593	7094	1159424597
囍	11 593	7095	1159424596
圮	12 593	7096	1159424596
掼	13 593	7097	1159424596
钅	1 594	7098	1159424596
隳	2 594	7099	1159424596
骀	3 594	7100	1159424596
骁	4 594	7101	1154512720
娉	5 594	7102	1151649361
匚	6 594	7103	1149646287
儘	7 594	7104	1148985850
繚	8 594	7105	1147506403
荪	9 594	7106	1147005460
鲟	10 594	7107	1143367543
珉	11 594	7108	1142035510
哚	12 594	7109	1140680062
嬗	13 594	7110	1136672084
瓘	1 595	7111	1133032880
昞	2 595	7112	1133032876
埇	3 595	7113	1133032873
劄	4 595	7114	1133032872
堿	5 595	7115	1133032872
廴	6 595	7116	1133032872
烺	7 595	7117	1133032872
耂	8 595	7118	1133032871
豳	9 595	7119	1133032871
崠	10 595	7120	1133032870
瓟	11 595	7121	1133032870
磉	12 595	7122	1133032870
缡	13 595	7123	1133032870
羪	1 596	7124	1133032870
翚	2 596	7125	1133032870
萋	3 596	7126	1133032870
锞	4 596	7127	1133032870
镱	5 596	7128	1133032870
鳓	6 596	7129	1133032870
玟	7 596	7130	1130898841
蠲	8 596	7131	1130898817
勣	9 596	7132	1125862769
彳	10 596	7133	1123730962
蝦	11 596	7134	1123087708
錫	12 596	7135	1122673550
獰	13 596	7136	1122018457
衲	1 598	7137	1120896425
鄄	2 598	7138	1120896425
韪	3 598	7139	1118062270
顆	4 598	7140	1115275671
迤	5 598	7141	1115069770
靑	6 598	7142	1110878329
湉	7 598	7143	1110798263
戗	8 598	7144	1110798262
锖	9 598	7145	1110798262
埚	10 598	7146	1109850643
悭	11 598	7147	1107403426
暲	12 598	7148	1107241905
嶝	13 598	7149	1107241896
窳	1 599	7150	1107241896
玡	2 599	7151	1107241895
嗵	3 599	7152	1107241894
埘	4 599	7153	1107241894
甠	5 599	7154	1107241894
痖	6 599	7155	1107241894
缍	7 599	7156	1107241894
跫	8 599	7157	1107241894
鲚	9 599	7158	1107241894
簒	10 599	7159	1107145905
啭	11 599	7160	1103060053
酐	12 599	7161	1103060053
皺	13 599	7162	1100161103
皴	1 600	7163	1098620872
啫	2 600	7164	1098545725
勗	3 600	7165	1094627255
鴎	4 600	7166	1092938628
讣	5 600	7167	1091907532
倏	6 600	7168	1089995617
嗾	7 600	7169	1087139170
彌	8 600	7170	1086667642
讴	9 600	7171	1085513401
鎏	10 600	7172	1085513401
錨	11 600	7173	1083969352
苎	12 600	7174	1083267109
筮	13 600	7175	1082926266
倬	1 601	7176	1082037992
淏	2 601	7177	1082037991
阯	3 601	7178	1082037991
僦	4 601	7179	1082037989
昪	5 601	7180	1082037989
啯	6 601	7181	1082037988
坢	7 601	7182	1082037988
帏	8 601	7183	1082037988
戋	9 601	7184	1082037988
掞	10 601	7185	1082037988
槔	11 601	7186	1082037988
窭	12 601	7187	1082037988
鍙	13 601	7188	1082037988
钶	1 602	7189	1082037988
锸	2 602	7190	1082037988
癪	3 602	7191	1080796138
獏	4 602	7192	1079768382
鱈	5 602	7193	1079426827
畝	6 602	7194	1077750276
閻	7 602	7195	1074676448
鹕	8 602	7196	1072081387
菘	9 602	7197	1062850357
鳙	10 602	7198	1060804108
禔	11 602	7199	1057407802
亹	12 602	7200	1057407799
姞	13 602	7201	1057407799
愬	1 605	7202	1057407797
湴	2 605	7203	1057407797
珵	3 605	7204	1057407797
啱	4 605	7205	1057407796
垟	5 605	7206	1057407796
岙	6 605	7207	1057407796
瓖	7 605	7208	1057407796
畍	8 605	7209	1057407796
眻	9 605	7210	1057407796
耧	10 605	7211	1057407796
螣	11 605	7212	1057407796
讵	12 605	7213	1057407796
赜	13 605	7214	1057407796
鄀	1 607	7215	1057407796
鳂	2 607	7216	1057407796
鸺	3 607	7217	1057407796
鸻	4 607	7218	1057407796
龀	5 607	7219	1057407796
杲	6 607	7220	1053534603
鸞	7 607	7221	1050664313
嘏	8 607	7222	1043671640
簗	9 607	7223	1043611303
鉤	10 607	7224	1041802292
撚	11 607	7225	1040311446
竪	12 607	7226	1039918436
蜊	13 607	7227	1039711268
獬	1 608	7228	1037629261
鰐	2 608	7229	1037152306
涑	3 608	7230	1036657255
篙	4 608	7231	1036657253
栌	5 608	7232	1036657252
砝	6 608	7233	1036657252
辋	7 608	7234	1036657252
镏	8 608	7235	1036657252
盧	9 608	7236	1035959326
薜	10 608	7237	1035856914
蠖	11 608	7238	1034512051
蚧	12 608	7239	1034512048
璵	13 608	7240	1033338266
蚡	1 610	7241	1033338261
郿	2 610	7242	1033338260
崄	3 610	7243	1033338259
拊	4 610	7244	1033338259
撘	5 610	7245	1033338259
殛	6 610	7246	1033338259
滟	7 610	7247	1033338259
獯	8 610	7248	1033338259
铕	9 610	7249	1033338259
傧	10 610	7250	1031479309
骧	11 610	7251	1031479309
琰	12 610	7252	1031391992
耷	13 610	7253	1031391973
恽	1 612	7254	1029783070
籾	2 612	7255	1026353264
楮	3 612	7256	1025592069
紆	4 612	7257	1023292996
鍮	5 612	7258	1023292995
浈	6 612	7259	1022269681
錐	7 612	7260	1019130568
佤	8 612	7261	1019027370
犒	9 612	7262	1019027368
簾	10 612	7263	1018616422
槇	11 612	7264	1017477786
笤	12 612	7265	1015570432
郜	13 612	7266	1013060054
檩	1 613	7267	1013060053
鳢	2 613	7268	1013060053
悧	3 613	7269	1012077153
廸	4 613	7270	1009816616
禟	5 613	7271	1009816608
偓	6 613	7272	1009816607
吔	7 613	7273	1009816606
唻	8 613	7274	1009816606
夼	9 613	7275	1009816606
枨	10 613	7276	1009816606
玙	11 613	7277	1009816606
穨	12 613	7278	1009816606
纻	13 613	7279	1009816606
钲	1 614	7280	1009816606
猷	2 614	7281	1009097969
魈	3 614	7282	1005488168
鑽	4 614	7283	1002356094
蠡	5 614	7284	1000768818
饉	6 614	7285	1000000016
儂	7 614	7286	1000000005
茚	8 614	7287	996254524
蚍	9 614	7288	996254524
髏	10 614	7289	995730624
玳	11 614	7290	995411611
潴	12 614	7291	991986251
煅	13 614	7292	990000001
褔	1 615	7293	990000001
鍾	2 615	7294	989362171
狽	3 615	7295	988146442
馥	4 615	7296	987457624
瀍	5 615	7297	986830374
坌	6 615	7298	986830373
髟	7 615	7299	986830373
嫠	8 615	7300	986830372
熳	9 615	7301	986830372
芤	10 615	7302	986830372
锘	11 615	7303	986830372
镈	12 615	7304	986830372
骙	13 615	7305	986830372
鹎	1 616	7306	986830372
鹣	2 616	7307	986830372
鄞	3 616	7308	984971694
砭	4 616	7309	984971692
疥	5 616	7310	984920824
喬	6 616	7311	984757753
諺	7 616	7312	981979006
攪	8 616	7313	981895664
誊	9 616	7314	977988520
蠍	10 616	7315	977237224
乇	11 616	7316	976983078
淠	12 616	7317	973791523
芍	13 616	7318	973087787
薏	1 617	7319	969565541
砒	2 617	7320	967621594
蒯	3 617	7321	967464854
嫒	4 617	7322	967464847
挈	5 617	7323	967464847
矸	6 617	7324	967464847
鲅	7 617	7325	967464847
暌	8 617	7326	965462824
绔	9 617	7327	965462824
僰	10 617	7328	964367373
瑆	11 617	7329	964367373
蒹	12 617	7330	964367373
錞	13 617	7331	964367373
呾	1 618	7332	964367371
垱	2 618	7333	964367371
挜	3 618	7334	964367371
狝	4 618	7335	964367371
盉	5 618	7336	964367371
礡	6 618	7337	964367371
迓	7 618	7338	964367371
醡	8 618	7339	964367371
鬈	9 618	7340	964367371
铧	10 618	7341	963506386
鋒	11 618	7342	961641550
苡	12 618	7343	961165211
酩	13 618	7344	960144110
帙	1 622	7345	959568026
狞	2 622	7346	957306952
辘	3 622	7347	956719135
牯	4 622	7348	956489585
俐	5 622	7349	953835417
蒻	6 622	7350	953662323
羧	7 622	7351	952859116
膦	8 622	7352	951625315
芘	9 622	7353	951625315
喟	10 622	7354	949346488
洱	11 622	7355	946073541
笳	12 622	7356	945442649
堍	13 622	7357	945442648
铤	1 620	7358	945442648
玕	2 620	7359	943486214
糍	3 620	7360	943486210
肜	4 620	7361	942415691
戢	5 620	7362	942415689
昰	6 620	7363	942415689
怍	7 620	7364	942415687
摽	8 620	7365	942415687
栊	9 620	7366	942415687
檠	10 620	7367	942415687
蒎	11 620	7368	942415687
蕖	12 620	7369	942415687
燗	13 620	7370	940824823
愠	1 621	7371	940640653
郓	2 621	7372	940640653
仝	3 621	7373	939389375
桠	4 621	7374	938856358
荏	5 621	7375	938652267
鲞	6 621	7376	937880038
嘗	7 621	7377	937825670
聲	8 621	7378	933254337
阄	9 621	7379	928971856
齊	10 621	7380	927603452
窩	11 621	7381	924839788
盃	12 621	7382	924693249
矬	13 621	7383	923921758
櫓	1 623	7384	923727964
颛	2 623	7385	923663260
饒	3 623	7386	922249695
氹	4 623	7387	920963698
苳	5 623	7388	920963696
媺	6 623	7389	920963693
彖	7 623	7390	920963693
扆	8 623	7391	920963693
栱	9 623	7392	920963693
玧	10 623	7393	920963692
筊	11 623	7394	920963692
胗	12 623	7395	920963692
胙	13 623	7396	920963692
茍	1 624	7397	920963692
锎	2 624	7398	920963692
镥	3 624	7399	920963692
梾	4 624	7400	920963691
鵺	5 624	7401	920545905
蓦	6 624	7402	919229069
呓	7 624	7403	919229068
鳶	8 624	7404	912928451
厓	9 624	7405	912022655
蹶	10 624	7406	910964784
怵	11 624	7407	902890720
祧	12 624	7408	902890720
辎	13 624	7409	902890720
钿	1 626	7410	901022329
焜	2 626	7411	900000007
卬	3 626	7412	900000004
牂	4 626	7413	900000004
嚈	5 626	7414	900000002
妏	6 626	7415	900000001
宬	7 626	7416	900000001
彛	8 626	7417	900000001
柒	9 626	7418	900000001
篯	10 626	7419	900000001
葑	11 626	7420	900000001
谖	12 626	7421	900000001
赑	13 626	7422	900000001
鲹	1 627	7423	900000001
㗎	2 627	7424	900000000
倹	3 627	7425	895246408
茔	4 627	7426	894896884
筅	5 627	7427	893728474
甕	6 627	7428	892825027
竝	7 627	7429	890478286
註	8 627	7430	890055739
裢	9 627	7431	889387543
莠	10 627	7432	882338422
謇	11 627	7433	882338422
遒	12 627	7434	882338421
娈	13 627	7435	882338419
痧	1 628	7436	882338419
胬	2 628	7437	882338419
诌	3 628	7438	882338419
煕	4 628	7439	881721978
彜	5 628	7440	879513511
昺	6 628	7441	879513506
烜	7 628	7442	879513501
笭	8 628	7443	879513501
啣	9 628	7444	879513500
廆	10 628	7445	879513500
緜	11 628	7446	879513500
衹	12 628	7447	879513500
彶	13 628	7448	879513499
懔	1 629	7449	879513499
杧	2 629	7450	879513499
禤	3 629	7451	879513499
粦	4 629	7452	879513499
芉	5 629	7453	879513499
鑨	6 629	7454	879513499
鲏	7 629	7455	879513499
鳑	8 629	7456	879513499
巜	9 629	7457	879513498
臈	10 629	7458	879445951
躓	11 629	7459	877941221
芪	12 629	7460	877856950
澁	13 629	7461	875915991
欽	1 630	7462	874496663
褌	2 630	7463	870963597
婁	3 630	7464	870813195
蘖	4 630	7465	868549872
詔	5 630	7466	866822329
謬	6 630	7467	864069914
皑	7 630	7468	862440067
楂	8 630	7469	862253940
栀	9 630	7470	862253938
澍	10 630	7471	862023154
杻	11 630	7472	859493327
沆	12 630	7473	859493327
縯	13 630	7474	859493325
祘	1 632	7475	859493324
祫	2 632	7476	859493324
絙	3 632	7477	859493324
嚩	4 632	7478	859493323
杩	5 632	7479	859493323
焐	6 632	7480	859493323
瞏	7 632	7481	859493323
脒	8 632	7482	859493323
讉	9 632	7483	859493323
䜣	10 632	7484	859493322
疠	11 632	7485	857401471
恻	12 632	7486	851355829
蠅	13 632	7487	851138052
襖	1 633	7488	851138047
佞	2 633	7489	850514512
椹	3 633	7490	848715521
毽	4 633	7491	847590058
韮	5 633	7492	846000246
撹	6 633	7493	844661807
餮	7 633	7494	843620566
滸	8 633	7495	843014199
噔	9 633	7496	842626648
鼷	10 633	7497	840882961
悊	11 633	7498	839928874
尢	12 633	7499	839928873
萑	13 633	7500	839928872
嫫	1 634	7501	839928871
砼	2 634	7502	839928871
祙	3 634	7503	839928871
纟	4 634	7504	839928871
舥	5 634	7505	839928871
菹	6 634	7506	839928871
赕	7 634	7507	839928871
跞	8 634	7508	839928871
铦	9 634	7509	839928871
镃	10 634	7510	839928871
袷	11 634	7511	839788477
愆	12 634	7512	838346881
蓍	13 634	7513	838346879
脘	1 635	7514	837046561
驽	2 635	7515	836756614
齧	3 635	7516	835944333
鸨	4 635	7517	828296542
矧	5 635	7518	826864757
癇	6 635	7519	823915534
妪	7 635	7520	823446127
搦	8 635	7521	823215476
豉	9 635	7522	823160510
鄭	10 635	7523	823064025
褊	11 635	7524	821742139
嶷	12 635	7525	820809754
枓	13 635	7526	820809754
攷	1 636	7527	820809752
暾	2 636	7528	820809750
伡	3 636	7529	820809748
啹	4 636	7530	820809748
姵	5 636	7531	820809748
扌	6 636	7532	820809748
挢	7 636	7533	820809748
檞	8 636	7534	820809748
炵	9 636	7535	820809748
钷	10 636	7536	820809748
铽	11 636	7537	820809748
骕	12 636	7538	820809748
魮	13 636	7539	820809748
閾	1 637	7540	820032205
躰	2 637	7541	817821140
賤	3 637	7542	817400859
骅	4 637	7543	816817492
冫	5 637	7544	815149703
筍	6 637	7545	814280865
濞	7 637	7546	813786628
麩	8 637	7547	813455824
棗	9 637	7548	812830554
疸	10 637	7549	808474682
偬	11 637	7550	807000778
菝	12 637	7551	805959596
杼	13 637	7552	804792457
綦	1 642	7553	804702215
漯	2 642	7554	804702208
蛲	3 642	7555	804702205
(	4 642	7556	804362685
蒴	5 642	7557	802233879
慊	6 642	7558	802125841
垕	7 642	7559	802125839
杬	8 642	7560	802125839
洑	9 642	7561	802125839
亓	10 642	7562	802125838
刖	11 642	7563	802125838
哕	12 642	7564	802125838
哿	13 642	7565	802125838
垲	1 639	7566	802125838
彸	2 639	7567	802125838
懆	3 639	7568	802125838
缑	4 639	7569	802125838
芠	5 639	7570	802125838
裈	6 639	7571	802125838
轵	7 639	7572	802125838
鉆	8 639	7573	802125838
锫	9 639	7574	802125838
饩	10 639	7575	802125838
牖	11 639	7576	800615053
磙	12 639	7577	800615053
靥	13 639	7578	800615053
塹	1 640	7579	800235452
廠	2 640	7580	798351760
隗	3 640	7581	798071792
擲	4 640	7582	797369052
裡	5 640	7583	796984306
郛	6 640	7584	794338513
顏	7 640	7585	794328240
溟	8 640	7586	794100170
晌	9 640	7587	789632007
蛯	10 640	7588	788836692
伢	11 640	7589	786384946
扞	12 640	7590	786384946
龇	13 640	7591	786384946
缛	1 643	7592	784757647
枹	2 643	7593	783867227
幵	3 643	7594	783867225
囷	4 643	7595	783867223
泐	5 643	7596	783867223
浉	6 643	7597	783867223
瞓	7 643	7598	783867223
禩	8 643	7599	783867223
秾	9 643	7600	783867223
绡	10 643	7601	783867223
罿	11 643	7602	783867223
肀	12 643	7603	783867223
蛴	13 643	7604	783867223
钔	1 644	7605	783867223
飑	2 644	7606	783867223
鹋	3 644	7607	779336200
靱	4 644	7608	779160194
旒	5 644	7609	775742870
僑	6 644	7610	773114060
枇	7 644	7611	772343962
淙	8 644	7612	768650520
劬	9 644	7613	768484639
屐	10 644	7614	768484639
巯	11 644	7615	768484639
挲	12 644	7616	768484639
棰	13 644	7617	768484639
脔	1 645	7618	768484639
荜	2 645	7619	768484639
兕	3 645	7620	766024233
黻	4 645	7621	766024233
堉	5 645	7622	766024231
伃	6 645	7623	766024230
仼	7 645	7624	766024228
劢	8 645	7625	766024228
嫱	9 645	7626	766024228
徼	10 645	7627	766024228
滠	11 645	7628	766024228
琄	12 645	7629	766024228
瘜	13 645	7630	766024228
禨	1 646	7631	766024228
糬	2 646	7632	766024228
蒉	3 646	7633	766024228
铗	4 646	7634	766024228
锿	5 646	7635	766024228
鲴	6 646	7636	766024228
粳	7 646	7637	764551818
腴	8 646	7638	763131097
衒	9 646	7639	761121089
瀞	10 646	7640	759015759
鋏	11 646	7641	758057915
戡	12 646	7642	755415439
鯵	13 646	7643	753582116
刳	1 647	7644	751227427
跣	2 647	7645	750991789
陉	3 647	7646	750991789
讦	4 647	7647	750991788
栲	5 647	7648	750234634
梟	6 647	7649	749867851
颦	7 647	7650	749437732
姸	8 647	7651	748587407
犴	9 647	7652	748587397
疔	10 647	7653	748587395
碻	11 647	7654	748587395
裼	12 647	7655	748587395
妘	13 647	7656	748587394
庣	1 648	7657	748587394
摭	2 648	7658	748587394
敔	3 648	7659	748587394
珛	4 648	7660	748587394
觋	5 648	7661	748587394
谮	6 648	7662	748587394
镛	7 648	7663	748587394
䴙	8 648	7664	748587393
峋	9 648	7665	747572428
怦	10 648	7666	747325279
蒐	11 648	7667	746313584
萸	12 648	7668	745125504
畚	13 648	7669	744375062
驤	1 649	7670	741813977
齟	2 649	7671	741310244
齬	3 649	7672	741310243
諍	4 649	7673	739571582
暎	5 649	7674	739170567
鋲	6 649	7675	735782002
旛	7 649	7676	735575801
橥	8 649	7677	733897135
燦	9 649	7678	733109486
凖	10 649	7679	731547469
爀	11 649	7680	731547467
婼	12 649	7681	731547462
溷	13 649	7682	731547462
鄜	1 651	7683	731547462
沬	2 651	7684	731547461
溍	3 651	7685	731547461
牁	4 651	7686	731547461
荇	5 651	7687	731547461
亻	6 651	7688	731547460
柟	7 651	7689	731547460
瘗	8 651	7690	731547460
绗	9 651	7691	731547460
蹚	10 651	7692	731547460
鎶	11 651	7693	731547460
锍	12 651	7694	731547460
閰	13 651	7695	731547460
鹾	1 650	7696	731547460
畤	2 650	7697	728385041
燿	3 650	7698	727804713
遯	4 650	7699	725860192
梃	5 650	7700	718314273
骐	6 650	7701	717789934
煊	7 650	7702	717191600
硇	8 650	7703	717191597
纰	9 650	7704	717191596
骛	10 650	7705	717191596
鳜	11 650	7706	717191596
珣	12 650	7707	715832934
鼯	13 650	7708	715707478
湣	1 653	7709	714895416
璩	2 653	7710	714895415
嫄	3 653	7711	714895413
礽	4 653	7712	714895413
傒	5 653	7713	714895410
剉	6 653	7714	714895410
簠	7 653	7715	714895410
昫	8 653	7716	714895409
泂	9 653	7717	714895409
螠	10 653	7718	714895409
郇	11 653	7719	714895409
麐	12 653	7720	714895409
倮	13 653	7721	714895408
囖	1 658	7722	714895408
岈	2 658	7723	714895408
舨	3 658	7724	714895408
蛘	4 658	7725	714895408
郐	5 658	7726	714895408
鞒	6 658	7727	714895408
鱀	7 658	7728	714895408
䴘	8 658	7729	714895407
簷	9 658	7730	713548909
旯	10 658	7731	709899373
捩	11 658	7732	708299247
獺	12 658	7733	705320616
偎	13 658	7734	704994689
粍	1 656	7735	704597436
慇	2 656	7736	701265085
鄯	3 656	7737	700866321
稹	4 656	7738	700866317
卺	5 656	7739	700866316
镊	6 656	7740	700866316
夲	7 656	7741	698622403
譞	8 656	7742	698622403
炟	9 656	7743	698622401
弝	10 656	7744	698622400
硭	11 656	7745	698622400
窆	12 656	7746	698622400
筼	13 656	7747	698622400
羝	1 657	7748	698622400
茑	2 657	7749	698622400
踬	3 657	7750	698622400
逭	4 657	7751	698622400
馃	5 657	7752	698622400
麈	6 657	7753	698622400
悫	7 657	7754	698622399
墉	8 657	7755	697306558
暸	9 657	7756	697306555
畷	10 657	7757	696857235
鼾	11 657	7758	696843859
盥	12 657	7759	696437903
閤	13 657	7760	696035451
雎	1 660	7761	695983837
阝	2 660	7762	693191100
殳	3 660	7763	692952746
桿	4 660	7764	692696932
鍔	5 660	7765	692316243
蹑	6 660	7766	688947058
娌	7 660	7767	688277269
鱒	8 660	7768	686991234
筰	9 660	7769	686129088
饗	10 660	7770	685624970
悰	11 660	7771	682719819
嚭	12 660	7772	682719815
懽	13 660	7773	682719815
屻	1 661	7774	682719814
幞	2 661	7775	682719814
彟	3 661	7776	682719814
窸	4 661	7777	682719814
耪	5 661	7778	682719814
葇	6 661	7779	682719814
迕	7 661	7780	682719814
铥	8 661	7781	682719814
骃	9 661	7782	682719814
澱	10 661	7783	680008932
蹉	11 661	7784	679698736
踌	12 661	7785	672610168
鬘	13 661	7786	671961148
奁	1 662	7787	669322135
赧	2 662	7788	667937081
紞	3 662	7789	667179219
罍	4 662	7790	667179219
崱	5 662	7791	667179218
搆	6 662	7792	667179218
辶	7 662	7793	667179218
刭	8 662	7794	667179217
噉	9 662	7795	667179217
埙	10 662	7796	667179217
帻	11 662	7797	667179217
溇	12 662	7798	667179217
潆	13 662	7799	667179217
狨	1 663	7800	667179217
獍	2 663	7801	667179217
癍	3 663	7802	667179217
硁	4 663	7803	667179217
秙	5 663	7804	667179217
罾	6 663	7805	667179217
蟛	7 663	7806	667179217
趼	8 663	7807	667179217
銎	9 663	7808	667179217
铏	10 663	7809	667179217
麇	11 663	7810	667179217
桝	12 663	7811	667084866
鰯	13 663	7812	665672915
滉	1 664	7813	661789563
伫	2 664	7814	657939340
枞	3 664	7815	657939340
魯	4 664	7816	655776034
鹧	5 664	7817	654300343
噼	6 664	7818	654086503
渑	7 664	7819	654086503
嗫	8 664	7820	653143843
鞮	9 664	7821	651992393
邽	10 664	7822	651992368
攵	11 664	7823	651992367
俋	12 664	7824	651992366
柝	13 664	7825	651992366
舸	1 665	7826	651992366
奀	2 665	7827	651992365
榍	3 665	7828	651992365
泭	4 665	7829	651992365
濙	5 665	7830	651992365
眢	6 665	7831	651992365
紒	7 665	7832	651992365
诖	8 665	7833	651992365
鄘	9 665	7834	651992365
酦	10 665	7835	651992365
鹀	11 665	7836	651992365
隍	12 665	7837	650987218
驕	13 665	7838	648502900
暈	1 666	7839	648223448
薗	2 666	7840	646737566
繹	3 666	7841	645654244
鯱	4 666	7842	645654242
拏	5 666	7843	645556553
鲵	6 666	7844	642962800
亰	7 666	7845	639233542
茭	8 666	7846	639197677
瑯	9 666	7847	637944686
肓	10 666	7848	637874960
裒	11 666	7849	637151208
搠	12 666	7850	637151204
甓	13 666	7851	637151204
盌	1 671	7852	637151204
呶	2 671	7853	637151203
挼	3 671	7854	637151203
桲	4 671	7855	637151203
漥	5 671	7856	637151203
秅	6 671	7857	637151203
竳	7 671	7858	637151203
虮	8 671	7859	637151203
蚐	9 671	7860	637151203
觌	10 671	7861	637151203
鄹	11 671	7862	637151203
阚	12 671	7863	637151203
鲦	13 671	7864	637151203
舩	1 667	7865	636960740
檸	2 667	7866	630957355
燵	3 667	7867	630957350
鰤	4 667	7868	630957350
蕁	5 667	7869	630957349
崗	6 667	7870	630846513
漑	7 667	7871	630108439
嶙	8 667	7872	627301117
坩	9 667	7873	626722049
嚅	10 667	7874	625120066
龠	11 667	7875	624692776
鄱	12 667	7876	624647770
珅	13 667	7877	624647764
蟊	1 668	7878	624647764
鸹	2 668	7879	624647764
鏑	3 668	7880	624422476
傥	4 668	7881	623747521
槁	5 668	7882	623355158
咛	6 668	7883	623355157
蕗	7 668	7884	623297780
惔	8 668	7885	622647876
皞	9 668	7886	622647876
侔	10 668	7887	622647875
呴	11 668	7888	622647875
庥	12 668	7889	622647875
搴	13 668	7890	622647875
釭	1 670	7891	622647875
偾	2 670	7892	622647874
冚	3 670	7893	622647874
冮	4 670	7894	622647874
屃	5 670	7895	622647874
滗	6 670	7896	622647874
猃	7 670	7897	622647874
猱	8 670	7898	622647874
芲	9 670	7899	622647874
镴	10 670	7900	622647874
骟	11 670	7901	622647874
鲾	12 670	7902	622647874
㓥	13 670	7903	622647873
磝	1 674	7904	622647873
墾	2 674	7905	622079649
痍	3 674	7906	621539777
嘹	4 674	7907	621475120
蝻	5 674	7908	620857531
嚆	6 674	7909	618360871
翩	7 674	7910	617705986
詭	8 674	7911	616595009
筥	9 674	7912	614646655
樂	10 674	7913	614497807
憺	11 674	7914	614058339
縋	12 674	7915	612247543
舳	13 674	7916	611351177
璽	1 675	7917	610788182
觔	2 675	7918	610473029
啻	3 675	7919	610429051
頠	4 675	7920	608474678
尙	5 675	7921	608474676
逯	6 675	7922	608474676
訾	7 675	7923	608474675
廵	8 675	7924	608474674
绹	9 675	7925	608474674
谫	10 675	7926	608474674
蹓	11 675	7927	608474674
鱊	12 675	7928	608474674
鼙	13 675	7929	608474674
哱	1 676	7930	608474673
氤	2 676	7931	608063123
莜	3 676	7932	607328625
钎	4 676	7933	606176578
姶	5 676	7934	602559604
總	6 676	7935	602333357
訶	7 676	7936	601804141
嚥	8 676	7937	597925500
倜	9 676	7938	596985032
跬	10 676	7939	596533978
璿	11 676	7940	594624105
晳	12 676	7941	594624103
栻	13 676	7942	594624102
觜	1 677	7943	594624101
巂	2 677	7944	594624100
傺	3 677	7945	594624097
刿	4 677	7946	594624097
劂	5 677	7947	594624097
堛	6 677	7948	594624097
堠	7 677	7949	594624097
慝	8 677	7950	594624097
柙	9 677	7951	594624097
涖	10 677	7952	594624097
缌	11 677	7953	594624097
舴	12 677	7954	594624097
鲐	13 677	7955	594624097
尓	1 678	7956	594586801
箓	2 678	7957	593504128
厰	3 678	7958	593391490
蟇	4 678	7959	593157329
塙	5 678	7960	592364765
荽	6 678	7961	591731965
鮪	7 678	7962	588843676
瘡	8 678	7963	588748296
漿	9 678	7964	586544973
錘	10 678	7965	584772941
苅	11 678	7966	584110708
瓴	12 678	7967	582955210
趿	13 678	7968	582955210
颀	1 679	7969	582955210
訝	2 679	7970	582876530
鍬	3 679	7971	581334933
珺	4 679	7972	581088801
吿	5 679	7973	581088800
璮	6 679	7974	581088800
驎	7 679	7975	581088800
鰕	8 679	7976	581088800
倗	9 679	7977	581088799
垴	10 679	7978	581088799
曛	11 679	7979	581088799
漈	12 679	7980	581088799
缳	13 679	7981	581088799
羱	1 680	7982	581088799
腉	2 680	7983	581088799
蚨	3 680	7984	581088799
讬	4 680	7985	581088799
邰	5 680	7986	581088799
邶	6 680	7987	581088799
铚	7 680	7988	581088799
锩	8 680	7989	581088799
痤	9 680	7990	579417960
錮	10 680	7991	575439944
媾	11 680	7992	574994669
楡	12 680	7993	571061526
猊	13 680	7994	569696111
匋	1 681	7995	567861608
湝	2 681	7996	567861608
琁	3 681	7997	567861608
眇	4 681	7998	567861608
蘩	5 681	7999	567861608
鑅	6 681	8000	567861608
伔	7 681	8001	567861607
厷	8 681	8002	567861607
岽	9 681	8003	567861607
枘	10 681	8004	567861607
椐	11 681	8005	567861607
椝	12 681	8006	567861607
椟	13 681	8007	567861607
殑	1 682	8008	567861607
溞	2 682	8009	567861607
炁	3 682	8010	567861607
煴	4 682	8011	567861607
煺	5 682	8012	567861607
爝	6 682	8013	567861607
翮	7 682	8014	567861607
踉	8 682	8015	567861607
镲	9 682	8016	567861607
鹆	10 682	8017	567861607
豨	11 682	8018	567238190
旰	12 682	8019	566228791
杢	13 682	8020	565433432
魎	1 684	8021	565327640
橦	2 684	8022	565168434
晢	3 684	8023	560500637
兒	4 684	8024	558486032
怏	5 684	8025	556838065
勰	6 684	8026	556717909
媞	7 684	8027	556717909
蹩	8 684	8028	556717907
郦	9 684	8029	556717906
剋	10 684	8030	555675932
嵒	11 684	8031	554935504
欹	12 684	8032	554935503
瘖	13 684	8033	554935503
媄	1 685	8034	554935502
勔	2 685	8035	554935501
叆	3 685	8036	554935501
坫	4 685	8037	554935501
埝	5 685	8038	554935501
愀	6 685	8039	554935501
撄	7 685	8040	554935501
昜	8 685	8041	554935501
晫	9 685	8042	554935501
皘	10 685	8043	554935501
睳	11 685	8044	554935501
矞	12 685	8045	554935501
絜	13 685	8046	554935501
绋	1 686	8047	554935501
罝	2 686	8048	554935501
肫	3 686	8049	554935501
莩	4 686	8050	554935501
钭	5 686	8051	554935501
阼	6 686	8052	554935501
黡	7 686	8053	554935501
胝	8 686	8054	553400943
缧	9 686	8055	551548774
葳	10 686	8056	550107779
霎	11 686	8057	550009936
螢	12 686	8058	549540906
缥	13 686	8059	547245118
臍	1 688	8060	544440416
幛	2 688	8061	542919637
戰	3 688	8062	542866839
愔	4 688	8063	542303629
邠	5 688	8064	542303629
鄠	6 688	8065	542303626
尅	7 688	8066	542303625
怱	8 688	8067	542303624
廔	9 688	8068	542303623
斝	10 688	8069	542303623
棓	11 688	8070	542303623
賨	12 688	8071	542303623
賸	13 688	8072	542303623
踅	1 689	8073	542303623
踫	2 689	8074	542303623
轺	3 689	8075	542303623
靬	4 689	8076	542303623
鳈	5 689	8077	542303623
埧	6 689	8078	542303622
茯	7 689	8079	541435909
崂	8 689	8080	541282204
鴈	9 689	8081	541060459
芻	10 689	8082	537031810
幟	11 689	8083	531339361
茏	12 689	8084	530561278
郄	13 689	8085	529959289
洧	1 690	8086	529959288
晡	2 690	8087	529959287
佉	3 690	8088	529959286
偍	4 690	8089	529959286
喦	5 690	8090	529959286
垌	6 690	8091	529959286
寗	7 690	8092	529959286
尨	8 690	8093	529959286
榅	9 690	8094	529959286
牻	10 690	8095	529959286
笸	11 690	8096	529959286
筜	12 690	8097	529959286
絒	13 690	8098	529959286
翋	1 691	8099	529959286
芺	2 691	8100	529959286
裎	3 691	8101	529959286
酂	4 691	8102	529959286
䲟	5 691	8103	529959285
袅	6 691	8104	529065766
誅	7 691	8105	528656443
ヰ	8 691	8106	527493071
裥	9 691	8107	527408704
璎	10 691	8108	526405312
鮒	11 691	8109	524807483
艤	12 691	8110	524807462
謄	13 691	8111	524608681
顼	1 692	8112	524388583
嶼	2 692	8113	524308360
晄	3 692	8114	523977312
竈	4 692	8115	522651067
蚰	5 692	8116	522111700
肄	6 692	8117	519559383
桷	7 692	8118	519559382
稃	8 692	8119	519559382
琬	9 692	8120	517895952
郤	10 692	8121	517895946
聃	11 692	8122	517895940
桯	12 692	8123	517895939
仳	13 692	8124	517895938
傜	1 693	8125	517895938
烇	2 693	8126	517895938
璱	3 693	8127	517895938
稶	4 693	8128	517895938
鼗	5 693	8129	517895938
䉤	6 693	8130	517895937
浡	7 693	8131	517895937
贶	8 693	8132	517895937
詛	9 693	8133	517783105
櫃	10 693	8134	517277118
斂	11 693	8135	517036184
逦	12 693	8136	516766780
齎	13 693	8137	515656751
蘆	1 694	8138	510757323
橼	2 694	8139	510246460
賣	3 694	8140	509036825
柽	4 694	8141	507732760
鉈	5 694	8142	507545871
驩	6 694	8143	506107194
棐	7 694	8144	506107191
鐇	8 694	8145	506107190
堣	9 694	8146	506107189
嵛	10 694	8147	506107189
恓	11 694	8148	506107189
搿	12 694	8149	506107189
暅	13 694	8150	506107189
疭	1 696	8151	506107189
糇	2 696	8152	506107189
耑	3 696	8153	506107189
胨	4 696	8154	506107189
跽	5 696	8155	506107189
踔	6 696	8156	506107189
韘	7 696	8157	506107189
廒	8 696	8158	506107188
吲	9 696	8159	505764883
瘁	10 696	8160	505153945
冽	11 696	8161	504172628
笊	12 696	8162	502201722
蚱	13 696	8163	501712966
寶	1 697	8164	501187450
偻	2 697	8165	500877208
韋	3 697	8166	498806991
嵇	4 697	8167	496175358
。	5 697	8168	496078579
拵	6 697	8169	495721443
忸	7 697	8170	495092651
廾	8 697	8171	495077588
坵	9 697	8172	494586790
朓	10 697	8173	494586786
珽	11 697	8174	494586786
乛	12 697	8175	494586784
啋	13 697	8176	494586784
圯	1 698	8177	494586784
涚	2 698	8178	494586784
甗	3 698	8179	494586784
礤	4 698	8180	494586784
肷	5 698	8181	494586784
舄	6 698	8182	494586784
蕯	7 698	8183	494586784
釴	8 698	8184	494586784
镘	9 698	8185	494586784
骎	10 698	8186	494586784
鳒	11 698	8187	494586784
鳡	12 698	8188	494586784
齁	13 698	8189	494586784
龁	1 707	8190	494586784
諌	2 707	8191	493526920
恊	3 707	8192	492744094
戀	4 707	8193	492300242
蕪	5 707	8194	491693928
砗	6 707	8195	491568373
桄	7 707	8196	486898147
婀	8 707	8197	484881024
酞	9 707	8198	484378957
甪	10 707	8199	483328615
堈	11 707	8200	483328614
玶	12 707	8201	483328613
肸	13 707	8202	483328613
遹	1 700	8203	483328613
坼	2 700	8204	483328612
昃	3 700	8205	483328612
枥	4 700	8206	483328612
浥	5 700	8207	483328612
砈	6 700	8208	483328612
罱	7 700	8209	483328612
聼	8 700	8210	483328612
讠	9 700	8211	483328612
鐾	10 700	8212	483328612
糀	11 700	8213	483275104
珏	12 700	8214	482418275
仞	13 700	8215	482418265
箏	1 701	8216	481209060
趨	2 701	8217	479060268
縣	3 701	8218	478324268
旮	4 701	8219	478248067
禮	5 701	8220	478150896
盪	6 701	8221	477865661
當	7 701	8222	476443987
跎	8 701	8223	476433949
缫	9 701	8224	473843782
羰	10 701	8225	473843782
癬	11 701	8226	473574249
苁	12 701	8227	472863241
倧	13 701	8228	472326720
鞬	1 702	8229	472326720
蒄	2 702	8230	472326718
琡	3 702	8231	472326717
鄗	4 702	8232	472326716
喁	5 702	8233	472326715
嵫	6 702	8234	472326715
枒	7 702	8235	472326715
殄	8 702	8236	472326715
燄	9 702	8237	472326715
瑴	10 702	8238	472326715
璊	11 702	8239	472326715
盝	12 702	8240	472326715
絷	13 702	8241	472326715
赙	1 703	8242	472326715
铹	2 703	8243	472326715
煖	3 703	8244	472290439
穐	4 703	8245	467870261
顰	5 703	8246	466622125
铄	6 703	8247	465781141
窿	7 703	8248	465593159
豸	8 703	8249	464251747
鳏	9 703	8250	464172769
聒	10 703	8251	463820653
墀	11 703	8252	463057793
雩	12 703	8253	463057789
茌	13 703	8254	463057788
黧	1 704	8255	463057786
裃	2 704	8256	462141502
姈	3 704	8257	461575244
屭	4 704	8258	461575244
慜	5 704	8259	461575244
犭	6 704	8260	461575244
哳	7 704	8261	461575243
墼	8 704	8262	461575243
樻	9 704	8263	461575243
煳	10 704	8264	461575243
瓩	11 704	8265	461575243
瘉	12 704	8266	461575243
硏	13 704	8267	461575243
礅	1 705	8268	461575243
祃	2 705	8269	461575243
秏	3 705	8270	461575243
菥	4 705	8271	461575243
酹	5 705	8272	461575243
骱	6 705	8273	461575242
飄	7 705	8274	460487436
鎚	8 705	8275	460422129
鼈	9 705	8276	459068199
欝	10 705	8277	457088201
謐	11 705	8278	457088199
荊	12 705	8279	456453956
儋	13 705	8280	454385786
)	1 706	8281	453294593
琨	2 706	8282	452517300
桕	3 706	8283	452517292
颧	4 706	8284	452517292
圻	5 706	8285	451580883
喑	6 706	8286	451580878
驒	7 706	8287	451068538
佾	8 706	8288	451068511
滃	9 706	8289	451068511
翺	10 706	8290	451068510
嵎	11 706	8291	451068509
潚	12 706	8292	451068509
璂	13 706	8293	451068509
蕺	1 708	8294	451068509
咘	2 708	8295	451068508
婖	3 708	8296	451068508
悃	4 708	8297	451068508
戽	5 708	8298	451068508
摥	6 708	8299	451068508
泖	7 708	8300	451068508
漭	8 708	8301	451068508
珗	9 708	8302	451068508
綷	10 708	8303	451068508
缋	11 708	8304	451068508
舣	12 708	8305	451068508
酽	13 708	8306	451068508
镤	1 710	8307	451068508
陧	2 710	8308	451068508
饹	3 710	8309	451068508
骢	4 710	8310	451068508
鹠	5 710	8311	451068508
閨	6 710	8312	446683596
糺	7 710	8313	445283706
骘	8 710	8314	442216747
淅	9 710	8315	441181742
唹	10 710	8316	440800933
倞	11 710	8317	440800932
灊	12 710	8318	440800932
畊	13 710	8319	440800932
娀	1 711	8320	440800931
娍	2 711	8321	440800931
斿	3 711	8322	440800931
倛	4 711	8323	440800930
嗱	5 711	8324	440800930
垆	6 711	8325	440800930
堎	7 711	8326	440800930
忭	8 711	8327	440800930
捇	9 711	8328	440800930
摅	10 711	8329	440800930
棁	11 711	8330	440800930
琠	12 711	8331	440800930
窀	13 711	8332	440800930
籥	1 712	8333	440800930
醅	2 712	8334	440800930
馇	3 712	8335	440800930
鯭	4 712	8336	440800930
馘	5 712	8337	439158636
佶	6 712	8338	438531835
噓	7 712	8339	436515836
憊	8 712	8340	436515835
聰	9 712	8341	433465336
苾	10 712	8342	433221546
愦	11 712	8343	432150670
餞	12 712	8344	431982763
倨	13 712	8345	431256404
菻	1 713	8346	430767084
沚	2 713	8347	430767083
瀼	3 713	8348	430767083
眄	4 713	8349	430767083
鉨	5 713	8350	430767083
昝	6 713	8351	430767082
暔	7 713	8352	430767082
柉	8 713	8353	430767082
榱	9 713	8354	430767082
猂	10 713	8355	430767082
璸	11 713	8356	430767082
纴	12 713	8357	430767082
蠵	13 713	8358	430767082
鮈	1 715	8359	430767082
鲃	2 715	8360	430767082
鹲	3 715	8361	430767082
輻	4 715	8362	429115337
蜩	5 715	8363	427284260
聳	6 715	8364	426154389
蜢	7 715	8365	423454951
狷	8 715	8366	423128340
嫘	9 715	8367	422313715
褛	10 715	8368	422313715
诂	11 715	8369	422313715
瑤	12 715	8370	421278057
瑭	13 715	8371	420961631
倢	1 716	8372	420961630
媖	2 716	8373	420961630
棨	3 716	8374	420961630
騄	4 716	8375	420961629
叧	5 716	8376	420961627
寜	6 716	8377	420961627
庤	7 716	8378	420961627
拫	8 716	8379	420961627
癚	9 716	8380	420961627
禥	10 716	8381	420961627
腙	11 716	8382	420961627
荖	12 716	8383	420961627
鍏	13 716	8384	420961627
堞	1 717	8385	420585778
辏	2 717	8386	420585778
脩	3 717	8387	420264193
醺	4 717	8388	420251879
緖	5 717	8389	419955961
閏	6 717	8390	418991339
佻	7 717	8391	414101391
瀾	8 717	8392	413689823
倅	9 717	8393	412389621
窕	10 717	8394	411734216
罫	11 717	8395	411727039
蓐	12 717	8396	411379366
垤	13 717	8397	411379364
燫	1 718	8398	411379364
跂	2 718	8399	411379364
呣	3 718	8400	411379363
嗞	4 718	8401	411379363
圬	5 718	8402	411379363
塭	6 718	8403	411379363
墬	7 718	8404	411379363
娡	8 718	8405	411379363
掊	9 718	8406	411379363
玝	10 718	8407	411379363
珫	11 718	8408	411379363
竤	12 718	8409	411379363
纩	13 718	8410	411379363
軚	1 722	8411	411379363
鵠	2 722	8412	409284274
菪	3 722	8413	407128286
蓿	4 722	8414	407128286
悝	5 722	8415	403306464
瘙	6 722	8416	403306463
薤	7 722	8417	403306463
袪	8 722	8418	403306463
亅	9 722	8419	402762246
顗	10 722	8420	402015246
憍	11 722	8421	402015237
汧	12 722	8422	402015236
樉	13 722	8423	402015233
盦	1 719	8424	402015233
丌	2 719	8425	402015232
伣	3 719	8426	402015232
埮	4 719	8427	402015232
寃	5 719	8428	402015232
尐	6 719	8429	402015232
屦	7 719	8430	402015232
屺	8 719	8431	402015232
櫆	9 719	8432	402015232
狃	10 719	8433	402015232
簃	11 719	8434	402015232
茓	12 719	8435	402015232
袓	13 719	8436	402015232
镩	1 720	8437	402015232
逹	2 720	8438	401975416
楪	3 720	8439	397688197
掇	4 720	8440	394126095
屣	5 720	8441	393310513
毟	6 720	8442	392996199
遶	7 720	8443	392864250
塨	8 720	8444	392864249
墡	9 720	8445	392864249
蠃	10 720	8446	392864249
錧	11 720	8447	392864249
剀	12 720	8448	392864248
剕	13 720	8449	392864248
嫜	1 721	8450	392864248
嵨	2 721	8451	392864248
憷	3 721	8452	392864248
揲	4 721	8453	392864248
璺	5 721	8454	392864248
舭	6 721	8455	392864248
觏	7 721	8456	392864248
锊	8 721	8457	392864248
瀋	9 721	8458	392445739
邋	10 721	8459	390118717
卩	11 721	8460	388519861
苒	12 721	8461	387895276
縷	13 721	8462	386778393
經	1 729	8463	386616329
陜	2 729	8464	385822046
鳇	3 729	8465	385154686
玢	4 729	8466	383921563
汭	5 729	8467	383921562
叒	6 729	8468	383921560
咴	7 729	8469	383921560
壂	8 729	8470	383921560
斲	9 729	8471	383921560
晸	10 729	8472	383921560
櫈	11 729	8473	383921560
洊	12 729	8474	383921560
砘	13 729	8475	383921560
莶	1 1841	8476	383921560
蟪	2 1841	8477	383921560
诼	3 1841	8478	383921560
锧	4 1841	8479	383921560
阓	5 1841	8480	383921560
鱥	6 1841	8481	383921560
鱚	7 1841	8482	382427778
倻	8 1841	8483	382244715
亞	9 1841	8484	380855330
嬰	10 1841	8485	380138700
嘌	11 1841	8486	379942426
绁	12 1841	8487	379885942
簀	13 1841	8488	379709886
蕤	1 728	8489	379595761
號	2 728	8490	378509544
蓁	3 728	8491	376468740
垠	4 728	8492	376387497
宄	5 728	8493	376387489
衽	6 728	8494	375296197
崟	7 728	8495	375182445
埻	8 728	8496	375182444
柷	9 728	8497	375182444
嚜	10 728	8498	375182443
擭	11 728	8499	375182443
敩	12 728	8500	375182443
椆	13 728	8501	375182443
泶	1 724	8502	375182443
痝	2 724	8503	375182443
绨	3 724	8504	375182443
謦	4 724	8505	375182443
铔	5 724	8506	375182443
龆	6 724	8507	375182443
鬆	7 724	8508	374920682
狯	8 724	8509	374847472
旖	9 724	8510	372235798
繪	10 724	8511	371535244
艟	11 724	8512	369116830
稟	12 724	8513	366851428
尒	13 724	8514	366642245
柁	1 1607	8515	366642245
槪	2 1607	8516	366642245
匼	3 1607	8517	366642244
婳	4 1607	8518	366642244
扢	5 1607	8519	366642244
枬	6 1607	8520	366642244
棪	7 1607	8521	366642244
楗	8 1607	8522	366642244
槅	9 1607	8523	366642244
滆	10 1607	8524	366642244
缷	11 1607	8525	366642244
莰	12 1607	8526	366642244
葶	13 1607	8527	366642244
閟	1 726	8528	366642244
癶	2 726	8529	365782322
鸶	3 726	8530	365588011
脹	4 726	8531	363321942
覺	5 726	8532	363078134
發	6 726	8533	359842458
孱	7 726	8534	359447267
刄	8 726	8535	358836685
嵜	9 726	8536	358717092
筲	10 726	8537	358703445
冂	11 726	8538	358393024
霑	12 726	8539	358296461
濩	13 726	8540	358296457
癈	1 742	8541	358296457
廋	2 742	8542	358296455
丄	3 742	8543	358296454
乬	4 742	8544	358296454
俌	5 742	8545	358296454
嗍	6 742	8546	358296454
墭	7 742	8547	358296454
壸	8 742	8548	358296454
尥	9 742	8549	358296454
恅	10 742	8550	358296454
拻	11 742	8551	358296454
昖	12 742	8552	358296454
桵	13 742	8553	358296454
泬	1 8 65	8554	358296454
玱	2 8 65	8555	358296454
砊	3 8 65	8556	358296454
綖	4 8 65	8557	358296454
腷	5 8 65	8558	358296454
鐬	6 8 65	8559	358296454
锬	7 8 65	8560	358296454
骉	8 8 65	8561	358296454
鲬	9 8 65	8562	358296454
倥	10 8 65	8563	357515254
綬	11 8 65	8564	357427833
箝	12 8 65	8565	356644612
萠	13 8 65	8566	356425977
烝	1 1635	8567	355639854
誂	2 1635	8568	353047587
嘧	3 1635	8569	352726525
镪	4 1635	8570	351265240
狢	5 1635	8571	350217663
渼	6 1635	8572	350140630
脷	7 1635	8573	350140629
鋐	8 1635	8574	350140629
潡	9 1635	8575	350140628
琭	10 1635	8576	350140628
祩	11 1635	8577	350140628
嗐	12 1635	8578	350140627
埏	13 1635	8579	350140627
孮	1 730	8580	350140627
戥	2 730	8581	350140627
扜	3 730	8582	350140627
抺	4 730	8583	350140627
榀	5 730	8584	350140627
氽	6 730	8585	350140627
洇	7 730	8586	350140627
烀	8 730	8587	350140627
玪	9 730	8588	350140627
瘕	10 730	8589	350140627
腘	11 730	8590	350140627
蘧	12 730	8591	350140627
蚃	13 730	8592	350140627
蟼	1 736	8593	350140627
襕	2 736	8594	350140627
鲒	3 736	8595	350140627
證	4 736	8596	350018738
讀	5 736	8597	349974878
鵞	6 736	8598	349199528
蠱	7 736	8599	346863189
礒	8 736	8600	346788604
磲	9 736	8601	346011906
栂	10 736	8602	345820240
聾	11 736	8603	345159966
獨	12 736	8604	344593649
巉	13 736	8605	343269478
燠	1 735	8606	343269478
劼	2 735	8607	342170455
壎	3 735	8608	342170453
燏	4 735	8609	342170453
荦	5 735	8610	342170453
衂	6 735	8611	342170453
媎	7 735	8612	342170452
媵	8 735	8613	342170452
怹	9 735	8614	342170452
攽	10 735	8615	342170452
槑	11 735	8616	342170452
橓	12 735	8617	342170452
洨	13 735	8618	342170452
皤	1 738	8619	342170452
砮	2 738	8620	342170452
碔	3 738	8621	342170452
袛	4 738	8622	342170452
躜	5 738	8623	342170452
鬾	6 738	8624	342170452
鼱	7 738	8625	342170452
噤	8 738	8626	342024773
瑳	9 738	8627	341841019
臙	10 738	8628	341466588
夛	11 738	8629	341060741
鉉	12 738	8630	340216200
體	13 738	8631	338199031
纒	1 733	8632	337873102
梛	2 733	8633	337737401
屮	3 733	8634	336724113
逶	4 733	8635	336286973
耋	5 733	8636	336286972
燼	6 733	8637	336266164
坻	7 733	8638	335455707
膑	8 733	8639	335455705
晧	9 733	8640	334381719
辧	10 733	8641	334381702
醵	11 733	8642	334381701
僬	12 733	8643	334381700
悆	13 733	8644	334381700
礻	1 734	8645	334381700
婓	2 734	8646	334381699
孴	3 734	8647	334381699
捽	4 734	8648	334381699
槰	5 734	8649	334381699
玏	6 734	8650	334381699
脤	7 734	8651	334381699
芵	8 734	8652	334381699
蔟	9 734	8653	334381699
釪	10 734	8654	334381699
褙	11 734	8655	332139296
鮑	12 734	8656	331131166
惡	13 734	8657	329871005
戬	1 737	8658	327819809
葜	2 737	8659	327052108
俀	3 737	8660	326770247
喨	4 737	8661	326770247
噍	5 737	8662	326770247
幪	6 737	8663	326770247
觭	7 737	8664	326770247
僎	8 737	8665	326770246
僜	9 737	8666	326770246
唿	10 737	8667	326770246
斻	11 737	8668	326770246
枵	12 737	8669	326770246
浛	13 737	8670	326770246
渶	1 739	8671	326770246
炴	2 739	8672	326770246
硓	3 739	8673	326770246
茈	4 739	8674	326770246
迾	5 739	8675	326770246
銆	6 739	8676	326770246
霤	7 739	8677	326770246
鲕	8 739	8678	326770246
鲯	9 739	8679	326770246
妯	10 739	8680	326057788
靂	11 739	8681	324448014
銛	12 739	8682	323593657
樣	13 739	8683	323050149
禰	1 740	8684	322993282
撓	2 740	8685	322752981
鏖	3 740	8686	322675208
檗	4 740	8687	322192059
栝	5 740	8688	320357710
諧	6 740	8689	320079138
莨	7 740	8690	320011618
蓊	8 740	8691	319694784
濵	9 740	8692	319436703
侊	10 740	8693	319332048
卨	11 740	8694	319332047
忞	12 740	8695	319332046
躄	13 740	8696	319332045
唳	1 741	8697	319332044
滈	2 741	8698	319332044
衎	3 741	8699	319332044
賍	4 741	8700	319332044
遘	5 741	8701	319332044
吥	6 741	8702	319332043
嫈	7 741	8703	319332043
帤	8 741	8704	319332043
昢	9 741	8705	319332043
栦	10 741	8706	319332043
汔	11 741	8707	319332043
畎	12 741	8708	319332043
痟	13 741	8709	319332043
癎	1 743	8710	319332043
簏	2 743	8711	319332043
绠	3 743	8712	319332043
蔸	4 743	8713	319332043
鐩	5 743	8714	319332043
锠	6 743	8715	319332043
鳁	7 743	8716	319332043
嗥	8 743	8717	318730591
牦	9 743	8718	318730591
徬	10 743	8719	317795167
灣	11 743	8720	316903194
藹	12 743	8721	316227775
襷	13 743	8722	316227771
慟	1 744	8723	316227768
飜	2 744	8724	315022935
漲	3 744	8725	313716247
仡	4 744	8726	313065479
怄	5 744	8727	313065478
侁	6 744	8728	312063167
竩	7 744	8729	312063167
綮	8 744	8730	312063167
乪	9 744	8731	312063166
伬	10 744	8732	312063166
俢	11 744	8733	312063166
墁	12 744	8734	312063166
娸	13 744	8735	312063166
孭	1 748	8736	312063166
岍	2 748	8737	312063166
扥	3 748	8738	312063166
欷	4 748	8739	312063166
潩	5 748	8740	312063166
狅	6 748	8741	312063166
珓	7 748	8742	312063166
眘	8 748	8743	312063166
葙	9 748	8744	312063166
瀉	10 748	8745	310582259
侭	11 748	8746	310108783
鋪	12 748	8747	309029581
舁	13 748	8748	307276994
罘	1 747	8749	305939246
黟	2 747	8750	305939243
嶲	3 747	8751	304959741
伾	4 747	8752	304959738
庲	5 747	8753	304959737
棆	6 747	8754	304959737
舡	7 747	8755	304959737
奡	8 747	8756	304959736
愯	9 747	8757	304959736
拺	10 747	8758	304959736
杅	11 747	8759	304959736
杸	12 747	8760	304959736
枏	13 747	8761	304959736
綪	1 746	8762	304959736
莛	2 746	8763	304959736
袆	3 746	8764	304959736
鍅	4 746	8765	304959736
鐢	5 746	8766	304959736
颣	6 746	8767	304959736
驵	7 746	8768	304959736
鵖	8 746	8769	304959736
潅	9 746	8770	303042528
秫	10 746	8771	302692303
鰭	11 746	8772	302569299
毳	12 746	8773	302387781
讓	13 746	8774	301995205
欒	1 749	8775	301995189
髫	2 749	8776	298975214
殚	3 749	8777	298975213
邙	4 749	8778	298975213
傈	5 749	8779	298018012
刕	6 749	8780	298018012
琫	7 749	8781	298018012
僩	8 749	8782	298018010
廌	9 749	8783	298018010
梴	10 749	8784	298018010
炻	11 749	8785	298018010
眛	12 749	8786	298018010
俇	13 749	8787	298018009
媿	1 750	8788	298018009
嫰	2 750	8789	298018009
秷	3 750	8790	298018009
粣	4 750	8791	298018009
荬	5 750	8792	298018009
骖	6 750	8793	298018009
珙	7 750	8794	296892447
唎	8 750	8795	296323599
跹	9 750	8796	295675183
繫	10 750	8797	295120940
甍	11 750	8798	295044175
锒	12 750	8799	294929209
垰	13 750	8800	294704331
絲	1 751	8801	293205704
闢	2 751	8802	292523030
愎	3 751	8803	292169710
畯	4 751	8804	291234293
萣	5 751	8805	291234289
榣	6 751	8806	291234288
羑	7 751	8807	291234288
泃	8 751	8808	291234287
鑴	9 751	8809	291234287
乸	10 751	8810	291234286
仉	11 751	8811	291234286
劁	12 751	8812	291234286
姁	13 751	8813	291234286
嬝	1 752	8814	291234286
嬭	2 752	8815	291234286
瑍	3 752	8816	291234286
礓	4 752	8817	291234286
粞	5 752	8818	291234286
缏	6 752	8819	291234286
芛	7 752	8820	291234286
藨	8 752	8821	291234286
裣	9 752	8822	291234286
鐤	10 752	8823	291234286
遨	11 752	8824	290685745
佝	12 752	8825	289344251
鯰	13 752	8826	288403174
絣	1 754	8827	288173557
皷	2 754	8828	286478194
悛	3 754	8829	285532274
镢	4 754	8830	285519115
瘻	5 754	8831	284623901
蛑	6 754	8832	284604988
盩	7 754	8833	284604987
匜	8 754	8834	284604986
螋	9 754	8835	284604986
酺	10 754	8836	284604986
剞	11 754	8837	284604985
吣	12 754	8838	284604985
嵕	13 754	8839	284604985
嶒	1 755	8840	284604985
忮	2 755	8841	284604985
扺	3 755	8842	284604985
暟	4 755	8843	284604985
渿	5 755	8844	284604985
漤	6 755	8845	284604985
皦	7 755	8846	284604985
盚	8 755	8847	284604985
荂	9 755	8848	284604985
铓	10 755	8849	284604985
镮	11 755	8850	284604985
䍁	12 755	8851	284604984
橈	13 755	8852	284289105
鲠	1 756	8853	284068918
逓	2 756	8854	283732577
癜	3 756	8855	283383831
幄	4 756	8856	282696393
鬚	5 756	8857	281838322
籔	6 756	8858	281835089
駈	7 756	8859	281610555
杙	8 756	8860	279198628
锃	9 756	8861	279019900
肭	10 756	8862	278126590
鍝	11 756	8863	278126588
埌	12 756	8864	278126587
埥	13 756	8865	278126587
塄	1 758	8866	278126587
憿	2 758	8867	278126587
攉	3 758	8868	278126587
梑	4 758	8869	278126587
琩	5 758	8870	278126587
瘅	6 758	8871	278126587
盋	7 758	8872	278126587
禋	8 758	8873	278126587
縡	9 758	8874	278126587
鋆	10 758	8875	278126587
阬	11 758	8876	278126587
椚	12 758	8877	276398387
輛	13 758	8878	276219927
镔	1 757	8879	272668636
囀	2 757	8880	272604561
哙	3 757	8881	272104390
儇	4 757	8882	271795655
妸	5 757	8883	271795655
悕	6 757	8884	271795655
焞	7 757	8885	271795655
瑧	8 757	8886	271795655
詝	9 757	8887	271795655
鄫	10 757	8888	271795655
丷	11 757	8889	271795654
呭	12 757	8890	271795654
圌	13 757	8891	271795654
夨	1 763	8892	271795654
昑	2 763	8893	271795654
湼	3 763	8894	271795654
禵	4 763	8895	271795654
筳	5 763	8896	271795654
缞	6 763	8897	271795654
衤	7 763	8898	271795654
鲊	8 763	8899	271795654
忐	9 763	8900	270635248
弉	10 763	8901	270290805
!	11 763	8902	269922219
醗	12 763	8903	269153492
楳	13 763	8904	268521135
泱	1 760	8905	266519451
飕	2 760	8906	266519449
薷	3 760	8907	266461939
悳	4 760	8908	265957173
旼	5 760	8909	265608845
漷	6 760	8910	265608832
珦	7 760	8911	265608832
甃	8 760	8912	265608831
酖	9 760	8913	265608831
侚	10 760	8914	265608830
矼	11 760	8915	265608830
亣	12 760	8916	265608829
噷	13 760	8917	265608829
埆	1 759	8918	265608829
埶	2 759	8919	265608829
岪	3 759	8920	265608829
忄	4 759	8921	265608829
敳	5 759	8922	265608829
曚	6 759	8923	265608829
梣	7 759	8924	265608829
氿	8 759	8925	265608829
湲	9 759	8926	265608829
珒	10 759	8927	265608829
稸	11 759	8928	265608829
骒	12 759	8929	265608829
䂵	13 759	8930	265608828
臾	1 761	8931	264678015
錚	2 761	8932	263026805
遢	3 761	8933	262816858
臺	4 761	8934	261568721
癯	5 761	8935	260396515
苘	6 761	8936	260396515
裰	7 761	8937	260396515
珌	8 761	8938	259562838
瞀	9 761	8939	259562838
玼	10 761	8940	259562837
呬	11 761	8941	259562836
唃	12 761	8942	259562836
喈	13 761	8943	259562836
嘥	1 762	8944	259562836
塯	2 762	8945	259562836
檵	3 762	8946	259562836
涴	4 762	8947	259562836
潵	5 762	8948	259562836
狲	6 762	8949	259562836
猁	7 762	8950	259562836
璪	8 762	8951	259562836
篼	9 762	8952	259562836
籹	10 762	8953	259562836
菂	11 762	8954	259562836
裉	12 762	8955	259562836
䇲	13 762	8956	259562835
懃	1 764	8957	259048341
抔	2 764	8958	258845365
躱	3 764	8959	258555685
嘯	4 764	8960	257111808
靄	5 764	8961	256795107
靜	6 764	8962	255942229
筇	7 764	8963	254469170
栴	8 764	8964	254041108
彐	9 764	8965	253654464
瀷	10 764	8966	253654464
姃	11 764	8967	253654463
痳	12 764	8968	253654463
邲	13 764	8969	253654463
倠	1 765	8970	253654462
囥	2 765	8971	253654462
扃	3 765	8972	253654462
搣	4 765	8973	253654462
栟	5 765	8974	253654462
檇	6 765	8975	253654462
欑	7 765	8976	253654462
熥	8 765	8977	253654462
瑮	9 765	8978	253654462
瘼	10 765	8979	253654462
蠀	11 765	8980	253654462
邘	12 765	8981	253654462
酲	13 765	8982	253654462
醠	1 767	8983	253654462
锓	2 767	8984	253654462
䓕	3 767	8985	253654461
邗	4 767	8986	253176698
鋤	5 767	8987	253065881
藷	6 767	8988	252816336
崑	7 767	8989	251815397
筌	8 767	8990	250866373
栳	9 767	8991	248484754
鸪	10 767	8992	248484754
鐸	11 767	8993	248259327
珹	12 767	8994	247880587
枌	13 767	8995	247880586
焄	1 768	8996	247880586
戝	2 768	8997	247880585
桾	3 768	8998	247880585
瑇	4 768	8999	247880585
翃	5 768	9000	247880585
鄤	6 768	9001	247880585
伈	7 768	9002	247880584
剒	8 768	9003	247880584
圴	9 768	9004	247880584
墠	10 768	9005	247880584
憝	11 768	9006	247880584
枟	12 768	9007	247880584
棷	13 768	9008	247880584
欐	1 769	9009	247880584
浤	2 769	9010	247880584
甽	3 769	9011	247880584
痷	4 769	9012	247880584
瞺	5 769	9013	247880584
祾	6 769	9014	247880584
窅	7 769	9015	247880584
笚	8 769	9016	247880584
篚	9 769	9017	247880584
酤	10 769	9018	247880584
锼	11 769	9019	247880584
魆	12 769	9020	247880584
鸑	13 769	9021	247880584
椇	1 770	9022	247880583
硯	2 770	9023	247218983
徉	3 770	9024	246822274
絃	4 770	9025	245524999
鞆	5 770	9026	245470954
鑼	6 770	9027	245470907
曌	7 770	9028	243016174
鲥	8 770	9029	243016174
椪	9 770	9030	242238138
鞞	10 770	9031	242238138
嵿	11 770	9032	242238135
貔	12 770	9033	242238135
偆	13 770	9034	242238134
虓	1 771	9035	242238134
鄩	2 771	9036	242238134
僇	3 771	9037	242238133
冋	4 771	9038	242238133
凃	5 771	9039	242238133
刓	6 771	9040	242238133
刬	7 771	9041	242238133
勠	8 771	9042	242238133
唞	9 771	9043	242238133
寖	10 771	9044	242238133
尟	11 771	9045	242238133
廑	12 771	9046	242238133
擐	13 771	9047	242238133
狓	1 772	9048	242238133
眕	2 772	9049	242238133
眴	3 772	9050	242238133
瞆	4 772	9051	242238133
绖	5 772	9052	242238133
芶	6 772	9053	242238133
菉	7 772	9054	242238133
踨	8 772	9055	242238133
鍟	9 772	9056	242238133
鎴	10 772	9057	242238133
鲖	11 772	9058	242238133
蝼	12 772	9059	240875048
關	13 772	9060	240707991
苜	1 773	9061	240333815
旎	2 773	9062	240009121
鈎	3 773	9063	239883308
斃	4 773	9064	239883293
枻	5 773	9065	239337252
瘰	6 773	9066	237289961
啁	7 773	9067	236993014
亠	8 773	9068	236770938
晥	9 773	9069	236724116
僛	10 773	9070	236724112
匽	11 773	9071	236724112
墣	12 773	9072	236724112
婞	13 773	9073	236724112
挻	1 774	9074	236724112
摵	2 774	9075	236724112
潕	3 774	9076	236724112
澌	4 774	9077	236724112
烚	5 774	9078	236724112
珘	6 774	9079	236724112
瑅	7 774	9080	236724112
眚	8 774	9081	236724112
睌	9 774	9082	236724112
碏	10 774	9083	236724112
碶	11 774	9084	236724112
窬	12 774	9085	236724112
臞	13 774	9086	236724112
藦	1 816	9087	236724112
蚳	2 816	9088	236724112
褭	3 816	9089	236724112
菡	4 816	9090	235938081
匁	5 816	9091	234422894
鈿	6 816	9092	234048493
尭	7 816	9093	233432378
硚	8 816	9094	232078645
黩	9 816	9095	232078645
锱	10 816	9096	231598396
錱	11 816	9097	231335616
鋕	12 816	9098	231335615
崀	13 816	9099	231335614
崈	1 777	9100	231335614
愽	2 777	9101	231335614
殽	3 777	9102	231335614
涘	4 777	9103	231335614
犼	5 777	9104	231335614
甏	6 777	9105	231335614
疪	7 777	9106	231335614
癿	8 777	9107	231335614
睷	9 777	9108	231335614
筭	10 777	9109	231335614
荎	11 777	9110	231335614
錝	12 777	9111	231335614
霫	13 777	9112	231335614
㶉	1 778	9113	231335613
圀	2 778	9114	230476514
睥	3 778	9115	229645542
墺	4 778	9116	229457699
葎	5 778	9117	229100572
弌	6 778	9118	229086796
蟄	7 778	9119	227378377
螽	8 778	9120	226795889
潲	9 778	9121	226795888
茆	10 778	9122	226795888
訇	11 778	9123	226795888
瑪	12 778	9124	226441636
笘	13 778	9125	226398712
賎	1 780	9126	226090824
祹	2 780	9127	226069783
晙	3 780	9128	226069782
緤	4 780	9129	226069778
佲	5 780	9130	226069777
戙	6 780	9131	226069777
抦	7 780	9132	226069777
掭	8 780	9133	226069777
棜	9 780	9134	226069777
椼	10 780	9135	226069777
欎	11 780	9136	226069777
炲	12 780	9137	226069777
璬	13 780	9138	226069777
瘐	1 782	9139	226069777
瘳	2 782	9140	226069777
皕	3 782	9141	226069777
砋	4 782	9142	226069777
笣	5 782	9143	226069777
缊	6 782	9144	226069777
蟌	7 782	9145	226069777
誸	8 782	9146	226069777
赅	9 782	9147	226069777
鱵	10 782	9148	226069777
䲢	11 782	9149	226069776
仃	12 782	9150	225215947
溌	13 782	9151	224997982
滾	1 783	9152	223674045
鹵	2 783	9153	223384021
髷	3 783	9154	221913463
頌	4 783	9155	221913185
趵	5 783	9156	221633390
伋	6 783	9157	220923805
欉	7 783	9158	220923805
夊	8 783	9159	220923804
侒	9 783	9160	220923803
噏	10 783	9161	220923803
鍗	11 783	9162	220923803
愱	12 783	9163	220923802
揵	13 783	9164	220923802
檺	1 784	9165	220923802
碞	2 784	9166	220923802
礞	3 784	9167	220923802
蹀	4 784	9168	220923802
郕	5 784	9169	220923802
酡	6 784	9170	220923802
鉲	7 784	9171	220923802
钂	8 784	9172	220923802
阛	9 784	9173	220923802
嶅	10 784	9174	220923801
緘	11 784	9175	219966333
諱	12 784	9176	219162552
弖	13 784	9177	218008987
廛	1 785	9178	216588394
鬨	2 785	9179	215978205
玗	3 785	9180	215894966
攴	4 785	9181	215894965
棼	5 785	9182	215894964
翀	6 785	9183	215894964
洣	7 785	9184	215894963
猲	8 785	9185	215894963
鄮	9 785	9186	215894963
冃	10 785	9187	215894962
吅	11 785	9188	215894962
嵵	12 785	9189	215894962
慓	13 785	9190	215894962
戣	1 786	9191	215894962
槺	2 786	9192	215894962
犮	3 786	9193	215894962
甝	4 786	9194	215894962
聀	5 786	9195	215894962
袼	6 786	9196	215894962
锴	7 786	9197	215894962
韈	8 786	9198	215894962
頞	9 786	9199	215894962
骍	10 786	9200	215894962
楅	11 786	9201	215894961
誦	12 786	9202	215834535
濟	13 786	9203	215401884
樓	1 787	9204	214936608
羆	2 787	9205	213796217
鰺	3 787	9206	213796217
鉗	4 787	9207	213796214
駁	5 787	9208	213397728
轡	6 787	9209	212476266
潸	7 787	9210	211658239
舾	8 787	9211	211658239
栁	9 787	9212	211511335
巛	10 787	9213	211006424
忉	11 787	9214	210980595
惛	12 787	9215	210980594
垧	13 787	9216	210980593
墕	1 788	9217	210980593
恮	2 788	9218	210980593
戠	3 788	9219	210980593
柤	4 788	9220	210980593
槚	5 788	9221	210980593
氶	6 788	9222	210980593
璚	7 788	9223	210980593
繈	8 788	9224	210980593
羙	9 788	9225	210980593
羼	10 788	9226	210980593
赒	11 788	9227	210980593
鲗	12 788	9228	210980593
溂	13 788	9229	209781042
鄧	1 790	9230	209483671
縢	2 790	9231	209199587
髣	3 790	9232	208929615
髴	4 790	9233	208929615
碩	5 790	9234	208729011
杁	6 790	9235	207688229
貮	7 790	9236	207369832
泔	8 790	9237	206840315
猡	9 790	9238	206840314
糎	10 790	9239	206818692
盱	11 790	9240	206178090
剳	12 790	9241	206178088
塼	13 790	9242	206178087
洎	1 794	9243	206178087
亷	2 794	9244	206178086
峘	3 794	9245	206178086
昚	4 794	9246	206178086
窋	5 794	9247	206178086
蓨	6 794	9248	206178086
塍	7 794	9249	206178085
崒	8 794	9250	206178085
帡	9 794	9251	206178085
挴	10 794	9252	206178085
棩	11 794	9253	206178085
槱	12 794	9254	206178085
歜	13 794	9255	206178085
牤	1 789	9256	206178085
犏	2 789	9257	206178085
珷	3 789	9258	206178085
琋	4 789	9259	206178085
粩	5 789	9260	206178085
耰	6 789	9261	206178085
疐	7 789	9262	206178084
綍	8 789	9263	206178084
俤	9 789	9264	205599150
鹌	10 789	9265	205585246
瓊	11 789	9266	205224909
臑	12 789	9267	205019087
忑	13 789	9268	203488993
辯	1 791	9269	203402841
痱	2 791	9270	202132045
胛	3 791	9271	202010527
鑪	4 791	9272	201960820
粃	5 791	9273	201788685
碡	6 791	9274	201713770
籏	7 791	9275	201484913
郗	8 791	9276	201484906
觝	9 791	9277	201484902
橚	10 791	9278	201484901
玊	11 791	9279	201484901
禖	12 791	9280	201484901
稭	13 791	9281	201484901
俍	1 792	9282	201484900
偪	2 792	9283	201484900
劦	3 792	9284	201484900
咇	4 792	9285	201484900
咺	5 792	9286	201484900
墿	6 792	9287	201484900
婥	7 792	9288	201484900
庒	8 792	9289	201484900
搋	9 792	9290	201484900
潣	10 792	9291	201484900
琜	11 792	9292	201484900
璛	12 792	9293	201484900
皒	13 792	9294	201484900
眏	1 793	9295	201484900
禬	2 793	9296	201484900
穻	3 793	9297	201484900
箣	4 793	9298	201484900
耇	5 793	9299	201484900
鍌	6 793	9300	201484900
鐗	7 793	9301	201484900
霈	8 793	9302	201484900
〡	9 793	9303	201484899
仵	10 793	9304	201105408
邇	11 793	9305	200000110
蜉	12 793	9306	199854337
弍	13 793	9307	199849281
厠	1 795	9308	199526235
鵡	2 795	9309	198902310
鴇	3 795	9310	197837893
〜	4 795	9311	197394741
坧	5 795	9312	196898548
悺	6 795	9313	196898546
綋	7 795	9314	196898546
翛	8 795	9315	196898546
茇	9 795	9316	196898546
夆	10 795	9317	196898545
敭	11 795	9318	196898545
敻	12 795	9319	196898545
旡	13 795	9320	196898545
歔	1 797	9321	196898545
毞	2 797	9322	196898545
焮	3 797	9323	196898545
砅	4 797	9324	196898545
耓	5 797	9325	196898545
耖	6 797	9326	196898545
轘	7 797	9327	196898545
辚	8 797	9328	196898545
郳	9 797	9329	196898545
鬶	10 797	9330	196898545
鹖	11 797	9331	196898545
硔	12 797	9332	196898544
闍	13 797	9333	196688786
鰍	1 798	9334	196509591
躅	2 798	9335	196436751
溽	3 798	9336	195950908
籤	4 798	9337	195223036
圖	5 798	9338	194810397
篩	6 798	9339	193266683
蒗	7 798	9340	193034606
銲	8 798	9341	193034603
馓	9 798	9342	193034602
挌	10 798	9343	192416585
鄚	11 798	9344	192416584
徃	12 798	9345	192416583
垙	13 798	9346	192416582
媓	1 803	9347	192416582
搨	2 803	9348	192416582
楘	3 803	9349	192416582
霨	4 803	9350	192416582
僓	5 803	9351	192416581
呫	6 803	9352	192416581
埢	7 803	9353	192416581
堥	8 803	9354	192416581
寑	9 803	9355	192416581
嵚	10 803	9356	192416581
忬	11 803	9357	192416581
忳	12 803	9358	192416581
抅	13 803	9359	192416581
焴	1 805	9360	192416581
煶	2 805	9361	192416581
熀	3 805	9362	192416581
猺	4 805	9363	192416581
睵	5 805	9364	192416581
磃	6 805	9365	192416581
秗	7 805	9366	192416581
糈	8 805	9367	192416581
肐	9 805	9368	192416581
脋	10 805	9369	192416581
腃	11 805	9370	192416581
蓧	12 805	9371	192416581
閧	13 805	9372	191876294
骜	1 800	9373	191863305
偸	2 800	9374	190706370
顯	3 800	9375	190546142
廬	4 800	9376	190546140
鶉	5 800	9377	190546099
羮	6 800	9378	189806539
徜	7 800	9379	189671770
竃	8 800	9380	189324582
緬	9 800	9381	188755975
垪	10 800	9382	188036657
竒	11 800	9383	188036653
齮	12 800	9384	188036653
棅	13 800	9385	188036651
瑺	1 804	9386	188036651
仛	2 804	9387	188036650
冩	3 804	9388	188036650
劋	4 804	9389	188036650
夌	5 804	9390	188036650
奓	6 804	9391	188036650
敺	7 804	9392	188036650
斁	8 804	9393	188036650
獂	9 804	9394	188036650
珔	10 804	9395	188036650
禘	11 804	9396	188036650
筚	12 804	9397	188036650
縠	13 804	9398	188036650
翾	1 801	9399	188036650
荛	2 801	9400	188036650
剱	3 801	9401	187171408
巖	4 801	9402	186208828
堝	5 801	9403	186208716
萏	6 801	9404	185354308
栫	7 801	9405	185164015
牾	8 801	9406	184346623
渟	9 801	9407	183756440
坰	10 801	9408	183756415
塱	11 801	9409	183756414
竴	12 801	9410	183756414
莿	13 801	9411	183756414
丬	1 9 70	9412	183756413
逎	2 9 70	9413	183756413
榚	3 9 70	9414	183756412
汋	4 9 70	9415	183756412
猋	5 9 70	9416	183756412
玚	6 9 70	9417	183756412
瘨	7 9 70	9418	183756412
竻	8 9 70	9419	183756412
翙	9 9 70	9420	183756412
踦	10 9 70	9421	183756412
鄎	11 9 70	9422	183756412
閙	12 9 70	9423	183756412
鹍	13 9 70	9424	183756412
纐	1 809	9425	183365497
續	2 809	9426	181970109
愴	3 809	9427	181970089
嶌	4 809	9428	180579803
蕹	5 809	9429	180150373
昐	6 809	9430	179573609
曶	7 809	9431	179573609
逌	8 809	9432	179573609
倷	9 809	9433	179573608
囦	10 809	9434	179573608
夐	11 809	9435	179573608
嵙	12 809	9436	179573608
巎	13 809	9437	179573608
庳	1 810	9438	179573608
漒	2 810	9439	179573608
潪	3 810	9440	179573608
烶	4 810	9441	179573608
眊	5 810	9442	179573608
箢	6 810	9443	179573608
臮	7 810	9444	179573608
芚	8 810	9445	179573608
芼	9 810	9446	179573608
苭	10 810	9447	179573608
萡	11 810	9448	179573608
袮	12 810	9449	179573608
铇	13 810	9450	179573608
鳛	1 812	9451	179573608
衖	2 812	9452	179573607
閘	3 812	9453	178841224
蘂	4 812	9454	178110382
醂	5 812	9455	177827947
薀	6 812	9456	177827946
膂	7 812	9457	177321797
茼	8 812	9458	176049658
桎	9 812	9459	176031226
懑	10 812	9460	175685347
翥	11 812	9461	175486009
箎	12 812	9462	175486008
篪	13 812	9463	175486008
灜	1 814	9464	175486007
迮	2 814	9465	175486007
垶	3 814	9466	175486006
媷	4 814	9467	175486006
嫳	5 814	9468	175486006
孞	6 814	9469	175486006
揞	7 814	9470	175486006
摃	8 814	9471	175486006
曧	9 814	9472	175486006
槜	10 814	9473	175486006
琈	11 814	9474	175486006
盻	12 814	9475	175486006
稛	13 814	9476	175486006
竨	1 823	9477	175486006
竫	2 823	9478	175486006
脁	3 823	9479	175486006
臿	4 823	9480	175486006
舲	5 823	9481	175486006
踣	6 823	9482	175486006
軆	7 823	9483	175486006
饸	8 823	9484	175486006
惁	9 823	9485	175486005
蝾	10 823	9486	174641437
淺	11 823	9487	173866230
鸸	12 823	9488	173357119
鉋	13 823	9489	173145797
悱	1 818	9490	173054098
鏃	2 818	9491	172758256
糒	3 818	9492	172620175
勁	4 818	9493	172443869
綸	5 818	9494	172084908
餠	6 818	9495	171491468
乭	7 818	9496	171491465
毐	8 818	9497	171491465
羕	9 818	9498	171491465
鼂	10 818	9499	171491465
倰	11 818	9500	171491464
媜	12 818	9501	171491464
拑	13 818	9502	171491464
朸	1 819	9503	171491464
柲	2 819	9504	171491464
氕	3 819	9505	171491464
淰	4 819	9506	171491464
煃	5 819	9507	171491464
猔	6 819	9508	171491464
筩	7 819	9509	171491464
聄	8 819	9510	171491464
苖	9 819	9511	171491464
蝀	10 819	9512	171491464
魣	11 819	9513	171491464
處	12 819	9514	171371834
伉	13 819	9515	171338350
爭	1 817	9516	171307327
縻	2 817	9517	170998368
撙	3 817	9518	168126113
炘	4 817	9519	167587842
弴	5 817	9520	167587841
扠	6 817	9521	167587841
禸	7 817	9522	167587841
蔕	8 817	9523	167587841
邴	9 817	9524	167587841
伅	10 817	9525	167587840
伓	11 817	9526	167587840
咍	12 817	9527	167587840
昹	13 817	9528	167587840
枅	1 824	9529	167587840
梉	2 824	9530	167587840
梡	3 824	9531	167587840
棌	4 824	9532	167587840
毚	5 824	9533	167587840
沄	6 824	9534	167587840
瀵	7 824	9535	167587840
睃	8 824	9536	167587840
禆	9 824	9537	167587840
翑	10 824	9538	167587840
錤	11 824	9539	167587840
鍑	12 824	9540	167587840
鲙	13 824	9541	167587840
㖊	1 825	9542	167587839
饽	2 825	9543	167587839
艨	3 825	9544	167222449
孓	4 825	9545	166463974
珎	5 825	9546	166397384
鸚	6 825	9547	166390058
朏	7 825	9548	166308847
僥	8 825	9549	165958696
鱧	9 825	9550	165958692
嚙	10 825	9551	165958691
癲	11 825	9552	165800854
藺	12 825	9553	165095827
箆	13 825	9554	165058253
瑣	1 850	9555	164341108
侉	2 850	9556	164299096
犇	3 850	9557	163809728
鱓	4 850	9558	163806707
嫮	5 850	9559	163773076
眜	6 850	9560	163773076
珧	7 850	9561	163773075
嗢	8 850	9562	163773074
柀	9 850	9563	163773074
梈	10 850	9564	163773074
妧	11 850	9565	163773073
姤	12 850	9566	163773073
寕	13 850	9567	163773073
寯	1 827	9568	163773073
庡	2 827	9569	163773073
抇	3 827	9570	163773073
抎	4 827	9571	163773073
搛	5 827	9572	163773073
歭	6 827	9573	163773073
泒	7 827	9574	163773073
瞾	8 827	9575	163773073
罣	9 827	9576	163773073
脬	10 827	9577	163773073
臯	11 827	9578	163773073
蟽	12 827	9579	163773073
鏼	13 827	9580	163773073
鐪	1 845	9581	163773073
阨	2 845	9582	163773073
鞗	3 845	9583	163773073
颕	4 845	9584	163773073
ゔ	5 845	9585	162438579
爲	6 845	9586	162181066
鰓	7 845	9587	162181048
濘	8 845	9588	162181013
儺	9 845	9589	161588883
餉	10 845	9590	161036847
誼	11 845	9591	160612150
歃	12 845	9592	160559191
呰	13 845	9593	160045155
蓂	1 830	9594	160045148
鷉	2 830	9595	160045148
刋	3 830	9596	160045147
墖	4 830	9597	160045147
婃	5 830	9598	160045147
峚	6 830	9599	160045147
彣	7 830	9600	160045147
怿	8 830	9601	160045147
挰	9 830	9602	160045147
洿	10 830	9603	160045147
簙	11 830	9604	160045147
脞	12 830	9605	160045147
薾	13 830	9606	160045147
酴	1 829	9607	160045147
餽	2 829	9608	160045147
鬏	3 829	9609	160045147
鬰	4 829	9610	160045147
柃	5 829	9611	160045146
賈	6 829	9612	159821580
擾	7 829	9613	159751084
犄	8 829	9614	159743692
慾	9 829	9615	159491415
乁	10 829	9616	158489320
諷	11 829	9617	158382135
攝	12 829	9618	157704424
畋	13 829	9619	156904420
瑢	1 1021	9620	156402081
鋹	2 1021	9621	156402078
烱	3 1021	9622	156402076
覊	4 1021	9623	156402076
爌	5 1021	9624	156402074
蟳	6 1021	9625	156402074
佀	7 1021	9626	156402073
倝	8 1021	9627	156402073
剢	9 1021	9628	156402073
匬	10 1021	9629	156402073
昽	11 1021	9630	156402073
沨	12 1021	9631	156402073
狖	13 1021	9632	156402073
絁	1 835	9633	156402073
脰	2 835	9634	156402073
臜	3 835	9635	156402073
芣	4 835	9636	156402073
駹	5 835	9637	156402073
䴓	6 835	9638	156402072
蘊	7 835	9639	156394305
黴	8 835	9640	155707792
杮	9 835	9641	155614156
愾	10 835	9642	154881663
劍	11 835	9643	154658850
糅	12 835	9644	154236017
歎	13 835	9645	153482478
緞	1 831	9646	153210248
畢	2 831	9647	153035095
咾	3 831	9648	152841926
嬾	4 831	9649	152841926
鵟	5 831	9650	152841926
鸊	6 831	9651	152841926
婍	7 831	9652	152841925
屽	8 831	9653	152841925
岧	9 831	9654	152841925
庨	10 831	9655	152841925
忔	11 831	9656	152841925
恇	12 831	9657	152841925
掤	13 831	9658	152841925
擿	1 838	9659	152841925
斠	2 838	9660	152841925
暪	3 838	9661	152841925
欻	4 838	9662	152841925
殪	5 838	9663	152841925
琣	6 838	9664	152841925
瑝	7 838	9665	152841925
筘	8 838	9666	152841925
筻	9 838	9667	152841925
簖	10 838	9668	152841925
紩	11 838	9669	152841925
緈	12 838	9670	152841925
苐	13 838	9671	152841925
鐖	1 842	9672	152841925
闬	2 842	9673	152841925
頗	3 842	9674	152361539
薊	4 842	9675	151968964
冖	5 842	9676	151776869
陴	6 842	9677	151696183
摑	7 842	9678	151356125
狰	8 842	9679	151257799
縺	9 842	9680	150929503
訥	10 842	9681	150390409
將	11 842	9682	150332223
峅	12 842	9683	149864784
慥	13 842	9684	149751502
珸	1 843	9685	149362833
摠	2 843	9686	149362830
琓	3 843	9687	149362825
冦	4 843	9688	149362824
熠	5 843	9689	149362824
徯	6 843	9690	149362823
瑥	7 843	9691	149362823
蒱	8 843	9692	149362823
駉	9 843	9693	149362823
伛	10 843	9694	149362822
佴	11 843	9695	149362822
儗	12 843	9696	149362822
勫	13 843	9697	149362822
叚	1 844	9698	149362822
呠	2 844	9699	149362822
嗛	3 844	9700	149362822
囵	4 844	9701	149362822
嬨	5 844	9702	149362822
怳	6 844	9703	149362822
愭	7 844	9704	149362822
曡	8 844	9705	149362822
栨	9 844	9706	149362822
玿	10 844	9707	149362822
硦	11 844	9708	149362822
穋	12 844	9709	149362822
胠	13 844	9710	149362822
蠙	1 907	9711	149362822
謢	2 907	9712	149362822
閞	3 907	9713	149362822
鮻	4 907	9714	149362822
秕	5 907	9715	148515895
煥	6 907	9716	147767399
猄	7 907	9717	146431720
蜮	8 907	9718	146431720
瓌	9 907	9719	145962911
釼	10 907	9720	145962909
籖	11 907	9721	145962906
毌	12 907	9722	145962905
垍	13 907	9723	145962903
岺	1 846	9724	145962903
穉	2 846	9725	145962903
儦	3 846	9726	145962902
嫪	4 846	9727	145962902
煠	5 846	9728	145962902
耏	6 846	9729	145962902
銙	7 846	9730	145962902
亱	8 846	9731	145962901
伱	9 846	9732	145962901
厐	10 846	9733	145962901
慱	11 846	9734	145962901
抆	12 846	9735	145962901
榥	13 846	9736	145962901
潏	1 847	9737	145962901
濋	2 847	9738	145962901
眅	3 847	9739	145962901
筯	4 847	9740	145962901
絫	5 847	9741	145962901
綅	6 847	9742	145962901
纕	7 847	9743	145962901
蠄	8 847	9744	145962901
襜	9 847	9745	145962901
辀	10 847	9746	145962901
鲰	11 847	9747	145962901
泅	12 847	9748	145687969
癔	13 847	9749	145687969
劃	1 851	9750	145611489
箙	2 851	9751	145577741
鱸	3 851	9752	144543980
灬	4 851	9753	144543978
絋	5 851	9754	143210267
旲	6 851	9755	142640382
栯	7 851	9756	142640382
琹	8 851	9757	142640381
綧	9 851	9758	142640381
襌	10 851	9759	142640381
勦	11 851	9760	142640380
岕	12 851	9761	142640380
惓	13 851	9762	142640380
惢	1 854	9763	142640380
敤	2 854	9764	142640380
桸	3 854	9765	142640380
洴	4 854	9766	142640380
瑸	5 854	9767	142640380
眽	6 854	9768	142640380
祦	7 854	9769	142640380
窎	8 854	9770	142640380
簕	9 854	9771	142640380
莋	10 854	9772	142640380
赪	11 854	9773	142640380
轪	12 854	9774	142640380
鄃	13 854	9775	142640380
醑	1 855	9776	142640380
鰶	2 855	9777	142640380
黺	3 855	9778	142640380
飩	4 855	9779	141253767
饂	5 855	9780	141253763
鰊	6 855	9781	141253762
碕	7 855	9782	139930826
犲	8 855	9783	139886171
帔	9 855	9784	139841209
蝤	10 855	9785	139393498
勍	11 855	9786	139393497
槀	12 855	9787	139393497
冱	13 855	9788	139393496
癀	1 856	9789	139393496
秺	2 856	9790	139393496
厎	3 856	9791	139393495
坒	4 856	9792	139393495
坶	5 856	9793	139393495
墚	6 856	9794	139393495
娖	7 856	9795	139393495
屇	8 856	9796	139393495
怫	9 856	9797	139393495
敁	10 856	9798	139393495
暭	11 856	9799	139393495
椠	12 856	9800	139393495
淉	13 856	9801	139393495
澋	1 857	9802	139393495
焻	2 857	9803	139393495
珴	3 857	9804	139393495
睶	4 857	9805	139393495
瞈	5 857	9806	139393495
矻	6 857	9807	139393495
碥	7 857	9808	139393495
禓	8 857	9809	139393495
稥	9 857	9810	139393495
耊	10 857	9811	139393495
艼	11 857	9812	139393495
莤	12 857	9813	139393495
蜧	13 857	9814	139393495
蝈	1 858	9815	139393495
螔	2 858	9816	139393495
謤	3 858	9817	139393495
躔	4 858	9818	139393495
铖	5 858	9819	139393495
铻	6 858	9820	139393495
阭	7 858	9821	139393495
轱	8 858	9822	138200788
奧	9 858	9823	138038455
蒡	10 858	9824	138038436
秭	11 858	9825	136658041
霪	12 858	9826	136658035
對	13 858	9827	136307833
覩	1 859	9828	136220514
澔	2 859	9829	136220511
礌	3 859	9830	136220510
蕅	4 859	9831	136220510
丂	5 859	9832	136220509
坋	6 859	9833	136220509
墎	7 859	9834	136220509
姌	8 859	9835	136220509
婇	9 859	9836	136220509
媱	10 859	9837	136220509
嵂	11 859	9838	136220509
嵖	12 859	9839	136220509
嶓	13 859	9840	136220509
弪	1 860	9841	136220509
挍	2 860	9842	136220509
湡	3 860	9843	136220509
焌	4 860	9844	136220509
牱	5 860	9845	136220509
狺	6 860	9846	136220509
蛃	7 860	9847	136220509
褀	8 860	9848	136220509
誐	9 860	9849	136220509
鳣	10 860	9850	136220509
䴕	11 860	9851	136220508
鴫	12 860	9852	136058418
鶫	13 860	9853	134896293
鎹	1 863	9854	134164368
葸	2 863	9855	133547311
蓣	3 863	9856	133270957
岻	4 863	9857	133119759
峩	5 863	9858	133119751
偀	6 863	9859	133119749
傛	7 863	9860	133119749
昩	8 863	9861	133119749
晹	9 863	9862	133119749
橞	10 863	9863	133119749
紑	11 863	9864	133119749
乆	12 863	9865	133119748
佮	13 863	9866	133119748
嚧	1 864	9867	133119748
囹	2 864	9868	133119748
屳	3 864	9869	133119748
嶃	4 864	9870	133119748
彚	5 864	9871	133119748
慴	6 864	9872	133119748
挐	7 864	9873	133119748
揷	8 864	9874	133119748
晻	9 864	9875	133119748
桖	10 864	9876	133119748
梪	11 864	9877	133119748
樀	12 864	9878	133119748
溎	13 864	9879	133119748
潖	1 865	9880	133119748
硠	2 865	9881	133119748
絍	3 865	9882	133119748
虩	4 865	9883	133119748
赆	5 865	9884	133119748
馿	6 865	9885	133119748
驲	7 865	9886	133119748
鸤	8 865	9887	133119748
堯	9 865	9888	132548616
兌	10 865	9889	132154497
滿	11 865	9890	131825746
釦	12 865	9891	131825674
鞜	13 865	9892	130681296
稞	1 866	9893	130507408
淛	2 866	9894	130089575
澥	3 866	9895	130089575
坿	4 866	9896	130089574
垇	5 866	9897	130089574
堌	6 866	9898	130089574
奱	7 866	9899	130089574
婂	8 866	9900	130089574
婄	9 866	9901	130089574
媁	10 866	9902	130089574
尛	11 866	9903	130089574
愪	12 866	9904	130089574
擗	13 866	9905	130089574
梽	1 867	9906	130089574
楃	2 867	9907	130089574
楱	3 867	9908	130089574
泇	4 867	9909	130089574
炩	5 867	9910	130089574
竂	6 867	9911	130089574
脢	7 867	9912	130089574
苀	8 867	9913	130089574
袕	9 867	9914	130089574
訄	10 867	9915	130089574
轹	11 867	9916	130089574
閪	12 867	9917	130089574
髈	13 867	9918	130089574
蝸	1 868	9919	128824967
剝	2 868	9920	128824959
絽	3 868	9921	128824956
櫨	4 868	9922	128305014
誑	5 868	9923	128245332
鍜	6 868	9924	127757695
寫	7 868	9925	127234445
隂	8 868	9926	127128378
勮	9 868	9927	127128377
捃	10 868	9928	127128377
袾	11 868	9929	127128377
刼	12 868	9930	127128376
捯	13 868	9931	127128376
槢	1 870	9932	127128376
潺	2 870	9933	127128376
煋	3 870	9934	127128376
癹	4 870	9935	127128376
眔	5 870	9936	127128376
瞍	6 870	9937	127128376
籣	7 870	9938	127128376
醭	8 870	9939	127128376
槓	9 870	9940	126862098
鷗	10 870	9941	126724697
恆	11 870	9942	126484545
鍍	12 870	9943	126296907
鴬	13 870	9944	126206352
撻	1 871	9945	125892549
掮	2 871	9946	124633612
鉏	3 871	9947	124234584
瑱	4 871	9948	124234582
倕	5 871	9949	124234580
沘	6 871	9950	124234580
裀	7 871	9951	124234580
侳	8 871	9952	124234579
儵	9 871	9953	124234579
哓	10 871	9954	124234579
唪	11 871	9955	124234579
埅	12 871	9956	124234579
堨	13 871	9957	124234579
嫾	1 872	9958	124234579
弶	2 872	9959	124234579
恧	3 872	9960	124234579
抌	4 872	9961	124234579
抳	5 872	9962	124234579
楬	6 872	9963	124234579
潫	7 872	9964	124234579
犳	8 872	9965	124234579
玾	9 872	9966	124234579
眵	10 872	9967	124234579
碹	11 872	9968	124234579
磖	12 872	9969	124234579
穄	13 872	9970	124234579
穜	1 873	9971	124234579
苿	2 873	9972	124234579
荙	3 873	9973	124234579
莙	4 873	9974	124234579
踭	5 873	9975	124234579
蹯	6 873	9976	124234579
酾	7 873	9977	124234579
鏄	8 873	9978	124234579
鏮	9 873	9979	124234579
鳘	10 873	9980	124234579
鵩	11 873	9981	124234579
艱	12 873	9982	123449792
閖	13 873	9983	123026884
糨	1 875	9984	121796596
塲	2 875	9985	121530843
曁	3 875	9986	121406661
閦	4 875	9987	121406656
夬	5 875	9988	121406655
尞	6 875	9989	121406655
恠	7 875	9990	121406655
漼	8 875	9991	121406655
睆	9 875	9992	121406655
哖	10 875	9993	121406654
愰	11 875	9994	121406654
榤	12 875	9995	121406654
檝	13 875	9996	121406654
煆	1 876	9997	121406654
冓	2 876	9998	121406653
勭	3 876	9999	121406653
嚫	4 876	10000	121406653
圫	5 876	10001	121406653
嫙	6 876	10002	121406653
忓	7 876	10003	121406653
拹	8 876	10004	121406653
晬	9 876	10005	121406653
柶	10 876	10006	121406653
棽	11 876	10007	121406653
蚢	12 876	10008	121406653
訚	13 876	10009	121406653
跼	1 877	10010	121406653
鍐	2 877	10011	121406653
韗	3 877	10012	121406653
颋	4 877	10013	121406653
睚	5 877	10014	121298258
頽	6 877	10015	120784650
陝	7 877	10016	120226478
韃	8 877	10017	120226453
劔	9 877	10018	119503969
數	10 877	10019	119454630
妁	11 877	10020	119024173
餬	12 877	10021	119024173
搗	13 877	10022	118998022
冝	1 878	10023	118643108
笵	2 878	10024	118643108
旉	3 878	10025	118643107
湶	4 878	10026	118643107
玃	5 878	10027	118643106
栘	6 878	10028	118643105
玞	7 878	10029	118643105
瑃	8 878	10030	118643105
倂	9 878	10031	118643104
壄	10 878	10032	118643104
嬎	11 878	10033	118643104
挧	12 878	10034	118643104
掍	13 878	10035	118643104
搫	1 879	10036	118643104
暀	2 879	10037	118643104
殢	3 879	10038	118643104
泑	4 879	10039	118643104
渃	5 879	10040	118643104
湁	6 879	10041	118643104
漴	7 879	10042	118643104
灮	8 879	10043	118643104
玜	9 879	10044	118643104
琔	10 879	10045	118643104
璙	11 879	10046	118643104
璭	12 879	10047	118643104
畾	13 879	10048	118643104
睭	1 882	10049	118643104
睮	2 882	10050	118643104
瞢	3 882	10051	118643104
磱	4 882	10052	118643104
禴	5 882	10053	118643104
秝	6 882	10054	118643104
竢	7 882	10055	118643104
鄅	8 882	10056	118643104
鈤	9 882	10057	118643104
隞	10 882	10058	118643103
諡	11 882	10059	118362746
夥	12 882	10060	118202484
畫	13 882	10061	117525435
琺	1 883	10062	117489761
驀	2 883	10063	117384863
芃	3 883	10064	115942460
甁	4 883	10065	115942459
嶐	5 883	10066	115942458
楩	6 883	10067	115942457
螘	7 883	10068	115942457
鱲	8 883	10069	115942457
剅	9 883	10070	115942456
咷	10 883	10071	115942456
嗻	11 883	10072	115942456
婗	12 883	10073	115942456
媉	13 883	10074	115942456
峎	1 887	10075	115942456
悮	2 887	10076	115942456
朲	3 887	10077	115942456
枲	4 887	10078	115942456
楒	5 887	10079	115942456
汩	6 887	10080	115942456
湪	7 887	10081	115942456
犵	8 887	10082	115942456
盫	9 887	10083	115942456
睩	10 887	10084	115942456
礹	11 887	10085	115942456
膌	12 887	10086	115942456
蒭	13 887	10087	115942456
豋	1 885	10088	115942456
輋	2 885	10089	115942456
鉧	3 885	10090	115942456
黮	4 885	10091	115942456
櫟	5 885	10092	115184167
區	6 885	10093	114815396
謖	7 885	10094	114815364
們	8 885	10095	114705066
篶	9 885	10096	114633749
僳	10 885	10097	113303290
犨	11 885	10098	113303289
鈊	12 885	10099	113303289
哢	13 885	10100	113303288
鏋	1 888	10101	113303288
厹	2 888	10102	113303287
塿	3 888	10103	113303287
宭	4 888	10104	113303287
巙	5 888	10105	113303287
惴	6 888	10106	113303287
昡	7 888	10107	113303287
棯	8 888	10108	113303287
洅	9 888	10109	113303287
睱	10 888	10110	113303287
硿	11 888	10111	113303287
繄	12 888	10112	113303287
蠎	13 888	10113	113303287
襻	1 889	10114	113303287
贳	2 889	10115	113303287
鞶	3 889	10116	113303287
襴	4 889	10117	112589257
樅	5 889	10118	112201858
瀟	6 889	10119	112201853
幀	7 889	10120	112201848
閂	8 889	10121	112201847
鎬	9 889	10122	111946404
蓥	10 889	10123	111079819
屛	11 889	10124	110724199
玅	12 889	10125	110724193
猨	13 889	10126	110724190
瓉	1 890	10127	110724190
雟	2 890	10128	110724186
燝	3 890	10129	110724185
琕	4 890	10130	110724185
苽	5 890	10131	110724185
鄡	6 890	10132	110724185
鷟	7 890	10133	110724185
亖	8 890	10134	110724184
佹	9 890	10135	110724184
俽	10 890	10136	110724184
傃	11 890	10137	110724184
卌	12 890	10138	110724184
呌	13 890	10139	110724184
唦	1 893	10140	110724184
嗏	2 893	10141	110724184
嚬	3 893	10142	110724184
垯	4 893	10143	110724184
塆	5 893	10144	110724184
夎	6 893	10145	110724184
屼	7 893	10146	110724184
帗	8 893	10147	110724184
悎	9 893	10148	110724184
悾	10 893	10149	110724184
拃	11 893	10150	110724184
捒	12 893	10151	110724184
掹	13 893	10152	110724184
昣	1 894	10153	110724184
枃	2 894	10154	110724184
桱	3 894	10155	110724184
梤	4 894	10156	110724184
歂	5 894	10157	110724184
毪	6 894	10158	110724184
沵	7 894	10159	110724184
泩	8 894	10160	110724184
淲	9 894	10161	110724184
渰	10 894	10162	110724184
熯	11 894	10163	110724184
牸	12 894	10164	110724184
琘	13 894	10165	110724184
璥	1 895	10166	110724184
瓐	2 895	10167	110724184
竘	3 895	10168	110724184
筶	4 895	10169	110724184
箂	5 895	10170	110724184
絿	6 895	10171	110724184
繜	7 895	10172	110724184
翈	8 895	10173	110724184
胩	9 895	10174	110724184
脎	10 895	10175	110724184
膒	11 895	10176	110724184
菍	12 895	10177	110724184
蔆	13 895	10178	110724184
薖	1 900	10179	110724184
螲	2 900	10180	110724184
鍧	3 900	10181	110724184
鎅	4 900	10182	110724184
鎓	5 900	10183	110724184
韐	6 900	10184	110724184
骻	7 900	10185	110724184
鹢	8 900	10186	110724184
蟷	9 900	10187	109647832
嬪	10 900	10188	108804781
墘	11 900	10189	108551333
鴛	12 900	10190	108297225
萢	13 900	10191	108203805
俓	1 896	10192	108203798
尃	2 896	10193	108203798
橪	3 896	10194	108203798
藋	4 896	10195	108203798
佧	5 896	10196	108203797
儍	6 896	10197	108203797
坔	7 896	10198	108203797
堢	8 896	10199	108203797
婌	9 896	10200	108203797
惸	10 896	10201	108203797
憯	11 896	10202	108203797
昬	12 896	10203	108203797
暿	13 896	10204	108203797
氻	1 897	10205	108203797
汸	2 897	10206	108203797
甴	3 897	10207	108203797
硸	4 897	10208	108203797
穇	5 897	10209	108203797
腂	6 897	10210	108203797
芐	7 897	10211	108203797
趱	8 897	10212	108203797
醕	9 897	10213	108203797
鈪	10 897	10214	108203797
鍖	11 897	10215	108203797
鍦	12 897	10216	108203797
鎾	13 897	10217	108203797
鮡	1 898	10218	108203797
鼇	2 898	10219	108203797
鬪	3 898	10220	107656926
櫚	4 898	10221	107151936
崙	5 898	10222	106336651
溘	6 898	10223	106080409
擽	7 898	10224	106072995
忪	8 898	10225	105860890
巠	9 898	10226	105740778
笂	10 898	10227	105740778
臶	11 898	10228	105740777
頵	12 898	10229	105740777
叿	13 898	10230	105740776
奌	1 899	10231	105740776
妱	2 899	10232	105740776
帍	3 899	10233	105740776
忕	4 899	10234	105740776
惤	5 899	10235	105740776
慬	6 899	10236	105740776
朙	7 899	10237	105740776
椄	8 899	10238	105740776
椓	9 899	10239	105740776
潄	10 899	10240	105740776
潶	11 899	10241	105740776
灉	12 899	10242	105740776
熤	13 899	10243	105740776
熷	1 940	10244	105740776
狤	2 940	10245	105740776
穚	3 940	10246	105740776
緁	4 940	10247	105740776
舃	5 940	10248	105740776
茖	6 940	10249	105740776
萳	7 940	10250	105740776
藂	8 940	10251	105740776
訬	9 940	10252	105740776
貜	10 940	10253	105740776
鄋	11 940	10254	105740776
鍒	12 940	10255	105740776
鏓	13 940	10256	105740776
钑	1 904	10257	105740776
痵	2 904	10258	105740775
輯	3 904	10259	105262888
聨	4 904	10260	105206354
雖	5 904	10261	104712860
囓	6 904	10262	104712857
獪	7 904	10263	104712856
蟜	8 904	10264	103333828
濶	9 904	10265	103333827
掎	10 904	10266	103333826
畓	11 904	10267	103333826
僾	12 904	10268	103333825
厡	13 904	10269	103333825
嚗	1 901	10270	103333825
垐	2 901	10271	103333825
妅	3 901	10272	103333825
崳	4 901	10273	103333825
彍	5 901	10274	103333825
彯	6 901	10275	103333825
昄	7 901	10276	103333825
歊	8 901	10277	103333825
歰	9 901	10278	103333825
毦	10 901	10279	103333825
洘	11 901	10280	103333825
洚	12 901	10281	103333825
湑	13 901	10282	103333825
盬	1 902	10283	103333825
糢	2 902	10284	103333825
綡	3 902	10285	103333825
蜣	4 902	10286	103333825
褃	5 902	10287	103333825
镚	6 902	10288	103333825
紂	7 902	10289	102614722
驛	8 902	10290	102329314
壜	9 902	10291	102329304
輳	10 902	10292	102329302
鐙	11 902	10293	101550767
痼	12 902	10294	101305992
鹁	13 902	10295	101305989
塅	1 903	10296	100981658
嫥	2 903	10297	100981658
廱	3 903	10298	100981658
皃	4 903	10299	100981658
筎	5 903	10300	100981658
儏	6 903	10301	100981657
兲	7 903	10302	100981657
塠	8 903	10303	100981657
挶	9 903	10304	100981657
斾	10 903	10305	100981657
槸	11 903	10306	100981657
櫌	12 903	10307	100981657
瘵	13 903	10308	100981657
簺	1 905	10309	100981657
虘	2 905	10310	100981657
蠂	3 905	10311	100981657
镋	4 905	10312	100981657
鳠	5 905	10313	100981657
榼	6 905	10314	100981656
躑	7 905	10315	100000016
歸	8 905	10316	100000014
邏	9 905	10317	99685628
銑	10 905	10318	99393642
褧	11 905	10319	98683038
迢	12 905	10320	98683036
壒	13 905	10321	98683034
焢	1 906	10322	98683031
俫	2 906	10323	98683030
媠	3 906	10324	98683030
寊	4 906	10325	98683030
屘	5 906	10326	98683030
彴	6 906	10327	98683030
摐	7 906	10328	98683030
暩	8 906	10329	98683030
沺	9 906	10330	98683030
涢	10 906	10331	98683030
滀	11 906	10332	98683030
澣	12 906	10333	98683030
烕	13 906	10334	98683030
爫	1 908	10335	98683030
矰	2 908	10336	98683030
禼	3 908	10337	98683030
篴	4 908	10338	98683030
糵	5 908	10339	98683030
縂	6 908	10340	98683030
羓	7 908	10341	98683030
腄	8 908	10342	98683030
螉	9 908	10343	98683030
螗	10 908	10344	98683030
觕	11 908	10345	98683030
釱	12 908	10346	98683030
鑙	13 908	10347	98683030
髳	1 909	10348	98683030
魠	2 909	10349	98683030
膾	3 909	10350	98371543
竇	4 909	10351	97723776
鉦	5 909	10352	97723740
覿	6 909	10353	97723725
梔	7 909	10354	97577340
曻	8 909	10355	96436759
嵓	9 909	10356	96436741
乀	10 909	10357	96436739
寁	11 909	10358	96436739
浘	12 909	10359	96436739
侎	13 909	10360	96436738
侹	1 910	10361	96436738
偊	2 910	10362	96436738
偒	3 910	10363	96436738
唫	4 910	10364	96436738
啴	5 910	10365	96436738
囩	6 910	10366	96436738
埳	7 910	10367	96436738
嫤	8 910	10368	96436738
寽	9 910	10369	96436738
崝	10 910	10370	96436738
弰	11 910	10371	96436738
恉	12 910	10372	96436738
扵	13 910	10373	96436738
挦	1 911	10374	96436738
挷	2 911	10375	96436738
攮	3 911	10376	96436738
楀	4 911	10377	96436738
槴	5 911	10378	96436738
橆	6 911	10379	96436738
橏	7 911	10380	96436738
浰	8 911	10381	96436738
皛	9 911	10382	96436738
皡	10 911	10383	96436738
盨	11 911	10384	96436738
瞡	12 911	10385	96436738
粬	13 911	10386	96436738
缐	1 913	10387	96436738
翂	2 913	10388	96436738
肈	3 913	10389	96436738
茺	4 913	10390	96436738
躐	5 913	10391	96436738
迆	6 913	10392	96436738
鉷	7 913	10393	96436738
鑉	8 913	10394	96436738
鞥	9 913	10395	96436738
馂	10 913	10396	96436738
魦	11 913	10397	96436738
龘	12 913	10398	96436738
愼	13 913	10399	95805648
駝	1 914	10400	95650937
椙	2 914	10401	95342516
鑛	3 914	10402	94241580
鬐	4 914	10403	94241573
徧	5 914	10404	94241569
晛	6 914	10405	94241569
嫺	7 914	10406	94241568
貅	8 914	10407	94241568
伹	9 914	10408	94241567
奲	10 914	10409	94241567
仴	11 914	10410	94241566
偭	12 914	10411	94241566
剟	13 914	10412	94241566
咵	1 918	10413	94241566
哜	2 918	10414	94241566
堜	3 918	10415	94241566
愓	4 918	10416	94241566
挒	5 918	10417	94241566
搕	6 918	10418	94241566
攰	7 918	10419	94241566
敇	8 918	10420	94241566
枼	9 918	10421	94241566
橔	10 918	10422	94241566
淜	11 918	10423	94241566
牳	12 918	10424	94241566
琝	13 918	10425	94241566
癋	1 923	10426	94241566
眹	2 923	10427	94241566
磏	3 923	10428	94241566
篰	4 923	10429	94241566
絏	5 923	10430	94241566
翷	6 923	10431	94241566
腍	7 923	10432	94241566
苙	8 923	10433	94241566
裛	9 923	10434	94241566
鈚	10 923	10435	94241566
鹥	11 923	10436	94241566
權	12 923	10437	93887303
瓏	13 923	10438	93513901
淨	1 924	10439	93325518
茲	2 924	10440	93325468
嗎	3 924	10441	93325432
麼	4 924	10442	92910202
坮	5 924	10443	92096367
佡	6 924	10444	92096362
喼	7 924	10445	92096362
姽	8 924	10446	92096362
娒	9 924	10447	92096362
斶	10 924	10448	92096362
檽	11 924	10449	92096362
瑉	12 924	10450	92096362
瑔	13 924	10451	92096362
瞷	1 920	10452	92096362
砪	2 920	10453	92096362
硋	3 920	10454	92096362
笩	4 920	10455	92096362
荈	5 920	10456	92096362
莮	6 920	10457	92096362
褴	7 920	10458	92096362
镵	8 920	10459	92096362
飡	9 920	10460	92096362
騑	10 920	10461	92096362
艷	11 920	10462	91998247
歿	12 920	10463	91220747
飫	13 920	10464	91201101
彈	1 925	10465	91201095
靈	2 925	10466	90728067
變	3 925	10467	90435435
戔	4 925	10468	90407584
辮	5 925	10469	89125101
闖	6 925	10470	89125098
縒	7 925	10471	88553753
穎	8 925	10472	88096067
纈	9 925	10473	88096008
闌	10 925	10474	87096364
譯	11 925	10475	87096363
筺	12 925	10476	87096362
蝣	13 925	10477	87096362
諤	1 926	10478	85625745
軻	2 926	10479	85113810
覯	3 926	10480	85113805
媽	4 926	10481	84158995
觀	5 926	10482	84071636
鵲	6 926	10483	83176393
頰	7 926	10484	83176383
縹	8 926	10485	81485795
碼	9 926	10486	81283078
吒	10 926	10487	81283065
銜	11 926	10488	81283056
颱	12 926	10489	81283054
霙	13 926	10490	81283052
苧	1 927	10491	80904999
從	2 927	10492	80783532
懼	3 927	10493	80473747
饌	4 927	10494	80414362
駱	5 927	10495	79432850
麵	6 927	10496	79432850
紮	7 927	10497	79432829
鰆	8 927	10498	79432825
夾	9 927	10499	79108505
朶	10 927	10500	77755710
麥	11 927	10501	77624730
鴦	12 927	10502	77624725
硲	13 927	10503	77624718
裝	1 928	10504	77624717
謔	2 928	10505	77624715
譴	3 928	10506	77154679
亙	4 928	10507	77124006
餘	5 928	10508	76585394
醫	6 928	10509	76173070
杣	7 928	10510	75857786
歲	8 928	10511	75857761
綽	9 928	10512	75570308
雙	10 928	10513	75199894
菴	11 928	10514	74452571
腟	12 928	10515	74431151
曉	13 928	10516	74131068
鏝	1 930	10517	74131031
懣	2 930	10518	74131027
鰈	3 930	10519	74131027
怩	4 930	10520	74131026
鈑	5 930	10521	74059806
醬	6 930	10522	73655825
靫	7 930	10523	73163764
鄲	8 930	10524	72443609
嚴	9 930	10525	72433429
慚	10 930	10526	71703519
鑓	11 930	10527	71365111
蕭	12 930	10528	70844730
鐚	13 930	10529	70794580
說	1 931	10530	70794579
詢	2 931	10531	70516483
髮	3 931	10532	69183108
檮	4 931	10533	69183106
鑿	5 931	10534	69183105
鑚	6 931	10535	69183104
〻	7 931	10536	69183097
颪	8 931	10537	68256788
甌	9 931	10538	67608312
禱	10 931	10539	67608309
閒	11 931	10540	67608302
捥	12 931	10541	67608298
籃	13 931	10542	66355913
專	1 932	10543	66206659
擊	2 932	10544	66069348
樒	3 932	10545	66069346
縊	4 932	10546	65354731
瀘	5 932	10547	64565443
詡	6 932	10548	64565430
點	7 932	10549	64565430
鴒	8 932	10550	64565426
鶺	9 932	10551	64565424
檣	10 932	10552	63095737
辷	11 932	10553	63095735
翫	12 932	10554	62759094
黌	13 932	10555	62011773
鮓	1 936	10556	61659511
鳰	2 936	10557	61659503
齡	3 936	10558	60255966
裄	4 936	10559	60255960
瀝	5 936	10560	59896565
?	6 936	10561	58884419
氈	7 936	10562	58884371
彎	8 936	10563	58715031
頤	9 936	10564	57905064
吶	10 936	10565	57731465
賁	11 936	10566	57544010
軛	12 936	10567	57544002
轆	13 936	10568	57544002
轤	1 934	10569	57543999
斷	2 934	10570	57543998
戩	3 934	10571	57543997
盡	4 934	10572	57543996
憮	5 934	10573	57543995
狆	6 934	10574	57543995
鵯	7 934	10575	56860966
瑩	8 934	10576	56691037
轉	9 934	10577	56234141
酛	10 934	10578	56234140
鐔	11 934	10579	56234136
鮟	12 934	10580	56180109
參	13 934	10581	55261267
挾	1 935	10582	54954121
繧	2 935	10583	54954090
覘	3 935	10584	54954088
曄	4 935	10585	54227680
籟	5 935	10586	54173872
黃	6 935	10587	54040183
"	7 935	10588	53703222
馭	8 935	10589	53703191
蜆	9 935	10590	53703186
罒	10 935	10591	53703180
殤	11 935	10592	53382865
戲	12 935	10593	53290173
諄	13 935	10594	52993295
驟	1 939	10595	52480749
廼	2 939	10596	51795956
稙	3 939	10597	51716071
豐	4 939	10598	51702884
轅	5 939	10599	51286146
癡	6 939	10600	51286145
穽	7 939	10601	51286141
魘	8 939	10602	51286141
勞	9 939	10603	50895908
鈷	10 939	10604	49176183
冪	11 939	10605	48977937
內	12 939	10606	48977905
朮	13 939	10607	48977900
銈	1 942	10608	48977897
籬	2 942	10609	48977893
讒	3 942	10610	48977886
繝	4 942	10611	48977884
綯	5 942	10612	48970384
瀆	6 942	10613	48799069
盞	7 942	10614	48612659
稱	8 942	10615	47863028
殼	9 942	10616	47863019
煬	10 942	10617	47863019
薺	11 942	10618	47863012
誡	12 942	10619	47230323
龐	13 942	10620	47023029
/	1 943	10621	46773544
蘚	2 943	10622	46773527
鏨	3 943	10623	46773517
頴	4 943	10624	46602794
單	5 943	10625	46446125
黨	6 943	10626	45708835
鱇	7 943	10627	45708824
圷	8 943	10628	45708821
誾	9 943	10629	44948629
孃	10 943	10630	44668362
閩	11 943	10631	43651615
礬	12 943	10632	43651609
徠	13 943	10633	43651598
豈	1 945	10634	43651586
勹	2 945	10635	43651585
驍	3 945	10636	43030463
鰌	4 945	10637	42861303
繩	5 945	10638	42657959
闕	6 945	10639	42638243
閔	7 945	10640	42394658
瀨	8 945	10641	42101398
龜	9 945	10642	41686986
譽	10 945	10643	41686956
貳	11 945	10644	41686945
屬	12 945	10645	41686944
媧	13 945	10646	41686942
騾	1 947	10647	41686942
淚	2 947	10648	41686940
韜	3 947	10649	41066342
:	4 947	10650	40732309
謨	5 947	10651	40459372
兪	6 947	10652	40321930
簑	7 947	10653	39983396
誨	8 947	10654	39810729
鷽	9 947	10655	39810720
梏	10 947	10656	39810719
鴆	11 947	10657	39810719
洟	12 947	10658	39451069
兇	13 947	10659	38922714
錄	1 948	10660	38904520
褸	2 948	10661	38904516
襤	3 948	10662	38904516
鑢	4 948	10663	38904516
禦	5 948	10664	38018951
痾	6 948	10665	38018942
廈	7 948	10666	37488880
筬	8 948	10667	37267470
埓	9 948	10668	37153523
廳	10 948	10669	36931921
賴	11 948	10670	36307853
犂	12 948	10671	36307811
紲	13 948	10672	36307806
檔	1 949	10673	36291019
繞	2 949	10674	35998911
繡	3 949	10675	35481351
葯	4 949	10676	35481348
諳	5 949	10677	35481345
塒	6 949	10678	35481342
鵙	7 949	10679	34673690
蝓	8 949	10680	34673688
輕	9 949	10681	34673688
絅	10 949	10682	34562204
價	11 949	10683	33968877
龕	12 949	10684	33884432
嗇	13 949	10685	33884420
壞	1 950	10686	33884419
牆	2 950	10687	33191750
藥	3 950	10688	33113142
扨	4 950	10689	33113115
鯔	5 950	10690	33113113
綵	6 950	10691	32592811
閼	7 950	10692	32424729
銕	8 950	10693	32359384
擇	9 950	10694	32359375
燒	10 950	10695	32359372
廂	11 950	10696	32359370
鑁	12 950	10697	32359369
險	13 950	10698	32359368
殯	1 951	10699	32359367
燁	2 951	10700	31622813
營	3 951	10701	31622791
瓔	4 951	10702	31622785
貓	5 951	10703	31622778
敎	6 951	10704	31386966
釋	7 951	10705	31272456
簫	8 951	10706	30902963
噸	9 951	10707	30902956
嫐	10 951	10708	30902955
鷄	11 951	10709	30199534
譫	12 951	10710	30199524
艀	13 951	10711	30199522
鬩	1 952	10712	30199520
鶸	2 952	10713	30199520
廚	3 952	10714	30199519
~	4 952	10715	29590018
曠	5 952	10716	29512111
渙	6 952	10717	29512104
羈	7 952	10718	29512101
㐂	8 952	10719	29512098
帶	9 952	10720	29512097
獸	10 952	10721	29512096
羂	11 952	10722	29512095
疳	12 952	10723	29100598
驢	13 952	10724	28840328
撈	1 961	10725	28840326
癩	2 961	10726	28840320
凩	3 961	10727	28840317
圍	4 961	10728	28183842
蕷	5 961	10729	28183835
腦	6 961	10730	28183832
麴	7 961	10731	27724900
鹽	8 961	10732	27542332
鉞	9 961	10733	27542303
篥	10 961	10734	27542290
篳	11 961	10735	27542290
覡	12 961	10736	27542290
滄	13 961	10737	27007915
驥	1 954	10738	26986425
侖	2 954	10739	26915356
繻	3 954	10740	26302684
蟬	4 954	10741	25703973
據	5 954	10742	25703965
谺	6 954	10743	25703961
娚	7 954	10744	25703959
勳	8 954	10745	25118919
澗	9 954	10746	25118897
歡	10 954	10747	25118874
沒	11 954	10748	25090165
裵	12 954	10749	24547123
瘋	13 954	10750	24547096
蔘	1 955	10751	24547095
薹	2 955	10752	24547093
鯊	3 955	10753	24547093
叺	4 955	10754	24547091
鬢	5 955	10755	24547091
闡	6 955	10756	24338243
雜	7 955	10757	23988346
謠	8 955	10758	23988336
諛	9 955	10759	23988334
爐	10 955	10760	23988333
葷	11 955	10761	23988333
悋	12 955	10762	23988331
瘣	13 955	10763	23988331
寢	1 958	10764	23988330
殘	2 958	10765	23960914
壯	3 958	10766	23442316
莚	4 958	10767	23442299
欖	5 958	10768	23442298
覽	6 958	10769	23442292
諂	7 958	10770	23442290
闔	8 958	10771	22908684
袿	9 958	10772	22908679
銷	10 958	10773	22908678
祿	11 958	10774	22387225
岨	12 958	10775	22387220
鶲	13 958	10776	22387214
惻	1 957	10777	22387213
隴	2 957	10778	21929591
獻	3 957	10779	21877621
萵	4 957	10780	21877621
蜑	5 957	10781	21877618
〠	6 957	10782	21877616
綠	7 957	10783	21379638
舊	8 957	10784	21379636
鬧	9 957	10785	21379624
馮	10 957	10786	20893076
鈞	11 957	10787	20893007
臘	12 957	10788	20892990
聽	13 957	10789	20892966
蛻	1 956	10790	20892965
簓	2 956	10791	20892963
翆	3 956	10792	20892963
茣	4 956	10793	20892963
蓙	5 956	10794	20892963
鬮	6 956	10795	20892962
蘋	7 956	10796	20417395
卻	8 956	10797	20417385
、	9 956	10798	19953488
莊	10 956	10799	19952673
鈔	11 956	10800	19952650
媼	12 956	10801	19952629
蟯	13 956	10802	19952627
椥	1 960	10803	19952626
鄰	2 960	10804	19498476
槨	3 960	10805	19498449
鏤	4 960	10806	19498449
鰰	5 960	10807	19498449
訌	6 960	10808	19498448
亂	7 960	10809	19498447
倆	8 960	10810	19498447
茘	9 960	10811	19054627
輦	10 960	10812	19054614
慙	11 960	10813	19054610
俥	12 960	10814	19054609
蔀	13 960	10815	18620880
鏢	1 962	10816	18620877
齲	2 962	10817	18620875
艫	3 962	10818	18620874
虧	4 962	10819	18620872
鮃	5 962	10820	18620872
鵑	6 962	10821	18197016
艙	7 962	10822	18197010
騷	8 962	10823	18197009
皰	9 962	10824	17782797
匯	10 962	10825	17378038
礦	11 962	10826	17378034
蘿	12 962	10827	17378026
檳	13 962	10828	17378019
齒	1 963	10829	17378017
嶮	2 963	10830	17378014
蔔	3 963	10831	17378014
ゕ	4 963	10832	17378009
屆	5 963	10833	17378009
蔣	6 963	10834	16982531
鎔	7 963	10835	16982473
雞	8 963	10836	16982458
縅	9 963	10837	16982445
膽	10 963	10838	16982440
椏	11 963	10839	16982439
儁	12 963	10840	16595894
枩	13 963	10841	16595893
鸕	1 966	10842	16595884
臚	2 966	10843	16595878
戶	3 966	10844	16595877
躪	4 966	10845	16595871
錢	5 966	10846	16218123
桒	6 966	10847	16218120
鹹	7 966	10848	16218112
騏	8 966	10849	16218108
圦	9 966	10850	16218106
錻	10 966	10851	16218102
弽	11 966	10852	16218101
軀	12 966	10853	16218101
輜	13 966	10854	15848951
晝	1 967	10855	15848946
隸	2 967	10856	15848940
莇	3 967	10857	15848937
觴	4 967	10858	15848936
綫	5 967	10859	15848935
奬	6 967	10860	15848933
莵	7 967	10861	15488179
浹	8 967	10862	15488170
猯	9 967	10863	15488167
鰒	10 967	10864	15488167
翹	11 967	10865	15135626
隱	12 967	10866	15135622
縉	13 967	10867	15135621
鄴	1 968	10868	15135620
鑠	2 968	10869	15135618
匸	3 968	10870	15135615
簽	4 968	10871	15135615
颶	5 968	10872	15135613
駢	6 968	10873	14791100
產	7 968	10874	14791097
溫	8 968	10875	14791094
篋	9 968	10876	14791088
辭	10 968	10877	14791088
搖	11 968	10878	14791086
釗	12 968	10879	14454413
鉅	13 968	10880	14454410
鶇	1 969	10881	14454402
歷	2 969	10882	14454401
舉	3 969	10883	14454401
〼	4 969	10884	14454397
隨	5 969	10885	14125401
仭	6 969	10886	14125386
詧	7 969	10887	14125379
胼	8 969	10888	14125378
粁	9 969	10889	14125376
頡	10 969	10890	13803856
懷	11 969	10891	13803855
羣	12 969	10892	13803852
酈	13 969	10893	13803851
誣	1 973	10894	13803846
眾	2 973	10895	13803845
牀	3 973	10896	13803844
絳	4 973	10897	13489642
塡	5 973	10898	13489639
囂	6 973	10899	13489634
鵤	7 973	10900	13489634
謌	8 973	10901	13489633
詁	9 973	10902	13489632
莟	10 973	10903	13489630
鐶	11 973	10904	13489630
驗	12 973	10905	13489630
鰡	13 973	10906	13489629
,	1 975	10907	13182720
禪	2 975	10908	13182641
犢	3 975	10909	13182578
瀏	4 975	10910	13182577
峽	5 975	10911	13182572
饑	6 975	10912	13182572
觸	7 975	10913	13182571
樞	8 975	10914	13182570
綛	9 975	10915	13182569
嫋	10 975	10916	13182568
驪	11 975	10917	12882521
禕	12 975	10918	12882510
鶚	13 975	10919	12882502
襠	1 977	10920	12882498
橅	2 977	10921	12882496
暘	3 977	10922	12589268
讚	4 977	10923	12589265
鸛	5 977	10924	12589259
獎	6 977	10925	12589258
瘧	7 977	10926	12589257
遲	8 977	10927	12589256
縲	9 977	10928	12589255
晉	10 977	10929	12302704
歐	11 977	10930	12302704
勸	12 977	10931	12302700
甯	13 977	10932	12302700
墻	1 976	10933	12302693
靍	2 976	10934	12302693
梺	3 976	10935	12302689
鮹	4 976	10936	12302689
鯒	5 976	10937	12302688
鰮	6 976	10938	12302688
鑰	7 976	10939	12022657
鄉	8 976	10940	12022649
蝟	9 976	10941	12022646
迚	10 976	10942	12022645
鐐	11 976	10943	11748989
鋺	12 976	10944	11748988
狒	13 976	10945	11748981
綰	1 2588	10946	11748981
愃	2 2588	10947	11748980
甞	3 2588	10948	11748980
盜	4 2588	10949	11748980
鴿	5 2588	10950	11748979
巓	6 2588	10951	11748978
鯣	7 2588	10952	11748977
儼	8 2588	10953	11481556
擧	9 2588	10954	11481541
勵	10 2588	10955	11481539
罌	11 2588	10956	11481539
莖	12 2588	10957	11481539
蓆	13 2588	10958	11481539
壟	1 981	10959	11481538
瀰	2 981	10960	11220187
癧	3 981	10961	11220187
惱	4 981	10962	11220185
榑	5 981	10963	10964808
鵄	6 981	10964	10964799
鎰	7 981	10965	10964792
嚮	8 981	10966	10964788
擔	9 981	10967	10964787
兩	10 981	10968	10964786
癆	11 981	10969	10964785
聟	12 981	10970	10964785
伜	13 981	10971	10964782
誄	1 985	10972	10964782
俠	2 985	10973	10715208
匱	3 985	10974	10715205
壙	4 985	10975	10715197
獵	5 985	10976	10715195
稈	6 985	10977	10715195
彥	7 985	10978	10471301
鵝	8 985	10979	10471295
鰲	9 985	10980	10471292
慂	10 985	10981	10471288
鐺	11 985	10982	10471288
慫	12 985	10983	10471287
囘	13 985	10984	10471286
-	1 987	10985	10234134
鎭	2 987	10986	10232974
軫	3 987	10987	10232942
騫	4 987	10988	10232935
擶	5 987	10989	10232934
擱	6 987	10990	10232932
駘	7 987	10991	10232931
（	8 987	10992	588
）	9 987	10993	463
～	10 987	10994	395
」	11 987	10995	264
「	12 987	10996	234
』	13 987	10997	176
『	1 988	10998	173
：	2 988	10999	131
 	3 988	11000	102
綏	4 988	11001	88
㐮	5 988	11002	78
萊	6 988	11003	78
'	7 988	11004	72
熈	8 988	11005	67
滬	9 988	11006	46
閭	10 988	11007	46
寬	11 988	11008	44
鄒	12 988	11009	42
峴	13 988	11010	39
楨	1 989	11011	33
【	2 989	11012	32
壩	3 989	11013	31
鞏	4 989	11014	30
】	5 989	11015	29
吳	6 989	11016	29
潁	7 989	11017	28
聶	8 989	11018	28
涇	9 989	11019	27
瑋	10 989	11020	27
龔	11 989	11021	26
愷	12 989	11022	25
贛	13 989	11023	25
䃯	1 990	11024	24
檪	2 990	11025	24
礙	3 990	11026	23
鏞	4 990	11027	23
！	5 990	11028	23
琿	6 990	11029	22
雋	7 990	11030	22
橫	8 990	11031	21
偰	9 990	11032	20
１	10 990	11033	20
〈	11 990	11034	19
昻	12 990	11035	19
灤	13 990	11036	19
繆	1 992	11037	19
鈺	2 992	11038	19
銓	3 992	11039	19
＝	4 992	11040	19
壢	5 992	11041	18
巒	6 992	11042	18
礪	7 992	11043	18
紇	8 992	11044	18
肅	9 992	11045	18
諶	10 992	11046	18
賚	11 992	11047	18
鑒	12 992	11048	18
儔	13 992	11049	17
蠟	1 991	11050	17
鉃	2 991	11051	17
？	3 991	11052	17
埈	4 991	11053	16
樸	5 991	11054	16
砿	6 991	11055	16
陞	7 991	11056	16
勛	8 991	11057	15
厲	9 991	11058	15
昿	10 991	11059	15
燾	11 991	11060	15
豎	12 991	11061	15
贇	13 991	11062	15
鄕	1 996	11063	15
靏	2 996	11064	15
％	3 996	11065	15
〉	4 996	11066	14
凞	5 996	11067	14
奐	6 996	11068	14
憙	7 996	11069	14
潯	8 996	11070	14
灝	9 996	11071	14
璉	10 996	11072	14
籌	11 996	11073	14
繼	12 996	11074	14
鯤	13 996	11075	14
孁	1 999	11076	13
惲	2 999	11077	13
曵	3 999	11078	13
濰	4 999	11079	13
瓚	5 999	11080	13
緣	6 999	11081	13
誥	7 999	11082	13
贊	8 999	11083	13
釐	9 999	11084	13
２	10 999	11085	13
䇳	11 999	11086	12
嶠	12 999	11087	12
簞	13 999	11088	12
纜	1 1000	11089	12
訢	2 1000	11090	12
貽	3 1000	11091	12
閇	4 1000	11092	12
鷦	5 1000	11093	12
鼡	6 1000	11094	12
垻	7 1000	11095	11
嬀	8 1000	11096	11
悅	9 1000	11097	11
枦	10 1000	11098	11
檍	11 1000	11099	11
煒	12 1000	11100	11
狹	13 1000	11101	11
袞	1 1001	11102	11
顒	2 1001	11103	11
儷	3 1001	11104	10
厙	4 1001	11105	10
垈	5 1001	11106	10
棡	6 1001	11107	10
緝	7 1001	11108	10
纓	8 1001	11109	10
譙	9 1001	11110	10
豬	10 1001	11111	10
迴	11 1001	11112	10
鄖	12 1001	11113	10
鑵	13 1001	11114	10
闓	1 1002	11115	10
闞	2 1002	11116	10
霽	3 1002	11117	10
顥	4 1002	11118	10
驃	5 1002	11119	10
鳧	6 1002	11120	10
鷯	7 1002	11121	10
龗	8 1002	11122	10
龝	9 1002	11123	10
㚻	10 1002	11124	9
兗	11 1002	11125	9
塢	12 1002	11126	9
夘	13 1002	11127	9
廩	1 1008	11128	9
旿	2 1008	11129	9
桙	3 1008	11130	9
棧	4 1008	11131	9
滌	5 1008	11132	9
滎	6 1008	11133	9
潾	7 1008	11134	9
璡	8 1008	11135	9
璣	9 1008	11136	9
萇	10 1008	11137	9
虛	11 1008	11138	9
覲	12 1008	11139	9
踰	13 1008	11140	9
銖	1 1014	11141	9
鍈	2 1014	11142	9
鏗	3 1014	11143	9
頊	4 1014	11144	9
騶	5 1014	11145	9
鴟	6 1014	11146	9
鵰	7 1014	11147	9
乕	8 1014	11148	8
俔	9 1014	11149	8
儸	10 1014	11150	8
噦	11 1014	11151	8
圡	12 1014	11152	8
嫗	13 1014	11153	8
寉	1 1012	11154	8
徑	2 1012	11155	8
徵	3 1012	11156	8
捴	4 1012	11157	8
礀	5 1012	11158	8
絛	6 1012	11159	8
薭	7 1012	11160	8
讖	8 1012	11161	8
輓	9 1012	11162	8
酘	10 1012	11163	8
鈕	11 1012	11164	8
閬	12 1012	11165	8
闐	13 1012	11166	8
隲	1 1015	11167	8
驊	2 1015	11168	8
鬥	3 1015	11169	8
鹼	4 1015	11170	8
麁	5 1015	11171	8
黽	6 1015	11172	8
＃	7 1015	11173	8
／	8 1015	11174	8
Ａ	9 1015	11175	8
Ｔ	10 1015	11176	8
僴	11 1015	11177	7
凮	12 1015	11178	7
勻	13 1015	11179	7
啞	1 1022	11180	7
啟	2 1022	11181	7
媯	3 1022	11182	7
愨	4 1022	11183	7
懌	5 1022	11184	7
擴	6 1022	11185	7
棊	7 1022	11186	7
橳	8 1022	11187	7
櫑	9 1022	11188	7
淩	10 1022	11189	7
潙	11 1022	11190	7
濛	12 1022	11191	7
烋	13 1022	11192	7
煐	1 1024	11193	7
珖	2 1024	11194	7
瑒	3 1024	11195	7
璦	4 1024	11196	7
硤	5 1024	11197	7
磧	6 1024	11198	7
蔿	7 1024	11199	7
詵	8 1024	11200	7
諝	9 1024	11201	7
贍	10 1024	11202	7
軼	11 1024	11203	7
銹	12 1024	11204	7
錡	13 1024	11205	7
錣	1 1030	11206	7
鍇	2 1030	11207	7
鑲	3 1030	11208	7
鑾	4 1030	11209	7
陘	5 1030	11210	7
靉	6 1030	11211	7
顓	7 1030	11212	7
顫	8 1030	11213	7
駛	9 1030	11214	7
鯥	10 1030	11215	7
鶻	11 1030	11216	7
］	12 1030	11217	7
伷	13 1030	11218	6
劒	1 1018	11219	6
嗶	2 1018	11220	6
姍	3 1018	11221	6
嫻	4 1018	11222	6
寀	5 1018	11223	6
峮	6 1018	11224	6
廞	7 1018	11225	6
撝	8 1018	11226	6
曆	9 1018	11227	6
楜	10 1018	11228	6
樑	11 1018	11229	6
櫞	12 1018	11230	6
淶	13 1018	11231	6
滙	1 1082	11232	6
滷	2 1082	11233	6
漵	3 1082	11234	6
澀	4 1082	11235	6
灃	5 1082	11236	6
炡	6 1082	11237	6
牘	7 1082	11238	6
獦	8 1082	11239	6
眙	9 1082	11240	6
磻	10 1082	11241	6
穝	11 1082	11242	6
竊	12 1082	11243	6
箚	13 1082	11244	6
箟	1 1054	11245	6
簣	2 1054	11246	6
粵	3 1054	11247	6
紱	4 1054	11248	6
膓	5 1054	11249	6
艃	6 1054	11250	6
艅	7 1054	11251	6
菸	8 1054	11252	6
蕐	9 1054	11253	6
蘄	10 1054	11254	6
覬	11 1054	11255	6
詒	12 1054	11256	6
贓	13 1054	11257	6
蹻	1 1025	11258	6
辦	2 1025	11259	6
邡	3 1025	11260	6
鄔	4 1025	11261	6
醱	5 1025	11262	6
釵	6 1025	11263	6
閎	7 1025	11264	6
靚	8 1025	11265	6
韞	9 1025	11266	6
馺	10 1025	11267	6
駸	11 1025	11268	6
＆	12 1025	11269	6
Ｎ	13 1025	11270	6
［	1 1028	11271	6
ｅ	2 1028	11272	6
〝	3 1028	11273	5
ヹ	4 1028	11274	5
㔟	5 1028	11275	5
僉	6 1028	11276	5
凾	7 1028	11277	5
刪	8 1028	11278	5
剄	9 1028	11279	5
勱	10 1028	11280	5
咢	11 1028	11281	5
喞	12 1028	11282	5
噲	13 1028	11283	5
嚶	1 1043	11284	5
囎	2 1043	11285	5
堊	3 1043	11286	5
壘	4 1043	11287	5
壻	5 1043	11288	5
嬋	6 1043	11289	5
嬶	7 1043	11290	5
崍	8 1043	11291	5
嶍	9 1043	11292	5
嶧	10 1043	11293	5
嶸	11 1043	11294	5
忩	12 1043	11295	5
忰	13 1043	11296	5
搶	1 1033	11297	5
攬	2 1033	11298	5
斅	3 1033	11299	5
暜	4 1033	11300	5
杦	5 1033	11301	5
柗	6 1033	11302	5
棈	7 1033	11303	5
樔	8 1033	11304	5
樨	9 1033	11305	5
沇	10 1033	11306	5
溈	11 1033	11307	5
瀅	12 1033	11308	5
焏	13 1033	11309	5
熒	1 1073	11310	5
燉	2 1073	11311	5
犛	3 1073	11312	5
珤	4 1073	11313	5
瑫	5 1073	11314	5
瓛	6 1073	11315	5
畭	7 1073	11316	5
瘞	8 1073	11317	5
碭	9 1073	11318	5
磚	10 1073	11319	5
磵	11 1073	11320	5
礄	12 1073	11321	5
禑	13 1073	11322	5
秡	1 1027	11323	5
穠	2 1027	11324	5
穩	3 1027	11325	5
箜	4 1027	11326	5
篌	5 1027	11327	5
簱	6 1027	11328	5
籙	7 1027	11329	5
糝	8 1027	11330	5
縕	9 1027	11331	5
縵	10 1027	11332	5
纘	11 1027	11333	5
罃	12 1027	11334	5
羋	13 1027	11335	5
翽	1 1026	11336	5
腳	2 1026	11337	5
膃	3 1026	11338	5
臉	4 1026	11339	5
臏	5 1026	11340	5
莬	6 1026	11341	5
葊	7 1026	11342	5
蒨	8 1026	11343	5
蒺	9 1026	11344	5
蓴	10 1026	11345	5
蔥	11 1026	11346	5
薈	12 1026	11347	5
薌	13 1026	11348	5
薑	1 2 82	11349	5
螞	2 2 82	11350	5
螻	3 2 82	11351	5
蠑	4 2 82	11352	5
衑	5 2 82	11353	5
袙	6 2 82	11354	5
訖	7 2 82	11355	5
訷	8 2 82	11356	5
諟	9 2 82	11357	5
譔	10 2 82	11358	5
譛	11 2 82	11359	5
賡	12 2 82	11360	5
踐	13 2 82	11361	5
軔	1 1031	11362	5
軾	2 1031	11363	5
輟	3 1031	11364	5
轑	4 1031	11365	5
鄆	5 1031	11366	5
鄺	6 1031	11367	5
釟	7 1031	11368	5
釡	8 1031	11369	5
鈬	9 1031	11370	5
鉀	10 1031	11371	5
鉎	11 1031	11372	5
銳	12 1031	11373	5
鎣	13 1031	11374	5
鏘	1 1032	11375	5
鏻	2 1032	11376	5
鑞	3 1032	11377	5
閆	4 1032	11378	5
闥	5 1032	11379	5
韛	6 1032	11380	5
頎	7 1032	11381	5
颺	8 1032	11382	5
饋	9 1032	11383	5
駙	10 1032	11384	5
駭	11 1032	11385	5
騤	12 1032	11386	5
騭	13 1032	11387	5
魴	1 1034	11388	5
鮁	2 1034	11389	5
鰉	3 1034	11390	5
鰱	4 1034	11391	5
鴋	5 1034	11392	5
鴌	6 1034	11393	5
鵐	7 1034	11394	5
鶿	8 1034	11395	5
鷀	9 1034	11396	5
麭	10 1034	11397	5
齔	11 1034	11398	5
龑	12 1034	11399	5
龱	13 1034	11400	5
＞	1 1036	11401	5
Ｍ	2 1036	11402	5
Ｐ	3 1036	11403	5
Ｓ	4 1036	11404	5
《	5 1036	11405	4
》	6 1036	11406	4
㟢	7 1036	11407	4
乄	8 1036	11408	4
侫	9 1036	11409	4
俉	10 1036	11410	4
僐	11 1036	11411	4
僙	12 1036	11412	4
僣	13 1036	11413	4
僲	1 1035	11414	4
儐	2 1035	11415	4
劌	3 1035	11416	4
匄	4 1035	11417	4
嗹	5 1035	11418	4
嘖	6 1035	11419	4
嘸	7 1035	11420	4
噠	8 1035	11421	4
囈	9 1035	11422	4
囉	10 1035	11423	4
囶	11 1035	11424	4
埀	12 1035	11425	4
埰	13 1035	11426	4
埿	1 1037	11427	4
塋	2 1037	11428	4
墊	3 1037	11429	4
壠	4 1037	11430	4
壼	5 1037	11431	4
夋	6 1037	11432	4
奝	7 1037	11433	4
奯	8 1037	11434	4
妝	9 1037	11435	4
娛	10 1037	11436	4
崕	11 1037	11437	4
嵆	12 1037	11438	4
嶗	13 1037	11439	4
嶬	1 1039	11440	4
帾	2 1039	11441	4
廐	3 1039	11442	4
廕	4 1039	11443	4
廙	5 1039	11444	4
廮	6 1039	11445	4
弻	7 1039	11446	4
彑	8 1039	11447	4
忢	9 1039	11448	4
惒	10 1039	11449	4
憕	11 1039	11450	4
懶	12 1039	11451	4
戇	13 1039	11452	4
揀	1 1045	11453	4
摴	2 1045	11454	4
摶	3 1045	11455	4
撐	4 1045	11456	4
擡	5 1045	11457	4
攩	6 1045	11458	4
旴	7 1045	11459	4
曕	8 1045	11460	4
杤	9 1045	11461	4
枛	10 1045	11462	4
椌	11 1045	11463	4
楤	12 1045	11464	4
榦	13 1045	11465	4
榲	1 1041	11466	4
榾	2 1041	11467	4
槩	3 1041	11468	4
槵	4 1041	11469	4
樛	5 1041	11470	4
樝	6 1041	11471	4
樴	7 1041	11472	4
欏	8 1041	11473	4
泝	9 1041	11474	4
淕	10 1041	11475	4
淥	11 1041	11476	4
渢	12 1041	11477	4
湞	13 1041	11478	4
溮	1 1042	11479	4
滹	2 1042	11480	4
潛	3 1042	11481	4
潽	4 1042	11482	4
澆	5 1042	11483	4
澠	6 1042	11484	4
澮	7 1042	11485	4
濼	8 1042	11486	4
瀁	9 1042	11487	4
灐	10 1042	11488	4
灒	11 1042	11489	4
熲	12 1042	11490	4
燜	13 1042	11491	4
牋	1 1044	11492	4
牓	2 1044	11493	4
狀	3 1044	11494	4
狌	4 1044	11495	4
獙	5 1044	11496	4
獫	6 1044	11497	4
獱	7 1044	11498	4
珝	8 1044	11499	4
琱	9 1044	11500	4
琸	10 1044	11501	4
瑑	11 1044	11502	4
瑲	12 1044	11503	4
瓈	13 1044	11504	4
畄	1 1046	11505	4
皸	2 1046	11506	4
皹	3 1046	11507	4
睒	4 1046	11508	4
硨	5 1046	11509	4
碆	6 1046	11510	4
礱	7 1046	11511	4
祕	8 1046	11512	4
簁	9 1046	11513	4
簔	10 1046	11514	4
粭	11 1046	11515	4
絎	12 1046	11516	4
絓	13 1046	11517	4
絺	1 1049	11518	4
緱	2 1049	11519	4
緲	3 1049	11520	4
縝	4 1049	11521	4
縱	5 1049	11522	4
纉	6 1049	11523	4
纖	7 1049	11524	4
翬	8 1049	11525	4
耉	9 1049	11526	4
脣	10 1049	11527	4
芿	11 1049	11528	4
苪	12 1049	11529	4
莧	13 1049	11530	4
蓀	1 1047	11531	4
蓜	2 1047	11532	4
蔞	3 1047	11533	4
蔯	4 1047	11534	4
蕓	5 1047	11535	4
藎	6 1047	11536	4
蘐	7 1047	11537	4
蘓	8 1047	11538	4
蘗	9 1047	11539	4
虒	10 1047	11540	4
虯	11 1047	11541	4
虷	12 1047	11542	4
蠶	13 1047	11543	4
袰	1 1050	11544	4
褘	2 1050	11545	4
襪	3 1050	11546	4
襯	4 1050	11547	4
襾	5 1050	11548	4
覈	6 1050	11549	4
覦	7 1050	11550	4
訒	8 1050	11551	4
諗	9 1050	11552	4
諚	10 1050	11553	4
諪	11 1050	11554	4
諴	12 1050	11555	4
謩	13 1050	11556	4
讎	1 1053	11557	4
讙	2 1053	11558	4
讜	3 1053	11559	4
貤	4 1053	11560	4
貺	5 1053	11561	4
賾	6 1053	11562	4
贏	7 1053	11563	4
趕	8 1053	11564	4
蹕	9 1053	11565	4
躋	10 1053	11566	4
軺	11 1053	11567	4
輇	12 1053	11568	4
輒	13 1053	11569	4
轎	1 1058	11570	4
逕	2 1058	11571	4
逧	3 1058	11572	4
遞	4 1058	11573	4
郟	5 1058	11574	4
釩	6 1058	11575	4
鈐	7 1058	11576	4
鉐	8 1058	11577	4
銻	9 1058	11578	4
銼	10 1058	11579	4
鋌	11 1058	11580	4
鋠	12 1058	11581	4
錕	13 1058	11582	4
鍊	1 1056	11583	4
鏆	2 1056	11584	4
鏈	3 1056	11585	4
鏐	4 1056	11586	4
鐳	5 1056	11587	4
鑄	6 1056	11588	4
閹	7 1056	11589	4
隄	8 1056	11590	4
靇	9 1056	11591	4
韴	10 1056	11592	4
頲	11 1056	11593	4
顬	12 1056	11594	4
顳	13 1056	11595	4
颷	1 1059	11596	4
飆	2 1059	11597	4
馛	3 1059	11598	4
駟	4 1059	11599	4
騅	5 1059	11600	4
騮	6 1059	11601	4
驫	7 1059	11602	4
髠	8 1059	11603	4
髱	9 1059	11604	4
魋	10 1059	11605	4
鮴	11 1059	11606	4
鯏	12 1059	11607	4
鯓	13 1059	11608	4
鯡	1 1062	11609	4
鯢	2 1062	11610	4
鰥	3 1062	11611	4
鰧	4 1062	11612	4
鰼	5 1062	11613	4
鱄	6 1062	11614	4
鱏	7 1062	11615	4
鱝	8 1062	11616	4
鱶	9 1062	11617	4
鷂	10 1062	11618	4
鷸	11 1062	11619	4
麑	12 1062	11620	4
黹	13 1062	11621	4
齣	1 1061	11622	4
Ｅ	2 1061	11623	4
Ｊ	3 1061	11624	4
Ｒ	4 1061	11625	4
ｏ	5 1061	11626	4
ｒ	6 1061	11627	4
〕	7 1061	11628	3
〟	8 1061	11629	3
ヸ	9 1061	11630	3
㐧	10 1061	11631	3
㒶	11 1061	11632	3
㓛	12 1061	11633	3
㕎	13 1061	11634	3
㥄	1 1060	11635	3
㧡	2 1060	11636	3
㶱	3 1060	11637	3
㹨	4 1060	11638	3
㺭	5 1060	11639	3
䓟	6 1060	11640	3
䤈	7 1060	11641	3
乶	8 1060	11642	3
乷	9 1060	11643	3
乽	10 1060	11644	3
仂	11 1060	11645	3
仫	12 1060	11646	3
佋	13 1060	11647	3
佔	1 1063	11648	3
佖	2 1063	11649	3
俁	3 1063	11650	3
俒	4 1063	11651	3
俛	5 1063	11652	3
倀	6 1063	11653	3
偐	7 1063	11654	3
傊	8 1063	11655	3
傓	9 1063	11656	3
傔	10 1063	11657	3
傖	11 1063	11658	3
傪	12 1063	11659	3
僂	13 1063	11660	3
僔	1 1064	11661	3
僘	2 1064	11662	3
僡	3 1064	11663	3
僱	4 1064	11664	3
儈	5 1064	11665	3
兊	6 1064	11666	3
冄	7 1064	11667	3
刧	8 1064	11668	3
剏	9 1064	11669	3
剗	10 1064	11670	3
劏	11 1064	11671	3
勑	12 1064	11672	3
匤	13 1064	11673	3
卭	1 1065	11674	3
卾	2 1065	11675	3
呍	3 1065	11676	3
唂	4 1065	11677	3
唊	5 1065	11678	3
唜	6 1065	11679	3
唭	7 1065	11680	3
唼	8 1065	11681	3
啀	9 1065	11682	3
啠	10 1065	11683	3
噯	11 1065	11684	3
嚐	12 1065	11685	3
嚤	13 1065	11686	3
嚳	1 1068	11687	3
囐	2 1068	11688	3
垜	3 1068	11689	3
垝	4 1068	11690	3
垳	5 1068	11691	3
垵	6 1068	11692	3
埖	7 1068	11693	3
埣	8 1068	11694	3
埦	9 1068	11695	3
塰	10 1068	11696	3
墔	11 1068	11697	3
墲	12 1068	11698	3
壐	13 1068	11699	3
壓	1 1067	11700	3
壗	2 1067	11701	3
壡	3 1067	11702	3
壾	4 1067	11703	3
夀	5 1067	11704	3
夓	6 1067	11705	3
奫	7 1067	11706	3
奵	8 1067	11707	3
妌	9 1067	11708	3
妠	10 1067	11709	3
姙	11 1067	11710	3
娗	12 1067	11711	3
娰	13 1067	11712	3
婭	1 1074	11713	3
媋	2 1074	11714	3
嬁	3 1074	11715	3
嬃	4 1074	11716	3
嬅	5 1074	11717	3
嬙	6 1074	11718	3
嬥	7 1074	11719	3
嬫	8 1074	11720	3
孒	9 1074	11721	3
宧	10 1074	11722	3
宷	11 1074	11723	3
寚	12 1074	11724	3
尣	13 1074	11725	3
屶	1 1077	11726	3
岦	2 1077	11727	3
崘	3 1077	11728	3
崵	4 1077	11729	3
崹	5 1077	11730	3
嶄	6 1077	11731	3
嶢	7 1077	11732	3
嶦	8 1077	11733	3
嶹	9 1077	11734	3
巋	10 1077	11735	3
巵	11 1077	11736	3
帠	12 1077	11737	3
帲	13 1077	11738	3
幜	1 1078	11739	3
幫	2 1078	11740	3
庬	3 1078	11741	3
廢	4 1078	11742	3
弎	5 1078	11743	3
弨	6 1078	11744	3
彔	7 1078	11745	3
彠	8 1078	11746	3
徸	9 1078	11747	3
忯	10 1078	11748	3
怘	11 1078	11749	3
怺	12 1078	11750	3
悒	13 1078	11751	3
愒	1 1079	11752	3
慘	2 1079	11753	3
慳	3 1079	11754	3
憘	4 1079	11755	3
懍	5 1079	11756	3
懴	6 1079	11757	3
捄	7 1079	11758	3
掄	8 1079	11759	3
掵	9 1079	11760	3
揥	10 1079	11761	3
搩	11 1079	11762	3
摎	12 1079	11763	3
摛	13 1079	11764	3
摜	1 1080	11765	3
撿	2 1080	11766	3
擥	3 1080	11767	3
擺	4 1080	11768	3
攄	5 1080	11769	3
攖	6 1080	11770	3
攜	7 1080	11771	3
攢	8 1080	11772	3
敒	9 1080	11773	3
敘	10 1080	11774	3
敾	11 1080	11775	3
斕	12 1080	11776	3
旈	13 1080	11777	3
旙	1 1081	11778	3
旹	2 1081	11779	3
旽	3 1081	11780	3
昋	4 1081	11781	3
昍	5 1081	11782	3
昤	6 1081	11783	3
昷	7 1081	11784	3
晪	8 1081	11785	3
暊	9 1081	11786	3
暋	10 1081	11787	3
暒	11 1081	11788	3
暕	12 1081	11789	3
曈	13 1081	11790	3
曬	1 1086	11791	3
朎	2 1086	11792	3
朖	3 1086	11793	3
朳	4 1086	11794	3
杋	5 1086	11795	3
枎	6 1086	11796	3
柍	7 1086	11797	3
栒	8 1086	11798	3
桍	9 1086	11799	3
桫	10 1086	11800	3
桺	11 1086	11801	3
梂	12 1086	11802	3
梘	13 1086	11803	3
梥	1 1083	11804	3
梲	2 1083	11805	3
梻	3 1083	11806	3
棖	4 1083	11807	3
棭	5 1083	11808	3
椈	6 1083	11809	3
椧	7 1083	11810	3
椶	8 1083	11811	3
楉	9 1083	11812	3
楲	10 1083	11813	3
榁	11 1083	11814	3
榘	12 1083	11815	3
榠	13 1083	11816	3
槗	1 1084	11817	3
樃	2 1084	11818	3
樏	3 1084	11819	3
樕	4 1084	11820	3
樮	5 1084	11821	3
橖	6 1084	11822	3
橢	7 1084	11823	3
橲	8 1084	11824	3
檉	9 1084	11825	3
檛	10 1084	11826	3
檦	11 1084	11827	3
檯	12 1084	11828	3
櫏	13 1084	11829	3
櫔	1 1085	11830	3
櫲	2 1085	11831	3
櫶	3 1085	11832	3
欂	4 1085	11833	3
欟	5 1085	11834	3
欨	6 1085	11835	3
歛	7 1085	11836	3
歬	8 1085	11837	3
歵	9 1085	11838	3
殭	10 1085	11839	3
殾	11 1085	11840	3
氂	12 1085	11841	3
氫	13 1085	11842	3
氳	1 1090	11843	3
沰	2 1090	11844	3
泆	3 1090	11845	3
泙	4 1090	11846	3
洤	5 1090	11847	3
洭	6 1090	11848	3
浟	7 1090	11849	3
浵	8 1090	11850	3
涍	9 1090	11851	3
涬	10 1090	11852	3
淃	11 1090	11853	3
淐	12 1090	11854	3
淓	13 1090	11855	3
渧	1 1095	11856	3
渮	2 1095	11857	3
渽	3 1095	11858	3
湋	4 1095	11859	3
湏	5 1095	11860	3
溓	6 1095	11861	3
溙	7 1095	11862	3
滊	8 1095	11863	3
漻	9 1095	11864	3
澇	10 1095	11865	3
澚	11 1095	11866	3
澯	12 1095	11867	3
澾	13 1095	11868	3
濕	1 1093	11869	3
濚	2 1093	11870	3
濳	3 1093	11871	3
濹	4 1093	11872	3
濽	5 1093	11873	3
瀜	6 1093	11874	3
瀦	7 1093	11875	3
瀴	8 1093	11876	3
灋	9 1093	11877	3
灑	10 1093	11878	3
灕	11 1093	11879	3
炗	12 1093	11880	3
烔	13 1093	11881	3
烴	1 1099	11882	3
焸	2 1099	11883	3
熅	3 1099	11884	3
燙	4 1099	11885	3
燚	5 1099	11886	3
燬	6 1099	11887	3
燴	7 1099	11888	3
爍	8 1099	11889	3
爕	9 1099	11890	3
爼	10 1099	11891	3
牣	11 1099	11892	3
犖	12 1099	11893	3
犧	13 1099	11894	3
犾	1 1100	11895	3
狋	2 1100	11896	3
狴	3 1100	11897	3
猰	4 1100	11898	3
猵	5 1100	11899	3
獷	6 1100	11900	3
玭	7 1100	11901	3
玵	8 1100	11902	3
珡	9 1100	11903	3
瑎	10 1100	11904	3
瑨	11 1100	11905	3
瑿	12 1100	11906	3
璗	13 1100	11907	3
璯	1 1102	11908	3
璷	2 1102	11909	3
甎	3 1102	11910	3
畡	4 1102	11911	3
畺	5 1102	11912	3
疊	6 1102	11913	3
疒	7 1102	11914	3
痃	8 1102	11915	3
瘭	9 1102	11916	3
癭	10 1102	11917	3
癮	11 1102	11918	3
皀	12 1102	11919	3
皁	13 1102	11920	3
皚	1 1103	11921	3
皶	2 1103	11922	3
眎	3 1103	11923	3
眥	4 1103	11924	3
睍	5 1103	11925	3
睞	6 1103	11926	3
睪	7 1103	11927	3
瞫	8 1103	11928	3
碯	9 1103	11929	3
磈	10 1103	11930	3
磌	11 1103	11931	3
磎	12 1103	11932	3
磑	13 1103	11933	3
磠	1 1104	11934	3
磤	2 1104	11935	3
礆	3 1104	11936	3
礵	4 1104	11937	3
祊	5 1104	11938	3
秊	6 1104	11939	3
秌	7 1104	11940	3
秞	8 1104	11941	3
秢	9 1104	11942	3
稺	10 1104	11943	3
穙	11 1104	11944	3
穡	12 1104	11945	3
窫	13 1104	11946	3
窴	1 1105	11947	3
竚	2 1105	11948	3
竧	3 1105	11949	3
笒	4 1105	11950	3
笧	5 1105	11951	3
笴	6 1105	11952	3
筴	7 1105	11953	3
筿	8 1105	11954	3
簳	9 1105	11955	3
簶	10 1105	11956	3
籒	11 1105	11957	3
籘	12 1105	11958	3
籡	13 1105	11959	3
籮	1 1101	11960	3
糰	2 1101	11961	3
糲	3 1101	11962	3
糴	4 1101	11963	3
糼	5 1101	11964	3
紓	6 1101	11965	3
紝	7 1101	11966	3
紵	8 1101	11967	3
紿	9 1101	11968	3
絈	10 1101	11969	3
絕	11 1101	11970	3
絖	12 1101	11971	3
綉	13 1101	11972	3
綟	1 1155	11973	3
綣	2 1155	11974	3
緄	3 1155	11975	3
緟	4 1155	11976	3
緡	5 1155	11977	3
縟	6 1155	11978	3
繃	7 1155	11979	3
繒	8 1155	11980	3
繢	9 1155	11981	3
繦	10 1155	11982	3
繯	11 1155	11983	3
缼	12 1155	11984	3
罇	13 1155	11985	3
罳	1 1112	11986	3
羾	2 1112	11987	3
翜	3 1112	11988	3
耭	4 1112	11989	3
聢	5 1112	11990	3
聵	6 1112	11991	3
胅	7 1112	11992	3
膅	8 1112	11993	3
臠	9 1112	11994	3
舢	10 1112	11995	3
艜	11 1112	11996	3
艥	12 1112	11997	3
茙	13 1112	11998	3
茛	1 1109	11999	3
茝	2 1109	12000	3
荅	3 1109	12001	3
荢	4 1109	12002	3
荵	5 1109	12003	3
菎	6 1109	12004	3
菷	7 1109	12005	3
萓	8 1109	12006	3
葈	9 1109	12007	3
葖	10 1109	12008	3
葘	11 1109	12009	3
葧	12 1109	12010	3
葮	13 1109	12011	3
葰	1 1110	12012	3
蓇	2 1110	12013	3
蓚	3 1110	12014	3
蓯	4 1110	12015	3
蓽	5 1110	12016	3
蔪	6 1110	12017	3
蔲	7 1110	12018	3
蔴	8 1110	12019	3
蕆	9 1110	12020	3
蕋	10 1110	12021	3
蕚	11 1110	12022	3
蕣	12 1110	12023	3
薁	13 1110	12024	3
薐	1 1111	12025	3
藔	2 1111	12026	3
藾	3 1111	12027	3
蘘	4 1111	12028	3
蘢	5 1111	12029	3
蘰	6 1111	12030	3
虍	7 1111	12031	3
虖	8 1111	12032	3
虵	9 1111	12033	3
蚉	10 1111	12034	3
蛺	11 1111	12035	3
蜾	12 1111	12036	3
蝄	13 1111	12037	3
蝪	1 1113	12038	3
螄	2 1113	12039	3
蟖	3 1113	12040	3
蠁	4 1113	12041	3
蠆	5 1113	12042	3
蠻	6 1113	12043	3
衕	7 1113	12044	3
衚	8 1113	12045	3
衜	9 1113	12046	3
袗	10 1113	12047	3
袠	11 1113	12048	3
褆	12 1113	12049	3
褞	13 1113	12050	3
褲	1 1115	12051	3
褳	2 1115	12052	3
褹	3 1115	12053	3
襀	4 1115	12054	3
襁	5 1115	12055	3
覓	6 1115	12056	3
觮	7 1115	12057	3
觿	8 1115	12058	3
訯	9 1115	12059	3
詇	10 1115	12060	3
詖	11 1115	12061	3
誽	12 1115	12062	3
諠	13 1115	12063	3
諢	1 1117	12064	3
諼	2 1117	12065	3
謏	3 1117	12066	3
謚	4 1117	12067	3
謜	5 1117	12068	3
謣	6 1117	12069	3
謫	7 1117	12070	3
謾	8 1117	12071	3
譁	9 1117	12072	3
譆	10 1117	12073	3
譏	11 1117	12074	3
譓	12 1117	12075	3
譖	13 1117	12076	3
譩	1 1118	12077	3
譻	2 1118	12078	3
讘	3 1118	12079	3
豇	4 1118	12080	3
豔	5 1118	12081	3
豼	6 1118	12082	3
貎	7 1118	12083	3
貐	8 1118	12084	3
賰	9 1118	12085	3
賺	10 1118	12086	3
趫	11 1118	12087	3
蹤	12 1118	12088	3
蹹	13 1118	12089	3
軏	1 1119	12090	3
輅	2 1119	12091	3
輗	3 1119	12092	3
輭	4 1119	12093	3
輾	5 1119	12094	3
辵	6 1119	12095	3
迱	7 1119	12096	3
迵	8 1119	12097	3
迶	9 1119	12098	3
逴	10 1119	12099	3
遃	11 1119	12100	3
邌	12 1119	12101	3
郻	13 1119	12102	3
鄷	1 1120	12103	3
醻	2 1120	12104	3
釤	3 1120	12105	3
釶	4 1120	12106	3
釿	5 1120	12107	3
鈀	6 1120	12108	3
鈁	7 1120	12109	3
鈅	8 1120	12110	3
鈆	9 1120	12111	3
鈇	10 1120	12112	3
鈦	11 1120	12113	3
鈰	12 1120	12114	3
鈸	13 1120	12115	3
鉊	1 1121	12116	3
鉚	2 1121	12117	3
鉡	3 1121	12118	3
鉶	4 1121	12119	3
銍	5 1121	12120	3
銒	6 1121	12121	3
銶	7 1121	12122	3
銺	8 1121	12123	3
鋗	9 1121	12124	3
鋮	10 1121	12125	3
鋿	11 1121	12126	3
錟	12 1121	12127	3
錥	13 1121	12128	3
錩	1 1122	12129	3
錺	2 1122	12130	3
鍚	3 1122	12131	3
鍭	4 1122	12132	3
鍱	5 1122	12133	3
鍳	6 1122	12134	3
鍺	7 1122	12135	3
鎂	8 1122	12136	3
鎡	9 1122	12137	3
鎺	10 1122	12138	3
鏜	11 1122	12139	3
鏱	12 1122	12140	3
鏵	13 1122	12141	3
鏽	1 1123	12142	3
鐃	2 1123	12143	3
鐏	3 1123	12144	3
鐫	4 1123	12145	3
鐮	5 1123	12146	3
鑡	6 1123	12147	3
鑷	7 1123	12148	3
钁	8 1123	12149	3
閴	9 1123	12150	3
閶	10 1123	12151	3
閿	11 1123	12152	3
闚	12 1123	12153	3
陭	13 1123	12154	3
雊	1 1127	12155	3
雱	2 1127	12156	3
靁	3 1127	12157	3
靃	4 1127	12158	3
靆	5 1127	12159	3
靗	6 1127	12160	3
靨	7 1127	12161	3
鞦	8 1127	12162	3
韆	9 1127	12163	3
韑	10 1127	12164	3
韙	11 1127	12165	3
韲	12 1127	12166	3
韺	13 1127	12167	3
頍	1 1128	12168	3
頏	2 1128	12169	3
頥	3 1128	12170	3
顙	4 1128	12171	3
顱	5 1128	12172	3
颸	6 1128	12173	3
颼	7 1128	12174	3
飂	8 1128	12175	3
飈	9 1128	12176	3
飥	10 1128	12177	3
飮	11 1128	12178	3
飰	12 1128	12179	3
餒	13 1128	12180	3
餗	1 1130	12181	3
餛	2 1130	12182	3
餜	3 1130	12183	3
餝	4 1130	12184	3
餳	5 1130	12185	3
餺	6 1130	12186	3
餻	7 1130	12187	3
餾	8 1130	12188	3
饁	9 1130	12189	3
饃	10 1130	12190	3
馱	11 1130	12191	3
馼	12 1130	12192	3
駃	13 1130	12193	3
駩	1 1134	12194	3
駮	2 1134	12195	3
騁	3 1134	12196	3
騂	4 1134	12197	3
騖	5 1134	12198	3
騠	6 1134	12199	3
騸	7 1134	12200	3
驁	8 1134	12201	3
驂	9 1134	12202	3
驅	10 1134	12203	3
髃	11 1134	12204	3
髆	12 1134	12205	3
髎	13 1134	12206	3
髞	1 1133	12207	3
髢	2 1133	12208	3
鬴	3 1133	12209	3
魕	4 1133	12210	3
魞	5 1133	12211	3
魲	6 1133	12212	3
魳	7 1133	12213	3
鮆	8 1133	12214	3
鮊	9 1133	12215	3
鮲	10 1133	12216	3
鯁	11 1133	12217	3
鯇	12 1133	12218	3
鯪	13 1133	12219	3
鯯	1 1135	12220	3
鯲	2 1135	12221	3
鯷	3 1135	12222	3
鯹	4 1135	12223	3
鯽	5 1135	12224	3
鰂	6 1135	12225	3
鰔	7 1135	12226	3
鰾	8 1135	12227	3
鱔	9 1135	12228	3
鱠	10 1135	12229	3
鱭	11 1135	12230	3
鳫	12 1135	12231	3
鳬	13 1135	12232	3
鳲	1 1136	12233	3
鴕	2 1136	12234	3
鴜	3 1136	12235	3
鴣	4 1136	12236	3
鴯	5 1136	12237	3
鵂	6 1136	12238	3
鵾	7 1136	12239	3
鶊	8 1136	12240	3
鶓	9 1136	12241	3
鶙	10 1136	12242	3
鶡	11 1136	12243	3
鶤	12 1136	12244	3
鶩	13 1136	12245	3
鷁	1 1138	12246	3
鷓	2 1138	12247	3
鷙	3 1138	12248	3
鷭	4 1138	12249	3
鹻	5 1138	12250	3
麀	6 1138	12251	3
麃	7 1138	12252	3
麚	8 1138	12253	3
麛	9 1138	12254	3
麞	10 1138	12255	3
麤	11 1138	12256	3
麪	12 1138	12257	3
麽	13 1138	12258	3
黈	1 1137	12259	3
黠	2 1137	12260	3
鼉	3 1137	12261	3
鼒	4 1137	12262	3
鼕	5 1137	12263	3
齕	6 1137	12264	3
齦	7 1137	12265	3
齪	8 1137	12266	3
齰	9 1137	12267	3
齶	10 1137	12268	3
齷	11 1137	12269	3
＋	12 1137	12270	3
－	13 1137	12271	3
３	1 1149	12272	3
５	2 1149	12273	3
Ｂ	3 1149	12274	3
Ｄ	4 1149	12275	3
Ｉ	5 1149	12276	3
Ｌ	6 1149	12277	3
Ｏ	7 1149	12278	3
Ｗ	8 1149	12279	3
Ｘ	9 1149	12280	3
＿	10 1149	12281	3
ａ	11 1149	12282	3
ｌ	12 1149	12283	3
ｎ	13 1149	12284	3
ﾍ	1 1152	12285	3
ﾞ	2 1152	12286	3
〔	3 1152	12287	2
〞	4 1152	12288	2
〷	5 1152	12289	2
ゖ	6 1152	12290	2
ヷ	7 1152	12291	2
ヺ	8 1152	12292	2
㐌	9 1152	12293	2
㑹	10 1152	12294	2
㚖	11 1152	12295	2
㛹	12 1152	12296	2
㝢	13 1152	12297	2
㞍	1 1256	12298	2
㠀	2 1256	12299	2
㢸	3 1256	12300	2
㥲	4 1256	12301	2
㪘	5 1256	12302	2
㫒	6 1256	12303	2
㫻	7 1256	12304	2
㭽	8 1256	12305	2
㭿	9 1256	12306	2
㮈	10 1256	12307	2
㮙	11 1256	12308	2
㮶	12 1256	12309	2
㮾	13 1256	12310	2
㯮	1 1146	12311	2
㱏	2 1146	12312	2
㳣	3 1146	12313	2
㴱	4 1146	12314	2
㶞	5 1146	12315	2
㺪	6 1146	12316	2
䄉	7 1146	12317	2
䄔	8 1146	12318	2
䄙	9 1146	12319	2
䅣	10 1146	12320	2
䆃	11 1146	12321	2
䌫	12 1146	12322	2
䏋	13 1146	12323	2
䏻	1 1147	12324	2
䐗	2 1147	12325	2
䒏	3 1147	12326	2
䒐	4 1147	12327	2
䒭	5 1147	12328	2
䓁	6 1147	12329	2
䓇	7 1147	12330	2
䔥	8 1147	12331	2
䛒	9 1147	12332	2
䡄	10 1147	12333	2
䱤	11 1147	12334	2
䳇	12 1147	12335	2
䳲	13 1147	12336	2
䴥	1 1150	12337	2
䵋	2 1150	12338	2
丅	3 1150	12339	2
丆	4 1150	12340	2
丏	5 1150	12341	2
丒	6 1150	12342	2
丗	7 1150	12343	2
丟	8 1150	12344	2
丠	9 1150	12345	2
丣	10 1150	12346	2
丩	11 1150	12347	2
丮	12 1150	12348	2
丯	13 1150	12349	2
丱	1 1153	12350	2
丳	2 1153	12351	2
丵	3 1153	12352	2
乊	4 1153	12353	2
乑	5 1153	12354	2
乚	6 1153	12355	2
乢	7 1153	12356	2
乣	8 1153	12357	2
乤	9 1153	12358	2
乥	10 1153	12359	2
乧	11 1153	12360	2
乨	12 1153	12361	2
乫	13 1153	12362	2
乮	1 1157	12363	2
乯	2 1157	12364	2
乲	3 1157	12365	2
乴	4 1157	12366	2
乵	5 1157	12367	2
乹	6 1157	12368	2
乺	7 1157	12369	2
乻	8 1157	12370	2
乼	9 1157	12371	2
乿	10 1157	12372	2
亁	11 1157	12373	2
亃	12 1157	12374	2
亄	13 1157	12375	2
亇	1 1158	12376	2
亐	2 1158	12377	2
亗	3 1158	12378	2
亝	4 1158	12379	2
亪	5 1158	12380	2
亯	6 1158	12381	2
亴	7 1158	12382	2
亸	8 1158	12383	2
亼	9 1158	12384	2
亽	10 1158	12385	2
亾	11 1158	12386	2
仈	12 1158	12387	2
仌	13 1158	12388	2
仐	1 1161	12389	2
仒	2 1161	12390	2
仚	3 1161	12391	2
仜	4 1161	12392	2
仠	5 1161	12393	2
仢	6 1161	12394	2
仦	7 1161	12395	2
仧	8 1161	12396	2
仩	9 1161	12397	2
仯	10 1161	12398	2
仱	11 1161	12399	2
仸	12 1161	12400	2
仹	13 1161	12401	2
仾	1 1164	12402	2
伂	2 1164	12403	2
伄	3 1164	12404	2
伆	4 1164	12405	2
伇	5 1164	12406	2
伌	6 1164	12407	2
伒	7 1164	12408	2
伖	8 1164	12409	2
伥	9 1164	12410	2
伨	10 1164	12411	2
伩	11 1164	12412	2
伭	12 1164	12413	2
伮	13 1164	12414	2
伳	1 1165	12415	2
伵	2 1165	12416	2
伻	3 1165	12417	2
伿	4 1165	12418	2
佁	5 1165	12419	2
佂	6 1165	12420	2
佄	7 1165	12421	2
佅	8 1165	12422	2
佈	9 1165	12423	2
佊	10 1165	12424	2
佌	11 1165	12425	2
佒	12 1165	12426	2
佦	13 1165	12427	2
佨	1 1169	12428	2
佪	2 1169	12429	2
佫	3 1169	12430	2
佭	4 1169	12431	2
佱	5 1169	12432	2
侀	6 1169	12433	2
侅	7 1169	12434	2
侇	8 1169	12435	2
侌	9 1169	12436	2
侐	10 1169	12437	2
侓	11 1169	12438	2
侕	12 1169	12439	2
侙	13 1169	12440	2
侜	1 1170	12441	2
侞	2 1170	12442	2
侟	3 1170	12443	2
侢	4 1170	12444	2
侤	5 1170	12445	2
侰	6 1170	12446	2
侱	7 1170	12447	2
侲	8 1170	12448	2
侴	9 1170	12449	2
侷	10 1170	12450	2
侸	11 1170	12451	2
侺	12 1170	12452	2
侻	13 1170	12453	2
侽	1 1206	12454	2
侾	2 1206	12455	2
俆	3 1206	12456	2
俈	4 1206	12457	2
俕	5 1206	12458	2
俖	6 1206	12459	2
俙	7 1206	12460	2
俧	8 1206	12461	2
俬	9 1206	12462	2
俰	10 1206	12463	2
俲	11 1206	12464	2
俴	12 1206	12465	2
俷	13 1206	12466	2
俹	1 1172	12467	2
俻	2 1172	12468	2
俼	3 1172	12469	2
俿	4 1172	12470	2
倁	5 1172	12471	2
倃	6 1172	12472	2
倄	7 1172	12473	2
倇	8 1172	12474	2
倈	9 1172	12475	2
倊	10 1172	12476	2
倎	11 1172	12477	2
倐	12 1172	12478	2
倯	13 1172	12479	2
倱	1 1173	12480	2
倲	2 1173	12481	2
倳	3 1173	12482	2
倴	4 1173	12483	2
倵	5 1173	12484	2
倸	6 1173	12485	2
倽	7 1173	12486	2
倿	8 1173	12487	2
偂	9 1173	12488	2
偄	10 1173	12489	2
偅	11 1173	12490	2
偋	12 1173	12491	2
偑	13 1173	12492	2
偔	1 1174	12493	2
偖	2 1174	12494	2
偗	3 1174	12495	2
偘	4 1174	12496	2
偙	5 1174	12497	2
偛	6 1174	12498	2
偝	7 1174	12499	2
偞	8 1174	12500	2
偟	9 1174	12501	2
偠	10 1174	12502	2
偡	11 1174	12503	2
偢	12 1174	12504	2
偣	13 1174	12505	2
偤	1 1175	12506	2
偦	2 1175	12507	2
偧	3 1175	12508	2
偨	4 1175	12509	2
偩	5 1175	12510	2
偫	6 1175	12511	2
偮	7 1175	12512	2
偯	8 1175	12513	2
偱	9 1175	12514	2
偳	10 1175	12515	2
偹	11 1175	12516	2
偺	12 1175	12517	2
偼	13 1175	12518	2
傁	1 1178	12519	2
傂	2 1178	12520	2
傄	3 1178	12521	2
傆	4 1178	12522	2
傇	5 1178	12523	2
傋	6 1178	12524	2
傌	7 1178	12525	2
傎	8 1178	12526	2
傏	9 1178	12527	2
傐	10 1178	12528	2
傗	11 1178	12529	2
傝	12 1178	12530	2
傞	13 1178	12531	2
傟	1 1179	12532	2
傠	2 1179	12533	2
傡	3 1179	12534	2
傢	4 1179	12535	2
傤	5 1179	12536	2
傦	6 1179	12537	2
傫	7 1179	12538	2
傮	8 1179	12539	2
傯	9 1179	12540	2
傰	10 1179	12541	2
傱	11 1179	12542	2
傴	12 1179	12543	2
傶	13 1179	12544	2
傸	1 1183	12545	2
傹	2 1183	12546	2
傼	3 1183	12547	2
傽	4 1183	12548	2
傿	5 1183	12549	2
僀	6 1183	12550	2
僁	7 1183	12551	2
僃	8 1183	12552	2
僄	9 1183	12553	2
僆	10 1183	12554	2
僈	11 1183	12555	2
僋	12 1183	12556	2
僌	13 1183	12557	2
僒	1 1184	12558	2
僗	2 1184	12559	2
僝	3 1184	12560	2
僞	4 1184	12561	2
僟	5 1184	12562	2
僠	6 1184	12563	2
僢	7 1184	12564	2
僤	8 1184	12565	2
僨	9 1184	12566	2
僪	10 1184	12567	2
僫	11 1184	12568	2
僯	12 1184	12569	2
僶	13 1184	12570	2
僷	1 1186	12571	2
僸	2 1186	12572	2
僼	3 1186	12573	2
僽	4 1186	12574	2
僿	5 1186	12575	2
儃	6 1186	12576	2
儅	7 1186	12577	2
儉	8 1186	12578	2
儊	9 1186	12579	2
儌	10 1186	12580	2
儎	11 1186	12581	2
儑	12 1186	12582	2
儓	13 1186	12583	2
儕	1 1217	12584	2
儖	2 1217	12585	2
儙	3 1217	12586	2
儛	4 1217	12587	2
儜	5 1217	12588	2
儝	6 1217	12589	2
儞	7 1217	12590	2
儠	8 1217	12591	2
儢	9 1217	12592	2
儣	10 1217	12593	2
儤	11 1217	12594	2
儥	12 1217	12595	2
儧	13 1217	12596	2
儨	1 1187	12597	2
儩	2 1187	12598	2
儫	3 1187	12599	2
儬	4 1187	12600	2
儭	5 1187	12601	2
儯	6 1187	12602	2
儰	7 1187	12603	2
儱	8 1187	12604	2
儳	9 1187	12605	2
儶	10 1187	12606	2
儹	11 1187	12607	2
儻	12 1187	12608	2
儽	13 1187	12609	2
儾	1 1188	12610	2
兂	2 1188	12611	2
兏	3 1188	12612	2
兓	4 1188	12613	2
兘	5 1188	12614	2
兙	6 1188	12615	2
兛	7 1188	12616	2
兝	8 1188	12617	2
兞	9 1188	12618	2
兟	10 1188	12619	2
兠	11 1188	12620	2
兡	12 1188	12621	2
兣	13 1188	12622	2
兤	1 1192	12623	2
兦	2 1192	12624	2
兯	3 1192	12625	2
兺	4 1192	12626	2
兾	5 1192	12627	2
冁	6 1192	12628	2
冎	7 1192	12629	2
冐	8 1192	12630	2
冔	9 1192	12631	2
冘	10 1192	12632	2
冞	11 1192	12633	2
冟	12 1192	12634	2
冡	13 1192	12635	2
冣	1 1197	12636	2
冭	2 1197	12637	2
冸	3 1197	12638	2
冹	4 1197	12639	2
冺	5 1197	12640	2
冾	6 1197	12641	2
冿	7 1197	12642	2
凁	8 1197	12643	2
凂	9 1197	12644	2
凅	10 1197	12645	2
凈	11 1197	12646	2
凊	12 1197	12647	2
凎	13 1197	12648	2
凐	1 1196	12649	2
凒	2 1196	12650	2
凓	3 1196	12651	2
凔	4 1196	12652	2
凕	5 1196	12653	2
凗	6 1196	12654	2
凘	7 1196	12655	2
凙	8 1196	12656	2
凚	9 1196	12657	2
凟	10 1196	12658	2
凢	11 1196	12659	2
凣	12 1196	12660	2
凥	13 1196	12661	2
凨	1 1198	12662	2
凬	2 1198	12663	2
凲	3 1198	12664	2
凴	4 1198	12665	2
凷	5 1198	12666	2
刅	6 1198	12667	2
刉	7 1198	12668	2
刌	8 1198	12669	2
刏	9 1198	12670	2
刐	10 1198	12671	2
刔	11 1198	12672	2
刜	12 1198	12673	2
刞	13 1198	12674	2
刟	1 1199	12675	2
刡	2 1199	12676	2
刢	3 1199	12677	2
刣	4 1199	12678	2
刦	5 1199	12679	2
刱	6 1199	12680	2
刲	7 1199	12681	2
刴	8 1199	12682	2
刵	9 1199	12683	2
刾	10 1199	12684	2
剆	11 1199	12685	2
剈	12 1199	12686	2
剎	13 1199	12687	2
剓	1 1201	12688	2
剘	2 1201	12689	2
剙	3 1201	12690	2
剚	4 1201	12691	2
剠	5 1201	12692	2
剦	6 1201	12693	2
剨	7 1201	12694	2
剫	8 1201	12695	2
剬	9 1201	12696	2
剭	10 1201	12697	2
剮	11 1201	12698	2
剴	12 1201	12699	2
剶	13 1201	12700	2
剷	1 1202	12701	2
剸	2 1202	12702	2
剹	3 1202	12703	2
剺	4 1202	12704	2
剻	5 1202	12705	2
剼	6 1202	12706	2
剾	7 1202	12707	2
劀	8 1202	12708	2
劅	9 1202	12709	2
劆	10 1202	12710	2
劊	11 1202	12711	2
劎	12 1202	12712	2
劐	13 1202	12713	2
劑	1 1203	12714	2
劕	2 1203	12715	2
劖	3 1203	12716	2
劗	4 1203	12717	2
劘	5 1203	12718	2
劙	6 1203	12719	2
劚	7 1203	12720	2
劜	8 1203	12721	2
劤	9 1203	12722	2
劥	10 1203	12723	2
劧	11 1203	12724	2
劮	12 1203	12725	2
劯	13 1203	12726	2
劰	1 1204	12727	2
劶	2 1204	12728	2
劷	3 1204	12729	2
劸	4 1204	12730	2
劺	5 1204	12731	2
劽	6 1204	12732	2
勀	7 1204	12733	2
勂	8 1204	12734	2
勄	9 1204	12735	2
勆	10 1204	12736	2
勈	11 1204	12737	2
勊	12 1204	12738	2
勌	13 1204	12739	2
勎	1 1205	12740	2
勏	2 1205	12741	2
勓	3 1205	12742	2
勚	4 1205	12743	2
勜	5 1205	12744	2
勡	6 1205	12745	2
勥	7 1205	12746	2
勨	8 1205	12747	2
勩	9 1205	12748	2
勪	10 1205	12749	2
勬	11 1205	12750	2
勯	12 1205	12751	2
勴	13 1205	12752	2
勶	1 1207	12753	2
勷	2 1207	12754	2
勼	3 1207	12755	2
勽	4 1207	12756	2
匃	5 1207	12757	2
匇	6 1207	12758	2
匉	7 1207	12759	2
匊	8 1207	12760	2
匌	9 1207	12761	2
匎	10 1207	12762	2
匑	11 1207	12763	2
匒	12 1207	12764	2
匓	13 1207	12765	2
匔	1 1218	12766	2
匘	2 1218	12767	2
匛	3 1218	12768	2
匞	4 1218	12769	2
匟	5 1218	12770	2
匢	6 1218	12771	2
匥	7 1218	12772	2
匧	8 1218	12773	2
匨	9 1218	12774	2
匩	10 1218	12775	2
匫	11 1218	12776	2
匭	12 1218	12777	2
匰	13 1218	12778	2
匳	1 1209	12779	2
匴	2 1209	12780	2
匵	3 1209	12781	2
匶	4 1209	12782	2
匷	5 1209	12783	2
卂	6 1209	12784	2
卄	7 1209	12785	2
卆	8 1209	12786	2
卋	9 1209	12787	2
卙	10 1209	12788	2
卛	11 1209	12789	2
卝	12 1209	12790	2
卥	13 1209	12791	2
卪	1 1233	12792	2
卲	2 1233	12793	2
卶	3 1233	12794	2
卹	4 1233	12795	2
卼	5 1233	12796	2
卽	6 1233	12797	2
厀	7 1233	12798	2
厁	8 1233	12799	2
厃	9 1233	12800	2
厇	10 1233	12801	2
厈	11 1233	12802	2
厊	12 1233	12803	2
厏	13 1233	12804	2
厑	1 1211	12805	2
厒	2 1211	12806	2
厗	3 1211	12807	2
厛	4 1211	12808	2
厜	5 1211	12809	2
厞	6 1211	12810	2
厤	7 1211	12811	2
厧	8 1211	12812	2
厪	9 1211	12813	2
厬	10 1211	12814	2
厯	11 1211	12815	2
厱	12 1211	12816	2
厴	13 1211	12817	2
厵	1 1212	12818	2
厸	2 1212	12819	2
厺	3 1212	12820	2
厼	4 1212	12821	2
厽	5 1212	12822	2
厾	6 1212	12823	2
叀	7 1212	12824	2
叄	8 1212	12825	2
叅	9 1212	12826	2
叇	10 1212	12827	2
叏	11 1212	12828	2
叐	12 1212	12829	2
叓	13 1212	12830	2
叜	1 1213	12831	2
叝	2 1213	12832	2
叞	3 1213	12833	2
叴	4 1213	12834	2
叾	5 1213	12835	2
吀	6 1213	12836	2
吂	7 1213	12837	2
吇	8 1213	12838	2
吘	9 1213	12839	2
吙	10 1213	12840	2
吚	11 1213	12841	2
吜	12 1213	12842	2
吢	13 1213	12843	2
吤	1 1221	12844	2
吪	2 1221	12845	2
吰	3 1221	12846	2
吷	4 1221	12847	2
吺	5 1221	12848	2
呁	6 1221	12849	2
呄	7 1221	12850	2
呅	8 1221	12851	2
呇	9 1221	12852	2
呏	10 1221	12853	2
呚	11 1221	12854	2
呝	12 1221	12855	2
呞	13 1221	12856	2
呡	1 1222	12857	2
呥	2 1222	12858	2
呧	3 1222	12859	2
呩	4 1222	12860	2
呮	5 1222	12861	2
呹	6 1222	12862	2
呺	7 1222	12863	2
呿	8 1222	12864	2
咃	9 1222	12865	2
咅	10 1222	12866	2
咈	11 1222	12867	2
咉	12 1222	12868	2
咊	13 1222	12869	2
咑	1 1227	12870	2
咓	2 1227	12871	2
咜	3 1227	12872	2
咞	4 1227	12873	2
咟	5 1227	12874	2
咠	6 1227	12875	2
咡	7 1227	12876	2
咮	8 1227	12877	2
咰	9 1227	12878	2
咶	10 1227	12879	2
咹	11 1227	12880	2
咼	12 1227	12881	2
哃	13 1227	12882	2
哅	1 1223	12883	2
哊	2 1223	12884	2
哘	3 1223	12885	2
哛	4 1223	12886	2
哠	5 1223	12887	2
哣	6 1223	12888	2
哤	7 1223	12889	2
哫	8 1223	12890	2
哬	9 1223	12891	2
哯	10 1223	12892	2
哰	11 1223	12893	2
哴	12 1223	12894	2
哵	13 1223	12895	2
哶	1 1226	12896	2
哷	2 1226	12897	2
哸	3 1226	12898	2
哹	4 1226	12899	2
哻	5 1226	12900	2
哾	6 1226	12901	2
唀	7 1226	12902	2
唅	8 1226	12903	2
唈	9 1226	12904	2
唋	10 1226	12905	2
唌	11 1226	12906	2
唍	12 1226	12907	2
唒	13 1226	12908	2
唓	1 5 91	12909	2
唕	2 5 91	12910	2
唗	3 5 91	12911	2
唙	4 5 91	12912	2
唚	5 5 91	12913	2
唝	6 5 91	12914	2
唟	7 5 91	12915	2
唡	8 5 91	12916	2
唢	9 5 91	12917	2
唣	10 5 91	12918	2
唥	11 5 91	12919	2
唨	12 5 91	12920	2
唩	13 5 91	12921	2
唲	1 1230	12922	2
唴	2 1230	12923	2
唶	3 1230	12924	2
唺	4 1230	12925	2
唽	5 1230	12926	2
啂	6 1230	12927	2
啅	7 1230	12928	2
啇	8 1230	12929	2
啈	9 1230	12930	2
啌	10 1230	12931	2
啍	11 1230	12932	2
啎	12 1230	12933	2
啑	13 1230	12934	2
啒	1 1229	12935	2
啔	2 1229	12936	2
啕	3 1229	12937	2
啗	4 1229	12938	2
啘	5 1229	12939	2
啙	6 1229	12940	2
啚	7 1229	12941	2
啛	8 1229	12942	2
啝	9 1229	12943	2
啢	10 1229	12944	2
啨	11 1229	12945	2
啩	12 1229	12946	2
啳	13 1229	12947	2
啺	1 1236	12948	2
啽	2 1236	12949	2
啿	3 1236	12950	2
喅	4 1236	12951	2
喌	5 1236	12952	2
喍	6 1236	12953	2
喎	7 1236	12954	2
喐	8 1236	12955	2
喒	9 1236	12956	2
喓	10 1236	12957	2
喕	11 1236	12958	2
喖	12 1236	12959	2
喗	13 1236	12960	2
喛	1 1231	12961	2
喠	2 1231	12962	2
喡	3 1231	12963	2
喢	4 1231	12964	2
喣	5 1231	12965	2
喤	6 1231	12966	2
喥	7 1231	12967	2
喭	8 1231	12968	2
喯	9 1231	12969	2
喲	10 1231	12970	2
喴	11 1231	12971	2
喸	12 1231	12972	2
喿	13 1231	12973	2
嗀	1 1238	12974	2
嗁	2 1238	12975	2
嗂	3 1238	12976	2
嗃	4 1238	12977	2
嗆	5 1238	12978	2
嗈	6 1238	12979	2
嗊	7 1238	12980	2
嗋	8 1238	12981	2
嗕	9 1238	12982	2
嗗	10 1238	12983	2
嗘	11 1238	12984	2
嗠	12 1238	12985	2
嗧	13 1238	12986	2
嗩	1 1235	12987	2
嗭	2 1235	12988	2
嗮	3 1235	12989	2
嗰	4 1235	12990	2
嗴	5 1235	12991	2
嗺	6 1235	12992	2
嗼	7 1235	12993	2
嗿	8 1235	12994	2
嘂	9 1235	12995	2
嘃	10 1235	12996	2
嘄	11 1235	12997	2
嘇	12 1235	12998	2
嘊	13 1235	12999	2
嘋	1 1239	13000	2
嘍	2 1239	13001	2
嘐	3 1239	13002	2
嘑	4 1239	13003	2
嘒	5 1239	13004	2
嘓	6 1239	13005	2
嘕	7 1239	13006	2
嘙	8 1239	13007	2
嘜	9 1239	13008	2
嘝	10 1239	13009	2
嘠	11 1239	13010	2
嘡	12 1239	13011	2
嘦	13 1239	13012	2
嘨	1 1240	13013	2
嘪	2 1240	13014	2
嘫	3 1240	13015	2
嘮	4 1240	13016	2
嘰	5 1240	13017	2
嘳	6 1240	13018	2
嘵	7 1240	13019	2
嘷	8 1240	13020	2
嘺	9 1240	13021	2
嘼	10 1240	13022	2
嘽	11 1240	13023	2
嘾	12 1240	13024	2
噀	13 1240	13025	2
噁	1 1243	13026	2
噃	2 1243	13027	2
噄	3 1243	13028	2
噅	4 1243	13029	2
噆	5 1243	13030	2
噇	6 1243	13031	2
噈	7 1243	13032	2
噊	8 1243	13033	2
噋	9 1243	13034	2
噐	10 1243	13035	2
噑	11 1243	13036	2
噒	12 1243	13037	2
噕	13 1243	13038	2
噖	1 1241	13039	2
噚	2 1241	13040	2
噝	3 1241	13041	2
噞	4 1241	13042	2
噟	5 1241	13043	2
噡	6 1241	13044	2
噣	7 1241	13045	2
噥	8 1241	13046	2
噧	9 1241	13047	2
噭	10 1241	13048	2
噮	11 1241	13049	2
噰	12 1241	13050	2
噳	13 1241	13051	2
噵	1 1246	13052	2
噹	2 1246	13053	2
噽	3 1246	13054	2
噾	4 1246	13055	2
噿	5 1246	13056	2
嚀	6 1246	13057	2
嚁	7 1246	13058	2
嚂	8 1246	13059	2
嚃	9 1246	13060	2
嚄	10 1246	13061	2
嚉	11 1246	13062	2
嚊	12 1246	13063	2
嚋	13 1246	13064	2
嚌	1 1244	13065	2
嚍	2 1244	13066	2
嚑	3 1244	13067	2
嚔	4 1244	13068	2
嚕	5 1244	13069	2
嚖	6 1244	13070	2
嚘	7 1244	13071	2
嚚	8 1244	13072	2
嚛	9 1244	13073	2
嚝	10 1244	13074	2
嚞	11 1244	13075	2
嚠	12 1244	13076	2
嚡	13 1244	13077	2
嚦	1 1245	13078	2
嚨	2 1245	13079	2
嚪	3 1245	13080	2
嚰	4 1245	13081	2
嚱	5 1245	13082	2
嚲	6 1245	13083	2
嚵	7 1245	13084	2
嚸	8 1245	13085	2
嚹	9 1245	13086	2
嚺	10 1245	13087	2
嚻	11 1245	13088	2
嚽	12 1245	13089	2
嚾	13 1245	13090	2
嚿	1 1248	13091	2
囄	2 1248	13092	2
囅	3 1248	13093	2
囆	4 1248	13094	2
囇	5 1248	13095	2
囋	6 1248	13096	2
囌	7 1248	13097	2
囏	8 1248	13098	2
囑	9 1248	13099	2
囒	10 1248	13100	2
囔	11 1248	13101	2
囕	12 1248	13102	2
囙	13 1248	13103	2
囜	1 1253	13104	2
囨	2 1253	13105	2
囪	3 1253	13106	2
囬	4 1253	13107	2
囸	5 1253	13108	2
囻	6 1253	13109	2
囼	7 1253	13110	2
圁	8 1253	13111	2
圂	9 1253	13112	2
圄	10 1253	13113	2
圅	11 1253	13114	2
圇	12 1253	13115	2
圊	13 1253	13116	2
圎	1 1254	13117	2
圐	2 1254	13118	2
圑	3 1254	13119	2
圔	4 1254	13120	2
圕	5 1254	13121	2
圗	6 1254	13122	2
圙	7 1254	13123	2
圚	8 1254	13124	2
圛	9 1254	13125	2
圝	10 1254	13126	2
圞	11 1254	13127	2
圠	12 1254	13128	2
圢	13 1254	13129	2
圤	1 1258	13130	2
圥	2 1258	13131	2
圱	3 1258	13132	2
圵	4 1258	13133	2
圶	5 1258	13134	2
圸	6 1258	13135	2
圼	7 1258	13136	2
圽	8 1258	13137	2
圿	9 1258	13138	2
坁	10 1258	13139	2
坃	11 1258	13140	2
坄	12 1258	13141	2
坆	13 1258	13142	2
坈	1 1259	13143	2
坉	2 1259	13144	2
坓	3 1259	13145	2
坕	4 1259	13146	2
坖	5 1259	13147	2
坘	6 1259	13148	2
坙	7 1259	13149	2
坣	8 1259	13150	2
坥	9 1259	13151	2
坬	10 1259	13152	2
坱	11 1259	13153	2
坲	12 1259	13154	2
坴	13 1259	13155	2
坸	1 1261	13156	2
坹	2 1261	13157	2
坺	3 1261	13158	2
坽	4 1261	13159	2
坾	5 1261	13160	2
垀	6 1261	13161	2
垁	7 1261	13162	2
垉	8 1261	13163	2
垊	9 1261	13164	2
垎	10 1261	13165	2
垏	11 1261	13166	2
垑	12 1261	13167	2
垔	13 1261	13168	2
垖	1 1263	13169	2
垗	2 1263	13170	2
垘	3 1263	13171	2
垞	4 1263	13172	2
垥	5 1263	13173	2
垨	6 1263	13174	2
垷	7 1263	13175	2
垹	8 1263	13176	2
垺	9 1263	13177	2
垼	10 1263	13178	2
垽	11 1263	13179	2
垾	12 1263	13180	2
垿	13 1263	13181	2
埁	1 1264	13182	2
埄	2 1264	13183	2
埉	3 1264	13184	2
埊	4 1264	13185	2
埍	5 1264	13186	2
埐	6 1264	13187	2
埑	7 1264	13188	2
埛	8 1264	13189	2
埞	9 1264	13190	2
埡	10 1264	13191	2
埨	11 1264	13192	2
埩	12 1264	13193	2
埪	13 1264	13194	2
埫	1 1265	13195	2
埬	2 1265	13196	2
埱	3 1265	13197	2
埲	4 1265	13198	2
埾	5 1265	13199	2
堁	6 1265	13200	2
堄	7 1265	13201	2
堏	8 1265	13202	2
堐	9 1265	13203	2
堒	10 1265	13204	2
堓	11 1265	13205	2
堔	12 1265	13206	2
堖	13 1265	13207	2
堗	1 1266	13208	2
堘	2 1266	13209	2
堚	3 1266	13210	2
堟	4 1266	13211	2
堦	5 1266	13212	2
堧	6 1266	13213	2
堩	7 1266	13214	2
堫	8 1266	13215	2
堬	9 1266	13216	2
堭	10 1266	13217	2
堮	11 1266	13218	2
堲	12 1266	13219	2
堳	13 1266	13220	2
堶	1 1267	13221	2
堷	2 1267	13222	2
堸	3 1267	13223	2
堹	4 1267	13224	2
堻	5 1267	13225	2
堼	6 1267	13226	2
堽	7 1267	13227	2
堾	8 1267	13228	2
塂	9 1267	13229	2
塃	10 1267	13230	2
塇	11 1267	13231	2
塈	12 1267	13232	2
塉	13 1267	13233	2
塎	1 1268	13234	2
塏	2 1268	13235	2
塐	3 1268	13236	2
塓	4 1268	13237	2
塕	5 1268	13238	2
塖	6 1268	13239	2
塛	7 1268	13240	2
塜	8 1268	13241	2
塝	9 1268	13242	2
塟	10 1268	13243	2
塣	11 1268	13244	2
塤	12 1268	13245	2
塥	13 1268	13246	2
塦	1 1270	13247	2
塧	2 1270	13248	2
塪	3 1270	13249	2
塮	4 1270	13250	2
塳	5 1270	13251	2
塴	6 1270	13252	2
塶	7 1270	13253	2
塷	8 1270	13254	2
塸	9 1270	13255	2
塺	10 1270	13256	2
塻	11 1270	13257	2
墂	12 1270	13258	2
墄	13 1270	13259	2
墆	1 1275	13260	2
墇	2 1275	13261	2
墈	3 1275	13262	2
墋	4 1275	13263	2
墌	5 1275	13264	2
墍	6 1275	13265	2
墏	7 1275	13266	2
墐	8 1275	13267	2
墑	9 1275	13268	2
墛	10 1275	13269	2
墝	11 1275	13270	2
墢	12 1275	13271	2
墤	13 1275	13272	2
墥	1 1271	13273	2
墧	2 1271	13274	2
墪	3 1271	13275	2
墫	4 1271	13276	2
墮	5 1271	13277	2
墯	6 1271	13278	2
墰	7 1271	13279	2
墱	8 1271	13280	2
墴	9 1271	13281	2
墵	10 1271	13282	2
墶	11 1271	13283	2
墷	12 1271	13284	2
墸	13 1271	13285	2
墹	1 1272	13286	2
墽	2 1272	13287	2
壀	3 1272	13288	2
壃	4 1272	13289	2
壈	5 1272	13290	2
壉	6 1272	13291	2
壋	7 1272	13292	2
壍	8 1272	13293	2
壏	9 1272	13294	2
壔	10 1272	13295	2
壖	11 1272	13296	2
壚	12 1272	13297	2
壛	13 1272	13298	2
壝	1 1277	13299	2
壣	2 1277	13300	2
壥	3 1277	13301	2
壦	4 1277	13302	2
壧	5 1277	13303	2
壨	6 1277	13304	2
壪	7 1277	13305	2
壭	8 1277	13306	2
壴	9 1277	13307	2
壵	10 1277	13308	2
壿	11 1277	13309	2
夁	12 1277	13310	2
夃	13 1277	13311	2
夅	1 1279	13312	2
夈	2 1279	13313	2
夑	3 1279	13314	2
夒	4 1279	13315	2
夗	5 1279	13316	2
夝	6 1279	13317	2
夞	7 1279	13318	2
夠	8 1279	13319	2
夡	9 1279	13320	2
夣	10 1279	13321	2
夦	11 1279	13322	2
夰	12 1279	13323	2
夳	13 1279	13324	2
夵	1 1274	13325	2
夶	2 1274	13326	2
夻	3 1274	13327	2
夽	4 1274	13328	2
夿	5 1274	13329	2
奃	6 1274	13330	2
奅	7 1274	13331	2
奆	8 1274	13332	2
奊	9 1274	13333	2
奍	10 1274	13334	2
奒	11 1274	13335	2
奙	12 1274	13336	2
奛	13 1274	13337	2
奜	1 1276	13338	2
奞	2 1276	13339	2
奟	3 1276	13340	2
奣	4 1276	13341	2
奤	5 1276	13342	2
奦	6 1276	13343	2
奩	7 1276	13344	2
奰	8 1276	13345	2
奺	9 1276	13346	2
奻	10 1276	13347	2
奼	11 1276	13348	2
奾	12 1276	13349	2
奿	13 1276	13350	2
妀	1 1278	13351	2
妉	2 1278	13352	2
妋	3 1278	13353	2
妎	4 1278	13354	2
妐	5 1278	13355	2
妑	6 1278	13356	2
妔	7 1278	13357	2
妕	8 1278	13358	2
妚	9 1278	13359	2
妜	10 1278	13360	2
妟	11 1278	13361	2
妡	12 1278	13362	2
妢	13 1278	13363	2
妦	1 1281	13364	2
妭	2 1281	13365	2
妰	3 1281	13366	2
妴	4 1281	13367	2
妵	5 1281	13368	2
妶	6 1281	13369	2
妷	7 1281	13370	2
妼	8 1281	13371	2
妽	9 1281	13372	2
妿	10 1281	13373	2
姀	11 1281	13374	2
姂	12 1281	13375	2
姄	13 1281	13376	2
姅	1 1287	13377	2
姇	2 1287	13378	2
姎	3 1287	13379	2
姏	4 1287	13380	2
姕	5 1287	13381	2
姖	6 1287	13382	2
姛	7 1287	13383	2
姟	8 1287	13384	2
姠	9 1287	13385	2
姡	10 1287	13386	2
姢	11 1287	13387	2
姧	12 1287	13388	2
姩	13 1287	13389	2
姭	1 1283	13390	2
姯	2 1283	13391	2
姰	3 1283	13392	2
姱	4 1283	13393	2
姲	5 1283	13394	2
姳	6 1283	13395	2
姴	7 1283	13396	2
姷	8 1283	13397	2
姺	9 1283	13398	2
姼	10 1283	13399	2
姾	11 1283	13400	2
娊	12 1283	13401	2
娋	13 1283	13402	2
娎	1 1285	13403	2
娏	2 1285	13404	2
娐	3 1285	13405	2
娔	4 1285	13406	2
娕	5 1285	13407	2
娙	6 1285	13408	2
娝	7 1285	13409	2
娞	8 1285	13410	2
娤	9 1285	13411	2
娧	10 1285	13412	2
娨	11 1285	13413	2
娪	12 1285	13414	2
娫	13 1285	13415	2
娬	1 1302	13416	2
娭	2 1302	13417	2
娮	3 1302	13418	2
娳	4 1302	13419	2
娵	5 1302	13420	2
娷	6 1302	13421	2
娹	7 1302	13422	2
娺	8 1302	13423	2
娻	9 1302	13424	2
娽	10 1302	13425	2
娾	11 1302	13426	2
娿	12 1302	13427	2
婅	13 1302	13428	2
婈	1 1292	13429	2
婋	2 1292	13430	2
婎	3 1292	13431	2
婏	4 1292	13432	2
婐	5 1292	13433	2
婑	6 1292	13434	2
婒	7 1292	13435	2
婔	8 1292	13436	2
婘	9 1292	13437	2
婙	10 1292	13438	2
婛	11 1292	13439	2
婜	12 1292	13440	2
婝	13 1292	13441	2
婟	1 1291	13442	2
婠	2 1291	13443	2
婡	3 1291	13444	2
婣	4 1291	13445	2
婤	5 1291	13446	2
婨	6 1291	13447	2
婩	7 1291	13448	2
婫	8 1291	13449	2
婮	9 1291	13450	2
婯	10 1291	13451	2
婰	11 1291	13452	2
婱	12 1291	13453	2
婲	13 1291	13454	2
婸	1 1294	13455	2
婹	2 1294	13456	2
婻	3 1294	13457	2
婽	4 1294	13458	2
婾	5 1294	13459	2
媀	6 1294	13460	2
媂	7 1294	13461	2
媃	8 1294	13462	2
媅	9 1294	13463	2
媆	10 1294	13464	2
媇	11 1294	13465	2
媈	12 1294	13466	2
媊	13 1294	13467	2
媌	1 1309	13468	2
媍	2 1309	13469	2
媏	3 1309	13470	2
媐	4 1309	13471	2
媑	5 1309	13472	2
媔	6 1309	13473	2
媕	7 1309	13474	2
媗	8 1309	13475	2
媘	9 1309	13476	2
媙	10 1309	13477	2
媝	11 1309	13478	2
媟	12 1309	13479	2
媡	13 1309	13480	2
媢	1 1307	13481	2
媤	2 1307	13482	2
媥	3 1307	13483	2
媦	4 1307	13484	2
媨	5 1307	13485	2
媩	6 1307	13486	2
媫	7 1307	13487	2
媬	8 1307	13488	2
媭	9 1307	13489	2
媮	10 1307	13490	2
媰	11 1307	13491	2
媴	12 1307	13492	2
媶	13 1307	13493	2
媹	1 1306	13494	2
媻	2 1306	13495	2
嫃	3 1306	13496	2
嫅	4 1306	13497	2
嫆	5 1306	13498	2
嫇	6 1306	13499	2
嫊	7 1306	13500	2
嫍	8 1306	13501	2
嫎	9 1306	13502	2
嫏	10 1306	13503	2
嫓	11 1306	13504	2
嫕	12 1306	13505	2
嫛	13 1306	13506	2
嫝	1 1308	13507	2
嫞	2 1308	13508	2
嫟	3 1308	13509	2
嫢	4 1308	13510	2
嫧	5 1308	13511	2
嫨	6 1308	13512	2
嫬	7 1308	13513	2
嫭	8 1308	13514	2
嫴	9 1308	13515	2
嫵	10 1308	13516	2
嫶	11 1308	13517	2
嫷	12 1308	13518	2
嫸	13 1308	13519	2
嫹	1 1310	13520	2
嫼	2 1310	13521	2
嫽	3 1310	13522	2
嫿	4 1310	13523	2
嬂	5 1310	13524	2
嬄	6 1310	13525	2
嬆	7 1310	13526	2
嬇	8 1310	13527	2
嬈	9 1310	13528	2
嬊	10 1310	13529	2
嬍	11 1310	13530	2
嬏	12 1310	13531	2
嬐	13 1310	13532	2
嬑	1 1312	13533	2
嬒	2 1312	13534	2
嬓	3 1312	13535	2
嬔	4 1312	13536	2
嬕	5 1312	13537	2
嬘	6 1312	13538	2
嬚	7 1312	13539	2
嬜	8 1312	13540	2
嬞	9 1312	13541	2
嬟	10 1312	13542	2
嬠	11 1312	13543	2
嬡	12 1312	13544	2
嬣	13 1312	13545	2
嬦	1 1332	13546	2
嬧	2 1332	13547	2
嬩	3 1332	13548	2
嬮	4 1332	13549	2
嬯	5 1332	13550	2
嬱	6 1332	13551	2
嬳	7 1332	13552	2
嬵	8 1332	13553	2
嬸	9 1332	13554	2
嬹	10 1332	13555	2
嬺	11 1332	13556	2
嬻	12 1332	13557	2
嬼	13 1332	13558	2
嬽	1 1317	13559	2
孂	2 1317	13560	2
孄	3 1317	13561	2
孅	4 1317	13562	2
孆	5 1317	13563	2
孇	6 1317	13564	2
孈	7 1317	13565	2
孉	8 1317	13566	2
孊	9 1317	13567	2
孋	10 1317	13568	2
孌	11 1317	13569	2
孍	12 1317	13570	2
孎	13 1317	13571	2
孏	1 1319	13572	2
孠	2 1319	13573	2
孡	3 1319	13574	2
孧	4 1319	13575	2
孨	5 1319	13576	2
孯	6 1319	13577	2
孲	7 1319	13578	2
孶	8 1319	13579	2
孷	9 1319	13580	2
孹	10 1319	13581	2
孻	11 1319	13582	2
孾	12 1319	13583	2
孿	13 1319	13584	2
宂	1 1322	13585	2
宆	2 1322	13586	2
宊	3 1322	13587	2
宎	4 1322	13588	2
宐	5 1322	13589	2
宑	6 1322	13590	2
宒	7 1322	13591	2
宔	8 1322	13592	2
宖	9 1322	13593	2
宨	10 1322	13594	2
宩	11 1322	13595	2
宯	12 1322	13596	2
宱	13 1322	13597	2
宲	1 1323	13598	2
宺	2 1323	13599	2
宻	3 1323	13600	2
宼	4 1323	13601	2
寈	5 1323	13602	2
寋	6 1323	13603	2
寍	7 1323	13604	2
寎	8 1323	13605	2
寏	9 1323	13606	2
寙	10 1323	13607	2
寠	11 1323	13608	2
寣	12 1323	13609	2
寪	13 1323	13610	2
寭	1 1324	13611	2
寱	2 1324	13612	2
寲	3 1324	13613	2
寴	4 1324	13614	2
寷	5 1324	13615	2
尀	6 1324	13616	2
尌	7 1324	13617	2
尗	8 1324	13618	2
尜	9 1324	13619	2
尠	10 1324	13620	2
尡	11 1324	13621	2
尦	12 1324	13622	2
尩	13 1324	13623	2
尫	1 1331	13624	2
尮	2 1331	13625	2
尯	3 1331	13626	2
尰	4 1331	13627	2
尲	5 1331	13628	2
尳	6 1331	13629	2
尵	7 1331	13630	2
尶	8 1331	13631	2
尷	9 1331	13632	2
屒	10 1331	13633	2
屔	11 1331	13634	2
屖	12 1331	13635	2
屗	13 1331	13636	2
屚	1 1357	13637	2
屜	2 1357	13638	2
屝	3 1357	13639	2
屟	4 1357	13640	2
屢	5 1357	13641	2
屧	6 1357	13642	2
屨	7 1357	13643	2
屩	8 1357	13644	2
屪	9 1357	13645	2
屫	10 1357	13646	2
屰	11 1357	13647	2
屲	12 1357	13648	2
屴	13 1357	13649	2
屵	1 1333	13650	2
屸	2 1333	13651	2
岃	3 1333	13652	2
岄	4 1333	13653	2
岅	5 1333	13654	2
岆	6 1333	13655	2
岇	7 1333	13656	2
岉	8 1333	13657	2
岊	9 1333	13658	2
岋	10 1333	13659	2
岎	11 1333	13660	2
岏	12 1333	13661	2
岒	13 1333	13662	2
岓	1 1335	13663	2
岝	2 1335	13664	2
岞	3 1335	13665	2
岟	4 1335	13666	2
岠	5 1335	13667	2
岤	6 1335	13668	2
岥	7 1335	13669	2
岮	8 1335	13670	2
岯	9 1335	13671	2
岰	10 1335	13672	2
岲	11 1335	13673	2
岴	12 1335	13674	2
岶	13 1335	13675	2
岹	1 1338	13676	2
岼	2 1338	13677	2
岾	3 1338	13678	2
岿	4 1338	13679	2
峀	5 1338	13680	2
峂	6 1338	13681	2
峃	7 1338	13682	2
峆	8 1338	13683	2
峈	9 1338	13684	2
峉	10 1338	13685	2
峊	11 1338	13686	2
峌	12 1338	13687	2
峍	13 1338	13688	2
峏	1 1339	13689	2
峐	2 1339	13690	2
峑	3 1339	13691	2
峓	4 1339	13692	2
峔	5 1339	13693	2
峕	6 1339	13694	2
峖	7 1339	13695	2
峗	8 1339	13696	2
峛	9 1339	13697	2
峜	10 1339	13698	2
峝	11 1339	13699	2
峞	12 1339	13700	2
峟	13 1339	13701	2
峢	1 1341	13702	2
峧	2 1341	13703	2
峫	3 1341	13704	2
峬	4 1341	13705	2
峱	5 1341	13706	2
峲	6 1341	13707	2
峳	7 1341	13708	2
峵	8 1341	13709	2
峷	9 1341	13710	2
峸	10 1341	13711	2
峹	11 1341	13712	2
峺	12 1341	13713	2
峾	13 1341	13714	2
峿	1 1345	13715	2
崅	2 1345	13716	2
崉	3 1345	13717	2
崊	4 1345	13718	2
崌	5 1345	13719	2
崏	6 1345	13720	2
崓	7 1345	13721	2
崜	8 1345	13722	2
崡	9 1345	13723	2
崢	10 1345	13724	2
崣	11 1345	13725	2
崥	12 1345	13726	2
崨	13 1345	13727	2
崪	1 1347	13728	2
崫	2 1347	13729	2
崬	3 1347	13730	2
崯	4 1347	13731	2
崰	5 1347	13732	2
崲	6 1347	13733	2
崶	7 1347	13734	2
崷	8 1347	13735	2
崸	9 1347	13736	2
崺	10 1347	13737	2
崻	11 1347	13738	2
崼	12 1347	13739	2
崿	13 1347	13740	2
嵀	1 1349	13741	2
嵁	2 1349	13742	2
嵃	3 1349	13743	2
嵄	4 1349	13744	2
嵅	5 1349	13745	2
嵈	6 1349	13746	2
嵉	7 1349	13747	2
嵍	8 1349	13748	2
嵏	9 1349	13749	2
嵑	10 1349	13750	2
嵔	11 1349	13751	2
嵗	12 1349	13752	2
嵞	13 1349	13753	2
嵟	1 1350	13754	2
嵠	2 1350	13755	2
嵡	3 1350	13756	2
嵢	4 1350	13757	2
嵣	5 1350	13758	2
嵤	6 1350	13759	2
嵥	7 1350	13760	2
嵦	8 1350	13761	2
嵧	9 1350	13762	2
嵪	10 1350	13763	2
嵭	11 1350	13764	2
嵮	12 1350	13765	2
嵰	13 1350	13766	2
嵱	1 1355	13767	2
嵲	2 1355	13768	2
嵳	3 1355	13769	2
嵶	4 1355	13770	2
嵷	5 1355	13771	2
嵸	6 1355	13772	2
嵹	7 1355	13773	2
嵺	8 1355	13774	2
嵻	9 1355	13775	2
嵼	10 1355	13776	2
嵽	11 1355	13777	2
嵾	12 1355	13778	2
嶀	13 1355	13779	2
嶁	1 1352	13780	2
嶆	2 1352	13781	2
嶇	3 1352	13782	2
嶈	4 1352	13783	2
嶉	5 1352	13784	2
嶊	6 1352	13785	2
嶎	7 1352	13786	2
嶏	8 1352	13787	2
嶑	9 1352	13788	2
嶔	10 1352	13789	2
嶕	11 1352	13790	2
嶖	12 1352	13791	2
嶘	13 1352	13792	2
嶚	1 1353	13793	2
嶛	2 1353	13794	2
嶜	3 1353	13795	2
嶞	4 1353	13796	2
嶟	5 1353	13797	2
嶡	6 1353	13798	2
嶣	7 1353	13799	2
嶤	8 1353	13800	2
嶥	9 1353	13801	2
嶨	10 1353	13802	2
嶩	11 1353	13803	2
嶪	12 1353	13804	2
嶫	13 1353	13805	2
嶭	1 1356	13806	2
嶯	2 1356	13807	2
嶰	3 1356	13808	2
嶱	4 1356	13809	2
嶳	5 1356	13810	2
嶴	6 1356	13811	2
嶵	7 1356	13812	2
嶶	8 1356	13813	2
嶻	9 1356	13814	2
嶾	10 1356	13815	2
嶿	11 1356	13816	2
巀	12 1356	13817	2
巁	13 1356	13818	2
巃	1 1379	13819	2
巄	2 1379	13820	2
巆	3 1379	13821	2
巇	4 1379	13822	2
巈	5 1379	13823	2
巊	6 1379	13824	2
巏	7 1379	13825	2
巐	8 1379	13826	2
巑	9 1379	13827	2
巔	10 1379	13828	2
巕	11 1379	13829	2
巗	12 1379	13830	2
巘	13 1379	13831	2
巚	1 1358	13832	2
巤	2 1358	13833	2
巪	3 1358	13834	2
巬	4 1358	13835	2
巭	5 1358	13836	2
巰	6 1358	13837	2
巶	7 1358	13838	2
巸	8 1358	13839	2
巹	9 1358	13840	2
巺	10 1358	13841	2
巼	11 1358	13842	2
帄	12 1358	13843	2
帇	13 1358	13844	2
帉	1 1360	13845	2
帊	2 1360	13846	2
帋	3 1360	13847	2
帎	4 1360	13848	2
帒	5 1360	13849	2
帓	6 1360	13850	2
帞	7 1360	13851	2
帟	8 1360	13852	2
帢	9 1360	13853	2
帣	10 1360	13854	2
帨	11 1360	13855	2
帩	12 1360	13856	2
帪	13 1360	13857	2
帱	1 1361	13858	2
帴	2 1361	13859	2
帵	3 1361	13860	2
帹	4 1361	13861	2
帺	5 1361	13862	2
帿	6 1361	13863	2
幁	7 1361	13864	2
幃	8 1361	13865	2
幆	9 1361	13866	2
幈	10 1361	13867	2
幉	11 1361	13868	2
幊	12 1361	13869	2
幋	13 1361	13870	2
幍	1 1366	13871	2
幎	2 1366	13872	2
幏	3 1366	13873	2
幐	4 1366	13874	2
幑	5 1366	13875	2
幒	6 1366	13876	2
幓	7 1366	13877	2
幖	8 1366	13878	2
幗	9 1366	13879	2
幘	10 1366	13880	2
幙	11 1366	13881	2
幚	12 1366	13882	2
幝	13 1366	13883	2
幠	1 1373	13884	2
幤	2 1373	13885	2
幥	3 1373	13886	2
幦	4 1373	13887	2
幧	5 1373	13888	2
幨	6 1373	13889	2
幩	7 1373	13890	2
幬	8 1373	13891	2
幭	9 1373	13892	2
幮	10 1373	13893	2
幯	11 1373	13894	2
幰	12 1373	13895	2
幱	13 1373	13896	2
庂	1 1367	13897	2
庅	2 1367	13898	2
庈	3 1367	13899	2
庉	4 1367	13900	2
庌	5 1367	13901	2
庍	6 1367	13902	2
庎	7 1367	13903	2
庘	8 1367	13904	2
庛	9 1367	13905	2
庝	10 1367	13906	2
庢	11 1367	13907	2
庩	12 1367	13908	2
庪	13 1367	13909	2
庮	1 1372	13910	2
庰	2 1372	13911	2
庱	3 1372	13912	2
庴	4 1372	13913	2
庺	5 1372	13914	2
庻	6 1372	13915	2
庼	7 1372	13916	2
庽	8 1372	13917	2
庿	9 1372	13918	2
廀	10 1372	13919	2
廁	11 1372	13920	2
廄	12 1372	13921	2
廅	13 1372	13922	2
廇	1 1370	13923	2
廍	2 1370	13924	2
廎	3 1370	13925	2
廏	4 1370	13926	2
廗	5 1370	13927	2
廘	6 1370	13928	2
廜	7 1370	13929	2
廝	8 1370	13930	2
廡	9 1370	13931	2
廤	10 1370	13932	2
廥	11 1370	13933	2
廦	12 1370	13934	2
廧	13 1370	13935	2
廫	1 1386	13936	2
廭	2 1386	13937	2
廯	3 1386	13938	2
廰	4 1386	13939	2
廲	5 1386	13940	2
廹	6 1386	13941	2
廽	7 1386	13942	2
弅	8 1386	13943	2
弆	9 1386	13944	2
弒	10 1386	13945	2
弙	11 1386	13946	2
弚	12 1386	13947	2
弜	13 1386	13948	2
弞	1 1381	13949	2
弡	2 1381	13950	2
弣	3 1381	13951	2
弤	4 1381	13952	2
弫	5 1381	13953	2
弬	6 1381	13954	2
弮	7 1381	13955	2
弲	8 1381	13956	2
弳	9 1381	13957	2
弸	10 1381	13958	2
弿	11 1381	13959	2
彂	12 1381	13960	2
彃	13 1381	13961	2
彄	1 1455	13962	2
彆	2 1455	13963	2
彇	3 1455	13964	2
彉	4 1455	13965	2
彋	5 1455	13966	2
彏	6 1455	13967	2
彞	7 1455	13968	2
彨	8 1455	13969	2
彮	9 1455	13970	2
彲	10 1455	13971	2
彵	11 1455	13972	2
彺	12 1455	13973	2
彽	13 1455	13974	2
彾	1 1391	13975	2
徆	2 1391	13976	2
徍	3 1391	13977	2
徎	4 1391	13978	2
徏	5 1391	13979	2
徔	6 1391	13980	2
徖	7 1391	13981	2
徚	8 1391	13982	2
徛	9 1391	13983	2
徝	10 1391	13984	2
徟	11 1391	13985	2
徢	12 1391	13986	2
徣	13 1391	13987	2
徤	1 1704	13988	2
徥	2 1704	13989	2
徦	3 1704	13990	2
徫	4 1704	13991	2
徰	5 1704	13992	2
徱	6 1704	13993	2
徲	7 1704	13994	2
徶	8 1704	13995	2
徺	9 1704	13996	2
徻	10 1704	13997	2
徾	11 1704	13998	2
徿	12 1704	13999	2
忀	13 1704	14000	2
忁	1 1402	14001	2
忂	2 1402	14002	2
忇	3 1402	14003	2
忈	4 1402	14004	2
忊	5 1402	14005	2
忋	6 1402	14006	2
忎	7 1402	14007	2
忚	8 1402	14008	2
忛	9 1402	14009	2
忟	10 1402	14010	2
忣	11 1402	14011	2
忥	12 1402	14012	2
忦	13 1402	14013	2
忨	1 1383	14014	2
忲	2 1383	14015	2
忴	3 1383	14016	2
忶	4 1383	14017	2
忷	5 1383	14018	2
忹	6 1383	14019	2
忺	7 1383	14020	2
忼	8 1383	14021	2
怃	9 1383	14022	2
怇	10 1383	14023	2
怈	11 1383	14024	2
怉	12 1383	14025	2
怊	13 1383	14026	2
怋	1 1384	14027	2
怌	2 1384	14028	2
怐	3 1384	14029	2
怑	4 1384	14030	2
怓	5 1384	14031	2
怗	6 1384	14032	2
怚	7 1384	14033	2
怞	8 1384	14034	2
怟	9 1384	14035	2
怢	10 1384	14036	2
怣	11 1384	14037	2
怤	12 1384	14038	2
怬	13 1384	14039	2
怭	1 1382	14040	2
怮	2 1382	14041	2
怰	3 1382	14042	2
怲	4 1382	14043	2
怴	5 1382	14044	2
怶	6 1382	14045	2
怷	7 1382	14046	2
怸	8 1382	14047	2
怽	9 1382	14048	2
怾	10 1382	14049	2
恀	11 1382	14050	2
恄	12 1382	14051	2
恈	13 1382	14052	2
恌	1 1388	14053	2
恎	2 1388	14054	2
恏	3 1388	14055	2
恑	4 1388	14056	2
恔	5 1388	14057	2
恖	6 1388	14058	2
恗	7 1388	14059	2
恘	8 1388	14060	2
恛	9 1388	14061	2
恜	10 1388	14062	2
恝	11 1388	14063	2
恞	12 1388	14064	2
恟	13 1388	14065	2
恡	1 1385	14066	2
恦	2 1385	14067	2
恱	3 1385	14068	2
恲	4 1385	14069	2
恴	5 1385	14070	2
恷	6 1385	14071	2
恹	7 1385	14072	2
恾	8 1385	14073	2
悀	9 1385	14074	2
悁	10 1385	14075	2
悂	11 1385	14076	2
悇	12 1385	14077	2
悈	13 1385	14078	2
悏	1 1390	14079	2
悐	2 1390	14080	2
悑	3 1390	14081	2
悓	4 1390	14082	2
悗	5 1390	14083	2
悘	6 1390	14084	2
悙	7 1390	14085	2
悜	8 1390	14086	2
悞	9 1390	14087	2
悡	10 1390	14088	2
悢	11 1390	14089	2
悤	12 1390	14090	2
悥	13 1390	14091	2
悵	1 1400	14092	2
悷	2 1400	14093	2
悹	3 1400	14094	2
悻	4 1400	14095	2
悽	5 1400	14096	2
悿	6 1400	14097	2
惀	7 1400	14098	2
惂	8 1400	14099	2
惃	9 1400	14100	2
惄	10 1400	14101	2
惈	11 1400	14102	2
惉	12 1400	14103	2
惌	13 1400	14104	2
惍	1 1397	14105	2
惎	2 1397	14106	2
惏	3 1397	14107	2
惐	4 1397	14108	2
惖	5 1397	14109	2
惗	6 1397	14110	2
惙	7 1397	14111	2
惝	8 1397	14112	2
惞	9 1397	14113	2
惥	10 1397	14114	2
惪	11 1397	14115	2
惵	12 1397	14116	2
惷	13 1397	14117	2
惼	1 1396	14118	2
惽	2 1396	14119	2
惾	3 1396	14120	2
惿	4 1396	14121	2
愂	5 1396	14122	2
愄	6 1396	14123	2
愅	7 1396	14124	2
愇	8 1396	14125	2
愊	9 1396	14126	2
愋	10 1396	14127	2
愌	11 1396	14128	2
愐	12 1396	14129	2
愑	13 1396	14130	2
愖	1 1398	14131	2
愗	2 1398	14132	2
愘	3 1398	14133	2
愙	4 1398	14134	2
愜	5 1398	14135	2
愝	6 1398	14136	2
愞	7 1398	14137	2
愡	8 1398	14138	2
愢	9 1398	14139	2
愥	10 1398	14140	2
愩	11 1398	14141	2
愮	12 1398	14142	2
愲	13 1398	14143	2
愳	1 1404	14144	2
愵	2 1404	14145	2
愶	3 1404	14146	2
愸	4 1404	14147	2
愹	5 1404	14148	2
愺	6 1404	14149	2
愻	7 1404	14150	2
慀	8 1404	14151	2
慁	9 1404	14152	2
慃	10 1404	14153	2
慅	11 1404	14154	2
慆	12 1404	14155	2
慉	13 1404	14156	2
慍	1 1406	14157	2
慏	2 1406	14158	2
慐	3 1406	14159	2
慒	4 1406	14160	2
慔	5 1406	14161	2
慖	6 1406	14162	2
慗	7 1406	14163	2
慛	8 1406	14164	2
慞	9 1406	14165	2
慡	10 1406	14166	2
慤	11 1406	14167	2
慦	12 1406	14168	2
慩	13 1406	14169	2
慪	1 1407	14170	2
慭	2 1407	14171	2
慯	3 1407	14172	2
慲	4 1407	14173	2
慸	5 1407	14174	2
慹	6 1407	14175	2
慺	7 1407	14176	2
慻	8 1407	14177	2
慼	9 1407	14178	2
慽	10 1407	14179	2
慿	11 1407	14180	2
憀	12 1407	14181	2
憁	13 1407	14182	2
憃	1 1410	14183	2
憄	2 1410	14184	2
憅	3 1410	14185	2
憆	4 1410	14186	2
憇	5 1410	14187	2
憈	6 1410	14188	2
憉	7 1410	14189	2
憌	8 1410	14190	2
憏	9 1410	14191	2
憒	10 1410	14192	2
憓	11 1410	14193	2
憖	12 1410	14194	2
憗	13 1410	14195	2
憛	1 1415	14196	2
憜	2 1415	14197	2
憞	3 1415	14198	2
憟	4 1415	14199	2
憠	5 1415	14200	2
憡	6 1415	14201	2
憢	7 1415	14202	2
憣	8 1415	14203	2
憥	9 1415	14204	2
憦	10 1415	14205	2
憪	11 1415	14206	2
憭	12 1415	14207	2
憰	13 1415	14208	2
憱	1 1416	14209	2
憳	2 1416	14210	2
憴	3 1416	14211	2
憵	4 1416	14212	2
憸	5 1416	14213	2
憹	6 1416	14214	2
憻	7 1416	14215	2
憼	8 1416	14216	2
憽	9 1416	14217	2
懀	10 1416	14218	2
懁	11 1416	14219	2
懄	12 1416	14220	2
懅	13 1416	14221	2
懎	1 1419	14222	2
懏	2 1419	14223	2
懓	3 1419	14224	2
懕	4 1419	14225	2
懖	5 1419	14226	2
懗	6 1419	14227	2
懘	7 1419	14228	2
懙	8 1419	14229	2
懚	9 1419	14230	2
懛	10 1419	14231	2
懜	11 1419	14232	2
懝	12 1419	14233	2
懞	13 1419	14234	2
懟	1 1420	14235	2
懠	2 1420	14236	2
懡	3 1420	14237	2
懢	4 1420	14238	2
懤	5 1420	14239	2
懧	6 1420	14240	2
懨	7 1420	14241	2
懩	8 1420	14242	2
懪	9 1420	14243	2
懫	10 1420	14244	2
懬	11 1420	14245	2
懭	12 1420	14246	2
懮	13 1420	14247	2
懯	1 1417	14248	2
懰	2 1417	14249	2
懱	3 1417	14250	2
懳	4 1417	14251	2
懹	5 1417	14252	2
懻	6 1417	14253	2
懾	7 1417	14254	2
戁	8 1417	14255	2
戂	9 1417	14256	2
戃	10 1417	14257	2
戄	11 1417	14258	2
戅	12 1417	14259	2
戉	13 1417	14260	2
戓	1 1422	14261	2
戜	2 1422	14262	2
戞	3 1422	14263	2
戤	4 1422	14264	2
戧	5 1422	14265	2
戨	6 1422	14266	2
戭	7 1422	14267	2
戱	8 1422	14268	2
戵	9 1422	14269	2
戹	10 1422	14270	2
戺	11 1422	14271	2
戼	12 1422	14272	2
扂	13 1422	14273	2
扄	1 1424	14274	2
扅	2 1424	14275	2
扊	3 1424	14276	2
扏	4 1424	14277	2
扐	5 1424	14278	2
扖	6 1424	14279	2
扗	7 1424	14280	2
扙	8 1424	14281	2
扚	9 1424	14282	2
扝	10 1424	14283	2
扟	11 1424	14284	2
扡	12 1424	14285	2
扤	13 1424	14286	2
扲	1 1428	14287	2
扴	2 1428	14288	2
扷	3 1428	14289	2
扸	4 1428	14290	2
扻	5 1428	14291	2
扽	6 1428	14292	2
抁	7 1428	14293	2
抂	8 1428	14294	2
抃	9 1428	14295	2
抈	10 1428	14296	2
抋	11 1428	14297	2
抍	12 1428	14298	2
抏	13 1428	14299	2
抐	1 1426	14300	2
抙	2 1426	14301	2
抝	3 1426	14302	2
抣	4 1426	14303	2
抧	5 1426	14304	2
抩	6 1426	14305	2
抪	7 1426	14306	2
抭	8 1426	14307	2
抮	9 1426	14308	2
抯	10 1426	14309	2
抰	11 1426	14310	2
抲	12 1426	14311	2
抴	13 1426	14312	2
抶	1 1429	14313	2
抷	2 1429	14314	2
抸	3 1429	14315	2
抾	4 1429	14316	2
拀	5 1429	14317	2
拁	6 1429	14318	2
拋	7 1429	14319	2
拕	8 1429	14320	2
拞	9 1429	14321	2
拤	10 1429	14322	2
拪	11 1429	14323	2
拰	12 1429	14324	2
拸	13 1429	14325	2
挀	1 1451	14326	2
挃	2 1451	14327	2
挄	3 1451	14328	2
挅	4 1451	14329	2
挆	5 1451	14330	2
挊	6 1451	14331	2
挋	7 1451	14332	2
挏	8 1451	14333	2
挓	9 1451	14334	2
挔	10 1451	14335	2
挕	11 1451	14336	2
挗	12 1451	14337	2
挘	13 1451	14338	2
挩	1 1430	14339	2
挭	2 1430	14340	2
挮	3 1430	14341	2
挱	4 1430	14342	2
挳	5 1430	14343	2
挵	6 1430	14344	2
挸	7 1430	14345	2
捀	8 1430	14346	2
捁	9 1430	14347	2
捈	10 1430	14348	2
捑	11 1430	14349	2
捓	12 1430	14350	2
捔	13 1430	14351	2
捖	1 1440	14352	2
捘	2 1440	14353	2
捙	3 1440	14354	2
捚	4 1440	14355	2
捛	5 1440	14356	2
捝	6 1440	14357	2
捤	7 1440	14358	2
捦	8 1440	14359	2
捪	9 1440	14360	2
捫	10 1440	14361	2
捬	11 1440	14362	2
捭	12 1440	14363	2
捰	13 1440	14364	2
捱	1 1441	14365	2
捳	2 1441	14366	2
捵	3 1441	14367	2
捸	4 1441	14368	2
捹	5 1441	14369	2
捼	6 1441	14370	2
捾	7 1441	14371	2
捿	8 1441	14372	2
掁	9 1441	14373	2
掅	10 1441	14374	2
掆	11 1441	14375	2
掋	12 1441	14376	2
掑	13 1441	14377	2
掓	1 1443	14378	2
掔	2 1443	14379	2
掕	3 1443	14380	2
掗	4 1443	14381	2
掙	5 1443	14382	2
掚	6 1443	14383	2
掜	7 1443	14384	2
掝	8 1443	14385	2
掦	9 1443	14386	2
掫	10 1443	14387	2
掯	11 1443	14388	2
掱	12 1443	14389	2
掶	13 1443	14390	2
掽	1 1444	14391	2
掿	2 1444	14392	2
揁	3 1444	14393	2
揂	4 1444	14394	2
揅	5 1444	14395	2
揇	6 1444	14396	2
揈	7 1444	14397	2
揊	8 1444	14398	2
揋	9 1444	14399	2
揌	10 1444	14400	2
揎	11 1444	14401	2
揑	12 1444	14402	2
揓	13 1444	14403	2
揔	1 1447	14404	2
揕	2 1447	14405	2
揗	3 1447	14406	2
揘	4 1447	14407	2
揙	5 1447	14408	2
揜	6 1447	14409	2
揝	7 1447	14410	2
揟	8 1447	14411	2
揠	9 1447	14412	2
揢	10 1447	14413	2
揤	11 1447	14414	2
揦	12 1447	14415	2
揧	13 1447	14416	2
揨	1 1452	14417	2
揫	2 1452	14418	2
揬	3 1452	14419	2
揯	4 1452	14420	2
揰	5 1452	14421	2
揱	6 1452	14422	2
揳	7 1452	14423	2
揻	8 1452	14424	2
揼	9 1452	14425	2
搃	10 1452	14426	2
搄	11 1452	14427	2
搇	12 1452	14428	2
搈	13 1452	14429	2
搉	1 5 100	14430	2
搊	2 5 100	14431	2
搌	3 5 100	14432	2
搎	4 5 100	14433	2
搑	5 5 100	14434	2
搒	6 5 100	14435	2
搘	7 5 100	14436	2
搙	8 5 100	14437	2
搝	9 5 100	14438	2
搟	10 5 100	14439	2
搢	11 5 100	14440	2
搤	12 5 100	14441	2
搮	13 5 100	14442	2
搯	1 1456	14443	2
搰	2 1456	14444	2
搱	3 1456	14445	2
搲	4 1456	14446	2
搳	5 1456	14447	2
搵	6 1456	14448	2
搷	7 1456	14449	2
搸	8 1456	14450	2
搹	9 1456	14451	2
搻	10 1456	14452	2
搼	11 1456	14453	2
摀	12 1456	14454	2
摉	13 1456	14455	2
摋	1 1459	14456	2
摌	2 1459	14457	2
摍	3 1459	14458	2
摏	4 1459	14459	2
摓	5 1459	14460	2
摕	6 1459	14461	2
摖	7 1459	14462	2
摗	8 1459	14463	2
摙	9 1459	14464	2
摚	10 1459	14465	2
摝	11 1459	14466	2
摟	12 1459	14467	2
摢	13 1459	14468	2
摣	1 1476	14469	2
摤	2 1476	14470	2
摦	3 1476	14471	2
摨	4 1476	14472	2
摪	5 1476	14473	2
摫	6 1476	14474	2
摬	7 1476	14475	2
摰	8 1476	14476	2
摱	9 1476	14477	2
摲	10 1476	14478	2
摳	11 1476	14479	2
摷	12 1476	14480	2
摻	13 1476	14481	2
摼	1 1466	14482	2
摾	2 1466	14483	2
摿	3 1466	14484	2
撀	4 1466	14485	2
撁	5 1466	14486	2
撆	6 1466	14487	2
撉	7 1466	14488	2
撊	8 1466	14489	2
撋	9 1466	14490	2
撌	10 1466	14491	2
撍	11 1466	14492	2
撎	12 1466	14493	2
撏	13 1466	14494	2
撔	1 1467	14495	2
撛	2 1467	14496	2
撜	3 1467	14497	2
撟	4 1467	14498	2
撠	5 1467	14499	2
撡	6 1467	14500	2
撢	7 1467	14501	2
撣	8 1467	14502	2
撦	9 1467	14503	2
撧	10 1467	14504	2
撨	11 1467	14505	2
撪	12 1467	14506	2
撯	13 1467	14507	2
撱	1 1468	14508	2
撳	2 1468	14509	2
撴	3 1468	14510	2
撶	4 1468	14511	2
撺	5 1468	14512	2
撽	6 1468	14513	2
撾	7 1468	14514	2
擃	8 1468	14515	2
擄	9 1468	14516	2
擆	10 1468	14517	2
擈	11 1468	14518	2
擉	12 1468	14519	2
擋	13 1468	14520	2
擌	1 1473	14521	2
擏	2 1473	14522	2
擑	3 1473	14523	2
擓	4 1473	14524	2
擕	5 1473	14525	2
擖	6 1473	14526	2
擙	7 1473	14527	2
擛	8 1473	14528	2
擜	9 1473	14529	2
擝	10 1473	14530	2
擟	11 1473	14531	2
擠	12 1473	14532	2
擣	13 1473	14533	2
擨	1 1475	14534	2
擩	2 1475	14535	2
擪	3 1475	14536	2
擫	4 1475	14537	2
擮	5 1475	14538	2
擯	6 1475	14539	2
擰	7 1475	14540	2
擳	8 1475	14541	2
擵	9 1475	14542	2
擷	10 1475	14543	2
擸	11 1475	14544	2
擹	12 1475	14545	2
擻	13 1475	14546	2
擼	1 1481	14547	2
攁	2 1481	14548	2
攂	3 1481	14549	2
攃	4 1481	14550	2
攅	5 1481	14551	2
攆	6 1481	14552	2
攇	7 1481	14553	2
攈	8 1481	14554	2
攊	9 1481	14555	2
攋	10 1481	14556	2
攌	11 1481	14557	2
攍	12 1481	14558	2
攎	13 1481	14559	2
攏	1 1498	14560	2
攐	2 1498	14561	2
攑	3 1498	14562	2
攓	4 1498	14563	2
攔	5 1498	14564	2
攕	6 1498	14565	2
攗	7 1498	14566	2
攙	8 1498	14567	2
攚	9 1498	14568	2
攛	10 1498	14569	2
攟	11 1498	14570	2
攠	12 1498	14571	2
攡	13 1498	14572	2
攤	1 1483	14573	2
攦	2 1483	14574	2
攧	3 1483	14575	2
攨	4 1483	14576	2
攭	5 1483	14577	2
攱	6 1483	14578	2
攲	7 1483	14579	2
攳	8 1483	14580	2
攺	9 1483	14581	2
攼	10 1483	14582	2
敀	11 1483	14583	2
敂	12 1483	14584	2
敃	13 1483	14585	2
敄	1 1484	14586	2
敆	2 1484	14587	2
敊	3 1484	14588	2
敋	4 1484	14589	2
敐	5 1484	14590	2
敓	6 1484	14591	2
敚	7 1484	14592	2
敜	8 1484	14593	2
敟	9 1484	14594	2
敠	10 1484	14595	2
敡	11 1484	14596	2
敥	12 1484	14597	2
敧	13 1484	14598	2
敨	1 1491	14599	2
敪	2 1491	14600	2
敮	3 1491	14601	2
敯	4 1491	14602	2
敱	5 1491	14603	2
敶	6 1491	14604	2
敹	7 1491	14605	2
敼	8 1491	14606	2
敽	9 1491	14607	2
敿	10 1491	14608	2
斀	11 1491	14609	2
斄	12 1491	14610	2
斆	13 1491	14611	2
斈	1 1487	14612	2
斊	2 1487	14613	2
斍	3 1487	14614	2
斏	4 1487	14615	2
斒	5 1487	14616	2
斔	6 1487	14617	2
斖	7 1487	14618	2
斘	8 1487	14619	2
斚	9 1487	14620	2
斞	10 1487	14621	2
斢	11 1487	14622	2
斣	12 1487	14623	2
斦	13 1487	14624	2
斨	1 1488	14625	2
斪	2 1488	14626	2
斮	3 1488	14627	2
斱	4 1488	14628	2
斳	5 1488	14629	2
斴	6 1488	14630	2
斵	7 1488	14631	2
斸	8 1488	14632	2
斺	9 1488	14633	2
旀	10 1488	14634	2
旂	11 1488	14635	2
旇	12 1488	14636	2
旊	13 1488	14637	2
旍	1 1493	14638	2
旐	2 1493	14639	2
旑	3 1493	14640	2
旓	4 1493	14641	2
旔	5 1493	14642	2
旕	6 1493	14643	2
旘	7 1493	14644	2
旚	8 1493	14645	2
旜	9 1493	14646	2
旝	10 1493	14647	2
旞	11 1493	14648	2
旟	12 1493	14649	2
旣	13 1493	14650	2
旤	1 1514	14651	2
旪	2 1514	14652	2
旫	3 1514	14653	2
旵	4 1514	14654	2
旾	5 1514	14655	2
昁	6 1514	14656	2
昅	7 1514	14657	2
昈	8 1514	14658	2
昒	9 1514	14659	2
昗	10 1514	14660	2
昘	11 1514	14661	2
昛	12 1514	14662	2
昦	13 1514	14663	2
昮	1 1501	14664	2
昲	2 1501	14665	2
昳	3 1501	14666	2
昸	4 1501	14667	2
晀	5 1501	14668	2
晅	6 1501	14669	2
晆	7 1501	14670	2
晇	8 1501	14671	2
晈	9 1501	14672	2
晊	10 1501	14673	2
晍	11 1501	14674	2
晐	12 1501	14675	2
晑	13 1501	14676	2
晘	1 1500	14677	2
晜	2 1500	14678	2
晠	3 1500	14679	2
晣	4 1500	14680	2
晭	5 1500	14681	2
晱	6 1500	14682	2
晲	7 1500	14683	2
晵	8 1500	14684	2
晼	9 1500	14685	2
晽	10 1500	14686	2
晿	11 1500	14687	2
暃	12 1500	14688	2
暆	13 1500	14689	2
暏	1 1503	14690	2
暓	2 1503	14691	2
暙	3 1503	14692	2
暚	4 1503	14693	2
暛	5 1503	14694	2
暞	6 1503	14695	2
暡	7 1503	14696	2
暣	8 1503	14697	2
暤	9 1503	14698	2
暥	10 1503	14699	2
暬	11 1503	14700	2
暯	12 1503	14701	2
暰	13 1503	14702	2
暳	1 1504	14703	2
暵	2 1504	14704	2
暶	3 1504	14705	2
暷	4 1504	14706	2
暺	5 1504	14707	2
暼	6 1504	14708	2
暽	7 1504	14709	2
曀	8 1504	14710	2
曂	9 1504	14711	2
曃	10 1504	14712	2
曅	11 1504	14713	2
曊	12 1504	14714	2
曋	13 1504	14715	2
曍	1 1505	14716	2
曎	2 1505	14717	2
曏	3 1505	14718	2
曐	4 1505	14719	2
曑	5 1505	14720	2
曒	6 1505	14721	2
曓	7 1505	14722	2
曔	8 1505	14723	2
曗	9 1505	14724	2
曘	10 1505	14725	2
曞	11 1505	14726	2
曟	12 1505	14727	2
曢	13 1505	14728	2
曣	1 1511	14729	2
曤	2 1511	14730	2
曥	3 1511	14731	2
曨	4 1511	14732	2
曪	5 1511	14733	2
曫	6 1511	14734	2
曭	7 1511	14735	2
曮	8 1511	14736	2
曯	9 1511	14737	2
曱	10 1511	14738	2
朁	11 1511	14739	2
朂	12 1511	14740	2
朄	13 1511	14741	2
朆	1 1508	14742	2
朇	2 1508	14743	2
朌	3 1508	14744	2
朑	4 1508	14745	2
朒	5 1508	14746	2
朘	6 1508	14747	2
朚	7 1508	14748	2
朜	8 1508	14749	2
朞	9 1508	14750	2
朠	10 1508	14751	2
朡	11 1508	14752	2
朢	12 1508	14753	2
朣	13 1508	14754	2
朤	1 1510	14755	2
朥	2 1510	14756	2
朩	3 1510	14757	2
朰	4 1510	14758	2
朷	5 1510	14759	2
朹	6 1510	14760	2
朻	7 1510	14761	2
朼	8 1510	14762	2
朾	9 1510	14763	2
朿	10 1510	14764	2
杄	11 1510	14765	2
杇	12 1510	14766	2
杊	13 1510	14767	2
杍	1 1632	14768	2
杒	2 1632	14769	2
杔	3 1632	14770	2
杕	4 1632	14771	2
杗	5 1632	14772	2
杘	6 1632	14773	2
杚	7 1632	14774	2
杛	8 1632	14775	2
杝	9 1632	14776	2
杫	10 1632	14777	2
杴	11 1632	14778	2
杶	12 1632	14779	2
杹	13 1632	14780	2
杺	1 1513	14781	2
杽	2 1513	14782	2
枀	3 1513	14783	2
枂	4 1513	14784	2
枆	5 1513	14785	2
枈	6 1513	14786	2
枊	7 1513	14787	2
枍	8 1513	14788	2
枑	9 1513	14789	2
枔	10 1513	14790	2
枖	11 1513	14791	2
枙	12 1513	14792	2
枤	13 1513	14793	2
枮	1 1522	14794	2
枴	2 1522	14795	2
枺	3 1522	14796	2
枽	4 1522	14797	2
枾	5 1522	14798	2
枿	6 1522	14799	2
柂	7 1522	14800	2
柅	8 1522	14801	2
柆	9 1522	14802	2
柇	10 1522	14803	2
柈	11 1522	14804	2
柋	12 1522	14805	2
柌	13 1522	14806	2
柎	1 1518	14807	2
柕	2 1518	14808	2
柖	3 1518	14809	2
柛	4 1518	14810	2
柡	5 1518	14811	2
柣	6 1518	14812	2
柦	7 1518	14813	2
柧	8 1518	14814	2
柨	9 1518	14815	2
柪	10 1518	14816	2
柫	11 1518	14817	2
柭	12 1518	14818	2
柮	13 1518	14819	2
柸	1 1526	14820	2
柹	2 1526	14821	2
柺	3 1526	14822	2
柼	4 1526	14823	2
栆	5 1526	14824	2
栍	6 1526	14825	2
栐	7 1526	14826	2
栔	8 1526	14827	2
栕	9 1526	14828	2
栙	10 1526	14829	2
栚	11 1526	14830	2
栛	12 1526	14831	2
栜	13 1526	14832	2
栠	1 1523	14833	2
栣	2 1523	14834	2
栤	3 1523	14835	2
栥	4 1523	14836	2
栧	5 1523	14837	2
栬	6 1523	14838	2
栭	7 1523	14839	2
栮	8 1523	14840	2
栰	9 1523	14841	2
栵	10 1523	14842	2
栶	11 1523	14843	2
栺	12 1523	14844	2
栿	13 1523	14845	2
桇	1 1528	14846	2
桊	2 1528	14847	2
桋	3 1528	14848	2
桏	4 1528	14849	2
桗	5 1528	14850	2
桘	6 1528	14851	2
桚	7 1528	14852	2
桛	8 1528	14853	2
桞	9 1528	14854	2
桪	10 1528	14855	2
桬	11 1528	14856	2
桭	12 1528	14857	2
桮	13 1528	14858	2
桰	1 1530	14859	2
桳	2 1530	14860	2
桹	3 1530	14861	2
桻	4 1530	14862	2
桼	5 1530	14863	2
梀	6 1530	14864	2
梄	7 1530	14865	2
梇	8 1530	14866	2
梊	9 1530	14867	2
梋	10 1530	14868	2
梌	11 1530	14869	2
梍	12 1530	14870	2
梎	13 1530	14871	2
梐	1 1527	14872	2
梒	2 1527	14873	2
梕	3 1527	14874	2
梖	4 1527	14875	2
梙	5 1527	14876	2
梚	6 1527	14877	2
梜	7 1527	14878	2
梞	8 1527	14879	2
梩	9 1527	14880	2
梫	10 1527	14881	2
梬	11 1527	14882	2
梮	12 1527	14883	2
梷	13 1527	14884	2
梸	1 1529	14885	2
棃	2 1529	14886	2
棇	3 1529	14887	2
棎	4 1529	14888	2
棏	5 1529	14889	2
棑	6 1529	14890	2
棔	7 1529	14891	2
棙	8 1529	14892	2
棛	9 1529	14893	2
棝	10 1529	14894	2
棞	11 1529	14895	2
棢	12 1529	14896	2
棤	13 1529	14897	2
棥	1 1532	14898	2
棦	2 1532	14899	2
棬	3 1532	14900	2
棳	4 1532	14901	2
棴	5 1532	14902	2
棶	6 1532	14903	2
棸	7 1532	14904	2
棾	8 1532	14905	2
棿	9 1532	14906	2
椂	10 1532	14907	2
椃	11 1532	14908	2
椉	12 1532	14909	2
椊	13 1532	14910	2
椑	1 1534	14911	2
椔	2 1534	14912	2
椕	3 1534	14913	2
椖	4 1534	14914	2
椗	5 1534	14915	2
椘	6 1534	14916	2
椞	7 1534	14917	2
椡	8 1534	14918	2
椢	9 1534	14919	2
椣	10 1534	14920	2
椦	11 1534	14921	2
椨	12 1534	14922	2
椩	13 1534	14923	2
椫	1 1535	14924	2
椬	2 1535	14925	2
椮	3 1535	14926	2
椯	4 1535	14927	2
椱	5 1535	14928	2
椲	6 1535	14929	2
椳	7 1535	14930	2
椵	8 1535	14931	2
椷	9 1535	14932	2
椸	10 1535	14933	2
椺	11 1535	14934	2
椻	12 1535	14935	2
椾	13 1535	14936	2
楁	1 5 103	14937	2
楄	2 5 103	14938	2
楆	3 5 103	14939	2
楇	4 5 103	14940	2
楈	5 5 103	14941	2
楋	6 5 103	14942	2
楌	7 5 103	14943	2
楍	8 5 103	14944	2
楎	9 5 103	14945	2
楏	10 5 103	14946	2
楐	11 5 103	14947	2
楑	12 5 103	14948	2
楖	13 5 103	14949	2
楛	1 1537	14950	2
楟	2 1537	14951	2
楥	3 1537	14952	2
楧	4 1537	14953	2
楰	5 1537	14954	2
楴	6 1537	14955	2
楶	7 1537	14956	2
楺	8 1537	14957	2
楻	9 1537	14958	2
楾	10 1537	14959	2
楿	11 1537	14960	2
榃	12 1537	14961	2
榋	13 1537	14962	2
榌	1 1538	14963	2
榏	2 1538	14964	2
榐	3 1538	14965	2
榒	4 1538	14966	2
榓	5 1538	14967	2
榗	6 1538	14968	2
榙	7 1538	14969	2
榝	8 1538	14970	2
榞	9 1538	14971	2
榟	10 1538	14972	2
榡	11 1538	14973	2
榢	12 1538	14974	2
榩	13 1538	14975	2
榪	1 1542	14976	2
榬	2 1542	14977	2
榯	3 1542	14978	2
榰	4 1542	14979	2
榳	5 1542	14980	2
榵	6 1542	14981	2
榶	7 1542	14982	2
榸	8 1542	14983	2
榹	9 1542	14984	2
榺	10 1542	14985	2
榽	11 1542	14986	2
榿	12 1542	14987	2
槂	13 1542	14988	2
槄	1 1551	14989	2
槆	2 1551	14990	2
槈	3 1551	14991	2
槉	4 1551	14992	2
槏	5 1551	14993	2
槒	6 1551	14994	2
槕	7 1551	14995	2
槖	8 1551	14996	2
槝	9 1551	14997	2
槞	10 1551	14998	2
槡	11 1551	14999	2
槣	12 1551	15000	2
槤	13 1551	15001	2
槥	1 1552	15002	2
槦	2 1552	15003	2
槧	3 1552	15004	2
槫	4 1552	15005	2
槬	5 1552	15006	2
槮	6 1552	15007	2
槯	7 1552	15008	2
槳	8 1552	15009	2
槶	9 1552	15010	2
槷	10 1552	15011	2
槹	11 1552	15012	2
槼	12 1552	15013	2
槾	13 1552	15014	2
樁	1 1545	15015	2
樄	2 1545	15016	2
樆	3 1545	15017	2
樇	4 1545	15018	2
樈	5 1545	15019	2
樌	6 1545	15020	2
樍	7 1545	15021	2
樎	8 1545	15022	2
樐	9 1545	15023	2
樖	10 1545	15024	2
樚	11 1545	15025	2
樜	12 1545	15026	2
樠	13 1545	15027	2
樢	1 1546	15028	2
樤	2 1546	15029	2
樥	3 1546	15030	2
樦	4 1546	15031	2
樧	5 1546	15032	2
樬	6 1546	15033	2
樭	7 1546	15034	2
樰	8 1546	15035	2
樲	9 1546	15036	2
樳	10 1546	15037	2
樶	11 1546	15038	2
樷	12 1546	15039	2
樼	13 1546	15040	2
樿	1 1547	15041	2
橀	2 1547	15042	2
橁	3 1547	15043	2
橂	4 1547	15044	2
橃	5 1547	15045	2
橉	6 1547	15046	2
橊	7 1547	15047	2
橌	8 1547	15048	2
橍	9 1547	15049	2
橎	10 1547	15050	2
橑	11 1547	15051	2
橒	12 1547	15052	2
橕	13 1547	15053	2
橗	1 1548	15054	2
橜	2 1548	15055	2
橝	3 1548	15056	2
橠	4 1548	15057	2
橣	5 1548	15058	2
橤	6 1548	15059	2
橧	7 1548	15060	2
橨	8 1548	15061	2
橩	9 1548	15062	2
橬	10 1548	15063	2
橭	11 1548	15064	2
橮	12 1548	15065	2
橯	13 1548	15066	2
橰	1 1553	15067	2
橴	2 1553	15068	2
橵	3 1553	15069	2
橶	4 1553	15070	2
橷	5 1553	15071	2
橸	6 1553	15072	2
橺	7 1553	15073	2
橻	8 1553	15074	2
橽	9 1553	15075	2
檁	10 1553	15076	2
檂	11 1553	15077	2
檃	12 1553	15078	2
檅	13 1553	15079	2
檆	1 1556	15080	2
檈	2 1556	15081	2
檊	3 1556	15082	2
檋	4 1556	15083	2
檌	5 1556	15084	2
檏	6 1556	15085	2
檑	7 1556	15086	2
檒	8 1556	15087	2
檓	9 1556	15088	2
檕	10 1556	15089	2
檖	11 1556	15090	2
檘	12 1556	15091	2
檙	13 1556	15092	2
檚	1 1558	15093	2
檟	2 1558	15094	2
檡	3 1558	15095	2
檢	4 1558	15096	2
檤	5 1558	15097	2
檥	6 1558	15098	2
檧	7 1558	15099	2
檨	8 1558	15100	2
檭	9 1558	15101	2
檰	10 1558	15102	2
檱	11 1558	15103	2
檲	12 1558	15104	2
檴	13 1558	15105	2
檶	1 1571	15106	2
檷	2 1571	15107	2
檹	3 1571	15108	2
檼	4 1571	15109	2
檾	5 1571	15110	2
檿	6 1571	15111	2
櫀	7 1571	15112	2
櫁	8 1571	15113	2
櫄	9 1571	15114	2
櫅	10 1571	15115	2
櫇	11 1571	15116	2
櫉	12 1571	15117	2
櫋	13 1571	15118	2
櫍	1 1561	15119	2
櫎	2 1561	15120	2
櫐	3 1561	15121	2
櫒	4 1561	15122	2
櫕	5 1561	15123	2
櫖	6 1561	15124	2
櫗	7 1561	15125	2
櫘	8 1561	15126	2
櫙	9 1561	15127	2
櫜	10 1561	15128	2
櫝	11 1561	15129	2
櫠	12 1561	15130	2
櫡	13 1561	15131	2
櫢	1 1563	15132	2
櫤	2 1563	15133	2
櫥	3 1563	15134	2
櫦	4 1563	15135	2
櫧	5 1563	15136	2
櫩	6 1563	15137	2
櫪	7 1563	15138	2
櫫	8 1563	15139	2
櫬	9 1563	15140	2
櫭	10 1563	15141	2
櫮	11 1563	15142	2
櫯	12 1563	15143	2
櫰	13 1563	15144	2
櫱	1 1564	15145	2
櫳	2 1564	15146	2
櫴	3 1564	15147	2
櫵	4 1564	15148	2
櫷	5 1564	15149	2
櫸	6 1564	15150	2
櫹	7 1564	15151	2
櫺	8 1564	15152	2
櫼	9 1564	15153	2
櫽	10 1564	15154	2
櫾	11 1564	15155	2
櫿	12 1564	15156	2
欀	13 1564	15157	2
欁	1 1588	15158	2
欃	2 1588	15159	2
欆	3 1588	15160	2
欇	4 1588	15161	2
欈	5 1588	15162	2
欋	6 1588	15163	2
欌	7 1588	15164	2
欍	8 1588	15165	2
欓	9 1588	15166	2
欔	10 1588	15167	2
欕	11 1588	15168	2
欗	12 1588	15169	2
欘	13 1588	15170	2
欙	1 1570	15171	2
欚	2 1570	15172	2
欛	3 1570	15173	2
欜	4 1570	15174	2
欞	5 1570	15175	2
欥	6 1570	15176	2
欦	7 1570	15177	2
欩	8 1570	15178	2
欪	9 1570	15179	2
欫	10 1570	15180	2
欬	11 1570	15181	2
欭	12 1570	15182	2
欮	13 1570	15183	2
欯	1 1565	15184	2
欰	2 1565	15185	2
欱	3 1565	15186	2
欳	4 1565	15187	2
欴	5 1565	15188	2
欵	6 1565	15189	2
欶	7 1565	15190	2
欼	8 1565	15191	2
欿	9 1565	15192	2
歀	10 1565	15193	2
歁	11 1565	15194	2
歄	12 1565	15195	2
歅	13 1565	15196	2
歈	1 1569	15197	2
歋	2 1569	15198	2
歍	3 1569	15199	2
歏	4 1569	15200	2
歑	5 1569	15201	2
歒	6 1569	15202	2
歕	7 1569	15203	2
歖	8 1569	15204	2
歗	9 1569	15205	2
歘	10 1569	15206	2
歚	11 1569	15207	2
歝	12 1569	15208	2
歞	13 1569	15209	2
歟	1 1574	15210	2
歨	2 1574	15211	2
歫	3 1574	15212	2
歮	4 1574	15213	2
歱	5 1574	15214	2
歶	6 1574	15215	2
歺	7 1574	15216	2
歽	8 1574	15217	2
歾	9 1574	15218	2
殀	10 1574	15219	2
殅	11 1574	15220	2
殈	12 1574	15221	2
殌	13 1574	15222	2
殍	1 1576	15223	2
殎	2 1576	15224	2
殏	3 1576	15225	2
殐	4 1576	15226	2
殔	5 1576	15227	2
殕	6 1576	15228	2
殗	7 1576	15229	2
殙	8 1576	15230	2
殜	9 1576	15231	2
殝	10 1576	15232	2
殞	11 1576	15233	2
殟	12 1576	15234	2
殠	13 1576	15235	2
殣	1 1578	15236	2
殥	2 1578	15237	2
殦	3 1578	15238	2
殧	4 1578	15239	2
殨	5 1578	15240	2
殩	6 1578	15241	2
殫	7 1578	15242	2
殬	8 1578	15243	2
殮	9 1578	15244	2
殰	10 1578	15245	2
殱	11 1578	15246	2
殶	12 1578	15247	2
殸	13 1578	15248	2
殹	1 1581	15249	2
毃	2 1581	15250	2
毄	3 1581	15251	2
毆	4 1581	15252	2
毇	5 1581	15253	2
毈	6 1581	15254	2
毉	7 1581	15255	2
毊	8 1581	15256	2
毑	9 1581	15257	2
毜	10 1581	15258	2
毝	11 1581	15259	2
毠	12 1581	15260	2
毢	13 1581	15261	2
毣	1 1587	15262	2
毤	2 1587	15263	2
毥	3 1587	15264	2
毧	4 1587	15265	2
毨	5 1587	15266	2
毩	6 1587	15267	2
毭	7 1587	15268	2
毮	8 1587	15269	2
毰	9 1587	15270	2
毱	10 1587	15271	2
毲	11 1587	15272	2
毴	12 1587	15273	2
毵	13 1587	15274	2
毶	1 1596	15275	2
毷	2 1596	15276	2
毸	3 1596	15277	2
毹	4 1596	15278	2
毺	5 1596	15279	2
毻	6 1596	15280	2
毼	7 1596	15281	2
毾	8 1596	15282	2
毿	9 1596	15283	2
氀	10 1596	15284	2
氁	11 1596	15285	2
氃	12 1596	15286	2
氄	13 1596	15287	2
氅	1 1595	15288	2
氆	2 1595	15289	2
氇	3 1595	15290	2
氉	4 1595	15291	2
氊	5 1595	15292	2
氋	6 1595	15293	2
氌	7 1595	15294	2
氍	8 1595	15295	2
氎	9 1595	15296	2
氒	10 1595	15297	2
氜	11 1595	15298	2
氝	12 1595	15299	2
氞	13 1595	15300	2
氠	1 1597	15301	2
氥	2 1597	15302	2
氬	3 1597	15303	2
氭	4 1597	15304	2
氱	5 1597	15305	2
氺	6 1597	15306	2
氼	7 1597	15307	2
汃	8 1597	15308	2
汄	9 1597	15309	2
汅	10 1597	15310	2
汈	11 1597	15311	2
汌	12 1597	15312	2
汍	13 1597	15313	2
汏	1 1599	15314	2
汑	2 1599	15315	2
汒	3 1599	15316	2
汓	4 1599	15317	2
汖	5 1599	15318	2
汘	6 1599	15319	2
汙	7 1599	15320	2
汢	8 1599	15321	2
汣	9 1599	15322	2
汥	10 1599	15323	2
汦	11 1599	15324	2
汫	12 1599	15325	2
汬	13 1599	15326	2
汮	1 1600	15327	2
汯	2 1600	15328	2
汱	3 1600	15329	2
汳	4 1600	15330	2
汵	5 1600	15331	2
汷	6 1600	15332	2
汻	7 1600	15333	2
汼	8 1600	15334	2
汿	9 1600	15335	2
沀	10 1600	15336	2
沊	11 1600	15337	2
沋	12 1600	15338	2
沍	13 1600	15339	2
沎	1 1609	15340	2
沑	2 1609	15341	2
沕	3 1609	15342	2
沗	4 1609	15343	2
沜	5 1609	15344	2
沝	6 1609	15345	2
沞	7 1609	15346	2
沠	8 1609	15347	2
沯	9 1609	15348	2
沲	10 1609	15349	2
沴	11 1609	15350	2
沷	12 1609	15351	2
泀	13 1609	15352	2
泈	1 1604	15353	2
泍	2 1604	15354	2
泎	3 1604	15355	2
泏	4 1604	15356	2
泘	5 1604	15357	2
泜	6 1604	15358	2
泟	7 1604	15359	2
泤	8 1604	15360	2
泦	9 1604	15361	2
泧	10 1604	15362	2
泲	11 1604	15363	2
泴	12 1604	15364	2
泹	13 1604	15365	2
泿	1 1605	15366	2
洀	2 1605	15367	2
洂	3 1605	15368	2
洃	4 1605	15369	2
洆	5 1605	15370	2
洈	6 1605	15371	2
洉	7 1605	15372	2
洍	8 1605	15373	2
洏	9 1605	15374	2
洐	10 1605	15375	2
洓	11 1605	15376	2
洔	12 1605	15377	2
洕	13 1605	15378	2
洖	1 1606	15379	2
洜	2 1606	15380	2
洝	3 1606	15381	2
洠	4 1606	15382	2
洡	5 1606	15383	2
洢	6 1606	15384	2
洦	7 1606	15385	2
洫	8 1606	15386	2
洬	9 1606	15387	2
洯	10 1606	15388	2
洰	11 1606	15389	2
洶	12 1606	15390	2
洷	13 1606	15391	2
浀	1 1608	15392	2
浂	2 1608	15393	2
浌	3 1608	15394	2
浕	4 1608	15395	2
浖	5 1608	15396	2
浗	6 1608	15397	2
浝	7 1608	15398	2
浢	8 1608	15399	2
浧	9 1608	15400	2
浨	10 1608	15401	2
浫	11 1608	15402	2
浭	12 1608	15403	2
浱	13 1608	15404	2
浲	1 1617	15405	2
浳	2 1617	15406	2
浶	3 1617	15407	2
浺	4 1617	15408	2
浻	5 1617	15409	2
浽	6 1617	15410	2
浾	7 1617	15411	2
浿	8 1617	15412	2
涀	9 1617	15413	2
涁	10 1617	15414	2
涃	11 1617	15415	2
涄	12 1617	15416	2
涆	13 1617	15417	2
涊	1 1612	15418	2
涋	2 1612	15419	2
涏	3 1612	15420	2
涐	4 1612	15421	2
涒	5 1612	15422	2
涗	6 1612	15423	2
涥	7 1612	15424	2
涭	8 1612	15425	2
涰	9 1612	15426	2
涱	10 1612	15427	2
涳	11 1612	15428	2
涶	12 1612	15429	2
涷	13 1612	15430	2
涹	1 1614	15431	2
涺	2 1614	15432	2
涻	3 1614	15433	2
涽	4 1614	15434	2
涾	5 1614	15435	2
淁	6 1614	15436	2
淂	7 1614	15437	2
淈	8 1614	15438	2
淊	9 1614	15439	2
淍	10 1614	15440	2
淎	11 1614	15441	2
淒	12 1614	15442	2
淔	13 1614	15443	2
淗	1 1634	15444	2
淟	2 1634	15445	2
淢	3 1634	15446	2
淣	4 1634	15447	2
淧	5 1634	15448	2
淪	6 1634	15449	2
淭	7 1634	15450	2
淴	8 1634	15451	2
淽	9 1634	15452	2
淾	10 1634	15453	2
淿	11 1634	15454	2
渀	12 1634	15455	2
渁	13 1634	15456	2
渂	1 1615	15457	2
渄	2 1615	15458	2
渆	3 1615	15459	2
渏	4 1615	15460	2
渒	5 1615	15461	2
渘	6 1615	15462	2
渜	7 1615	15463	2
渞	8 1615	15464	2
渨	9 1615	15465	2
渪	10 1615	15466	2
渱	11 1615	15467	2
渳	12 1615	15468	2
渵	13 1615	15469	2
渷	1 1616	15470	2
渹	2 1616	15471	2
渻	3 1616	15472	2
湀	4 1616	15473	2
湂	5 1616	15474	2
湅	6 1616	15475	2
湆	7 1616	15476	2
湇	8 1616	15477	2
湈	9 1616	15478	2
湌	10 1616	15479	2
湐	11 1616	15480	2
湒	12 1616	15481	2
湕	13 1616	15482	2
湗	1 1628	15483	2
湙	2 1628	15484	2
湚	3 1628	15485	2
湠	4 1628	15486	2
湢	5 1628	15487	2
湤	6 1628	15488	2
湥	7 1628	15489	2
湦	8 1628	15490	2
湨	9 1628	15491	2
湩	10 1628	15492	2
湬	11 1628	15493	2
湭	12 1628	15494	2
湰	13 1628	15495	2
湱	1 1618	15496	2
湵	2 1618	15497	2
湷	3 1618	15498	2
湸	4 1618	15499	2
湹	5 1618	15500	2
湺	6 1618	15501	2
湻	7 1618	15502	2
湽	8 1618	15503	2
溁	9 1618	15504	2
溄	10 1618	15505	2
溊	11 1618	15506	2
溋	12 1618	15507	2
溑	13 1618	15508	2
溒	1 1621	15509	2
溔	2 1621	15510	2
溕	3 1621	15511	2
溗	4 1621	15512	2
溚	5 1621	15513	2
溛	6 1621	15514	2
溠	7 1621	15515	2
溡	8 1621	15516	2
溣	9 1621	15517	2
溤	10 1621	15518	2
溦	11 1621	15519	2
溨	12 1621	15520	2
溩	13 1621	15521	2
溬	1 1622	15522	2
溭	2 1622	15523	2
溰	3 1622	15524	2
溳	4 1622	15525	2
溵	5 1622	15526	2
溸	6 1622	15527	2
溻	7 1622	15528	2
溼	8 1622	15529	2
溾	9 1622	15530	2
溿	10 1622	15531	2
滍	11 1622	15532	2
滐	12 1622	15533	2
滒	13 1622	15534	2
滖	1 1625	15535	2
滛	2 1625	15536	2
滜	3 1625	15537	2
滣	4 1625	15538	2
滧	5 1625	15539	2
滪	6 1625	15540	2
滫	7 1625	15541	2
滭	8 1625	15542	2
滮	9 1625	15543	2
滯	10 1625	15544	2
滰	11 1625	15545	2
滱	12 1625	15546	2
滳	13 1625	15547	2
滵	1 1629	15548	2
滺	2 1629	15549	2
滻	3 1629	15550	2
滼	4 1629	15551	2
滽	5 1629	15552	2
漀	6 1629	15553	2
漃	7 1629	15554	2
漄	8 1629	15555	2
漅	9 1629	15556	2
漇	10 1629	15557	2
漊	11 1629	15558	2
漋	12 1629	15559	2
漌	13 1629	15560	2
漍	1 1631	15561	2
漎	2 1631	15562	2
漐	3 1631	15563	2
漖	4 1631	15564	2
漗	5 1631	15565	2
漘	6 1631	15566	2
漙	7 1631	15567	2
漚	8 1631	15568	2
漛	9 1631	15569	2
漜	10 1631	15570	2
漝	11 1631	15571	2
漞	12 1631	15572	2
漟	13 1631	15573	2
漡	1 1633	15574	2
漦	2 1633	15575	2
漧	3 1633	15576	2
漨	4 1633	15577	2
漮	5 1633	15578	2
漰	6 1633	15579	2
漶	7 1633	15580	2
漹	8 1633	15581	2
漺	9 1633	15582	2
漽	10 1633	15583	2
潀	11 1633	15584	2
潂	12 1633	15585	2
潃	13 1633	15586	2
潈	1 1639	15587	2
潉	2 1639	15588	2
潊	3 1639	15589	2
潋	4 1639	15590	2
潌	5 1639	15591	2
潎	6 1639	15592	2
潐	7 1639	15593	2
潑	8 1639	15594	2
潒	9 1639	15595	2
潓	10 1639	15596	2
潗	11 1639	15597	2
潝	12 1639	15598	2
潠	13 1639	15599	2
潥	1 1641	15600	2
潧	2 1641	15601	2
潨	3 1641	15602	2
潬	4 1641	15603	2
潱	5 1641	15604	2
潳	6 1641	15605	2
潷	7 1641	15606	2
潹	8 1641	15607	2
潻	9 1641	15608	2
潿	10 1641	15609	2
澃	11 1641	15610	2
澅	12 1641	15611	2
澉	13 1641	15612	2
澏	1 1650	15613	2
澐	2 1650	15614	2
澑	3 1650	15615	2
澒	4 1650	15616	2
澓	5 1650	15617	2
澕	6 1650	15618	2
澖	7 1650	15619	2
澘	8 1650	15620	2
澙	9 1650	15621	2
澛	10 1650	15622	2
澝	11 1650	15623	2
澞	12 1650	15624	2
澟	13 1650	15625	2
澢	1 1646	15626	2
澦	2 1646	15627	2
澨	3 1646	15628	2
澩	4 1646	15629	2
澫	5 1646	15630	2
澬	6 1646	15631	2
澭	7 1646	15632	2
澰	8 1646	15633	2
澲	9 1646	15634	2
澴	10 1646	15635	2
澵	11 1646	15636	2
澷	12 1646	15637	2
澸	13 1646	15638	2
澺	1 1651	15639	2
澻	2 1651	15640	2
澼	3 1651	15641	2
澽	4 1651	15642	2
澿	5 1651	15643	2
濄	6 1651	15644	2
濅	7 1651	15645	2
濆	8 1651	15646	2
濇	9 1651	15647	2
濈	10 1651	15648	2
濌	11 1651	15649	2
濍	12 1651	15650	2
濎	13 1651	15651	2
濏	1 1655	15652	2
濐	2 1655	15653	2
濓	3 1655	15654	2
濔	4 1655	15655	2
濖	5 1655	15656	2
濗	6 1655	15657	2
濜	7 1655	15658	2
濝	8 1655	15659	2
濢	9 1655	15660	2
濣	10 1655	15661	2
濥	11 1655	15662	2
濦	12 1655	15663	2
濧	13 1655	15664	2
濨	1 1653	15665	2
濪	2 1653	15666	2
濭	3 1653	15667	2
濲	4 1653	15668	2
濴	5 1653	15669	2
濷	6 1653	15670	2
濸	7 1653	15671	2
濺	8 1653	15672	2
濻	9 1653	15673	2
濿	10 1653	15674	2
瀀	11 1653	15675	2
瀂	12 1653	15676	2
瀃	13 1653	15677	2
瀄	1 1656	15678	2
瀇	2 1656	15679	2
瀈	3 1656	15680	2
瀊	4 1656	15681	2
瀌	5 1656	15682	2
瀎	6 1656	15683	2
瀒	7 1656	15684	2
瀓	8 1656	15685	2
瀔	9 1656	15686	2
瀖	10 1656	15687	2
瀗	11 1656	15688	2
瀙	12 1656	15689	2
瀠	13 1656	15690	2
瀡	1 1657	15691	2
瀢	2 1657	15692	2
瀣	3 1657	15693	2
瀤	4 1657	15694	2
瀥	5 1657	15695	2
瀩	6 1657	15696	2
瀪	7 1657	15697	2
瀫	8 1657	15698	2
瀭	9 1657	15699	2
瀮	10 1657	15700	2
瀯	11 1657	15701	2
瀱	12 1657	15702	2
瀲	13 1657	15703	2
瀳	1 1660	15704	2
瀶	2 1660	15705	2
瀸	3 1660	15706	2
瀺	4 1660	15707	2
瀻	5 1660	15708	2
瀽	6 1660	15709	2
瀿	7 1660	15710	2
灀	8 1660	15711	2
灁	9 1660	15712	2
灂	10 1660	15713	2
灄	11 1660	15714	2
灅	12 1660	15715	2
灆	13 1660	15716	2
灇	1 1663	15717	2
灈	2 1663	15718	2
灍	3 1663	15719	2
灎	4 1663	15720	2
灓	5 1663	15721	2
灔	6 1663	15722	2
灖	7 1663	15723	2
灗	8 1663	15724	2
灙	9 1663	15725	2
灚	10 1663	15726	2
灛	11 1663	15727	2
灟	12 1663	15728	2
灠	13 1663	15729	2
灡	1 1664	15730	2
灢	2 1664	15731	2
灥	3 1664	15732	2
灦	4 1664	15733	2
灧	5 1664	15734	2
灨	6 1664	15735	2
灩	7 1664	15736	2
灪	8 1664	15737	2
灱	9 1664	15738	2
灲	10 1664	15739	2
灳	11 1664	15740	2
灴	12 1664	15741	2
灷	13 1664	15742	2
灹	1 1666	15743	2
灺	2 1666	15744	2
灻	3 1666	15745	2
炂	4 1666	15746	2
炃	5 1666	15747	2
炄	6 1666	15748	2
炇	7 1666	15749	2
炈	8 1666	15750	2
炋	9 1666	15751	2
炌	10 1666	15752	2
炍	11 1666	15753	2
炏	12 1666	15754	2
炐	13 1666	15755	2
炑	1 1667	15756	2
炓	2 1667	15757	2
炚	3 1667	15758	2
炛	4 1667	15759	2
炞	5 1667	15760	2
炠	6 1667	15761	2
炢	7 1667	15762	2
炣	8 1667	15763	2
炥	9 1667	15764	2
炦	10 1667	15765	2
炧	11 1667	15766	2
炨	12 1667	15767	2
炪	13 1667	15768	2
炶	1 1671	15769	2
炾	2 1671	15770	2
炿	3 1671	15771	2
烄	4 1671	15772	2
烅	5 1671	15773	2
烆	6 1671	15774	2
烉	7 1671	15775	2
烌	8 1671	15776	2
烍	9 1671	15777	2
烎	10 1671	15778	2
烐	11 1671	15779	2
烑	12 1671	15780	2
烒	13 1671	15781	2
烓	1 1672	15782	2
烖	2 1672	15783	2
烗	3 1672	15784	2
烞	4 1672	15785	2
烠	5 1672	15786	2
烢	6 1672	15787	2
烣	7 1672	15788	2
烥	8 1672	15789	2
烪	9 1672	15790	2
烮	10 1672	15791	2
烰	11 1672	15792	2
烲	12 1672	15793	2
烳	13 1672	15794	2
烵	1 1681	15795	2
烸	2 1681	15796	2
烻	3 1681	15797	2
烼	4 1681	15798	2
烾	5 1681	15799	2
烿	6 1681	15800	2
焀	7 1681	15801	2
焁	8 1681	15802	2
焂	9 1681	15803	2
焃	10 1681	15804	2
焅	11 1681	15805	2
焆	12 1681	15806	2
焇	13 1681	15807	2
焈	1 1674	15808	2
焋	2 1674	15809	2
焍	3 1674	15810	2
焎	4 1674	15811	2
焑	5 1674	15812	2
焒	6 1674	15813	2
焛	7 1674	15814	2
焝	8 1674	15815	2
焟	9 1674	15816	2
焠	10 1674	15817	2
焣	11 1674	15818	2
焤	12 1674	15819	2
焥	13 1674	15820	2
焧	1 1676	15821	2
焨	2 1676	15822	2
焩	3 1676	15823	2
焪	4 1676	15824	2
焫	5 1676	15825	2
焬	6 1676	15826	2
焭	7 1676	15827	2
焲	8 1676	15828	2
焳	9 1676	15829	2
焵	10 1676	15830	2
焷	11 1676	15831	2
焹	12 1676	15832	2
焺	13 1676	15833	2
焽	1 1677	15834	2
焾	2 1677	15835	2
焿	3 1677	15836	2
煀	4 1677	15837	2
煁	5 1677	15838	2
煂	6 1677	15839	2
煄	7 1677	15840	2
煈	8 1677	15841	2
煍	9 1677	15842	2
煏	10 1677	15843	2
煑	11 1677	15844	2
煓	12 1677	15845	2
煔	13 1677	15846	2
煗	1 1721	15847	2
煘	2 1721	15848	2
煛	3 1721	15849	2
煝	4 1721	15850	2
煟	5 1721	15851	2
煡	6 1721	15852	2
煢	7 1721	15853	2
煣	8 1721	15854	2
煪	9 1721	15855	2
煫	10 1721	15856	2
煭	11 1721	15857	2
煯	12 1721	15858	2
煰	13 1721	15859	2
煱	1 1684	15860	2
煵	2 1684	15861	2
煷	3 1684	15862	2
煹	4 1684	15863	2
煻	5 1684	15864	2
煼	6 1684	15865	2
煾	7 1684	15866	2
煿	8 1684	15867	2
熁	9 1684	15868	2
熂	10 1684	15869	2
熃	11 1684	15870	2
熆	12 1684	15871	2
熇	13 1684	15872	2
熉	1 1687	15873	2
熋	2 1687	15874	2
熌	3 1687	15875	2
熍	4 1687	15876	2
熎	5 1687	15877	2
熐	6 1687	15878	2
熑	7 1687	15879	2
熓	8 1687	15880	2
熕	9 1687	15881	2
熖	10 1687	15882	2
熗	11 1687	15883	2
熚	12 1687	15884	2
熛	13 1687	15885	2
熝	1 1692	15886	2
熞	2 1692	15887	2
熡	3 1692	15888	2
熢	4 1692	15889	2
熣	5 1692	15890	2
熦	6 1692	15891	2
熧	7 1692	15892	2
熩	8 1692	15893	2
熪	9 1692	15894	2
熫	10 1692	15895	2
熭	11 1692	15896	2
熮	12 1692	15897	2
熰	13 1692	15898	2
熴	1 1698	15899	2
熶	2 1698	15900	2
熸	3 1698	15901	2
熻	4 1698	15902	2
熼	5 1698	15903	2
熽	6 1698	15904	2
熿	7 1698	15905	2
燀	8 1698	15906	2
燂	9 1698	15907	2
燅	10 1698	15908	2
燆	11 1698	15909	2
燇	12 1698	15910	2
燋	13 1698	15911	2
燌	1 1713	15912	2
燍	2 1713	15913	2
燑	3 1713	15914	2
燓	4 1713	15915	2
燖	5 1713	15916	2
燘	6 1713	15917	2
燛	7 1713	15918	2
燞	8 1713	15919	2
燡	9 1713	15920	2
燢	10 1713	15921	2
燣	11 1713	15922	2
燤	12 1713	15923	2
燨	13 1713	15924	2
燩	1 1708	15925	2
燪	2 1708	15926	2
燯	3 1708	15927	2
燰	4 1708	15928	2
燱	5 1708	15929	2
燲	6 1708	15930	2
燳	7 1708	15931	2
燶	8 1708	15932	2
燷	9 1708	15933	2
燸	10 1708	15934	2
燹	11 1708	15935	2
燺	12 1708	15936	2
燽	13 1708	15937	2
爁	1 1709	15938	2
爂	2 1709	15939	2
爃	3 1709	15940	2
爄	4 1709	15941	2
爅	5 1709	15942	2
爇	6 1709	15943	2
爈	7 1709	15944	2
爉	8 1709	15945	2
爊	9 1709	15946	2
爋	10 1709	15947	2
爎	11 1709	15948	2
爏	12 1709	15949	2
爑	13 1709	15950	2
爒	1 1714	15951	2
爓	2 1714	15952	2
爔	3 1714	15953	2
爖	4 1714	15954	2
爗	5 1714	15955	2
爘	6 1714	15956	2
爙	7 1714	15957	2
爚	8 1714	15958	2
爜	9 1714	15959	2
爞	10 1714	15960	2
爟	11 1714	15961	2
爠	12 1714	15962	2
爡	13 1714	15963	2
爢	1 1711	15964	2
爣	2 1711	15965	2
爤	3 1711	15966	2
爥	4 1711	15967	2
爦	5 1711	15968	2
爧	6 1711	15969	2
爩	7 1711	15970	2
爮	8 1711	15971	2
爯	9 1711	15972	2
爳	10 1711	15973	2
爴	11 1711	15974	2
牃	12 1711	15975	2
牄	13 1711	15976	2
牅	1 1712	15977	2
牉	2 1712	15978	2
牊	3 1712	15979	2
牎	4 1712	15980	2
牏	5 1712	15981	2
牐	6 1712	15982	2
牑	7 1712	15983	2
牔	8 1712	15984	2
牕	9 1712	15985	2
牗	10 1712	15986	2
牚	11 1712	15987	2
牜	12 1712	15988	2
牞	13 1712	15989	2
牥	1 1859	15990	2
牨	2 1859	15991	2
牪	3 1859	15992	2
牫	4 1859	15993	2
牬	5 1859	15994	2
牭	6 1859	15995	2
牮	7 1859	15996	2
牰	8 1859	15997	2
牶	9 1859	15998	2
牷	10 1859	15999	2
牼	11 1859	16000	2
牿	12 1859	16001	2
犃	13 1859	16002	2
犅	1 1729	16003	2
犆	2 1729	16004	2
犈	3 1729	16005	2
犉	4 1729	16006	2
犌	5 1729	16007	2
犎	6 1729	16008	2
犐	7 1729	16009	2
犑	8 1729	16010	2
犓	9 1729	16011	2
犔	10 1729	16012	2
犕	11 1729	16013	2
犗	12 1729	16014	2
犘	13 1729	16015	2
犙	1 1720	16016	2
犚	2 1720	16017	2
犜	3 1720	16018	2
犝	4 1720	16019	2
犞	5 1720	16020	2
犡	6 1720	16021	2
犣	7 1720	16022	2
犤	8 1720	16023	2
犥	9 1720	16024	2
犦	10 1720	16025	2
犩	11 1720	16026	2
犪	12 1720	16027	2
犫	13 1720	16028	2
犰	1 1731	16029	2
犱	2 1731	16030	2
犺	3 1731	16031	2
犻	4 1731	16032	2
犿	5 1731	16033	2
狇	6 1731	16034	2
狉	7 1731	16035	2
狊	8 1731	16036	2
狏	9 1731	16037	2
狑	10 1731	16038	2
狔	11 1731	16039	2
狕	12 1731	16040	2
狘	13 1731	16041	2
狚	1 1732	16042	2
狜	2 1732	16043	2
狟	3 1732	16044	2
狣	4 1732	16045	2
狥	5 1732	16046	2
狦	6 1732	16047	2
狧	7 1732	16048	2
狪	8 1732	16049	2
狫	9 1732	16050	2
狳	10 1732	16051	2
狵	11 1732	16052	2
狶	12 1732	16053	2
狾	13 1732	16054	2
狿	1 1737	16055	2
猀	2 1737	16056	2
猅	3 1737	16057	2
猆	4 1737	16058	2
猈	5 1737	16059	2
猉	6 1737	16060	2
猌	7 1737	16061	2
猍	8 1737	16062	2
猏	9 1737	16063	2
猐	10 1737	16064	2
猑	11 1737	16065	2
猘	12 1737	16066	2
猙	13 1737	16067	2
猚	1 1738	16068	2
猞	2 1738	16069	2
猠	3 1738	16070	2
猢	4 1738	16071	2
猣	5 1738	16072	2
猤	6 1738	16073	2
猦	7 1738	16074	2
猧	8 1738	16075	2
猭	9 1738	16076	2
猳	10 1738	16077	2
猸	11 1738	16078	2
猹	12 1738	16079	2
猻	13 1738	16080	2
猼	1 1741	16081	2
猽	2 1741	16082	2
獀	3 1741	16083	2
獁	4 1741	16084	2
獃	5 1741	16085	2
獆	6 1741	16086	2
獇	7 1741	16087	2
獈	8 1741	16088	2
獉	9 1741	16089	2
獊	10 1741	16090	2
獋	11 1741	16091	2
獌	12 1741	16092	2
獑	13 1741	16093	2
獔	1 1743	16094	2
獕	2 1743	16095	2
獖	3 1743	16096	2
獘	4 1743	16097	2
獚	5 1743	16098	2
獛	6 1743	16099	2
獜	7 1743	16100	2
獝	8 1743	16101	2
獞	9 1743	16102	2
獟	10 1743	16103	2
獡	11 1743	16104	2
獢	12 1743	16105	2
獤	13 1743	16106	2
獥	1 1746	16107	2
獧	2 1746	16108	2
獩	3 1746	16109	2
獮	4 1746	16110	2
獳	5 1746	16111	2
獶	6 1746	16112	2
獹	7 1746	16113	2
獼	8 1746	16114	2
獽	9 1746	16115	2
獿	10 1746	16116	2
玀	11 1746	16117	2
玁	12 1746	16118	2
玂	13 1746	16119	2
玈	1 1747	16120	2
玌	2 1747	16121	2
玍	3 1747	16122	2
玐	4 1747	16123	2
玒	5 1747	16124	2
玓	6 1747	16125	2
玔	7 1747	16126	2
玣	8 1747	16127	2
玤	9 1747	16128	2
玬	10 1747	16129	2
玴	11 1747	16130	2
玸	12 1747	16131	2
玽	13 1747	16132	2
珁	1 1751	16133	2
珃	2 1751	16134	2
珄	3 1751	16135	2
珆	4 1751	16136	2
珇	5 1751	16137	2
珋	6 1751	16138	2
珕	7 1751	16139	2
珚	8 1751	16140	2
珜	9 1751	16141	2
珟	10 1751	16142	2
珢	11 1751	16143	2
珨	12 1751	16144	2
珬	13 1751	16145	2
珯	1 1750	16146	2
珱	2 1750	16147	2
珳	3 1750	16148	2
珶	4 1750	16149	2
珻	5 1750	16150	2
珼	6 1750	16151	2
珿	7 1750	16152	2
琀	8 1750	16153	2
琂	9 1750	16154	2
琌	10 1750	16155	2
琑	11 1750	16156	2
琒	12 1750	16157	2
琖	13 1750	16158	2
琗	1 1760	16159	2
琙	2 1760	16160	2
琞	3 1760	16161	2
琟	4 1760	16162	2
琧	5 1760	16163	2
琷	6 1760	16164	2
琻	7 1760	16165	2
琽	8 1760	16166	2
琾	9 1760	16167	2
瑂	10 1760	16168	2
瑊	11 1760	16169	2
瑌	12 1760	16170	2
瑏	13 1760	16171	2
瑐	1 1780	16172	2
瑓	2 1780	16173	2
瑖	3 1780	16174	2
瑘	4 1780	16175	2
瑡	5 1780	16176	2
瑦	6 1780	16177	2
瑬	7 1780	16178	2
瑵	8 1780	16179	2
瑹	9 1780	16180	2
瑻	10 1780	16181	2
瑼	11 1780	16182	2
瑽	12 1780	16183	2
璄	13 1780	16184	2
璅	1 1763	16185	2
璌	2 1763	16186	2
璍	3 1763	16187	2
璏	4 1763	16188	2
璑	5 1763	16189	2
璒	6 1763	16190	2
璓	7 1763	16191	2
璔	8 1763	16192	2
璕	9 1763	16193	2
璖	10 1763	16194	2
璢	11 1763	16195	2
璤	12 1763	16196	2
璫	13 1763	16197	2
璲	1 1764	16198	2
璳	2 1764	16199	2
璴	3 1764	16200	2
璶	4 1764	16201	2
璻	5 1764	16202	2
璼	6 1764	16203	2
璾	7 1764	16204	2
瓀	8 1764	16205	2
瓁	9 1764	16206	2
瓂	10 1764	16207	2
瓃	11 1764	16208	2
瓄	12 1764	16209	2
瓅	13 1764	16210	2
瓆	1 1765	16211	2
瓇	2 1765	16212	2
瓋	3 1765	16213	2
瓍	4 1765	16214	2
瓎	5 1765	16215	2
瓑	6 1765	16216	2
瓓	7 1765	16217	2
瓕	8 1765	16218	2
瓗	9 1765	16219	2
瓙	10 1765	16220	2
瓝	11 1765	16221	2
瓞	12 1765	16222	2
瓡	13 1765	16223	2
瓧	1 1766	16224	2
瓨	2 1766	16225	2
瓪	3 1766	16226	2
瓫	4 1766	16227	2
瓬	5 1766	16228	2
瓭	6 1766	16229	2
瓰	7 1766	16230	2
瓱	8 1766	16231	2
瓲	9 1766	16232	2
瓳	10 1766	16233	2
瓵	11 1766	16234	2
瓸	12 1766	16235	2
瓹	13 1766	16236	2
瓺	1 1770	16237	2
瓻	2 1770	16238	2
瓼	3 1770	16239	2
瓽	4 1770	16240	2
瓾	5 1770	16241	2
甀	6 1770	16242	2
甂	7 1770	16243	2
甅	8 1770	16244	2
甆	9 1770	16245	2
甇	10 1770	16246	2
甈	11 1770	16247	2
甉	12 1770	16248	2
甊	13 1770	16249	2
甋	1 1783	16250	2
甐	2 1783	16251	2
甒	3 1783	16252	2
甔	4 1783	16253	2
甖	5 1783	16254	2
甛	6 1783	16255	2
甤	7 1783	16256	2
甧	8 1783	16257	2
甮	9 1783	16258	2
甶	10 1783	16259	2
甹	11 1783	16260	2
甼	12 1783	16261	2
甿	13 1783	16262	2
畁	1 1778	16263	2
畂	2 1778	16264	2
畃	3 1778	16265	2
畆	4 1778	16266	2
畇	5 1778	16267	2
畉	6 1778	16268	2
畐	7 1778	16269	2
畒	8 1778	16270	2
畕	9 1778	16271	2
畗	10 1778	16272	2
畘	11 1778	16273	2
畞	12 1778	16274	2
畟	13 1778	16275	2
畣	1 1773	16276	2
畨	2 1773	16277	2
畩	3 1773	16278	2
畮	4 1773	16279	2
畱	5 1773	16280	2
畵	6 1773	16281	2
畻	7 1773	16282	2
畼	8 1773	16283	2
畽	9 1773	16284	2
疀	10 1773	16285	2
疁	11 1773	16286	2
疂	12 1773	16287	2
疄	13 1773	16288	2
疅	1 1782	16289	2
疈	2 1782	16290	2
疉	3 1782	16291	2
疌	4 1782	16292	2
疓	5 1782	16293	2
疕	6 1782	16294	2
疘	7 1782	16295	2
疛	8 1782	16296	2
疜	9 1782	16297	2
疞	10 1782	16298	2
疢	11 1782	16299	2
疦	12 1782	16300	2
疧	13 1782	16301	2
疨	1 1774	16302	2
疩	2 1774	16303	2
疬	3 1774	16304	2
疰	4 1774	16305	2
疶	5 1774	16306	2
疷	6 1774	16307	2
疺	7 1774	16308	2
疻	8 1774	16309	2
疿	9 1774	16310	2
痀	10 1774	16311	2
痁	11 1774	16312	2
痄	12 1774	16313	2
痆	13 1774	16314	2
痋	1 1775	16315	2
痌	2 1775	16316	2
痎	3 1775	16317	2
痏	4 1775	16318	2
痐	5 1775	16319	2
痑	6 1775	16320	2
痓	7 1775	16321	2
痗	8 1775	16322	2
痚	9 1775	16323	2
痜	10 1775	16324	2
痠	11 1775	16325	2
痡	12 1775	16326	2
痥	13 1775	16327	2
痦	1 1776	16328	2
痬	2 1776	16329	2
痭	3 1776	16330	2
痮	4 1776	16331	2
痯	5 1776	16332	2
痶	6 1776	16333	2
痸	7 1776	16334	2
痻	8 1776	16335	2
痽	9 1776	16336	2
瘂	10 1776	16337	2
瘃	11 1776	16338	2
瘄	12 1776	16339	2
瘇	13 1776	16340	2
瘈	1 1779	16341	2
瘊	2 1779	16342	2
瘌	3 1779	16343	2
瘎	4 1779	16344	2
瘏	5 1779	16345	2
瘑	6 1779	16346	2
瘒	7 1779	16347	2
瘓	8 1779	16348	2
瘔	9 1779	16349	2
瘚	10 1779	16350	2
瘝	11 1779	16351	2
瘥	12 1779	16352	2
瘬	13 1779	16353	2
瘮	1 1793	16354	2
瘱	2 1793	16355	2
瘲	3 1793	16356	2
瘶	4 1793	16357	2
瘷	5 1793	16358	2
瘹	6 1793	16359	2
瘺	7 1793	16360	2
瘽	8 1793	16361	2
癁	9 1793	16362	2
癃	10 1793	16363	2
癄	11 1793	16364	2
癅	12 1793	16365	2
癉	13 1793	16366	2
癊	1 1803	16367	2
癏	2 1803	16368	2
癐	3 1803	16369	2
癑	4 1803	16370	2
癓	5 1803	16371	2
癕	6 1803	16372	2
癗	7 1803	16373	2
癘	8 1803	16374	2
癙	9 1803	16375	2
癛	10 1803	16376	2
癝	11 1803	16377	2
癠	12 1803	16378	2
癢	13 1803	16379	2
癤	1 1785	16380	2
癥	2 1785	16381	2
癦	3 1785	16382	2
癨	4 1785	16383	2
癱	5 1785	16384	2
癴	6 1785	16385	2
癵	7 1785	16386	2
癷	8 1785	16387	2
皅	9 1785	16388	2
皉	10 1785	16389	2
皌	11 1785	16390	2
皍	12 1785	16391	2
皏	13 1785	16392	2
皔	1 1788	16393	2
皗	2 1788	16394	2
皜	3 1788	16395	2
皟	4 1788	16396	2
皠	5 1788	16397	2
皢	6 1788	16398	2
皣	7 1788	16399	2
皥	8 1788	16400	2
皧	9 1788	16401	2
皨	10 1788	16402	2
皩	11 1788	16403	2
皪	12 1788	16404	2
皫	13 1788	16405	2
皬	1 1789	16406	2
皭	2 1789	16407	2
皯	3 1789	16408	2
皲	4 1789	16409	2
皳	5 1789	16410	2
皵	6 1789	16411	2
皻	7 1789	16412	2
皼	8 1789	16413	2
皽	9 1789	16414	2
皾	10 1789	16415	2
盀	11 1789	16416	2
盁	12 1789	16417	2
盄	13 1789	16418	2
盇	1 1790	16419	2
盓	2 1790	16420	2
盕	3 1790	16421	2
盙	4 1790	16422	2
盠	5 1790	16423	2
盢	6 1790	16424	2
盭	7 1790	16425	2
盰	8 1790	16426	2
盳	9 1790	16427	2
盵	10 1790	16428	2
盶	11 1790	16429	2
盷	12 1790	16430	2
盺	13 1790	16431	2
盽	1 1791	16432	2
盿	2 1791	16433	2
眂	3 1791	16434	2
眃	4 1791	16435	2
眆	5 1791	16436	2
眍	6 1791	16437	2
眐	7 1791	16438	2
眑	8 1791	16439	2
眒	9 1791	16440	2
眓	10 1791	16441	2
眖	11 1791	16442	2
眗	12 1791	16443	2
眝	13 1791	16444	2
眡	1 1808	16445	2
眣	2 1808	16446	2
眤	3 1808	16447	2
眧	4 1808	16448	2
眪	5 1808	16449	2
眫	6 1808	16450	2
眬	7 1808	16451	2
眮	8 1808	16452	2
眰	9 1808	16453	2
眱	10 1808	16454	2
眲	11 1808	16455	2
眿	12 1808	16456	2
睂	13 1808	16457	2
睄	1 1800	16458	2
睉	2 1800	16459	2
睊	3 1800	16460	2
睋	4 1800	16461	2
睎	5 1800	16462	2
睏	6 1800	16463	2
睓	7 1800	16464	2
睔	8 1800	16465	2
睕	9 1800	16466	2
睖	10 1800	16467	2
睗	11 1800	16468	2
睘	12 1800	16469	2
睜	13 1800	16470	2
睝	1 1804	16471	2
睟	2 1804	16472	2
睠	3 1804	16473	2
睤	4 1804	16474	2
睧	5 1804	16475	2
睯	6 1804	16476	2
睰	7 1804	16477	2
睲	8 1804	16478	2
睴	9 1804	16479	2
睸	10 1804	16480	2
睻	11 1804	16481	2
睼	12 1804	16482	2
瞁	13 1804	16483	2
瞂	1 1801	16484	2
瞃	2 1801	16485	2
瞉	3 1801	16486	2
瞊	4 1801	16487	2
瞐	5 1801	16488	2
瞔	6 1801	16489	2
瞖	7 1801	16490	2
瞗	8 1801	16491	2
瞘	9 1801	16492	2
瞙	10 1801	16493	2
瞚	11 1801	16494	2
瞛	12 1801	16495	2
瞜	13 1801	16496	2
瞝	1 1823	16497	2
瞣	2 1823	16498	2
瞤	3 1823	16499	2
瞦	4 1823	16500	2
瞨	5 1823	16501	2
瞮	6 1823	16502	2
瞯	7 1823	16503	2
瞱	8 1823	16504	2
瞲	9 1823	16505	2
瞴	10 1823	16506	2
瞵	11 1823	16507	2
瞶	12 1823	16508	2
瞸	13 1823	16509	2
瞹	1 1805	16510	2
矀	2 1805	16511	2
矁	3 1805	16512	2
矂	4 1805	16513	2
矃	5 1805	16514	2
矄	6 1805	16515	2
矅	7 1805	16516	2
矆	8 1805	16517	2
矇	9 1805	16518	2
矈	10 1805	16519	2
矉	11 1805	16520	2
矊	12 1805	16521	2
矋	13 1805	16522	2
矌	1 1807	16523	2
矎	2 1807	16524	2
矏	3 1807	16525	2
矐	4 1807	16526	2
矑	5 1807	16527	2
矒	6 1807	16528	2
矓	7 1807	16529	2
矔	8 1807	16530	2
矕	9 1807	16531	2
矖	10 1807	16532	2
矘	11 1807	16533	2
矙	12 1807	16534	2
矚	13 1807	16535	2
矝	1 1812	16536	2
矟	2 1812	16537	2
矠	3 1812	16538	2
矡	4 1812	16539	2
矤	5 1812	16540	2
矦	6 1812	16541	2
矨	7 1812	16542	2
矪	8 1812	16543	2
矱	9 1812	16544	2
矲	10 1812	16545	2
矴	11 1812	16546	2
矵	12 1812	16547	2
矷	13 1812	16548	2
矹	1 1816	16549	2
矺	2 1816	16550	2
砃	3 1816	16551	2
砄	4 1816	16552	2
砇	5 1816	16553	2
砎	6 1816	16554	2
砏	7 1816	16555	2
砐	8 1816	16556	2
砓	9 1816	16557	2
砙	10 1816	16558	2
砛	11 1816	16559	2
砞	12 1816	16560	2
砠	13 1816	16561	2
砡	1 1810	16562	2
砢	2 1810	16563	2
砤	3 1810	16564	2
砨	4 1810	16565	2
砱	5 1810	16566	2
砳	6 1810	16567	2
砶	7 1810	16568	2
砽	8 1810	16569	2
硂	9 1810	16570	2
硃	10 1810	16571	2
硄	11 1810	16572	2
硆	12 1810	16573	2
硈	13 1810	16574	2
硉	1 1813	16575	2
硊	2 1813	16576	2
硍	3 1813	16577	2
硑	4 1813	16578	2
硘	5 1813	16579	2
硛	6 1813	16580	2
硜	7 1813	16581	2
硞	8 1813	16582	2
硟	9 1813	16583	2
硡	10 1813	16584	2
硢	11 1813	16585	2
硣	12 1813	16586	2
硥	13 1813	16587	2
硧	1 1821	16588	2
硩	2 1821	16589	2
硰	3 1821	16590	2
硱	4 1821	16591	2
硳	5 1821	16592	2
硴	6 1821	16593	2
硵	7 1821	16594	2
硶	8 1821	16595	2
硹	9 1821	16596	2
硺	10 1821	16597	2
硻	11 1821	16598	2
硽	12 1821	16599	2
硾	13 1821	16600	2
碀	1 1824	16601	2
碂	2 1824	16602	2
碃	3 1824	16603	2
碄	4 1824	16604	2
碅	5 1824	16605	2
碈	6 1824	16606	2
碊	7 1824	16607	2
碋	8 1824	16608	2
碐	9 1824	16609	2
碒	10 1824	16610	2
碖	11 1824	16611	2
碙	12 1824	16612	2
碝	13 1824	16613	2
碠	1 1829	16614	2
碢	2 1829	16615	2
碤	3 1829	16616	2
碦	4 1829	16617	2
碨	5 1829	16618	2
碪	6 1829	16619	2
碫	7 1829	16620	2
碬	8 1829	16621	2
碮	9 1829	16622	2
碵	10 1829	16623	2
碷	11 1829	16624	2
碸	12 1829	16625	2
碽	13 1829	16626	2
碿	1 1864	16627	2
磀	2 1864	16628	2
磂	3 1864	16629	2
磄	4 1864	16630	2
磆	5 1864	16631	2
磇	6 1864	16632	2
磍	7 1864	16633	2
磒	8 1864	16634	2
磓	9 1864	16635	2
磗	10 1864	16636	2
磘	11 1864	16637	2
磛	12 1864	16638	2
磜	13 1864	16639	2
磞	1 1833	16640	2
磢	2 1833	16641	2
磣	3 1833	16642	2
磥	4 1833	16643	2
磦	5 1833	16644	2
磩	6 1833	16645	2
磪	7 1833	16646	2
磫	8 1833	16647	2
磭	9 1833	16648	2
磮	10 1833	16649	2
磰	11 1833	16650	2
磳	12 1833	16651	2
磶	13 1833	16652	2
磸	1 1834	16653	2
磹	2 1834	16654	2
磼	3 1834	16655	2
磽	4 1834	16656	2
磿	5 1834	16657	2
礂	6 1834	16658	2
礃	7 1834	16659	2
礇	8 1834	16660	2
礈	9 1834	16661	2
礉	10 1834	16662	2
礋	11 1834	16663	2
礍	12 1834	16664	2
礏	13 1834	16665	2
礐	1 1835	16666	2
礑	2 1835	16667	2
礔	3 1835	16668	2
礕	4 1835	16669	2
礖	5 1835	16670	2
礗	6 1835	16671	2
礘	7 1835	16672	2
礚	8 1835	16673	2
礛	9 1835	16674	2
礜	10 1835	16675	2
礝	11 1835	16676	2
礟	12 1835	16677	2
礠	13 1835	16678	2
礢	1 1839	16679	2
礣	2 1839	16680	2
礥	3 1839	16681	2
礧	4 1839	16682	2
礨	5 1839	16683	2
礭	6 1839	16684	2
礯	7 1839	16685	2
礰	8 1839	16686	2
礲	9 1839	16687	2
礳	10 1839	16688	2
礴	11 1839	16689	2
礶	12 1839	16690	2
礷	13 1839	16691	2
礸	1 1836	16692	2
礿	2 1836	16693	2
祄	3 1836	16694	2
祋	4 1836	16695	2
祌	5 1836	16696	2
祍	6 1836	16697	2
祑	7 1836	16698	2
祒	8 1836	16699	2
祡	9 1836	16700	2
祣	10 1836	16701	2
祤	11 1836	16702	2
祪	12 1836	16703	2
祬	13 1836	16704	2
祮	1 1843	16705	2
祰	2 1843	16706	2
祱	3 1843	16707	2
祲	4 1843	16708	2
祳	5 1843	16709	2
祴	6 1843	16710	2
祵	7 1843	16711	2
祶	8 1843	16712	2
祻	9 1843	16713	2
祽	10 1843	16714	2
禂	11 1843	16715	2
禃	12 1843	16716	2
禇	13 1843	16717	2
禈	1 1844	16718	2
禉	2 1844	16719	2
禌	3 1844	16720	2
禐	4 1844	16721	2
禒	5 1844	16722	2
禗	6 1844	16723	2
禙	7 1844	16724	2
禚	8 1844	16725	2
禜	9 1844	16726	2
禝	10 1844	16727	2
禞	11 1844	16728	2
禠	12 1844	16729	2
禡	13 1844	16730	2
禢	1 1845	16731	2
禣	2 1845	16732	2
禫	3 1845	16733	2
禭	4 1845	16734	2
禯	5 1845	16735	2
禲	6 1845	16736	2
禶	7 1845	16737	2
禷	8 1845	16738	2
秂	9 1845	16739	2
秄	10 1845	16740	2
秇	11 1845	16741	2
秈	12 1845	16742	2
秎	13 1845	16743	2
秐	1 1847	16744	2
秓	2 1847	16745	2
秔	3 1847	16746	2
秖	4 1847	16747	2
秚	5 1847	16748	2
秛	6 1847	16749	2
秜	7 1847	16750	2
秠	8 1847	16751	2
秥	9 1847	16752	2
秨	10 1847	16753	2
秪	11 1847	16754	2
秬	12 1847	16755	2
秮	13 1847	16756	2
秱	1 1851	16757	2
秲	2 1851	16758	2
秳	3 1851	16759	2
秴	4 1851	16760	2
秵	5 1851	16761	2
秶	6 1851	16762	2
秹	7 1851	16763	2
秼	8 1851	16764	2
秿	9 1851	16765	2
稁	10 1851	16766	2
稂	11 1851	16767	2
稄	12 1851	16768	2
稅	13 1851	16769	2
稆	1 1854	16770	2
稇	2 1854	16771	2
稉	3 1854	16772	2
稊	4 1854	16773	2
稌	5 1854	16774	2
稏	6 1854	16775	2
稐	7 1854	16776	2
稑	8 1854	16777	2
稒	9 1854	16778	2
稓	10 1854	16779	2
稕	11 1854	16780	2
稖	12 1854	16781	2
稘	13 1854	16782	2
稝	1 1857	16783	2
稡	2 1857	16784	2
稢	3 1857	16785	2
稤	4 1857	16786	2
稦	5 1857	16787	2
稧	6 1857	16788	2
稨	7 1857	16789	2
稩	8 1857	16790	2
稪	9 1857	16791	2
稫	10 1857	16792	2
稬	11 1857	16793	2
稯	12 1857	16794	2
稰	13 1857	16795	2
稵	1 1870	16796	2
稾	2 1870	16797	2
穁	3 1870	16798	2
穃	4 1870	16799	2
穅	5 1870	16800	2
穈	6 1870	16801	2
穊	7 1870	16802	2
穌	8 1870	16803	2
穒	9 1870	16804	2
穓	10 1870	16805	2
穔	11 1870	16806	2
穕	12 1870	16807	2
穖	13 1870	16808	2
穘	1 1866	16809	2
穟	2 1866	16810	2
穤	3 1866	16811	2
穥	4 1866	16812	2
穦	5 1866	16813	2
穧	6 1866	16814	2
穪	7 1866	16815	2
穬	8 1866	16816	2
穭	9 1866	16817	2
穮	10 1866	16818	2
穯	11 1866	16819	2
穱	12 1866	16820	2
穲	13 1866	16821	2
穳	1 2067	16822	2
穵	2 2067	16823	2
穼	3 2067	16824	2
穾	4 2067	16825	2
窂	5 2067	16826	2
窇	6 2067	16827	2
窉	7 2067	16828	2
窊	8 2067	16829	2
窌	9 2067	16830	2
窏	10 2067	16831	2
窐	11 2067	16832	2
窔	12 2067	16833	2
窙	13 2067	16834	2
窚	1 1873	16835	2
窞	2 1873	16836	2
窡	3 1873	16837	2
窤	4 1873	16838	2
窧	5 1873	16839	2
窱	6 1873	16840	2
窵	7 1873	16841	2
窶	8 1873	16842	2
窷	9 1873	16843	2
窹	10 1873	16844	2
窻	11 1873	16845	2
窼	12 1873	16846	2
窽	13 1873	16847	2
窾	1 1867	16848	2
竀	2 1867	16849	2
竁	3 1867	16850	2
竅	4 1867	16851	2
竆	5 1867	16852	2
竉	6 1867	16853	2
竌	7 1867	16854	2
竍	8 1867	16855	2
竎	9 1867	16856	2
竏	10 1867	16857	2
竐	11 1867	16858	2
竓	12 1867	16859	2
竔	13 1867	16860	2
竕	1 1875	16861	2
竗	2 1875	16862	2
竛	3 1875	16863	2
竡	4 1875	16864	2
竬	5 1875	16865	2
竮	6 1875	16866	2
竱	7 1875	16867	2
竲	8 1875	16868	2
竵	9 1875	16869	2
竷	10 1875	16870	2
竸	11 1875	16871	2
竼	12 1875	16872	2
竾	13 1875	16873	2
笀	1 1898	16874	2
笁	2 1898	16875	2
笅	3 1898	16876	2
笇	4 1898	16877	2
笉	5 1898	16878	2
笌	6 1898	16879	2
笍	7 1898	16880	2
笎	8 1898	16881	2
笐	9 1898	16882	2
笓	10 1898	16883	2
笖	11 1898	16884	2
笗	12 1898	16885	2
笜	13 1898	16886	2
笝	1 1926	16887	2
笟	2 1926	16888	2
笡	3 1926	16889	2
笯	4 1926	16890	2
笰	5 1926	16891	2
笲	6 1926	16892	2
笶	7 1926	16893	2
笷	8 1926	16894	2
笻	9 1926	16895	2
笽	10 1926	16896	2
笿	11 1926	16897	2
筀	12 1926	16898	2
筁	13 1926	16899	2
筂	1 1874	16900	2
筃	2 1874	16901	2
筄	3 1874	16902	2
筓	4 1874	16903	2
筕	5 1874	16904	2
筗	6 1874	16905	2
筙	7 1874	16906	2
筞	8 1874	16907	2
筟	9 1874	16908	2
筡	10 1874	16909	2
筢	11 1874	16910	2
筣	12 1874	16911	2
筤	13 1874	16912	2
筨	1 1876	16913	2
筪	2 1876	16914	2
筫	3 1876	16915	2
筸	4 1876	16916	2
箁	5 1876	16917	2
箃	6 1876	16918	2
箄	7 1876	16919	2
箈	8 1876	16920	2
箉	9 1876	16921	2
箊	10 1876	16922	2
箌	11 1876	16923	2
箑	12 1876	16924	2
箖	13 1876	16925	2
箘	1 1877	16926	2
箛	2 1877	16927	2
箞	3 1877	16928	2
箠	4 1877	16929	2
箤	5 1877	16930	2
箥	6 1877	16931	2
箮	7 1877	16932	2
箯	8 1877	16933	2
箰	9 1877	16934	2
箲	10 1877	16935	2
箳	11 1877	16936	2
箵	12 1877	16937	2
箶	13 1877	16938	2
箷	1 1879	16939	2
箹	2 1879	16940	2
箺	3 1879	16941	2
箻	4 1879	16942	2
箼	5 1879	16943	2
箽	6 1879	16944	2
箾	7 1879	16945	2
箿	8 1879	16946	2
篂	9 1879	16947	2
篃	10 1879	16948	2
篅	11 1879	16949	2
篈	12 1879	16950	2
篊	13 1879	16951	2
篍	1 1881	16952	2
篎	2 1881	16953	2
篐	3 1881	16954	2
篑	4 1881	16955	2
篒	5 1881	16956	2
篔	6 1881	16957	2
篕	7 1881	16958	2
篖	8 1881	16959	2
篗	9 1881	16960	2
篘	10 1881	16961	2
篛	11 1881	16962	2
篜	12 1881	16963	2
篞	13 1881	16964	2
篟	1 1884	16965	2
篢	2 1884	16966	2
篣	3 1884	16967	2
篧	4 1884	16968	2
篨	5 1884	16969	2
篫	6 1884	16970	2
篬	7 1884	16971	2
篲	8 1884	16972	2
篵	9 1884	16973	2
篸	10 1884	16974	2
篹	11 1884	16975	2
篺	12 1884	16976	2
篻	13 1884	16977	2
篽	1 1887	16978	2
篿	2 1887	16979	2
簂	3 1887	16980	2
簄	4 1887	16981	2
簅	5 1887	16982	2
簆	6 1887	16983	2
簈	7 1887	16984	2
簉	8 1887	16985	2
簊	9 1887	16986	2
簌	10 1887	16987	2
簍	11 1887	16988	2
簎	12 1887	16989	2
簐	13 1887	16990	2
簚	1 1890	16991	2
簛	2 1890	16992	2
簜	3 1890	16993	2
簝	4 1890	16994	2
簢	5 1890	16995	2
簤	6 1890	16996	2
簥	7 1890	16997	2
簨	8 1890	16998	2
簩	9 1890	16999	2
簬	10 1890	17000	2
簭	11 1890	17001	2
簮	12 1890	17002	2
簯	13 1890	17003	2
簰	1 1893	17004	2
簲	2 1893	17005	2
簴	3 1893	17006	2
簵	4 1893	17007	2
簹	5 1893	17008	2
簻	6 1893	17009	2
簼	7 1893	17010	2
籂	8 1893	17011	2
籄	9 1893	17012	2
籅	10 1893	17013	2
籆	11 1893	17014	2
籇	12 1893	17015	2
籈	13 1893	17016	2
籉	1 1892	17017	2
籊	2 1892	17018	2
籋	3 1892	17019	2
籎	4 1892	17020	2
籑	5 1892	17021	2
籕	6 1892	17022	2
籗	7 1892	17023	2
籚	8 1892	17024	2
籛	9 1892	17025	2
籜	10 1892	17026	2
籝	11 1892	17027	2
籞	12 1892	17028	2
籢	13 1892	17029	2
籦	1 1900	17030	2
籧	2 1900	17031	2
籨	3 1900	17032	2
籩	4 1900	17033	2
籪	5 1900	17034	2
籫	6 1900	17035	2
籭	7 1900	17036	2
籯	8 1900	17037	2
籰	9 1900	17038	2
籱	10 1900	17039	2
籲	11 1900	17040	2
籵	12 1900	17041	2
籶	13 1900	17042	2
籷	1 1894	17043	2
籸	2 1894	17044	2
籺	3 1894	17045	2
籿	4 1894	17046	2
粀	5 1894	17047	2
粅	6 1894	17048	2
粆	7 1894	17049	2
粇	8 1894	17050	2
粈	9 1894	17051	2
粊	10 1894	17052	2
粌	11 1894	17053	2
粎	12 1894	17054	2
粏	13 1894	17055	2
粐	1 1899	17056	2
粓	2 1899	17057	2
粔	3 1899	17058	2
粖	4 1899	17059	2
粙	5 1899	17060	2
粚	6 1899	17061	2
粡	7 1899	17062	2
粨	8 1899	17063	2
粫	9 1899	17064	2
粯	10 1899	17065	2
粰	11 1899	17066	2
粴	12 1899	17067	2
粶	13 1899	17068	2
粷	1 1902	17069	2
粸	2 1902	17070	2
粺	3 1902	17071	2
粻	4 1902	17072	2
糂	5 1902	17073	2
糃	6 1902	17074	2
糄	7 1902	17075	2
糆	8 1902	17076	2
糋	9 1902	17077	2
糌	10 1902	17078	2
糏	11 1902	17079	2
糐	12 1902	17080	2
糑	13 1902	17081	2
糓	1 1903	17082	2
糔	2 1903	17083	2
糘	3 1903	17084	2
糚	4 1903	17085	2
糛	5 1903	17086	2
糡	6 1903	17087	2
糣	7 1903	17088	2
糤	8 1903	17089	2
糥	9 1903	17090	2
糦	10 1903	17091	2
糩	11 1903	17092	2
糪	12 1903	17093	2
糫	13 1903	17094	2
糭	1 1906	17095	2
糮	2 1906	17096	2
糱	3 1906	17097	2
糳	4 1906	17098	2
糶	5 1906	17099	2
糷	6 1906	17100	2
糹	7 1906	17101	2
糽	8 1906	17102	2
糿	9 1906	17103	2
紁	10 1906	17104	2
紃	11 1906	17105	2
紈	12 1906	17106	2
紉	13 1906	17107	2
紌	1 1909	17108	2
紎	2 1909	17109	2
紏	3 1909	17110	2
紕	4 1909	17111	2
紖	5 1909	17112	2
紜	6 1909	17113	2
紟	7 1909	17114	2
紣	8 1909	17115	2
紤	9 1909	17116	2
紥	10 1909	17117	2
紦	11 1909	17118	2
紨	12 1909	17119	2
紪	13 1909	17120	2
紭	1 1910	17121	2
紴	2 1910	17122	2
紶	3 1910	17123	2
紷	4 1910	17124	2
紸	5 1910	17125	2
紻	6 1910	17126	2
紼	7 1910	17127	2
紽	8 1910	17128	2
紾	9 1910	17129	2
絀	10 1910	17130	2
絇	11 1910	17131	2
絉	12 1910	17132	2
絊	13 1910	17133	2
絑	1 1911	17134	2
絔	2 1911	17135	2
絗	3 1911	17136	2
絘	4 1911	17137	2
絚	5 1911	17138	2
絝	6 1911	17139	2
絟	7 1911	17140	2
絠	8 1911	17141	2
絤	9 1911	17142	2
絥	10 1911	17143	2
絧	11 1911	17144	2
絩	12 1911	17145	2
絬	13 1911	17146	2
絭	1 1914	17147	2
絯	2 1914	17148	2
絰	3 1914	17149	2
絴	4 1914	17150	2
絸	5 1914	17151	2
絻	6 1914	17152	2
絼	7 1914	17153	2
絾	8 1914	17154	2
綀	9 1914	17155	2
綁	10 1914	17156	2
綂	11 1914	17157	2
綃	12 1914	17158	2
綄	13 1914	17159	2
綆	1 1915	17160	2
綇	2 1915	17161	2
綈	3 1915	17162	2
綊	4 1915	17163	2
綌	5 1915	17164	2
綐	6 1915	17165	2
綑	7 1915	17166	2
綒	8 1915	17167	2
綔	9 1915	17168	2
綕	10 1915	17169	2
綗	11 1915	17170	2
綘	12 1915	17171	2
綞	13 1915	17172	2
綢	1 1927	17173	2
綤	2 1927	17174	2
綥	3 1927	17175	2
綨	4 1927	17176	2
綩	5 1927	17177	2
綳	6 1927	17178	2
綶	7 1927	17179	2
綹	8 1927	17180	2
綼	9 1927	17181	2
緀	10 1927	17182	2
緂	11 1927	17183	2
緃	12 1927	17184	2
緅	13 1927	17185	2
緆	1 1920	17186	2
緇	2 1920	17187	2
緉	3 1920	17188	2
緌	4 1920	17189	2
緍	5 1920	17190	2
緎	6 1920	17191	2
緐	7 1920	17192	2
緓	8 1920	17193	2
緔	9 1920	17194	2
緕	10 1920	17195	2
緗	11 1920	17196	2
緙	12 1920	17197	2
緛	13 1920	17198	2
緢	1 1921	17199	2
緥	2 1921	17200	2
緦	3 1921	17201	2
緧	4 1921	17202	2
緪	5 1921	17203	2
緫	6 1921	17204	2
緭	7 1921	17205	2
緮	8 1921	17206	2
緰	9 1921	17207	2
緳	10 1921	17208	2
緵	11 1921	17209	2
緶	12 1921	17210	2
緷	13 1921	17211	2
緸	1 1925	17212	2
緹	2 1925	17213	2
緺	3 1925	17214	2
緼	4 1925	17215	2
緽	5 1925	17216	2
緾	6 1925	17217	2
緿	7 1925	17218	2
縀	8 1925	17219	2
縃	9 1925	17220	2
縆	10 1925	17221	2
縇	11 1925	17222	2
縈	12 1925	17223	2
縌	13 1925	17224	2
縍	1 1928	17225	2
縎	2 1928	17226	2
縏	3 1928	17227	2
縐	4 1928	17228	2
縑	5 1928	17229	2
縓	6 1928	17230	2
縔	7 1928	17231	2
縖	8 1928	17232	2
縗	9 1928	17233	2
縘	10 1928	17234	2
縙	11 1928	17235	2
縚	12 1928	17236	2
縜	13 1928	17237	2
縤	1 1929	17238	2
縥	2 1929	17239	2
縧	3 1929	17240	2
縨	4 1929	17241	2
縩	5 1929	17242	2
縪	6 1929	17243	2
縬	7 1929	17244	2
縭	8 1929	17245	2
縰	9 1929	17246	2
縳	10 1929	17247	2
縴	11 1929	17248	2
縶	12 1929	17249	2
縸	13 1929	17250	2
縼	1 1931	17251	2
縿	2 1931	17252	2
繀	3 1931	17253	2
繂	4 1931	17254	2
繅	5 1931	17255	2
繉	6 1931	17256	2
繌	7 1931	17257	2
繎	8 1931	17258	2
繏	9 1931	17259	2
繐	10 1931	17260	2
繑	11 1931	17261	2
繓	12 1931	17262	2
繗	13 1931	17263	2
繘	1 1933	17264	2
繛	2 1933	17265	2
繟	3 1933	17266	2
繠	4 1933	17267	2
繣	5 1933	17268	2
繤	6 1933	17269	2
繥	7 1933	17270	2
繨	8 1933	17271	2
繮	9 1933	17272	2
繱	10 1933	17273	2
繲	11 1933	17274	2
繳	12 1933	17275	2
繴	13 1933	17276	2
繵	1 1934	17277	2
繶	2 1934	17278	2
繷	3 1934	17279	2
繸	4 1934	17280	2
繺	5 1934	17281	2
繽	6 1934	17282	2
繾	7 1934	17283	2
繿	8 1934	17284	2
纀	9 1934	17285	2
纁	10 1934	17286	2
纃	11 1934	17287	2
纄	12 1934	17288	2
纅	13 1934	17289	2
纆	1 1939	17290	2
纇	2 1939	17291	2
纊	3 1939	17292	2
纋	4 1939	17293	2
纍	5 1939	17294	2
纎	6 1939	17295	2
纑	7 1939	17296	2
纔	8 1939	17297	2
纗	9 1939	17298	2
纙	10 1939	17299	2
纚	11 1939	17300	2
纝	12 1939	17301	2
纞	13 1939	17302	2
纼	1 1943	17303	2
绤	2 1943	17304	2
绬	3 1943	17305	2
缹	4 1943	17306	2
缻	5 1943	17307	2
缽	6 1943	17308	2
缾	7 1943	17309	2
缿	8 1943	17310	2
罀	9 1943	17311	2
罁	10 1943	17312	2
罆	11 1943	17313	2
罈	12 1943	17314	2
罉	13 1943	17315	2
罊	1 2146	17316	2
罋	2 2146	17317	2
罎	3 2146	17318	2
罏	4 2146	17319	2
罓	5 2146	17320	2
罖	6 2146	17321	2
罙	7 2146	17322	2
罛	8 2146	17323	2
罜	9 2146	17324	2
罞	10 2146	17325	2
罤	11 2146	17326	2
罥	12 2146	17327	2
罦	13 2146	17328	2
罧	1 1945	17329	2
罬	2 1945	17330	2
罭	3 1945	17331	2
罯	4 1945	17332	2
罶	5 1945	17333	2
罸	6 1945	17334	2
罺	7 1945	17335	2
罻	8 1945	17336	2
罼	9 1945	17337	2
羀	10 1945	17338	2
羃	11 1945	17339	2
羄	12 1945	17340	2
羇	13 1945	17341	2
羉	1 1952	17342	2
羍	2 1952	17343	2
羏	3 1952	17344	2
羐	4 1952	17345	2
羒	5 1952	17346	2
羖	6 1952	17347	2
羗	7 1952	17348	2
羘	8 1952	17349	2
羛	9 1952	17350	2
羜	10 1952	17351	2
羠	11 1952	17352	2
羢	12 1952	17353	2
羥	13 1952	17354	2
羦	1 1956	17355	2
羫	2 1956	17356	2
羬	3 1956	17357	2
羭	4 1956	17358	2
羳	5 1956	17359	2
羴	6 1956	17360	2
羵	7 1956	17361	2
羶	8 1956	17362	2
羷	9 1956	17363	2
羺	10 1956	17364	2
羻	11 1956	17365	2
翄	12 1956	17366	2
翇	13 1956	17367	2
翉	1 1951	17368	2
翍	2 1951	17369	2
翏	3 1951	17370	2
翐	4 1951	17371	2
翓	5 1951	17372	2
翖	6 1951	17373	2
翗	7 1951	17374	2
翝	8 1951	17375	2
翞	9 1951	17376	2
翢	10 1951	17377	2
翣	11 1951	17378	2
翤	12 1951	17379	2
翧	13 1951	17380	2
翨	1 1954	17381	2
翪	2 1954	17382	2
翭	3 1954	17383	2
翯	4 1954	17384	2
翲	5 1954	17385	2
翴	6 1954	17386	2
翵	7 1954	17387	2
翶	8 1954	17388	2
翸	9 1954	17389	2
翿	10 1954	17390	2
耈	11 1954	17391	2
耎	12 1954	17392	2
耔	13 1954	17393	2
耚	1 1955	17394	2
耛	2 1955	17395	2
耝	3 1955	17396	2
耞	4 1955	17397	2
耟	5 1955	17398	2
耠	6 1955	17399	2
耡	7 1955	17400	2
耢	8 1955	17401	2
耣	9 1955	17402	2
耤	10 1955	17403	2
耥	11 1955	17404	2
耩	12 1955	17405	2
耫	13 1955	17406	2
耬	1 1957	17407	2
耮	2 1957	17408	2
耯	3 1957	17409	2
耱	4 1957	17410	2
耲	5 1957	17411	2
耴	6 1957	17412	2
耵	7 1957	17413	2
耹	8 1957	17414	2
耺	9 1957	17415	2
耼	10 1957	17416	2
耾	11 1957	17417	2
聁	12 1957	17418	2
聅	13 1957	17419	2
聇	1 1959	17420	2
聈	2 1959	17421	2
聉	3 1959	17422	2
聍	4 1959	17423	2
聎	5 1959	17424	2
聏	6 1959	17425	2
聐	7 1959	17426	2
聑	8 1959	17427	2
聓	9 1959	17428	2
聕	10 1959	17429	2
聗	11 1959	17430	2
聙	12 1959	17431	2
聛	13 1959	17432	2
聜	1 1965	17433	2
聝	2 1965	17434	2
聠	3 1965	17435	2
聣	4 1965	17436	2
聤	5 1965	17437	2
聥	6 1965	17438	2
聦	7 1965	17439	2
聧	8 1965	17440	2
聩	9 1965	17441	2
聫	10 1965	17442	2
聬	11 1965	17443	2
聭	12 1965	17444	2
聮	13 1965	17445	2
聱	1 1966	17446	2
聸	2 1966	17447	2
聹	3 1966	17448	2
聺	4 1966	17449	2
聻	5 1966	17450	2
肁	6 1966	17451	2
肂	7 1966	17452	2
肊	8 1966	17453	2
肍	9 1966	17454	2
肎	10 1966	17455	2
肑	11 1966	17456	2
肒	12 1966	17457	2
肔	13 1966	17458	2
肕	1 1970	17459	2
肗	2 1970	17460	2
肙	3 1970	17461	2
肞	4 1970	17462	2
肣	5 1970	17463	2
肦	6 1970	17464	2
肧	7 1970	17465	2
肨	8 1970	17466	2
肬	9 1970	17467	2
肰	10 1970	17468	2
肳	11 1970	17469	2
肵	12 1970	17470	2
肶	13 1970	17471	2
肹	1 1976	17472	2
肻	2 1976	17473	2
胇	3 1976	17474	2
胈	4 1976	17475	2
胉	5 1976	17476	2
胊	6 1976	17477	2
胋	7 1976	17478	2
胏	8 1976	17479	2
胐	9 1976	17480	2
胑	10 1976	17481	2
胒	11 1976	17482	2
胓	12 1976	17483	2
胕	13 1976	17484	2
胘	1 1971	17485	2
胟	2 1971	17486	2
胢	3 1971	17487	2
胣	4 1971	17488	2
胦	5 1971	17489	2
胮	6 1971	17490	2
胲	7 1971	17491	2
胵	8 1971	17492	2
胷	9 1971	17493	2
胹	10 1971	17494	2
胻	11 1971	17495	2
胾	12 1971	17496	2
胿	13 1971	17497	2
脀	1 1978	17498	2
脃	2 1978	17499	2
脄	3 1978	17500	2
脌	4 1978	17501	2
脕	5 1978	17502	2
脗	6 1978	17503	2
脙	7 1978	17504	2
脜	8 1978	17505	2
脝	9 1978	17506	2
脟	10 1978	17507	2
脠	11 1978	17508	2
脡	12 1978	17509	2
脥	13 1978	17510	2
脦	1 1979	17511	2
脧	2 1979	17512	2
脨	3 1979	17513	2
脪	4 1979	17514	2
脫	5 1979	17515	2
脭	6 1979	17516	2
脮	7 1979	17517	2
脴	8 1979	17518	2
脵	9 1979	17519	2
脶	10 1979	17520	2
脺	11 1979	17521	2
脻	12 1979	17522	2
脼	13 1979	17523	2
脽	1 1981	17524	2
脿	2 1981	17525	2
腀	3 1981	17526	2
腁	4 1981	17527	2
腅	5 1981	17528	2
腇	6 1981	17529	2
腏	7 1981	17530	2
腒	8 1981	17531	2
腖	9 1981	17532	2
腗	10 1981	17533	2
腛	11 1981	17534	2
腜	12 1981	17535	2
腝	13 1981	17536	2
腞	1 1992	17537	2
腠	2 1992	17538	2
腡	3 1992	17539	2
腢	4 1992	17540	2
腣	5 1992	17541	2
腤	6 1992	17542	2
腧	7 1992	17543	2
腨	8 1992	17544	2
腪	9 1992	17545	2
腯	10 1992	17546	2
腲	11 1992	17547	2
腵	12 1992	17548	2
腶	13 1992	17549	2
腽	1 1989	17550	2
膁	2 1989	17551	2
膄	3 1989	17552	2
膆	4 1989	17553	2
膇	5 1989	17554	2
膉	6 1989	17555	2
膋	7 1989	17556	2
膍	8 1989	17557	2
膎	9 1989	17558	2
膐	10 1989	17559	2
膔	11 1989	17560	2
膕	12 1989	17561	2
膖	13 1989	17562	2
膗	1 1990	17563	2
膙	2 1990	17564	2
膞	3 1990	17565	2
膟	4 1990	17566	2
膡	5 1990	17567	2
膢	6 1990	17568	2
膤	7 1990	17569	2
膧	8 1990	17570	2
膩	9 1990	17571	2
膪	10 1990	17572	2
膫	11 1990	17573	2
膬	12 1990	17574	2
膭	13 1990	17575	2
膮	1 1991	17576	2
膯	2 1991	17577	2
膰	3 1991	17578	2
膱	4 1991	17579	2
膲	5 1991	17580	2
膴	6 1991	17581	2
膶	7 1991	17582	2
膷	8 1991	17583	2
膸	9 1991	17584	2
膹	10 1991	17585	2
膼	11 1991	17586	2
臄	12 1991	17587	2
臅	13 1991	17588	2
臇	1 1993	17589	2
臋	2 1993	17590	2
臌	3 1993	17591	2
臎	4 1993	17592	2
臐	5 1993	17593	2
臒	6 1993	17594	2
臔	7 1993	17595	2
臕	8 1993	17596	2
臖	9 1993	17597	2
臗	10 1993	17598	2
臛	11 1993	17599	2
臝	12 1993	17600	2
臟	13 1993	17601	2
臡	1 2010	17602	2
臢	2 2010	17603	2
臤	3 2010	17604	2
臦	4 2010	17605	2
臩	5 2010	17606	2
臫	6 2010	17607	2
臰	7 2010	17608	2
臱	8 2010	17609	2
臲	9 2010	17610	2
臵	10 2010	17611	2
臷	11 2010	17612	2
臸	12 2010	17613	2
臹	13 2010	17614	2
臽	1 1996	17615	2
舋	2 1996	17616	2
舏	3 1996	17617	2
舑	4 1996	17618	2
舓	5 1996	17619	2
舕	6 1996	17620	2
舙	7 1996	17621	2
舚	8 1996	17622	2
舝	9 1996	17623	2
舠	10 1996	17624	2
舤	11 1996	17625	2
舦	12 1996	17626	2
舧	13 1996	17627	2
舮	1 2004	17628	2
舽	2 2004	17629	2
舿	3 2004	17630	2
艁	4 2004	17631	2
艂	5 2004	17632	2
艆	6 2004	17633	2
艈	7 2004	17634	2
艊	8 2004	17635	2
艌	9 2004	17636	2
艍	10 2004	17637	2
艎	11 2004	17638	2
艐	12 2004	17639	2
艑	13 2004	17640	2
艒	1 2006	17641	2
艓	2 2006	17642	2
艔	3 2006	17643	2
艕	4 2006	17644	2
艖	5 2006	17645	2
艗	6 2006	17646	2
艛	7 2006	17647	2
艝	8 2006	17648	2
艞	9 2006	17649	2
艠	10 2006	17650	2
艡	11 2006	17651	2
艢	12 2006	17652	2
艣	13 2006	17653	2
艧	1 2007	17654	2
艩	2 2007	17655	2
艪	3 2007	17656	2
艬	4 2007	17657	2
艭	5 2007	17658	2
艴	6 2007	17659	2
艵	7 2007	17660	2
艻	8 2007	17661	2
芀	9 2007	17662	2
芁	10 2007	17663	2
芅	11 2007	17664	2
芆	12 2007	17665	2
芇	13 2007	17666	2
芌	1 2012	17667	2
芓	2 2012	17668	2
芔	3 2012	17669	2
芕	4 2012	17670	2
芖	5 2012	17671	2
芞	6 2012	17672	2
芢	7 2012	17673	2
芧	8 2012	17674	2
苂	9 2012	17675	2
苃	10 2012	17676	2
苆	11 2012	17677	2
苉	12 2012	17678	2
苚	13 2012	17679	2
苝	1 2019	17680	2
苠	2 2019	17681	2
苢	3 2019	17682	2
苨	4 2019	17683	2
苩	5 2019	17684	2
苬	6 2019	17685	2
苮	7 2019	17686	2
苰	8 2019	17687	2
苲	9 2019	17688	2
苵	10 2019	17689	2
苶	11 2019	17690	2
苸	12 2019	17691	2
苼	13 2019	17692	2
茀	1 2014	17693	2
茊	2 2014	17694	2
茋	3 2014	17695	2
茐	4 2014	17696	2
茒	5 2014	17697	2
茞	6 2014	17698	2
茟	7 2014	17699	2
茠	8 2014	17700	2
茡	9 2014	17701	2
茢	10 2014	17702	2
茤	11 2014	17703	2
茥	12 2014	17704	2
茦	13 2014	17705	2
茩	1 2016	17706	2
茪	2 2016	17707	2
茮	3 2016	17708	2
茰	4 2016	17709	2
茳	5 2016	17710	2
茷	6 2016	17711	2
茻	7 2016	17712	2
茽	8 2016	17713	2
茾	9 2016	17714	2
茿	10 2016	17715	2
荁	11 2016	17716	2
荄	12 2016	17717	2
荋	13 2016	17718	2
荌	1 2018	17719	2
荍	2 2018	17720	2
荓	3 2018	17721	2
荕	4 2018	17722	2
荗	5 2018	17723	2
荝	6 2018	17724	2
荭	7 2018	17725	2
荮	8 2018	17726	2
荰	9 2018	17727	2
荱	10 2018	17728	2
荲	11 2018	17729	2
荴	12 2018	17730	2
荶	13 2018	17731	2
荹	1 2024	17732	2
荺	2 2024	17733	2
荾	3 2024	17734	2
荿	4 2024	17735	2
莀	5 2024	17736	2
莁	6 2024	17737	2
莂	7 2024	17738	2
莃	8 2024	17739	2
莄	9 2024	17740	2
莈	10 2024	17741	2
莌	11 2024	17742	2
莍	12 2024	17743	2
莏	13 2024	17744	2
莐	1 2025	17745	2
莑	2 2025	17746	2
莔	3 2025	17747	2
莕	4 2025	17748	2
莗	5 2025	17749	2
莝	6 2025	17750	2
莡	7 2025	17751	2
莣	8 2025	17752	2
莥	9 2025	17753	2
莦	10 2025	17754	2
莭	11 2025	17755	2
莯	12 2025	17756	2
莻	13 2025	17757	2
莾	1 2035	17758	2
菃	2 2035	17759	2
菄	3 2035	17760	2
菆	4 2035	17761	2
菋	5 2035	17762	2
菐	6 2035	17763	2
菒	7 2035	17764	2
菕	8 2035	17765	2
菗	9 2035	17766	2
菙	10 2035	17767	2
菚	11 2035	17768	2
菛	12 2035	17769	2
菞	13 2035	17770	2
菢	1 2038	17771	2
菣	2 2038	17772	2
菤	3 2038	17773	2
菦	4 2038	17774	2
菧	5 2038	17775	2
菨	6 2038	17776	2
菬	7 2038	17777	2
菭	8 2038	17778	2
菮	9 2038	17779	2
菳	10 2038	17780	2
菵	11 2038	17781	2
菶	12 2038	17782	2
菺	13 2038	17783	2
菼	1 2037	17784	2
菾	2 2037	17785	2
菿	3 2037	17786	2
萀	4 2037	17787	2
萂	5 2037	17788	2
萅	6 2037	17789	2
萈	7 2037	17790	2
萉	8 2037	17791	2
萐	9 2037	17792	2
萒	10 2037	17793	2
萔	11 2037	17794	2
萕	12 2037	17795	2
萖	13 2037	17796	2
萗	1 2043	17797	2
萙	2 2043	17798	2
萚	3 2043	17799	2
萛	4 2043	17800	2
萞	5 2043	17801	2
萟	6 2043	17802	2
萪	7 2043	17803	2
萫	8 2043	17804	2
萭	9 2043	17805	2
萮	10 2043	17806	2
萯	11 2043	17807	2
萰	12 2043	17808	2
萲	13 2043	17809	2
萴	1 2063	17810	2
萶	2 2063	17811	2
萷	3 2063	17812	2
萹	4 2063	17813	2
萺	5 2063	17814	2
萻	6 2063	17815	2
萾	7 2063	17816	2
萿	8 2063	17817	2
葀	9 2063	17818	2
葁	10 2063	17819	2
葂	11 2063	17820	2
葃	12 2063	17821	2
葄	13 2063	17822	2
葅	1 2046	17823	2
葋	2 2046	17824	2
葌	3 2046	17825	2
葍	4 2046	17826	2
葏	5 2046	17827	2
葐	6 2046	17828	2
葒	7 2046	17829	2
葓	8 2046	17830	2
葔	9 2046	17831	2
葕	10 2046	17832	2
葚	11 2046	17833	2
葝	12 2046	17834	2
葞	13 2046	17835	2
葟	1 2051	17836	2
葠	2 2051	17837	2
葢	3 2051	17838	2
葤	4 2051	17839	2
葥	5 2051	17840	2
葨	6 2051	17841	2
葪	7 2051	17842	2
葲	8 2051	17843	2
葴	9 2051	17844	2
葹	10 2051	17845	2
葻	11 2051	17846	2
葼	12 2051	17847	2
葽	13 2051	17848	2
葾	1 2072	17849	2
葿	2 2072	17850	2
蒀	3 2072	17851	2
蒁	4 2072	17852	2
蒃	5 2072	17853	2
蒆	6 2072	17854	2
蒇	7 2072	17855	2
蒈	8 2072	17856	2
蒊	9 2072	17857	2
蒍	10 2072	17858	2
蒏	11 2072	17859	2
蒑	12 2072	17860	2
蒒	13 2072	17861	2
蒓	1 2057	17862	2
蒕	2 2057	17863	2
蒖	3 2057	17864	2
蒘	4 2057	17865	2
蒚	5 2057	17866	2
蒛	6 2057	17867	2
蒝	7 2057	17868	2
蒞	8 2057	17869	2
蒠	9 2057	17870	2
蒢	10 2057	17871	2
蒣	11 2057	17872	2
蒤	12 2057	17873	2
蒥	13 2057	17874	2
蒦	1 2058	17875	2
蒧	2 2058	17876	2
蒩	3 2058	17877	2
蒪	4 2058	17878	2
蒫	5 2058	17879	2
蒬	6 2058	17880	2
蒮	7 2058	17881	2
蒰	8 2058	17882	2
蒳	9 2058	17883	2
蒵	10 2058	17884	2
蒶	11 2058	17885	2
蒷	12 2058	17886	2
蓃	13 2058	17887	2
蓅	1 2059	17888	2
蓈	2 2059	17889	2
蓌	3 2059	17890	2
蓎	4 2059	17891	2
蓏	5 2059	17892	2
蓒	6 2059	17893	2
蓔	7 2059	17894	2
蓕	8 2059	17895	2
蓗	9 2059	17896	2
蓘	10 2059	17897	2
蓛	11 2059	17898	2
蓞	12 2059	17899	2
蓠	13 2059	17900	2
蓡	1 2061	17901	2
蓢	2 2061	17902	2
蓤	3 2061	17903	2
蓩	4 2061	17904	2
蓪	5 2061	17905	2
蓫	6 2061	17906	2
蓭	7 2061	17907	2
蓰	8 2061	17908	2
蓱	9 2061	17909	2
蓲	10 2061	17910	2
蓳	11 2061	17911	2
蓵	12 2061	17912	2
蓶	13 2061	17913	2
蓷	1 2066	17914	2
蓸	2 2066	17915	2
蓹	3 2066	17916	2
蓺	4 2066	17917	2
蓻	5 2066	17918	2
蓾	6 2066	17919	2
蔁	7 2066	17920	2
蔂	8 2066	17921	2
蔃	9 2066	17922	2
蔄	10 2066	17923	2
蔅	11 2066	17924	2
蔇	12 2066	17925	2
蔈	13 2066	17926	2
蔉	1 2070	17927	2
蔊	2 2070	17928	2
蔋	3 2070	17929	2
蔌	4 2070	17930	2
蔍	5 2070	17931	2
蔎	6 2070	17932	2
蔏	7 2070	17933	2
蔐	8 2070	17934	2
蔒	9 2070	17935	2
蔖	10 2070	17936	2
蔙	11 2070	17937	2
蔛	12 2070	17938	2
蔝	13 2070	17939	2
蔠	1 2089	17940	2
蔤	2 2089	17941	2
蔧	3 2089	17942	2
蔨	4 2089	17943	2
蔩	5 2089	17944	2
蔮	6 2089	17945	2
蔰	7 2089	17946	2
蔱	8 2089	17947	2
蔳	9 2089	17948	2
蔶	10 2089	17949	2
蔹	11 2089	17950	2
蔾	12 2089	17951	2
蕀	13 2089	17952	2
蕂	1 2077	17953	2
蕄	2 2077	17954	2
蕇	3 2077	17955	2
蕌	4 2077	17956	2
蕍	5 2077	17957	2
蕏	6 2077	17958	2
蕑	7 2077	17959	2
蕒	8 2077	17960	2
蕔	9 2077	17961	2
蕕	10 2077	17962	2
蕘	11 2077	17963	2
蕛	12 2077	17964	2
蕜	13 2077	17965	2
蕝	1 2093	17966	2
蕟	2 2093	17967	2
蕠	3 2093	17968	2
蕡	4 2093	17969	2
蕢	5 2093	17970	2
蕥	6 2093	17971	2
蕦	7 2093	17972	2
蕧	8 2093	17973	2
蕫	9 2093	17974	2
蕬	10 2093	17975	2
蕮	11 2093	17976	2
蕰	12 2093	17977	2
蕱	13 2093	17978	2
蕳	1 2086	17979	2
蕵	2 2086	17980	2
蕶	3 2086	17981	2
蕸	4 2086	17982	2
蕼	5 2086	17983	2
蕽	6 2086	17984	2
蕿	7 2086	17985	2
薂	8 2086	17986	2
薃	9 2086	17987	2
薆	10 2086	17988	2
薉	11 2086	17989	2
薋	12 2086	17990	2
薍	13 2086	17991	2
薎	1 2110	17992	2
薒	2 2110	17993	2
薓	3 2110	17994	2
薕	4 2110	17995	2
薘	5 2110	17996	2
薚	6 2110	17997	2
薝	7 2110	17998	2
薞	8 2110	17999	2
薟	9 2110	18000	2
薠	10 2110	18001	2
薡	11 2110	18002	2
薢	12 2110	18003	2
薣	13 2110	18004	2
薥	1 2092	18005	2
薧	2 2092	18006	2
薱	3 2092	18007	2
薲	4 2092	18008	2
薳	5 2092	18009	2
薴	6 2092	18010	2
薵	7 2092	18011	2
薶	8 2092	18012	2
薸	9 2092	18013	2
薻	10 2092	18014	2
薼	11 2092	18015	2
薽	12 2092	18016	2
薿	13 2092	18017	2
藀	1 2096	18018	2
藃	2 2096	18019	2
藄	3 2096	18020	2
藅	4 2096	18021	2
藆	5 2096	18022	2
藇	6 2096	18023	2
藈	7 2096	18024	2
藊	8 2096	18025	2
藌	9 2096	18026	2
藑	10 2096	18027	2
藒	11 2096	18028	2
藖	12 2096	18029	2
藗	13 2096	18030	2
藘	1 2097	18031	2
藙	2 2097	18032	2
藚	3 2097	18033	2
藛	4 2097	18034	2
藞	5 2097	18035	2
藟	6 2097	18036	2
藠	7 2097	18037	2
藡	8 2097	18038	2
藢	9 2097	18039	2
藣	10 2097	18040	2
藧	11 2097	18041	2
藫	12 2097	18042	2
藬	13 2097	18043	2
藭	1 2100	18044	2
藮	2 2100	18045	2
藯	3 2100	18046	2
藰	4 2100	18047	2
藱	5 2100	18048	2
藲	6 2100	18049	2
藳	7 2100	18050	2
藴	8 2100	18051	2
藵	9 2100	18052	2
藶	10 2100	18053	2
藸	11 2100	18054	2
藼	12 2100	18055	2
藽	13 2100	18056	2
蘀	1 2102	18057	2
蘁	2 2102	18058	2
蘃	3 2102	18059	2
蘈	4 2102	18060	2
蘉	5 2102	18061	2
蘌	6 2102	18062	2
蘍	7 2102	18063	2
蘎	8 2102	18064	2
蘏	9 2102	18065	2
蘒	10 2102	18066	2
蘔	11 2102	18067	2
蘕	12 2102	18068	2
蘙	13 2102	18069	2
蘛	1 2103	18070	2
蘜	2 2103	18071	2
蘝	3 2103	18072	2
蘞	4 2103	18073	2
蘟	5 2103	18074	2
蘠	6 2103	18075	2
蘡	7 2103	18076	2
蘣	8 2103	18077	2
蘤	9 2103	18078	2
蘥	10 2103	18079	2
蘦	11 2103	18080	2
蘨	12 2103	18081	2
蘪	13 2103	18082	2
蘫	1 2106	18083	2
蘬	2 2106	18084	2
蘮	3 2106	18085	2
蘯	4 2106	18086	2
蘱	5 2106	18087	2
蘲	6 2106	18088	2
蘳	7 2106	18089	2
蘴	8 2106	18090	2
蘵	9 2106	18091	2
蘶	10 2106	18092	2
蘷	11 2106	18093	2
蘹	12 2106	18094	2
蘺	13 2106	18095	2
蘻	1 2109	18096	2
蘽	2 2109	18097	2
蘾	3 2109	18098	2
虀	4 2109	18099	2
虁	5 2109	18100	2
虂	6 2109	18101	2
虃	7 2109	18102	2
虄	8 2109	18103	2
虅	9 2109	18104	2
虆	10 2109	18105	2
虇	11 2109	18106	2
虈	12 2109	18107	2
虉	13 2109	18108	2
虊	1 2111	18109	2
虋	2 2111	18110	2
虌	3 2111	18111	2
虗	4 2111	18112	2
虙	5 2111	18113	2
虝	6 2111	18114	2
虠	7 2111	18115	2
虡	8 2111	18116	2
虣	9 2111	18117	2
虤	10 2111	18118	2
虥	11 2111	18119	2
虦	12 2111	18120	2
虨	13 2111	18121	2
虪	1 2118	18122	2
虭	2 2118	18123	2
虰	3 2118	18124	2
虲	4 2118	18125	2
虳	5 2118	18126	2
虴	6 2118	18127	2
虶	7 2118	18128	2
虸	8 2118	18129	2
蚄	9 2118	18130	2
蚅	10 2118	18131	2
蚆	11 2118	18132	2
蚇	12 2118	18133	2
蚈	13 2118	18134	2
蚎	1 2123	18135	2
蚏	2 2123	18136	2
蚑	3 2123	18137	2
蚒	4 2123	18138	2
蚔	5 2123	18139	2
蚖	6 2123	18140	2
蚗	7 2123	18141	2
蚘	8 2123	18142	2
蚙	9 2123	18143	2
蚚	10 2123	18144	2
蚛	11 2123	18145	2
蚞	12 2123	18146	2
蚟	13 2123	18147	2
蚠	1 2231	18148	2
蚥	2 2231	18149	2
蚦	3 2231	18150	2
蚫	4 2231	18151	2
蚭	5 2231	18152	2
蚲	6 2231	18153	2
蚷	7 2231	18154	2
蚸	8 2231	18155	2
蚹	9 2231	18156	2
蚻	10 2231	18157	2
蚼	11 2231	18158	2
蚽	12 2231	18159	2
蚾	13 2231	18160	2
蚿	1 2129	18161	2
蛁	2 2129	18162	2
蛂	3 2129	18163	2
蛅	4 2129	18164	2
蛈	5 2129	18165	2
蛌	6 2129	18166	2
蛒	7 2129	18167	2
蛓	8 2129	18168	2
蛕	9 2129	18169	2
蛖	10 2129	18170	2
蛗	11 2129	18171	2
蛚	12 2129	18172	2
蛜	13 2129	18173	2
蛝	1 2143	18174	2
蛠	2 2143	18175	2
蛡	3 2143	18176	2
蛢	4 2143	18177	2
蛣	5 2143	18178	2
蛥	6 2143	18179	2
蛦	7 2143	18180	2
蛧	8 2143	18181	2
蛨	9 2143	18182	2
蛪	10 2143	18183	2
蛫	11 2143	18184	2
蛵	12 2143	18185	2
蛶	13 2143	18186	2
蛷	1 2138	18187	2
蛼	2 2138	18188	2
蛽	3 2138	18189	2
蛿	4 2138	18190	2
蜁	5 2138	18191	2
蜄	6 2138	18192	2
蜅	7 2138	18193	2
蜋	8 2138	18194	2
蜌	9 2138	18195	2
蜎	10 2138	18196	2
蜏	11 2138	18197	2
蜐	12 2138	18198	2
蜔	13 2138	18199	2
蜖	1 2139	18200	2
蜙	2 2139	18201	2
蜛	3 2139	18202	2
蜝	4 2139	18203	2
蜞	5 2139	18204	2
蜟	6 2139	18205	2
蜠	7 2139	18206	2
蜤	8 2139	18207	2
蜦	9 2139	18208	2
蜨	10 2139	18209	2
蜪	11 2139	18210	2
蜫	12 2139	18211	2
蜬	13 2139	18212	2
蜭	1 2141	18213	2
蜯	2 2141	18214	2
蜰	3 2141	18215	2
蜲	4 2141	18216	2
蜳	5 2141	18217	2
蜵	6 2141	18218	2
蜶	7 2141	18219	2
蜸	8 2141	18220	2
蜹	9 2141	18221	2
蜺	10 2141	18222	2
蜼	11 2141	18223	2
蜽	12 2141	18224	2
蝁	13 2141	18225	2
蝂	1 2147	18226	2
蝃	2 2147	18227	2
蝅	3 2147	18228	2
蝆	4 2147	18229	2
蝊	5 2147	18230	2
蝍	6 2147	18231	2
蝏	7 2147	18232	2
蝐	8 2147	18233	2
蝑	9 2147	18234	2
蝒	10 2147	18235	2
蝔	11 2147	18236	2
蝖	12 2147	18237	2
蝘	13 2147	18238	2
蝚	1 2150	18239	2
蝛	2 2150	18240	2
蝜	3 2150	18241	2
蝝	4 2150	18242	2
蝞	5 2150	18243	2
蝡	6 2150	18244	2
蝢	7 2150	18245	2
蝥	8 2150	18246	2
蝧	9 2150	18247	2
蝩	10 2150	18248	2
蝫	11 2150	18249	2
蝬	12 2150	18250	2
蝭	13 2150	18251	2
蝯	1 2151	18252	2
蝱	2 2151	18253	2
蝲	3 2151	18254	2
蝳	4 2151	18255	2
蝵	5 2151	18256	2
蝷	6 2151	18257	2
蝹	7 2151	18258	2
蝺	8 2151	18259	2
螀	9 2151	18260	2
螁	10 2151	18261	2
螆	11 2151	18262	2
螇	12 2151	18263	2
螊	13 2151	18264	2
螌	1 2153	18265	2
螎	2 2153	18266	2
螏	3 2153	18267	2
螐	4 2153	18268	2
螑	5 2153	18269	2
螓	6 2153	18270	2
螕	7 2153	18271	2
螖	8 2153	18272	2
螙	9 2153	18273	2
螚	10 2153	18274	2
螜	11 2153	18275	2
螝	12 2153	18276	2
螡	13 2153	18277	2
螤	1 2154	18278	2
螥	2 2154	18279	2
螦	3 2154	18280	2
螧	4 2154	18281	2
螩	5 2154	18282	2
螪	6 2154	18283	2
螬	7 2154	18284	2
螮	8 2154	18285	2
螰	9 2154	18286	2
螱	10 2154	18287	2
螴	11 2154	18288	2
螵	12 2154	18289	2
螶	13 2154	18290	2
螷	1 2157	18291	2
螸	2 2157	18292	2
螹	3 2157	18293	2
螼	4 2157	18294	2
螾	5 2157	18295	2
螿	6 2157	18296	2
蟁	7 2157	18297	2
蟂	8 2157	18298	2
蟃	9 2157	18299	2
蟅	10 2157	18300	2
蟈	11 2157	18301	2
蟉	12 2157	18302	2
蟍	13 2157	18303	2
蟎	1 2160	18304	2
蟏	2 2160	18305	2
蟐	3 2160	18306	2
蟓	4 2160	18307	2
蟔	5 2160	18308	2
蟕	6 2160	18309	2
蟗	7 2160	18310	2
蟘	8 2160	18311	2
蟙	9 2160	18312	2
蟚	10 2160	18313	2
蟝	11 2160	18314	2
蟞	12 2160	18315	2
蟟	13 2160	18316	2
蟡	1 2176	18317	2
蟢	2 2176	18318	2
蟣	3 2176	18319	2
蟤	4 2176	18320	2
蟥	5 2176	18321	2
蟦	6 2176	18322	2
蟧	7 2176	18323	2
蟨	8 2176	18324	2
蟩	9 2176	18325	2
蟫	10 2176	18326	2
蟭	11 2176	18327	2
蟰	12 2176	18328	2
蟱	13 2176	18329	2
蟴	1 2169	18330	2
蟵	2 2169	18331	2
蟶	3 2169	18332	2
蟸	4 2169	18333	2
蟺	5 2169	18334	2
蟿	6 2169	18335	2
蠇	7 2169	18336	2
蠈	8 2169	18337	2
蠉	9 2169	18338	2
蠌	10 2169	18339	2
蠏	11 2169	18340	2
蠐	12 2169	18341	2
蠒	13 2169	18342	2
蠗	1 2171	18343	2
蠘	2 2171	18344	2
蠚	3 2171	18345	2
蠜	4 2171	18346	2
蠝	5 2171	18347	2
蠞	6 2171	18348	2
蠠	7 2171	18349	2
蠤	8 2171	18350	2
蠥	9 2171	18351	2
蠦	10 2171	18352	2
蠧	11 2171	18353	2
蠨	12 2171	18354	2
蠩	13 2171	18355	2
蠪	1 2173	18356	2
蠫	2 2173	18357	2
蠬	3 2173	18358	2
蠭	4 2173	18359	2
蠮	5 2173	18360	2
蠯	6 2173	18361	2
蠰	7 2173	18362	2
蠳	8 2173	18363	2
蠴	9 2173	18364	2
蠷	10 2173	18365	2
蠸	11 2173	18366	2
蠺	12 2173	18367	2
蠽	13 2173	18368	2
蠾	1 2175	18369	2
蠿	2 2175	18370	2
衁	3 2175	18371	2
衃	4 2175	18372	2
衇	5 2175	18373	2
衈	6 2175	18374	2
衉	7 2175	18375	2
衊	8 2175	18376	2
衋	9 2175	18377	2
衏	10 2175	18378	2
衐	11 2175	18379	2
衘	12 2175	18380	2
衟	13 2175	18381	2
衠	1 10 123	18382	2
衦	2 10 123	18383	2
衧	3 10 123	18384	2
衭	4 10 123	18385	2
衯	5 10 123	18386	2
衱	6 10 123	18387	2
衳	7 10 123	18388	2
衴	8 10 123	18389	2
衵	9 10 123	18390	2
衶	10 10 123	18391	2
衸	11 10 123	18392	2
衺	12 10 123	18393	2
衻	13 10 123	18394	2
衼	1 2174	18395	2
袀	2 2174	18396	2
袃	3 2174	18397	2
袇	4 2174	18398	2
袉	5 2174	18399	2
袊	6 2174	18400	2
袌	7 2174	18401	2
袎	8 2174	18402	2
袏	9 2174	18403	2
袐	10 2174	18404	2
袑	11 2174	18405	2
袔	12 2174	18406	2
袘	13 2174	18407	2
袚	1 2179	18408	2
袝	2 2179	18409	2
袟	3 2179	18410	2
袡	4 2179	18411	2
袣	5 2179	18412	2
袥	6 2179	18413	2
袦	7 2179	18414	2
袧	8 2179	18415	2
袨	9 2179	18416	2
袩	10 2179	18417	2
袬	11 2179	18418	2
袯	12 2179	18419	2
袲	13 2179	18420	2
袳	1 2183	18421	2
袵	2 2183	18422	2
袶	3 2183	18423	2
袸	4 2183	18424	2
袹	5 2183	18425	2
袺	6 2183	18426	2
袻	7 2183	18427	2
袽	8 2183	18428	2
裊	9 2183	18429	2
裋	10 2183	18430	2
裌	11 2183	18431	2
裍	12 2183	18432	2
裐	13 2183	18433	2
裑	1 2185	18434	2
裓	2 2185	18435	2
裖	3 2185	18436	2
裗	4 2185	18437	2
裚	5 2185	18438	2
裞	6 2185	18439	2
裠	7 2185	18440	2
裦	8 2185	18441	2
裧	9 2185	18442	2
裩	10 2185	18443	2
裪	11 2185	18444	2
裫	12 2185	18445	2
裬	13 2185	18446	2
裭	1 2186	18447	2
裮	2 2186	18448	2
裯	3 2186	18449	2
裲	4 2186	18450	2
裶	5 2186	18451	2
裷	6 2186	18452	2
裺	7 2186	18453	2
裻	8 2186	18454	2
裿	9 2186	18455	2
褁	10 2186	18456	2
褅	11 2186	18457	2
褈	12 2186	18458	2
褉	13 2186	18459	2
褋	1 2217	18460	2
褍	2 2217	18461	2
褎	3 2217	18462	2
褏	4 2217	18463	2
褑	5 2217	18464	2
褕	6 2217	18465	2
褗	7 2217	18466	2
褜	8 2217	18467	2
褝	9 2217	18468	2
褟	10 2217	18469	2
褠	11 2217	18470	2
褢	12 2217	18471	2
褣	13 2217	18472	2
褤	1 2249	18473	2
褦	2 2249	18474	2
褨	3 2249	18475	2
褩	4 2249	18476	2
褬	5 2249	18477	2
褮	6 2249	18478	2
褯	7 2249	18479	2
褱	8 2249	18480	2
褵	9 2249	18481	2
褷	10 2249	18482	2
褺	11 2249	18483	2
褼	12 2249	18484	2
褽	13 2249	18485	2
褾	1 2214	18486	2
褿	2 2214	18487	2
襂	3 2214	18488	2
襃	4 2214	18489	2
襅	5 2214	18490	2
襆	6 2214	18491	2
襇	7 2214	18492	2
襈	8 2214	18493	2
襉	9 2214	18494	2
襊	10 2214	18495	2
襋	11 2214	18496	2
襍	12 2214	18497	2
襎	13 2214	18498	2
襏	1 2202	18499	2
襐	2 2202	18500	2
襑	3 2202	18501	2
襒	4 2202	18502	2
襓	5 2202	18503	2
襔	6 2202	18504	2
襗	7 2202	18505	2
襘	8 2202	18506	2
襙	9 2202	18507	2
襚	10 2202	18508	2
襛	11 2202	18509	2
襝	12 2202	18510	2
襡	13 2202	18511	2
襢	1 2205	18512	2
襣	2 2205	18513	2
襥	3 2205	18514	2
襧	4 2205	18515	2
襨	5 2205	18516	2
襩	6 2205	18517	2
襫	7 2205	18518	2
襬	8 2205	18519	2
襭	9 2205	18520	2
襮	10 2205	18521	2
襰	11 2205	18522	2
襱	12 2205	18523	2
襳	13 2205	18524	2
襵	1 2207	18525	2
襶	2 2207	18526	2
襸	3 2207	18527	2
襹	4 2207	18528	2
襺	5 2207	18529	2
襼	6 2207	18530	2
襽	7 2207	18531	2
覀	8 2207	18532	2
覂	9 2207	18533	2
覄	10 2207	18534	2
覅	11 2207	18535	2
覉	12 2207	18536	2
覌	13 2207	18537	2
覍	1 2206	18538	2
覎	2 2206	18539	2
覐	3 2206	18540	2
覑	4 2206	18541	2
覒	5 2206	18542	2
覔	6 2206	18543	2
覕	7 2206	18544	2
覙	8 2206	18545	2
覛	9 2206	18546	2
覜	10 2206	18547	2
覝	11 2206	18548	2
覞	12 2206	18549	2
覟	13 2206	18550	2
覠	1 2309	18551	2
覢	2 2309	18552	2
覣	3 2309	18553	2
覤	4 2309	18554	2
覥	5 2309	18555	2
覨	6 2309	18556	2
覫	7 2309	18557	2
覭	8 2309	18558	2
覮	9 2309	18559	2
覰	10 2309	18560	2
覱	11 2309	18561	2
覴	12 2309	18562	2
覵	13 2309	18563	2
覶	1 2216	18564	2
覷	2 2216	18565	2
覸	3 2216	18566	2
覹	4 2216	18567	2
覻	5 2216	18568	2
覼	6 2216	18569	2
覾	7 2216	18570	2
觃	8 2216	18571	2
觍	9 2216	18572	2
觓	10 2216	18573	2
觖	11 2216	18574	2
觗	12 2216	18575	2
觘	13 2216	18576	2
觙	1 2238	18577	2
觛	2 2238	18578	2
觟	3 2238	18579	2
觠	4 2238	18580	2
觡	5 2238	18581	2
觢	6 2238	18582	2
觤	7 2238	18583	2
觧	8 2238	18584	2
觨	9 2238	18585	2
觩	10 2238	18586	2
觪	11 2238	18587	2
觫	12 2238	18588	2
觬	13 2238	18589	2
觰	1 2223	18590	2
觱	2 2223	18591	2
觲	3 2223	18592	2
觵	4 2223	18593	2
觶	5 2223	18594	2
觷	6 2223	18595	2
觹	7 2223	18596	2
觺	8 2223	18597	2
觻	9 2223	18598	2
觼	10 2223	18599	2
觽	11 2223	18600	2
觾	12 2223	18601	2
訁	13 2223	18602	2
訅	1 2228	18603	2
訆	2 2228	18604	2
訉	3 2228	18605	2
訋	4 2228	18606	2
訍	5 2228	18607	2
訏	6 2228	18608	2
訐	7 2228	18609	2
訑	8 2228	18610	2
訔	9 2228	18611	2
訕	10 2228	18612	2
訙	11 2228	18613	2
訜	12 2228	18614	2
訞	13 2228	18615	2
訠	1 2230	18616	2
訡	2 2230	18617	2
訤	3 2230	18618	2
訦	4 2230	18619	2
訧	5 2230	18620	2
訨	6 2230	18621	2
訩	7 2230	18622	2
訫	8 2230	18623	2
訮	9 2230	18624	2
訰	10 2230	18625	2
訲	11 2230	18626	2
訵	12 2230	18627	2
訸	13 2230	18628	2
訹	1 2232	18629	2
訽	2 2232	18630	2
訿	3 2232	18631	2
詀	4 2232	18632	2
詂	5 2232	18633	2
詃	6 2232	18634	2
詅	7 2232	18635	2
詆	8 2232	18636	2
詉	9 2232	18637	2
詊	10 2232	18638	2
詋	11 2232	18639	2
詌	12 2232	18640	2
詍	13 2232	18641	2
詎	1 2233	18642	2
詏	2 2233	18643	2
詑	3 2233	18644	2
詓	4 2233	18645	2
詗	5 2233	18646	2
詘	6 2233	18647	2
詙	7 2233	18648	2
詚	8 2233	18649	2
詜	9 2233	18650	2
詟	10 2233	18651	2
詤	11 2233	18652	2
詥	12 2233	18653	2
詨	13 2233	18654	2
詪	1 2243	18655	2
詬	2 2243	18656	2
詯	3 2243	18657	2
詴	4 2243	18658	2
詶	5 2243	18659	2
詷	6 2243	18660	2
詸	7 2243	18661	2
詺	8 2243	18662	2
詻	9 2243	18663	2
詼	10 2243	18664	2
詽	11 2243	18665	2
詾	12 2243	18666	2
詿	13 2243	18667	2
誀	1 2239	18668	2
誁	2 2239	18669	2
誃	3 2239	18670	2
誆	4 2239	18671	2
誈	5 2239	18672	2
誋	6 2239	18673	2
誎	7 2239	18674	2
誏	8 2239	18675	2
誒	9 2239	18676	2
誔	10 2239	18677	2
誗	11 2239	18678	2
誙	12 2239	18679	2
誚	13 2239	18680	2
誛	1 2245	18681	2
誜	2 2245	18682	2
誝	3 2245	18683	2
誟	4 2245	18684	2
誢	5 2245	18685	2
誧	6 2245	18686	2
誩	7 2245	18687	2
誫	8 2245	18688	2
誮	9 2245	18689	2
誯	10 2245	18690	2
誱	11 2245	18691	2
誳	12 2245	18692	2
誴	13 2245	18693	2
誵	1 2246	18694	2
誶	2 2246	18695	2
誷	3 2246	18696	2
誺	4 2246	18697	2
誻	5 2246	18698	2
諀	6 2246	18699	2
諁	7 2246	18700	2
諃	8 2246	18701	2
諅	9 2246	18702	2
諆	10 2246	18703	2
諈	11 2246	18704	2
諉	12 2246	18705	2
諊	13 2246	18706	2
諎	1 2266	18707	2
諐	2 2266	18708	2
諑	3 2266	18709	2
諓	4 2266	18710	2
諔	5 2266	18711	2
諕	6 2266	18712	2
諘	7 2266	18713	2
諙	8 2266	18714	2
諞	9 2266	18715	2
諣	10 2266	18716	2
諥	11 2266	18717	2
諨	12 2266	18718	2
諩	13 2266	18719	2
諬	1 2253	18720	2
諯	2 2253	18721	2
諰	3 2253	18722	2
諵	4 2253	18723	2
諹	5 2253	18724	2
諻	6 2253	18725	2
諽	7 2253	18726	2
諿	8 2253	18727	2
謃	9 2253	18728	2
謅	10 2253	18729	2
謆	11 2253	18730	2
謉	12 2253	18731	2
謊	13 2253	18732	2
謋	1 2250	18733	2
謍	2 2250	18734	2
謑	3 2250	18735	2
謒	4 2250	18736	2
謓	5 2250	18737	2
謕	6 2250	18738	2
謘	7 2250	18739	2
謞	8 2250	18740	2
謟	9 2250	18741	2
謥	10 2250	18742	2
謧	11 2250	18743	2
謪	12 2250	18744	2
謭	13 2250	18745	2
謮	1 2270	18746	2
謯	2 2270	18747	2
謰	3 2270	18748	2
謱	4 2270	18749	2
謲	5 2270	18750	2
謴	6 2270	18751	2
謵	7 2270	18752	2
謶	8 2270	18753	2
謺	9 2270	18754	2
謻	10 2270	18755	2
謼	11 2270	18756	2
謽	12 2270	18757	2
謿	13 2270	18758	2
譀	1 2273	18759	2
譂	2 2273	18760	2
譃	3 2273	18761	2
譄	4 2273	18762	2
譅	5 2273	18763	2
譇	6 2273	18764	2
譈	7 2273	18765	2
譊	8 2273	18766	2
譋	9 2273	18767	2
譌	10 2273	18768	2
譍	11 2273	18769	2
譎	12 2273	18770	2
譐	13 2273	18771	2
譑	1 2256	18772	2
譒	2 2256	18773	2
譕	3 2256	18774	2
譗	4 2256	18775	2
譝	5 2256	18776	2
譟	6 2256	18777	2
譠	7 2256	18778	2
譡	8 2256	18779	2
譢	9 2256	18780	2
譣	10 2256	18781	2
譤	11 2256	18782	2
譥	12 2256	18783	2
譧	13 2256	18784	2
譨	1 2268	18785	2
譪	2 2268	18786	2
譭	3 2268	18787	2
譮	4 2268	18788	2
譱	5 2268	18789	2
譳	6 2268	18790	2
譵	7 2268	18791	2
譶	8 2268	18792	2
譸	9 2268	18793	2
譹	10 2268	18794	2
譺	11 2268	18795	2
譼	12 2268	18796	2
譾	13 2268	18797	2
譿	1 2269	18798	2
讁	2 2269	18799	2
讂	3 2269	18800	2
讄	4 2269	18801	2
讅	5 2269	18802	2
讆	6 2269	18803	2
讇	7 2269	18804	2
讈	8 2269	18805	2
讋	9 2269	18806	2
讌	10 2269	18807	2
讍	11 2269	18808	2
讏	12 2269	18809	2
讑	13 2269	18810	2
讔	1 2274	18811	2
讕	2 2274	18812	2
讗	3 2274	18813	2
讛	4 2274	18814	2
讝	5 2274	18815	2
讞	6 2274	18816	2
讟	7 2274	18817	2
讱	8 2274	18818	2
讻	9 2274	18819	2
诇	10 2274	18820	2
诐	11 2274	18821	2
诪	12 2274	18822	2
谉	13 2274	18823	2
谞	1 2275	18824	2
谵	2 2275	18825	2
谸	3 2275	18826	2
谹	4 2275	18827	2
谻	5 2275	18828	2
谽	6 2275	18829	2
谾	7 2275	18830	2
豀	8 2275	18831	2
豂	9 2275	18832	2
豃	10 2275	18833	2
豄	11 2275	18834	2
豅	12 2275	18835	2
豍	13 2275	18836	2
豏	1 2286	18837	2
豑	2 2286	18838	2
豒	3 2286	18839	2
豓	4 2286	18840	2
豖	5 2286	18841	2
豗	6 2286	18842	2
豘	7 2286	18843	2
豙	8 2286	18844	2
豛	9 2286	18845	2
豜	10 2286	18846	2
豝	11 2286	18847	2
豞	12 2286	18848	2
豟	13 2286	18849	2
豠	1 2290	18850	2
豣	2 2290	18851	2
豤	3 2290	18852	2
豥	4 2290	18853	2
豦	5 2290	18854	2
豧	6 2290	18855	2
豩	7 2290	18856	2
豭	8 2290	18857	2
豮	9 2290	18858	2
豯	10 2290	18859	2
豰	11 2290	18860	2
豱	12 2290	18861	2
豲	13 2290	18862	2
豴	1 2291	18863	2
豵	2 2291	18864	2
豶	3 2291	18865	2
豷	4 2291	18866	2
豻	5 2291	18867	2
豽	6 2291	18868	2
豾	7 2291	18869	2
豿	8 2291	18870	2
貀	9 2291	18871	2
貁	10 2291	18872	2
貃	11 2291	18873	2
貄	12 2291	18874	2
貆	13 2291	18875	2
貇	1 2300	18876	2
貈	2 2300	18877	2
貋	3 2300	18878	2
貏	4 2300	18879	2
貑	5 2300	18880	2
貒	6 2300	18881	2
貕	7 2300	18882	2
貖	8 2300	18883	2
貗	9 2300	18884	2
貙	10 2300	18885	2
貚	11 2300	18886	2
貛	12 2300	18887	2
貟	13 2300	18888	2
貣	1 2296	18889	2
貥	2 2296	18890	2
貦	3 2296	18891	2
貭	4 2296	18892	2
貱	5 2296	18893	2
貲	6 2296	18894	2
貵	7 2296	18895	2
貹	8 2296	18896	2
貾	9 2296	18897	2
賅	10 2296	18898	2
賆	11 2296	18899	2
賉	12 2296	18900	2
賋	13 2296	18901	2
賌	1 2297	18902	2
賏	2 2297	18903	2
賐	3 2297	18904	2
賒	4 2297	18905	2
賔	5 2297	18906	2
賕	6 2297	18907	2
賖	7 2297	18908	2
賗	8 2297	18909	2
賘	9 2297	18910	2
賙	10 2297	18911	2
賝	11 2297	18912	2
賟	12 2297	18913	2
賥	13 2297	18914	2
賧	1 2298	18915	2
賩	2 2298	18916	2
賫	3 2298	18917	2
賬	4 2298	18918	2
賮	5 2298	18919	2
賯	6 2298	18920	2
賱	7 2298	18921	2
賲	8 2298	18922	2
賳	9 2298	18923	2
賵	10 2298	18924	2
賶	11 2298	18925	2
賷	12 2298	18926	2
賹	13 2298	18927	2
賻	1 2303	18928	2
賿	2 2303	18929	2
贀	3 2303	18930	2
贁	4 2303	18931	2
贂	5 2303	18932	2
贃	6 2303	18933	2
贆	7 2303	18934	2
贉	8 2303	18935	2
贌	9 2303	18936	2
贎	10 2303	18937	2
贐	11 2303	18938	2
贑	12 2303	18939	2
贒	13 2303	18940	2
贕	1 2305	18941	2
贗	2 2305	18942	2
贘	3 2305	18943	2
贙	4 2305	18944	2
贚	5 2305	18945	2
贜	6 2305	18946	2
贠	7 2305	18947	2
赇	8 2305	18948	2
赗	9 2305	18949	2
赥	10 2305	18950	2
赨	11 2305	18951	2
赩	12 2305	18952	2
赬	13 2305	18953	2
赮	1 2307	18954	2
赯	2 2307	18955	2
赱	3 2307	18956	2
赲	4 2307	18957	2
赸	5 2307	18958	2
赹	6 2307	18959	2
赺	7 2307	18960	2
赻	8 2307	18961	2
赼	9 2307	18962	2
赽	10 2307	18963	2
赾	11 2307	18964	2
赿	12 2307	18965	2
趀	13 2307	18966	2
趂	1 2314	18967	2
趃	2 2314	18968	2
趄	3 2314	18969	2
趆	4 2314	18970	2
趇	5 2314	18971	2
趈	6 2314	18972	2
趉	7 2314	18973	2
趌	8 2314	18974	2
趍	9 2314	18975	2
趎	10 2314	18976	2
趏	11 2314	18977	2
趐	12 2314	18978	2
趑	13 2314	18979	2
趒	1 2320	18980	2
趓	2 2320	18981	2
趔	3 2320	18982	2
趖	4 2320	18983	2
趗	5 2320	18984	2
趘	6 2320	18985	2
趚	7 2320	18986	2
趛	8 2320	18987	2
趜	9 2320	18988	2
趝	10 2320	18989	2
趞	11 2320	18990	2
趠	12 2320	18991	2
趡	13 2320	18992	2
趢	1 2326	18993	2
趤	2 2326	18994	2
趥	3 2326	18995	2
趦	4 2326	18996	2
趧	5 2326	18997	2
趩	6 2326	18998	2
趪	7 2326	18999	2
趬	8 2326	19000	2
趭	9 2326	19001	2
趮	10 2326	19002	2
趯	11 2326	19003	2
趰	12 2326	19004	2
趲	13 2326	19005	2
趶	1 2334	19006	2
趷	2 2334	19007	2
趹	3 2334	19008	2
趻	4 2334	19009	2
趽	5 2334	19010	2
跀	6 2334	19011	2
跁	7 2334	19012	2
跄	8 2334	19013	2
跅	9 2334	19014	2
跇	10 2334	19015	2
跈	11 2334	19016	2
跉	12 2334	19017	2
跊	13 2334	19018	2
跍	1 2337	19019	2
跐	2 2337	19020	2
跒	3 2337	19021	2
跓	4 2337	19022	2
跔	5 2337	19023	2
跕	6 2337	19024	2
跘	7 2337	19025	2
跙	8 2337	19026	2
跜	9 2337	19027	2
跠	10 2337	19028	2
跢	11 2337	19029	2
跥	12 2337	19030	2
跦	13 2337	19031	2
跧	1 2341	19032	2
跭	2 2341	19033	2
跮	3 2341	19034	2
跰	4 2341	19035	2
跱	5 2341	19036	2
跲	6 2341	19037	2
跴	7 2341	19038	2
跾	8 2341	19039	2
跿	9 2341	19040	2
踀	10 2341	19041	2
踁	11 2341	19042	2
踂	12 2341	19043	2
踃	13 2341	19044	2
踄	1 2344	19045	2
踆	2 2344	19046	2
踇	3 2344	19047	2
踈	4 2344	19048	2
踋	5 2344	19049	2
踍	6 2344	19050	2
踎	7 2344	19051	2
踑	8 2344	19052	2
踒	9 2344	19053	2
踓	10 2344	19054	2
踕	11 2344	19055	2
踖	12 2344	19056	2
踗	13 2344	19057	2
踘	1 2349	19058	2
踙	2 2349	19059	2
踚	3 2349	19060	2
踛	4 2349	19061	2
踜	5 2349	19062	2
踟	6 2349	19063	2
踠	7 2349	19064	2
踡	8 2349	19065	2
踤	9 2349	19066	2
踥	10 2349	19067	2
踧	11 2349	19068	2
踯	12 2349	19069	2
踲	13 2349	19070	2
踳	1 2353	19071	2
踴	2 2353	19072	2
踶	3 2353	19073	2
踷	4 2353	19074	2
踸	5 2353	19075	2
踺	6 2353	19076	2
踻	7 2353	19077	2
踼	8 2353	19078	2
踽	9 2353	19079	2
踾	10 2353	19080	2
踿	11 2353	19081	2
蹁	12 2353	19082	2
蹃	13 2353	19083	2
蹅	1 2355	19084	2
蹆	2 2355	19085	2
蹌	3 2355	19086	2
蹍	4 2355	19087	2
蹎	5 2355	19088	2
蹏	6 2355	19089	2
蹐	7 2355	19090	2
蹔	8 2355	19091	2
蹖	9 2355	19092	2
蹗	10 2355	19093	2
蹘	11 2355	19094	2
蹛	12 2355	19095	2
蹜	13 2355	19096	2
蹝	1 2360	19097	2
蹞	2 2360	19098	2
蹡	3 2360	19099	2
蹢	4 2360	19100	2
蹣	5 2360	19101	2
蹥	6 2360	19102	2
蹧	7 2360	19103	2
蹨	8 2360	19104	2
蹪	9 2360	19105	2
蹫	10 2360	19106	2
蹮	11 2360	19107	2
蹰	12 2360	19108	2
蹱	13 2360	19109	2
蹳	1 2361	19110	2
蹵	2 2361	19111	2
蹷	3 2361	19112	2
蹸	4 2361	19113	2
蹺	5 2361	19114	2
蹽	6 2361	19115	2
蹾	7 2361	19116	2
躀	8 2361	19117	2
躂	9 2361	19118	2
躃	10 2361	19119	2
躆	11 2361	19120	2
躈	12 2361	19121	2
躉	13 2361	19122	2
躌	1 2365	19123	2
躎	2 2365	19124	2
躒	3 2365	19125	2
躕	4 2365	19126	2
躖	5 2365	19127	2
躗	6 2365	19128	2
躘	7 2365	19129	2
躚	8 2365	19130	2
躛	9 2365	19131	2
躝	10 2365	19132	2
躞	11 2365	19133	2
躟	12 2365	19134	2
躠	13 2365	19135	2
躡	1 2371	19136	2
躢	2 2371	19137	2
躣	3 2371	19138	2
躤	4 2371	19139	2
躥	5 2371	19140	2
躦	6 2371	19141	2
躧	7 2371	19142	2
躨	8 2371	19143	2
躩	9 2371	19144	2
躭	10 2371	19145	2
躮	11 2371	19146	2
躳	12 2371	19147	2
躴	13 2371	19148	2
躵	1 2372	19149	2
躶	2 2372	19150	2
躷	3 2372	19151	2
躸	4 2372	19152	2
躹	5 2372	19153	2
躻	6 2372	19154	2
躼	7 2372	19155	2
躽	8 2372	19156	2
躿	9 2372	19157	2
軁	10 2372	19158	2
軂	11 2372	19159	2
軃	12 2372	19160	2
軄	13 2372	19161	2
軅	1 2373	19162	2
軇	2 2373	19163	2
軈	3 2373	19164	2
軉	4 2373	19165	2
軎	5 2373	19166	2
軐	6 2373	19167	2
軑	7 2373	19168	2
軓	8 2373	19169	2
軕	9 2373	19170	2
軖	10 2373	19171	2
軗	11 2373	19172	2
軘	12 2373	19173	2
軙	13 2373	19174	2
軜	1 6 128	19175	2
軝	2 6 128	19176	2
軞	3 6 128	19177	2
軠	4 6 128	19178	2
軡	5 6 128	19179	2
軣	6 6 128	19180	2
軤	7 6 128	19181	2
軥	8 6 128	19182	2
軦	9 6 128	19183	2
軧	10 6 128	19184	2
軨	11 6 128	19185	2
軩	12 6 128	19186	2
軪	13 6 128	19187	2
軬	1 2376	19188	2
軭	2 2376	19189	2
軮	3 2376	19190	2
軯	4 2376	19191	2
軰	5 2376	19192	2
軱	6 2376	19193	2
軲	7 2376	19194	2
軳	8 2376	19195	2
軴	9 2376	19196	2
軵	10 2376	19197	2
軶	11 2376	19198	2
軷	12 2376	19199	2
軹	13 2376	19200	2
軿	1 2386	19201	2
輀	2 2386	19202	2
輄	3 2386	19203	2
輆	4 2386	19204	2
輈	5 2386	19205	2
輊	6 2386	19206	2
輍	7 2386	19207	2
輎	8 2386	19208	2
輏	9 2386	19209	2
輐	10 2386	19210	2
輑	11 2386	19211	2
輖	12 2386	19212	2
輘	13 2386	19213	2
輙	1 2394	19214	2
輚	2 2394	19215	2
輞	3 2394	19216	2
輠	4 2394	19217	2
輡	5 2394	19218	2
輢	6 2394	19219	2
輣	7 2394	19220	2
輤	8 2394	19221	2
輥	9 2394	19222	2
輧	10 2394	19223	2
輨	11 2394	19224	2
輫	12 2394	19225	2
輬	13 2394	19226	2
輮	1 10 128	19227	2
輰	2 10 128	19228	2
輱	3 10 128	19229	2
輴	4 10 128	19230	2
輶	5 10 128	19231	2
輷	6 10 128	19232	2
輹	7 10 128	19233	2
輺	8 10 128	19234	2
輼	9 10 128	19235	2
輽	10 10 128	19236	2
轀	11 10 128	19237	2
轁	12 10 128	19238	2
轂	13 10 128	19239	2
轃	1 2392	19240	2
轇	2 2392	19241	2
轈	3 2392	19242	2
轊	4 2392	19243	2
轋	5 2392	19244	2
轌	6 2392	19245	2
轏	7 2392	19246	2
轐	8 2392	19247	2
轒	9 2392	19248	2
轓	10 2392	19249	2
轔	11 2392	19250	2
轕	12 2392	19251	2
轖	13 2392	19252	2
轗	1 2397	19253	2
轙	2 2397	19254	2
轚	3 2397	19255	2
轛	4 2397	19256	2
轜	5 2397	19257	2
轝	6 2397	19258	2
轞	7 2397	19259	2
轠	8 2397	19260	2
轣	9 2397	19261	2
轥	10 2397	19262	2
轳	11 2397	19263	2
轷	12 2397	19264	2
轾	13 2397	19265	2
辁	1 2400	19266	2
辌	2 2400	19267	2
辒	3 2400	19268	2
辝	4 2400	19269	2
辠	5 2400	19270	2
辡	6 2400	19271	2
辢	7 2400	19272	2
辤	8 2400	19273	2
辥	9 2400	19274	2
辪	10 2400	19275	2
辬	11 2400	19276	2
辳	12 2400	19277	2
辴	13 2400	19278	2
辸	1 2401	19279	2
迃	2 2401	19280	2
迉	3 2401	19281	2
迊	4 2401	19282	2
迋	5 2401	19283	2
迌	6 2401	19284	2
迍	7 2401	19285	2
迏	8 2401	19286	2
迒	9 2401	19287	2
迖	10 2401	19288	2
迗	11 2401	19289	2
迠	12 2401	19290	2
迡	13 2401	19291	2
迣	1 2459	19292	2
迧	2 2459	19293	2
迬	3 2459	19294	2
迯	4 2459	19295	2
迲	5 2459	19296	2
迻	6 2459	19297	2
迼	7 2459	19298	2
迿	8 2459	19299	2
逇	9 2459	19300	2
逈	10 2459	19301	2
逘	11 2459	19302	2
逜	12 2459	19303	2
逤	13 2459	19304	2
逥	1 2402	19305	2
逨	2 2402	19306	2
逩	3 2402	19307	2
逪	4 2402	19308	2
逫	5 2402	19309	2
逬	6 2402	19310	2
逰	7 2402	19311	2
逳	8 2402	19312	2
逷	9 2402	19313	2
逺	10 2402	19314	2
逽	11 2402	19315	2
逿	12 2402	19316	2
遀	13 2402	19317	2
遆	1 2404	19318	2
遈	2 2404	19319	2
遉	3 2404	19320	2
遌	4 2404	19321	2
遖	5 2404	19322	2
遚	6 2404	19323	2
遝	7 2404	19324	2
遟	8 2404	19325	2
遤	9 2404	19326	2
遦	10 2404	19327	2
遧	11 2404	19328	2
遪	12 2404	19329	2
遫	13 2404	19330	2
遬	1 2408	19331	2
遰	2 2408	19332	2
遱	3 2408	19333	2
遳	4 2408	19334	2
遻	5 2408	19335	2
遾	6 2408	19336	2
邅	7 2408	19337	2
邆	8 2408	19338	2
邍	9 2408	19339	2
邎	10 2408	19340	2
邐	11 2408	19341	2
邒	12 2408	19342	2
邔	13 2408	19343	2
邖	1 2462	19344	2
邚	2 2462	19345	2
邜	3 2462	19346	2
邞	4 2462	19347	2
邟	5 2462	19348	2
邤	6 2462	19349	2
邥	7 2462	19350	2
邧	8 2462	19351	2
邩	9 2462	19352	2
邫	10 2462	19353	2
邭	11 2462	19354	2
邷	12 2462	19355	2
邼	13 2462	19356	2
邿	1 2410	19357	2
郀	2 2410	19358	2
郂	3 2410	19359	2
郆	4 2410	19360	2
郈	5 2410	19361	2
郉	6 2410	19362	2
郋	7 2410	19363	2
郌	8 2410	19364	2
郍	9 2410	19365	2
郒	10 2410	19366	2
郔	11 2410	19367	2
郖	12 2410	19368	2
郘	13 2410	19369	2
郙	1 2412	19370	2
郚	2 2412	19371	2
郠	3 2412	19372	2
郥	4 2412	19373	2
郩	5 2412	19374	2
郬	6 2412	19375	2
郮	7 2412	19376	2
郰	8 2412	19377	2
郱	9 2412	19378	2
郲	10 2412	19379	2
郶	11 2412	19380	2
郹	12 2412	19381	2
郺	13 2412	19382	2
郼	1 2450	19383	2
鄁	2 2450	19384	2
鄇	3 2450	19385	2
鄈	4 2450	19386	2
鄊	5 2450	19387	2
鄌	6 2450	19388	2
鄍	7 2450	19389	2
鄏	8 2450	19390	2
鄐	9 2450	19391	2
鄑	10 2450	19392	2
鄓	11 2450	19393	2
鄛	12 2450	19394	2
鄝	13 2450	19395	2
鄟	1 2426	19396	2
鄥	2 2426	19397	2
鄦	3 2426	19398	2
鄨	4 2426	19399	2
鄪	5 2426	19400	2
鄬	6 2426	19401	2
鄳	7 2426	19402	2
鄵	8 2426	19403	2
鄶	9 2426	19404	2
鄸	10 2426	19405	2
鄻	11 2426	19406	2
鄼	12 2426	19407	2
鄽	13 2426	19408	2
鄾	1 2421	19409	2
鄿	2 2421	19410	2
酀	3 2421	19411	2
酁	4 2421	19412	2
酄	5 2421	19413	2
酅	6 2421	19414	2
酇	7 2421	19415	2
酏	8 2421	19416	2
酑	9 2421	19417	2
酓	10 2421	19418	2
酕	11 2421	19419	2
酙	12 2421	19420	2
酜	13 2421	19421	2
酟	1 2422	19422	2
酠	2 2422	19423	2
酧	3 2422	19424	2
酨	4 2422	19425	2
酫	5 2422	19426	2
酭	6 2422	19427	2
酳	7 2422	19428	2
酻	8 2422	19429	2
酼	9 2422	19430	2
醀	10 2422	19431	2
醁	11 2422	19432	2
醃	12 2422	19433	2
醄	13 2422	19434	2
醆	1 2447	19435	2
醈	2 2447	19436	2
醊	3 2447	19437	2
醎	4 2447	19438	2
醏	5 2447	19439	2
醓	6 2447	19440	2
醔	7 2447	19441	2
醖	8 2447	19442	2
醘	9 2447	19443	2
醙	10 2447	19444	2
醝	11 2447	19445	2
醞	12 2447	19446	2
醟	13 2447	19447	2
醣	1 2431	19448	2
醥	2 2431	19449	2
醦	3 2431	19450	2
醧	4 2431	19451	2
醨	5 2431	19452	2
醩	6 2431	19453	2
醰	7 2431	19454	2
醲	8 2431	19455	2
醳	9 2431	19456	2
醶	10 2431	19457	2
醷	11 2431	19458	2
醹	12 2431	19459	2
醼	13 2431	19460	2
醽	1 2432	19461	2
醾	2 2432	19462	2
醿	3 2432	19463	2
釀	4 2432	19464	2
釁	5 2432	19465	2
釂	6 2432	19466	2
釃	7 2432	19467	2
釄	8 2432	19468	2
釅	9 2432	19469	2
釒	10 2432	19470	2
釓	11 2432	19471	2
釔	12 2432	19472	2
釕	13 2432	19473	2
釖	1 2435	19474	2
釙	2 2435	19475	2
釚	3 2435	19476	2
釛	4 2435	19477	2
釞	5 2435	19478	2
釠	6 2435	19479	2
釢	7 2435	19480	2
釥	8 2435	19481	2
釨	9 2435	19482	2
釫	10 2435	19483	2
釬	11 2435	19484	2
釮	12 2435	19485	2
釯	13 2435	19486	2
釰	1 2436	19487	2
釲	2 2436	19488	2
釳	3 2436	19489	2
釷	4 2436	19490	2
釸	5 2436	19491	2
釹	6 2436	19492	2
釺	7 2436	19493	2
釻	8 2436	19494	2
釽	9 2436	19495	2
釾	10 2436	19496	2
鈂	11 2436	19497	2
鈃	12 2436	19498	2
鈄	13 2436	19499	2
鈈	1 2438	19500	2
鈉	2 2438	19501	2
鈋	3 2438	19502	2
鈌	4 2438	19503	2
鈏	5 2438	19504	2
鈒	6 2438	19505	2
鈓	7 2438	19506	2
鈖	8 2438	19507	2
鈗	9 2438	19508	2
鈘	10 2438	19509	2
鈙	11 2438	19510	2
鈛	12 2438	19511	2
鈜	13 2438	19512	2
鈝	1 2445	19513	2
鈟	2 2445	19514	2
鈠	3 2445	19515	2
鈡	4 2445	19516	2
鈢	5 2445	19517	2
鈣	6 2445	19518	2
鈥	7 2445	19519	2
鈧	8 2445	19520	2
鈨	9 2445	19521	2
鈩	10 2445	19522	2
鈫	11 2445	19523	2
鈭	12 2445	19524	2
鈮	13 2445	19525	2
鈯	1 2446	19526	2
鈱	2 2446	19527	2
鈲	3 2446	19528	2
鈳	4 2446	19529	2
鈵	5 2446	19530	2
鈶	6 2446	19531	2
鈹	7 2446	19532	2
鈻	8 2446	19533	2
鈼	9 2446	19534	2
鈽	10 2446	19535	2
鈾	11 2446	19536	2
鉁	12 2446	19537	2
鉂	13 2446	19538	2
鉇	1 2491	19539	2
鉌	2 2491	19540	2
鉍	3 2491	19541	2
鉑	4 2491	19542	2
鉒	5 2491	19543	2
鉓	6 2491	19544	2
鉔	7 2491	19545	2
鉕	8 2491	19546	2
鉖	9 2491	19547	2
鉘	10 2491	19548	2
鉙	11 2491	19549	2
鉜	12 2491	19550	2
鉝	13 2491	19551	2
鉟	1 2461	19552	2
鉠	2 2461	19553	2
鉣	3 2461	19554	2
鉥	4 2461	19555	2
鉩	5 2461	19556	2
鉪	6 2461	19557	2
鉫	7 2461	19558	2
鉬	8 2461	19559	2
鉭	9 2461	19560	2
鉮	10 2461	19561	2
鉯	11 2461	19562	2
鉰	12 2461	19563	2
鉳	13 2461	19564	2
鉵	1 2465	19565	2
鉸	2 2465	19566	2
鉹	3 2465	19567	2
鉺	4 2465	19568	2
鉻	5 2465	19569	2
鉼	6 2465	19570	2
鉽	7 2465	19571	2
鉿	8 2465	19572	2
銁	9 2465	19573	2
銂	10 2465	19574	2
銄	11 2465	19575	2
銇	12 2465	19576	2
銉	13 2465	19577	2
銊	1 2467	19578	2
銋	2 2467	19579	2
銌	3 2467	19580	2
銏	4 2467	19581	2
銐	5 2467	19582	2
銔	6 2467	19583	2
銗	7 2467	19584	2
銝	8 2467	19585	2
銞	9 2467	19586	2
銟	10 2467	19587	2
銠	11 2467	19588	2
銡	12 2467	19589	2
銢	13 2467	19590	2
銣	1 2468	19591	2
銤	2 2468	19592	2
銥	3 2468	19593	2
銦	4 2468	19594	2
銧	5 2468	19595	2
銨	6 2468	19596	2
銩	7 2468	19597	2
銪	8 2468	19598	2
銫	9 2468	19599	2
銬	10 2468	19600	2
銯	11 2468	19601	2
銰	12 2468	19602	2
銱	13 2468	19603	2
銴	1 2470	19604	2
銵	2 2470	19605	2
銸	3 2470	19606	2
銽	4 2470	19607	2
銾	5 2470	19608	2
銿	6 2470	19609	2
鋀	7 2470	19610	2
鋁	8 2470	19611	2
鋂	9 2470	19612	2
鋃	10 2470	19613	2
鋄	11 2470	19614	2
鋅	12 2470	19615	2
鋇	13 2470	19616	2
鋉	1 2473	19617	2
鋊	2 2473	19618	2
鋋	3 2473	19619	2
鋎	4 2473	19620	2
鋑	5 2473	19621	2
鋓	6 2473	19622	2
鋔	7 2473	19623	2
鋖	8 2473	19624	2
鋘	9 2473	19625	2
鋙	10 2473	19626	2
鋚	11 2473	19627	2
鋛	12 2473	19628	2
鋜	13 2473	19629	2
鋝	1 2475	19630	2
鋞	2 2475	19631	2
鋟	3 2475	19632	2
鋡	4 2475	19633	2
鋢	5 2475	19634	2
鋣	6 2475	19635	2
鋥	7 2475	19636	2
鋦	8 2475	19637	2
鋧	9 2475	19638	2
鋨	10 2475	19639	2
鋩	11 2475	19640	2
鋫	12 2475	19641	2
鋬	13 2475	19642	2
鋯	1 2478	19643	2
鋰	2 2478	19644	2
鋱	3 2478	19645	2
鋴	4 2478	19646	2
鋵	5 2478	19647	2
鋶	6 2478	19648	2
鋷	7 2478	19649	2
鋻	8 2478	19650	2
鋽	9 2478	19651	2
鋾	10 2478	19652	2
錀	11 2478	19653	2
錁	12 2478	19654	2
錂	13 2478	19655	2
錅	1 2479	19656	2
錇	2 2479	19657	2
錈	3 2479	19658	2
錉	4 2479	19659	2
錊	5 2479	19660	2
錋	6 2479	19661	2
錌	7 2479	19662	2
錍	8 2479	19663	2
錎	9 2479	19664	2
錏	10 2479	19665	2
錑	11 2479	19666	2
錒	12 2479	19667	2
錓	13 2479	19668	2
錔	1 2480	19669	2
錖	2 2480	19670	2
錗	3 2480	19671	2
錙	4 2480	19672	2
錛	5 2480	19673	2
錪	6 2480	19674	2
錭	7 2480	19675	2
錰	8 2480	19676	2
錳	9 2480	19677	2
錴	10 2480	19678	2
錵	11 2480	19679	2
錶	12 2480	19680	2
錷	13 2480	19681	2
錸	1 2481	19682	2
錹	2 2481	19683	2
錼	3 2481	19684	2
錽	4 2481	19685	2
錿	5 2481	19686	2
鍀	6 2481	19687	2
鍁	7 2481	19688	2
鍂	8 2481	19689	2
鍃	9 2481	19690	2
鍄	10 2481	19691	2
鍆	11 2481	19692	2
鍉	12 2481	19693	2
鍎	13 2481	19694	2
鍓	1 2485	19695	2
鍕	2 2485	19696	2
鍘	3 2485	19697	2
鍞	4 2485	19698	2
鍠	5 2485	19699	2
鍡	6 2485	19700	2
鍢	7 2485	19701	2
鍣	8 2485	19702	2
鍤	9 2485	19703	2
鍥	10 2485	19704	2
鍨	11 2485	19705	2
鍩	12 2485	19706	2
鍫	13 2485	19707	2
鍯	1 2488	19708	2
鍰	2 2488	19709	2
鍴	3 2488	19710	2
鍶	4 2488	19711	2
鍷	5 2488	19712	2
鍸	6 2488	19713	2
鍹	7 2488	19714	2
鍻	8 2488	19715	2
鍽	9 2488	19716	2
鎀	10 2488	19717	2
鎁	11 2488	19718	2
鎃	12 2488	19719	2
鎄	13 2488	19720	2
鎆	1 2505	19721	2
鎇	2 2505	19722	2
鎈	3 2505	19723	2
鎉	4 2505	19724	2
鎊	5 2505	19725	2
鎋	6 2505	19726	2
鎎	7 2505	19727	2
鎐	8 2505	19728	2
鎑	9 2505	19729	2
鎒	10 2505	19730	2
鎕	11 2505	19731	2
鎘	12 2505	19732	2
鎙	13 2505	19733	2
鎛	1 2541	19734	2
鎜	2 2541	19735	2
鎝	3 2541	19736	2
鎞	4 2541	19737	2
鎟	5 2541	19738	2
鎠	6 2541	19739	2
鎢	7 2541	19740	2
鎤	8 2541	19741	2
鎥	9 2541	19742	2
鎦	10 2541	19743	2
鎨	11 2541	19744	2
鎩	12 2541	19745	2
鎪	13 2541	19746	2
鎫	1 2495	19747	2
鎯	2 2495	19748	2
鎱	3 2495	19749	2
鎲	4 2495	19750	2
鎳	5 2495	19751	2
鎵	6 2495	19752	2
鎷	7 2495	19753	2
鎸	8 2495	19754	2
鎻	9 2495	19755	2
鎼	10 2495	19756	2
鎽	11 2495	19757	2
鎿	12 2495	19758	2
鏀	13 2495	19759	2
鏁	1 2497	19760	2
鏂	2 2497	19761	2
鏅	3 2497	19762	2
鏇	4 2497	19763	2
鏉	5 2497	19764	2
鏌	6 2497	19765	2
鏍	7 2497	19766	2
鏎	8 2497	19767	2
鏏	9 2497	19768	2
鏒	10 2497	19769	2
鏔	11 2497	19770	2
鏕	12 2497	19771	2
鏙	13 2497	19772	2
鏚	1 2498	19773	2
鏛	2 2498	19774	2
鏟	3 2498	19775	2
鏠	4 2498	19776	2
鏣	5 2498	19777	2
鏥	6 2498	19778	2
鏦	7 2498	19779	2
鏧	8 2498	19780	2
鏩	9 2498	19781	2
鏪	10 2498	19782	2
鏫	11 2498	19783	2
鏬	12 2498	19784	2
鏭	13 2498	19785	2
鏯	1 2504	19786	2
鏰	2 2504	19787	2
鏲	3 2504	19788	2
鏳	4 2504	19789	2
鏴	5 2504	19790	2
鏶	6 2504	19791	2
鏷	7 2504	19792	2
鏸	8 2504	19793	2
鏹	9 2504	19794	2
鏺	10 2504	19795	2
鏾	11 2504	19796	2
鏿	12 2504	19797	2
鐀	13 2504	19798	2
鐁	1 2506	19799	2
鐂	2 2506	19800	2
鐄	3 2506	19801	2
鐅	4 2506	19802	2
鐆	5 2506	19803	2
鐈	6 2506	19804	2
鐉	7 2506	19805	2
鐊	8 2506	19806	2
鐋	9 2506	19807	2
鐌	10 2506	19808	2
鐍	11 2506	19809	2
鐎	12 2506	19810	2
鐑	13 2506	19811	2
鐒	1 2508	19812	2
鐓	2 2508	19813	2
鐕	3 2508	19814	2
鐛	4 2508	19815	2
鐜	5 2508	19816	2
鐝	6 2508	19817	2
鐞	7 2508	19818	2
鐟	8 2508	19819	2
鐠	9 2508	19820	2
鐣	10 2508	19821	2
鐥	11 2508	19822	2
鐦	12 2508	19823	2
鐧	13 2508	19824	2
鐨	1 2521	19825	2
鐭	2 2521	19826	2
鐯	3 2521	19827	2
鐰	4 2521	19828	2
鐱	5 2521	19829	2
鐲	6 2521	19830	2
鐴	7 2521	19831	2
鐷	8 2521	19832	2
鐹	9 2521	19833	2
鐻	10 2521	19834	2
鐼	11 2521	19835	2
鐽	12 2521	19836	2
鐿	13 2521	19837	2
鑀	1 2516	19838	2
鑂	2 2516	19839	2
鑃	3 2516	19840	2
鑆	4 2516	19841	2
鑇	5 2516	19842	2
鑈	6 2516	19843	2
鑊	7 2516	19844	2
鑋	8 2516	19845	2
鑌	9 2516	19846	2
鑍	10 2516	19847	2
鑎	11 2516	19848	2
鑏	12 2516	19849	2
鑐	13 2516	19850	2
鑔	1 2519	19851	2
鑕	2 2519	19852	2
鑖	3 2519	19853	2
鑗	4 2519	19854	2
鑘	5 2519	19855	2
鑜	6 2519	19856	2
鑝	7 2519	19857	2
鑟	8 2519	19858	2
鑣	9 2519	19859	2
鑤	10 2519	19860	2
鑥	11 2519	19861	2
鑦	12 2519	19862	2
鑧	13 2519	19863	2
鑩	1 2525	19864	2
鑬	2 2525	19865	2
鑭	3 2525	19866	2
鑮	4 2525	19867	2
鑯	5 2525	19868	2
鑱	6 2525	19869	2
鑳	7 2525	19870	2
鑶	8 2525	19871	2
鑸	9 2525	19872	2
鑹	10 2525	19873	2
鑺	11 2525	19874	2
鑻	12 2525	19875	2
钀	13 2525	19876	2
钃	1 2527	19877	2
钄	2 2527	19878	2
钘	3 2527	19879	2
铘	4 2527	19880	2
铞	5 2527	19881	2
铴	6 2527	19882	2
锳	7 2527	19883	2
镟	8 2527	19884	2
镸	9 2527	19885	2
镹	10 2527	19886	2
镺	11 2527	19887	2
镻	12 2527	19888	2
镼	13 2527	19889	2
镽	1 2536	19890	2
镾	2 2536	19891	2
閁	3 2536	19892	2
閄	4 2536	19893	2
閅	5 2536	19894	2
閈	6 2536	19895	2
閊	7 2536	19896	2
閌	8 2536	19897	2
閍	9 2536	19898	2
閐	10 2536	19899	2
閕	11 2536	19900	2
閗	12 2536	19901	2
閚	13 2536	19902	2
閛	1 2559	19903	2
閜	2 2559	19904	2
閝	3 2559	19905	2
閠	4 2559	19906	2
閡	5 2559	19907	2
閫	6 2559	19908	2
閮	7 2559	19909	2
閯	8 2559	19910	2
閱	9 2559	19911	2
閳	10 2559	19912	2
閵	11 2559	19913	2
閷	12 2559	19914	2
閸	13 2559	19915	2
閺	1 2540	19916	2
閽	2 2540	19917	2
闀	3 2540	19918	2
闁	4 2540	19919	2
闂	5 2540	19920	2
闃	6 2540	19921	2
闄	7 2540	19922	2
闅	8 2540	19923	2
闆	9 2540	19924	2
闈	10 2540	19925	2
闉	11 2540	19926	2
闋	12 2540	19927	2
闎	13 2540	19928	2
闏	1 2543	19929	2
闑	2 2543	19930	2
闒	3 2543	19931	2
闗	4 2543	19932	2
闙	5 2543	19933	2
闛	6 2543	19934	2
闝	7 2543	19935	2
闟	8 2543	19936	2
闠	9 2543	19937	2
闣	10 2543	19938	2
闤	11 2543	19939	2
闦	12 2543	19940	2
闧	13 2543	19941	2
阘	1 2556	19942	2
阞	2 2556	19943	2
阠	3 2556	19944	2
阢	4 2556	19945	2
阣	5 2556	19946	2
阤	6 2556	19947	2
阥	7 2556	19948	2
阦	8 2556	19949	2
阧	9 2556	19950	2
阩	10 2556	19951	2
阫	11 2556	19952	2
阰	12 2556	19953	2
阷	13 2556	19954	2
阸	1 2560	19955	2
阹	2 2560	19956	2
阺	3 2560	19957	2
阽	4 2560	19958	2
阾	5 2560	19959	2
陁	6 2560	19960	2
陃	7 2560	19961	2
陊	8 2560	19962	2
陎	9 2560	19963	2
陏	10 2560	19964	2
陑	11 2560	19965	2
陒	12 2560	19966	2
陓	13 2560	19967	2
陖	1 2565	19968	2
陗	2 2565	19969	2
陙	3 2565	19970	2
陚	4 2565	19971	2
陠	5 2565	19972	2
陦	6 2565	19973	2
陫	7 2565	19974	2
陮	8 2565	19975	2
陯	9 2565	19976	2
陱	10 2565	19977	2
陹	11 2565	19978	2
陻	12 2565	19979	2
陼	13 2565	19980	2
陾	1 2561	19981	2
陿	2 2561	19982	2
隀	3 2561	19983	2
隁	4 2561	19984	2
隃	5 2561	19985	2
隇	6 2561	19986	2
隉	7 2561	19987	2
隌	8 2561	19988	2
隑	9 2561	19989	2
隒	10 2561	19990	2
隓	11 2561	19991	2
隖	12 2561	19992	2
隚	13 2561	19993	2
隝	1 2599	19994	2
隟	2 2599	19995	2
隡	3 2599	19996	2
隢	4 2599	19997	2
隤	5 2599	19998	2
隥	6 2599	19999	2
隦	7 2599	20000	2
隩	8 2599	20001	2
隫	9 2599	20002	2
隬	10 2599	20003	2
隭	11 2599	20004	2
隮	12 2599	20005	2
隯	13 2599	20006	2
隵	1 2562	20007	2
隺	2 2562	20008	2
隿	3 2562	20009	2
雂	4 2562	20010	2
雃	5 2562	20011	2
雈	6 2562	20012	2
雐	7 2562	20013	2
雓	8 2562	20014	2
雔	9 2562	20015	2
雗	10 2562	20016	2
雘	11 2562	20017	2
雚	12 2562	20018	2
雝	13 2562	20019	2
雡	1 2563	20020	2
雤	2 2563	20021	2
雥	3 2563	20022	2
雦	4 2563	20023	2
雧	5 2563	20024	2
雬	6 2563	20025	2
雭	7 2563	20026	2
雮	8 2563	20027	2
雴	9 2563	20028	2
雵	10 2563	20029	2
雸	11 2563	20030	2
雺	12 2563	20031	2
雼	13 2563	20032	2
雽	1 2567	20033	2
雿	2 2567	20034	2
霂	3 2567	20035	2
霃	4 2567	20036	2
霅	5 2567	20037	2
霋	6 2567	20038	2
霌	7 2567	20039	2
霐	8 2567	20040	2
霒	9 2567	20041	2
霔	10 2567	20042	2
霕	11 2567	20043	2
霗	12 2567	20044	2
霘	13 2567	20045	2
霚	1 2568	20046	2
霛	2 2568	20047	2
霝	3 2568	20048	2
霟	4 2568	20049	2
霠	5 2568	20050	2
霡	6 2568	20051	2
霢	7 2568	20052	2
霣	8 2568	20053	2
霥	9 2568	20054	2
霦	10 2568	20055	2
霩	11 2568	20056	2
霬	12 2568	20057	2
霮	13 2568	20058	2
霯	1 2574	20059	2
霱	2 2574	20060	2
霳	3 2574	20061	2
霴	4 2574	20062	2
霵	5 2574	20063	2
霶	6 2574	20064	2
霷	7 2574	20065	2
霺	8 2574	20066	2
霻	9 2574	20067	2
霼	10 2574	20068	2
霿	11 2574	20069	2
靀	12 2574	20070	2
靅	13 2574	20071	2
靊	1 2576	20072	2
靋	2 2576	20073	2
靌	3 2576	20074	2
靎	4 2576	20075	2
靐	5 2576	20076	2
靔	6 2576	20077	2
靕	7 2576	20078	2
靘	8 2576	20079	2
靝	9 2576	20080	2
靟	10 2576	20081	2
靣	11 2576	20082	2
靤	12 2576	20083	2
靦	13 2576	20084	2
靧	1 2578	20085	2
靪	2 2578	20086	2
靮	3 2578	20087	2
靯	4 2578	20088	2
靰	5 2578	20089	2
靲	6 2578	20090	2
靵	7 2578	20091	2
靷	8 2578	20092	2
靸	9 2578	20093	2
靹	10 2578	20094	2
靻	11 2578	20095	2
靽	12 2578	20096	2
靾	13 2578	20097	2
靿	1 2579	20098	2
鞀	2 2579	20099	2
鞁	3 2579	20100	2
鞂	4 2579	20101	2
鞃	5 2579	20102	2
鞇	6 2579	20103	2
鞈	7 2579	20104	2
鞉	8 2579	20105	2
鞊	9 2579	20106	2
鞌	10 2579	20107	2
鞎	11 2579	20108	2
鞐	12 2579	20109	2
鞓	13 2579	20110	2
鞕	1 2583	20111	2
鞖	2 2583	20112	2
鞙	3 2583	20113	2
鞚	4 2583	20114	2
鞛	5 2583	20115	2
鞝	6 2583	20116	2
鞟	7 2583	20117	2
鞡	8 2583	20118	2
鞢	9 2583	20119	2
鞤	10 2583	20120	2
鞧	11 2583	20121	2
鞩	12 2583	20122	2
鞪	13 2583	20123	2
鞰	1 1 134	20124	2
鞱	2 1 134	20125	2
鞳	3 1 134	20126	2
鞵	4 1 134	20127	2
鞷	5 1 134	20128	2
鞸	6 1 134	20129	2
鞹	7 1 134	20130	2
鞺	8 1 134	20131	2
鞻	9 1 134	20132	2
鞼	10 1 134	20133	2
鞽	11 1 134	20134	2
鞾	12 1 134	20135	2
鞿	13 1 134	20136	2
韀	1 2 134	20137	2
韁	2 2 134	20138	2
韂	3 2 134	20139	2
韄	4 2 134	20140	2
韅	5 2 134	20141	2
韇	6 2 134	20142	2
韉	7 2 134	20143	2
韊	8 2 134	20144	2
韌	9 2 134	20145	2
韍	10 2 134	20146	2
韎	11 2 134	20147	2
韏	12 2 134	20148	2
韒	13 2 134	20149	2
韔	1 2585	20150	2
韕	2 2585	20151	2
韖	3 2585	20152	2
韚	4 2585	20153	2
韝	5 2585	20154	2
韟	6 2585	20155	2
韠	7 2585	20156	2
韡	8 2585	20157	2
韢	9 2585	20158	2
韣	10 2585	20159	2
韤	11 2585	20160	2
韥	12 2585	20161	2
韨	13 2585	20162	2
韯	1 2587	20163	2
韰	2 2587	20164	2
韱	3 2587	20165	2
韷	4 2587	20166	2
韸	5 2587	20167	2
韹	6 2587	20168	2
韼	7 2587	20169	2
韽	8 2587	20170	2
韾	9 2587	20171	2
頀	10 2587	20172	2
頄	11 2587	20173	2
頇	12 2587	20174	2
頉	13 2587	20175	2
頋	1 5 134	20176	2
頔	2 5 134	20177	2
頕	3 5 134	20178	2
頖	4 5 134	20179	2
頙	5 5 134	20180	2
頛	6 5 134	20181	2
頜	7 5 134	20182	2
頝	8 5 134	20183	2
頟	9 5 134	20184	2
頢	10 5 134	20185	2
頣	11 5 134	20186	2
頦	12 5 134	20187	2
頧	13 5 134	20188	2
頨	1 6 134	20189	2
頩	2 6 134	20190	2
頪	3 6 134	20191	2
頮	4 6 134	20192	2
頯	5 6 134	20193	2
頱	6 6 134	20194	2
頳	7 6 134	20195	2
頶	8 6 134	20196	2
頹	9 6 134	20197	2
頺	10 6 134	20198	2
頾	11 6 134	20199	2
頿	12 6 134	20200	2
顀	13 6 134	20201	2
顁	1 7 134	20202	2
顃	2 7 134	20203	2
顄	3 7 134	20204	2
顅	4 7 134	20205	2
顇	5 7 134	20206	2
顈	6 7 134	20207	2
顉	7 7 134	20208	2
顊	8 7 134	20209	2
顋	9 7 134	20210	2
顐	10 7 134	20211	2
顑	11 7 134	20212	2
顖	12 7 134	20213	2
顚	13 7 134	20214	2
顜	1 8 134	20215	2
顝	2 8 134	20216	2
顟	3 8 134	20217	2
顠	4 8 134	20218	2
顡	5 8 134	20219	2
顢	6 8 134	20220	2
顣	7 8 134	20221	2
顤	8 8 134	20222	2
顦	9 8 134	20223	2
顨	10 8 134	20224	2
顩	11 8 134	20225	2
顪	12 8 134	20226	2
顭	13 8 134	20227	2
顮	1 9 134	20228	2
顲	2 9 134	20229	2
顴	3 9 134	20230	2
顸	4 9 134	20231	2
颃	5 9 134	20232	2
颒	6 9 134	20233	2
颟	7 9 134	20234	2
颥	8 9 134	20235	2
颩	9 9 134	20236	2
颫	10 9 134	20237	2
颬	11 9 134	20238	2
颭	12 9 134	20239	2
颮	13 9 134	20240	2
颰	1 10 134	20241	2
颲	2 10 134	20242	2
颳	3 10 134	20243	2
颴	4 10 134	20244	2
颵	5 10 134	20245	2
颹	6 10 134	20246	2
颻	7 10 134	20247	2
颽	8 10 134	20248	2
颾	9 10 134	20249	2
颿	10 10 134	20250	2
飀	11 10 134	20251	2
飁	12 10 134	20252	2
飃	13 10 134	20253	2
飅	1 11 134	20254	2
飇	2 11 134	20255	2
飉	3 11 134	20256	2
飊	4 11 134	20257	2
飋	5 11 134	20258	2
飌	6 11 134	20259	2
飍	7 11 134	20260	2
飐	8 11 134	20261	2
飔	9 11 134	20262	2
飖	10 11 134	20263	2
飗	11 11 134	20264	2
飝	12 11 134	20265	2
飠	13 11 134	20266	2
飣	1 12 134	20267	2
飤	2 12 134	20268	2
飦	3 12 134	20269	2
飪	4 12 134	20270	2
飬	5 12 134	20271	2
飭	6 12 134	20272	2
飱	7 12 134	20273	2
飳	8 12 134	20274	2
飵	9 12 134	20275	2
飶	10 12 134	20276	2
飷	11 12 134	20277	2
飸	12 12 134	20278	2
飹	13 12 134	20279	2
飺	1 13 134	20280	2
飻	2 13 134	20281	2
飿	3 13 134	20282	2
餀	4 13 134	20283	2
餁	5 13 134	20284	2
餂	6 13 134	20285	2
餄	7 13 134	20286	2
餆	8 13 134	20287	2
餇	9 13 134	20288	2
餈	10 13 134	20289	2
餋	11 13 134	20290	2
餎	12 13 134	20291	2
餏	13 13 134	20292	2
餔	1 1 135	20293	2
餕	2 1 135	20294	2
餖	3 1 135	20295	2
餙	4 1 135	20296	2
餚	5 1 135	20297	2
餟	6 1 135	20298	2
餢	7 1 135	20299	2
餣	8 1 135	20300	2
餤	9 1 135	20301	2
餥	10 1 135	20302	2
餦	11 1 135	20303	2
餧	12 1 135	20304	2
餩	13 1 135	20305	2
餪	1 2 135	20306	2
餫	2 2 135	20307	2
餭	3 2 135	20308	2
餯	4 2 135	20309	2
餰	5 2 135	20310	2
餱	6 2 135	20311	2
餲	7 2 135	20312	2
餴	8 2 135	20313	2
餵	9 2 135	20314	2
餶	10 2 135	20315	2
餷	11 2 135	20316	2
餸	12 2 135	20317	2
餹	13 2 135	20318	2
餼	1 3 135	20319	2
餿	2 3 135	20320	2
饀	3 3 135	20321	2
饄	4 3 135	20322	2
饆	5 3 135	20323	2
饇	6 3 135	20324	2
饈	7 3 135	20325	2
饊	8 3 135	20326	2
饍	9 3 135	20327	2
饎	10 3 135	20328	2
饏	11 3 135	20329	2
饐	12 3 135	20330	2
饓	13 3 135	20331	2
饖	1 4 135	20332	2
饘	2 4 135	20333	2
饙	3 4 135	20334	2
饚	4 4 135	20335	2
饛	5 4 135	20336	2
饜	6 4 135	20337	2
饝	7 4 135	20338	2
饞	8 4 135	20339	2
饟	9 4 135	20340	2
饠	10 4 135	20341	2
饡	11 4 135	20342	2
饢	12 4 135	20343	2
饤	13 4 135	20344	2
饦	1 5 135	20345	2
饳	2 5 135	20346	2
饻	3 5 135	20347	2
饾	4 5 135	20348	2
馉	5 5 135	20349	2
馌	6 5 135	20350	2
馎	7 5 135	20351	2
馚	8 5 135	20352	2
馜	9 5 135	20353	2
馝	10 5 135	20354	2
馟	11 5 135	20355	2
馠	12 5 135	20356	2
馡	13 5 135	20357	2
馢	1 6 135	20358	2
馣	2 6 135	20359	2
馤	3 6 135	20360	2
馦	4 6 135	20361	2
馧	5 6 135	20362	2
馩	6 6 135	20363	2
馪	7 6 135	20364	2
馫	8 6 135	20365	2
馯	9 6 135	20366	2
馰	10 6 135	20367	2
馲	11 6 135	20368	2
馵	12 6 135	20369	2
馶	13 6 135	20370	2
馷	1 7 135	20371	2
馸	2 7 135	20372	2
馹	3 7 135	20373	2
馻	4 7 135	20374	2
馽	5 7 135	20375	2
馾	6 7 135	20376	2
駀	7 7 135	20377	2
駂	8 7 135	20378	2
駇	9 7 135	20379	2
駊	10 7 135	20380	2
駋	11 7 135	20381	2
駌	12 7 135	20382	2
駍	13 7 135	20383	2
駏	1 8 135	20384	2
駑	2 8 135	20385	2
駓	3 8 135	20386	2
駔	4 8 135	20387	2
駖	5 8 135	20388	2
駗	6 8 135	20389	2
駚	7 8 135	20390	2
駜	8 8 135	20391	2
駞	9 8 135	20392	2
駠	10 8 135	20393	2
駡	11 8 135	20394	2
駣	12 8 135	20395	2
駤	13 8 135	20396	2
駥	1 9 135	20397	2
駦	2 9 135	20398	2
駧	3 9 135	20399	2
駨	4 9 135	20400	2
駪	5 9 135	20401	2
駫	6 9 135	20402	2
駬	7 9 135	20403	2
駯	8 9 135	20404	2
駰	9 9 135	20405	2
駲	10 9 135	20406	2
駳	11 9 135	20407	2
駴	12 9 135	20408	2
駵	13 9 135	20409	2
駶	1 10 135	20410	2
駷	2 10 135	20411	2
駺	3 10 135	20412	2
駻	4 10 135	20413	2
駼	5 10 135	20414	2
駽	6 10 135	20415	2
駾	7 10 135	20416	2
騀	8 10 135	20417	2
騃	9 10 135	20418	2
騆	10 10 135	20419	2
騇	11 10 135	20420	2
騈	12 10 135	20421	2
騉	13 10 135	20422	2
騊	1 11 135	20423	2
騋	2 11 135	20424	2
騌	3 11 135	20425	2
騍	4 11 135	20426	2
騐	5 11 135	20427	2
騔	6 11 135	20428	2
騕	7 11 135	20429	2
騗	8 11 135	20430	2
騘	9 11 135	20431	2
騚	10 11 135	20432	2
騛	11 11 135	20433	2
騜	12 11 135	20434	2
騝	13 11 135	20435	2
騞	1 12 135	20436	2
騟	2 12 135	20437	2
騡	3 12 135	20438	2
騢	4 12 135	20439	2
騣	5 12 135	20440	2
騥	6 12 135	20441	2
騦	7 12 135	20442	2
騧	8 12 135	20443	2
騩	9 12 135	20444	2
騪	10 12 135	20445	2
騬	11 12 135	20446	2
騯	12 12 135	20447	2
騱	13 12 135	20448	2
騲	1 13 135	20449	2
騳	2 13 135	20450	2
騴	3 13 135	20451	2
騵	4 13 135	20452	2
騹	5 13 135	20453	2
騺	6 13 135	20454	2
騻	7 13 135	20455	2
騼	8 13 135	20456	2
騽	9 13 135	20457	2
騿	10 13 135	20458	2
驄	11 13 135	20459	2
驆	12 13 135	20460	2
驇	13 13 135	20461	2
驈	1 1 136	20462	2
驉	2 1 136	20463	2
驋	3 1 136	20464	2
驌	4 1 136	20465	2
驏	5 1 136	20466	2
驐	6 1 136	20467	2
驑	7 1 136	20468	2
驓	8 1 136	20469	2
驔	9 1 136	20470	2
驖	10 1 136	20471	2
驘	11 1 136	20472	2
驙	12 1 136	20473	2
驜	13 1 136	20474	2
驝	1 2 136	20475	2
驞	2 2 136	20476	2
驠	3 2 136	20477	2
驡	4 2 136	20478	2
驣	5 2 136	20479	2
驦	6 2 136	20480	2
驧	7 2 136	20481	2
驨	8 2 136	20482	2
骔	9 2 136	20483	2
骣	10 2 136	20484	2
骦	11 2 136	20485	2
骩	12 2 136	20486	2
骪	13 2 136	20487	2
骫	1 3 136	20488	2
骬	2 3 136	20489	2
骭	3 3 136	20490	2
骮	4 3 136	20491	2
骯	5 3 136	20492	2
骲	6 3 136	20493	2
骳	7 3 136	20494	2
骴	8 3 136	20495	2
骵	9 3 136	20496	2
骹	10 3 136	20497	2
骽	11 3 136	20498	2
骾	12 3 136	20499	2
骿	13 3 136	20500	2
髇	1 4 136	20501	2
髉	2 4 136	20502	2
髊	3 4 136	20503	2
髍	4 4 136	20504	2
髐	5 4 136	20505	2
髒	6 4 136	20506	2
髕	7 4 136	20507	2
髖	8 4 136	20508	2
髗	9 4 136	20509	2
髚	10 4 136	20510	2
髛	11 4 136	20511	2
髜	12 4 136	20512	2
髝	13 4 136	20513	2
髤	1 5 136	20514	2
髥	2 5 136	20515	2
髧	3 5 136	20516	2
髨	4 5 136	20517	2
髩	5 5 136	20518	2
髬	6 5 136	20519	2
髰	7 5 136	20520	2
髲	8 5 136	20521	2
髵	9 5 136	20522	2
髶	10 5 136	20523	2
髺	11 5 136	20524	2
髼	12 5 136	20525	2
髽	13 5 136	20526	2
髾	1 6 136	20527	2
髿	2 6 136	20528	2
鬀	3 6 136	20529	2
鬄	4 6 136	20530	2
鬅	5 6 136	20531	2
鬇	6 6 136	20532	2
鬉	7 6 136	20533	2
鬊	8 6 136	20534	2
鬋	9 6 136	20535	2
鬌	10 6 136	20536	2
鬍	11 6 136	20537	2
鬎	12 6 136	20538	2
鬑	13 6 136	20539	2
鬒	1 7 136	20540	2
鬔	2 7 136	20541	2
鬕	3 7 136	20542	2
鬖	4 7 136	20543	2
鬗	5 7 136	20544	2
鬙	6 7 136	20545	2
鬛	7 7 136	20546	2
鬜	8 7 136	20547	2
鬝	9 7 136	20548	2
鬞	10 7 136	20549	2
鬠	11 7 136	20550	2
鬡	12 7 136	20551	2
鬤	13 7 136	20552	2
鬦	1 8 136	20553	2
鬫	2 8 136	20554	2
鬬	3 8 136	20555	2
鬭	4 8 136	20556	2
鬳	5 8 136	20557	2
鬵	6 8 136	20558	2
鬷	7 8 136	20559	2
鬸	8 8 136	20560	2
鬹	9 8 136	20561	2
鬺	10 8 136	20562	2
鬽	11 8 136	20563	2
鬿	12 8 136	20564	2
魀	13 8 136	20565	2
魊	1 9 136	20566	2
魌	2 9 136	20567	2
魐	3 9 136	20568	2
魒	4 9 136	20569	2
魓	5 9 136	20570	2
魖	6 9 136	20571	2
魗	7 9 136	20572	2
魙	8 9 136	20573	2
魛	9 9 136	20574	2
魜	10 9 136	20575	2
魝	11 9 136	20576	2
魟	12 9 136	20577	2
魡	13 9 136	20578	2
魢	1 10 136	20579	2
魥	2 10 136	20580	2
魧	3 10 136	20581	2
魨	4 10 136	20582	2
魩	5 10 136	20583	2
魪	6 10 136	20584	2
魫	7 10 136	20585	2
魬	8 10 136	20586	2
魭	9 10 136	20587	2
魰	10 10 136	20588	2
魱	11 10 136	20589	2
魵	12 10 136	20590	2
魶	13 10 136	20591	2
魷	1 11 136	20592	2
魸	2 11 136	20593	2
魹	3 11 136	20594	2
魺	4 11 136	20595	2
魻	5 11 136	20596	2
魼	6 11 136	20597	2
魽	7 11 136	20598	2
魾	8 11 136	20599	2
魿	9 11 136	20600	2
鮀	10 11 136	20601	2
鮂	11 11 136	20602	2
鮄	12 11 136	20603	2
鮅	13 11 136	20604	2
鮇	1 12 136	20605	2
鮉	2 12 136	20606	2
鮋	3 12 136	20607	2
鮌	4 12 136	20608	2
鮍	5 12 136	20609	2
鮏	6 12 136	20610	2
鮐	7 12 136	20611	2
鮔	8 12 136	20612	2
鮕	9 12 136	20613	2
鮖	10 12 136	20614	2
鮗	11 12 136	20615	2
鮘	12 12 136	20616	2
鮙	13 12 136	20617	2
鮚	1 13 136	20618	2
鮛	2 13 136	20619	2
鮜	3 13 136	20620	2
鮝	4 13 136	20621	2
鮞	5 13 136	20622	2
鮢	6 13 136	20623	2
鮣	7 13 136	20624	2
鮤	8 13 136	20625	2
鮥	9 13 136	20626	2
鮦	10 13 136	20627	2
鮧	11 13 136	20628	2
鮩	12 13 136	20629	2
鮬	13 13 136	20630	2
鮯	1 1 137	20631	2
鮰	2 1 137	20632	2
鮱	3 1 137	20633	2
鮳	4 1 137	20634	2
鮵	5 1 137	20635	2
鮶	6 1 137	20636	2
鮷	7 1 137	20637	2
鮸	8 1 137	20638	2
鮺	9 1 137	20639	2
鮼	10 1 137	20640	2
鮽	11 1 137	20641	2
鮾	12 1 137	20642	2
鮿	13 1 137	20643	2
鯀	1 2 137	20644	2
鯂	2 2 137	20645	2
鯃	3 2 137	20646	2
鯄	4 2 137	20647	2
鯅	5 2 137	20648	2
鯆	6 2 137	20649	2
鯈	7 2 137	20650	2
鯋	8 2 137	20651	2
鯌	9 2 137	20652	2
鯍	10 2 137	20653	2
鯎	11 2 137	20654	2
鯐	12 2 137	20655	2
鯑	13 2 137	20656	2
鯕	1 3 137	20657	2
鯗	2 3 137	20658	2
鯘	3 3 137	20659	2
鯙	4 3 137	20660	2
鯚	5 3 137	20661	2
鯜	6 3 137	20662	2
鯝	7 3 137	20663	2
鯞	8 3 137	20664	2
鯟	9 3 137	20665	2
鯠	10 3 137	20666	2
鯦	11 3 137	20667	2
鯧	12 3 137	20668	2
鯩	13 3 137	20669	2
鯫	1 4 137	20670	2
鯬	2 4 137	20671	2
鯮	3 4 137	20672	2
鯳	4 4 137	20673	2
鯴	5 4 137	20674	2
鯶	6 4 137	20675	2
鯸	7 4 137	20676	2
鯺	8 4 137	20677	2
鯻	9 4 137	20678	2
鯼	10 4 137	20679	2
鯾	11 4 137	20680	2
鯿	12 4 137	20681	2
鰀	13 4 137	20682	2
鰁	1 5 137	20683	2
鰃	2 5 137	20684	2
鰄	3 5 137	20685	2
鰅	4 5 137	20686	2
鰇	5 5 137	20687	2
鰋	6 5 137	20688	2
鰎	7 5 137	20689	2
鰏	8 5 137	20690	2
鰑	9 5 137	20691	2
鰖	10 5 137	20692	2
鰗	11 5 137	20693	2
鰘	12 5 137	20694	2
鰙	13 5 137	20695	2
鰚	1 6 137	20696	2
鰛	2 6 137	20697	2
鰜	3 6 137	20698	2
鰝	4 6 137	20699	2
鰞	5 6 137	20700	2
鰟	6 6 137	20701	2
鰠	7 6 137	20702	2
鰢	8 6 137	20703	2
鰣	9 6 137	20704	2
鰦	10 6 137	20705	2
鰨	11 6 137	20706	2
鰩	12 6 137	20707	2
鰪	13 6 137	20708	2
鰫	1 7 137	20709	2
鰬	2 7 137	20710	2
鰳	3 7 137	20711	2
鰴	4 7 137	20712	2
鰵	5 7 137	20713	2
鰷	6 7 137	20714	2
鰸	7 7 137	20715	2
鰽	8 7 137	20716	2
鰿	9 7 137	20717	2
鱁	10 7 137	20718	2
鱂	11 7 137	20719	2
鱃	12 7 137	20720	2
鱅	13 7 137	20721	2
鱆	1 8 137	20722	2
鱉	2 8 137	20723	2
鱋	3 8 137	20724	2
鱌	4 8 137	20725	2
鱍	5 8 137	20726	2
鱎	6 8 137	20727	2
鱐	7 8 137	20728	2
鱑	8 8 137	20729	2
鱕	9 8 137	20730	2
鱖	10 8 137	20731	2
鱘	11 8 137	20732	2
鱙	12 8 137	20733	2
鱛	13 8 137	20734	2
鱜	1 9 137	20735	2
鱞	2 9 137	20736	2
鱟	3 9 137	20737	2
鱡	4 9 137	20738	2
鱢	5 9 137	20739	2
鱣	6 9 137	20740	2
鱤	7 9 137	20741	2
鱦	8 9 137	20742	2
鱩	9 9 137	20743	2
鱪	10 9 137	20744	2
鱫	11 9 137	20745	2
鱬	12 9 137	20746	2
鱮	13 9 137	20747	2
鱯	1 10 137	20748	2
鱰	2 10 137	20749	2
鱱	3 10 137	20750	2
鱳	4 10 137	20751	2
鱴	5 10 137	20752	2
鱷	6 10 137	20753	2
鱹	7 10 137	20754	2
鱺	8 10 137	20755	2
鱻	9 10 137	20756	2
鱽	10 10 137	20757	2
鱾	11 10 137	20758	2
鲄	12 10 137	20759	2
鲓	13 10 137	20760	2
鲘	1 11 137	20761	2
鲝	2 11 137	20762	2
鲡	3 11 137	20763	2
鲪	4 11 137	20764	2
鲺	5 11 137	20765	2
鳆	6 11 137	20766	2
鳋	7 11 137	20767	2
鳤	8 11 137	20768	2
鳦	9 11 137	20769	2
鳨	10 11 137	20770	2
鳪	11 11 137	20771	2
鳭	12 11 137	20772	2
鳮	13 11 137	20773	2
鳱	1 12 137	20774	2
鳵	2 12 137	20775	2
鳷	3 12 137	20776	2
鳸	4 12 137	20777	2
鳹	5 12 137	20778	2
鳺	6 12 137	20779	2
鳻	7 12 137	20780	2
鳼	8 12 137	20781	2
鳽	9 12 137	20782	2
鳾	10 12 137	20783	2
鳿	11 12 137	20784	2
鴀	12 12 137	20785	2
鴁	13 12 137	20786	2
鴂	1 13 137	20787	2
鴃	2 13 137	20788	2
鴄	3 13 137	20789	2
鴅	4 13 137	20790	2
鴊	5 13 137	20791	2
鴍	6 13 137	20792	2
鴏	7 13 137	20793	2
鴐	8 13 137	20794	2
鴑	9 13 137	20795	2
鴓	10 13 137	20796	2
鴔	11 13 137	20797	2
鴖	12 13 137	20798	2
鴗	13 13 137	20799	2
鴘	1 1 138	20800	2
鴙	2 1 138	20801	2
鴚	3 1 138	20802	2
鴝	4 1 138	20803	2
鴞	5 1 138	20804	2
鴠	6 1 138	20805	2
鴡	7 1 138	20806	2
鴢	8 1 138	20807	2
鴤	9 1 138	20808	2
鴥	10 1 138	20809	2
鴧	11 1 138	20810	2
鴩	12 1 138	20811	2
鴪	13 1 138	20812	2
鴭	1 2 138	20813	2
鴮	2 2 138	20814	2
鴰	3 2 138	20815	2
鴱	4 2 138	20816	2
鴲	5 2 138	20817	2
鴳	6 2 138	20818	2
鴴	7 2 138	20819	2
鴵	8 2 138	20820	2
鴶	9 2 138	20821	2
鴷	10 2 138	20822	2
鴸	11 2 138	20823	2
鴹	12 2 138	20824	2
鴺	13 2 138	20825	2
鴼	1 3 138	20826	2
鴽	2 3 138	20827	2
鴾	3 3 138	20828	2
鵀	4 3 138	20829	2
鵁	5 3 138	20830	2
鵃	6 3 138	20831	2
鵅	7 3 138	20832	2
鵆	8 3 138	20833	2
鵇	9 3 138	20834	2
鵈	10 3 138	20835	2
鵉	11 3 138	20836	2
鵊	12 3 138	20837	2
鵋	13 3 138	20838	2
鵌	1 4 138	20839	2
鵍	2 4 138	20840	2
鵎	3 4 138	20841	2
鵏	4 4 138	20842	2
鵒	5 4 138	20843	2
鵔	6 4 138	20844	2
鵕	7 4 138	20845	2
鵗	8 4 138	20846	2
鵘	9 4 138	20847	2
鵚	10 4 138	20848	2
鵛	11 4 138	20849	2
鵢	12 4 138	20850	2
鵣	13 4 138	20851	2
鵥	1 5 138	20852	2
鵦	2 5 138	20853	2
鵧	3 5 138	20854	2
鵨	4 5 138	20855	2
鵪	5 5 138	20856	2
鵫	6 5 138	20857	2
鵭	7 5 138	20858	2
鵮	8 5 138	20859	2
鵱	9 5 138	20860	2
鵳	10 5 138	20861	2
鵴	11 5 138	20862	2
鵵	12 5 138	20863	2
鵶	13 5 138	20864	2
鵷	1 6 138	20865	2
鵸	2 6 138	20866	2
鵹	3 6 138	20867	2
鵻	4 6 138	20868	2
鵼	5 6 138	20869	2
鵽	6 6 138	20870	2
鵿	7 6 138	20871	2
鶀	8 6 138	20872	2
鶁	9 6 138	20873	2
鶂	10 6 138	20874	2
鶃	11 6 138	20875	2
鶄	12 6 138	20876	2
鶅	13 6 138	20877	2
鶆	1 7 138	20878	2
鶈	2 7 138	20879	2
鶋	3 7 138	20880	2
鶌	4 7 138	20881	2
鶍	5 7 138	20882	2
鶎	6 7 138	20883	2
鶐	7 7 138	20884	2
鶑	8 7 138	20885	2
鶒	9 7 138	20886	2
鶔	10 7 138	20887	2
鶕	11 7 138	20888	2
鶖	12 7 138	20889	2
鶗	13 7 138	20890	2
鶘	1 8 138	20891	2
鶛	2 8 138	20892	2
鶜	3 8 138	20893	2
鶝	4 8 138	20894	2
鶞	5 8 138	20895	2
鶟	6 8 138	20896	2
鶠	7 8 138	20897	2
鶢	8 8 138	20898	2
鶣	9 8 138	20899	2
鶥	10 8 138	20900	2
鶦	11 8 138	20901	2
鶧	12 8 138	20902	2
鶨	13 8 138	20903	2
鶪	1 9 138	20904	2
鶬	2 9 138	20905	2
鶭	3 9 138	20906	2
鶮	4 9 138	20907	2
鶰	5 9 138	20908	2
鶱	6 9 138	20909	2
鶳	7 9 138	20910	2
鶵	8 9 138	20911	2
鶶	9 9 138	20912	2
鶷	10 9 138	20913	2
鶹	11 9 138	20914	2
鶼	12 9 138	20915	2
鶽	13 9 138	20916	2
鶾	1 10 138	20917	2
鷃	2 10 138	20918	2
鷅	3 10 138	20919	2
鷆	4 10 138	20920	2
鷇	5 10 138	20921	2
鷈	6 10 138	20922	2
鷊	7 10 138	20923	2
鷋	8 10 138	20924	2
鷌	9 10 138	20925	2
鷍	10 10 138	20926	2
鷎	11 10 138	20927	2
鷏	12 10 138	20928	2
鷐	13 10 138	20929	2
鷑	1 11 138	20930	2
鷒	2 11 138	20931	2
鷕	3 11 138	20932	2
鷖	4 11 138	20933	2
鷘	5 11 138	20934	2
鷚	6 11 138	20935	2
鷛	7 11 138	20936	2
鷜	8 11 138	20937	2
鷝	9 11 138	20938	2
鷞	10 11 138	20939	2
鷠	11 11 138	20940	2
鷡	12 11 138	20941	2
鷢	13 11 138	20942	2
鷣	1 12 138	20943	2
鷤	2 12 138	20944	2
鷥	3 12 138	20945	2
鷧	4 12 138	20946	2
鷨	5 12 138	20947	2
鷩	6 12 138	20948	2
鷪	7 12 138	20949	2
鷫	8 12 138	20950	2
鷬	9 12 138	20951	2
鷮	10 12 138	20952	2
鷰	11 12 138	20953	2
鷱	12 12 138	20954	2
鷳	13 12 138	20955	2
鷴	1 13 138	20956	2
鷵	2 13 138	20957	2
鷶	3 13 138	20958	2
鷷	4 13 138	20959	2
鷻	5 13 138	20960	2
鷼	6 13 138	20961	2
鷾	7 13 138	20962	2
鷿	8 13 138	20963	2
鸀	9 13 138	20964	2
鸁	10 13 138	20965	2
鸂	11 13 138	20966	2
鸃	12 13 138	20967	2
鸄	13 13 138	20968	2
鸅	1 1 139	20969	2
鸆	2 1 139	20970	2
鸇	3 1 139	20971	2
鸈	4 1 139	20972	2
鸉	5 1 139	20973	2
鸋	6 1 139	20974	2
鸌	7 1 139	20975	2
鸍	8 1 139	20976	2
鸎	9 1 139	20977	2
鸏	10 1 139	20978	2
鸐	11 1 139	20979	2
鸒	12 1 139	20980	2
鸓	13 1 139	20981	2
鸔	1 2 139	20982	2
鸖	2 2 139	20983	2
鸗	3 2 139	20984	2
鸘	4 2 139	20985	2
鸙	5 2 139	20986	2
鸜	6 2 139	20987	2
鸝	7 2 139	20988	2
鸧	8 2 139	20989	2
鸴	9 2 139	20990	2
鸼	10 2 139	20991	2
鹐	11 2 139	20992	2
鹒	12 2 139	20993	2
鹓	13 2 139	20994	2
鹔	1 3 139	20995	2
鹙	2 3 139	20996	2
鹝	3 3 139	20997	2
鹯	4 3 139	20998	2
鹴	5 3 139	20999	2
鹶	6 3 139	21000	2
鹷	7 3 139	21001	2
鹺	8 3 139	21002	2
麄	9 3 139	21003	2
麅	10 3 139	21004	2
麆	11 3 139	21005	2
麉	12 3 139	21006	2
麊	13 3 139	21007	2
麌	1 4 139	21008	2
麍	2 4 139	21009	2
麎	3 4 139	21010	2
麏	4 4 139	21011	2
麔	5 4 139	21012	2
麕	6 4 139	21013	2
麖	7 4 139	21014	2
麘	8 4 139	21015	2
麙	9 4 139	21016	2
麜	10 4 139	21017	2
麠	11 4 139	21018	2
麡	12 4 139	21019	2
麢	13 4 139	21020	2
麣	1 5 139	21021	2
麧	2 5 139	21022	2
麨	3 5 139	21023	2
麫	4 5 139	21024	2
麬	5 5 139	21025	2
麮	6 5 139	21026	2
麯	7 5 139	21027	2
麰	8 5 139	21028	2
麱	9 5 139	21029	2
麲	10 5 139	21030	2
麳	11 5 139	21031	2
麶	12 5 139	21032	2
麷	13 5 139	21033	2
黀	1 6 139	21034	2
黁	2 6 139	21035	2
黂	3 6 139	21036	2
黅	4 6 139	21037	2
黆	5 6 139	21038	2
黇	6 6 139	21039	2
黊	7 6 139	21040	2
黋	8 6 139	21041	2
黓	9 6 139	21042	2
黕	10 6 139	21043	2
黖	11 6 139	21044	2
黗	12 6 139	21045	2
黚	13 6 139	21046	2
黢	1 7 139	21047	2
黣	2 7 139	21048	2
黤	3 7 139	21049	2
黦	4 7 139	21050	2
黪	5 7 139	21051	2
黫	6 7 139	21052	2
黬	7 7 139	21053	2
黭	8 7 139	21054	2
黰	9 7 139	21055	2
黱	10 7 139	21056	2
黲	11 7 139	21057	2
黳	12 7 139	21058	2
黶	13 7 139	21059	2
黷	1 8 139	21060	2
黸	2 8 139	21061	2
黿	3 8 139	21062	2
鼀	4 8 139	21063	2
鼁	5 8 139	21064	2
鼃	6 8 139	21065	2
鼄	7 8 139	21066	2
鼅	8 8 139	21067	2
鼆	9 8 139	21068	2
鼊	10 8 139	21069	2
鼌	11 8 139	21070	2
鼏	12 8 139	21071	2
鼑	13 8 139	21072	2
鼔	1 9 139	21073	2
鼖	2 9 139	21074	2
鼘	3 9 139	21075	2
鼚	4 9 139	21076	2
鼛	5 9 139	21077	2
鼜	6 9 139	21078	2
鼝	7 9 139	21079	2
鼞	8 9 139	21080	2
鼟	9 9 139	21081	2
鼢	10 9 139	21082	2
鼣	11 9 139	21083	2
鼤	12 9 139	21084	2
鼥	13 9 139	21085	2
鼦	1 10 139	21086	2
鼧	2 10 139	21087	2
鼨	3 10 139	21088	2
鼪	4 10 139	21089	2
鼫	5 10 139	21090	2
鼭	6 10 139	21091	2
鼮	7 10 139	21092	2
鼰	8 10 139	21093	2
鼲	9 10 139	21094	2
鼳	10 10 139	21095	2
鼴	11 10 139	21096	2
鼵	12 10 139	21097	2
鼶	13 10 139	21098	2
鼸	1 11 139	21099	2
鼺	2 11 139	21100	2
鼼	3 11 139	21101	2
鼽	4 11 139	21102	2
鼿	5 11 139	21103	2
齀	6 11 139	21104	2
齂	7 11 139	21105	2
齃	8 11 139	21106	2
齄	9 11 139	21107	2
齅	10 11 139	21108	2
齆	11 11 139	21109	2
齇	12 11 139	21110	2
齈	13 11 139	21111	2
齉	1 12 139	21112	2
齌	2 12 139	21113	2
齍	3 12 139	21114	2
齏	4 12 139	21115	2
齓	5 12 139	21116	2
齖	6 12 139	21117	2
齗	7 12 139	21118	2
齘	8 12 139	21119	2
齙	9 12 139	21120	2
齚	10 12 139	21121	2
齜	11 12 139	21122	2
齝	12 12 139	21123	2
齞	13 12 139	21124	2
齠	1 13 139	21125	2
齤	2 13 139	21126	2
齥	3 13 139	21127	2
齨	4 13 139	21128	2
齩	5 13 139	21129	2
齫	6 13 139	21130	2
齭	7 13 139	21131	2
齯	8 13 139	21132	2
齱	9 13 139	21133	2
齳	10 13 139	21134	2
齴	11 13 139	21135	2
齵	12 13 139	21136	2
齸	13 13 139	21137	2
齹	1 1 140	21138	2
齺	2 1 140	21139	2
齻	3 1 140	21140	2
齼	4 1 140	21141	2
齽	5 1 140	21142	2
齾	6 1 140	21143	2
龂	7 1 140	21144	2
龎	8 1 140	21145	2
龏	9 1 140	21146	2
龒	10 1 140	21147	2
龓	11 1 140	21148	2
龖	12 1 140	21149	2
龞	13 1 140	21150	2
龡	1 2 140	21151	2
龣	2 2 140	21152	2
龤	3 2 140	21153	2
龥	4 2 140	21154	2
龦	5 2 140	21155	2
龧	6 2 140	21156	2
龨	7 2 140	21157	2
龩	8 2 140	21158	2
龪	9 2 140	21159	2
龫	10 2 140	21160	2
龬	11 2 140	21161	2
龭	12 2 140	21162	2
龮	13 2 140	21163	2
龯	1 3 140	21164	2
龰	2 3 140	21165	2
龲	3 3 140	21166	2
龳	4 3 140	21167	2
龴	5 3 140	21168	2
龵	6 3 140	21169	2
龶	7 3 140	21170	2
龷	8 3 140	21171	2
龸	9 3 140	21172	2
龹	10 3 140	21173	2
龺	11 3 140	21174	2
龻	12 3 140	21175	2
龼	13 3 140	21176	2
龽	1 4 140	21177	2
龾	2 4 140	21178	2
龿	3 4 140	21179	2
鿀	4 4 140	21180	2
鿂	5 4 140	21181	2
鿃	6 4 140	21182	2
鿄	7 4 140	21183	2
鿅	8 4 140	21184	2
鿆	9 4 140	21185	2
鿇	10 4 140	21186	2
鿈	11 4 140	21187	2
鿉	12 4 140	21188	2
鿊	13 4 140	21189	2
鿋	1 5 140	21190	2
鿌	2 5 140	21191	2
鿍	3 5 140	21192	2
鿎	4 5 140	21193	2
鿏	5 5 140	21194	2
鿐	6 5 140	21195	2
鿑	7 5 140	21196	2
鿒	8 5 140	21197	2
鿓	9 5 140	21198	2
鿔	10 5 140	21199	2
鿕	11 5 140	21200	2
鿖	12 5 140	21201	2
鿗	13 5 140	21202	2
鿙	1 6 140	21203	2
鿚	2 6 140	21204	2
鿛	3 6 140	21205	2
鿜	4 6 140	21206	2
鿝	5 6 140	21207	2
鿞	6 6 140	21208	2
鿟	7 6 140	21209	2
鿠	8 6 140	21210	2
鿡	9 6 140	21211	2
鿢	10 6 140	21212	2
鿣	11 6 140	21213	2
鿤	12 6 140	21214	2
鿥	13 6 140	21215	2
鿦	1 7 140	21216	2
鿧	2 7 140	21217	2
鿨	3 7 140	21218	2
鿩	4 7 140	21219	2
鿪	5 7 140	21220	2
鿫	6 7 140	21221	2
鿬	7 7 140	21222	2
鿭	8 7 140	21223	2
鿮	9 7 140	21224	2
鿯	10 7 140	21225	2
鿰	11 7 140	21226	2
鿱	12 7 140	21227	2
鿲	13 7 140	21228	2
鿳	1 8 140	21229	2
鿴	2 8 140	21230	2
鿵	3 8 140	21231	2
鿶	4 8 140	21232	2
鿷	5 8 140	21233	2
鿸	6 8 140	21234	2
鿹	7 8 140	21235	2
鿺	8 8 140	21236	2
鿻	9 8 140	21237	2
鿼	10 8 140	21238	2
鿽	11 8 140	21239	2
鿾	12 8 140	21240	2
鿿	13 8 140	21241	2
＊	1 9 140	21242	2
，	2 9 140	21243	2
４	3 9 140	21244	2
６	4 9 140	21245	2
７	5 9 140	21246	2
８	6 9 140	21247	2
９	7 9 140	21248	2
；	8 9 140	21249	2
＜	9 9 140	21250	2
＠	10 9 140	21251	2
Ｈ	11 9 140	21252	2
Ｋ	12 9 140	21253	2
ｃ	13 9 140	21254	2
ｇ	1 10 140	21255	2
ｈ	2 10 140	21256	2
ｉ	3 10 140	21257	2
ｖ	4 10 140	21258	2
ｙ	5 10 140	21259	2
｝	6 10 140	21260	2
､	7 10 140	21261	2
ｲ	8 10 140	21262	2
ﾂ	9 10 140	21263	2
ﾄ	10 10 140	21264	2
ﾅ	11 10 140	21265	2
ﾘ	12 10 140	21266	2
ﾙ	13 10 140	21267	2
ﾚ	1 11 140	21268	2
ﾝ	2 11 140	21269	2
;	3 11 140	21270	1
_	4 11 140	21271	1
　	5 11 140	21272	1
〃	6 11 140	21273	1
〄	7 11 140	21274	1
〖	8 11 140	21275	1
〗	9 11 140	21276	1
〘	10 11 140	21277	1
〙	11 11 140	21278	1
〚	12 11 140	21279	1
〛	13 11 140	21280	1
〢	1 12 140	21281	1
〣	2 12 140	21282	1
〤	3 12 140	21283	1
〥	4 12 140	21284	1
〦	5 12 140	21285	1
〧	6 12 140	21286	1
〨	7 12 140	21287	1
〩	8 12 140	21288	1
〪	9 12 140	21289	1
〫	10 12 140	21290	1
〬	11 12 140	21291	1
〭	12 12 140	21292	1
〮	13 12 140	21293	1
〯	1 13 140	21294	1
〰	2 13 140	21295	1
〱	3 13 140	21296	1
〲	4 13 140	21297	1
〳	5 13 140	21298	1
〴	6 13 140	21299	1
〵	7 13 140	21300	1
〶	8 13 140	21301	1
〸	9 13 140	21302	1
〹	10 13 140	21303	1
〺	11 13 140	21304	1
〽	12 13 140	21305	1
〾	13 13 140	21306	1
〿	1 1 141	21307	1
぀	2 1 141	21308	1
゗	3 1 141	21309	1
゘	4 1 141	21310	1
゛	5 1 141	21311	1
゜	6 1 141	21312	1
ゟ	7 1 141	21313	1
゠	8 1 141	21314	1
ヿ	9 1 141	21315	1
㐀	10 1 141	21316	1
㐁	11 1 141	21317	1
㐃	12 1 141	21318	1
㐄	13 1 141	21319	1
㐅	1 2 141	21320	1
㐆	2 2 141	21321	1
㐇	3 2 141	21322	1
㐈	4 2 141	21323	1
㐉	5 2 141	21324	1
㐊	6 2 141	21325	1
㐋	7 2 141	21326	1
㐍	8 2 141	21327	1
㐎	9 2 141	21328	1
㐏	10 2 141	21329	1
㐐	11 2 141	21330	1
㐑	12 2 141	21331	1
㐒	13 2 141	21332	1
㐓	1 3 141	21333	1
㐔	2 3 141	21334	1
㐕	3 3 141	21335	1
㐖	4 3 141	21336	1
㐗	5 3 141	21337	1
㐘	6 3 141	21338	1
㐙	7 3 141	21339	1
㐚	8 3 141	21340	1
㐛	9 3 141	21341	1
㐜	10 3 141	21342	1
㐝	11 3 141	21343	1
㐞	12 3 141	21344	1
㐟	13 3 141	21345	1
㐠	1 4 141	21346	1
㐡	2 4 141	21347	1
㐢	3 4 141	21348	1
㐣	4 4 141	21349	1
㐤	5 4 141	21350	1
㐥	6 4 141	21351	1
㐦	7 4 141	21352	1
㐨	8 4 141	21353	1
㐩	9 4 141	21354	1
㐪	10 4 141	21355	1
㐫	11 4 141	21356	1
㐬	12 4 141	21357	1
㐭	13 4 141	21358	1
㐯	1 5 141	21359	1
㐰	2 5 141	21360	1
㐱	3 5 141	21361	1
㐲	4 5 141	21362	1
㐳	5 5 141	21363	1
㐴	6 5 141	21364	1
㐵	7 5 141	21365	1
㐶	8 5 141	21366	1
㐷	9 5 141	21367	1
㐸	10 5 141	21368	1
㐹	11 5 141	21369	1
㐺	12 5 141	21370	1
㐻	13 5 141	21371	1
㐼	1 6 141	21372	1
㐽	2 6 141	21373	1
㐾	3 6 141	21374	1
㐿	4 6 141	21375	1
㑀	5 6 141	21376	1
㑁	6 6 141	21377	1
㑂	7 6 141	21378	1
㑃	8 6 141	21379	1
㑄	9 6 141	21380	1
㑅	10 6 141	21381	1
㑆	11 6 141	21382	1
㑇	12 6 141	21383	1
㑈	13 6 141	21384	1
㑉	1 7 141	21385	1
㑊	2 7 141	21386	1
㑋	3 7 141	21387	1
㑌	4 7 141	21388	1
㑍	5 7 141	21389	1
㑎	6 7 141	21390	1
㑏	7 7 141	21391	1
㑐	8 7 141	21392	1
㑑	9 7 141	21393	1
㑒	10 7 141	21394	1
㑓	11 7 141	21395	1
㑔	12 7 141	21396	1
㑕	13 7 141	21397	1
㑖	1 8 141	21398	1
㑗	2 8 141	21399	1
㑘	3 8 141	21400	1
㑙	4 8 141	21401	1
㑚	5 8 141	21402	1
㑛	6 8 141	21403	1
㑜	7 8 141	21404	1
㑝	8 8 141	21405	1
㑞	9 8 141	21406	1
㑟	10 8 141	21407	1
㑠	11 8 141	21408	1
㑡	12 8 141	21409	1
㑢	13 8 141	21410	1
㑣	1 9 141	21411	1
㑤	2 9 141	21412	1
㑥	3 9 141	21413	1
㑦	4 9 141	21414	1
㑧	5 9 141	21415	1
㑨	6 9 141	21416	1
㑪	7 9 141	21417	1
㑫	8 9 141	21418	1
㑬	9 9 141	21419	1
㑭	10 9 141	21420	1
㑮	11 9 141	21421	1
㑯	12 9 141	21422	1
㑰	13 9 141	21423	1
㑱	1 10 141	21424	1
㑲	2 10 141	21425	1
㑳	3 10 141	21426	1
㑴	4 10 141	21427	1
㑵	5 10 141	21428	1
㑶	6 10 141	21429	1
㑷	7 10 141	21430	1
㑸	8 10 141	21431	1
㑺	9 10 141	21432	1
㑻	10 10 141	21433	1
㑼	11 10 141	21434	1
㑽	12 10 141	21435	1
㑾	13 10 141	21436	1
㑿	1 11 141	21437	1
㒀	2 11 141	21438	1
㒁	3 11 141	21439	1
㒂	4 11 141	21440	1
㒃	5 11 141	21441	1
㒄	6 11 141	21442	1
㒅	7 11 141	21443	1
㒆	8 11 141	21444	1
㒇	9 11 141	21445	1
㒈	10 11 141	21446	1
㒉	11 11 141	21447	1
㒊	12 11 141	21448	1
㒋	13 11 141	21449	1
㒌	1 12 141	21450	1
㒍	2 12 141	21451	1
㒎	3 12 141	21452	1
㒏	4 12 141	21453	1
㒐	5 12 141	21454	1
㒑	6 12 141	21455	1
㒒	7 12 141	21456	1
㒓	8 12 141	21457	1
㒔	9 12 141	21458	1
㒕	10 12 141	21459	1
㒖	11 12 141	21460	1
㒗	12 12 141	21461	1
㒘	13 12 141	21462	1
㒙	1 13 141	21463	1
㒚	2 13 141	21464	1
㒛	3 13 141	21465	1
㒜	4 13 141	21466	1
㒝	5 13 141	21467	1
㒞	6 13 141	21468	1
㒟	7 13 141	21469	1
㒠	8 13 141	21470	1
㒡	9 13 141	21471	1
㒢	10 13 141	21472	1
㒣	11 13 141	21473	1
㒤	12 13 141	21474	1
㒥	13 13 141	21475	1
㒦	1 1 142	21476	1
㒧	2 1 142	21477	1
㒨	3 1 142	21478	1
㒩	4 1 142	21479	1
㒪	5 1 142	21480	1
㒫	6 1 142	21481	1
㒬	7 1 142	21482	1
㒭	8 1 142	21483	1
㒮	9 1 142	21484	1
㒯	10 1 142	21485	1
㒰	11 1 142	21486	1
㒱	12 1 142	21487	1
㒲	13 1 142	21488	1
㒳	1 2 142	21489	1
㒴	2 2 142	21490	1
㒵	3 2 142	21491	1
㒷	4 2 142	21492	1
㒸	5 2 142	21493	1
㒹	6 2 142	21494	1
㒺	7 2 142	21495	1
㒻	8 2 142	21496	1
㒼	9 2 142	21497	1
㒽	10 2 142	21498	1
㒾	11 2 142	21499	1
㒿	12 2 142	21500	1
㓀	13 2 142	21501	1
㓁	1 3 142	21502	1
㓂	2 3 142	21503	1
㓃	3 3 142	21504	1
㓄	4 3 142	21505	1
㓅	5 3 142	21506	1
㓆	6 3 142	21507	1
㓇	7 3 142	21508	1
㓈	8 3 142	21509	1
㓉	9 3 142	21510	1
㓊	10 3 142	21511	1
㓋	11 3 142	21512	1
㓌	12 3 142	21513	1
㓍	13 3 142	21514	1
㓎	1 4 142	21515	1
㓏	2 4 142	21516	1
㓐	3 4 142	21517	1
㓑	4 4 142	21518	1
㓒	5 4 142	21519	1
㓓	6 4 142	21520	1
㓔	7 4 142	21521	1
㓕	8 4 142	21522	1
㓖	9 4 142	21523	1
㓗	10 4 142	21524	1
㓘	11 4 142	21525	1
㓙	12 4 142	21526	1
㓚	13 4 142	21527	1
㓜	1 5 142	21528	1
㓝	2 5 142	21529	1
㓞	3 5 142	21530	1
㓟	4 5 142	21531	1
㓠	5 5 142	21532	1
㓡	6 5 142	21533	1
㓢	7 5 142	21534	1
㓣	8 5 142	21535	1
㓤	9 5 142	21536	1
㓦	10 5 142	21537	1
㓧	11 5 142	21538	1
㓨	12 5 142	21539	1
㓩	13 5 142	21540	1
㓪	1 6 142	21541	1
㓫	2 6 142	21542	1
㓬	3 6 142	21543	1
㓭	4 6 142	21544	1
㓮	5 6 142	21545	1
㓯	6 6 142	21546	1
㓰	7 6 142	21547	1
㓱	8 6 142	21548	1
㓲	9 6 142	21549	1
㓳	10 6 142	21550	1
㓴	11 6 142	21551	1
㓵	12 6 142	21552	1
㓶	13 6 142	21553	1
㓷	1 7 142	21554	1
㓸	2 7 142	21555	1
㓹	3 7 142	21556	1
㓺	4 7 142	21557	1
㓻	5 7 142	21558	1
㓼	6 7 142	21559	1
㓽	7 7 142	21560	1
㓾	8 7 142	21561	1
㓿	9 7 142	21562	1
㔀	10 7 142	21563	1
㔁	11 7 142	21564	1
㔂	12 7 142	21565	1
㔃	13 7 142	21566	1
㔄	1 8 142	21567	1
㔅	2 8 142	21568	1
㔆	3 8 142	21569	1
㔇	4 8 142	21570	1
㔈	5 8 142	21571	1
㔊	6 8 142	21572	1
㔋	7 8 142	21573	1
㔌	8 8 142	21574	1
㔍	9 8 142	21575	1
㔎	10 8 142	21576	1
㔏	11 8 142	21577	1
㔐	12 8 142	21578	1
㔑	13 8 142	21579	1
㔒	1 9 142	21580	1
㔓	2 9 142	21581	1
㔔	3 9 142	21582	1
㔕	4 9 142	21583	1
㔖	5 9 142	21584	1
㔗	6 9 142	21585	1
㔘	7 9 142	21586	1
㔙	8 9 142	21587	1
㔚	9 9 142	21588	1
㔛	10 9 142	21589	1
㔜	11 9 142	21590	1
㔝	12 9 142	21591	1
㔞	13 9 142	21592	1
㔠	1 10 142	21593	1
㔡	2 10 142	21594	1
㔢	3 10 142	21595	1
㔣	4 10 142	21596	1
㔤	5 10 142	21597	1
㔥	6 10 142	21598	1
㔦	7 10 142	21599	1
㔧	8 10 142	21600	1
㔨	9 10 142	21601	1
㔩	10 10 142	21602	1
㔪	11 10 142	21603	1
㔫	12 10 142	21604	1
㔬	13 10 142	21605	1
㔭	1 11 142	21606	1
㔮	2 11 142	21607	1
㔯	3 11 142	21608	1
㔰	4 11 142	21609	1
㔱	5 11 142	21610	1
㔲	6 11 142	21611	1
㔳	7 11 142	21612	1
㔴	8 11 142	21613	1
㔵	9 11 142	21614	1
㔶	10 11 142	21615	1
㔷	11 11 142	21616	1
㔸	12 11 142	21617	1
㔹	13 11 142	21618	1
㔺	1 12 142	21619	1
㔻	2 12 142	21620	1
㔼	3 12 142	21621	1
㔽	4 12 142	21622	1
㔾	5 12 142	21623	1
㔿	6 12 142	21624	1
㕀	7 12 142	21625	1
㕁	8 12 142	21626	1
㕂	9 12 142	21627	1
㕃	10 12 142	21628	1
㕄	11 12 142	21629	1
㕅	12 12 142	21630	1
㕆	13 12 142	21631	1
㕇	1 13 142	21632	1
㕈	2 13 142	21633	1
㕉	3 13 142	21634	1
㕊	4 13 142	21635	1
㕋	5 13 142	21636	1
㕌	6 13 142	21637	1
㕍	7 13 142	21638	1
㕏	8 13 142	21639	1
㕐	9 13 142	21640	1
㕑	10 13 142	21641	1
㕒	11 13 142	21642	1
㕓	12 13 142	21643	1
㕔	13 13 142	21644	1
㕕	1 1 143	21645	1
㕖	2 1 143	21646	1
㕗	3 1 143	21647	1
㕘	4 1 143	21648	1
㕙	5 1 143	21649	1
㕚	6 1 143	21650	1
㕛	7 1 143	21651	1
㕜	8 1 143	21652	1
㕝	9 1 143	21653	1
㕞	10 1 143	21654	1
㕟	11 1 143	21655	1
㕠	12 1 143	21656	1
㕡	13 1 143	21657	1
㕢	1 2 143	21658	1
㕣	2 2 143	21659	1
㕤	3 2 143	21660	1
㕥	4 2 143	21661	1
㕦	5 2 143	21662	1
㕧	6 2 143	21663	1
㕨	7 2 143	21664	1
㕩	8 2 143	21665	1
㕪	9 2 143	21666	1
㕫	10 2 143	21667	1
㕬	11 2 143	21668	1
㕭	12 2 143	21669	1
㕮	13 2 143	21670	1
㕯	1 3 143	21671	1
㕰	2 3 143	21672	1
㕱	3 3 143	21673	1
㕲	4 3 143	21674	1
㕳	5 3 143	21675	1
㕴	6 3 143	21676	1
㕵	7 3 143	21677	1
㕶	8 3 143	21678	1
㕷	9 3 143	21679	1
㕸	10 3 143	21680	1
㕹	11 3 143	21681	1
㕺	12 3 143	21682	1
㕻	13 3 143	21683	1
㕼	1 4 143	21684	1
㕽	2 4 143	21685	1
㕾	3 4 143	21686	1
㕿	4 4 143	21687	1
㖀	5 4 143	21688	1
㖁	6 4 143	21689	1
㖂	7 4 143	21690	1
㖃	8 4 143	21691	1
㖄	9 4 143	21692	1
㖅	10 4 143	21693	1
㖆	11 4 143	21694	1
㖇	12 4 143	21695	1
㖈	13 4 143	21696	1
㖉	1 5 143	21697	1
㖋	2 5 143	21698	1
㖌	3 5 143	21699	1
㖍	4 5 143	21700	1
㖎	5 5 143	21701	1
㖏	6 5 143	21702	1
㖐	7 5 143	21703	1
㖑	8 5 143	21704	1
㖒	9 5 143	21705	1
㖓	10 5 143	21706	1
㖔	11 5 143	21707	1
㖕	12 5 143	21708	1
㖖	13 5 143	21709	1
㖗	1 6 143	21710	1
㖘	2 6 143	21711	1
㖙	3 6 143	21712	1
㖚	4 6 143	21713	1
㖛	5 6 143	21714	1
㖜	6 6 143	21715	1
㖝	7 6 143	21716	1
㖟	8 6 143	21717	1
㖠	9 6 143	21718	1
㖡	10 6 143	21719	1
㖢	11 6 143	21720	1
㖣	12 6 143	21721	1
㖤	13 6 143	21722	1
㖥	1 7 143	21723	1
㖦	2 7 143	21724	1
㖧	3 7 143	21725	1
㖨	4 7 143	21726	1
㖩	5 7 143	21727	1
㖪	6 7 143	21728	1
㖫	7 7 143	21729	1
㖬	8 7 143	21730	1
㖭	9 7 143	21731	1
㖮	10 7 143	21732	1
㖯	11 7 143	21733	1
㖰	12 7 143	21734	1
㖱	13 7 143	21735	1
㖲	1 8 143	21736	1
㖳	2 8 143	21737	1
㖴	3 8 143	21738	1
㖵	4 8 143	21739	1
㖶	5 8 143	21740	1
㖷	6 8 143	21741	1
㖸	7 8 143	21742	1
㖹	8 8 143	21743	1
㖺	9 8 143	21744	1
㖻	10 8 143	21745	1
㖼	11 8 143	21746	1
㖽	12 8 143	21747	1
㖾	13 8 143	21748	1
㖿	1 9 143	21749	1
㗀	2 9 143	21750	1
㗁	3 9 143	21751	1
㗂	4 9 143	21752	1
㗃	5 9 143	21753	1
㗄	6 9 143	21754	1
㗅	7 9 143	21755	1
㗆	8 9 143	21756	1
㗇	9 9 143	21757	1
㗈	10 9 143	21758	1
㗉	11 9 143	21759	1
㗊	12 9 143	21760	1
㗋	13 9 143	21761	1
㗌	1 10 143	21762	1
㗍	2 10 143	21763	1
㗏	3 10 143	21764	1
㗐	4 10 143	21765	1
㗑	5 10 143	21766	1
㗒	6 10 143	21767	1
㗓	7 10 143	21768	1
㗔	8 10 143	21769	1
㗕	9 10 143	21770	1
㗖	10 10 143	21771	1
㗗	11 10 143	21772	1
㗘	12 10 143	21773	1
㗙	13 10 143	21774	1
㗚	1 11 143	21775	1
㗛	2 11 143	21776	1
㗜	3 11 143	21777	1
㗝	4 11 143	21778	1
㗞	5 11 143	21779	1
㗟	6 11 143	21780	1
㗠	7 11 143	21781	1
㗡	8 11 143	21782	1
㗢	9 11 143	21783	1
㗣	10 11 143	21784	1
㗤	11 11 143	21785	1
㗥	12 11 143	21786	1
㗦	13 11 143	21787	1
㗧	1 12 143	21788	1
㗨	2 12 143	21789	1
㗩	3 12 143	21790	1
㗪	4 12 143	21791	1
㗫	5 12 143	21792	1
㗬	6 12 143	21793	1
㗭	7 12 143	21794	1
㗮	8 12 143	21795	1
㗯	9 12 143	21796	1
㗰	10 12 143	21797	1
㗱	11 12 143	21798	1
㗲	12 12 143	21799	1
㗳	13 12 143	21800	1
㗴	1 13 143	21801	1
㗵	2 13 143	21802	1
㗶	3 13 143	21803	1
㗷	4 13 143	21804	1
㗸	5 13 143	21805	1
㗹	6 13 143	21806	1
㗺	7 13 143	21807	1
㗻	8 13 143	21808	1
㗼	9 13 143	21809	1
㗽	10 13 143	21810	1
㗾	11 13 143	21811	1
㗿	12 13 143	21812	1
㘀	13 13 143	21813	1
㘁	1 1 144	21814	1
㘂	2 1 144	21815	1
㘃	3 1 144	21816	1
㘄	4 1 144	21817	1
㘅	5 1 144	21818	1
㘆	6 1 144	21819	1
㘇	7 1 144	21820	1
㘈	8 1 144	21821	1
㘉	9 1 144	21822	1
㘊	10 1 144	21823	1
㘋	11 1 144	21824	1
㘌	12 1 144	21825	1
㘍	13 1 144	21826	1
㘎	1 2 144	21827	1
㘏	2 2 144	21828	1
㘐	3 2 144	21829	1
㘑	4 2 144	21830	1
㘒	5 2 144	21831	1
㘓	6 2 144	21832	1
㘔	7 2 144	21833	1
㘕	8 2 144	21834	1
㘖	9 2 144	21835	1
㘗	10 2 144	21836	1
㘘	11 2 144	21837	1
㘙	12 2 144	21838	1
㘚	13 2 144	21839	1
㘛	1 3 144	21840	1
㘜	2 3 144	21841	1
㘝	3 3 144	21842	1
㘞	4 3 144	21843	1
㘟	5 3 144	21844	1
㘠	6 3 144	21845	1
㘡	7 3 144	21846	1
㘢	8 3 144	21847	1
㘣	9 3 144	21848	1
㘤	10 3 144	21849	1
㘥	11 3 144	21850	1
㘦	12 3 144	21851	1
㘧	13 3 144	21852	1
㘨	1 4 144	21853	1
㘩	2 4 144	21854	1
㘪	3 4 144	21855	1
㘫	4 4 144	21856	1
㘬	5 4 144	21857	1
㘭	6 4 144	21858	1
㘮	7 4 144	21859	1
㘯	8 4 144	21860	1
㘰	9 4 144	21861	1
㘱	10 4 144	21862	1
㘲	11 4 144	21863	1
㘳	12 4 144	21864	1
㘴	13 4 144	21865	1
㘵	1 5 144	21866	1
㘶	2 5 144	21867	1
㘷	3 5 144	21868	1
㘸	4 5 144	21869	1
㘹	5 5 144	21870	1
㘺	6 5 144	21871	1
㘻	7 5 144	21872	1
㘼	8 5 144	21873	1
㘽	9 5 144	21874	1
㘾	10 5 144	21875	1
㘿	11 5 144	21876	1
㙀	12 5 144	21877	1
㙁	13 5 144	21878	1
㙂	1 6 144	21879	1
㙃	2 6 144	21880	1
㙄	3 6 144	21881	1
㙅	4 6 144	21882	1
㙆	5 6 144	21883	1
㙇	6 6 144	21884	1
㙈	7 6 144	21885	1
㙉	8 6 144	21886	1
㙊	9 6 144	21887	1
㙋	10 6 144	21888	1
㙌	11 6 144	21889	1
㙍	12 6 144	21890	1
㙎	13 6 144	21891	1
㙏	1 7 144	21892	1
㙐	2 7 144	21893	1
㙑	3 7 144	21894	1
㙒	4 7 144	21895	1
㙓	5 7 144	21896	1
㙔	6 7 144	21897	1
㙕	7 7 144	21898	1
㙖	8 7 144	21899	1
㙗	9 7 144	21900	1
㙘	10 7 144	21901	1
㙙	11 7 144	21902	1
㙚	12 7 144	21903	1
㙛	13 7 144	21904	1
㙜	1 8 144	21905	1
㙝	2 8 144	21906	1
㙞	3 8 144	21907	1
㙟	4 8 144	21908	1
㙠	5 8 144	21909	1
㙡	6 8 144	21910	1
㙢	7 8 144	21911	1
㙣	8 8 144	21912	1
㙤	9 8 144	21913	1
㙥	10 8 144	21914	1
㙦	11 8 144	21915	1
㙧	12 8 144	21916	1
㙨	13 8 144	21917	1
㙩	1 9 144	21918	1
㙪	2 9 144	21919	1
㙫	3 9 144	21920	1
㙬	4 9 144	21921	1
㙭	5 9 144	21922	1
㙮	6 9 144	21923	1
㙯	7 9 144	21924	1
㙰	8 9 144	21925	1
㙱	9 9 144	21926	1
㙲	10 9 144	21927	1
㙳	11 9 144	21928	1
㙴	12 9 144	21929	1
㙵	13 9 144	21930	1
㙶	1 10 144	21931	1
㙷	2 10 144	21932	1
㙸	3 10 144	21933	1
㙹	4 10 144	21934	1
㙺	5 10 144	21935	1
㙻	6 10 144	21936	1
㙼	7 10 144	21937	1
㙽	8 10 144	21938	1
㙾	9 10 144	21939	1
㙿	10 10 144	21940	1
㚀	11 10 144	21941	1
㚁	12 10 144	21942	1
㚂	13 10 144	21943	1
㚃	1 11 144	21944	1
㚄	2 11 144	21945	1
㚅	3 11 144	21946	1
㚆	4 11 144	21947	1
㚇	5 11 144	21948	1
㚈	6 11 144	21949	1
㚉	7 11 144	21950	1
㚊	8 11 144	21951	1
㚋	9 11 144	21952	1
㚌	10 11 144	21953	1
㚍	11 11 144	21954	1
㚎	12 11 144	21955	1
㚏	13 11 144	21956	1
㚐	1 12 144	21957	1
㚑	2 12 144	21958	1
㚒	3 12 144	21959	1
㚓	4 12 144	21960	1
㚔	5 12 144	21961	1
㚕	6 12 144	21962	1
㚗	7 12 144	21963	1
㚘	8 12 144	21964	1
㚙	9 12 144	21965	1
㚚	10 12 144	21966	1
㚛	11 12 144	21967	1
㚜	12 12 144	21968	1
㚝	13 12 144	21969	1
㚞	1 13 144	21970	1
㚟	2 13 144	21971	1
㚠	3 13 144	21972	1
㚡	4 13 144	21973	1
㚢	5 13 144	21974	1
㚣	6 13 144	21975	1
㚤	7 13 144	21976	1
㚥	8 13 144	21977	1
㚦	9 13 144	21978	1
㚧	10 13 144	21979	1
㚨	11 13 144	21980	1
㚩	12 13 144	21981	1
㚪	13 13 144	21982	1
㚫	1 1 145	21983	1
㚬	2 1 145	21984	1
㚭	3 1 145	21985	1
㚮	4 1 145	21986	1
㚯	5 1 145	21987	1
㚰	6 1 145	21988	1
㚱	7 1 145	21989	1
㚲	8 1 145	21990	1
㚳	9 1 145	21991	1
㚴	10 1 145	21992	1
㚵	11 1 145	21993	1
㚶	12 1 145	21994	1
㚷	13 1 145	21995	1
㚸	1 2 145	21996	1
㚹	2 2 145	21997	1
㚺	3 2 145	21998	1
㚼	4 2 145	21999	1
㚽	5 2 145	22000	1
㚾	6 2 145	22001	1
㚿	7 2 145	22002	1
㛀	8 2 145	22003	1
㛁	9 2 145	22004	1
㛂	10 2 145	22005	1
㛃	11 2 145	22006	1
㛄	12 2 145	22007	1
㛅	13 2 145	22008	1
㛆	1 3 145	22009	1
㛇	2 3 145	22010	1
㛈	3 3 145	22011	1
㛉	4 3 145	22012	1
㛊	5 3 145	22013	1
㛋	6 3 145	22014	1
㛌	7 3 145	22015	1
㛍	8 3 145	22016	1
㛎	9 3 145	22017	1
㛏	10 3 145	22018	1
㛐	11 3 145	22019	1
㛑	12 3 145	22020	1
㛒	13 3 145	22021	1
㛓	1 4 145	22022	1
㛔	2 4 145	22023	1
㛕	3 4 145	22024	1
㛖	4 4 145	22025	1
㛗	5 4 145	22026	1
㛘	6 4 145	22027	1
㛙	7 4 145	22028	1
㛚	8 4 145	22029	1
㛛	9 4 145	22030	1
㛜	10 4 145	22031	1
㛝	11 4 145	22032	1
㛞	12 4 145	22033	1
㛟	13 4 145	22034	1
㛠	1 5 145	22035	1
㛡	2 5 145	22036	1
㛢	3 5 145	22037	1
㛣	4 5 145	22038	1
㛤	5 5 145	22039	1
㛥	6 5 145	22040	1
㛦	7 5 145	22041	1
㛧	8 5 145	22042	1
㛨	9 5 145	22043	1
㛩	10 5 145	22044	1
㛪	11 5 145	22045	1
㛫	12 5 145	22046	1
㛬	13 5 145	22047	1
㛭	1 6 145	22048	1
㛮	2 6 145	22049	1
㛯	3 6 145	22050	1
㛰	4 6 145	22051	1
㛱	5 6 145	22052	1
㛲	6 6 145	22053	1
㛳	7 6 145	22054	1
㛴	8 6 145	22055	1
㛵	9 6 145	22056	1
㛶	10 6 145	22057	1
㛷	11 6 145	22058	1
㛸	12 6 145	22059	1
㛺	13 6 145	22060	1
㛻	1 7 145	22061	1
㛼	2 7 145	22062	1
㛽	3 7 145	22063	1
㛾	4 7 145	22064	1
㛿	5 7 145	22065	1
㜀	6 7 145	22066	1
㜁	7 7 145	22067	1
㜂	8 7 145	22068	1
㜃	9 7 145	22069	1
㜄	10 7 145	22070	1
㜅	11 7 145	22071	1
㜆	12 7 145	22072	1
㜇	13 7 145	22073	1
㜈	1 8 145	22074	1
㜉	2 8 145	22075	1
㜊	3 8 145	22076	1
㜋	4 8 145	22077	1
㜌	5 8 145	22078	1
㜍	6 8 145	22079	1
㜎	7 8 145	22080	1
㜏	8 8 145	22081	1
㜐	9 8 145	22082	1
㜑	10 8 145	22083	1
㜒	11 8 145	22084	1
㜓	12 8 145	22085	1
㜔	13 8 145	22086	1
㜕	1 9 145	22087	1
㜖	2 9 145	22088	1
㜗	3 9 145	22089	1
㜘	4 9 145	22090	1
㜙	5 9 145	22091	1
㜚	6 9 145	22092	1
㜛	7 9 145	22093	1
㜜	8 9 145	22094	1
㜝	9 9 145	22095	1
㜞	10 9 145	22096	1
㜟	11 9 145	22097	1
㜠	12 9 145	22098	1
㜡	13 9 145	22099	1
㜢	1 10 145	22100	1
㜣	2 10 145	22101	1
㜤	3 10 145	22102	1
㜥	4 10 145	22103	1
㜦	5 10 145	22104	1
㜧	6 10 145	22105	1
㜨	7 10 145	22106	1
㜩	8 10 145	22107	1
㜪	9 10 145	22108	1
㜫	10 10 145	22109	1
㜬	11 10 145	22110	1
㜭	12 10 145	22111	1
㜮	13 10 145	22112	1
㜯	1 11 145	22113	1
㜰	2 11 145	22114	1
㜱	3 11 145	22115	1
㜲	4 11 145	22116	1
㜳	5 11 145	22117	1
㜴	6 11 145	22118	1
㜵	7 11 145	22119	1
㜶	8 11 145	22120	1
㜷	9 11 145	22121	1
㜸	10 11 145	22122	1
㜹	11 11 145	22123	1
㜺	12 11 145	22124	1
㜻	13 11 145	22125	1
㜼	1 12 145	22126	1
㜽	2 12 145	22127	1
㜾	3 12 145	22128	1
㜿	4 12 145	22129	1
㝀	5 12 145	22130	1
㝁	6 12 145	22131	1
㝂	7 12 145	22132	1
㝃	8 12 145	22133	1
㝄	9 12 145	22134	1
㝅	10 12 145	22135	1
㝆	11 12 145	22136	1
㝇	12 12 145	22137	1
㝈	13 12 145	22138	1
㝉	1 13 145	22139	1
㝊	2 13 145	22140	1
㝋	3 13 145	22141	1
㝌	4 13 145	22142	1
㝍	5 13 145	22143	1
㝎	6 13 145	22144	1
㝏	7 13 145	22145	1
㝐	8 13 145	22146	1
㝑	9 13 145	22147	1
㝒	10 13 145	22148	1
㝓	11 13 145	22149	1
㝔	12 13 145	22150	1
㝕	13 13 145	22151	1
㝖	1 1 146	22152	1
㝗	2 1 146	22153	1
㝘	3 1 146	22154	1
㝙	4 1 146	22155	1
㝚	5 1 146	22156	1
㝛	6 1 146	22157	1
㝜	7 1 146	22158	1
㝝	8 1 146	22159	1
㝞	9 1 146	22160	1
㝟	10 1 146	22161	1
㝠	11 1 146	22162	1
㝡	12 1 146	22163	1
㝣	13 1 146	22164	1
㝤	1 2 146	22165	1
㝥	2 2 146	22166	1
㝦	3 2 146	22167	1
㝧	4 2 146	22168	1
㝨	5 2 146	22169	1
㝩	6 2 146	22170	1
㝪	7 2 146	22171	1
㝫	8 2 146	22172	1
㝬	9 2 146	22173	1
㝭	10 2 146	22174	1
㝮	11 2 146	22175	1
㝯	12 2 146	22176	1
㝰	13 2 146	22177	1
㝱	1 3 146	22178	1
㝲	2 3 146	22179	1
㝳	3 3 146	22180	1
㝴	4 3 146	22181	1
㝵	5 3 146	22182	1
㝶	6 3 146	22183	1
㝷	7 3 146	22184	1
㝸	8 3 146	22185	1
㝹	9 3 146	22186	1
㝺	10 3 146	22187	1
㝻	11 3 146	22188	1
㝼	12 3 146	22189	1
㝽	13 3 146	22190	1
㝾	1 4 146	22191	1
㝿	2 4 146	22192	1
㞀	3 4 146	22193	1
㞁	4 4 146	22194	1
㞂	5 4 146	22195	1
㞃	6 4 146	22196	1
㞄	7 4 146	22197	1
㞅	8 4 146	22198	1
㞆	9 4 146	22199	1
㞇	10 4 146	22200	1
㞈	11 4 146	22201	1
㞉	12 4 146	22202	1
㞊	13 4 146	22203	1
㞋	1 5 146	22204	1
㞌	2 5 146	22205	1
㞎	3 5 146	22206	1
㞏	4 5 146	22207	1
㞐	5 5 146	22208	1
㞑	6 5 146	22209	1
㞒	7 5 146	22210	1
㞓	8 5 146	22211	1
㞔	9 5 146	22212	1
㞕	10 5 146	22213	1
㞖	11 5 146	22214	1
㞗	12 5 146	22215	1
㞘	13 5 146	22216	1
㞙	1 6 146	22217	1
㞚	2 6 146	22218	1
㞛	3 6 146	22219	1
㞜	4 6 146	22220	1
㞝	5 6 146	22221	1
㞞	6 6 146	22222	1
㞟	7 6 146	22223	1
㞠	8 6 146	22224	1
㞡	9 6 146	22225	1
㞢	10 6 146	22226	1
㞣	11 6 146	22227	1
㞤	12 6 146	22228	1
㞥	13 6 146	22229	1
㞦	1 7 146	22230	1
㞧	2 7 146	22231	1
㞨	3 7 146	22232	1
㞩	4 7 146	22233	1
㞪	5 7 146	22234	1
㞫	6 7 146	22235	1
㞬	7 7 146	22236	1
㞭	8 7 146	22237	1
㞮	9 7 146	22238	1
㞯	10 7 146	22239	1
㞰	11 7 146	22240	1
㞱	12 7 146	22241	1
㞲	13 7 146	22242	1
㞳	1 8 146	22243	1
㞴	2 8 146	22244	1
㞵	3 8 146	22245	1
㞶	4 8 146	22246	1
㞷	5 8 146	22247	1
㞸	6 8 146	22248	1
㞹	7 8 146	22249	1
㞺	8 8 146	22250	1
㞻	9 8 146	22251	1
㞼	10 8 146	22252	1
㞽	11 8 146	22253	1
㞾	12 8 146	22254	1
㞿	13 8 146	22255	1
㟀	1 9 146	22256	1
㟁	2 9 146	22257	1
㟂	3 9 146	22258	1
㟃	4 9 146	22259	1
㟄	5 9 146	22260	1
㟅	6 9 146	22261	1
㟆	7 9 146	22262	1
㟇	8 9 146	22263	1
㟈	9 9 146	22264	1
㟉	10 9 146	22265	1
㟊	11 9 146	22266	1
㟋	12 9 146	22267	1
㟌	13 9 146	22268	1
㟍	1 10 146	22269	1
㟎	2 10 146	22270	1
㟏	3 10 146	22271	1
㟐	4 10 146	22272	1
㟑	5 10 146	22273	1
㟒	6 10 146	22274	1
㟓	7 10 146	22275	1
㟔	8 10 146	22276	1
㟕	9 10 146	22277	1
㟖	10 10 146	22278	1
㟗	11 10 146	22279	1
㟘	12 10 146	22280	1
㟙	13 10 146	22281	1
㟚	1 11 146	22282	1
㟛	2 11 146	22283	1
㟜	3 11 146	22284	1
㟝	4 11 146	22285	1
㟞	5 11 146	22286	1
㟟	6 11 146	22287	1
㟠	7 11 146	22288	1
㟡	8 11 146	22289	1
㟣	9 11 146	22290	1
㟤	10 11 146	22291	1
㟥	11 11 146	22292	1
㟦	12 11 146	22293	1
㟧	13 11 146	22294	1
㟨	1 12 146	22295	1
㟩	2 12 146	22296	1
㟪	3 12 146	22297	1
㟫	4 12 146	22298	1
㟬	5 12 146	22299	1
㟭	6 12 146	22300	1
㟮	7 12 146	22301	1
㟯	8 12 146	22302	1
㟰	9 12 146	22303	1
㟱	10 12 146	22304	1
㟲	11 12 146	22305	1
㟳	12 12 146	22306	1
㟴	13 12 146	22307	1
㟵	1 13 146	22308	1
㟶	2 13 146	22309	1
㟷	3 13 146	22310	1
㟸	4 13 146	22311	1
㟹	5 13 146	22312	1
㟺	6 13 146	22313	1
㟻	7 13 146	22314	1
㟼	8 13 146	22315	1
㟽	9 13 146	22316	1
㟾	10 13 146	22317	1
㟿	11 13 146	22318	1
㠁	12 13 146	22319	1
㠂	13 13 146	22320	1
㠃	1 1 147	22321	1
㠄	2 1 147	22322	1
㠅	3 1 147	22323	1
㠆	4 1 147	22324	1
㠇	5 1 147	22325	1
㠈	6 1 147	22326	1
㠉	7 1 147	22327	1
㠊	8 1 147	22328	1
㠋	9 1 147	22329	1
㠌	10 1 147	22330	1
㠍	11 1 147	22331	1
㠎	12 1 147	22332	1
㠏	13 1 147	22333	1
㠐	1 2 147	22334	1
㠑	2 2 147	22335	1
㠒	3 2 147	22336	1
㠓	4 2 147	22337	1
㠔	5 2 147	22338	1
㠕	6 2 147	22339	1
㠖	7 2 147	22340	1
㠗	8 2 147	22341	1
㠘	9 2 147	22342	1
㠙	10 2 147	22343	1
㠚	11 2 147	22344	1
㠛	12 2 147	22345	1
㠜	13 2 147	22346	1
㠝	1 3 147	22347	1
㠞	2 3 147	22348	1
㠟	3 3 147	22349	1
㠠	4 3 147	22350	1
㠡	5 3 147	22351	1
㠢	6 3 147	22352	1
㠣	7 3 147	22353	1
㠤	8 3 147	22354	1
㠥	9 3 147	22355	1
㠦	10 3 147	22356	1
㠧	11 3 147	22357	1
㠨	12 3 147	22358	1
㠩	13 3 147	22359	1
㠪	1 4 147	22360	1
㠫	2 4 147	22361	1
㠬	3 4 147	22362	1
㠭	4 4 147	22363	1
㠮	5 4 147	22364	1
㠯	6 4 147	22365	1
㠰	7 4 147	22366	1
㠱	8 4 147	22367	1
㠲	9 4 147	22368	1
㠳	10 4 147	22369	1
㠴	11 4 147	22370	1
㠵	12 4 147	22371	1
㠶	13 4 147	22372	1
㠷	1 5 147	22373	1
㠸	2 5 147	22374	1
㠹	3 5 147	22375	1
㠺	4 5 147	22376	1
㠻	5 5 147	22377	1
㠼	6 5 147	22378	1
㠽	7 5 147	22379	1
㠾	8 5 147	22380	1
㠿	9 5 147	22381	1
㡀	10 5 147	22382	1
㡁	11 5 147	22383	1
㡂	12 5 147	22384	1
㡃	13 5 147	22385	1
㡄	1 6 147	22386	1
㡅	2 6 147	22387	1
㡆	3 6 147	22388	1
㡇	4 6 147	22389	1
㡈	5 6 147	22390	1
㡉	6 6 147	22391	1
㡊	7 6 147	22392	1
㡋	8 6 147	22393	1
㡌	9 6 147	22394	1
㡍	10 6 147	22395	1
㡎	11 6 147	22396	1
㡏	12 6 147	22397	1
㡐	13 6 147	22398	1
㡑	1 7 147	22399	1
㡒	2 7 147	22400	1
㡓	3 7 147	22401	1
㡔	4 7 147	22402	1
㡕	5 7 147	22403	1
㡖	6 7 147	22404	1
㡗	7 7 147	22405	1
㡘	8 7 147	22406	1
㡙	9 7 147	22407	1
㡚	10 7 147	22408	1
㡛	11 7 147	22409	1
㡜	12 7 147	22410	1
㡝	13 7 147	22411	1
㡞	1 8 147	22412	1
㡟	2 8 147	22413	1
㡠	3 8 147	22414	1
㡡	4 8 147	22415	1
㡢	5 8 147	22416	1
㡣	6 8 147	22417	1
㡤	7 8 147	22418	1
㡥	8 8 147	22419	1
㡦	9 8 147	22420	1
㡧	10 8 147	22421	1
㡨	11 8 147	22422	1
㡩	12 8 147	22423	1
㡪	13 8 147	22424	1
㡫	1 9 147	22425	1
㡬	2 9 147	22426	1
㡭	3 9 147	22427	1
㡮	4 9 147	22428	1
㡯	5 9 147	22429	1
㡰	6 9 147	22430	1
㡱	7 9 147	22431	1
㡲	8 9 147	22432	1
㡳	9 9 147	22433	1
㡴	10 9 147	22434	1
㡵	11 9 147	22435	1
㡶	12 9 147	22436	1
㡷	13 9 147	22437	1
㡸	1 10 147	22438	1
㡹	2 10 147	22439	1
㡺	3 10 147	22440	1
㡻	4 10 147	22441	1
㡼	5 10 147	22442	1
㡽	6 10 147	22443	1
㡾	7 10 147	22444	1
㡿	8 10 147	22445	1
㢀	9 10 147	22446	1
㢁	10 10 147	22447	1
㢂	11 10 147	22448	1
㢃	12 10 147	22449	1
㢄	13 10 147	22450	1
㢅	1 11 147	22451	1
㢆	2 11 147	22452	1
㢇	3 11 147	22453	1
㢈	4 11 147	22454	1
㢉	5 11 147	22455	1
㢊	6 11 147	22456	1
㢋	7 11 147	22457	1
㢌	8 11 147	22458	1
㢍	9 11 147	22459	1
㢎	10 11 147	22460	1
㢏	11 11 147	22461	1
㢐	12 11 147	22462	1
㢑	13 11 147	22463	1
㢒	1 12 147	22464	1
㢓	2 12 147	22465	1
㢔	3 12 147	22466	1
㢕	4 12 147	22467	1
㢖	5 12 147	22468	1
㢗	6 12 147	22469	1
㢘	7 12 147	22470	1
㢙	8 12 147	22471	1
㢚	9 12 147	22472	1
㢛	10 12 147	22473	1
㢜	11 12 147	22474	1
㢝	12 12 147	22475	1
㢞	13 12 147	22476	1
㢟	1 13 147	22477	1
㢠	2 13 147	22478	1
㢡	3 13 147	22479	1
㢢	4 13 147	22480	1
㢣	5 13 147	22481	1
㢤	6 13 147	22482	1
㢥	7 13 147	22483	1
㢦	8 13 147	22484	1
㢧	9 13 147	22485	1
㢨	10 13 147	22486	1
㢩	11 13 147	22487	1
㢪	12 13 147	22488	1
㢫	13 13 147	22489	1
㢬	1 1 148	22490	1
㢭	2 1 148	22491	1
㢮	3 1 148	22492	1
㢯	4 1 148	22493	1
㢰	5 1 148	22494	1
㢱	6 1 148	22495	1
㢲	7 1 148	22496	1
㢳	8 1 148	22497	1
㢴	9 1 148	22498	1
㢵	10 1 148	22499	1
㢶	11 1 148	22500	1
㢷	12 1 148	22501	1
㢹	13 1 148	22502	1
㢺	1 2 148	22503	1
㢻	2 2 148	22504	1
㢼	3 2 148	22505	1
㢽	4 2 148	22506	1
㢾	5 2 148	22507	1
㢿	6 2 148	22508	1
㣀	7 2 148	22509	1
㣁	8 2 148	22510	1
㣂	9 2 148	22511	1
㣃	10 2 148	22512	1
㣄	11 2 148	22513	1
㣅	12 2 148	22514	1
㣆	13 2 148	22515	1
㣇	1 3 148	22516	1
㣈	2 3 148	22517	1
㣉	3 3 148	22518	1
㣊	4 3 148	22519	1
㣋	5 3 148	22520	1
㣌	6 3 148	22521	1
㣍	7 3 148	22522	1
㣎	8 3 148	22523	1
㣏	9 3 148	22524	1
㣐	10 3 148	22525	1
㣑	11 3 148	22526	1
㣒	12 3 148	22527	1
㣓	13 3 148	22528	1
㣔	1 4 148	22529	1
㣕	2 4 148	22530	1
㣖	3 4 148	22531	1
㣗	4 4 148	22532	1
㣘	5 4 148	22533	1
㣙	6 4 148	22534	1
㣚	7 4 148	22535	1
㣛	8 4 148	22536	1
㣜	9 4 148	22537	1
㣝	10 4 148	22538	1
㣞	11 4 148	22539	1
㣟	12 4 148	22540	1
㣠	13 4 148	22541	1
㣡	1 5 148	22542	1
㣢	2 5 148	22543	1
㣣	3 5 148	22544	1
㣤	4 5 148	22545	1
㣥	5 5 148	22546	1
㣦	6 5 148	22547	1
㣧	7 5 148	22548	1
㣨	8 5 148	22549	1
㣩	9 5 148	22550	1
㣪	10 5 148	22551	1
㣫	11 5 148	22552	1
㣬	12 5 148	22553	1
㣭	13 5 148	22554	1
㣮	1 6 148	22555	1
㣯	2 6 148	22556	1
㣰	3 6 148	22557	1
㣱	4 6 148	22558	1
㣲	5 6 148	22559	1
㣳	6 6 148	22560	1
㣴	7 6 148	22561	1
㣵	8 6 148	22562	1
㣶	9 6 148	22563	1
㣷	10 6 148	22564	1
㣸	11 6 148	22565	1
㣹	12 6 148	22566	1
㣺	13 6 148	22567	1
㣻	1 7 148	22568	1
㣼	2 7 148	22569	1
㣽	3 7 148	22570	1
㣾	4 7 148	22571	1
㣿	5 7 148	22572	1
㤀	6 7 148	22573	1
㤁	7 7 148	22574	1
㤂	8 7 148	22575	1
㤃	9 7 148	22576	1
㤄	10 7 148	22577	1
㤅	11 7 148	22578	1
㤆	12 7 148	22579	1
㤇	13 7 148	22580	1
㤈	1 8 148	22581	1
㤉	2 8 148	22582	1
㤊	3 8 148	22583	1
㤋	4 8 148	22584	1
㤌	5 8 148	22585	1
㤍	6 8 148	22586	1
㤎	7 8 148	22587	1
㤏	8 8 148	22588	1
㤐	9 8 148	22589	1
㤑	10 8 148	22590	1
㤒	11 8 148	22591	1
㤓	12 8 148	22592	1
㤔	13 8 148	22593	1
㤕	1 9 148	22594	1
㤖	2 9 148	22595	1
㤗	3 9 148	22596	1
㤘	4 9 148	22597	1
㤙	5 9 148	22598	1
㤚	6 9 148	22599	1
㤛	7 9 148	22600	1
㤜	8 9 148	22601	1
㤝	9 9 148	22602	1
㤞	10 9 148	22603	1
㤟	11 9 148	22604	1
㤠	12 9 148	22605	1
㤡	13 9 148	22606	1
㤢	1 10 148	22607	1
㤣	2 10 148	22608	1
㤤	3 10 148	22609	1
㤥	4 10 148	22610	1
㤦	5 10 148	22611	1
㤧	6 10 148	22612	1
㤨	7 10 148	22613	1
㤩	8 10 148	22614	1
㤪	9 10 148	22615	1
㤫	10 10 148	22616	1
㤬	11 10 148	22617	1
㤭	12 10 148	22618	1
㤮	13 10 148	22619	1
㤯	1 11 148	22620	1
㤰	2 11 148	22621	1
㤱	3 11 148	22622	1
㤲	4 11 148	22623	1
㤳	5 11 148	22624	1
㤴	6 11 148	22625	1
㤵	7 11 148	22626	1
㤶	8 11 148	22627	1
㤷	9 11 148	22628	1
㤸	10 11 148	22629	1
㤹	11 11 148	22630	1
㤺	12 11 148	22631	1
㤻	13 11 148	22632	1
㤼	1 12 148	22633	1
㤽	2 12 148	22634	1
㤾	3 12 148	22635	1
㤿	4 12 148	22636	1
㥀	5 12 148	22637	1
㥁	6 12 148	22638	1
㥂	7 12 148	22639	1
㥃	8 12 148	22640	1
㥅	9 12 148	22641	1
㥆	10 12 148	22642	1
㥇	11 12 148	22643	1
㥈	12 12 148	22644	1
㥉	13 12 148	22645	1
㥊	1 13 148	22646	1
㥋	2 13 148	22647	1
㥌	3 13 148	22648	1
㥍	4 13 148	22649	1
㥎	5 13 148	22650	1
㥏	6 13 148	22651	1
㥐	7 13 148	22652	1
㥑	8 13 148	22653	1
㥒	9 13 148	22654	1
㥓	10 13 148	22655	1
㥔	11 13 148	22656	1
㥕	12 13 148	22657	1
㥖	13 13 148	22658	1
㥗	1 1 149	22659	1
㥘	2 1 149	22660	1
㥙	3 1 149	22661	1
㥚	4 1 149	22662	1
㥛	5 1 149	22663	1
㥜	6 1 149	22664	1
㥝	7 1 149	22665	1
㥞	8 1 149	22666	1
㥟	9 1 149	22667	1
㥠	10 1 149	22668	1
㥡	11 1 149	22669	1
㥢	12 1 149	22670	1
㥣	13 1 149	22671	1
㥤	1 2 149	22672	1
㥥	2 2 149	22673	1
㥦	3 2 149	22674	1
㥧	4 2 149	22675	1
㥨	5 2 149	22676	1
㥩	6 2 149	22677	1
㥪	7 2 149	22678	1
㥫	8 2 149	22679	1
㥬	9 2 149	22680	1
㥭	10 2 149	22681	1
㥮	11 2 149	22682	1
㥯	12 2 149	22683	1
㥰	13 2 149	22684	1
㥱	1 3 149	22685	1
㥳	2 3 149	22686	1
㥴	3 3 149	22687	1
㥵	4 3 149	22688	1
㥶	5 3 149	22689	1
㥷	6 3 149	22690	1
㥸	7 3 149	22691	1
㥹	8 3 149	22692	1
㥺	9 3 149	22693	1
㥻	10 3 149	22694	1
㥼	11 3 149	22695	1
㥽	12 3 149	22696	1
㥾	13 3 149	22697	1
㥿	1 4 149	22698	1
㦀	2 4 149	22699	1
㦁	3 4 149	22700	1
㦂	4 4 149	22701	1
㦃	5 4 149	22702	1
㦄	6 4 149	22703	1
㦅	7 4 149	22704	1
㦆	8 4 149	22705	1
㦇	9 4 149	22706	1
㦈	10 4 149	22707	1
㦉	11 4 149	22708	1
㦊	12 4 149	22709	1
㦋	13 4 149	22710	1
㦌	1 5 149	22711	1
㦍	2 5 149	22712	1
㦎	3 5 149	22713	1
㦏	4 5 149	22714	1
㦐	5 5 149	22715	1
㦑	6 5 149	22716	1
㦒	7 5 149	22717	1
㦓	8 5 149	22718	1
㦔	9 5 149	22719	1
㦕	10 5 149	22720	1
㦖	11 5 149	22721	1
㦗	12 5 149	22722	1
㦘	13 5 149	22723	1
㦙	1 6 149	22724	1
㦚	2 6 149	22725	1
㦛	3 6 149	22726	1
㦜	4 6 149	22727	1
㦝	5 6 149	22728	1
㦞	6 6 149	22729	1
㦟	7 6 149	22730	1
㦠	8 6 149	22731	1
㦡	9 6 149	22732	1
㦢	10 6 149	22733	1
㦣	11 6 149	22734	1
㦤	12 6 149	22735	1
㦥	13 6 149	22736	1
㦦	1 7 149	22737	1
㦧	2 7 149	22738	1
㦨	3 7 149	22739	1
㦩	4 7 149	22740	1
㦪	5 7 149	22741	1
㦫	6 7 149	22742	1
㦬	7 7 149	22743	1
㦭	8 7 149	22744	1
㦮	9 7 149	22745	1
㦯	10 7 149	22746	1
㦰	11 7 149	22747	1
㦱	12 7 149	22748	1
㦲	13 7 149	22749	1
㦳	1 8 149	22750	1
㦴	2 8 149	22751	1
㦵	3 8 149	22752	1
㦶	4 8 149	22753	1
㦷	5 8 149	22754	1
㦸	6 8 149	22755	1
㦹	7 8 149	22756	1
㦺	8 8 149	22757	1
㦻	9 8 149	22758	1
㦼	10 8 149	22759	1
㦽	11 8 149	22760	1
㦾	12 8 149	22761	1
㦿	13 8 149	22762	1
㧀	1 9 149	22763	1
㧁	2 9 149	22764	1
㧂	3 9 149	22765	1
㧃	4 9 149	22766	1
㧄	5 9 149	22767	1
㧅	6 9 149	22768	1
㧆	7 9 149	22769	1
㧇	8 9 149	22770	1
㧈	9 9 149	22771	1
㧉	10 9 149	22772	1
㧊	11 9 149	22773	1
㧋	12 9 149	22774	1
㧌	13 9 149	22775	1
㧍	1 10 149	22776	1
㧎	2 10 149	22777	1
㧏	3 10 149	22778	1
㧐	4 10 149	22779	1
㧑	5 10 149	22780	1
㧒	6 10 149	22781	1
㧓	7 10 149	22782	1
㧔	8 10 149	22783	1
㧕	9 10 149	22784	1
㧖	10 10 149	22785	1
㧗	11 10 149	22786	1
㧘	12 10 149	22787	1
㧙	13 10 149	22788	1
㧚	1 11 149	22789	1
㧛	2 11 149	22790	1
㧜	3 11 149	22791	1
㧝	4 11 149	22792	1
㧞	5 11 149	22793	1
㧟	6 11 149	22794	1
㧠	7 11 149	22795	1
㧢	8 11 149	22796	1
㧣	9 11 149	22797	1
㧤	10 11 149	22798	1
㧥	11 11 149	22799	1
㧦	12 11 149	22800	1
㧧	13 11 149	22801	1
㧨	1 12 149	22802	1
㧩	2 12 149	22803	1
㧪	3 12 149	22804	1
㧫	4 12 149	22805	1
㧬	5 12 149	22806	1
㧭	6 12 149	22807	1
㧮	7 12 149	22808	1
㧯	8 12 149	22809	1
㧰	9 12 149	22810	1
㧱	10 12 149	22811	1
㧲	11 12 149	22812	1
㧳	12 12 149	22813	1
㧴	13 12 149	22814	1
㧵	1 13 149	22815	1
㧶	2 13 149	22816	1
㧷	3 13 149	22817	1
㧸	4 13 149	22818	1
㧹	5 13 149	22819	1
㧺	6 13 149	22820	1
㧻	7 13 149	22821	1
㧼	8 13 149	22822	1
㧽	9 13 149	22823	1
㧾	10 13 149	22824	1
㧿	11 13 149	22825	1
㨀	12 13 149	22826	1
㨁	13 13 149	22827	1
㨂	1 1 150	22828	1
㨃	2 1 150	22829	1
㨄	3 1 150	22830	1
㨅	4 1 150	22831	1
㨆	5 1 150	22832	1
㨇	6 1 150	22833	1
㨈	7 1 150	22834	1
㨉	8 1 150	22835	1
㨊	9 1 150	22836	1
㨋	10 1 150	22837	1
㨌	11 1 150	22838	1
㨍	12 1 150	22839	1
㨎	13 1 150	22840	1
㨏	1 2 150	22841	1
㨐	2 2 150	22842	1
㨑	3 2 150	22843	1
㨒	4 2 150	22844	1
㨓	5 2 150	22845	1
㨔	6 2 150	22846	1
㨕	7 2 150	22847	1
㨖	8 2 150	22848	1
㨗	9 2 150	22849	1
㨘	10 2 150	22850	1
㨙	11 2 150	22851	1
㨚	12 2 150	22852	1
㨛	13 2 150	22853	1
㨜	1 3 150	22854	1
㨝	2 3 150	22855	1
㨞	3 3 150	22856	1
㨟	4 3 150	22857	1
㨠	5 3 150	22858	1
㨡	6 3 150	22859	1
㨢	7 3 150	22860	1
㨣	8 3 150	22861	1
㨤	9 3 150	22862	1
㨥	10 3 150	22863	1
㨦	11 3 150	22864	1
㨧	12 3 150	22865	1
㨨	13 3 150	22866	1
㨩	1 4 150	22867	1
㨪	2 4 150	22868	1
㨫	3 4 150	22869	1
㨬	4 4 150	22870	1
㨭	5 4 150	22871	1
㨮	6 4 150	22872	1
㨯	7 4 150	22873	1
㨰	8 4 150	22874	1
㨱	9 4 150	22875	1
㨲	10 4 150	22876	1
㨳	11 4 150	22877	1
㨴	12 4 150	22878	1
㨵	13 4 150	22879	1
㨶	1 5 150	22880	1
㨷	2 5 150	22881	1
㨸	3 5 150	22882	1
㨹	4 5 150	22883	1
㨺	5 5 150	22884	1
㨻	6 5 150	22885	1
㨼	7 5 150	22886	1
㨽	8 5 150	22887	1
㨾	9 5 150	22888	1
㨿	10 5 150	22889	1
㩀	11 5 150	22890	1
㩁	12 5 150	22891	1
㩂	13 5 150	22892	1
㩃	1 6 150	22893	1
㩄	2 6 150	22894	1
㩅	3 6 150	22895	1
㩆	4 6 150	22896	1
㩇	5 6 150	22897	1
㩈	6 6 150	22898	1
㩉	7 6 150	22899	1
㩊	8 6 150	22900	1
㩋	9 6 150	22901	1
㩌	10 6 150	22902	1
㩍	11 6 150	22903	1
㩎	12 6 150	22904	1
㩏	13 6 150	22905	1
㩐	1 7 150	22906	1
㩑	2 7 150	22907	1
㩒	3 7 150	22908	1
㩓	4 7 150	22909	1
㩔	5 7 150	22910	1
㩕	6 7 150	22911	1
㩖	7 7 150	22912	1
㩗	8 7 150	22913	1
㩘	9 7 150	22914	1
㩙	10 7 150	22915	1
㩚	11 7 150	22916	1
㩛	12 7 150	22917	1
㩜	13 7 150	22918	1
㩝	1 8 150	22919	1
㩞	2 8 150	22920	1
㩟	3 8 150	22921	1
㩠	4 8 150	22922	1
㩡	5 8 150	22923	1
㩢	6 8 150	22924	1
㩣	7 8 150	22925	1
㩤	8 8 150	22926	1
㩥	9 8 150	22927	1
㩦	10 8 150	22928	1
㩧	11 8 150	22929	1
㩨	12 8 150	22930	1
㩩	13 8 150	22931	1
㩪	1 9 150	22932	1
㩫	2 9 150	22933	1
㩬	3 9 150	22934	1
㩭	4 9 150	22935	1
㩮	5 9 150	22936	1
㩯	6 9 150	22937	1
㩰	7 9 150	22938	1
㩱	8 9 150	22939	1
㩲	9 9 150	22940	1
㩳	10 9 150	22941	1
㩴	11 9 150	22942	1
㩵	12 9 150	22943	1
㩶	13 9 150	22944	1
㩷	1 10 150	22945	1
㩸	2 10 150	22946	1
㩹	3 10 150	22947	1
㩺	4 10 150	22948	1
㩻	5 10 150	22949	1
㩼	6 10 150	22950	1
㩽	7 10 150	22951	1
㩾	8 10 150	22952	1
㩿	9 10 150	22953	1
㪀	10 10 150	22954	1
㪁	11 10 150	22955	1
㪂	12 10 150	22956	1
㪃	13 10 150	22957	1
㪄	1 11 150	22958	1
㪅	2 11 150	22959	1
㪆	3 11 150	22960	1
㪇	4 11 150	22961	1
㪈	5 11 150	22962	1
㪉	6 11 150	22963	1
㪊	7 11 150	22964	1
㪋	8 11 150	22965	1
㪌	9 11 150	22966	1
㪍	10 11 150	22967	1
㪎	11 11 150	22968	1
㪏	12 11 150	22969	1
㪐	13 11 150	22970	1
㪑	1 12 150	22971	1
㪒	2 12 150	22972	1
㪓	3 12 150	22973	1
㪔	4 12 150	22974	1
㪕	5 12 150	22975	1
㪖	6 12 150	22976	1
㪗	7 12 150	22977	1
㪙	8 12 150	22978	1
㪚	9 12 150	22979	1
㪛	10 12 150	22980	1
㪜	11 12 150	22981	1
㪝	12 12 150	22982	1
㪞	13 12 150	22983	1
㪟	1 13 150	22984	1
㪠	2 13 150	22985	1
㪡	3 13 150	22986	1
㪢	4 13 150	22987	1
㪣	5 13 150	22988	1
㪤	6 13 150	22989	1
㪥	7 13 150	22990	1
㪦	8 13 150	22991	1
㪧	9 13 150	22992	1
㪨	10 13 150	22993	1
㪩	11 13 150	22994	1
㪪	12 13 150	22995	1
㪫	13 13 150	22996	1
㪬	1 1 151	22997	1
㪭	2 1 151	22998	1
㪮	3 1 151	22999	1
㪯	4 1 151	23000	1
㪰	5 1 151	23001	1
㪱	6 1 151	23002	1
㪲	7 1 151	23003	1
㪳	8 1 151	23004	1
㪴	9 1 151	23005	1
㪵	10 1 151	23006	1
㪶	11 1 151	23007	1
㪷	12 1 151	23008	1
㪸	13 1 151	23009	1
㪹	1 2 151	23010	1
㪺	2 2 151	23011	1
㪻	3 2 151	23012	1
㪼	4 2 151	23013	1
㪽	5 2 151	23014	1
㪾	6 2 151	23015	1
㪿	7 2 151	23016	1
㫀	8 2 151	23017	1
㫁	9 2 151	23018	1
㫂	10 2 151	23019	1
㫃	11 2 151	23020	1
㫄	12 2 151	23021	1
㫅	13 2 151	23022	1
㫆	1 3 151	23023	1
㫇	2 3 151	23024	1
㫈	3 3 151	23025	1
㫉	4 3 151	23026	1
㫊	5 3 151	23027	1
㫋	6 3 151	23028	1
㫌	7 3 151	23029	1
㫍	8 3 151	23030	1
㫎	9 3 151	23031	1
㫏	10 3 151	23032	1
㫐	11 3 151	23033	1
㫑	12 3 151	23034	1
㫓	13 3 151	23035	1
㫔	1 4 151	23036	1
㫕	2 4 151	23037	1
㫖	3 4 151	23038	1
㫗	4 4 151	23039	1
㫘	5 4 151	23040	1
㫙	6 4 151	23041	1
㫚	7 4 151	23042	1
㫛	8 4 151	23043	1
㫜	9 4 151	23044	1
㫝	10 4 151	23045	1
㫞	11 4 151	23046	1
㫟	12 4 151	23047	1
㫠	13 4 151	23048	1
㫡	1 5 151	23049	1
㫢	2 5 151	23050	1
㫣	3 5 151	23051	1
㫤	4 5 151	23052	1
㫥	5 5 151	23053	1
㫦	6 5 151	23054	1
㫧	7 5 151	23055	1
㫨	8 5 151	23056	1
㫩	9 5 151	23057	1
㫪	10 5 151	23058	1
㫫	11 5 151	23059	1
㫬	12 5 151	23060	1
㫭	13 5 151	23061	1
㫮	1 6 151	23062	1
㫯	2 6 151	23063	1
㫰	3 6 151	23064	1
㫱	4 6 151	23065	1
㫲	5 6 151	23066	1
㫳	6 6 151	23067	1
㫴	7 6 151	23068	1
㫵	8 6 151	23069	1
㫶	9 6 151	23070	1
㫷	10 6 151	23071	1
㫸	11 6 151	23072	1
㫹	12 6 151	23073	1
㫺	13 6 151	23074	1
㫼	1 7 151	23075	1
㫽	2 7 151	23076	1
㫾	3 7 151	23077	1
㫿	4 7 151	23078	1
㬀	5 7 151	23079	1
㬁	6 7 151	23080	1
㬂	7 7 151	23081	1
㬃	8 7 151	23082	1
㬄	9 7 151	23083	1
㬅	10 7 151	23084	1
㬆	11 7 151	23085	1
㬇	12 7 151	23086	1
㬈	13 7 151	23087	1
㬉	1 8 151	23088	1
㬊	2 8 151	23089	1
㬋	3 8 151	23090	1
㬌	4 8 151	23091	1
㬍	5 8 151	23092	1
㬎	6 8 151	23093	1
㬏	7 8 151	23094	1
㬐	8 8 151	23095	1
㬑	9 8 151	23096	1
㬒	10 8 151	23097	1
㬓	11 8 151	23098	1
㬔	12 8 151	23099	1
㬕	13 8 151	23100	1
㬖	1 9 151	23101	1
㬗	2 9 151	23102	1
㬘	3 9 151	23103	1
㬙	4 9 151	23104	1
㬚	5 9 151	23105	1
㬛	6 9 151	23106	1
㬜	7 9 151	23107	1
㬝	8 9 151	23108	1
㬞	9 9 151	23109	1
㬟	10 9 151	23110	1
㬠	11 9 151	23111	1
㬡	12 9 151	23112	1
㬢	13 9 151	23113	1
㬣	1 10 151	23114	1
㬤	2 10 151	23115	1
㬥	3 10 151	23116	1
㬦	4 10 151	23117	1
㬧	5 10 151	23118	1
㬨	6 10 151	23119	1
㬩	7 10 151	23120	1
㬪	8 10 151	23121	1
㬫	9 10 151	23122	1
㬬	10 10 151	23123	1
㬭	11 10 151	23124	1
㬮	12 10 151	23125	1
㬯	13 10 151	23126	1
㬰	1 11 151	23127	1
㬱	2 11 151	23128	1
㬲	3 11 151	23129	1
㬳	4 11 151	23130	1
㬴	5 11 151	23131	1
㬵	6 11 151	23132	1
㬶	7 11 151	23133	1
㬷	8 11 151	23134	1
㬸	9 11 151	23135	1
㬹	10 11 151	23136	1
㬺	11 11 151	23137	1
㬻	12 11 151	23138	1
㬼	13 11 151	23139	1
㬽	1 12 151	23140	1
㬾	2 12 151	23141	1
㬿	3 12 151	23142	1
㭀	4 12 151	23143	1
㭁	5 12 151	23144	1
㭂	6 12 151	23145	1
㭃	7 12 151	23146	1
㭄	8 12 151	23147	1
㭅	9 12 151	23148	1
㭆	10 12 151	23149	1
㭇	11 12 151	23150	1
㭈	12 12 151	23151	1
㭉	13 12 151	23152	1
㭊	1 13 151	23153	1
㭋	2 13 151	23154	1
㭌	3 13 151	23155	1
㭍	4 13 151	23156	1
㭎	5 13 151	23157	1
㭏	6 13 151	23158	1
㭐	7 13 151	23159	1
㭑	8 13 151	23160	1
㭒	9 13 151	23161	1
㭓	10 13 151	23162	1
㭔	11 13 151	23163	1
㭕	12 13 151	23164	1
㭖	13 13 151	23165	1
㭗	1 1 152	23166	1
㭘	2 1 152	23167	1
㭙	3 1 152	23168	1
㭚	4 1 152	23169	1
㭛	5 1 152	23170	1
㭜	6 1 152	23171	1
㭝	7 1 152	23172	1
㭞	8 1 152	23173	1
㭟	9 1 152	23174	1
㭠	10 1 152	23175	1
㭡	11 1 152	23176	1
㭢	12 1 152	23177	1
㭣	13 1 152	23178	1
㭤	1 2 152	23179	1
㭥	2 2 152	23180	1
㭦	3 2 152	23181	1
㭧	4 2 152	23182	1
㭨	5 2 152	23183	1
㭩	6 2 152	23184	1
㭪	7 2 152	23185	1
㭫	8 2 152	23186	1
㭬	9 2 152	23187	1
㭭	10 2 152	23188	1
㭮	11 2 152	23189	1
㭯	12 2 152	23190	1
㭰	13 2 152	23191	1
㭱	1 3 152	23192	1
㭲	2 3 152	23193	1
㭳	3 3 152	23194	1
㭵	4 3 152	23195	1
㭶	5 3 152	23196	1
㭷	6 3 152	23197	1
㭸	7 3 152	23198	1
㭹	8 3 152	23199	1
㭺	9 3 152	23200	1
㭻	10 3 152	23201	1
㭼	11 3 152	23202	1
㭾	12 3 152	23203	1
㮀	13 3 152	23204	1
㮁	1 4 152	23205	1
㮂	2 4 152	23206	1
㮃	3 4 152	23207	1
㮄	4 4 152	23208	1
㮅	5 4 152	23209	1
㮆	6 4 152	23210	1
㮇	7 4 152	23211	1
㮉	8 4 152	23212	1
㮊	9 4 152	23213	1
㮋	10 4 152	23214	1
㮌	11 4 152	23215	1
㮍	12 4 152	23216	1
㮎	13 4 152	23217	1
㮏	1 5 152	23218	1
㮐	2 5 152	23219	1
㮑	3 5 152	23220	1
㮒	4 5 152	23221	1
㮓	5 5 152	23222	1
㮔	6 5 152	23223	1
㮕	7 5 152	23224	1
㮖	8 5 152	23225	1
㮗	9 5 152	23226	1
㮘	10 5 152	23227	1
㮚	11 5 152	23228	1
㮛	12 5 152	23229	1
㮜	13 5 152	23230	1
㮝	1 6 152	23231	1
㮞	2 6 152	23232	1
㮟	3 6 152	23233	1
㮠	4 6 152	23234	1
㮡	5 6 152	23235	1
㮢	6 6 152	23236	1
㮣	7 6 152	23237	1
㮤	8 6 152	23238	1
㮥	9 6 152	23239	1
㮦	10 6 152	23240	1
㮧	11 6 152	23241	1
㮨	12 6 152	23242	1
㮩	13 6 152	23243	1
㮪	1 7 152	23244	1
㮫	2 7 152	23245	1
㮬	3 7 152	23246	1
㮭	4 7 152	23247	1
㮮	5 7 152	23248	1
㮯	6 7 152	23249	1
㮰	7 7 152	23250	1
㮱	8 7 152	23251	1
㮲	9 7 152	23252	1
㮳	10 7 152	23253	1
㮴	11 7 152	23254	1
㮵	12 7 152	23255	1
㮷	13 7 152	23256	1
㮸	1 8 152	23257	1
㮹	2 8 152	23258	1
㮺	3 8 152	23259	1
㮻	4 8 152	23260	1
㮼	5 8 152	23261	1
㮽	6 8 152	23262	1
㮿	7 8 152	23263	1
㯀	8 8 152	23264	1
㯁	9 8 152	23265	1
㯂	10 8 152	23266	1
㯃	11 8 152	23267	1
㯄	12 8 152	23268	1
㯅	13 8 152	23269	1
㯆	1 9 152	23270	1
㯇	2 9 152	23271	1
㯈	3 9 152	23272	1
㯉	4 9 152	23273	1
㯊	5 9 152	23274	1
㯋	6 9 152	23275	1
㯌	7 9 152	23276	1
㯍	8 9 152	23277	1
㯎	9 9 152	23278	1
㯏	10 9 152	23279	1
㯐	11 9 152	23280	1
㯑	12 9 152	23281	1
㯒	13 9 152	23282	1
㯓	1 10 152	23283	1
㯔	2 10 152	23284	1
㯕	3 10 152	23285	1
㯖	4 10 152	23286	1
㯗	5 10 152	23287	1
㯘	6 10 152	23288	1
㯙	7 10 152	23289	1
㯚	8 10 152	23290	1
㯛	9 10 152	23291	1
㯜	10 10 152	23292	1
㯝	11 10 152	23293	1
㯞	12 10 152	23294	1
㯟	13 10 152	23295	1
㯠	1 11 152	23296	1
㯡	2 11 152	23297	1
㯢	3 11 152	23298	1
㯣	4 11 152	23299	1
㯤	5 11 152	23300	1
㯥	6 11 152	23301	1
㯦	7 11 152	23302	1
㯧	8 11 152	23303	1
㯨	9 11 152	23304	1
㯩	10 11 152	23305	1
㯪	11 11 152	23306	1
㯫	12 11 152	23307	1
㯬	13 11 152	23308	1
㯭	1 12 152	23309	1
㯯	2 12 152	23310	1
㯰	3 12 152	23311	1
㯱	4 12 152	23312	1
㯲	5 12 152	23313	1
㯳	6 12 152	23314	1
㯴	7 12 152	23315	1
㯵	8 12 152	23316	1
㯶	9 12 152	23317	1
㯷	10 12 152	23318	1
㯸	11 12 152	23319	1
㯹	12 12 152	23320	1
㯺	13 12 152	23321	1
㯻	1 13 152	23322	1
㯼	2 13 152	23323	1
㯽	3 13 152	23324	1
㯾	4 13 152	23325	1
㯿	5 13 152	23326	1
㰀	6 13 152	23327	1
㰁	7 13 152	23328	1
㰂	8 13 152	23329	1
㰃	9 13 152	23330	1
㰄	10 13 152	23331	1
㰅	11 13 152	23332	1
㰆	12 13 152	23333	1
㰇	13 13 152	23334	1
㰈	1 1 153	23335	1
㰉	2 1 153	23336	1
㰊	3 1 153	23337	1
㰋	4 1 153	23338	1
㰌	5 1 153	23339	1
㰍	6 1 153	23340	1
㰎	7 1 153	23341	1
㰏	8 1 153	23342	1
㰐	9 1 153	23343	1
㰑	10 1 153	23344	1
㰒	11 1 153	23345	1
㰓	12 1 153	23346	1
㰔	13 1 153	23347	1
㰕	1 2 153	23348	1
㰖	2 2 153	23349	1
㰗	3 2 153	23350	1
㰘	4 2 153	23351	1
㰙	5 2 153	23352	1
㰚	6 2 153	23353	1
㰛	7 2 153	23354	1
㰜	8 2 153	23355	1
㰝	9 2 153	23356	1
㰞	10 2 153	23357	1
㰟	11 2 153	23358	1
㰠	12 2 153	23359	1
㰡	13 2 153	23360	1
㰢	1 3 153	23361	1
㰣	2 3 153	23362	1
㰤	3 3 153	23363	1
㰥	4 3 153	23364	1
㰦	5 3 153	23365	1
㰧	6 3 153	23366	1
㰨	7 3 153	23367	1
㰩	8 3 153	23368	1
㰪	9 3 153	23369	1
㰫	10 3 153	23370	1
㰬	11 3 153	23371	1
㰭	12 3 153	23372	1
㰮	13 3 153	23373	1
㰯	1 4 153	23374	1
㰰	2 4 153	23375	1
㰱	3 4 153	23376	1
㰲	4 4 153	23377	1
㰳	5 4 153	23378	1
㰴	6 4 153	23379	1
㰵	7 4 153	23380	1
㰶	8 4 153	23381	1
㰷	9 4 153	23382	1
㰸	10 4 153	23383	1
㰹	11 4 153	23384	1
㰺	12 4 153	23385	1
㰻	13 4 153	23386	1
㰼	1 5 153	23387	1
㰽	2 5 153	23388	1
㰾	3 5 153	23389	1
㰿	4 5 153	23390	1
㱀	5 5 153	23391	1
㱁	6 5 153	23392	1
㱂	7 5 153	23393	1
㱃	8 5 153	23394	1
㱄	9 5 153	23395	1
㱅	10 5 153	23396	1
㱆	11 5 153	23397	1
㱇	12 5 153	23398	1
㱈	13 5 153	23399	1
㱉	1 6 153	23400	1
㱊	2 6 153	23401	1
㱋	3 6 153	23402	1
㱌	4 6 153	23403	1
㱍	5 6 153	23404	1
㱎	6 6 153	23405	1
㱐	7 6 153	23406	1
㱑	8 6 153	23407	1
㱒	9 6 153	23408	1
㱓	10 6 153	23409	1
㱔	11 6 153	23410	1
㱕	12 6 153	23411	1
㱖	13 6 153	23412	1
㱗	1 7 153	23413	1
㱘	2 7 153	23414	1
㱙	3 7 153	23415	1
㱚	4 7 153	23416	1
㱛	5 7 153	23417	1
㱜	6 7 153	23418	1
㱝	7 7 153	23419	1
㱞	8 7 153	23420	1
㱟	9 7 153	23421	1
㱠	10 7 153	23422	1
㱡	11 7 153	23423	1
㱢	12 7 153	23424	1
㱣	13 7 153	23425	1
㱤	1 8 153	23426	1
㱥	2 8 153	23427	1
㱦	3 8 153	23428	1
㱧	4 8 153	23429	1
㱨	5 8 153	23430	1
㱩	6 8 153	23431	1
㱪	7 8 153	23432	1
㱫	8 8 153	23433	1
㱬	9 8 153	23434	1
㱭	10 8 153	23435	1
㱮	11 8 153	23436	1
㱯	12 8 153	23437	1
㱰	13 8 153	23438	1
㱱	1 9 153	23439	1
㱲	2 9 153	23440	1
㱳	3 9 153	23441	1
㱴	4 9 153	23442	1
㱵	5 9 153	23443	1
㱶	6 9 153	23444	1
㱷	7 9 153	23445	1
㱸	8 9 153	23446	1
㱹	9 9 153	23447	1
㱺	10 9 153	23448	1
㱻	11 9 153	23449	1
㱼	12 9 153	23450	1
㱽	13 9 153	23451	1
㱾	1 10 153	23452	1
㱿	2 10 153	23453	1
㲀	3 10 153	23454	1
㲁	4 10 153	23455	1
㲂	5 10 153	23456	1
㲃	6 10 153	23457	1
㲄	7 10 153	23458	1
㲅	8 10 153	23459	1
㲆	9 10 153	23460	1
㲇	10 10 153	23461	1
㲈	11 10 153	23462	1
㲉	12 10 153	23463	1
㲊	13 10 153	23464	1
㲋	1 11 153	23465	1
㲌	2 11 153	23466	1
㲍	3 11 153	23467	1
㲎	4 11 153	23468	1
㲏	5 11 153	23469	1
㲐	6 11 153	23470	1
㲑	7 11 153	23471	1
㲒	8 11 153	23472	1
㲓	9 11 153	23473	1
㲔	10 11 153	23474	1
㲕	11 11 153	23475	1
㲖	12 11 153	23476	1
㲗	13 11 153	23477	1
㲘	1 12 153	23478	1
㲙	2 12 153	23479	1
㲚	3 12 153	23480	1
㲛	4 12 153	23481	1
㲜	5 12 153	23482	1
㲝	6 12 153	23483	1
㲞	7 12 153	23484	1
㲟	8 12 153	23485	1
㲠	9 12 153	23486	1
㲡	10 12 153	23487	1
㲢	11 12 153	23488	1
㲣	12 12 153	23489	1
㲤	13 12 153	23490	1
㲥	1 13 153	23491	1
㲦	2 13 153	23492	1
㲧	3 13 153	23493	1
㲨	4 13 153	23494	1
㲩	5 13 153	23495	1
㲪	6 13 153	23496	1
㲫	7 13 153	23497	1
㲬	8 13 153	23498	1
㲭	9 13 153	23499	1
㲮	10 13 153	23500	1
㲯	11 13 153	23501	1
㲰	12 13 153	23502	1
㲱	13 13 153	23503	1
㲲	1 1 155	23504	1
㲳	2 1 155	23505	1
㲴	3 1 155	23506	1
㲵	4 1 155	23507	1
㲶	5 1 155	23508	1
㲷	6 1 155	23509	1
㲸	7 1 155	23510	1
㲹	8 1 155	23511	1
㲺	9 1 155	23512	1
㲻	10 1 155	23513	1
㲼	11 1 155	23514	1
㲽	12 1 155	23515	1
㲾	13 1 155	23516	1
㲿	1 2 155	23517	1
㳀	2 2 155	23518	1
㳁	3 2 155	23519	1
㳂	4 2 155	23520	1
㳃	5 2 155	23521	1
㳄	6 2 155	23522	1
㳅	7 2 155	23523	1
㳆	8 2 155	23524	1
㳇	9 2 155	23525	1
㳈	10 2 155	23526	1
㳉	11 2 155	23527	1
㳊	12 2 155	23528	1
㳋	13 2 155	23529	1
㳌	1 3 155	23530	1
㳍	2 3 155	23531	1
㳎	3 3 155	23532	1
㳏	4 3 155	23533	1
㳐	5 3 155	23534	1
㳑	6 3 155	23535	1
㳒	7 3 155	23536	1
㳓	8 3 155	23537	1
㳔	9 3 155	23538	1
㳕	10 3 155	23539	1
㳖	11 3 155	23540	1
㳗	12 3 155	23541	1
㳘	13 3 155	23542	1
㳙	1 4 155	23543	1
㳚	2 4 155	23544	1
㳛	3 4 155	23545	1
㳜	4 4 155	23546	1
㳝	5 4 155	23547	1
㳞	6 4 155	23548	1
㳟	7 4 155	23549	1
㳠	8 4 155	23550	1
㳡	9 4 155	23551	1
㳢	10 4 155	23552	1
㳤	11 4 155	23553	1
㳥	12 4 155	23554	1
㳦	13 4 155	23555	1
㳧	1 5 155	23556	1
㳨	2 5 155	23557	1
㳩	3 5 155	23558	1
㳪	4 5 155	23559	1
㳫	5 5 155	23560	1
㳬	6 5 155	23561	1
㳭	7 5 155	23562	1
㳮	8 5 155	23563	1
㳯	9 5 155	23564	1
㳰	10 5 155	23565	1
㳱	11 5 155	23566	1
㳲	12 5 155	23567	1
㳳	13 5 155	23568	1
㳴	1 6 155	23569	1
㳵	2 6 155	23570	1
㳶	3 6 155	23571	1
㳷	4 6 155	23572	1
㳸	5 6 155	23573	1
㳹	6 6 155	23574	1
㳺	7 6 155	23575	1
㳻	8 6 155	23576	1
㳼	9 6 155	23577	1
㳽	10 6 155	23578	1
㳾	11 6 155	23579	1
㳿	12 6 155	23580	1
㴀	13 6 155	23581	1
㴁	1 7 155	23582	1
㴂	2 7 155	23583	1
㴃	3 7 155	23584	1
㴄	4 7 155	23585	1
㴅	5 7 155	23586	1
㴆	6 7 155	23587	1
㴇	7 7 155	23588	1
㴈	8 7 155	23589	1
㴉	9 7 155	23590	1
㴊	10 7 155	23591	1
㴋	11 7 155	23592	1
㴌	12 7 155	23593	1
㴍	13 7 155	23594	1
㴎	1 8 155	23595	1
㴏	2 8 155	23596	1
㴐	3 8 155	23597	1
㴑	4 8 155	23598	1
㴒	5 8 155	23599	1
㴓	6 8 155	23600	1
㴔	7 8 155	23601	1
㴕	8 8 155	23602	1
㴖	9 8 155	23603	1
㴗	10 8 155	23604	1
㴘	11 8 155	23605	1
㴙	12 8 155	23606	1
㴚	13 8 155	23607	1
㴛	1 9 155	23608	1
㴜	2 9 155	23609	1
㴝	3 9 155	23610	1
㴞	4 9 155	23611	1
㴟	5 9 155	23612	1
㴠	6 9 155	23613	1
㴡	7 9 155	23614	1
㴢	8 9 155	23615	1
㴣	9 9 155	23616	1
㴤	10 9 155	23617	1
㴥	11 9 155	23618	1
㴦	12 9 155	23619	1
㴧	13 9 155	23620	1
㴨	1 10 155	23621	1
㴩	2 10 155	23622	1
㴪	3 10 155	23623	1
㴫	4 10 155	23624	1
㴬	5 10 155	23625	1
㴭	6 10 155	23626	1
㴮	7 10 155	23627	1
㴯	8 10 155	23628	1
㴰	9 10 155	23629	1
㴲	10 10 155	23630	1
㴳	11 10 155	23631	1
㴴	12 10 155	23632	1
㴵	13 10 155	23633	1
㴶	1 11 155	23634	1
㴷	2 11 155	23635	1
㴸	3 11 155	23636	1
㴹	4 11 155	23637	1
㴺	5 11 155	23638	1
㴻	6 11 155	23639	1
㴼	7 11 155	23640	1
㴽	8 11 155	23641	1
㴾	9 11 155	23642	1
㴿	10 11 155	23643	1
㵀	11 11 155	23644	1
㵁	12 11 155	23645	1
㵂	13 11 155	23646	1
㵃	1 12 155	23647	1
㵄	2 12 155	23648	1
㵅	3 12 155	23649	1
㵆	4 12 155	23650	1
㵇	5 12 155	23651	1
㵈	6 12 155	23652	1
㵉	7 12 155	23653	1
㵊	8 12 155	23654	1
㵋	9 12 155	23655	1
㵌	10 12 155	23656	1
㵍	11 12 155	23657	1
㵎	12 12 155	23658	1
㵏	13 12 155	23659	1
㵐	1 13 155	23660	1
㵑	2 13 155	23661	1
㵒	3 13 155	23662	1
㵓	4 13 155	23663	1
㵔	5 13 155	23664	1
㵕	6 13 155	23665	1
㵖	7 13 155	23666	1
㵗	8 13 155	23667	1
㵘	9 13 155	23668	1
㵙	10 13 155	23669	1
㵚	11 13 155	23670	1
㵛	12 13 155	23671	1
㵜	13 13 155	23672	1
㵝	1 1 156	23673	1
㵞	2 1 156	23674	1
㵟	3 1 156	23675	1
㵠	4 1 156	23676	1
㵡	5 1 156	23677	1
㵢	6 1 156	23678	1
㵣	7 1 156	23679	1
㵤	8 1 156	23680	1
㵥	9 1 156	23681	1
㵦	10 1 156	23682	1
㵧	11 1 156	23683	1
㵨	12 1 156	23684	1
㵩	13 1 156	23685	1
㵪	1 2 156	23686	1
㵫	2 2 156	23687	1
㵬	3 2 156	23688	1
㵭	4 2 156	23689	1
㵮	5 2 156	23690	1
㵯	6 2 156	23691	1
㵰	7 2 156	23692	1
㵱	8 2 156	23693	1
㵲	9 2 156	23694	1
㵳	10 2 156	23695	1
㵴	11 2 156	23696	1
㵵	12 2 156	23697	1
㵶	13 2 156	23698	1
㵷	1 3 156	23699	1
㵸	2 3 156	23700	1
㵹	3 3 156	23701	1
㵺	4 3 156	23702	1
㵻	5 3 156	23703	1
㵼	6 3 156	23704	1
㵽	7 3 156	23705	1
㵾	8 3 156	23706	1
㵿	9 3 156	23707	1
㶀	10 3 156	23708	1
㶁	11 3 156	23709	1
㶂	12 3 156	23710	1
㶃	13 3 156	23711	1
㶄	1 4 156	23712	1
㶅	2 4 156	23713	1
㶆	3 4 156	23714	1
㶇	4 4 156	23715	1
㶈	5 4 156	23716	1
㶊	6 4 156	23717	1
㶋	7 4 156	23718	1
㶌	8 4 156	23719	1
㶍	9 4 156	23720	1
㶎	10 4 156	23721	1
㶏	11 4 156	23722	1
㶐	12 4 156	23723	1
㶑	13 4 156	23724	1
㶒	1 5 156	23725	1
㶓	2 5 156	23726	1
㶔	3 5 156	23727	1
㶕	4 5 156	23728	1
㶖	5 5 156	23729	1
㶗	6 5 156	23730	1
㶘	7 5 156	23731	1
㶙	8 5 156	23732	1
㶚	9 5 156	23733	1
㶛	10 5 156	23734	1
㶜	11 5 156	23735	1
㶝	12 5 156	23736	1
㶟	13 5 156	23737	1
㶠	1 6 156	23738	1
㶡	2 6 156	23739	1
㶢	3 6 156	23740	1
㶣	4 6 156	23741	1
㶤	5 6 156	23742	1
㶥	6 6 156	23743	1
㶦	7 6 156	23744	1
㶧	8 6 156	23745	1
㶨	9 6 156	23746	1
㶩	10 6 156	23747	1
㶪	11 6 156	23748	1
㶫	12 6 156	23749	1
㶬	13 6 156	23750	1
㶭	1 7 156	23751	1
㶮	2 7 156	23752	1
㶯	3 7 156	23753	1
㶰	4 7 156	23754	1
㶲	5 7 156	23755	1
㶳	6 7 156	23756	1
㶴	7 7 156	23757	1
㶵	8 7 156	23758	1
㶶	9 7 156	23759	1
㶷	10 7 156	23760	1
㶸	11 7 156	23761	1
㶹	12 7 156	23762	1
㶺	13 7 156	23763	1
㶻	1 8 156	23764	1
㶼	2 8 156	23765	1
㶽	3 8 156	23766	1
㶾	4 8 156	23767	1
㶿	5 8 156	23768	1
㷀	6 8 156	23769	1
㷁	7 8 156	23770	1
㷂	8 8 156	23771	1
㷃	9 8 156	23772	1
㷄	10 8 156	23773	1
㷅	11 8 156	23774	1
㷆	12 8 156	23775	1
㷇	13 8 156	23776	1
㷈	1 9 156	23777	1
㷉	2 9 156	23778	1
㷊	3 9 156	23779	1
㷋	4 9 156	23780	1
㷌	5 9 156	23781	1
㷍	6 9 156	23782	1
㷎	7 9 156	23783	1
㷏	8 9 156	23784	1
㷐	9 9 156	23785	1
㷑	10 9 156	23786	1
㷒	11 9 156	23787	1
㷓	12 9 156	23788	1
㷔	13 9 156	23789	1
㷕	1 10 156	23790	1
㷖	2 10 156	23791	1
㷗	3 10 156	23792	1
㷘	4 10 156	23793	1
㷙	5 10 156	23794	1
㷚	6 10 156	23795	1
㷛	7 10 156	23796	1
㷜	8 10 156	23797	1
㷝	9 10 156	23798	1
㷞	10 10 156	23799	1
㷟	11 10 156	23800	1
㷠	12 10 156	23801	1
㷡	13 10 156	23802	1
㷢	1 11 156	23803	1
㷣	2 11 156	23804	1
㷤	3 11 156	23805	1
㷥	4 11 156	23806	1
㷦	5 11 156	23807	1
㷧	6 11 156	23808	1
㷨	7 11 156	23809	1
㷩	8 11 156	23810	1
㷪	9 11 156	23811	1
㷫	10 11 156	23812	1
㷬	11 11 156	23813	1
㷭	12 11 156	23814	1
㷮	13 11 156	23815	1
㷯	1 12 156	23816	1
㷰	2 12 156	23817	1
㷱	3 12 156	23818	1
㷲	4 12 156	23819	1
㷳	5 12 156	23820	1
㷴	6 12 156	23821	1
㷵	7 12 156	23822	1
㷶	8 12 156	23823	1
㷷	9 12 156	23824	1
㷸	10 12 156	23825	1
㷹	11 12 156	23826	1
㷺	12 12 156	23827	1
㷻	13 12 156	23828	1
㷼	1 13 156	23829	1
㷽	2 13 156	23830	1
㷾	3 13 156	23831	1
㷿	4 13 156	23832	1
㸀	5 13 156	23833	1
㸁	6 13 156	23834	1
㸂	7 13 156	23835	1
㸃	8 13 156	23836	1
㸄	9 13 156	23837	1
㸅	10 13 156	23838	1
㸆	11 13 156	23839	1
㸇	12 13 156	23840	1
㸈	13 13 156	23841	1
㸉	1 1 157	23842	1
㸊	2 1 157	23843	1
㸋	3 1 157	23844	1
㸌	4 1 157	23845	1
㸍	5 1 157	23846	1
㸎	6 1 157	23847	1
㸏	7 1 157	23848	1
㸐	8 1 157	23849	1
㸑	9 1 157	23850	1
㸒	10 1 157	23851	1
㸓	11 1 157	23852	1
㸔	12 1 157	23853	1
㸕	13 1 157	23854	1
㸖	1 2 157	23855	1
㸗	2 2 157	23856	1
㸘	3 2 157	23857	1
㸙	4 2 157	23858	1
㸚	5 2 157	23859	1
㸛	6 2 157	23860	1
㸜	7 2 157	23861	1
㸝	8 2 157	23862	1
㸞	9 2 157	23863	1
㸟	10 2 157	23864	1
㸠	11 2 157	23865	1
㸡	12 2 157	23866	1
㸢	13 2 157	23867	1
㸣	1 3 157	23868	1
㸤	2 3 157	23869	1
㸥	3 3 157	23870	1
㸦	4 3 157	23871	1
㸧	5 3 157	23872	1
㸨	6 3 157	23873	1
㸩	7 3 157	23874	1
㸪	8 3 157	23875	1
㸫	9 3 157	23876	1
㸬	10 3 157	23877	1
㸭	11 3 157	23878	1
㸮	12 3 157	23879	1
㸯	13 3 157	23880	1
㸰	1 4 157	23881	1
㸱	2 4 157	23882	1
㸲	3 4 157	23883	1
㸳	4 4 157	23884	1
㸴	5 4 157	23885	1
㸵	6 4 157	23886	1
㸶	7 4 157	23887	1
㸷	8 4 157	23888	1
㸸	9 4 157	23889	1
㸹	10 4 157	23890	1
㸺	11 4 157	23891	1
㸻	12 4 157	23892	1
㸼	13 4 157	23893	1
㸽	1 5 157	23894	1
㸾	2 5 157	23895	1
㸿	3 5 157	23896	1
㹀	4 5 157	23897	1
㹁	5 5 157	23898	1
㹂	6 5 157	23899	1
㹃	7 5 157	23900	1
㹄	8 5 157	23901	1
㹅	9 5 157	23902	1
㹆	10 5 157	23903	1
㹇	11 5 157	23904	1
㹈	12 5 157	23905	1
㹉	13 5 157	23906	1
㹊	1 6 157	23907	1
㹋	2 6 157	23908	1
㹌	3 6 157	23909	1
㹍	4 6 157	23910	1
㹎	5 6 157	23911	1
㹏	6 6 157	23912	1
㹐	7 6 157	23913	1
㹑	8 6 157	23914	1
㹒	9 6 157	23915	1
㹓	10 6 157	23916	1
㹔	11 6 157	23917	1
㹕	12 6 157	23918	1
㹖	13 6 157	23919	1
㹗	1 7 157	23920	1
㹘	2 7 157	23921	1
㹙	3 7 157	23922	1
㹚	4 7 157	23923	1
㹛	5 7 157	23924	1
㹜	6 7 157	23925	1
㹝	7 7 157	23926	1
㹞	8 7 157	23927	1
㹟	9 7 157	23928	1
㹠	10 7 157	23929	1
㹡	11 7 157	23930	1
㹢	12 7 157	23931	1
㹣	13 7 157	23932	1
㹤	1 8 157	23933	1
㹥	2 8 157	23934	1
㹦	3 8 157	23935	1
㹧	4 8 157	23936	1
㹩	5 8 157	23937	1
㹪	6 8 157	23938	1
㹫	7 8 157	23939	1
㹬	8 8 157	23940	1
㹭	9 8 157	23941	1
㹮	10 8 157	23942	1
㹯	11 8 157	23943	1
㹰	12 8 157	23944	1
㹱	13 8 157	23945	1
㹲	1 9 157	23946	1
㹳	2 9 157	23947	1
㹴	3 9 157	23948	1
㹵	4 9 157	23949	1
㹶	5 9 157	23950	1
㹷	6 9 157	23951	1
㹸	7 9 157	23952	1
㹹	8 9 157	23953	1
㹺	9 9 157	23954	1
㹻	10 9 157	23955	1
㹼	11 9 157	23956	1
㹽	12 9 157	23957	1
㹾	13 9 157	23958	1
㹿	1 10 157	23959	1
㺀	2 10 157	23960	1
㺁	3 10 157	23961	1
㺂	4 10 157	23962	1
㺃	5 10 157	23963	1
㺄	6 10 157	23964	1
㺅	7 10 157	23965	1
㺆	8 10 157	23966	1
㺇	9 10 157	23967	1
㺈	10 10 157	23968	1
㺉	11 10 157	23969	1
㺊	12 10 157	23970	1
㺋	13 10 157	23971	1
㺌	1 11 157	23972	1
㺍	2 11 157	23973	1
㺎	3 11 157	23974	1
㺏	4 11 157	23975	1
㺐	5 11 157	23976	1
㺑	6 11 157	23977	1
㺒	7 11 157	23978	1
㺓	8 11 157	23979	1
㺔	9 11 157	23980	1
㺕	10 11 157	23981	1
㺖	11 11 157	23982	1
㺗	12 11 157	23983	1
㺘	13 11 157	23984	1
㺙	1 12 157	23985	1
㺚	2 12 157	23986	1
㺛	3 12 157	23987	1
㺜	4 12 157	23988	1
㺝	5 12 157	23989	1
㺞	6 12 157	23990	1
㺟	7 12 157	23991	1
㺠	8 12 157	23992	1
㺡	9 12 157	23993	1
㺢	10 12 157	23994	1
㺣	11 12 157	23995	1
㺤	12 12 157	23996	1
㺥	13 12 157	23997	1
㺦	1 13 157	23998	1
㺧	2 13 157	23999	1
㺨	3 13 157	24000	1
㺩	4 13 157	24001	1
㺫	5 13 157	24002	1
㺬	6 13 157	24003	1
㺮	7 13 157	24004	1
㺯	8 13 157	24005	1
㺰	9 13 157	24006	1
㺱	10 13 157	24007	1
㺲	11 13 157	24008	1
㺳	12 13 157	24009	1
㺴	13 13 157	24010	1
㺵	1 1 158	24011	1
㺶	2 1 158	24012	1
㺷	3 1 158	24013	1
㺸	4 1 158	24014	1
㺹	5 1 158	24015	1
㺺	6 1 158	24016	1
㺻	7 1 158	24017	1
㺼	8 1 158	24018	1
㺽	9 1 158	24019	1
㺾	10 1 158	24020	1
㺿	11 1 158	24021	1
㻀	12 1 158	24022	1
㻁	13 1 158	24023	1
㻂	1 2 158	24024	1
㻃	2 2 158	24025	1
㻄	3 2 158	24026	1
㻅	4 2 158	24027	1
㻆	5 2 158	24028	1
㻇	6 2 158	24029	1
㻈	7 2 158	24030	1
㻉	8 2 158	24031	1
㻊	9 2 158	24032	1
㻋	10 2 158	24033	1
㻌	11 2 158	24034	1
㻍	12 2 158	24035	1
㻎	13 2 158	24036	1
㻏	1 3 158	24037	1
㻐	2 3 158	24038	1
㻑	3 3 158	24039	1
㻒	4 3 158	24040	1
㻓	5 3 158	24041	1
㻔	6 3 158	24042	1
㻕	7 3 158	24043	1
㻖	8 3 158	24044	1
㻗	9 3 158	24045	1
㻘	10 3 158	24046	1
㻙	11 3 158	24047	1
㻚	12 3 158	24048	1
㻛	13 3 158	24049	1
㻜	1 4 158	24050	1
㻝	2 4 158	24051	1
㻞	3 4 158	24052	1
㻟	4 4 158	24053	1
㻠	5 4 158	24054	1
㻡	6 4 158	24055	1
㻢	7 4 158	24056	1
㻣	8 4 158	24057	1
㻤	9 4 158	24058	1
㻥	10 4 158	24059	1
㻦	11 4 158	24060	1
㻧	12 4 158	24061	1
㻨	13 4 158	24062	1
㻩	1 5 158	24063	1
㻪	2 5 158	24064	1
㻫	3 5 158	24065	1
㻬	4 5 158	24066	1
㻭	5 5 158	24067	1
㻮	6 5 158	24068	1
㻯	7 5 158	24069	1
㻰	8 5 158	24070	1
㻱	9 5 158	24071	1
㻲	10 5 158	24072	1
㻳	11 5 158	24073	1
㻴	12 5 158	24074	1
㻵	13 5 158	24075	1
㻶	1 6 158	24076	1
㻷	2 6 158	24077	1
㻸	3 6 158	24078	1
㻹	4 6 158	24079	1
㻺	5 6 158	24080	1
㻻	6 6 158	24081	1
㻼	7 6 158	24082	1
㻽	8 6 158	24083	1
㻾	9 6 158	24084	1
㻿	10 6 158	24085	1
㼀	11 6 158	24086	1
㼁	12 6 158	24087	1
㼂	13 6 158	24088	1
㼃	1 7 158	24089	1
㼄	2 7 158	24090	1
㼅	3 7 158	24091	1
㼆	4 7 158	24092	1
㼇	5 7 158	24093	1
㼈	6 7 158	24094	1
㼉	7 7 158	24095	1
㼊	8 7 158	24096	1
㼋	9 7 158	24097	1
㼌	10 7 158	24098	1
㼍	11 7 158	24099	1
㼎	12 7 158	24100	1
㼏	13 7 158	24101	1
㼐	1 8 158	24102	1
㼑	2 8 158	24103	1
㼒	3 8 158	24104	1
㼓	4 8 158	24105	1
㼔	5 8 158	24106	1
㼕	6 8 158	24107	1
㼖	7 8 158	24108	1
㼗	8 8 158	24109	1
㼘	9 8 158	24110	1
㼙	10 8 158	24111	1
㼚	11 8 158	24112	1
㼛	12 8 158	24113	1
㼜	13 8 158	24114	1
㼝	1 9 158	24115	1
㼞	2 9 158	24116	1
㼟	3 9 158	24117	1
㼠	4 9 158	24118	1
㼡	5 9 158	24119	1
㼢	6 9 158	24120	1
㼣	7 9 158	24121	1
㼤	8 9 158	24122	1
㼥	9 9 158	24123	1
㼦	10 9 158	24124	1
㼧	11 9 158	24125	1
㼨	12 9 158	24126	1
㼩	13 9 158	24127	1
㼪	1 10 158	24128	1
㼫	2 10 158	24129	1
㼬	3 10 158	24130	1
㼭	4 10 158	24131	1
㼮	5 10 158	24132	1
㼯	6 10 158	24133	1
㼰	7 10 158	24134	1
㼱	8 10 158	24135	1
㼲	9 10 158	24136	1
㼳	10 10 158	24137	1
㼴	11 10 158	24138	1
㼵	12 10 158	24139	1
㼶	13 10 158	24140	1
㼷	1 11 158	24141	1
㼸	2 11 158	24142	1
㼹	3 11 158	24143	1
㼺	4 11 158	24144	1
㼻	5 11 158	24145	1
㼼	6 11 158	24146	1
㼽	7 11 158	24147	1
㼾	8 11 158	24148	1
㼿	9 11 158	24149	1
㽀	10 11 158	24150	1
㽁	11 11 158	24151	1
㽂	12 11 158	24152	1
㽃	13 11 158	24153	1
㽄	1 12 158	24154	1
㽅	2 12 158	24155	1
㽆	3 12 158	24156	1
㽇	4 12 158	24157	1
㽈	5 12 158	24158	1
㽉	6 12 158	24159	1
㽊	7 12 158	24160	1
㽋	8 12 158	24161	1
㽌	9 12 158	24162	1
㽍	10 12 158	24163	1
㽎	11 12 158	24164	1
㽏	12 12 158	24165	1
㽐	13 12 158	24166	1
㽑	1 13 158	24167	1
㽒	2 13 158	24168	1
㽓	3 13 158	24169	1
㽔	4 13 158	24170	1
㽕	5 13 158	24171	1
㽖	6 13 158	24172	1
㽗	7 13 158	24173	1
㽘	8 13 158	24174	1
㽙	9 13 158	24175	1
㽚	10 13 158	24176	1
㽛	11 13 158	24177	1
㽜	12 13 158	24178	1
㽝	13 13 158	24179	1
㽞	1 1 159	24180	1
㽟	2 1 159	24181	1
㽠	3 1 159	24182	1
㽡	4 1 159	24183	1
㽢	5 1 159	24184	1
㽣	6 1 159	24185	1
㽤	7 1 159	24186	1
㽥	8 1 159	24187	1
㽦	9 1 159	24188	1
㽧	10 1 159	24189	1
㽨	11 1 159	24190	1
㽩	12 1 159	24191	1
㽪	13 1 159	24192	1
㽫	1 2 159	24193	1
㽬	2 2 159	24194	1
㽭	3 2 159	24195	1
㽮	4 2 159	24196	1
㽯	5 2 159	24197	1
㽰	6 2 159	24198	1
㽱	7 2 159	24199	1
㽲	8 2 159	24200	1
㽳	9 2 159	24201	1
㽴	10 2 159	24202	1
㽵	11 2 159	24203	1
㽶	12 2 159	24204	1
㽷	13 2 159	24205	1
㽸	1 3 159	24206	1
㽹	2 3 159	24207	1
㽺	3 3 159	24208	1
㽻	4 3 159	24209	1
㽼	5 3 159	24210	1
㽽	6 3 159	24211	1
㽾	7 3 159	24212	1
㽿	8 3 159	24213	1
㾀	9 3 159	24214	1
㾁	10 3 159	24215	1
㾂	11 3 159	24216	1
㾃	12 3 159	24217	1
㾄	13 3 159	24218	1
㾅	1 4 159	24219	1
㾆	2 4 159	24220	1
㾇	3 4 159	24221	1
㾈	4 4 159	24222	1
㾉	5 4 159	24223	1
㾊	6 4 159	24224	1
㾋	7 4 159	24225	1
㾌	8 4 159	24226	1
㾍	9 4 159	24227	1
㾎	10 4 159	24228	1
㾏	11 4 159	24229	1
㾐	12 4 159	24230	1
㾑	13 4 159	24231	1
㾒	1 5 159	24232	1
㾓	2 5 159	24233	1
㾔	3 5 159	24234	1
㾕	4 5 159	24235	1
㾖	5 5 159	24236	1
㾗	6 5 159	24237	1
㾘	7 5 159	24238	1
㾙	8 5 159	24239	1
㾚	9 5 159	24240	1
㾛	10 5 159	24241	1
㾜	11 5 159	24242	1
㾝	12 5 159	24243	1
㾞	13 5 159	24244	1
㾟	1 6 159	24245	1
㾠	2 6 159	24246	1
㾡	3 6 159	24247	1
㾢	4 6 159	24248	1
㾣	5 6 159	24249	1
㾤	6 6 159	24250	1
㾥	7 6 159	24251	1
㾦	8 6 159	24252	1
㾧	9 6 159	24253	1
㾨	10 6 159	24254	1
㾩	11 6 159	24255	1
㾪	12 6 159	24256	1
㾫	13 6 159	24257	1
㾬	1 7 159	24258	1
㾭	2 7 159	24259	1
㾮	3 7 159	24260	1
㾯	4 7 159	24261	1
㾰	5 7 159	24262	1
㾱	6 7 159	24263	1
㾲	7 7 159	24264	1
㾳	8 7 159	24265	1
㾴	9 7 159	24266	1
㾵	10 7 159	24267	1
㾶	11 7 159	24268	1
㾷	12 7 159	24269	1
㾸	13 7 159	24270	1
㾹	1 8 159	24271	1
㾺	2 8 159	24272	1
㾻	3 8 159	24273	1
㾼	4 8 159	24274	1
㾽	5 8 159	24275	1
㾾	6 8 159	24276	1
㾿	7 8 159	24277	1
㿀	8 8 159	24278	1
㿁	9 8 159	24279	1
㿂	10 8 159	24280	1
㿃	11 8 159	24281	1
㿄	12 8 159	24282	1
㿅	13 8 159	24283	1
㿆	1 9 159	24284	1
㿇	2 9 159	24285	1
㿈	3 9 159	24286	1
㿉	4 9 159	24287	1
㿊	5 9 159	24288	1
㿋	6 9 159	24289	1
㿌	7 9 159	24290	1
㿍	8 9 159	24291	1
㿎	9 9 159	24292	1
㿏	10 9 159	24293	1
㿐	11 9 159	24294	1
㿑	12 9 159	24295	1
㿒	13 9 159	24296	1
㿓	1 10 159	24297	1
㿔	2 10 159	24298	1
㿕	3 10 159	24299	1
㿖	4 10 159	24300	1
㿗	5 10 159	24301	1
㿘	6 10 159	24302	1
㿙	7 10 159	24303	1
㿚	8 10 159	24304	1
㿛	9 10 159	24305	1
㿜	10 10 159	24306	1
㿝	11 10 159	24307	1
㿞	12 10 159	24308	1
㿟	13 10 159	24309	1
㿠	1 11 159	24310	1
㿡	2 11 159	24311	1
㿢	3 11 159	24312	1
㿣	4 11 159	24313	1
㿤	5 11 159	24314	1
㿥	6 11 159	24315	1
㿦	7 11 159	24316	1
㿧	8 11 159	24317	1
㿨	9 11 159	24318	1
㿩	10 11 159	24319	1
㿪	11 11 159	24320	1
㿫	12 11 159	24321	1
㿬	13 11 159	24322	1
㿭	1 12 159	24323	1
㿮	2 12 159	24324	1
㿯	3 12 159	24325	1
㿰	4 12 159	24326	1
㿱	5 12 159	24327	1
㿲	6 12 159	24328	1
㿳	7 12 159	24329	1
㿴	8 12 159	24330	1
㿵	9 12 159	24331	1
㿶	10 12 159	24332	1
㿷	11 12 159	24333	1
㿸	12 12 159	24334	1
㿹	13 12 159	24335	1
㿺	1 13 159	24336	1
㿻	2 13 159	24337	1
㿼	3 13 159	24338	1
㿽	4 13 159	24339	1
㿾	5 13 159	24340	1
㿿	6 13 159	24341	1
䀀	7 13 159	24342	1
䀁	8 13 159	24343	1
䀂	9 13 159	24344	1
䀃	10 13 159	24345	1
䀄	11 13 159	24346	1
䀅	12 13 159	24347	1
䀆	13 13 159	24348	1
䀇	1 1 160	24349	1
䀈	2 1 160	24350	1
䀉	3 1 160	24351	1
䀊	4 1 160	24352	1
䀋	5 1 160	24353	1
䀌	6 1 160	24354	1
䀍	7 1 160	24355	1
䀎	8 1 160	24356	1
䀏	9 1 160	24357	1
䀐	10 1 160	24358	1
䀑	11 1 160	24359	1
䀒	12 1 160	24360	1
䀓	13 1 160	24361	1
䀔	1 2 160	24362	1
䀕	2 2 160	24363	1
䀖	3 2 160	24364	1
䀗	4 2 160	24365	1
䀘	5 2 160	24366	1
䀙	6 2 160	24367	1
䀚	7 2 160	24368	1
䀛	8 2 160	24369	1
䀜	9 2 160	24370	1
䀝	10 2 160	24371	1
䀞	11 2 160	24372	1
䀟	12 2 160	24373	1
䀠	13 2 160	24374	1
䀡	1 3 160	24375	1
䀢	2 3 160	24376	1
䀣	3 3 160	24377	1
䀤	4 3 160	24378	1
䀥	5 3 160	24379	1
䀦	6 3 160	24380	1
䀧	7 3 160	24381	1
䀨	8 3 160	24382	1
䀩	9 3 160	24383	1
䀪	10 3 160	24384	1
䀫	11 3 160	24385	1
䀬	12 3 160	24386	1
䀭	13 3 160	24387	1
䀮	1 4 160	24388	1
䀯	2 4 160	24389	1
䀰	3 4 160	24390	1
䀱	4 4 160	24391	1
䀲	5 4 160	24392	1
䀳	6 4 160	24393	1
䀴	7 4 160	24394	1
䀵	8 4 160	24395	1
䀶	9 4 160	24396	1
䀷	10 4 160	24397	1
䀸	11 4 160	24398	1
䀹	12 4 160	24399	1
䀺	13 4 160	24400	1
䀻	1 5 160	24401	1
䀼	2 5 160	24402	1
䀽	3 5 160	24403	1
䀾	4 5 160	24404	1
䀿	5 5 160	24405	1
䁀	6 5 160	24406	1
䁁	7 5 160	24407	1
䁂	8 5 160	24408	1
䁃	9 5 160	24409	1
䁄	10 5 160	24410	1
䁅	11 5 160	24411	1
䁆	12 5 160	24412	1
䁇	13 5 160	24413	1
䁈	1 6 160	24414	1
䁉	2 6 160	24415	1
䁊	3 6 160	24416	1
䁋	4 6 160	24417	1
䁌	5 6 160	24418	1
䁍	6 6 160	24419	1
䁎	7 6 160	24420	1
䁏	8 6 160	24421	1
䁐	9 6 160	24422	1
䁑	10 6 160	24423	1
䁒	11 6 160	24424	1
䁓	12 6 160	24425	1
䁔	13 6 160	24426	1
䁕	1 7 160	24427	1
䁖	2 7 160	24428	1
䁗	3 7 160	24429	1
䁘	4 7 160	24430	1
䁙	5 7 160	24431	1
䁚	6 7 160	24432	1
䁛	7 7 160	24433	1
䁜	8 7 160	24434	1
䁝	9 7 160	24435	1
䁞	10 7 160	24436	1
䁟	11 7 160	24437	1
䁠	12 7 160	24438	1
䁡	13 7 160	24439	1
䁢	1 8 160	24440	1
䁣	2 8 160	24441	1
䁤	3 8 160	24442	1
䁥	4 8 160	24443	1
䁦	5 8 160	24444	1
䁧	6 8 160	24445	1
䁨	7 8 160	24446	1
䁩	8 8 160	24447	1
䁪	9 8 160	24448	1
䁫	10 8 160	24449	1
䁬	11 8 160	24450	1
䁭	12 8 160	24451	1
䁮	13 8 160	24452	1
䁯	1 9 160	24453	1
䁰	2 9 160	24454	1
䁱	3 9 160	24455	1
䁲	4 9 160	24456	1
䁳	5 9 160	24457	1
䁴	6 9 160	24458	1
䁵	7 9 160	24459	1
䁶	8 9 160	24460	1
䁷	9 9 160	24461	1
䁸	10 9 160	24462	1
䁹	11 9 160	24463	1
䁺	12 9 160	24464	1
䁻	13 9 160	24465	1
䁼	1 10 160	24466	1
䁽	2 10 160	24467	1
䁾	3 10 160	24468	1
䁿	4 10 160	24469	1
䂀	5 10 160	24470	1
䂁	6 10 160	24471	1
䂂	7 10 160	24472	1
䂃	8 10 160	24473	1
䂄	9 10 160	24474	1
䂅	10 10 160	24475	1
䂆	11 10 160	24476	1
䂇	12 10 160	24477	1
䂈	13 10 160	24478	1
䂉	1 11 160	24479	1
䂊	2 11 160	24480	1
䂋	3 11 160	24481	1
䂌	4 11 160	24482	1
䂍	5 11 160	24483	1
䂎	6 11 160	24484	1
䂏	7 11 160	24485	1
䂐	8 11 160	24486	1
䂑	9 11 160	24487	1
䂒	10 11 160	24488	1
䂓	11 11 160	24489	1
䂔	12 11 160	24490	1
䂕	13 11 160	24491	1
䂖	1 12 160	24492	1
䂗	2 12 160	24493	1
䂘	3 12 160	24494	1
䂙	4 12 160	24495	1
䂚	5 12 160	24496	1
䂛	6 12 160	24497	1
䂜	7 12 160	24498	1
䂝	8 12 160	24499	1
䂞	9 12 160	24500	1
䂟	10 12 160	24501	1
䂠	11 12 160	24502	1
䂡	12 12 160	24503	1
䂢	13 12 160	24504	1
䂣	1 13 160	24505	1
䂤	2 13 160	24506	1
䂥	3 13 160	24507	1
䂦	4 13 160	24508	1
䂧	5 13 160	24509	1
䂨	6 13 160	24510	1
䂩	7 13 160	24511	1
䂪	8 13 160	24512	1
䂫	9 13 160	24513	1
䂬	10 13 160	24514	1
䂭	11 13 160	24515	1
䂮	12 13 160	24516	1
䂯	13 13 160	24517	1
䂰	1 1 161	24518	1
䂱	2 1 161	24519	1
䂲	3 1 161	24520	1
䂳	4 1 161	24521	1
䂴	5 1 161	24522	1
䂶	6 1 161	24523	1
䂷	7 1 161	24524	1
䂸	8 1 161	24525	1
䂹	9 1 161	24526	1
䂺	10 1 161	24527	1
䂻	11 1 161	24528	1
䂼	12 1 161	24529	1
䂽	13 1 161	24530	1
䂾	1 2 161	24531	1
䂿	2 2 161	24532	1
䃀	3 2 161	24533	1
䃁	4 2 161	24534	1
䃂	5 2 161	24535	1
䃃	6 2 161	24536	1
䃄	7 2 161	24537	1
䃅	8 2 161	24538	1
䃆	9 2 161	24539	1
䃇	10 2 161	24540	1
䃈	11 2 161	24541	1
䃉	12 2 161	24542	1
䃊	13 2 161	24543	1
䃋	1 3 161	24544	1
䃌	2 3 161	24545	1
䃍	3 3 161	24546	1
䃎	4 3 161	24547	1
䃏	5 3 161	24548	1
䃐	6 3 161	24549	1
䃑	7 3 161	24550	1
䃒	8 3 161	24551	1
䃓	9 3 161	24552	1
䃔	10 3 161	24553	1
䃕	11 3 161	24554	1
䃖	12 3 161	24555	1
䃗	13 3 161	24556	1
䃘	1 4 161	24557	1
䃙	2 4 161	24558	1
䃚	3 4 161	24559	1
䃛	4 4 161	24560	1
䃜	5 4 161	24561	1
䃝	6 4 161	24562	1
䃞	7 4 161	24563	1
䃟	8 4 161	24564	1
䃠	9 4 161	24565	1
䃡	10 4 161	24566	1
䃢	11 4 161	24567	1
䃣	12 4 161	24568	1
䃤	13 4 161	24569	1
䃥	1 5 161	24570	1
䃦	2 5 161	24571	1
䃧	3 5 161	24572	1
䃨	4 5 161	24573	1
䃩	5 5 161	24574	1
䃪	6 5 161	24575	1
䃫	7 5 161	24576	1
䃬	8 5 161	24577	1
䃭	9 5 161	24578	1
䃮	10 5 161	24579	1
䃰	11 5 161	24580	1
䃱	12 5 161	24581	1
䃲	13 5 161	24582	1
䃳	1 6 161	24583	1
䃴	2 6 161	24584	1
䃵	3 6 161	24585	1
䃶	4 6 161	24586	1
䃷	5 6 161	24587	1
䃸	6 6 161	24588	1
䃹	7 6 161	24589	1
䃺	8 6 161	24590	1
䃻	9 6 161	24591	1
䃼	10 6 161	24592	1
䃽	11 6 161	24593	1
䃾	12 6 161	24594	1
䃿	13 6 161	24595	1
䄀	1 7 161	24596	1
䄁	2 7 161	24597	1
䄂	3 7 161	24598	1
䄃	4 7 161	24599	1
䄄	5 7 161	24600	1
䄅	6 7 161	24601	1
䄆	7 7 161	24602	1
䄇	8 7 161	24603	1
䄈	9 7 161	24604	1
䄊	10 7 161	24605	1
䄋	11 7 161	24606	1
䄌	12 7 161	24607	1
䄍	13 7 161	24608	1
䄎	1 8 161	24609	1
䄏	2 8 161	24610	1
䄐	3 8 161	24611	1
䄑	4 8 161	24612	1
䄒	5 8 161	24613	1
䄓	6 8 161	24614	1
䄕	7 8 161	24615	1
䄖	8 8 161	24616	1
䄗	9 8 161	24617	1
䄘	10 8 161	24618	1
䄚	11 8 161	24619	1
䄛	12 8 161	24620	1
䄜	13 8 161	24621	1
䄝	1 9 161	24622	1
䄞	2 9 161	24623	1
䄟	3 9 161	24624	1
䄠	4 9 161	24625	1
䄡	5 9 161	24626	1
䄢	6 9 161	24627	1
䄣	7 9 161	24628	1
䄤	8 9 161	24629	1
䄥	9 9 161	24630	1
䄦	10 9 161	24631	1
䄧	11 9 161	24632	1
䄨	12 9 161	24633	1
䄩	13 9 161	24634	1
䄪	1 10 161	24635	1
䄫	2 10 161	24636	1
䄬	3 10 161	24637	1
䄭	4 10 161	24638	1
䄮	5 10 161	24639	1
䄯	6 10 161	24640	1
䄰	7 10 161	24641	1
䄱	8 10 161	24642	1
䄲	9 10 161	24643	1
䄳	10 10 161	24644	1
䄴	11 10 161	24645	1
䄵	12 10 161	24646	1
䄶	13 10 161	24647	1
䄷	1 11 161	24648	1
䄸	2 11 161	24649	1
䄹	3 11 161	24650	1
䄺	4 11 161	24651	1
䄻	5 11 161	24652	1
䄼	6 11 161	24653	1
䄽	7 11 161	24654	1
䄾	8 11 161	24655	1
䄿	9 11 161	24656	1
䅀	10 11 161	24657	1
䅁	11 11 161	24658	1
䅂	12 11 161	24659	1
䅃	13 11 161	24660	1
䅄	1 12 161	24661	1
䅅	2 12 161	24662	1
䅆	3 12 161	24663	1
䅇	4 12 161	24664	1
䅈	5 12 161	24665	1
䅉	6 12 161	24666	1
䅊	7 12 161	24667	1
䅋	8 12 161	24668	1
䅌	9 12 161	24669	1
䅍	10 12 161	24670	1
䅎	11 12 161	24671	1
䅏	12 12 161	24672	1
䅐	13 12 161	24673	1
䅑	1 13 161	24674	1
䅒	2 13 161	24675	1
䅓	3 13 161	24676	1
䅔	4 13 161	24677	1
䅕	5 13 161	24678	1
䅖	6 13 161	24679	1
䅗	7 13 161	24680	1
䅘	8 13 161	24681	1
䅙	9 13 161	24682	1
䅚	10 13 161	24683	1
䅛	11 13 161	24684	1
䅜	12 13 161	24685	1
䅝	13 13 161	24686	1
䅞	1 1 162	24687	1
䅟	2 1 162	24688	1
䅠	3 1 162	24689	1
䅡	4 1 162	24690	1
䅢	5 1 162	24691	1
䅤	6 1 162	24692	1
䅥	7 1 162	24693	1
䅦	8 1 162	24694	1
䅧	9 1 162	24695	1
䅨	10 1 162	24696	1
䅩	11 1 162	24697	1
䅪	12 1 162	24698	1
䅫	13 1 162	24699	1
䅬	1 2 162	24700	1
䅭	2 2 162	24701	1
䅮	3 2 162	24702	1
䅯	4 2 162	24703	1
䅰	5 2 162	24704	1
䅱	6 2 162	24705	1
䅲	7 2 162	24706	1
䅳	8 2 162	24707	1
䅴	9 2 162	24708	1
䅵	10 2 162	24709	1
䅶	11 2 162	24710	1
䅷	12 2 162	24711	1
䅸	13 2 162	24712	1
䅹	1 3 162	24713	1
䅺	2 3 162	24714	1
䅻	3 3 162	24715	1
䅼	4 3 162	24716	1
䅽	5 3 162	24717	1
䅾	6 3 162	24718	1
䅿	7 3 162	24719	1
䆀	8 3 162	24720	1
䆁	9 3 162	24721	1
䆂	10 3 162	24722	1
䆄	11 3 162	24723	1
䆅	12 3 162	24724	1
䆆	13 3 162	24725	1
䆇	1 4 162	24726	1
䆈	2 4 162	24727	1
䆉	3 4 162	24728	1
䆊	4 4 162	24729	1
䆋	5 4 162	24730	1
䆌	6 4 162	24731	1
䆍	7 4 162	24732	1
䆎	8 4 162	24733	1
䆏	9 4 162	24734	1
䆐	10 4 162	24735	1
䆑	11 4 162	24736	1
䆒	12 4 162	24737	1
䆓	13 4 162	24738	1
䆔	1 5 162	24739	1
䆕	2 5 162	24740	1
䆖	3 5 162	24741	1
䆗	4 5 162	24742	1
䆘	5 5 162	24743	1
䆙	6 5 162	24744	1
䆚	7 5 162	24745	1
䆛	8 5 162	24746	1
䆜	9 5 162	24747	1
䆝	10 5 162	24748	1
䆞	11 5 162	24749	1
䆟	12 5 162	24750	1
䆠	13 5 162	24751	1
䆡	1 6 162	24752	1
䆢	2 6 162	24753	1
䆣	3 6 162	24754	1
䆤	4 6 162	24755	1
䆥	5 6 162	24756	1
䆦	6 6 162	24757	1
䆧	7 6 162	24758	1
䆨	8 6 162	24759	1
䆩	9 6 162	24760	1
䆪	10 6 162	24761	1
䆫	11 6 162	24762	1
䆬	12 6 162	24763	1
䆭	13 6 162	24764	1
䆮	1 7 162	24765	1
䆯	2 7 162	24766	1
䆰	3 7 162	24767	1
䆱	4 7 162	24768	1
䆲	5 7 162	24769	1
䆳	6 7 162	24770	1
䆴	7 7 162	24771	1
䆵	8 7 162	24772	1
䆶	9 7 162	24773	1
䆷	10 7 162	24774	1
䆸	11 7 162	24775	1
䆹	12 7 162	24776	1
䆺	13 7 162	24777	1
䆻	1 8 162	24778	1
䆼	2 8 162	24779	1
䆽	3 8 162	24780	1
䆾	4 8 162	24781	1
䆿	5 8 162	24782	1
䇀	6 8 162	24783	1
䇁	7 8 162	24784	1
䇂	8 8 162	24785	1
䇃	9 8 162	24786	1
䇄	10 8 162	24787	1
䇅	11 8 162	24788	1
䇆	12 8 162	24789	1
䇇	13 8 162	24790	1
䇈	1 9 162	24791	1
䇉	2 9 162	24792	1
䇊	3 9 162	24793	1
䇋	4 9 162	24794	1
䇌	5 9 162	24795	1
䇍	6 9 162	24796	1
䇎	7 9 162	24797	1
䇏	8 9 162	24798	1
䇐	9 9 162	24799	1
䇑	10 9 162	24800	1
䇒	11 9 162	24801	1
䇓	12 9 162	24802	1
䇔	13 9 162	24803	1
䇕	1 10 162	24804	1
䇖	2 10 162	24805	1
䇗	3 10 162	24806	1
䇘	4 10 162	24807	1
䇙	5 10 162	24808	1
䇚	6 10 162	24809	1
䇛	7 10 162	24810	1
䇜	8 10 162	24811	1
䇝	9 10 162	24812	1
䇞	10 10 162	24813	1
䇟	11 10 162	24814	1
䇠	12 10 162	24815	1
䇡	13 10 162	24816	1
䇢	1 11 162	24817	1
䇣	2 11 162	24818	1
䇤	3 11 162	24819	1
䇥	4 11 162	24820	1
䇦	5 11 162	24821	1
䇧	6 11 162	24822	1
䇨	7 11 162	24823	1
䇩	8 11 162	24824	1
䇪	9 11 162	24825	1
䇫	10 11 162	24826	1
䇬	11 11 162	24827	1
䇭	12 11 162	24828	1
䇮	13 11 162	24829	1
䇯	1 12 162	24830	1
䇰	2 12 162	24831	1
䇱	3 12 162	24832	1
䇴	4 12 162	24833	1
䇵	5 12 162	24834	1
䇶	6 12 162	24835	1
䇷	7 12 162	24836	1
䇸	8 12 162	24837	1
䇹	9 12 162	24838	1
䇺	10 12 162	24839	1
䇻	11 12 162	24840	1
䇼	12 12 162	24841	1
䇽	13 12 162	24842	1
䇾	1 13 162	24843	1
䇿	2 13 162	24844	1
䈀	3 13 162	24845	1
䈁	4 13 162	24846	1
䈂	5 13 162	24847	1
䈃	6 13 162	24848	1
䈄	7 13 162	24849	1
䈅	8 13 162	24850	1
䈆	9 13 162	24851	1
䈇	10 13 162	24852	1
䈈	11 13 162	24853	1
䈉	12 13 162	24854	1
䈊	13 13 162	24855	1
䈋	1 1 163	24856	1
䈌	2 1 163	24857	1
䈍	3 1 163	24858	1
䈎	4 1 163	24859	1
䈏	5 1 163	24860	1
䈐	6 1 163	24861	1
䈑	7 1 163	24862	1
䈒	8 1 163	24863	1
䈓	9 1 163	24864	1
䈔	10 1 163	24865	1
䈕	11 1 163	24866	1
䈖	12 1 163	24867	1
䈗	13 1 163	24868	1
䈘	1 2 163	24869	1
䈙	2 2 163	24870	1
䈚	3 2 163	24871	1
䈛	4 2 163	24872	1
䈜	5 2 163	24873	1
䈝	6 2 163	24874	1
䈞	7 2 163	24875	1
䈟	8 2 163	24876	1
䈠	9 2 163	24877	1
䈡	10 2 163	24878	1
䈢	11 2 163	24879	1
䈣	12 2 163	24880	1
䈤	13 2 163	24881	1
䈥	1 3 163	24882	1
䈦	2 3 163	24883	1
䈧	3 3 163	24884	1
䈨	4 3 163	24885	1
䈩	5 3 163	24886	1
䈪	6 3 163	24887	1
䈫	7 3 163	24888	1
䈬	8 3 163	24889	1
䈭	9 3 163	24890	1
䈮	10 3 163	24891	1
䈯	11 3 163	24892	1
䈰	12 3 163	24893	1
䈱	13 3 163	24894	1
䈲	1 4 163	24895	1
䈳	2 4 163	24896	1
䈴	3 4 163	24897	1
䈵	4 4 163	24898	1
䈶	5 4 163	24899	1
䈷	6 4 163	24900	1
䈸	7 4 163	24901	1
䈹	8 4 163	24902	1
䈺	9 4 163	24903	1
䈻	10 4 163	24904	1
䈼	11 4 163	24905	1
䈽	12 4 163	24906	1
䈾	13 4 163	24907	1
䈿	1 5 163	24908	1
䉀	2 5 163	24909	1
䉁	3 5 163	24910	1
䉂	4 5 163	24911	1
䉃	5 5 163	24912	1
䉄	6 5 163	24913	1
䉅	7 5 163	24914	1
䉆	8 5 163	24915	1
䉇	9 5 163	24916	1
䉈	10 5 163	24917	1
䉉	11 5 163	24918	1
䉊	12 5 163	24919	1
䉋	13 5 163	24920	1
䉌	1 6 163	24921	1
䉍	2 6 163	24922	1
䉎	3 6 163	24923	1
䉏	4 6 163	24924	1
䉐	5 6 163	24925	1
䉑	6 6 163	24926	1
䉒	7 6 163	24927	1
䉓	8 6 163	24928	1
䉔	9 6 163	24929	1
䉕	10 6 163	24930	1
䉖	11 6 163	24931	1
䉗	12 6 163	24932	1
䉘	13 6 163	24933	1
䉙	1 7 163	24934	1
䉚	2 7 163	24935	1
䉛	3 7 163	24936	1
䉜	4 7 163	24937	1
䉝	5 7 163	24938	1
䉞	6 7 163	24939	1
䉟	7 7 163	24940	1
䉠	8 7 163	24941	1
䉡	9 7 163	24942	1
䉢	10 7 163	24943	1
䉣	11 7 163	24944	1
䉥	12 7 163	24945	1
䉦	13 7 163	24946	1
䉧	1 8 163	24947	1
䉨	2 8 163	24948	1
䉩	3 8 163	24949	1
䉪	4 8 163	24950	1
䉫	5 8 163	24951	1
䉬	6 8 163	24952	1
䉭	7 8 163	24953	1
䉮	8 8 163	24954	1
䉯	9 8 163	24955	1
䉰	10 8 163	24956	1
䉱	11 8 163	24957	1
䉲	12 8 163	24958	1
䉳	13 8 163	24959	1
䉴	1 9 163	24960	1
䉵	2 9 163	24961	1
䉶	3 9 163	24962	1
䉷	4 9 163	24963	1
䉸	5 9 163	24964	1
䉹	6 9 163	24965	1
䉺	7 9 163	24966	1
䉻	8 9 163	24967	1
䉼	9 9 163	24968	1
䉽	10 9 163	24969	1
䉾	11 9 163	24970	1
䉿	12 9 163	24971	1
䊀	13 9 163	24972	1
䊁	1 10 163	24973	1
䊂	2 10 163	24974	1
䊃	3 10 163	24975	1
䊄	4 10 163	24976	1
䊅	5 10 163	24977	1
䊆	6 10 163	24978	1
䊇	7 10 163	24979	1
䊈	8 10 163	24980	1
䊉	9 10 163	24981	1
䊊	10 10 163	24982	1
䊋	11 10 163	24983	1
䊌	12 10 163	24984	1
䊍	13 10 163	24985	1
䊎	1 11 163	24986	1
䊏	2 11 163	24987	1
䊐	3 11 163	24988	1
䊑	4 11 163	24989	1
䊒	5 11 163	24990	1
䊓	6 11 163	24991	1
䊔	7 11 163	24992	1
䊕	8 11 163	24993	1
䊖	9 11 163	24994	1
䊗	10 11 163	24995	1
䊘	11 11 163	24996	1
䊙	12 11 163	24997	1
䊚	13 11 163	24998	1
䊛	1 12 163	24999	1
䊜	2 12 163	25000	1
䊝	3 12 163	25001	1
䊞	4 12 163	25002	1
䊟	5 12 163	25003	1
䊠	6 12 163	25004	1
䊡	7 12 163	25005	1
䊢	8 12 163	25006	1
䊣	9 12 163	25007	1
䊤	10 12 163	25008	1
䊥	11 12 163	25009	1
䊦	12 12 163	25010	1
䊧	13 12 163	25011	1
䊨	1 13 163	25012	1
䊩	2 13 163	25013	1
䊪	3 13 163	25014	1
䊫	4 13 163	25015	1
䊬	5 13 163	25016	1
䊭	6 13 163	25017	1
䊮	7 13 163	25018	1
䊯	8 13 163	25019	1
䊰	9 13 163	25020	1
䊱	10 13 163	25021	1
䊲	11 13 163	25022	1
䊳	12 13 163	25023	1
䊴	13 13 163	25024	1
䊵	1 1 164	25025	1
䊶	2 1 164	25026	1
䊷	3 1 164	25027	1
䊸	4 1 164	25028	1
䊹	5 1 164	25029	1
䊺	6 1 164	25030	1
䊻	7 1 164	25031	1
䊼	8 1 164	25032	1
䊽	9 1 164	25033	1
䊾	10 1 164	25034	1
䊿	11 1 164	25035	1
䋀	12 1 164	25036	1
䋁	13 1 164	25037	1
䋂	1 2 164	25038	1
䋃	2 2 164	25039	1
䋄	3 2 164	25040	1
䋅	4 2 164	25041	1
䋆	5 2 164	25042	1
䋇	6 2 164	25043	1
䋈	7 2 164	25044	1
䋉	8 2 164	25045	1
䋊	9 2 164	25046	1
䋋	10 2 164	25047	1
䋌	11 2 164	25048	1
䋍	12 2 164	25049	1
䋎	13 2 164	25050	1
䋏	1 3 164	25051	1
䋐	2 3 164	25052	1
䋑	3 3 164	25053	1
䋒	4 3 164	25054	1
䋓	5 3 164	25055	1
䋔	6 3 164	25056	1
䋕	7 3 164	25057	1
䋖	8 3 164	25058	1
䋗	9 3 164	25059	1
䋘	10 3 164	25060	1
䋙	11 3 164	25061	1
䋚	12 3 164	25062	1
䋛	13 3 164	25063	1
䋜	1 4 164	25064	1
䋝	2 4 164	25065	1
䋞	3 4 164	25066	1
䋟	4 4 164	25067	1
䋠	5 4 164	25068	1
䋡	6 4 164	25069	1
䋢	7 4 164	25070	1
䋣	8 4 164	25071	1
䋤	9 4 164	25072	1
䋥	10 4 164	25073	1
䋦	11 4 164	25074	1
䋧	12 4 164	25075	1
䋨	13 4 164	25076	1
䋩	1 5 164	25077	1
䋪	2 5 164	25078	1
䋫	3 5 164	25079	1
䋬	4 5 164	25080	1
䋭	5 5 164	25081	1
䋮	6 5 164	25082	1
䋯	7 5 164	25083	1
䋰	8 5 164	25084	1
䋱	9 5 164	25085	1
䋲	10 5 164	25086	1
䋳	11 5 164	25087	1
䋴	12 5 164	25088	1
䋵	13 5 164	25089	1
䋶	1 6 164	25090	1
䋷	2 6 164	25091	1
䋸	3 6 164	25092	1
䋹	4 6 164	25093	1
䋺	5 6 164	25094	1
䋻	6 6 164	25095	1
䋼	7 6 164	25096	1
䋽	8 6 164	25097	1
䋾	9 6 164	25098	1
䋿	10 6 164	25099	1
䌀	11 6 164	25100	1
䌁	12 6 164	25101	1
䌂	13 6 164	25102	1
䌃	1 7 164	25103	1
䌄	2 7 164	25104	1
䌅	3 7 164	25105	1
䌆	4 7 164	25106	1
䌇	5 7 164	25107	1
䌈	6 7 164	25108	1
䌉	7 7 164	25109	1
䌊	8 7 164	25110	1
䌋	9 7 164	25111	1
䌌	10 7 164	25112	1
䌍	11 7 164	25113	1
䌎	12 7 164	25114	1
䌏	13 7 164	25115	1
䌐	1 8 164	25116	1
䌑	2 8 164	25117	1
䌒	3 8 164	25118	1
䌓	4 8 164	25119	1
䌔	5 8 164	25120	1
䌕	6 8 164	25121	1
䌖	7 8 164	25122	1
䌗	8 8 164	25123	1
䌘	9 8 164	25124	1
䌙	10 8 164	25125	1
䌚	11 8 164	25126	1
䌛	12 8 164	25127	1
䌜	13 8 164	25128	1
䌝	1 9 164	25129	1
䌞	2 9 164	25130	1
䌟	3 9 164	25131	1
䌠	4 9 164	25132	1
䌡	5 9 164	25133	1
䌢	6 9 164	25134	1
䌣	7 9 164	25135	1
䌤	8 9 164	25136	1
䌥	9 9 164	25137	1
䌦	10 9 164	25138	1
䌧	11 9 164	25139	1
䌨	12 9 164	25140	1
䌩	13 9 164	25141	1
䌪	1 10 164	25142	1
䌬	2 10 164	25143	1
䌭	3 10 164	25144	1
䌮	4 10 164	25145	1
䌯	5 10 164	25146	1
䌰	6 10 164	25147	1
䌱	7 10 164	25148	1
䌲	8 10 164	25149	1
䌳	9 10 164	25150	1
䌴	10 10 164	25151	1
䌵	11 10 164	25152	1
䌶	12 10 164	25153	1
䌸	13 10 164	25154	1
䌹	1 11 164	25155	1
䌺	2 11 164	25156	1
䌻	3 11 164	25157	1
䌼	4 11 164	25158	1
䌽	5 11 164	25159	1
䌾	6 11 164	25160	1
䌿	7 11 164	25161	1
䍀	8 11 164	25162	1
䍂	9 11 164	25163	1
䍃	10 11 164	25164	1
䍄	11 11 164	25165	1
䍅	12 11 164	25166	1
䍆	13 11 164	25167	1
䍇	1 12 164	25168	1
䍈	2 12 164	25169	1
䍉	3 12 164	25170	1
䍊	4 12 164	25171	1
䍋	5 12 164	25172	1
䍌	6 12 164	25173	1
䍍	7 12 164	25174	1
䍎	8 12 164	25175	1
䍏	9 12 164	25176	1
䍐	10 12 164	25177	1
䍑	11 12 164	25178	1
䍒	12 12 164	25179	1
䍓	13 12 164	25180	1
䍔	1 13 164	25181	1
䍕	2 13 164	25182	1
䍖	3 13 164	25183	1
䍗	4 13 164	25184	1
䍘	5 13 164	25185	1
䍙	6 13 164	25186	1
䍚	7 13 164	25187	1
䍛	8 13 164	25188	1
䍜	9 13 164	25189	1
䍝	10 13 164	25190	1
䍞	11 13 164	25191	1
䍟	12 13 164	25192	1
䍠	13 13 164	25193	1
䍡	1 1 165	25194	1
䍢	2 1 165	25195	1
䍣	3 1 165	25196	1
䍤	4 1 165	25197	1
䍥	5 1 165	25198	1
䍦	6 1 165	25199	1
䍧	7 1 165	25200	1
䍨	8 1 165	25201	1
䍩	9 1 165	25202	1
䍪	10 1 165	25203	1
䍫	11 1 165	25204	1
䍬	12 1 165	25205	1
䍭	13 1 165	25206	1
䍮	1 2 165	25207	1
䍯	2 2 165	25208	1
䍰	3 2 165	25209	1
䍱	4 2 165	25210	1
䍲	5 2 165	25211	1
䍳	6 2 165	25212	1
䍴	7 2 165	25213	1
䍵	8 2 165	25214	1
䍶	9 2 165	25215	1
䍷	10 2 165	25216	1
䍸	11 2 165	25217	1
䍹	12 2 165	25218	1
䍺	13 2 165	25219	1
䍻	1 3 165	25220	1
䍼	2 3 165	25221	1
䍽	3 3 165	25222	1
䍾	4 3 165	25223	1
䍿	5 3 165	25224	1
䎀	6 3 165	25225	1
䎁	7 3 165	25226	1
䎂	8 3 165	25227	1
䎃	9 3 165	25228	1
䎄	10 3 165	25229	1
䎅	11 3 165	25230	1
䎆	12 3 165	25231	1
䎇	13 3 165	25232	1
䎈	1 4 165	25233	1
䎉	2 4 165	25234	1
䎊	3 4 165	25235	1
䎋	4 4 165	25236	1
䎌	5 4 165	25237	1
䎍	6 4 165	25238	1
䎎	7 4 165	25239	1
䎏	8 4 165	25240	1
䎐	9 4 165	25241	1
䎑	10 4 165	25242	1
䎒	11 4 165	25243	1
䎓	12 4 165	25244	1
䎔	13 4 165	25245	1
䎕	1 5 165	25246	1
䎖	2 5 165	25247	1
䎗	3 5 165	25248	1
䎘	4 5 165	25249	1
䎙	5 5 165	25250	1
䎚	6 5 165	25251	1
䎛	7 5 165	25252	1
䎜	8 5 165	25253	1
䎝	9 5 165	25254	1
䎞	10 5 165	25255	1
䎟	11 5 165	25256	1
䎠	12 5 165	25257	1
䎡	13 5 165	25258	1
䎢	1 6 165	25259	1
䎣	2 6 165	25260	1
䎤	3 6 165	25261	1
䎥	4 6 165	25262	1
䎦	5 6 165	25263	1
䎧	6 6 165	25264	1
䎨	7 6 165	25265	1
䎩	8 6 165	25266	1
䎪	9 6 165	25267	1
䎫	10 6 165	25268	1
䎬	11 6 165	25269	1
䎭	12 6 165	25270	1
䎮	13 6 165	25271	1
䎯	1 7 165	25272	1
䎰	2 7 165	25273	1
䎱	3 7 165	25274	1
䎲	4 7 165	25275	1
䎳	5 7 165	25276	1
䎴	6 7 165	25277	1
䎵	7 7 165	25278	1
䎶	8 7 165	25279	1
䎷	9 7 165	25280	1
䎸	10 7 165	25281	1
䎹	11 7 165	25282	1
䎺	12 7 165	25283	1
䎻	13 7 165	25284	1
䎼	1 8 165	25285	1
䎽	2 8 165	25286	1
䎾	3 8 165	25287	1
䎿	4 8 165	25288	1
䏀	5 8 165	25289	1
䏁	6 8 165	25290	1
䏂	7 8 165	25291	1
䏃	8 8 165	25292	1
䏄	9 8 165	25293	1
䏅	10 8 165	25294	1
䏆	11 8 165	25295	1
䏇	12 8 165	25296	1
䏈	13 8 165	25297	1
䏉	1 9 165	25298	1
䏊	2 9 165	25299	1
䏌	3 9 165	25300	1
䏍	4 9 165	25301	1
䏎	5 9 165	25302	1
䏏	6 9 165	25303	1
䏐	7 9 165	25304	1
䏑	8 9 165	25305	1
䏒	9 9 165	25306	1
䏓	10 9 165	25307	1
䏔	11 9 165	25308	1
䏕	12 9 165	25309	1
䏖	13 9 165	25310	1
䏗	1 10 165	25311	1
䏘	2 10 165	25312	1
䏙	3 10 165	25313	1
䏚	4 10 165	25314	1
䏛	5 10 165	25315	1
䏜	6 10 165	25316	1
䏝	7 10 165	25317	1
䏞	8 10 165	25318	1
䏟	9 10 165	25319	1
䏠	10 10 165	25320	1
䏡	11 10 165	25321	1
䏢	12 10 165	25322	1
䏣	13 10 165	25323	1
䏤	1 11 165	25324	1
䏥	2 11 165	25325	1
䏦	3 11 165	25326	1
䏧	4 11 165	25327	1
䏨	5 11 165	25328	1
䏩	6 11 165	25329	1
䏪	7 11 165	25330	1
䏫	8 11 165	25331	1
䏬	9 11 165	25332	1
䏭	10 11 165	25333	1
䏮	11 11 165	25334	1
䏯	12 11 165	25335	1
䏰	13 11 165	25336	1
䏱	1 12 165	25337	1
䏲	2 12 165	25338	1
䏳	3 12 165	25339	1
䏴	4 12 165	25340	1
䏵	5 12 165	25341	1
䏶	6 12 165	25342	1
䏷	7 12 165	25343	1
䏸	8 12 165	25344	1
䏹	9 12 165	25345	1
䏺	10 12 165	25346	1
䏼	11 12 165	25347	1
䏽	12 12 165	25348	1
䏾	13 12 165	25349	1
䏿	1 13 165	25350	1
䐀	2 13 165	25351	1
䐁	3 13 165	25352	1
䐂	4 13 165	25353	1
䐃	5 13 165	25354	1
䐄	6 13 165	25355	1
䐅	7 13 165	25356	1
䐆	8 13 165	25357	1
䐇	9 13 165	25358	1
䐈	10 13 165	25359	1
䐉	11 13 165	25360	1
䐊	12 13 165	25361	1
䐋	13 13 165	25362	1
䐌	1 1 166	25363	1
䐍	2 1 166	25364	1
䐎	3 1 166	25365	1
䐏	4 1 166	25366	1
䐐	5 1 166	25367	1
䐑	6 1 166	25368	1
䐒	7 1 166	25369	1
䐓	8 1 166	25370	1
䐔	9 1 166	25371	1
䐕	10 1 166	25372	1
䐖	11 1 166	25373	1
䐘	12 1 166	25374	1
䐙	13 1 166	25375	1
䐚	1 2 166	25376	1
䐛	2 2 166	25377	1
䐜	3 2 166	25378	1
䐝	4 2 166	25379	1
䐞	5 2 166	25380	1
䐟	6 2 166	25381	1
䐠	7 2 166	25382	1
䐡	8 2 166	25383	1
䐢	9 2 166	25384	1
䐣	10 2 166	25385	1
䐤	11 2 166	25386	1
䐥	12 2 166	25387	1
䐦	13 2 166	25388	1
䐧	1 3 166	25389	1
䐨	2 3 166	25390	1
䐩	3 3 166	25391	1
䐪	4 3 166	25392	1
䐫	5 3 166	25393	1
䐬	6 3 166	25394	1
䐭	7 3 166	25395	1
䐮	8 3 166	25396	1
䐯	9 3 166	25397	1
䐰	10 3 166	25398	1
䐱	11 3 166	25399	1
䐲	12 3 166	25400	1
䐳	13 3 166	25401	1
䐴	1 4 166	25402	1
䐵	2 4 166	25403	1
䐶	3 4 166	25404	1
䐷	4 4 166	25405	1
䐸	5 4 166	25406	1
䐹	6 4 166	25407	1
䐺	7 4 166	25408	1
䐻	8 4 166	25409	1
䐼	9 4 166	25410	1
䐽	10 4 166	25411	1
䐾	11 4 166	25412	1
䐿	12 4 166	25413	1
䑀	13 4 166	25414	1
䑁	1 5 166	25415	1
䑂	2 5 166	25416	1
䑃	3 5 166	25417	1
䑄	4 5 166	25418	1
䑅	5 5 166	25419	1
䑆	6 5 166	25420	1
䑇	7 5 166	25421	1
䑈	8 5 166	25422	1
䑉	9 5 166	25423	1
䑊	10 5 166	25424	1
䑋	11 5 166	25425	1
䑌	12 5 166	25426	1
䑍	13 5 166	25427	1
䑎	1 6 166	25428	1
䑏	2 6 166	25429	1
䑐	3 6 166	25430	1
䑑	4 6 166	25431	1
䑒	5 6 166	25432	1
䑓	6 6 166	25433	1
䑔	7 6 166	25434	1
䑕	8 6 166	25435	1
䑖	9 6 166	25436	1
䑗	10 6 166	25437	1
䑘	11 6 166	25438	1
䑙	12 6 166	25439	1
䑚	13 6 166	25440	1
䑛	1 7 166	25441	1
䑜	2 7 166	25442	1
䑝	3 7 166	25443	1
䑞	4 7 166	25444	1
䑟	5 7 166	25445	1
䑠	6 7 166	25446	1
䑡	7 7 166	25447	1
䑢	8 7 166	25448	1
䑣	9 7 166	25449	1
䑤	10 7 166	25450	1
䑥	11 7 166	25451	1
䑦	12 7 166	25452	1
䑧	13 7 166	25453	1
䑨	1 8 166	25454	1
䑩	2 8 166	25455	1
䑪	3 8 166	25456	1
䑫	4 8 166	25457	1
䑬	5 8 166	25458	1
䑭	6 8 166	25459	1
䑮	7 8 166	25460	1
䑯	8 8 166	25461	1
䑰	9 8 166	25462	1
䑱	10 8 166	25463	1
䑲	11 8 166	25464	1
䑳	12 8 166	25465	1
䑴	13 8 166	25466	1
䑵	1 9 166	25467	1
䑶	2 9 166	25468	1
䑷	3 9 166	25469	1
䑸	4 9 166	25470	1
䑹	5 9 166	25471	1
䑺	6 9 166	25472	1
䑻	7 9 166	25473	1
䑼	8 9 166	25474	1
䑽	9 9 166	25475	1
䑾	10 9 166	25476	1
䑿	11 9 166	25477	1
䒀	12 9 166	25478	1
䒁	13 9 166	25479	1
䒂	1 10 166	25480	1
䒃	2 10 166	25481	1
䒄	3 10 166	25482	1
䒅	4 10 166	25483	1
䒆	5 10 166	25484	1
䒇	6 10 166	25485	1
䒈	7 10 166	25486	1
䒉	8 10 166	25487	1
䒊	9 10 166	25488	1
䒋	10 10 166	25489	1
䒌	11 10 166	25490	1
䒍	12 10 166	25491	1
䒎	13 10 166	25492	1
䒑	1 11 166	25493	1
䒒	2 11 166	25494	1
䒓	3 11 166	25495	1
䒔	4 11 166	25496	1
䒕	5 11 166	25497	1
䒖	6 11 166	25498	1
䒗	7 11 166	25499	1
䒘	8 11 166	25500	1
䒙	9 11 166	25501	1
䒚	10 11 166	25502	1
䒛	11 11 166	25503	1
䒜	12 11 166	25504	1
䒝	13 11 166	25505	1
䒞	1 12 166	25506	1
䒟	2 12 166	25507	1
䒠	3 12 166	25508	1
䒡	4 12 166	25509	1
䒢	5 12 166	25510	1
䒣	6 12 166	25511	1
䒤	7 12 166	25512	1
䒥	8 12 166	25513	1
䒦	9 12 166	25514	1
䒧	10 12 166	25515	1
䒨	11 12 166	25516	1
䒩	12 12 166	25517	1
䒪	13 12 166	25518	1
䒫	1 13 166	25519	1
䒬	2 13 166	25520	1
䒮	3 13 166	25521	1
䒯	4 13 166	25522	1
䒰	5 13 166	25523	1
䒱	6 13 166	25524	1
䒲	7 13 166	25525	1
䒳	8 13 166	25526	1
䒴	9 13 166	25527	1
䒵	10 13 166	25528	1
䒶	11 13 166	25529	1
䒷	12 13 166	25530	1
䒸	13 13 166	25531	1
䒹	1 1 167	25532	1
䒺	2 1 167	25533	1
䒻	3 1 167	25534	1
䒼	4 1 167	25535	1
䒽	5 1 167	25536	1
䒾	6 1 167	25537	1
䒿	7 1 167	25538	1
䓀	8 1 167	25539	1
䓂	9 1 167	25540	1
䓃	10 1 167	25541	1
䓄	11 1 167	25542	1
䓅	12 1 167	25543	1
䓆	13 1 167	25544	1
䓈	1 2 167	25545	1
䓉	2 2 167	25546	1
䓊	3 2 167	25547	1
䓋	4 2 167	25548	1
䓌	5 2 167	25549	1
䓍	6 2 167	25550	1
䓎	7 2 167	25551	1
䓏	8 2 167	25552	1
䓐	9 2 167	25553	1
䓑	10 2 167	25554	1
䓒	11 2 167	25555	1
䓓	12 2 167	25556	1
䓔	13 2 167	25557	1
䓖	1 3 167	25558	1
䓗	2 3 167	25559	1
䓘	3 3 167	25560	1
䓙	4 3 167	25561	1
䓚	5 3 167	25562	1
䓛	6 3 167	25563	1
䓜	7 3 167	25564	1
䓝	8 3 167	25565	1
䓞	9 3 167	25566	1
䓠	10 3 167	25567	1
䓡	11 3 167	25568	1
䓢	12 3 167	25569	1
䓣	13 3 167	25570	1
䓤	1 4 167	25571	1
䓥	2 4 167	25572	1
䓦	3 4 167	25573	1
䓧	4 4 167	25574	1
䓨	5 4 167	25575	1
䓩	6 4 167	25576	1
䓪	7 4 167	25577	1
䓫	8 4 167	25578	1
䓬	9 4 167	25579	1
䓭	10 4 167	25580	1
䓮	11 4 167	25581	1
䓯	12 4 167	25582	1
䓰	13 4 167	25583	1
䓱	1 5 167	25584	1
䓲	2 5 167	25585	1
䓳	3 5 167	25586	1
䓴	4 5 167	25587	1
䓵	5 5 167	25588	1
䓶	6 5 167	25589	1
䓷	7 5 167	25590	1
䓸	8 5 167	25591	1
䓹	9 5 167	25592	1
䓺	10 5 167	25593	1
䓻	11 5 167	25594	1
䓼	12 5 167	25595	1
䓽	13 5 167	25596	1
䓾	1 6 167	25597	1
䓿	2 6 167	25598	1
䔀	3 6 167	25599	1
䔁	4 6 167	25600	1
䔂	5 6 167	25601	1
䔃	6 6 167	25602	1
䔄	7 6 167	25603	1
䔅	8 6 167	25604	1
䔆	9 6 167	25605	1
䔇	10 6 167	25606	1
䔈	11 6 167	25607	1
䔉	12 6 167	25608	1
䔊	13 6 167	25609	1
䔋	1 7 167	25610	1
䔌	2 7 167	25611	1
䔍	3 7 167	25612	1
䔎	4 7 167	25613	1
䔏	5 7 167	25614	1
䔐	6 7 167	25615	1
䔑	7 7 167	25616	1
䔒	8 7 167	25617	1
䔓	9 7 167	25618	1
䔔	10 7 167	25619	1
䔕	11 7 167	25620	1
䔖	12 7 167	25621	1
䔗	13 7 167	25622	1
䔘	1 8 167	25623	1
䔙	2 8 167	25624	1
䔚	3 8 167	25625	1
䔛	4 8 167	25626	1
䔜	5 8 167	25627	1
䔝	6 8 167	25628	1
䔞	7 8 167	25629	1
䔟	8 8 167	25630	1
䔠	9 8 167	25631	1
䔡	10 8 167	25632	1
䔢	11 8 167	25633	1
䔣	12 8 167	25634	1
䔤	13 8 167	25635	1
䔦	1 9 167	25636	1
䔧	2 9 167	25637	1
䔨	3 9 167	25638	1
䔩	4 9 167	25639	1
䔪	5 9 167	25640	1
䔫	6 9 167	25641	1
䔬	7 9 167	25642	1
䔭	8 9 167	25643	1
䔮	9 9 167	25644	1
䔯	10 9 167	25645	1
䔰	11 9 167	25646	1
䔱	12 9 167	25647	1
䔲	13 9 167	25648	1
䔳	1 10 167	25649	1
䔴	2 10 167	25650	1
䔵	3 10 167	25651	1
䔶	4 10 167	25652	1
䔷	5 10 167	25653	1
䔸	6 10 167	25654	1
䔹	7 10 167	25655	1
䔺	8 10 167	25656	1
䔻	9 10 167	25657	1
䔼	10 10 167	25658	1
䔽	11 10 167	25659	1
䔾	12 10 167	25660	1
䔿	13 10 167	25661	1
䕀	1 11 167	25662	1
䕁	2 11 167	25663	1
䕂	3 11 167	25664	1
䕃	4 11 167	25665	1
䕄	5 11 167	25666	1
䕅	6 11 167	25667	1
䕆	7 11 167	25668	1
䕇	8 11 167	25669	1
䕈	9 11 167	25670	1
䕉	10 11 167	25671	1
䕊	11 11 167	25672	1
䕋	12 11 167	25673	1
䕌	13 11 167	25674	1
䕍	1 12 167	25675	1
䕎	2 12 167	25676	1
䕏	3 12 167	25677	1
䕐	4 12 167	25678	1
䕑	5 12 167	25679	1
䕒	6 12 167	25680	1
䕓	7 12 167	25681	1
䕔	8 12 167	25682	1
䕕	9 12 167	25683	1
䕖	10 12 167	25684	1
䕗	11 12 167	25685	1
䕘	12 12 167	25686	1
䕙	13 12 167	25687	1
䕚	1 13 167	25688	1
䕛	2 13 167	25689	1
䕜	3 13 167	25690	1
䕝	4 13 167	25691	1
䕞	5 13 167	25692	1
䕟	6 13 167	25693	1
䕠	7 13 167	25694	1
䕡	8 13 167	25695	1
䕢	9 13 167	25696	1
䕣	10 13 167	25697	1
䕤	11 13 167	25698	1
䕥	12 13 167	25699	1
䕦	13 13 167	25700	1
䕧	1 1 168	25701	1
䕨	2 1 168	25702	1
䕩	3 1 168	25703	1
䕪	4 1 168	25704	1
䕫	5 1 168	25705	1
䕬	6 1 168	25706	1
䕭	7 1 168	25707	1
䕮	8 1 168	25708	1
䕯	9 1 168	25709	1
䕰	10 1 168	25710	1
䕱	11 1 168	25711	1
䕲	12 1 168	25712	1
䕳	13 1 168	25713	1
䕴	1 2 168	25714	1
䕵	2 2 168	25715	1
䕶	3 2 168	25716	1
䕷	4 2 168	25717	1
䕸	5 2 168	25718	1
䕹	6 2 168	25719	1
䕺	7 2 168	25720	1
䕻	8 2 168	25721	1
䕼	9 2 168	25722	1
䕽	10 2 168	25723	1
䕾	11 2 168	25724	1
䕿	12 2 168	25725	1
䖀	13 2 168	25726	1
䖁	1 3 168	25727	1
䖂	2 3 168	25728	1
䖃	3 3 168	25729	1
䖄	4 3 168	25730	1
䖅	5 3 168	25731	1
䖆	6 3 168	25732	1
䖇	7 3 168	25733	1
䖈	8 3 168	25734	1
䖉	9 3 168	25735	1
䖊	10 3 168	25736	1
䖋	11 3 168	25737	1
䖌	12 3 168	25738	1
䖍	13 3 168	25739	1
䖎	1 4 168	25740	1
䖏	2 4 168	25741	1
䖐	3 4 168	25742	1
䖑	4 4 168	25743	1
䖒	5 4 168	25744	1
䖓	6 4 168	25745	1
䖔	7 4 168	25746	1
䖕	8 4 168	25747	1
䖖	9 4 168	25748	1
䖗	10 4 168	25749	1
䖘	11 4 168	25750	1
䖙	12 4 168	25751	1
䖚	13 4 168	25752	1
䖛	1 5 168	25753	1
䖜	2 5 168	25754	1
䖝	3 5 168	25755	1
䖞	4 5 168	25756	1
䖟	5 5 168	25757	1
䖠	6 5 168	25758	1
䖡	7 5 168	25759	1
䖢	8 5 168	25760	1
䖣	9 5 168	25761	1
䖤	10 5 168	25762	1
䖥	11 5 168	25763	1
䖦	12 5 168	25764	1
䖧	13 5 168	25765	1
䖨	1 6 168	25766	1
䖩	2 6 168	25767	1
䖪	3 6 168	25768	1
䖫	4 6 168	25769	1
䖬	5 6 168	25770	1
䖭	6 6 168	25771	1
䖮	7 6 168	25772	1
䖯	8 6 168	25773	1
䖰	9 6 168	25774	1
䖱	10 6 168	25775	1
䖲	11 6 168	25776	1
䖳	12 6 168	25777	1
䖴	13 6 168	25778	1
䖵	1 7 168	25779	1
䖶	2 7 168	25780	1
䖷	3 7 168	25781	1
䖸	4 7 168	25782	1
䖹	5 7 168	25783	1
䖺	6 7 168	25784	1
䖻	7 7 168	25785	1
䖼	8 7 168	25786	1
䖽	9 7 168	25787	1
䖾	10 7 168	25788	1
䖿	11 7 168	25789	1
䗀	12 7 168	25790	1
䗁	13 7 168	25791	1
䗂	1 8 168	25792	1
䗃	2 8 168	25793	1
䗄	3 8 168	25794	1
䗅	4 8 168	25795	1
䗆	5 8 168	25796	1
䗇	6 8 168	25797	1
䗈	7 8 168	25798	1
䗉	8 8 168	25799	1
䗊	9 8 168	25800	1
䗋	10 8 168	25801	1
䗌	11 8 168	25802	1
䗍	12 8 168	25803	1
䗎	13 8 168	25804	1
䗏	1 9 168	25805	1
䗐	2 9 168	25806	1
䗑	3 9 168	25807	1
䗒	4 9 168	25808	1
䗓	5 9 168	25809	1
䗔	6 9 168	25810	1
䗕	7 9 168	25811	1
䗖	8 9 168	25812	1
䗗	9 9 168	25813	1
䗘	10 9 168	25814	1
䗙	11 9 168	25815	1
䗚	12 9 168	25816	1
䗛	13 9 168	25817	1
䗜	1 10 168	25818	1
䗝	2 10 168	25819	1
䗞	3 10 168	25820	1
䗟	4 10 168	25821	1
䗠	5 10 168	25822	1
䗡	6 10 168	25823	1
䗢	7 10 168	25824	1
䗣	8 10 168	25825	1
䗤	9 10 168	25826	1
䗥	10 10 168	25827	1
䗦	11 10 168	25828	1
䗧	12 10 168	25829	1
䗨	13 10 168	25830	1
䗩	1 11 168	25831	1
䗪	2 11 168	25832	1
䗫	3 11 168	25833	1
䗬	4 11 168	25834	1
䗭	5 11 168	25835	1
䗮	6 11 168	25836	1
䗯	7 11 168	25837	1
䗰	8 11 168	25838	1
䗱	9 11 168	25839	1
䗲	10 11 168	25840	1
䗳	11 11 168	25841	1
䗴	12 11 168	25842	1
䗵	13 11 168	25843	1
䗶	1 12 168	25844	1
䗷	2 12 168	25845	1
䗸	3 12 168	25846	1
䗹	4 12 168	25847	1
䗺	5 12 168	25848	1
䗻	6 12 168	25849	1
䗼	7 12 168	25850	1
䗽	8 12 168	25851	1
䗾	9 12 168	25852	1
䗿	10 12 168	25853	1
䘀	11 12 168	25854	1
䘁	12 12 168	25855	1
䘂	13 12 168	25856	1
䘃	1 13 168	25857	1
䘄	2 13 168	25858	1
䘅	3 13 168	25859	1
䘆	4 13 168	25860	1
䘇	5 13 168	25861	1
䘈	6 13 168	25862	1
䘉	7 13 168	25863	1
䘊	8 13 168	25864	1
䘋	9 13 168	25865	1
䘌	10 13 168	25866	1
䘍	11 13 168	25867	1
䘎	12 13 168	25868	1
䘏	13 13 168	25869	1
䘐	1 1 170	25870	1
䘑	2 1 170	25871	1
䘒	3 1 170	25872	1
䘓	4 1 170	25873	1
䘔	5 1 170	25874	1
䘕	6 1 170	25875	1
䘖	7 1 170	25876	1
䘗	8 1 170	25877	1
䘘	9 1 170	25878	1
䘙	10 1 170	25879	1
䘚	11 1 170	25880	1
䘛	12 1 170	25881	1
䘜	13 1 170	25882	1
䘝	1 2 170	25883	1
䘞	2 2 170	25884	1
䘟	3 2 170	25885	1
䘠	4 2 170	25886	1
䘡	5 2 170	25887	1
䘢	6 2 170	25888	1
䘣	7 2 170	25889	1
䘤	8 2 170	25890	1
䘥	9 2 170	25891	1
䘦	10 2 170	25892	1
䘧	11 2 170	25893	1
䘨	12 2 170	25894	1
䘩	13 2 170	25895	1
䘪	1 3 170	25896	1
䘫	2 3 170	25897	1
䘬	3 3 170	25898	1
䘭	4 3 170	25899	1
䘮	5 3 170	25900	1
䘯	6 3 170	25901	1
䘰	7 3 170	25902	1
䘱	8 3 170	25903	1
䘲	9 3 170	25904	1
䘳	10 3 170	25905	1
䘴	11 3 170	25906	1
䘵	12 3 170	25907	1
䘶	13 3 170	25908	1
䘷	1 4 170	25909	1
䘸	2 4 170	25910	1
䘹	3 4 170	25911	1
䘺	4 4 170	25912	1
䘻	5 4 170	25913	1
䘼	6 4 170	25914	1
䘽	7 4 170	25915	1
䘾	8 4 170	25916	1
䘿	9 4 170	25917	1
䙀	10 4 170	25918	1
䙁	11 4 170	25919	1
䙂	12 4 170	25920	1
䙃	13 4 170	25921	1
䙄	1 5 170	25922	1
䙅	2 5 170	25923	1
䙆	3 5 170	25924	1
䙇	4 5 170	25925	1
䙈	5 5 170	25926	1
䙉	6 5 170	25927	1
䙊	7 5 170	25928	1
䙋	8 5 170	25929	1
䙌	9 5 170	25930	1
䙍	10 5 170	25931	1
䙎	11 5 170	25932	1
䙏	12 5 170	25933	1
䙐	13 5 170	25934	1
䙑	1 6 170	25935	1
䙒	2 6 170	25936	1
䙓	3 6 170	25937	1
䙔	4 6 170	25938	1
䙕	5 6 170	25939	1
䙖	6 6 170	25940	1
䙗	7 6 170	25941	1
䙘	8 6 170	25942	1
䙙	9 6 170	25943	1
䙚	10 6 170	25944	1
䙛	11 6 170	25945	1
䙜	12 6 170	25946	1
䙝	13 6 170	25947	1
䙞	1 7 170	25948	1
䙟	2 7 170	25949	1
䙠	3 7 170	25950	1
䙡	4 7 170	25951	1
䙢	5 7 170	25952	1
䙣	6 7 170	25953	1
䙤	7 7 170	25954	1
䙥	8 7 170	25955	1
䙦	9 7 170	25956	1
䙧	10 7 170	25957	1
䙨	11 7 170	25958	1
䙩	12 7 170	25959	1
䙪	13 7 170	25960	1
䙫	1 8 170	25961	1
䙬	2 8 170	25962	1
䙭	3 8 170	25963	1
䙮	4 8 170	25964	1
䙯	5 8 170	25965	1
䙰	6 8 170	25966	1
䙱	7 8 170	25967	1
䙲	8 8 170	25968	1
䙳	9 8 170	25969	1
䙴	10 8 170	25970	1
䙵	11 8 170	25971	1
䙶	12 8 170	25972	1
䙷	13 8 170	25973	1
䙸	1 9 170	25974	1
䙹	2 9 170	25975	1
䙺	3 9 170	25976	1
䙻	4 9 170	25977	1
䙼	5 9 170	25978	1
䙽	6 9 170	25979	1
䙾	7 9 170	25980	1
䙿	8 9 170	25981	1
䚀	9 9 170	25982	1
䚁	10 9 170	25983	1
䚂	11 9 170	25984	1
䚃	12 9 170	25985	1
䚄	13 9 170	25986	1
䚅	1 10 170	25987	1
䚆	2 10 170	25988	1
䚇	3 10 170	25989	1
䚈	4 10 170	25990	1
䚉	5 10 170	25991	1
䚊	6 10 170	25992	1
䚋	7 10 170	25993	1
䚌	8 10 170	25994	1
䚍	9 10 170	25995	1
䚎	10 10 170	25996	1
䚏	11 10 170	25997	1
䚐	12 10 170	25998	1
䚑	13 10 170	25999	1
䚒	1 11 170	26000	1
䚓	2 11 170	26001	1
䚔	3 11 170	26002	1
䚕	4 11 170	26003	1
䚖	5 11 170	26004	1
䚗	6 11 170	26005	1
䚘	7 11 170	26006	1
䚙	8 11 170	26007	1
䚚	9 11 170	26008	1
䚛	10 11 170	26009	1
䚜	11 11 170	26010	1
䚝	12 11 170	26011	1
䚞	13 11 170	26012	1
䚟	1 12 170	26013	1
䚠	2 12 170	26014	1
䚡	3 12 170	26015	1
䚢	4 12 170	26016	1
䚣	5 12 170	26017	1
䚤	6 12 170	26018	1
䚥	7 12 170	26019	1
䚦	8 12 170	26020	1
䚧	9 12 170	26021	1
䚨	10 12 170	26022	1
䚩	11 12 170	26023	1
䚪	12 12 170	26024	1
䚫	13 12 170	26025	1
䚬	1 13 170	26026	1
䚭	2 13 170	26027	1
䚮	3 13 170	26028	1
䚯	4 13 170	26029	1
䚰	5 13 170	26030	1
䚱	6 13 170	26031	1
䚲	7 13 170	26032	1
䚳	8 13 170	26033	1
䚴	9 13 170	26034	1
䚵	10 13 170	26035	1
䚶	11 13 170	26036	1
䚷	12 13 170	26037	1
䚸	13 13 170	26038	1
䚹	1 1 171	26039	1
䚺	2 1 171	26040	1
䚻	3 1 171	26041	1
䚼	4 1 171	26042	1
䚽	5 1 171	26043	1
䚾	6 1 171	26044	1
䚿	7 1 171	26045	1
䛀	8 1 171	26046	1
䛁	9 1 171	26047	1
䛂	10 1 171	26048	1
䛃	11 1 171	26049	1
䛄	12 1 171	26050	1
䛅	13 1 171	26051	1
䛆	1 2 171	26052	1
䛇	2 2 171	26053	1
䛈	3 2 171	26054	1
䛉	4 2 171	26055	1
䛊	5 2 171	26056	1
䛋	6 2 171	26057	1
䛌	7 2 171	26058	1
䛍	8 2 171	26059	1
䛎	9 2 171	26060	1
䛏	10 2 171	26061	1
䛐	11 2 171	26062	1
䛑	12 2 171	26063	1
䛓	13 2 171	26064	1
䛔	1 3 171	26065	1
䛕	2 3 171	26066	1
䛖	3 3 171	26067	1
䛗	4 3 171	26068	1
䛘	5 3 171	26069	1
䛙	6 3 171	26070	1
䛚	7 3 171	26071	1
䛛	8 3 171	26072	1
䛜	9 3 171	26073	1
䛝	10 3 171	26074	1
䛞	11 3 171	26075	1
䛟	12 3 171	26076	1
䛠	13 3 171	26077	1
䛡	1 4 171	26078	1
䛢	2 4 171	26079	1
䛣	3 4 171	26080	1
䛤	4 4 171	26081	1
䛥	5 4 171	26082	1
䛦	6 4 171	26083	1
䛧	7 4 171	26084	1
䛨	8 4 171	26085	1
䛩	9 4 171	26086	1
䛪	10 4 171	26087	1
䛫	11 4 171	26088	1
䛬	12 4 171	26089	1
䛭	13 4 171	26090	1
䛮	1 5 171	26091	1
䛯	2 5 171	26092	1
䛰	3 5 171	26093	1
䛱	4 5 171	26094	1
䛲	5 5 171	26095	1
䛳	6 5 171	26096	1
䛴	7 5 171	26097	1
䛵	8 5 171	26098	1
䛶	9 5 171	26099	1
䛷	10 5 171	26100	1
䛸	11 5 171	26101	1
䛹	12 5 171	26102	1
䛺	13 5 171	26103	1
䛻	1 6 171	26104	1
䛼	2 6 171	26105	1
䛽	3 6 171	26106	1
䛾	4 6 171	26107	1
䛿	5 6 171	26108	1
䜀	6 6 171	26109	1
䜁	7 6 171	26110	1
䜂	8 6 171	26111	1
䜃	9 6 171	26112	1
䜄	10 6 171	26113	1
䜅	11 6 171	26114	1
䜆	12 6 171	26115	1
䜇	13 6 171	26116	1
䜈	1 7 171	26117	1
䜉	2 7 171	26118	1
䜊	3 7 171	26119	1
䜋	4 7 171	26120	1
䜌	5 7 171	26121	1
䜍	6 7 171	26122	1
䜎	7 7 171	26123	1
䜏	8 7 171	26124	1
䜐	9 7 171	26125	1
䜑	10 7 171	26126	1
䜒	11 7 171	26127	1
䜓	12 7 171	26128	1
䜔	13 7 171	26129	1
䜕	1 8 171	26130	1
䜖	2 8 171	26131	1
䜗	3 8 171	26132	1
䜘	4 8 171	26133	1
䜙	5 8 171	26134	1
䜚	6 8 171	26135	1
䜛	7 8 171	26136	1
䜜	8 8 171	26137	1
䜝	9 8 171	26138	1
䜞	10 8 171	26139	1
䜟	11 8 171	26140	1
䜠	12 8 171	26141	1
䜡	13 8 171	26142	1
䜢	1 9 171	26143	1
䜤	2 9 171	26144	1
䜥	3 9 171	26145	1
䜦	4 9 171	26146	1
䜧	5 9 171	26147	1
䜨	6 9 171	26148	1
䜩	7 9 171	26149	1
䜪	8 9 171	26150	1
䜫	9 9 171	26151	1
䜬	10 9 171	26152	1
䜭	11 9 171	26153	1
䜮	12 9 171	26154	1
䜯	13 9 171	26155	1
䜰	1 10 171	26156	1
䜱	2 10 171	26157	1
䜲	3 10 171	26158	1
䜳	4 10 171	26159	1
䜴	5 10 171	26160	1
䜵	6 10 171	26161	1
䜶	7 10 171	26162	1
䜷	8 10 171	26163	1
䜸	9 10 171	26164	1
䜹	10 10 171	26165	1
䜺	11 10 171	26166	1
䜻	12 10 171	26167	1
䜼	13 10 171	26168	1
䜽	1 11 171	26169	1
䜾	2 11 171	26170	1
䜿	3 11 171	26171	1
䝀	4 11 171	26172	1
䝁	5 11 171	26173	1
䝂	6 11 171	26174	1
䝃	7 11 171	26175	1
䝄	8 11 171	26176	1
䝅	9 11 171	26177	1
䝆	10 11 171	26178	1
䝇	11 11 171	26179	1
䝈	12 11 171	26180	1
䝉	13 11 171	26181	1
䝊	1 12 171	26182	1
䝋	2 12 171	26183	1
䝌	3 12 171	26184	1
䝍	4 12 171	26185	1
䝎	5 12 171	26186	1
䝏	6 12 171	26187	1
䝐	7 12 171	26188	1
䝑	8 12 171	26189	1
䝒	9 12 171	26190	1
䝓	10 12 171	26191	1
䝔	11 12 171	26192	1
䝕	12 12 171	26193	1
䝖	13 12 171	26194	1
䝗	1 13 171	26195	1
䝘	2 13 171	26196	1
䝙	3 13 171	26197	1
䝚	4 13 171	26198	1
䝛	5 13 171	26199	1
䝜	6 13 171	26200	1
䝝	7 13 171	26201	1
䝞	8 13 171	26202	1
䝟	9 13 171	26203	1
䝠	10 13 171	26204	1
䝡	11 13 171	26205	1
䝢	12 13 171	26206	1
䝣	13 13 171	26207	1
䝤	1 1 172	26208	1
䝥	2 1 172	26209	1
䝦	3 1 172	26210	1
䝧	4 1 172	26211	1
䝨	5 1 172	26212	1
䝩	6 1 172	26213	1
䝪	7 1 172	26214	1
䝫	8 1 172	26215	1
䝬	9 1 172	26216	1
䝭	10 1 172	26217	1
䝮	11 1 172	26218	1
䝯	12 1 172	26219	1
䝰	13 1 172	26220	1
䝱	1 2 172	26221	1
䝲	2 2 172	26222	1
䝳	3 2 172	26223	1
䝴	4 2 172	26224	1
䝵	5 2 172	26225	1
䝶	6 2 172	26226	1
䝷	7 2 172	26227	1
䝸	8 2 172	26228	1
䝹	9 2 172	26229	1
䝺	10 2 172	26230	1
䝻	11 2 172	26231	1
䝼	12 2 172	26232	1
䝽	13 2 172	26233	1
䝾	1 3 172	26234	1
䝿	2 3 172	26235	1
䞀	3 3 172	26236	1
䞁	4 3 172	26237	1
䞂	5 3 172	26238	1
䞃	6 3 172	26239	1
䞄	7 3 172	26240	1
䞅	8 3 172	26241	1
䞆	9 3 172	26242	1
䞇	10 3 172	26243	1
䞈	11 3 172	26244	1
䞉	12 3 172	26245	1
䞊	13 3 172	26246	1
䞋	1 4 172	26247	1
䞌	2 4 172	26248	1
䞍	3 4 172	26249	1
䞎	4 4 172	26250	1
䞏	5 4 172	26251	1
䞐	6 4 172	26252	1
䞑	7 4 172	26253	1
䞒	8 4 172	26254	1
䞓	9 4 172	26255	1
䞔	10 4 172	26256	1
䞕	11 4 172	26257	1
䞖	12 4 172	26258	1
䞗	13 4 172	26259	1
䞘	1 5 172	26260	1
䞙	2 5 172	26261	1
䞚	3 5 172	26262	1
䞛	4 5 172	26263	1
䞜	5 5 172	26264	1
䞝	6 5 172	26265	1
䞞	7 5 172	26266	1
䞟	8 5 172	26267	1
䞠	9 5 172	26268	1
䞡	10 5 172	26269	1
䞢	11 5 172	26270	1
䞣	12 5 172	26271	1
䞤	13 5 172	26272	1
䞥	1 6 172	26273	1
䞦	2 6 172	26274	1
䞧	3 6 172	26275	1
䞨	4 6 172	26276	1
䞩	5 6 172	26277	1
䞪	6 6 172	26278	1
䞫	7 6 172	26279	1
䞬	8 6 172	26280	1
䞭	9 6 172	26281	1
䞮	10 6 172	26282	1
䞯	11 6 172	26283	1
䞰	12 6 172	26284	1
䞱	13 6 172	26285	1
䞲	1 7 172	26286	1
䞳	2 7 172	26287	1
䞴	3 7 172	26288	1
䞵	4 7 172	26289	1
䞶	5 7 172	26290	1
䞷	6 7 172	26291	1
䞸	7 7 172	26292	1
䞹	8 7 172	26293	1
䞺	9 7 172	26294	1
䞻	10 7 172	26295	1
䞼	11 7 172	26296	1
䞽	12 7 172	26297	1
䞾	13 7 172	26298	1
䞿	1 8 172	26299	1
䟀	2 8 172	26300	1
䟁	3 8 172	26301	1
䟂	4 8 172	26302	1
䟃	5 8 172	26303	1
䟄	6 8 172	26304	1
䟅	7 8 172	26305	1
䟆	8 8 172	26306	1
䟇	9 8 172	26307	1
䟈	10 8 172	26308	1
䟉	11 8 172	26309	1
䟊	12 8 172	26310	1
䟋	13 8 172	26311	1
䟌	1 9 172	26312	1
䟍	2 9 172	26313	1
䟎	3 9 172	26314	1
䟏	4 9 172	26315	1
䟐	5 9 172	26316	1
䟑	6 9 172	26317	1
䟒	7 9 172	26318	1
䟓	8 9 172	26319	1
䟔	9 9 172	26320	1
䟕	10 9 172	26321	1
䟖	11 9 172	26322	1
䟗	12 9 172	26323	1
䟘	13 9 172	26324	1
䟙	1 10 172	26325	1
䟚	2 10 172	26326	1
䟛	3 10 172	26327	1
䟜	4 10 172	26328	1
䟝	5 10 172	26329	1
䟞	6 10 172	26330	1
䟟	7 10 172	26331	1
䟠	8 10 172	26332	1
䟡	9 10 172	26333	1
䟢	10 10 172	26334	1
䟣	11 10 172	26335	1
䟤	12 10 172	26336	1
䟥	13 10 172	26337	1
䟦	1 11 172	26338	1
䟧	2 11 172	26339	1
䟨	3 11 172	26340	1
䟩	4 11 172	26341	1
䟪	5 11 172	26342	1
䟫	6 11 172	26343	1
䟬	7 11 172	26344	1
䟭	8 11 172	26345	1
䟮	9 11 172	26346	1
䟯	10 11 172	26347	1
䟰	11 11 172	26348	1
䟱	12 11 172	26349	1
䟲	13 11 172	26350	1
䟳	1 12 172	26351	1
䟴	2 12 172	26352	1
䟵	3 12 172	26353	1
䟶	4 12 172	26354	1
䟷	5 12 172	26355	1
䟸	6 12 172	26356	1
䟹	7 12 172	26357	1
䟺	8 12 172	26358	1
䟻	9 12 172	26359	1
䟼	10 12 172	26360	1
䟽	11 12 172	26361	1
䟾	12 12 172	26362	1
䟿	13 12 172	26363	1
䠀	1 13 172	26364	1
䠁	2 13 172	26365	1
䠂	3 13 172	26366	1
䠃	4 13 172	26367	1
䠄	5 13 172	26368	1
䠅	6 13 172	26369	1
䠆	7 13 172	26370	1
䠇	8 13 172	26371	1
䠈	9 13 172	26372	1
䠉	10 13 172	26373	1
䠊	11 13 172	26374	1
䠋	12 13 172	26375	1
䠌	13 13 172	26376	1
䠍	1 1 173	26377	1
䠎	2 1 173	26378	1
䠏	3 1 173	26379	1
䠐	4 1 173	26380	1
䠑	5 1 173	26381	1
䠒	6 1 173	26382	1
䠓	7 1 173	26383	1
䠔	8 1 173	26384	1
䠕	9 1 173	26385	1
䠖	10 1 173	26386	1
䠗	11 1 173	26387	1
䠘	12 1 173	26388	1
䠙	13 1 173	26389	1
䠚	1 2 173	26390	1
䠛	2 2 173	26391	1
䠜	3 2 173	26392	1
䠝	4 2 173	26393	1
䠞	5 2 173	26394	1
䠟	6 2 173	26395	1
䠠	7 2 173	26396	1
䠡	8 2 173	26397	1
䠢	9 2 173	26398	1
䠣	10 2 173	26399	1
䠤	11 2 173	26400	1
䠥	12 2 173	26401	1
䠦	13 2 173	26402	1
䠧	1 3 173	26403	1
䠨	2 3 173	26404	1
䠩	3 3 173	26405	1
䠪	4 3 173	26406	1
䠫	5 3 173	26407	1
䠬	6 3 173	26408	1
䠭	7 3 173	26409	1
䠮	8 3 173	26410	1
䠯	9 3 173	26411	1
䠰	10 3 173	26412	1
䠱	11 3 173	26413	1
䠲	12 3 173	26414	1
䠳	13 3 173	26415	1
䠴	1 4 173	26416	1
䠵	2 4 173	26417	1
䠶	3 4 173	26418	1
䠷	4 4 173	26419	1
䠸	5 4 173	26420	1
䠹	6 4 173	26421	1
䠺	7 4 173	26422	1
䠻	8 4 173	26423	1
䠼	9 4 173	26424	1
䠽	10 4 173	26425	1
䠾	11 4 173	26426	1
䠿	12 4 173	26427	1
䡀	13 4 173	26428	1
䡁	1 5 173	26429	1
䡂	2 5 173	26430	1
䡃	3 5 173	26431	1
䡅	4 5 173	26432	1
䡆	5 5 173	26433	1
䡇	6 5 173	26434	1
䡈	7 5 173	26435	1
䡉	8 5 173	26436	1
䡊	9 5 173	26437	1
䡋	10 5 173	26438	1
䡌	11 5 173	26439	1
䡍	12 5 173	26440	1
䡎	13 5 173	26441	1
䡏	1 6 173	26442	1
䡐	2 6 173	26443	1
䡑	3 6 173	26444	1
䡒	4 6 173	26445	1
䡓	5 6 173	26446	1
䡔	6 6 173	26447	1
䡕	7 6 173	26448	1
䡖	8 6 173	26449	1
䡗	9 6 173	26450	1
䡘	10 6 173	26451	1
䡙	11 6 173	26452	1
䡚	12 6 173	26453	1
䡛	13 6 173	26454	1
䡜	1 7 173	26455	1
䡝	2 7 173	26456	1
䡞	3 7 173	26457	1
䡟	4 7 173	26458	1
䡠	5 7 173	26459	1
䡡	6 7 173	26460	1
䡢	7 7 173	26461	1
䡣	8 7 173	26462	1
䡤	9 7 173	26463	1
䡥	10 7 173	26464	1
䡦	11 7 173	26465	1
䡧	12 7 173	26466	1
䡨	13 7 173	26467	1
䡩	1 8 173	26468	1
䡪	2 8 173	26469	1
䡫	3 8 173	26470	1
䡬	4 8 173	26471	1
䡭	5 8 173	26472	1
䡮	6 8 173	26473	1
䡯	7 8 173	26474	1
䡰	8 8 173	26475	1
䡱	9 8 173	26476	1
䡲	10 8 173	26477	1
䡳	11 8 173	26478	1
䡴	12 8 173	26479	1
䡵	13 8 173	26480	1
䡶	1 9 173	26481	1
䡷	2 9 173	26482	1
䡸	3 9 173	26483	1
䡹	4 9 173	26484	1
䡺	5 9 173	26485	1
䡻	6 9 173	26486	1
䡼	7 9 173	26487	1
䡽	8 9 173	26488	1
䡾	9 9 173	26489	1
䡿	10 9 173	26490	1
䢀	11 9 173	26491	1
䢁	12 9 173	26492	1
䢂	13 9 173	26493	1
䢃	1 10 173	26494	1
䢄	2 10 173	26495	1
䢅	3 10 173	26496	1
䢆	4 10 173	26497	1
䢇	5 10 173	26498	1
䢈	6 10 173	26499	1
䢉	7 10 173	26500	1
䢊	8 10 173	26501	1
䢋	9 10 173	26502	1
䢌	10 10 173	26503	1
䢍	11 10 173	26504	1
䢎	12 10 173	26505	1
䢏	13 10 173	26506	1
䢐	1 11 173	26507	1
䢑	2 11 173	26508	1
䢒	3 11 173	26509	1
䢓	4 11 173	26510	1
䢔	5 11 173	26511	1
䢕	6 11 173	26512	1
䢖	7 11 173	26513	1
䢗	8 11 173	26514	1
䢘	9 11 173	26515	1
䢙	10 11 173	26516	1
䢚	11 11 173	26517	1
䢛	12 11 173	26518	1
䢜	13 11 173	26519	1
䢝	1 12 173	26520	1
䢞	2 12 173	26521	1
䢟	3 12 173	26522	1
䢠	4 12 173	26523	1
䢡	5 12 173	26524	1
䢢	6 12 173	26525	1
䢣	7 12 173	26526	1
䢤	8 12 173	26527	1
䢥	9 12 173	26528	1
䢦	10 12 173	26529	1
䢧	11 12 173	26530	1
䢨	12 12 173	26531	1
䢩	13 12 173	26532	1
䢪	1 13 173	26533	1
䢫	2 13 173	26534	1
䢬	3 13 173	26535	1
䢭	4 13 173	26536	1
䢮	5 13 173	26537	1
䢯	6 13 173	26538	1
䢰	7 13 173	26539	1
䢱	8 13 173	26540	1
䢲	9 13 173	26541	1
䢳	10 13 173	26542	1
䢴	11 13 173	26543	1
䢵	12 13 173	26544	1
䢶	13 13 173	26545	1
䢷	1 1 174	26546	1
䢸	2 1 174	26547	1
䢹	3 1 174	26548	1
䢺	4 1 174	26549	1
䢻	5 1 174	26550	1
䢼	6 1 174	26551	1
䢽	7 1 174	26552	1
䢾	8 1 174	26553	1
䢿	9 1 174	26554	1
䣀	10 1 174	26555	1
䣁	11 1 174	26556	1
䣂	12 1 174	26557	1
䣃	13 1 174	26558	1
䣄	1 2 174	26559	1
䣅	2 2 174	26560	1
䣆	3 2 174	26561	1
䣇	4 2 174	26562	1
䣈	5 2 174	26563	1
䣉	6 2 174	26564	1
䣊	7 2 174	26565	1
䣋	8 2 174	26566	1
䣌	9 2 174	26567	1
䣍	10 2 174	26568	1
䣎	11 2 174	26569	1
䣏	12 2 174	26570	1
䣐	13 2 174	26571	1
䣑	1 3 174	26572	1
䣒	2 3 174	26573	1
䣓	3 3 174	26574	1
䣔	4 3 174	26575	1
䣕	5 3 174	26576	1
䣖	6 3 174	26577	1
䣗	7 3 174	26578	1
䣘	8 3 174	26579	1
䣙	9 3 174	26580	1
䣚	10 3 174	26581	1
䣛	11 3 174	26582	1
䣜	12 3 174	26583	1
䣝	13 3 174	26584	1
䣞	1 4 174	26585	1
䣟	2 4 174	26586	1
䣠	3 4 174	26587	1
䣡	4 4 174	26588	1
䣢	5 4 174	26589	1
䣣	6 4 174	26590	1
䣤	7 4 174	26591	1
䣥	8 4 174	26592	1
䣦	9 4 174	26593	1
䣧	10 4 174	26594	1
䣨	11 4 174	26595	1
䣩	12 4 174	26596	1
䣪	13 4 174	26597	1
䣫	1 5 174	26598	1
䣬	2 5 174	26599	1
䣭	3 5 174	26600	1
䣮	4 5 174	26601	1
䣯	5 5 174	26602	1
䣰	6 5 174	26603	1
䣱	7 5 174	26604	1
䣲	8 5 174	26605	1
䣳	9 5 174	26606	1
䣴	10 5 174	26607	1
䣵	11 5 174	26608	1
䣶	12 5 174	26609	1
䣷	13 5 174	26610	1
䣸	1 6 174	26611	1
䣹	2 6 174	26612	1
䣺	3 6 174	26613	1
䣻	4 6 174	26614	1
䣼	5 6 174	26615	1
䣽	6 6 174	26616	1
䣾	7 6 174	26617	1
䣿	8 6 174	26618	1
䤀	9 6 174	26619	1
䤁	10 6 174	26620	1
䤂	11 6 174	26621	1
䤃	12 6 174	26622	1
䤄	13 6 174	26623	1
䤅	1 7 174	26624	1
䤆	2 7 174	26625	1
䤇	3 7 174	26626	1
䤉	4 7 174	26627	1
䤊	5 7 174	26628	1
䤋	6 7 174	26629	1
䤌	7 7 174	26630	1
䤍	8 7 174	26631	1
䤎	9 7 174	26632	1
䤏	10 7 174	26633	1
䤐	11 7 174	26634	1
䤑	12 7 174	26635	1
䤒	13 7 174	26636	1
䤓	1 8 174	26637	1
䤔	2 8 174	26638	1
䤕	3 8 174	26639	1
䤖	4 8 174	26640	1
䤗	5 8 174	26641	1
䤘	6 8 174	26642	1
䤙	7 8 174	26643	1
䤚	8 8 174	26644	1
䤛	9 8 174	26645	1
䤜	10 8 174	26646	1
䤝	11 8 174	26647	1
䤞	12 8 174	26648	1
䤟	13 8 174	26649	1
䤠	1 9 174	26650	1
䤡	2 9 174	26651	1
䤢	3 9 174	26652	1
䤣	4 9 174	26653	1
䤤	5 9 174	26654	1
䤥	6 9 174	26655	1
䤦	7 9 174	26656	1
䤧	8 9 174	26657	1
䤨	9 9 174	26658	1
䤩	10 9 174	26659	1
䤪	11 9 174	26660	1
䤫	12 9 174	26661	1
䤬	13 9 174	26662	1
䤭	1 10 174	26663	1
䤮	2 10 174	26664	1
䤯	3 10 174	26665	1
䤰	4 10 174	26666	1
䤱	5 10 174	26667	1
䤲	6 10 174	26668	1
䤳	7 10 174	26669	1
䤴	8 10 174	26670	1
䤵	9 10 174	26671	1
䤶	10 10 174	26672	1
䤷	11 10 174	26673	1
䤸	12 10 174	26674	1
䤹	13 10 174	26675	1
䤺	1 11 174	26676	1
䤻	2 11 174	26677	1
䤼	3 11 174	26678	1
䤽	4 11 174	26679	1
䤾	5 11 174	26680	1
䤿	6 11 174	26681	1
䥀	7 11 174	26682	1
䥁	8 11 174	26683	1
䥂	9 11 174	26684	1
䥃	10 11 174	26685	1
䥄	11 11 174	26686	1
䥅	12 11 174	26687	1
䥆	13 11 174	26688	1
䥇	1 12 174	26689	1
䥈	2 12 174	26690	1
䥉	3 12 174	26691	1
䥊	4 12 174	26692	1
䥋	5 12 174	26693	1
䥌	6 12 174	26694	1
䥍	7 12 174	26695	1
䥎	8 12 174	26696	1
䥏	9 12 174	26697	1
䥐	10 12 174	26698	1
䥑	11 12 174	26699	1
䥒	12 12 174	26700	1
䥓	13 12 174	26701	1
䥔	1 13 174	26702	1
䥕	2 13 174	26703	1
䥖	3 13 174	26704	1
䥗	4 13 174	26705	1
䥘	5 13 174	26706	1
䥙	6 13 174	26707	1
䥚	7 13 174	26708	1
䥛	8 13 174	26709	1
䥜	9 13 174	26710	1
䥝	10 13 174	26711	1
䥞	11 13 174	26712	1
䥟	12 13 174	26713	1
䥠	13 13 174	26714	1
䥡	1 1 175	26715	1
䥢	2 1 175	26716	1
䥣	3 1 175	26717	1
䥤	4 1 175	26718	1
䥥	5 1 175	26719	1
䥦	6 1 175	26720	1
䥧	7 1 175	26721	1
䥨	8 1 175	26722	1
䥩	9 1 175	26723	1
䥪	10 1 175	26724	1
䥫	11 1 175	26725	1
䥬	12 1 175	26726	1
䥭	13 1 175	26727	1
䥮	1 2 175	26728	1
䥯	2 2 175	26729	1
䥰	3 2 175	26730	1
䥱	4 2 175	26731	1
䥲	5 2 175	26732	1
䥳	6 2 175	26733	1
䥴	7 2 175	26734	1
䥵	8 2 175	26735	1
䥶	9 2 175	26736	1
䥷	10 2 175	26737	1
䥸	11 2 175	26738	1
䥹	12 2 175	26739	1
䥺	13 2 175	26740	1
䥻	1 3 175	26741	1
䥼	2 3 175	26742	1
䥽	3 3 175	26743	1
䥾	4 3 175	26744	1
䥿	5 3 175	26745	1
䦀	6 3 175	26746	1
䦁	7 3 175	26747	1
䦂	8 3 175	26748	1
䦃	9 3 175	26749	1
䦄	10 3 175	26750	1
䦅	11 3 175	26751	1
䦆	12 3 175	26752	1
䦇	13 3 175	26753	1
䦈	1 4 175	26754	1
䦉	2 4 175	26755	1
䦊	3 4 175	26756	1
䦋	4 4 175	26757	1
䦌	5 4 175	26758	1
䦍	6 4 175	26759	1
䦎	7 4 175	26760	1
䦏	8 4 175	26761	1
䦐	9 4 175	26762	1
䦑	10 4 175	26763	1
䦒	11 4 175	26764	1
䦓	12 4 175	26765	1
䦔	13 4 175	26766	1
䦕	1 5 175	26767	1
䦖	2 5 175	26768	1
䦗	3 5 175	26769	1
䦘	4 5 175	26770	1
䦙	5 5 175	26771	1
䦚	6 5 175	26772	1
䦛	7 5 175	26773	1
䦜	8 5 175	26774	1
䦝	9 5 175	26775	1
䦞	10 5 175	26776	1
䦟	11 5 175	26777	1
䦠	12 5 175	26778	1
䦡	13 5 175	26779	1
䦢	1 6 175	26780	1
䦣	2 6 175	26781	1
䦤	3 6 175	26782	1
䦥	4 6 175	26783	1
䦦	5 6 175	26784	1
䦧	6 6 175	26785	1
䦨	7 6 175	26786	1
䦩	8 6 175	26787	1
䦪	9 6 175	26788	1
䦫	10 6 175	26789	1
䦬	11 6 175	26790	1
䦭	12 6 175	26791	1
䦮	13 6 175	26792	1
䦯	1 7 175	26793	1
䦰	2 7 175	26794	1
䦱	3 7 175	26795	1
䦲	4 7 175	26796	1
䦳	5 7 175	26797	1
䦴	6 7 175	26798	1
䦵	7 7 175	26799	1
䦶	8 7 175	26800	1
䦷	9 7 175	26801	1
䦸	10 7 175	26802	1
䦹	11 7 175	26803	1
䦺	12 7 175	26804	1
䦻	13 7 175	26805	1
䦼	1 8 175	26806	1
䦽	2 8 175	26807	1
䦾	3 8 175	26808	1
䦿	4 8 175	26809	1
䧀	5 8 175	26810	1
䧁	6 8 175	26811	1
䧂	7 8 175	26812	1
䧃	8 8 175	26813	1
䧄	9 8 175	26814	1
䧅	10 8 175	26815	1
䧆	11 8 175	26816	1
䧇	12 8 175	26817	1
䧈	13 8 175	26818	1
䧉	1 9 175	26819	1
䧊	2 9 175	26820	1
䧋	3 9 175	26821	1
䧌	4 9 175	26822	1
䧍	5 9 175	26823	1
䧎	6 9 175	26824	1
䧏	7 9 175	26825	1
䧐	8 9 175	26826	1
䧑	9 9 175	26827	1
䧒	10 9 175	26828	1
䧓	11 9 175	26829	1
䧔	12 9 175	26830	1
䧕	13 9 175	26831	1
䧖	1 10 175	26832	1
䧗	2 10 175	26833	1
䧘	3 10 175	26834	1
䧙	4 10 175	26835	1
䧚	5 10 175	26836	1
䧛	6 10 175	26837	1
䧜	7 10 175	26838	1
䧝	8 10 175	26839	1
䧞	9 10 175	26840	1
䧟	10 10 175	26841	1
䧠	11 10 175	26842	1
䧡	12 10 175	26843	1
䧢	13 10 175	26844	1
䧣	1 11 175	26845	1
䧤	2 11 175	26846	1
䧥	3 11 175	26847	1
䧦	4 11 175	26848	1
䧧	5 11 175	26849	1
䧨	6 11 175	26850	1
䧩	7 11 175	26851	1
䧪	8 11 175	26852	1
䧫	9 11 175	26853	1
䧬	10 11 175	26854	1
䧭	11 11 175	26855	1
䧮	12 11 175	26856	1
䧯	13 11 175	26857	1
䧰	1 12 175	26858	1
䧱	2 12 175	26859	1
䧲	3 12 175	26860	1
䧳	4 12 175	26861	1
䧴	5 12 175	26862	1
䧵	6 12 175	26863	1
䧶	7 12 175	26864	1
䧷	8 12 175	26865	1
䧸	9 12 175	26866	1
䧹	10 12 175	26867	1
䧺	11 12 175	26868	1
䧻	12 12 175	26869	1
䧼	13 12 175	26870	1
䧽	1 13 175	26871	1
䧾	2 13 175	26872	1
䧿	3 13 175	26873	1
䨀	4 13 175	26874	1
䨁	5 13 175	26875	1
䨂	6 13 175	26876	1
䨃	7 13 175	26877	1
䨄	8 13 175	26878	1
䨅	9 13 175	26879	1
䨆	10 13 175	26880	1
䨇	11 13 175	26881	1
䨈	12 13 175	26882	1
䨉	13 13 175	26883	1
䨊	1 1 176	26884	1
䨋	2 1 176	26885	1
䨌	3 1 176	26886	1
䨍	4 1 176	26887	1
䨎	5 1 176	26888	1
䨏	6 1 176	26889	1
䨐	7 1 176	26890	1
䨑	8 1 176	26891	1
䨒	9 1 176	26892	1
䨓	10 1 176	26893	1
䨔	11 1 176	26894	1
䨕	12 1 176	26895	1
䨖	13 1 176	26896	1
䨗	1 2 176	26897	1
䨘	2 2 176	26898	1
䨙	3 2 176	26899	1
䨚	4 2 176	26900	1
䨛	5 2 176	26901	1
䨜	6 2 176	26902	1
䨝	7 2 176	26903	1
䨞	8 2 176	26904	1
䨟	9 2 176	26905	1
䨠	10 2 176	26906	1
䨡	11 2 176	26907	1
䨢	12 2 176	26908	1
䨣	13 2 176	26909	1
䨤	1 3 176	26910	1
䨥	2 3 176	26911	1
䨦	3 3 176	26912	1
䨧	4 3 176	26913	1
䨨	5 3 176	26914	1
䨩	6 3 176	26915	1
䨪	7 3 176	26916	1
䨫	8 3 176	26917	1
䨬	9 3 176	26918	1
䨭	10 3 176	26919	1
䨮	11 3 176	26920	1
䨯	12 3 176	26921	1
䨰	13 3 176	26922	1
䨱	1 4 176	26923	1
䨲	2 4 176	26924	1
䨳	3 4 176	26925	1
䨴	4 4 176	26926	1
䨵	5 4 176	26927	1
䨶	6 4 176	26928	1
䨷	7 4 176	26929	1
䨸	8 4 176	26930	1
䨹	9 4 176	26931	1
䨺	10 4 176	26932	1
䨻	11 4 176	26933	1
䨼	12 4 176	26934	1
䨽	13 4 176	26935	1
䨾	1 5 176	26936	1
䨿	2 5 176	26937	1
䩀	3 5 176	26938	1
䩁	4 5 176	26939	1
䩂	5 5 176	26940	1
䩃	6 5 176	26941	1
䩄	7 5 176	26942	1
䩅	8 5 176	26943	1
䩆	9 5 176	26944	1
䩇	10 5 176	26945	1
䩈	11 5 176	26946	1
䩉	12 5 176	26947	1
䩊	13 5 176	26948	1
䩋	1 6 176	26949	1
䩌	2 6 176	26950	1
䩍	3 6 176	26951	1
䩎	4 6 176	26952	1
䩏	5 6 176	26953	1
䩐	6 6 176	26954	1
䩑	7 6 176	26955	1
䩒	8 6 176	26956	1
䩓	9 6 176	26957	1
䩔	10 6 176	26958	1
䩕	11 6 176	26959	1
䩖	12 6 176	26960	1
䩗	13 6 176	26961	1
䩘	1 7 176	26962	1
䩙	2 7 176	26963	1
䩚	3 7 176	26964	1
䩛	4 7 176	26965	1
䩜	5 7 176	26966	1
䩝	6 7 176	26967	1
䩞	7 7 176	26968	1
䩟	8 7 176	26969	1
䩠	9 7 176	26970	1
䩡	10 7 176	26971	1
䩢	11 7 176	26972	1
䩣	12 7 176	26973	1
䩤	13 7 176	26974	1
䩥	1 8 176	26975	1
䩦	2 8 176	26976	1
䩧	3 8 176	26977	1
䩨	4 8 176	26978	1
䩩	5 8 176	26979	1
䩪	6 8 176	26980	1
䩫	7 8 176	26981	1
䩬	8 8 176	26982	1
䩭	9 8 176	26983	1
䩮	10 8 176	26984	1
䩯	11 8 176	26985	1
䩰	12 8 176	26986	1
䩱	13 8 176	26987	1
䩲	1 9 176	26988	1
䩳	2 9 176	26989	1
䩴	3 9 176	26990	1
䩵	4 9 176	26991	1
䩶	5 9 176	26992	1
䩷	6 9 176	26993	1
䩸	7 9 176	26994	1
䩹	8 9 176	26995	1
䩺	9 9 176	26996	1
䩻	10 9 176	26997	1
䩼	11 9 176	26998	1
䩽	12 9 176	26999	1
䩾	13 9 176	27000	1
䩿	1 10 176	27001	1
䪀	2 10 176	27002	1
䪁	3 10 176	27003	1
䪂	4 10 176	27004	1
䪃	5 10 176	27005	1
䪄	6 10 176	27006	1
䪅	7 10 176	27007	1
䪆	8 10 176	27008	1
䪇	9 10 176	27009	1
䪈	10 10 176	27010	1
䪉	11 10 176	27011	1
䪊	12 10 176	27012	1
䪋	13 10 176	27013	1
䪌	1 11 176	27014	1
䪍	2 11 176	27015	1
䪎	3 11 176	27016	1
䪏	4 11 176	27017	1
䪐	5 11 176	27018	1
䪑	6 11 176	27019	1
䪒	7 11 176	27020	1
䪓	8 11 176	27021	1
䪔	9 11 176	27022	1
䪕	10 11 176	27023	1
䪖	11 11 176	27024	1
䪗	12 11 176	27025	1
䪘	13 11 176	27026	1
䪙	1 12 176	27027	1
䪚	2 12 176	27028	1
䪛	3 12 176	27029	1
䪜	4 12 176	27030	1
䪝	5 12 176	27031	1
䪞	6 12 176	27032	1
䪟	7 12 176	27033	1
䪠	8 12 176	27034	1
䪡	9 12 176	27035	1
䪢	10 12 176	27036	1
䪣	11 12 176	27037	1
䪤	12 12 176	27038	1
䪥	13 12 176	27039	1
䪦	1 13 176	27040	1
䪧	2 13 176	27041	1
䪨	3 13 176	27042	1
䪩	4 13 176	27043	1
䪪	5 13 176	27044	1
䪫	6 13 176	27045	1
䪬	7 13 176	27046	1
䪭	8 13 176	27047	1
䪮	9 13 176	27048	1
䪯	10 13 176	27049	1
䪰	11 13 176	27050	1
䪱	12 13 176	27051	1
䪲	13 13 176	27052	1
䪳	1 1 177	27053	1
䪴	2 1 177	27054	1
䪵	3 1 177	27055	1
䪶	4 1 177	27056	1
䪷	5 1 177	27057	1
䪸	6 1 177	27058	1
䪹	7 1 177	27059	1
䪺	8 1 177	27060	1
䪻	9 1 177	27061	1
䪼	10 1 177	27062	1
䪽	11 1 177	27063	1
䪾	12 1 177	27064	1
䪿	13 1 177	27065	1
䫀	1 2 177	27066	1
䫁	2 2 177	27067	1
䫂	3 2 177	27068	1
䫃	4 2 177	27069	1
䫄	5 2 177	27070	1
䫅	6 2 177	27071	1
䫆	7 2 177	27072	1
䫇	8 2 177	27073	1
䫈	9 2 177	27074	1
䫉	10 2 177	27075	1
䫊	11 2 177	27076	1
䫋	12 2 177	27077	1
䫌	13 2 177	27078	1
䫍	1 3 177	27079	1
䫎	2 3 177	27080	1
䫏	3 3 177	27081	1
䫐	4 3 177	27082	1
䫑	5 3 177	27083	1
䫒	6 3 177	27084	1
䫓	7 3 177	27085	1
䫔	8 3 177	27086	1
䫕	9 3 177	27087	1
䫖	10 3 177	27088	1
䫗	11 3 177	27089	1
䫘	12 3 177	27090	1
䫙	13 3 177	27091	1
䫚	1 4 177	27092	1
䫛	2 4 177	27093	1
䫜	3 4 177	27094	1
䫝	4 4 177	27095	1
䫞	5 4 177	27096	1
䫟	6 4 177	27097	1
䫠	7 4 177	27098	1
䫡	8 4 177	27099	1
䫢	9 4 177	27100	1
䫣	10 4 177	27101	1
䫤	11 4 177	27102	1
䫥	12 4 177	27103	1
䫦	13 4 177	27104	1
䫧	1 5 177	27105	1
䫨	2 5 177	27106	1
䫩	3 5 177	27107	1
䫪	4 5 177	27108	1
䫫	5 5 177	27109	1
䫬	6 5 177	27110	1
䫭	7 5 177	27111	1
䫮	8 5 177	27112	1
䫯	9 5 177	27113	1
䫰	10 5 177	27114	1
䫱	11 5 177	27115	1
䫲	12 5 177	27116	1
䫳	13 5 177	27117	1
䫴	1 6 177	27118	1
䫵	2 6 177	27119	1
䫶	3 6 177	27120	1
䫷	4 6 177	27121	1
䫸	5 6 177	27122	1
䫹	6 6 177	27123	1
䫺	7 6 177	27124	1
䫻	8 6 177	27125	1
䫼	9 6 177	27126	1
䫽	10 6 177	27127	1
䫾	11 6 177	27128	1
䫿	12 6 177	27129	1
䬀	13 6 177	27130	1
䬁	1 7 177	27131	1
䬂	2 7 177	27132	1
䬃	3 7 177	27133	1
䬄	4 7 177	27134	1
䬅	5 7 177	27135	1
䬆	6 7 177	27136	1
䬇	7 7 177	27137	1
䬈	8 7 177	27138	1
䬉	9 7 177	27139	1
䬊	10 7 177	27140	1
䬋	11 7 177	27141	1
䬌	12 7 177	27142	1
䬍	13 7 177	27143	1
䬎	1 8 177	27144	1
䬏	2 8 177	27145	1
䬐	3 8 177	27146	1
䬑	4 8 177	27147	1
䬒	5 8 177	27148	1
䬓	6 8 177	27149	1
䬔	7 8 177	27150	1
䬕	8 8 177	27151	1
䬖	9 8 177	27152	1
䬗	10 8 177	27153	1
䬘	11 8 177	27154	1
䬙	12 8 177	27155	1
䬚	13 8 177	27156	1
䬛	1 9 177	27157	1
䬜	2 9 177	27158	1
䬝	3 9 177	27159	1
䬞	4 9 177	27160	1
䬟	5 9 177	27161	1
䬠	6 9 177	27162	1
䬡	7 9 177	27163	1
䬢	8 9 177	27164	1
䬣	9 9 177	27165	1
䬤	10 9 177	27166	1
䬥	11 9 177	27167	1
䬦	12 9 177	27168	1
䬧	13 9 177	27169	1
䬨	1 10 177	27170	1
䬩	2 10 177	27171	1
䬪	3 10 177	27172	1
䬫	4 10 177	27173	1
䬬	5 10 177	27174	1
䬭	6 10 177	27175	1
䬮	7 10 177	27176	1
䬯	8 10 177	27177	1
䬰	9 10 177	27178	1
䬱	10 10 177	27179	1
䬲	11 10 177	27180	1
䬳	12 10 177	27181	1
䬴	13 10 177	27182	1
䬵	1 11 177	27183	1
䬶	2 11 177	27184	1
䬷	3 11 177	27185	1
䬸	4 11 177	27186	1
䬹	5 11 177	27187	1
䬺	6 11 177	27188	1
䬻	7 11 177	27189	1
䬼	8 11 177	27190	1
䬽	9 11 177	27191	1
䬾	10 11 177	27192	1
䬿	11 11 177	27193	1
䭀	12 11 177	27194	1
䭁	13 11 177	27195	1
䭂	1 12 177	27196	1
䭃	2 12 177	27197	1
䭄	3 12 177	27198	1
䭅	4 12 177	27199	1
䭆	5 12 177	27200	1
䭇	6 12 177	27201	1
䭈	7 12 177	27202	1
䭉	8 12 177	27203	1
䭊	9 12 177	27204	1
䭋	10 12 177	27205	1
䭌	11 12 177	27206	1
䭍	12 12 177	27207	1
䭎	13 12 177	27208	1
䭏	1 13 177	27209	1
䭐	2 13 177	27210	1
䭑	3 13 177	27211	1
䭒	4 13 177	27212	1
䭓	5 13 177	27213	1
䭔	6 13 177	27214	1
䭕	7 13 177	27215	1
䭖	8 13 177	27216	1
䭗	9 13 177	27217	1
䭘	10 13 177	27218	1
䭙	11 13 177	27219	1
䭚	12 13 177	27220	1
䭛	13 13 177	27221	1
䭜	1 1 179	27222	1
䭝	2 1 179	27223	1
䭞	3 1 179	27224	1
䭟	4 1 179	27225	1
䭠	5 1 179	27226	1
䭡	6 1 179	27227	1
䭢	7 1 179	27228	1
䭣	8 1 179	27229	1
䭤	9 1 179	27230	1
䭥	10 1 179	27231	1
䭦	11 1 179	27232	1
䭧	12 1 179	27233	1
䭨	13 1 179	27234	1
䭩	1 2 179	27235	1
䭪	2 2 179	27236	1
䭫	3 2 179	27237	1
䭬	4 2 179	27238	1
䭭	5 2 179	27239	1
䭮	6 2 179	27240	1
䭯	7 2 179	27241	1
䭰	8 2 179	27242	1
䭱	9 2 179	27243	1
䭲	10 2 179	27244	1
䭳	11 2 179	27245	1
䭴	12 2 179	27246	1
䭵	13 2 179	27247	1
䭶	1 3 179	27248	1
䭷	2 3 179	27249	1
䭸	3 3 179	27250	1
䭹	4 3 179	27251	1
䭺	5 3 179	27252	1
䭻	6 3 179	27253	1
䭼	7 3 179	27254	1
䭽	8 3 179	27255	1
䭾	9 3 179	27256	1
䭿	10 3 179	27257	1
䮀	11 3 179	27258	1
䮁	12 3 179	27259	1
䮂	13 3 179	27260	1
䮃	1 4 179	27261	1
䮄	2 4 179	27262	1
䮅	3 4 179	27263	1
䮆	4 4 179	27264	1
䮇	5 4 179	27265	1
䮈	6 4 179	27266	1
䮉	7 4 179	27267	1
䮊	8 4 179	27268	1
䮋	9 4 179	27269	1
䮌	10 4 179	27270	1
䮍	11 4 179	27271	1
䮎	12 4 179	27272	1
䮏	13 4 179	27273	1
䮐	1 5 179	27274	1
䮑	2 5 179	27275	1
䮒	3 5 179	27276	1
䮓	4 5 179	27277	1
䮔	5 5 179	27278	1
䮕	6 5 179	27279	1
䮖	7 5 179	27280	1
䮗	8 5 179	27281	1
䮘	9 5 179	27282	1
䮙	10 5 179	27283	1
䮚	11 5 179	27284	1
䮛	12 5 179	27285	1
䮜	13 5 179	27286	1
䮝	1 6 179	27287	1
䮞	2 6 179	27288	1
䮟	3 6 179	27289	1
䮠	4 6 179	27290	1
䮡	5 6 179	27291	1
䮢	6 6 179	27292	1
䮣	7 6 179	27293	1
䮤	8 6 179	27294	1
䮥	9 6 179	27295	1
䮦	10 6 179	27296	1
䮧	11 6 179	27297	1
䮨	12 6 179	27298	1
䮩	13 6 179	27299	1
䮪	1 7 179	27300	1
䮫	2 7 179	27301	1
䮬	3 7 179	27302	1
䮭	4 7 179	27303	1
䮮	5 7 179	27304	1
䮯	6 7 179	27305	1
䮰	7 7 179	27306	1
䮱	8 7 179	27307	1
䮲	9 7 179	27308	1
䮳	10 7 179	27309	1
䮴	11 7 179	27310	1
䮵	12 7 179	27311	1
䮶	13 7 179	27312	1
䮷	1 8 179	27313	1
䮸	2 8 179	27314	1
䮹	3 8 179	27315	1
䮺	4 8 179	27316	1
䮻	5 8 179	27317	1
䮼	6 8 179	27318	1
䮽	7 8 179	27319	1
䮾	8 8 179	27320	1
䮿	9 8 179	27321	1
䯀	10 8 179	27322	1
䯁	11 8 179	27323	1
䯂	12 8 179	27324	1
䯃	13 8 179	27325	1
䯄	1 9 179	27326	1
䯅	2 9 179	27327	1
䯆	3 9 179	27328	1
䯇	4 9 179	27329	1
䯈	5 9 179	27330	1
䯉	6 9 179	27331	1
䯊	7 9 179	27332	1
䯋	8 9 179	27333	1
䯌	9 9 179	27334	1
䯍	10 9 179	27335	1
䯎	11 9 179	27336	1
䯏	12 9 179	27337	1
䯐	13 9 179	27338	1
䯑	1 10 179	27339	1
䯒	2 10 179	27340	1
䯓	3 10 179	27341	1
䯔	4 10 179	27342	1
䯕	5 10 179	27343	1
䯖	6 10 179	27344	1
䯗	7 10 179	27345	1
䯘	8 10 179	27346	1
䯙	9 10 179	27347	1
䯚	10 10 179	27348	1
䯛	11 10 179	27349	1
䯜	12 10 179	27350	1
䯝	13 10 179	27351	1
䯞	1 11 179	27352	1
䯟	2 11 179	27353	1
䯠	3 11 179	27354	1
䯡	4 11 179	27355	1
䯢	5 11 179	27356	1
䯣	6 11 179	27357	1
䯤	7 11 179	27358	1
䯥	8 11 179	27359	1
䯦	9 11 179	27360	1
䯧	10 11 179	27361	1
䯨	11 11 179	27362	1
䯩	12 11 179	27363	1
䯪	13 11 179	27364	1
䯫	1 12 179	27365	1
䯬	2 12 179	27366	1
䯭	3 12 179	27367	1
䯮	4 12 179	27368	1
䯯	5 12 179	27369	1
䯰	6 12 179	27370	1
䯱	7 12 179	27371	1
䯲	8 12 179	27372	1
䯳	9 12 179	27373	1
䯴	10 12 179	27374	1
䯵	11 12 179	27375	1
䯶	12 12 179	27376	1
䯷	13 12 179	27377	1
䯸	1 13 179	27378	1
䯹	2 13 179	27379	1
䯺	3 13 179	27380	1
䯻	4 13 179	27381	1
䯼	5 13 179	27382	1
䯽	6 13 179	27383	1
䯾	7 13 179	27384	1
䯿	8 13 179	27385	1
䰀	9 13 179	27386	1
䰁	10 13 179	27387	1
䰂	11 13 179	27388	1
䰃	12 13 179	27389	1
䰄	13 13 179	27390	1
䰅	1 1 180	27391	1
䰆	2 1 180	27392	1
䰇	3 1 180	27393	1
䰈	4 1 180	27394	1
䰉	5 1 180	27395	1
䰊	6 1 180	27396	1
䰋	7 1 180	27397	1
䰌	8 1 180	27398	1
䰍	9 1 180	27399	1
䰎	10 1 180	27400	1
䰏	11 1 180	27401	1
䰐	12 1 180	27402	1
䰑	13 1 180	27403	1
䰒	1 2 180	27404	1
䰓	2 2 180	27405	1
䰔	3 2 180	27406	1
䰕	4 2 180	27407	1
䰖	5 2 180	27408	1
䰗	6 2 180	27409	1
䰘	7 2 180	27410	1
䰙	8 2 180	27411	1
䰚	9 2 180	27412	1
䰛	10 2 180	27413	1
䰜	11 2 180	27414	1
䰝	12 2 180	27415	1
䰞	13 2 180	27416	1
䰟	1 3 180	27417	1
䰠	2 3 180	27418	1
䰡	3 3 180	27419	1
䰢	4 3 180	27420	1
䰣	5 3 180	27421	1
䰤	6 3 180	27422	1
䰥	7 3 180	27423	1
䰦	8 3 180	27424	1
䰧	9 3 180	27425	1
䰨	10 3 180	27426	1
䰩	11 3 180	27427	1
䰪	12 3 180	27428	1
䰫	13 3 180	27429	1
䰬	1 4 180	27430	1
䰭	2 4 180	27431	1
䰮	3 4 180	27432	1
䰯	4 4 180	27433	1
䰰	5 4 180	27434	1
䰱	6 4 180	27435	1
䰲	7 4 180	27436	1
䰳	8 4 180	27437	1
䰴	9 4 180	27438	1
䰵	10 4 180	27439	1
䰶	11 4 180	27440	1
䰷	12 4 180	27441	1
䰸	13 4 180	27442	1
䰹	1 5 180	27443	1
䰺	2 5 180	27444	1
䰻	3 5 180	27445	1
䰼	4 5 180	27446	1
䰽	5 5 180	27447	1
䰾	6 5 180	27448	1
䰿	7 5 180	27449	1
䱀	8 5 180	27450	1
䱁	9 5 180	27451	1
䱂	10 5 180	27452	1
䱃	11 5 180	27453	1
䱄	12 5 180	27454	1
䱅	13 5 180	27455	1
䱆	1 6 180	27456	1
䱇	2 6 180	27457	1
䱈	3 6 180	27458	1
䱉	4 6 180	27459	1
䱊	5 6 180	27460	1
䱋	6 6 180	27461	1
䱌	7 6 180	27462	1
䱍	8 6 180	27463	1
䱎	9 6 180	27464	1
䱏	10 6 180	27465	1
䱐	11 6 180	27466	1
䱑	12 6 180	27467	1
䱒	13 6 180	27468	1
䱓	1 7 180	27469	1
䱔	2 7 180	27470	1
䱕	3 7 180	27471	1
䱖	4 7 180	27472	1
䱗	5 7 180	27473	1
䱘	6 7 180	27474	1
䱙	7 7 180	27475	1
䱚	8 7 180	27476	1
䱛	9 7 180	27477	1
䱜	10 7 180	27478	1
䱝	11 7 180	27479	1
䱞	12 7 180	27480	1
䱟	13 7 180	27481	1
䱠	1 8 180	27482	1
䱡	2 8 180	27483	1
䱢	3 8 180	27484	1
䱣	4 8 180	27485	1
䱥	5 8 180	27486	1
䱦	6 8 180	27487	1
䱧	7 8 180	27488	1
䱨	8 8 180	27489	1
䱩	9 8 180	27490	1
䱪	10 8 180	27491	1
䱫	11 8 180	27492	1
䱬	12 8 180	27493	1
䱭	13 8 180	27494	1
䱮	1 9 180	27495	1
䱯	2 9 180	27496	1
䱰	3 9 180	27497	1
䱱	4 9 180	27498	1
䱲	5 9 180	27499	1
䱳	6 9 180	27500	1
䱴	7 9 180	27501	1
䱵	8 9 180	27502	1
䱶	9 9 180	27503	1
䱷	10 9 180	27504	1
䱸	11 9 180	27505	1
䱹	12 9 180	27506	1
䱺	13 9 180	27507	1
䱻	1 10 180	27508	1
䱼	2 10 180	27509	1
䱽	3 10 180	27510	1
䱾	4 10 180	27511	1
䱿	5 10 180	27512	1
䲀	6 10 180	27513	1
䲁	7 10 180	27514	1
䲂	8 10 180	27515	1
䲃	9 10 180	27516	1
䲄	10 10 180	27517	1
䲅	11 10 180	27518	1
䲆	12 10 180	27519	1
䲇	13 10 180	27520	1
䲈	1 11 180	27521	1
䲉	2 11 180	27522	1
䲊	3 11 180	27523	1
䲋	4 11 180	27524	1
䲌	5 11 180	27525	1
䲍	6 11 180	27526	1
䲎	7 11 180	27527	1
䲏	8 11 180	27528	1
䲐	9 11 180	27529	1
䲑	10 11 180	27530	1
䲒	11 11 180	27531	1
䲓	12 11 180	27532	1
䲔	13 11 180	27533	1
䲕	1 12 180	27534	1
䲖	2 12 180	27535	1
䲗	3 12 180	27536	1
䲘	4 12 180	27537	1
䲙	5 12 180	27538	1
䲚	6 12 180	27539	1
䲛	7 12 180	27540	1
䲜	8 12 180	27541	1
䲝	9 12 180	27542	1
䲞	10 12 180	27543	1
䲠	11 12 180	27544	1
䲡	12 12 180	27545	1
䲣	13 12 180	27546	1
䲤	1 13 180	27547	1
䲥	2 13 180	27548	1
䲦	3 13 180	27549	1
䲧	4 13 180	27550	1
䲨	5 13 180	27551	1
䲩	6 13 180	27552	1
䲪	7 13 180	27553	1
䲫	8 13 180	27554	1
䲬	9 13 180	27555	1
䲭	10 13 180	27556	1
䲮	11 13 180	27557	1
䲯	12 13 180	27558	1
䲰	13 13 180	27559	1
䲱	1 1 181	27560	1
䲲	2 1 181	27561	1
䲳	3 1 181	27562	1
䲴	4 1 181	27563	1
䲵	5 1 181	27564	1
䲶	6 1 181	27565	1
䲷	7 1 181	27566	1
䲸	8 1 181	27567	1
䲹	9 1 181	27568	1
䲺	10 1 181	27569	1
䲻	11 1 181	27570	1
䲼	12 1 181	27571	1
䲽	13 1 181	27572	1
䲾	1 2 181	27573	1
䲿	2 2 181	27574	1
䳀	3 2 181	27575	1
䳁	4 2 181	27576	1
䳂	5 2 181	27577	1
䳃	6 2 181	27578	1
䳄	7 2 181	27579	1
䳅	8 2 181	27580	1
䳆	9 2 181	27581	1
䳈	10 2 181	27582	1
䳉	11 2 181	27583	1
䳊	12 2 181	27584	1
䳋	13 2 181	27585	1
䳌	1 3 181	27586	1
䳍	2 3 181	27587	1
䳎	3 3 181	27588	1
䳏	4 3 181	27589	1
䳐	5 3 181	27590	1
䳑	6 3 181	27591	1
䳒	7 3 181	27592	1
䳓	8 3 181	27593	1
䳔	9 3 181	27594	1
䳕	10 3 181	27595	1
䳖	11 3 181	27596	1
䳗	12 3 181	27597	1
䳘	13 3 181	27598	1
䳙	1 4 181	27599	1
䳚	2 4 181	27600	1
䳛	3 4 181	27601	1
䳜	4 4 181	27602	1
䳝	5 4 181	27603	1
䳞	6 4 181	27604	1
䳟	7 4 181	27605	1
䳠	8 4 181	27606	1
䳡	9 4 181	27607	1
䳢	10 4 181	27608	1
䳣	11 4 181	27609	1
䳤	12 4 181	27610	1
䳥	13 4 181	27611	1
䳦	1 5 181	27612	1
䳧	2 5 181	27613	1
䳨	3 5 181	27614	1
䳩	4 5 181	27615	1
䳪	5 5 181	27616	1
䳫	6 5 181	27617	1
䳬	7 5 181	27618	1
䳭	8 5 181	27619	1
䳮	9 5 181	27620	1
䳯	10 5 181	27621	1
䳰	11 5 181	27622	1
䳱	12 5 181	27623	1
䳳	13 5 181	27624	1
䳴	1 6 181	27625	1
䳵	2 6 181	27626	1
䳶	3 6 181	27627	1
䳷	4 6 181	27628	1
䳸	5 6 181	27629	1
䳹	6 6 181	27630	1
䳺	7 6 181	27631	1
䳻	8 6 181	27632	1
䳼	9 6 181	27633	1
䳽	10 6 181	27634	1
䳾	11 6 181	27635	1
䳿	12 6 181	27636	1
䴀	13 6 181	27637	1
䴁	1 7 181	27638	1
䴂	2 7 181	27639	1
䴃	3 7 181	27640	1
䴄	4 7 181	27641	1
䴅	5 7 181	27642	1
䴆	6 7 181	27643	1
䴇	7 7 181	27644	1
䴈	8 7 181	27645	1
䴉	9 7 181	27646	1
䴊	10 7 181	27647	1
䴋	11 7 181	27648	1
䴌	12 7 181	27649	1
䴍	13 7 181	27650	1
䴎	1 8 181	27651	1
䴏	2 8 181	27652	1
䴐	3 8 181	27653	1
䴑	4 8 181	27654	1
䴒	5 8 181	27655	1
䴔	6 8 181	27656	1
䴖	7 8 181	27657	1
䴗	8 8 181	27658	1
䴚	9 8 181	27659	1
䴛	10 8 181	27660	1
䴜	11 8 181	27661	1
䴝	12 8 181	27662	1
䴞	13 8 181	27663	1
䴟	1 9 181	27664	1
䴠	2 9 181	27665	1
䴡	3 9 181	27666	1
䴢	4 9 181	27667	1
䴣	5 9 181	27668	1
䴤	6 9 181	27669	1
䴦	7 9 181	27670	1
䴧	8 9 181	27671	1
䴨	9 9 181	27672	1
䴩	10 9 181	27673	1
䴪	11 9 181	27674	1
䴫	12 9 181	27675	1
䴬	13 9 181	27676	1
䴭	1 10 181	27677	1
䴮	2 10 181	27678	1
䴯	3 10 181	27679	1
䴰	4 10 181	27680	1
䴱	5 10 181	27681	1
䴲	6 10 181	27682	1
䴳	7 10 181	27683	1
䴴	8 10 181	27684	1
䴵	9 10 181	27685	1
䴶	10 10 181	27686	1
䴷	11 10 181	27687	1
䴸	12 10 181	27688	1
䴹	13 10 181	27689	1
䴺	1 11 181	27690	1
䴻	2 11 181	27691	1
䴼	3 11 181	27692	1
䴽	4 11 181	27693	1
䴾	5 11 181	27694	1
䴿	6 11 181	27695	1
䵀	7 11 181	27696	1
䵁	8 11 181	27697	1
䵂	9 11 181	27698	1
䵃	10 11 181	27699	1
䵄	11 11 181	27700	1
䵅	12 11 181	27701	1
䵆	13 11 181	27702	1
䵇	1 12 181	27703	1
䵈	2 12 181	27704	1
䵉	3 12 181	27705	1
䵊	4 12 181	27706	1
䵌	5 12 181	27707	1
䵍	6 12 181	27708	1
䵎	7 12 181	27709	1
䵏	8 12 181	27710	1
䵐	9 12 181	27711	1
䵑	10 12 181	27712	1
䵒	11 12 181	27713	1
䵓	12 12 181	27714	1
䵔	13 12 181	27715	1
䵕	1 13 181	27716	1
䵖	2 13 181	27717	1
䵗	3 13 181	27718	1
䵘	4 13 181	27719	1
䵙	5 13 181	27720	1
䵚	6 13 181	27721	1
䵛	7 13 181	27722	1
䵜	8 13 181	27723	1
䵝	9 13 181	27724	1
䵞	10 13 181	27725	1
䵟	11 13 181	27726	1
䵠	12 13 181	27727	1
䵡	13 13 181	27728	1
䵢	1 1 182	27729	1
䵣	2 1 182	27730	1
䵤	3 1 182	27731	1
䵥	4 1 182	27732	1
䵦	5 1 182	27733	1
䵧	6 1 182	27734	1
䵨	7 1 182	27735	1
䵩	8 1 182	27736	1
䵪	9 1 182	27737	1
䵫	10 1 182	27738	1
䵬	11 1 182	27739	1
䵭	12 1 182	27740	1
䵮	13 1 182	27741	1
䵯	1 2 182	27742	1
䵰	2 2 182	27743	1
䵱	3 2 182	27744	1
䵲	4 2 182	27745	1
䵳	5 2 182	27746	1
䵴	6 2 182	27747	1
䵵	7 2 182	27748	1
䵶	8 2 182	27749	1
䵷	9 2 182	27750	1
䵸	10 2 182	27751	1
䵹	11 2 182	27752	1
䵺	12 2 182	27753	1
䵻	13 2 182	27754	1
䵼	1 3 182	27755	1
䵽	2 3 182	27756	1
䵾	3 3 182	27757	1
䵿	4 3 182	27758	1
䶀	5 3 182	27759	1
䶁	6 3 182	27760	1
䶂	7 3 182	27761	1
䶃	8 3 182	27762	1
䶄	9 3 182	27763	1
䶅	10 3 182	27764	1
䶆	11 3 182	27765	1
䶇	12 3 182	27766	1
䶈	13 3 182	27767	1
䶉	1 4 182	27768	1
䶊	2 4 182	27769	1
䶋	3 4 182	27770	1
䶌	4 4 182	27771	1
䶍	5 4 182	27772	1
䶎	6 4 182	27773	1
䶏	7 4 182	27774	1
䶐	8 4 182	27775	1
䶑	9 4 182	27776	1
䶒	10 4 182	27777	1
䶓	11 4 182	27778	1
䶔	12 4 182	27779	1
䶕	13 4 182	27780	1
䶖	1 5 182	27781	1
䶗	2 5 182	27782	1
䶘	3 5 182	27783	1
䶙	4 5 182	27784	1
䶚	5 5 182	27785	1
䶛	6 5 182	27786	1
䶜	7 5 182	27787	1
䶝	8 5 182	27788	1
䶞	9 5 182	27789	1
䶟	10 5 182	27790	1
䶠	11 5 182	27791	1
䶡	12 5 182	27792	1
䶢	13 5 182	27793	1
䶣	1 6 182	27794	1
䶤	2 6 182	27795	1
䶥	3 6 182	27796	1
䶦	4 6 182	27797	1
䶧	5 6 182	27798	1
䶨	6 6 182	27799	1
䶩	7 6 182	27800	1
䶪	8 6 182	27801	1
䶫	9 6 182	27802	1
䶬	10 6 182	27803	1
䶭	11 6 182	27804	1
䶮	12 6 182	27805	1
䶯	13 6 182	27806	1
䶰	1 7 182	27807	1
䶱	2 7 182	27808	1
䶲	3 7 182	27809	1
䶳	4 7 182	27810	1
䶴	5 7 182	27811	1
䶵	6 7 182	27812	1
䶶	7 7 182	27813	1
䶷	8 7 182	27814	1
䶸	9 7 182	27815	1
䶹	10 7 182	27816	1
䶺	11 7 182	27817	1
䶻	12 7 182	27818	1
䶼	13 7 182	27819	1
䶽	1 8 182	27820	1
䶾	2 8 182	27821	1
䶿	3 8 182	27822	1
侼	4 8 182	27823	1
僺	5 8 182	27824	1
儮	6 8 182	27825	1
兿	7 8 182	27826	1
刯	8 8 182	27827	1
匲	9 8 182	27828	1
厫	10 8 182	27829	1
唘	11 8 182	27830	1
嗸	12 8 182	27831	1
囫	13 8 182	27832	1
圲	1 9 182	27833	1
坅	2 9 182	27834	1
妛	3 9 182	27835	1
娂	4 9 182	27836	1
娢	5 9 182	27837	1
娦	6 9 182	27838	1
媣	7 9 182	27839	1
嫀	8 9 182	27840	1
嫯	9 9 182	27841	1
孼	10 9 182	27842	1
屷	11 9 182	27843	1
峼	12 9 182	27844	1
巟	13 9 182	27845	1
帬	1 10 182	27846	1
彁	2 10 182	27847	1
慠	3 10 182	27848	1
懥	4 10 182	27849	1
戫	5 10 182	27850	1
拲	6 10 182	27851	1
挬	7 10 182	27852	1
捊	8 10 182	27853	1
捠	9 10 182	27854	1
搚	10 10 182	27855	1
摡	11 10 182	27856	1
摮	12 10 182	27857	1
撖	13 10 182	27858	1
撗	1 11 182	27859	1
晎	2 11 182	27860	1
朅	3 11 182	27861	1
桽	4 11 182	27862	1
梹	5 11 182	27863	1
櫊	6 11 182	27864	1
櫣	7 11 182	27865	1
歠	8 11 182	27866	1
沶	9 11 182	27867	1
泋	10 11 182	27868	1
溹	11 11 182	27869	1
滶	12 11 182	27870	1
澊	13 11 182	27871	1
瀐	1 12 182	27872	1
烡	2 12 182	27873	1
犋	3 12 182	27874	1
猒	4 12 182	27875	1
獓	5 12 182	27876	1
瓥	6 12 182	27877	1
瘯	7 12 182	27878	1
癟	8 12 182	27879	1
癰	9 12 182	27880	1
睅	10 12 182	27881	1
睈	11 12 182	27882	1
睙	12 12 182	27883	1
瞕	13 12 182	27884	1
砯	1 13 182	27885	1
磟	2 13 182	27886	1
礊	3 13 182	27887	1
稴	4 13 182	27888	1
穛	5 13 182	27889	1
窛	6 13 182	27890	1
窢	7 13 182	27891	1
窲	8 13 182	27892	1
竰	9 13 182	27893	1
簘	10 13 182	27894	1
粠	11 13 182	27895	1
腬	12 13 182	27896	1
舼	13 13 182	27897	1
荸	1 1 183	27898	1
蒅	2 1 183	27899	1
蔜	3 1 183	27900	1
蔢	4 1 183	27901	1
蕻	5 1 183	27902	1
蚮	6 1 183	27903	1
蛬	7 1 183	27904	1
褖	8 1 183	27905	1
詄	9 1 183	27906	1
誖	10 1 183	27907	1
謈	11 1 183	27908	1
謷	12 1 183	27909	1
謸	13 1 183	27910	1
谼	1 2 183	27911	1
輁	2 2 183	27912	1
輂	3 2 183	27913	1
輲	4 2 183	27914	1
輵	5 2 183	27915	1
迀	6 2 183	27916	1
郣	7 2 183	27917	1
鋍	8 2 183	27918	1
錃	9 2 183	27919	1
錜	10 2 183	27920	1
鍲	11 2 183	27921	1
鍿	12 2 183	27922	1
鎍	13 2 183	27923	1
顂	1 3 183	27924	1
餑	2 3 183	27925	1
馞	3 3 183	27926	1
駎	4 3 183	27927	1
髸	5 3 183	27928	1
鬁	6 3 183	27929	1
鬂	7 3 183	27930	1
魤	8 3 183	27931	1
鱨	9 3 183	27932	1
鵓	10 3 183	27933	1
鷔	11 3 183	27934	1
黵	12 3 183	27935	1
齛	13 3 183	27936	1
鿁	1 4 183	27937	1
鿘	2 4 183	27938	1
＂	3 4 183	27939	1
＄	4 4 183	27940	1
＇	5 4 183	27941	1
．	6 4 183	27942	1
０	7 4 183	27943	1
Ｃ	8 4 183	27944	1
Ｆ	9 4 183	27945	1
Ｇ	10 4 183	27946	1
Ｑ	11 4 183	27947	1
Ｕ	12 4 183	27948	1
Ｖ	13 4 183	27949	1
Ｙ	1 5 183	27950	1
Ｚ	2 5 183	27951	1
＼	3 5 183	27952	1
＾	4 5 183	27953	1
｀	5 5 183	27954	1
ｂ	6 5 183	27955	1
ｄ	7 5 183	27956	1
ｆ	8 5 183	27957	1
ｊ	9 5 183	27958	1
ｋ	10 5 183	27959	1
ｍ	11 5 183	27960	1
ｐ	12 5 183	27961	1
ｑ	13 5 183	27962	1
ｓ	1 6 183	27963	1
ｔ	2 6 183	27964	1
ｕ	3 6 183	27965	1
ｗ	4 6 183	27966	1
ｘ	5 6 183	27967	1
ｚ	6 6 183	27968	1
｛	7 6 183	27969	1
｜	8 6 183	27970	1
｡	9 6 183	27971	1
｢	10 6 183	27972	1
｣	11 6 183	27973	1
･	12 6 183	27974	1
ｦ	13 6 183	27975	1
ｧ	1 7 183	27976	1
ｨ	2 7 183	27977	1
ｩ	3 7 183	27978	1
ｪ	4 7 183	27979	1
ｫ	5 7 183	27980	1
ｬ	6 7 183	27981	1
ｭ	7 7 183	27982	1
ｮ	8 7 183	27983	1
ｯ	9 7 183	27984	1
ｰ	10 7 183	27985	1
ｱ	11 7 183	27986	1
ｳ	12 7 183	27987	1
ｴ	13 7 183	27988	1
ｵ	1 8 183	27989	1
ｶ	2 8 183	27990	1
ｷ	3 8 183	27991	1
ｸ	4 8 183	27992	1
ｹ	5 8 183	27993	1
ｺ	6 8 183	27994	1
ｻ	7 8 183	27995	1
ｼ	8 8 183	27996	1
ｽ	9 8 183	27997	1
ｾ	10 8 183	27998	1
ｿ	11 8 183	27999	1
ﾀ	12 8 183	28000	1
ﾁ	13 8 183	28001	1
ﾃ	1 9 183	28002	1
ﾆ	2 9 183	28003	1
ﾇ	3 9 183	28004	1
ﾈ	4 9 183	28005	1
ﾉ	5 9 183	28006	1
ﾊ	6 9 183	28007	1
ﾋ	7 9 183	28008	1
ﾌ	8 9 183	28009	1
ﾎ	9 9 183	28010	1
ﾏ	10 9 183	28011	1
ﾐ	11 9 183	28012	1
ﾑ	12 9 183	28013	1
ﾒ	13 9 183	28014	1
ﾓ	1 10 183	28015	1
ﾔ	2 10 183	28016	1
ﾕ	3 10 183	28017	1
ﾖ	4 10 183	28018	1
ﾗ	5 10 183	28019	1
ﾛ	6 10 183	28020	1
ﾜ	7 10 183	28021	1
ﾟ	8 10 183	28022	1
