character	code_hex	rank	freq
이	EA0B	0	8283084
다	EA0C	1	8066313
는	EA0D	2	5759981
에	EA0E	3	5355592
을	EA0F	4	5085204
의	EA10	5	4576648
하	EA11	6	4336252
지	EA12	7	4257916
고	EA13	8	4076420
로	EA14	9	3869465
가	EA15	10	3836313
한	EA16	11	3711360
기	EA17	12	3230168
서	EA18	13	3050253
은	EA19	14	2940172
사	EA1A	15	2940095
대	EA1B	16	2817611
를	EA1C	17	2728612
도	EA1D	18	2601499
해	EA1E	19	2546097
시	EA1F	20	2410599
인	EA20	21	2383563
자	EA21	22	2242896
으	EA22	23	2140350
정	EA23	24	2105245
있	EA24	25	2080203
리	EA25	26	1959035
전	EA26	27	1862276
어	EA27	28	1808839
장	EA28	29	1740826
부	EA29	30	1726229
들	EA2A	31	1669546
과	EA2B	32	1668767
했	EA2C	33	1616749
수	EA2D	34	1612691
아	EA2E	35	1606772
나	EA2F	36	1596940
보	EA30	37	1593481
원	EA31	38	1585750
상	EA32	39	1576822
국	EA33	40	1546187
주	EA34	41	1537928
라	EA35	42	1499430
제	EA36	43	1447470
스	EA39	44	1337906
적	EA3A	45	1312641
성	EA3B	46	1228271
위	EA3C	47	1222859
공	EA3D	48	1173538
경	EA3E	49	1152315
구	EA3F	50	1121221
게	EA40	51	1120495
면	EA4F	52	1118922
동	EA41	53	1109565
관	EA42	54	1103557
일	EA44	55	1095098
회	EA45	56	1091502
만	EA46	57	1082749
소	EA47	58	1035383
그	EA48	59	1008139
선	EA49	60	1003340
것	EA4A	61	985519
비	EA4B	62	978065
여	EA4C	63	970179
진	EA4D	64	967508
문	EA4E	65	961535
화	EA50	66	953114
우	EA53	67	906596
신	EA54	68	900757
계	EA55	69	894814
조	EA56	70	894181
업	EA57	71	861616
중	EA58	72	850704
니	EA5A	73	836832
되	EA5B	74	834245
와	EA5C	75	829613
통	EA5D	76	809485
유	EA5E	77	799905
연	EA5F	78	793891
용	EA60	79	783382
교	EA61	80	783325
내	EA69	81	781734
마	EA63	82	777495
생	EA62	83	774673
산	EA64	84	771898
무	EA65	85	758408
치	EA70	86	755933
당	EA66	87	750210
모	EA67	88	743137
발	EA68	89	742769
오	EA6A	90	738117
방	EA6B	91	735447
행	EA6C	92	734838
안	EA6D	93	732539
재	EA6E	94	721411
미	EA6F	95	718866
학	EA71	96	691098
민	EA72	97	684953
실	EA73	98	684598
할	EA74	99	683517
역	EA75	100	682090
영	EA76	101	681874
거	EA77	102	681385
개	EA78	103	662243
며	EA79	104	656280
체	EA7A	105	637845
었	EA7B	106	636644
단	EA7C	107	636206
요	EA7D	108	628659
세	EA7E	109	627810
등	EA80	110	608958
운	EA81	111	604169
된	EA82	112	603770
트	EA84	113	596397
간	EA85	114	580332
러	EA86	115	580098
야	EA87	116	554449
드	EA88	117	552950
분	EA89	118	539109
후	EA8A	119	537524
려	EA8B	120	527160
난	EA8C	121	524627
금	EA8D	122	520700
명	EA8E	123	515204
입	EA8F	124	504424
식	EA90	125	500983
터	EA91	126	500255
반	EA92	127	497317
최	EA93	128	496054
출	EA94	129	491582
현	EA95	130	489934
데	EA96	131	489768
차	EA97	132	488808
강	EA98	133	488045
감	EA99	134	484465
물	EA9A	135	482846
표	EA9D	136	470418
결	EA9B	137	469873
청	EA9C	138	469683
예	EA9F	139	458757
설	EAA0	140	456827
작	EAA1	141	456440
력	EAA2	142	449374
않	EAA3	143	442613
양	EAA4	144	438253
바	EAA5	145	437335
말	EAA6	146	430225
심	EAA7	147	422011
건	EAA8	148	420849
직	EAA9	149	415314
히	EAAA	150	414085
속	EAAB	151	410886
없	EAAC	152	410098
음	EAAD	153	409714
임	EAAE	154	406904
르	EAAF	155	404663
남	EAB0	156	403718
각	EAB3	157	394850
법	EAB5	158	391690
합	EAB6	159	385161
받	EAB7	160	383580
확	EAB8	161	372404
프	EAB9	162	371956
호	EABA	163	369115
달	EABB	164	367891
포	EABC	165	366294
매	EABD	166	363889
종	EABE	167	363463
추	EABF	168	362947
타	EAC3	169	360512
불	EAC4	170	359324
함	EAC5	171	354365
노	EAC7	172	351528
점	EAC8	173	350398
본	EAC9	174	349352
던	EACA	175	336422
권	EACB	176	335445
활	EACC	177	333152
군	EACD	178	319912
습	EACE	179	318621
따	EACF	180	318272
크	EAD0	181	318202
처	EAD1	182	317812
까	EAD2	183	317685
증	EAD3	184	312627
울	EAD5	185	311350
근	EAD6	186	310826
파	EAD9	187	308592
록	EADE	188	308423
때	EAD8	189	308052
열	EADB	190	307670
두	EADA	191	307416
준	EADC	192	304348
환	EADD	193	302936
배	EADF	194	299685
료	EAE0	195	295229
격	EAEE	196	293764
저	EAE9	197	292043
였	EAE1	198	290057
외	EAE2	199	289636
태	EAE3	200	289474
석	EAE4	201	288233
북	EAE5	202	288194
급	EAE6	203	287712
특	EAE7	204	287144
판	EAE8	205	286893
육	EAEA	206	285962
날	EAEC	207	285579
품	EAF0	208	281856
형	EAF1	209	278778
피	EAF2	210	278342
번	EAF3	211	276254
집	EAF4	212	275935
래	EAF5	213	275206
았	EAF7	214	274809
능	EAF8	215	272906
올	EAFA	216	272749
약	EAFB	217	271244
련	EAFC	218	269799
복	EAFD	219	268078
질	EB00	220	267915
른	EAFF	221	267617
평	EB02	222	258603
많	EB99	223	254926
천	EB03	224	254301
린	EB04	225	252959
목	EB06	226	252842
령	EB22	227	250967
초	EB05	228	250037
같	EBE8	229	249698
승	EB0A	230	245480
됐	EB08	231	245295
책	EB09	232	243937
참	EB0C	233	242486
람	EB0E	234	240880
변	EB0F	235	239038
레	EB10	236	238189
검	EB11	237	237222
김	EB12	238	236680
협	EB14	239	234649
토	EB15	240	234129
편	EB16	241	233056
투	EB17	242	231950
향	EB19	243	230336
술	EB1A	244	227860
밝	EB1B	245	224527
담	EB1C	246	223763
박	EB1D	247	221773
독	EB21	248	216240
병	EB23	249	214498
험	EB25	250	212200
더	EB27	251	209379
항	EB28	252	209174
축	EB29	253	208430
디	EB2A	254	208281
규	EB2B	255	205806
코	EB2C	256	205782
알	EB2D	257	203749
년	EB2E	258	203292
겠	EB30	259	202331
광	EB31	260	199657
찰	EB32	261	199338
별	EB33	262	198652
께	EB34	263	198521
절	EB36	264	198083
카	EB3A	265	197299
버	EB37	266	196674
언	EB3B	267	193975
키	EB52	268	190073
론	EB3E	269	189559
황	EB40	270	188621
새	EBD9	271	185049
든	EB45	272	184607
창	EB46	273	183848
루	EB49	274	183592
총	EB48	275	182529
앞	EB4C	276	181905
온	EB72	277	181720
혔	EA03 EA23	278	181631
필	EB4A	279	181093
망	EB4D	280	179906
접	EB4E	281	178111
농	EB5B	282	172491
취	EB61	283	167860
립	EB62	284	167492
란	EB7F	285	165389
못	EB65	286	164571
충	EB66	287	163963
족	EB67	288	163242
량	EB69	289	162553
살	EB6B	290	160685
졌	EA05 EA24	291	159525
런	EB6F	292	158821
송	EB70	293	158762
획	EB6E	294	158712
높	EB8E	295	154015
택	EB76	296	151235
류	EB85	297	149270
견	EB7B	298	148637
극	EB7C	299	148268
순	EB7E	300	148092
메	EB80	301	147828
또	EA05 EA25	302	146834
브	EB89	303	144903
맞	EBAB	304	144165
범	EB8A	305	141979
애	EB91	306	141723
악	EB8C	307	141309
길	EBCD	308	141219
씨	EB8D	309	140823
돌	EB93	310	140088
름	EBD6	311	139208
티	EB95	312	136841
응	EBCC	313	135428
벌	EBA6	314	135057
존	EBA0	315	134041
철	EBA4	316	133919
친	EB9C	317	133517
막	EBC4	318	131798
손	EBA2	319	130863
워	EBA3	320	130686
너	EBAE	321	127392
누	EBB2	322	125785
움	EBB3	323	125503
져	EBB6	324	124749
늘	EBBB	325	123036
좋	EBBD	326	122528
백	EBBE	327	122389
랑	EBC0	328	122153
느	EBC5	329	121194
침	EBF3	330	120637
완	EBD1	331	118508
페	EC89	332	116068
염	EBFD	333	115392
럼	EBE0	334	115386
측	EC73	335	112727
폭	EC00	336	112025
림	EC15	337	111899
희	EBDE	338	111383
례	EBE1	339	111320
율	ECCC	340	110773
채	EBE2	341	110519
머	EBE5	342	109503
테	EBE7	343	109192
객	EBEB	344	107578
겨	EBED	345	107021
글	EBEE	346	106409
왔	EBF0	347	106119
쟁	EBF6	348	105905
찾	EBF8	349	104909
플	EBFA	350	103978
곳	EBFB	351	103975
삼	EC09	352	103733
효	ED08	353	103689
네	EC31	354	102973
색	EC74	355	100710
센	EC0E	356	99902
즈	EC25	357	99349
논	ECCA	358	98894
될	EC0C	359	98776
베	ECB2	360	98467
힘	ECD2	361	98116
돼	EC10	362	97672
득	EC12	363	97497
봉	EC13	364	97170
줄	EC18	365	96712
갈	EC1B	366	95991
패	EC21	367	94541
탄	EC23	368	94444
걸	EC24	369	94414
월	EC27	370	94206
넘	EC2A	371	93595
착	EC2E	372	91289
쳐	EC30	373	91093
허	EC32	374	90359
락	EC33	375	89926
잡	EC70	376	89714
팀	EC3B	377	88615
익	EC3F	378	87530
커	EC4B	379	87057
렸	EA06 EA2C	380	86626
갖	ED48	381	86149
랜	EC48	382	84990
골	EC55	383	84164
홍	EC4E	384	83024
액	EC58	385	81636
밀	EC59	386	81591
쪽	EC61	387	79498
긴	EC68	388	78901
놓	EC6C	389	77966
케	EC6F	390	77777
혼	EC7B	391	76552
쓰	EC7C	392	76357
났	EC7F	393	75614
럽	EC8F	394	75172
션	EC81	395	75166
폐	EC86	396	74124
징	EC97	397	74042
롯	EC91	398	72532
녀	EC93	399	71972
탈	EC9C	400	71640
훈	ECA1	401	71589
균	ECA3	402	71194
님	ECE9	403	71176
답	ECBE	404	69912
램	EA09 EA2E	405	69787
률	ED2F	406	69615
엔	ECA4	407	69581
빠	ECAA	408	69075
윤	ECAC	409	69046
귀	ECAD	410	68958
혁	ECAE	411	68913
앙	ECAF	412	68579
눈	ECB0	413	68388
풍	ECB3	414	68295
렇	ECB7	415	68183
츠	ECBF	416	67029
클	ED13	417	66455
얼	ECC1	418	66232
곡	ECC3	419	65505
끝	ECC9	420	64832
뉴	ECCE	421	64280
퍼	ECD1	422	64022
휴	ECDD	423	63350
왕	ECE1	424	62722
찬	ECF0	425	61553
엄	ECF4	426	61063
융	ECF5	427	61029
붙	ED00	428	60258
념	ED84	429	60117
째	ED6F	430	59354
암	ED4A	431	59180
먹	ED8F	432	58970
블	ED23	433	58778
층	EE0E	434	58480
핵	ED28	435	58464
퇴	ED0E	436	58334
먼	ED1B	437	57712
압	ED6A	438	57646
혜	ED31	439	57374
죄	ED16	440	57321
욱	ED1D	441	56840
큼	ED1F	442	56573
숙	ED32	443	56005
닌	ED34	444	55608
뒤	ED36	445	55499
혹	ED98	446	55460
몰	ED40	447	55321
싶	ED52	448	54763
흥	ED67	449	53981
혀	ED4D	450	53896
촉	ED4E	451	53858
뜻	ED4F	452	53846
떠	ED61	453	53529
써	ED65	454	53321
널	ED5B	455	53302
릴	ED5A	456	53267
볼	ED66	457	52822
냐	ED91	458	51081
켜	ED89	459	51058
냈	ED81	460	50808
헌	ED8A	461	50384
떨	EA00 EA34	462	50313
템	EA01 EA34	463	50067
덕	EDB6	464	49840
끌	EA03 EA34	465	49565
꾸	EE50	466	49522
혐	EA05 EA34	467	49064
밖	EA06 EA34	468	48783
끼	EEBA	469	47907
략	EDDE	470	47662
뿐	EDBA	471	46774
즌	EDEB	472	46641
욕	EDC8	473	46603
죽	EE42	474	45866
콘	EDCB	475	45863
얻	EE93	476	45690
탁	EDDB	477	45450
슬	EDDD	478	45110
굴	EE15	479	44953
낮	EE00	480	44385
잠	EDF5	481	44283
억	EE1F	482	44246
떤	EA0A EA35	483	43833
좌	EE2B	484	43817
웃	EE02	485	42806
틀	EE12	486	42667
풀	EE10	487	42391
팅	EE09	488	42323
갔	EE0F	489	41965
맡	EE14	490	41793
캐	EE19	491	41477
링	EE1D	492	41145
몸	EE25	493	40729
춘	EE2A	494	40465
낸	EE31	495	40261
펼	EE69	496	40231
쿠	EE3C	497	40106
쉽	EE35	498	39938
텔	EE3A	499	39911
벽	EE3E	500	39513
뤄	EA06 EA39	501	39130
즐	EE4C	502	38593
둘	EA08 EA39	503	38527
촌	EE51	504	38445
돈	EE5F	505	38087
쳤	EE7F	506	37777
숨	EF86	507	37634
혈	EEB6	508	37517
룹	EA03 EA3A	509	37068
픽	EEED	510	36887
핑	EF32	511	36518
웨	F046	512	36440
잘	EE8B	513	36317
십	EF20	514	36070
휘	EE98	515	36035
홈	EEB4	516	35854
칭	EF7E	517	35591
옥	EED9	518	35489
싸	EF00	519	35126
빈	EF01	520	35125
놀	F10F	521	35087
납	EECF	522	34941
갑	EF21	523	34716
델	EA07 EA3B	524	34683
칙	F235	525	34143
캠	EECB	526	34013
벤	EEDC	527	34010
힌	EEC7	528	33986
칠	EF4F	529	33836
턴	EEF3	530	33815
삶	EF30	531	33606
듯	EFFD	532	33534
컨	EED8	533	33501
뛰	EEEC	534	33226
렵	EA07 EA3C	535	33069
롭	EEE8	536	33039
슈	EF38	537	33038
궁	EF19	538	32978
맹	EEF9	539	32920
싱	EF0B	540	32599
팔	EEFE	541	32563
털	EF0F	542	32428
떻	EA04 EA3D	543	32344
랐	EF0E	544	32228
넷	EF18	545	32208
깨	F017	546	31953
낙	F027	547	31946
킨	EF25	548	31498
괴	EF2C	549	31491
섰	EA00 EA3E	550	30975
탕	EF4D	551	30648
엇	EF4A	552	30513
푸	EF62	553	30425
겼	EA04 EA3E	554	29330
겪	EF93	555	29130
척	EF9D	556	28681
슨	EF95	557	28637
릭	EF92	558	28620
잔	EFA4	559	28339
쉬	EFC7	560	28121
므	EA00 EA3F	561	28097
녹	EFC6	562	28070
폰	EFDB	563	28017
깊	EFAE	564	27844
웠	EFAF	565	27812
흐	EFBB	566	27803
솔	F0AC	567	27735
팬	EFBF	568	27512
쇼	EFC8	569	27503
엘	EFCF	570	27452
졸	EFC2	571	27426
덧	EFBE	572	27400
텐	F000	573	27393
빌	EFD0	574	27029
섭	EFD3	575	27018
뢰	EFFE	576	26962
렌	EFF1	577	26586
헤	F003	578	26392
흡	EFFA	579	26390
곤	F00C	580	26001
꽃	F020	581	25997
꿈	F00E	582	25970
쇄	F014	583	25916
뜨	F019	584	25915
둔	F016	585	25817
춰	F04F	586	25783
맛	F143	587	25518
컵	F09A	588	25460
홀	F041	589	25433
흔	F039	590	25364
짓	F081	591	25325
탑	F071	592	25208
뮤	F03D	593	24903
넣	F08B	594	24661
맥	F0DF	595	24510
찍	F07E	596	24499
셔	F202	597	24096
컬	F0A4	598	23895
짜	F07C	599	23892
섬	F130	600	23714
값	F192	601	23425
뷰	F093	602	23411
컴	F0A6	603	23400
렴	F0E7	604	23205
읍	F0B9	605	23138
첨	F0E8	606	23067
빛	F303	607	23053
랫	F0BE	608	22468
폴	EA04 EA42	609	22377
켰	F0D9	610	22327
킬	F110	611	22211
믿	F158	612	22161
묘	F163	613	21935
촬	EA09 EA42	614	21820
빨	EA0A EA42	615	21816
탐	F124	616	21511
짐	F3C0	617	21471
봤	F17E	618	21468
킹	F250	619	21456
콜	F147	620	21435
닥	F34B	621	20996
즘	F332	622	20975
듣	F122	623	20949
잇	F127	624	20891
흘	F13E	625	20708
폼	EA0A EA44	626	20691
벗	F15B	627	20491
젊	EA01 EA45	628	20344
늦	F251	629	20233
넓	EA03 EA45	630	20203
꼽	F190	631	19934
춤	F198	632	19909
벨	F1A4	633	19855
뇌	F25C	634	19735
칼	F1AE	635	19639
잃	F352	636	19570
죠	F183	637	19403
읽	F226	638	19360
냥	F30B	639	19219
땅	EA02 EA46	640	19175
셨	F236	641	19013
즉	F1B2	642	18854
얘	F1CB	643	18713
봐	F1DE	644	18410
묻	F1EC	645	18366
펴	F1F6	646	18184
맨	F2EC	647	17819
첫	F213	648	17819
딩	F231	649	17616
옮	F22A	650	17551
랍	F23B	651	17508
렀	F24A	652	17274
픈	F273	653	17236
틴	F25B	654	17087
젝	F25F	655	17031
씩	F26D	656	16991
슷	EA08 EA47	657	16989
씀	F27D	658	16709
몇	F32A	659	16680
끄	EA00 EA48	660	16606
끊	F2C5	661	16510
튜	F297	662	16479
쌓	F2F6	663	16382
앨	F34D	664	16367
돕	EA05 EA48	665	16326
봄	F362	666	16232
빙	F318	667	16188
됩	F2B5	668	16136
멀	EA09 EA48	669	16083
륙	F32E	670	16049
콩	EA00 EA49	671	16030
짝	F3CD	672	16000
빼	EA02 EA49	673	15982
밤	EA03 EA49	674	15934
퓨	F2D5	675	15857
켓	EA05 EA49	676	15786
걱	EA06 EA49	677	15657
줬	EA07 EA49	678	15528
딸	EA08 EA49	679	15405
셀	F375	680	15384
웅	EA0A EA49	681	15381
꺼	F3B7	682	15237
삭	F395	683	15207
긍	F338	684	15196
냉	F367	685	15047
릉	EA04 EA4A	686	15002
닐	EA05 EA4A	687	14965
렉	EA06 EA4A	688	14818
힐	F3C9	689	14754
핀	EA08 EA4A	690	14750
둥	EA09 EA4A	691	14511
앉	EA0A EA4A	692	14508
겁	F392	693	14439
잉	F3A7	694	14426
맺	F39F	695	14322
듭	EA03 EA4B	696	14244
괄	EA04 EA4B	697	14061
몬	EA05 EA4B	698	14037
멘	EA06 EA4B	699	13907
튼	EA07 EA4B	700	13889
묵	EA08 EA4B	701	13885
슴	EA09 EA4B	702	13854
멸	EA0A EA4B	703	13832
뷔	EA00 EA4C	704	13828
낼	EA01 EA4C	705	13816
랙	EA02 EA4C	706	13784
펜	EA03 EA4C	707	13706
쾌	EA04 EA4C	708	13621
쏟	EA05 EA4C	709	13564
샤	EA06 EA4C	710	13554
씬	EA07 EA4C	711	13378
흑	EA08 EA4C	712	13318
찌	EA09 EA4C	713	13061
뿌	EA0A EA4C	714	13037
렬	EA00 EA4D	715	13018
왼	EA01 EA4D	716	13012
앤	EA02 EA4D	717	12825
낌	EA03 EA4D	718	12688
닝	EA04 EA4D	719	12638
뽑	EA05 EA4D	720	12568
꼬	EA06 EA4D	721	12475
뒷	EA07 EA4D	722	12451
릿	EA08 EA4D	723	12435
밴	EA09 EA4D	724	12393
젠	EA0A EA4D	725	12330
붕	EA00 EA4E	726	12305
밥	EA01 EA4E	727	12301
짧	EA02 EA4E	728	12249
멤	EA03 EA4E	729	12184
헬	EA04 EA4E	730	12141
빚	EA05 EA4E	731	12115
셈	EA06 EA4E	732	12022
왜	EA07 EA4E	733	11983
훨	EA08 EA4E	734	11934
럴	EA09 EA4E	735	11929
톤	EA0A EA4E	736	11909
덜	EA00 EA50	737	11848
틱	EA01 EA50	738	11792
밑	EA02 EA50	739	11689
뀌	EA03 EA50	740	11662
끈	EA04 EA50	741	11644
낭	EA05 EA50	742	11622
몽	EA06 EA50	743	11605
펀	EA07 EA50	744	11581
눔	EA08 EA50	745	11528
룡	EA09 EA50	746	11478
옷	EA0A EA50	747	11473
꾼	EA00 EA53	748	11317
훼	EA01 EA53	749	11306
걷	EA02 EA53	750	11268
롱	EA03 EA53	751	11240
섯	EA04 EA53	752	11228
챔	EA05 EA53	753	11208
롤	EA06 EA53	754	11136
됨	EA07 EA53	755	10997
싼	EA08 EA53	756	10976
횡	EA09 EA53	757	10849
텍	EA0A EA53	758	10845
쌍	EA00 EA54	759	10796
깔	EA01 EA54	760	10784
줘	EA02 EA54	761	10754
챙	EA03 EA54	762	10693
엑	EA04 EA54	763	10689
룬	EA05 EA54	764	10625
칸	EA06 EA54	765	10619
녁	EA07 EA54	766	10611
빅	EA08 EA54	767	10577
듬	EA09 EA54	768	10491
덴	EA0A EA54	769	10468
럭	EA00 EA55	770	10453
끔	EA01 EA55	771	10265
셜	EA02 EA55	772	10234
닫	EA03 EA55	773	10210
큐	EA04 EA55	774	10180
겸	EA05 EA55	775	10125
엽	EA06 EA55	776	10074
곧	EA07 EA55	777	10049
봇	EA08 EA55	778	9908
탓	EA09 EA55	779	9893
닉	EA0A EA55	780	9871
옆	EA00 EA56	781	9810
껴	EA01 EA56	782	9759
톡	EA02 EA56	783	9748
벼	EA03 EA56	784	9745
랭	EA04 EA56	785	9733
썼	EA05 EA56	786	9632
잊	EA06 EA56	787	9590
쿄	EA07 EA56	788	9546
윈	EA08 EA56	789	9485
숲	EA09 EA56	790	9463
쁘	EA0A EA56	791	9452
쁜	EA00 EA57	792	9422
룸	EA01 EA57	793	9325
굳	EA02 EA57	794	9312
젤	EA03 EA57	795	9263
겐	EA04 EA57	796	9138
셋	EA05 EA57	797	9099
쌀	EA06 EA57	798	9069
눠	EA07 EA57	799	9038
꼼	EA08 EA57	800	8979
쇠	EA09 EA57	801	8940
웹	EA0A EA57	802	8914
믹	EA00 EA58	803	8911
쓸	EA01 EA58	804	8855
밍	EA02 EA58	805	8768
쥐	EA03 EA58	806	8704
낳	EA04 EA58	807	8655
옹	EA05 EA58	808	8517
멈	EA06 EA58	809	8409
곽	EA07 EA58	810	8353
샌	EA08 EA58	811	8243
똑	EA09 EA58	812	8184
컷	EA0A EA58	813	8181
흉	EA00 EA5A	814	8152
듀	EA01 EA5A	815	8136
밭	EA02 EA5A	816	8080
숭	EA03 EA5A	817	8048
뒀	EA04 EA5A	818	7986
덤	EA05 EA5A	819	7937
앱	EA06 EA5A	820	7886
앗	EA07 EA5A	821	7858
좁	EA08 EA5A	822	7806
딜	EA09 EA5A	823	7805
훌	EA0A EA5A	824	7788
큰	EA00 EA5B	825	7782
낄	EA01 EA5B	826	7718
깝	EA02 EA5B	827	7668
겹	EA03 EA5B	828	7664
띄	EA04 EA5B	829	7606
뇨	EA05 EA5B	830	7579
팽	EA06 EA5B	831	7566
녕	EA07 EA5B	832	7530
숫	EA08 EA5B	833	7525
뚜	EA09 EA5B	834	7471
멋	EA0A EA5B	835	7359
갤	EA00 EA5C	836	7255
덮	EA01 EA5C	837	7244
톨	EA02 EA5C	838	7239
덩	EA03 EA5C	839	7223
밟	EA04 EA5C	840	7160
첩	EA05 EA5C	841	7099
랄	EA06 EA5C	842	7029
닷	EA07 EA5C	843	6952
꿔	EA08 EA5C	844	6940
뱅	EA09 EA5C	845	6927
룩	EA0A EA5C	846	6873
룰	EA00 EA5D	847	6873
꺾	EA01 EA5D	848	6847
빗	EA02 EA5D	849	6840
묶	EA03 EA5D	850	6825
궤	EA04 EA5D	851	6784
팩	EA05 EA5D	852	6765
톱	EA06 EA5D	853	6754
멜	EA07 EA5D	854	6698
퀴	EA08 EA5D	855	6694
엠	EA09 EA5D	856	6680
틸	EA0A EA5D	857	6635
갱	EA00 EA5E	858	6594
잎	EA01 EA5E	859	6553
끗	EA02 EA5E	860	6543
헨	EA03 EA5E	861	6541
굉	EA04 EA5E	862	6539
픔	EA05 EA5E	863	6539
돋	EA06 EA5E	864	6486
쿨	EA07 EA5E	865	6478
껏	EA08 EA5E	866	6446
놨	EA09 EA5E	867	6402
틈	EA0A EA5E	868	6366
댄	EA00 EA5F	869	6250
깃	EA01 EA5F	870	6230
튀	EA02 EA5F	871	6174
뼈	EA03 EA5F	872	6147
밸	EA04 EA5F	873	6140
콤	EA05 EA5F	874	6129
옵	EA06 EA5F	875	6063
쫓	EA07 EA5F	876	6053
얀	EA08 EA5F	877	6032
닭	EA09 EA5F	878	6014
찮	EA0A EA5F	879	5982
떼	EA00 EA60	880	5975
탱	EA01 EA60	881	5969
캘	EA02 EA60	882	5944
멍	EA03 EA60	883	5935
샘	EA04 EA60	884	5923
눌	EA05 EA60	885	5876
넥	EA06 EA60	886	5871
윌	EA07 EA60	887	5867
췄	EA08 EA60	888	5859
띠	EA09 EA60	889	5850
좀	EA0A EA60	890	5809
펠	EA00 EA61	891	5808
붉	EA01 EA61	892	5785
댓	EA02 EA61	893	5758
륜	EA03 EA61	894	5746
궐	EA04 EA61	895	5733
쯤	EA05 EA61	896	5731
엉	EA06 EA61	897	5676
륭	EA07 EA61	898	5663
팎	EA08 EA61	899	5633
셰	EA09 EA61	900	5615
섞	EA0A EA61	901	5604
낀	EA00 EA69	902	5582
릇	EA01 EA69	903	5556
컸	EA02 EA69	904	5529
쏘	EA03 EA69	905	5488
솟	EA04 EA69	906	5460
옛	EA05 EA69	907	5458
셉	EA06 EA69	908	5429
턱	EA07 EA69	909	5414
잖	EA08 EA69	910	5353
꿀	EA09 EA69	911	5325
싫	EA0A EA69	912	5309
쏠	EA00 EA63	913	5260
닿	EA01 EA63	914	5254
깜	EA02 EA63	915	5244
릎	EA03 EA63	916	5223
냄	EA04 EA63	917	5208
뭐	EA05 EA63	918	5208
뉘	EA06 EA63	919	5198
꼈	EA07 EA63	920	5197
곱	EA08 EA63	921	5138
렷	EA09 EA63	922	5135
앓	EA0A EA63	923	5106
멕	EA00 EA62	924	5104
롬	EA01 EA62	925	5076
렁	EA02 EA62	926	5072
팡	EA03 EA62	927	5046
쁨	EA04 EA62	928	5045
핸	EA05 EA62	929	4979
쓴	EA06 EA62	930	4977
맑	EA07 EA62	931	4964
휩	EA08 EA62	932	4926
딱	EA09 EA62	933	4924
떡	EA0A EA62	934	4917
웰	EA00 EA64	935	4913
짚	EA01 EA64	936	4886
빵	EA02 EA64	937	4844
댐	EA03 EA64	938	4824
븐	EA04 EA64	939	4805
벅	EA05 EA64	940	4800
훔	EA06 EA64	941	4792
뚫	EA07 EA64	942	4771
랩	EA08 EA64	943	4756
캔	EA09 EA64	944	4726
둑	EA0A EA64	945	4717
칫	EA00 EA65	946	4703
괜	EA01 EA65	947	4679
햇	EA02 EA65	948	4676
땀	EA03 EA65	949	4597
숍	EA04 EA65	950	4593
긋	EA05 EA65	951	4536
곰	EA06 EA65	952	4438
낚	EA07 EA65	953	4401
뤘	EA08 EA65	954	4400
곁	EA09 EA65	955	4363
딘	EA0A EA65	956	4337
잦	EA00 EA70	957	4336
뭉	EA01 EA70	958	4230
킴	EA02 EA70	959	4184
쩍	EA03 EA70	960	4172
쩌	EA04 EA70	961	4164
윗	EA05 EA70	962	4121
넉	EA06 EA70	963	4096
흙	EA07 EA70	964	4067
켈	EA08 EA70	965	4048
몫	EA09 EA70	966	4025
렛	EA0A EA70	967	4024
낯	EA00 EA66	968	3991
젖	EA01 EA66	969	3968
씻	EA02 EA66	970	3942
팝	EA03 EA66	971	3940
펙	EA04 EA66	972	3931
탠	EA05 EA66	973	3930
꼴	EA06 EA66	974	3918
뚝	EA07 EA66	975	3882
닛	EA08 EA66	976	3859
녔	EA09 EA66	977	3825
볍	EA0A EA66	978	3811
삽	EA00 EA67	979	3805
섹	EA01 EA67	980	3791
랬	EA02 EA67	981	3779
횟	EA03 EA67	982	3756
옳	EA04 EA67	983	3752
뭔	EA05 EA67	984	3725
캡	EA06 EA67	985	3717
펌	EA07 EA67	986	3695
닮	EA08 EA67	987	3687
툰	EA09 EA67	988	3679
킥	EA0A EA67	989	3665
굿	EA00 EA68	990	3646
맘	EA01 EA68	991	3638
첼	EA02 EA68	992	3614
뻔	EA03 EA68	993	3603
윙	EA04 EA68	994	3587
흰	EA05 EA68	995	3574
늬	EA06 EA68	996	3569
엿	EA07 EA68	997	3558
쩔	EA08 EA68	998	3544
딪	EA09 EA68	999	3524
붓	EA0A EA68	1000	3507
굽	EA00 EA6A	1001	3481
샷	EA01 EA6A	1002	3470
툼	EA02 EA6A	1003	3396
닦	EA03 EA6A	1004	3382
갚	EA04 EA6A	1005	3367
넬	EA05 EA6A	1006	3358
봅	EA06 EA6A	1007	3321
뭄	EA07 EA6A	1008	3303
촛	EA08 EA6A	1009	3297
깥	EA09 EA6A	1010	3291
렘	EA0A EA6A	1011	3288
캄	EA00 EA6B	1012	3287
쑤	EA01 EA6B	1013	3275
햄	EA02 EA6B	1014	3263
쿼	EA03 EA6B	1015	3257
늄	EA04 EA6B	1016	3205
놈	EA05 EA6B	1017	3190
겉	EA06 EA6B	1018	3183
흠	EA07 EA6B	1019	3172
뀐	EA08 EA6B	1020	3163
끓	EA09 EA6B	1021	3124
깎	EA0A EA6B	1022	3110
뭇	EA00 EA6C	1023	3095
둬	EA01 EA6C	1024	3088
쉼	EA02 EA6C	1025	3081
꼭	EA03 EA6C	1026	3028
갯	EA04 EA6C	1027	2997
깐	EA05 EA6C	1028	2997
콧	EA06 EA6C	1029	2978
줍	EA07 EA6C	1030	2957
짙	EA08 EA6C	1031	2948
껍	EA09 EA6C	1032	2913
돔	EA0A EA6C	1033	2908
찔	EA00 EA6D	1034	2904
앵	EA01 EA6D	1035	2897
켄	EA02 EA6D	1036	2857
꾀	EA03 EA6D	1037	2848
맵	EA04 EA6D	1038	2812
뻐	EA05 EA6D	1039	2803
휠	EA06 EA6D	1040	2796
낫	EA07 EA6D	1041	2785
싹	EA08 EA6D	1042	2748
뚱	EA09 EA6D	1043	2723
슛	EA0A EA6D	1044	2718
줌	EA00 EA6E	1045	2715
칩	EA01 EA6E	1046	2695
갇	EA02 EA6E	1047	2694
닙	EA03 EA6E	1048	2682
얽	EA04 EA6E	1049	2682
킷	EA05 EA6E	1050	2666
쉐	EA06 EA6E	1051	2664
뱃	EA07 EA6E	1052	2663
벡	EA08 EA6E	1053	2653
팍	EA09 EA6E	1054	2645
뻗	EA0A EA6E	1055	2637
슐	EA00 EA6F	1056	2635
륨	EA01 EA6F	1057	2631
솜	EA02 EA6F	1058	2627
팜	EA03 EA6F	1059	2621
넌	EA04 EA6F	1060	2604
뮬	EA05 EA6F	1061	2586
굵	EA06 EA6F	1062	2572
럿	EA07 EA6F	1063	2565
썩	EA08 EA6F	1064	2534
핏	EA09 EA6F	1065	2527
퀘	EA0A EA6F	1066	2520
붐	EA00 EA71	1067	2493
뽐	EA01 EA71	1068	2463
젓	EA02 EA71	1069	2426
흩	EA03 EA71	1070	2422
펄	EA04 EA71	1071	2419
눴	EA05 EA71	1072	2418
맙	EA06 EA71	1073	2407
돗	EA07 EA71	1074	2402
쪼	EA08 EA71	1075	2397
뜩	EA09 EA71	1076	2390
듈	EA0A EA71	1077	2383
릅	EA00 EA72	1078	2370
탬	EA01 EA72	1079	2368
낡	EA02 EA72	1080	2355
뱀	EA03 EA72	1081	2348
헛	EA04 EA72	1082	2342
꿨	EA05 EA72	1083	2327
풋	EA06 EA72	1084	2316
벚	EA07 EA72	1085	2299
늑	EA08 EA72	1086	2297
잭	EA09 EA72	1087	2292
꽂	EA0A EA72	1088	2289
뜯	EA00 EA73	1089	2279
샵	EA01 EA73	1090	2279
툴	EA02 EA73	1091	2267
뜰	EA03 EA73	1092	2258
헐	EA04 EA73	1093	2258
퉁	EA05 EA73	1094	2249
콕	EA06 EA73	1095	2225
삐	EA07 EA73	1096	2223
퀸	EA08 EA73	1097	2210
둠	EA09 EA73	1098	2206
텀	EA0A EA73	1099	2180
얇	EA00 EA74	1100	2158
촘	EA01 EA74	1101	2150
싣	EA02 EA74	1102	2128
낱	EA03 EA74	1103	2111
얹	EA04 EA74	1104	2110
넨	EA05 EA74	1105	2109
잣	EA06 EA74	1106	2108
펑	EA07 EA74	1107	2079
갓	EA08 EA74	1108	2077
푼	EA09 EA74	1109	2072
랴	EA0A EA74	1110	2070
헝	EA00 EA75	1111	2069
홉	EA01 EA75	1112	2066
슘	EA02 EA75	1113	2059
딧	EA03 EA75	1114	2027
웬	EA04 EA75	1115	2017
렐	EA05 EA75	1116	2014
딛	EA06 EA75	1117	2013
핍	EA07 EA75	1118	2008
뜬	EA08 EA75	1119	2007
쑥	EA09 EA75	1120	1971
엮	EA0A EA75	1121	1964
샀	EA00 EA76	1122	1945
귤	EA01 EA76	1123	1940
썰	EA02 EA76	1124	1926
옴	EA03 EA76	1125	1920
뤼	EA04 EA76	1126	1911
텃	EA05 EA76	1127	1902
힙	EA06 EA76	1128	1897
엣	EA07 EA76	1129	1880
볶	EA08 EA76	1130	1872
씌	EA09 EA76	1131	1861
컫	EA0A EA76	1132	1861
겔	EA00 EA77	1133	1846
엎	EA01 EA77	1134	1845
챌	EA02 EA77	1135	1844
늠	EA03 EA77	1136	1840
뜸	EA04 EA77	1137	1831
및	EA05 EA77	1138	1815
핫	EA06 EA77	1139	1813
꽁	EA07 EA77	1140	1802
훗	EA08 EA77	1141	1790
펫	EA09 EA77	1142	1779
찜	EA0A EA77	1143	1776
탔	EA00 EA78	1144	1761
벳	EA01 EA78	1145	1754
놔	EA02 EA78	1146	1753
빔	EA03 EA78	1147	1753
찢	EA04 EA78	1148	1739
톰	EA05 EA78	1149	1739
멧	EA06 EA78	1150	1719
끽	EA07 EA78	1151	1712
곶	EA08 EA78	1152	1672
뀔	EA09 EA78	1153	1671
늙	EA0A EA78	1154	1670
뿜	EA00 EA79	1155	1668
뿔	EA01 EA79	1156	1658
밋	EA02 EA79	1157	1649
뉜	EA03 EA79	1158	1630
볕	EA04 EA79	1159	1626
쭉	EA05 EA79	1160	1625
궈	EA06 EA79	1161	1614
띤	EA07 EA79	1162	1605
삿	EA08 EA79	1163	1583
셸	EA09 EA79	1164	1579
첸	EA0A EA79	1165	1567
굶	EA00 EA7A	1166	1553
딕	EA01 EA7A	1167	1551
덱	EA02 EA7A	1168	1549
늪	EA03 EA7A	1169	1538
쥬	EA04 EA7A	1170	1527
껑	EA05 EA7A	1171	1526
옌	EA06 EA7A	1172	1524
옐	EA07 EA7A	1173	1495
쨌	EA08 EA7A	1174	1474
밌	EA09 EA7A	1175	1472
왈	EA0A EA7A	1176	1461
콥	EA00 EA7B	1177	1425
뎌	EA01 EA7B	1178	1404
짱	EA02 EA7B	1179	1404
탤	EA03 EA7B	1180	1399
벙	EA04 EA7B	1181	1394
뮌	EA05 EA7B	1182	1392
냅	EA06 EA7B	1183	1391
짖	EA07 EA7B	1184	1380
콰	EA08 EA7B	1185	1376
뱉	EA09 EA7B	1186	1374
륵	EA0A EA7B	1187	1371
폈	EA00 EA7C	1188	1370
핼	EA01 EA7C	1189	1358
꿰	EA02 EA7C	1190	1356
앰	EA03 EA7C	1191	1323
씹	EA04 EA7C	1192	1322
샐	EA05 EA7C	1193	1319
퀄	EA06 EA7C	1194	1316
튿	EA07 EA7C	1195	1316
꿇	EA08 EA7C	1196	1307
텝	EA09 EA7C	1197	1297
띈	EA0A EA7C	1198	1294
챈	EA00 EA7D	1199	1287
얄	EA01 EA7D	1200	1267
홋	EA02 EA7D	1201	1262
팟	EA03 EA7D	1202	1242
맷	EA04 EA7D	1203	1234
똥	EA05 EA7D	1204	1231
댁	EA06 EA7D	1205	1224
뺏	EA07 EA7D	1206	1218
똘	EA08 EA7D	1207	1201
뽀	EA09 EA7D	1208	1201
걀	EA0A EA7D	1209	1185
팰	EA00 EA7E	1210	1185
튬	EA01 EA7E	1211	1181
쯔	EA02 EA7E	1212	1175
룻	EA03 EA7E	1213	1174
웍	EA04 EA7E	1214	1172
팸	EA05 EA7E	1215	1156
왓	EA06 EA7E	1216	1154
딴	EA07 EA7E	1217	1142
몹	EA08 EA7E	1218	1140
빡	EA09 EA7E	1219	1137
췌	EA0A EA7E	1220	1137
솥	EA00 EA80	1221	1136
엌	EA01 EA80	1222	1113
덟	EA02 EA80	1223	1111
딤	EA03 EA80	1224	1098
샴	EA04 EA80	1225	1095
즙	EA05 EA80	1226	1090
덥	EA06 EA80	1227	1081
팥	EA07 EA80	1228	1072
팁	EA08 EA80	1229	1063
찼	EA09 EA80	1230	1053
퓰	EA0A EA80	1231	1051
썸	EA00 EA81	1232	1042
둡	EA01 EA81	1233	1027
썬	EA02 EA81	1234	1026
섣	EA03 EA81	1235	1025
떳	EA04 EA81	1236	1011
숱	EA05 EA81	1237	1000
샹	EA06 EA81	1238	999
깡	EA07 EA81	1239	990
눅	EA08 EA81	1240	989
씁	EA09 EA81	1241	984
넛	EA0A EA81	1242	977
녘	EA00 EA82	1243	975
뾰	EA01 EA82	1244	973
깅	EA02 EA82	1245	970
탰	EA03 EA82	1246	968
츰	EA04 EA82	1247	961
펭	EA05 EA82	1248	960
댔	EA06 EA82	1249	958
큘	EA07 EA82	1250	956
깁	EA08 EA82	1251	954
폄	EA09 EA82	1252	954
넸	EA0A EA82	1253	952
딥	EA00 EA84	1254	945
톈	EA01 EA84	1255	939
얕	EA02 EA84	1256	931
샬	EA03 EA84	1257	929
뽕	EA04 EA84	1258	926
쿤	EA05 EA84	1259	916
땐	EA06 EA84	1260	905
찻	EA07 EA84	1261	895
겟	EA08 EA84	1262	891
빽	EA09 EA84	1263	890
캉	EA0A EA84	1264	886
룽	EA00 EA85	1265	884
댈	EA01 EA85	1266	882
칵	EA02 EA85	1267	881
꿋	EA03 EA85	1268	880
쩡	EA04 EA85	1269	868
긁	EA05 EA85	1270	865
맏	EA06 EA85	1271	864
텨	EA07 EA85	1272	856
젯	EA08 EA85	1273	855
뵙	EA09 EA85	1274	848
떴	EA0A EA85	1275	844
싯	EA00 EA86	1276	842
쌈	EA01 EA86	1277	837
춥	EA02 EA86	1278	837
귄	EA03 EA86	1279	823
맴	EA04 EA86	1280	819
슭	EA05 EA86	1281	817
퐁	EA06 EA86	1282	809
랏	EA07 EA86	1283	805
쐐	EA08 EA86	1284	797
춧	EA09 EA86	1285	787
왠	EA0A EA86	1286	769
썽	EA00 EA87	1287	768
퉈	EA01 EA87	1288	765
팻	EA02 EA87	1289	761
랠	EA03 EA87	1290	755
눕	EA04 EA87	1291	754
탭	EA05 EA87	1292	751
팠	EA06 EA87	1293	743
츄	EA07 EA87	1294	742
땄	EA08 EA87	1295	737
짊	EA09 EA87	1296	733
샛	EA0A EA87	1297	728
잼	EA00 EA88	1298	724
툭	EA01 EA88	1299	721
윽	EA02 EA88	1300	714
괘	EA03 EA88	1301	713
넋	EA04 EA88	1302	708
쥔	EA05 EA88	1303	707
텁	EA06 EA88	1304	704
챗	EA07 EA88	1305	698
뺨	EA08 EA88	1306	697
뻑	EA09 EA88	1307	683
푹	EA0A EA88	1308	675
썹	EA00 EA89	1309	672
좇	EA01 EA89	1310	669
텅	EA02 EA89	1311	669
퀀	EA03 EA89	1312	659
캣	EA04 EA89	1313	656
낵	EA05 EA89	1314	654
틋	EA06 EA89	1315	649
쉴	EA07 EA89	1316	648
씽	EA08 EA89	1317	648
쿵	EA09 EA89	1318	641
훤	EA0A EA89	1319	640
랗	EA00 EA8A	1320	635
꽤	EA01 EA8A	1321	631
짬	EA02 EA8A	1322	629
댕	EA03 EA8A	1323	623
뗐	EA04 EA8A	1324	621
쫄	EA05 EA8A	1325	618
컥	EA06 EA8A	1326	618
궂	EA07 EA8A	1327	616
깍	EA08 EA8A	1328	614
뭘	EA09 EA8A	1329	614
쎄	EA0A EA8A	1330	608
뿍	EA00 EA8B	1331	604
쭈	EA01 EA8B	1332	599
몄	EA02 EA8B	1333	597
킵	EA03 EA8B	1334	595
핌	EA04 EA8B	1335	595
찐	EA05 EA8B	1336	594
뺑	EA06 EA8B	1337	592
헷	EA07 EA8B	1338	592
켐	EA08 EA8B	1339	591
빴	EA09 EA8B	1340	590
샅	EA0A EA8B	1341	588
짠	EA00 EA8C	1342	588
섀	EA01 EA8C	1343	587
얗	EA02 EA8C	1344	586
읊	EA03 EA8C	1345	583
짤	EA04 EA8C	1346	579
갭	EA05 EA8C	1347	575
띔	EA06 EA8C	1348	575
숯	EA07 EA8C	1349	568
밧	EA08 EA8C	1350	564
욘	EA09 EA8C	1351	557
얏	EA0A EA8C	1352	555
셴	EA00 EA8D	1353	539
숏	EA01 EA8D	1354	539
밈	EA02 EA8D	1355	538
쁠	EA03 EA8D	1356	538
윔	EA04 EA8D	1357	536
옻	EA05 EA8D	1358	534
쉰	EA06 EA8D	1359	533
벵	EA07 EA8D	1360	526
촨	EA08 EA8D	1361	525
껄	EA09 EA8D	1362	518
믈	EA0A EA8D	1363	518
뫼	EA00 EA8E	1364	516
숄	EA01 EA8E	1365	512
왁	EA02 EA8E	1366	509
갸	EA03 EA8E	1367	504
쿡	EA04 EA8E	1368	504
땡	EA05 EA8E	1369	503
셧	EA06 EA8E	1370	488
엊	EA07 EA8E	1371	487
헥	EA08 EA8E	1372	486
뻘	EA09 EA8E	1373	485
꽝	EA0A EA8E	1374	483
윅	EA00 EA8F	1375	483
뻤	EA01 EA8F	1376	481
틔	EA02 EA8F	1377	481
얌	EA03 EA8F	1378	480
뎠	EA04 EA8F	1379	478
궜	EA05 EA8F	1380	474
뻣	EA06 EA8F	1381	474
펩	EA07 EA8F	1382	473
옅	EA08 EA8F	1383	469
뚤	EA09 EA8F	1384	468
튠	EA0A EA8F	1385	468
렙	EA00 EA90	1386	466
잿	EA01 EA90	1387	464
젼	EA02 EA90	1388	463
엥	EA03 EA90	1389	462
훑	EA04 EA90	1390	459
뎀	EA05 EA90	1391	458
땠	EA06 EA90	1392	456
숟	EA07 EA90	1393	455
뇽	EA08 EA90	1394	449
볐	EA09 EA90	1395	446
튕	EA0A EA90	1396	445
뵈	EA00 EA91	1397	442
냇	EA01 EA91	1398	441
닳	EA02 EA91	1399	441
쌌	EA03 EA91	1400	433
켠	EA04 EA91	1401	431
촐	EA05 EA91	1402	423
뎅	EA06 EA91	1403	422
깼	EA07 EA91	1404	420
쩐	EA08 EA91	1405	419
뛴	EA09 EA91	1406	418
쐈	EA0A EA91	1407	416
챠	EA00 EA92	1408	411
윷	EA01 EA92	1409	410
퀵	EA02 EA92	1410	404
찹	EA03 EA92	1411	395
맣	EA04 EA92	1412	394
멩	EA05 EA92	1413	387
뺐	EA06 EA92	1414	387
댑	EA07 EA92	1415	386
괌	EA08 EA92	1416	384
웜	EA09 EA92	1417	383
쟈	EA0A EA92	1418	381
캅	EA00 EA93	1419	379
귓	EA01 EA93	1420	378
쑨	EA02 EA93	1421	366
돛	EA03 EA93	1422	365
쉘	EA04 EA93	1423	360
쬐	EA05 EA93	1424	360
롄	EA06 EA93	1425	359
헹	EA07 EA93	1426	359
샨	EA08 EA93	1427	358
뮈	EA09 EA93	1428	355
뒹	EA0A EA93	1429	353
줏	EA00 EA94	1430	342
꼰	EA01 EA94	1431	340
웁	EA02 EA94	1432	340
듦	EA03 EA94	1433	338
텼	EA04 EA94	1434	337
맬	EA05 EA94	1435	336
쏙	EA06 EA94	1436	335
꺽	EA07 EA94	1437	334
찡	EA08 EA94	1438	334
땜	EA09 EA94	1439	333
큽	EA0A EA94	1440	329
훙	EA00 EA95	1441	329
덫	EA01 EA95	1442	328
쇳	EA02 EA95	1443	328
앴	EA03 EA95	1444	326
멱	EA04 EA95	1445	325
캇	EA05 EA95	1446	325
껌	EA06 EA95	1447	323
튤	EA07 EA95	1448	323
잤	EA08 EA95	1449	321
땔	EA09 EA95	1450	317
솎	EA0A EA95	1451	317
괭	EA00 EA96	1452	314
횃	EA01 EA96	1453	313
깻	EA02 EA96	1454	309
쭤	EA03 EA96	1455	305
듐	EA04 EA96	1456	304
녜	EA05 EA96	1457	301
쓱	EA06 EA96	1458	301
퀼	EA07 EA96	1459	301
갛	EA08 EA96	1460	299
뼛	EA09 EA96	1461	296
젬	EA0A EA96	1462	296
엡	EA00 EA97	1463	291
굣	EA01 EA97	1464	289
앳	EA02 EA97	1465	288
꼿	EA03 EA97	1466	286
볏	EA04 EA97	1467	284
뻥	EA05 EA97	1468	284
훅	EA06 EA97	1469	283
꾹	EA07 EA97	1470	282
뮐	EA08 EA97	1471	281
햅	EA09 EA97	1472	281
잰	EA0A EA97	1473	280
쵸	EA00 EA98	1474	280
챘	EA01 EA98	1475	279
윳	EA02 EA98	1476	275
퍽	EA03 EA98	1477	272
꿉	EA04 EA98	1478	269
홧	EA05 EA98	1479	266
늉	EA06 EA98	1480	262
떄	EA07 EA98	1481	260
쾰	EA08 EA98	1482	260
굼	EA09 EA98	1483	254
힉	EA0A EA98	1484	254
넝	EA00 EA99	1485	253
헴	EA01 EA99	1486	252
콴	EA02 EA99	1487	251
놉	EA03 EA99	1488	248
갉	EA04 EA99	1489	247
닻	EA05 EA99	1490	247
낍	EA06 EA99	1491	246
챕	EA07 EA99	1492	245
쫀	EA08 EA99	1493	243
탯	EA09 EA99	1494	242
렝	EA0A EA99	1495	240
갠	EA00 EA9A	1496	237
엷	EA01 EA9A	1497	237
짭	EA02 EA9A	1498	236
쫒	EA03 EA9A	1499	235
빕	EA04 EA9A	1500	234
짰	EA05 EA9A	1501	234
슝	EA06 EA9A	1502	233
멎	EA07 EA9A	1503	232
셌	EA08 EA9A	1504	231
끙	EA09 EA9A	1505	230
댜	EA0A EA9A	1506	229
빤	EA00 EA9D	1507	229
휼	EA01 EA9D	1508	229
쏜	EA02 EA9D	1509	228
꿍	EA03 EA9D	1510	227
힝	EA04 EA9D	1511	227
쿰	EA05 EA9D	1512	225
밉	EA06 EA9D	1513	218
슌	EA07 EA9D	1514	217
뗏	EA08 EA9D	1515	216
핥	EA09 EA9D	1516	216
탉	EA0A EA9D	1517	213
찧	EA00 EA9B	1518	209
넙	EA01 EA9B	1519	207
씰	EA02 EA9B	1520	207
욜	EA03 EA9B	1521	207
욤	EA04 EA9B	1522	207
꿩	EA05 EA9B	1523	203
텟	EA06 EA9B	1524	203
껐	EA07 EA9B	1525	201
숴	EA08 EA9B	1526	200
쐬	EA09 EA9B	1527	200
쳇	EA0A EA9B	1528	200
꽉	EA00 EA9C	1529	198
뭍	EA01 EA9C	1530	198
캥	EA02 EA9C	1531	198
뮴	EA03 EA9C	1532	197
쏴	EA04 EA9C	1533	197
뷸	EA05 EA9C	1534	196
쁩	EA06 EA9C	1535	196
맸	EA07 EA9C	1536	195
뇰	EA08 EA9C	1537	189
쪄	EA09 EA9C	1538	188
퓌	EA0A EA9C	1539	188
칡	EA00 EA9F	1540	186
폿	EA01 EA9F	1541	184
겅	EA02 EA9F	1542	183
찝	EA03 EA9F	1543	183
눗	EA04 EA9F	1544	180
쥘	EA05 EA9F	1545	180
펍	EA06 EA9F	1546	180
쿱	EA07 EA9F	1547	179
둣	EA08 EA9F	1548	178
꿎	EA09 EA9F	1549	175
왑	EA0A EA9F	1550	175
쌤	EA00 EAA0	1551	173
텄	EA01 EAA0	1552	173
츨	EA02 EAA0	1553	166
솅	EA03 EAA0	1554	165
쌩	EA04 EAA0	1555	165
쫑	EA05 EAA0	1556	165
넵	EA06 EAA0	1557	163
켤	EA07 EAA0	1558	163
꽈	EA08 EAA0	1559	162
넴	EA09 EAA0	1560	162
톳	EA0A EAA0	1561	161
옇	EA00 EAA1	1562	159
웡	EA01 EAA1	1563	159
쾅	EA02 EAA1	1564	157
웸	EA03 EAA1	1565	155
쥴	EA04 EAA1	1566	155
팹	EA05 EAA1	1567	155
뱌	EA06 EAA1	1568	154
쌉	EA07 EAA1	1569	154
첵	EA08 EAA1	1570	154
긱	EA09 EAA1	1571	153
셍	EA0A EAA1	1572	152
컹	EA00 EAA2	1573	151
빳	EA01 EAA2	1574	150
깬	EA02 EAA2	1575	149
솝	EA03 EAA2	1576	149
넜	EA04 EAA2	1577	146
섶	EA05 EAA2	1578	145
쏭	EA06 EAA2	1579	145
펐	EA07 EAA2	1580	145
쭐	EA08 EAA2	1581	144
튈	EA09 EAA2	1582	144
홑	EA0A EAA2	1583	143
쨍	EA00 EAA3	1584	142
펨	EA01 EAA3	1585	142
뀜	EA02 EAA3	1586	140
텡	EA03 EAA3	1587	138
뎃	EA04 EAA3	1588	137
뺀	EA05 EAA3	1589	137
숀	EA06 EAA3	1590	137
뎁	EA07 EAA3	1591	135
쾨	EA08 EAA3	1592	134
뼉	EA09 EAA3	1593	133
쑹	EA0A EAA3	1594	133
뺌	EA00 EAA4	1595	132
씸	EA01 EAA4	1596	132
귈	EA02 EAA4	1597	130
잽	EA03 EAA4	1598	127
콸	EA04 EAA4	1599	127
뉠	EA05 EAA4	1600	124
헵	EA06 EAA4	1601	123
죗	EA07 EAA4	1602	122
퉜	EA08 EAA4	1603	122
곪	EA09 EAA4	1604	120
띵	EA0A EAA4	1605	120
뵐	EA00 EAA5	1606	117
묽	EA01 EAA5	1607	116
캬	EA02 EAA5	1608	116
꽹	EA03 EAA5	1609	115
놋	EA04 EAA5	1610	115
떫	EA05 EAA5	1611	113
볜	EA06 EAA5	1612	112
짢	EA07 EAA5	1613	112
푯	EA08 EAA5	1614	112
믐	EA09 EAA5	1615	110
햐	EA0A EAA5	1616	110
믄	EA00 EAA6	1617	109
갬	EA01 EAA6	1618	108
겊	EA02 EAA6	1619	108
뷴	EA03 EAA6	1620	108
윕	EA04 EAA6	1621	108
툇	EA05 EAA6	1622	108
갗	EA06 EAA6	1623	107
헉	EA07 EAA6	1624	105
뙤	EA08 EAA6	1625	104
벧	EA09 EAA6	1626	104
챤	EA0A EAA6	1627	104
냑	EA00 EAA7	1628	103
됬	EA01 EAA7	1629	103
딨	EA02 EAA7	1630	102
봬	EA03 EAA7	1631	102
긔	EA04 EAA7	1632	101
앎	EA05 EAA7	1633	100
뮨	EA06 EAA7	1634	99
켑	EA07 EAA7	1635	99
삯	EA08 EAA7	1636	98
헀	EA09 EAA7	1637	98
뺄	EA0A EAA7	1638	96
겋	EA00 EAA8	1639	95
쩨	EA01 EAA8	1640	95
땋	EA02 EAA8	1641	94
뜀	EA03 EAA8	1642	94
뻬	EA04 EAA8	1643	94
뗀	EA05 EAA8	1644	92
쟝	EA06 EAA8	1645	92
뛸	EA07 EAA8	1646	91
곗	EA08 EAA8	1647	90
룀	EA09 EAA8	1648	90
멓	EA0A EAA8	1649	90
숑	EA00 EAA9	1650	90
륄	EA01 EAA9	1651	89
엾	EA02 EAA9	1652	89
냘	EA03 EAA9	1653	88
뼘	EA04 EAA9	1654	88
쎈	EA05 EAA9	1655	87
쪘	EA06 EAA9	1656	87
겜	EA07 EAA9	1657	86
깽	EA08 EAA9	1658	85
혓	EA09 EAA9	1659	84
먀	EA0A EAA9	1660	83
빻	EA00 EAAA	1661	83
퓸	EA01 EAAA	1662	83
뭣	EA02 EAAA	1663	82
좡	EA03 EAAA	1664	81
쌔	EA04 EAAA	1665	80
옙	EA05 EAAA	1666	80
쩜	EA06 EAAA	1667	80
훠	EA07 EAAA	1668	79
떵	EA08 EAAA	1669	77
쉑	EA09 EAAA	1670	77
죤	EA0A EAAA	1671	77
냔	EA00 EAAB	1672	76
쇤	EA01 EAAB	1673	76
쭙	EA02 EAAB	1674	76
겄	EA03 EAAB	1675	75
꾜	EA04 EAAB	1676	75
휜	EA05 EAAB	1677	75
옭	EA06 EAAB	1678	74
휀	EA07 EAAB	1679	74
휑	EA08 EAAB	1680	74
샥	EA09 EAAB	1681	73
셤	EA0A EAAB	1682	73
슥	EA00 EAAC	1683	73
픕	EA01 EAAC	1684	73
귐	EA02 EAAC	1685	71
꼐	EA03 EAAC	1686	71
낑	EA04 EAAC	1687	71
걔	EA05 EAAC	1688	70
깟	EA06 EAAC	1689	70
욥	EA07 EAAC	1690	70
헙	EA08 EAAC	1691	70
낟	EA09 EAAC	1692	69
륀	EA0A EAAC	1693	69
뢴	EA00 EAAD	1694	68
윰	EA01 EAAD	1695	67
쳄	EA02 EAAD	1696	67
뵤	EA03 EAAD	1697	66
쎌	EA04 EAAD	1698	65
킁	EA05 EAAD	1699	65
됭	EA06 EAAD	1700	64
뭡	EA07 EAAD	1701	64
읜	EA08 EAAD	1702	64
펏	EA09 EAAD	1703	64
솽	EA0A EAAD	1704	63
갹	EA00 EAAE	1705	62
랖	EA01 EAAE	1706	62
돝	EA02 EAAE	1707	61
샜	EA03 EAAE	1708	61
곯	EA04 EAAE	1709	60
껀	EA05 EAAE	1710	60
껫	EA06 EAAE	1711	60
젱	EA07 EAAE	1712	60
푀	EA08 EAAE	1713	60
쥰	EA09 EAAE	1714	59
렜	EA0A EAAE	1715	58
쟤	EA00 EAAF	1716	58
셩	EA01 EAAF	1717	57
얍	EA02 EAAF	1718	57
댠	EA03 EAAF	1719	56
띕	EA04 EAAF	1720	56
벰	EA05 EAAF	1721	56
탸	EA06 EAAF	1722	56
흄	EA07 EAAF	1723	56
덖	EA08 EAAF	1724	54
뿅	EA09 EAAF	1725	54
쨩	EA0A EAAF	1726	54
냠	EA00 EAB0	1727	53
똬	EA01 EAB0	1728	53
쌕	EA02 EAB0	1729	53
멥	EA03 EAB0	1730	52
섐	EA04 EAB0	1731	52
쾃	EA05 EAB0	1732	52
묀	EA06 EAB0	1733	51
붇	EA07 EAB0	1734	51
젋	EA08 EAB0	1735	51
쨋	EA09 EAB0	1736	51
넒	EA0A EAB0	1737	49
뤽	EA00 EAB3	1738	49
뱁	EA01 EAB3	1739	49
뽁	EA02 EAB3	1740	49
찿	EA03 EAB3	1741	49
퇀	EA04 EAB3	1742	48
휙	EA05 EAB3	1743	48
뉼	EA06 EAB3	1744	47
쳉	EA07 EAB3	1745	47
풂	EA08 EAB3	1746	47
힛	EA09 EAB3	1747	47
뎬	EA0A EAB3	1748	46
쭝	EA00 EAB5	1749	46
츤	EA01 EAB5	1750	45
괵	EA02 EAB5	1751	44
쿈	EA03 EAB5	1752	43
랸	EA04 EAB5	1753	42
뵀	EA05 EAB5	1754	42
휨	EA06 EAB5	1755	42
뀝	EA07 EAB5	1756	41
쉈	EA08 EAB5	1757	41
팃	EA09 EAB5	1758	41
갰	EA0A EAB5	1759	40
괸	EA00 EAB6	1760	40
뉩	EA01 EAB6	1761	40
돤	EA02 EAB6	1762	40
뜹	EA03 EAB6	1763	40
쑈	EA04 EAB6	1764	40
캑	EA05 EAB6	1765	40
꽥	EA06 EAB6	1766	39
눙	EA07 EAB6	1767	39
맟	EA08 EAB6	1768	39
쉔	EA09 EAB6	1769	39
쳔	EA0A EAB6	1770	39
뭅	EA00 EAB7	1771	38
췬	EA01 EAB7	1772	38
땃	EA02 EAB7	1773	37
묄	EA03 EAB7	1774	37
솨	EA04 EAB7	1775	37
쟀	EA05 EAB7	1776	37
촹	EA06 EAB7	1777	37
븀	EA07 EAB7	1778	36
웻	EA08 EAB7	1779	36
끕	EA09 EAB7	1780	35
돠	EA0A EAB7	1781	35
켕	EA00 EAB8	1782	35
쾡	EA01 EAB8	1783	35
뎐	EA02 EAB8	1784	34
뿡	EA03 EAB8	1785	34
삵	EA04 EAB8	1786	34
샙	EA05 EAB8	1787	34
줴	EA06 EAB8	1788	34
짹	EA07 EAB8	1789	34
뎡	EA08 EAB8	1790	33
듄	EA09 EAB8	1791	33
뗄	EA0A EAB8	1792	33
뷜	EA00 EAB9	1793	33
섦	EA01 EAB9	1794	33
욧	EA02 EAB9	1795	33
웩	EA03 EAB9	1796	33
톺	EA04 EAB9	1797	33
긷	EA05 EAB9	1798	32
웽	EA06 EAB9	1799	32
좆	EA07 EAB9	1800	32
죈	EA08 EAB9	1801	32
굄	EA09 EAB9	1802	31
듸	EA0A EAB9	1803	31
뵌	EA00 EABA	1804	31
빰	EA01 EABA	1805	31
셥	EA02 EABA	1806	31
썻	EA03 EABA	1807	31
젭	EA04 EABA	1808	31
졍	EA05 EABA	1809	31
닢	EA06 EABA	1810	30
샾	EA07 EABA	1811	30
숩	EA08 EABA	1812	30
홰	EA09 EABA	1813	30
깰	EA0A EABA	1814	29
붑	EA00 EABB	1815	29
뽈	EA01 EABB	1816	29
쌰	EA02 EABB	1817	29
츈	EA03 EABB	1818	29
퇘	EA04 EABB	1819	29
헸	EA05 EABB	1820	29
잌	EA06 EABB	1821	28
횬	EA07 EABB	1822	28
궉	EA08 EABB	1823	27
쌘	EA09 EABB	1824	27
쏨	EA0A EABB	1825	27
죌	EA00 EABC	1826	27
큅	EA01 EABC	1827	27
횔	EA02 EABC	1828	27
뱐	EA03 EABC	1829	26
뷧	EA04 EABC	1830	26
짇	EA05 EABC	1831	26
휄	EA06 EABC	1832	26
넹	EA07 EABC	1833	25
럅	EA08 EABC	1834	25
룟	EA09 EABC	1835	25
쮸	EA0A EABC	1836	25
낏	EA00 EABD	1837	24
뎨	EA01 EABD	1838	24
솁	EA02 EABD	1839	24
쉥	EA03 EABD	1840	24
쏸	EA04 EABD	1841	24
쟌	EA05 EABD	1842	24
좨	EA06 EABD	1843	24
톄	EA07 EABD	1844	24
륌	EA08 EABD	1845	23
멨	EA09 EABD	1846	23
묏	EA0A EABD	1847	23
죵	EA00 EABE	1848	23
튄	EA01 EABE	1849	23
퓔	EA02 EABE	1850	23
꾐	EA03 EABE	1851	22
띨	EA04 EABE	1852	22
뢸	EA05 EABE	1853	22
몐	EA06 EABE	1854	22
믓	EA07 EABE	1855	22
왐	EA08 EABE	1856	22
좥	EA09 EABE	1857	22
쨈	EA0A EABE	1858	22
찟	EA00 EABF	1859	22
촤	EA01 EABF	1860	22
겡	EA02 EABF	1861	21
꺄	EA03 EABF	1862	21
벋	EA04 EABF	1863	21
좦	EA05 EABF	1864	21
짦	EA06 EABF	1865	21
쪾	EA07 EABF	1866	21
쯧	EA08 EABF	1867	21
퍅	EA09 EABF	1868	21
햘	EA0A EABF	1869	21
졔	EA00 EAC3	1870	20
쳬	EA01 EAC3	1871	20
믜	EA02 EAC3	1872	19
삘	EA03 EAC3	1873	19
섄	EA04 EAC3	1874	19
섕	EA05 EAC3	1875	19
쳅	EA06 EAC3	1876	19
캤	EA07 EAC3	1877	19
큭	EA08 EAC3	1878	19
푈	EA09 EAC3	1879	19
휭	EA0A EAC3	1880	19
녓	EA00 EAC4	1881	18
쨰	EA01 EAC4	1882	18
퀜	EA02 EAC4	1883	18
툽	EA03 EAC4	1884	18
걍	EA04 EAC4	1885	17
궬	EA05 EAC4	1886	17
댱	EA06 EAC4	1887	17
땟	EA07 EAC4	1888	17
롼	EA08 EAC4	1889	17
먄	EA09 EAC4	1890	17
멉	EA0A EAC4	1891	17
삑	EA00 EAC5	1892	17
쒀	EA01 EAC5	1893	17
큇	EA02 EAC5	1894	17
큠	EA03 EAC5	1895	17
틍	EA04 EAC5	1896	17
푁	EA05 EAC5	1897	17
흗	EA06 EAC5	1898	17
궃	EA07 EAC5	1899	16
녈	EA08 EAC5	1900	16
녠	EA09 EAC5	1901	16
됴	EA0A EAC5	1902	16
뜁	EA00 EAC7	1903	16
롸	EA01 EAC7	1904	16
쇽	EA02 EAC7	1905	16
슁	EA03 EAC7	1906	16
얉	EA04 EAC7	1907	16
췰	EA05 EAC7	1908	16
켁	EA06 EAC7	1909	16
퀭	EA07 EAC7	1910	16
팼	EA08 EAC7	1911	16
폽	EA09 EAC7	1912	16
겯	EA0A EAC7	1913	15
겻	EA00 EAC8	1914	15
릫	EA01 EAC8	1915	15
릮	EA02 EAC8	1916	15
뱄	EA03 EAC8	1917	15
뷘	EA04 EAC8	1918	15
쉿	EA05 EAC8	1919	15
졋	EA06 EAC8	1920	15
쫙	EA07 EAC8	1921	15
챦	EA08 EAC8	1922	15
챱	EA09 EAC8	1923	15
쿳	EA0A EAC8	1924	15
텬	EA00 EAC9	1925	15
퉤	EA01 EAC9	1926	15
퍄	EA02 EAC9	1927	15
햏	EA03 EAC9	1928	15
곬	EA04 EAC9	1929	14
뚠	EA05 EAC9	1930	14
멒	EA06 EAC9	1931	14
묠	EA07 EAC9	1932	14
묫	EA08 EAC9	1933	14
밞	EA09 EAC9	1934	14
뱡	EA0A EAC9	1935	14
욀	EA00 EACA	1936	14
잴	EA01 EACA	1937	14
젹	EA02 EACA	1938	14
짼	EA03 EACA	1939	14
쭌	EA04 EACA	1940	14
첬	EA05 EACA	1941	14
츳	EA06 EACA	1942	14
휫	EA07 EACA	1943	14
꽌	EA08 EACA	1944	13
뒈	EA09 EACA	1945	13
뙈	EA0A EACA	1946	13
뤠	EA00 EACB	1947	13
뵘	EA01 EACB	1948	13
뺴	EA02 EACB	1949	13
쀼	EA03 EACB	1950	13
삥	EA04 EACB	1951	13
섈	EA05 EACB	1952	13
솀	EA06 EACB	1953	13
왱	EA07 EACB	1954	13
풉	EA08 EACB	1955	13
겆	EA09 EACB	1956	12
곘	EA0A EACB	1957	12
꺠	EA00 EACC	1958	12
끎	EA01 EACC	1959	12
뉨	EA02 EACC	1960	12
닯	EA03 EACC	1961	12
똠	EA04 EACC	1962	12
뜾	EA05 EACC	1963	12
뫄	EA06 EACC	1964	12
빱	EA07 EACC	1965	12
웟	EA08 EACC	1966	12
쟉	EA09 EACC	1967	12
젔	EA0A EACC	1968	12
쳰	EA00 EACD	1969	12
춍	EA01 EACD	1970	12
칟	EA02 EACD	1971	12
틑	EA03 EACD	1972	12
횐	EA04 EACD	1973	12
흭	EA05 EACD	1974	12
겝	EA06 EACD	1975	11
꼇	EA07 EACD	1976	11
뉵	EA08 EACD	1977	11
뎍	EA09 EACD	1978	11
됫	EA0A EACD	1979	11
뒬	EA00 EACE	1980	11
뒴	EA01 EACE	1981	11
뜷	EA02 EACE	1982	11
띌	EA03 EACE	1983	11
룔	EA04 EACE	1984	11
쟎	EA05 EACE	1985	11
쭸	EA06 EACE	1986	11
쯩	EA07 EACE	1987	11
큉	EA08 EACE	1988	11
큔	EA09 EACE	1989	11
훵	EA0A EACE	1990	11
늣	EA00 EACF	1991	10
뒨	EA01 EACF	1992	10
딫	EA02 EACF	1993	10
똔	EA03 EACF	1994	10
뚬	EA04 EACF	1995	10
랲	EA05 EACF	1996	10
룅	EA06 EACF	1997	10
묜	EA07 EACF	1998	10
벴	EA08 EACF	1999	10
욋	EA09 EACF	2000	10
쨔	EA0A EACF	2001	10
챵	EA00 EAD0	2002	10
쳥	EA01 EAD0	2003	10
츌	EA02 EAD0	2004	10
콱	EA03 EAD0	2005	10
퍈	EA04 EAD0	2006	10
푄	EA05 EAD0	2007	10
풰	EA06 EAD0	2008	10
픗	EA07 EAD0	2009	10
껜	EA08 EAD0	2010	9
껭	EA09 EAD0	2011	9
녤	EA0A EAD0	2012	9
돐	EA00 EAD1	2013	9
됏	EA01 EAD1	2014	9
똣	EA02 EAD1	2015	9
릳	EA03 EAD1	2016	9
묾	EA04 EAD1	2017	9
뭏	EA05 EAD1	2018	9
뽄	EA06 EAD1	2019	9
삔	EA07 EAD1	2020	9
솃	EA08 EAD1	2021	9
쇨	EA09 EAD1	2022	9
숌	EA0A EAD1	2023	9
쏩	EA00 EAD2	2024	9
앝	EA01 EAD2	2025	9
옜	EA02 EAD2	2026	9
읕	EA03 EAD2	2027	9
좍	EA04 EAD2	2028	9
즁	EA05 EAD2	2029	9
쫌	EA06 EAD2	2030	9
쬔	EA07 EAD2	2031	9
촵	EA08 EAD2	2032	9
쵤	EA09 EAD2	2033	9
췐	EA0A EAD2	2034	9
큄	EA00 EAD3	2035	9
텽	EA01 EAD3	2036	9
흣	EA02 EAD3	2037	9
괼	EA03 EAD3	2038	8
굛	EA04 EAD3	2039	8
껸	EA05 EAD3	2040	8
꼍	EA06 EAD3	2041	8
꿴	EA07 EAD3	2042	8
뇐	EA08 EAD3	2043	8
늡	EA09 EAD3	2044	8
덞	EA0A EAD3	2045	8
땝	EA00 EAD5	2046	8
봣	EA01 EAD5	2047	8
슉	EA02 EAD5	2048	8
싿	EA03 EAD5	2049	8
쒸	EA04 EAD5	2050	8
옯	EA05 EAD5	2051	8
읏	EA06 EAD5	2052	8
좐	EA07 EAD5	2053	8
쭘	EA08 EAD5	2054	8
쯘	EA09 EAD5	2055	8
퀠	EA0A EAD5	2056	8
텰	EA00 EAD6	2057	8
퇼	EA01 EAD6	2058	8
툐	EA02 EAD6	2059	8
툠	EA03 EAD6	2060	8
푕	EA04 EAD6	2061	8
햤	EA05 EAD6	2062	8
귿	EA06 EAD6	2063	7
깠	EA07 EAD6	2064	7
놰	EA08 EAD6	2065	7
뇬	EA09 EAD6	2066	7
눼	EA0A EAD6	2067	7
됀	EA00 EAD9	2068	7
몆	EA01 EAD9	2069	7
밎	EA02 EAD9	2070	7
뺍	EA03 EAD9	2071	7
섧	EA04 EAD9	2072	7
쑝	EA05 EAD9	2073	7
앟	EA06 EAD9	2074	7
옘	EA07 EAD9	2075	7
왯	EA08 EAD9	2076	7
읖	EA09 EAD9	2077	7
읠	EA0A EAD9	2078	7
쥠	EA00 EADE	2079	7
쩝	EA01 EADE	2080	7
쫘	EA02 EADE	2081	7
켙	EA03 EADE	2082	7
퇸	EA04 EADE	2083	7
틂	EA05 EADE	2084	7
틉	EA06 EADE	2085	7
푠	EA07 EADE	2086	7
햑	EA08 EADE	2087	7
햔	EA09 EADE	2088	7
횰	EA0A EADE	2089	7
훕	EA00 EAD8	2090	7
괏	EA01 EAD8	2091	6
깄	EA02 EAD8	2092	6
깸	EA03 EAD8	2093	6
뉸	EA04 EAD8	2094	6
돟	EA05 EAD8	2095	6
떽	EA06 EAD8	2096	6
뚧	EA07 EAD8	2097	6
띰	EA08 EAD8	2098	6
륩	EA09 EAD8	2099	6
릐	EA0A EAD8	2100	6
몌	EA00 EADB	2101	6
믕	EA01 EADB	2102	6
믾	EA02 EADB	2103	6
벱	EA03 EADB	2104	6
볓	EA04 EADB	2105	6
뿟	EA05 EADB	2106	6
섑	EA06 EADB	2107	6
솓	EA07 EADB	2108	6
숼	EA08 EADB	2109	6
쉭	EA09 EADB	2110	6
쌋	EA0A EADB	2111	6
앏	EA00 EADA	2112	6
왝	EA01 EADA	2113	6
웤	EA02 EADA	2114	6
윱	EA03 EADA	2115	6
윾	EA04 EADA	2116	6
읺	EA05 EADA	2117	6
잛	EA06 EADA	2118	6
좔	EA07 EADA	2119	6
좭	EA08 EADA	2120	6
죔	EA09 EADA	2121	6
줫	EA0A EADA	2122	6
쩬	EA00 EADC	2123	6
쫏	EA01 EADC	2124	6
쬘	EA02 EADC	2125	6
챨	EA03 EADC	2126	6
쳑	EA04 EADC	2127	6
쳘	EA05 EADC	2128	6
춉	EA06 EADC	2129	6
쾬	EA07 EADC	2130	6
쿽	EA08 EADC	2131	6
툥	EA09 EADC	2132	6
푤	EA0A EADC	2133	6
퓐	EA00 EADD	2134	6
핬	EA01 EADD	2135	6
햠	EA02 EADD	2136	6
힁	EA03 EADD	2137	6
곅	EA04 EADD	2138	5
깹	EA05 EADD	2139	5
꺅	EA06 EADD	2140	5
뀄	EA07 EADD	2141	5
뀍	EA08 EADD	2142	5
끠	EA09 EADD	2143	5
닺	EA0A EADD	2144	5
덯	EA00 EADF	2145	5
떰	EA01 EADF	2146	5
뗍	EA02 EADF	2147	5
띱	EA03 EADF	2148	5
륫	EA04 EADF	2149	5
릲	EA05 EADF	2150	5
먕	EA06 EADF	2151	5
먜	EA07 EADF	2152	5
몀	EA08 EADF	2153	5
몃	EA09 EADF	2154	5
밷	EA0A EADF	2155	5
뱔	EA00 EAE0	2156	5
벛	EA01 EAE0	2157	5
빍	EA02 EAE0	2158	5
빝	EA03 EAE0	2159	5
섥	EA04 EAE0	2160	5
셕	EA05 EAE0	2161	5
셱	EA06 EAE0	2162	5
솬	EA07 EAE0	2163	5
슾	EA08 EAE0	2164	5
쑬	EA09 EAE0	2165	5
쒔	EA0A EAE0	2166	5
씼	EA00 EAEE	2167	5
얐	EA01 EAEE	2168	5
엶	EA02 EAEE	2169	5
욺	EA03 EAEE	2170	5
웝	EA04 EAEE	2171	5
읋	EA05 EAEE	2172	5
읗	EA06 EAEE	2173	5
잗	EA07 EAEE	2174	5
졈	EA08 EAEE	2175	5
좬	EA09 EAEE	2176	5
쥑	EA0A EAEE	2177	5
쥼	EA00 EAE9	2178	5
켭	EA01 EAE9	2179	5
탙	EA02 EAE9	2180	5
툉	EA03 EAE9	2181	5
퐈	EA04 EAE9	2182	5
핟	EA05 EAE9	2183	5
핳	EA06 EAE9	2184	5
햣	EA07 EAE9	2185	5
횅	EA08 EAE9	2186	5
훓	EA09 EAE9	2187	5
훽	EA0A EAE9	2188	5
흝	EA00 EAE1	2189	5
걲	EA01 EAE1	2190	4
괞	EA02 EAE1	2191	4
굥	EA03 EAE1	2192	4
굷	EA04 EAE1	2193	4
귑	EA05 EAE1	2194	4
긇	EA06 EAE1	2195	4
긑	EA07 EAE1	2196	4
꿏	EA08 EAE1	2197	4
꿘	EA09 EAE1	2198	4
뇔	EA0A EAE1	2199	4
늧	EA00 EAE2	2200	4
뎜	EA01 EAE2	2201	4
돎	EA02 EAE2	2202	4
됄	EA03 EAE2	2203	4
땁	EA04 EAE2	2204	4
떪	EA05 EAE2	2205	4
떱	EA06 EAE2	2206	4
뗌	EA07 EAE2	2207	4
띡	EA08 EAE2	2208	4
랼	EA09 EAE2	2209	4
럐	EA0A EAE2	2210	4
롹	EA00 EAE3	2211	4
룐	EA01 EAE3	2212	4
륍	EA02 EAE3	2213	4
륏	EA03 EAE3	2214	4
릍	EA04 EAE3	2215	4
맻	EA05 EAE3	2216	4
맽	EA06 EAE3	2217	4
먁	EA07 EAE3	2218	4
밣	EA08 EAE3	2219	4
볘	EA09 EAE3	2220	4
뵨	EA0A EAE3	2221	4
뵬	EA00 EAE4	2222	4
붸	EA01 EAE4	2223	4
빋	EA02 EAE4	2224	4
뻴	EA03 EAE4	2225	4
삣	EA04 EAE4	2226	4
삷	EA05 EAE4	2227	4
셑	EA06 EAE4	2228	4
슯	EA07 EAE4	2229	4
싻	EA08 EAE4	2230	4
쌨	EA09 EAE4	2231	4
쌴	EA0A EAE4	2232	4
썪	EA00 EAE5	2233	4
쎳	EA01 EAE5	2234	4
씉	EA02 EAE5	2235	4
앚	EA03 EAE5	2236	4
얜	EA04 EAE5	2237	4
얶	EA05 EAE5	2238	4
왬	EA06 EAE5	2239	4
윧	EA07 EAE5	2240	4
읇	EA08 EAE5	2241	4
읫	EA09 EAE5	2242	4
읻	EA0A EAE5	2243	4
잍	EA00 EAE6	2244	4
쟐	EA01 EAE6	2245	4
졀	EA02 EAE6	2246	4
졘	EA03 EAE6	2247	4
짫	EA04 EAE6	2248	4
짯	EA05 EAE6	2249	4
쨉	EA06 EAE6	2250	4
쮜	EA07 EAE6	2251	4
쳣	EA08 EAE6	2252	4
촙	EA09 EAE6	2253	4
츕	EA0A EAE6	2254	4
칲	EA00 EAE7	2255	4
캪	EA01 EAE7	2256	4
캴	EA02 EAE7	2257	4
켬	EA03 EAE7	2258	4
켯	EA04 EAE7	2259	4
쾀	EA05 EAE7	2260	4
쿌	EA06 EAE7	2261	4
탹	EA07 EAE7	2262	4
탼	EA08 EAE7	2263	4
텦	EA09 EAE7	2264	4
톻	EA0A EAE7	2265	4
튁	EA00 EAE8	2266	4
튐	EA01 EAE8	2267	4
튭	EA02 EAE8	2268	4
퍌	EA03 EAE8	2269	4
퍙	EA04 EAE8	2270	4
퍠	EA05 EAE8	2271	4
폅	EA06 EAE8	2272	4
폔	EA07 EAE8	2273	4
픅	EA08 EAE8	2274	4
픙	EA09 EAE8	2275	4
핱	EA0A EAE8	2276	4
핶	EA00 EAEA	2277	4
햬	EA01 EAEA	2278	4
혠	EA02 EAEA	2279	4
홅	EA03 EAEA	2280	4
홛	EA04 EAEA	2281	4
흽	EA05 EAEA	2282	4
갊	EA06 EAEA	2283	3
겍	EA07 EAEA	2284	3
굻	EA08 EAEA	2285	3
궝	EA09 EAEA	2286	3
궨	EA0A EAEA	2287	3
귁	EA00 EAEC	2288	3
긾	EA01 EAEC	2289	3
깂	EA02 EAEC	2290	3
깆	EA03 EAEC	2291	3
깢	EA04 EAEC	2292	3
껠	EA05 EAEC	2293	3
껩	EA06 EAEC	2294	3
껶	EA07 EAEC	2295	3
꼥	EA08 EAEC	2296	3
꽅	EA09 EAEC	2297	3
뀀	EA0A EAEC	2298	3
뀠	EA00 EAF0	2299	3
뀨	EA01 EAF0	2300	3
끅	EA02 EAF0	2301	3
낢	EA03 EAF0	2302	3
낲	EA04 EAF0	2303	3
넀	EA05 EAF0	2304	3
넔	EA06 EAF0	2305	3
넖	EA07 EAF0	2306	3
녑	EA08 EAF0	2307	3
녥	EA09 EAF0	2308	3
녯	EA0A EAF0	2309	3
뇸	EA00 EAF1	2310	3
눋	EA01 EAF1	2311	3
늇	EA02 EAF1	2312	3
늕	EA03 EAF1	2313	3
늚	EA04 EAF1	2314	3
늿	EA05 EAF1	2315	3
닜	EA06 EAF1	2316	3
닸	EA07 EAF1	2317	3
닽	EA08 EAF1	2318	3
댤	EA09 EAF1	2319	3
덨	EA0A EAF1	2320	3
덪	EA00 EAF2	2321	3
뎄	EA01 EAF2	2322	3
돨	EA02 EAF2	2323	3
둉	EA03 EAF2	2324	3
둟	EA04 EAF2	2325	3
뒁	EA05 EAF2	2326	3
땨	EA06 EAF2	2327	3
뗑	EA07 EAF2	2328	3
똡	EA08 EAF2	2329	3
뙨	EA09 EAF2	2330	3
띁	EA0A EAF2	2331	3
띃	EA00 EAF3	2332	3
럇	EA01 EAF3	2333	3
럔	EA02 EAF3	2334	3
롐	EA03 EAF3	2335	3
뢨	EA04 EAF3	2336	3
뤳	EA05 EAF3	2337	3
릂	EA06 EAF3	2338	3
릏	EA07 EAF3	2339	3
릘	EA08 EAF3	2340	3
맜	EA09 EAF3	2341	3
몪	EA0A EAF3	2342	3
몯	EA00 EAF4	2343	3
뭤	EA01 EAF4	2344	3
뭥	EA02 EAF4	2345	3
밂	EA03 EAF4	2346	3
밠	EA04 EAF4	2347	3
벹	EA05 EAF4	2348	3
볔	EA06 EAF4	2349	3
봂	EA07 EAF4	2350	3
봍	EA08 EAF4	2351	3
봘	EA09 EAF4	2352	3
붜	EA0A EAF4	2353	3
뷁	EA00 EAF5	2354	3
븍	EA01 EAF5	2355	3
븜	EA02 EAF5	2356	3
븟	EA03 EAF5	2357	3
뼜	EA04 EAF5	2358	3
뾱	EA05 EAF5	2359	3
삠	EA06 EAF5	2360	3
샂	EA07 EAF5	2361	3
솦	EA08 EAF5	2362	3
숖	EA09 EAF5	2363	3
쉠	EA0A EAF5	2364	3
슙	EA00 EAF7	2365	3
슽	EA01 EAF7	2366	3
싀	EA02 EAF7	2367	3
싄	EA03 EAF7	2368	3
쎅	EA04 EAF7	2369	3
쎔	EA05 EAF7	2370	3
쎴	EA06 EAF7	2371	3
앍	EA07 EAF7	2372	3
앻	EA08 EAF7	2373	3
얃	EA09 EAF7	2374	3
얆	EA0A EAF7	2375	3
얭	EA00 EAF8	2376	3
엤	EA01 EAF8	2377	3
엹	EA02 EAF8	2378	3
옝	EA03 EAF8	2379	3
왰	EA04 EAF8	2380	3
왹	EA05 EAF8	2381	3
욌	EA06 EAF8	2382	3
욍	EA07 EAF8	2383	3
욿	EA08 EAF8	2384	3
윘	EA09 EAF8	2385	3
읆	EA0A EAF8	2386	3
읿	EA00 EAFA	2387	3
젏	EA01 EAFA	2388	3
졜	EA02 EAFA	2389	3
좃	EA03 EAFA	2390	3
좼	EA04 EAFA	2391	3
좽	EA05 EAFA	2392	3
즛	EA06 EAFA	2393	3
짔	EA07 EAFA	2394	3
쨥	EA08 EAFA	2395	3
쩽	EA09 EAFA	2396	3
쫗	EA0A EAFA	2397	3
쬠	EA00 EAFB	2398	3
쮠	EA01 EAFB	2399	3
찎	EA02 EAFB	2400	3
챡	EA03 EAFB	2401	3
챰	EA04 EAFB	2402	3
첮	EA05 EAFB	2403	3
춈	EA06 EAFB	2404	3
춝	EA07 EAFB	2405	3
춸	EA08 EAFB	2406	3
컽	EA09 EAFB	2407	3
퀑	EA0A EAFB	2408	3
킾	EA00 EAFC	2409	3
턀	EA01 EAFC	2410	3
톼	EA02 EAFC	2411	3
툿	EA03 EAFC	2412	3
틒	EA04 EAFC	2413	3
퐐	EA05 EAFC	2414	3
픝	EA06 EAFC	2415	3
헣	EA07 EAFC	2416	3
혿	EA08 EAFC	2417	3
홴	EA09 EAFC	2418	3
횄	EA0A EAFC	2419	3
횻	EA00 EAFD	2420	3
횽	EA01 EAFD	2421	3
갂	EA02 EAFD	2422	2
갘	EA03 EAFD	2423	2
갷	EA04 EAFD	2424	2
갼	EA05 EAFD	2425	2
걑	EA06 EAFD	2426	2
걺	EA07 EAFD	2427	2
겇	EA08 EAFD	2428	2
겙	EA09 EAFD	2429	2
겾	EA0A EAFD	2430	2
곂	EA00 EB00	2431	2
곈	EA01 EB00	2432	2
곌	EA02 EB00	2433	2
곙	EA03 EB00	2434	2
곷	EA04 EB00	2435	2
곺	EA05 EB00	2436	2
곾	EA06 EB00	2437	2
괍	EA07 EB00	2438	2
굇	EA08 EB00	2439	2
굘	EA09 EB00	2440	2
굞	EA0A EB00	2441	2
굮	EA00 EAFF	2442	2
궇	EA01 EAFF	2443	2
궘	EA02 EAFF	2444	2
궡	EA03 EAFF	2445	2
귡	EA04 EAFF	2446	2
귬	EA05 EAFF	2447	2
귱	EA06 EAFF	2448	2
긎	EA07 EAFF	2449	2
긿	EA08 EAFF	2450	2
깉	EA09 EAFF	2451	2
깓	EA0A EAFF	2452	2
깖	EA00 EB02	2453	2
깵	EA01 EB02	2454	2
껨	EA02 EB02	2455	2
껵	EA03 EB02	2456	2
껼	EA04 EB02	2457	2
꽆	EA05 EB02	2458	2
꽐	EA06 EB02	2459	2
꽜	EA07 EB02	2460	2
꾄	EA08 EB02	2461	2
꾕	EA09 EB02	2462	2
꾳	EA0A EB02	2463	2
꾿	EA00 EB99	2464	2
꿂	EA01 EB99	2465	2
꿜	EA02 EB99	2466	2
뀡	EA03 EB99	2467	2
끟	EA04 EB99	2468	2
낞	EA05 EB99	2469	2
낧	EA06 EB99	2470	2
냣	EA07 EB99	2471	2
냤	EA08 EB99	2472	2
냦	EA09 EB99	2473	2
냰	EA0A EB99	2474	2
넎	EA00 EB03	2475	2
넗	EA01 EB03	2476	2
넚	EA02 EB03	2477	2
넞	EA03 EB03	2478	2
넠	EA04 EB03	2479	2
넡	EA05 EB03	2480	2
넢	EA06 EB03	2481	2
넶	EA07 EB03	2482	2
놃	EA08 EB03	2483	2
놏	EA09 EB03	2484	2
뇩	EA0A EB03	2485	2
뇻	EA00 EB04	2486	2
눝	EA01 EB04	2487	2
눞	EA02 EB04	2488	2
눤	EA03 EB04	2489	2
눨	EA04 EB04	2490	2
뉙	EA05 EB04	2491	2
늏	EA06 EB04	2492	2
늗	EA07 EB04	2493	2
늰	EA08 EB04	2494	2
늴	EA09 EB04	2495	2
닠	EA0A EB04	2496	2
닪	EA00 EB06	2497	2
댇	EA01 EB06	2498	2
덈	EA02 EB06	2499	2
덙	EA03 EB06	2500	2
뎔	EA04 EB06	2501	2
뎦	EA05 EB06	2502	2
돚	EA06 EB06	2503	2
돰	EA07 EB06	2504	2
돴	EA08 EB06	2505	2
됍	EA09 EB06	2506	2
됙	EA0A EB06	2507	2
됸	EA00 EB22	2508	2
둤	EA01 EB22	2509	2
둰	EA02 EB22	2510	2
둴	EA03 EB22	2511	2
둿	EA04 EB22	2512	2
뒐	EA05 EB22	2513	2
뒗	EA06 EB22	2514	2
듁	EA07 EB22	2515	2
듕	EA08 EB22	2516	2
듞	EA09 EB22	2517	2
딷	EA0A EB22	2518	2
떈	EA00 EB05	2519	2
떔	EA01 EB05	2520	2
떢	EA02 EB05	2521	2
떥	EA03 EB05	2522	2
떧	EA04 EB05	2523	2
뗬	EA05 EB05	2524	2
뗴	EA06 EB05	2525	2
똟	EA07 EB05	2526	2
뚸	EA08 EB05	2527	2
뛔	EA09 EB05	2528	2
띳	EA0A EB05	2529	2
랃	EA00 EBE8	2530	2
랰	EA01 EBE8	2531	2
럈	EA02 EBE8	2532	2
럲	EA03 EBE8	2533	2
렃	EA04 EBE8	2534	2
렏	EA05 EBE8	2535	2
렣	EA06 EBE8	2536	2
렧	EA07 EBE8	2537	2
롲	EA08 EBE8	2538	2
뢾	EA09 EBE8	2539	2
뢿	EA0A EBE8	2540	2
룁	EA00 EB0A	2541	2
룍	EA01 EB0A	2542	2
룒	EA02 EB0A	2543	2
룓	EA03 EB0A	2544	2
룖	EA04 EB0A	2545	2
룜	EA05 EB0A	2546	2
뤈	EA06 EB0A	2547	2
뤌	EA07 EB0A	2548	2
뤗	EA08 EB0A	2549	2
뤨	EA09 EB0A	2550	2
뤵	EA0A EB0A	2551	2
륑	EA00 EB08	2552	2
릊	EA01 EB08	2553	2
릌	EA02 EB08	2554	2
맂	EA03 EB08	2555	2
맇	EA04 EB08	2556	2
맠	EA05 EB08	2557	2
먗	EA06 EB08	2558	2
멂	EA07 EB08	2559	2
멭	EA08 EB08	2560	2
멵	EA09 EB08	2561	2
몴	EA0A EB08	2562	2
몼	EA00 EB09	2563	2
뫂	EA01 EB09	2564	2
뫃	EA02 EB09	2565	2
뫈	EA03 EB09	2566	2
묑	EA04 EB09	2567	2
묭	EA05 EB09	2568	2
묹	EA06 EB09	2569	2
묺	EA07 EB09	2570	2
뭋	EA08 EB09	2571	2
뭌	EA09 EB09	2572	2
뭎	EA0A EB09	2573	2
뭠	EA00 EB0C	2574	2
뭬	EA01 EB0C	2575	2
뮘	EA02 EB0C	2576	2
뮙	EA03 EB0C	2577	2
믑	EA04 EB0C	2578	2
믽	EA05 EB0C	2579	2
밚	EA06 EB0C	2580	2
밢	EA07 EB0C	2581	2
밨	EA08 EB0C	2582	2
밪	EA09 EB0C	2583	2
뱍	EA0A EB0C	2584	2
뱟	EA00 EB0E	2585	2
벉	EA01 EB0E	2586	2
볃	EA02 EB0E	2587	2
볌	EA03 EB0E	2588	2
볠	EA04 EB0E	2589	2
볻	EA05 EB0E	2590	2
볽	EA06 EB0E	2591	2
봏	EA07 EB0E	2592	2
봔	EA08 EB0E	2593	2
봧	EA09 EB0E	2594	2
봰	EA0A EB0E	2595	2
봽	EA00 EB0F	2596	2
뵛	EA01 EB0F	2597	2
뵜	EA02 EB0F	2598	2
뵝	EA03 EB0F	2599	2
붛	EA04 EB0F	2600	2
붱	EA05 EB0F	2601	2
뷍	EA06 EB0F	2602	2
븅	EA07 EB0F	2603	2
븝	EA08 EB0F	2604	2
븡	EA09 EB0F	2605	2
븥	EA0A EB0F	2606	2
븨	EA00 EB10	2607	2
빓	EA01 EB10	2608	2
뺘	EA02 EB10	2609	2
뺙	EA03 EB10	2610	2
뺵	EA04 EB10	2611	2
뻠	EA05 EB10	2612	2
뻡	EA06 EB10	2613	2
뻰	EA07 EB10	2614	2
뻼	EA08 EB10	2615	2
뼙	EA09 EB10	2616	2
뽷	EA0A EB10	2617	2
뿝	EA00 EB11	2618	2
쁭	EA01 EB11	2619	2
삤	EA02 EB11	2620	2
삧	EA03 EB11	2621	2
삮	EA04 EB11	2622	2
삻	EA05 EB11	2623	2
샊	EA06 EB11	2624	2
샣	EA07 EB11	2625	2
섁	EA08 EB11	2626	2
섵	EA09 EB11	2627	2
셓	EA0A EB11	2628	2
셖	EA00 EB12	2629	2
솻	EA01 EB12	2630	2
쇡	EA02 EB12	2631	2
쇵	EA03 EB12	2632	2
숎	EA04 EB12	2633	2
숧	EA05 EB12	2634	2
숮	EA06 EB12	2635	2
쉉	EA07 EB12	2636	2
쉡	EA08 EB12	2637	2
쉣	EA09 EB12	2638	2
슟	EA0A EB12	2639	2
슼	EA00 EB14	2640	2
싞	EA01 EB14	2641	2
싦	EA02 EB14	2642	2
싲	EA03 EB14	2643	2
싵	EA04 EB14	2644	2
쌥	EA05 EB14	2645	2
썅	EA06 EB14	2646	2
썖	EA07 EB14	2647	2
쎠	EA08 EB14	2648	2
쏫	EA09 EB14	2649	2
쏱	EA0A EB14	2650	2
쏳	EA00 EB15	2651	2
쐑	EA01 EB15	2652	2
쐛	EA02 EB15	2653	2
쐰	EA03 EB15	2654	2
쐴	EA04 EB15	2655	2
쑴	EA05 EB15	2656	2
쑵	EA06 EB15	2657	2
쑷	EA07 EB15	2658	2
쓿	EA08 EB15	2659	2
씃	EA09 EB15	2660	2
씐	EA0A EB15	2661	2
씯	EA00 EB16	2662	2
앋	EA01 EB16	2663	2
앛	EA02 EB16	2664	2
앜	EA03 EB16	2665	2
앧	EA04 EB16	2666	2
얅	EA05 EB16	2667	2
얖	EA06 EB16	2668	2
얺	EA07 EB16	2669	2
엏	EA08 EB16	2670	2
엗	EA09 EB16	2671	2
엜	EA0A EB16	2672	2
엵	EA00 EB17	2673	2
옉	EA01 EB17	2674	2
옫	EA02 EB17	2675	2
옲	EA03 EB17	2676	2
옸	EA04 EB17	2677	2
옺	EA05 EB17	2678	2
옽	EA06 EB17	2679	2
옿	EA07 EB17	2680	2
왤	EA08 EB17	2681	2
왿	EA09 EB17	2682	2
욈	EA0A EB17	2683	2
욯	EA00 EB19	2684	2
욷	EA01 EB19	2685	2
욹	EA02 EB19	2686	2
윝	EA03 EB19	2687	2
윟	EA04 EB19	2688	2
읂	EA05 EB19	2689	2
읉	EA06 EB19	2690	2
읎	EA07 EB19	2691	2
읓	EA08 EB19	2692	2
읔	EA09 EB19	2693	2
읙	EA0A EB19	2694	2
읨	EA00 EB1A	2695	2
읭	EA01 EB1A	2696	2
잏	EA02 EB1A	2697	2
잙	EA03 EB1A	2698	2
잚	EA04 EB1A	2699	2
잟	EA05 EB1A	2700	2
잫	EA06 EB1A	2701	2
쟃	EA07 EB1A	2702	2
쟆	EA08 EB1A	2703	2
쟙	EA09 EB1A	2704	2
쟛	EA0A EB1A	2705	2
젃	EA00 EB1B	2706	2
젇	EA01 EB1B	2707	2
젗	EA02 EB1B	2708	2
젚	EA03 EB1B	2709	2
젣	EA04 EB1B	2710	2
죕	EA05 EB1B	2711	2
죨	EA06 EB1B	2712	2
줃	EA07 EB1B	2713	2
줐	EA08 EB1B	2714	2
줓	EA09 EB1B	2715	2
줗	EA0A EB1B	2716	2
쥡	EA00 EB1C	2717	2
쥣	EA01 EB1C	2718	2
쥭	EA02 EB1C	2719	2
짋	EA03 EB1C	2720	2
짎	EA04 EB1C	2721	2
짏	EA05 EB1C	2722	2
짗	EA06 EB1C	2723	2
쨀	EA07 EB1C	2724	2
쨓	EA08 EB1C	2725	2
쨘	EA09 EB1C	2726	2
쨜	EA0A EB1C	2727	2
쩄	EA00 EB1D	2728	2
쩖	EA01 EB1D	2729	2
쩟	EA02 EB1D	2730	2
쪗	EA03 EB1D	2731	2
쪠	EA04 EB1D	2732	2
쪹	EA05 EB1D	2733	2
쫍	EA06 EB1D	2734	2
쫜	EA07 EB1D	2735	2
쫠	EA08 EB1D	2736	2
쬬	EA09 EB1D	2737	2
쭊	EA0A EB1D	2738	2
쭏	EA00 EB21	2739	2
쯕	EA01 EB21	2740	2
쯰	EA02 EB21	2741	2
찣	EA03 EB21	2742	2
찱	EA04 EB21	2743	2
챂	EA05 EB21	2744	2
챋	EA06 EB21	2745	2
챚	EA07 EB21	2746	2
첯	EA08 EB21	2747	2
쳌	EA09 EB21	2748	2
쳠	EA0A EB21	2749	2
쳡	EA00 EB23	2750	2
촟	EA01 EB23	2751	2
촣	EA02 EB23	2752	2
쵕	EA03 EB23	2753	2
쵝	EA04 EB23	2754	2
쵼	EA05 EB23	2755	2
춭	EA06 EB23	2756	2
춮	EA07 EB23	2757	2
춴	EA08 EB23	2758	2
췃	EA09 EB23	2759	2
췻	EA0A EB23	2760	2
츅	EA00 EB25	2761	2
츔	EA01 EB25	2762	2
츢	EA02 EB25	2763	2
츼	EA03 EB25	2764	2
칝	EA04 EB25	2765	2
칮	EA05 EB25	2766	2
캌	EA06 EB25	2767	2
캭	EA07 EB25	2768	2
캰	EA08 EB25	2769	2
컁	EA09 EB25	2770	2
컺	EA0A EB25	2771	2
켔	EA00 EB27	2772	2
켝	EA01 EB27	2773	2
켱	EA02 EB27	2774	2
콪	EA03 EB27	2775	2
쾁	EA04 EB27	2776	2
쾻	EA05 EB27	2777	2
쾽	EA06 EB27	2778	2
퀏	EA07 EB27	2779	2
퀙	EA08 EB27	2780	2
큣	EA09 EB27	2781	2
큹	EA0A EB27	2782	2
킄	EA00 EB28	2783	2
탇	EA01 EB28	2784	2
탖	EA02 EB28	2785	2
턔	EA03 EB28	2786	2
텓	EA04 EB28	2787	2
텩	EA05 EB28	2788	2
툃	EA06 EB28	2789	2
툄	EA07 EB28	2790	2
툘	EA08 EB28	2791	2
툶	EA09 EB28	2792	2
퉛	EA0A EB28	2793	2
튱	EA00 EB29	2794	2
튺	EA01 EB29	2795	2
튽	EA02 EB29	2796	2
퍀	EA03 EB29	2797	2
폑	EA04 EB29	2798	2
폠	EA05 EB29	2799	2
폣	EA06 EB29	2800	2
푱	EA07 EB29	2801	2
풇	EA08 EB29	2802	2
풑	EA09 EB29	2803	2
픠	EA0A EB29	2804	2
핅	EA00 EB2A	2805	2
핔	EA01 EB2A	2806	2
핗	EA02 EB2A	2807	2
핚	EA03 EB2A	2808	2
핛	EA04 EB2A	2809	2
핝	EA05 EB2A	2810	2
핡	EA06 EB2A	2811	2
핧	EA07 EB2A	2812	2
핯	EA08 EB2A	2813	2
햊	EA09 EB2A	2814	2
햋	EA0A EB2A	2815	2
햚	EA00 EB2B	2816	2
햝	EA01 EB2B	2817	2
햡	EA02 EB2B	2818	2
햫	EA03 EB2B	2819	2
햿	EA04 EB2B	2820	2
헁	EA05 EB2B	2821	2
혱	EA06 EB2B	2822	2
혵	EA07 EB2B	2823	2
혻	EA08 EB2B	2824	2
홒	EA09 EB2B	2825	2
홤	EA0A EB2B	2826	2
홥	EA00 EB2C	2827	2
홨	EA01 EB2C	2828	2
홱	EA02 EB2C	2829	2
훝	EA03 EB2C	2830	2
휏	EA04 EB2C	2831	2
휸	EA05 EB2C	2832	2
흴	EA06 EB2C	2833	2
흼	EA07 EB2C	2834	2
힜	EA08 EB2C	2835	2
갃	EA09 EB2C	2836	1
갅	EA0A EB2C	2837	1
갆	EA00 EB2D	2838	1
갋	EA01 EB2D	2839	1
갌	EA02 EB2D	2840	1
갍	EA03 EB2D	2841	1
갎	EA04 EB2D	2842	1
갏	EA05 EB2D	2843	1
갞	EA06 EB2D	2844	1
갟	EA07 EB2D	2845	1
갡	EA08 EB2D	2846	1
갢	EA09 EB2D	2847	1
갣	EA0A EB2D	2848	1
갥	EA00 EB2E	2849	1
갦	EA01 EB2E	2850	1
갧	EA02 EB2E	2851	1
갨	EA03 EB2E	2852	1
갩	EA04 EB2E	2853	1
갪	EA05 EB2E	2854	1
갫	EA06 EB2E	2855	1
갮	EA07 EB2E	2856	1
갲	EA08 EB2E	2857	1
갳	EA09 EB2E	2858	1
갴	EA0A EB2E	2859	1
갵	EA00 EB30	2860	1
갶	EA01 EB30	2861	1
갺	EA02 EB30	2862	1
갻	EA03 EB30	2863	1
갽	EA04 EB30	2864	1
갾	EA05 EB30	2865	1
갿	EA06 EB30	2866	1
걁	EA07 EB30	2867	1
걂	EA08 EB30	2868	1
걃	EA09 EB30	2869	1
걄	EA0A EB30	2870	1
걅	EA00 EB31	2871	1
걆	EA01 EB31	2872	1
걇	EA02 EB31	2873	1
걈	EA03 EB31	2874	1
걉	EA04 EB31	2875	1
걊	EA05 EB31	2876	1
걋	EA06 EB31	2877	1
걌	EA07 EB31	2878	1
걎	EA08 EB31	2879	1
걏	EA09 EB31	2880	1
걐	EA0A EB31	2881	1
걒	EA00 EB32	2882	1
걓	EA01 EB32	2883	1
걕	EA02 EB32	2884	1
걖	EA03 EB32	2885	1
걗	EA04 EB32	2886	1
걘	EA05 EB32	2887	1
걙	EA06 EB32	2888	1
걚	EA07 EB32	2889	1
걛	EA08 EB32	2890	1
걜	EA09 EB32	2891	1
걝	EA0A EB32	2892	1
걞	EA00 EB33	2893	1
걟	EA01 EB33	2894	1
걠	EA02 EB33	2895	1
걡	EA03 EB33	2896	1
걢	EA04 EB33	2897	1
걣	EA05 EB33	2898	1
걤	EA06 EB33	2899	1
걥	EA07 EB33	2900	1
걦	EA08 EB33	2901	1
걧	EA09 EB33	2902	1
걨	EA0A EB33	2903	1
걩	EA00 EB34	2904	1
걪	EA01 EB34	2905	1
걫	EA02 EB34	2906	1
걬	EA03 EB34	2907	1
걭	EA04 EB34	2908	1
걮	EA05 EB34	2909	1
걯	EA06 EB34	2910	1
걳	EA07 EB34	2911	1
걵	EA08 EB34	2912	1
걶	EA09 EB34	2913	1
걹	EA0A EB34	2914	1
걻	EA00 EB36	2915	1
걼	EA01 EB36	2916	1
걽	EA02 EB36	2917	1
걾	EA03 EB36	2918	1
걿	EA04 EB36	2919	1
겂	EA05 EB36	2920	1
겈	EA06 EB36	2921	1
겎	EA07 EB36	2922	1
겏	EA08 EB36	2923	1
겑	EA09 EB36	2924	1
겒	EA0A EB36	2925	1
겓	EA00 EB3A	2926	1
겕	EA01 EB3A	2927	1
겖	EA02 EB3A	2928	1
겗	EA03 EB3A	2929	1
겘	EA04 EB3A	2930	1
겚	EA05 EB3A	2931	1
겛	EA06 EB3A	2932	1
겞	EA07 EB3A	2933	1
겢	EA08 EB3A	2934	1
겣	EA09 EB3A	2935	1
겤	EA0A EB3A	2936	1
겥	EA00 EB37	2937	1
겦	EA01 EB37	2938	1
겧	EA02 EB37	2939	1
겫	EA03 EB37	2940	1
겭	EA04 EB37	2941	1
겮	EA05 EB37	2942	1
겱	EA06 EB37	2943	1
겲	EA07 EB37	2944	1
겳	EA08 EB37	2945	1
겴	EA09 EB37	2946	1
겵	EA0A EB37	2947	1
겶	EA00 EB3B	2948	1
겷	EA01 EB3B	2949	1
겺	EA02 EB3B	2950	1
겿	EA03 EB3B	2951	1
곀	EA04 EB3B	2952	1
곃	EA05 EB3B	2953	1
곆	EA06 EB3B	2954	1
곇	EA07 EB3B	2955	1
곉	EA08 EB3B	2956	1
곊	EA09 EB3B	2957	1
곋	EA0A EB3B	2958	1
곍	EA00 EB52	2959	1
곎	EA01 EB52	2960	1
곏	EA02 EB52	2961	1
곐	EA03 EB52	2962	1
곑	EA04 EB52	2963	1
곒	EA05 EB52	2964	1
곓	EA06 EB52	2965	1
곔	EA07 EB52	2966	1
곕	EA08 EB52	2967	1
곖	EA09 EB52	2968	1
곚	EA0A EB52	2969	1
곛	EA00 EB3E	2970	1
곜	EA01 EB3E	2971	1
곝	EA02 EB3E	2972	1
곞	EA03 EB3E	2973	1
곟	EA04 EB3E	2974	1
곢	EA05 EB3E	2975	1
곣	EA06 EB3E	2976	1
곥	EA07 EB3E	2977	1
곦	EA08 EB3E	2978	1
곩	EA09 EB3E	2979	1
곫	EA0A EB3E	2980	1
곭	EA00 EB40	2981	1
곮	EA01 EB40	2982	1
곲	EA02 EB40	2983	1
곴	EA03 EB40	2984	1
곸	EA04 EB40	2985	1
곹	EA05 EB40	2986	1
곻	EA06 EB40	2987	1
곿	EA07 EB40	2988	1
괁	EA08 EB40	2989	1
괂	EA09 EB40	2990	1
괃	EA0A EB40	2991	1
괅	EA00 EBD9	2992	1
괆	EA01 EBD9	2993	1
괇	EA02 EBD9	2994	1
괈	EA03 EBD9	2995	1
괉	EA04 EBD9	2996	1
괊	EA05 EBD9	2997	1
괋	EA06 EBD9	2998	1
괎	EA07 EBD9	2999	1
괐	EA08 EBD9	3000	1
괒	EA09 EBD9	3001	1
괓	EA0A EBD9	3002	1
괔	EA00 EB45	3003	1
괕	EA01 EB45	3004	1
괖	EA02 EB45	3005	1
괗	EA03 EB45	3006	1
괙	EA04 EB45	3007	1
괚	EA05 EB45	3008	1
괛	EA06 EB45	3009	1
괝	EA07 EB45	3010	1
괟	EA08 EB45	3011	1
괠	EA09 EB45	3012	1
괡	EA0A EB45	3013	1
괢	EA00 EB46	3014	1
괣	EA01 EB46	3015	1
괤	EA02 EB46	3016	1
괥	EA03 EB46	3017	1
괦	EA04 EB46	3018	1
괧	EA05 EB46	3019	1
괨	EA06 EB46	3020	1
괩	EA07 EB46	3021	1
괪	EA08 EB46	3022	1
괫	EA09 EB46	3023	1
괬	EA0A EB46	3024	1
괮	EA00 EB49	3025	1
괯	EA01 EB49	3026	1
괰	EA02 EB49	3027	1
괱	EA03 EB49	3028	1
괲	EA04 EB49	3029	1
괳	EA05 EB49	3030	1
괶	EA06 EB49	3031	1
괷	EA07 EB49	3032	1
괹	EA08 EB49	3033	1
괺	EA09 EB49	3034	1
괻	EA0A EB49	3035	1
괽	EA00 EB48	3036	1
괾	EA01 EB48	3037	1
괿	EA02 EB48	3038	1
굀	EA03 EB48	3039	1
굁	EA04 EB48	3040	1
굂	EA05 EB48	3041	1
굃	EA06 EB48	3042	1
굅	EA07 EB48	3043	1
굆	EA08 EB48	3044	1
굈	EA09 EB48	3045	1
굊	EA0A EB48	3046	1
굋	EA00 EB4C	3047	1
굌	EA01 EB4C	3048	1
굍	EA02 EB4C	3049	1
굎	EA03 EB4C	3050	1
굏	EA04 EB4C	3051	1
굑	EA05 EB4C	3052	1
굒	EA06 EB4C	3053	1
굓	EA07 EB4C	3054	1
굔	EA08 EB4C	3055	1
굕	EA09 EB4C	3056	1
굖	EA0A EB4C	3057	1
굗	EA00 EB72	3058	1
굙	EA01 EB72	3059	1
굚	EA02 EB72	3060	1
굜	EA03 EB72	3061	1
굝	EA04 EB72	3062	1
굟	EA05 EB72	3063	1
굠	EA06 EB72	3064	1
굡	EA07 EB72	3065	1
굢	EA08 EB72	3066	1
굤	EA09 EB72	3067	1
굦	EA0A EB72	3068	1
굧	EA00 EA03 EA23	3069	1
굨	EA01 EA03 EA23	3070	1
굩	EA02 EA03 EA23	3071	1
굪	EA03 EA03 EA23	3072	1
굫	EA04 EA03 EA23	3073	1
굯	EA05 EA03 EA23	3074	1
굱	EA06 EA03 EA23	3075	1
굲	EA07 EA03 EA23	3076	1
굸	EA08 EA03 EA23	3077	1
굹	EA09 EA03 EA23	3078	1
굺	EA0A EA03 EA23	3079	1
굾	EA00 EB4A	3080	1
궀	EA01 EB4A	3081	1
궄	EA02 EB4A	3082	1
궅	EA03 EB4A	3083	1
궆	EA04 EB4A	3084	1
궊	EA05 EB4A	3085	1
궋	EA06 EB4A	3086	1
궍	EA07 EB4A	3087	1
궎	EA08 EB4A	3088	1
궏	EA09 EB4A	3089	1
궑	EA0A EB4A	3090	1
궒	EA00 EB4D	3091	1
궓	EA01 EB4D	3092	1
궔	EA02 EB4D	3093	1
궕	EA03 EB4D	3094	1
궖	EA04 EB4D	3095	1
궗	EA05 EB4D	3096	1
궙	EA06 EB4D	3097	1
궚	EA07 EB4D	3098	1
궛	EA08 EB4D	3099	1
궞	EA09 EB4D	3100	1
궟	EA0A EB4D	3101	1
궠	EA00 EB4E	3102	1
궢	EA01 EB4E	3103	1
궣	EA02 EB4E	3104	1
궥	EA03 EB4E	3105	1
궦	EA04 EB4E	3106	1
궧	EA05 EB4E	3107	1
궩	EA06 EB4E	3108	1
궪	EA07 EB4E	3109	1
궫	EA08 EB4E	3110	1
궭	EA09 EB4E	3111	1
궮	EA0A EB4E	3112	1
궯	EA00 EB5B	3113	1
궰	EA01 EB5B	3114	1
궱	EA02 EB5B	3115	1
궲	EA03 EB5B	3116	1
궳	EA04 EB5B	3117	1
궴	EA05 EB5B	3118	1
궵	EA06 EB5B	3119	1
궶	EA07 EB5B	3120	1
궷	EA08 EB5B	3121	1
궸	EA09 EB5B	3122	1
궹	EA0A EB5B	3123	1
궺	EA00 EB61	3124	1
궻	EA01 EB61	3125	1
궼	EA02 EB61	3126	1
궽	EA03 EB61	3127	1
궾	EA04 EB61	3128	1
궿	EA05 EB61	3129	1
귂	EA06 EB61	3130	1
귃	EA07 EB61	3131	1
귅	EA08 EB61	3132	1
귆	EA09 EB61	3133	1
귇	EA0A EB61	3134	1
귉	EA00 EB62	3135	1
귊	EA01 EB62	3136	1
귋	EA02 EB62	3137	1
귌	EA03 EB62	3138	1
귍	EA04 EB62	3139	1
귎	EA05 EB62	3140	1
귏	EA06 EB62	3141	1
귒	EA07 EB62	3142	1
귔	EA08 EB62	3143	1
귕	EA09 EB62	3144	1
귖	EA0A EB62	3145	1
귗	EA00 EB7F	3146	1
귘	EA01 EB7F	3147	1
귙	EA02 EB7F	3148	1
귚	EA03 EB7F	3149	1
귛	EA04 EB7F	3150	1
귝	EA05 EB7F	3151	1
귞	EA06 EB7F	3152	1
귟	EA07 EB7F	3153	1
귢	EA08 EB7F	3154	1
귣	EA09 EB7F	3155	1
귥	EA0A EB7F	3156	1
귦	EA00 EB65	3157	1
귧	EA01 EB65	3158	1
귨	EA02 EB65	3159	1
귩	EA03 EB65	3160	1
귪	EA04 EB65	3161	1
귫	EA05 EB65	3162	1
귭	EA06 EB65	3163	1
귮	EA07 EB65	3164	1
귯	EA08 EB65	3165	1
귰	EA09 EB65	3166	1
귲	EA0A EB65	3167	1
귳	EA00 EB66	3168	1
귴	EA01 EB66	3169	1
귵	EA02 EB66	3170	1
귶	EA03 EB66	3171	1
귷	EA04 EB66	3172	1
귺	EA05 EB66	3173	1
귻	EA06 EB66	3174	1
귽	EA07 EB66	3175	1
귾	EA08 EB66	3176	1
긂	EA09 EB66	3177	1
긃	EA0A EB66	3178	1
긄	EA00 EB67	3179	1
긅	EA01 EB67	3180	1
긆	EA02 EB67	3181	1
긊	EA03 EB67	3182	1
긌	EA04 EB67	3183	1
긏	EA05 EB67	3184	1
긐	EA06 EB67	3185	1
긒	EA07 EB67	3186	1
긓	EA08 EB67	3187	1
긕	EA09 EB67	3188	1
긖	EA0A EB67	3189	1
긗	EA00 EB69	3190	1
긘	EA01 EB69	3191	1
긙	EA02 EB69	3192	1
긚	EA03 EB69	3193	1
긛	EA04 EB69	3194	1
긜	EA05 EB69	3195	1
긝	EA06 EB69	3196	1
긞	EA07 EB69	3197	1
긟	EA08 EB69	3198	1
긠	EA09 EB69	3199	1
긡	EA0A EB69	3200	1
긢	EA00 EB6B	3201	1
긣	EA01 EB6B	3202	1
긤	EA02 EB6B	3203	1
긥	EA03 EB6B	3204	1
긦	EA04 EB6B	3205	1
긧	EA05 EB6B	3206	1
긨	EA06 EB6B	3207	1
긩	EA07 EB6B	3208	1
긪	EA08 EB6B	3209	1
긫	EA09 EB6B	3210	1
긬	EA0A EB6B	3211	1
긭	EA00 EA05 EA24	3212	1
긮	EA01 EA05 EA24	3213	1
긯	EA02 EA05 EA24	3214	1
긲	EA03 EA05 EA24	3215	1
긳	EA04 EA05 EA24	3216	1
긵	EA05 EA05 EA24	3217	1
긶	EA06 EA05 EA24	3218	1
긹	EA07 EA05 EA24	3219	1
긺	EA08 EA05 EA24	3220	1
긻	EA09 EA05 EA24	3221	1
긼	EA0A EA05 EA24	3222	1
긽	EA00 EB6F	3223	1
깇	EA01 EB6F	3224	1
깈	EA02 EB6F	3225	1
깋	EA03 EB6F	3226	1
깏	EA04 EB6F	3227	1
깑	EA05 EB6F	3228	1
깒	EA06 EB6F	3229	1
깕	EA07 EB6F	3230	1
깗	EA08 EB6F	3231	1
깘	EA09 EB6F	3232	1
깙	EA0A EB6F	3233	1
깚	EA00 EB70	3234	1
깛	EA01 EB70	3235	1
깞	EA02 EB70	3236	1
깣	EA03 EB70	3237	1
깤	EA04 EB70	3238	1
깦	EA05 EB70	3239	1
깧	EA06 EB70	3240	1
깩	EA07 EB70	3241	1
깪	EA08 EB70	3242	1
깫	EA09 EB70	3243	1
깭	EA0A EB70	3244	1
깮	EA00 EB6E	3245	1
깯	EA01 EB6E	3246	1
깱	EA02 EB6E	3247	1
깲	EA03 EB6E	3248	1
깳	EA04 EB6E	3249	1
깴	EA05 EB6E	3250	1
깶	EA06 EB6E	3251	1
깷	EA07 EB6E	3252	1
깺	EA08 EB6E	3253	1
깾	EA09 EB6E	3254	1
깿	EA0A EB6E	3255	1
꺀	EA00 EB8E	3256	1
꺁	EA01 EB8E	3257	1
꺂	EA02 EB8E	3258	1
꺃	EA03 EB8E	3259	1
꺆	EA04 EB8E	3260	1
꺇	EA05 EB8E	3261	1
꺈	EA06 EB8E	3262	1
꺉	EA07 EB8E	3263	1
꺊	EA08 EB8E	3264	1
꺋	EA09 EB8E	3265	1
꺌	EA0A EB8E	3266	1
꺍	EA00 EB76	3267	1
꺎	EA01 EB76	3268	1
꺏	EA02 EB76	3269	1
꺐	EA03 EB76	3270	1
꺑	EA04 EB76	3271	1
꺒	EA05 EB76	3272	1
꺓	EA06 EB76	3273	1
꺔	EA07 EB76	3274	1
꺕	EA08 EB76	3275	1
꺖	EA09 EB76	3276	1
꺗	EA0A EB76	3277	1
꺘	EA00 EB85	3278	1
꺙	EA01 EB85	3279	1
꺚	EA02 EB85	3280	1
꺛	EA03 EB85	3281	1
꺜	EA04 EB85	3282	1
꺝	EA05 EB85	3283	1
꺞	EA06 EB85	3284	1
꺟	EA07 EB85	3285	1
꺡	EA08 EB85	3286	1
꺢	EA09 EB85	3287	1
꺣	EA0A EB85	3288	1
꺤	EA00 EB7B	3289	1
꺥	EA01 EB7B	3290	1
꺦	EA02 EB7B	3291	1
꺧	EA03 EB7B	3292	1
꺨	EA04 EB7B	3293	1
꺩	EA05 EB7B	3294	1
꺪	EA06 EB7B	3295	1
꺫	EA07 EB7B	3296	1
꺬	EA08 EB7B	3297	1
꺭	EA09 EB7B	3298	1
꺮	EA0A EB7B	3299	1
꺯	EA00 EB7C	3300	1
꺰	EA01 EB7C	3301	1
꺱	EA02 EB7C	3302	1
꺲	EA03 EB7C	3303	1
꺳	EA04 EB7C	3304	1
꺴	EA05 EB7C	3305	1
꺵	EA06 EB7C	3306	1
꺶	EA07 EB7C	3307	1
꺷	EA08 EB7C	3308	1
꺸	EA09 EB7C	3309	1
꺹	EA0A EB7C	3310	1
꺺	EA00 EB7E	3311	1
꺻	EA01 EB7E	3312	1
꺿	EA02 EB7E	3313	1
껁	EA03 EB7E	3314	1
껂	EA04 EB7E	3315	1
껃	EA05 EB7E	3316	1
껅	EA06 EB7E	3317	1
껆	EA07 EB7E	3318	1
껇	EA08 EB7E	3319	1
껈	EA09 EB7E	3320	1
껉	EA0A EB7E	3321	1
껊	EA00 EB80	3322	1
껋	EA01 EB80	3323	1
껎	EA02 EB80	3324	1
껒	EA03 EB80	3325	1
껓	EA04 EB80	3326	1
껔	EA05 EB80	3327	1
껕	EA06 EB80	3328	1
껖	EA07 EB80	3329	1
껗	EA08 EB80	3330	1
껙	EA09 EB80	3331	1
껚	EA0A EB80	3332	1
껛	EA00 EA05 EA25	3333	1
껝	EA01 EA05 EA25	3334	1
껞	EA02 EA05 EA25	3335	1
껟	EA03 EA05 EA25	3336	1
껡	EA04 EA05 EA25	3337	1
껢	EA05 EA05 EA25	3338	1
껣	EA06 EA05 EA25	3339	1
껤	EA07 EA05 EA25	3340	1
껥	EA08 EA05 EA25	3341	1
껦	EA09 EA05 EA25	3342	1
껧	EA0A EA05 EA25	3343	1
껪	EA00 EB89	3344	1
껬	EA01 EB89	3345	1
껮	EA02 EB89	3346	1
껯	EA03 EB89	3347	1
껰	EA04 EB89	3348	1
껱	EA05 EB89	3349	1
껲	EA06 EB89	3350	1
껳	EA07 EB89	3351	1
껷	EA08 EB89	3352	1
껹	EA09 EB89	3353	1
껺	EA0A EB89	3354	1
껻	EA00 EBAB	3355	1
껽	EA01 EBAB	3356	1
껾	EA02 EBAB	3357	1
껿	EA03 EBAB	3358	1
꼀	EA04 EBAB	3359	1
꼁	EA05 EBAB	3360	1
꼂	EA06 EBAB	3361	1
꼃	EA07 EBAB	3362	1
꼄	EA08 EBAB	3363	1
꼅	EA09 EBAB	3364	1
꼆	EA0A EBAB	3365	1
꼉	EA00 EB8A	3366	1
꼊	EA01 EB8A	3367	1
꼋	EA02 EB8A	3368	1
꼌	EA03 EB8A	3369	1
꼎	EA04 EB8A	3370	1
꼏	EA05 EB8A	3371	1
꼑	EA06 EB8A	3372	1
꼒	EA07 EB8A	3373	1
꼓	EA08 EB8A	3374	1
꼔	EA09 EB8A	3375	1
꼕	EA0A EB8A	3376	1
꼖	EA00 EB91	3377	1
꼗	EA01 EB91	3378	1
꼘	EA02 EB91	3379	1
꼙	EA03 EB91	3380	1
꼚	EA04 EB91	3381	1
꼛	EA05 EB91	3382	1
꼜	EA06 EB91	3383	1
꼝	EA07 EB91	3384	1
꼞	EA08 EB91	3385	1
꼟	EA09 EB91	3386	1
꼠	EA0A EB91	3387	1
꼡	EA00 EB8C	3388	1
꼢	EA01 EB8C	3389	1
꼣	EA02 EB8C	3390	1
꼤	EA03 EB8C	3391	1
꼦	EA04 EB8C	3392	1
꼧	EA05 EB8C	3393	1
꼨	EA06 EB8C	3394	1
꼩	EA07 EB8C	3395	1
꼪	EA08 EB8C	3396	1
꼫	EA09 EB8C	3397	1
꼮	EA0A EB8C	3398	1
꼯	EA00 EBCD	3399	1
꼱	EA01 EBCD	3400	1
꼲	EA02 EBCD	3401	1
꼳	EA03 EBCD	3402	1
꼵	EA04 EBCD	3403	1
꼶	EA05 EBCD	3404	1
꼷	EA06 EBCD	3405	1
꼸	EA07 EBCD	3406	1
꼹	EA08 EBCD	3407	1
꼺	EA09 EBCD	3408	1
꼻	EA0A EBCD	3409	1
꼾	EA00 EB8D	3410	1
꽀	EA01 EB8D	3411	1
꽄	EA02 EB8D	3412	1
꽇	EA03 EB8D	3413	1
꽊	EA04 EB8D	3414	1
꽋	EA05 EB8D	3415	1
꽍	EA06 EB8D	3416	1
꽎	EA07 EB8D	3417	1
꽏	EA08 EB8D	3418	1
꽑	EA09 EB8D	3419	1
꽒	EA0A EB8D	3420	1
꽓	EA00 EB93	3421	1
꽔	EA01 EB93	3422	1
꽕	EA02 EB93	3423	1
꽖	EA03 EB93	3424	1
꽗	EA04 EB93	3425	1
꽘	EA05 EB93	3426	1
꽙	EA06 EB93	3427	1
꽚	EA07 EB93	3428	1
꽛	EA08 EB93	3429	1
꽞	EA09 EB93	3430	1
꽟	EA0A EB93	3431	1
꽠	EA00 EBD6	3432	1
꽡	EA01 EBD6	3433	1
꽢	EA02 EBD6	3434	1
꽣	EA03 EBD6	3435	1
꽦	EA04 EBD6	3436	1
꽧	EA05 EBD6	3437	1
꽨	EA06 EBD6	3438	1
꽩	EA07 EBD6	3439	1
꽪	EA08 EBD6	3440	1
꽫	EA09 EBD6	3441	1
꽬	EA0A EBD6	3442	1
꽭	EA00 EB95	3443	1
꽮	EA01 EB95	3444	1
꽯	EA02 EB95	3445	1
꽰	EA03 EB95	3446	1
꽱	EA04 EB95	3447	1
꽲	EA05 EB95	3448	1
꽳	EA06 EB95	3449	1
꽴	EA07 EB95	3450	1
꽵	EA08 EB95	3451	1
꽶	EA09 EB95	3452	1
꽷	EA0A EB95	3453	1
꽸	EA00 EBCC	3454	1
꽺	EA01 EBCC	3455	1
꽻	EA02 EBCC	3456	1
꽼	EA03 EBCC	3457	1
꽽	EA04 EBCC	3458	1
꽾	EA05 EBCC	3459	1
꽿	EA06 EBCC	3460	1
꾁	EA07 EBCC	3461	1
꾂	EA08 EBCC	3462	1
꾃	EA09 EBCC	3463	1
꾅	EA0A EBCC	3464	1
꾆	EA00 EBA6	3465	1
꾇	EA01 EBA6	3466	1
꾈	EA02 EBA6	3467	1
꾉	EA03 EBA6	3468	1
꾊	EA04 EBA6	3469	1
꾋	EA05 EBA6	3470	1
꾌	EA06 EBA6	3471	1
꾍	EA07 EBA6	3472	1
꾎	EA08 EBA6	3473	1
꾏	EA09 EBA6	3474	1
꾑	EA0A EBA6	3475	1
꾒	EA00 EBA0	3476	1
꾓	EA01 EBA0	3477	1
꾔	EA02 EBA0	3478	1
꾖	EA03 EBA0	3479	1
꾗	EA04 EBA0	3480	1
꾘	EA05 EBA0	3481	1
꾙	EA06 EBA0	3482	1
꾚	EA07 EBA0	3483	1
꾛	EA08 EBA0	3484	1
꾝	EA09 EBA0	3485	1
꾞	EA0A EBA0	3486	1
꾟	EA00 EBA4	3487	1
꾠	EA01 EBA4	3488	1
꾡	EA02 EBA4	3489	1
꾢	EA03 EBA4	3490	1
꾣	EA04 EBA4	3491	1
꾤	EA05 EBA4	3492	1
꾥	EA06 EBA4	3493	1
꾦	EA07 EBA4	3494	1
꾧	EA08 EBA4	3495	1
꾨	EA09 EBA4	3496	1
꾩	EA0A EBA4	3497	1
꾪	EA00 EB9C	3498	1
꾫	EA01 EB9C	3499	1
꾬	EA02 EB9C	3500	1
꾭	EA03 EB9C	3501	1
꾮	EA04 EB9C	3502	1
꾯	EA05 EB9C	3503	1
꾰	EA06 EB9C	3504	1
꾱	EA07 EB9C	3505	1
꾲	EA08 EB9C	3506	1
꾴	EA09 EB9C	3507	1
꾵	EA0A EB9C	3508	1
꾶	EA00 EBC4	3509	1
꾷	EA01 EBC4	3510	1
꾺	EA02 EBC4	3511	1
꾻	EA03 EBC4	3512	1
꾽	EA04 EBC4	3513	1
꾾	EA05 EBC4	3514	1
꿁	EA06 EBC4	3515	1
꿃	EA07 EBC4	3516	1
꿄	EA08 EBC4	3517	1
꿅	EA09 EBC4	3518	1
꿆	EA0A EBC4	3519	1
꿊	EA00 EBA2	3520	1
꿌	EA01 EBA2	3521	1
꿐	EA02 EBA2	3522	1
꿑	EA03 EBA2	3523	1
꿒	EA04 EBA2	3524	1
꿓	EA05 EBA2	3525	1
꿕	EA06 EBA2	3526	1
꿖	EA07 EBA2	3527	1
꿗	EA08 EBA2	3528	1
꿙	EA09 EBA2	3529	1
꿚	EA0A EBA2	3530	1
꿛	EA00 EBA3	3531	1
꿝	EA01 EBA3	3532	1
꿞	EA02 EBA3	3533	1
꿟	EA03 EBA3	3534	1
꿠	EA04 EBA3	3535	1
꿡	EA05 EBA3	3536	1
꿢	EA06 EBA3	3537	1
꿣	EA07 EBA3	3538	1
꿤	EA08 EBA3	3539	1
꿥	EA09 EBA3	3540	1
꿦	EA0A EBA3	3541	1
꿧	EA00 EBAE	3542	1
꿪	EA01 EBAE	3543	1
꿫	EA02 EBAE	3544	1
꿬	EA03 EBAE	3545	1
꿭	EA04 EBAE	3546	1
꿮	EA05 EBAE	3547	1
꿯	EA06 EBAE	3548	1
꿱	EA07 EBAE	3549	1
꿲	EA08 EBAE	3550	1
꿳	EA09 EBAE	3551	1
꿵	EA0A EBAE	3552	1
꿶	EA00 EBB2	3553	1
꿷	EA01 EBB2	3554	1
꿸	EA02 EBB2	3555	1
꿹	EA03 EBB2	3556	1
꿺	EA04 EBB2	3557	1
꿻	EA05 EBB2	3558	1
꿼	EA06 EBB2	3559	1
꿽	EA07 EBB2	3560	1
꿾	EA08 EBB2	3561	1
꿿	EA09 EBB2	3562	1
뀁	EA0A EBB2	3563	1
뀂	EA00 EBB3	3564	1
뀃	EA01 EBB3	3565	1
뀅	EA02 EBB3	3566	1
뀆	EA03 EBB3	3567	1
뀇	EA04 EBB3	3568	1
뀈	EA05 EBB3	3569	1
뀉	EA06 EBB3	3570	1
뀊	EA07 EBB3	3571	1
뀋	EA08 EBB3	3572	1
뀎	EA09 EBB3	3573	1
뀏	EA0A EBB3	3574	1
뀑	EA00 EBB6	3575	1
뀒	EA01 EBB6	3576	1
뀓	EA02 EBB6	3577	1
뀕	EA03 EBB6	3578	1
뀖	EA04 EBB6	3579	1
뀗	EA05 EBB6	3580	1
뀘	EA06 EBB6	3581	1
뀙	EA07 EBB6	3582	1
뀚	EA08 EBB6	3583	1
뀛	EA09 EBB6	3584	1
뀞	EA0A EBB6	3585	1
뀟	EA00 EBBB	3586	1
뀢	EA01 EBBB	3587	1
뀣	EA02 EBBB	3588	1
뀤	EA03 EBBB	3589	1
뀥	EA04 EBBB	3590	1
뀦	EA05 EBBB	3591	1
뀧	EA06 EBBB	3592	1
뀩	EA07 EBBB	3593	1
뀪	EA08 EBBB	3594	1
뀫	EA09 EBBB	3595	1
뀬	EA0A EBBB	3596	1
뀭	EA00 EBBD	3597	1
뀮	EA01 EBBD	3598	1
뀯	EA02 EBBD	3599	1
뀰	EA03 EBBD	3600	1
뀱	EA04 EBBD	3601	1
뀲	EA05 EBBD	3602	1
뀳	EA06 EBBD	3603	1
뀴	EA07 EBBD	3604	1
뀵	EA08 EBBD	3605	1
뀶	EA09 EBBD	3606	1
뀷	EA0A EBBD	3607	1
뀸	EA00 EBBE	3608	1
뀹	EA01 EBBE	3609	1
뀺	EA02 EBBE	3610	1
뀻	EA03 EBBE	3611	1
뀼	EA04 EBBE	3612	1
뀽	EA05 EBBE	3613	1
뀾	EA06 EBBE	3614	1
뀿	EA07 EBBE	3615	1
끀	EA08 EBBE	3616	1
끁	EA09 EBBE	3617	1
끂	EA0A EBBE	3618	1
끃	EA00 EBC0	3619	1
끆	EA01 EBC0	3620	1
끇	EA02 EBC0	3621	1
끉	EA03 EBC0	3622	1
끋	EA04 EBC0	3623	1
끍	EA05 EBC0	3624	1
끏	EA06 EBC0	3625	1
끐	EA07 EBC0	3626	1
끑	EA08 EBC0	3627	1
끒	EA09 EBC0	3628	1
끖	EA0A EBC0	3629	1
끘	EA00 EBC5	3630	1
끚	EA01 EBC5	3631	1
끛	EA02 EBC5	3632	1
끜	EA03 EBC5	3633	1
끞	EA04 EBC5	3634	1
끡	EA05 EBC5	3635	1
끢	EA06 EBC5	3636	1
끣	EA07 EBC5	3637	1
끤	EA08 EBC5	3638	1
끥	EA09 EBC5	3639	1
끦	EA0A EBC5	3640	1
끧	EA00 EBF3	3641	1
끨	EA01 EBF3	3642	1
끩	EA02 EBF3	3643	1
끪	EA03 EBF3	3644	1
끫	EA04 EBF3	3645	1
끬	EA05 EBF3	3646	1
끭	EA06 EBF3	3647	1
끮	EA07 EBF3	3648	1
끯	EA08 EBF3	3649	1
끰	EA09 EBF3	3650	1
끱	EA0A EBF3	3651	1
끲	EA00 EBD1	3652	1
끳	EA01 EBD1	3653	1
끴	EA02 EBD1	3654	1
끵	EA03 EBD1	3655	1
끶	EA04 EBD1	3656	1
끷	EA05 EBD1	3657	1
끸	EA06 EBD1	3658	1
끹	EA07 EBD1	3659	1
끺	EA08 EBD1	3660	1
끻	EA09 EBD1	3661	1
끾	EA0A EBD1	3662	1
끿	EA00 EC89	3663	1
낁	EA01 EC89	3664	1
낂	EA02 EC89	3665	1
낃	EA03 EC89	3666	1
낅	EA04 EC89	3667	1
낆	EA05 EC89	3668	1
낇	EA06 EC89	3669	1
낈	EA07 EC89	3670	1
낉	EA08 EC89	3671	1
낊	EA09 EC89	3672	1
낋	EA0A EC89	3673	1
낎	EA00 EBFD	3674	1
낐	EA01 EBFD	3675	1
낒	EA02 EBFD	3676	1
낓	EA03 EBFD	3677	1
낔	EA04 EBFD	3678	1
낕	EA05 EBFD	3679	1
낖	EA06 EBFD	3680	1
낗	EA07 EBFD	3681	1
낛	EA08 EBFD	3682	1
낝	EA09 EBFD	3683	1
낣	EA0A EBFD	3684	1
낤	EA00 EBE0	3685	1
낥	EA01 EBE0	3686	1
낦	EA02 EBE0	3687	1
낪	EA03 EBE0	3688	1
낰	EA04 EBE0	3689	1
낶	EA05 EBE0	3690	1
낷	EA06 EBE0	3691	1
낹	EA07 EBE0	3692	1
낺	EA08 EBE0	3693	1
낻	EA09 EBE0	3694	1
낽	EA0A EBE0	3695	1
낾	EA00 EC73	3696	1
낿	EA01 EC73	3697	1
냀	EA02 EC73	3698	1
냁	EA03 EC73	3699	1
냂	EA04 EC73	3700	1
냃	EA05 EC73	3701	1
냆	EA06 EC73	3702	1
냊	EA07 EC73	3703	1
냋	EA08 EC73	3704	1
냌	EA09 EC73	3705	1
냍	EA0A EC73	3706	1
냎	EA00 EC00	3707	1
냏	EA01 EC00	3708	1
냒	EA02 EC00	3709	1
냓	EA03 EC00	3710	1
냕	EA04 EC00	3711	1
냖	EA05 EC00	3712	1
냗	EA06 EC00	3713	1
냙	EA07 EC00	3714	1
냚	EA08 EC00	3715	1
냛	EA09 EC00	3716	1
냜	EA0A EC00	3717	1
냝	EA00 EC15	3718	1
냞	EA01 EC15	3719	1
냟	EA02 EC15	3720	1
냡	EA03 EC15	3721	1
냢	EA04 EC15	3722	1
냧	EA05 EC15	3723	1
냨	EA06 EC15	3724	1
냩	EA07 EC15	3725	1
냪	EA08 EC15	3726	1
냫	EA09 EC15	3727	1
냬	EA0A EC15	3728	1
냭	EA00 EBDE	3729	1
냮	EA01 EBDE	3730	1
냯	EA02 EBDE	3731	1
냱	EA03 EBDE	3732	1
냲	EA04 EBDE	3733	1
냳	EA05 EBDE	3734	1
냴	EA06 EBDE	3735	1
냵	EA07 EBDE	3736	1
냶	EA08 EBDE	3737	1
냷	EA09 EBDE	3738	1
냸	EA0A EBDE	3739	1
냹	EA00 EBE1	3740	1
냺	EA01 EBE1	3741	1
냻	EA02 EBE1	3742	1
냼	EA03 EBE1	3743	1
냽	EA04 EBE1	3744	1
냾	EA05 EBE1	3745	1
냿	EA06 EBE1	3746	1
넁	EA07 EBE1	3747	1
넂	EA08 EBE1	3748	1
넃	EA09 EBE1	3749	1
넄	EA0A EBE1	3750	1
넅	EA00 ECCC	3751	1
넆	EA01 ECCC	3752	1
넇	EA02 ECCC	3753	1
넊	EA03 ECCC	3754	1
넍	EA04 ECCC	3755	1
넏	EA05 ECCC	3756	1
넑	EA06 ECCC	3757	1
넕	EA07 ECCC	3758	1
넟	EA08 ECCC	3759	1
넦	EA09 ECCC	3760	1
넧	EA0A ECCC	3761	1
넩	EA00 EBE2	3762	1
넪	EA01 EBE2	3763	1
넫	EA02 EBE2	3764	1
넭	EA03 EBE2	3765	1
넮	EA04 EBE2	3766	1
넯	EA05 EBE2	3767	1
넰	EA06 EBE2	3768	1
넱	EA07 EBE2	3769	1
넲	EA08 EBE2	3770	1
넳	EA09 EBE2	3771	1
넺	EA0A EBE2	3772	1
넻	EA00 EBE5	3773	1
넼	EA01 EBE5	3774	1
넽	EA02 EBE5	3775	1
넾	EA03 EBE5	3776	1
넿	EA04 EBE5	3777	1
녂	EA05 EBE5	3778	1
녃	EA06 EBE5	3779	1
녅	EA07 EBE5	3780	1
녆	EA08 EBE5	3781	1
녇	EA09 EBE5	3782	1
녉	EA0A EBE5	3783	1
녊	EA00 EBE7	3784	1
녋	EA01 EBE7	3785	1
녌	EA02 EBE7	3786	1
녍	EA03 EBE7	3787	1
녎	EA04 EBE7	3788	1
녏	EA05 EBE7	3789	1
녒	EA06 EBE7	3790	1
녖	EA07 EBE7	3791	1
녗	EA08 EBE7	3792	1
녙	EA09 EBE7	3793	1
녚	EA0A EBE7	3794	1
녛	EA00 EBEB	3795	1
녝	EA01 EBEB	3796	1
녞	EA02 EBEB	3797	1
녟	EA03 EBEB	3798	1
녡	EA04 EBEB	3799	1
녢	EA05 EBEB	3800	1
녣	EA06 EBEB	3801	1
녦	EA07 EBEB	3802	1
녧	EA08 EBEB	3803	1
녨	EA09 EBEB	3804	1
녩	EA0A EBEB	3805	1
녪	EA00 EBED	3806	1
녫	EA01 EBED	3807	1
녬	EA02 EBED	3808	1
녭	EA03 EBED	3809	1
녮	EA04 EBED	3810	1
녰	EA05 EBED	3811	1
녱	EA06 EBED	3812	1
녲	EA07 EBED	3813	1
녳	EA08 EBED	3814	1
녴	EA09 EBED	3815	1
녵	EA0A EBED	3816	1
녶	EA00 EBEE	3817	1
녷	EA01 EBEE	3818	1
녺	EA02 EBEE	3819	1
녻	EA03 EBEE	3820	1
녽	EA04 EBEE	3821	1
녾	EA05 EBEE	3822	1
녿	EA06 EBEE	3823	1
놁	EA07 EBEE	3824	1
놂	EA08 EBEE	3825	1
놄	EA09 EBEE	3826	1
놅	EA0A EBEE	3827	1
놆	EA00 EBF0	3828	1
놇	EA01 EBF0	3829	1
놊	EA02 EBF0	3830	1
놌	EA03 EBF0	3831	1
놎	EA04 EBF0	3832	1
놐	EA05 EBF0	3833	1
놑	EA06 EBF0	3834	1
놕	EA07 EBF0	3835	1
놖	EA08 EBF0	3836	1
놗	EA09 EBF0	3837	1
놘	EA0A EBF0	3838	1
놙	EA00 EBF6	3839	1
놚	EA01 EBF6	3840	1
놛	EA02 EBF6	3841	1
놜	EA03 EBF6	3842	1
놝	EA04 EBF6	3843	1
놞	EA05 EBF6	3844	1
놟	EA06 EBF6	3845	1
놠	EA07 EBF6	3846	1
놡	EA08 EBF6	3847	1
놢	EA09 EBF6	3848	1
놣	EA0A EBF6	3849	1
놤	EA00 EBF8	3850	1
놥	EA01 EBF8	3851	1
놦	EA02 EBF8	3852	1
놧	EA03 EBF8	3853	1
놩	EA04 EBF8	3854	1
놪	EA05 EBF8	3855	1
놫	EA06 EBF8	3856	1
놬	EA07 EBF8	3857	1
놭	EA08 EBF8	3858	1
놮	EA09 EBF8	3859	1
놯	EA0A EBF8	3860	1
놱	EA00 EBFA	3861	1
놲	EA01 EBFA	3862	1
놳	EA02 EBFA	3863	1
놴	EA03 EBFA	3864	1
놵	EA04 EBFA	3865	1
놶	EA05 EBFA	3866	1
놷	EA06 EBFA	3867	1
놸	EA07 EBFA	3868	1
놹	EA08 EBFA	3869	1
놺	EA09 EBFA	3870	1
놻	EA0A EBFA	3871	1
놼	EA00 EBFB	3872	1
놽	EA01 EBFB	3873	1
놾	EA02 EBFB	3874	1
놿	EA03 EBFB	3875	1
뇀	EA04 EBFB	3876	1
뇁	EA05 EBFB	3877	1
뇂	EA06 EBFB	3878	1
뇃	EA07 EBFB	3879	1
뇄	EA08 EBFB	3880	1
뇅	EA09 EBFB	3881	1
뇆	EA0A EBFB	3882	1
뇇	EA00 EC09	3883	1
뇈	EA01 EC09	3884	1
뇉	EA02 EC09	3885	1
뇊	EA03 EC09	3886	1
뇋	EA04 EC09	3887	1
뇍	EA05 EC09	3888	1
뇎	EA06 EC09	3889	1
뇏	EA07 EC09	3890	1
뇑	EA08 EC09	3891	1
뇒	EA09 EC09	3892	1
뇓	EA0A EC09	3893	1
뇕	EA00 ED08	3894	1
뇖	EA01 ED08	3895	1
뇗	EA02 ED08	3896	1
뇘	EA03 ED08	3897	1
뇙	EA04 ED08	3898	1
뇚	EA05 ED08	3899	1
뇛	EA06 ED08	3900	1
뇜	EA07 ED08	3901	1
뇝	EA08 ED08	3902	1
뇞	EA09 ED08	3903	1
뇟	EA0A ED08	3904	1
뇠	EA00 EC31	3905	1
뇡	EA01 EC31	3906	1
뇢	EA02 EC31	3907	1
뇣	EA03 EC31	3908	1
뇤	EA04 EC31	3909	1
뇥	EA05 EC31	3910	1
뇦	EA06 EC31	3911	1
뇧	EA07 EC31	3912	1
뇪	EA08 EC31	3913	1
뇫	EA09 EC31	3914	1
뇭	EA0A EC31	3915	1
뇮	EA00 EC74	3916	1
뇯	EA01 EC74	3917	1
뇱	EA02 EC74	3918	1
뇲	EA03 EC74	3919	1
뇳	EA04 EC74	3920	1
뇴	EA05 EC74	3921	1
뇵	EA06 EC74	3922	1
뇶	EA07 EC74	3923	1
뇷	EA08 EC74	3924	1
뇹	EA09 EC74	3925	1
뇺	EA0A EC74	3926	1
뇼	EA00 EC0E	3927	1
뇾	EA01 EC0E	3928	1
뇿	EA02 EC0E	3929	1
눀	EA03 EC0E	3930	1
눁	EA04 EC0E	3931	1
눂	EA05 EC0E	3932	1
눃	EA06 EC0E	3933	1
눆	EA07 EC0E	3934	1
눇	EA08 EC0E	3935	1
눉	EA09 EC0E	3936	1
눊	EA0A EC0E	3937	1
눍	EA00 EC25	3938	1
눎	EA01 EC25	3939	1
눏	EA02 EC25	3940	1
눐	EA03 EC25	3941	1
눑	EA04 EC25	3942	1
눒	EA05 EC25	3943	1
눓	EA06 EC25	3944	1
눖	EA07 EC25	3945	1
눘	EA08 EC25	3946	1
눚	EA09 EC25	3947	1
눛	EA0A EC25	3948	1
눜	EA00 ECCA	3949	1
눟	EA01 ECCA	3950	1
눡	EA02 ECCA	3951	1
눢	EA03 ECCA	3952	1
눣	EA04 ECCA	3953	1
눥	EA05 ECCA	3954	1
눦	EA06 ECCA	3955	1
눧	EA07 ECCA	3956	1
눩	EA08 ECCA	3957	1
눪	EA09 ECCA	3958	1
눫	EA0A ECCA	3959	1
눬	EA00 EC0C	3960	1
눭	EA01 EC0C	3961	1
눮	EA02 EC0C	3962	1
눯	EA03 EC0C	3963	1
눰	EA04 EC0C	3964	1
눱	EA05 EC0C	3965	1
눲	EA06 EC0C	3966	1
눳	EA07 EC0C	3967	1
눵	EA08 EC0C	3968	1
눶	EA09 EC0C	3969	1
눷	EA0A EC0C	3970	1
눸	EA00 ECB2	3971	1
눹	EA01 ECB2	3972	1
눺	EA02 ECB2	3973	1
눻	EA03 ECB2	3974	1
눽	EA04 ECB2	3975	1
눾	EA05 ECB2	3976	1
눿	EA06 ECB2	3977	1
뉀	EA07 ECB2	3978	1
뉁	EA08 ECB2	3979	1
뉂	EA09 ECB2	3980	1
뉃	EA0A ECB2	3981	1
뉄	EA00 ECD2	3982	1
뉅	EA01 ECD2	3983	1
뉆	EA02 ECD2	3984	1
뉇	EA03 ECD2	3985	1
뉈	EA04 ECD2	3986	1
뉉	EA05 ECD2	3987	1
뉊	EA06 ECD2	3988	1
뉋	EA07 ECD2	3989	1
뉌	EA08 ECD2	3990	1
뉍	EA09 ECD2	3991	1
뉎	EA0A ECD2	3992	1
뉏	EA00 EC10	3993	1
뉐	EA01 EC10	3994	1
뉑	EA02 EC10	3995	1
뉒	EA03 EC10	3996	1
뉓	EA04 EC10	3997	1
뉔	EA05 EC10	3998	1
뉕	EA06 EC10	3999	1
뉖	EA07 EC10	4000	1
뉗	EA08 EC10	4001	1
뉚	EA09 EC10	4002	1
뉛	EA0A EC10	4003	1
뉝	EA00 EC12	4004	1
뉞	EA01 EC12	4005	1
뉟	EA02 EC12	4006	1
뉡	EA03 EC12	4007	1
뉢	EA04 EC12	4008	1
뉣	EA05 EC12	4009	1
뉤	EA06 EC12	4010	1
뉥	EA07 EC12	4011	1
뉦	EA08 EC12	4012	1
뉧	EA09 EC12	4013	1
뉪	EA0A EC12	4014	1
뉫	EA00 EC13	4015	1
뉬	EA01 EC13	4016	1
뉭	EA02 EC13	4017	1
뉮	EA03 EC13	4018	1
뉯	EA04 EC13	4019	1
뉰	EA05 EC13	4020	1
뉱	EA06 EC13	4021	1
뉲	EA07 EC13	4022	1
뉳	EA08 EC13	4023	1
뉶	EA09 EC13	4024	1
뉷	EA0A EC13	4025	1
뉹	EA00 EC18	4026	1
뉺	EA01 EC18	4027	1
뉻	EA02 EC18	4028	1
뉽	EA03 EC18	4029	1
뉾	EA04 EC18	4030	1
뉿	EA05 EC18	4031	1
늀	EA06 EC18	4032	1
늁	EA07 EC18	4033	1
늂	EA08 EC18	4034	1
늃	EA09 EC18	4035	1
늅	EA0A EC18	4036	1
늆	EA00 EC1B	4037	1
늈	EA01 EC1B	4038	1
늊	EA02 EC1B	4039	1
늋	EA03 EC1B	4040	1
늌	EA04 EC1B	4041	1
늍	EA05 EC1B	4042	1
늎	EA06 EC1B	4043	1
늒	EA07 EC1B	4044	1
늓	EA08 EC1B	4045	1
늖	EA09 EC1B	4046	1
늛	EA0A EC1B	4047	1
늜	EA00 EC21	4048	1
늝	EA01 EC21	4049	1
늞	EA02 EC21	4050	1
늟	EA03 EC21	4051	1
늢	EA04 EC21	4052	1
늤	EA05 EC21	4053	1
늨	EA06 EC21	4054	1
늩	EA07 EC21	4055	1
늫	EA08 EC21	4056	1
늭	EA09 EC21	4057	1
늮	EA0A EC21	4058	1
늯	EA00 EC23	4059	1
늱	EA01 EC23	4060	1
늲	EA02 EC23	4061	1
늳	EA03 EC23	4062	1
늵	EA04 EC23	4063	1
늶	EA05 EC23	4064	1
늷	EA06 EC23	4065	1
늸	EA07 EC23	4066	1
늹	EA08 EC23	4067	1
늺	EA09 EC23	4068	1
늻	EA0A EC23	4069	1
늼	EA00 EC24	4070	1
늽	EA01 EC24	4071	1
늾	EA02 EC24	4072	1
닀	EA03 EC24	4073	1
닁	EA04 EC24	4074	1
닂	EA05 EC24	4075	1
닃	EA06 EC24	4076	1
닄	EA07 EC24	4077	1
닅	EA08 EC24	4078	1
닆	EA09 EC24	4079	1
닇	EA0A EC24	4080	1
닊	EA00 EC27	4081	1
닋	EA01 EC27	4082	1
닍	EA02 EC27	4083	1
닎	EA03 EC27	4084	1
닏	EA04 EC27	4085	1
닑	EA05 EC27	4086	1
닒	EA06 EC27	4087	1
닓	EA07 EC27	4088	1
닔	EA08 EC27	4089	1
닕	EA09 EC27	4090	1
닖	EA0A EC27	4091	1
닗	EA00 EC2A	4092	1
닚	EA01 EC2A	4093	1
닞	EA02 EC2A	4094	1
닟	EA03 EC2A	4095	1
닡	EA04 EC2A	4096	1
닣	EA05 EC2A	4097	1
닧	EA06 EC2A	4098	1
닩	EA07 EC2A	4099	1
닰	EA08 EC2A	4100	1
닱	EA09 EC2A	4101	1
닲	EA0A EC2A	4102	1
닶	EA00 EC2E	4103	1
닼	EA01 EC2E	4104	1
닾	EA02 EC2E	4105	1
댂	EA03 EC2E	4106	1
댃	EA04 EC2E	4107	1
댅	EA05 EC2E	4108	1
댆	EA06 EC2E	4109	1
댉	EA07 EC2E	4110	1
댊	EA08 EC2E	4111	1
댋	EA09 EC2E	4112	1
댌	EA0A EC2E	4113	1
댍	EA00 EC30	4114	1
댎	EA01 EC30	4115	1
댏	EA02 EC30	4116	1
댒	EA03 EC30	4117	1
댖	EA04 EC30	4118	1
댗	EA05 EC30	4119	1
댘	EA06 EC30	4120	1
댙	EA07 EC30	4121	1
댚	EA08 EC30	4122	1
댛	EA09 EC30	4123	1
댝	EA0A EC30	4124	1
댞	EA00 EC32	4125	1
댟	EA01 EC32	4126	1
댡	EA02 EC32	4127	1
댢	EA03 EC32	4128	1
댣	EA04 EC32	4129	1
댥	EA05 EC32	4130	1
댦	EA06 EC32	4131	1
댧	EA07 EC32	4132	1
댨	EA08 EC32	4133	1
댩	EA09 EC32	4134	1
댪	EA0A EC32	4135	1
댫	EA00 EC33	4136	1
댬	EA01 EC33	4137	1
댭	EA02 EC33	4138	1
댮	EA03 EC33	4139	1
댯	EA04 EC33	4140	1
댰	EA05 EC33	4141	1
댲	EA06 EC33	4142	1
댳	EA07 EC33	4143	1
댴	EA08 EC33	4144	1
댵	EA09 EC33	4145	1
댶	EA0A EC33	4146	1
댷	EA00 EC70	4147	1
댸	EA01 EC70	4148	1
댹	EA02 EC70	4149	1
댺	EA03 EC70	4150	1
댻	EA04 EC70	4151	1
댼	EA05 EC70	4152	1
댽	EA06 EC70	4153	1
댾	EA07 EC70	4154	1
댿	EA08 EC70	4155	1
덀	EA09 EC70	4156	1
덁	EA0A EC70	4157	1
덂	EA00 EC3B	4158	1
덃	EA01 EC3B	4159	1
덄	EA02 EC3B	4160	1
덅	EA03 EC3B	4161	1
덆	EA04 EC3B	4162	1
덇	EA05 EC3B	4163	1
덉	EA06 EC3B	4164	1
덊	EA07 EC3B	4165	1
덋	EA08 EC3B	4166	1
덌	EA09 EC3B	4167	1
덍	EA0A EC3B	4168	1
덎	EA00 EC3F	4169	1
덏	EA01 EC3F	4170	1
덐	EA02 EC3F	4171	1
덑	EA03 EC3F	4172	1
덒	EA04 EC3F	4173	1
덓	EA05 EC3F	4174	1
덗	EA06 EC3F	4175	1
덚	EA07 EC3F	4176	1
덛	EA08 EC3F	4177	1
덝	EA09 EC3F	4178	1
덠	EA0A EC3F	4179	1
덡	EA00 EC4B	4180	1
덢	EA01 EC4B	4181	1
덣	EA02 EC4B	4182	1
덦	EA03 EC4B	4183	1
덬	EA04 EC4B	4184	1
덭	EA05 EC4B	4185	1
덲	EA06 EC4B	4186	1
덳	EA07 EC4B	4187	1
덵	EA08 EC4B	4188	1
덶	EA09 EC4B	4189	1
덷	EA0A EC4B	4190	1
덹	EA00 EA06 EA2C	4191	1
덺	EA01 EA06 EA2C	4192	1
덻	EA02 EA06 EA2C	4193	1
덼	EA03 EA06 EA2C	4194	1
덽	EA04 EA06 EA2C	4195	1
덾	EA05 EA06 EA2C	4196	1
덿	EA06 EA06 EA2C	4197	1
뎂	EA07 EA06 EA2C	4198	1
뎆	EA08 EA06 EA2C	4199	1
뎇	EA09 EA06 EA2C	4200	1
뎈	EA0A EA06 EA2C	4201	1
뎉	EA00 ED48	4202	1
뎊	EA01 ED48	4203	1
뎋	EA02 ED48	4204	1
뎎	EA03 ED48	4205	1
뎏	EA04 ED48	4206	1
뎑	EA05 ED48	4207	1
뎒	EA06 ED48	4208	1
뎓	EA07 ED48	4209	1
뎕	EA08 ED48	4210	1
뎖	EA09 ED48	4211	1
뎗	EA0A ED48	4212	1
뎘	EA00 EC48	4213	1
뎙	EA01 EC48	4214	1
뎚	EA02 EC48	4215	1
뎛	EA03 EC48	4216	1
뎝	EA04 EC48	4217	1
뎞	EA05 EC48	4218	1
뎟	EA06 EC48	4219	1
뎢	EA07 EC48	4220	1
뎣	EA08 EC48	4221	1
뎤	EA09 EC48	4222	1
뎥	EA0A EC48	4223	1
뎧	EA00 EC55	4224	1
뎩	EA01 EC55	4225	1
뎪	EA02 EC55	4226	1
뎫	EA03 EC55	4227	1
뎭	EA04 EC55	4228	1
뎮	EA05 EC55	4229	1
뎯	EA06 EC55	4230	1
뎰	EA07 EC55	4231	1
뎱	EA08 EC55	4232	1
뎲	EA09 EC55	4233	1
뎳	EA0A EC55	4234	1
뎴	EA00 EC4E	4235	1
뎵	EA01 EC4E	4236	1
뎶	EA02 EC4E	4237	1
뎷	EA03 EC4E	4238	1
뎸	EA04 EC4E	4239	1
뎹	EA05 EC4E	4240	1
뎺	EA06 EC4E	4241	1
뎻	EA07 EC4E	4242	1
뎼	EA08 EC4E	4243	1
뎽	EA09 EC4E	4244	1
뎾	EA0A EC4E	4245	1
뎿	EA00 EC58	4246	1
돀	EA01 EC58	4247	1
돁	EA02 EC58	4248	1
돂	EA03 EC58	4249	1
돃	EA04 EC58	4250	1
돆	EA05 EC58	4251	1
돇	EA06 EC58	4252	1
돉	EA07 EC58	4253	1
돊	EA08 EC58	4254	1
돍	EA09 EC58	4255	1
돏	EA0A EC58	4256	1
돑	EA00 EC59	4257	1
돒	EA01 EC59	4258	1
돓	EA02 EC59	4259	1
돖	EA03 EC59	4260	1
돘	EA04 EC59	4261	1
돜	EA05 EC59	4262	1
돞	EA06 EC59	4263	1
돡	EA07 EC59	4264	1
돢	EA08 EC59	4265	1
돣	EA09 EC59	4266	1
돥	EA0A EC59	4267	1
돦	EA00 EC61	4268	1
돧	EA01 EC61	4269	1
돩	EA02 EC61	4270	1
돪	EA03 EC61	4271	1
돫	EA04 EC61	4272	1
돬	EA05 EC61	4273	1
돭	EA06 EC61	4274	1
돮	EA07 EC61	4275	1
돯	EA08 EC61	4276	1
돱	EA09 EC61	4277	1
돲	EA0A EC61	4278	1
돳	EA00 EC68	4279	1
돵	EA01 EC68	4280	1
돶	EA02 EC68	4281	1
돷	EA03 EC68	4282	1
돸	EA04 EC68	4283	1
돹	EA05 EC68	4284	1
돺	EA06 EC68	4285	1
돻	EA07 EC68	4286	1
돽	EA08 EC68	4287	1
돾	EA09 EC68	4288	1
돿	EA0A EC68	4289	1
됁	EA00 EC6C	4290	1
됂	EA01 EC6C	4291	1
됃	EA02 EC6C	4292	1
됅	EA03 EC6C	4293	1
됆	EA04 EC6C	4294	1
됇	EA05 EC6C	4295	1
됈	EA06 EC6C	4296	1
됉	EA07 EC6C	4297	1
됊	EA08 EC6C	4298	1
됋	EA09 EC6C	4299	1
됌	EA0A EC6C	4300	1
됎	EA00 EC6F	4301	1
됑	EA01 EC6F	4302	1
됒	EA02 EC6F	4303	1
됓	EA03 EC6F	4304	1
됔	EA04 EC6F	4305	1
됕	EA05 EC6F	4306	1
됖	EA06 EC6F	4307	1
됗	EA07 EC6F	4308	1
됚	EA08 EC6F	4309	1
됛	EA09 EC6F	4310	1
됝	EA0A EC6F	4311	1
됞	EA00 EC7B	4312	1
됟	EA01 EC7B	4313	1
됡	EA02 EC7B	4314	1
됢	EA03 EC7B	4315	1
됣	EA04 EC7B	4316	1
됤	EA05 EC7B	4317	1
됥	EA06 EC7B	4318	1
됦	EA07 EC7B	4319	1
됧	EA08 EC7B	4320	1
됪	EA09 EC7B	4321	1
됮	EA0A EC7B	4322	1
됯	EA00 EC7C	4323	1
됰	EA01 EC7C	4324	1
됱	EA02 EC7C	4325	1
됲	EA03 EC7C	4326	1
됳	EA04 EC7C	4327	1
됵	EA05 EC7C	4328	1
됶	EA06 EC7C	4329	1
됷	EA07 EC7C	4330	1
됹	EA08 EC7C	4331	1
됺	EA09 EC7C	4332	1
됻	EA0A EC7C	4333	1
됼	EA00 EC7F	4334	1
됽	EA01 EC7F	4335	1
됾	EA02 EC7F	4336	1
됿	EA03 EC7F	4337	1
둀	EA04 EC7F	4338	1
둁	EA05 EC7F	4339	1
둂	EA06 EC7F	4340	1
둃	EA07 EC7F	4341	1
둄	EA08 EC7F	4342	1
둅	EA09 EC7F	4343	1
둆	EA0A EC7F	4344	1
둇	EA00 EC8F	4345	1
둈	EA01 EC8F	4346	1
둊	EA02 EC8F	4347	1
둋	EA03 EC8F	4348	1
둌	EA04 EC8F	4349	1
둍	EA05 EC8F	4350	1
둎	EA06 EC8F	4351	1
둏	EA07 EC8F	4352	1
둒	EA08 EC8F	4353	1
둓	EA09 EC8F	4354	1
둕	EA0A EC8F	4355	1
둖	EA00 EC81	4356	1
둗	EA01 EC81	4357	1
둙	EA02 EC81	4358	1
둚	EA03 EC81	4359	1
둛	EA04 EC81	4360	1
둜	EA05 EC81	4361	1
둝	EA06 EC81	4362	1
둞	EA07 EC81	4363	1
둢	EA08 EC81	4364	1
둦	EA09 EC81	4365	1
둧	EA0A EC81	4366	1
둨	EA00 EC86	4367	1
둩	EA01 EC86	4368	1
둪	EA02 EC86	4369	1
둫	EA03 EC86	4370	1
둭	EA04 EC86	4371	1
둮	EA05 EC86	4372	1
둯	EA06 EC86	4373	1
둱	EA07 EC86	4374	1
둲	EA08 EC86	4375	1
둳	EA09 EC86	4376	1
둵	EA0A EC86	4377	1
둶	EA00 EC97	4378	1
둷	EA01 EC97	4379	1
둸	EA02 EC97	4380	1
둹	EA03 EC97	4381	1
둺	EA04 EC97	4382	1
둻	EA05 EC97	4383	1
둼	EA06 EC97	4384	1
둽	EA07 EC97	4385	1
둾	EA08 EC97	4386	1
뒂	EA09 EC97	4387	1
뒃	EA0A EC97	4388	1
뒄	EA00 EC91	4389	1
뒅	EA01 EC91	4390	1
뒆	EA02 EC91	4391	1
뒇	EA03 EC91	4392	1
뒉	EA04 EC91	4393	1
뒊	EA05 EC91	4394	1
뒋	EA06 EC91	4395	1
뒌	EA07 EC91	4396	1
뒍	EA08 EC91	4397	1
뒎	EA09 EC91	4398	1
뒏	EA0A EC91	4399	1
뒑	EA00 EC93	4400	1
뒒	EA01 EC93	4401	1
뒓	EA02 EC93	4402	1
뒔	EA03 EC93	4403	1
뒕	EA04 EC93	4404	1
뒖	EA05 EC93	4405	1
뒘	EA06 EC93	4406	1
뒙	EA07 EC93	4407	1
뒚	EA08 EC93	4408	1
뒛	EA09 EC93	4409	1
뒜	EA0A EC93	4410	1
뒝	EA00 EC9C	4411	1
뒞	EA01 EC9C	4412	1
뒟	EA02 EC9C	4413	1
뒠	EA03 EC9C	4414	1
뒡	EA04 EC9C	4415	1
뒢	EA05 EC9C	4416	1
뒣	EA06 EC9C	4417	1
뒥	EA07 EC9C	4418	1
뒦	EA08 EC9C	4419	1
뒧	EA09 EC9C	4420	1
뒩	EA0A EC9C	4421	1
뒪	EA00 ECA1	4422	1
뒫	EA01 ECA1	4423	1
뒭	EA02 ECA1	4424	1
뒮	EA03 ECA1	4425	1
뒯	EA04 ECA1	4426	1
뒰	EA05 ECA1	4427	1
뒱	EA06 ECA1	4428	1
뒲	EA07 ECA1	4429	1
뒳	EA08 ECA1	4430	1
뒵	EA09 ECA1	4431	1
뒶	EA0A ECA1	4432	1
뒸	EA00 ECA3	4433	1
뒺	EA01 ECA3	4434	1
뒻	EA02 ECA3	4435	1
뒼	EA03 ECA3	4436	1
뒽	EA04 ECA3	4437	1
뒾	EA05 ECA3	4438	1
뒿	EA06 ECA3	4439	1
듂	EA07 ECA3	4440	1
듃	EA08 ECA3	4441	1
듅	EA09 ECA3	4442	1
듆	EA0A ECA3	4443	1
듇	EA00 ECE9	4444	1
듉	EA01 ECE9	4445	1
듊	EA02 ECE9	4446	1
듋	EA03 ECE9	4447	1
듌	EA04 ECE9	4448	1
듍	EA05 ECE9	4449	1
듎	EA06 ECE9	4450	1
듏	EA07 ECE9	4451	1
듑	EA08 ECE9	4452	1
듒	EA09 ECE9	4453	1
듓	EA0A ECE9	4454	1
듔	EA00 ECBE	4455	1
듖	EA01 ECBE	4456	1
듗	EA02 ECBE	4457	1
듘	EA03 ECBE	4458	1
듙	EA04 ECBE	4459	1
듚	EA05 ECBE	4460	1
듛	EA06 ECBE	4461	1
듟	EA07 ECBE	4462	1
듡	EA08 ECBE	4463	1
듢	EA09 ECBE	4464	1
듥	EA0A ECBE	4465	1
듧	EA00 EA09 EA2E	4466	1
듨	EA01 EA09 EA2E	4467	1
듩	EA02 EA09 EA2E	4468	1
듪	EA03 EA09 EA2E	4469	1
듫	EA04 EA09 EA2E	4470	1
듮	EA05 EA09 EA2E	4471	1
듰	EA06 EA09 EA2E	4472	1
듲	EA07 EA09 EA2E	4473	1
듳	EA08 EA09 EA2E	4474	1
듴	EA09 EA09 EA2E	4475	1
듵	EA0A EA09 EA2E	4476	1
듶	EA00 ED2F	4477	1
듷	EA01 ED2F	4478	1
듹	EA02 ED2F	4479	1
듺	EA03 ED2F	4480	1
듻	EA04 ED2F	4481	1
듼	EA05 ED2F	4482	1
듽	EA06 ED2F	4483	1
듾	EA07 ED2F	4484	1
듿	EA08 ED2F	4485	1
딀	EA09 ED2F	4486	1
딁	EA0A ED2F	4487	1
딂	EA00 ECA4	4488	1
딃	EA01 ECA4	4489	1
딄	EA02 ECA4	4490	1
딅	EA03 ECA4	4491	1
딆	EA04 ECA4	4492	1
딇	EA05 ECA4	4493	1
딈	EA06 ECA4	4494	1
딉	EA07 ECA4	4495	1
딊	EA08 ECA4	4496	1
딋	EA09 ECA4	4497	1
딌	EA0A ECA4	4498	1
딍	EA00 ECAA	4499	1
딎	EA01 ECAA	4500	1
딏	EA02 ECAA	4501	1
딐	EA03 ECAA	4502	1
딑	EA04 ECAA	4503	1
딒	EA05 ECAA	4504	1
딓	EA06 ECAA	4505	1
딖	EA07 ECAA	4506	1
딗	EA08 ECAA	4507	1
딙	EA09 ECAA	4508	1
딚	EA0A ECAA	4509	1
딝	EA00 ECAC	4510	1
딞	EA01 ECAC	4511	1
딟	EA02 ECAC	4512	1
딠	EA03 ECAC	4513	1
딡	EA04 ECAC	4514	1
딢	EA05 ECAC	4515	1
딣	EA06 ECAC	4516	1
딦	EA07 ECAC	4517	1
딬	EA08 ECAC	4518	1
딭	EA09 ECAC	4519	1
딮	EA0A ECAC	4520	1
딯	EA00 ECAD	4521	1
딲	EA01 ECAD	4522	1
딳	EA02 ECAD	4523	1
딵	EA03 ECAD	4524	1
딶	EA04 ECAD	4525	1
딹	EA05 ECAD	4526	1
딺	EA06 ECAD	4527	1
딻	EA07 ECAD	4528	1
딼	EA08 ECAD	4529	1
딽	EA09 ECAD	4530	1
딾	EA0A ECAD	4531	1
딿	EA00 ECAE	4532	1
땂	EA01 ECAE	4533	1
땆	EA02 ECAE	4534	1
땇	EA03 ECAE	4535	1
땈	EA04 ECAE	4536	1
땉	EA05 ECAE	4537	1
땊	EA06 ECAE	4538	1
땍	EA07 ECAE	4539	1
땎	EA08 ECAE	4540	1
땏	EA09 ECAE	4541	1
땑	EA0A ECAE	4542	1
땒	EA00 ECAF	4543	1
땓	EA01 ECAF	4544	1
땕	EA02 ECAF	4545	1
땖	EA03 ECAF	4546	1
땗	EA04 ECAF	4547	1
땘	EA05 ECAF	4548	1
땙	EA06 ECAF	4549	1
땚	EA07 ECAF	4550	1
땛	EA08 ECAF	4551	1
땞	EA09 ECAF	4552	1
땢	EA0A ECAF	4553	1
땣	EA00 ECB0	4554	1
땤	EA01 ECB0	4555	1
땥	EA02 ECB0	4556	1
땦	EA03 ECB0	4557	1
땧	EA04 ECB0	4558	1
땩	EA05 ECB0	4559	1
땪	EA06 ECB0	4560	1
땫	EA07 ECB0	4561	1
땬	EA08 ECB0	4562	1
땭	EA09 ECB0	4563	1
땮	EA0A ECB0	4564	1
땯	EA00 ECB3	4565	1
땰	EA01 ECB3	4566	1
땱	EA02 ECB3	4567	1
땲	EA03 ECB3	4568	1
땳	EA04 ECB3	4569	1
땴	EA05 ECB3	4570	1
땵	EA06 ECB3	4571	1
땶	EA07 ECB3	4572	1
땷	EA08 ECB3	4573	1
땸	EA09 ECB3	4574	1
땹	EA0A ECB3	4575	1
땺	EA00 ECB7	4576	1
땻	EA01 ECB7	4577	1
땼	EA02 ECB7	4578	1
땽	EA03 ECB7	4579	1
땾	EA04 ECB7	4580	1
땿	EA05 ECB7	4581	1
떀	EA06 ECB7	4582	1
떁	EA07 ECB7	4583	1
떂	EA08 ECB7	4584	1
떃	EA09 ECB7	4585	1
떅	EA0A ECB7	4586	1
떆	EA00 ECBF	4587	1
떇	EA01 ECBF	4588	1
떉	EA02 ECBF	4589	1
떊	EA03 ECBF	4590	1
떋	EA04 ECBF	4591	1
떌	EA05 ECBF	4592	1
떍	EA06 ECBF	4593	1
떎	EA07 ECBF	4594	1
떏	EA08 ECBF	4595	1
떐	EA09 ECBF	4596	1
떑	EA0A ECBF	4597	1
떒	EA00 ED13	4598	1
떓	EA01 ED13	4599	1
떕	EA02 ED13	4600	1
떖	EA03 ED13	4601	1
떗	EA04 ED13	4602	1
떘	EA05 ED13	4603	1
떙	EA06 ED13	4604	1
떚	EA07 ED13	4605	1
떛	EA08 ED13	4606	1
떜	EA09 ED13	4607	1
떝	EA0A ED13	4608	1
떞	EA00 ECC1	4609	1
떟	EA01 ECC1	4610	1
떣	EA02 ECC1	4611	1
떦	EA03 ECC1	4612	1
떩	EA04 ECC1	4613	1
떬	EA05 ECC1	4614	1
떭	EA06 ECC1	4615	1
떮	EA07 ECC1	4616	1
떯	EA08 ECC1	4617	1
떲	EA09 ECC1	4618	1
떶	EA0A ECC1	4619	1
떷	EA00 ECC3	4620	1
떸	EA01 ECC3	4621	1
떹	EA02 ECC3	4622	1
떺	EA03 ECC3	4623	1
떾	EA04 ECC3	4624	1
떿	EA05 ECC3	4625	1
뗁	EA06 ECC3	4626	1
뗂	EA07 ECC3	4627	1
뗃	EA08 ECC3	4628	1
뗅	EA09 ECC3	4629	1
뗆	EA0A ECC3	4630	1
뗇	EA00 ECC9	4631	1
뗈	EA01 ECC9	4632	1
뗉	EA02 ECC9	4633	1
뗊	EA03 ECC9	4634	1
뗋	EA04 ECC9	4635	1
뗎	EA05 ECC9	4636	1
뗒	EA06 ECC9	4637	1
뗓	EA07 ECC9	4638	1
뗔	EA08 ECC9	4639	1
뗕	EA09 ECC9	4640	1
뗖	EA0A ECC9	4641	1
뗗	EA00 ECCE	4642	1
뗘	EA01 ECCE	4643	1
뗙	EA02 ECCE	4644	1
뗚	EA03 ECCE	4645	1
뗛	EA04 ECCE	4646	1
뗜	EA05 ECCE	4647	1
뗝	EA06 ECCE	4648	1
뗞	EA07 ECCE	4649	1
뗟	EA08 ECCE	4650	1
뗠	EA09 ECCE	4651	1
뗡	EA0A ECCE	4652	1
뗢	EA00 ECD1	4653	1
뗣	EA01 ECD1	4654	1
뗤	EA02 ECD1	4655	1
뗥	EA03 ECD1	4656	1
뗦	EA04 ECD1	4657	1
뗧	EA05 ECD1	4658	1
뗨	EA06 ECD1	4659	1
뗩	EA07 ECD1	4660	1
뗪	EA08 ECD1	4661	1
뗫	EA09 ECD1	4662	1
뗭	EA0A ECD1	4663	1
뗮	EA00 ECDD	4664	1
뗯	EA01 ECDD	4665	1
뗰	EA02 ECDD	4666	1
뗱	EA03 ECDD	4667	1
뗲	EA04 ECDD	4668	1
뗳	EA05 ECDD	4669	1
뗵	EA06 ECDD	4670	1
뗶	EA07 ECDD	4671	1
뗷	EA08 ECDD	4672	1
뗸	EA09 ECDD	4673	1
뗹	EA0A ECDD	4674	1
뗺	EA00 ECE1	4675	1
뗻	EA01 ECE1	4676	1
뗼	EA02 ECE1	4677	1
뗽	EA03 ECE1	4678	1
뗾	EA04 ECE1	4679	1
뗿	EA05 ECE1	4680	1
똀	EA06 ECE1	4681	1
똁	EA07 ECE1	4682	1
똂	EA08 ECE1	4683	1
똃	EA09 ECE1	4684	1
똄	EA0A ECE1	4685	1
똅	EA00 ECF0	4686	1
똆	EA01 ECF0	4687	1
똇	EA02 ECF0	4688	1
똈	EA03 ECF0	4689	1
똉	EA04 ECF0	4690	1
똊	EA05 ECF0	4691	1
똋	EA06 ECF0	4692	1
똌	EA07 ECF0	4693	1
똍	EA08 ECF0	4694	1
똎	EA09 ECF0	4695	1
똏	EA0A ECF0	4696	1
똒	EA00 ECF4	4697	1
똓	EA01 ECF4	4698	1
똕	EA02 ECF4	4699	1
똖	EA03 ECF4	4700	1
똗	EA04 ECF4	4701	1
똙	EA05 ECF4	4702	1
똚	EA06 ECF4	4703	1
똛	EA07 ECF4	4704	1
똜	EA08 ECF4	4705	1
똝	EA09 ECF4	4706	1
똞	EA0A ECF4	4707	1
똢	EA00 ECF5	4708	1
똤	EA01 ECF5	4709	1
똦	EA02 ECF5	4710	1
똧	EA03 ECF5	4711	1
똨	EA04 ECF5	4712	1
똩	EA05 ECF5	4713	1
똪	EA06 ECF5	4714	1
똫	EA07 ECF5	4715	1
똭	EA08 ECF5	4716	1
똮	EA09 ECF5	4717	1
똯	EA0A ECF5	4718	1
똰	EA00 ED00	4719	1
똱	EA01 ED00	4720	1
똲	EA02 ED00	4721	1
똳	EA03 ED00	4722	1
똴	EA04 ED00	4723	1
똵	EA05 ED00	4724	1
똶	EA06 ED00	4725	1
똷	EA07 ED00	4726	1
똸	EA08 ED00	4727	1
똹	EA09 ED00	4728	1
똺	EA0A ED00	4729	1
똻	EA00 ED84	4730	1
똼	EA01 ED84	4731	1
똽	EA02 ED84	4732	1
똾	EA03 ED84	4733	1
똿	EA04 ED84	4734	1
뙀	EA05 ED84	4735	1
뙁	EA06 ED84	4736	1
뙂	EA07 ED84	4737	1
뙃	EA08 ED84	4738	1
뙄	EA09 ED84	4739	1
뙅	EA0A ED84	4740	1
뙆	EA00 ED6F	4741	1
뙇	EA01 ED6F	4742	1
뙉	EA02 ED6F	4743	1
뙊	EA03 ED6F	4744	1
뙋	EA04 ED6F	4745	1
뙌	EA05 ED6F	4746	1
뙍	EA06 ED6F	4747	1
뙎	EA07 ED6F	4748	1
뙏	EA08 ED6F	4749	1
뙐	EA09 ED6F	4750	1
뙑	EA0A ED6F	4751	1
뙒	EA00 ED4A	4752	1
뙓	EA01 ED4A	4753	1
뙔	EA02 ED4A	4754	1
뙕	EA03 ED4A	4755	1
뙖	EA04 ED4A	4756	1
뙗	EA05 ED4A	4757	1
뙘	EA06 ED4A	4758	1
뙙	EA07 ED4A	4759	1
뙚	EA08 ED4A	4760	1
뙛	EA09 ED4A	4761	1
뙜	EA0A ED4A	4762	1
뙝	EA00 ED8F	4763	1
뙞	EA01 ED8F	4764	1
뙟	EA02 ED8F	4765	1
뙠	EA03 ED8F	4766	1
뙡	EA04 ED8F	4767	1
뙢	EA05 ED8F	4768	1
뙣	EA06 ED8F	4769	1
뙥	EA07 ED8F	4770	1
뙦	EA08 ED8F	4771	1
뙧	EA09 ED8F	4772	1
뙩	EA0A ED8F	4773	1
뙪	EA00 ED23	4774	1
뙫	EA01 ED23	4775	1
뙬	EA02 ED23	4776	1
뙭	EA03 ED23	4777	1
뙮	EA04 ED23	4778	1
뙯	EA05 ED23	4779	1
뙰	EA06 ED23	4780	1
뙱	EA07 ED23	4781	1
뙲	EA08 ED23	4782	1
뙳	EA09 ED23	4783	1
뙴	EA0A ED23	4784	1
뙵	EA00 EE0E	4785	1
뙶	EA01 EE0E	4786	1
뙷	EA02 EE0E	4787	1
뙸	EA03 EE0E	4788	1
뙹	EA04 EE0E	4789	1
뙺	EA05 EE0E	4790	1
뙻	EA06 EE0E	4791	1
뙼	EA07 EE0E	4792	1
뙽	EA08 EE0E	4793	1
뙾	EA09 EE0E	4794	1
뙿	EA0A EE0E	4795	1
뚀	EA00 ED28	4796	1
뚁	EA01 ED28	4797	1
뚂	EA02 ED28	4798	1
뚃	EA03 ED28	4799	1
뚄	EA04 ED28	4800	1
뚅	EA05 ED28	4801	1
뚆	EA06 ED28	4802	1
뚇	EA07 ED28	4803	1
뚈	EA08 ED28	4804	1
뚉	EA09 ED28	4805	1
뚊	EA0A ED28	4806	1
뚋	EA00 ED0E	4807	1
뚌	EA01 ED0E	4808	1
뚍	EA02 ED0E	4809	1
뚎	EA03 ED0E	4810	1
뚏	EA04 ED0E	4811	1
뚐	EA05 ED0E	4812	1
뚑	EA06 ED0E	4813	1
뚒	EA07 ED0E	4814	1
뚓	EA08 ED0E	4815	1
뚔	EA09 ED0E	4816	1
뚕	EA0A ED0E	4817	1
뚖	EA00 ED1B	4818	1
뚗	EA01 ED1B	4819	1
뚘	EA02 ED1B	4820	1
뚙	EA03 ED1B	4821	1
뚚	EA04 ED1B	4822	1
뚛	EA05 ED1B	4823	1
뚞	EA06 ED1B	4824	1
뚟	EA07 ED1B	4825	1
뚡	EA08 ED1B	4826	1
뚢	EA09 ED1B	4827	1
뚣	EA0A ED1B	4828	1
뚥	EA00 ED6A	4829	1
뚦	EA01 ED6A	4830	1
뚨	EA02 ED6A	4831	1
뚩	EA03 ED6A	4832	1
뚪	EA04 ED6A	4833	1
뚭	EA05 ED6A	4834	1
뚮	EA06 ED6A	4835	1
뚯	EA07 ED6A	4836	1
뚰	EA08 ED6A	4837	1
뚲	EA09 ED6A	4838	1
뚳	EA0A ED6A	4839	1
뚴	EA00 ED31	4840	1
뚵	EA01 ED31	4841	1
뚶	EA02 ED31	4842	1
뚷	EA03 ED31	4843	1
뚹	EA04 ED31	4844	1
뚺	EA05 ED31	4845	1
뚻	EA06 ED31	4846	1
뚼	EA07 ED31	4847	1
뚽	EA08 ED31	4848	1
뚾	EA09 ED31	4849	1
뚿	EA0A ED31	4850	1
뛀	EA00 ED16	4851	1
뛁	EA01 ED16	4852	1
뛂	EA02 ED16	4853	1
뛃	EA03 ED16	4854	1
뛄	EA04 ED16	4855	1
뛅	EA05 ED16	4856	1
뛆	EA06 ED16	4857	1
뛇	EA07 ED16	4858	1
뛈	EA08 ED16	4859	1
뛉	EA09 ED16	4860	1
뛊	EA0A ED16	4861	1
뛋	EA00 ED1D	4862	1
뛌	EA01 ED1D	4863	1
뛍	EA02 ED1D	4864	1
뛎	EA03 ED1D	4865	1
뛏	EA04 ED1D	4866	1
뛐	EA05 ED1D	4867	1
뛑	EA06 ED1D	4868	1
뛒	EA07 ED1D	4869	1
뛓	EA08 ED1D	4870	1
뛕	EA09 ED1D	4871	1
뛖	EA0A ED1D	4872	1
뛗	EA00 ED1F	4873	1
뛘	EA01 ED1F	4874	1
뛙	EA02 ED1F	4875	1
뛚	EA03 ED1F	4876	1
뛛	EA04 ED1F	4877	1
뛜	EA05 ED1F	4878	1
뛝	EA06 ED1F	4879	1
뛞	EA07 ED1F	4880	1
뛟	EA08 ED1F	4881	1
뛠	EA09 ED1F	4882	1
뛡	EA0A ED1F	4883	1
뛢	EA00 ED32	4884	1
뛣	EA01 ED32	4885	1
뛤	EA02 ED32	4886	1
뛥	EA03 ED32	4887	1
뛦	EA04 ED32	4888	1
뛧	EA05 ED32	4889	1
뛨	EA06 ED32	4890	1
뛩	EA07 ED32	4891	1
뛪	EA08 ED32	4892	1
뛫	EA09 ED32	4893	1
뛬	EA0A ED32	4894	1
뛭	EA00 ED34	4895	1
뛮	EA01 ED34	4896	1
뛯	EA02 ED34	4897	1
뛱	EA03 ED34	4898	1
뛲	EA04 ED34	4899	1
뛳	EA05 ED34	4900	1
뛵	EA06 ED34	4901	1
뛶	EA07 ED34	4902	1
뛷	EA08 ED34	4903	1
뛹	EA09 ED34	4904	1
뛺	EA0A ED34	4905	1
뛻	EA00 ED36	4906	1
뛼	EA01 ED36	4907	1
뛽	EA02 ED36	4908	1
뛾	EA03 ED36	4909	1
뛿	EA04 ED36	4910	1
뜂	EA05 ED36	4911	1
뜃	EA06 ED36	4912	1
뜄	EA07 ED36	4913	1
뜅	EA08 ED36	4914	1
뜆	EA09 ED36	4915	1
뜇	EA0A ED36	4916	1
뜈	EA00 ED98	4917	1
뜉	EA01 ED98	4918	1
뜊	EA02 ED98	4919	1
뜋	EA03 ED98	4920	1
뜌	EA04 ED98	4921	1
뜍	EA05 ED98	4922	1
뜎	EA06 ED98	4923	1
뜏	EA07 ED98	4924	1
뜐	EA08 ED98	4925	1
뜑	EA09 ED98	4926	1
뜒	EA0A ED98	4927	1
뜓	EA00 ED40	4928	1
뜔	EA01 ED40	4929	1
뜕	EA02 ED40	4930	1
뜖	EA03 ED40	4931	1
뜗	EA04 ED40	4932	1
뜘	EA05 ED40	4933	1
뜙	EA06 ED40	4934	1
뜚	EA07 ED40	4935	1
뜛	EA08 ED40	4936	1
뜜	EA09 ED40	4937	1
뜝	EA0A ED40	4938	1
뜞	EA00 ED52	4939	1
뜟	EA01 ED52	4940	1
뜠	EA02 ED52	4941	1
뜡	EA03 ED52	4942	1
뜢	EA04 ED52	4943	1
뜣	EA05 ED52	4944	1
뜤	EA06 ED52	4945	1
뜥	EA07 ED52	4946	1
뜦	EA08 ED52	4947	1
뜧	EA09 ED52	4948	1
뜪	EA0A ED52	4949	1
뜫	EA00 ED67	4950	1
뜭	EA01 ED67	4951	1
뜮	EA02 ED67	4952	1
뜱	EA03 ED67	4953	1
뜲	EA04 ED67	4954	1
뜳	EA05 ED67	4955	1
뜴	EA06 ED67	4956	1
뜵	EA07 ED67	4957	1
뜶	EA08 ED67	4958	1
뜺	EA09 ED67	4959	1
뜼	EA0A ED67	4960	1
뜽	EA00 ED4D	4961	1
뜿	EA01 ED4D	4962	1
띀	EA02 ED4D	4963	1
띂	EA03 ED4D	4964	1
띅	EA04 ED4D	4965	1
띆	EA05 ED4D	4966	1
띇	EA06 ED4D	4967	1
띉	EA07 ED4D	4968	1
띊	EA08 ED4D	4969	1
띋	EA09 ED4D	4970	1
띍	EA0A ED4D	4971	1
띎	EA00 ED4E	4972	1
띏	EA01 ED4E	4973	1
띐	EA02 ED4E	4974	1
띑	EA03 ED4E	4975	1
띒	EA04 ED4E	4976	1
띓	EA05 ED4E	4977	1
띖	EA06 ED4E	4978	1
띗	EA07 ED4E	4979	1
띘	EA08 ED4E	4980	1
띙	EA09 ED4E	4981	1
띚	EA0A ED4E	4982	1
띛	EA00 ED4F	4983	1
띜	EA01 ED4F	4984	1
띝	EA02 ED4F	4985	1
띞	EA03 ED4F	4986	1
띟	EA04 ED4F	4987	1
띢	EA05 ED4F	4988	1
띣	EA06 ED4F	4989	1
띥	EA07 ED4F	4990	1
띦	EA08 ED4F	4991	1
띧	EA09 ED4F	4992	1
띩	EA0A ED4F	4993	1
띪	EA00 ED61	4994	1
띫	EA01 ED61	4995	1
띬	EA02 ED61	4996	1
띭	EA03 ED61	4997	1
띮	EA04 ED61	4998	1
띯	EA05 ED61	4999	1
띲	EA06 ED61	5000	1
띴	EA07 ED61	5001	1
띶	EA08 ED61	5002	1
띷	EA09 ED61	5003	1
띸	EA0A ED61	5004	1
띹	EA00 ED65	5005	1
띺	EA01 ED65	5006	1
띻	EA02 ED65	5007	1
띾	EA03 ED65	5008	1
띿	EA04 ED65	5009	1
랁	EA05 ED65	5010	1
랂	EA06 ED65	5011	1
랅	EA07 ED65	5012	1
랆	EA08 ED65	5013	1
랇	EA09 ED65	5014	1
랈	EA0A ED65	5015	1
랉	EA00 ED5B	5016	1
랊	EA01 ED5B	5017	1
랋	EA02 ED5B	5018	1
랎	EA03 ED5B	5019	1
랒	EA04 ED5B	5020	1
랓	EA05 ED5B	5021	1
랔	EA06 ED5B	5022	1
랕	EA07 ED5B	5023	1
랚	EA08 ED5B	5024	1
랛	EA09 ED5B	5025	1
랝	EA0A ED5B	5026	1
랞	EA00 ED5A	5027	1
랟	EA01 ED5A	5028	1
랡	EA02 ED5A	5029	1
랢	EA03 ED5A	5030	1
랣	EA04 ED5A	5031	1
랤	EA05 ED5A	5032	1
랥	EA06 ED5A	5033	1
랦	EA07 ED5A	5034	1
랧	EA08 ED5A	5035	1
랪	EA09 ED5A	5036	1
랮	EA0A ED5A	5037	1
랯	EA00 ED66	5038	1
랱	EA01 ED66	5039	1
랳	EA02 ED66	5040	1
랶	EA03 ED66	5041	1
랷	EA04 ED66	5042	1
랹	EA05 ED66	5043	1
랺	EA06 ED66	5044	1
랻	EA07 ED66	5045	1
랽	EA08 ED66	5046	1
랾	EA09 ED66	5047	1
랿	EA0A ED66	5048	1
럀	EA00 ED91	5049	1
럁	EA01 ED91	5050	1
럂	EA02 ED91	5051	1
럃	EA03 ED91	5052	1
럄	EA04 ED91	5053	1
럆	EA05 ED91	5054	1
럊	EA06 ED91	5055	1
럋	EA07 ED91	5056	1
럌	EA08 ED91	5057	1
럍	EA09 ED91	5058	1
럎	EA0A ED91	5059	1
럏	EA00 ED89	5060	1
럑	EA01 ED89	5061	1
럒	EA02 ED89	5062	1
럓	EA03 ED89	5063	1
럕	EA04 ED89	5064	1
럖	EA05 ED89	5065	1
럗	EA06 ED89	5066	1
럘	EA07 ED89	5067	1
럙	EA08 ED89	5068	1
럚	EA09 ED89	5069	1
럛	EA0A ED89	5070	1
럜	EA00 ED81	5071	1
럝	EA01 ED81	5072	1
럞	EA02 ED81	5073	1
럟	EA03 ED81	5074	1
럠	EA04 ED81	5075	1
럡	EA05 ED81	5076	1
럢	EA06 ED81	5077	1
럣	EA07 ED81	5078	1
럤	EA08 ED81	5079	1
럥	EA09 ED81	5080	1
럦	EA0A ED81	5081	1
럧	EA00 ED8A	5082	1
럨	EA01 ED8A	5083	1
럩	EA02 ED8A	5084	1
럪	EA03 ED8A	5085	1
럫	EA04 ED8A	5086	1
럮	EA05 ED8A	5087	1
럯	EA06 ED8A	5088	1
럱	EA07 ED8A	5089	1
럳	EA08 ED8A	5090	1
럵	EA09 ED8A	5091	1
럶	EA0A ED8A	5092	1
럷	EA00 EA00 EA34	5093	1
럸	EA01 EA00 EA34	5094	1
럹	EA02 EA00 EA34	5095	1
럺	EA03 EA00 EA34	5096	1
럻	EA04 EA00 EA34	5097	1
럾	EA05 EA00 EA34	5098	1
렂	EA06 EA00 EA34	5099	1
렄	EA07 EA00 EA34	5100	1
렅	EA08 EA00 EA34	5101	1
렆	EA09 EA00 EA34	5102	1
렊	EA0A EA00 EA34	5103	1
렋	EA00 EA01 EA34	5104	1
렍	EA01 EA01 EA34	5105	1
렎	EA02 EA01 EA34	5106	1
렑	EA03 EA01 EA34	5107	1
렒	EA04 EA01 EA34	5108	1
렓	EA05 EA01 EA34	5109	1
렔	EA06 EA01 EA34	5110	1
렕	EA07 EA01 EA34	5111	1
렖	EA08 EA01 EA34	5112	1
렗	EA09 EA01 EA34	5113	1
렚	EA0A EA01 EA34	5114	1
렞	EA00 EDB6	5115	1
렟	EA01 EDB6	5116	1
렠	EA02 EDB6	5117	1
렡	EA03 EDB6	5118	1
렢	EA04 EDB6	5119	1
렦	EA05 EDB6	5120	1
렩	EA06 EDB6	5121	1
렪	EA07 EDB6	5122	1
렫	EA08 EDB6	5123	1
렭	EA09 EDB6	5124	1
렮	EA0A EDB6	5125	1
렯	EA00 EA03 EA34	5126	1
렰	EA01 EA03 EA34	5127	1
렱	EA02 EA03 EA34	5128	1
렲	EA03 EA03 EA34	5129	1
렳	EA04 EA03 EA34	5130	1
렶	EA05 EA03 EA34	5131	1
렺	EA06 EA03 EA34	5132	1
렻	EA07 EA03 EA34	5133	1
렼	EA08 EA03 EA34	5134	1
렽	EA09 EA03 EA34	5135	1
렾	EA0A EA03 EA34	5136	1
렿	EA00 EE50	5137	1
롁	EA01 EE50	5138	1
롂	EA02 EE50	5139	1
롃	EA03 EE50	5140	1
롅	EA04 EE50	5141	1
롆	EA05 EE50	5142	1
롇	EA06 EE50	5143	1
롈	EA07 EE50	5144	1
롉	EA08 EE50	5145	1
롊	EA09 EE50	5146	1
롋	EA0A EE50	5147	1
롌	EA00 EA05 EA34	5148	1
롍	EA01 EA05 EA34	5149	1
롎	EA02 EA05 EA34	5150	1
롏	EA03 EA05 EA34	5151	1
롑	EA04 EA05 EA34	5152	1
롒	EA05 EA05 EA34	5153	1
롓	EA06 EA05 EA34	5154	1
롔	EA07 EA05 EA34	5155	1
롕	EA08 EA05 EA34	5156	1
롖	EA09 EA05 EA34	5157	1
롗	EA0A EA05 EA34	5158	1
롘	EA00 EA06 EA34	5159	1
롙	EA01 EA06 EA34	5160	1
롚	EA02 EA06 EA34	5161	1
롛	EA03 EA06 EA34	5162	1
롞	EA04 EA06 EA34	5163	1
롟	EA05 EA06 EA34	5164	1
롡	EA06 EA06 EA34	5165	1
롢	EA07 EA06 EA34	5166	1
롣	EA08 EA06 EA34	5167	1
롥	EA09 EA06 EA34	5168	1
롦	EA0A EA06 EA34	5169	1
롧	EA00 EEBA	5170	1
롨	EA01 EEBA	5171	1
롩	EA02 EEBA	5172	1
롪	EA03 EEBA	5173	1
롫	EA04 EEBA	5174	1
롮	EA05 EEBA	5175	1
롰	EA06 EEBA	5176	1
롳	EA07 EEBA	5177	1
롴	EA08 EEBA	5178	1
롵	EA09 EEBA	5179	1
롶	EA0A EEBA	5180	1
롷	EA00 EDDE	5181	1
롺	EA01 EDDE	5182	1
롻	EA02 EDDE	5183	1
롽	EA03 EDDE	5184	1
롾	EA04 EDDE	5185	1
롿	EA05 EDDE	5186	1
뢀	EA06 EDDE	5187	1
뢁	EA07 EDDE	5188	1
뢂	EA08 EDDE	5189	1
뢃	EA09 EDDE	5190	1
뢄	EA0A EDDE	5191	1
뢅	EA00 EDBA	5192	1
뢆	EA01 EDBA	5193	1
뢇	EA02 EDBA	5194	1
뢈	EA03 EDBA	5195	1
뢉	EA04 EDBA	5196	1
뢊	EA05 EDBA	5197	1
뢋	EA06 EDBA	5198	1
뢌	EA07 EDBA	5199	1
뢍	EA08 EDBA	5200	1
뢎	EA09 EDBA	5201	1
뢏	EA0A EDBA	5202	1
뢐	EA00 EDEB	5203	1
뢑	EA01 EDEB	5204	1
뢒	EA02 EDEB	5205	1
뢓	EA03 EDEB	5206	1
뢔	EA04 EDEB	5207	1
뢕	EA05 EDEB	5208	1
뢖	EA06 EDEB	5209	1
뢗	EA07 EDEB	5210	1
뢘	EA08 EDEB	5211	1
뢙	EA09 EDEB	5212	1
뢚	EA0A EDEB	5213	1
뢛	EA00 EDC8	5214	1
뢜	EA01 EDC8	5215	1
뢝	EA02 EDC8	5216	1
뢞	EA03 EDC8	5217	1
뢟	EA04 EDC8	5218	1
뢠	EA05 EDC8	5219	1
뢡	EA06 EDC8	5220	1
뢢	EA07 EDC8	5221	1
뢣	EA08 EDC8	5222	1
뢤	EA09 EDC8	5223	1
뢥	EA0A EDC8	5224	1
뢦	EA00 EE42	5225	1
뢧	EA01 EE42	5226	1
뢩	EA02 EE42	5227	1
뢪	EA03 EE42	5228	1
뢫	EA04 EE42	5229	1
뢬	EA05 EE42	5230	1
뢭	EA06 EE42	5231	1
뢮	EA07 EE42	5232	1
뢯	EA08 EE42	5233	1
뢱	EA09 EE42	5234	1
뢲	EA0A EE42	5235	1
뢳	EA00 EDCB	5236	1
뢵	EA01 EDCB	5237	1
뢶	EA02 EDCB	5238	1
뢷	EA03 EDCB	5239	1
뢹	EA04 EDCB	5240	1
뢺	EA05 EDCB	5241	1
뢻	EA06 EDCB	5242	1
뢼	EA07 EDCB	5243	1
뢽	EA08 EDCB	5244	1
룂	EA09 EDCB	5245	1
룃	EA0A EDCB	5246	1
룄	EA00 EE93	5247	1
룆	EA01 EE93	5248	1
룇	EA02 EE93	5249	1
룈	EA03 EE93	5250	1
룉	EA04 EE93	5251	1
룊	EA05 EE93	5252	1
룋	EA06 EE93	5253	1
룎	EA07 EE93	5254	1
룏	EA08 EE93	5255	1
룑	EA09 EE93	5256	1
룕	EA0A EE93	5257	1
룗	EA00 EDDB	5258	1
룘	EA01 EDDB	5259	1
룙	EA02 EDDB	5260	1
룚	EA03 EDDB	5261	1
룛	EA04 EDDB	5262	1
룝	EA05 EDDB	5263	1
룞	EA06 EDDB	5264	1
룠	EA07 EDDB	5265	1
룢	EA08 EDDB	5266	1
룣	EA09 EDDB	5267	1
룤	EA0A EDDB	5268	1
룥	EA00 EDDD	5269	1
룦	EA01 EDDD	5270	1
룧	EA02 EDDD	5271	1
룪	EA03 EDDD	5272	1
룫	EA04 EDDD	5273	1
룭	EA05 EDDD	5274	1
룮	EA06 EDDD	5275	1
룯	EA07 EDDD	5276	1
룱	EA08 EDDD	5277	1
룲	EA09 EDDD	5278	1
룳	EA0A EDDD	5279	1
룴	EA00 EE15	5280	1
룵	EA01 EE15	5281	1
룶	EA02 EE15	5282	1
룷	EA03 EE15	5283	1
룺	EA04 EE15	5284	1
룼	EA05 EE15	5285	1
룾	EA06 EE15	5286	1
룿	EA07 EE15	5287	1
뤀	EA08 EE15	5288	1
뤁	EA09 EE15	5289	1
뤂	EA0A EE15	5290	1
뤃	EA00 EE00	5291	1
뤅	EA01 EE00	5292	1
뤆	EA02 EE00	5293	1
뤇	EA03 EE00	5294	1
뤉	EA04 EE00	5295	1
뤊	EA05 EE00	5296	1
뤋	EA06 EE00	5297	1
뤍	EA07 EE00	5298	1
뤎	EA08 EE00	5299	1
뤏	EA09 EE00	5300	1
뤐	EA0A EE00	5301	1
뤑	EA00 EDF5	5302	1
뤒	EA01 EDF5	5303	1
뤓	EA02 EDF5	5304	1
뤔	EA03 EDF5	5305	1
뤕	EA04 EDF5	5306	1
뤖	EA05 EDF5	5307	1
뤙	EA06 EDF5	5308	1
뤚	EA07 EDF5	5309	1
뤛	EA08 EDF5	5310	1
뤜	EA09 EDF5	5311	1
뤝	EA0A EDF5	5312	1
뤞	EA00 EE1F	5313	1
뤟	EA01 EE1F	5314	1
뤡	EA02 EE1F	5315	1
뤢	EA03 EE1F	5316	1
뤣	EA04 EE1F	5317	1
뤤	EA05 EE1F	5318	1
뤥	EA06 EE1F	5319	1
뤦	EA07 EE1F	5320	1
뤧	EA08 EE1F	5321	1
뤩	EA09 EE1F	5322	1
뤪	EA0A EE1F	5323	1
뤫	EA00 EA0A EA35	5324	1
뤬	EA01 EA0A EA35	5325	1
뤭	EA02 EA0A EA35	5326	1
뤮	EA03 EA0A EA35	5327	1
뤯	EA04 EA0A EA35	5328	1
뤰	EA05 EA0A EA35	5329	1
뤱	EA06 EA0A EA35	5330	1
뤲	EA07 EA0A EA35	5331	1
뤴	EA08 EA0A EA35	5332	1
뤶	EA09 EA0A EA35	5333	1
뤷	EA0A EA0A EA35	5334	1
뤸	EA00 EE2B	5335	1
뤹	EA01 EE2B	5336	1
뤺	EA02 EE2B	5337	1
뤻	EA03 EE2B	5338	1
뤾	EA04 EE2B	5339	1
뤿	EA05 EE2B	5340	1
륁	EA06 EE2B	5341	1
륂	EA07 EE2B	5342	1
륃	EA08 EE2B	5343	1
륅	EA09 EE2B	5344	1
륆	EA0A EE2B	5345	1
륇	EA00 EE02	5346	1
륈	EA01 EE02	5347	1
륉	EA02 EE02	5348	1
륊	EA03 EE02	5349	1
륋	EA04 EE02	5350	1
륎	EA05 EE02	5351	1
륐	EA06 EE02	5352	1
륒	EA07 EE02	5353	1
륓	EA08 EE02	5354	1
륔	EA09 EE02	5355	1
륕	EA0A EE02	5356	1
륖	EA00 EE12	5357	1
륗	EA01 EE12	5358	1
륚	EA02 EE12	5359	1
륛	EA03 EE12	5360	1
륝	EA04 EE12	5361	1
륞	EA05 EE12	5362	1
륟	EA06 EE12	5363	1
륡	EA07 EE12	5364	1
륢	EA08 EE12	5365	1
륣	EA09 EE12	5366	1
륤	EA0A EE12	5367	1
륥	EA00 EE10	5368	1
륦	EA01 EE10	5369	1
륧	EA02 EE10	5370	1
륪	EA03 EE10	5371	1
륬	EA04 EE10	5372	1
륮	EA05 EE10	5373	1
륯	EA06 EE10	5374	1
륰	EA07 EE10	5375	1
륱	EA08 EE10	5376	1
륲	EA09 EE10	5377	1
륳	EA0A EE10	5378	1
륶	EA00 EE09	5379	1
륷	EA01 EE09	5380	1
륹	EA02 EE09	5381	1
륺	EA03 EE09	5382	1
륻	EA04 EE09	5383	1
륽	EA05 EE09	5384	1
륾	EA06 EE09	5385	1
륿	EA07 EE09	5386	1
릀	EA08 EE09	5387	1
릁	EA09 EE09	5388	1
릃	EA0A EE09	5389	1
릆	EA00 EE0F	5390	1
릈	EA01 EE0F	5391	1
릋	EA02 EE0F	5392	1
릑	EA03 EE0F	5393	1
릒	EA04 EE0F	5394	1
릓	EA05 EE0F	5395	1
릔	EA06 EE0F	5396	1
릕	EA07 EE0F	5397	1
릖	EA08 EE0F	5398	1
릗	EA09 EE0F	5399	1
릙	EA0A EE0F	5400	1
릚	EA00 EE14	5401	1
릛	EA01 EE14	5402	1
릜	EA02 EE14	5403	1
릝	EA03 EE14	5404	1
릞	EA04 EE14	5405	1
릟	EA05 EE14	5406	1
릠	EA06 EE14	5407	1
릡	EA07 EE14	5408	1
릢	EA08 EE14	5409	1
릣	EA09 EE14	5410	1
릤	EA0A EE14	5411	1
릥	EA00 EE19	5412	1
릦	EA01 EE19	5413	1
릧	EA02 EE19	5414	1
릨	EA03 EE19	5415	1
릩	EA04 EE19	5416	1
릪	EA05 EE19	5417	1
릯	EA06 EE19	5418	1
릱	EA07 EE19	5419	1
릵	EA08 EE19	5420	1
릶	EA09 EE19	5421	1
릷	EA0A EE19	5422	1
릸	EA00 EE1D	5423	1
릹	EA01 EE1D	5424	1
릺	EA02 EE1D	5425	1
릻	EA03 EE1D	5426	1
릾	EA04 EE1D	5427	1
맀	EA05 EE1D	5428	1
맃	EA06 EE1D	5429	1
맄	EA07 EE1D	5430	1
맅	EA08 EE1D	5431	1
맆	EA09 EE1D	5432	1
맊	EA0A EE1D	5433	1
맋	EA00 EE25	5434	1
맍	EA01 EE25	5435	1
맒	EA02 EE25	5436	1
맓	EA03 EE25	5437	1
맔	EA04 EE25	5438	1
맕	EA05 EE25	5439	1
맖	EA06 EE25	5440	1
맗	EA07 EE25	5441	1
맚	EA08 EE25	5442	1
맢	EA09 EE25	5443	1
맦	EA0A EE25	5444	1
맧	EA00 EE2A	5445	1
맩	EA01 EE2A	5446	1
맪	EA02 EE2A	5447	1
맫	EA03 EE2A	5448	1
맭	EA04 EE2A	5449	1
맮	EA05 EE2A	5450	1
맯	EA06 EE2A	5451	1
맰	EA07 EE2A	5452	1
맱	EA08 EE2A	5453	1
맲	EA09 EE2A	5454	1
맳	EA0A EE2A	5455	1
맶	EA00 EE31	5456	1
맼	EA01 EE31	5457	1
맾	EA02 EE31	5458	1
맿	EA03 EE31	5459	1
먂	EA04 EE31	5460	1
먃	EA05 EE31	5461	1
먅	EA06 EE31	5462	1
먆	EA07 EE31	5463	1
먇	EA08 EE31	5464	1
먈	EA09 EE31	5465	1
먉	EA0A EE31	5466	1
먊	EA00 EE69	5467	1
먋	EA01 EE69	5468	1
먌	EA02 EE69	5469	1
먍	EA03 EE69	5470	1
먎	EA04 EE69	5471	1
먏	EA05 EE69	5472	1
먐	EA06 EE69	5473	1
먑	EA07 EE69	5474	1
먒	EA08 EE69	5475	1
먓	EA09 EE69	5476	1
먔	EA0A EE69	5477	1
먖	EA00 EE3C	5478	1
먘	EA01 EE3C	5479	1
먙	EA02 EE3C	5480	1
먚	EA03 EE3C	5481	1
먛	EA04 EE3C	5482	1
먝	EA05 EE3C	5483	1
먞	EA06 EE3C	5484	1
먟	EA07 EE3C	5485	1
먠	EA08 EE3C	5486	1
먡	EA09 EE3C	5487	1
먢	EA0A EE3C	5488	1
먣	EA00 EE35	5489	1
먤	EA01 EE35	5490	1
먥	EA02 EE35	5491	1
먦	EA03 EE35	5492	1
먧	EA04 EE35	5493	1
먨	EA05 EE35	5494	1
먩	EA06 EE35	5495	1
먪	EA07 EE35	5496	1
먫	EA08 EE35	5497	1
먬	EA09 EE35	5498	1
먭	EA0A EE35	5499	1
먮	EA00 EE3A	5500	1
먯	EA01 EE3A	5501	1
먰	EA02 EE3A	5502	1
먱	EA03 EE3A	5503	1
먲	EA04 EE3A	5504	1
먳	EA05 EE3A	5505	1
먴	EA06 EE3A	5506	1
먵	EA07 EE3A	5507	1
먶	EA08 EE3A	5508	1
먷	EA09 EE3A	5509	1
먺	EA0A EE3A	5510	1
먻	EA00 EE3E	5511	1
먽	EA01 EE3E	5512	1
먾	EA02 EE3E	5513	1
먿	EA03 EE3E	5514	1
멁	EA04 EE3E	5515	1
멃	EA05 EE3E	5516	1
멄	EA06 EE3E	5517	1
멅	EA07 EE3E	5518	1
멆	EA08 EE3E	5519	1
멇	EA09 EE3E	5520	1
멊	EA0A EE3E	5521	1
멌	EA00 EA06 EA39	5522	1
멏	EA01 EA06 EA39	5523	1
멐	EA02 EA06 EA39	5524	1
멑	EA03 EA06 EA39	5525	1
멖	EA04 EA06 EA39	5526	1
멗	EA05 EA06 EA39	5527	1
멙	EA06 EA06 EA39	5528	1
멚	EA07 EA06 EA39	5529	1
멛	EA08 EA06 EA39	5530	1
멝	EA09 EA06 EA39	5531	1
멞	EA0A EA06 EA39	5532	1
멟	EA00 EE4C	5533	1
멠	EA01 EE4C	5534	1
멡	EA02 EE4C	5535	1
멢	EA03 EE4C	5536	1
멣	EA04 EE4C	5537	1
멦	EA05 EE4C	5538	1
멪	EA06 EE4C	5539	1
멫	EA07 EE4C	5540	1
멬	EA08 EE4C	5541	1
멮	EA09 EE4C	5542	1
멯	EA0A EE4C	5543	1
멲	EA00 EA08 EA39	5544	1
멳	EA01 EA08 EA39	5545	1
멶	EA02 EA08 EA39	5546	1
멷	EA03 EA08 EA39	5547	1
멹	EA04 EA08 EA39	5548	1
멺	EA05 EA08 EA39	5549	1
멻	EA06 EA08 EA39	5550	1
멼	EA07 EA08 EA39	5551	1
멽	EA08 EA08 EA39	5552	1
멾	EA09 EA08 EA39	5553	1
멿	EA0A EA08 EA39	5554	1
몁	EA00 EE51	5555	1
몂	EA01 EE51	5556	1
몈	EA02 EE51	5557	1
몉	EA03 EE51	5558	1
몊	EA04 EE51	5559	1
몋	EA05 EE51	5560	1
몍	EA06 EE51	5561	1
몎	EA07 EE51	5562	1
몏	EA08 EE51	5563	1
몑	EA09 EE51	5564	1
몒	EA0A EE51	5565	1
몓	EA00 EE5F	5566	1
몔	EA01 EE5F	5567	1
몕	EA02 EE5F	5568	1
몖	EA03 EE5F	5569	1
몗	EA04 EE5F	5570	1
몘	EA05 EE5F	5571	1
몙	EA06 EE5F	5572	1
몚	EA07 EE5F	5573	1
몛	EA08 EE5F	5574	1
몜	EA09 EE5F	5575	1
몝	EA0A EE5F	5576	1
몞	EA00 EE7F	5577	1
몟	EA01 EE7F	5578	1
몠	EA02 EE7F	5579	1
몡	EA03 EE7F	5580	1
몢	EA04 EE7F	5581	1
몣	EA05 EE7F	5582	1
몤	EA06 EE7F	5583	1
몥	EA07 EE7F	5584	1
몦	EA08 EE7F	5585	1
몧	EA09 EE7F	5586	1
몭	EA0A EE7F	5587	1
몮	EA00 EF86	5588	1
몱	EA01 EF86	5589	1
몲	EA02 EF86	5590	1
몳	EA03 EF86	5591	1
몵	EA04 EF86	5592	1
몶	EA05 EF86	5593	1
몷	EA06 EF86	5594	1
몺	EA07 EF86	5595	1
몾	EA08 EF86	5596	1
몿	EA09 EF86	5597	1
뫀	EA0A EF86	5598	1
뫁	EA00 EEB6	5599	1
뫅	EA01 EEB6	5600	1
뫆	EA02 EEB6	5601	1
뫇	EA03 EEB6	5602	1
뫉	EA04 EEB6	5603	1
뫊	EA05 EEB6	5604	1
뫋	EA06 EEB6	5605	1
뫌	EA07 EEB6	5606	1
뫍	EA08 EEB6	5607	1
뫎	EA09 EEB6	5608	1
뫏	EA0A EEB6	5609	1
뫐	EA00 EA03 EA3A	5610	1
뫑	EA01 EA03 EA3A	5611	1
뫒	EA02 EA03 EA3A	5612	1
뫓	EA03 EA03 EA3A	5613	1
뫔	EA04 EA03 EA3A	5614	1
뫕	EA05 EA03 EA3A	5615	1
뫖	EA06 EA03 EA3A	5616	1
뫗	EA07 EA03 EA3A	5617	1
뫘	EA08 EA03 EA3A	5618	1
뫙	EA09 EA03 EA3A	5619	1
뫚	EA0A EA03 EA3A	5620	1
뫛	EA00 EEED	5621	1
뫜	EA01 EEED	5622	1
뫝	EA02 EEED	5623	1
뫞	EA03 EEED	5624	1
뫟	EA04 EEED	5625	1
뫠	EA05 EEED	5626	1
뫡	EA06 EEED	5627	1
뫢	EA07 EEED	5628	1
뫣	EA08 EEED	5629	1
뫤	EA09 EEED	5630	1
뫥	EA0A EEED	5631	1
뫦	EA00 EF32	5632	1
뫧	EA01 EF32	5633	1
뫨	EA02 EF32	5634	1
뫩	EA03 EF32	5635	1
뫪	EA04 EF32	5636	1
뫫	EA05 EF32	5637	1
뫬	EA06 EF32	5638	1
뫭	EA07 EF32	5639	1
뫮	EA08 EF32	5640	1
뫯	EA09 EF32	5641	1
뫰	EA0A EF32	5642	1
뫱	EA00 F046	5643	1
뫲	EA01 F046	5644	1
뫳	EA02 F046	5645	1
뫴	EA03 F046	5646	1
뫵	EA04 F046	5647	1
뫶	EA05 F046	5648	1
뫷	EA06 F046	5649	1
뫸	EA07 F046	5650	1
뫹	EA08 F046	5651	1
뫺	EA09 F046	5652	1
뫻	EA0A F046	5653	1
뫽	EA00 EE8B	5654	1
뫾	EA01 EE8B	5655	1
뫿	EA02 EE8B	5656	1
묁	EA03 EE8B	5657	1
묂	EA04 EE8B	5658	1
묃	EA05 EE8B	5659	1
묅	EA06 EE8B	5660	1
묆	EA07 EE8B	5661	1
묇	EA08 EE8B	5662	1
묈	EA09 EE8B	5663	1
묉	EA0A EE8B	5664	1
묊	EA00 EF20	5665	1
묋	EA01 EF20	5666	1
묌	EA02 EF20	5667	1
묍	EA03 EF20	5668	1
묎	EA04 EF20	5669	1
묐	EA05 EF20	5670	1
묒	EA06 EF20	5671	1
묓	EA07 EF20	5672	1
묔	EA08 EF20	5673	1
묕	EA09 EF20	5674	1
묖	EA0A EF20	5675	1
묗	EA00 EE98	5676	1
묙	EA01 EE98	5677	1
묚	EA02 EE98	5678	1
묛	EA03 EE98	5679	1
묝	EA04 EE98	5680	1
묞	EA05 EE98	5681	1
묟	EA06 EE98	5682	1
묡	EA07 EE98	5683	1
묢	EA08 EE98	5684	1
묣	EA09 EE98	5685	1
묤	EA0A EE98	5686	1
묥	EA00 EEB4	5687	1
묦	EA01 EEB4	5688	1
묧	EA02 EEB4	5689	1
묨	EA03 EEB4	5690	1
묩	EA04 EEB4	5691	1
묪	EA05 EEB4	5692	1
묬	EA06 EEB4	5693	1
묮	EA07 EEB4	5694	1
묯	EA08 EEB4	5695	1
묰	EA09 EEB4	5696	1
묱	EA0A EEB4	5697	1
묲	EA00 EF7E	5698	1
묳	EA01 EF7E	5699	1
묷	EA02 EF7E	5700	1
묿	EA03 EF7E	5701	1
뭀	EA04 EF7E	5702	1
뭁	EA05 EF7E	5703	1
뭂	EA06 EF7E	5704	1
뭃	EA07 EF7E	5705	1
뭆	EA08 EF7E	5706	1
뭈	EA09 EF7E	5707	1
뭊	EA0A EF7E	5708	1
뭑	EA00 EED9	5709	1
뭒	EA01 EED9	5710	1
뭓	EA02 EED9	5711	1
뭕	EA03 EED9	5712	1
뭖	EA04 EED9	5713	1
뭗	EA05 EED9	5714	1
뭙	EA06 EED9	5715	1
뭚	EA07 EED9	5716	1
뭛	EA08 EED9	5717	1
뭜	EA09 EED9	5718	1
뭝	EA0A EED9	5719	1
뭞	EA00 EF00	5720	1
뭟	EA01 EF00	5721	1
뭢	EA02 EF00	5722	1
뭦	EA03 EF00	5723	1
뭧	EA04 EF00	5724	1
뭨	EA05 EF00	5725	1
뭩	EA06 EF00	5726	1
뭪	EA07 EF00	5727	1
뭫	EA08 EF00	5728	1
뭭	EA09 EF00	5729	1
뭮	EA0A EF00	5730	1
뭯	EA00 EF01	5731	1
뭰	EA01 EF01	5732	1
뭱	EA02 EF01	5733	1
뭲	EA03 EF01	5734	1
뭳	EA04 EF01	5735	1
뭴	EA05 EF01	5736	1
뭵	EA06 EF01	5737	1
뭶	EA07 EF01	5738	1
뭷	EA08 EF01	5739	1
뭸	EA09 EF01	5740	1
뭹	EA0A EF01	5741	1
뭺	EA00 F10F	5742	1
뭻	EA01 F10F	5743	1
뭼	EA02 F10F	5744	1
뭽	EA03 F10F	5745	1
뭾	EA04 F10F	5746	1
뭿	EA05 F10F	5747	1
뮀	EA06 F10F	5748	1
뮁	EA07 F10F	5749	1
뮂	EA08 F10F	5750	1
뮃	EA09 F10F	5751	1
뮄	EA0A F10F	5752	1
뮅	EA00 EECF	5753	1
뮆	EA01 EECF	5754	1
뮇	EA02 EECF	5755	1
뮉	EA03 EECF	5756	1
뮊	EA04 EECF	5757	1
뮋	EA05 EECF	5758	1
뮍	EA06 EECF	5759	1
뮎	EA07 EECF	5760	1
뮏	EA08 EECF	5761	1
뮑	EA09 EECF	5762	1
뮒	EA0A EECF	5763	1
뮓	EA00 EF21	5764	1
뮔	EA01 EF21	5765	1
뮕	EA02 EF21	5766	1
뮖	EA03 EF21	5767	1
뮗	EA04 EF21	5768	1
뮚	EA05 EF21	5769	1
뮛	EA06 EF21	5770	1
뮜	EA07 EF21	5771	1
뮝	EA08 EF21	5772	1
뮞	EA09 EF21	5773	1
뮟	EA0A EF21	5774	1
뮠	EA00 EA07 EA3B	5775	1
뮡	EA01 EA07 EA3B	5776	1
뮢	EA02 EA07 EA3B	5777	1
뮣	EA03 EA07 EA3B	5778	1
뮥	EA04 EA07 EA3B	5779	1
뮦	EA05 EA07 EA3B	5780	1
뮧	EA06 EA07 EA3B	5781	1
뮩	EA07 EA07 EA3B	5782	1
뮪	EA08 EA07 EA3B	5783	1
뮫	EA09 EA07 EA3B	5784	1
뮭	EA0A EA07 EA3B	5785	1
뮮	EA00 F235	5786	1
뮯	EA01 F235	5787	1
뮰	EA02 F235	5788	1
뮱	EA03 F235	5789	1
뮲	EA04 F235	5790	1
뮳	EA05 F235	5791	1
뮵	EA06 F235	5792	1
뮶	EA07 F235	5793	1
뮷	EA08 F235	5794	1
뮸	EA09 F235	5795	1
뮹	EA0A F235	5796	1
뮺	EA00 EECB	5797	1
뮻	EA01 EECB	5798	1
뮼	EA02 EECB	5799	1
뮽	EA03 EECB	5800	1
뮾	EA04 EECB	5801	1
뮿	EA05 EECB	5802	1
믁	EA06 EECB	5803	1
믂	EA07 EECB	5804	1
믃	EA08 EECB	5805	1
믅	EA09 EECB	5806	1
믆	EA0A EECB	5807	1
믇	EA00 EEDC	5808	1
믉	EA01 EEDC	5809	1
믊	EA02 EEDC	5810	1
믋	EA03 EEDC	5811	1
믌	EA04 EEDC	5812	1
믍	EA05 EEDC	5813	1
믎	EA06 EEDC	5814	1
믏	EA07 EEDC	5815	1
믒	EA08 EEDC	5816	1
믔	EA09 EEDC	5817	1
믖	EA0A EEDC	5818	1
믗	EA00 EEC7	5819	1
믘	EA01 EEC7	5820	1
믙	EA02 EEC7	5821	1
믚	EA03 EEC7	5822	1
믛	EA04 EEC7	5823	1
믝	EA05 EEC7	5824	1
믞	EA06 EEC7	5825	1
믟	EA07 EEC7	5826	1
믠	EA08 EEC7	5827	1
믡	EA09 EEC7	5828	1
믢	EA0A EEC7	5829	1
믣	EA00 EF4F	5830	1
믤	EA01 EF4F	5831	1
믥	EA02 EF4F	5832	1
믦	EA03 EF4F	5833	1
믧	EA04 EF4F	5834	1
믨	EA05 EF4F	5835	1
믩	EA06 EF4F	5836	1
믪	EA07 EF4F	5837	1
믫	EA08 EF4F	5838	1
믬	EA09 EF4F	5839	1
믭	EA0A EF4F	5840	1
믮	EA00 EEF3	5841	1
믯	EA01 EEF3	5842	1
믰	EA02 EEF3	5843	1
믱	EA03 EEF3	5844	1
믲	EA04 EEF3	5845	1
믳	EA05 EEF3	5846	1
믴	EA06 EEF3	5847	1
믵	EA07 EEF3	5848	1
믶	EA08 EEF3	5849	1
믷	EA09 EEF3	5850	1
믺	EA0A EEF3	5851	1
믻	EA00 EF30	5852	1
밁	EA01 EF30	5853	1
밃	EA02 EF30	5854	1
밄	EA03 EF30	5855	1
밅	EA04 EF30	5856	1
밆	EA05 EF30	5857	1
밇	EA06 EF30	5858	1
밊	EA07 EF30	5859	1
밐	EA08 EF30	5860	1
밒	EA09 EF30	5861	1
밓	EA0A EF30	5862	1
밗	EA00 EFFD	5863	1
밙	EA01 EFFD	5864	1
밡	EA02 EFFD	5865	1
밦	EA03 EFFD	5866	1
밫	EA04 EFFD	5867	1
밬	EA05 EFFD	5868	1
밮	EA06 EFFD	5869	1
밯	EA07 EFFD	5870	1
밲	EA08 EFFD	5871	1
밳	EA09 EFFD	5872	1
밵	EA0A EFFD	5873	1
밶	EA00 EED8	5874	1
밹	EA01 EED8	5875	1
밺	EA02 EED8	5876	1
밻	EA03 EED8	5877	1
밼	EA04 EED8	5878	1
밽	EA05 EED8	5879	1
밾	EA06 EED8	5880	1
밿	EA07 EED8	5881	1
뱂	EA08 EED8	5882	1
뱆	EA09 EED8	5883	1
뱇	EA0A EED8	5884	1
뱈	EA00 EEEC	5885	1
뱊	EA01 EEEC	5886	1
뱋	EA02 EEEC	5887	1
뱎	EA03 EEEC	5888	1
뱏	EA04 EEEC	5889	1
뱑	EA05 EEEC	5890	1
뱒	EA06 EEEC	5891	1
뱓	EA07 EEEC	5892	1
뱕	EA08 EEEC	5893	1
뱖	EA09 EEEC	5894	1
뱗	EA0A EEEC	5895	1
뱘	EA00 EA07 EA3C	5896	1
뱙	EA01 EA07 EA3C	5897	1
뱚	EA02 EA07 EA3C	5898	1
뱛	EA03 EA07 EA3C	5899	1
뱜	EA04 EA07 EA3C	5900	1
뱝	EA05 EA07 EA3C	5901	1
뱞	EA06 EA07 EA3C	5902	1
뱠	EA07 EA07 EA3C	5903	1
뱢	EA08 EA07 EA3C	5904	1
뱣	EA09 EA07 EA3C	5905	1
뱤	EA0A EA07 EA3C	5906	1
뱥	EA00 EEE8	5907	1
뱦	EA01 EEE8	5908	1
뱧	EA02 EEE8	5909	1
뱨	EA03 EEE8	5910	1
뱩	EA04 EEE8	5911	1
뱪	EA05 EEE8	5912	1
뱫	EA06 EEE8	5913	1
뱬	EA07 EEE8	5914	1
뱭	EA08 EEE8	5915	1
뱮	EA09 EEE8	5916	1
뱯	EA0A EEE8	5917	1
뱰	EA00 EF38	5918	1
뱱	EA01 EF38	5919	1
뱲	EA02 EF38	5920	1
뱳	EA03 EF38	5921	1
뱴	EA04 EF38	5922	1
뱵	EA05 EF38	5923	1
뱶	EA06 EF38	5924	1
뱷	EA07 EF38	5925	1
뱸	EA08 EF38	5926	1
뱹	EA09 EF38	5927	1
뱺	EA0A EF38	5928	1
뱻	EA00 EF19	5929	1
뱼	EA01 EF19	5930	1
뱽	EA02 EF19	5931	1
뱾	EA03 EF19	5932	1
뱿	EA04 EF19	5933	1
벀	EA05 EF19	5934	1
벁	EA06 EF19	5935	1
벂	EA07 EF19	5936	1
벃	EA08 EF19	5937	1
벆	EA09 EF19	5938	1
벇	EA0A EF19	5939	1
벊	EA00 EEF9	5940	1
벍	EA01 EEF9	5941	1
벎	EA02 EEF9	5942	1
벏	EA03 EEF9	5943	1
벐	EA04 EEF9	5944	1
벑	EA05 EEF9	5945	1
벒	EA06 EEF9	5946	1
벓	EA07 EEF9	5947	1
벖	EA08 EEF9	5948	1
벘	EA09 EEF9	5949	1
벜	EA0A EEF9	5950	1
벝	EA00 EF0B	5951	1
벞	EA01 EF0B	5952	1
벟	EA02 EF0B	5953	1
벢	EA03 EF0B	5954	1
벣	EA04 EF0B	5955	1
벥	EA05 EF0B	5956	1
벦	EA06 EF0B	5957	1
벩	EA07 EF0B	5958	1
벪	EA08 EF0B	5959	1
벫	EA09 EF0B	5960	1
벬	EA0A EF0B	5961	1
벭	EA00 EEFE	5962	1
벮	EA01 EEFE	5963	1
벯	EA02 EEFE	5964	1
벲	EA03 EEFE	5965	1
벶	EA04 EEFE	5966	1
벷	EA05 EEFE	5967	1
벸	EA06 EEFE	5968	1
벺	EA07 EEFE	5969	1
벻	EA08 EEFE	5970	1
벾	EA09 EEFE	5971	1
벿	EA0A EEFE	5972	1
볁	EA00 EF0F	5973	1
볂	EA01 EF0F	5974	1
볅	EA02 EF0F	5975	1
볆	EA03 EF0F	5976	1
볇	EA04 EF0F	5977	1
볈	EA05 EF0F	5978	1
볉	EA06 EF0F	5979	1
볊	EA07 EF0F	5980	1
볋	EA08 EF0F	5981	1
볎	EA09 EF0F	5982	1
볒	EA0A EF0F	5983	1
볖	EA00 EA04 EA3D	5984	1
볗	EA01 EA04 EA3D	5985	1
볙	EA02 EA04 EA3D	5986	1
볚	EA03 EA04 EA3D	5987	1
볛	EA04 EA04 EA3D	5988	1
볝	EA05 EA04 EA3D	5989	1
볞	EA06 EA04 EA3D	5990	1
볟	EA07 EA04 EA3D	5991	1
볡	EA08 EA04 EA3D	5992	1
볢	EA09 EA04 EA3D	5993	1
볣	EA0A EA04 EA3D	5994	1
볤	EA00 EF0E	5995	1
볥	EA01 EF0E	5996	1
볦	EA02 EF0E	5997	1
볧	EA03 EF0E	5998	1
볨	EA04 EF0E	5999	1
볩	EA05 EF0E	6000	1
볪	EA06 EF0E	6001	1
볫	EA07 EF0E	6002	1
볬	EA08 EF0E	6003	1
볭	EA09 EF0E	6004	1
볮	EA0A EF0E	6005	1
볯	EA00 EF18	6006	1
볰	EA01 EF18	6007	1
볱	EA02 EF18	6008	1
볲	EA03 EF18	6009	1
볳	EA04 EF18	6010	1
볷	EA05 EF18	6011	1
볹	EA06 EF18	6012	1
볺	EA07 EF18	6013	1
볾	EA08 EF18	6014	1
볿	EA09 EF18	6015	1
봀	EA0A EF18	6016	1
봁	EA00 F017	6017	1
봃	EA01 F017	6018	1
봆	EA02 F017	6019	1
봈	EA03 F017	6020	1
봊	EA04 F017	6021	1
봋	EA05 F017	6022	1
봌	EA06 F017	6023	1
봎	EA07 F017	6024	1
봑	EA08 F017	6025	1
봒	EA09 F017	6026	1
봓	EA0A F017	6027	1
봕	EA00 F027	6028	1
봖	EA01 F027	6029	1
봗	EA02 F027	6030	1
봙	EA03 F027	6031	1
봚	EA04 F027	6032	1
봛	EA05 F027	6033	1
봜	EA06 F027	6034	1
봝	EA07 F027	6035	1
봞	EA08 F027	6036	1
봟	EA09 F027	6037	1
봠	EA0A F027	6038	1
봡	EA00 EF25	6039	1
봢	EA01 EF25	6040	1
봥	EA02 EF25	6041	1
봦	EA03 EF25	6042	1
봨	EA04 EF25	6043	1
봩	EA05 EF25	6044	1
봪	EA06 EF25	6045	1
봫	EA07 EF25	6046	1
봭	EA08 EF25	6047	1
봮	EA09 EF25	6048	1
봯	EA0A EF25	6049	1
봱	EA00 EF2C	6050	1
봲	EA01 EF2C	6051	1
봳	EA02 EF2C	6052	1
봴	EA03 EF2C	6053	1
봵	EA04 EF2C	6054	1
봶	EA05 EF2C	6055	1
봷	EA06 EF2C	6056	1
봸	EA07 EF2C	6057	1
봹	EA08 EF2C	6058	1
봺	EA09 EF2C	6059	1
봻	EA0A EF2C	6060	1
봼	EA00 EA00 EA3E	6061	1
봾	EA01 EA00 EA3E	6062	1
봿	EA02 EA00 EA3E	6063	1
뵁	EA03 EA00 EA3E	6064	1
뵂	EA04 EA00 EA3E	6065	1
뵃	EA05 EA00 EA3E	6066	1
뵄	EA06 EA00 EA3E	6067	1
뵅	EA07 EA00 EA3E	6068	1
뵆	EA08 EA00 EA3E	6069	1
뵇	EA09 EA00 EA3E	6070	1
뵉	EA0A EA00 EA3E	6071	1
뵊	EA00 EF4D	6072	1
뵋	EA01 EF4D	6073	1
뵍	EA02 EF4D	6074	1
뵎	EA03 EF4D	6075	1
뵏	EA04 EF4D	6076	1
뵑	EA05 EF4D	6077	1
뵒	EA06 EF4D	6078	1
뵓	EA07 EF4D	6079	1
뵔	EA08 EF4D	6080	1
뵕	EA09 EF4D	6081	1
뵖	EA0A EF4D	6082	1
뵗	EA00 EF4A	6083	1
뵚	EA01 EF4A	6084	1
뵞	EA02 EF4A	6085	1
뵟	EA03 EF4A	6086	1
뵠	EA04 EF4A	6087	1
뵡	EA05 EF4A	6088	1
뵢	EA06 EF4A	6089	1
뵣	EA07 EF4A	6090	1
뵥	EA08 EF4A	6091	1
뵦	EA09 EF4A	6092	1
뵧	EA0A EF4A	6093	1
뵩	EA00 EF62	6094	1
뵪	EA01 EF62	6095	1
뵫	EA02 EF62	6096	1
뵭	EA03 EF62	6097	1
뵮	EA04 EF62	6098	1
뵯	EA05 EF62	6099	1
뵰	EA06 EF62	6100	1
뵱	EA07 EF62	6101	1
뵲	EA08 EF62	6102	1
뵳	EA09 EF62	6103	1
뵴	EA0A EF62	6104	1
뵵	EA00 EA04 EA3E	6105	1
뵶	EA01 EA04 EA3E	6106	1
뵷	EA02 EA04 EA3E	6107	1
뵸	EA03 EA04 EA3E	6108	1
뵹	EA04 EA04 EA3E	6109	1
뵺	EA05 EA04 EA3E	6110	1
뵻	EA06 EA04 EA3E	6111	1
뵼	EA07 EA04 EA3E	6112	1
뵽	EA08 EA04 EA3E	6113	1
뵾	EA09 EA04 EA3E	6114	1
뵿	EA0A EA04 EA3E	6115	1
붂	EA00 EF93	6116	1
붃	EA01 EF93	6117	1
붅	EA02 EF93	6118	1
붆	EA03 EF93	6119	1
붊	EA04 EF93	6120	1
붋	EA05 EF93	6121	1
붌	EA06 EF93	6122	1
붍	EA07 EF93	6123	1
붎	EA08 EF93	6124	1
붏	EA09 EF93	6125	1
붒	EA0A EF93	6126	1
붔	EA00 EF9D	6127	1
붖	EA01 EF9D	6128	1
붗	EA02 EF9D	6129	1
붘	EA03 EF9D	6130	1
붚	EA04 EF9D	6131	1
붝	EA05 EF9D	6132	1
붞	EA06 EF9D	6133	1
붟	EA07 EF9D	6134	1
붠	EA08 EF9D	6135	1
붡	EA09 EF9D	6136	1
붢	EA0A EF9D	6137	1
붣	EA00 EF95	6138	1
붤	EA01 EF95	6139	1
붥	EA02 EF95	6140	1
붦	EA03 EF95	6141	1
붧	EA04 EF95	6142	1
붨	EA05 EF95	6143	1
붩	EA06 EF95	6144	1
붪	EA07 EF95	6145	1
붫	EA08 EF95	6146	1
붬	EA09 EF95	6147	1
붭	EA0A EF95	6148	1
붮	EA00 EF92	6149	1
붯	EA01 EF92	6150	1
붰	EA02 EF92	6151	1
붲	EA03 EF92	6152	1
붳	EA04 EF92	6153	1
붴	EA05 EF92	6154	1
붵	EA06 EF92	6155	1
붶	EA07 EF92	6156	1
붷	EA08 EF92	6157	1
붹	EA09 EF92	6158	1
붺	EA0A EF92	6159	1
붻	EA00 EFA4	6160	1
붼	EA01 EFA4	6161	1
붽	EA02 EFA4	6162	1
붾	EA03 EFA4	6163	1
붿	EA04 EFA4	6164	1
뷀	EA05 EFA4	6165	1
뷂	EA06 EFA4	6166	1
뷃	EA07 EFA4	6167	1
뷄	EA08 EFA4	6168	1
뷅	EA09 EFA4	6169	1
뷆	EA0A EFA4	6170	1
뷇	EA00 EFC7	6171	1
뷈	EA01 EFC7	6172	1
뷉	EA02 EFC7	6173	1
뷊	EA03 EFC7	6174	1
뷋	EA04 EFC7	6175	1
뷌	EA05 EFC7	6176	1
뷎	EA06 EFC7	6177	1
뷏	EA07 EFC7	6178	1
뷐	EA08 EFC7	6179	1
뷑	EA09 EFC7	6180	1
뷒	EA0A EFC7	6181	1
뷓	EA00 EA00 EA3F	6182	1
뷕	EA01 EA00 EA3F	6183	1
뷖	EA02 EA00 EA3F	6184	1
뷗	EA03 EA00 EA3F	6185	1
뷙	EA04 EA00 EA3F	6186	1
뷚	EA05 EA00 EA3F	6187	1
뷛	EA06 EA00 EA3F	6188	1
뷝	EA07 EA00 EA3F	6189	1
뷞	EA08 EA00 EA3F	6190	1
뷟	EA09 EA00 EA3F	6191	1
뷠	EA0A EA00 EA3F	6192	1
뷡	EA00 EFC6	6193	1
뷢	EA01 EFC6	6194	1
뷣	EA02 EFC6	6195	1
뷤	EA03 EFC6	6196	1
뷥	EA04 EFC6	6197	1
뷦	EA05 EFC6	6198	1
뷨	EA06 EFC6	6199	1
뷩	EA07 EFC6	6200	1
뷪	EA08 EFC6	6201	1
뷫	EA09 EFC6	6202	1
뷬	EA0A EFC6	6203	1
뷭	EA00 EFDB	6204	1
뷮	EA01 EFDB	6205	1
뷯	EA02 EFDB	6206	1
뷱	EA03 EFDB	6207	1
뷲	EA04 EFDB	6208	1
뷳	EA05 EFDB	6209	1
뷵	EA06 EFDB	6210	1
뷶	EA07 EFDB	6211	1
뷷	EA08 EFDB	6212	1
뷹	EA09 EFDB	6213	1
뷺	EA0A EFDB	6214	1
뷻	EA00 EFAE	6215	1
뷼	EA01 EFAE	6216	1
뷽	EA02 EFAE	6217	1
뷾	EA03 EFAE	6218	1
뷿	EA04 EFAE	6219	1
븁	EA05 EFAE	6220	1
븂	EA06 EFAE	6221	1
븃	EA07 EFAE	6222	1
븄	EA08 EFAE	6223	1
븆	EA09 EFAE	6224	1
븇	EA0A EFAE	6225	1
븈	EA00 EFAF	6226	1
븉	EA01 EFAF	6227	1
븊	EA02 EFAF	6228	1
븋	EA03 EFAF	6229	1
븎	EA04 EFAF	6230	1
븏	EA05 EFAF	6231	1
븑	EA06 EFAF	6232	1
븒	EA07 EFAF	6233	1
븓	EA08 EFAF	6234	1
븕	EA09 EFAF	6235	1
븖	EA0A EFAF	6236	1
븗	EA00 EFBB	6237	1
븘	EA01 EFBB	6238	1
븙	EA02 EFBB	6239	1
븚	EA03 EFBB	6240	1
븛	EA04 EFBB	6241	1
븞	EA05 EFBB	6242	1
븠	EA06 EFBB	6243	1
븢	EA07 EFBB	6244	1
븣	EA08 EFBB	6245	1
븤	EA09 EFBB	6246	1
븦	EA0A EFBB	6247	1
븧	EA00 F0AC	6248	1
븩	EA01 F0AC	6249	1
븪	EA02 F0AC	6250	1
븫	EA03 F0AC	6251	1
븬	EA04 F0AC	6252	1
븭	EA05 F0AC	6253	1
븮	EA06 F0AC	6254	1
븯	EA07 F0AC	6255	1
븰	EA08 F0AC	6256	1
븱	EA09 F0AC	6257	1
븲	EA0A F0AC	6258	1
븳	EA00 EFBF	6259	1
븴	EA01 EFBF	6260	1
븵	EA02 EFBF	6261	1
븶	EA03 EFBF	6262	1
븷	EA04 EFBF	6263	1
븸	EA05 EFBF	6264	1
븹	EA06 EFBF	6265	1
븺	EA07 EFBF	6266	1
븻	EA08 EFBF	6267	1
븼	EA09 EFBF	6268	1
븽	EA0A EFBF	6269	1
븾	EA00 EFC8	6270	1
븿	EA01 EFC8	6271	1
빀	EA02 EFC8	6272	1
빁	EA03 EFC8	6273	1
빂	EA04 EFC8	6274	1
빃	EA05 EFC8	6275	1
빆	EA06 EFC8	6276	1
빇	EA07 EFC8	6277	1
빉	EA08 EFC8	6278	1
빊	EA09 EFC8	6279	1
빎	EA0A EFC8	6280	1
빏	EA00 EFCF	6281	1
빐	EA01 EFCF	6282	1
빑	EA02 EFCF	6283	1
빒	EA03 EFCF	6284	1
빖	EA04 EFCF	6285	1
빘	EA05 EFCF	6286	1
빜	EA06 EFCF	6287	1
빞	EA07 EFCF	6288	1
빟	EA08 EFCF	6289	1
빢	EA09 EFCF	6290	1
빣	EA0A EFCF	6291	1
빥	EA00 EFC2	6292	1
빦	EA01 EFC2	6293	1
빧	EA02 EFC2	6294	1
빩	EA03 EFC2	6295	1
빪	EA04 EFC2	6296	1
빫	EA05 EFC2	6297	1
빬	EA06 EFC2	6298	1
빭	EA07 EFC2	6299	1
빮	EA08 EFC2	6300	1
빯	EA09 EFC2	6301	1
빲	EA0A EFC2	6302	1
빶	EA00 EFBE	6303	1
빷	EA01 EFBE	6304	1
빸	EA02 EFBE	6305	1
빹	EA03 EFBE	6306	1
빺	EA04 EFBE	6307	1
빾	EA05 EFBE	6308	1
빿	EA06 EFBE	6309	1
뺁	EA07 EFBE	6310	1
뺂	EA08 EFBE	6311	1
뺃	EA09 EFBE	6312	1
뺅	EA0A EFBE	6313	1
뺆	EA00 F000	6314	1
뺇	EA01 F000	6315	1
뺈	EA02 F000	6316	1
뺉	EA03 F000	6317	1
뺊	EA04 F000	6318	1
뺋	EA05 F000	6319	1
뺎	EA06 F000	6320	1
뺒	EA07 F000	6321	1
뺓	EA08 F000	6322	1
뺔	EA09 F000	6323	1
뺕	EA0A F000	6324	1
뺖	EA00 EFD0	6325	1
뺗	EA01 EFD0	6326	1
뺚	EA02 EFD0	6327	1
뺛	EA03 EFD0	6328	1
뺜	EA04 EFD0	6329	1
뺝	EA05 EFD0	6330	1
뺞	EA06 EFD0	6331	1
뺟	EA07 EFD0	6332	1
뺠	EA08 EFD0	6333	1
뺡	EA09 EFD0	6334	1
뺢	EA0A EFD0	6335	1
뺣	EA00 EFD3	6336	1
뺤	EA01 EFD3	6337	1
뺥	EA02 EFD3	6338	1
뺦	EA03 EFD3	6339	1
뺧	EA04 EFD3	6340	1
뺩	EA05 EFD3	6341	1
뺪	EA06 EFD3	6342	1
뺫	EA07 EFD3	6343	1
뺬	EA08 EFD3	6344	1
뺭	EA09 EFD3	6345	1
뺮	EA0A EFD3	6346	1
뺯	EA00 EFFE	6347	1
뺰	EA01 EFFE	6348	1
뺱	EA02 EFFE	6349	1
뺲	EA03 EFFE	6350	1
뺳	EA04 EFFE	6351	1
뺶	EA05 EFFE	6352	1
뺷	EA06 EFFE	6353	1
뺸	EA07 EFFE	6354	1
뺹	EA08 EFFE	6355	1
뺺	EA09 EFFE	6356	1
뺻	EA0A EFFE	6357	1
뺼	EA00 EFF1	6358	1
뺽	EA01 EFF1	6359	1
뺾	EA02 EFF1	6360	1
뺿	EA03 EFF1	6361	1
뻀	EA04 EFF1	6362	1
뻁	EA05 EFF1	6363	1
뻂	EA06 EFF1	6364	1
뻃	EA07 EFF1	6365	1
뻄	EA08 EFF1	6366	1
뻅	EA09 EFF1	6367	1
뻆	EA0A EFF1	6368	1
뻇	EA00 F003	6369	1
뻈	EA01 F003	6370	1
뻉	EA02 F003	6371	1
뻊	EA03 F003	6372	1
뻋	EA04 F003	6373	1
뻌	EA05 F003	6374	1
뻍	EA06 F003	6375	1
뻎	EA07 F003	6376	1
뻏	EA08 F003	6377	1
뻒	EA09 F003	6378	1
뻓	EA0A F003	6379	1
뻕	EA00 EFFA	6380	1
뻖	EA01 EFFA	6381	1
뻙	EA02 EFFA	6382	1
뻚	EA03 EFFA	6383	1
뻛	EA04 EFFA	6384	1
뻜	EA05 EFFA	6385	1
뻝	EA06 EFFA	6386	1
뻞	EA07 EFFA	6387	1
뻟	EA08 EFFA	6388	1
뻢	EA09 EFFA	6389	1
뻦	EA0A EFFA	6390	1
뻧	EA00 F00C	6391	1
뻨	EA01 F00C	6392	1
뻩	EA02 F00C	6393	1
뻪	EA03 F00C	6394	1
뻫	EA04 F00C	6395	1
뻭	EA05 F00C	6396	1
뻮	EA06 F00C	6397	1
뻯	EA07 F00C	6398	1
뻱	EA08 F00C	6399	1
뻲	EA09 F00C	6400	1
뻳	EA0A F00C	6401	1
뻵	EA00 F020	6402	1
뻶	EA01 F020	6403	1
뻷	EA02 F020	6404	1
뻸	EA03 F020	6405	1
뻹	EA04 F020	6406	1
뻺	EA05 F020	6407	1
뻻	EA06 F020	6408	1
뻽	EA07 F020	6409	1
뻾	EA08 F020	6410	1
뻿	EA09 F020	6411	1
뼀	EA0A F020	6412	1
뼁	EA00 F00E	6413	1
뼂	EA01 F00E	6414	1
뼃	EA02 F00E	6415	1
뼄	EA03 F00E	6416	1
뼅	EA04 F00E	6417	1
뼆	EA05 F00E	6418	1
뼇	EA06 F00E	6419	1
뼊	EA07 F00E	6420	1
뼋	EA08 F00E	6421	1
뼌	EA09 F00E	6422	1
뼍	EA0A F00E	6423	1
뼎	EA00 F014	6424	1
뼏	EA01 F014	6425	1
뼐	EA02 F014	6426	1
뼑	EA03 F014	6427	1
뼒	EA04 F014	6428	1
뼓	EA05 F014	6429	1
뼔	EA06 F014	6430	1
뼕	EA07 F014	6431	1
뼖	EA08 F014	6432	1
뼗	EA09 F014	6433	1
뼚	EA0A F014	6434	1
뼝	EA00 F019	6435	1
뼞	EA01 F019	6436	1
뼟	EA02 F019	6437	1
뼠	EA03 F019	6438	1
뼡	EA04 F019	6439	1
뼢	EA05 F019	6440	1
뼣	EA06 F019	6441	1
뼤	EA07 F019	6442	1
뼥	EA08 F019	6443	1
뼦	EA09 F019	6444	1
뼧	EA0A F019	6445	1
뼨	EA00 F016	6446	1
뼩	EA01 F016	6447	1
뼪	EA02 F016	6448	1
뼫	EA03 F016	6449	1
뼬	EA04 F016	6450	1
뼭	EA05 F016	6451	1
뼮	EA06 F016	6452	1
뼯	EA07 F016	6453	1
뼰	EA08 F016	6454	1
뼱	EA09 F016	6455	1
뼲	EA0A F016	6456	1
뼳	EA00 F04F	6457	1
뼴	EA01 F04F	6458	1
뼵	EA02 F04F	6459	1
뼶	EA03 F04F	6460	1
뼷	EA04 F04F	6461	1
뼸	EA05 F04F	6462	1
뼹	EA06 F04F	6463	1
뼺	EA07 F04F	6464	1
뼻	EA08 F04F	6465	1
뼼	EA09 F04F	6466	1
뼽	EA0A F04F	6467	1
뼾	EA00 F143	6468	1
뼿	EA01 F143	6469	1
뽂	EA02 F143	6470	1
뽃	EA03 F143	6471	1
뽅	EA04 F143	6472	1
뽆	EA05 F143	6473	1
뽇	EA06 F143	6474	1
뽉	EA07 F143	6475	1
뽊	EA08 F143	6476	1
뽋	EA09 F143	6477	1
뽌	EA0A F143	6478	1
뽍	EA00 F09A	6479	1
뽎	EA01 F09A	6480	1
뽏	EA02 F09A	6481	1
뽒	EA03 F09A	6482	1
뽓	EA04 F09A	6483	1
뽔	EA05 F09A	6484	1
뽖	EA06 F09A	6485	1
뽗	EA07 F09A	6486	1
뽘	EA08 F09A	6487	1
뽙	EA09 F09A	6488	1
뽚	EA0A F09A	6489	1
뽛	EA00 F041	6490	1
뽜	EA01 F041	6491	1
뽝	EA02 F041	6492	1
뽞	EA03 F041	6493	1
뽟	EA04 F041	6494	1
뽠	EA05 F041	6495	1
뽡	EA06 F041	6496	1
뽢	EA07 F041	6497	1
뽣	EA08 F041	6498	1
뽤	EA09 F041	6499	1
뽥	EA0A F041	6500	1
뽦	EA00 F039	6501	1
뽧	EA01 F039	6502	1
뽨	EA02 F039	6503	1
뽩	EA03 F039	6504	1
뽪	EA04 F039	6505	1
뽫	EA05 F039	6506	1
뽬	EA06 F039	6507	1
뽭	EA07 F039	6508	1
뽮	EA08 F039	6509	1
뽯	EA09 F039	6510	1
뽰	EA0A F039	6511	1
뽱	EA00 F081	6512	1
뽲	EA01 F081	6513	1
뽳	EA02 F081	6514	1
뽴	EA03 F081	6515	1
뽵	EA04 F081	6516	1
뽶	EA05 F081	6517	1
뽸	EA06 F081	6518	1
뽹	EA07 F081	6519	1
뽺	EA08 F081	6520	1
뽻	EA09 F081	6521	1
뽼	EA0A F081	6522	1
뽽	EA00 F071	6523	1
뽾	EA01 F071	6524	1
뽿	EA02 F071	6525	1
뾀	EA03 F071	6526	1
뾁	EA04 F071	6527	1
뾂	EA05 F071	6528	1
뾃	EA06 F071	6529	1
뾄	EA07 F071	6530	1
뾅	EA08 F071	6531	1
뾆	EA09 F071	6532	1
뾇	EA0A F071	6533	1
뾈	EA00 F03D	6534	1
뾉	EA01 F03D	6535	1
뾊	EA02 F03D	6536	1
뾋	EA03 F03D	6537	1
뾌	EA04 F03D	6538	1
뾍	EA05 F03D	6539	1
뾎	EA06 F03D	6540	1
뾏	EA07 F03D	6541	1
뾐	EA08 F03D	6542	1
뾑	EA09 F03D	6543	1
뾒	EA0A F03D	6544	1
뾓	EA00 F08B	6545	1
뾔	EA01 F08B	6546	1
뾕	EA02 F08B	6547	1
뾖	EA03 F08B	6548	1
뾗	EA04 F08B	6549	1
뾘	EA05 F08B	6550	1
뾙	EA06 F08B	6551	1
뾚	EA07 F08B	6552	1
뾛	EA08 F08B	6553	1
뾜	EA09 F08B	6554	1
뾝	EA0A F08B	6555	1
뾞	EA00 F0DF	6556	1
뾟	EA01 F0DF	6557	1
뾠	EA02 F0DF	6558	1
뾡	EA03 F0DF	6559	1
뾢	EA04 F0DF	6560	1
뾣	EA05 F0DF	6561	1
뾤	EA06 F0DF	6562	1
뾥	EA07 F0DF	6563	1
뾦	EA08 F0DF	6564	1
뾧	EA09 F0DF	6565	1
뾨	EA0A F0DF	6566	1
뾩	EA00 F07E	6567	1
뾪	EA01 F07E	6568	1
뾫	EA02 F07E	6569	1
뾬	EA03 F07E	6570	1
뾭	EA04 F07E	6571	1
뾮	EA05 F07E	6572	1
뾯	EA06 F07E	6573	1
뾲	EA07 F07E	6574	1
뾳	EA08 F07E	6575	1
뾴	EA09 F07E	6576	1
뾵	EA0A F07E	6577	1
뾶	EA00 F202	6578	1
뾷	EA01 F202	6579	1
뾸	EA02 F202	6580	1
뾹	EA03 F202	6581	1
뾺	EA04 F202	6582	1
뾻	EA05 F202	6583	1
뾼	EA06 F202	6584	1
뾽	EA07 F202	6585	1
뾾	EA08 F202	6586	1
뾿	EA09 F202	6587	1
뿀	EA0A F202	6588	1
뿁	EA00 F0A4	6589	1
뿂	EA01 F0A4	6590	1
뿃	EA02 F0A4	6591	1
뿄	EA03 F0A4	6592	1
뿆	EA04 F0A4	6593	1
뿇	EA05 F0A4	6594	1
뿈	EA06 F0A4	6595	1
뿉	EA07 F0A4	6596	1
뿊	EA08 F0A4	6597	1
뿋	EA09 F0A4	6598	1
뿎	EA0A F0A4	6599	1
뿏	EA00 F07C	6600	1
뿑	EA01 F07C	6601	1
뿒	EA02 F07C	6602	1
뿓	EA03 F07C	6603	1
뿕	EA04 F07C	6604	1
뿖	EA05 F07C	6605	1
뿗	EA06 F07C	6606	1
뿘	EA07 F07C	6607	1
뿙	EA08 F07C	6608	1
뿚	EA09 F07C	6609	1
뿛	EA0A F07C	6610	1
뿞	EA00 F130	6611	1
뿠	EA01 F130	6612	1
뿢	EA02 F130	6613	1
뿣	EA03 F130	6614	1
뿤	EA04 F130	6615	1
뿥	EA05 F130	6616	1
뿦	EA06 F130	6617	1
뿧	EA07 F130	6618	1
뿨	EA08 F130	6619	1
뿩	EA09 F130	6620	1
뿪	EA0A F130	6621	1
뿫	EA00 F192	6622	1
뿬	EA01 F192	6623	1
뿭	EA02 F192	6624	1
뿮	EA03 F192	6625	1
뿯	EA04 F192	6626	1
뿰	EA05 F192	6627	1
뿱	EA06 F192	6628	1
뿲	EA07 F192	6629	1
뿳	EA08 F192	6630	1
뿴	EA09 F192	6631	1
뿵	EA0A F192	6632	1
뿶	EA00 F093	6633	1
뿷	EA01 F093	6634	1
뿸	EA02 F093	6635	1
뿹	EA03 F093	6636	1
뿺	EA04 F093	6637	1
뿻	EA05 F093	6638	1
뿼	EA06 F093	6639	1
뿽	EA07 F093	6640	1
뿾	EA08 F093	6641	1
뿿	EA09 F093	6642	1
쀀	EA0A F093	6643	1
쀁	EA00 F0A6	6644	1
쀂	EA01 F0A6	6645	1
쀃	EA02 F0A6	6646	1
쀄	EA03 F0A6	6647	1
쀅	EA04 F0A6	6648	1
쀆	EA05 F0A6	6649	1
쀇	EA06 F0A6	6650	1
쀈	EA07 F0A6	6651	1
쀉	EA08 F0A6	6652	1
쀊	EA09 F0A6	6653	1
쀋	EA0A F0A6	6654	1
쀌	EA00 F0E7	6655	1
쀍	EA01 F0E7	6656	1
쀎	EA02 F0E7	6657	1
쀏	EA03 F0E7	6658	1
쀐	EA04 F0E7	6659	1
쀑	EA05 F0E7	6660	1
쀒	EA06 F0E7	6661	1
쀓	EA07 F0E7	6662	1
쀔	EA08 F0E7	6663	1
쀕	EA09 F0E7	6664	1
쀖	EA0A F0E7	6665	1
쀗	EA00 F0B9	6666	1
쀘	EA01 F0B9	6667	1
쀙	EA02 F0B9	6668	1
쀚	EA03 F0B9	6669	1
쀛	EA04 F0B9	6670	1
쀜	EA05 F0B9	6671	1
쀝	EA06 F0B9	6672	1
쀞	EA07 F0B9	6673	1
쀟	EA08 F0B9	6674	1
쀠	EA09 F0B9	6675	1
쀡	EA0A F0B9	6676	1
쀢	EA00 F0E8	6677	1
쀣	EA01 F0E8	6678	1
쀤	EA02 F0E8	6679	1
쀥	EA03 F0E8	6680	1
쀦	EA04 F0E8	6681	1
쀧	EA05 F0E8	6682	1
쀨	EA06 F0E8	6683	1
쀩	EA07 F0E8	6684	1
쀪	EA08 F0E8	6685	1
쀫	EA09 F0E8	6686	1
쀬	EA0A F0E8	6687	1
쀭	EA00 F303	6688	1
쀮	EA01 F303	6689	1
쀯	EA02 F303	6690	1
쀰	EA03 F303	6691	1
쀱	EA04 F303	6692	1
쀲	EA05 F303	6693	1
쀳	EA06 F303	6694	1
쀴	EA07 F303	6695	1
쀵	EA08 F303	6696	1
쀶	EA09 F303	6697	1
쀷	EA0A F303	6698	1
쀸	EA00 F0BE	6699	1
쀹	EA01 F0BE	6700	1
쀺	EA02 F0BE	6701	1
쀻	EA03 F0BE	6702	1
쀽	EA04 F0BE	6703	1
쀾	EA05 F0BE	6704	1
쀿	EA06 F0BE	6705	1
쁀	EA07 F0BE	6706	1
쁁	EA08 F0BE	6707	1
쁂	EA09 F0BE	6708	1
쁃	EA0A F0BE	6709	1
쁄	EA00 EA04 EA42	6710	1
쁅	EA01 EA04 EA42	6711	1
쁆	EA02 EA04 EA42	6712	1
쁇	EA03 EA04 EA42	6713	1
쁈	EA04 EA04 EA42	6714	1
쁉	EA05 EA04 EA42	6715	1
쁊	EA06 EA04 EA42	6716	1
쁋	EA07 EA04 EA42	6717	1
쁌	EA08 EA04 EA42	6718	1
쁍	EA09 EA04 EA42	6719	1
쁎	EA0A EA04 EA42	6720	1
쁏	EA00 F0D9	6721	1
쁐	EA01 F0D9	6722	1
쁑	EA02 F0D9	6723	1
쁒	EA03 F0D9	6724	1
쁓	EA04 F0D9	6725	1
쁔	EA05 F0D9	6726	1
쁕	EA06 F0D9	6727	1
쁖	EA07 F0D9	6728	1
쁗	EA08 F0D9	6729	1
쁙	EA09 F0D9	6730	1
쁚	EA0A F0D9	6731	1
쁛	EA00 F110	6732	1
쁝	EA01 F110	6733	1
쁞	EA02 F110	6734	1
쁟	EA03 F110	6735	1
쁡	EA04 F110	6736	1
쁢	EA05 F110	6737	1
쁣	EA06 F110	6738	1
쁤	EA07 F110	6739	1
쁥	EA08 F110	6740	1
쁦	EA09 F110	6741	1
쁧	EA0A F110	6742	1
쁪	EA00 F158	6743	1
쁫	EA01 F158	6744	1
쁬	EA02 F158	6745	1
쁮	EA03 F158	6746	1
쁯	EA04 F158	6747	1
쁰	EA05 F158	6748	1
쁱	EA06 F158	6749	1
쁲	EA07 F158	6750	1
쁳	EA08 F158	6751	1
쁴	EA09 F158	6752	1
쁵	EA0A F158	6753	1
쁶	EA00 F163	6754	1
쁷	EA01 F163	6755	1
쁸	EA02 F163	6756	1
쁹	EA03 F163	6757	1
쁺	EA04 F163	6758	1
쁻	EA05 F163	6759	1
쁼	EA06 F163	6760	1
쁽	EA07 F163	6761	1
쁾	EA08 F163	6762	1
쁿	EA09 F163	6763	1
삀	EA0A F163	6764	1
삁	EA00 EA09 EA42	6765	1
삂	EA01 EA09 EA42	6766	1
삃	EA02 EA09 EA42	6767	1
삄	EA03 EA09 EA42	6768	1
삅	EA04 EA09 EA42	6769	1
삆	EA05 EA09 EA42	6770	1
삇	EA06 EA09 EA42	6771	1
삈	EA07 EA09 EA42	6772	1
삉	EA08 EA09 EA42	6773	1
삊	EA09 EA09 EA42	6774	1
삋	EA0A EA09 EA42	6775	1
삌	EA00 EA0A EA42	6776	1
삍	EA01 EA0A EA42	6777	1
삎	EA02 EA0A EA42	6778	1
삏	EA03 EA0A EA42	6779	1
삒	EA04 EA0A EA42	6780	1
삓	EA05 EA0A EA42	6781	1
삕	EA06 EA0A EA42	6782	1
삖	EA07 EA0A EA42	6783	1
삗	EA08 EA0A EA42	6784	1
삙	EA09 EA0A EA42	6785	1
삚	EA0A EA0A EA42	6786	1
삛	EA00 F124	6787	1
삜	EA01 F124	6788	1
삝	EA02 F124	6789	1
삞	EA03 F124	6790	1
삟	EA04 F124	6791	1
삡	EA05 F124	6792	1
삢	EA06 F124	6793	1
삦	EA07 F124	6794	1
삨	EA08 F124	6795	1
삩	EA09 F124	6796	1
삪	EA0A F124	6797	1
삫	EA00 F3C0	6798	1
삱	EA01 F3C0	6799	1
삲	EA02 F3C0	6800	1
삳	EA03 F3C0	6801	1
삸	EA04 F3C0	6802	1
삹	EA05 F3C0	6803	1
삺	EA06 F3C0	6804	1
삾	EA07 F3C0	6805	1
샃	EA08 F3C0	6806	1
샄	EA09 F3C0	6807	1
샆	EA0A F3C0	6808	1
샇	EA00 F17E	6809	1
샋	EA01 F17E	6810	1
샍	EA02 F17E	6811	1
샎	EA03 F17E	6812	1
샏	EA04 F17E	6813	1
샑	EA05 F17E	6814	1
샒	EA06 F17E	6815	1
샓	EA07 F17E	6816	1
샔	EA08 F17E	6817	1
샕	EA09 F17E	6818	1
샖	EA0A F17E	6819	1
샗	EA00 F250	6820	1
샚	EA01 F250	6821	1
샞	EA02 F250	6822	1
샟	EA03 F250	6823	1
샠	EA04 F250	6824	1
샡	EA05 F250	6825	1
샢	EA06 F250	6826	1
샦	EA07 F250	6827	1
샧	EA08 F250	6828	1
샩	EA09 F250	6829	1
샪	EA0A F250	6830	1
샫	EA00 F147	6831	1
샭	EA01 F147	6832	1
샮	EA02 F147	6833	1
샯	EA03 F147	6834	1
샰	EA04 F147	6835	1
샱	EA05 F147	6836	1
샲	EA06 F147	6837	1
샳	EA07 F147	6838	1
샶	EA08 F147	6839	1
샸	EA09 F147	6840	1
샺	EA0A F147	6841	1
샻	EA00 F34B	6842	1
샼	EA01 F34B	6843	1
샽	EA02 F34B	6844	1
샿	EA03 F34B	6845	1
섂	EA04 F34B	6846	1
섃	EA05 F34B	6847	1
섅	EA06 F34B	6848	1
섆	EA07 F34B	6849	1
섇	EA08 F34B	6850	1
섉	EA09 F34B	6851	1
섊	EA0A F34B	6852	1
섋	EA00 F332	6853	1
섌	EA01 F332	6854	1
섍	EA02 F332	6855	1
섎	EA03 F332	6856	1
섏	EA04 F332	6857	1
섒	EA05 F332	6858	1
섓	EA06 F332	6859	1
섔	EA07 F332	6860	1
섖	EA08 F332	6861	1
섗	EA09 F332	6862	1
섘	EA0A F332	6863	1
섙	EA00 F122	6864	1
섚	EA01 F122	6865	1
섛	EA02 F122	6866	1
섟	EA03 F122	6867	1
섡	EA04 F122	6868	1
섢	EA05 F122	6869	1
섨	EA06 F122	6870	1
섩	EA07 F122	6871	1
섪	EA08 F122	6872	1
섫	EA09 F122	6873	1
섮	EA0A F122	6874	1
섲	EA00 F127	6875	1
섳	EA01 F127	6876	1
섴	EA02 F127	6877	1
섷	EA03 F127	6878	1
섺	EA04 F127	6879	1
섻	EA05 F127	6880	1
섽	EA06 F127	6881	1
섾	EA07 F127	6882	1
섿	EA08 F127	6883	1
셁	EA09 F127	6884	1
셂	EA0A F127	6885	1
셃	EA00 F13E	6886	1
셄	EA01 F13E	6887	1
셅	EA02 F13E	6888	1
셆	EA03 F13E	6889	1
셇	EA04 F13E	6890	1
셊	EA05 F13E	6891	1
셎	EA06 F13E	6892	1
셏	EA07 F13E	6893	1
셐	EA08 F13E	6894	1
셒	EA09 F13E	6895	1
셗	EA0A F13E	6896	1
셙	EA00 EA0A EA44	6897	1
셚	EA01 EA0A EA44	6898	1
셛	EA02 EA0A EA44	6899	1
셝	EA03 EA0A EA44	6900	1
셞	EA04 EA0A EA44	6901	1
셟	EA05 EA0A EA44	6902	1
셠	EA06 EA0A EA44	6903	1
셡	EA07 EA0A EA44	6904	1
셢	EA08 EA0A EA44	6905	1
셣	EA09 EA0A EA44	6906	1
셦	EA0A EA0A EA44	6907	1
셪	EA00 F15B	6908	1
셫	EA01 F15B	6909	1
셬	EA02 F15B	6910	1
셭	EA03 F15B	6911	1
셮	EA04 F15B	6912	1
셯	EA05 F15B	6913	1
셲	EA06 F15B	6914	1
셳	EA07 F15B	6915	1
셵	EA08 F15B	6916	1
셶	EA09 F15B	6917	1
셷	EA0A F15B	6918	1
셹	EA00 EA01 EA45	6919	1
셺	EA01 EA01 EA45	6920	1
셻	EA02 EA01 EA45	6921	1
셼	EA03 EA01 EA45	6922	1
셽	EA04 EA01 EA45	6923	1
셾	EA05 EA01 EA45	6924	1
셿	EA06 EA01 EA45	6925	1
솂	EA07 EA01 EA45	6926	1
솄	EA08 EA01 EA45	6927	1
솆	EA09 EA01 EA45	6928	1
솇	EA0A EA01 EA45	6929	1
솈	EA00 F251	6930	1
솉	EA01 F251	6931	1
솊	EA02 F251	6932	1
솋	EA03 F251	6933	1
솏	EA04 F251	6934	1
솑	EA05 F251	6935	1
솒	EA06 F251	6936	1
솕	EA07 F251	6937	1
솖	EA08 F251	6938	1
솗	EA09 F251	6939	1
솘	EA0A F251	6940	1
솙	EA00 EA03 EA45	6941	1
솚	EA01 EA03 EA45	6942	1
솛	EA02 EA03 EA45	6943	1
솞	EA03 EA03 EA45	6944	1
솠	EA04 EA03 EA45	6945	1
솢	EA05 EA03 EA45	6946	1
솣	EA06 EA03 EA45	6947	1
솤	EA07 EA03 EA45	6948	1
솧	EA08 EA03 EA45	6949	1
솩	EA09 EA03 EA45	6950	1
솪	EA0A EA03 EA45	6951	1
솫	EA00 F190	6952	1
솭	EA01 F190	6953	1
솮	EA02 F190	6954	1
솯	EA03 F190	6955	1
솰	EA04 F190	6956	1
솱	EA05 F190	6957	1
솲	EA06 F190	6958	1
솳	EA07 F190	6959	1
솴	EA08 F190	6960	1
솵	EA09 F190	6961	1
솶	EA0A F190	6962	1
솷	EA00 F198	6963	1
솸	EA01 F198	6964	1
솹	EA02 F198	6965	1
솺	EA03 F198	6966	1
솼	EA04 F198	6967	1
솾	EA05 F198	6968	1
솿	EA06 F198	6969	1
쇀	EA07 F198	6970	1
쇁	EA08 F198	6971	1
쇂	EA09 F198	6972	1
쇃	EA0A F198	6973	1
쇅	EA00 F1A4	6974	1
쇆	EA01 F1A4	6975	1
쇇	EA02 F1A4	6976	1
쇈	EA03 F1A4	6977	1
쇉	EA04 F1A4	6978	1
쇊	EA05 F1A4	6979	1
쇋	EA06 F1A4	6980	1
쇌	EA07 F1A4	6981	1
쇍	EA08 F1A4	6982	1
쇎	EA09 F1A4	6983	1
쇏	EA0A F1A4	6984	1
쇐	EA00 F25C	6985	1
쇑	EA01 F25C	6986	1
쇒	EA02 F25C	6987	1
쇓	EA03 F25C	6988	1
쇔	EA04 F25C	6989	1
쇕	EA05 F25C	6990	1
쇖	EA06 F25C	6991	1
쇗	EA07 F25C	6992	1
쇘	EA08 F25C	6993	1
쇙	EA09 F25C	6994	1
쇚	EA0A F25C	6995	1
쇛	EA00 F1AE	6996	1
쇜	EA01 F1AE	6997	1
쇝	EA02 F1AE	6998	1
쇞	EA03 F1AE	6999	1
쇟	EA04 F1AE	7000	1
쇢	EA05 F1AE	7001	1
쇣	EA06 F1AE	7002	1
쇥	EA07 F1AE	7003	1
쇦	EA08 F1AE	7004	1
쇧	EA09 F1AE	7005	1
쇩	EA0A F1AE	7006	1
쇪	EA00 F352	7007	1
쇫	EA01 F352	7008	1
쇬	EA02 F352	7009	1
쇭	EA03 F352	7010	1
쇮	EA04 F352	7011	1
쇯	EA05 F352	7012	1
쇰	EA06 F352	7013	1
쇱	EA07 F352	7014	1
쇲	EA08 F352	7015	1
쇴	EA09 F352	7016	1
쇶	EA0A F352	7017	1
쇷	EA00 F183	7018	1
쇸	EA01 F183	7019	1
쇹	EA02 F183	7020	1
쇺	EA03 F183	7021	1
쇻	EA04 F183	7022	1
쇾	EA05 F183	7023	1
쇿	EA06 F183	7024	1
숁	EA07 F183	7025	1
숂	EA08 F183	7026	1
숃	EA09 F183	7027	1
숅	EA0A F183	7028	1
숆	EA00 F226	7029	1
숇	EA01 F226	7030	1
숈	EA02 F226	7031	1
숉	EA03 F226	7032	1
숊	EA04 F226	7033	1
숋	EA05 F226	7034	1
숐	EA06 F226	7035	1
숒	EA07 F226	7036	1
숓	EA08 F226	7037	1
숔	EA09 F226	7038	1
숕	EA0A F226	7039	1
숗	EA00 F30B	7040	1
숚	EA01 F30B	7041	1
숛	EA02 F30B	7042	1
숝	EA03 F30B	7043	1
숞	EA04 F30B	7044	1
숡	EA05 F30B	7045	1
숢	EA06 F30B	7046	1
숣	EA07 F30B	7047	1
숤	EA08 F30B	7048	1
숥	EA09 F30B	7049	1
숦	EA0A F30B	7050	1
숪	EA00 EA02 EA46	7051	1
숬	EA01 EA02 EA46	7052	1
숰	EA02 EA02 EA46	7053	1
숳	EA03 EA02 EA46	7054	1
숵	EA04 EA02 EA46	7055	1
숶	EA05 EA02 EA46	7056	1
숷	EA06 EA02 EA46	7057	1
숸	EA07 EA02 EA46	7058	1
숹	EA08 EA02 EA46	7059	1
숺	EA09 EA02 EA46	7060	1
숻	EA0A EA02 EA46	7061	1
숽	EA00 F236	7062	1
숾	EA01 F236	7063	1
숿	EA02 F236	7064	1
쉀	EA03 F236	7065	1
쉁	EA04 F236	7066	1
쉂	EA05 F236	7067	1
쉃	EA06 F236	7068	1
쉄	EA07 F236	7069	1
쉅	EA08 F236	7070	1
쉆	EA09 F236	7071	1
쉇	EA0A F236	7072	1
쉊	EA00 F1B2	7073	1
쉋	EA01 F1B2	7074	1
쉌	EA02 F1B2	7075	1
쉍	EA03 F1B2	7076	1
쉎	EA04 F1B2	7077	1
쉏	EA05 F1B2	7078	1
쉒	EA06 F1B2	7079	1
쉓	EA07 F1B2	7080	1
쉕	EA08 F1B2	7081	1
쉖	EA09 F1B2	7082	1
쉗	EA0A F1B2	7083	1
쉙	EA00 F1CB	7084	1
쉚	EA01 F1CB	7085	1
쉛	EA02 F1CB	7086	1
쉜	EA03 F1CB	7087	1
쉝	EA04 F1CB	7088	1
쉞	EA05 F1CB	7089	1
쉟	EA06 F1CB	7090	1
쉢	EA07 F1CB	7091	1
쉤	EA08 F1CB	7092	1
쉦	EA09 F1CB	7093	1
쉧	EA0A F1CB	7094	1
쉨	EA00 F1DE	7095	1
쉩	EA01 F1DE	7096	1
쉪	EA02 F1DE	7097	1
쉫	EA03 F1DE	7098	1
쉮	EA04 F1DE	7099	1
쉯	EA05 F1DE	7100	1
쉱	EA06 F1DE	7101	1
쉲	EA07 F1DE	7102	1
쉳	EA08 F1DE	7103	1
쉵	EA09 F1DE	7104	1
쉶	EA0A F1DE	7105	1
쉷	EA00 F1EC	7106	1
쉸	EA01 F1EC	7107	1
쉹	EA02 F1EC	7108	1
쉺	EA03 F1EC	7109	1
쉻	EA04 F1EC	7110	1
쉾	EA05 F1EC	7111	1
슀	EA06 F1EC	7112	1
슂	EA07 F1EC	7113	1
슃	EA08 F1EC	7114	1
슄	EA09 F1EC	7115	1
슅	EA0A F1EC	7116	1
슆	EA00 F1F6	7117	1
슇	EA01 F1F6	7118	1
슊	EA02 F1F6	7119	1
슋	EA03 F1F6	7120	1
슍	EA04 F1F6	7121	1
슎	EA05 F1F6	7122	1
슏	EA06 F1F6	7123	1
슑	EA07 F1F6	7124	1
슒	EA08 F1F6	7125	1
슓	EA09 F1F6	7126	1
슔	EA0A F1F6	7127	1
슕	EA00 F2EC	7128	1
슖	EA01 F2EC	7129	1
슗	EA02 F2EC	7130	1
슚	EA03 F2EC	7131	1
슜	EA04 F2EC	7132	1
슞	EA05 F2EC	7133	1
슠	EA06 F2EC	7134	1
슡	EA07 F2EC	7135	1
슢	EA08 F2EC	7136	1
슣	EA09 F2EC	7137	1
슦	EA0A F2EC	7138	1
슧	EA00 F213	7139	1
슩	EA01 F213	7140	1
슪	EA02 F213	7141	1
슫	EA03 F213	7142	1
슮	EA04 F213	7143	1
슰	EA05 F213	7144	1
슱	EA06 F213	7145	1
슲	EA07 F213	7146	1
슳	EA08 F213	7147	1
슶	EA09 F213	7148	1
슸	EA0A F213	7149	1
슺	EA00 F231	7150	1
슻	EA01 F231	7151	1
슿	EA02 F231	7152	1
싁	EA03 F231	7153	1
싂	EA04 F231	7154	1
싃	EA05 F231	7155	1
싅	EA06 F231	7156	1
싆	EA07 F231	7157	1
싇	EA08 F231	7158	1
싈	EA09 F231	7159	1
싉	EA0A F231	7160	1
싊	EA00 F22A	7161	1
싋	EA01 F22A	7162	1
싌	EA02 F22A	7163	1
싍	EA03 F22A	7164	1
싎	EA04 F22A	7165	1
싏	EA05 F22A	7166	1
싐	EA06 F22A	7167	1
싑	EA07 F22A	7168	1
싒	EA08 F22A	7169	1
싓	EA09 F22A	7170	1
싔	EA0A F22A	7171	1
싕	EA00 F23B	7172	1
싖	EA01 F23B	7173	1
싗	EA02 F23B	7174	1
싘	EA03 F23B	7175	1
싙	EA04 F23B	7176	1
싚	EA05 F23B	7177	1
싛	EA06 F23B	7178	1
싟	EA07 F23B	7179	1
싡	EA08 F23B	7180	1
싢	EA09 F23B	7181	1
싥	EA0A F23B	7182	1
싧	EA00 F24A	7183	1
싨	EA01 F24A	7184	1
싩	EA02 F24A	7185	1
싪	EA03 F24A	7186	1
싮	EA04 F24A	7187	1
싰	EA05 F24A	7188	1
싳	EA06 F24A	7189	1
싴	EA07 F24A	7190	1
싷	EA08 F24A	7191	1
싺	EA09 F24A	7192	1
싽	EA0A F24A	7193	1
싾	EA00 F273	7194	1
쌁	EA01 F273	7195	1
쌂	EA02 F273	7196	1
쌃	EA03 F273	7197	1
쌄	EA04 F273	7198	1
쌅	EA05 F273	7199	1
쌆	EA06 F273	7200	1
쌇	EA07 F273	7201	1
쌊	EA08 F273	7202	1
쌎	EA09 F273	7203	1
쌏	EA0A F273	7204	1
쌐	EA00 F25B	7205	1
쌑	EA01 F25B	7206	1
쌒	EA02 F25B	7207	1
쌖	EA03 F25B	7208	1
쌗	EA04 F25B	7209	1
쌙	EA05 F25B	7210	1
쌚	EA06 F25B	7211	1
쌛	EA07 F25B	7212	1
쌜	EA08 F25B	7213	1
쌝	EA09 F25B	7214	1
쌞	EA0A F25B	7215	1
쌟	EA00 F25F	7216	1
쌠	EA01 F25F	7217	1
쌡	EA02 F25F	7218	1
쌢	EA03 F25F	7219	1
쌣	EA04 F25F	7220	1
쌦	EA05 F25F	7221	1
쌧	EA06 F25F	7222	1
쌪	EA07 F25F	7223	1
쌫	EA08 F25F	7224	1
쌬	EA09 F25F	7225	1
쌭	EA0A F25F	7226	1
쌮	EA00 F26D	7227	1
쌯	EA01 F26D	7228	1
쌱	EA02 F26D	7229	1
쌲	EA03 F26D	7230	1
쌳	EA04 F26D	7231	1
쌵	EA05 F26D	7232	1
쌶	EA06 F26D	7233	1
쌷	EA07 F26D	7234	1
쌸	EA08 F26D	7235	1
쌹	EA09 F26D	7236	1
쌺	EA0A F26D	7237	1
쌻	EA00 EA08 EA47	7238	1
쌼	EA01 EA08 EA47	7239	1
쌽	EA02 EA08 EA47	7240	1
쌾	EA03 EA08 EA47	7241	1
쌿	EA04 EA08 EA47	7242	1
썀	EA05 EA08 EA47	7243	1
썁	EA06 EA08 EA47	7244	1
썂	EA07 EA08 EA47	7245	1
썃	EA08 EA08 EA47	7246	1
썄	EA09 EA08 EA47	7247	1
썆	EA0A EA08 EA47	7248	1
썇	EA00 F27D	7249	1
썈	EA01 F27D	7250	1
썉	EA02 F27D	7251	1
썊	EA03 F27D	7252	1
썋	EA04 F27D	7253	1
썌	EA05 F27D	7254	1
썍	EA06 F27D	7255	1
썎	EA07 F27D	7256	1
썏	EA08 F27D	7257	1
썐	EA09 F27D	7258	1
썑	EA0A F27D	7259	1
썒	EA00 F32A	7260	1
썓	EA01 F32A	7261	1
썔	EA02 F32A	7262	1
썕	EA03 F32A	7263	1
썗	EA04 F32A	7264	1
썘	EA05 F32A	7265	1
썙	EA06 F32A	7266	1
썚	EA07 F32A	7267	1
썛	EA08 F32A	7268	1
썜	EA09 F32A	7269	1
썝	EA0A F32A	7270	1
썞	EA00 EA00 EA48	7271	1
썟	EA01 EA00 EA48	7272	1
썠	EA02 EA00 EA48	7273	1
썡	EA03 EA00 EA48	7274	1
썢	EA04 EA00 EA48	7275	1
썣	EA05 EA00 EA48	7276	1
썤	EA06 EA00 EA48	7277	1
썥	EA07 EA00 EA48	7278	1
썦	EA08 EA00 EA48	7279	1
썧	EA09 EA00 EA48	7280	1
썫	EA0A EA00 EA48	7281	1
썭	EA00 F2C5	7282	1
썮	EA01 F2C5	7283	1
썯	EA02 F2C5	7284	1
썱	EA03 F2C5	7285	1
썲	EA04 F2C5	7286	1
썳	EA05 F2C5	7287	1
썴	EA06 F2C5	7288	1
썵	EA07 F2C5	7289	1
썶	EA08 F2C5	7290	1
썷	EA09 F2C5	7291	1
썺	EA0A F2C5	7292	1
썾	EA00 F297	7293	1
썿	EA01 F297	7294	1
쎀	EA02 F297	7295	1
쎁	EA03 F297	7296	1
쎂	EA04 F297	7297	1
쎃	EA05 F297	7298	1
쎆	EA06 F297	7299	1
쎇	EA07 F297	7300	1
쎉	EA08 F297	7301	1
쎊	EA09 F297	7302	1
쎋	EA0A F297	7303	1
쎍	EA00 F2F6	7304	1
쎎	EA01 F2F6	7305	1
쎏	EA02 F2F6	7306	1
쎐	EA03 F2F6	7307	1
쎑	EA04 F2F6	7308	1
쎒	EA05 F2F6	7309	1
쎓	EA06 F2F6	7310	1
쎕	EA07 F2F6	7311	1
쎖	EA08 F2F6	7312	1
쎗	EA09 F2F6	7313	1
쎘	EA0A F2F6	7314	1
쎙	EA00 F34D	7315	1
쎚	EA01 F34D	7316	1
쎛	EA02 F34D	7317	1
쎜	EA03 F34D	7318	1
쎝	EA04 F34D	7319	1
쎞	EA05 F34D	7320	1
쎟	EA06 F34D	7321	1
쎡	EA07 F34D	7322	1
쎢	EA08 F34D	7323	1
쎣	EA09 F34D	7324	1
쎤	EA0A F34D	7325	1
쎥	EA00 EA05 EA48	7326	1
쎦	EA01 EA05 EA48	7327	1
쎧	EA02 EA05 EA48	7328	1
쎨	EA03 EA05 EA48	7329	1
쎩	EA04 EA05 EA48	7330	1
쎪	EA05 EA05 EA48	7331	1
쎫	EA06 EA05 EA48	7332	1
쎬	EA07 EA05 EA48	7333	1
쎭	EA08 EA05 EA48	7334	1
쎮	EA09 EA05 EA48	7335	1
쎯	EA0A EA05 EA48	7336	1
쎰	EA00 F362	7337	1
쎱	EA01 F362	7338	1
쎲	EA02 F362	7339	1
쎵	EA03 F362	7340	1
쎶	EA04 F362	7341	1
쎷	EA05 F362	7342	1
쎸	EA06 F362	7343	1
쎹	EA07 F362	7344	1
쎺	EA08 F362	7345	1
쎻	EA09 F362	7346	1
쎼	EA0A F362	7347	1
쎽	EA00 F318	7348	1
쎾	EA01 F318	7349	1
쎿	EA02 F318	7350	1
쏀	EA03 F318	7351	1
쏁	EA04 F318	7352	1
쏂	EA05 F318	7353	1
쏃	EA06 F318	7354	1
쏄	EA07 F318	7355	1
쏅	EA08 F318	7356	1
쏆	EA09 F318	7357	1
쏇	EA0A F318	7358	1
쏈	EA00 F2B5	7359	1
쏉	EA01 F2B5	7360	1
쏊	EA02 F2B5	7361	1
쏋	EA03 F2B5	7362	1
쏌	EA04 F2B5	7363	1
쏍	EA05 F2B5	7364	1
쏎	EA06 F2B5	7365	1
쏏	EA07 F2B5	7366	1
쏐	EA08 F2B5	7367	1
쏑	EA09 F2B5	7368	1
쏒	EA0A F2B5	7369	1
쏓	EA00 EA09 EA48	7370	1
쏔	EA01 EA09 EA48	7371	1
쏕	EA02 EA09 EA48	7372	1
쏖	EA03 EA09 EA48	7373	1
쏗	EA04 EA09 EA48	7374	1
쏚	EA05 EA09 EA48	7375	1
쏛	EA06 EA09 EA48	7376	1
쏝	EA07 EA09 EA48	7377	1
쏞	EA08 EA09 EA48	7378	1
쏡	EA09 EA09 EA48	7379	1
쏢	EA0A EA09 EA48	7380	1
쏣	EA00 F32E	7381	1
쏤	EA01 F32E	7382	1
쏥	EA02 F32E	7383	1
쏦	EA03 F32E	7384	1
쏧	EA04 F32E	7385	1
쏪	EA05 F32E	7386	1
쏬	EA06 F32E	7387	1
쏮	EA07 F32E	7388	1
쏯	EA08 F32E	7389	1
쏰	EA09 F32E	7390	1
쏲	EA0A F32E	7391	1
쏵	EA00 EA00 EA49	7392	1
쏶	EA01 EA00 EA49	7393	1
쏷	EA02 EA00 EA49	7394	1
쏹	EA03 EA00 EA49	7395	1
쏺	EA04 EA00 EA49	7396	1
쏻	EA05 EA00 EA49	7397	1
쏼	EA06 EA00 EA49	7398	1
쏽	EA07 EA00 EA49	7399	1
쏾	EA08 EA00 EA49	7400	1
쏿	EA09 EA00 EA49	7401	1
쐀	EA0A EA00 EA49	7402	1
쐁	EA00 F3CD	7403	1
쐂	EA01 F3CD	7404	1
쐃	EA02 F3CD	7405	1
쐄	EA03 F3CD	7406	1
쐅	EA04 F3CD	7407	1
쐆	EA05 F3CD	7408	1
쐇	EA06 F3CD	7409	1
쐉	EA07 F3CD	7410	1
쐊	EA08 F3CD	7411	1
쐋	EA09 F3CD	7412	1
쐌	EA0A F3CD	7413	1
쐍	EA00 EA02 EA49	7414	1
쐎	EA01 EA02 EA49	7415	1
쐏	EA02 EA02 EA49	7416	1
쐒	EA03 EA02 EA49	7417	1
쐓	EA04 EA02 EA49	7418	1
쐔	EA05 EA02 EA49	7419	1
쐕	EA06 EA02 EA49	7420	1
쐖	EA07 EA02 EA49	7421	1
쐗	EA08 EA02 EA49	7422	1
쐘	EA09 EA02 EA49	7423	1
쐙	EA0A EA02 EA49	7424	1
쐚	EA00 EA03 EA49	7425	1
쐜	EA01 EA03 EA49	7426	1
쐝	EA02 EA03 EA49	7427	1
쐞	EA03 EA03 EA49	7428	1
쐟	EA04 EA03 EA49	7429	1
쐠	EA05 EA03 EA49	7430	1
쐡	EA06 EA03 EA49	7431	1
쐢	EA07 EA03 EA49	7432	1
쐣	EA08 EA03 EA49	7433	1
쐤	EA09 EA03 EA49	7434	1
쐥	EA0A EA03 EA49	7435	1
쐦	EA00 F2D5	7436	1
쐧	EA01 F2D5	7437	1
쐨	EA02 F2D5	7438	1
쐩	EA03 F2D5	7439	1
쐪	EA04 F2D5	7440	1
쐫	EA05 F2D5	7441	1
쐭	EA06 F2D5	7442	1
쐮	EA07 F2D5	7443	1
쐯	EA08 F2D5	7444	1
쐱	EA09 F2D5	7445	1
쐲	EA0A F2D5	7446	1
쐳	EA00 EA05 EA49	7447	1
쐵	EA01 EA05 EA49	7448	1
쐶	EA02 EA05 EA49	7449	1
쐷	EA03 EA05 EA49	7450	1
쐸	EA04 EA05 EA49	7451	1
쐹	EA05 EA05 EA49	7452	1
쐺	EA06 EA05 EA49	7453	1
쐻	EA07 EA05 EA49	7454	1
쐼	EA08 EA05 EA49	7455	1
쐽	EA09 EA05 EA49	7456	1
쐾	EA0A EA05 EA49	7457	1
쐿	EA00 EA06 EA49	7458	1
쑀	EA01 EA06 EA49	7459	1
쑁	EA02 EA06 EA49	7460	1
쑂	EA03 EA06 EA49	7461	1
쑃	EA04 EA06 EA49	7462	1
쑄	EA05 EA06 EA49	7463	1
쑅	EA06 EA06 EA49	7464	1
쑆	EA07 EA06 EA49	7465	1
쑇	EA08 EA06 EA49	7466	1
쑉	EA09 EA06 EA49	7467	1
쑊	EA0A EA06 EA49	7468	1
쑋	EA00 EA07 EA49	7469	1
쑌	EA01 EA07 EA49	7470	1
쑍	EA02 EA07 EA49	7471	1
쑎	EA03 EA07 EA49	7472	1
쑏	EA04 EA07 EA49	7473	1
쑐	EA05 EA07 EA49	7474	1
쑑	EA06 EA07 EA49	7475	1
쑒	EA07 EA07 EA49	7476	1
쑓	EA08 EA07 EA49	7477	1
쑔	EA09 EA07 EA49	7478	1
쑕	EA0A EA07 EA49	7479	1
쑖	EA00 EA08 EA49	7480	1
쑗	EA01 EA08 EA49	7481	1
쑘	EA02 EA08 EA49	7482	1
쑙	EA03 EA08 EA49	7483	1
쑚	EA04 EA08 EA49	7484	1
쑛	EA05 EA08 EA49	7485	1
쑜	EA06 EA08 EA49	7486	1
쑞	EA07 EA08 EA49	7487	1
쑟	EA08 EA08 EA49	7488	1
쑠	EA09 EA08 EA49	7489	1
쑡	EA0A EA08 EA49	7490	1
쑢	EA00 F375	7491	1
쑣	EA01 F375	7492	1
쑦	EA02 F375	7493	1
쑧	EA03 F375	7494	1
쑩	EA04 F375	7495	1
쑪	EA05 F375	7496	1
쑫	EA06 F375	7497	1
쑭	EA07 F375	7498	1
쑮	EA08 F375	7499	1
쑯	EA09 F375	7500	1
쑰	EA0A F375	7501	1
쑱	EA00 EA0A EA49	7502	1
쑲	EA01 EA0A EA49	7503	1
쑳	EA02 EA0A EA49	7504	1
쑶	EA03 EA0A EA49	7505	1
쑸	EA04 EA0A EA49	7506	1
쑺	EA05 EA0A EA49	7507	1
쑻	EA06 EA0A EA49	7508	1
쑼	EA07 EA0A EA49	7509	1
쑽	EA08 EA0A EA49	7510	1
쑾	EA09 EA0A EA49	7511	1
쑿	EA0A EA0A EA49	7512	1
쒁	EA00 F3B7	7513	1
쒂	EA01 F3B7	7514	1
쒃	EA02 F3B7	7515	1
쒄	EA03 F3B7	7516	1
쒅	EA04 F3B7	7517	1
쒆	EA05 F3B7	7518	1
쒇	EA06 F3B7	7519	1
쒈	EA07 F3B7	7520	1
쒉	EA08 F3B7	7521	1
쒊	EA09 F3B7	7522	1
쒋	EA0A F3B7	7523	1
쒌	EA00 F395	7524	1
쒍	EA01 F395	7525	1
쒎	EA02 F395	7526	1
쒏	EA03 F395	7527	1
쒐	EA04 F395	7528	1
쒑	EA05 F395	7529	1
쒒	EA06 F395	7530	1
쒓	EA07 F395	7531	1
쒕	EA08 F395	7532	1
쒖	EA09 F395	7533	1
쒗	EA0A F395	7534	1
쒘	EA00 F338	7535	1
쒙	EA01 F338	7536	1
쒚	EA02 F338	7537	1
쒛	EA03 F338	7538	1
쒜	EA04 F338	7539	1
쒝	EA05 F338	7540	1
쒞	EA06 F338	7541	1
쒟	EA07 F338	7542	1
쒠	EA08 F338	7543	1
쒡	EA09 F338	7544	1
쒢	EA0A F338	7545	1
쒣	EA00 F367	7546	1
쒤	EA01 F367	7547	1
쒥	EA02 F367	7548	1
쒦	EA03 F367	7549	1
쒧	EA04 F367	7550	1
쒨	EA05 F367	7551	1
쒩	EA06 F367	7552	1
쒪	EA07 F367	7553	1
쒫	EA08 F367	7554	1
쒬	EA09 F367	7555	1
쒭	EA0A F367	7556	1
쒮	EA00 EA04 EA4A	7557	1
쒯	EA01 EA04 EA4A	7558	1
쒰	EA02 EA04 EA4A	7559	1
쒱	EA03 EA04 EA4A	7560	1
쒲	EA04 EA04 EA4A	7561	1
쒳	EA05 EA04 EA4A	7562	1
쒴	EA06 EA04 EA4A	7563	1
쒵	EA07 EA04 EA4A	7564	1
쒶	EA08 EA04 EA4A	7565	1
쒷	EA09 EA04 EA4A	7566	1
쒹	EA0A EA04 EA4A	7567	1
쒺	EA00 EA05 EA4A	7568	1
쒻	EA01 EA05 EA4A	7569	1
쒼	EA02 EA05 EA4A	7570	1
쒽	EA03 EA05 EA4A	7571	1
쒾	EA04 EA05 EA4A	7572	1
쒿	EA05 EA05 EA4A	7573	1
쓀	EA06 EA05 EA4A	7574	1
쓁	EA07 EA05 EA4A	7575	1
쓂	EA08 EA05 EA4A	7576	1
쓃	EA09 EA05 EA4A	7577	1
쓄	EA0A EA05 EA4A	7578	1
쓅	EA00 EA06 EA4A	7579	1
쓆	EA01 EA06 EA4A	7580	1
쓇	EA02 EA06 EA4A	7581	1
쓈	EA03 EA06 EA4A	7582	1
쓉	EA04 EA06 EA4A	7583	1
쓊	EA05 EA06 EA4A	7584	1
쓋	EA06 EA06 EA4A	7585	1
쓌	EA07 EA06 EA4A	7586	1
쓍	EA08 EA06 EA4A	7587	1
쓎	EA09 EA06 EA4A	7588	1
쓏	EA0A EA06 EA4A	7589	1
쓐	EA00 F3C9	7590	1
쓑	EA01 F3C9	7591	1
쓒	EA02 F3C9	7592	1
쓓	EA03 F3C9	7593	1
쓔	EA04 F3C9	7594	1
쓕	EA05 F3C9	7595	1
쓖	EA06 F3C9	7596	1
쓗	EA07 F3C9	7597	1
쓘	EA08 F3C9	7598	1
쓙	EA09 F3C9	7599	1
쓚	EA0A F3C9	7600	1
쓛	EA00 EA08 EA4A	7601	1
쓜	EA01 EA08 EA4A	7602	1
쓝	EA02 EA08 EA4A	7603	1
쓞	EA03 EA08 EA4A	7604	1
쓟	EA04 EA08 EA4A	7605	1
쓠	EA05 EA08 EA4A	7606	1
쓡	EA06 EA08 EA4A	7607	1
쓢	EA07 EA08 EA4A	7608	1
쓣	EA08 EA08 EA4A	7609	1
쓤	EA09 EA08 EA4A	7610	1
쓥	EA0A EA08 EA4A	7611	1
쓦	EA00 EA09 EA4A	7612	1
쓧	EA01 EA09 EA4A	7613	1
쓨	EA02 EA09 EA4A	7614	1
쓩	EA03 EA09 EA4A	7615	1
쓪	EA04 EA09 EA4A	7616	1
쓫	EA05 EA09 EA4A	7617	1
쓬	EA06 EA09 EA4A	7618	1
쓭	EA07 EA09 EA4A	7619	1
쓮	EA08 EA09 EA4A	7620	1
쓯	EA09 EA09 EA4A	7621	1
쓲	EA0A EA09 EA4A	7622	1
쓳	EA00 EA0A EA4A	7623	1
쓵	EA01 EA0A EA4A	7624	1
쓶	EA02 EA0A EA4A	7625	1
쓷	EA03 EA0A EA4A	7626	1
쓹	EA04 EA0A EA4A	7627	1
쓺	EA05 EA0A EA4A	7628	1
쓻	EA06 EA0A EA4A	7629	1
쓼	EA07 EA0A EA4A	7630	1
쓽	EA08 EA0A EA4A	7631	1
쓾	EA09 EA0A EA4A	7632	1
씂	EA0A EA0A EA4A	7633	1
씄	EA00 F392	7634	1
씅	EA01 F392	7635	1
씆	EA02 F392	7636	1
씇	EA03 F392	7637	1
씈	EA04 F392	7638	1
씊	EA05 F392	7639	1
씋	EA06 F392	7640	1
씍	EA07 F392	7641	1
씎	EA08 F392	7642	1
씏	EA09 F392	7643	1
씑	EA0A F392	7644	1
씒	EA00 F3A7	7645	1
씓	EA01 F3A7	7646	1
씔	EA02 F3A7	7647	1
씕	EA03 F3A7	7648	1
씖	EA04 F3A7	7649	1
씗	EA05 F3A7	7650	1
씘	EA06 F3A7	7651	1
씙	EA07 F3A7	7652	1
씚	EA08 F3A7	7653	1
씛	EA09 F3A7	7654	1
씜	EA0A F3A7	7655	1
씝	EA00 F39F	7656	1
씞	EA01 F39F	7657	1
씟	EA02 F39F	7658	1
씠	EA03 F39F	7659	1
씡	EA04 F39F	7660	1
씢	EA05 F39F	7661	1
씣	EA06 F39F	7662	1
씤	EA07 F39F	7663	1
씥	EA08 F39F	7664	1
씦	EA09 F39F	7665	1
씧	EA0A F39F	7666	1
씪	EA00 EA03 EA4B	7667	1
씫	EA01 EA03 EA4B	7668	1
씭	EA02 EA03 EA4B	7669	1
씮	EA03 EA03 EA4B	7670	1
씱	EA04 EA03 EA4B	7671	1
씲	EA05 EA03 EA4B	7672	1
씳	EA06 EA03 EA4B	7673	1
씴	EA07 EA03 EA4B	7674	1
씵	EA08 EA03 EA4B	7675	1
씶	EA09 EA03 EA4B	7676	1
씷	EA0A EA03 EA4B	7677	1
씺	EA00 EA04 EA4B	7678	1
씾	EA01 EA04 EA4B	7679	1
씿	EA02 EA04 EA4B	7680	1
앀	EA03 EA04 EA4B	7681	1
앁	EA04 EA04 EA4B	7682	1
앂	EA05 EA04 EA4B	7683	1
앃	EA06 EA04 EA4B	7684	1
앆	EA07 EA04 EA4B	7685	1
앇	EA08 EA04 EA4B	7686	1
앐	EA09 EA04 EA4B	7687	1
앑	EA0A EA04 EA4B	7688	1
앒	EA00 EA05 EA4B	7689	1
앖	EA01 EA05 EA4B	7690	1
앢	EA02 EA05 EA4B	7691	1
앣	EA03 EA05 EA4B	7692	1
앥	EA04 EA05 EA4B	7693	1
앦	EA05 EA05 EA4B	7694	1
앩	EA06 EA05 EA4B	7695	1
앪	EA07 EA05 EA4B	7696	1
앫	EA08 EA05 EA4B	7697	1
앬	EA09 EA05 EA4B	7698	1
앭	EA0A EA05 EA4B	7699	1
앮	EA00 EA06 EA4B	7700	1
앯	EA01 EA06 EA4B	7701	1
앲	EA02 EA06 EA4B	7702	1
앶	EA03 EA06 EA4B	7703	1
앷	EA04 EA06 EA4B	7704	1
앸	EA05 EA06 EA4B	7705	1
앹	EA06 EA06 EA4B	7706	1
앺	EA07 EA06 EA4B	7707	1
앾	EA08 EA06 EA4B	7708	1
앿	EA09 EA06 EA4B	7709	1
얁	EA0A EA06 EA4B	7710	1
얂	EA00 EA07 EA4B	7711	1
얈	EA01 EA07 EA4B	7712	1
얊	EA02 EA07 EA4B	7713	1
얋	EA03 EA07 EA4B	7714	1
얎	EA04 EA07 EA4B	7715	1
얒	EA05 EA07 EA4B	7716	1
얓	EA06 EA07 EA4B	7717	1
얔	EA07 EA07 EA4B	7718	1
얙	EA08 EA07 EA4B	7719	1
얚	EA09 EA07 EA4B	7720	1
얛	EA0A EA07 EA4B	7721	1
얝	EA00 EA08 EA4B	7722	1
얞	EA01 EA08 EA4B	7723	1
얟	EA02 EA08 EA4B	7724	1
얠	EA03 EA08 EA4B	7725	1
얡	EA04 EA08 EA4B	7726	1
얢	EA05 EA08 EA4B	7727	1
얣	EA06 EA08 EA4B	7728	1
얤	EA07 EA08 EA4B	7729	1
얥	EA08 EA08 EA4B	7730	1
얦	EA09 EA08 EA4B	7731	1
얧	EA0A EA08 EA4B	7732	1
얨	EA00 EA09 EA4B	7733	1
얩	EA01 EA09 EA4B	7734	1
얪	EA02 EA09 EA4B	7735	1
얫	EA03 EA09 EA4B	7736	1
얬	EA04 EA09 EA4B	7737	1
얮	EA05 EA09 EA4B	7738	1
얯	EA06 EA09 EA4B	7739	1
얰	EA07 EA09 EA4B	7740	1
얱	EA08 EA09 EA4B	7741	1
얲	EA09 EA09 EA4B	7742	1
얳	EA0A EA09 EA4B	7743	1
얷	EA00 EA0A EA4B	7744	1
얾	EA01 EA0A EA4B	7745	1
얿	EA02 EA0A EA4B	7746	1
엀	EA03 EA0A EA4B	7747	1
엁	EA04 EA0A EA4B	7748	1
엂	EA05 EA0A EA4B	7749	1
엃	EA06 EA0A EA4B	7750	1
엋	EA07 EA0A EA4B	7751	1
엍	EA08 EA0A EA4B	7752	1
엒	EA09 EA0A EA4B	7753	1
엓	EA0A EA0A EA4B	7754	1
엕	EA00 EA00 EA4C	7755	1
엖	EA01 EA00 EA4C	7756	1
엙	EA02 EA00 EA4C	7757	1
엚	EA03 EA00 EA4C	7758	1
엛	EA04 EA00 EA4C	7759	1
엝	EA05 EA00 EA4C	7760	1
엞	EA06 EA00 EA4C	7761	1
엟	EA07 EA00 EA4C	7762	1
엢	EA08 EA00 EA4C	7763	1
엦	EA09 EA00 EA4C	7764	1
엧	EA0A EA00 EA4C	7765	1
엨	EA00 EA01 EA4C	7766	1
엩	EA01 EA01 EA4C	7767	1
엪	EA02 EA01 EA4C	7768	1
엫	EA03 EA01 EA4C	7769	1
엯	EA04 EA01 EA4C	7770	1
엱	EA05 EA01 EA4C	7771	1
엲	EA06 EA01 EA4C	7772	1
엳	EA07 EA01 EA4C	7773	1
엸	EA08 EA01 EA4C	7774	1
엺	EA09 EA01 EA4C	7775	1
엻	EA0A EA01 EA4C	7776	1
옂	EA00 EA02 EA4C	7777	1
옃	EA01 EA02 EA4C	7778	1
옄	EA02 EA02 EA4C	7779	1
옊	EA03 EA02 EA4C	7780	1
옋	EA04 EA02 EA4C	7781	1
옍	EA05 EA02 EA4C	7782	1
옎	EA06 EA02 EA4C	7783	1
옏	EA07 EA02 EA4C	7784	1
옑	EA08 EA02 EA4C	7785	1
옒	EA09 EA02 EA4C	7786	1
옓	EA0A EA02 EA4C	7787	1
옔	EA00 EA03 EA4C	7788	1
옕	EA01 EA03 EA4C	7789	1
옖	EA02 EA03 EA4C	7790	1
옗	EA03 EA03 EA4C	7791	1
옚	EA04 EA03 EA4C	7792	1
옞	EA05 EA03 EA4C	7793	1
옟	EA06 EA03 EA4C	7794	1
옠	EA07 EA03 EA4C	7795	1
옡	EA08 EA03 EA4C	7796	1
옢	EA09 EA03 EA4C	7797	1
옣	EA0A EA03 EA4C	7798	1
옦	EA00 EA04 EA4C	7799	1
옧	EA01 EA04 EA4C	7800	1
옩	EA02 EA04 EA4C	7801	1
옪	EA03 EA04 EA4C	7802	1
옰	EA04 EA04 EA4C	7803	1
옱	EA05 EA04 EA4C	7804	1
옶	EA06 EA04 EA4C	7805	1
옼	EA07 EA04 EA4C	7806	1
옾	EA08 EA04 EA4C	7807	1
왂	EA09 EA04 EA4C	7808	1
왃	EA0A EA04 EA4C	7809	1
왅	EA00 EA05 EA4C	7810	1
왆	EA01 EA05 EA4C	7811	1
왇	EA02 EA05 EA4C	7812	1
왉	EA03 EA05 EA4C	7813	1
왊	EA04 EA05 EA4C	7814	1
왋	EA05 EA05 EA4C	7815	1
왌	EA06 EA05 EA4C	7816	1
왍	EA07 EA05 EA4C	7817	1
왎	EA08 EA05 EA4C	7818	1
왏	EA09 EA05 EA4C	7819	1
왒	EA0A EA05 EA4C	7820	1
왖	EA00 EA06 EA4C	7821	1
왗	EA01 EA06 EA4C	7822	1
왘	EA02 EA06 EA4C	7823	1
왙	EA03 EA06 EA4C	7824	1
왚	EA04 EA06 EA4C	7825	1
왛	EA05 EA06 EA4C	7826	1
왞	EA06 EA06 EA4C	7827	1
왟	EA07 EA06 EA4C	7828	1
왡	EA08 EA06 EA4C	7829	1
왢	EA09 EA06 EA4C	7830	1
왣	EA0A EA06 EA4C	7831	1
왥	EA00 EA07 EA4C	7832	1
왦	EA01 EA07 EA4C	7833	1
왧	EA02 EA07 EA4C	7834	1
왨	EA03 EA07 EA4C	7835	1
왩	EA04 EA07 EA4C	7836	1
왪	EA05 EA07 EA4C	7837	1
왫	EA06 EA07 EA4C	7838	1
왭	EA07 EA07 EA4C	7839	1
왮	EA08 EA07 EA4C	7840	1
왲	EA09 EA07 EA4C	7841	1
왳	EA0A EA07 EA4C	7842	1
왴	EA00 EA08 EA4C	7843	1
왵	EA01 EA08 EA4C	7844	1
왶	EA02 EA08 EA4C	7845	1
왷	EA03 EA08 EA4C	7846	1
왺	EA04 EA08 EA4C	7847	1
왻	EA05 EA08 EA4C	7848	1
왽	EA06 EA08 EA4C	7849	1
왾	EA07 EA08 EA4C	7850	1
욁	EA08 EA08 EA4C	7851	1
욂	EA09 EA08 EA4C	7852	1
욃	EA0A EA08 EA4C	7853	1
욄	EA00 EA09 EA4C	7854	1
욅	EA01 EA09 EA4C	7855	1
욆	EA02 EA09 EA4C	7856	1
욇	EA03 EA09 EA4C	7857	1
욉	EA04 EA09 EA4C	7858	1
욊	EA05 EA09 EA4C	7859	1
욎	EA06 EA09 EA4C	7860	1
욏	EA07 EA09 EA4C	7861	1
욐	EA08 EA09 EA4C	7862	1
욑	EA09 EA09 EA4C	7863	1
욒	EA0A EA09 EA4C	7864	1
욓	EA00 EA0A EA4C	7865	1
욖	EA01 EA0A EA4C	7866	1
욗	EA02 EA0A EA4C	7867	1
욙	EA03 EA0A EA4C	7868	1
욚	EA04 EA0A EA4C	7869	1
욛	EA05 EA0A EA4C	7870	1
욝	EA06 EA0A EA4C	7871	1
욞	EA07 EA0A EA4C	7872	1
욟	EA08 EA0A EA4C	7873	1
욠	EA09 EA0A EA4C	7874	1
욡	EA0A EA0A EA4C	7875	1
욢	EA00 EA00 EA4D	7876	1
욣	EA01 EA00 EA4D	7877	1
욦	EA02 EA00 EA4D	7878	1
욨	EA03 EA00 EA4D	7879	1
욪	EA04 EA00 EA4D	7880	1
욫	EA05 EA00 EA4D	7881	1
욬	EA06 EA00 EA4D	7882	1
욭	EA07 EA00 EA4D	7883	1
욮	EA08 EA00 EA4D	7884	1
욲	EA09 EA00 EA4D	7885	1
욳	EA0A EA00 EA4D	7886	1
욵	EA00 EA01 EA4D	7887	1
욶	EA01 EA01 EA4D	7888	1
욻	EA02 EA01 EA4D	7889	1
욼	EA03 EA01 EA4D	7890	1
욽	EA04 EA01 EA4D	7891	1
욾	EA05 EA01 EA4D	7892	1
웂	EA06 EA01 EA4D	7893	1
웄	EA07 EA01 EA4D	7894	1
웆	EA08 EA01 EA4D	7895	1
웇	EA09 EA01 EA4D	7896	1
웈	EA0A EA01 EA4D	7897	1
웉	EA00 EA02 EA4D	7898	1
웊	EA01 EA02 EA4D	7899	1
웋	EA02 EA02 EA4D	7900	1
웎	EA03 EA02 EA4D	7901	1
웏	EA04 EA02 EA4D	7902	1
웑	EA05 EA02 EA4D	7903	1
웒	EA06 EA02 EA4D	7904	1
웓	EA07 EA02 EA4D	7905	1
웕	EA08 EA02 EA4D	7906	1
웖	EA09 EA02 EA4D	7907	1
웗	EA0A EA02 EA4D	7908	1
웘	EA00 EA03 EA4D	7909	1
웙	EA01 EA03 EA4D	7910	1
웚	EA02 EA03 EA4D	7911	1
웛	EA03 EA03 EA4D	7912	1
웞	EA04 EA03 EA4D	7913	1
웢	EA05 EA03 EA4D	7914	1
웣	EA06 EA03 EA4D	7915	1
웥	EA07 EA03 EA4D	7916	1
웦	EA08 EA03 EA4D	7917	1
웧	EA09 EA03 EA4D	7918	1
웪	EA0A EA03 EA4D	7919	1
웫	EA00 EA04 EA4D	7920	1
웭	EA01 EA04 EA4D	7921	1
웮	EA02 EA04 EA4D	7922	1
웯	EA03 EA04 EA4D	7923	1
웱	EA04 EA04 EA4D	7924	1
웲	EA05 EA04 EA4D	7925	1
웳	EA06 EA04 EA4D	7926	1
웴	EA07 EA04 EA4D	7927	1
웵	EA08 EA04 EA4D	7928	1
웶	EA09 EA04 EA4D	7929	1
웷	EA0A EA04 EA4D	7930	1
웺	EA00 EA05 EA4D	7931	1
웼	EA01 EA05 EA4D	7932	1
웾	EA02 EA05 EA4D	7933	1
웿	EA03 EA05 EA4D	7934	1
윀	EA04 EA05 EA4D	7935	1
윁	EA05 EA05 EA4D	7936	1
윂	EA06 EA05 EA4D	7937	1
윃	EA07 EA05 EA4D	7938	1
윆	EA08 EA05 EA4D	7939	1
윇	EA09 EA05 EA4D	7940	1
윉	EA0A EA05 EA4D	7941	1
윊	EA00 EA06 EA4D	7942	1
윋	EA01 EA06 EA4D	7943	1
윍	EA02 EA06 EA4D	7944	1
윎	EA03 EA06 EA4D	7945	1
윏	EA04 EA06 EA4D	7946	1
윐	EA05 EA06 EA4D	7947	1
윑	EA06 EA06 EA4D	7948	1
윒	EA07 EA06 EA4D	7949	1
윓	EA08 EA06 EA4D	7950	1
윖	EA09 EA06 EA4D	7951	1
윚	EA0A EA06 EA4D	7952	1
윛	EA00 EA07 EA4D	7953	1
윜	EA01 EA07 EA4D	7954	1
윞	EA02 EA07 EA4D	7955	1
윢	EA03 EA07 EA4D	7956	1
윣	EA04 EA07 EA4D	7957	1
윥	EA05 EA07 EA4D	7958	1
윦	EA06 EA07 EA4D	7959	1
윩	EA07 EA07 EA4D	7960	1
윪	EA08 EA07 EA4D	7961	1
윫	EA09 EA07 EA4D	7962	1
윬	EA0A EA07 EA4D	7963	1
윭	EA00 EA08 EA4D	7964	1
윮	EA01 EA08 EA4D	7965	1
윯	EA02 EA08 EA4D	7966	1
윲	EA03 EA08 EA4D	7967	1
윴	EA04 EA08 EA4D	7968	1
윶	EA05 EA08 EA4D	7969	1
윸	EA06 EA08 EA4D	7970	1
윹	EA07 EA08 EA4D	7971	1
윺	EA08 EA08 EA4D	7972	1
윻	EA09 EA08 EA4D	7973	1
윿	EA0A EA08 EA4D	7974	1
읁	EA00 EA09 EA4D	7975	1
읃	EA01 EA09 EA4D	7976	1
읅	EA02 EA09 EA4D	7977	1
읈	EA03 EA09 EA4D	7978	1
읐	EA04 EA09 EA4D	7979	1
읒	EA05 EA09 EA4D	7980	1
읚	EA06 EA09 EA4D	7981	1
읛	EA07 EA09 EA4D	7982	1
읝	EA08 EA09 EA4D	7983	1
읞	EA09 EA09 EA4D	7984	1
읟	EA0A EA09 EA4D	7985	1
읡	EA00 EA0A EA4D	7986	1
읢	EA01 EA0A EA4D	7987	1
읣	EA02 EA0A EA4D	7988	1
읤	EA03 EA0A EA4D	7989	1
읥	EA04 EA0A EA4D	7990	1
읦	EA05 EA0A EA4D	7991	1
읧	EA06 EA0A EA4D	7992	1
읩	EA07 EA0A EA4D	7993	1
읪	EA08 EA0A EA4D	7994	1
읬	EA09 EA0A EA4D	7995	1
읮	EA0A EA0A EA4D	7996	1
읯	EA00 EA00 EA4E	7997	1
읰	EA01 EA00 EA4E	7998	1
읱	EA02 EA00 EA4E	7999	1
읲	EA03 EA00 EA4E	8000	1
읳	EA04 EA00 EA4E	8001	1
읶	EA05 EA00 EA4E	8002	1
읷	EA06 EA00 EA4E	8003	1
읹	EA07 EA00 EA4E	8004	1
읾	EA08 EA00 EA4E	8005	1
잀	EA09 EA00 EA4E	8006	1
잁	EA0A EA00 EA4E	8007	1
잂	EA00 EA01 EA4E	8008	1
잆	EA01 EA01 EA4E	8009	1
잋	EA02 EA01 EA4E	8010	1
잒	EA03 EA01 EA4E	8011	1
잓	EA04 EA01 EA4E	8012	1
잕	EA05 EA01 EA4E	8013	1
잜	EA06 EA01 EA4E	8014	1
잝	EA07 EA01 EA4E	8015	1
잞	EA08 EA01 EA4E	8016	1
잢	EA09 EA01 EA4E	8017	1
잧	EA0A EA01 EA4E	8018	1
잨	EA00 EA02 EA4E	8019	1
잩	EA01 EA02 EA4E	8020	1
잪	EA02 EA02 EA4E	8021	1
잮	EA03 EA02 EA4E	8022	1
잯	EA04 EA02 EA4E	8023	1
잱	EA05 EA02 EA4E	8024	1
잲	EA06 EA02 EA4E	8025	1
잳	EA07 EA02 EA4E	8026	1
잵	EA08 EA02 EA4E	8027	1
잶	EA09 EA02 EA4E	8028	1
잷	EA0A EA02 EA4E	8029	1
잸	EA00 EA03 EA4E	8030	1
잹	EA01 EA03 EA4E	8031	1
잺	EA02 EA03 EA4E	8032	1
잻	EA03 EA03 EA4E	8033	1
잾	EA04 EA03 EA4E	8034	1
쟂	EA05 EA03 EA4E	8035	1
쟄	EA06 EA03 EA4E	8036	1
쟅	EA07 EA03 EA4E	8037	1
쟇	EA08 EA03 EA4E	8038	1
쟊	EA09 EA03 EA4E	8039	1
쟋	EA0A EA03 EA4E	8040	1
쟍	EA00 EA04 EA4E	8041	1
쟏	EA01 EA04 EA4E	8042	1
쟑	EA02 EA04 EA4E	8043	1
쟒	EA03 EA04 EA4E	8044	1
쟓	EA04 EA04 EA4E	8045	1
쟔	EA05 EA04 EA4E	8046	1
쟕	EA06 EA04 EA4E	8047	1
쟖	EA07 EA04 EA4E	8048	1
쟗	EA08 EA04 EA4E	8049	1
쟘	EA09 EA04 EA4E	8050	1
쟚	EA0A EA04 EA4E	8051	1
쟜	EA00 EA05 EA4E	8052	1
쟞	EA01 EA05 EA4E	8053	1
쟟	EA02 EA05 EA4E	8054	1
쟠	EA03 EA05 EA4E	8055	1
쟡	EA04 EA05 EA4E	8056	1
쟢	EA05 EA05 EA4E	8057	1
쟣	EA06 EA05 EA4E	8058	1
쟥	EA07 EA05 EA4E	8059	1
쟦	EA08 EA05 EA4E	8060	1
쟧	EA09 EA05 EA4E	8061	1
쟨	EA0A EA05 EA4E	8062	1
쟩	EA00 EA06 EA4E	8063	1
쟪	EA01 EA06 EA4E	8064	1
쟫	EA02 EA06 EA4E	8065	1
쟬	EA03 EA06 EA4E	8066	1
쟭	EA04 EA06 EA4E	8067	1
쟮	EA05 EA06 EA4E	8068	1
쟯	EA06 EA06 EA4E	8069	1
쟰	EA07 EA06 EA4E	8070	1
쟱	EA08 EA06 EA4E	8071	1
쟲	EA09 EA06 EA4E	8072	1
쟳	EA0A EA06 EA4E	8073	1
쟴	EA00 EA07 EA4E	8074	1
쟵	EA01 EA07 EA4E	8075	1
쟶	EA02 EA07 EA4E	8076	1
쟷	EA03 EA07 EA4E	8077	1
쟸	EA04 EA07 EA4E	8078	1
쟹	EA05 EA07 EA4E	8079	1
쟺	EA06 EA07 EA4E	8080	1
쟻	EA07 EA07 EA4E	8081	1
쟼	EA08 EA07 EA4E	8082	1
쟽	EA09 EA07 EA4E	8083	1
쟾	EA0A EA07 EA4E	8084	1
쟿	EA00 EA08 EA4E	8085	1
젂	EA01 EA08 EA4E	8086	1
젅	EA02 EA08 EA4E	8087	1
젆	EA03 EA08 EA4E	8088	1
젉	EA04 EA08 EA4E	8089	1
젌	EA05 EA08 EA4E	8090	1
젍	EA06 EA08 EA4E	8091	1
젎	EA07 EA08 EA4E	8092	1
젒	EA08 EA08 EA4E	8093	1
젘	EA09 EA08 EA4E	8094	1
젙	EA0A EA08 EA4E	8095	1
젛	EA00 EA09 EA4E	8096	1
젞	EA01 EA09 EA4E	8097	1
젟	EA02 EA09 EA4E	8098	1
젡	EA03 EA09 EA4E	8099	1
젢	EA04 EA09 EA4E	8100	1
젥	EA05 EA09 EA4E	8101	1
젦	EA06 EA09 EA4E	8102	1
젧	EA07 EA09 EA4E	8103	1
젨	EA08 EA09 EA4E	8104	1
젩	EA09 EA09 EA4E	8105	1
젪	EA0A EA09 EA4E	8106	1
젫	EA00 EA0A EA4E	8107	1
젮	EA01 EA0A EA4E	8108	1
젰	EA02 EA0A EA4E	8109	1
젲	EA03 EA0A EA4E	8110	1
젳	EA04 EA0A EA4E	8111	1
젴	EA05 EA0A EA4E	8112	1
젵	EA06 EA0A EA4E	8113	1
젶	EA07 EA0A EA4E	8114	1
젷	EA08 EA0A EA4E	8115	1
젺	EA09 EA0A EA4E	8116	1
젻	EA0A EA0A EA4E	8117	1
젽	EA00 EA00 EA50	8118	1
젾	EA01 EA00 EA50	8119	1
젿	EA02 EA00 EA50	8120	1
졁	EA03 EA00 EA50	8121	1
졂	EA04 EA00 EA50	8122	1
졃	EA05 EA00 EA50	8123	1
졄	EA06 EA00 EA50	8124	1
졅	EA07 EA00 EA50	8125	1
졆	EA08 EA00 EA50	8126	1
졇	EA09 EA00 EA50	8127	1
졉	EA0A EA00 EA50	8128	1
졊	EA00 EA01 EA50	8129	1
졎	EA01 EA01 EA50	8130	1
졏	EA02 EA01 EA50	8131	1
졐	EA03 EA01 EA50	8132	1
졑	EA04 EA01 EA50	8133	1
졒	EA05 EA01 EA50	8134	1
졓	EA06 EA01 EA50	8135	1
졕	EA07 EA01 EA50	8136	1
졖	EA08 EA01 EA50	8137	1
졗	EA09 EA01 EA50	8138	1
졙	EA0A EA01 EA50	8139	1
졚	EA00 EA02 EA50	8140	1
졛	EA01 EA02 EA50	8141	1
졝	EA02 EA02 EA50	8142	1
졞	EA03 EA02 EA50	8143	1
졟	EA04 EA02 EA50	8144	1
졠	EA05 EA02 EA50	8145	1
졡	EA06 EA02 EA50	8146	1
졢	EA07 EA02 EA50	8147	1
졣	EA08 EA02 EA50	8148	1
졤	EA09 EA02 EA50	8149	1
졥	EA0A EA02 EA50	8150	1
졦	EA00 EA03 EA50	8151	1
졧	EA01 EA03 EA50	8152	1
졨	EA02 EA03 EA50	8153	1
졩	EA03 EA03 EA50	8154	1
졪	EA04 EA03 EA50	8155	1
졫	EA05 EA03 EA50	8156	1
졬	EA06 EA03 EA50	8157	1
졭	EA07 EA03 EA50	8158	1
졮	EA08 EA03 EA50	8159	1
졯	EA09 EA03 EA50	8160	1
졲	EA0A EA03 EA50	8161	1
졳	EA00 EA04 EA50	8162	1
졵	EA01 EA04 EA50	8163	1
졶	EA02 EA04 EA50	8164	1
졷	EA03 EA04 EA50	8165	1
졹	EA04 EA04 EA50	8166	1
졺	EA05 EA04 EA50	8167	1
졻	EA06 EA04 EA50	8168	1
졼	EA07 EA04 EA50	8169	1
졽	EA08 EA04 EA50	8170	1
졾	EA09 EA04 EA50	8171	1
졿	EA0A EA04 EA50	8172	1
좂	EA00 EA05 EA50	8173	1
좄	EA01 EA05 EA50	8174	1
좈	EA02 EA05 EA50	8175	1
좉	EA03 EA05 EA50	8176	1
좊	EA04 EA05 EA50	8177	1
좎	EA05 EA05 EA50	8178	1
좏	EA06 EA05 EA50	8179	1
좑	EA07 EA05 EA50	8180	1
좒	EA08 EA05 EA50	8181	1
좓	EA09 EA05 EA50	8182	1
좕	EA0A EA05 EA50	8183	1
좖	EA00 EA06 EA50	8184	1
좗	EA01 EA06 EA50	8185	1
좘	EA02 EA06 EA50	8186	1
좙	EA03 EA06 EA50	8187	1
좚	EA04 EA06 EA50	8188	1
좛	EA05 EA06 EA50	8189	1
좜	EA06 EA06 EA50	8190	1
좝	EA07 EA06 EA50	8191	1
좞	EA08 EA06 EA50	8192	1
좟	EA09 EA06 EA50	8193	1
좠	EA0A EA06 EA50	8194	1
좢	EA00 EA07 EA50	8195	1
좣	EA01 EA07 EA50	8196	1
좤	EA02 EA07 EA50	8197	1
좧	EA03 EA07 EA50	8198	1
좩	EA04 EA07 EA50	8199	1
좪	EA05 EA07 EA50	8200	1
좫	EA06 EA07 EA50	8201	1
좮	EA07 EA07 EA50	8202	1
좯	EA08 EA07 EA50	8203	1
좰	EA09 EA07 EA50	8204	1
좱	EA0A EA07 EA50	8205	1
좲	EA00 EA08 EA50	8206	1
좳	EA01 EA08 EA50	8207	1
좴	EA02 EA08 EA50	8208	1
좵	EA03 EA08 EA50	8209	1
좶	EA04 EA08 EA50	8210	1
좷	EA05 EA08 EA50	8211	1
좸	EA06 EA08 EA50	8212	1
좹	EA07 EA08 EA50	8213	1
좺	EA08 EA08 EA50	8214	1
좻	EA09 EA08 EA50	8215	1
좾	EA0A EA08 EA50	8216	1
좿	EA00 EA09 EA50	8217	1
죀	EA01 EA09 EA50	8218	1
죁	EA02 EA09 EA50	8219	1
죂	EA03 EA09 EA50	8220	1
죃	EA04 EA09 EA50	8221	1
죅	EA05 EA09 EA50	8222	1
죆	EA06 EA09 EA50	8223	1
죇	EA07 EA09 EA50	8224	1
죉	EA08 EA09 EA50	8225	1
죊	EA09 EA09 EA50	8226	1
죋	EA0A EA09 EA50	8227	1
죍	EA00 EA0A EA50	8228	1
죎	EA01 EA0A EA50	8229	1
죏	EA02 EA0A EA50	8230	1
죐	EA03 EA0A EA50	8231	1
죑	EA04 EA0A EA50	8232	1
죒	EA05 EA0A EA50	8233	1
죓	EA06 EA0A EA50	8234	1
죖	EA07 EA0A EA50	8235	1
죘	EA08 EA0A EA50	8236	1
죙	EA09 EA0A EA50	8237	1
죚	EA0A EA0A EA50	8238	1
죛	EA00 EA00 EA53	8239	1
죜	EA01 EA00 EA53	8240	1
죝	EA02 EA00 EA53	8241	1
죞	EA03 EA00 EA53	8242	1
죟	EA04 EA00 EA53	8243	1
죡	EA05 EA00 EA53	8244	1
죢	EA06 EA00 EA53	8245	1
죣	EA07 EA00 EA53	8246	1
죥	EA08 EA00 EA53	8247	1
죦	EA09 EA00 EA53	8248	1
죧	EA0A EA00 EA53	8249	1
죩	EA00 EA01 EA53	8250	1
죪	EA01 EA01 EA53	8251	1
죫	EA02 EA01 EA53	8252	1
죬	EA03 EA01 EA53	8253	1
죭	EA04 EA01 EA53	8254	1
죮	EA05 EA01 EA53	8255	1
죯	EA06 EA01 EA53	8256	1
죰	EA07 EA01 EA53	8257	1
죱	EA08 EA01 EA53	8258	1
죲	EA09 EA01 EA53	8259	1
죳	EA0A EA01 EA53	8260	1
죴	EA00 EA02 EA53	8261	1
죶	EA01 EA02 EA53	8262	1
죷	EA02 EA02 EA53	8263	1
죸	EA03 EA02 EA53	8264	1
죹	EA04 EA02 EA53	8265	1
죺	EA05 EA02 EA53	8266	1
죻	EA06 EA02 EA53	8267	1
죾	EA07 EA02 EA53	8268	1
죿	EA08 EA02 EA53	8269	1
줁	EA09 EA02 EA53	8270	1
줂	EA0A EA02 EA53	8271	1
줅	EA00 EA03 EA53	8272	1
줆	EA01 EA03 EA53	8273	1
줇	EA02 EA03 EA53	8274	1
줈	EA03 EA03 EA53	8275	1
줉	EA04 EA03 EA53	8276	1
줊	EA05 EA03 EA53	8277	1
줋	EA06 EA03 EA53	8278	1
줎	EA07 EA03 EA53	8279	1
줒	EA08 EA03 EA53	8280	1
줔	EA09 EA03 EA53	8281	1
줕	EA0A EA03 EA53	8282	1
줖	EA00 EA04 EA53	8283	1
줙	EA01 EA04 EA53	8284	1
줚	EA02 EA04 EA53	8285	1
줛	EA03 EA04 EA53	8286	1
줜	EA04 EA04 EA53	8287	1
줝	EA05 EA04 EA53	8288	1
줞	EA06 EA04 EA53	8289	1
줟	EA07 EA04 EA53	8290	1
줠	EA08 EA04 EA53	8291	1
줡	EA09 EA04 EA53	8292	1
줢	EA0A EA04 EA53	8293	1
줣	EA00 EA05 EA53	8294	1
줤	EA01 EA05 EA53	8295	1
줥	EA02 EA05 EA53	8296	1
줦	EA03 EA05 EA53	8297	1
줧	EA04 EA05 EA53	8298	1
줨	EA05 EA05 EA53	8299	1
줩	EA06 EA05 EA53	8300	1
줪	EA07 EA05 EA53	8301	1
줭	EA08 EA05 EA53	8302	1
줮	EA09 EA05 EA53	8303	1
줯	EA0A EA05 EA53	8304	1
줰	EA00 EA06 EA53	8305	1
줱	EA01 EA06 EA53	8306	1
줲	EA02 EA06 EA53	8307	1
줳	EA03 EA06 EA53	8308	1
줵	EA04 EA06 EA53	8309	1
줶	EA05 EA06 EA53	8310	1
줷	EA06 EA06 EA53	8311	1
줸	EA07 EA06 EA53	8312	1
줹	EA08 EA06 EA53	8313	1
줺	EA09 EA06 EA53	8314	1
줻	EA0A EA06 EA53	8315	1
줼	EA00 EA07 EA53	8316	1
줽	EA01 EA07 EA53	8317	1
줾	EA02 EA07 EA53	8318	1
줿	EA03 EA07 EA53	8319	1
쥀	EA04 EA07 EA53	8320	1
쥁	EA05 EA07 EA53	8321	1
쥂	EA06 EA07 EA53	8322	1
쥃	EA07 EA07 EA53	8323	1
쥄	EA08 EA07 EA53	8324	1
쥅	EA09 EA07 EA53	8325	1
쥆	EA0A EA07 EA53	8326	1
쥇	EA00 EA08 EA53	8327	1
쥈	EA01 EA08 EA53	8328	1
쥉	EA02 EA08 EA53	8329	1
쥊	EA03 EA08 EA53	8330	1
쥋	EA04 EA08 EA53	8331	1
쥌	EA05 EA08 EA53	8332	1
쥍	EA06 EA08 EA53	8333	1
쥎	EA07 EA08 EA53	8334	1
쥏	EA08 EA08 EA53	8335	1
쥒	EA09 EA08 EA53	8336	1
쥓	EA0A EA08 EA53	8337	1
쥕	EA00 EA09 EA53	8338	1
쥖	EA01 EA09 EA53	8339	1
쥗	EA02 EA09 EA53	8340	1
쥙	EA03 EA09 EA53	8341	1
쥚	EA04 EA09 EA53	8342	1
쥛	EA05 EA09 EA53	8343	1
쥜	EA06 EA09 EA53	8344	1
쥝	EA07 EA09 EA53	8345	1
쥞	EA08 EA09 EA53	8346	1
쥟	EA09 EA09 EA53	8347	1
쥢	EA0A EA09 EA53	8348	1
쥤	EA00 EA0A EA53	8349	1
쥥	EA01 EA0A EA53	8350	1
쥦	EA02 EA0A EA53	8351	1
쥧	EA03 EA0A EA53	8352	1
쥨	EA04 EA0A EA53	8353	1
쥩	EA05 EA0A EA53	8354	1
쥪	EA06 EA0A EA53	8355	1
쥫	EA07 EA0A EA53	8356	1
쥮	EA08 EA0A EA53	8357	1
쥯	EA09 EA0A EA53	8358	1
쥱	EA0A EA0A EA53	8359	1
쥲	EA00 EA00 EA54	8360	1
쥳	EA01 EA00 EA54	8361	1
쥵	EA02 EA00 EA54	8362	1
쥶	EA03 EA00 EA54	8363	1
쥷	EA04 EA00 EA54	8364	1
쥸	EA05 EA00 EA54	8365	1
쥹	EA06 EA00 EA54	8366	1
쥺	EA07 EA00 EA54	8367	1
쥻	EA08 EA00 EA54	8368	1
쥽	EA09 EA00 EA54	8369	1
쥾	EA0A EA00 EA54	8370	1
쥿	EA00 EA01 EA54	8371	1
즀	EA01 EA01 EA54	8372	1
즂	EA02 EA01 EA54	8373	1
즃	EA03 EA01 EA54	8374	1
즄	EA04 EA01 EA54	8375	1
즅	EA05 EA01 EA54	8376	1
즆	EA06 EA01 EA54	8377	1
즇	EA07 EA01 EA54	8378	1
즊	EA08 EA01 EA54	8379	1
즋	EA09 EA01 EA54	8380	1
즍	EA0A EA01 EA54	8381	1
즎	EA00 EA02 EA54	8382	1
즏	EA01 EA02 EA54	8383	1
즑	EA02 EA02 EA54	8384	1
즒	EA03 EA02 EA54	8385	1
즓	EA04 EA02 EA54	8386	1
즔	EA05 EA02 EA54	8387	1
즕	EA06 EA02 EA54	8388	1
즖	EA07 EA02 EA54	8389	1
즗	EA08 EA02 EA54	8390	1
즚	EA09 EA02 EA54	8391	1
즜	EA0A EA02 EA54	8392	1
즞	EA00 EA03 EA54	8393	1
즟	EA01 EA03 EA54	8394	1
즠	EA02 EA03 EA54	8395	1
즡	EA03 EA03 EA54	8396	1
즢	EA04 EA03 EA54	8397	1
즣	EA05 EA03 EA54	8398	1
즤	EA06 EA03 EA54	8399	1
즥	EA07 EA03 EA54	8400	1
즦	EA08 EA03 EA54	8401	1
즧	EA09 EA03 EA54	8402	1
즨	EA0A EA03 EA54	8403	1
즩	EA00 EA04 EA54	8404	1
즪	EA01 EA04 EA54	8405	1
즫	EA02 EA04 EA54	8406	1
즬	EA03 EA04 EA54	8407	1
즭	EA04 EA04 EA54	8408	1
즮	EA05 EA04 EA54	8409	1
즯	EA06 EA04 EA54	8410	1
즰	EA07 EA04 EA54	8411	1
즱	EA08 EA04 EA54	8412	1
즲	EA09 EA04 EA54	8413	1
즳	EA0A EA04 EA54	8414	1
즴	EA00 EA05 EA54	8415	1
즵	EA01 EA05 EA54	8416	1
즶	EA02 EA05 EA54	8417	1
즷	EA03 EA05 EA54	8418	1
즸	EA04 EA05 EA54	8419	1
즹	EA05 EA05 EA54	8420	1
즺	EA06 EA05 EA54	8421	1
즻	EA07 EA05 EA54	8422	1
즼	EA08 EA05 EA54	8423	1
즽	EA09 EA05 EA54	8424	1
즾	EA0A EA05 EA54	8425	1
즿	EA00 EA06 EA54	8426	1
짂	EA01 EA06 EA54	8427	1
짃	EA02 EA06 EA54	8428	1
짅	EA03 EA06 EA54	8429	1
짆	EA04 EA06 EA54	8430	1
짉	EA05 EA06 EA54	8431	1
짌	EA06 EA06 EA54	8432	1
짍	EA07 EA06 EA54	8433	1
짒	EA08 EA06 EA54	8434	1
짘	EA09 EA06 EA54	8435	1
짛	EA0A EA06 EA54	8436	1
짞	EA00 EA07 EA54	8437	1
짟	EA01 EA07 EA54	8438	1
짡	EA02 EA07 EA54	8439	1
짣	EA03 EA07 EA54	8440	1
짥	EA04 EA07 EA54	8441	1
짨	EA05 EA07 EA54	8442	1
짩	EA06 EA07 EA54	8443	1
짪	EA07 EA07 EA54	8444	1
짮	EA08 EA07 EA54	8445	1
짲	EA09 EA07 EA54	8446	1
짳	EA0A EA07 EA54	8447	1
짴	EA00 EA08 EA54	8448	1
짵	EA01 EA08 EA54	8449	1
짶	EA02 EA08 EA54	8450	1
짷	EA03 EA08 EA54	8451	1
짺	EA04 EA08 EA54	8452	1
짻	EA05 EA08 EA54	8453	1
짽	EA06 EA08 EA54	8454	1
짾	EA07 EA08 EA54	8455	1
짿	EA08 EA08 EA54	8456	1
쨁	EA09 EA08 EA54	8457	1
쨂	EA0A EA08 EA54	8458	1
쨃	EA00 EA09 EA54	8459	1
쨄	EA01 EA09 EA54	8460	1
쨅	EA02 EA09 EA54	8461	1
쨆	EA03 EA09 EA54	8462	1
쨇	EA04 EA09 EA54	8463	1
쨊	EA05 EA09 EA54	8464	1
쨎	EA06 EA09 EA54	8465	1
쨏	EA07 EA09 EA54	8466	1
쨐	EA08 EA09 EA54	8467	1
쨑	EA09 EA09 EA54	8468	1
쨒	EA0A EA09 EA54	8469	1
쨕	EA00 EA0A EA54	8470	1
쨖	EA01 EA0A EA54	8471	1
쨗	EA02 EA0A EA54	8472	1
쨙	EA03 EA0A EA54	8473	1
쨚	EA04 EA0A EA54	8474	1
쨛	EA05 EA0A EA54	8475	1
쨝	EA06 EA0A EA54	8476	1
쨞	EA07 EA0A EA54	8477	1
쨟	EA08 EA0A EA54	8478	1
쨠	EA09 EA0A EA54	8479	1
쨡	EA0A EA0A EA54	8480	1
쨢	EA00 EA00 EA55	8481	1
쨣	EA01 EA00 EA55	8482	1
쨤	EA02 EA00 EA55	8483	1
쨦	EA03 EA00 EA55	8484	1
쨧	EA04 EA00 EA55	8485	1
쨨	EA05 EA00 EA55	8486	1
쨪	EA06 EA00 EA55	8487	1
쨫	EA07 EA00 EA55	8488	1
쨬	EA08 EA00 EA55	8489	1
쨭	EA09 EA00 EA55	8490	1
쨮	EA0A EA00 EA55	8491	1
쨯	EA00 EA01 EA55	8492	1
쨱	EA01 EA01 EA55	8493	1
쨲	EA02 EA01 EA55	8494	1
쨳	EA03 EA01 EA55	8495	1
쨴	EA04 EA01 EA55	8496	1
쨵	EA05 EA01 EA55	8497	1
쨶	EA06 EA01 EA55	8498	1
쨷	EA07 EA01 EA55	8499	1
쨸	EA08 EA01 EA55	8500	1
쨹	EA09 EA01 EA55	8501	1
쨺	EA0A EA01 EA55	8502	1
쨻	EA00 EA02 EA55	8503	1
쨼	EA01 EA02 EA55	8504	1
쨽	EA02 EA02 EA55	8505	1
쨾	EA03 EA02 EA55	8506	1
쨿	EA04 EA02 EA55	8507	1
쩀	EA05 EA02 EA55	8508	1
쩁	EA06 EA02 EA55	8509	1
쩂	EA07 EA02 EA55	8510	1
쩃	EA08 EA02 EA55	8511	1
쩅	EA09 EA02 EA55	8512	1
쩆	EA0A EA02 EA55	8513	1
쩇	EA00 EA03 EA55	8514	1
쩈	EA01 EA03 EA55	8515	1
쩉	EA02 EA03 EA55	8516	1
쩊	EA03 EA03 EA55	8517	1
쩋	EA04 EA03 EA55	8518	1
쩎	EA05 EA03 EA55	8519	1
쩏	EA06 EA03 EA55	8520	1
쩑	EA07 EA03 EA55	8521	1
쩒	EA08 EA03 EA55	8522	1
쩓	EA09 EA03 EA55	8523	1
쩕	EA0A EA03 EA55	8524	1
쩗	EA00 EA04 EA55	8525	1
쩘	EA01 EA04 EA55	8526	1
쩙	EA02 EA04 EA55	8527	1
쩚	EA03 EA04 EA55	8528	1
쩛	EA04 EA04 EA55	8529	1
쩞	EA05 EA04 EA55	8530	1
쩠	EA06 EA04 EA55	8531	1
쩢	EA07 EA04 EA55	8532	1
쩣	EA08 EA04 EA55	8533	1
쩤	EA09 EA04 EA55	8534	1
쩥	EA0A EA04 EA55	8535	1
쩦	EA00 EA05 EA55	8536	1
쩧	EA01 EA05 EA55	8537	1
쩩	EA02 EA05 EA55	8538	1
쩪	EA03 EA05 EA55	8539	1
쩫	EA04 EA05 EA55	8540	1
쩭	EA05 EA05 EA55	8541	1
쩮	EA06 EA05 EA55	8542	1
쩯	EA07 EA05 EA55	8543	1
쩰	EA08 EA05 EA55	8544	1
쩱	EA09 EA05 EA55	8545	1
쩲	EA0A EA05 EA55	8546	1
쩳	EA00 EA06 EA55	8547	1
쩴	EA01 EA06 EA55	8548	1
쩵	EA02 EA06 EA55	8549	1
쩶	EA03 EA06 EA55	8550	1
쩷	EA04 EA06 EA55	8551	1
쩸	EA05 EA06 EA55	8552	1
쩹	EA06 EA06 EA55	8553	1
쩺	EA07 EA06 EA55	8554	1
쩻	EA08 EA06 EA55	8555	1
쩼	EA09 EA06 EA55	8556	1
쩾	EA0A EA06 EA55	8557	1
쩿	EA00 EA07 EA55	8558	1
쪀	EA01 EA07 EA55	8559	1
쪁	EA02 EA07 EA55	8560	1
쪂	EA03 EA07 EA55	8561	1
쪃	EA04 EA07 EA55	8562	1
쪅	EA05 EA07 EA55	8563	1
쪆	EA06 EA07 EA55	8564	1
쪇	EA07 EA07 EA55	8565	1
쪈	EA08 EA07 EA55	8566	1
쪉	EA09 EA07 EA55	8567	1
쪊	EA0A EA07 EA55	8568	1
쪋	EA00 EA08 EA55	8569	1
쪌	EA01 EA08 EA55	8570	1
쪍	EA02 EA08 EA55	8571	1
쪎	EA03 EA08 EA55	8572	1
쪏	EA04 EA08 EA55	8573	1
쪐	EA05 EA08 EA55	8574	1
쪑	EA06 EA08 EA55	8575	1
쪒	EA07 EA08 EA55	8576	1
쪓	EA08 EA08 EA55	8577	1
쪔	EA09 EA08 EA55	8578	1
쪕	EA0A EA08 EA55	8579	1
쪖	EA00 EA09 EA55	8580	1
쪙	EA01 EA09 EA55	8581	1
쪚	EA02 EA09 EA55	8582	1
쪛	EA03 EA09 EA55	8583	1
쪜	EA04 EA09 EA55	8584	1
쪝	EA05 EA09 EA55	8585	1
쪞	EA06 EA09 EA55	8586	1
쪟	EA07 EA09 EA55	8587	1
쪡	EA08 EA09 EA55	8588	1
쪢	EA09 EA09 EA55	8589	1
쪣	EA0A EA09 EA55	8590	1
쪤	EA00 EA0A EA55	8591	1
쪥	EA01 EA0A EA55	8592	1
쪦	EA02 EA0A EA55	8593	1
쪧	EA03 EA0A EA55	8594	1
쪨	EA04 EA0A EA55	8595	1
쪩	EA05 EA0A EA55	8596	1
쪪	EA06 EA0A EA55	8597	1
쪫	EA07 EA0A EA55	8598	1
쪬	EA08 EA0A EA55	8599	1
쪭	EA09 EA0A EA55	8600	1
쪮	EA0A EA0A EA55	8601	1
쪯	EA00 EA00 EA56	8602	1
쪰	EA01 EA00 EA56	8603	1
쪱	EA02 EA00 EA56	8604	1
쪲	EA03 EA00 EA56	8605	1
쪳	EA04 EA00 EA56	8606	1
쪴	EA05 EA00 EA56	8607	1
쪵	EA06 EA00 EA56	8608	1
쪶	EA07 EA00 EA56	8609	1
쪷	EA08 EA00 EA56	8610	1
쪸	EA09 EA00 EA56	8611	1
쪺	EA0A EA00 EA56	8612	1
쪻	EA00 EA01 EA56	8613	1
쪿	EA01 EA01 EA56	8614	1
쫁	EA02 EA01 EA56	8615	1
쫂	EA03 EA01 EA56	8616	1
쫃	EA04 EA01 EA56	8617	1
쫅	EA05 EA01 EA56	8618	1
쫆	EA06 EA01 EA56	8619	1
쫇	EA07 EA01 EA56	8620	1
쫈	EA08 EA01 EA56	8621	1
쫉	EA09 EA01 EA56	8622	1
쫊	EA0A EA01 EA56	8623	1
쫋	EA00 EA02 EA56	8624	1
쫎	EA01 EA02 EA56	8625	1
쫐	EA02 EA02 EA56	8626	1
쫔	EA03 EA02 EA56	8627	1
쫕	EA04 EA02 EA56	8628	1
쫖	EA05 EA02 EA56	8629	1
쫚	EA06 EA02 EA56	8630	1
쫛	EA07 EA02 EA56	8631	1
쫝	EA08 EA02 EA56	8632	1
쫞	EA09 EA02 EA56	8633	1
쫟	EA0A EA02 EA56	8634	1
쫡	EA00 EA03 EA56	8635	1
쫢	EA01 EA03 EA56	8636	1
쫣	EA02 EA03 EA56	8637	1
쫤	EA03 EA03 EA56	8638	1
쫥	EA04 EA03 EA56	8639	1
쫦	EA05 EA03 EA56	8640	1
쫧	EA06 EA03 EA56	8641	1
쫨	EA07 EA03 EA56	8642	1
쫩	EA08 EA03 EA56	8643	1
쫪	EA09 EA03 EA56	8644	1
쫫	EA0A EA03 EA56	8645	1
쫬	EA00 EA04 EA56	8646	1
쫭	EA01 EA04 EA56	8647	1
쫮	EA02 EA04 EA56	8648	1
쫯	EA03 EA04 EA56	8649	1
쫰	EA04 EA04 EA56	8650	1
쫱	EA05 EA04 EA56	8651	1
쫲	EA06 EA04 EA56	8652	1
쫳	EA07 EA04 EA56	8653	1
쫴	EA08 EA04 EA56	8654	1
쫵	EA09 EA04 EA56	8655	1
쫶	EA0A EA04 EA56	8656	1
쫷	EA00 EA05 EA56	8657	1
쫸	EA01 EA05 EA56	8658	1
쫹	EA02 EA05 EA56	8659	1
쫺	EA03 EA05 EA56	8660	1
쫻	EA04 EA05 EA56	8661	1
쫼	EA05 EA05 EA56	8662	1
쫽	EA06 EA05 EA56	8663	1
쫾	EA07 EA05 EA56	8664	1
쫿	EA08 EA05 EA56	8665	1
쬀	EA09 EA05 EA56	8666	1
쬁	EA0A EA05 EA56	8667	1
쬂	EA00 EA06 EA56	8668	1
쬃	EA01 EA06 EA56	8669	1
쬄	EA02 EA06 EA56	8670	1
쬅	EA03 EA06 EA56	8671	1
쬆	EA04 EA06 EA56	8672	1
쬇	EA05 EA06 EA56	8673	1
쬈	EA06 EA06 EA56	8674	1
쬉	EA07 EA06 EA56	8675	1
쬊	EA08 EA06 EA56	8676	1
쬋	EA09 EA06 EA56	8677	1
쬌	EA0A EA06 EA56	8678	1
쬍	EA00 EA07 EA56	8679	1
쬎	EA01 EA07 EA56	8680	1
쬏	EA02 EA07 EA56	8681	1
쬑	EA03 EA07 EA56	8682	1
쬒	EA04 EA07 EA56	8683	1
쬓	EA05 EA07 EA56	8684	1
쬕	EA06 EA07 EA56	8685	1
쬖	EA07 EA07 EA56	8686	1
쬗	EA08 EA07 EA56	8687	1
쬙	EA09 EA07 EA56	8688	1
쬚	EA0A EA07 EA56	8689	1
쬛	EA00 EA08 EA56	8690	1
쬜	EA01 EA08 EA56	8691	1
쬝	EA02 EA08 EA56	8692	1
쬞	EA03 EA08 EA56	8693	1
쬟	EA04 EA08 EA56	8694	1
쬡	EA05 EA08 EA56	8695	1
쬢	EA06 EA08 EA56	8696	1
쬣	EA07 EA08 EA56	8697	1
쬤	EA08 EA08 EA56	8698	1
쬥	EA09 EA08 EA56	8699	1
쬦	EA0A EA08 EA56	8700	1
쬧	EA00 EA09 EA56	8701	1
쬨	EA01 EA09 EA56	8702	1
쬩	EA02 EA09 EA56	8703	1
쬪	EA03 EA09 EA56	8704	1
쬫	EA04 EA09 EA56	8705	1
쬭	EA05 EA09 EA56	8706	1
쬮	EA06 EA09 EA56	8707	1
쬯	EA07 EA09 EA56	8708	1
쬰	EA08 EA09 EA56	8709	1
쬱	EA09 EA09 EA56	8710	1
쬲	EA0A EA09 EA56	8711	1
쬳	EA00 EA0A EA56	8712	1
쬴	EA01 EA0A EA56	8713	1
쬵	EA02 EA0A EA56	8714	1
쬶	EA03 EA0A EA56	8715	1
쬷	EA04 EA0A EA56	8716	1
쬸	EA05 EA0A EA56	8717	1
쬹	EA06 EA0A EA56	8718	1
쬺	EA07 EA0A EA56	8719	1
쬻	EA08 EA0A EA56	8720	1
쬼	EA09 EA0A EA56	8721	1
쬽	EA0A EA0A EA56	8722	1
쬾	EA00 EA00 EA57	8723	1
쬿	EA01 EA00 EA57	8724	1
쭀	EA02 EA00 EA57	8725	1
쭁	EA03 EA00 EA57	8726	1
쭂	EA04 EA00 EA57	8727	1
쭃	EA05 EA00 EA57	8728	1
쭄	EA06 EA00 EA57	8729	1
쭅	EA07 EA00 EA57	8730	1
쭆	EA08 EA00 EA57	8731	1
쭇	EA09 EA00 EA57	8732	1
쭋	EA0A EA00 EA57	8733	1
쭍	EA00 EA01 EA57	8734	1
쭎	EA01 EA01 EA57	8735	1
쭑	EA02 EA01 EA57	8736	1
쭒	EA03 EA01 EA57	8737	1
쭓	EA04 EA01 EA57	8738	1
쭔	EA05 EA01 EA57	8739	1
쭕	EA06 EA01 EA57	8740	1
쭖	EA07 EA01 EA57	8741	1
쭗	EA08 EA01 EA57	8742	1
쭚	EA09 EA01 EA57	8743	1
쭛	EA0A EA01 EA57	8744	1
쭜	EA00 EA02 EA57	8745	1
쭞	EA01 EA02 EA57	8746	1
쭟	EA02 EA02 EA57	8747	1
쭠	EA03 EA02 EA57	8748	1
쭡	EA04 EA02 EA57	8749	1
쭢	EA05 EA02 EA57	8750	1
쭣	EA06 EA02 EA57	8751	1
쭥	EA07 EA02 EA57	8752	1
쭦	EA08 EA02 EA57	8753	1
쭧	EA09 EA02 EA57	8754	1
쭨	EA0A EA02 EA57	8755	1
쭩	EA00 EA03 EA57	8756	1
쭪	EA01 EA03 EA57	8757	1
쭫	EA02 EA03 EA57	8758	1
쭬	EA03 EA03 EA57	8759	1
쭭	EA04 EA03 EA57	8760	1
쭮	EA05 EA03 EA57	8761	1
쭯	EA06 EA03 EA57	8762	1
쭰	EA07 EA03 EA57	8763	1
쭱	EA08 EA03 EA57	8764	1
쭲	EA09 EA03 EA57	8765	1
쭳	EA0A EA03 EA57	8766	1
쭴	EA00 EA04 EA57	8767	1
쭵	EA01 EA04 EA57	8768	1
쭶	EA02 EA04 EA57	8769	1
쭷	EA03 EA04 EA57	8770	1
쭹	EA04 EA04 EA57	8771	1
쭺	EA05 EA04 EA57	8772	1
쭻	EA06 EA04 EA57	8773	1
쭼	EA07 EA04 EA57	8774	1
쭽	EA08 EA04 EA57	8775	1
쭾	EA09 EA04 EA57	8776	1
쭿	EA0A EA04 EA57	8777	1
쮀	EA00 EA05 EA57	8778	1
쮁	EA01 EA05 EA57	8779	1
쮂	EA02 EA05 EA57	8780	1
쮃	EA03 EA05 EA57	8781	1
쮄	EA04 EA05 EA57	8782	1
쮅	EA05 EA05 EA57	8783	1
쮆	EA06 EA05 EA57	8784	1
쮇	EA07 EA05 EA57	8785	1
쮈	EA08 EA05 EA57	8786	1
쮉	EA09 EA05 EA57	8787	1
쮊	EA0A EA05 EA57	8788	1
쮋	EA00 EA06 EA57	8789	1
쮌	EA01 EA06 EA57	8790	1
쮍	EA02 EA06 EA57	8791	1
쮎	EA03 EA06 EA57	8792	1
쮏	EA04 EA06 EA57	8793	1
쮐	EA05 EA06 EA57	8794	1
쮑	EA06 EA06 EA57	8795	1
쮒	EA07 EA06 EA57	8796	1
쮓	EA08 EA06 EA57	8797	1
쮔	EA09 EA06 EA57	8798	1
쮕	EA0A EA06 EA57	8799	1
쮖	EA00 EA07 EA57	8800	1
쮗	EA01 EA07 EA57	8801	1
쮘	EA02 EA07 EA57	8802	1
쮙	EA03 EA07 EA57	8803	1
쮚	EA04 EA07 EA57	8804	1
쮛	EA05 EA07 EA57	8805	1
쮝	EA06 EA07 EA57	8806	1
쮞	EA07 EA07 EA57	8807	1
쮟	EA08 EA07 EA57	8808	1
쮡	EA09 EA07 EA57	8809	1
쮢	EA0A EA07 EA57	8810	1
쮣	EA00 EA08 EA57	8811	1
쮤	EA01 EA08 EA57	8812	1
쮥	EA02 EA08 EA57	8813	1
쮦	EA03 EA08 EA57	8814	1
쮧	EA04 EA08 EA57	8815	1
쮨	EA05 EA08 EA57	8816	1
쮩	EA06 EA08 EA57	8817	1
쮪	EA07 EA08 EA57	8818	1
쮫	EA08 EA08 EA57	8819	1
쮬	EA09 EA08 EA57	8820	1
쮭	EA0A EA08 EA57	8821	1
쮮	EA00 EA09 EA57	8822	1
쮯	EA01 EA09 EA57	8823	1
쮰	EA02 EA09 EA57	8824	1
쮱	EA03 EA09 EA57	8825	1
쮲	EA04 EA09 EA57	8826	1
쮳	EA05 EA09 EA57	8827	1
쮴	EA06 EA09 EA57	8828	1
쮵	EA07 EA09 EA57	8829	1
쮶	EA08 EA09 EA57	8830	1
쮷	EA09 EA09 EA57	8831	1
쮹	EA0A EA09 EA57	8832	1
쮺	EA00 EA0A EA57	8833	1
쮻	EA01 EA0A EA57	8834	1
쮼	EA02 EA0A EA57	8835	1
쮽	EA03 EA0A EA57	8836	1
쮾	EA04 EA0A EA57	8837	1
쮿	EA05 EA0A EA57	8838	1
쯀	EA06 EA0A EA57	8839	1
쯁	EA07 EA0A EA57	8840	1
쯂	EA08 EA0A EA57	8841	1
쯃	EA09 EA0A EA57	8842	1
쯄	EA0A EA0A EA57	8843	1
쯅	EA00 EA00 EA58	8844	1
쯆	EA01 EA00 EA58	8845	1
쯇	EA02 EA00 EA58	8846	1
쯈	EA03 EA00 EA58	8847	1
쯉	EA04 EA00 EA58	8848	1
쯊	EA05 EA00 EA58	8849	1
쯋	EA06 EA00 EA58	8850	1
쯌	EA07 EA00 EA58	8851	1
쯍	EA08 EA00 EA58	8852	1
쯎	EA09 EA00 EA58	8853	1
쯏	EA0A EA00 EA58	8854	1
쯐	EA00 EA01 EA58	8855	1
쯑	EA01 EA01 EA58	8856	1
쯒	EA02 EA01 EA58	8857	1
쯓	EA03 EA01 EA58	8858	1
쯖	EA04 EA01 EA58	8859	1
쯗	EA05 EA01 EA58	8860	1
쯙	EA06 EA01 EA58	8861	1
쯚	EA07 EA01 EA58	8862	1
쯛	EA08 EA01 EA58	8863	1
쯜	EA09 EA01 EA58	8864	1
쯝	EA0A EA01 EA58	8865	1
쯞	EA00 EA02 EA58	8866	1
쯟	EA01 EA02 EA58	8867	1
쯠	EA02 EA02 EA58	8868	1
쯡	EA03 EA02 EA58	8869	1
쯢	EA04 EA02 EA58	8870	1
쯣	EA05 EA02 EA58	8871	1
쯥	EA06 EA02 EA58	8872	1
쯦	EA07 EA02 EA58	8873	1
쯨	EA08 EA02 EA58	8874	1
쯪	EA09 EA02 EA58	8875	1
쯫	EA0A EA02 EA58	8876	1
쯬	EA00 EA03 EA58	8877	1
쯭	EA01 EA03 EA58	8878	1
쯮	EA02 EA03 EA58	8879	1
쯯	EA03 EA03 EA58	8880	1
쯱	EA04 EA03 EA58	8881	1
쯲	EA05 EA03 EA58	8882	1
쯳	EA06 EA03 EA58	8883	1
쯴	EA07 EA03 EA58	8884	1
쯵	EA08 EA03 EA58	8885	1
쯶	EA09 EA03 EA58	8886	1
쯷	EA0A EA03 EA58	8887	1
쯸	EA00 EA04 EA58	8888	1
쯹	EA01 EA04 EA58	8889	1
쯺	EA02 EA04 EA58	8890	1
쯻	EA03 EA04 EA58	8891	1
쯼	EA04 EA04 EA58	8892	1
쯽	EA05 EA04 EA58	8893	1
쯾	EA06 EA04 EA58	8894	1
쯿	EA07 EA04 EA58	8895	1
찀	EA08 EA04 EA58	8896	1
찁	EA09 EA04 EA58	8897	1
찂	EA0A EA04 EA58	8898	1
찃	EA00 EA05 EA58	8899	1
찄	EA01 EA05 EA58	8900	1
찅	EA02 EA05 EA58	8901	1
찆	EA03 EA05 EA58	8902	1
찇	EA04 EA05 EA58	8903	1
찈	EA05 EA05 EA58	8904	1
찉	EA06 EA05 EA58	8905	1
찊	EA07 EA05 EA58	8906	1
찋	EA08 EA05 EA58	8907	1
찏	EA09 EA05 EA58	8908	1
찑	EA0A EA05 EA58	8909	1
찒	EA00 EA06 EA58	8910	1
찓	EA01 EA06 EA58	8911	1
찕	EA02 EA06 EA58	8912	1
찖	EA03 EA06 EA58	8913	1
찗	EA04 EA06 EA58	8914	1
찘	EA05 EA06 EA58	8915	1
찙	EA06 EA06 EA58	8916	1
찚	EA07 EA06 EA58	8917	1
찛	EA08 EA06 EA58	8918	1
찞	EA09 EA06 EA58	8919	1
찠	EA0A EA06 EA58	8920	1
찤	EA00 EA07 EA58	8921	1
찥	EA01 EA07 EA58	8922	1
찦	EA02 EA07 EA58	8923	1
찪	EA03 EA07 EA58	8924	1
찫	EA04 EA07 EA58	8925	1
찭	EA05 EA07 EA58	8926	1
찯	EA06 EA07 EA58	8927	1
찲	EA07 EA07 EA58	8928	1
찳	EA08 EA07 EA58	8929	1
찴	EA09 EA07 EA58	8930	1
찵	EA0A EA07 EA58	8931	1
찶	EA00 EA08 EA58	8932	1
찷	EA01 EA08 EA58	8933	1
찺	EA02 EA08 EA58	8934	1
챀	EA03 EA08 EA58	8935	1
챁	EA04 EA08 EA58	8936	1
챃	EA05 EA08 EA58	8937	1
챆	EA06 EA08 EA58	8938	1
챇	EA07 EA08 EA58	8939	1
챉	EA08 EA08 EA58	8940	1
챊	EA09 EA08 EA58	8941	1
챍	EA0A EA08 EA58	8942	1
챎	EA00 EA09 EA58	8943	1
챏	EA01 EA09 EA58	8944	1
챐	EA02 EA09 EA58	8945	1
챑	EA03 EA09 EA58	8946	1
챒	EA04 EA09 EA58	8947	1
챓	EA05 EA09 EA58	8948	1
챖	EA06 EA09 EA58	8949	1
챛	EA07 EA09 EA58	8950	1
챜	EA08 EA09 EA58	8951	1
챝	EA09 EA09 EA58	8952	1
챞	EA0A EA09 EA58	8953	1
챟	EA00 EA0A EA58	8954	1
챢	EA01 EA0A EA58	8955	1
챣	EA02 EA0A EA58	8956	1
챥	EA03 EA0A EA58	8957	1
챧	EA04 EA0A EA58	8958	1
챩	EA05 EA0A EA58	8959	1
챪	EA06 EA0A EA58	8960	1
챫	EA07 EA0A EA58	8961	1
챬	EA08 EA0A EA58	8962	1
챭	EA09 EA0A EA58	8963	1
챮	EA0A EA0A EA58	8964	1
챯	EA00 EA00 EA5A	8965	1
챲	EA01 EA00 EA5A	8966	1
챳	EA02 EA00 EA5A	8967	1
챴	EA03 EA00 EA5A	8968	1
챶	EA04 EA00 EA5A	8969	1
챷	EA05 EA00 EA5A	8970	1
챸	EA06 EA00 EA5A	8971	1
챹	EA07 EA00 EA5A	8972	1
챺	EA08 EA00 EA5A	8973	1
챻	EA09 EA00 EA5A	8974	1
챼	EA0A EA00 EA5A	8975	1
챽	EA00 EA01 EA5A	8976	1
챾	EA01 EA01 EA5A	8977	1
챿	EA02 EA01 EA5A	8978	1
첀	EA03 EA01 EA5A	8979	1
첁	EA04 EA01 EA5A	8980	1
첂	EA05 EA01 EA5A	8981	1
첃	EA06 EA01 EA5A	8982	1
첄	EA07 EA01 EA5A	8983	1
첅	EA08 EA01 EA5A	8984	1
첆	EA09 EA01 EA5A	8985	1
첇	EA0A EA01 EA5A	8986	1
첈	EA00 EA02 EA5A	8987	1
첉	EA01 EA02 EA5A	8988	1
첊	EA02 EA02 EA5A	8989	1
첋	EA03 EA02 EA5A	8990	1
첌	EA04 EA02 EA5A	8991	1
첍	EA05 EA02 EA5A	8992	1
첎	EA06 EA02 EA5A	8993	1
첏	EA07 EA02 EA5A	8994	1
첐	EA08 EA02 EA5A	8995	1
첑	EA09 EA02 EA5A	8996	1
첒	EA0A EA02 EA5A	8997	1
첓	EA00 EA03 EA5A	8998	1
첔	EA01 EA03 EA5A	8999	1
첕	EA02 EA03 EA5A	9000	1
첖	EA03 EA03 EA5A	9001	1
첗	EA04 EA03 EA5A	9002	1
첚	EA05 EA03 EA5A	9003	1
첛	EA06 EA03 EA5A	9004	1
첝	EA07 EA03 EA5A	9005	1
첞	EA08 EA03 EA5A	9006	1
첟	EA09 EA03 EA5A	9007	1
첡	EA0A EA03 EA5A	9008	1
첢	EA00 EA04 EA5A	9009	1
첣	EA01 EA04 EA5A	9010	1
첤	EA02 EA04 EA5A	9011	1
첥	EA03 EA04 EA5A	9012	1
첦	EA04 EA04 EA5A	9013	1
첧	EA05 EA04 EA5A	9014	1
첪	EA06 EA04 EA5A	9015	1
첰	EA07 EA04 EA5A	9016	1
첱	EA08 EA04 EA5A	9017	1
첲	EA09 EA04 EA5A	9018	1
첳	EA0A EA04 EA5A	9019	1
첶	EA00 EA05 EA5A	9020	1
첷	EA01 EA05 EA5A	9021	1
첹	EA02 EA05 EA5A	9022	1
첺	EA03 EA05 EA5A	9023	1
첻	EA04 EA05 EA5A	9024	1
첽	EA05 EA05 EA5A	9025	1
첾	EA06 EA05 EA5A	9026	1
첿	EA07 EA05 EA5A	9027	1
쳀	EA08 EA05 EA5A	9028	1
쳁	EA09 EA05 EA5A	9029	1
쳂	EA0A EA05 EA5A	9030	1
쳃	EA00 EA06 EA5A	9031	1
쳆	EA01 EA06 EA5A	9032	1
쳈	EA02 EA06 EA5A	9033	1
쳊	EA03 EA06 EA5A	9034	1
쳋	EA04 EA06 EA5A	9035	1
쳍	EA05 EA06 EA5A	9036	1
쳎	EA06 EA06 EA5A	9037	1
쳏	EA07 EA06 EA5A	9038	1
쳒	EA08 EA06 EA5A	9039	1
쳓	EA09 EA06 EA5A	9040	1
쳕	EA0A EA06 EA5A	9041	1
쳖	EA00 EA07 EA5A	9042	1
쳗	EA01 EA07 EA5A	9043	1
쳙	EA02 EA07 EA5A	9044	1
쳚	EA03 EA07 EA5A	9045	1
쳛	EA04 EA07 EA5A	9046	1
쳜	EA05 EA07 EA5A	9047	1
쳝	EA06 EA07 EA5A	9048	1
쳞	EA07 EA07 EA5A	9049	1
쳟	EA08 EA07 EA5A	9050	1
쳢	EA09 EA07 EA5A	9051	1
쳦	EA0A EA07 EA5A	9052	1
쳧	EA00 EA08 EA5A	9053	1
쳨	EA01 EA08 EA5A	9054	1
쳩	EA02 EA08 EA5A	9055	1
쳪	EA03 EA08 EA5A	9056	1
쳫	EA04 EA08 EA5A	9057	1
쳭	EA05 EA08 EA5A	9058	1
쳮	EA06 EA08 EA5A	9059	1
쳯	EA07 EA08 EA5A	9060	1
쳱	EA08 EA08 EA5A	9061	1
쳲	EA09 EA08 EA5A	9062	1
쳳	EA0A EA08 EA5A	9063	1
쳴	EA00 EA09 EA5A	9064	1
쳵	EA01 EA09 EA5A	9065	1
쳶	EA02 EA09 EA5A	9066	1
쳷	EA03 EA09 EA5A	9067	1
쳸	EA04 EA09 EA5A	9068	1
쳹	EA05 EA09 EA5A	9069	1
쳺	EA06 EA09 EA5A	9070	1
쳻	EA07 EA09 EA5A	9071	1
쳼	EA08 EA09 EA5A	9072	1
쳽	EA09 EA09 EA5A	9073	1
쳾	EA0A EA09 EA5A	9074	1
쳿	EA00 EA0A EA5A	9075	1
촀	EA01 EA0A EA5A	9076	1
촁	EA02 EA0A EA5A	9077	1
촂	EA03 EA0A EA5A	9078	1
촃	EA04 EA0A EA5A	9079	1
촄	EA05 EA0A EA5A	9080	1
촅	EA06 EA0A EA5A	9081	1
촆	EA07 EA0A EA5A	9082	1
촇	EA08 EA0A EA5A	9083	1
촊	EA09 EA0A EA5A	9084	1
촋	EA0A EA0A EA5A	9085	1
촍	EA00 EA00 EA5B	9086	1
촎	EA01 EA00 EA5B	9087	1
촏	EA02 EA00 EA5B	9088	1
촑	EA03 EA00 EA5B	9089	1
촒	EA04 EA00 EA5B	9090	1
촓	EA05 EA00 EA5B	9091	1
촔	EA06 EA00 EA5B	9092	1
촕	EA07 EA00 EA5B	9093	1
촖	EA08 EA00 EA5B	9094	1
촗	EA09 EA00 EA5B	9095	1
촚	EA0A EA00 EA5B	9096	1
촜	EA00 EA01 EA5B	9097	1
촞	EA01 EA01 EA5B	9098	1
촠	EA02 EA01 EA5B	9099	1
촡	EA03 EA01 EA5B	9100	1
촢	EA04 EA01 EA5B	9101	1
촥	EA05 EA01 EA5B	9102	1
촦	EA06 EA01 EA5B	9103	1
촧	EA07 EA01 EA5B	9104	1
촩	EA08 EA01 EA5B	9105	1
촪	EA09 EA01 EA5B	9106	1
촫	EA0A EA01 EA5B	9107	1
촭	EA00 EA02 EA5B	9108	1
촮	EA01 EA02 EA5B	9109	1
촯	EA02 EA02 EA5B	9110	1
촰	EA03 EA02 EA5B	9111	1
촱	EA04 EA02 EA5B	9112	1
촲	EA05 EA02 EA5B	9113	1
촳	EA06 EA02 EA5B	9114	1
촴	EA07 EA02 EA5B	9115	1
촶	EA08 EA02 EA5B	9116	1
촷	EA09 EA02 EA5B	9117	1
촸	EA0A EA02 EA5B	9118	1
촺	EA00 EA03 EA5B	9119	1
촻	EA01 EA03 EA5B	9120	1
촼	EA02 EA03 EA5B	9121	1
촽	EA03 EA03 EA5B	9122	1
촾	EA04 EA03 EA5B	9123	1
촿	EA05 EA03 EA5B	9124	1
쵀	EA06 EA03 EA5B	9125	1
쵁	EA07 EA03 EA5B	9126	1
쵂	EA08 EA03 EA5B	9127	1
쵃	EA09 EA03 EA5B	9128	1
쵄	EA0A EA03 EA5B	9129	1
쵅	EA00 EA04 EA5B	9130	1
쵆	EA01 EA04 EA5B	9131	1
쵇	EA02 EA04 EA5B	9132	1
쵈	EA03 EA04 EA5B	9133	1
쵉	EA04 EA04 EA5B	9134	1
쵊	EA05 EA04 EA5B	9135	1
쵋	EA06 EA04 EA5B	9136	1
쵌	EA07 EA04 EA5B	9137	1
쵍	EA08 EA04 EA5B	9138	1
쵎	EA09 EA04 EA5B	9139	1
쵏	EA0A EA04 EA5B	9140	1
쵐	EA00 EA05 EA5B	9141	1
쵑	EA01 EA05 EA5B	9142	1
쵒	EA02 EA05 EA5B	9143	1
쵓	EA03 EA05 EA5B	9144	1
쵔	EA04 EA05 EA5B	9145	1
쵖	EA05 EA05 EA5B	9146	1
쵗	EA06 EA05 EA5B	9147	1
쵘	EA07 EA05 EA5B	9148	1
쵙	EA08 EA05 EA5B	9149	1
쵚	EA09 EA05 EA5B	9150	1
쵛	EA0A EA05 EA5B	9151	1
쵞	EA00 EA06 EA5B	9152	1
쵟	EA01 EA06 EA5B	9153	1
쵠	EA02 EA06 EA5B	9154	1
쵡	EA03 EA06 EA5B	9155	1
쵢	EA04 EA06 EA5B	9156	1
쵣	EA05 EA06 EA5B	9157	1
쵥	EA06 EA06 EA5B	9158	1
쵦	EA07 EA06 EA5B	9159	1
쵧	EA08 EA06 EA5B	9160	1
쵨	EA09 EA06 EA5B	9161	1
쵩	EA0A EA06 EA5B	9162	1
쵪	EA00 EA07 EA5B	9163	1
쵫	EA01 EA07 EA5B	9164	1
쵬	EA02 EA07 EA5B	9165	1
쵭	EA03 EA07 EA5B	9166	1
쵮	EA04 EA07 EA5B	9167	1
쵯	EA05 EA07 EA5B	9168	1
쵰	EA06 EA07 EA5B	9169	1
쵱	EA07 EA07 EA5B	9170	1
쵲	EA08 EA07 EA5B	9171	1
쵳	EA09 EA07 EA5B	9172	1
쵴	EA0A EA07 EA5B	9173	1
쵵	EA00 EA08 EA5B	9174	1
쵶	EA01 EA08 EA5B	9175	1
쵷	EA02 EA08 EA5B	9176	1
쵹	EA03 EA08 EA5B	9177	1
쵺	EA04 EA08 EA5B	9178	1
쵻	EA05 EA08 EA5B	9179	1
쵽	EA06 EA08 EA5B	9180	1
쵾	EA07 EA08 EA5B	9181	1
쵿	EA08 EA08 EA5B	9182	1
춀	EA09 EA08 EA5B	9183	1
춁	EA0A EA08 EA5B	9184	1
춂	EA00 EA09 EA5B	9185	1
춃	EA01 EA09 EA5B	9186	1
춄	EA02 EA09 EA5B	9187	1
춅	EA03 EA09 EA5B	9188	1
춆	EA04 EA09 EA5B	9189	1
춇	EA05 EA09 EA5B	9190	1
춊	EA06 EA09 EA5B	9191	1
춋	EA07 EA09 EA5B	9192	1
춌	EA08 EA09 EA5B	9193	1
춎	EA09 EA09 EA5B	9194	1
춏	EA0A EA09 EA5B	9195	1
춐	EA00 EA0A EA5B	9196	1
춑	EA01 EA0A EA5B	9197	1
춒	EA02 EA0A EA5B	9198	1
춓	EA03 EA0A EA5B	9199	1
춖	EA04 EA0A EA5B	9200	1
춗	EA05 EA0A EA5B	9201	1
춙	EA06 EA0A EA5B	9202	1
춚	EA07 EA0A EA5B	9203	1
춛	EA08 EA0A EA5B	9204	1
춞	EA09 EA0A EA5B	9205	1
춟	EA0A EA0A EA5B	9206	1
춠	EA00 EA00 EA5C	9207	1
춡	EA01 EA00 EA5C	9208	1
춢	EA02 EA00 EA5C	9209	1
춣	EA03 EA00 EA5C	9210	1
춦	EA04 EA00 EA5C	9211	1
춨	EA05 EA00 EA5C	9212	1
춪	EA06 EA00 EA5C	9213	1
춫	EA07 EA00 EA5C	9214	1
춬	EA08 EA00 EA5C	9215	1
춯	EA09 EA00 EA5C	9216	1
춱	EA0A EA00 EA5C	9217	1
춲	EA00 EA01 EA5C	9218	1
춳	EA01 EA01 EA5C	9219	1
춵	EA02 EA01 EA5C	9220	1
춶	EA03 EA01 EA5C	9221	1
춷	EA04 EA01 EA5C	9222	1
춹	EA05 EA01 EA5C	9223	1
춺	EA06 EA01 EA5C	9224	1
춻	EA07 EA01 EA5C	9225	1
춼	EA08 EA01 EA5C	9226	1
춽	EA09 EA01 EA5C	9227	1
춾	EA0A EA01 EA5C	9228	1
춿	EA00 EA02 EA5C	9229	1
췀	EA01 EA02 EA5C	9230	1
췁	EA02 EA02 EA5C	9231	1
췂	EA03 EA02 EA5C	9232	1
췅	EA04 EA02 EA5C	9233	1
췆	EA05 EA02 EA5C	9234	1
췇	EA06 EA02 EA5C	9235	1
췈	EA07 EA02 EA5C	9236	1
췉	EA08 EA02 EA5C	9237	1
췊	EA09 EA02 EA5C	9238	1
췋	EA0A EA02 EA5C	9239	1
췍	EA00 EA03 EA5C	9240	1
췎	EA01 EA03 EA5C	9241	1
췏	EA02 EA03 EA5C	9242	1
췑	EA03 EA03 EA5C	9243	1
췒	EA04 EA03 EA5C	9244	1
췓	EA05 EA03 EA5C	9245	1
췔	EA06 EA03 EA5C	9246	1
췕	EA07 EA03 EA5C	9247	1
췖	EA08 EA03 EA5C	9248	1
췗	EA09 EA03 EA5C	9249	1
췘	EA0A EA03 EA5C	9250	1
췙	EA00 EA04 EA5C	9251	1
췚	EA01 EA04 EA5C	9252	1
췛	EA02 EA04 EA5C	9253	1
췜	EA03 EA04 EA5C	9254	1
췝	EA04 EA04 EA5C	9255	1
췞	EA05 EA04 EA5C	9256	1
췟	EA06 EA04 EA5C	9257	1
췠	EA07 EA04 EA5C	9258	1
췡	EA08 EA04 EA5C	9259	1
췢	EA09 EA04 EA5C	9260	1
췣	EA0A EA04 EA5C	9261	1
췤	EA00 EA05 EA5C	9262	1
췥	EA01 EA05 EA5C	9263	1
췦	EA02 EA05 EA5C	9264	1
췧	EA03 EA05 EA5C	9265	1
췩	EA04 EA05 EA5C	9266	1
췪	EA05 EA05 EA5C	9267	1
췫	EA06 EA05 EA5C	9268	1
췭	EA07 EA05 EA5C	9269	1
췮	EA08 EA05 EA5C	9270	1
췯	EA09 EA05 EA5C	9271	1
췱	EA0A EA05 EA5C	9272	1
췲	EA00 EA06 EA5C	9273	1
췳	EA01 EA06 EA5C	9274	1
췴	EA02 EA06 EA5C	9275	1
췵	EA03 EA06 EA5C	9276	1
췶	EA04 EA06 EA5C	9277	1
췷	EA05 EA06 EA5C	9278	1
췸	EA06 EA06 EA5C	9279	1
췹	EA07 EA06 EA5C	9280	1
췺	EA08 EA06 EA5C	9281	1
췼	EA09 EA06 EA5C	9282	1
췽	EA0A EA06 EA5C	9283	1
췾	EA00 EA07 EA5C	9284	1
췿	EA01 EA07 EA5C	9285	1
츀	EA02 EA07 EA5C	9286	1
츁	EA03 EA07 EA5C	9287	1
츂	EA04 EA07 EA5C	9288	1
츃	EA05 EA07 EA5C	9289	1
츆	EA06 EA07 EA5C	9290	1
츇	EA07 EA07 EA5C	9291	1
츉	EA08 EA07 EA5C	9292	1
츊	EA09 EA07 EA5C	9293	1
츋	EA0A EA07 EA5C	9294	1
츍	EA00 EA08 EA5C	9295	1
츎	EA01 EA08 EA5C	9296	1
츏	EA02 EA08 EA5C	9297	1
츐	EA03 EA08 EA5C	9298	1
츑	EA04 EA08 EA5C	9299	1
츒	EA05 EA08 EA5C	9300	1
츓	EA06 EA08 EA5C	9301	1
츖	EA07 EA08 EA5C	9302	1
츗	EA08 EA08 EA5C	9303	1
츘	EA09 EA08 EA5C	9304	1
츙	EA0A EA08 EA5C	9305	1
츚	EA00 EA09 EA5C	9306	1
츛	EA01 EA09 EA5C	9307	1
츜	EA02 EA09 EA5C	9308	1
츝	EA03 EA09 EA5C	9309	1
츞	EA04 EA09 EA5C	9310	1
츟	EA05 EA09 EA5C	9311	1
츣	EA06 EA09 EA5C	9312	1
츥	EA07 EA09 EA5C	9313	1
츦	EA08 EA09 EA5C	9314	1
츧	EA09 EA09 EA5C	9315	1
츩	EA0A EA09 EA5C	9316	1
츪	EA00 EA0A EA5C	9317	1
츫	EA01 EA0A EA5C	9318	1
츬	EA02 EA0A EA5C	9319	1
츭	EA03 EA0A EA5C	9320	1
츮	EA04 EA0A EA5C	9321	1
츯	EA05 EA0A EA5C	9322	1
츱	EA06 EA0A EA5C	9323	1
츲	EA07 EA0A EA5C	9324	1
츴	EA08 EA0A EA5C	9325	1
츶	EA09 EA0A EA5C	9326	1
츷	EA0A EA0A EA5C	9327	1
츸	EA00 EA00 EA5D	9328	1
츹	EA01 EA00 EA5D	9329	1
츺	EA02 EA00 EA5D	9330	1
츻	EA03 EA00 EA5D	9331	1
츽	EA04 EA00 EA5D	9332	1
츾	EA05 EA00 EA5D	9333	1
츿	EA06 EA00 EA5D	9334	1
칀	EA07 EA00 EA5D	9335	1
칁	EA08 EA00 EA5D	9336	1
칂	EA09 EA00 EA5D	9337	1
칃	EA0A EA00 EA5D	9338	1
칄	EA00 EA01 EA5D	9339	1
칅	EA01 EA01 EA5D	9340	1
칆	EA02 EA01 EA5D	9341	1
칇	EA03 EA01 EA5D	9342	1
칈	EA04 EA01 EA5D	9343	1
칉	EA05 EA01 EA5D	9344	1
칊	EA06 EA01 EA5D	9345	1
칋	EA07 EA01 EA5D	9346	1
칌	EA08 EA01 EA5D	9347	1
칍	EA09 EA01 EA5D	9348	1
칎	EA0A EA01 EA5D	9349	1
칏	EA00 EA02 EA5D	9350	1
칐	EA01 EA02 EA5D	9351	1
칑	EA02 EA02 EA5D	9352	1
칒	EA03 EA02 EA5D	9353	1
칓	EA04 EA02 EA5D	9354	1
칔	EA05 EA02 EA5D	9355	1
칕	EA06 EA02 EA5D	9356	1
칖	EA07 EA02 EA5D	9357	1
칗	EA08 EA02 EA5D	9358	1
칚	EA09 EA02 EA5D	9359	1
칛	EA0A EA02 EA5D	9360	1
칞	EA00 EA03 EA5D	9361	1
칢	EA01 EA03 EA5D	9362	1
칣	EA02 EA03 EA5D	9363	1
칤	EA03 EA03 EA5D	9364	1
칥	EA04 EA03 EA5D	9365	1
칦	EA05 EA03 EA5D	9366	1
칧	EA06 EA03 EA5D	9367	1
칪	EA07 EA03 EA5D	9368	1
칬	EA08 EA03 EA5D	9369	1
칯	EA09 EA03 EA5D	9370	1
칰	EA0A EA03 EA5D	9371	1
칱	EA00 EA04 EA5D	9372	1
칳	EA01 EA04 EA5D	9373	1
칶	EA02 EA04 EA5D	9374	1
칷	EA03 EA04 EA5D	9375	1
칹	EA04 EA04 EA5D	9376	1
칺	EA05 EA04 EA5D	9377	1
칻	EA06 EA04 EA5D	9378	1
칽	EA07 EA04 EA5D	9379	1
칾	EA08 EA04 EA5D	9380	1
칿	EA09 EA04 EA5D	9381	1
캀	EA0A EA04 EA5D	9382	1
캁	EA00 EA05 EA5D	9383	1
캂	EA01 EA05 EA5D	9384	1
캃	EA02 EA05 EA5D	9385	1
캆	EA03 EA05 EA5D	9386	1
캈	EA04 EA05 EA5D	9387	1
캊	EA05 EA05 EA5D	9388	1
캋	EA06 EA05 EA5D	9389	1
캍	EA07 EA05 EA5D	9390	1
캎	EA08 EA05 EA5D	9391	1
캏	EA09 EA05 EA5D	9392	1
캒	EA0A EA05 EA5D	9393	1
캓	EA00 EA06 EA5D	9394	1
캕	EA01 EA06 EA5D	9395	1
캖	EA02 EA06 EA5D	9396	1
캗	EA03 EA06 EA5D	9397	1
캙	EA04 EA06 EA5D	9398	1
캚	EA05 EA06 EA5D	9399	1
캛	EA06 EA06 EA5D	9400	1
캜	EA07 EA06 EA5D	9401	1
캝	EA08 EA06 EA5D	9402	1
캞	EA09 EA06 EA5D	9403	1
캟	EA0A EA06 EA5D	9404	1
캢	EA00 EA07 EA5D	9405	1
캦	EA01 EA07 EA5D	9406	1
캧	EA02 EA07 EA5D	9407	1
캨	EA03 EA07 EA5D	9408	1
캩	EA04 EA07 EA5D	9409	1
캫	EA05 EA07 EA5D	9410	1
캮	EA06 EA07 EA5D	9411	1
캯	EA07 EA07 EA5D	9412	1
캱	EA08 EA07 EA5D	9413	1
캲	EA09 EA07 EA5D	9414	1
캳	EA0A EA07 EA5D	9415	1
캵	EA00 EA08 EA5D	9416	1
캶	EA01 EA08 EA5D	9417	1
캷	EA02 EA08 EA5D	9418	1
캸	EA03 EA08 EA5D	9419	1
캹	EA04 EA08 EA5D	9420	1
캺	EA05 EA08 EA5D	9421	1
캻	EA06 EA08 EA5D	9422	1
캼	EA07 EA08 EA5D	9423	1
캽	EA08 EA08 EA5D	9424	1
캾	EA09 EA08 EA5D	9425	1
캿	EA0A EA08 EA5D	9426	1
컀	EA00 EA09 EA5D	9427	1
컂	EA01 EA09 EA5D	9428	1
컃	EA02 EA09 EA5D	9429	1
컄	EA03 EA09 EA5D	9430	1
컅	EA04 EA09 EA5D	9431	1
컆	EA05 EA09 EA5D	9432	1
컇	EA06 EA09 EA5D	9433	1
컈	EA07 EA09 EA5D	9434	1
컉	EA08 EA09 EA5D	9435	1
컊	EA09 EA09 EA5D	9436	1
컋	EA0A EA09 EA5D	9437	1
컌	EA00 EA0A EA5D	9438	1
컍	EA01 EA0A EA5D	9439	1
컎	EA02 EA0A EA5D	9440	1
컏	EA03 EA0A EA5D	9441	1
컐	EA04 EA0A EA5D	9442	1
컑	EA05 EA0A EA5D	9443	1
컒	EA06 EA0A EA5D	9444	1
컓	EA07 EA0A EA5D	9445	1
컔	EA08 EA0A EA5D	9446	1
컕	EA09 EA0A EA5D	9447	1
컖	EA0A EA0A EA5D	9448	1
컗	EA00 EA00 EA5E	9449	1
컘	EA01 EA00 EA5E	9450	1
컙	EA02 EA00 EA5E	9451	1
컚	EA03 EA00 EA5E	9452	1
컛	EA04 EA00 EA5E	9453	1
컜	EA05 EA00 EA5E	9454	1
컝	EA06 EA00 EA5E	9455	1
컞	EA07 EA00 EA5E	9456	1
컟	EA08 EA00 EA5E	9457	1
컠	EA09 EA00 EA5E	9458	1
컡	EA0A EA00 EA5E	9459	1
컢	EA00 EA01 EA5E	9460	1
컣	EA01 EA01 EA5E	9461	1
컦	EA02 EA01 EA5E	9462	1
컧	EA03 EA01 EA5E	9463	1
컩	EA04 EA01 EA5E	9464	1
컪	EA05 EA01 EA5E	9465	1
컭	EA06 EA01 EA5E	9466	1
컮	EA07 EA01 EA5E	9467	1
컯	EA08 EA01 EA5E	9468	1
컰	EA09 EA01 EA5E	9469	1
컱	EA0A EA01 EA5E	9470	1
컲	EA00 EA02 EA5E	9471	1
컳	EA01 EA02 EA5E	9472	1
컶	EA02 EA02 EA5E	9473	1
컻	EA03 EA02 EA5E	9474	1
컼	EA04 EA02 EA5E	9475	1
컾	EA05 EA02 EA5E	9476	1
컿	EA06 EA02 EA5E	9477	1
켂	EA07 EA02 EA5E	9478	1
켃	EA08 EA02 EA5E	9479	1
켅	EA09 EA02 EA5E	9480	1
켆	EA0A EA02 EA5E	9481	1
켇	EA00 EA03 EA5E	9482	1
켉	EA01 EA03 EA5E	9483	1
켊	EA02 EA03 EA5E	9484	1
켋	EA03 EA03 EA5E	9485	1
켌	EA04 EA03 EA5E	9486	1
켍	EA05 EA03 EA5E	9487	1
켎	EA06 EA03 EA5E	9488	1
켏	EA07 EA03 EA5E	9489	1
켒	EA08 EA03 EA5E	9490	1
켖	EA09 EA03 EA5E	9491	1
켗	EA0A EA03 EA5E	9492	1
켘	EA00 EA04 EA5E	9493	1
켚	EA01 EA04 EA5E	9494	1
켛	EA02 EA04 EA5E	9495	1
켞	EA03 EA04 EA5E	9496	1
켟	EA04 EA04 EA5E	9497	1
켡	EA05 EA04 EA5E	9498	1
켢	EA06 EA04 EA5E	9499	1
켣	EA07 EA04 EA5E	9500	1
켥	EA08 EA04 EA5E	9501	1
켦	EA09 EA04 EA5E	9502	1
켧	EA0A EA04 EA5E	9503	1
켨	EA00 EA05 EA5E	9504	1
켩	EA01 EA05 EA5E	9505	1
켪	EA02 EA05 EA5E	9506	1
켫	EA03 EA05 EA5E	9507	1
켮	EA04 EA05 EA5E	9508	1
켲	EA05 EA05 EA5E	9509	1
켳	EA06 EA05 EA5E	9510	1
켴	EA07 EA05 EA5E	9511	1
켵	EA08 EA05 EA5E	9512	1
켶	EA09 EA05 EA5E	9513	1
켷	EA0A EA05 EA5E	9514	1
켸	EA00 EA06 EA5E	9515	1
켹	EA01 EA06 EA5E	9516	1
켺	EA02 EA06 EA5E	9517	1
켻	EA03 EA06 EA5E	9518	1
켼	EA04 EA06 EA5E	9519	1
켽	EA05 EA06 EA5E	9520	1
켾	EA06 EA06 EA5E	9521	1
켿	EA07 EA06 EA5E	9522	1
콀	EA08 EA06 EA5E	9523	1
콁	EA09 EA06 EA5E	9524	1
콂	EA0A EA06 EA5E	9525	1
콃	EA00 EA07 EA5E	9526	1
콄	EA01 EA07 EA5E	9527	1
콅	EA02 EA07 EA5E	9528	1
콆	EA03 EA07 EA5E	9529	1
콇	EA04 EA07 EA5E	9530	1
콈	EA05 EA07 EA5E	9531	1
콉	EA06 EA07 EA5E	9532	1
콊	EA07 EA07 EA5E	9533	1
콋	EA08 EA07 EA5E	9534	1
콌	EA09 EA07 EA5E	9535	1
콍	EA0A EA07 EA5E	9536	1
콎	EA00 EA08 EA5E	9537	1
콏	EA01 EA08 EA5E	9538	1
콐	EA02 EA08 EA5E	9539	1
콑	EA03 EA08 EA5E	9540	1
콒	EA04 EA08 EA5E	9541	1
콓	EA05 EA08 EA5E	9542	1
콖	EA06 EA08 EA5E	9543	1
콗	EA07 EA08 EA5E	9544	1
콙	EA08 EA08 EA5E	9545	1
콚	EA09 EA08 EA5E	9546	1
콛	EA0A EA08 EA5E	9547	1
콝	EA00 EA09 EA5E	9548	1
콞	EA01 EA09 EA5E	9549	1
콟	EA02 EA09 EA5E	9550	1
콠	EA03 EA09 EA5E	9551	1
콡	EA04 EA09 EA5E	9552	1
콢	EA05 EA09 EA5E	9553	1
콣	EA06 EA09 EA5E	9554	1
콦	EA07 EA09 EA5E	9555	1
콨	EA08 EA09 EA5E	9556	1
콫	EA09 EA09 EA5E	9557	1
콬	EA0A EA09 EA5E	9558	1
콭	EA00 EA0A EA5E	9559	1
콮	EA01 EA0A EA5E	9560	1
콯	EA02 EA0A EA5E	9561	1
콲	EA03 EA0A EA5E	9562	1
콳	EA04 EA0A EA5E	9563	1
콵	EA05 EA0A EA5E	9564	1
콶	EA06 EA0A EA5E	9565	1
콷	EA07 EA0A EA5E	9566	1
콹	EA08 EA0A EA5E	9567	1
콺	EA09 EA0A EA5E	9568	1
콻	EA0A EA0A EA5E	9569	1
콼	EA00 EA00 EA5F	9570	1
콽	EA01 EA00 EA5F	9571	1
콾	EA02 EA00 EA5F	9572	1
콿	EA03 EA00 EA5F	9573	1
쾂	EA04 EA00 EA5F	9574	1
쾄	EA05 EA00 EA5F	9575	1
쾆	EA06 EA00 EA5F	9576	1
쾇	EA07 EA00 EA5F	9577	1
쾈	EA08 EA00 EA5F	9578	1
쾉	EA09 EA00 EA5F	9579	1
쾊	EA0A EA00 EA5F	9580	1
쾋	EA00 EA01 EA5F	9581	1
쾍	EA01 EA01 EA5F	9582	1
쾎	EA02 EA01 EA5F	9583	1
쾏	EA03 EA01 EA5F	9584	1
쾐	EA04 EA01 EA5F	9585	1
쾑	EA05 EA01 EA5F	9586	1
쾒	EA06 EA01 EA5F	9587	1
쾓	EA07 EA01 EA5F	9588	1
쾔	EA08 EA01 EA5F	9589	1
쾕	EA09 EA01 EA5F	9590	1
쾖	EA0A EA01 EA5F	9591	1
쾗	EA00 EA02 EA5F	9592	1
쾘	EA01 EA02 EA5F	9593	1
쾙	EA02 EA02 EA5F	9594	1
쾚	EA03 EA02 EA5F	9595	1
쾛	EA04 EA02 EA5F	9596	1
쾜	EA05 EA02 EA5F	9597	1
쾝	EA06 EA02 EA5F	9598	1
쾞	EA07 EA02 EA5F	9599	1
쾟	EA08 EA02 EA5F	9600	1
쾠	EA09 EA02 EA5F	9601	1
쾢	EA0A EA02 EA5F	9602	1
쾣	EA00 EA03 EA5F	9603	1
쾤	EA01 EA03 EA5F	9604	1
쾥	EA02 EA03 EA5F	9605	1
쾦	EA03 EA03 EA5F	9606	1
쾧	EA04 EA03 EA5F	9607	1
쾩	EA05 EA03 EA5F	9608	1
쾪	EA06 EA03 EA5F	9609	1
쾫	EA07 EA03 EA5F	9610	1
쾭	EA08 EA03 EA5F	9611	1
쾮	EA09 EA03 EA5F	9612	1
쾯	EA0A EA03 EA5F	9613	1
쾱	EA00 EA04 EA5F	9614	1
쾲	EA01 EA04 EA5F	9615	1
쾳	EA02 EA04 EA5F	9616	1
쾴	EA03 EA04 EA5F	9617	1
쾵	EA04 EA04 EA5F	9618	1
쾶	EA05 EA04 EA5F	9619	1
쾷	EA06 EA04 EA5F	9620	1
쾸	EA07 EA04 EA5F	9621	1
쾹	EA08 EA04 EA5F	9622	1
쾺	EA09 EA04 EA5F	9623	1
쾼	EA0A EA04 EA5F	9624	1
쾾	EA00 EA05 EA5F	9625	1
쾿	EA01 EA05 EA5F	9626	1
쿀	EA02 EA05 EA5F	9627	1
쿁	EA03 EA05 EA5F	9628	1
쿂	EA04 EA05 EA5F	9629	1
쿃	EA05 EA05 EA5F	9630	1
쿅	EA06 EA05 EA5F	9631	1
쿆	EA07 EA05 EA5F	9632	1
쿇	EA08 EA05 EA5F	9633	1
쿉	EA09 EA05 EA5F	9634	1
쿊	EA0A EA05 EA5F	9635	1
쿋	EA00 EA06 EA5F	9636	1
쿍	EA01 EA06 EA5F	9637	1
쿎	EA02 EA06 EA5F	9638	1
쿏	EA03 EA06 EA5F	9639	1
쿐	EA04 EA06 EA5F	9640	1
쿑	EA05 EA06 EA5F	9641	1
쿒	EA06 EA06 EA5F	9642	1
쿓	EA07 EA06 EA5F	9643	1
쿔	EA08 EA06 EA5F	9644	1
쿕	EA09 EA06 EA5F	9645	1
쿖	EA0A EA06 EA5F	9646	1
쿗	EA00 EA07 EA5F	9647	1
쿘	EA01 EA07 EA5F	9648	1
쿙	EA02 EA07 EA5F	9649	1
쿚	EA03 EA07 EA5F	9650	1
쿛	EA04 EA07 EA5F	9651	1
쿜	EA05 EA07 EA5F	9652	1
쿝	EA06 EA07 EA5F	9653	1
쿞	EA07 EA07 EA5F	9654	1
쿟	EA08 EA07 EA5F	9655	1
쿢	EA09 EA07 EA5F	9656	1
쿣	EA0A EA07 EA5F	9657	1
쿥	EA00 EA08 EA5F	9658	1
쿦	EA01 EA08 EA5F	9659	1
쿧	EA02 EA08 EA5F	9660	1
쿩	EA03 EA08 EA5F	9661	1
쿪	EA04 EA08 EA5F	9662	1
쿫	EA05 EA08 EA5F	9663	1
쿬	EA06 EA08 EA5F	9664	1
쿭	EA07 EA08 EA5F	9665	1
쿮	EA08 EA08 EA5F	9666	1
쿯	EA09 EA08 EA5F	9667	1
쿲	EA0A EA08 EA5F	9668	1
쿴	EA00 EA09 EA5F	9669	1
쿶	EA01 EA09 EA5F	9670	1
쿷	EA02 EA09 EA5F	9671	1
쿸	EA03 EA09 EA5F	9672	1
쿹	EA04 EA09 EA5F	9673	1
쿺	EA05 EA09 EA5F	9674	1
쿻	EA06 EA09 EA5F	9675	1
쿾	EA07 EA09 EA5F	9676	1
쿿	EA08 EA09 EA5F	9677	1
퀁	EA09 EA09 EA5F	9678	1
퀂	EA0A EA09 EA5F	9679	1
퀃	EA00 EA0A EA5F	9680	1
퀅	EA01 EA0A EA5F	9681	1
퀆	EA02 EA0A EA5F	9682	1
퀇	EA03 EA0A EA5F	9683	1
퀈	EA04 EA0A EA5F	9684	1
퀉	EA05 EA0A EA5F	9685	1
퀊	EA06 EA0A EA5F	9686	1
퀋	EA07 EA0A EA5F	9687	1
퀌	EA08 EA0A EA5F	9688	1
퀍	EA09 EA0A EA5F	9689	1
퀎	EA0A EA0A EA5F	9690	1
퀐	EA00 EA00 EA60	9691	1
퀒	EA01 EA00 EA60	9692	1
퀓	EA02 EA00 EA60	9693	1
퀔	EA03 EA00 EA60	9694	1
퀕	EA04 EA00 EA60	9695	1
퀖	EA05 EA00 EA60	9696	1
퀗	EA06 EA00 EA60	9697	1
퀚	EA07 EA00 EA60	9698	1
퀛	EA08 EA00 EA60	9699	1
퀝	EA09 EA00 EA60	9700	1
퀞	EA0A EA00 EA60	9701	1
퀟	EA00 EA01 EA60	9702	1
퀡	EA01 EA01 EA60	9703	1
퀢	EA02 EA01 EA60	9704	1
퀣	EA03 EA01 EA60	9705	1
퀤	EA04 EA01 EA60	9706	1
퀥	EA05 EA01 EA60	9707	1
퀦	EA06 EA01 EA60	9708	1
퀧	EA07 EA01 EA60	9709	1
퀨	EA08 EA01 EA60	9710	1
퀩	EA09 EA01 EA60	9711	1
퀪	EA0A EA01 EA60	9712	1
퀫	EA00 EA02 EA60	9713	1
퀬	EA01 EA02 EA60	9714	1
퀮	EA02 EA02 EA60	9715	1
퀯	EA03 EA02 EA60	9716	1
퀰	EA04 EA02 EA60	9717	1
퀱	EA05 EA02 EA60	9718	1
퀲	EA06 EA02 EA60	9719	1
퀳	EA07 EA02 EA60	9720	1
퀶	EA08 EA02 EA60	9721	1
퀷	EA09 EA02 EA60	9722	1
퀹	EA0A EA02 EA60	9723	1
퀺	EA00 EA03 EA60	9724	1
퀻	EA01 EA03 EA60	9725	1
퀽	EA02 EA03 EA60	9726	1
퀾	EA03 EA03 EA60	9727	1
퀿	EA04 EA03 EA60	9728	1
큀	EA05 EA03 EA60	9729	1
큁	EA06 EA03 EA60	9730	1
큂	EA07 EA03 EA60	9731	1
큃	EA08 EA03 EA60	9732	1
큆	EA09 EA03 EA60	9733	1
큈	EA0A EA03 EA60	9734	1
큊	EA00 EA04 EA60	9735	1
큋	EA01 EA04 EA60	9736	1
큌	EA02 EA04 EA60	9737	1
큍	EA03 EA04 EA60	9738	1
큎	EA04 EA04 EA60	9739	1
큏	EA05 EA04 EA60	9740	1
큑	EA06 EA04 EA60	9741	1
큒	EA07 EA04 EA60	9742	1
큓	EA08 EA04 EA60	9743	1
큕	EA09 EA04 EA60	9744	1
큖	EA0A EA04 EA60	9745	1
큗	EA00 EA05 EA60	9746	1
큙	EA01 EA05 EA60	9747	1
큚	EA02 EA05 EA60	9748	1
큛	EA03 EA05 EA60	9749	1
큜	EA04 EA05 EA60	9750	1
큝	EA05 EA05 EA60	9751	1
큞	EA06 EA05 EA60	9752	1
큟	EA07 EA05 EA60	9753	1
큡	EA08 EA05 EA60	9754	1
큢	EA09 EA05 EA60	9755	1
큤	EA0A EA05 EA60	9756	1
큥	EA00 EA06 EA60	9757	1
큦	EA01 EA06 EA60	9758	1
큧	EA02 EA06 EA60	9759	1
큨	EA03 EA06 EA60	9760	1
큩	EA04 EA06 EA60	9761	1
큪	EA05 EA06 EA60	9762	1
큫	EA06 EA06 EA60	9763	1
큮	EA07 EA06 EA60	9764	1
큯	EA08 EA06 EA60	9765	1
큱	EA09 EA06 EA60	9766	1
큲	EA0A EA06 EA60	9767	1
큳	EA00 EA07 EA60	9768	1
큵	EA01 EA07 EA60	9769	1
큶	EA02 EA07 EA60	9770	1
큷	EA03 EA07 EA60	9771	1
큸	EA04 EA07 EA60	9772	1
큺	EA05 EA07 EA60	9773	1
큻	EA06 EA07 EA60	9774	1
큾	EA07 EA07 EA60	9775	1
큿	EA08 EA07 EA60	9776	1
킀	EA09 EA07 EA60	9777	1
킂	EA0A EA07 EA60	9778	1
킃	EA00 EA08 EA60	9779	1
킅	EA01 EA08 EA60	9780	1
킆	EA02 EA08 EA60	9781	1
킇	EA03 EA08 EA60	9782	1
킈	EA04 EA08 EA60	9783	1
킉	EA05 EA08 EA60	9784	1
킊	EA06 EA08 EA60	9785	1
킋	EA07 EA08 EA60	9786	1
킌	EA08 EA08 EA60	9787	1
킍	EA09 EA08 EA60	9788	1
킎	EA0A EA08 EA60	9789	1
킏	EA00 EA09 EA60	9790	1
킐	EA01 EA09 EA60	9791	1
킑	EA02 EA09 EA60	9792	1
킒	EA03 EA09 EA60	9793	1
킓	EA04 EA09 EA60	9794	1
킔	EA05 EA09 EA60	9795	1
킕	EA06 EA09 EA60	9796	1
킖	EA07 EA09 EA60	9797	1
킗	EA08 EA09 EA60	9798	1
킘	EA09 EA09 EA60	9799	1
킙	EA0A EA09 EA60	9800	1
킚	EA00 EA0A EA60	9801	1
킛	EA01 EA0A EA60	9802	1
킜	EA02 EA0A EA60	9803	1
킝	EA03 EA0A EA60	9804	1
킞	EA04 EA0A EA60	9805	1
킟	EA05 EA0A EA60	9806	1
킠	EA06 EA0A EA60	9807	1
킡	EA07 EA0A EA60	9808	1
킢	EA08 EA0A EA60	9809	1
킣	EA09 EA0A EA60	9810	1
킦	EA0A EA0A EA60	9811	1
킧	EA00 EA00 EA61	9812	1
킩	EA01 EA00 EA61	9813	1
킪	EA02 EA00 EA61	9814	1
킫	EA03 EA00 EA61	9815	1
킭	EA04 EA00 EA61	9816	1
킮	EA05 EA00 EA61	9817	1
킯	EA06 EA00 EA61	9818	1
킰	EA07 EA00 EA61	9819	1
킱	EA08 EA00 EA61	9820	1
킲	EA09 EA00 EA61	9821	1
킳	EA0A EA00 EA61	9822	1
킶	EA00 EA01 EA61	9823	1
킸	EA01 EA01 EA61	9824	1
킺	EA02 EA01 EA61	9825	1
킻	EA03 EA01 EA61	9826	1
킼	EA04 EA01 EA61	9827	1
킽	EA05 EA01 EA61	9828	1
킿	EA06 EA01 EA61	9829	1
탂	EA07 EA01 EA61	9830	1
탃	EA08 EA01 EA61	9831	1
탅	EA09 EA01 EA61	9832	1
탆	EA0A EA01 EA61	9833	1
탊	EA00 EA02 EA61	9834	1
탋	EA01 EA02 EA61	9835	1
탌	EA02 EA02 EA61	9836	1
탍	EA03 EA02 EA61	9837	1
탎	EA04 EA02 EA61	9838	1
탏	EA05 EA02 EA61	9839	1
탒	EA06 EA02 EA61	9840	1
탗	EA07 EA02 EA61	9841	1
탘	EA08 EA02 EA61	9842	1
탚	EA09 EA02 EA61	9843	1
탛	EA0A EA02 EA61	9844	1
탞	EA00 EA03 EA61	9845	1
탟	EA01 EA03 EA61	9846	1
탡	EA02 EA03 EA61	9847	1
탢	EA03 EA03 EA61	9848	1
탣	EA04 EA03 EA61	9849	1
탥	EA05 EA03 EA61	9850	1
탦	EA06 EA03 EA61	9851	1
탧	EA07 EA03 EA61	9852	1
탨	EA08 EA03 EA61	9853	1
탩	EA09 EA03 EA61	9854	1
탪	EA0A EA03 EA61	9855	1
탫	EA00 EA04 EA61	9856	1
탮	EA01 EA04 EA61	9857	1
탲	EA02 EA04 EA61	9858	1
탳	EA03 EA04 EA61	9859	1
탴	EA04 EA04 EA61	9860	1
탵	EA05 EA04 EA61	9861	1
탶	EA06 EA04 EA61	9862	1
탷	EA07 EA04 EA61	9863	1
탺	EA08 EA04 EA61	9864	1
탻	EA09 EA04 EA61	9865	1
탽	EA0A EA04 EA61	9866	1
탾	EA00 EA05 EA61	9867	1
탿	EA01 EA05 EA61	9868	1
턁	EA02 EA05 EA61	9869	1
턂	EA03 EA05 EA61	9870	1
턃	EA04 EA05 EA61	9871	1
턄	EA05 EA05 EA61	9872	1
턅	EA06 EA05 EA61	9873	1
턆	EA07 EA05 EA61	9874	1
턇	EA08 EA05 EA61	9875	1
턈	EA09 EA05 EA61	9876	1
턉	EA0A EA05 EA61	9877	1
턊	EA00 EA06 EA61	9878	1
턋	EA01 EA06 EA61	9879	1
턌	EA02 EA06 EA61	9880	1
턍	EA03 EA06 EA61	9881	1
턎	EA04 EA06 EA61	9882	1
턏	EA05 EA06 EA61	9883	1
턐	EA06 EA06 EA61	9884	1
턑	EA07 EA06 EA61	9885	1
턒	EA08 EA06 EA61	9886	1
턓	EA09 EA06 EA61	9887	1
턕	EA0A EA06 EA61	9888	1
턖	EA00 EA07 EA61	9889	1
턗	EA01 EA07 EA61	9890	1
턘	EA02 EA07 EA61	9891	1
턙	EA03 EA07 EA61	9892	1
턚	EA04 EA07 EA61	9893	1
턛	EA05 EA07 EA61	9894	1
턜	EA06 EA07 EA61	9895	1
턝	EA07 EA07 EA61	9896	1
턞	EA08 EA07 EA61	9897	1
턟	EA09 EA07 EA61	9898	1
턠	EA0A EA07 EA61	9899	1
턡	EA00 EA08 EA61	9900	1
턢	EA01 EA08 EA61	9901	1
턣	EA02 EA08 EA61	9902	1
턤	EA03 EA08 EA61	9903	1
턥	EA04 EA08 EA61	9904	1
턦	EA05 EA08 EA61	9905	1
턧	EA06 EA08 EA61	9906	1
턨	EA07 EA08 EA61	9907	1
턩	EA08 EA08 EA61	9908	1
턪	EA09 EA08 EA61	9909	1
턫	EA0A EA08 EA61	9910	1
턬	EA00 EA09 EA61	9911	1
턭	EA01 EA09 EA61	9912	1
턮	EA02 EA09 EA61	9913	1
턯	EA03 EA09 EA61	9914	1
턲	EA04 EA09 EA61	9915	1
턳	EA05 EA09 EA61	9916	1
턵	EA06 EA09 EA61	9917	1
턶	EA07 EA09 EA61	9918	1
턷	EA08 EA09 EA61	9919	1
턹	EA09 EA09 EA61	9920	1
턺	EA0A EA09 EA61	9921	1
턻	EA00 EA0A EA61	9922	1
턼	EA01 EA0A EA61	9923	1
턽	EA02 EA0A EA61	9924	1
턾	EA03 EA0A EA61	9925	1
턿	EA04 EA0A EA61	9926	1
텂	EA05 EA0A EA61	9927	1
텆	EA06 EA0A EA61	9928	1
텇	EA07 EA0A EA61	9929	1
텈	EA08 EA0A EA61	9930	1
텉	EA09 EA0A EA61	9931	1
텊	EA0A EA0A EA61	9932	1
텋	EA00 EA00 EA69	9933	1
텎	EA01 EA00 EA69	9934	1
텏	EA02 EA00 EA69	9935	1
텑	EA03 EA00 EA69	9936	1
텒	EA04 EA00 EA69	9937	1
텕	EA05 EA00 EA69	9938	1
텖	EA06 EA00 EA69	9939	1
텗	EA07 EA00 EA69	9940	1
텘	EA08 EA00 EA69	9941	1
텙	EA09 EA00 EA69	9942	1
텚	EA0A EA00 EA69	9943	1
텛	EA00 EA01 EA69	9944	1
텞	EA01 EA01 EA69	9945	1
텠	EA02 EA01 EA69	9946	1
텢	EA03 EA01 EA69	9947	1
텣	EA04 EA01 EA69	9948	1
텤	EA05 EA01 EA69	9949	1
텥	EA06 EA01 EA69	9950	1
텧	EA07 EA01 EA69	9951	1
텪	EA08 EA01 EA69	9952	1
텫	EA09 EA01 EA69	9953	1
텭	EA0A EA01 EA69	9954	1
텮	EA00 EA02 EA69	9955	1
텯	EA01 EA02 EA69	9956	1
텱	EA02 EA02 EA69	9957	1
텲	EA03 EA02 EA69	9958	1
텳	EA04 EA02 EA69	9959	1
텴	EA05 EA02 EA69	9960	1
텵	EA06 EA02 EA69	9961	1
텶	EA07 EA02 EA69	9962	1
텷	EA08 EA02 EA69	9963	1
텸	EA09 EA02 EA69	9964	1
텹	EA0A EA02 EA69	9965	1
텺	EA00 EA03 EA69	9966	1
텻	EA01 EA03 EA69	9967	1
텾	EA02 EA03 EA69	9968	1
텿	EA03 EA03 EA69	9969	1
톀	EA04 EA03 EA69	9970	1
톁	EA05 EA03 EA69	9971	1
톂	EA06 EA03 EA69	9972	1
톃	EA07 EA03 EA69	9973	1
톅	EA08 EA03 EA69	9974	1
톆	EA09 EA03 EA69	9975	1
톇	EA0A EA03 EA69	9976	1
톉	EA00 EA04 EA69	9977	1
톊	EA01 EA04 EA69	9978	1
톋	EA02 EA04 EA69	9979	1
톌	EA03 EA04 EA69	9980	1
톍	EA04 EA04 EA69	9981	1
톎	EA05 EA04 EA69	9982	1
톏	EA06 EA04 EA69	9983	1
톐	EA07 EA04 EA69	9984	1
톑	EA08 EA04 EA69	9985	1
톒	EA09 EA04 EA69	9986	1
톓	EA0A EA04 EA69	9987	1
톔	EA00 EA05 EA69	9988	1
톕	EA01 EA05 EA69	9989	1
톖	EA02 EA05 EA69	9990	1
톗	EA03 EA05 EA69	9991	1
톘	EA04 EA05 EA69	9992	1
톙	EA05 EA05 EA69	9993	1
톚	EA06 EA05 EA69	9994	1
톛	EA07 EA05 EA69	9995	1
톜	EA08 EA05 EA69	9996	1
톝	EA09 EA05 EA69	9997	1
톞	EA0A EA05 EA69	9998	1
톟	EA00 EA06 EA69	9999	1
톢	EA01 EA06 EA69	10000	1
톣	EA02 EA06 EA69	10001	1
톥	EA03 EA06 EA69	10002	1
톦	EA04 EA06 EA69	10003	1
톧	EA05 EA06 EA69	10004	1
톩	EA06 EA06 EA69	10005	1
톪	EA07 EA06 EA69	10006	1
톫	EA08 EA06 EA69	10007	1
톬	EA09 EA06 EA69	10008	1
톭	EA0A EA06 EA69	10009	1
톮	EA00 EA07 EA69	10010	1
톯	EA01 EA07 EA69	10011	1
톲	EA02 EA07 EA69	10012	1
톴	EA03 EA07 EA69	10013	1
톶	EA04 EA07 EA69	10014	1
톷	EA05 EA07 EA69	10015	1
톸	EA06 EA07 EA69	10016	1
톹	EA07 EA07 EA69	10017	1
톽	EA08 EA07 EA69	10018	1
톾	EA09 EA07 EA69	10019	1
톿	EA0A EA07 EA69	10020	1
퇁	EA00 EA08 EA69	10021	1
퇂	EA01 EA08 EA69	10022	1
퇃	EA02 EA08 EA69	10023	1
퇄	EA03 EA08 EA69	10024	1
퇅	EA04 EA08 EA69	10025	1
퇆	EA05 EA08 EA69	10026	1
퇇	EA06 EA08 EA69	10027	1
퇈	EA07 EA08 EA69	10028	1
퇉	EA08 EA08 EA69	10029	1
퇊	EA09 EA08 EA69	10030	1
퇋	EA0A EA08 EA69	10031	1
퇌	EA00 EA09 EA69	10032	1
퇍	EA01 EA09 EA69	10033	1
퇎	EA02 EA09 EA69	10034	1
퇏	EA03 EA09 EA69	10035	1
퇐	EA04 EA09 EA69	10036	1
퇑	EA05 EA09 EA69	10037	1
퇒	EA06 EA09 EA69	10038	1
퇓	EA07 EA09 EA69	10039	1
퇔	EA08 EA09 EA69	10040	1
퇕	EA09 EA09 EA69	10041	1
퇖	EA0A EA09 EA69	10042	1
퇗	EA00 EA0A EA69	10043	1
퇙	EA01 EA0A EA69	10044	1
퇚	EA02 EA0A EA69	10045	1
퇛	EA03 EA0A EA69	10046	1
퇜	EA04 EA0A EA69	10047	1
퇝	EA05 EA0A EA69	10048	1
퇞	EA06 EA0A EA69	10049	1
퇟	EA07 EA0A EA69	10050	1
퇠	EA08 EA0A EA69	10051	1
퇡	EA09 EA0A EA69	10052	1
퇢	EA0A EA0A EA69	10053	1
퇣	EA00 EA00 EA63	10054	1
퇤	EA01 EA00 EA63	10055	1
퇥	EA02 EA00 EA63	10056	1
퇦	EA03 EA00 EA63	10057	1
퇧	EA04 EA00 EA63	10058	1
퇨	EA05 EA00 EA63	10059	1
퇩	EA06 EA00 EA63	10060	1
퇪	EA07 EA00 EA63	10061	1
퇫	EA08 EA00 EA63	10062	1
퇬	EA09 EA00 EA63	10063	1
퇭	EA0A EA00 EA63	10064	1
퇮	EA00 EA01 EA63	10065	1
퇯	EA01 EA01 EA63	10066	1
퇰	EA02 EA01 EA63	10067	1
퇱	EA03 EA01 EA63	10068	1
퇲	EA04 EA01 EA63	10069	1
퇳	EA05 EA01 EA63	10070	1
퇵	EA06 EA01 EA63	10071	1
퇶	EA07 EA01 EA63	10072	1
퇷	EA08 EA01 EA63	10073	1
퇹	EA09 EA01 EA63	10074	1
퇺	EA0A EA01 EA63	10075	1
퇻	EA00 EA02 EA63	10076	1
퇽	EA01 EA02 EA63	10077	1
퇾	EA02 EA02 EA63	10078	1
퇿	EA03 EA02 EA63	10079	1
툀	EA04 EA02 EA63	10080	1
툁	EA05 EA02 EA63	10081	1
툂	EA06 EA02 EA63	10082	1
툅	EA07 EA02 EA63	10083	1
툆	EA08 EA02 EA63	10084	1
툈	EA09 EA02 EA63	10085	1
툊	EA0A EA02 EA63	10086	1
툋	EA00 EA03 EA63	10087	1
툌	EA01 EA03 EA63	10088	1
툍	EA02 EA03 EA63	10089	1
툎	EA03 EA03 EA63	10090	1
툏	EA04 EA03 EA63	10091	1
툑	EA05 EA03 EA63	10092	1
툒	EA06 EA03 EA63	10093	1
툓	EA07 EA03 EA63	10094	1
툔	EA08 EA03 EA63	10095	1
툕	EA09 EA03 EA63	10096	1
툖	EA0A EA03 EA63	10097	1
툗	EA00 EA04 EA63	10098	1
툙	EA01 EA04 EA63	10099	1
툚	EA02 EA04 EA63	10100	1
툛	EA03 EA04 EA63	10101	1
툜	EA04 EA04 EA63	10102	1
툝	EA05 EA04 EA63	10103	1
툞	EA06 EA04 EA63	10104	1
툟	EA07 EA04 EA63	10105	1
툡	EA08 EA04 EA63	10106	1
툢	EA09 EA04 EA63	10107	1
툣	EA0A EA04 EA63	10108	1
툤	EA00 EA05 EA63	10109	1
툦	EA01 EA05 EA63	10110	1
툧	EA02 EA05 EA63	10111	1
툨	EA03 EA05 EA63	10112	1
툩	EA04 EA05 EA63	10113	1
툪	EA05 EA05 EA63	10114	1
툫	EA06 EA05 EA63	10115	1
툮	EA07 EA05 EA63	10116	1
툯	EA08 EA05 EA63	10117	1
툱	EA09 EA05 EA63	10118	1
툲	EA0A EA05 EA63	10119	1
툳	EA00 EA06 EA63	10120	1
툵	EA01 EA06 EA63	10121	1
툷	EA02 EA06 EA63	10122	1
툸	EA03 EA06 EA63	10123	1
툹	EA04 EA06 EA63	10124	1
툺	EA05 EA06 EA63	10125	1
툻	EA06 EA06 EA63	10126	1
툾	EA07 EA06 EA63	10127	1
퉀	EA08 EA06 EA63	10128	1
퉂	EA09 EA06 EA63	10129	1
퉃	EA0A EA06 EA63	10130	1
퉄	EA00 EA07 EA63	10131	1
퉅	EA01 EA07 EA63	10132	1
퉆	EA02 EA07 EA63	10133	1
퉇	EA03 EA07 EA63	10134	1
퉉	EA04 EA07 EA63	10135	1
퉊	EA05 EA07 EA63	10136	1
퉋	EA06 EA07 EA63	10137	1
퉌	EA07 EA07 EA63	10138	1
퉍	EA08 EA07 EA63	10139	1
퉎	EA09 EA07 EA63	10140	1
퉏	EA0A EA07 EA63	10141	1
퉐	EA00 EA08 EA63	10142	1
퉑	EA01 EA08 EA63	10143	1
퉒	EA02 EA08 EA63	10144	1
퉓	EA03 EA08 EA63	10145	1
퉔	EA04 EA08 EA63	10146	1
퉕	EA05 EA08 EA63	10147	1
퉖	EA06 EA08 EA63	10148	1
퉗	EA07 EA08 EA63	10149	1
퉘	EA08 EA08 EA63	10150	1
퉙	EA09 EA08 EA63	10151	1
퉚	EA0A EA08 EA63	10152	1
퉝	EA00 EA09 EA63	10153	1
퉞	EA01 EA09 EA63	10154	1
퉟	EA02 EA09 EA63	10155	1
퉠	EA03 EA09 EA63	10156	1
퉡	EA04 EA09 EA63	10157	1
퉢	EA05 EA09 EA63	10158	1
퉣	EA06 EA09 EA63	10159	1
퉥	EA07 EA09 EA63	10160	1
퉦	EA08 EA09 EA63	10161	1
퉧	EA09 EA09 EA63	10162	1
퉨	EA0A EA09 EA63	10163	1
퉩	EA00 EA0A EA63	10164	1
퉪	EA01 EA0A EA63	10165	1
퉫	EA02 EA0A EA63	10166	1
퉬	EA03 EA0A EA63	10167	1
퉭	EA04 EA0A EA63	10168	1
퉮	EA05 EA0A EA63	10169	1
퉯	EA06 EA0A EA63	10170	1
퉰	EA07 EA0A EA63	10171	1
퉱	EA08 EA0A EA63	10172	1
퉲	EA09 EA0A EA63	10173	1
퉳	EA0A EA0A EA63	10174	1
퉴	EA00 EA00 EA62	10175	1
퉵	EA01 EA00 EA62	10176	1
퉶	EA02 EA00 EA62	10177	1
퉷	EA03 EA00 EA62	10178	1
퉸	EA04 EA00 EA62	10179	1
퉹	EA05 EA00 EA62	10180	1
퉺	EA06 EA00 EA62	10181	1
퉻	EA07 EA00 EA62	10182	1
퉼	EA08 EA00 EA62	10183	1
퉽	EA09 EA00 EA62	10184	1
퉾	EA0A EA00 EA62	10185	1
퉿	EA00 EA01 EA62	10186	1
튂	EA01 EA01 EA62	10187	1
튃	EA02 EA01 EA62	10188	1
튅	EA03 EA01 EA62	10189	1
튆	EA04 EA01 EA62	10190	1
튇	EA05 EA01 EA62	10191	1
튉	EA06 EA01 EA62	10192	1
튊	EA07 EA01 EA62	10193	1
튋	EA08 EA01 EA62	10194	1
튌	EA09 EA01 EA62	10195	1
튍	EA0A EA01 EA62	10196	1
튎	EA00 EA02 EA62	10197	1
튏	EA01 EA02 EA62	10198	1
튑	EA02 EA02 EA62	10199	1
튒	EA03 EA02 EA62	10200	1
튓	EA04 EA02 EA62	10201	1
튔	EA05 EA02 EA62	10202	1
튖	EA06 EA02 EA62	10203	1
튗	EA07 EA02 EA62	10204	1
튘	EA08 EA02 EA62	10205	1
튙	EA09 EA02 EA62	10206	1
튚	EA0A EA02 EA62	10207	1
튛	EA00 EA03 EA62	10208	1
튝	EA01 EA03 EA62	10209	1
튞	EA02 EA03 EA62	10210	1
튟	EA03 EA03 EA62	10211	1
튡	EA04 EA03 EA62	10212	1
튢	EA05 EA03 EA62	10213	1
튣	EA06 EA03 EA62	10214	1
튥	EA07 EA03 EA62	10215	1
튦	EA08 EA03 EA62	10216	1
튧	EA09 EA03 EA62	10217	1
튨	EA0A EA03 EA62	10218	1
튩	EA00 EA04 EA62	10219	1
튪	EA01 EA04 EA62	10220	1
튫	EA02 EA04 EA62	10221	1
튮	EA03 EA04 EA62	10222	1
튯	EA04 EA04 EA62	10223	1
튰	EA05 EA04 EA62	10224	1
튲	EA06 EA04 EA62	10225	1
튳	EA07 EA04 EA62	10226	1
튴	EA08 EA04 EA62	10227	1
튵	EA09 EA04 EA62	10228	1
튶	EA0A EA04 EA62	10229	1
튷	EA00 EA05 EA62	10230	1
튻	EA01 EA05 EA62	10231	1
튾	EA02 EA05 EA62	10232	1
틁	EA03 EA05 EA62	10233	1
틃	EA04 EA05 EA62	10234	1
틄	EA05 EA05 EA62	10235	1
틅	EA06 EA05 EA62	10236	1
틆	EA07 EA05 EA62	10237	1
틇	EA08 EA05 EA62	10238	1
틊	EA09 EA05 EA62	10239	1
틌	EA0A EA05 EA62	10240	1
틎	EA00 EA06 EA62	10241	1
틏	EA01 EA06 EA62	10242	1
틐	EA02 EA06 EA62	10243	1
틓	EA03 EA06 EA62	10244	1
틕	EA04 EA06 EA62	10245	1
틖	EA05 EA06 EA62	10246	1
틗	EA06 EA06 EA62	10247	1
틘	EA07 EA06 EA62	10248	1
틙	EA08 EA06 EA62	10249	1
틚	EA09 EA06 EA62	10250	1
틛	EA0A EA06 EA62	10251	1
틜	EA00 EA07 EA62	10252	1
틝	EA01 EA07 EA62	10253	1
틞	EA02 EA07 EA62	10254	1
틟	EA03 EA07 EA62	10255	1
틠	EA04 EA07 EA62	10256	1
틡	EA05 EA07 EA62	10257	1
틢	EA06 EA07 EA62	10258	1
틣	EA07 EA07 EA62	10259	1
틤	EA08 EA07 EA62	10260	1
틥	EA09 EA07 EA62	10261	1
틦	EA0A EA07 EA62	10262	1
틧	EA00 EA08 EA62	10263	1
틨	EA01 EA08 EA62	10264	1
틩	EA02 EA08 EA62	10265	1
틪	EA03 EA08 EA62	10266	1
틫	EA04 EA08 EA62	10267	1
틬	EA05 EA08 EA62	10268	1
틭	EA06 EA08 EA62	10269	1
틮	EA07 EA08 EA62	10270	1
틯	EA08 EA08 EA62	10271	1
틲	EA09 EA08 EA62	10272	1
틳	EA0A EA08 EA62	10273	1
틵	EA00 EA09 EA62	10274	1
틶	EA01 EA09 EA62	10275	1
틷	EA02 EA09 EA62	10276	1
틹	EA03 EA09 EA62	10277	1
틺	EA04 EA09 EA62	10278	1
틻	EA05 EA09 EA62	10279	1
틼	EA06 EA09 EA62	10280	1
틽	EA07 EA09 EA62	10281	1
틾	EA08 EA09 EA62	10282	1
틿	EA09 EA09 EA62	10283	1
팂	EA0A EA09 EA62	10284	1
팄	EA00 EA0A EA62	10285	1
팆	EA01 EA0A EA62	10286	1
팇	EA02 EA0A EA62	10287	1
팈	EA03 EA0A EA62	10288	1
팉	EA04 EA0A EA62	10289	1
팊	EA05 EA0A EA62	10290	1
팋	EA06 EA0A EA62	10291	1
팏	EA07 EA0A EA62	10292	1
팑	EA08 EA0A EA62	10293	1
팒	EA09 EA0A EA62	10294	1
팓	EA0A EA0A EA62	10295	1
팕	EA00 EA00 EA64	10296	1
팖	EA01 EA00 EA64	10297	1
팗	EA02 EA00 EA64	10298	1
팘	EA03 EA00 EA64	10299	1
팙	EA04 EA00 EA64	10300	1
팚	EA05 EA00 EA64	10301	1
팛	EA06 EA00 EA64	10302	1
팞	EA07 EA00 EA64	10303	1
팢	EA08 EA00 EA64	10304	1
팣	EA09 EA00 EA64	10305	1
팤	EA0A EA00 EA64	10306	1
팦	EA00 EA01 EA64	10307	1
팧	EA01 EA01 EA64	10308	1
팪	EA02 EA01 EA64	10309	1
팫	EA03 EA01 EA64	10310	1
팭	EA04 EA01 EA64	10311	1
팮	EA05 EA01 EA64	10312	1
팯	EA06 EA01 EA64	10313	1
팱	EA07 EA01 EA64	10314	1
팲	EA08 EA01 EA64	10315	1
팳	EA09 EA01 EA64	10316	1
팴	EA0A EA01 EA64	10317	1
팵	EA00 EA02 EA64	10318	1
팶	EA01 EA02 EA64	10319	1
팷	EA02 EA02 EA64	10320	1
팺	EA03 EA02 EA64	10321	1
팾	EA04 EA02 EA64	10322	1
팿	EA05 EA02 EA64	10323	1
퍁	EA06 EA02 EA64	10324	1
퍂	EA07 EA02 EA64	10325	1
퍃	EA08 EA02 EA64	10326	1
퍆	EA09 EA02 EA64	10327	1
퍇	EA0A EA02 EA64	10328	1
퍉	EA00 EA03 EA64	10329	1
퍊	EA01 EA03 EA64	10330	1
퍋	EA02 EA03 EA64	10331	1
퍍	EA03 EA03 EA64	10332	1
퍎	EA04 EA03 EA64	10333	1
퍏	EA05 EA03 EA64	10334	1
퍐	EA06 EA03 EA64	10335	1
퍑	EA07 EA03 EA64	10336	1
퍒	EA08 EA03 EA64	10337	1
퍓	EA09 EA03 EA64	10338	1
퍔	EA0A EA03 EA64	10339	1
퍕	EA00 EA04 EA64	10340	1
퍖	EA01 EA04 EA64	10341	1
퍗	EA02 EA04 EA64	10342	1
퍘	EA03 EA04 EA64	10343	1
퍚	EA04 EA04 EA64	10344	1
퍛	EA05 EA04 EA64	10345	1
퍜	EA06 EA04 EA64	10346	1
퍝	EA07 EA04 EA64	10347	1
퍞	EA08 EA04 EA64	10348	1
퍟	EA09 EA04 EA64	10349	1
퍡	EA0A EA04 EA64	10350	1
퍢	EA00 EA05 EA64	10351	1
퍣	EA01 EA05 EA64	10352	1
퍤	EA02 EA05 EA64	10353	1
퍥	EA03 EA05 EA64	10354	1
퍦	EA04 EA05 EA64	10355	1
퍧	EA05 EA05 EA64	10356	1
퍨	EA06 EA05 EA64	10357	1
퍩	EA07 EA05 EA64	10358	1
퍪	EA08 EA05 EA64	10359	1
퍫	EA09 EA05 EA64	10360	1
퍬	EA0A EA05 EA64	10361	1
퍭	EA00 EA06 EA64	10362	1
퍮	EA01 EA06 EA64	10363	1
퍯	EA02 EA06 EA64	10364	1
퍰	EA03 EA06 EA64	10365	1
퍱	EA04 EA06 EA64	10366	1
퍲	EA05 EA06 EA64	10367	1
퍳	EA06 EA06 EA64	10368	1
퍴	EA07 EA06 EA64	10369	1
퍵	EA08 EA06 EA64	10370	1
퍶	EA09 EA06 EA64	10371	1
퍷	EA0A EA06 EA64	10372	1
퍸	EA00 EA07 EA64	10373	1
퍹	EA01 EA07 EA64	10374	1
퍺	EA02 EA07 EA64	10375	1
퍻	EA03 EA07 EA64	10376	1
퍾	EA04 EA07 EA64	10377	1
퍿	EA05 EA07 EA64	10378	1
펁	EA06 EA07 EA64	10379	1
펂	EA07 EA07 EA64	10380	1
펃	EA08 EA07 EA64	10381	1
펅	EA09 EA07 EA64	10382	1
펆	EA0A EA07 EA64	10383	1
펇	EA00 EA08 EA64	10384	1
펈	EA01 EA08 EA64	10385	1
펉	EA02 EA08 EA64	10386	1
펊	EA03 EA08 EA64	10387	1
펋	EA04 EA08 EA64	10388	1
펎	EA05 EA08 EA64	10389	1
펒	EA06 EA08 EA64	10390	1
펓	EA07 EA08 EA64	10391	1
펔	EA08 EA08 EA64	10392	1
펕	EA09 EA08 EA64	10393	1
펖	EA0A EA08 EA64	10394	1
펗	EA00 EA09 EA64	10395	1
펚	EA01 EA09 EA64	10396	1
펛	EA02 EA09 EA64	10397	1
펝	EA03 EA09 EA64	10398	1
펞	EA04 EA09 EA64	10399	1
펟	EA05 EA09 EA64	10400	1
펡	EA06 EA09 EA64	10401	1
펢	EA07 EA09 EA64	10402	1
펣	EA08 EA09 EA64	10403	1
펤	EA09 EA09 EA64	10404	1
펥	EA0A EA09 EA64	10405	1
펦	EA00 EA0A EA64	10406	1
펧	EA01 EA0A EA64	10407	1
펪	EA02 EA0A EA64	10408	1
펬	EA03 EA0A EA64	10409	1
펮	EA04 EA0A EA64	10410	1
펯	EA05 EA0A EA64	10411	1
펰	EA06 EA0A EA64	10412	1
펱	EA07 EA0A EA64	10413	1
펲	EA08 EA0A EA64	10414	1
펳	EA09 EA0A EA64	10415	1
펵	EA0A EA0A EA64	10416	1
펶	EA00 EA00 EA65	10417	1
펷	EA01 EA00 EA65	10418	1
펹	EA02 EA00 EA65	10419	1
펺	EA03 EA00 EA65	10420	1
펻	EA04 EA00 EA65	10421	1
펽	EA05 EA00 EA65	10422	1
펾	EA06 EA00 EA65	10423	1
펿	EA07 EA00 EA65	10424	1
폀	EA08 EA00 EA65	10425	1
폁	EA09 EA00 EA65	10426	1
폂	EA0A EA00 EA65	10427	1
폃	EA00 EA01 EA65	10428	1
폆	EA01 EA01 EA65	10429	1
폇	EA02 EA01 EA65	10430	1
폊	EA03 EA01 EA65	10431	1
폋	EA04 EA01 EA65	10432	1
폌	EA05 EA01 EA65	10433	1
폍	EA06 EA01 EA65	10434	1
폎	EA07 EA01 EA65	10435	1
폏	EA08 EA01 EA65	10436	1
폒	EA09 EA01 EA65	10437	1
폓	EA0A EA01 EA65	10438	1
폕	EA00 EA02 EA65	10439	1
폖	EA01 EA02 EA65	10440	1
폗	EA02 EA02 EA65	10441	1
폘	EA03 EA02 EA65	10442	1
폙	EA04 EA02 EA65	10443	1
폚	EA05 EA02 EA65	10444	1
폛	EA06 EA02 EA65	10445	1
폜	EA07 EA02 EA65	10446	1
폝	EA08 EA02 EA65	10447	1
폞	EA09 EA02 EA65	10448	1
폟	EA0A EA02 EA65	10449	1
폡	EA00 EA03 EA65	10450	1
폢	EA01 EA03 EA65	10451	1
폤	EA02 EA03 EA65	10452	1
폥	EA03 EA03 EA65	10453	1
폦	EA04 EA03 EA65	10454	1
폧	EA05 EA03 EA65	10455	1
폨	EA06 EA03 EA65	10456	1
폩	EA07 EA03 EA65	10457	1
폪	EA08 EA03 EA65	10458	1
폫	EA09 EA03 EA65	10459	1
폮	EA0A EA03 EA65	10460	1
폯	EA00 EA04 EA65	10461	1
폱	EA01 EA04 EA65	10462	1
폲	EA02 EA04 EA65	10463	1
폳	EA03 EA04 EA65	10464	1
폵	EA04 EA04 EA65	10465	1
폶	EA05 EA04 EA65	10466	1
폷	EA06 EA04 EA65	10467	1
폸	EA07 EA04 EA65	10468	1
폹	EA08 EA04 EA65	10469	1
폺	EA09 EA04 EA65	10470	1
폻	EA0A EA04 EA65	10471	1
폾	EA00 EA05 EA65	10472	1
퐀	EA01 EA05 EA65	10473	1
퐂	EA02 EA05 EA65	10474	1
퐃	EA03 EA05 EA65	10475	1
퐄	EA04 EA05 EA65	10476	1
퐅	EA05 EA05 EA65	10477	1
퐆	EA06 EA05 EA65	10478	1
퐇	EA07 EA05 EA65	10479	1
퐉	EA08 EA05 EA65	10480	1
퐊	EA09 EA05 EA65	10481	1
퐋	EA0A EA05 EA65	10482	1
퐌	EA00 EA06 EA65	10483	1
퐍	EA01 EA06 EA65	10484	1
퐎	EA02 EA06 EA65	10485	1
퐏	EA03 EA06 EA65	10486	1
퐑	EA04 EA06 EA65	10487	1
퐒	EA05 EA06 EA65	10488	1
퐓	EA06 EA06 EA65	10489	1
퐔	EA07 EA06 EA65	10490	1
퐕	EA08 EA06 EA65	10491	1
퐖	EA09 EA06 EA65	10492	1
퐗	EA0A EA06 EA65	10493	1
퐘	EA00 EA07 EA65	10494	1
퐙	EA01 EA07 EA65	10495	1
퐚	EA02 EA07 EA65	10496	1
퐛	EA03 EA07 EA65	10497	1
퐜	EA04 EA07 EA65	10498	1
퐝	EA05 EA07 EA65	10499	1
퐞	EA06 EA07 EA65	10500	1
퐟	EA07 EA07 EA65	10501	1
퐠	EA08 EA07 EA65	10502	1
퐡	EA09 EA07 EA65	10503	1
퐢	EA0A EA07 EA65	10504	1
퐣	EA00 EA08 EA65	10505	1
퐤	EA01 EA08 EA65	10506	1
퐥	EA02 EA08 EA65	10507	1
퐦	EA03 EA08 EA65	10508	1
퐧	EA04 EA08 EA65	10509	1
퐨	EA05 EA08 EA65	10510	1
퐩	EA06 EA08 EA65	10511	1
퐪	EA07 EA08 EA65	10512	1
퐫	EA08 EA08 EA65	10513	1
퐬	EA09 EA08 EA65	10514	1
퐭	EA0A EA08 EA65	10515	1
퐮	EA00 EA09 EA65	10516	1
퐯	EA01 EA09 EA65	10517	1
퐰	EA02 EA09 EA65	10518	1
퐱	EA03 EA09 EA65	10519	1
퐲	EA04 EA09 EA65	10520	1
퐳	EA05 EA09 EA65	10521	1
퐴	EA06 EA09 EA65	10522	1
퐵	EA07 EA09 EA65	10523	1
퐶	EA08 EA09 EA65	10524	1
퐷	EA09 EA09 EA65	10525	1
퐸	EA0A EA09 EA65	10526	1
퐹	EA00 EA0A EA65	10527	1
퐺	EA01 EA0A EA65	10528	1
퐻	EA02 EA0A EA65	10529	1
퐼	EA03 EA0A EA65	10530	1
퐽	EA04 EA0A EA65	10531	1
퐾	EA05 EA0A EA65	10532	1
퐿	EA06 EA0A EA65	10533	1
푂	EA07 EA0A EA65	10534	1
푃	EA08 EA0A EA65	10535	1
푅	EA09 EA0A EA65	10536	1
푆	EA0A EA0A EA65	10537	1
푇	EA00 EA00 EA70	10538	1
푉	EA01 EA00 EA70	10539	1
푊	EA02 EA00 EA70	10540	1
푋	EA03 EA00 EA70	10541	1
푌	EA04 EA00 EA70	10542	1
푍	EA05 EA00 EA70	10543	1
푎	EA06 EA00 EA70	10544	1
푏	EA07 EA00 EA70	10545	1
푐	EA08 EA00 EA70	10546	1
푑	EA09 EA00 EA70	10547	1
푒	EA0A EA00 EA70	10548	1
푓	EA00 EA01 EA70	10549	1
푔	EA01 EA01 EA70	10550	1
푖	EA02 EA01 EA70	10551	1
푗	EA03 EA01 EA70	10552	1
푘	EA04 EA01 EA70	10553	1
푙	EA05 EA01 EA70	10554	1
푚	EA06 EA01 EA70	10555	1
푛	EA07 EA01 EA70	10556	1
푝	EA08 EA01 EA70	10557	1
푞	EA09 EA01 EA70	10558	1
푟	EA0A EA01 EA70	10559	1
푡	EA00 EA02 EA70	10560	1
푢	EA01 EA02 EA70	10561	1
푣	EA02 EA02 EA70	10562	1
푥	EA03 EA02 EA70	10563	1
푦	EA04 EA02 EA70	10564	1
푧	EA05 EA02 EA70	10565	1
푨	EA06 EA02 EA70	10566	1
푩	EA07 EA02 EA70	10567	1
푪	EA08 EA02 EA70	10568	1
푫	EA09 EA02 EA70	10569	1
푬	EA0A EA02 EA70	10570	1
푭	EA00 EA03 EA70	10571	1
푮	EA01 EA03 EA70	10572	1
푰	EA02 EA03 EA70	10573	1
푲	EA03 EA03 EA70	10574	1
푳	EA04 EA03 EA70	10575	1
푴	EA05 EA03 EA70	10576	1
푵	EA06 EA03 EA70	10577	1
푶	EA07 EA03 EA70	10578	1
푷	EA08 EA03 EA70	10579	1
푺	EA09 EA03 EA70	10580	1
푻	EA0A EA03 EA70	10581	1
푽	EA00 EA04 EA70	10582	1
푾	EA01 EA04 EA70	10583	1
푿	EA02 EA04 EA70	10584	1
풁	EA03 EA04 EA70	10585	1
풃	EA04 EA04 EA70	10586	1
풄	EA05 EA04 EA70	10587	1
풅	EA06 EA04 EA70	10588	1
풆	EA07 EA04 EA70	10589	1
풊	EA08 EA04 EA70	10590	1
풌	EA09 EA04 EA70	10591	1
풎	EA0A EA04 EA70	10592	1
풏	EA00 EA05 EA70	10593	1
풐	EA01 EA05 EA70	10594	1
풒	EA02 EA05 EA70	10595	1
풓	EA03 EA05 EA70	10596	1
풔	EA04 EA05 EA70	10597	1
풕	EA05 EA05 EA70	10598	1
풖	EA06 EA05 EA70	10599	1
풗	EA07 EA05 EA70	10600	1
풘	EA08 EA05 EA70	10601	1
풙	EA09 EA05 EA70	10602	1
풚	EA0A EA05 EA70	10603	1
풛	EA00 EA06 EA70	10604	1
풜	EA01 EA06 EA70	10605	1
풝	EA02 EA06 EA70	10606	1
풞	EA03 EA06 EA70	10607	1
풟	EA04 EA06 EA70	10608	1
풠	EA05 EA06 EA70	10609	1
풡	EA06 EA06 EA70	10610	1
풢	EA07 EA06 EA70	10611	1
풣	EA08 EA06 EA70	10612	1
풤	EA09 EA06 EA70	10613	1
풥	EA0A EA06 EA70	10614	1
풦	EA00 EA07 EA70	10615	1
풧	EA01 EA07 EA70	10616	1
풨	EA02 EA07 EA70	10617	1
풩	EA03 EA07 EA70	10618	1
풪	EA04 EA07 EA70	10619	1
풫	EA05 EA07 EA70	10620	1
풬	EA06 EA07 EA70	10621	1
풭	EA07 EA07 EA70	10622	1
풮	EA08 EA07 EA70	10623	1
풯	EA09 EA07 EA70	10624	1
풱	EA0A EA07 EA70	10625	1
풲	EA00 EA08 EA70	10626	1
풳	EA01 EA08 EA70	10627	1
풴	EA02 EA08 EA70	10628	1
풵	EA03 EA08 EA70	10629	1
풶	EA04 EA08 EA70	10630	1
풷	EA05 EA08 EA70	10631	1
풸	EA06 EA08 EA70	10632	1
풹	EA07 EA08 EA70	10633	1
풺	EA08 EA08 EA70	10634	1
풻	EA09 EA08 EA70	10635	1
풼	EA0A EA08 EA70	10636	1
풽	EA00 EA09 EA70	10637	1
풾	EA01 EA09 EA70	10638	1
풿	EA02 EA09 EA70	10639	1
퓀	EA03 EA09 EA70	10640	1
퓁	EA04 EA09 EA70	10641	1
퓂	EA05 EA09 EA70	10642	1
퓃	EA06 EA09 EA70	10643	1
퓄	EA07 EA09 EA70	10644	1
퓅	EA08 EA09 EA70	10645	1
퓆	EA09 EA09 EA70	10646	1
퓇	EA0A EA09 EA70	10647	1
퓈	EA00 EA0A EA70	10648	1
퓉	EA01 EA0A EA70	10649	1
퓊	EA02 EA0A EA70	10650	1
퓋	EA03 EA0A EA70	10651	1
퓍	EA04 EA0A EA70	10652	1
퓎	EA05 EA0A EA70	10653	1
퓏	EA06 EA0A EA70	10654	1
퓑	EA07 EA0A EA70	10655	1
퓒	EA08 EA0A EA70	10656	1
퓓	EA09 EA0A EA70	10657	1
퓕	EA0A EA0A EA70	10658	1
퓖	EA00 EA00 EA66	10659	1
퓗	EA01 EA00 EA66	10660	1
퓘	EA02 EA00 EA66	10661	1
퓙	EA03 EA00 EA66	10662	1
퓚	EA04 EA00 EA66	10663	1
퓛	EA05 EA00 EA66	10664	1
퓜	EA06 EA00 EA66	10665	1
퓝	EA07 EA00 EA66	10666	1
퓞	EA08 EA00 EA66	10667	1
퓟	EA09 EA00 EA66	10668	1
퓠	EA0A EA00 EA66	10669	1
퓡	EA00 EA01 EA66	10670	1
퓢	EA01 EA01 EA66	10671	1
퓣	EA02 EA01 EA66	10672	1
퓤	EA03 EA01 EA66	10673	1
퓥	EA04 EA01 EA66	10674	1
퓦	EA05 EA01 EA66	10675	1
퓧	EA06 EA01 EA66	10676	1
퓩	EA07 EA01 EA66	10677	1
퓪	EA08 EA01 EA66	10678	1
퓫	EA09 EA01 EA66	10679	1
퓬	EA0A EA01 EA66	10680	1
퓭	EA00 EA02 EA66	10681	1
퓮	EA01 EA02 EA66	10682	1
퓯	EA02 EA02 EA66	10683	1
퓱	EA03 EA02 EA66	10684	1
퓲	EA04 EA02 EA66	10685	1
퓳	EA05 EA02 EA66	10686	1
퓴	EA06 EA02 EA66	10687	1
퓵	EA07 EA02 EA66	10688	1
퓶	EA08 EA02 EA66	10689	1
퓷	EA09 EA02 EA66	10690	1
퓹	EA0A EA02 EA66	10691	1
퓺	EA00 EA03 EA66	10692	1
퓻	EA01 EA03 EA66	10693	1
퓼	EA02 EA03 EA66	10694	1
퓽	EA03 EA03 EA66	10695	1
퓾	EA04 EA03 EA66	10696	1
퓿	EA05 EA03 EA66	10697	1
픀	EA06 EA03 EA66	10698	1
픁	EA07 EA03 EA66	10699	1
픂	EA08 EA03 EA66	10700	1
픃	EA09 EA03 EA66	10701	1
픆	EA0A EA03 EA66	10702	1
픇	EA00 EA04 EA66	10703	1
픉	EA01 EA04 EA66	10704	1
픊	EA02 EA04 EA66	10705	1
픋	EA03 EA04 EA66	10706	1
픍	EA04 EA04 EA66	10707	1
픎	EA05 EA04 EA66	10708	1
픏	EA06 EA04 EA66	10709	1
픐	EA07 EA04 EA66	10710	1
픑	EA08 EA04 EA66	10711	1
픒	EA09 EA04 EA66	10712	1
픓	EA0A EA04 EA66	10713	1
픖	EA00 EA05 EA66	10714	1
픘	EA01 EA05 EA66	10715	1
픚	EA02 EA05 EA66	10716	1
픛	EA03 EA05 EA66	10717	1
픜	EA04 EA05 EA66	10718	1
픞	EA05 EA05 EA66	10719	1
픟	EA06 EA05 EA66	10720	1
픡	EA07 EA05 EA66	10721	1
픢	EA08 EA05 EA66	10722	1
픣	EA09 EA05 EA66	10723	1
픤	EA0A EA05 EA66	10724	1
픥	EA00 EA06 EA66	10725	1
픦	EA01 EA06 EA66	10726	1
픧	EA02 EA06 EA66	10727	1
픨	EA03 EA06 EA66	10728	1
픩	EA04 EA06 EA66	10729	1
픪	EA05 EA06 EA66	10730	1
픫	EA06 EA06 EA66	10731	1
픬	EA07 EA06 EA66	10732	1
픭	EA08 EA06 EA66	10733	1
픮	EA09 EA06 EA66	10734	1
픯	EA0A EA06 EA66	10735	1
픰	EA00 EA07 EA66	10736	1
픱	EA01 EA07 EA66	10737	1
픲	EA02 EA07 EA66	10738	1
픳	EA03 EA07 EA66	10739	1
픴	EA04 EA07 EA66	10740	1
픵	EA05 EA07 EA66	10741	1
픶	EA06 EA07 EA66	10742	1
픷	EA07 EA07 EA66	10743	1
픸	EA08 EA07 EA66	10744	1
픹	EA09 EA07 EA66	10745	1
픺	EA0A EA07 EA66	10746	1
픻	EA00 EA08 EA66	10747	1
픾	EA01 EA08 EA66	10748	1
픿	EA02 EA08 EA66	10749	1
핁	EA03 EA08 EA66	10750	1
핂	EA04 EA08 EA66	10751	1
핃	EA05 EA08 EA66	10752	1
핆	EA06 EA08 EA66	10753	1
핇	EA07 EA08 EA66	10754	1
핈	EA08 EA08 EA66	10755	1
핉	EA09 EA08 EA66	10756	1
핊	EA0A EA08 EA66	10757	1
핋	EA00 EA09 EA66	10758	1
핎	EA01 EA09 EA66	10759	1
핐	EA02 EA09 EA66	10760	1
핒	EA03 EA09 EA66	10761	1
핓	EA04 EA09 EA66	10762	1
핕	EA05 EA09 EA66	10763	1
핖	EA06 EA09 EA66	10764	1
핞	EA07 EA09 EA66	10765	1
핢	EA08 EA09 EA66	10766	1
핣	EA09 EA09 EA66	10767	1
핤	EA0A EA09 EA66	10768	1
핦	EA00 EA0A EA66	10769	1
핪	EA01 EA0A EA66	10770	1
핮	EA02 EA0A EA66	10771	1
핰	EA03 EA0A EA66	10772	1
핲	EA04 EA0A EA66	10773	1
핷	EA05 EA0A EA66	10774	1
핹	EA06 EA0A EA66	10775	1
핺	EA07 EA0A EA66	10776	1
핻	EA08 EA0A EA66	10777	1
핽	EA09 EA0A EA66	10778	1
핾	EA0A EA0A EA66	10779	1
핿	EA00 EA00 EA67	10780	1
햀	EA01 EA00 EA67	10781	1
햁	EA02 EA00 EA67	10782	1
햂	EA03 EA00 EA67	10783	1
햃	EA04 EA00 EA67	10784	1
햆	EA05 EA00 EA67	10785	1
햌	EA06 EA00 EA67	10786	1
햍	EA07 EA00 EA67	10787	1
햎	EA08 EA00 EA67	10788	1
햒	EA09 EA00 EA67	10789	1
햓	EA0A EA00 EA67	10790	1
햕	EA00 EA01 EA67	10791	1
햖	EA01 EA01 EA67	10792	1
햗	EA02 EA01 EA67	10793	1
햙	EA03 EA01 EA67	10794	1
햛	EA04 EA01 EA67	10795	1
햜	EA05 EA01 EA67	10796	1
햞	EA06 EA01 EA67	10797	1
햟	EA07 EA01 EA67	10798	1
햢	EA08 EA01 EA67	10799	1
햦	EA09 EA01 EA67	10800	1
햧	EA0A EA01 EA67	10801	1
햨	EA00 EA02 EA67	10802	1
햩	EA01 EA02 EA67	10803	1
햪	EA02 EA02 EA67	10804	1
햭	EA03 EA02 EA67	10805	1
햮	EA04 EA02 EA67	10806	1
햯	EA05 EA02 EA67	10807	1
햰	EA06 EA02 EA67	10808	1
햱	EA07 EA02 EA67	10809	1
햲	EA08 EA02 EA67	10810	1
햳	EA09 EA02 EA67	10811	1
햴	EA0A EA02 EA67	10812	1
햵	EA00 EA03 EA67	10813	1
햶	EA01 EA03 EA67	10814	1
햷	EA02 EA03 EA67	10815	1
햸	EA03 EA03 EA67	10816	1
햹	EA04 EA03 EA67	10817	1
햺	EA05 EA03 EA67	10818	1
햻	EA06 EA03 EA67	10819	1
햼	EA07 EA03 EA67	10820	1
햽	EA08 EA03 EA67	10821	1
햾	EA09 EA03 EA67	10822	1
헂	EA0A EA03 EA67	10823	1
헃	EA00 EA04 EA67	10824	1
헄	EA01 EA04 EA67	10825	1
헅	EA02 EA04 EA67	10826	1
헆	EA03 EA04 EA67	10827	1
헇	EA04 EA04 EA67	10828	1
헊	EA05 EA04 EA67	10829	1
헋	EA06 EA04 EA67	10830	1
헍	EA07 EA04 EA67	10831	1
헎	EA08 EA04 EA67	10832	1
헏	EA09 EA04 EA67	10833	1
헑	EA0A EA04 EA67	10834	1
헒	EA00 EA05 EA67	10835	1
헓	EA01 EA05 EA67	10836	1
헔	EA02 EA05 EA67	10837	1
헕	EA03 EA05 EA67	10838	1
헖	EA04 EA05 EA67	10839	1
헗	EA05 EA05 EA67	10840	1
헚	EA06 EA05 EA67	10841	1
헜	EA07 EA05 EA67	10842	1
헞	EA08 EA05 EA67	10843	1
헟	EA09 EA05 EA67	10844	1
헠	EA0A EA05 EA67	10845	1
헡	EA00 EA06 EA67	10846	1
헢	EA01 EA06 EA67	10847	1
헦	EA02 EA06 EA67	10848	1
헧	EA03 EA06 EA67	10849	1
헩	EA04 EA06 EA67	10850	1
헪	EA05 EA06 EA67	10851	1
헫	EA06 EA06 EA67	10852	1
헭	EA07 EA06 EA67	10853	1
헮	EA08 EA06 EA67	10854	1
헯	EA09 EA06 EA67	10855	1
헰	EA0A EA06 EA67	10856	1
헱	EA00 EA07 EA67	10857	1
헲	EA01 EA07 EA67	10858	1
헳	EA02 EA07 EA67	10859	1
헶	EA03 EA07 EA67	10860	1
헺	EA04 EA07 EA67	10861	1
헻	EA05 EA07 EA67	10862	1
헼	EA06 EA07 EA67	10863	1
헽	EA07 EA07 EA67	10864	1
헾	EA08 EA07 EA67	10865	1
헿	EA09 EA07 EA67	10866	1
혂	EA0A EA07 EA67	10867	1
혃	EA00 EA08 EA67	10868	1
혅	EA01 EA08 EA67	10869	1
혆	EA02 EA08 EA67	10870	1
혇	EA03 EA08 EA67	10871	1
혉	EA04 EA08 EA67	10872	1
혊	EA05 EA08 EA67	10873	1
혋	EA06 EA08 EA67	10874	1
혌	EA07 EA08 EA67	10875	1
혍	EA08 EA08 EA67	10876	1
혎	EA09 EA08 EA67	10877	1
혏	EA0A EA08 EA67	10878	1
혒	EA00 EA09 EA67	10879	1
혖	EA01 EA09 EA67	10880	1
혗	EA02 EA09 EA67	10881	1
혘	EA03 EA09 EA67	10882	1
혙	EA04 EA09 EA67	10883	1
혚	EA05 EA09 EA67	10884	1
혛	EA06 EA09 EA67	10885	1
혝	EA07 EA09 EA67	10886	1
혞	EA08 EA09 EA67	10887	1
혟	EA09 EA09 EA67	10888	1
혡	EA0A EA09 EA67	10889	1
혢	EA00 EA0A EA67	10890	1
혣	EA01 EA0A EA67	10891	1
혤	EA02 EA0A EA67	10892	1
혥	EA03 EA0A EA67	10893	1
혦	EA04 EA0A EA67	10894	1
혧	EA05 EA0A EA67	10895	1
혨	EA06 EA0A EA67	10896	1
혩	EA07 EA0A EA67	10897	1
혪	EA08 EA0A EA67	10898	1
혫	EA09 EA0A EA67	10899	1
혬	EA0A EA0A EA67	10900	1
혭	EA00 EA00 EA68	10901	1
혮	EA01 EA00 EA68	10902	1
혯	EA02 EA00 EA68	10903	1
혰	EA03 EA00 EA68	10904	1
혲	EA04 EA00 EA68	10905	1
혳	EA05 EA00 EA68	10906	1
혴	EA06 EA00 EA68	10907	1
혶	EA07 EA00 EA68	10908	1
혷	EA08 EA00 EA68	10909	1
혺	EA09 EA00 EA68	10910	1
혽	EA0A EA00 EA68	10911	1
혾	EA00 EA01 EA68	10912	1
홁	EA01 EA01 EA68	10913	1
홂	EA02 EA01 EA68	10914	1
홃	EA03 EA01 EA68	10915	1
홄	EA04 EA01 EA68	10916	1
홆	EA05 EA01 EA68	10917	1
홇	EA06 EA01 EA68	10918	1
홊	EA07 EA01 EA68	10919	1
홌	EA08 EA01 EA68	10920	1
홎	EA09 EA01 EA68	10921	1
홏	EA0A EA01 EA68	10922	1
홐	EA00 EA02 EA68	10923	1
홓	EA01 EA02 EA68	10924	1
홖	EA02 EA02 EA68	10925	1
홗	EA03 EA02 EA68	10926	1
홙	EA04 EA02 EA68	10927	1
홚	EA05 EA02 EA68	10928	1
홝	EA06 EA02 EA68	10929	1
홞	EA07 EA02 EA68	10930	1
홟	EA08 EA02 EA68	10931	1
홠	EA09 EA02 EA68	10932	1
홡	EA0A EA02 EA68	10933	1
홢	EA00 EA03 EA68	10934	1
홣	EA01 EA03 EA68	10935	1
홦	EA02 EA03 EA68	10936	1
홪	EA03 EA03 EA68	10937	1
홫	EA04 EA03 EA68	10938	1
홬	EA05 EA03 EA68	10939	1
홭	EA06 EA03 EA68	10940	1
홮	EA07 EA03 EA68	10941	1
홯	EA08 EA03 EA68	10942	1
홲	EA09 EA03 EA68	10943	1
홳	EA0A EA03 EA68	10944	1
홵	EA00 EA04 EA68	10945	1
홶	EA01 EA04 EA68	10946	1
홷	EA02 EA04 EA68	10947	1
홸	EA03 EA04 EA68	10948	1
홹	EA04 EA04 EA68	10949	1
홺	EA05 EA04 EA68	10950	1
홻	EA06 EA04 EA68	10951	1
홼	EA07 EA04 EA68	10952	1
홽	EA08 EA04 EA68	10953	1
홾	EA09 EA04 EA68	10954	1
홿	EA0A EA04 EA68	10955	1
횀	EA00 EA05 EA68	10956	1
횁	EA01 EA05 EA68	10957	1
횂	EA02 EA05 EA68	10958	1
횆	EA03 EA05 EA68	10959	1
횇	EA04 EA05 EA68	10960	1
횈	EA05 EA05 EA68	10961	1
횉	EA06 EA05 EA68	10962	1
횊	EA07 EA05 EA68	10963	1
횋	EA08 EA05 EA68	10964	1
횎	EA09 EA05 EA68	10965	1
횏	EA0A EA05 EA68	10966	1
횑	EA00 EA06 EA68	10967	1
횒	EA01 EA06 EA68	10968	1
횓	EA02 EA06 EA68	10969	1
횕	EA03 EA06 EA68	10970	1
횖	EA04 EA06 EA68	10971	1
횗	EA05 EA06 EA68	10972	1
횘	EA06 EA06 EA68	10973	1
횙	EA07 EA06 EA68	10974	1
횚	EA08 EA06 EA68	10975	1
횛	EA09 EA06 EA68	10976	1
횜	EA0A EA06 EA68	10977	1
횝	EA00 EA07 EA68	10978	1
횞	EA01 EA07 EA68	10979	1
횠	EA02 EA07 EA68	10980	1
횢	EA03 EA07 EA68	10981	1
횣	EA04 EA07 EA68	10982	1
횤	EA05 EA07 EA68	10983	1
횥	EA06 EA07 EA68	10984	1
횦	EA07 EA07 EA68	10985	1
횧	EA08 EA07 EA68	10986	1
횩	EA09 EA07 EA68	10987	1
횪	EA0A EA07 EA68	10988	1
횫	EA00 EA08 EA68	10989	1
횭	EA01 EA08 EA68	10990	1
횮	EA02 EA08 EA68	10991	1
횯	EA03 EA08 EA68	10992	1
횱	EA04 EA08 EA68	10993	1
횲	EA05 EA08 EA68	10994	1
횳	EA06 EA08 EA68	10995	1
횴	EA07 EA08 EA68	10996	1
횵	EA08 EA08 EA68	10997	1
횶	EA09 EA08 EA68	10998	1
횷	EA0A EA08 EA68	10999	1
횸	EA00 EA09 EA68	11000	1
횹	EA01 EA09 EA68	11001	1
횺	EA02 EA09 EA68	11002	1
횼	EA03 EA09 EA68	11003	1
횾	EA04 EA09 EA68	11004	1
횿	EA05 EA09 EA68	11005	1
훀	EA06 EA09 EA68	11006	1
훁	EA07 EA09 EA68	11007	1
훂	EA08 EA09 EA68	11008	1
훃	EA09 EA09 EA68	11009	1
훆	EA0A EA09 EA68	11010	1
훇	EA00 EA0A EA68	11011	1
훉	EA01 EA0A EA68	11012	1
훊	EA02 EA0A EA68	11013	1
훋	EA03 EA0A EA68	11014	1
훍	EA04 EA0A EA68	11015	1
훎	EA05 EA0A EA68	11016	1
훏	EA06 EA0A EA68	11017	1
훐	EA07 EA0A EA68	11018	1
훒	EA08 EA0A EA68	11019	1
훖	EA09 EA0A EA68	11020	1
훘	EA0A EA0A EA68	11021	1
훚	EA00 EA00 EA6A	11022	1
훛	EA01 EA00 EA6A	11023	1
훜	EA02 EA00 EA6A	11024	1
훞	EA03 EA00 EA6A	11025	1
훟	EA04 EA00 EA6A	11026	1
훡	EA05 EA00 EA6A	11027	1
훢	EA06 EA00 EA6A	11028	1
훣	EA07 EA00 EA6A	11029	1
훥	EA08 EA00 EA6A	11030	1
훦	EA09 EA00 EA6A	11031	1
훧	EA0A EA00 EA6A	11032	1
훩	EA00 EA01 EA6A	11033	1
훪	EA01 EA01 EA6A	11034	1
훫	EA02 EA01 EA6A	11035	1
훬	EA03 EA01 EA6A	11036	1
훭	EA04 EA01 EA6A	11037	1
훮	EA05 EA01 EA6A	11038	1
훯	EA06 EA01 EA6A	11039	1
훰	EA07 EA01 EA6A	11040	1
훱	EA08 EA01 EA6A	11041	1
훲	EA09 EA01 EA6A	11042	1
훳	EA0A EA01 EA6A	11043	1
훴	EA00 EA02 EA6A	11044	1
훶	EA01 EA02 EA6A	11045	1
훷	EA02 EA02 EA6A	11046	1
훸	EA03 EA02 EA6A	11047	1
훹	EA04 EA02 EA6A	11048	1
훺	EA05 EA02 EA6A	11049	1
훻	EA06 EA02 EA6A	11050	1
훾	EA07 EA02 EA6A	11051	1
훿	EA08 EA02 EA6A	11052	1
휁	EA09 EA02 EA6A	11053	1
휂	EA0A EA02 EA6A	11054	1
휃	EA00 EA03 EA6A	11055	1
휅	EA01 EA03 EA6A	11056	1
휆	EA02 EA03 EA6A	11057	1
휇	EA03 EA03 EA6A	11058	1
휈	EA04 EA03 EA6A	11059	1
휉	EA05 EA03 EA6A	11060	1
휊	EA06 EA03 EA6A	11061	1
휋	EA07 EA03 EA6A	11062	1
휌	EA08 EA03 EA6A	11063	1
휍	EA09 EA03 EA6A	11064	1
휎	EA0A EA03 EA6A	11065	1
휐	EA00 EA04 EA6A	11066	1
휒	EA01 EA04 EA6A	11067	1
휓	EA02 EA04 EA6A	11068	1
휔	EA03 EA04 EA6A	11069	1
휕	EA04 EA04 EA6A	11070	1
휖	EA05 EA04 EA6A	11071	1
휗	EA06 EA04 EA6A	11072	1
휚	EA07 EA04 EA6A	11073	1
휛	EA08 EA04 EA6A	11074	1
휝	EA09 EA04 EA6A	11075	1
휞	EA0A EA04 EA6A	11076	1
휟	EA00 EA05 EA6A	11077	1
휡	EA01 EA05 EA6A	11078	1
휢	EA02 EA05 EA6A	11079	1
휣	EA03 EA05 EA6A	11080	1
휤	EA04 EA05 EA6A	11081	1
휥	EA05 EA05 EA6A	11082	1
휦	EA06 EA05 EA6A	11083	1
휧	EA07 EA05 EA6A	11084	1
휪	EA08 EA05 EA6A	11085	1
휬	EA09 EA05 EA6A	11086	1
휮	EA0A EA05 EA6A	11087	1
휯	EA00 EA06 EA6A	11088	1
휰	EA01 EA06 EA6A	11089	1
휱	EA02 EA06 EA6A	11090	1
휲	EA03 EA06 EA6A	11091	1
휳	EA04 EA06 EA6A	11092	1
휵	EA05 EA06 EA6A	11093	1
휶	EA06 EA06 EA6A	11094	1
휷	EA07 EA06 EA6A	11095	1
휹	EA08 EA06 EA6A	11096	1
휺	EA09 EA06 EA6A	11097	1
휻	EA0A EA06 EA6A	11098	1
휽	EA00 EA07 EA6A	11099	1
휾	EA01 EA07 EA6A	11100	1
휿	EA02 EA07 EA6A	11101	1
흀	EA03 EA07 EA6A	11102	1
흁	EA04 EA07 EA6A	11103	1
흂	EA05 EA07 EA6A	11104	1
흃	EA06 EA07 EA6A	11105	1
흅	EA07 EA07 EA6A	11106	1
흆	EA08 EA07 EA6A	11107	1
흇	EA09 EA07 EA6A	11108	1
흈	EA0A EA07 EA6A	11109	1
흊	EA00 EA08 EA6A	11110	1
흋	EA01 EA08 EA6A	11111	1
흌	EA02 EA08 EA6A	11112	1
흍	EA03 EA08 EA6A	11113	1
흎	EA04 EA08 EA6A	11114	1
흏	EA05 EA08 EA6A	11115	1
흒	EA06 EA08 EA6A	11116	1
흓	EA07 EA08 EA6A	11117	1
흕	EA08 EA08 EA6A	11118	1
흖	EA09 EA08 EA6A	11119	1
흚	EA0A EA08 EA6A	11120	1
흛	EA00 EA09 EA6A	11121	1
흜	EA01 EA09 EA6A	11122	1
흞	EA02 EA09 EA6A	11123	1
흟	EA03 EA09 EA6A	11124	1
흢	EA04 EA09 EA6A	11125	1
흤	EA05 EA09 EA6A	11126	1
흦	EA06 EA09 EA6A	11127	1
흧	EA07 EA09 EA6A	11128	1
흨	EA08 EA09 EA6A	11129	1
흪	EA09 EA09 EA6A	11130	1
흫	EA0A EA09 EA6A	11131	1
흮	EA00 EA0A EA6A	11132	1
흯	EA01 EA0A EA6A	11133	1
흱	EA02 EA0A EA6A	11134	1
흲	EA03 EA0A EA6A	11135	1
흳	EA04 EA0A EA6A	11136	1
흵	EA05 EA0A EA6A	11137	1
흶	EA06 EA0A EA6A	11138	1
흷	EA07 EA0A EA6A	11139	1
흸	EA08 EA0A EA6A	11140	1
흹	EA09 EA0A EA6A	11141	1
흺	EA0A EA0A EA6A	11142	1
흻	EA00 EA00 EA6B	11143	1
흾	EA01 EA00 EA6B	11144	1
흿	EA02 EA00 EA6B	11145	1
힀	EA03 EA00 EA6B	11146	1
힂	EA04 EA00 EA6B	11147	1
힃	EA05 EA00 EA6B	11148	1
힄	EA06 EA00 EA6B	11149	1
힅	EA07 EA00 EA6B	11150	1
힆	EA08 EA00 EA6B	11151	1
힇	EA09 EA00 EA6B	11152	1
힊	EA0A EA00 EA6B	11153	1
힋	EA00 EA01 EA6B	11154	1
힍	EA01 EA01 EA6B	11155	1
힎	EA02 EA01 EA6B	11156	1
힏	EA03 EA01 EA6B	11157	1
힑	EA04 EA01 EA6B	11158	1
힒	EA05 EA01 EA6B	11159	1
힓	EA06 EA01 EA6B	11160	1
힔	EA07 EA01 EA6B	11161	1
힕	EA08 EA01 EA6B	11162	1
힖	EA09 EA01 EA6B	11163	1
힗	EA0A EA01 EA6B	11164	1
힚	EA00 EA02 EA6B	11165	1
힞	EA01 EA02 EA6B	11166	1
힟	EA02 EA02 EA6B	11167	1
힠	EA03 EA02 EA6B	11168	1
힡	EA04 EA02 EA6B	11169	1
힢	EA05 EA02 EA6B	11170	1
힣	EA06 EA02 EA6B	11171	1
