char	slot	match	score
拐	0	抚	0.9610
妓	0	坡	0.9738
檜	0	槍	0.9713
傭	0	偏	0.9684
贴	0	站	0.9597
愉	0	偷	0.9757
罢	0	異	0.9690
諜	0	謀	0.9865
宵	0	骨	0.9716
剌	0	刺	0.9828
迟	0	迈	0.9557
煎	0	漂	0.9632
馴	0	鵬	0.9392
泄	0	拱	0.9639
耆	0	掌	0.9681
哭	0	突	0.9563
鏈	0	鍵	0.9840
禎	0	積	0.9743
凭	0	氧	0.9523
臉	0	験	0.9699
喧	0	噶	0.9611
哨	0	削	0.9690
瞭	0	跨	0.9656
衷	0	表	0.9740
颱	0	胞	0.9591
俵	0	併	0.9718
侨	0	療	0.9646
弼	0	彈	0.9544
傲	0	做	0.9732
詮	0	誇	0.9622
滚	0	滾	0.9786
捻	0	龄	0.9665
遽	0	遊	0.9647
顛	0	頓	0.9710
扫	0	拝	0.9789
雰	0	赛	0.9587
厭	0	廠	0.9678
蛛	0	珠	0.9720
咀	0	坦	0.9708
瑰	0	塊	0.9856
赶	0	趙	0.9656
讐	0	鲁	0.9561
黏	0	膝	0.9679
夾	0	俠	0.9603
蝠	0	増	0.9716
纤	0	红	0.9659
舱	0	船	0.9548
舷	0	碰	0.9658
蔓	0	曼	0.9654
滕	1	膝	0.9775
询	0	拘	0.9693
顎	0	頭	0.9859
漿	0	獎	0.9827
稔	0	叙	0.9669
肆	0	擇	0.9694
揆	0	傑	0.9731
橡	0	稼	0.9730
娱	0	娛	0.9896
娠	0	痕	0.9706
璧	0	壁	0.9806
祷	0	祐	0.9660
纖	0	繊	0.9774
苫	0	苦	0.9889
傀	0	佛	0.9672
瘤	0	厳	0.9705
叠	0	肇	0.9329
曳	0	吏	0.9713
歪	0	盃	0.9654
廂	0	畑	0.9703
諫	1	謀	0.9769
殲	0	濃	0.9571
倪	0	悦	0.9717
拶	0	渉	0.9627
珂	0	铜	0.9625
憧	0	禮	0.9676
妄	0	妾	0.9584
睛	0	晴	0.9901
祚	0	许	0.9735
溢	0	浴	0.9660
芹	0	芦	0.9757
秉	0	乗	0.9781
酋	0	猶	0.9648
鸣	0	鳴	0.9546
勿	0	刃	0.9521
扭	0	理	0.9636
纺	0	约	0.9620
堯	0	憲	0.9483
陝	0	陕	0.9810
罵	0	駕	0.9625
涛	0	湊	0.9737
儡	0	儒	0.9561
赣	0	證	0.9599
鹰	0	應	0.9730
嵯	0	峙	0.9645
畝	0	蔵	0.9587
瑚	0	醐	0.9714
铭	0	轻	0.9715
焰	0	韵	0.9655
塌	0	環	0.9669
諧	0	詔	0.9676
玫	0	攻	0.9886
迭	0	送	0.9827
簧	0	贊	0.9714
曝	0	握	0.9705
煩	0	殖	0.9699
羌	0	宪	0.9607
狹	1	俠	0.9780
蔑	0	费	0.9681
酮	0	胴	0.9692
姦	0	姿	0.9640
懂	0	僅	0.9607
鸭	0	鴨	0.9705
殴	0	欧	0.9572
馳	0	駒	0.9608
盒	0	舍	0.9720
牝	0	北	0.9698
茄	0	节	0.9612
歉	0	軟	0.9727
膏	0	言	0.9555
閘	0	閩	0.9720
薯	0	署	0.9769
醜	0	晩	0.9641
亘	0	旦	0.9669
匪	0	匡	0.9545
倚	0	骑	0.9674
厩	0	观	0.9686
戌	0	戊	0.9877
醤	0	醫	0.9683
剿	0	剰	0.9656
茹	0	姑	0.9725
捲	0	捧	0.9669
脏	0	斯	0.9654
偿	0	尝	0.9651
惣	0	綾	0.9646
噌	0	贈	0.9740
鵜	0	鴉	0.9752
壺	0	詩	0.9513
淋	0	彬	0.9749
沛	0	沖	0.9688
喰	0	哈	0.9625
渊	0	淑	0.9605
膽	0	腹	0.9579
铸	0	鋳	0.9666
懇	0	墾	0.9552
濤	0	灣	0.9559
衙	0	衛	0.9765
罩	0	章	0.9600
丼	0	井	0.9721
厝	0	層	0.9773
砖	0	转	0.9706
髙	0	高	0.9637
兜	0	児	0.9487
杵	0	杆	0.9809
壱	0	它	0.9502
昨	0	唯	0.9617
劝	0	効	0.9740
茜	0	萬	0.9644
崛	0	幅	0.9642
渭	0	滑	0.9795
沫	0	妹	0.9726
夭	0	矢	0.9768
疇	0	割	0.9538
辐	0	辑	0.9762
誼	0	請	0.9608
啤	0	聘	0.9659
厨	0	尉	0.9618
铅	0	硝	0.9724
洁	0	浩	0.9823
彝	0	擎	0.9637
抢	0	枪	0.9693
懼	0	罹	0.9671
绥	0	缓	0.9740
雛	0	键	0.9499
丛	0	从	0.9576
棍	0	棉	0.9856
毘	0	昆	0.9792
琦	0	埼	0.9884
丕	0	不	0.9653
奢	0	客	0.9683
蘿	0	縛	0.9667
劾	1	効	0.9746
穎	0	顆	0.9761
斌	0	賦	0.9699
炼	0	姊	0.9737
鱗	0	磷	0.9689
蝙	0	麺	0.9713
荐	0	存	0.9737
荡	0	读	0.9642
楓	0	風	0.9623
砦	0	岩	0.9716
绵	0	綿	0.9805
鷺	0	鷲	0.9731
鋪	0	舗	0.9831
隕	0	惧	0.9599
侄	0	俘	0.9640
窩	0	龍	0.9570
騨	0	觀	0.9731
迂	0	迁	0.9691
栓	0	検	0.9779
穗	0	穂	0.9898
琼	0	掠	0.9864
娯	1	娛	0.9741
溃	0	淀	0.9752
侮	0	悔	0.9797
嘩	0	轄	0.9641
斧	1	姿	0.9586
仗	0	伎	0.9768
棘	0	琳	0.9665
摆	1	擇	0.9791
蔬	0	惹	0.9688
栏	0	档	0.9643
陛	0	階	0.9688
夥	0	移	0.9603
綺	1	骑	0.9784
债	0	傍	0.9717
蔚	1	尉	0.9724
熹	0	喜	0.9677
烤	0	烯	0.9775
蜘	0	城	0.9656
嘘	0	虚	0.9687
橿	0	標	0.9733
奋	0	吞	0.9584
諦	0	諱	0.9747
麒	0	購	0.9615
擋	0	摘	0.9778
舘	0	錦	0.9790
曇	0	輩	0.9557
淚	0	涙	0.9894
痴	0	病	0.9677
堕	0	望	0.9567
鉢	1	検	0.9641
鸦	1	鴉	0.9754
躲	0	裸	0.9793
噪	0	操	0.9602
溺	0	撥	0.9520
颠	0	頻	0.9770
鵝	0	製	0.9608
櫓	0	穫	0.9717
摺	0	習	0.9721
苔	0	蓄	0.9569
饶	0	绕	0.9850
鮎	0	點	0.9600
咤	0	到	0.9634
偕	0	借	0.9699
庐	0	启	0.9654
辜	0	幸	0.9759
苹	0	芋	0.9740
擢	0	躍	0.9800
晤	0	暗	0.9781
睿	0	蓉	0.9626
彎	0	變	0.9669
皖	0	暁	0.9632
壹	0	臺	0.9653
薔	0	藍	0.9566
楷	0	桿	0.9755
袍	0	砲	0.9637
煽	0	編	0.9688
瑛	0	英	0.9720
緻	0	徽	0.9733
顷	0	项	0.9824
攘	0	壤	0.9812
嘛	0	麻	0.9625
嬢	0	壌	0.9734
趾	0	址	0.9551
渝	0	鈴	0.9646
竭	0	褐	0.9794
槓	1	積	0.9818
銳	0	鋭	0.9691
踐	0	毀	0.9612
烹	0	崇	0.9676
嬉	0	婦	0.9785
淹	0	俺	0.9689
瘍	0	場	0.9671
舵	0	琉	0.9653
錠	0	鎮	0.9720
酯	0	呼	0.9646
炊	0	欣	0.9710
酪	0	路	0.9684
樟	0	模	0.9761
薙	0	藩	0.9689
氛	1	氧	0.9727
騷	0	騒	0.9871
眺	0	挑	0.9634
拨	0	拔	0.9825
誅	1	珠	0.9744
愁	0	悉	0.9630
拯	0	榎	0.9693
奄	1	俺	0.9753
浏	0	渕	0.9765
咬	0	校	0.9726
嚇	0	赫	0.9671
荔	0	勃	0.9542
孚	0	浮	0.9611
楕	0	精	0.9790
鯉	1	舗	0.9635
渚	0	诸	0.9753
渥	0	涯	0.9745
冤	0	究	0.9629
敖	0	放	0.9748
饼	0	餅	0.9754
梧	1	桿	0.9816
踢	0	賜	0.9692
籤	0	發	0.9676
橄	0	梗	0.9721
紺	0	紳	0.9776
啦	0	拉	0.9711
宕	1	岩	0.9671
膀	0	勝	0.9743
冗	0	几	0.9585
岱	0	储	0.9582
斋	0	裔	0.9668
犀	1	層	0.9597
貶	0	賊	0.9657
刪	0	珊	0.9579
鹏	1	鵬	0.9810
恪	0	格	0.9806
莞	0	完	0.9593
壢	0	歷	0.9710
瀕	1	頻	0.9708
歼	0	祇	0.9647
蛙	0	封	0.9611
晦	0	雖	0.9634
晰	0	湘	0.9664
榊	0	神	0.9750
擠	0	齊	0.9673
綁	0	紙	0.9664
厲	0	属	0.9817
斡	0	幹	0.9811
锐	1	鋭	0.9725
癸	0	発	0.9700
諷	0	凱	0.9592
黔	0	驗	0.9650
龟	0	鱼	0.9681
鎧	0	鑑	0.9680
姪	1	婦	0.9703
嘲	0	朝	0.9590
肠	0	腕	0.9713
鹅	0	艘	0.9671
祁	0	郊	0.9718
钠	0	钟	0.9733
碗	0	婉	0.9765
鰭	1	縛	0.9689
呢	0	尼	0.9659
廚	2	尉	0.9617
竿	0	翠	0.9702
墅	0	撞	0.9639
萍	1	转	0.9752
鈾	0	針	0.9712
窯	0	窪	0.9623
嘱	0	騙	0.9713
磡	0	臟	0.9613
馨	0	聲	0.9740
僱	1	偏	0.9778
瀨	0	瀬	0.9886
虔	1	虚	0.9642
賑	0	跟	0.9683
硅	0	辖	0.9683
胖	0	胜	0.9695
洩	0	浙	0.9708
濾	0	慮	0.9624
滇	0	漬	0.9808
矶	0	机	0.9635
苛	0	帯	0.9642
哇	0	時	0.9616
铝	0	错	0.9755
繳	0	激	0.9693
诊	0	珍	0.9742
狸	0	獨	0.9715
俞	0	命	0.9802
屢	0	廈	0.9545
谦	0	嫌	0.9753
曙	0	賭	0.9742
爸	0	色	0.9435
羚	0	涂	0.9645
臥	0	駄	0.9439
淆	0	希	0.9697
皓	0	酷	0.9738
廓	0	廊	0.9680
榆	0	檢	0.9782
犁	1	穫	0.9651
鞘	0	韓	0.9738
巩	0	汎	0.9609
拋	0	勘	0.9617
痺	0	庫	0.9699
岑	0	荃	0.9527
樊	0	染	0.9713
闪	0	闭	0.9655
籲	0	舒	0.9660
谭	0	潭	0.9765
鞏	1	輩	0.9676
俸	0	棒	0.9774
萱	0	宣	0.9707
乒	0	兵	0.9836
脹	0	服	0.9641
郝	0	邪	0.9689
爛	0	欄	0.9700
肚	0	壯	0.9709
柚	0	袖	0.9785
瀏	0	劉	0.9680
慨	0	概	0.9818
柑	0	柏	0.9730
夹	0	来	0.9754
羲	0	義	0.9785
滙	0	偶	0.9652
鑄	0	鐘	0.9614
拷	0	裝	0.9711
闲	1	闭	0.9721
饒	0	鐵	0.9683
幢	1	禮	0.9649
孜	0	牧	0.9681
濯	0	灌	0.9731
渾	0	溥	0.9807
悅	0	稅	0.9651
茉	0	荣	0.9844
晒	0	襾	0.9668
鎊	0	鏡	0.9561
疼	0	泰	0.9653
喊	0	碱	0.9714
葺	0	韋	0.9687
痘	0	症	0.9700
荼	0	茶	0.9889
筐	0	管	0.9687
聊	0	卿	0.9682
釀	0	醸	0.9826
閻	0	閱	0.9784
弔	0	甲	0.9592
璽	0	彌	0.9351
祺	0	棋	0.9808
釘	0	銃	0.9715
毓	1	銃	0.9607
舅	0	晃	0.9536
謠	1	證	0.9611
娥	0	我	0.9764
竺	0	笠	0.9642
垃	1	拉	0.9831
塢	0	揚	0.9695
醬	1	醫	0.9715
圾	0	扱	0.9852
怠	0	总	0.9551
榛	1	棒	0.9881
敲	0	鼓	0.9688
麿	0	曆	0.9756
罐	0	駐	0.9633
删	0	脚	0.9666
谐	0	谱	0.9683
濠	0	湯	0.9677
絆	0	緒	0.9673
贷	0	货	0.9803
埴	0	埠	0.9791
樑	1	稼	0.9744
蚊	0	政	0.9681
槃	0	架	0.9682
鶯	1	鷲	0.9729
晏	0	宴	0.9715
磅	0	碳	0.9689
窑	0	离	0.9623
聂	0	裏	0.9653
婁	0	妻	0.9783
谁	0	堆	0.9784
赔	0	赠	0.9709
胀	0	张	0.9639
俯	0	你	0.9647
侦	0	倾	0.9631
砍	1	欣	0.9739
蔗	0	庶	0.9692
渣	0	查	0.9637
閤	0	閣	0.9696
窃	0	窮	0.9600
纜	1	繊	0.9595
敕	0	救	0.9823
婴	0	嬰	0.9515
畴	1	麺	0.9699
鹼	0	齡	0.9787
鈍	1	針	0.9730
泗	0	酒	0.9733
谥	0	益	0.9657
仄	1	从	0.9595
喩	0	瑜	0.9636
矯	0	短	0.9700
鐸	1	錦	0.9768
剃	0	荆	0.9720
悖	0	悼	0.9744
珪	0	挂	0.9812
谊	0	谓	0.9690
锅	0	锦	0.9755
瑙	0	裁	0.9624
凄	0	棲	0.9628
醛	0	播	0.9664
贖	0	蹟	0.9721
戮	1	遊	0.9478
慾	0	感	0.9677
冪	0	墨	0.9663
嫉	0	嫁	0.9784
闸	1	幅	0.9673
疹	1	珍	0.9519
浚	0	俊	0.9688
粥	0	赖	0.9646
琅	0	职	0.9663
鲸	0	鯨	0.9772
耿	0	助	0.9529
蕩	0	鴻	0.9679
雯	0	襄	0.9540
蟻	0	隷	0.9670
蠻	0	鑽	0.9489
颈	0	预	0.9739
艷	1	鴨	0.9480
萎	0	委	0.9662
謳	0	驅	0.9505
甄	0	闻	0.9653
抬	0	治	0.9670
碘	0	碑	0.9654
糟	0	槽	0.9830
肘	0	肝	0.9730
麹	0	逸	0.9612
嗎	1	鳴	0.9612
咽	0	和	0.9701
娅	1	碰	0.9601
樫	0	榴	0.9731
缔	0	締	0.9761
蚕	0	蛋	0.9649
狛	0	猎	0.9712
眷	0	春	0.9804
闢	0	闘	0.9782
繹	2	縛	0.9778
抒	0	桁	0.9673
墩	0	敦	0.9701
窺	1	窮	0.9634
剝	0	祿	0.9786
憾	0	陵	0.9516
雉	0	稚	0.9827
屑	2	層	0.9813
瘋	0	痛	0.9506
帜	0	惊	0.9553
喘	0	瑞	0.9718
垒	0	塗	0.9556
襟	0	橙	0.9701
靡	0	魔	0.9552
貰	0	貴	0.9826
墮	1	望	0.9520
忧	0	枕	0.9662
咨	0	盗	0.9728
宍	0	六	0.9660
巌	1	厳	0.9760
欖	0	綱	0.9624
舖	2	舗	0.9914
酿	2	麺	0.9667
您	0	綜	0.9650
兀	0	万	0.9580
苍	1	茶	0.9461
笙	0	等	0.9695
蒜	0	藻	0.9704
刹	0	剂	0.9664
搾	0	窄	0.9774
衞	1	衛	0.9863
玖	0	坎	0.9707
兇	0	贤	0.9633
諒	1	詩	0.9707
畅	0	暢	0.9681
滤	0	虑	0.9653
漱	0	软	0.9726
邯	0	郡	0.9720
鬧	1	闘	0.9642
禱	0	擔	0.9632
窦	1	義	0.9564
瘦	0	澳	0.9602
榕	0	喀	0.9728
樸	0	糕	0.9752
纠	0	糾	0.9703
愤	0	惯	0.9709
抛	1	勘	0.9598
沂	0	沪	0.9791
喋	0	蝶	0.9798
桟	0	挨	0.9615
骚	1	騒	0.9666
裳	0	棠	0.9713
渴	0	漫	0.9726
篡	0	纂	0.9728
兌	0	免	0.9450
崑	0	葛	0.9665
蝴	1	醐	0.9794
噛	0	歯	0.9638
孵	0	郷	0.9669
瑶	0	揺	0.9843
匣	0	围	0.9660
幟	0	峻	0.9594
缀	0	綴	0.9834
乓	1	兵	0.9790
煥	1	烯	0.9745
肤	0	肢	0.9709
摔	1	捧	0.9647
鈔	0	銚	0.9611
漲	0	張	0.9782
贛	0	讃	0.9615
篆	0	象	0.9697
莖	0	墓	0.9681
忒	0	武	0.9360
髓	0	髄	0.9647
霄	0	尋	0.9693
侗	0	伺	0.9800
饥	0	彻	0.9683
挝	0	挥	0.9726
漕	1	潭	0.9813
辿	0	迪	0.9663
隘	0	陷	0.9625
霹	0	靈	0.9691
芜	0	芳	0.9632
丟	0	長	0.9611
卧	0	时	0.9638
呆	0	宋	0.9789
綽	1	綿	0.9748
誦	0	謂	0.9705
淪	0	倫	0.9730
犧	0	犠	0.9776
阀	2	闭	0.9655
佬	0	传	0.9693
厉	0	历	0.9788
繕	1	締	0.9764
櫛	1	概	0.9715
遁	0	遍	0.9706
吋	1	时	0.9716
栋	0	称	0.9774
咎	0	啓	0.9683
倖	0	侍	0.9778
诱	0	添	0.9716
譴	1	龍	0.9631
娄	1	委	0.9541
罠	0	畏	0.9696
鈞	0	釣	0.9897
浑	0	滨	0.9723
撐	1	挥	0.9715
瓣	0	辦	0.9612
棱	0	稜	0.9765
糠	0	糖	0.9760
阎	0	阅	0.9635
瀋	0	潘	0.9803
磚	0	傳	0.9713
擒	1	瑜	0.9707
氦	0	氢	0.9756
綏	0	綬	0.9803
鸞	2	鷲	0.9616
壕	0	燕	0.9606
砺	0	殉	0.9580
瑾	1	撞	0.9802
閔	0	関	0.9793
闡	0	閏	0.9729
糞	0	拳	0.9661
讽	1	观	0.9684
粕	1	柏	0.9808
舆	0	與	0.9811
颂	0	领	0.9678
掴	0	堀	0.9654
盎	0	盘	0.9712
薨	0	蘋	0.9706
菁	0	菩	0.9724
辈	2	輩	0.9764
溉	1	淑	0.9738
哩	0	埋	0.9699
苷	0	堪	0.9624
鯊	0	驚	0.9614
嬪	0	濱	0.9803
阐	0	阔	0.9670
沁	0	心	0.9585
羞	0	差	0.9648
嚢	0	囊	0.9710
氾	0	犯	0.9631
瞻	0	暖	0.9562
謁	0	韶	0.9644
吁	0	扣	0.9629
箏	1	等	0.9722
訛	0	靴	0.9550
饉	2	撞	0.9651
滸	0	海	0.9681
祸	0	禄	0.9735
竇	0	賈	0.9682
坠	0	坚	0.9425
憐	1	傑	0.9676
牺	0	栖	0.9763
宠	0	庞	0.9744
掀	0	脉	0.9659
鮫	2	銃	0.9646
淞	0	松	0.9682
钾	1	钟	0.9722
酰	0	雅	0.9702
揄	2	瑜	0.9836
揖	0	捐	0.9772
嗅	2	鳴	0.9595
棣	0	様	0.9762
盪	0	驾	0.9522
虏	0	虎	0.9763
斩	1	浙	0.9774
浆	0	奖	0.9692
滲	0	修	0.9614
霆	0	遲	0.9560
僵	0	箇	0.9552
揶	1	郡	0.9712
檐	0	権	0.9691
蚀	0	蝕	0.9717
吠	0	咲	0.9725
窝	0	潜	0.9645
脸	0	验	0.9642
裹	1	裏	0.9708
抨	0	坪	0.9838
聪	0	憩	0.9700
餃	0	统	0.9668
胥	0	唇	0.9648
巽	0	冀	0.9544
虾	1	职	0.9653
瑩	0	營	0.9442
砌	1	彻	0.9718
匾	0	團	0.9524
摸	1	模	0.9734
厢	0	雁	0.9704
贬	0	減	0.9613
鑒	0	堡	0.9636
钧	2	烯	0.9648
绑	1	郷	0.9645
葦	1	韋	0.9773
贪	0	含	0.9695
楯	0	梶	0.9705
醋	1	酷	0.9833
肛	1	肝	0.9572
萃	0	卒	0.9752
謬	0	懿	0.9610
壟	0	寵	0.9673
檬	0	樣	0.9761
驳	0	駁	0.9671
稠	0	樋	0.9697
緋	0	綻	0.9483
礫	0	樂	0.9782
啊	0	酬	0.9601
汾	0	份	0.9725
釐	0	黛	0.9617
渇	0	涅	0.9661
襪	1	糖	0.9664
酎	0	耐	0.9695
琢	0	塚	0.9787
槟	0	棕	0.9790
卤	0	岗	0.9673
婷	2	婦	0.9725
洽	1	涂	0.9765
蚌	0	持	0.9716
俾	0	禅	0.9699
濒	0	频	0.9775
彷	0	仿	0.9733
禺	0	禹	0.9752
呑	1	吞	0.9822
暹	0	遺	0.9677
肿	0	肺	0.9817
脩	0	僚	0.9626
壩	1	購	0.9678
噬	0	継	0.9651
惩	0	综	0.9688
沧	0	仓	0.9650
肋	0	肪	0.9753
倩	1	借	0.9831
劲	0	初	0.9621
躯	0	钢	0.9700
巖	0	嚴	0.9732
钙	0	销	0.9689
驟	0	駿	0.9637
譬	0	臂	0.9678
鉤	1	釣	0.9697
仆	0	化	0.9581
惚	0	隧	0.9498
钻	2	钟	0.9647
捏	0	措	0.9749
滬	1	涯	0.9576
鄒	0	鄰	0.9468
瑤	0	搖	0.9804
绳	0	縄	0.9705
賤	0	戦	0.9663
尧	0	戎	0.9649
苓	2	茶	0.9755
闖	2	闘	0.9687
媚	0	姫	0.9749
楔	1	樣	0.9714
緝	0	絹	0.9752
薰	0	薫	0.9761
冉	0	申	0.9697
瀛	0	贏	0.9672
坞	0	蛇	0.9678
槐	0	槻	0.9758
缸	0	街	0.9609
祂	0	牠	0.9747
裙	0	拓	0.9773
拙	0	描	0.9676
涨	1	张	0.9782
尘	0	半	0.9375
稷	1	稜	0.9804
蠟	0	臘	0.9651
裾	1	拓	0.9673
匂	0	勾	0.9676
甦	1	迪	0.9655
繡	0	繞	0.9680
廬	0	盧	0.9735
弐	1	武	0.9426
濡	0	澤	0.9695
谴	0	遣	0.9709
熾	0	戲	0.9705
菖	0	書	0.9760
邢	0	那	0.9800
酚	0	礎	0.9548
鍊	0	錬	0.9876
氰	2	氧	0.9691
匙	0	起	0.9655
灸	0	炎	0.9690
箸	0	绪	0.9736
翟	1	窄	0.9728
菸	0	萩	0.9647
紘	1	绕	0.9694
陇	0	陽	0.9589
蕊	0	蒸	0.9513
蜥	0	怖	0.9514
鹹	0	戯	0.9670
黜	1	點	0.9672
梱	0	柄	0.9821
颖	0	额	0.9773
骼	1	路	0.9695
矽	0	赦	0.9490
缪	0	參	0.9602
訶	0	詞	0.9700
搏	0	博	0.9839
攔	1	欄	0.9686
怜	0	冷	0.9731
匀	1	勾	0.9677
烃	0	燈	0.9700
紮	0	紫	0.9680
虧	1	濃	0.9630
麾	0	摩	0.9737
碓	0	確	0.9850
禰	1	彌	0.9704
潼	0	滝	0.9670
冻	0	东	0.9753
蕴	2	綿	0.9609
垦	0	屋	0.9651
奘	1	英	0.9757
琛	0	探	0.9771
藪	0	數	0.9738
汞	0	买	0.9592
箔	0	湿	0.9703
丢	0	看	0.9611
戍	1	戊	0.9817
绣	1	缓	0.9717
蘊	2	締	0.9621
谨	3	撞	0.9717
屡	0	履	0.9655
皋	0	桌	0.9688
缴	1	激	0.9752
钓	1	许	0.9685
脾	0	牌	0.9841
沌	0	池	0.9723
滯	0	滞	0.9800
躁	1	操	0.9791
鉾	0	鋒	0.9697
贼	1	減	0.9722
竊	2	謀	0.9711
酱	1	翠	0.9639
卉	0	寺	0.9549
瞄	0	甜	0.9668
缝	0	縫	0.9709
佃	0	価	0.9706
揉	0	粹	0.9756
姨	0	玻	0.9717
饱	1	砲	0.9731
弯	0	脅	0.9546
蛭	4	撞	0.9696
厌	0	庆	0.9767
炬	1	畑	0.9694
磺	0	橫	0.9790
娼	1	姫	0.9740
椰	2	郡	0.9728
牒	0	碟	0.9738
餡	0	館	0.9678
傣	2	傑	0.9687
账	0	财	0.9652
蒐	0	恵	0.9608
拗	0	劫	0.9721
暉	0	瞳	0.9722
骤	0	繫	0.9721
胱	1	勝	0.9720
臧	0	藏	0.9705
榄	0	杨	0.9678
轩	0	祥	0.9730
砥	1	祇	0.9716
侣	0	侶	0.9834
笨	0	築	0.9693
葫	0	萌	0.9771
驰	1	牠	0.9744
笼	0	笑	0.9667
艱	0	魂	0.9697
鞠	0	翻	0.9629
瀾	0	潤	0.9806
祯	2	淑	0.9676
蟬	0	禪	0.9723
飄	1	凱	0.9549
朕	1	咲	0.9681
兎	0	鬼	0.9622
妝	1	放	0.9671
禿	0	秀	0.9705
雾	0	豪	0.9505
骗	0	编	0.9747
逓	0	遅	0.9686
闆	3	闘	0.9779
灼	0	炸	0.9671
祕	0	秘	0.9787
拌	0	特	0.9771
沾	1	浩	0.9689
擱	0	閉	0.9698
妬	3	婦	0.9763
楢	1	栖	0.9775
焕	0	旋	0.9716
怯	0	法	0.9717
咪	0	味	0.9652
攤	0	難	0.9712
垮	1	跨	0.9734
妈	0	婿	0.9700
帛	0	岳	0.9637
闵	3	闭	0.9753
澀	1	綱	0.9524
蕎	1	惹	0.9673
鯖	1	鯨	0.9670
梢	0	稍	0.9847
泼	0	发	0.9677
滥	1	湿	0.9694
鈉	0	銀	0.9714
讼	0	訟	0.9562
昊	0	吴	0.9883
燦	0	隊	0.9665
葱	0	渤	0.9533
溴	0	漠	0.9698
灶	0	壮	0.9611
冴	0	汗	0.9696
拭	0	试	0.9690
繆	0	総	0.9595
棵	1	裸	0.9822
吒	0	託	0.9590
檸	1	標	0.9710
胰	0	膜	0.9662
莒	0	营	0.9721
睹	1	賭	0.9720
绸	0	網	0.9675
炯	0	洞	0.9676
臻	2	捧	0.9747
鵡	3	鳴	0.9671
艰	0	根	0.9775
奚	0	溪	0.9724
褲	1	禅	0.9636
乍	0	年	0.9636
蕨	0	款	0.9618
糯	0	釋	0.9791
邹	0	郭	0.9675
髭	0	浸	0.9571
聶	0	攝	0.9578
婢	2	姫	0.9771
碇	0	码	0.9747
軼	0	缺	0.9666
僭	0	僑	0.9638
浊	0	独	0.9769
燭	0	濁	0.9730
晷	1	葛	0.9633
鹦	0	響	0.9504
惰	0	隋	0.9746
苟	0	荀	0.9836
饲	0	词	0.9821
鷗	0	疆	0.9623
弩	0	澄	0.9641
槌	1	棉	0.9702
佣	2	畑	0.9643
嘎	1	噶	0.9657
捍	1	捐	0.9717
沮	0	狙	0.9637
盔	1	盗	0.9542
蛾	0	峨	0.9770
谣	0	淨	0.9692
醣	0	輌	0.9700
恕	0	窓	0.9675
沅	0	沉	0.9669
煕	0	熙	0.9941
埤	1	埋	0.9705
衫	0	杉	0.9601
宸	0	度	0.9731
謨	1	蘋	0.9713
攸	0	倣	0.9727
佚	0	侠	0.9728
塀	0	塘	0.9740
沦	0	论	0.9778
岔	0	盆	0.9742
凿	1	帯	0.9675
樱	0	機	0.9599
豎	0	暨	0.9659
逍	0	道	0.9811
闰	1	閏	0.9737
侈	0	多	0.9561
鵰	2	鵬	0.9587
雫	0	罕	0.9623
妍	0	妨	0.9708
挡	0	结	0.9654
旛	1	潘	0.9626
泵	0	尿	0.9683
涡	0	联	0.9696
秤	1	粹	0.9810
膛	0	膳	0.9779
垄	0	奎	0.9548
弈	0	穷	0.9595
锌	1	锦	0.9715
芷	1	苦	0.9615
撑	0	璋	0.9790
跪	0	跑	0.9678
沽	2	浩	0.9768
坟	1	攻	0.9703
祢	1	称	0.9812
衢	2	衛	0.9643
靂	0	露	0.9656
淇	0	湛	0.9818
鈣	1	鎮	0.9703
嫻	1	顆	0.9695
斃	1	駿	0.9583
桔	0	枯	0.9883
帐	0	帳	0.9676
枋	0	析	0.9821
渗	0	参	0.9666
硒	2	栖	0.9721
澜	0	润	0.9742
邇	0	通	0.9563
錘	0	鍾	0.9742
錶	1	錬	0.9785
锥	0	雄	0.9724
佗	1	化	0.9597
铃	0	録	0.9688
驕	0	騎	0.9666
伶	1	冷	0.9770
铎	0	锋	0.9825
耽	0	功	0.9624
侖	1	命	0.9729
庾	0	厥	0.9666
刮	0	制	0.9707
吗	0	喝	0.9619
哆	0	够	0.9451
撕	0	掛	0.9617
鞅	0	較	0.9636
洒	1	酒	0.9911
賺	0	謙	0.9674
羹	2	義	0.9354
茱	0	朱	0.9746
桧	2	検	0.9788
澱	0	殿	0.9749
爷	0	洛	0.9600
叹	0	収	0.9633
瘟	0	溫	0.9592
菇	0	娃	0.9726
肾	0	督	0.9795
崁	1	坎	0.9625
檻	0	檔	0.9812
熵	0	嫡	0.9674
鋁	2	錦	0.9791
肽	0	狀	0.9598
穹	0	學	0.9613
敛	0	敘	0.9723
娟	3	姫	0.9801
汴	0	尔	0.9708
匝	0	両	0.9632
唾	0	睡	0.9790
咳	0	刻	0.9747
挤	0	挟	0.9697
酥	1	柄	0.9682
喙	0	喉	0.9728
檳	2	積	0.9748
笈	1	笑	0.9750
掟	0	提	0.9749
柘	0	椿	0.9748
縞	3	締	0.9702
唤	0	喚	0.9824
泸	1	沪	0.9731
瞿	0	霍	0.9757
鬚	0	髪	0.9494
琥	0	墟	0.9701
猷	0	献	0.9725
痢	1	禄	0.9731
轍	0	構	0.9617
寰	1	製	0.9589
萝	0	夢	0.9589
謗	0	読	0.9616
靼	0	旺	0.9649
冑	0	嵩	0.9655
惇	0	清	0.9700
絃	0	弦	0.9701
诛	0	狭	0.9740
彤	0	形	0.9654
戟	0	战	0.9817
嬌	4	婦	0.9737
椭	0	酢	0.9709
瑕	0	暇	0.9728
畷	0	麟	0.9562
腥	1	膳	0.9617
槿	0	權	0.9801
煞	0	熟	0.9728
駱	2	騒	0.9635
鹸	1	齡	0.9772
杞	0	杭	0.9647
賂	2	路	0.9782
酌	1	酢	0.9604
泪	0	泊	0.9715
莆	0	审	0.9688
鋸	3	錦	0.9794
錮	0	銅	0.9814
莓	0	崔	0.9616
褚	1	诸	0.9718
倦	0	卷	0.9659
疯	1	郊	0.9632
攬	0	曉	0.9644
栈	0	找	0.9742
悍	1	悼	0.9734
贩	0	版	0.9729
訣	0	辣	0.9645
姥	0	好	0.9735
鑰	0	输	0.9680
嘯	0	掘	0.9680
懋	1	橙	0.9687
淤	0	於	0.9658
蔥	0	擦	0.9586
陋	0	兩	0.9655
穢	1	碳	0.9617
荏	0	在	0.9657
豁	0	翰	0.9615
轿	0	矮	0.9717
陡	0	防	0.9589
乖	0	射	0.9625
瞞	0	蹄	0.9632
潑	1	發	0.9828
詛	0	唱	0.9471
裘	0	装	0.9753
驼	0	纪	0.9701
枫	0	椒	0.9681
鮭	0	鮮	0.9710
贅	1	贊	0.9845
毯	0	談	0.9332
侏	1	侠	0.9780
钞	0	妙	0.9724
琰	0	谈	0.9734
讷	0	纳	0.9736
悶	0	閲	0.9790
鑿	1	繫	0.9556
瓯	0	脑	0.9698
赌	2	彻	0.9642
釉	1	袖	0.9734
隴	1	網	0.9681
鸚	0	鹤	0.9534
椋	1	棕	0.9876
敞	0	敵	0.9788
贿	3	彻	0.9641
攪	0	覽	0.9618
昴	0	昂	0.9643
亢	0	九	0.9442
钩	0	像	0.9666
埗	0	步	0.9723
镑	0	镜	0.9603
驿	0	怪	0.9725
埕	1	埠	0.9648
蒔	0	韩	0.9714
諺	0	襲	0.9453
唸	1	验	0.9489
皂	0	宅	0.9598
頤	0	距	0.9734
撼	0	據	0.9650
暱	0	曜	0.9724
楞	2	模	0.9685
竖	0	座	0.9606
镶	0	儀	0.9614
绒	0	续	0.9701
烂	1	尝	0.9585
飴	0	節	0.9775
坍	0	堺	0.9749
嫔	1	嫁	0.9726
缆	0	绩	0.9695
饅	1	鑑	0.9654
驛	1	駐	0.9692
硼	2	醐	0.9687
枣	0	麥	0.9552
烘	0	供	0.9712
濮	0	瀧	0.9682
艳	0	把	0.9565
闹	0	祠	0.9675
拮	1	措	0.9793
淄	1	滝	0.9662
簾	0	篤	0.9667
羟	1	轻	0.9623
谍	1	碟	0.9784
铉	0	宏	0.9696
伞	0	令	0.9660
凋	0	调	0.9769
哮	0	域	0.9668
綸	0	論	0.9693
樵	0	椎	0.9812
嘔	0	區	0.9649
弛	2	牠	0.9757
痙	0	遠	0.9524
攣	1	變	0.9620
槇	2	樣	0.9746
筠	0	筑	0.9652
肴	1	希	0.9844
柩	1	根	0.9786
甬	0	涌	0.9652
袴	2	粹	0.9781
竄	0	鼠	0.9742
荫	1	萌	0.9648
钥	0	银	0.9627
绎	0	経	0.9808
兑	0	兒	0.9620
妒	1	妨	0.9757
彧	0	践	0.9661
偃	0	假	0.9617
鉅	0	錐	0.9623
橢	1	榎	0.9707
遏	0	還	0.9667
烦	1	项	0.9723
皐	0	暑	0.9639
梳	3	樣	0.9751
湄	0	循	0.9706
慄	0	课	0.9726
戳	0	截	0.9672
竈	2	龍	0.9545
鹉	1	暢	0.9607
僻	0	辟	0.9650
鉉	1	弦	0.9692
骆	0	絡	0.9777
圃	1	围	0.9749
垢	1	斯	0.9664
皈	0	販	0.9775
谕	1	偷	0.9798
軾	1	賦	0.9576
廁	0	側	0.9596
沐	0	汰	0.9706
榔	2	概	0.9727
鞨	0	静	0.9682
噺	0	新	0.9679
靺	2	珠	0.9661
孺	1	儒	0.9622
泾	0	沒	0.9606
笃	1	驾	0.9592
鄴	0	郑	0.9680
鰐	0	艦	0.9691
鰻	2	鑑	0.9683
漑	3	淑	0.9659
艶	0	體	0.9504
靶	0	甥	0.9607
鉀	1	銀	0.9637
嬴	1	贏	0.9706
贄	0	費	0.9775
鈺	4	錦	0.9642
恺	0	情	0.9585
惱	0	腦	0.9608
蜡	2	措	0.9756
韮	0	韭	0.9640
炫	1	宏	0.9749
芮	0	齿	0.9664
囃	1	雅	0.9651
羯	0	翔	0.9754
谟	1	漠	0.9814
誹	0	啡	0.9646
轢	0	藥	0.9688
恤	0	帕	0.9567
煬	1	陽	0.9646
鰓	1	艦	0.9616
舫	0	航	0.9814
苅	0	対	0.9859
篭	1	冀	0.9594
羨	1	豪	0.9562
鲨	1	響	0.9570
峪	0	临	0.9568
帧	0	幌	0.9599
雏	0	誰	0.9749
咏	1	脉	0.9684
詫	0	諾	0.9734
謊	0	譜	0.9631
勻	2	勾	0.9620
峭	1	削	0.9677
絨	0	紋	0.9685
轅	1	較	0.9753
侬	0	依	0.9806
挾	1	拔	0.9689
斂	1	敘	0.9694
妆	1	姊	0.9736
祜	1	枯	0.9800
逵	0	達	0.9806
鄙	0	部	0.9613
鯛	1	駒	0.9666
絢	0	絶	0.9635
锤	0	鲜	0.9653
蕙	0	惠	0.9793
谏	0	練	0.9729
稙	0	植	0.9816
缠	1	编	0.9610
穣	2	穫	0.9768
茫	0	若	0.9668
莢	0	芙	0.9706
杷	0	祀	0.9695
砸	0	師	0.9582
邕	1	道	0.9429
昱	0	显	0.9767
篷	0	逢	0.9705
啄	1	塚	0.9605
撈	0	撲	0.9557
頡	1	頓	0.9760
龔	0	擊	0.9691
圀	0	國	0.9698
儉	1	鈴	0.9707
豈	0	堂	0.9589
餾	1	館	0.9715
饿	2	稜	0.9736
瑋	1	璋	0.9829
吵	0	抄	0.9695
聆	0	玲	0.9723
铀	0	轴	0.9835
魄	0	晚	0.9687
孢	2	砲	0.9745
藁	1	囊	0.9608
陞	0	阵	0.9664
沱	0	老	0.9587
俭	2	验	0.9626
吼	0	配	0.9520
绅	1	紳	0.9727
墊	0	塾	0.9714
掖	0	夜	0.9718
氹	0	砂	0.9446
笏	1	湯	0.9562
苞	1	色	0.9529
晟	1	晃	0.9633
洼	0	注	0.9746
臀	1	臂	0.9651
捆	1	和	0.9697
沓	0	省	0.9611
炙	1	炎	0.9620
盼	0	扮	0.9534
媳	0	煌	0.9677
摯	1	塾	0.9685
誡	0	誠	0.9763
讳	0	诗	0.9793
幂	0	幕	0.9678
鑲	1	鐵	0.9723
扈	0	厦	0.9635
瀉	0	潟	0.9852
聾	2	臂	0.9540
饑	0	磯	0.9801
躬	2	窄	0.9736
頬	0	頗	0.9843
凛	1	漂	0.9601
鋰	3	舗	0.9725
锂	0	铺	0.9745
唔	2	酷	0.9654
愍	1	感	0.9628
扯	1	址	0.9877
竪	0	堅	0.9695
篩	5	錦	0.9797
鈕	0	錯	0.9709
鎚	0	錫	0.9611
喃	0	南	0.9643
珈	0	咖	0.9727
蝉	0	轉	0.9662
鰂	2	駒	0.9622
侃	0	促	0.9604
缮	0	緯	0.9679
翊	1	翔	0.9679
擄	1	擔	0.9629
蕪	0	樺	0.9546
滄	0	倉	0.9646
霉	0	翼	0.9606
垫	2	塾	0.9718
婭	1	硝	0.9652
箴	1	燈	0.9663
茸	1	萬	0.9655
瞰	3	麺	0.9651
汙	1	汗	0.9920
颐	0	顿	0.9648
僖	0	偉	0.9788
鄱	0	都	0.9685
醚	0	豫	0.9611
闕	1	閱	0.9711
鞆	0	離	0.9610
丐	0	号	0.9624
耻	2	址	0.9612
谅	0	凉	0.9842
鳞	1	磷	0.9690
砷	1	神	0.9741
訃	0	卦	0.9501
鎳	0	鎖	0.9798
恬	0	话	0.9747
甕	1	翼	0.9660
疵	0	庇	0.9777
軋	0	軌	0.9588
鳍	2	编	0.9716
叮	0	町	0.9675
扔	0	択	0.9671
捗	0	歩	0.9558
璇	0	锡	0.9622
璐	3	路	0.9749
郸	3	郡	0.9715
葆	0	菊	0.9744
邉	0	邊	0.9810
祓	0	效	0.9706
稗	1	稚	0.9776
勛	2	勘	0.9594
啸	0	肃	0.9757
枇	0	批	0.9725
毙	0	能	0.9642
焙	0	烷	0.9698
臆	3	尉	0.9651
赎	1	勃	0.9601
拦	1	半	0.9590
栅	0	柵	0.9826
粽	2	棕	0.9823
龚	0	袭	0.9628
瞑	1	晴	0.9680
诈	2	许	0.9805
壶	0	害	0.9513
帷	0	雌	0.9703
愧	1	惯	0.9700
绰	2	葛	0.9678
襖	1	澳	0.9674
塹	0	暫	0.9628
蝋	1	賊	0.9613
钊	3	钟	0.9701
剋	1	起	0.9491
孀	1	權	0.9695
懺	2	繊	0.9659
扳	0	坂	0.9833
渲	0	漳	0.9717
濂	1	嫌	0.9708
诵	1	涌	0.9788
錒	1	編	0.9569
宥	0	有	0.9759
愕	0	慢	0.9709
晖	2	挥	0.9699
饗	0	餐	0.9751
楨	1	植	0.9786
琮	1	掠	0.9793
錆	2	鎮	0.9789
纱	0	紗	0.9733
螂	1	卿	0.9640
梟	1	桌	0.9657
浒	3	许	0.9770
戛	0	夏	0.9633
涪	0	淳	0.9690
傻	1	俊	0.9713
饋	0	續	0.9771
筍	0	简	0.9597
掻	0	择	0.9685
裤	2	禄	0.9648
鈦	0	鉄	0.9801
靭	0	勒	0.9762
灑	0	麗	0.9769
疽	0	唐	0.9578
痩	1	度	0.9677
侑	0	佑	0.9747
槙	1	棋	0.9803
涿	1	湊	0.9538
粲	1	樂	0.9726
儁	1	儀	0.9662
覗	0	閒	0.9544
詭	3	龍	0.9592
貂	0	绍	0.9656
绛	0	络	0.9792
駝	1	潤	0.9506
柜	0	桓	0.9815
綢	2	網	0.9815
釷	2	針	0.9846
咋	2	酢	0.9659
羧	0	选	0.9623
燮	0	忽	0.9594
夙	0	凤	0.9605
獠	0	猴	0.9682
箋	0	笔	0.9508
冢	0	家	0.9653
畲	0	禽	0.9704
亏	1	号	0.9544
悄	0	怕	0.9704
殭	0	礦	0.9636
磊	0	碍	0.9707
丫	0	了	0.9304
卍	0	臼	0.9567
菟	0	兔	0.9603
蠢	0	奮	0.9652
兮	1	令	0.9456
囑	0	屬	0.9706
撓	2	擇	0.9639
滔	1	浮	0.9696
簇	0	筋	0.9709
蛤	0	恰	0.9687
隍	0	障	0.9557
嗚	4	鳴	0.9865
轎	1	静	0.9628
鉑	0	銷	0.9756
陌	0	阳	0.9791
瘧	0	虐	0.9758
彿	0	沸	0.9789
潍	0	维	0.9768
谜	0	继	0.9652
鵑	4	龍	0.9707
峇	0	崙	0.9690
迺	0	退	0.9614
邳	1	邪	0.9721
郢	4	郡	0.9649
阱	0	拼	0.9596
筈	0	箕	0.9702
闐	0	闇	0.9678
攏	0	擅	0.9674
萼	1	崇	0.9540
靳	0	斬	0.9710
拂	0	捕	0.9615
襯	1	槻	0.9679
驤	2	駐	0.9571
咄	0	出	0.9591
瀚	1	舒	0.9710
飘	0	舰	0.9492
瘡	0	蔭	0.9650
踩	0	採	0.9772
骏	0	竣	0.9708
烙	1	洛	0.9746
霑	3	窄	0.9663
悌	1	悔	0.9733
瑁	2	捐	0.9637
偲	1	偶	0.9658
恣	0	资	0.9630
狡	1	效	0.9721
氐	0	氏	0.9838
烽	3	烯	0.9733
泓	0	冯	0.9671
璞	1	撲	0.9872
跆	0	踏	0.9704
闍	0	開	0.9800
陂	0	波	0.9656
焊	5	婦	0.9720
膵	0	藤	0.9657
晁	1	退	0.9576
暈	0	量	0.9717
叭	0	呎	0.9476
筛	0	硕	0.9649
鴿	3	鎮	0.9691
凪	0	凰	0.9495
吡	0	毗	0.9744
桀	1	染	0.9773
腱	0	遇	0.9668
鹃	0	顕	0.9596
蒿	1	嵩	0.9841
熏	0	黒	0.9695
瓮	0	瓷	0.9631
蔔	0	萄	0.9678
轼	1	试	0.9667
岷	1	帳	0.9675
掾	1	據	0.9694
毆	0	歐	0.9659
膺	0	膚	0.9734
愷	1	情	0.9723
鏑	6	錦	0.9797
驯	0	则	0.9609
昶	0	视	0.9735
耦	2	顆	0.9724
郃	0	鄧	0.9658
颶	0	题	0.9538
鲤	1	雖	0.9644
濬	0	溶	0.9752
簒	1	纂	0.9821
堃	3	塾	0.9512
茗	1	若	0.9611
闯	0	圆	0.9571
剎	1	剂	0.9716
寢	0	寝	0.9686
狠	0	狼	0.9869
誣	2	榎	0.9608
俑	2	偶	0.9665
菠	1	波	0.9670
韜	1	鹤	0.9691
骂	2	驾	0.9596
蠣	1	騙	0.9707
鎬	7	錦	0.9729
铯	0	绝	0.9705
砧	2	硝	0.9728
缉	0	纽	0.9746
膣	2	膳	0.9773
剔	1	場	0.9664
氓	0	既	0.9618
溧	1	课	0.9751
韬	1	揺	0.9816
倘	0	尚	0.9576
掷	1	郑	0.9673
籬	1	鮮	0.9650
啶	0	喷	0.9696
蟾	2	擔	0.9763
錨	1	錯	0.9817
歎	0	欺	0.9726
潢	0	演	0.9841
蠕	0	歸	0.9682
躇	1	躍	0.9727
昕	0	听	0.9864
躺	0	谢	0.9703
钉	0	针	0.9663
瓢	0	弧	0.9615
绞	1	统	0.9727
軀	1	贈	0.9717
晝	1	書	0.9882
筲	0	得	0.9677
诃	0	河	0.9753
匁	0	奴	0.9556
糙	1	糕	0.9683
齣	1	赠	0.9648
薗	0	園	0.9533
褶	0	禧	0.9696
曦	0	讓	0.9626
劭	0	邵	0.9616
吓	0	即	0.9652
咐	1	谢	0.9605
溼	1	澄	0.9671
癮	0	隱	0.9450
缚	3	縛	0.9776
菰	1	赦	0.9608
鳄	0	逼	0.9684
叟	1	曼	0.9603
荧	0	炭	0.9644
鍍	0	鍛	0.9704
钮	1	辑	0.9705
呀	0	恨	0.9655
洮	0	兆	0.9685
瀞	1	犠	0.9690
俟	0	矣	0.9695
忻	0	仇	0.9685
柊	1	松	0.9656
袜	0	株	0.9770
歆	0	歇	0.9736
覓	0	質	0.9607
馈	0	慌	0.9625
岂	0	邑	0.9477
巒	0	戀	0.9620
搗	0	攜	0.9773
燊	1	築	0.9713
疟	1	症	0.9623
祟	2	崇	0.9866
鹊	0	韻	0.9654
匆	0	奶	0.9688
惕	2	場	0.9718
聳	0	争	0.9598
鑫	1	禽	0.9510
倆	1	僑	0.9464
徊	0	何	0.9759
徘	0	俳	0.9793
偈	1	得	0.9728
婕	0	連	0.9742
繭	0	崗	0.9565
躊	1	割	0.9531
锑	2	锦	0.9699
馥	0	擬	0.9695
氙	3	氧	0.9706
玺	0	窒	0.9527
皝	1	趙	0.9630
驴	0	妮	0.9644
氡	1	氢	0.9737
稟	2	桌	0.9724
訝	0	訴	0.9629
阙	1	阅	0.9645
鯱	3	駒	0.9581
孛	1	寺	0.9719
鳌	1	擎	0.9724
亳	0	毫	0.9838
崧	2	棒	0.9647
顽	0	顶	0.9691
痰	1	談	0.9544
羈	0	覇	0.9632
蜃	1	蛋	0.9684
蠶	2	翼	0.9564
眩	0	転	0.9669
徨	1	偉	0.9699
洙	1	朱	0.9757
薑	0	畫	0.9706
讒	1	譜	0.9556
柝	1	析	0.9838
麽	2	嫁	0.9687
妤	1	好	0.9844
巍	0	魏	0.9729
陨	1	题	0.9598
骄	3	稜	0.9730
鬍	0	護	0.9508
塙	0	搞	0.9863
燻	0	勲	0.9655
迥	0	迴	0.9789
鸮	0	遗	0.9495
嚆	5	龍	0.9602
訥	0	剩	0.9612
駭	0	骸	0.9701
摹	0	募	0.9767
耍	0	要	0.9854
鞑	0	横	0.9630
黯	3	網	0.9654
靚	1	觀	0.9656
鸠	0	鳩	0.9681
筏	0	袋	0.9658
嫦	1	嫡	0.9765
鑭	0	鋼	0.9702
佟	0	冬	0.9648
珲	3	挥	0.9804
蟠	1	播	0.9812
颅	1	硕	0.9634
鱷	1	驅	0.9418
劈	0	赞	0.9523
夔	2	變	0.9578
屁	1	庇	0.9773
蝸	1	堀	0.9598
猥	1	獨	0.9725
洸	0	洗	0.9725
玟	1	戎	0.9699
遐	0	避	0.9733
酗	1	脑	0.9700
馏	0	溜	0.9692
刁	0	习	0.9549
圩	0	打	0.9685
孽	0	芒	0.9599
籽	3	粹	0.9776
蜴	2	暢	0.9727
麝	0	爆	0.9630
扼	0	厄	0.9583
棗	0	萊	0.9623
睾	0	宰	0.9599
蛟	1	战	0.9661
輾	0	鞭	0.9685
逅	0	近	0.9624
邂	1	避	0.9714
韃	1	键	0.9595
摊	0	滩	0.9757
旌	0	旗	0.9719
鍬	0	欽	0.9633
髏	2	購	0.9618
殯	1	漫	0.9713
巔	0	醇	0.9663
慷	0	康	0.9722
樁	1	椿	0.9829
釗	0	剣	0.9690
粱	0	梁	0.9872
俚	3	偶	0.9648
兗	1	齊	0.9515
汛	0	讯	0.9813
嶄	1	斬	0.9635
熄	1	鳩	0.9766
鹭	0	鬱	0.9595
寞	0	莫	0.9676
焘	0	寿	0.9640
璟	2	璋	0.9770
磋	1	確	0.9694
佼	2	侠	0.9617
筷	0	絞	0.9710
裟	0	裂	0.9658
镁	1	缺	0.9661
雒	1	錐	0.9715
鹘	1	疆	0.9610
癱	0	灘	0.9699
膿	1	臟	0.9699
霰	0	覆	0.9570
殤	0	傷	0.9624
瑣	0	填	0.9797
蚁	1	政	0.9661
榭	2	棋	0.9736
澁	2	惹	0.9690
俐	1	桁	0.9716
捞	0	嵌	0.9597
漣	1	連	0.9754
笋	2	等	0.9605
莺	1	菩	0.9521
衮	0	変	0.9723
谬	2	遊	0.9578
炀	0	汤	0.9677
餉	0	飼	0.9812
髻	0	嘗	0.9589
颍	0	颇	0.9719
洱	0	俱	0.9643
珥	0	耳	0.9644
貳	0	厚	0.9425
韌	0	勤	0.9586
骰	0	設	0.9639
岚	0	风	0.9525
斛	0	解	0.9738
蟄	0	蟹	0.9596
曠	2	騙	0.9770
檎	1	槍	0.9739
畸	0	崎	0.9707
翦	2	譜	0.9631
蠍	1	歇	0.9575
鋅	2	舒	0.9702
瑳	2	撲	0.9689
璜	3	璋	0.9761
艤	2	犠	0.9681
潞	4	路	0.9721
窘	0	暮	0.9743
赳	2	迪	0.9668
鏢	3	鑑	0.9766
冼	1	洗	0.9851
惶	2	情	0.9615
祗	2	祇	0.9900
蓑	1	募	0.9692
儂	2	濃	0.9699
诠	1	玲	0.9739
鎂	1	鉄	0.9731
鱒	1	礦	0.9663
揽	0	览	0.9678
栩	0	树	0.9756
淦	2	涂	0.9782
魎	0	鲍	0.9383
腭	1	膜	0.9704
谿	0	鶏	0.9616
锺	1	鍾	0.9724
嚼	2	禮	0.9708
薮	0	数	0.9613
虻	0	虹	0.9802
衬	1	树	0.9780
煜	1	慢	0.9681
脛	0	腔	0.9719
膩	2	臟	0.9617
妳	1	你	0.9751
彅	0	剪	0.9576
箪	3	等	0.9739
薈	0	蒼	0.9673
袈	1	架	0.9703
硯	0	視	0.9687
杠	1	杆	0.9806
洵	0	狗	0.9710
蓼	0	診	0.9472
麴	1	綾	0.9577
曬	2	驅	0.9627
瞎	0	睦	0.9675
豔	3	駐	0.9558
戡	1	戦	0.9721
栱	3	棋	0.9825
熬	1	熟	0.9728
燧	1	隧	0.9797
玳	0	代	0.9593
琬	1	婉	0.9733
鈹	2	鉄	0.9694
鸽	3	舒	0.9703
倹	0	険	0.9721
撇	0	搬	0.9738
榨	3	禄	0.9715
檄	0	嫩	0.9727
浬	1	涅	0.9701
锰	3	锦	0.9694
鰹	3	騒	0.9657
桨	2	染	0.9737
瀝	1	歷	0.9681
珞	5	路	0.9787
鵠	1	憩	0.9685
疱	0	宛	0.9638
贋	1	質	0.9579
棧	0	桜	0.9768
琐	1	预	0.9714
奭	0	喫	0.9527
弒	0	奔	0.9613
搁	1	摘	0.9646
漓	1	潜	0.9771
犍	2	键	0.9762
絮	2	繫	0.9647
跤	1	毀	0.9648
锻	0	般	0.9712
鳶	0	巻	0.9513
漩	1	旋	0.9623
吩	1	份	0.9641
歙	1	款	0.9646
褻	0	寒	0.9593
诬	0	巫	0.9784
貽	0	胎	0.9787
醴	0	醒	0.9738
瘓	0	疾	0.9761
紆	0	紅	0.9709
鴛	1	驚	0.9646
滁	0	除	0.9692
羡	2	豪	0.9549
蚩	0	黄	0.9690
娑	2	姿	0.9597
桢	1	杭	0.9729
烴	2	燈	0.9712
蓟	2	嫡	0.9648
雳	0	震	0.9605
堊	0	雪	0.9500
筵	0	遜	0.9740
籾	0	极	0.9698
繇	0	縣	0.9733
轶	0	铁	0.9838
镭	4	锦	0.9637
驢	3	騙	0.9573
懈	1	解	0.9659
踵	5	撞	0.9694
鵲	2	鴨	0.9741
砚	1	视	0.9750
磔	3	傑	0.9767
绶	2	缓	0.9865
辗	1	碑	0.9656
餵	2	銀	0.9682
澧	0	濫	0.9727
碌	1	祿	0.9878
镕	1	溶	0.9714
碉	1	调	0.9706
蛸	1	増	0.9701
呵	0	响	0.9713
棹	2	桿	0.9836
蠡	0	蜜	0.9494
飓	0	吸	0.9618
幀	2	帳	0.9678
恃	1	侍	0.9748
鶻	3	鴨	0.9706
嫂	2	娛	0.9765
曄	1	睡	0.9690
矚	4	騙	0.9586
碲	0	儲	0.9671
逞	0	追	0.9741
咆	1	跑	0.9684
嵇	0	橋	0.9706
蔦	0	鳥	0.9700
晕	1	暑	0.9654
甩	0	用	0.9708
腋	2	脑	0.9724
艋	2	艦	0.9656
蠅	4	鴨	0.9514
谎	1	慌	0.9763
镰	0	鎌	0.9749
卞	0	寸	0.9722
舺	0	棚	0.9737
薊	4	縛	0.9551
沭	0	游	0.9646
渺	1	砂	0.9637
碾	0	硬	0.9840
蜷	2	戦	0.9617
誥	0	詰	0.9812
顫	2	贈	0.9659
鯰	1	驗	0.9621
滦	0	深	0.9737
蔷	2	菩	0.9580
鍼	1	戲	0.9689
囉	0	匯	0.9670
寥	0	廖	0.9650
懶	0	賴	0.9811
抉	0	扶	0.9877
櫚	2	欄	0.9804
毬	0	逮	0.9651
澗	2	潤	0.9807
顗	1	頭	0.9864
娩	1	嫩	0.9705
翹	0	魁	0.9598
踞	1	跟	0.9637
閭	1	闇	0.9813
朧	0	調	0.9588
蛹	0	踊	0.9782
钵	0	苯	0.9713
憬	0	憶	0.9741
捌	2	谢	0.9571
蚵	1	両	0.9648
飪	1	蝕	0.9700
鼐	0	顯	0.9592
邺	0	邨	0.9552
鈷	3	針	0.9755
憚	1	禪	0.9719
桅	0	楊	0.9667
睢	1	唯	0.9741
秃	1	秀	0.9846
螳	0	强	0.9721
雹	1	覽	0.9558
煒	1	煌	0.9828
盂	0	孟	0.9747
镓	3	嫁	0.9736
糜	1	赞	0.9589
釵	1	叙	0.9692
飆	3	臟	0.9669
俏	0	偵	0.9667
诫	0	诚	0.9698
鋏	3	鉄	0.9748
尬	0	价	0.9614
錳	4	鎮	0.9689
崋	0	華	0.9630
翘	0	腿	0.9448
蹊	1	暖	0.9714
龛	2	禽	0.9626
湍	1	滞	0.9730
荥	0	泉	0.9631
贻	1	胎	0.9700
铲	1	镜	0.9619
峒	1	响	0.9706
紇	0	約	0.9613
韧	3	勘	0.9572
饪	0	任	0.9722
黴	0	徵	0.9665
妲	0	姐	0.9869
拇	2	摘	0.9725
钛	1	铁	0.9784
屎	1	尿	0.9648
秧	0	秩	0.9782
筱	2	俊	0.9726
蒯	0	臓	0.9660
髒	2	静	0.9636
羣	1	肇	0.9650
鐮	1	鎌	0.9839
鑾	3	變	0.9677
桦	0	枠	0.9758
涓	1	滑	0.9751
澈	0	徹	0.9732
紊	1	袋	0.9670
蚤	2	蛋	0.9666
鄺	0	勵	0.9588
骷	1	韩	0.9693
鼬	0	駛	0.9593
憫	1	耐	0.9623
槳	1	獎	0.9797
浣	1	淀	0.9763
蘑	0	磨	0.9798
嚮	0	箭	0.9640
涸	1	洞	0.9706
澡	1	藻	0.9750
燐	0	隣	0.9668
钡	0	锁	0.9693
锯	1	错	0.9705
拢	0	扰	0.9662
猾	0	猜	0.9788
睽	0	晓	0.9658
繍	1	繞	0.9732
莪	1	隷	0.9657
鴦	0	煮	0.9702
榻	0	橘	0.9737
窖	1	罕	0.9659
蹂	1	探	0.9705
鍮	1	输	0.9796
兖	1	究	0.9495
徠	1	救	0.9646
赚	0	廉	0.9598
遴	0	透	0.9651
弑	3	侠	0.9543
蚓	1	蛇	0.9649
袞	0	褒	0.9764
桩	0	梯	0.9776
邈	3	遊	0.9575
颯	1	風	0.9624
擂	3	擇	0.9711
旻	0	是	0.9683
贮	2	庇	0.9627
鍔	4	鑑	0.9723
壷	1	華	0.9604
覲	2	觀	0.9691
顱	0	顧	0.9725
抖	1	针	0.9632
掣	1	擊	0.9614
螞	4	麺	0.9627
蒨	2	偉	0.9648
郴	1	椒	0.9588
鉻	1	络	0.9795
钨	1	销	0.9723
杓	0	林	0.9711
桝	2	赦	0.9661
涝	2	淀	0.9740
羰	1	频	0.9629
螯	1	蜜	0.9691
疮	2	洛	0.9580
鄞	0	郵	0.9680
驪	1	體	0.9580
乂	0	义	0.9831
蝮	0	瓊	0.9593
趟	2	趙	0.9756
镧	1	樋	0.9672
卅	0	廾	0.9677
脖	2	膜	0.9655
褪	1	褐	0.9632
匱	0	置	0.9614
帘	0	帮	0.9698
恼	0	悩	0.9683
掙	0	稱	0.9688
莘	1	宰	0.9805
萸	2	英	0.9658
逕	0	逗	0.9632
栢	0	棺	0.9863
灿	0	汕	0.9702
肄	1	铺	0.9593
蜻	2	帯	0.9708
釁	2	覽	0.9669
凧	0	佩	0.9536
喂	2	跟	0.9783
楹	1	榴	0.9734
琊	0	娜	0.9779
痔	2	滑	0.9672
苇	0	韦	0.9695
袂	4	侠	0.9772
譏	1	磯	0.9567
奬	2	獎	0.9896
崴	0	威	0.9639
徭	2	得	0.9620
捺	3	棒	0.9729
烛	1	独	0.9786
皺	2	綾	0.9525
紂	0	純	0.9707
呤	0	吟	0.9818
垩	1	襄	0.9564
芎	0	亨	0.9603
莹	0	宝	0.9733
鉈	1	能	0.9620
鋤	0	釧	0.9605
铬	2	络	0.9772
勐	2	勃	0.9725
叻	1	功	0.9639
昵	1	既	0.9605
檯	0	慎	0.9688
泻	0	湾	0.9755
虢	0	號	0.9634
銑	4	鉄	0.9803
儼	0	衡	0.9581
挠	0	換	0.9702
勺	0	亿	0.9599
椀	2	婉	0.9695
湳	0	滴	0.9752
瑭	1	塘	0.9783
蝗	2	増	0.9679
鈽	0	飾	0.9705
岌	0	奠	0.9588
忱	1	枕	0.9755
煦	0	照	0.9642
謄	0	騰	0.9756
軛	4	駒	0.9555
鄲	0	擲	0.9556
騫	1	駕	0.9650
鱲	1	臘	0.9603
嵊	1	剩	0.9691
沥	1	沉	0.9573
羁	1	覇	0.9645
腌	0	庵	0.9648
膑	3	膜	0.9786
鋂	8	錦	0.9766
鞄	2	跑	0.9630
昀	0	的	0.9719
癲	0	廳	0.9610
芻	0	憑	0.9555
铵	0	较	0.9660
嬅	1	樺	0.9679
瓚	2	贊	0.9787
睞	2	裸	0.9632
矗	1	臺	0.9603
譙	1	誰	0.9669
俩	0	炳	0.9605
燎	1	療	0.9733
萇	2	裏	0.9718
谒	1	喝	0.9743
醯	1	醒	0.9606
潁	1	頗	0.9769
瀆	0	潰	0.9842
琨	0	琵	0.9734
壠	1	擅	0.9672
歿	0	疫	0.9734
氖	4	氧	0.9657
漯	2	漂	0.9743
蠔	0	薇	0.9624
嘻	2	噶	0.9716
巅	2	蘋	0.9685
栞	0	莱	0.9740
檗	0	課	0.9602
滌	0	條	0.9788
凜	2	湿	0.9653
啼	1	蹄	0.9774
嘌	0	聽	0.9623
礪	2	礦	0.9805
鎗	2	鈴	0.9723
饷	1	何	0.9772
髦	1	毫	0.9529
佰	0	伯	0.9770
坳	0	她	0.9735
悚	0	棟	0.9785
楳	1	棟	0.9853
髑	3	購	0.9650
囁	1	攝	0.9772
墺	0	奧	0.9766
懦	2	儒	0.9758
柠	2	杆	0.9742
瘫	0	雍	0.9712
銓	0	鉛	0.9754
鎔	1	鉛	0.9741
凑	2	湊	0.9858
夯	0	夺	0.9658
澪	1	滾	0.9653
炔	0	快	0.9757
獏	0	猿	0.9778
笥	0	筒	0.9735
羔	0	靠	0.9464
鄯	1	部	0.9811
颌	1	领	0.9738
圻	0	拆	0.9740
埜	0	柱	0.9577
淅	2	浙	0.9781
滘	0	潛	0.9746
罔	0	岡	0.9599
谤	1	锁	0.9539
隗	1	鬼	0.9588
鲑	1	鲜	0.9776
嘧	1	曜	0.9543
楣	1	桓	0.9686
焔	2	胎	0.9638
甌	2	调	0.9612
膾	0	艙	0.9646
閨	2	閏	0.9850
嗽	1	喚	0.9597
疤	3	庇	0.9529
筝	4	等	0.9727
粿	3	裸	0.9876
萠	0	崩	0.9740
跩	0	捜	0.9697
鉍	0	澎	0.9648
鞮	1	歸	0.9707
摒	1	握	0.9746
旷	0	矿	0.9521
涩	1	潟	0.9551
睨	1	晩	0.9666
婺	0	婆	0.9770
疍	1	暨	0.9654
诰	3	浩	0.9761
豌	1	舰	0.9554
鏗	4	舒	0.9682
幇	0	評	0.9678
梆	0	栃	0.9645
櫟	1	機	0.9729
浇	0	淺	0.9744
涇	0	濕	0.9681
粪	0	薬	0.9639
蝇	1	聘	0.9667
諌	3	謀	0.9835
銥	2	叙	0.9753
嗟	0	靖	0.9612
孰	0	執	0.9756
捣	3	摘	0.9721
攫	1	覆	0.9675
煇	0	輝	0.9765
肱	2	脉	0.9691
脷	1	肺	0.9693
鋦	1	錫	0.9705
刎	0	侧	0.9589
滓	0	洋	0.9789
腻	0	獻	0.9583
枉	1	柱	0.9845
縊	4	締	0.9733
褫	2	編	0.9599
鎢	2	錫	0.9758
佘	0	余	0.9852
吶	0	柳	0.9690
篁	1	管	0.9594
蝎	0	揭	0.9830
赂	0	降	0.9632
醃	0	掩	0.9792
猝	0	猪	0.9667
矜	0	矛	0.9646
藕	0	藉	0.9744
闾	0	間	0.9693
霓	0	電	0.9691
馱	1	駄	0.9851
鰲	2	驚	0.9633
嵋	0	順	0.9692
捩	0	折	0.9699
撹	0	境	0.9760
珮	1	脚	0.9680
赓	2	度	0.9715
镍	1	録	0.9714
鴕	0	紀	0.9635
勗	2	晃	0.9623
囮	0	団	0.9573
紓	0	緑	0.9713
蘂	0	榮	0.9437
蠱	1	轄	0.9485
阡	1	阵	0.9653
頚	0	額	0.9724
驃	1	騎	0.9622
傢	3	俊	0.9716
掺	0	惨	0.9645
絳	1	絡	0.9759
焯	2	悼	0.9680
覃	1	置	0.9638
辮	0	辩	0.9688
僳	1	假	0.9680
摻	0	慘	0.9764
枷	1	柳	0.9738
汜	0	记	0.9600
涕	1	洋	0.9769
蚂	0	玛	0.9736
賁	1	貴	0.9841
蹲	0	噂	0.9727
咫	2	题	0.9519
帚	0	吾	0.9573
羥	2	赞	0.9584
鍺	2	錯	0.9737
镀	0	渡	0.9682
琲	0	排	0.9816
碕	2	骑	0.9732
阗	1	噂	0.9628
驒	4	購	0.9704
魟	0	魚	0.9471
傈	0	保	0.9769
燁	1	輝	0.9736
萤	0	蛍	0.9730
俶	2	椒	0.9781
嶠	1	崎	0.9598
撻	3	键	0.9733
濛	2	漠	0.9724
诅	1	坦	0.9764
鸥	0	恩	0.9601
婪	0	楼	0.9742
涧	2	洞	0.9829
瀟	0	満	0.9686
煲	1	透	0.9523
瑯	5	郡	0.9784
璘	3	撲	0.9592
鈮	3	銀	0.9659
驸	0	附	0.9700
皱	0	破	0.9694
餚	0	領	0.9701
鯤	1	縄	0.9700
坵	0	拒	0.9655
媲	0	姆	0.9747
欒	3	赞	0.9565
辕	1	辖	0.9726
鱀	3	驚	0.9676
咕	0	帖	0.9639
嗓	0	桑	0.9715
媧	3	嫡	0.9694
翳	0	懸	0.9645
謇	1	奮	0.9659
墘	0	撰	0.9647
杲	3	桌	0.9803
猬	1	猜	0.9692
痪	1	疾	0.9720
盞	0	善	0.9405
闷	0	逊	0.9475
佇	2	侍	0.9626
佤	0	瓦	0.9562
剽	1	聽	0.9632
潇	0	萧	0.9760
痊	0	倭	0.9669
舐	0	抵	0.9743
蟒	1	蝶	0.9735
軻	1	輌	0.9648
癇	0	蹴	0.9592
藓	2	辖	0.9736
馅	0	饰	0.9740
徂	0	祖	0.9730
敎	0	教	0.9823
燿	0	耀	0.9804
緹	1	綻	0.9765
郗	1	都	0.9760
锷	3	臂	0.9703
阆	1	恨	0.9609
靄	0	霞	0.9731
儋	0	詹	0.9683
暐	2	晴	0.9691
淝	1	腕	0.9640
锶	2	憩	0.9722
馭	1	駁	0.9603
亟	0	塑	0.9557
囂	1	鲁	0.9443
嵬	2	鬼	0.9636
撿	0	捨	0.9704
榷	1	椎	0.9860
欅	4	棒	0.9746
瞒	1	踊	0.9699
腑	2	肺	0.9711
觅	0	觉	0.9547
佯	0	伴	0.9764
爹	0	豸	0.9346
釔	3	銃	0.9426
闔	2	闇	0.9594
傕	0	催	0.9773
悯	1	悩	0.9713
礬	0	攀	0.9799
邾	2	郑	0.9661
鍀	5	鎮	0.9747
馗	0	旭	0.9662
龕	0	愈	0.9553
斟	1	堪	0.9687
耸	1	盆	0.9470
訢	1	訴	0.9748
谔	3	滑	0.9729
颤	1	調	0.9484
驊	5	購	0.9691
鶉	0	寫	0.9666
齦	0	颗	0.9557
匮	0	圏	0.9539
雋	0	焦	0.9644
咭	0	貼	0.9623
挚	4	塾	0.9743
榈	0	桐	0.9717
苺	2	堪	0.9608
諤	0	需	0.9655
贱	1	炸	0.9603
汨	1	泊	0.9774
筧	0	算	0.9754
袒	2	桓	0.9730
裨	2	禅	0.9834
阇	1	閣	0.9672
駢	4	駐	0.9731
墉	0	擴	0.9731
拵	0	布	0.9734
朮	0	坑	0.9628
猖	1	猎	0.9728
瓘	6	撞	0.9754
疚	2	疾	0.9636
賬	0	眼	0.9757
鏽	5	鑑	0.9653
峴	0	現	0.9525
恂	0	抱	0.9688
敍	2	敘	0.9749
泮	2	洋	0.9830
浔	1	淳	0.9770
漪	3	骑	0.9662
繚	0	綠	0.9724
菏	0	蒲	0.9754
彊	2	疆	0.9759
扒	1	択	0.9642
槎	1	梯	0.9837
珉	0	朗	0.9666
貘	0	貌	0.9571
锈	0	誘	0.9684
鬣	0	鬆	0.9384
鰺	1	縫	0.9575
啞	2	蹄	0.9602
忿	0	贫	0.9501
掏	1	拘	0.9732
朦	4	膜	0.9740
橇	3	穫	0.9677
煊	2	煌	0.9792
諍	0	靜	0.9822
辙	0	撤	0.9818
馀	0	餘	0.9767
渎	1	读	0.9826
纶	1	论	0.9641
蜓	0	挺	0.9685
鉭	0	鍋	0.9610
剷	1	庵	0.9625
噹	1	暗	0.9669
揣	1	瑞	0.9839
癡	0	礙	0.9645
誨	1	諾	0.9665
輟	2	較	0.9534
鄢	0	鄂	0.9682
儷	1	麗	0.9618
氘	5	氧	0.9594
湮	1	澤	0.9801
灝	1	濫	0.9667
痒	0	辉	0.9626
筮	0	殺	0.9668
籐	1	礙	0.9644
砹	0	胶	0.9653
謐	2	證	0.9677
赁	0	负	0.9671
幔	1	幌	0.9759
櫂	1	檔	0.9750
跻	2	跨	0.9704
銖	5	鉄	0.9778
鴎	0	隨	0.9607
唖	2	埋	0.9629
櫨	0	爐	0.9771
箍	9	錦	0.9705
臍	4	臟	0.9611
恍	2	効	0.9615
枡	0	枝	0.9726
漾	1	湾	0.9650
醮	0	酶	0.9714
銦	4	銀	0.9711
鳃	3	艦	0.9649
涤	3	洛	0.9772
熒	0	勞	0.9513
璉	0	運	0.9666
瞼	2	驗	0.9814
閎	1	閉	0.9741
鹛	0	脆	0.9626
滎	3	獎	0.9569
砵	0	体	0.9720
簫	1	篤	0.9672
胄	0	曽	0.9768
讖	2	鐵	0.9621
錇	10	錦	0.9731
锣	1	锡	0.9670
嗲	1	够	0.9446
垓	0	孩	0.9763
怛	0	恒	0.9724
戔	1	淺	0.9595
挣	0	推	0.9730
沔	0	汚	0.9746
祆	1	秩	0.9685
簸	1	鋳	0.9673
脐	2	膝	0.9664
芾	3	帯	0.9706
葭	1	鼓	0.9621
蘚	2	鮮	0.9707
诽	1	排	0.9611
鏘	1	撥	0.9662
靱	1	難	0.9615
噁	0	惡	0.9697
嚕	0	嗜	0.9611
炽	1	妮	0.9687
穰	5	縛	0.9693
翎	0	極	0.9628
蛎	3	勃	0.9578
蜿	3	婉	0.9709
飜	1	誘	0.9521
呕	0	驱	0.9780
矫	1	矮	0.9826
簗	2	築	0.9699
苴	0	直	0.9734
萜	1	帖	0.9452
蜒	0	誕	0.9761
螃	0	就	0.9628
鈎	2	釣	0.9766
绮	4	骑	0.9802
诣	0	指	0.9657
蹶	0	瞬	0.9647
鮪	0	礁	0.9719
侷	0	倡	0.9625
咯	6	路	0.9728
寳	0	寶	0.9788
岫	1	帕	0.9754
殇	0	钦	0.9542
燙	2	湯	0.9522
輓	1	晚	0.9666
蛻	0	說	0.9502
恳	0	愿	0.9614
淖	1	漳	0.9841
鐳	1	鐘	0.9721
镐	5	锦	0.9724
陟	1	陵	0.9544
駙	5	駒	0.9652
凳	1	発	0.9574
揀	1	挟	0.9797
衅	0	蜂	0.9571
輒	2	輌	0.9655
郅	2	都	0.9722
鉲	4	針	0.9711
鏞	2	鍾	0.9681
鸾	0	恶	0.9516
勣	4	勃	0.9643
爰	0	爱	0.9876
钋	2	针	0.9739
屹	0	吃	0.9744
弭	0	再	0.9688
撾	1	髄	0.9506
楡	1	檢	0.9665
秣	0	桥	0.9760
鬃	3	豪	0.9633
忏	1	布	0.9680
柾	2	植	0.9735
燼	0	燒	0.9741
禕	3	禅	0.9788
谚	0	涉	0.9531
鏟	3	鈴	0.9701
霾	1	雪	0.9448
騏	5	駐	0.9716
齟	0	哺	0.9487
齬	0	語	0.9632
杢	0	杏	0.9729
箒	0	急	0.9654
縻	0	麼	0.9583
胭	0	烟	0.9797
拚	1	挨	0.9733
潴	1	猪	0.9721
诡	1	脆	0.9618
轭	4	婉	0.9628
驍	1	曉	0.9739
俎	0	矩	0.9726
勰	2	碳	0.9675
恙	1	差	0.9620
濑	0	滿	0.9712
甯	0	寓	0.9584
鴫	5	鴨	0.9816
麩	4	稜	0.9496
滉	2	漫	0.9791
铂	2	销	0.9743
饺	1	絞	0.9742
佞	0	侵	0.9641
喆	1	詰	0.9808
挹	1	把	0.9718
澍	1	渤	0.9647
澹	1	傷	0.9626
睐	0	昧	0.9735
簷	1	詹	0.9662
菫	0	董	0.9754
躋	0	聯	0.9681
钴	2	错	0.9744
儺	1	灘	0.9776
搅	2	撥	0.9635
瀰	2	彌	0.9712
珩	1	坪	0.9698
苳	1	冬	0.9639
鈰	6	鎮	0.9698
哄	2	掠	0.9633
哑	0	亚	0.9506
脯	0	期	0.9617
蔻	0	寇	0.9689
閾	4	闘	0.9715
伉	1	仿	0.9638
傉	0	候	0.9624
吝	1	客	0.9789
唁	1	唱	0.9619
湟	2	漳	0.9730
颚	2	频	0.9651
龢	2	输	0.9632
唑	0	挫	0.9730
姶	0	拾	0.9700
楫	3	植	0.9822
瘾	1	憑	0.9585
硤	0	煤	0.9714
秽	5	稜	0.9784
茴	0	向	0.9532
藺	0	蘭	0.9699
蹦	1	蹴	0.9553
炖	1	城	0.9708
瑀	0	挿	0.9759
畹	2	腕	0.9760
讶	0	评	0.9745
魃	0	魅	0.9588
寔	1	掌	0.9672
疣	1	庞	0.9728
銮	2	發	0.9552
鑣	0	鑼	0.9591
頹	2	頗	0.9772
驹	3	跑	0.9588
剱	5	銀	0.9651
呟	2	弦	0.9666
溟	0	混	0.9823
瓏	1	謂	0.9706
瞥	1	督	0.9658
瞩	5	騙	0.9788
緞	1	綬	0.9730
錕	11	錦	0.9741
鸳	1	寫	0.9461
亶	2	擅	0.9446
倻	6	郡	0.9595
珣	2	拘	0.9732
綵	1	練	0.9592
邃	0	遂	0.9756
鈿	4	舗	0.9680
錸	6	鉄	0.9665
噩	3	驅	0.9114
旃	1	旗	0.9742
痹	0	廟	0.9561
禀	0	禦	0.9573
詡	1	評	0.9623
邛	0	邱	0.9764
顒	3	顆	0.9753
鵄	1	顯	0.9681
哗	0	纯	0.9604
嚥	1	燕	0.9631
壑	1	座	0.9624
奐	0	葵	0.9649
尷	1	鲍	0.9414
毌	0	丑	0.9634
瘠	2	療	0.9743
亙	0	互	0.9797
帑	4	洛	0.9659
懒	1	赖	0.9779
涮	0	刷	0.9720
睇	2	塘	0.9721
窈	2	褐	0.9618
缽	5	棒	0.9647
羿	3	湿	0.9607
藹	2	詩	0.9636
輳	0	鞍	0.9661
陲	0	龜	0.9516
頊	0	項	0.9821
厕	1	侧	0.9631
昺	0	最	0.9691
爍	2	機	0.9682
豺	0	幼	0.9536
躙	2	曜	0.9647
钼	3	销	0.9700
畦	1	甜	0.9648
藜	0	黎	0.9793
豉	2	鼓	0.9830
贲	0	贵	0.9766
酈	1	勵	0.9533
銪	2	錐	0.9788
鏃	7	鉄	0.9748
嫖	3	漂	0.9719
渟	2	淳	0.9855
燾	0	壽	0.9691
玮	1	持	0.9734
癬	0	纏	0.9626
笺	0	线	0.9618
纣	2	拉	0.9665
芍	0	均	0.9587
驥	2	縄	0.9613
髯	0	撃	0.9553
鸯	1	离	0.9552
啖	2	談	0.9640
嬬	4	嫡	0.9744
椴	6	稜	0.9767
湣	0	婚	0.9736
缢	2	絞	0.9604
闓	3	闇	0.9864
啜	0	察	0.9661
嚨	6	龍	0.9766
娇	2	矮	0.9758
恫	2	响	0.9703
敝	0	敬	0.9790
涟	0	连	0.9731
獺	1	瀬	0.9787
珅	0	坤	0.9846
瘢	3	碳	0.9689
軫	1	鍵	0.9496
遶	0	違	0.9698
钰	1	街	0.9697
閹	1	開	0.9669
鹫	1	營	0.9497
昉	0	坊	0.9757
碚	1	儲	0.9681
螈	0	噸	0.9715
蟑	0	掉	0.9731
辍	1	裁	0.9704
邙	2	部	0.9627
鋨	0	餓	0.9774
頴	2	頻	0.9703
坻	1	抵	0.9803
恿	1	恵	0.9619
杣	0	柿	0.9763
栎	0	标	0.9803
洄	3	洞	0.9847
蜑	2	蜜	0.9741
贔	0	島	0.9447
逖	0	逃	0.9644
鉞	0	鉱	0.9690
仡	1	亿	0.9619
匐	0	創	0.9542
燉	2	激	0.9776
皎	1	较	0.9687
綝	2	稼	0.9631
蛉	2	玲	0.9763
鬘	1	髪	0.9416
囪	0	纲	0.9507
曷	2	喝	0.9718
杼	0	朽	0.9800
砀	2	视	0.9608
砒	1	毗	0.9672
碣	1	碍	0.9672
靓	0	现	0.9777
咩	2	唯	0.9679
嚎	4	豪	0.9677
弉	1	特	0.9645
慟	0	働	0.9715
樗	2	標	0.9722
氬	0	氟	0.9588
紜	1	綜	0.9748
铋	1	钦	0.9632
妞	4	姫	0.9762
扛	1	打	0.9767
氪	6	氧	0.9726
睫	0	捷	0.9687
臏	3	膳	0.9717
蕲	0	薪	0.9656
銨	0	錢	0.9727
鱈	0	籃	0.9617
喵	1	哺	0.9744
娣	2	嫩	0.9736
粳	1	梗	0.9854
輜	3	静	0.9691
鑀	3	缓	0.9622
锚	2	铺	0.9801
颉	2	赖	0.9718
魍	6	駒	0.9511
墻	0	墙	0.9777
崂	1	喷	0.9675
甑	2	赠	0.9557
簪	4	驚	0.9708
粑	0	粮	0.9732
袤	0	素	0.9610
謔	5	鳴	0.9645
赈	0	顾	0.9636
酊	1	町	0.9708
鉬	1	銷	0.9680
鏐	3	錫	0.9653
姒	1	妙	0.9657
牯	2	枯	0.9726
窥	1	琉	0.9697
辫	1	辩	0.9790
埭	0	隶	0.9704
戾	0	戻	0.9904
澆	1	燒	0.9686
澶	1	續	0.9590
狽	1	狼	0.9636
纥	0	迄	0.9599
罄	1	聲	0.9730
蜢	1	埼	0.9602
袱	0	权	0.9627
讹	2	诸	0.9631
谯	1	礁	0.9746
钍	3	针	0.9866
钝	4	钟	0.9737
揪	3	赦	0.9702
淩	0	凌	0.9856
獗	0	獄	0.9575
癫	1	廳	0.9615
盱	1	旺	0.9734
粁	3	杆	0.9733
銣	6	銀	0.9710
晔	0	蹤	0.9631
瑄	0	菅	0.9679
筰	2	希	0.9721
篙	2	管	0.9656
縷	6	縛	0.9650
荟	3	茶	0.9647
蟆	0	堤	0.9722
輋	0	著	0.9623
钕	0	钱	0.9758
饌	6	鑑	0.9696
骁	2	绕	0.9730
鳗	0	監	0.9650
渙	1	浴	0.9711
荖	1	老	0.9631
鳐	0	摇	0.9670
廼	2	退	0.9650
慑	3	榎	0.9699
掬	1	換	0.9743
朐	1	胞	0.9743
绢	4	滑	0.9737
骡	1	懸	0.9686
齧	2	醫	0.9638
撚	0	燃	0.9700
焜	1	混	0.9782
罡	0	聖	0.9600
觐	0	動	0.9626
赧	1	搬	0.9764
酩	0	酔	0.9648
锟	6	锦	0.9787
镌	2	锁	0.9653
霏	2	雪	0.9544
垠	2	恨	0.9686
崭	6	婦	0.9581
氚	7	氧	0.9584
璠	2	播	0.9769
疸	1	恒	0.9626
錚	2	鐘	0.9652
钒	4	彻	0.9693
麂	0	煙	0.9610
咁	1	坤	0.9644
惺	2	握	0.9723
殃	1	破	0.9682
灞	3	衛	0.9653
糰	3	欄	0.9657
縉	0	縮	0.9690
缙	0	缩	0.9769
衾	1	余	0.9741
訖	0	乾	0.9709
郯	3	燈	0.9525
髅	0	弊	0.9625
尭	1	宪	0.9720
柞	0	梓	0.9741
璿	1	踏	0.9670
蓓	0	倍	0.9636
謚	3	證	0.9775
颊	3	赖	0.9800
骅	1	紫	0.9648
鹬	2	鹤	0.9630
擘	1	壁	0.9762
晗	1	哈	0.9781
漉	0	鹿	0.9718
瑗	0	援	0.9779
菴	1	截	0.9664
謖	2	暖	0.9661
踝	1	課	0.9709
蹇	1	撃	0.9589
饵	0	傾	0.9647
鮒	2	礁	0.9593
鸢	2	统	0.9542
岀	1	出	0.9714
稹	3	積	0.9880
腈	5	膜	0.9725
黻	2	裁	0.9663
嘅	1	噸	0.9665
孪	0	亲	0.9674
庑	0	庚	0.9692
搓	1	拝	0.9699
栾	0	奕	0.9700
涎	0	延	0.9749
蚯	1	虹	0.9694
郤	1	鄧	0.9686
飩	2	蝕	0.9734
晞	1	搖	0.9661
暠	2	嵩	0.9605
烨	2	炸	0.9727
砾	0	碎	0.9674
磾	2	禪	0.9784
腮	0	願	0.9582
诀	0	决	0.9765
轆	6	購	0.9644
釤	1	欽	0.9421
鎘	12	錦	0.9769
鐙	2	鉛	0.9681
骞	1	赛	0.9736
鸕	2	廳	0.9639
麋	4	榎	0.9668
峦	0	密	0.9557
滷	2	澳	0.9653
矾	2	观	0.9657
磴	2	橙	0.9700
莅	0	苻	0.9769
菈	3	惹	0.9654
蜍	3	玲	0.9666
觴	2	渤	0.9639
镖	4	漂	0.9677
飙	4	燈	0.9626
骥	3	縄	0.9639
垛	0	投	0.9654
掳	2	據	0.9652
棻	3	染	0.9713
獼	3	彌	0.9501
疡	1	汤	0.9661
蜚	2	撃	0.9671
跛	0	跋	0.9751
顥	2	顯	0.9708
嚐	1	嘗	0.9587
猗	1	狗	0.9697
糎	2	糖	0.9706
纓	2	綬	0.9694
僮	1	僅	0.9769
匍	0	甸	0.9691
呐	1	纳	0.9622
屓	1	厚	0.9728
沣	1	注	0.9768
濞	3	漳	0.9720
磬	2	聲	0.9768
耘	1	祥	0.9726
舂	1	春	0.9825
荳	0	草	0.9636
莿	0	莉	0.9817
颓	1	额	0.9803
鵙	1	顕	0.9712
亵	2	塚	0.9638
勖	1	助	0.9620
嚣	2	點	0.9598
囍	0	謹	0.9653
孖	1	存	0.9666
獾	0	獲	0.9700
璨	2	樂	0.9727
癢	0	瀑	0.9733
篥	2	鎌	0.9676
綦	0	怎	0.9560
艏	0	舶	0.9716
讥	1	汎	0.9585
焓	5	燈	0.9662
燬	2	礙	0.9712
琇	0	楚	0.9652
痍	1	庚	0.9678
钗	4	淑	0.9612
圜	1	圆	0.9752
嶷	1	擬	0.9656
庖	2	胞	0.9651
庠	0	圧	0.9702
涜	3	淀	0.9621
矧	3	模	0.9724
褥	4	禄	0.9630
逛	1	选	0.9639
鉗	3	錐	0.9755
鑪	1	験	0.9603
頜	1	領	0.9832
嗇	1	简	0.9517
囿	1	団	0.9700
徕	5	侠	0.9793
橈	1	構	0.9723
窿	0	隆	0.9631
蚶	2	坤	0.9741
詬	0	詣	0.9570
阉	1	阔	0.9683
頫	1	惧	0.9652
鬨	1	壤	0.9511
鳖	2	擎	0.9597
鹗	3	覽	0.9527
嶌	1	鳥	0.9604
淬	0	济	0.9690
眙	3	胎	0.9719
籟	0	籍	0.9717
翩	5	麺	0.9667
輦	0	替	0.9666
鈈	2	録	0.9727
铨	1	锋	0.9667
頰	3	頗	0.9821
鵺	3	編	0.9690
乩	0	乱	0.9622
枭	1	棠	0.9705
榘	2	架	0.9744
潦	1	僚	0.9774
瘀	1	察	0.9662
竑	2	宏	0.9676
篳	0	筆	0.9616
邰	3	都	0.9672
鐿	1	鏡	0.9755
靛	3	蘋	0.9680
佾	0	确	0.9564
嘟	4	都	0.9783
宓	3	弦	0.9556
昐	1	扮	0.9645
窜	1	寓	0.9611
藐	1	貌	0.9494
虱	2	風	0.9672
蛊	0	盡	0.9644
蜉	0	授	0.9646
蜗	0	喇	0.9666
覬	2	凱	0.9613
詒	1	谱	0.9647
趴	1	呎	0.9413
醞	2	醒	0.9699
錡	5	舒	0.9725
隽	1	焦	0.9623
骊	1	酬	0.9508
骠	2	聽	0.9587
鮨	1	詣	0.9616
攒	4	赞	0.9659
殡	3	漫	0.9689
竅	0	殼	0.9681
萘	0	索	0.9710
訌	0	証	0.9726
蹙	1	脅	0.9595
酐	3	酢	0.9696
鋯	2	銷	0.9764
鑓	7	鑑	0.9665
髷	1	暫	0.9560
堇	1	董	0.9770
嶝	0	峰	0.9593
牘	6	膜	0.9663
珑	1	誠	0.9619
臚	1	臓	0.9549
飫	0	飯	0.9692
鹑	1	學	0.9635
憊	7	縛	0.9531
擷	4	摘	0.9753
昙	0	层	0.9678
槲	3	概	0.9701
璩	3	據	0.9771
胪	1	肪	0.9720
讞	2	調	0.9560
钌	0	行	0.9665
鰍	3	礙	0.9622
鵞	3	鷲	0.9711
塭	0	垣	0.9695
溆	6	燈	0.9646
萣	4	淀	0.9682
覦	1	艙	0.9531
閼	2	閱	0.9794
饕	1	餐	0.9685
鲈	3	娛	0.9584
啾	1	极	0.9694
塱	2	望	0.9612
崽	0	弾	0.9589
涞	1	狭	0.9703
湫	0	秋	0.9725
溅	2	減	0.9676
绫	3	綾	0.9721
衿	2	冷	0.9601
貔	2	貌	0.9460
鐐	6	舒	0.9721
侂	0	低	0.9653
唭	0	琪	0.9719
娲	1	婚	0.9694
槛	2	棉	0.9717
琏	0	链	0.9715
礒	3	犠	0.9712
藷	0	諸	0.9742
酝	1	転	0.9667
骇	1	刻	0.9622
鼈	2	髄	0.9545
嘢	0	野	0.9606
尴	0	施	0.9572
甾	0	笛	0.9555
銹	8	鉄	0.9648
铢	2	铁	0.9784
锴	4	销	0.9792
顓	2	顕	0.9762
魷	4	銃	0.9459
龈	3	跟	0.9745
佢	0	但	0.9772
咱	2	唱	0.9660
埵	1	理	0.9728
拽	1	捜	0.9759
澂	1	徵	0.9835
炜	1	拆	0.9679
硏	0	研	0.9816
禊	1	豫	0.9720
箫	5	等	0.9692
詁	2	詰	0.9895
诩	1	祠	0.9689
轲	5	嫡	0.9712
郧	1	鄂	0.9670
鰯	2	騎	0.9592
鸻	0	術	0.9692
冏	0	問	0.9669
咥	1	到	0.9630
廝	2	旗	0.9605
懾	2	攝	0.9758
蛰	0	蛮	0.9595
辄	2	輝	0.9645
酣	0	埔	0.9634
錼	5	銃	0.9645
駈	0	腰	0.9573
尓	1	尔	0.9924
毡	0	屯	0.9565
濺	3	戦	0.9649
焖	5	婉	0.9662
痞	1	病	0.9682
蘸	1	醸	0.9615
俨	1	廠	0.9550
弢	0	速	0.9663
晾	3	掠	0.9657
禛	1	禧	0.9803
菽	0	栽	0.9771
謫	1	詞	0.9521
郦	2	酬	0.9506
鄔	2	鄂	0.9650
鸵	1	纪	0.9595
嗩	0	噴	0.9740
淒	1	棲	0.9660
滂	5	淀	0.9681
烫	0	淡	0.9467
熠	1	潛	0.9681
粍	0	耗	0.9767
茘	5	勃	0.9579
衒	2	祿	0.9711
訇	2	詹	0.9579
迩	0	迹	0.9713
郫	7	郡	0.9759
酆	3	鄂	0.9555
锢	1	铜	0.9801
鹳	3	鹤	0.9788
佶	0	估	0.9814
渫	4	浩	0.9678
濘	2	潭	0.9685
癩	1	擴	0.9669
盏	0	產	0.9502
翱	1	翻	0.9702
諳	3	譜	0.9876
迢	1	逗	0.9644
鍇	3	銷	0.9838
顼	2	项	0.9751
骈	0	驶	0.9725
鶚	2	寫	0.9642
珙	1	拱	0.9833
鋺	4	錫	0.9754
雎	3	唯	0.9712
兢	0	競	0.9475
惲	0	揮	0.9730
樅	4	烯	0.9704
氈	0	增	0.9548
玠	1	价	0.9664
痤	2	座	0.9818
籙	0	錄	0.9781
蜈	0	跌	0.9718
贓	5	臟	0.9754
驭	0	叔	0.9703
唧	2	卿	0.9746
朊	0	肌	0.9670
枳	0	积	0.9857
栂	2	梯	0.9728
盯	2	町	0.9741
繽	0	績	0.9814
蓀	0	孫	0.9680
陉	3	座	0.9505
鲛	2	较	0.9659
鹟	3	撥	0.9557
嘶	2	斯	0.9710
昰	0	呈	0.9682
杁	0	伏	0.9708
礽	1	初	0.9696
缎	0	绿	0.9777
诂	1	站	0.9661
赉	1	楼	0.9678
躰	1	味	0.9681
鯓	3	礁	0.9644
仝	0	企	0.9724
呱	1	弧	0.9809
墀	3	塘	0.9779
廍	2	廠	0.9615
悸	5	禄	0.9748
掸	1	推	0.9768
暎	0	嘆	0.9686
樾	3	椒	0.9654
濊	0	滅	0.9640
熨	0	歲	0.9512
玕	1	琪	0.9585
玷	3	措	0.9678
脓	3	脉	0.9740
躅	6	騙	0.9618
鎏	4	缓	0.9551
劻	0	闽	0.9669
啉	1	琳	0.9785
嗤	3	埋	0.9642
媾	0	溝	0.9724
峅	0	岭	0.9583
捶	1	挿	0.9649
瀘	1	爐	0.9784
烁	0	减	0.9693
襷	3	橙	0.9646
邽	0	邦	0.9721
颛	1	顿	0.9720
飭	0	飲	0.9710
鱉	5	驚	0.9690
鴞	7	龍	0.9633
劔	0	劍	0.9704
呋	0	映	0.9701
孿	4	變	0.9604
溱	0	秦	0.9799
牍	0	焼	0.9667
玑	0	切	0.9731
篋	1	礎	0.9514
篝	2	奮	0.9658
诒	1	治	0.9787
鐺	8	鑑	0.9756
搦	4	擇	0.9550
撣	3	禪	0.9813
櫥	0	樹	0.9679
獰	0	獵	0.9723
璁	0	想	0.9665
綑	0	納	0.9754
蛯	2	蛇	0.9686
褂	2	神	0.9672
邡	0	所	0.9597
頽	1	額	0.9845
鷸	0	鶴	0.9695
塽	0	爽	0.9538
瘴	1	潰	0.9722
粂	4	染	0.9667
繃	4	網	0.9606
聃	1	埔	0.9691
蔴	1	煤	0.9771
蕗	7	路	0.9671
贍	4	編	0.9627
鉦	7	鎮	0.9665
钫	3	锁	0.9664
铮	7	锦	0.9796
冇	0	右	0.9774
壅	0	童	0.9609
挛	3	撃	0.9689
沆	2	沉	0.9759
眜	1	昧	0.9919
綰	1	縮	0.9873
緘	1	碱	0.9691
罫	1	署	0.9610
貊	0	貓	0.9617
銛	3	錯	0.9671
阕	0	窗	0.9593
黠	3	點	0.9801
刍	1	急	0.9486
噠	1	運	0.9696
囤	2	围	0.9662
嶂	2	崎	0.9626
紬	2	紳	0.9858
蜆	1	現	0.9592
蟋	7	稜	0.9650
鈇	9	鉄	0.9854
鎵	1	像	0.9710
钚	0	杯	0.9677
阖	2	阔	0.9545
恽	4	挥	0.9659
椁	3	桿	0.9726
潯	3	潭	0.9717
犢	1	噴	0.9728
筥	3	管	0.9648
舔	4	碳	0.9607
蠹	2	囊	0.9702
衕	0	獅	0.9618
觊	0	凯	0.9746
轡	2	繞	0.9607
鏖	1	爆	0.9552
闥	0	闊	0.9704
餞	1	钱	0.9701
倬	3	偉	0.9762
嘜	1	麥	0.9621
嬸	2	婚	0.9700
殞	1	殖	0.9669
渍	6	淀	0.9692
璀	0	摧	0.9841
翕	1	愈	0.9657
詆	2	抵	0.9587
邗	8	郡	0.9673
钳	5	钟	0.9726
镛	1	働	0.9697
馃	4	裸	0.9830
岘	1	则	0.9653
椙	4	桿	0.9801
玘	1	记	0.9667
痫	3	脑	0.9693
笞	3	得	0.9583
茧	0	革	0.9658
豢	3	绕	0.9647
贇	3	贊	0.9813
逑	1	逮	0.9741
钜	5	销	0.9750
铷	3	紳	0.9654
鹀	1	磨	0.9612
乜	0	也	0.9777
寐	4	謀	0.9744
枸	3	拘	0.9793
糀	3	梯	0.9743
罂	0	螢	0.9497
菘	6	棒	0.9725
譁	0	講	0.9859
餛	2	館	0.9784
驄	3	騎	0.9597
僊	1	衡	0.9655
嗪	5	榎	0.9725
坌	2	盆	0.9723
槨	5	都	0.9706
狒	1	沸	0.9705
甪	1	用	0.9690
痣	1	渡	0.9609
眈	1	映	0.9545
筊	1	変	0.9621
缕	3	絞	0.9664
苾	4	弦	0.9623
觎	2	舰	0.9502
谛	2	谱	0.9718
钯	1	银	0.9611
闿	4	闇	0.9588
哼	1	谓	0.9580
埒	0	将	0.9714
巿	0	市	0.9901
惋	6	婉	0.9762
愴	0	搶	0.9752
檣	0	椅	0.9794
烬	1	於	0.9659
琺	1	滨	0.9618
瑷	1	援	0.9710
痲	1	麻	0.9769
蹠	4	艦	0.9613
黌	3	翼	0.9679
刨	0	创	0.9642
膊	1	腰	0.9757
舩	1	訟	0.9723
蟇	3	葛	0.9709
谗	5	烯	0.9756
跏	1	咖	0.9622
鋇	1	鎖	0.9793
髹	0	髮	0.9656
鷉	5	編	0.9576
鷦	1	鶴	0.9661
鸊	4	鹤	0.9737
坯	0	坏	0.9748
慚	2	斬	0.9637
泠	3	冷	0.9892
涣	1	资	0.9667
瓒	4	撥	0.9612
眶	1	距	0.9651
罘	0	眾	0.9600
蟀	3	捧	0.9641
醪	0	聡	0.9582
钷	2	铜	0.9695
锄	0	観	0.9655
閂	2	閉	0.9672
驮	1	跌	0.9659
嫪	0	膠	0.9541
桉	1	桜	0.9839
荽	1	妾	0.9739
蜕	0	说	0.9639
辎	3	辖	0.9680
鍩	13	錦	0.9747
鳝	2	鲜	0.9658
鴟	2	鴉	0.9664
喱	0	厘	0.9606
幄	2	幌	0.9644
廡	1	應	0.9668
焗	0	局	0.9608
玥	1	期	0.9741
窰	3	蜜	0.9680
耜	0	粗	0.9710
艉	6	麺	0.9550
闺	3	閏	0.9670
伕	1	伎	0.9759
傚	2	救	0.9827
儕	0	濟	0.9722
淌	1	滴	0.9685
犛	1	教	0.9696
纭	3	统	0.9659
茁	2	韩	0.9643
衚	1	術	0.9619
讣	0	计	0.9709
躑	1	擲	0.9783
锭	1	链	0.9781
閡	5	闇	0.9599
闌	1	関	0.9768
黥	3	贈	0.9683
鿫	0	囗	0.9176
噻	0	塞	0.9705
媞	4	娛	0.9707
廆	2	庚	0.9725
憔	0	惟	0.9775
懊	3	澳	0.9738
楸	1	秋	0.9744
榧	0	框	0.9793
猕	5	淑	0.9619
脍	0	腺	0.9571
蘅	0	徳	0.9662
迤	1	逸	0.9631
铠	3	错	0.9608
阈	1	國	0.9610
霽	1	震	0.9678
鞦	1	敵	0.9574
颢	2	额	0.9673
鸫	1	純	0.9640
呦	0	拠	0.9602
噓	0	虛	0.9749
娴	0	姻	0.9799
孃	2	壤	0.9732
悴	1	碎	0.9773
憨	0	繋	0.9668
拈	0	括	0.9679
枱	2	桁	0.9658
琿	1	揮	0.9806
畯	0	酸	0.9710
痉	1	疫	0.9764
秭	3	救	0.9735
篱	0	第	0.9682
聋	0	葬	0.9532
苧	1	芒	0.9630
荚	1	芙	0.9801
葷	2	董	0.9693
蔘	1	修	0.9384
蚣	2	訟	0.9649
蹬	1	環	0.9639
鐨	1	鑽	0.9762
顰	4	翼	0.9717
髀	7	購	0.9670
佥	1	含	0.9635
僥	1	傍	0.9622
暄	3	晴	0.9618
朶	0	朵	0.9788
毐	0	毒	0.9612
泷	2	汤	0.9639
洹	2	恒	0.9684
眸	2	賭	0.9697
瞧	4	礁	0.9586
稈	0	程	0.9858
簀	0	賃	0.9746
銫	1	絶	0.9695
镂	3	较	0.9637
韆	0	譲	0.9492
鲟	3	鲜	0.9674
哙	1	吟	0.9766
徇	0	句	0.9622
拣	2	转	0.9706
爨	1	讓	0.9481
癪	4	積	0.9645
皙	0	哲	0.9691
罌	3	醫	0.9634
芡	0	芬	0.9629
蛄	2	帖	0.9627
譞	1	露	0.9691
鋲	8	鎮	0.9708
頷	2	領	0.9745
驩	6	駐	0.9757
鬟	0	籌	0.9424
啮	1	齿	0.9619
嗔	2	噴	0.9831
栻	0	械	0.9589
椹	4	棋	0.9817
氩	0	氫	0.9745
燵	1	焼	0.9668
璣	2	磯	0.9659
葩	2	萌	0.9711
諶	0	謝	0.9658
赘	5	赞	0.9667
遹	1	通	0.9692
鏷	10	鉄	0.9667
鑁	5	錫	0.9720
餮	2	餐	0.9615
鴇	3	鴉	0.9705
黟	2	縫	0.9325
嘿	0	黑	0.9576
孳	0	慈	0.9594
嵜	3	菩	0.9785
泯	0	浪	0.9742
洶	0	沟	0.9697
炆	2	戎	0.9792
猊	2	狼	0.9569
瓠	2	弧	0.9576
睪	0	畢	0.9705
緲	1	紗	0.9641
芫	1	完	0.9790
蒴	4	蘋	0.9647
躉	1	遺	0.9593
阑	3	阔	0.9613
鲷	3	调	0.9699
鷯	2	礎	0.9680
齎	0	齋	0.9628
呜	3	喝	0.9557
哌	0	脈	0.9750
啃	3	唱	0.9706
坷	3	铜	0.9662
慫	4	絞	0.9688
搔	1	溜	0.9682
摶	1	博	0.9734
獭	1	猿	0.9719
禑	2	碑	0.9745
缨	3	繫	0.9591
茯	0	获	0.9685
螭	0	璃	0.9717
襞	4	犠	0.9603
诟	3	減	0.9579
诲	2	悔	0.9760
豨	6	烯	0.9757
賎	2	賊	0.9735
鈑	1	飯	0.9681
鯀	3	綬	0.9648
慊	2	嫌	0.9814
懽	2	權	0.9809
湃	0	拜	0.9704
芗	1	歩	0.9499
薹	2	臺	0.9751
褓	5	裸	0.9784
谪	2	滴	0.9747
逡	1	竣	0.9671
锕	1	獅	0.9595
鞣	5	謀	0.9636
饬	0	饮	0.9663
鶿	0	着	0.9570
囓	0	羅	0.9583
坩	3	坤	0.9775
炁	2	熟	0.9531
绚	1	约	0.9632
蕤	1	裝	0.9634
蛆	2	坦	0.9708
赡	3	赠	0.9532
郓	9	郡	0.9710
鵯	6	鴨	0.9743
齲	1	靜	0.9637
卬	0	印	0.9845
嚈	4	调	0.9659
圉	3	围	0.9836
曺	2	書	0.9731
殮	0	險	0.9682
灃	2	濫	0.9587
牴	3	抵	0.9755
獴	2	猿	0.9706
癣	2	擴	0.9703
诋	0	纸	0.9727
鑥	3	鐘	0.9714
鸨	5	骑	0.9571
倔	0	備	0.9642
凈	1	淨	0.9868
吮	1	吃	0.9550
喹	1	誇	0.9591
坨	3	蛇	0.9707
奂	1	免	0.9668
嶇	0	嗣	0.9550
悝	1	厘	0.9626
楂	1	椅	0.9784
楙	1	杯	0.9751
沩	3	効	0.9715
煨	0	隈	0.9742
罟	3	増	0.9559
胧	0	规	0.9677
葯	0	药	0.9720
蹼	4	撲	0.9759
釹	3	敘	0.9665
銻	2	鋳	0.9785
骯	2	喷	0.9677
鬩	5	闘	0.9585
呻	4	坤	0.9707
嗆	2	艙	0.9697
堉	4	植	0.9696
惫	1	魚	0.9625
愔	0	惜	0.9752
拴	1	捨	0.9674
睁	2	哺	0.9651
糅	4	粹	0.9778
紈	0	紡	0.9602
觞	4	礙	0.9613
詼	0	恢	0.9651
讧	0	订	0.9816
躾	5	撲	0.9750
邠	2	份	0.9616
鬻	2	營	0.9510
僉	2	余	0.9652
埡	3	蹄	0.9637
怂	2	感	0.9366
惮	1	惟	0.9709
毽	4	键	0.9620
汊	0	汉	0.9676
牦	1	耗	0.9732
獐	2	猜	0.9787
琚	0	据	0.9817
砻	1	袭	0.9659
祛	2	祥	0.9776
脣	1	唇	0.9840
荞	0	养	0.9783
藔	0	寮	0.9785
蟜	1	酶	0.9639
釩	7	銀	0.9646
钺	1	诚	0.9727
鵟	4	鷲	0.9694
堝	1	墙	0.9639
愼	1	慎	0.9700
楮	2	椿	0.9807
瞪	4	贈	0.9579
蒽	1	藤	0.9600
蝿	2	聘	0.9716
褌	4	禅	0.9799
谶	2	鑽	0.9635
跗	3	谢	0.9621
蹋	0	踪	0.9683
醌	0	醍	0.9841
仞	0	励	0.9552
剁	0	梨	0.9725
嚙	2	酶	0.9621
妣	1	她	0.9693
姍	1	柵	0.9662
嫣	2	潟	0.9683
櫸	7	棒	0.9788
濉	2	雅	0.9605
璦	0	愛	0.9746
祎	3	神	0.9814
膈	1	願	0.9666
菀	5	蘋	0.9686
蕈	0	曹	0.9664
郛	1	郭	0.9711
醂	2	琳	0.9709
銩	3	録	0.9745
鎭	9	鎮	0.9858
锗	1	储	0.9771
镉	8	锦	0.9709
驁	6	驚	0.9864
乭	4	庇	0.9483
嘏	1	暇	0.9851
帙	1	快	0.9668
慤	2	懸	0.9642
榫	2	椎	0.9822
淼	3	樂	0.9624
肼	0	拥	0.9531
蛀	2	琪	0.9604
蝣	2	城	0.9708
逋	2	連	0.9832
鍆	1	鋼	0.9776
隰	0	隐	0.9668
騾	4	縄	0.9667
鲧	1	縣	0.9687
鲱	4	鲜	0.9630
哋	3	幌	0.9534
喔	3	握	0.9672
孑	0	子	0.9505
幗	2	幅	0.9577
惘	0	憎	0.9619
撩	5	棋	0.9756
殁	0	殘	0.9621
瞽	2	督	0.9806
缭	1	錄	0.9697
胝	0	瓶	0.9613
蔺	3	禮	0.9653
赃	0	坝	0.9573
釙	5	針	0.9619
鏵	14	錦	0.9691
鱸	7	駒	0.9411
鲫	3	卿	0.9695
岙	0	香	0.9743
彘	7	婦	0.9617
愫	4	據	0.9692
晧	3	酷	0.9772
栉	1	柿	0.9790
浈	7	淀	0.9682
琤	1	稱	0.9609
盥	1	監	0.9551
簋	0	整	0.9491
糺	0	乳	0.9476
蓁	1	秦	0.9678
轧	0	扎	0.9734
鞜	15	錦	0.9689
馍	4	模	0.9718
鳕	0	蹈	0.9647
剡	1	恢	0.9565
吽	4	酢	0.9625
啲	1	喉	0.9614
嘸	0	無	0.9615
擧	0	舉	0.9803
暘	4	喝	0.9698
淸	1	清	0.9802
燔	2	潘	0.9763
珏	3	琪	0.9681
硐	4	铜	0.9756
窕	0	跳	0.9550
籔	0	徴	0.9617
蘄	5	摘	0.9595
詧	3	督	0.9564
鄄	10	郡	0.9627
韞	0	臨	0.9727
崆	0	剖	0.9611
廩	3	度	0.9595
杙	0	札	0.9556
椚	0	柯	0.9714
汹	0	凶	0.9713
灏	1	瀧	0.9696
犒	1	搞	0.9813
籀	1	籍	0.9764
耨	6	榎	0.9732
萢	0	淘	0.9614
衎	0	衔	0.9765
赭	0	酵	0.9656
郇	1	廊	0.9663
醗	2	醸	0.9602
噲	0	喻	0.9677
夤	2	質	0.9562
嬋	3	輝	0.9706
梃	0	梭	0.9727
焱	2	炎	0.9633
熈	1	熙	0.9652
眨	3	賊	0.9514
粄	0	板	0.9886
縝	1	績	0.9861
耙	0	頼	0.9702
脲	1	腺	0.9660
膦	2	勝	0.9798
苎	2	芒	0.9670
虬	4	蛇	0.9626
蚋	3	栖	0.9667
蚝	4	琪	0.9696
鈸	11	鉄	0.9762
铈	1	饰	0.9798
冽	0	列	0.9741
廨	2	庵	0.9688
炕	0	炉	0.9783
筌	0	挙	0.9682
縈	4	繫	0.9625
绊	0	纬	0.9695
裱	8	稜	0.9762
觜	0	嘴	0.9635
谑	2	慎	0.9680
贽	0	势	0.9738
鈁	3	鋳	0.9704
鬢	0	賞	0.9538
鹮	3	顯	0.9569
嗶	2	睡	0.9664
嚳	2	學	0.9706
堑	0	暂	0.9693
崃	0	峡	0.9807
擰	1	撰	0.9756
犊	2	換	0.9737
皰	0	飽	0.9658
箓	2	浮	0.9606
箝	0	箱	0.9645
荪	0	孙	0.9703
酘	1	般	0.9720
鐫	16	錦	0.9778
钤	3	涂	0.9645
铑	0	净	0.9749
䓬	1	草	0.9716
仃	0	们	0.9628
勱	1	勒	0.9736
忤	4	许	0.9750
搪	4	塘	0.9842
撬	5	犠	0.9598
暧	3	暖	0.9922
榖	0	穀	0.9957
樛	0	穆	0.9509
渌	3	祿	0.9784
犽	1	猴	0.9695
痂	0	伽	0.9718
碭	2	碍	0.9751
磕	0	硫	0.9502
苜	0	首	0.9761
蒞	1	苻	0.9656
貉	2	絡	0.9612
铰	4	较	0.9838
骧	3	壤	0.9641
鱂	1	騰	0.9556
淙	3	淳	0.9753
湜	2	涅	0.9697
炘	1	炉	0.9774
獬	2	灘	0.9658
睜	3	睡	0.9564
笄	1	筑	0.9712
胳	3	膝	0.9648
郾	0	鄭	0.9663
鍶	9	鑑	0.9750
鎶	10	鑑	0.9733
钐	0	髟	0.9670
仟	1	任	0.9821
嚟	1	黎	0.9737
狎	0	猫	0.9667
砭	0	泛	0.9656
稞	6	裸	0.9862
絀	3	綿	0.9720
羂	4	顯	0.9676
舳	1	舶	0.9798
蓿	2	禧	0.9780
踴	2	腰	0.9759
蹉	2	毀	0.9604
辇	1	替	0.9629
逹	0	莲	0.9809
遑	1	遣	0.9789
铣	3	铁	0.9740
闼	4	脑	0.9607
鹞	11	鑑	0.9627
黝	0	勳	0.9564
鼹	2	讓	0.9592
兪	2	命	0.9738
崚	1	峻	0.9754
嵙	1	莉	0.9695
愨	3	懸	0.9689
椛	6	棋	0.9754
橱	1	極	0.9637
烝	0	潔	0.9652
瑈	3	珠	0.9714
疝	2	症	0.9636
秆	4	杆	0.9801
苕	2	萬	0.9650
诘	1	话	0.9762
貅	1	彬	0.9486
趵	1	的	0.9700
蹺	2	曉	0.9763
鄜	0	哪	0.9657
鄠	4	鄂	0.9756
鈀	8	銀	0.9571
铍	2	破	0.9759
阊	6	闇	0.9683
阯	0	陆	0.9357
驷	4	卿	0.9631
鼩	8	駒	0.9571
刳	0	判	0.9630
囱	0	図	0.9618
尅	1	魁	0.9614
愾	0	氣	0.9704
燄	0	織	0.9614
腴	1	腿	0.9647
诙	2	恢	0.9727
貍	1	貓	0.9503
贰	2	武	0.9461
郞	0	郎	0.9853
鲠	1	硬	0.9712
鳟	2	噂	0.9726
鷂	0	籠	0.9617
垟	5	琪	0.9709
憺	3	擔	0.9583
搐	5	禅	0.9674
炅	0	灵	0.9786
獒	4	獎	0.9781
竦	1	辣	0.9792
箜	1	堡	0.9633
篌	0	侯	0.9717
蝨	1	観	0.9576
謾	0	誤	0.9794
讫	1	迄	0.9627
谌	1	诗	0.9721
鉝	6	銃	0.9642
锆	4	错	0.9828
飒	3	观	0.9651
鳔	3	礦	0.9637
鴷	5	鷲	0.9719
佺	0	全	0.9739
傩	1	滩	0.9787
厓	0	崖	0.9658
厠	0	阿	0.9574
厮	0	原	0.9667
咗	0	佐	0.9554
哦	1	峨	0.9724
圮	2	记	0.9683
孱	0	扉	0.9642
尕	0	奨	0.9591
岖	1	驱	0.9659
廸	3	迪	0.9867
柒	0	柴	0.9799
栴	0	梅	0.9834
泚	1	汕	0.9621
燗	2	祠	0.9630
牂	0	群	0.9689
碛	5	碳	0.9718
羆	0	罷	0.9709
胯	0	脫	0.9625
芊	1	芋	0.9787
荤	1	幸	0.9712
薤	1	墟	0.9600
蝓	3	瑜	0.9778
訐	2	評	0.9732
躪	2	踊	0.9661
醱	3	繊	0.9677
鐡	3	鐵	0.9912
颙	1	颗	0.9684
颪	0	嵐	0.9795
髴	0	寡	0.9527
鰩	5	礙	0.9663
鹈	2	翔	0.9697
儚	2	傍	0.9601
垸	1	境	0.9710
妫	0	动	0.9759
捅	1	捕	0.9787
捡	0	检	0.9744
枞	2	秋	0.9578
椽	3	稼	0.9798
溏	2	涯	0.9793
腩	4	阔	0.9554
臾	0	吳	0.9534
衹	3	祇	0.9952
襁	2	辩	0.9644
郿	11	郡	0.9722
铿	1	择	0.9702
髣	2	髪	0.9567
鴈	1	履	0.9708
鷄	1	織	0.9627
鸱	0	曖	0.9625
俁	0	俣	0.9838
俅	1	依	0.9732
嚏	1	嘆	0.9653
嬗	0	檀	0.9642
惭	0	渐	0.9615
懌	2	慢	0.9676
掐	0	許	0.9722
揍	4	捧	0.9780
斫	0	祈	0.9739
杳	1	杏	0.9856
榑	2	構	0.9802
潺	3	涯	0.9604
瘁	3	療	0.9705
睬	1	採	0.9714
禵	2	樋	0.9776
篦	2	鎖	0.9651
腆	0	融	0.9624
蝌	2	坪	0.9707
遒	0	遵	0.9728
霁	0	景	0.9525
騭	6	鷲	0.9698
卟	0	叶	0.9553
卽	1	印	0.9606
姗	8	婦	0.9658
嬤	2	碱	0.9636
弖	0	弓	0.9675
拏	0	努	0.9598
槊	3	架	0.9709
濰	0	維	0.9749
瘩	2	溶	0.9710
薏	0	意	0.9773
蛞	1	括	0.9753
襦	0	辯	0.9649
詈	2	置	0.9622
迸	1	送	0.9770
馒	3	慢	0.9735
鱿	3	庵	0.9567
鸰	2	领	0.9607
鹋	7	鴨	0.9564
麸	2	辣	0.9627
鼷	1	曖	0.9719
齮	4	騎	0.9707
啥	2	哈	0.9834
嘈	4	禮	0.9655
埸	3	場	0.9829
戕	1	找	0.9715
枹	1	抱	0.9715
瓌	0	壞	0.9730
窍	4	璋	0.9635
窣	2	翠	0.9811
箧	2	堡	0.9635
篾	1	第	0.9713
糍	0	磁	0.9763
莠	1	葵	0.9647
蚪	5	蛇	0.9655
蠲	2	鋼	0.9656
諄	0	詳	0.9720
趺	2	跌	0.9882
鉕	1	銅	0.9777
鍰	0	緩	0.9673
鏊	3	擎	0.9653
鑠	4	樂	0.9708
镳	3	灘	0.9649
闋	2	閣	0.9639
阂	2	刻	0.9608
雩	0	雲	0.9568
饨	1	纯	0.9748
魑	2	魁	0.9614
鸸	4	幌	0.9582
劄	0	裕	0.9730
劊	1	創	0.9594
唹	0	鄉	0.9644
啬	2	墙	0.9497
斝	2	躍	0.9570
杮	2	柿	0.9944
棂	1	楊	0.9744
珺	2	挿	0.9693
畈	1	版	0.9757
癥	2	厳	0.9703
纘	3	鑽	0.9750
纫	0	纷	0.9542
腧	1	喻	0.9679
蓆	0	席	0.9792
薺	2	齊	0.9843
褄	2	棲	0.9848
褔	0	福	0.9935
谧	3	褐	0.9559
踰	4	瑜	0.9853
轸	2	珍	0.9705
迨	0	造	0.9670
邲	0	邻	0.9628
鄆	1	郵	0.9704
銬	7	銃	0.9741
霭	0	霸	0.9655
馄	4	湿	0.9685
騸	3	調	0.9554
伋	0	仮	0.9810
廪	1	慮	0.9468
挞	2	裝	0.9664
欤	1	饮	0.9729
殓	0	絵	0.9620
濵	1	演	0.9699
炤	0	诏	0.9738
犂	3	翠	0.9716
疙	0	死	0.9620
綉	1	緩	0.9734
绾	1	缩	0.9726
肮	1	航	0.9740
臈	7	膜	0.9788
艀	3	廠	0.9709
苣	0	昔	0.9650
釕	7	舒	0.9681
鎝	3	鉛	0.9691
钪	4	锁	0.9690
铪	0	给	0.9774
駸	4	暖	0.9663
魨	5	艦	0.9644
鴯	6	鳴	0.9620
儆	1	徹	0.9720
峤	0	峽	0.9616
崢	0	畔	0.9602
嶸	2	喚	0.9611
悳	0	息	0.9617
捱	4	握	0.9727
搵	0	擺	0.9632
浯	2	混	0.9717
涔	2	紫	0.9624
涠	1	润	0.9711
烩	0	绘	0.9741
瞋	3	噴	0.9770
砈	0	卵	0.9674
笘	1	笛	0.9549
籁	2	籍	0.9707
絅	1	阿	0.9609
纒	1	纏	0.9786
衊	2	峨	0.9564
賡	1	費	0.9569
跖	3	賭	0.9630
钬	2	钦	0.9775
镨	5	错	0.9750
鯵	3	縫	0.9665
鶓	8	鴨	0.9730
鸲	6	編	0.9605
鹡	3	额	0.9673
侥	4	绕	0.9692
刽	1	剣	0.9603
愎	0	復	0.9696
掰	0	艇	0.9628
灤	1	灣	0.9666
玆	0	兹	0.9770
睺	2	喉	0.9800
緱	0	緣	0.9736
绯	1	纬	0.9510
缜	2	績	0.9795
臙	6	艦	0.9631
茭	1	装	0.9631
蟥	7	撞	0.9676
袢	3	祥	0.9823
邬	3	部	0.9653
郜	4	部	0.9687
鄚	1	鄭	0.9761
鏤	4	鋳	0.9699
闳	7	婉	0.9503
騁	1	駛	0.9667
鶲	0	翡	0.9604
勷	1	勳	0.9666
噱	4	場	0.9601
埂	0	更	0.9574
廄	4	廠	0.9719
徬	3	傍	0.9788
憙	0	嘉	0.9711
懵	3	情	0.9721
昪	0	昇	0.9764
矇	5	場	0.9588
碴	2	碟	0.9651
祏	6	禄	0.9751
蒡	0	旁	0.9690
虺	1	旭	0.9654
裒	0	哀	0.9835
褸	0	樓	0.9813
諴	2	誠	0.9805
遨	0	邀	0.9902
酞	0	勅	0.9673
鉸	12	鉄	0.9751
鐠	4	錯	0.9795
闱	3	閉	0.9666
靫	3	較	0.9610
颞	3	频	0.9684
鴒	10	鎮	0.9686
黼	1	離	0.9665
咚	0	终	0.9516
囎	5	贈	0.9735
崤	5	酢	0.9612
椪	1	梓	0.9760
槭	4	椒	0.9754
滹	3	渤	0.9696
煅	2	般	0.9766
猁	2	猴	0.9736
珎	2	你	0.9706
礴	4	礦	0.9715
祧	0	桃	0.9833
絜	5	繫	0.9746
纾	1	绿	0.9688
苌	1	东	0.9701
蔼	2	诗	0.9742
蕻	5	璋	0.9678
轤	1	鞭	0.9472
釓	1	釧	0.9588
銈	4	錐	0.9705
銠	8	銃	0.9738
闫	0	訓	0.9366
駟	7	騙	0.9668
鳅	6	礙	0.9552
鳾	7	鳴	0.9679
鿬	1	囗	0.9176
佉	1	法	0.9779
僰	1	楚	0.9647
圯	2	把	0.9663
廙	0	廣	0.9762
怙	3	枯	0.9691
悛	2	峻	0.9733
柢	4	祇	0.9771
猞	4	涂	0.9704
畀	1	畏	0.9679
畬	0	舎	0.9727
絛	2	修	0.9681
絣	1	餅	0.9662
輅	0	軽	0.9748
鄣	2	郭	0.9814
鐒	6	錫	0.9695
鑛	5	礦	0.9701
铛	6	销	0.9687
陘	0	關	0.9538
霈	3	評	0.9676
鬪	6	闘	0.9756
鰾	2	鯨	0.9587
鱘	8	縛	0.9701
龑	1	襲	0.9657
咙	2	既	0.9687
喾	4	菩	0.9718
嘹	5	脑	0.9671
姣	5	较	0.9738
庥	0	床	0.9708
忞	4	统	0.9620
擀	6	犠	0.9627
沚	2	汕	0.9645
熲	4	頗	0.9774
牀	1	林	0.9709
犸	3	狼	0.9699
璈	3	嫩	0.9745
筺	0	簡	0.9576
蜊	1	喇	0.9692
諛	1	艘	0.9648
豳	0	閥	0.9474
躏	8	騙	0.9637
鈐	4	鈴	0.9877
鬬	7	闘	0.9628
鯡	2	勳	0.9594
鶺	2	額	0.9672
佻	0	姚	0.9723
儔	4	偉	0.9524
卐	0	吊	0.9491
姝	1	妹	0.9896
瀅	2	灣	0.9668
祔	3	桁	0.9745
筅	2	発	0.9652
荠	0	茅	0.9754
谘	3	溶	0.9656
軔	2	勒	0.9735
銕	5	鋳	0.9723
锵	0	將	0.9690
韫	3	踊	0.9645
俪	2	銅	0.9530
凫	2	究	0.9511
叁	1	拳	0.9562
噗	6	撲	0.9652
愆	2	绿	0.9632
戢	0	敢	0.9716
槤	3	糖	0.9744
樨	7	榎	0.9738
檮	4	擔	0.9615
歟	1	欺	0.9678
浞	8	淀	0.9762
簑	1	续	0.9601
缄	1	减	0.9725
蓥	0	蔡	0.9599
薌	2	郷	0.9746
衽	0	科	0.9723
訕	1	峙	0.9654
鋹	9	銀	0.9804
鎰	4	鉛	0.9682
镠	2	锡	0.9596
鞬	5	键	0.9526
鰤	0	緬	0.9523
鲢	2	链	0.9630
鸪	1	嵌	0.9554
麁	2	魚	0.9629
仫	0	仏	0.9781
仵	0	件	0.9870
哚	2	煤	0.9607
埙	0	损	0.9848
忡	0	仲	0.9697
椥	2	根	0.9742
楝	2	棟	0.9777
滏	2	澄	0.9674
犄	2	埼	0.9832
畋	0	故	0.9779
葎	0	律	0.9696
蜩	5	调	0.9651
螫	4	擎	0.9700
襴	4	欄	0.9846
跷	1	晓	0.9709
铳	9	銃	0.9700
闞	1	閥	0.9772
阋	2	阅	0.9840
鞴	8	購	0.9639
鯽	7	麺	0.9564
鲵	0	脱	0.9564
鹄	5	鹤	0.9646
鹧	4	赠	0.9560
侘	0	待	0.9645
僞	0	爲	0.9651
劒	1	劍	0.9630
劢	1	励	0.9643
嚷	4	壤	0.9605
垌	3	响	0.9608
垭	1	亚	0.9592
垵	0	按	0.9814
塬	1	原	0.9709
塲	1	揚	0.9716
壆	1	墨	0.9619
嵴	0	卻	0.9609
扪	1	扣	0.9731
捫	0	押	0.9770
殛	5	廠	0.9653
狓	0	彼	0.9765
笮	0	誉	0.9654
绷	1	棚	0.9530
芃	0	丸	0.9571
鄖	3	郭	0.9687
醢	4	酷	0.9693
閇	4	閉	0.9831
韪	3	趙	0.9760
飚	2	隧	0.9544
鳰	3	煌	0.9658
鴬	7	鷲	0.9756
鶇	1	賴	0.9754
倌	0	宿	0.9795
倜	6	调	0.9662
吲	1	配	0.9578
嗨	2	擬	0.9613
忖	0	村	0.9698
扦	0	托	0.9801
煚	1	灵	0.9488
瘸	3	翔	0.9673
緖	1	緒	0.9878
纔	4	縫	0.9660
罽	0	隔	0.9486
羋	2	芋	0.9639
翫	1	視	0.9576
蔀	0	陪	0.9584
衲	2	柄	0.9780
覡	4	鴉	0.9616
逯	4	遊	0.9715
郕	3	郷	0.9664
鉨	2	錄	0.9756
铌	5	锁	0.9680
镯	0	觸	0.9741
顳	2	頓	0.9673
鲇	0	塩	0.9670
鳧	0	竟	0.9571
鵪	2	鶴	0.9732
鹌	6	鹤	0.9719
㹢	1	伽	0.9724
㺢	1	霍	0.9569
匏	1	飽	0.9655
堈	2	堀	0.9659
峄	1	峰	0.9769
崮	0	固	0.9488
恚	3	囊	0.9606
恸	1	动	0.9694
暲	4	晴	0.9733
桷	4	梯	0.9742
泺	0	乐	0.9735
潽	2	潜	0.9797
狻	1	遂	0.9595
獷	2	獨	0.9672
眭	1	睦	0.9615
禳	0	懷	0.9694
窠	0	菓	0.9766
縯	1	緯	0.9797
罈	4	静	0.9623
翥	0	慕	0.9585
聟	0	智	0.9773
臬	4	桌	0.9845
芈	1	革	0.9657
苡	1	域	0.9646
薜	0	薛	0.9821
蚜	2	域	0.9746
蝟	3	聘	0.9769
蟌	0	聰	0.9644
誄	6	謀	0.9746
諂	1	詔	0.9685
躓	0	頸	0.9696
鄩	5	鄂	0.9757
閦	0	閃	0.9641
霎	2	毫	0.9447
骜	2	脅	0.9713
儸	1	鑼	0.9670
吱	0	岐	0.9770
咧	0	帆	0.9644
唢	3	喷	0.9665
啰	0	罗	0.9524
囀	9	購	0.9698
嬷	8	婉	0.9700
巂	0	舊	0.9688
幪	3	帳	0.9593
抟	0	扑	0.9680
攷	1	牧	0.9730
旼	0	敗	0.9691
橐	4	囊	0.9626
湉	2	话	0.9723
煖	0	媛	0.9804
癟	3	濃	0.9586
睑	3	验	0.9443
笳	1	筋	0.9789
纍	1	頸	0.9642
胫	0	股	0.9702
蝰	1	蜂	0.9647
觚	3	弧	0.9645
誾	7	闇	0.9772
谙	3	谱	0.9880
酃	6	鄂	0.9469
錀	3	输	0.9745
鍙	0	釜	0.9601
钽	1	矩	0.9685
骋	1	弾	0.9680
鶘	3	鵬	0.9695
鹩	7	鹤	0.9657
丏	0	民	0.9464
伷	0	伸	0.9790
侔	1	件	0.9703
唬	2	虚	0.9578
啻	1	菅	0.9682
埈	0	唆	0.9734
尪	0	拖	0.9447
梼	3	椿	0.9774
棨	5	染	0.9690
珽	1	挺	0.9871
璆	1	膠	0.9510
瓔	5	壤	0.9671
甍	0	愚	0.9568
砰	3	碍	0.9654
磧	3	慎	0.9701
箆	2	锋	0.9623
箬	4	惹	0.9650
繻	5	締	0.9715
纈	4	綿	0.9740
纨	1	幼	0.9717
苄	2	苻	0.9674
葳	1	蔵	0.9728
蕁	1	尋	0.9568
賾	1	蹟	0.9739
蹕	10	購	0.9727
鎣	3	發	0.9528
铊	1	货	0.9639
饯	2	钱	0.9806
馕	3	繞	0.9605
鰕	2	颗	0.9697
鹨	4	發	0.9426
偁	2	稱	0.9673
嵘	0	疎	0.9705
洺	0	名	0.9651
涑	0	凍	0.9857
熜	7	燈	0.9708
狁	0	犹	0.9707
狷	3	猜	0.9687
璥	1	撤	0.9748
痈	1	痛	0.9806
秈	0	种	0.9791
笆	2	色	0.9651
肜	1	形	0.9531
舢	1	刷	0.9644
苋	0	宽	0.9666
莚	2	逮	0.9745
蘖	2	藻	0.9705
虯	0	叫	0.9608
蚺	5	坤	0.9719
螅	0	聴	0.9632
襠	2	檔	0.9797
贗	0	鷹	0.9557
赟	6	赞	0.9690
酛	2	配	0.9607
鉚	2	釧	0.9712
闈	8	闇	0.9806
魘	0	慶	0.9611
鲶	3	驗	0.9658
鹱	1	護	0.9714
亰	0	京	0.9806
啪	0	掃	0.9689
壜	6	璋	0.9660
屄	0	质	0.9672
屌	3	層	0.9799
徼	3	激	0.9808
悫	1	绩	0.9552
惻	1	側	0.9781
挈	4	撃	0.9756
摑	0	櫃	0.9602
杈	1	权	0.9835
毖	3	紫	0.9627
禔	4	褐	0.9739
竝	5	弦	0.9622
罅	7	編	0.9673
肓	0	盲	0.9853
胛	2	肝	0.9743
莜	3	裝	0.9650
蒟	0	蔣	0.9642
鋱	10	銃	0.9649
鑢	4	驗	0.9595
铟	1	钢	0.9761
阚	1	隈	0.9629
鬮	8	闘	0.9559
魴	0	鮑	0.9537
鴆	2	鳩	0.9837
鹎	8	鹤	0.9783
嗡	2	綱	0.9599
嫘	1	婿	0.9739
弇	1	倉	0.9693
掄	2	捨	0.9706
桫	0	秒	0.9676
洌	1	列	0.9717
洎	2	泊	0.9778
玹	0	坛	0.9774
盅	0	串	0.9546
礐	3	學	0.9715
秸	1	稍	0.9759
篪	2	篤	0.9603
綎	5	絞	0.9680
莼	2	纯	0.9661
蒻	1	翡	0.9564
蕷	9	婦	0.9713
郏	3	郑	0.9881
钇	1	乾	0.9587
铱	2	依	0.9760
鹂	0	剛	0.9585
俀	1	俘	0.9711
卹	0	仰	0.9617
哒	4	拘	0.9636
婠	5	姫	0.9772
婧	10	婦	0.9805
嫄	1	傾	0.9677
曩	5	囊	0.9639
樘	3	檔	0.9827
犼	3	猴	0.9588
璵	7	璋	0.9745
绽	2	綻	0.9757
羸	2	贏	0.9738
萦	1	索	0.9742
蚴	1	拠	0.9560
訾	0	警	0.9614
讎	5	舗	0.9542
鐲	2	鑼	0.9703
鑊	11	鎮	0.9712
钆	2	乾	0.9538
钹	4	铁	0.9702
閖	5	閉	0.9780
饹	3	络	0.9790
叨	1	肌	0.9628
噢	0	奥	0.9696
堞	2	蝶	0.9740
夛	1	家	0.9521
奝	4	庵	0.9488
巯	2	琉	0.9747
幷	0	并	0.9813
悰	1	惊	0.9803
攙	5	擔	0.9682
暝	3	顕	0.9687
泫	2	法	0.9766
洭	2	润	0.9677
渑	5	滑	0.9720
漈	0	祭	0.9765
澠	0	潮	0.9649
烺	0	娘	0.9822
犷	0	扩	0.9554
疥	4	架	0.9656
瞌	2	暗	0.9519
砜	4	观	0.9679
砫	2	街	0.9638
磘	7	礙	0.9618
臃	2	騰	0.9650
芪	0	护	0.9576
莇	1	坊	0.9618
赍	1	贵	0.9689
髖	3	曉	0.9635
鲣	2	榴	0.9566
鸛	3	鶴	0.9755
鹪	9	鹤	0.9652
侪	1	济	0.9749
俬	0	私	0.9634
兕	0	兄	0.9668
哎	1	跋	0.9615
噜	1	嗜	0.9702
坭	3	既	0.9748
嫚	4	慢	0.9755
屐	0	辱	0.9699
廞	2	欽	0.9627
摭	0	撫	0.9646
梠	3	棉	0.9793
泱	0	決	0.9832
澇	0	凝	0.9589
烜	3	恒	0.9719
犰	1	犹	0.9734
狍	2	狗	0.9783
狳	5	涂	0.9806
珐	2	特	0.9698
畤	1	時	0.9822
瞠	1	瞳	0.9724
砟	1	雄	0.9669
硃	2	秩	0.9794
縋	3	綻	0.9710
纛	1	壽	0.9614
舯	2	袖	0.9653
覩	2	期	0.9710
譎	4	證	0.9573
讴	0	枢	0.9807
遘	0	邁	0.9839
邋	5	發	0.9539
駡	2	駕	0.9711
騅	9	騙	0.9655
鴴	0	億	0.9718
鸂	1	潔	0.9681
鹇	1	附	0.9518
亹	3	擅	0.9510
仂	1	仇	0.9879
劵	0	券	0.9864
呃	1	厄	0.9671
噏	2	喻	0.9639
嬀	1	媛	0.9721
孁	1	逼	0.9475
弴	2	窮	0.9679
懣	1	滿	0.9642
揹	4	措	0.9678
桎	2	梓	0.9793
橚	3	權	0.9716
浍	6	涂	0.9838
湎	1	循	0.9702
瀍	2	纏	0.9606
玢	2	扮	0.9766
瑱	0	墳	0.9847
璝	2	蹟	0.9818
甙	2	试	0.9577
疳	3	畑	0.9701
痿	3	湊	0.9700
笪	4	管	0.9609
籼	1	刺	0.9701
糬	1	釋	0.9803
紉	0	夠	0.9602
缵	7	赞	0.9611
莧	0	寛	0.9800
蓍	2	嘗	0.9679
蓖	4	葛	0.9685
蓴	0	專	0.9777
遢	0	遮	0.9518
鉋	2	飽	0.9755
鉿	5	鉛	0.9773
鋌	13	鉄	0.9690
鍅	3	錄	0.9648
鐔	4	鐘	0.9684
閬	1	園	0.9616
頎	0	碩	0.9806
颧	0	勸	0.9725
骘	4	學	0.9612
鶒	3	暢	0.9664
噍	5	礁	0.9642
婶	11	婦	0.9761
嬲	2	駿	0.9515
嵗	1	歲	0.9817
廌	0	薦	0.9773
攢	4	贊	0.9740
昃	1	戻	0.9640
暌	3	跨	0.9648
殂	2	殖	0.9668
濶	3	潤	0.9857
牖	0	腫	0.9734
瑒	6	場	0.9875
疃	2	瞳	0.9839
癘	4	輝	0.9683
禩	6	禅	0.9750
稃	0	稲	0.9747
緡	0	紐	0.9685
膂	3	旗	0.9711
艫	9	駒	0.9588
菝	2	挟	0.9712
谩	4	漫	0.9780
賚	1	香	0.9602
迳	2	道	0.9620
鈧	11	銃	0.9759
馘	0	載	0.9719
鯢	2	鋭	0.9578
鱔	3	鯨	0.9695
鴝	8	編	0.9663
㓛	1	切	0.9600
唃	1	确	0.9635
壙	3	擴	0.9911
姞	1	姑	0.9901
弌	0	式	0.9699
戩	1	威	0.9619
捎	3	捐	0.9785
摠	3	換	0.9690
旄	0	族	0.9647
淯	4	淳	0.9715
牁	1	柯	0.9660
瘰	4	澳	0.9676
皴	0	被	0.9589
竽	6	等	0.9746
籏	4	旗	0.9783
縹	2	緯	0.9680
缇	4	綻	0.9727
缫	6	發	0.9673
羕	5	豪	0.9655
茆	0	范	0.9627
蠵	1	攜	0.9720
邝	0	凡	0.9538
鐽	2	鍵	0.9837
铐	3	转	0.9697
颺	3	题	0.9574
飨	1	飲	0.9682
骝	1	韶	0.9620
鰈	3	鎌	0.9651
凖	0	準	0.9830
呷	0	岬	0.9764
咇	0	泌	0.9646
哔	3	域	0.9661
嗉	0	螺	0.9656
媼	1	溫	0.9659
嫗	6	嫡	0.9746
尙	1	尚	0.9659
嶙	3	峻	0.9521
恻	2	侧	0.9844
慳	1	堅	0.9668
捒	0	抹	0.9806
昞	4	栖	0.9698
暅	2	噸	0.9638
梏	0	样	0.9742
椏	4	棉	0.9767
毂	1	穀	0.9785
熺	4	煌	0.9786
痧	5	獎	0.9500
皞	4	跨	0.9682
砿	3	依	0.9687
穐	4	穫	0.9750
糴	1	耀	0.9655
繖	1	徴	0.9693
聵	3	頓	0.9682
茔	1	宝	0.9554
莨	0	良	0.9736
蛳	0	艸	0.9625
袷	1	恰	0.9777
郄	2	郊	0.9711
鄮	4	郭	0.9708
鋆	0	鉴	0.9631
铆	5	彻	0.9724
镝	3	街	0.9717
騮	2	翻	0.9691
騶	3	駿	0.9450
驺	1	絹	0.9682
鬓	3	髪	0.9541
鹕	9	鴨	0.9702
鼯	1	誤	0.9599
俥	0	傅	0.9779
倨	2	循	0.9725
劓	0	副	0.9519
厰	6	廠	0.9889
叵	0	回	0.9823
哂	1	襾	0.9708
嗒	0	塔	0.9803
嗰	3	幅	0.9544
囝	2	団	0.9799
埇	2	埔	0.9840
堦	3	悼	0.9632
屉	0	屈	0.9716
庯	0	庸	0.9809
廑	1	崖	0.9591
廛	3	廳	0.9614
悽	3	棲	0.9661
愃	4	情	0.9759
懃	4	暢	0.9657
扆	0	辰	0.9676
掇	1	栽	0.9716
揸	1	塔	0.9690
槁	0	稿	0.9869
殒	0	殷	0.9659
氂	5	擎	0.9617
浠	3	希	0.9743
溘	0	流	0.9553
瘻	2	遺	0.9533
盩	1	整	0.9675
禡	8	榎	0.9685
绦	4	络	0.9732
茛	1	良	0.9711
荸	0	学	0.9659
薀	2	溫	0.9681
虓	3	鳩	0.9590
蚱	6	蛇	0.9679
蜇	1	蛮	0.9717
蟎	0	础	0.9606
諝	2	韶	0.9747
诤	0	浄	0.9796
跸	1	踪	0.9635
軚	2	駄	0.9690
鄕	4	郷	0.9805
鉏	0	組	0.9670
鎦	17	錦	0.9759
铧	2	碰	0.9674
锇	0	俄	0.9798
餸	1	餓	0.9710
鱟	2	冀	0.9573
鲀	1	闽	0.9636
鲽	3	碟	0.9741
鶥	0	腸	0.9631
齶	0	輕	0.9530
倮	1	保	0.9768
劼	6	勃	0.9748
厔	1	屋	0.9741
嗯	1	恩	0.9687
噫	8	鳴	0.9645
圹	1	扩	0.9678
娉	0	媽	0.9790
婬	3	婚	0.9731
嵛	1	崙	0.9664
忉	1	机	0.9670
怆	1	枪	0.9695
椤	2	楊	0.9666
殄	0	趁	0.9415
燴	3	艙	0.9618
畧	2	客	0.9758
箚	5	络	0.9623
翀	4	帳	0.9657
耄	2	掌	0.9622
葜	1	夢	0.9577
蛺	1	峽	0.9649
蝽	1	堆	0.9681
螟	4	噴	0.9713
蠑	3	蝶	0.9653
阏	0	劇	0.9579
頵	4	顆	0.9788
駰	5	欄	0.9582
驀	1	墓	0.9639
鳜	1	歐	0.9605
鶩	7	驚	0.9694
鼴	4	調	0.9543
䥑	1	錢	0.9550
侭	0	很	0.9580
倧	3	侍	0.9724
叼	0	忆	0.9512
呔	2	咲	0.9621
哖	4	唯	0.9702
嗦	0	隙	0.9644
堠	3	喉	0.9724
媯	0	偽	0.9645
嬖	1	達	0.9563
屜	5	輝	0.9657
嶧	3	堀	0.9614
悵	3	恨	0.9752
戇	3	冀	0.9590
扃	1	局	0.9680
摈	5	挥	0.9745
晄	2	晚	0.9695
晙	1	唆	0.9805
梛	1	娜	0.9761
榦	3	叙	0.9683
汫	1	沖	0.9731
炷	1	娃	0.9660
烔	4	洞	0.9756
獪	5	鈴	0.9612
琯	4	増	0.9748
瑢	2	塔	0.9717
璹	0	蕾	0.9524
箙	2	筋	0.9661
芩	0	芥	0.9630
菑	2	替	0.9668
萁	0	真	0.9710
蒗	1	浪	0.9788
螽	0	渔	0.9580
谲	1	橘	0.9655
踹	2	瑞	0.9825
錣	1	綴	0.9773
霙	2	誤	0.9532
頠	1	碩	0.9668
饂	1	緬	0.9621
鱇	4	鎌	0.9678
俦	1	佐	0.9691
劏	1	副	0.9784
厖	0	颜	0.9523
嗄	1	厦	0.9590
嗑	3	崎	0.9392
嘓	2	國	0.9541
垅	3	城	0.9753
媵	3	勝	0.9815
寤	5	静	0.9671
屭	1	膚	0.9550
峥	2	峙	0.9605
彔	0	录	0.9690
恁	1	怎	0.9733
憍	2	僑	0.9766
搆	2	揮	0.9823
斓	3	祠	0.9663
旸	1	现	0.9631
晳	1	哲	0.9710
梔	1	殉	0.9705
殽	2	教	0.9728
浤	2	滨	0.9719
睚	10	騙	0.9632
硖	3	煤	0.9812
笊	2	笑	0.9573
箐	1	着	0.9760
簣	1	賃	0.9763
粢	6	染	0.9732
縠	1	殼	0.9749
缤	3	滨	0.9737
翬	3	輩	0.9572
舨	2	版	0.9806
茌	0	荘	0.9748
菻	2	林	0.9682
藿	2	霍	0.9704
蛔	4	响	0.9696
蜞	6	琪	0.9706
蠊	3	嫌	0.9657
覈	1	愚	0.9595
誊	1	誉	0.9689
谄	4	谱	0.9690
逄	1	逢	0.9815
逶	2	透	0.9683
鏌	12	鎮	0.9759
镤	2	儀	0.9656
餒	2	媛	0.9657
髂	0	幣	0.9673
鰊	2	練	0.9690
鷥	8	鷲	0.9706
黐	3	額	0.9633
卮	0	危	0.9593
呰	0	皆	0.9787
喳	5	跨	0.9524
嗾	6	碳	0.9672
囧	1	阳	0.9603
峋	3	峙	0.9527
峩	1	群	0.9608
擶	0	揃	0.9720
敉	2	效	0.9766
旎	2	旋	0.9858
昫	0	詢	0.9682
曱	1	甲	0.9740
杌	2	机	0.9772
栲	4	椿	0.9804
歛	2	飲	0.9665
泞	5	淳	0.9703
淛	0	剤	0.9670
澥	4	灘	0.9645
煸	0	帰	0.9704
狨	2	猪	0.9759
甴	0	白	0.9683
癜	2	款	0.9594
皷	3	鼓	0.9613
竃	3	毫	0.9667
筇	2	筑	0.9665
紱	1	紋	0.9746
缰	5	縄	0.9593
臊	0	燥	0.9709
舸	5	铜	0.9631
螠	4	蝶	0.9600
裃	0	补	0.9703
覘	2	現	0.9695
譫	9	鳴	0.9525
讪	3	汕	0.9724
跎	7	蛇	0.9628
轫	7	勃	0.9638
邴	2	邪	0.9555
鄫	5	部	0.9723
銶	4	録	0.9786
靉	5	變	0.9583
鮟	3	鮮	0.9576
鱠	0	繪	0.9660
麐	1	唐	0.9618
凃	7	涂	0.9928
勔	1	哪	0.9620
呸	0	胚	0.9728
咔	0	峠	0.9582
嗱	1	搶	0.9565
噎	3	嵩	0.9629
圄	0	圖	0.9723
埣	3	坪	0.9720
嶢	4	曉	0.9581
帼	4	幅	0.9723
慇	3	感	0.9713
戉	0	成	0.9706
旉	1	專	0.9589
柷	0	祝	0.9781
桴	1	将	0.9751
楪	4	碟	0.9790
洧	0	淮	0.9694
灊	2	瀧	0.9729
癧	0	癖	0.9523
菉	0	茲	0.9625
薁	1	奧	0.9739
裆	1	档	0.9742
詝	3	詩	0.9678
誑	0	詐	0.9418
諚	2	護	0.9696
蹭	6	贈	0.9798
鍈	12	銃	0.9722
鍚	7	錫	0.9883
闩	0	门	0.9646
颏	1	颜	0.9767
髡	4	髪	0.9596
鲳	4	踊	0.9707
鳉	1	聯	0.9686
鳯	0	鳳	0.9913
鸬	1	凝	0.9495
倅	0	係	0.9689
刄	0	反	0.9541
吿	0	告	0.9842
咢	2	号	0.9559
唛	4	裝	0.9625
囹	0	图	0.9700
寯	4	辖	0.9631
嶮	2	劍	0.9673
巋	2	歸	0.9796
廋	2	戲	0.9595
徧	2	确	0.9736
忝	1	添	0.9666
惆	7	调	0.9780
愬	4	额	0.9603
旣	4	既	0.9652
枘	3	柄	0.9886
枰	2	杯	0.9805
槺	2	稚	0.9712
欉	4	檔	0.9734
殫	1	觸	0.9608
毳	5	撃	0.9359
瀲	0	微	0.9695
犴	0	狂	0.9833
硲	1	裕	0.9681
礡	9	縛	0.9644
禟	4	糖	0.9772
篓	3	笑	0.9579
缬	5	额	0.9714
胙	0	脂	0.9671
茍	1	荀	0.9723
蒹	0	兼	0.9834
谡	5	褐	0.9738
貮	3	武	0.9645
赝	2	應	0.9702
蹻	1	蹈	0.9735
遯	0	越	0.9631
醺	11	騙	0.9643
鈳	3	銅	0.9668
鋐	13	銃	0.9759
鑚	3	鎖	0.9728
钿	3	铺	0.9771
铥	3	钱	0.9695
镗	4	街	0.9765
镣	5	録	0.9722
騖	8	驚	0.9815
髋	5	騎	0.9595
魇	1	慶	0.9547
鯪	3	鍵	0.9648
鱧	7	艦	0.9603
鱶	5	鎌	0.9617
鹚	1	鬱	0.9482
麪	2	陵	0.9574
黷	7	贈	0.9664
㻋	2	昧	0.9681
偸	2	偷	0.9576
傖	2	倉	0.9673
傥	4	傍	0.9689
哏	4	恨	0.9750
唵	1	掩	0.9777
噝	0	絲	0.9643
嚭	4	評	0.9685
垻	3	坦	0.9732
娓	1	梶	0.9687
婀	2	柳	0.9613
嵒	3	歸	0.9547
彖	1	象	0.9700
怅	2	张	0.9710
愣	2	惯	0.9727
扞	2	拝	0.9666
斕	6	欄	0.9766
旒	5	旗	0.9705
昑	2	吟	0.9820
昝	1	啓	0.9690
曁	0	誓	0.9694
櫪	2	橘	0.9741
沘	1	北	0.9678
泅	5	恨	0.9643
漚	0	渦	0.9672
烊	3	炸	0.9712
燏	5	頗	0.9631
瘙	1	獵	0.9603
砣	2	妮	0.9609
砬	3	碰	0.9681
禥	3	稚	0.9739
籮	1	籃	0.9642
绀	2	纬	0.9729
翙	4	翔	0.9686
腟	4	膳	0.9750
舀	0	稻	0.9596
舁	6	滑	0.9603
艪	10	縛	0.9630
荦	0	牢	0.9680
萵	0	商	0.9477
蒺	3	漠	0.9654
蓇	5	菩	0.9684
蕹	1	雍	0.9728
蚖	1	坑	0.9681
蜱	5	増	0.9641
褹	1	献	0.9577
詵	2	宪	0.9678
谀	1	就	0.9601
貲	0	賀	0.9716
賨	0	賓	0.9811
赊	1	除	0.9643
赕	3	談	0.9637
躱	7	裸	0.9754
釦	4	銅	0.9786
鏜	12	鑑	0.9726
陬	0	限	0.9688
颀	2	硕	0.9787
骐	3	纯	0.9734
鰥	3	颗	0.9628
鱚	4	鯨	0.9692
鴣	10	鳴	0.9630
齕	3	乾	0.9598
凞	5	漂	0.9655
剜	0	劑	0.9720
厙	1	庫	0.9873
呾	4	坦	0.9702
哽	0	贾	0.9570
啱	0	端	0.9670
嚶	1	嬰	0.9703
囡	0	团	0.9689
媪	0	温	0.9692
廰	8	麺	0.9677
惦	1	惜	0.9541
扺	4	抵	0.9827
抡	0	轮	0.9756
捂	5	措	0.9771
掂	1	据	0.9716
攞	1	擺	0.9740
旖	6	旗	0.9768
昚	2	香	0.9685
棡	7	欄	0.9750
欝	1	攀	0.9652
汆	1	贫	0.9509
潾	1	凌	0.9632
璫	3	瑞	0.9723
眇	1	抄	0.9671
禤	3	綱	0.9627
筴	4	笑	0.9738
糒	5	梯	0.9757
绹	1	維	0.9642
羱	0	源	0.9547
翽	2	陽	0.9599
耷	2	春	0.9522
葖	1	突	0.9639
蚡	3	扮	0.9705
蛏	2	蜂	0.9722
螋	0	搜	0.9752
螣	0	腾	0.9778
袄	3	秩	0.9731
袛	5	祇	0.9873
跚	1	珊	0.9754
邶	1	邨	0.9676
鄗	6	部	0.9722
鄘	2	哪	0.9481
鏨	1	勲	0.9572
铚	0	镇	0.9715
镒	8	舒	0.9689
隲	1	隐	0.9710
颔	3	领	0.9754
鮓	6	礁	0.9650
鳢	5	禮	0.9698
鸩	2	航	0.9695
鼂	1	量	0.9628
䶮	2	袭	0.9593
倓	1	谈	0.9789
偓	2	偏	0.9690
凇	2	松	0.9743
唳	1	涙	0.9649
喲	1	約	0.9631
喺	0	線	0.9635
嘮	1	喫	0.9631
囒	1	蘭	0.9637
圪	1	均	0.9667
垕	0	昼	0.9544
奁	0	区	0.9653
嬛	2	婿	0.9692
崞	4	峙	0.9659
嵆	1	橋	0.9607
帔	1	岐	0.9607
忯	6	祇	0.9774
拄	0	牡	0.9735
拎	4	玲	0.9811
拧	2	持	0.9667
搧	0	擾	0.9632
旰	2	旺	0.9780
旳	2	的	0.9766
晢	2	哲	0.9871
曌	2	墨	0.9556
曻	1	是	0.9628
枩	0	杀	0.9647
柰	0	李	0.9719
桄	2	杭	0.9721
榉	8	棒	0.9756
樉	2	俠	0.9548
櫈	8	礙	0.9711
汧	2	汗	0.9752
汭	1	炳	0.9732
沄	3	法	0.9782
浐	1	泛	0.9627
滢	2	澤	0.9740
潅	1	淮	0.9691
炟	4	畑	0.9703
璡	2	難	0.9583
瓛	6	臟	0.9610
瘕	1	癖	0.9723
皑	2	距	0.9468
皚	3	暗	0.9550
眦	2	毗	0.9771
穽	0	穿	0.9674
紞	1	紡	0.9606
絓	0	結	0.9686
縒	2	維	0.9679
缗	1	智	0.9669
缯	2	缩	0.9670
蘧	5	遊	0.9636
螻	1	轉	0.9559
蟷	1	融	0.9723
衪	3	牠	0.9679
褡	2	裕	0.9775
讜	4	譜	0.9510
踉	4	跟	0.9909
辂	6	络	0.9675
辔	2	響	0.9567
辘	3	難	0.9707
郪	0	勢	0.9597
鏇	0	縦	0.9688
鑞	4	鎖	0.9604
镏	1	摇	0.9699
陔	3	刻	0.9540
鞞	1	韓	0.9745
餽	10	銀	0.9674
鯇	1	說	0.9600
鲂	3	编	0.9593
鲲	0	碧	0.9646
鳚	8	艦	0.9739
鳽	5	鴉	0.9780
鷀	4	繊	0.9673
鼇	4	督	0.9533
鼱	5	調	0.9666
龋	3	酶	0.9667
㬎	0	累	0.9598
伫	0	付	0.9602
傒	1	溪	0.9651
儇	9	編	0.9654
呗	1	坝	0.9755
咝	1	縦	0.9482
唏	4	喉	0.9694
嘞	3	觀	0.9606
噤	0	禁	0.9612
嫲	4	稼	0.9677
嵕	4	峻	0.9843
慥	1	遗	0.9611
慵	1	庸	0.9654
搥	1	搜	0.9667
昻	1	昂	0.9743
朓	1	挑	0.9668
桡	1	桥	0.9732
橹	1	権	0.9701
氕	0	气	0.9695
泐	2	初	0.9586
浛	8	涂	0.9793
煣	4	煤	0.9782
燠	5	澳	0.9679
獁	3	獨	0.9718
玨	7	琪	0.9677
璎	2	製	0.9577
癰	6	礦	0.9533
穡	2	橋	0.9778
籓	1	藩	0.9687
繒	6	締	0.9725
缦	7	發	0.9688
羗	0	実	0.9564
翮	3	翻	0.9760
胼	1	拼	0.9628
膻	5	赠	0.9498
芿	2	妨	0.9526
荩	1	质	0.9588
菡	2	齿	0.9691
蘼	1	摩	0.9522
螨	5	塘	0.9666
褘	3	禧	0.9798
諉	2	誘	0.9622
輞	0	輻	0.9571
鉺	0	餌	0.9715
鍘	3	鋼	0.9651
鐚	13	鑑	0.9650
铙	5	铁	0.9697
锛	2	磷	0.9675
隳	0	级	0.9572
馁	3	媛	0.9727
鲭	5	酷	0.9687
鷓	0	龐	0.9609
侁	1	併	0.9735
侊	0	优	0.9712
倷	2	僚	0.9782
偎	0	便	0.9653
唉	0	埃	0.9690
嗝	3	噸	0.9650
塋	3	營	0.9541
塡	1	填	0.9798
寀	0	菜	0.9868
寘	0	實	0.9824
尞	1	寮	0.9858
岢	0	前	0.9556
岣	2	刷	0.9529
慝	2	憑	0.9491
揲	5	蝶	0.9772
搀	0	挽	0.9731
撝	2	援	0.9727
朥	1	腸	0.9629
栟	1	样	0.9817
桒	1	荣	0.9780
梘	2	視	0.9825
梣	3	琳	0.9722
棊	1	表	0.9731
檨	4	樣	0.9748
殚	3	殖	0.9737
澮	3	禽	0.9734
犨	1	準	0.9733
瑊	4	城	0.9817
畚	0	牟	0.9592
癆	1	勞	0.9495
睍	3	現	0.9683
糌	1	叔	0.9645
縵	4	綬	0.9730
绂	2	紋	0.9707
芨	0	茂	0.9683
葑	0	鞋	0.9635
蓜	4	帯	0.9669
蘗	3	藻	0.9726
誂	1	跳	0.9646
諲	2	謂	0.9749
鍥	14	銃	0.9689
鎩	1	鍛	0.9709
鎿	6	鈴	0.9674
镞	6	锁	0.9689
靏	1	霸	0.9624
驎	1	麟	0.9794
骶	9	麺	0.9616
鮠	1	鮑	0.9612
鲎	3	驾	0.9544
鴗	3	製	0.9623
鷙	9	驚	0.9713
鷽	9	鷲	0.9735
鼋	2	覆	0.9608
䳍	1	擾	0.9624
亓	0	元	0.9571
傜	4	得	0.9583
卣	4	恒	0.9623
嘀	6	摘	0.9636
坔	0	坐	0.9640
妺	2	妹	0.9920
婊	4	救	0.9708
嫺	7	嫡	0.9688
峘	0	间	0.9642
廕	0	廃	0.9651
怏	2	快	0.9888
悧	0	利	0.9721
擡	2	墓	0.9651
昖	3	訟	0.9692
暾	1	敦	0.9627
桕	1	棺	0.9815
梿	5	模	0.9751
榀	5	棉	0.9744
槱	3	標	0.9723
橦	5	檔	0.9821
欹	0	欲	0.9686
灕	2	瀬	0.9655
炻	3	视	0.9671
燹	4	談	0.9363
爌	4	擴	0.9757
狈	4	減	0.9592
猱	4	猴	0.9675
珝	5	翔	0.9671
珦	5	响	0.9745
珸	4	瑞	0.9711
砝	7	棋	0.9733
砮	3	客	0.9692
礮	7	碳	0.9637
秫	2	析	0.9684
篶	3	篤	0.9707
紥	4	紫	0.9747
綋	2	綜	0.9701
綣	8	發	0.9639
縢	3	騰	0.9682
繙	5	綬	0.9638
绌	4	纯	0.9525
罃	1	螢	0.9588
胍	1	脈	0.9750
蘢	1	寵	0.9826
蠼	0	賢	0.9530
褙	1	精	0.9642
覷	2	腸	0.9648
詎	1	証	0.9627
谠	1	说	0.9689
轂	1	設	0.9729
逌	3	道	0.9663
銼	0	銘	0.9677
鋮	1	戯	0.9666
鑌	5	鎖	0.9815
锜	6	骑	0.9648
锝	1	镇	0.9792
锹	4	嫩	0.9624
閶	9	闇	0.9757
陜	3	俠	0.9698
馓	2	徹	0.9705
鲅	2	駁	0.9677
鲉	5	踊	0.9657
㗎	2	课	0.9621
䜣	0	诉	0.9676
冧	0	森	0.9665
匄	1	句	0.9527
叽	2	肌	0.9750
吔	0	地	0.9767
啕	10	駒	0.9592
嗷	4	渤	0.9710
嚀	0	寧	0.9635
坧	2	拓	0.9763
姘	3	妨	0.9682
姮	6	姫	0.9761
嫵	4	嫌	0.9626
嬈	2	燒	0.9690
嬿	5	綿	0.9621
屺	3	配	0.9578
懍	1	懷	0.9613
懔	1	憶	0.9495
摟	5	擇	0.9718
旂	1	族	0.9775
枓	1	科	0.9792
柁	1	朽	0.9694
柽	1	格	0.9761
栀	2	殉	0.9567
棐	0	渠	0.9756
櫆	3	魁	0.9700
沏	6	彻	0.9739
滆	3	滴	0.9779
澉	3	教	0.9702
澔	2	滿	0.9680
燜	3	肺	0.9615
犖	6	繫	0.9588
猇	3	猿	0.9616
璮	0	壇	0.9885
痼	5	洞	0.9607
眛	3	昧	0.9902
瞓	4	鵬	0.9425
祹	5	拘	0.9700
禨	3	機	0.9797
絁	2	絶	0.9747
縺	4	鍵	0.9703
纐	1	緑	0.9705
纡	3	绿	0.9658
荑	0	夷	0.9798
葚	0	甚	0.9657
蒭	1	薦	0.9569
蓣	1	満	0.9665
薭	2	藩	0.9674
藠	3	墓	0.9696
藦	2	摩	0.9638
諗	0	途	0.9574
譔	1	諱	0.9724
譟	2	課	0.9705
诧	5	许	0.9741
趼	1	甥	0.9662
酺	3	輌	0.9805
錺	3	鋭	0.9643
鍠	13	鎮	0.9761
鍱	2	錬	0.9777
鐃	2	鏡	0.9729
铤	1	艇	0.9765
雠	2	離	0.9714
飏	4	视	0.9529
饴	0	馆	0.9708
饸	2	恰	0.9763
馇	14	鎮	0.9624
驌	7	駐	0.9645
鰌	7	礦	0.9647
倏	1	條	0.9842
儻	1	億	0.9654
刖	0	圳	0.9671
卨	8	龍	0.9482
嘍	2	運	0.9583
坖	3	晃	0.9431
垚	0	击	0.9658
垪	2	拼	0.9797
埚	2	莉	0.9675
塉	0	容	0.9689
塍	4	勝	0.9798
夬	0	央	0.9852
娍	2	诚	0.9771
岿	1	营	0.9513
崀	2	良	0.9716
崠	1	勅	0.9689
崱	4	噸	0.9638
弍	1	式	0.9594
弽	2	操	0.9686
悻	3	莉	0.9688
捭	6	挥	0.9720
撂	1	揭	0.9768
晡	3	哺	0.9883
杬	3	杭	0.9800
枥	1	栃	0.9890
栁	3	柳	0.9764
桙	3	梓	0.9820
楩	2	梗	0.9695
洣	0	米	0.9753
洨	0	交	0.9746
浡	6	淳	0.9809
淓	9	淀	0.9767
溌	3	発	0.9776
澐	4	潭	0.9740
瀹	0	龠	0.9564
焞	2	滝	0.9689
猃	4	验	0.9616
玦	0	块	0.9847
珧	2	挑	0.9776
琹	0	粟	0.9771
瑨	1	靖	0.9692
瓩	1	纸	0.9588
硇	2	钢	0.9796
礱	0	導	0.9573
簞	0	曾	0.9594
粼	4	傑	0.9649
紵	3	綜	0.9794
綯	2	縦	0.9694
纮	0	练	0.9693
罴	1	累	0.9598
茬	2	若	0.9748
蒍	0	為	0.9616
蕓	1	雲	0.9613
藎	1	盡	0.9568
虒	3	虚	0.9676
襤	6	檔	0.9705
賒	3	領	0.9648
赜	4	喷	0.9629
跄	4	跑	0.9587
跫	2	是	0.9609
躡	3	攝	0.9738
酹	1	稲	0.9695
銲	2	揺	0.9728
鐧	1	鍋	0.9762
钏	7	彻	0.9675
铕	7	销	0.9722
顬	0	譚	0.9770
餑	1	飾	0.9738
餿	2	鍛	0.9660
馔	11	縛	0.9650
骢	0	總	0.9736
髎	2	膠	0.9408
魉	0	趣	0.9580
鰱	5	鍵	0.9738
鳏	2	摇	0.9657
鳙	8	礦	0.9698
鶫	2	懷	0.9662
鷟	10	驚	0.9680
麈	0	塵	0.9838
黩	0	瑟	0.9599
伢	4	依	0.9731
刕	0	尻	0.9415
勍	8	勃	0.9731
勦	2	藤	0.9692
叄	1	絵	0.9515
吭	2	坑	0.9697
咂	5	幅	0.9616
咻	2	味	0.9696
啯	0	国	0.9616
嗹	1	遇	0.9714
埏	0	诞	0.9783
墁	1	堤	0.9707
岨	5	坦	0.9546
嵎	6	幅	0.9635
幘	5	峙	0.9703
庹	3	庚	0.9643
惴	1	端	0.9705
攆	8	撞	0.9723
柤	0	相	0.9841
橛	7	廠	0.9678
檉	3	榴	0.9674
檩	1	檀	0.9742
氤	8	氧	0.9613
氿	0	沈	0.9771
洫	1	流	0.9539
漷	6	都	0.9651
漼	2	淮	0.9715
煐	5	娛	0.9740
牋	1	殘	0.9725
玁	2	獵	0.9736
琍	1	剰	0.9746
瑆	5	握	0.9670
瑫	2	蹈	0.9765
痱	10	淀	0.9562
瞾	0	霊	0.9688
稉	3	梗	0.9864
窴	1	賓	0.9769
缥	3	緯	0.9599
膘	2	願	0.9689
荅	1	荃	0.9692
蓊	1	蔡	0.9534
蚬	2	现	0.9743
衩	2	叔	0.9641
袰	0	聚	0.9632
觔	0	猟	0.9589
詘	3	詰	0.9696
诔	2	狭	0.9737
诜	2	洗	0.9770
诨	1	辉	0.9724
賅	4	域	0.9605
跣	3	跌	0.9699
跺	2	探	0.9645
軹	6	塘	0.9692
轵	1	积	0.9724
遄	2	避	0.9650
鑷	12	縛	0.9621
铒	1	俱	0.9625
铼	9	稜	0.9645
镆	2	镇	0.9786
镎	3	锋	0.9621
韙	0	趕	0.9618
颳	7	臟	0.9594
驫	1	龐	0.9214
骕	2	耐	0.9588
鱝	13	縛	0.9694
鱵	2	織	0.9640
鲆	3	樋	0.9653
鲡	5	噸	0.9477
鲥	2	側	0.9615
鸝	6	縄	0.9527
麇	2	爆	0.9648
鼾	8	璋	0.9585
㽘	3	坑	0.9642
仨	0	停	0.9523
偌	2	储	0.9761
僂	1	傳	0.9679
劌	2	歲	0.9634
啷	5	卿	0.9666
喟	4	唱	0.9749
堙	2	理	0.9779
塤	0	損	0.9803
壎	0	瑪	0.9620
妪	1	区	0.9702
嬡	4	媛	0.9770
峁	3	航	0.9581
嵓	0	常	0.9611
帏	6	峙	0.9700
彀	2	設	0.9697
徜	2	简	0.9525
挌	2	格	0.9779
摛	1	璃	0.9849
摽	4	標	0.9742
昜	0	易	0.9810
暻	5	晴	0.9633
櫺	1	樹	0.9642
浹	4	俠	0.9734
淏	1	浸	0.9740
濹	3	濫	0.9660
熕	4	殖	0.9669
狆	2	独	0.9748
猯	2	猎	0.9791
猻	5	猴	0.9739
璪	3	操	0.9863
瓿	1	瓶	0.9636
甽	1	圳	0.9701
痨	0	劳	0.9582
筚	2	轻	0.9606
簠	2	籃	0.9549
繯	3	織	0.9609
繾	5	縫	0.9657
肟	3	腸	0.9624
臯	2	暑	0.9634
茀	0	弗	0.9686
茕	0	抗	0.9533
蕅	0	薄	0.9792
蕖	1	渠	0.9771
蕡	0	賣	0.9806
蝾	6	蝶	0.9836
袿	0	桂	0.9731
裲	1	兩	0.9640
襀	5	積	0.9740
觥	3	筋	0.9708
讦	6	许	0.9758
鄀	7	都	0.9809
釿	6	鋳	0.9666
鎹	15	銃	0.9695
铽	1	硫	0.9591
阼	1	階	0.9621
餬	3	醐	0.9626
骖	1	参	0.9545
鯁	2	駛	0.9546
鹲	2	殼	0.9647
黁	1	曆	0.9747
㐌	3	色	0.9520
㬌	1	景	0.9810
㶞	4	臂	0.9543
伓	0	怀	0.9743
僴	0	個	0.9663
唎	4	柳	0.9711
嗢	5	唱	0.9529
嘖	5	噴	0.9833
塼	2	專	0.9706
壼	1	蕾	0.9440
妩	4	妨	0.9759
崐	0	嶋	0.9621
嵝	1	峡	0.9569
徉	0	往	0.9797
抃	1	扑	0.9781
拊	4	桁	0.9692
搂	2	楼	0.9782
搠	0	溯	0.9724
旆	3	旋	0.9741
旿	1	許	0.9598
昤	5	玲	0.9715
晛	4	現	0.9729
暸	6	跨	0.9660
枦	3	析	0.9827
柃	3	検	0.9733
沤	2	区	0.9720
泖	0	卯	0.9730
淠	5	漫	0.9606
淥	4	祿	0.9747
湔	7	滑	0.9693
湝	5	浩	0.9717
溍	2	潛	0.9780
滃	2	緑	0.9710
漵	4	激	0.9743
澣	4	锋	0.9682
濆	2	潰	0.9867
瀣	1	経	0.9605
烇	8	燈	0.9722
熅	6	赠	0.9619
猙	1	獲	0.9681
珓	6	较	0.9703
琫	5	捧	0.9815
痠	6	澳	0.9620
睏	0	租	0.9580
砼	4	検	0.9599
硚	1	稅	0.9727
禋	4	禧	0.9756
窨	2	鲁	0.9715
笕	1	览	0.9660
筦	5	傍	0.9429
簕	7	鋳	0.9592
籥	9	舒	0.9681
縟	0	縁	0.9745
翺	6	閉	0.9669
聒	1	拒	0.9667
莴	6	模	0.9632
菼	1	淡	0.9537
衖	5	街	0.9752
袪	1	祐	0.9726
褊	3	偏	0.9703
覊	2	覇	0.9672
覯	4	觀	0.9681
覿	5	觀	0.9604
觑	3	舰	0.9649
諢	3	謂	0.9761
謌	3	讓	0.9626
譖	5	譜	0.9728
踌	4	谢	0.9716
蹣	4	蹄	0.9745
辏	7	较	0.9660
辶	0	廴	0.9544
邘	12	郡	0.9677
鈥	3	欽	0.9825
鉎	6	針	0.9696
鉧	18	錦	0.9715
钣	0	饭	0.9835
铖	3	诚	0.9766
隂	0	陰	0.9769
顙	4	額	0.9775
饽	3	诗	0.9744
馑	2	僅	0.9687
髁	3	課	0.9746
髆	11	購	0.9743
鵐	10	編	0.9681
鼉	3	雪	0.9476
㵲	1	溝	0.9603
䳭	10	闇	0.9606
乕	0	盾	0.9676
佝	2	饰	0.9622
佧	1	传	0.9722
倈	5	俠	0.9720
傪	1	慘	0.9725
劦	0	協	0.9485
喦	1	區	0.9548
垝	1	拖	0.9641
垴	4	坪	0.9683
塒	2	時	0.9614
妯	0	油	0.9728
娀	2	姊	0.9743
娌	0	裡	0.9713
媄	7	模	0.9708
孥	2	啓	0.9632
嶲	2	攜	0.9685
彠	3	護	0.9765
悱	1	俳	0.9793
慜	2	像	0.9677
憋	6	獎	0.9666
掮	2	据	0.9721
揼	8	模	0.9727
撷	2	顿	0.9685
擕	6	擇	0.9751
攽	1	奴	0.9610
晸	2	曼	0.9712
暕	1	疎	0.9714
杪	1	秒	0.9758
柙	1	相	0.9742
柸	3	杯	0.9864
栒	6	拘	0.9786
椓	5	祿	0.9704
榇	3	棕	0.9841
橅	1	梅	0.9748
櫬	4	樋	0.9716
歃	2	腺	0.9710
毟	1	笔	0.9602
洑	0	浓	0.9716
浃	3	狭	0.9764
漥	1	窪	0.9794
濙	2	淡	0.9537
濩	1	濱	0.9755
牾	0	语	0.9765
犭	0	飞	0.9030
玙	1	玛	0.9657
珰	3	纬	0.9694
琜	1	萊	0.9768
畛	3	珍	0.9580
瘿	1	麼	0.9607
睥	4	聘	0.9692
磻	3	播	0.9714
箩	2	逸	0.9549
簺	3	籃	0.9582
絪	1	納	0.9760
綷	1	孫	0.9690
緄	2	絹	0.9752
缈	2	砂	0.9721
羑	0	奏	0.9573
翚	5	學	0.9591
胂	4	肺	0.9728
脘	1	脱	0.9732
芟	1	茂	0.9582
茼	1	间	0.9615
蕞	1	暮	0.9790
衄	1	雌	0.9540
褧	1	裂	0.9752
觇	3	现	0.9759
觋	4	现	0.9691
誴	4	詩	0.9690
讬	1	托	0.9703
谺	10	舒	0.9652
豷	2	窪	0.9702
赅	3	恢	0.9603
蹑	0	摄	0.9723
遛	2	逼	0.9739
郟	3	郊	0.9729
鎓	2	齡	0.9640
鐶	14	鑑	0.9746
镊	3	援	0.9685
镫	9	發	0.9706
阬	0	阮	0.9700
霨	1	霞	0.9634
韁	2	體	0.9676
飈	3	陽	0.9487
鵼	4	製	0.9669
鷴	8	贈	0.9633
㹴	1	便	0.9649
䚟	2	観	0.9684
乸	5	跑	0.9347
伾	5	依	0.9727
佖	1	泌	0.9682
啣	0	卸	0.9715
啫	3	诸	0.9736
嘰	3	磯	0.9674
垍	0	珀	0.9776
埓	2	搖	0.9669
壸	2	壽	0.9554
娸	12	婦	0.9745
婥	13	婦	0.9690
媖	6	娛	0.9712
媭	1	婆	0.9657
嫮	6	漫	0.9701
幛	0	帽	0.9690
庲	2	萊	0.9664
彜	6	擎	0.9592
忐	0	志	0.9775
忑	0	恋	0.9637
怿	1	怪	0.9870
悆	0	念	0.9693
惔	2	谈	0.9788
慍	1	憎	0.9604
憕	6	褐	0.9656
摁	1	聰	0.9688
斄	3	潘	0.9637
晌	6	响	0.9853
朏	2	舶	0.9659
棫	1	械	0.9752
棰	0	種	0.9702
楛	6	棉	0.9823
櫲	5	稼	0.9770
泆	1	決	0.9822
淕	2	娃	0.9657
渢	3	風	0.9774
湓	3	澄	0.9664
潸	3	潛	0.9773
濼	5	樂	0.9737
瀦	7	烯	0.9689
烱	1	烟	0.9644
焿	4	庚	0.9691
狞	0	狩	0.9729
琡	5	椒	0.9727
璲	1	遜	0.9649
瓐	2	爐	0.9693
瓤	4	弧	0.9464
甂	1	佩	0.9618
畺	2	量	0.9637
痳	6	稼	0.9732
瘜	1	鴻	0.9662
瞀	5	督	0.9725
祩	1	株	0.9843
笫	2	第	0.9732
縐	1	総	0.9570
绉	1	维	0.9657
罨	1	媽	0.9663
胬	3	絡	0.9673
苒	3	萬	0.9681
萋	1	妻	0.9814
蠖	1	壌	0.9690
裵	0	裴	0.9726
誐	1	謙	0.9601
譓	1	憲	0.9694
讉	9	龍	0.9595
讙	0	雷	0.9671
蹩	0	遙	0.9580
辋	7	摘	0.9710
酇	2	鄭	0.9661
釟	4	欽	0.9541
錙	5	鐘	0.9732
鍪	2	黎	0.9619
鏝	15	鑑	0.9777
锉	5	锋	0.9701
锔	3	锡	0.9609
镥	5	得	0.9742
镱	2	镜	0.9760
阝	7	部	0.9220
顴	6	觀	0.9747
颎	0	颁	0.9705
餳	4	锡	0.9691
駘	5	網	0.9670
駮	4	駿	0.9747
髠	1	竟	0.9293
鮈	2	鮑	0.9700
鯙	5	鯨	0.9776
鲻	6	禮	0.9542
鳇	14	縛	0.9650
鸷	1	势	0.9581
鹜	0	翁	0.9537
麛	5	臂	0.9662
鼍	4	毫	0.9593
㮾	2	渠	0.9630
䓪	2	募	0.9635
傌	4	偶	0.9717
冄	1	再	0.9583
刋	2	列	0.9613
剉	1	挫	0.9575
匜	6	跑	0.9524
匽	2	暨	0.9559
呛	3	哈	0.9652
呲	3	毗	0.9618
囈	0	藝	0.9656
囯	1	国	0.9879
垈	1	坐	0.9623
垡	2	拳	0.9635
垤	2	転	0.9676
埧	1	損	0.9771
婵	1	姆	0.9698
媺	1	微	0.9777
岵	3	帖	0.9793
峃	1	常	0.9603
嶗	4	陽	0.9549
惬	3	懷	0.9598
憮	1	撫	0.9656
挎	9	棒	0.9699
掞	3	谈	0.9668
搢	5	禧	0.9743
攵	0	文	0.9756
旡	0	无	0.9768
晊	1	野	0.9635
柺	6	梯	0.9675
栌	4	析	0.9747
桤	5	桿	0.9699
槠	3	储	0.9774
檇	3	椎	0.9745
檫	1	擦	0.9764
殍	8	廠	0.9639
沇	1	沟	0.9648
淶	0	來	0.9696
焌	2	竣	0.9753
煴	5	煌	0.9667
猢	0	湖	0.9768
猨	5	媛	0.9692
癈	0	廢	0.9762
癞	9	礙	0.9694
盍	0	蓋	0.9686
盦	0	會	0.9572
盹	0	吨	0.9816
碏	6	错	0.9762
禠	5	郷	0.9655
窋	9	撞	0.9623
筯	4	筋	0.9831
糗	9	模	0.9704
綆	10	礙	0.9655
緜	2	縣	0.9805
縅	5	繊	0.9661
缐	1	線	0.9835
耋	3	臺	0.9597
艹	0	屮	0.9376
芑	0	芭	0.9715
茏	2	茂	0.9692
菪	2	暮	0.9767
蕰	1	温	0.9695
蘐	1	嘉	0.9663
蟳	3	噂	0.9651
衂	0	师	0.9571
衜	2	衡	0.9713
裊	0	复	0.9590
裢	3	链	0.9688
訏	1	詳	0.9716
誒	2	敦	0.9647
诹	1	販	0.9668
诿	1	倭	0.9776
谞	3	婿	0.9797
趸	0	迅	0.9543
躄	6	臂	0.9642
輶	4	輌	0.9660
鋩	6	街	0.9636
锎	8	销	0.9672
隄	1	隨	0.9687
鞫	10	鹤	0.9606
頔	4	頓	0.9746
餗	3	錬	0.9713
饃	2	餓	0.9709
骀	4	胎	0.9671
魈	4	魁	0.9710
魮	1	靴	0.9635
鮀	4	濫	0.9554
鯷	11	編	0.9629
鳀	0	題	0.9670
鳎	2	環	0.9715
鵤	6	鴉	0.9675
麊	0	麓	0.9618
麯	0	麵	0.9603
㙟	1	朗	0.9695
偪	1	備	0.9731
冚	0	計	0.9443
吆	0	幻	0.9646
呴	1	詢	0.9621
咾	5	域	0.9701
咿	5	唯	0.9645
唷	2	嗜	0.9671
喁	5	聘	0.9730
喈	2	堤	0.9691
喑	4	暗	0.9804
喼	11	鳴	0.9686
圌	1	岡	0.9638
埶	1	執	0.9701
堿	5	城	0.9836
墡	6	増	0.9715
壻	2	踏	0.9706
妠	1	姻	0.9862
婼	0	诺	0.9757
孓	0	女	0.9561
岻	3	峨	0.9570
幞	5	幌	0.9560
忸	1	裡	0.9594
恠	1	怖	0.9852
悒	3	惯	0.9600
惓	5	傑	0.9652
愦	4	惯	0.9784
懟	0	對	0.9613
戬	0	哉	0.9726
抺	1	抹	0.9937
捄	0	球	0.9836
揩	6	措	0.9689
搡	2	採	0.9741
摎	5	撥	0.9571
撄	7	繫	0.9645
擯	9	璋	0.9795
旽	1	吨	0.9894
暪	5	蹄	0.9673
杤	5	析	0.9803
枵	6	桿	0.9771
柟	4	神	0.9756
桠	1	标	0.9707
樯	3	墙	0.9661
檞	2	解	0.9683
欏	3	鑼	0.9658
汩	3	泊	0.9781
沨	4	郊	0.9577
渼	0	漢	0.9652
瀁	0	養	0.9743
熗	4	艙	0.9662
熿	1	煙	0.9683
爚	2	験	0.9618
狴	0	猩	0.9675
畎	2	映	0.9707
疠	2	炉	0.9609
瘉	0	癒	0.9802
瞇	0	謎	0.9603
碽	2	碩	0.9844
磑	6	禧	0.9564
礓	9	礦	0.9611
祅	2	桥	0.9726
窳	5	弧	0.9558
竩	2	谓	0.9702
笵	2	能	0.9570
箦	7	等	0.9705
簃	1	移	0.9705
簟	3	鲁	0.9637
籴	1	朵	0.9660
糲	5	糖	0.9679
缑	3	像	0.9733
缟	3	缩	0.9670
罾	4	謂	0.9637
肏	2	怪	0.9613
肸	0	胺	0.9594
腼	1	胴	0.9726
臑	9	艦	0.9645
舄	3	寫	0.9650
蒎	1	浓	0.9669
蔕	0	蒂	0.9678
蔞	2	妻	0.9613
薐	1	萩	0.9766
蘩	0	繁	0.9753
虨	5	激	0.9558
蛩	2	蛮	0.9812
讵	1	垣	0.9667
诳	1	狂	0.9589
谆	7	淳	0.9777
谮	4	潛	0.9720
貺	0	呪	0.9706
賸	2	媽	0.9637
踱	2	艘	0.9632
轘	9	贈	0.9666
辊	5	辖	0.9740
迓	1	近	0.9682
酂	1	鄰	0.9634
銾	6	録	0.9776
鎛	15	縛	0.9715
鑨	16	鑑	0.9732
锏	6	铜	0.9834
锲	8	赞	0.9687
镡	7	臂	0.9684
霫	3	霍	0.9741
鞌	3	書	0.9641
顚	5	顯	0.9705
饈	3	餓	0.9678
骓	2	维	0.9713
骛	7	擎	0.9710
鱺	3	體	0.9361
鲚	11	舒	0.9704
鵩	5	鵬	0.9741
鶡	6	顯	0.9707
鸌	4	護	0.9748
鸺	3	橘	0.9611
麑	2	擲	0.9555
麭	3	陵	0.9583
黇	1	貼	0.9704
黉	5	翼	0.9733
㞗	0	暦	0.9634
㷩	3	鬼	0.9506
䄉	3	裁	0.9695
䴉	7	顯	0.9657
丂	0	产	0.9398
丗	0	廿	0.9714
仳	0	姉	0.9627
伧	1	仓	0.9680
倕	3	僅	0.9683
倥	0	僧	0.9669
偻	2	倭	0.9744
兊	4	発	0.9536
刂	0	亅	0.9495
啵	1	被	0.9670
嗌	2	憎	0.9454
嗥	9	榎	0.9693
圷	1	坛	0.9698
坼	2	拆	0.9856
垞	2	坛	0.9652
夘	3	列	0.9721
奣	4	碍	0.9663
妁	3	姊	0.9720
姹	2	好	0.9838
嬙	0	媒	0.9650
孌	6	變	0.9780
寃	1	兔	0.9653
岜	1	芭	0.9734
岞	1	峠	0.9703
嶍	3	踏	0.9641
嶹	7	峙	0.9480
庋	4	度	0.9764
彆	0	畿	0.9611
彞	3	義	0.9634
忩	6	絞	0.9622
怵	4	闭	0.9567
愜	5	煤	0.9552
懑	2	截	0.9644
戆	1	戀	0.9628
戥	4	戦	0.9780
抔	1	坏	0.9779
捃	3	拝	0.9733
捋	2	将	0.9799
掊	0	培	0.9854
撅	1	厥	0.9684
撘	0	答	0.9699
撵	1	酵	0.9739
攄	5	據	0.9682
旮	0	召	0.9553
暊	0	唄	0.9878
曔	2	敵	0.9652
朖	3	腺	0.9771
杩	1	粮	0.9747
枻	8	棋	0.9729
栝	3	柿	0.9707
桯	7	桿	0.9798
櫝	6	積	0.9777
欞	4	衛	0.9595
泝	1	诉	0.9827
浿	0	頃	0.9740
溇	1	挙	0.9689
熘	2	隈	0.9647
爝	2	煙	0.9678
牻	11	淀	0.9552
玼	4	毗	0.9784
瑑	3	塚	0.9751
璯	5	瑜	0.9671
疔	0	庁	0.9800
瘞	0	疲	0.9502
盝	1	绪	0.9602
眯	4	昧	0.9666
矸	3	碑	0.9661
碻	2	檀	0.9616
禖	1	媒	0.9788
穄	5	粹	0.9716
穑	1	稿	0.9804
穠	1	穂	0.9701
竂	2	寮	0.9852
笭	0	签	0.9734
箟	1	复	0.9687
篑	8	等	0.9693
篔	2	賃	0.9695
簍	2	复	0.9557
粦	1	莱	0.9686
糝	2	慘	0.9676
絋	1	鉱	0.9649
綃	3	絹	0.9718
緇	4	緯	0.9675
縑	6	鎌	0.9795
縳	16	縛	0.9794
縴	5	緯	0.9784
缃	1	框	0.9692
罍	1	雷	0.9554
舾	3	耐	0.9650
艛	4	難	0.9674
茈	8	蛇	0.9708
茚	7	措	0.9628
菔	0	腊	0.9686
菹	0	浦	0.9680
蓽	1	畢	0.9683
蕯	1	隆	0.9690
蕸	1	遠	0.9649
蝀	7	蝶	0.9748
蝘	0	堰	0.9750
蟯	3	攜	0.9600
蠃	3	贏	0.9804
褛	3	楼	0.9759
褴	0	粒	0.9675
襬	5	樋	0.9737
谵	1	暂	0.9643
豇	2	垣	0.9531
赀	2	货	0.9609
蹌	5	艙	0.9737
郐	1	邻	0.9745
郳	3	視	0.9637
釭	7	針	0.9548
鉃	14	鉄	0.9865
錞	15	鎮	0.9771
鎇	5	銅	0.9770
鏹	4	鐵	0.9678
鏻	6	鍵	0.9598
锍	2	硫	0.9697
镬	3	镇	0.9753
镲	2	擦	0.9651
隞	2	歇	0.9636
靨	0	壓	0.9717
頲	3	瀬	0.9688
飧	0	食	0.9658
饟	5	鐵	0.9610
駑	4	篤	0.9644
驂	6	縫	0.9525
骙	4	裁	0.9726
髫	5	髪	0.9583
鳊	4	编	0.9665
鴃	4	跌	0.9672
鹠	6	網	0.9662
黧	1	黛	0.9673
龁	4	乾	0.9709
龗	1	靈	0.9543
㔨	4	醫	0.9580
㭎	0	网	0.9786
㹨	1	油	0.9706
䴕	6	學	0.9552
亻	0	仁	0.9368
伃	0	仔	0.9711
侚	2	句	0.9659
俔	4	視	0.9630
俛	2	免	0.9706
俤	2	併	0.9728
僦	2	就	0.9612
刣	0	怡	0.9676
剄	1	剖	0.9589
剐	2	喇	0.9674
剳	1	卻	0.9620
劬	9	勃	0.9536
匋	1	萄	0.9618
呫	4	帖	0.9604
唠	5	喷	0.9805
喽	1	弊	0.9609
嘤	2	曖	0.9500
囘	0	同	0.9571
圑	1	團	0.9828
圕	0	圍	0.9739
垰	3	坛	0.9693
垱	2	档	0.9658
塜	4	塚	0.9857
墭	0	盛	0.9692
壝	2	遣	0.9700
夨	1	矢	0.9784
姃	0	奸	0.9695
姈	4	冷	0.9678
娆	0	烧	0.9767
娡	3	娃	0.9709
嫋	3	擬	0.9709
宄	0	方	0.9650
宧	0	宮	0.9547
峮	5	畑	0.9629
峼	5	帖	0.9648
幃	1	帽	0.9716
庒	0	庄	0.9828
怩	3	妮	0.9734
怱	1	忽	0.9808
扵	1	轮	0.9549
搴	1	塞	0.9697
撳	2	欺	0.9623
晈	2	战	0.9689
枏	0	桶	0.9711
栫	5	桁	0.9807
棪	4	谈	0.9609
楤	1	梭	0.9606
槪	4	概	0.9836
樒	2	椅	0.9771
檍	3	橋	0.9731
欸	3	钦	0.9683
氵	0	冫	0.9645
氽	0	今	0.9644
湶	3	混	0.9697
狃	2	狂	0.9706
狢	5	洛	0.9735
獫	9	涂	0.9696
玎	2	打	0.9636
珵	1	程	0.9650
瑧	6	捧	0.9789
瓈	3	黎	0.9789
甞	0	普	0.9684
甡	0	牲	0.9824
畮	4	酶	0.9702
疖	0	疗	0.9766
疴	1	河	0.9618
痾	3	碱	0.9585
癤	11	礙	0.9665
癯	6	輝	0.9632
眥	1	皆	0.9664
矼	1	仔	0.9533
碸	0	碼	0.9597
磲	12	礙	0.9716
礅	6	激	0.9723
祘	0	际	0.9558
祼	8	裸	0.9950
秕	2	积	0.9696
穉	6	糖	0.9691
竒	0	帝	0.9629
筸	1	筆	0.9657
糉	2	梭	0.9738
絝	4	絡	0.9655
綮	0	終	0.9743
綹	3	縦	0.9717
縂	0	經	0.9588
纻	5	统	0.9608
缂	1	幹	0.9608
缣	7	鎌	0.9769
罙	1	宋	0.9787
羇	6	静	0.9640
羶	4	擅	0.9716
聩	1	聴	0.9767
艟	5	擴	0.9722
芘	0	毕	0.9661
萑	1	崔	0.9758
葶	0	亭	0.9608
蒆	2	妾	0.9597
蓂	0	黃	0.9684
蓙	4	座	0.9724
蛐	1	岬	0.9557
蝲	3	喇	0.9830
蠆	3	董	0.9599
袓	1	祖	0.9907
讌	6	譜	0.9599
輊	10	撞	0.9694
辷	0	之	0.9530
遝	1	還	0.9671
釼	11	銀	0.9757
鉆	4	踏	0.9654
鋉	4	錬	0.9900
錾	1	釜	0.9613
鏸	8	鋳	0.9741
镅	6	握	0.9640
閅	7	閉	0.9755
閆	11	闇	0.9757
閞	3	閣	0.9762
雱	1	旁	0.9601
靬	0	軒	0.9836
飡	1	食	0.9760
饍	3	館	0.9680
馼	3	駁	0.9711
騄	4	擬	0.9658
騤	5	駿	0.9696
魋	2	鞭	0.9518
鲌	3	舶	0.9644
鵎	1	鶏	0.9750
麕	2	曆	0.9611
鼕	1	繋	0.9595
鼫	4	题	0.9569
齪	3	艘	0.9551
齷	7	網	0.9506
㐂	1	毕	0.9520
佽	4	钦	0.9628
侲	1	候	0.9646
倂	3	併	0.9856
偐	0	彥	0.9483
冐	0	胃	0.9852
刼	1	劫	0.9784
哿	10	艦	0.9575
啁	8	调	0.9769
啧	6	喷	0.9775
嘭	0	膨	0.9535
嚤	1	暦	0.9624
埽	1	掃	0.9823
埿	2	肇	0.9598
堌	3	距	0.9704
堍	1	挽	0.9855
墈	7	塘	0.9620
娚	3	媽	0.9771
嫫	10	模	0.9803
屣	2	履	0.9788
岈	5	闭	0.9712
峣	1	烧	0.9610
巉	3	噶	0.9468
巘	2	臓	0.9471
巰	9	赞	0.9645
巵	0	后	0.9527
廐	2	蔵	0.9727
怦	5	坪	0.9648
抿	2	拒	0.9734
拑	0	抽	0.9845
揑	7	擇	0.9761
搣	1	滅	0.9684
摞	2	擺	0.9750
撙	1	溥	0.9772
旯	0	另	0.9720
旵	2	菅	0.9611
晪	5	毗	0.9620
曈	3	瞳	0.9900
朒	6	脑	0.9723
栳	2	树	0.9699
椝	5	架	0.9735
橞	2	穂	0.9794
橼	0	缘	0.9735
櫞	1	緣	0.9737
殪	5	殖	0.9667
氲	1	氫	0.9660
沜	4	炸	0.9632
浉	0	狮	0.9791
渃	1	诺	0.9767
湲	6	媛	0.9779
溋	0	盈	0.9684
溷	0	涵	0.9677
溽	1	辱	0.9655
潙	1	爲	0.9676
澚	7	澳	0.9690
炝	9	燈	0.9655
焟	2	惜	0.9732
煃	10	燈	0.9781
煠	6	煤	0.9869
狰	3	狂	0.9638
瑔	1	泉	0.9671
瑝	1	提	0.9671
璬	7	激	0.9701
瘗	2	葵	0.9637
盉	0	番	0.9635
眀	0	明	0.9906
睗	1	賜	0.9797
矍	1	賢	0.9644
磝	5	嫩	0.9780
秏	2	耗	0.9729
籖	16	銃	0.9648
籛	2	錢	0.9748
糶	2	耀	0.9591
絫	1	慈	0.9503
絽	6	綿	0.9768
緤	3	練	0.9801
繧	6	緯	0.9757
绐	2	绪	0.9732
绔	1	绘	0.9674
缁	5	编	0.9633
羖	3	葵	0.9675
羮	0	隻	0.9475
翃	1	涵	0.9705
耇	0	考	0.9669
胠	1	胜	0.9758
艚	11	艦	0.9728
艿	1	芳	0.9642
芶	3	宏	0.9612
莟	2	荃	0.9708
莵	6	蘋	0.9433
葢	3	替	0.9613
葰	1	菊	0.9579
蕘	0	荒	0.9470
薳	2	遠	0.9696
蚧	3	吟	0.9432
蛱	3	挟	0.9700
螗	8	塘	0.9831
袅	2	裂	0.9619
襌	4	禪	0.9871
觝	2	瓶	0.9608
觿	2	觸	0.9639
謏	3	誤	0.9656
謢	5	護	0.9675
謩	2	着	0.9691
踬	1	瞬	0.9654
踶	3	堤	0.9733
蹒	6	踊	0.9687
逺	3	遠	0.9789
鄾	2	鄰	0.9612
酅	8	部	0.9551
酤	6	酷	0.9792
鈃	9	鋳	0.9690
鈊	2	純	0.9528
鉷	17	銃	0.9697
錛	18	銃	0.9718
錩	4	銷	0.9826
铄	2	孫	0.9671
铡	0	测	0.9718
锫	7	错	0.9698
镈	2	溝	0.9694
阨	2	厄	0.9598
陁	0	陶	0.9575
霅	4	雪	0.9780
韡	1	講	0.9675
颦	6	翼	0.9576
饧	3	汤	0.9675
騧	4	驅	0.9761
髃	12	購	0.9584
鬐	3	嘗	0.9592
魹	4	鮮	0.9673
鮃	6	鯨	0.9676
鮜	12	編	0.9623
鮸	3	鮑	0.9570
鯔	3	觸	0.9598
鱨	13	編	0.9555
鲼	7	鯨	0.9579
鴽	10	鷲	0.9666
鶆	10	榎	0.9700
鶵	2	戀	0.9547
鶼	12	艦	0.9636
鸇	5	擅	0.9473
鹁	7	學	0.9633
麖	2	慶	0.9616
鼒	1	慕	0.9552
齏	1	齋	0.9562
龃	5	暗	0.9625
龉	6	蹄	0.9657
龊	0	蝦	0.9634
龝	17	縛	0.9700
㝅	3	設	0.9671
㬋	5	喉	0.9722
䎃	3	醒	0.9651
乢	0	训	0.9457
亁	5	乾	0.9901
俓	0	徑	0.9767
僔	1	傅	0.9731
僙	2	傅	0.9723
僣	4	替	0.9693
冡	2	家	0.9709
凮	4	風	0.9620
卌	0	册	0.9640
卲	1	邵	0.9684
叅	0	篠	0.9485
咺	3	垣	0.9678
哝	0	农	0.9662
喎	1	問	0.9591
嚦	2	歷	0.9751
嚿	4	攜	0.9633
囥	0	园	0.9782
囷	0	困	0.9811
埝	2	绘	0.9654
壐	4	彌	0.9508
壚	3	爐	0.9811
夲	1	夺	0.9711
奩	1	箇	0.9420
奲	3	離	0.9587
妗	5	冷	0.9682
姁	3	殉	0.9688
姤	0	殆	0.9648
姸	2	姆	0.9776
嫱	8	嫡	0.9728
孮	4	掠	0.9686
寖	2	浸	0.9838
屃	2	质	0.9701
崘	1	論	0.9537
崟	3	荃	0.9601
嵫	5	峻	0.9581
嶐	0	薩	0.9461
弨	3	韶	0.9623
忬	6	桁	0.9666
忭	0	讨	0.9589
忮	2	伎	0.9842
忾	2	吃	0.9564
恊	1	協	0.9834
悃	2	烟	0.9639
悊	6	據	0.9655
愀	3	秋	0.9666
愐	7	幅	0.9651
慂	6	漂	0.9653
挲	6	髪	0.9576
掎	3	埼	0.9868
摃	2	損	0.9782
摰	8	擎	0.9758
撸	6	擔	0.9724
攥	2	繋	0.9633
敻	3	复	0.9651
昩	5	昧	0.9961
晭	9	调	0.9723
杕	3	林	0.9746
枎	1	枝	0.9837
桱	4	橙	0.9642
棈	5	植	0.9828
棩	2	槻	0.9701
棭	1	夜	0.9787
楗	3	雅	0.9668
楶	7	染	0.9739
榠	11	榎	0.9782
槩	1	梨	0.9752
橏	7	檔	0.9778
歔	1	獻	0.9582
氳	1	氟	0.9666
沬	2	朱	0.9768
泂	6	洞	0.9892
涷	1	凍	0.9900
淲	1	虑	0.9686
湼	3	涅	0.9751
溈	3	湯	0.9696
溲	2	渡	0.9720
漖	4	教	0.9717
潿	4	潤	0.9668
澯	1	殺	0.9661
灴	0	灯	0.9758
熥	6	樋	0.9751
燝	2	憶	0.9665
牓	5	勝	0.9651
犏	6	编	0.9751
狌	0	姓	0.9594
獇	3	洗	0.9613
玗	3	打	0.9688
玧	3	琉	0.9699
珷	2	賦	0.9753
琎	2	捜	0.9647
瑂	3	谓	0.9765
瑍	4	換	0.9819
璷	4	濃	0.9635
瓴	2	辱	0.9657
甗	2	慮	0.9466
畊	1	拥	0.9589
瘂	2	癖	0.9596
瘪	4	漠	0.9669
眄	0	眠	0.9698
睭	0	雕	0.9568
硌	3	格	0.9703
硿	11	鹤	0.9605
碞	1	碧	0.9716
礤	3	礎	0.9714
秬	2	和	0.9795
窶	3	妻	0.9655
竢	2	挨	0.9650
筬	5	筋	0.9681
篯	4	钱	0.9770
簙	0	簿	0.9704
紿	2	緒	0.9668
繝	8	網	0.9737
纰	6	域	0.9638
缛	1	縁	0.9693
耧	4	楼	0.9789
聼	2	聴	0.9775
肫	5	肺	0.9704
脬	5	膳	0.9681
舮	4	航	0.9748
芼	0	毛	0.9514
茣	1	莫	0.9750
荇	3	苻	0.9665
荨	1	真	0.9682
萏	5	替	0.9652
蔟	2	族	0.9712
蔫	0	焉	0.9693
蕺	2	隷	0.9687
蘵	0	職	0.9626
蚨	1	块	0.9747
袆	5	神	0.9782
袝	7	桁	0.9767
詥	1	给	0.9668
誔	2	挺	0.9719
貒	2	貓	0.9631
贌	7	撲	0.9678
軨	6	玲	0.9612
轀	1	輻	0.9660
轱	1	牲	0.9690
郈	2	邵	0.9624
鄶	9	部	0.9437
醅	1	醇	0.9740
醖	1	醍	0.9732
醵	7	鴉	0.9586
釴	19	銃	0.9479
鉳	3	純	0.9649
鋕	10	鋳	0.9595
鋬	1	墾	0.9652
鑃	5	錐	0.9692
鑅	0	繰	0.9696
锒	2	银	0.9911
锿	7	锁	0.9720
镔	4	镇	0.9740
閧	2	開	0.9725
阃	3	國	0.9467
阄	5	慢	0.9549
隃	1	險	0.9660
雟	3	奮	0.9696
颼	5	题	0.9536
飥	2	餅	0.9657
餈	3	餐	0.9746
餝	8	锁	0.9713
餺	4	館	0.9694
餼	7	録	0.9696
馋	4	像	0.9770
驽	4	澄	0.9689
骃	3	烟	0.9745
骎	3	窮	0.9666
鬛	2	急	0.9379
魣	3	衡	0.9628
鮣	0	御	0.9546
鮹	5	銷	0.9697
鯧	0	細	0.9596
鰉	4	籃	0.9758
鰔	6	鐵	0.9641
鰰	4	翻	0.9589
鲊	6	酢	0.9583
鲘	5	胎	0.9647
鲹	7	縫	0.9603
鴂	4	琉	0.9707
鵷	8	碳	0.9676
鷆	8	顯	0.9609
鷎	7	綿	0.9680
鸶	4	營	0.9541
鸹	3	憩	0.9715
鹆	6	鉛	0.9631
黶	1	壓	0.9666
鼡	1	猟	0.9603
伜	0	砕	0.9765
侩	0	会	0.9790
侹	3	倭	0.9715
倢	0	伟	0.9688
傯	2	億	0.9594
僩	0	們	0.9670
儈	1	會	0.9712
剕	1	啡	0.9649
剮	1	剛	0.9571
厍	0	库	0.9794
叆	10	發	0.9701
吖	2	印	0.9419
唪	7	捧	0.9728
啹	3	据	0.9644
噯	3	曖	0.9914
囟	1	纲	0.9680
囫	2	圆	0.9603
垲	4	距	0.9553
塆	2	填	0.9727
塏	10	璋	0.9674
墬	0	墜	0.9724
壒	1	培	0.9531
壖	5	瑞	0.9684
夒	4	曖	0.9484
奫	9	碳	0.9647
姵	2	佩	0.9719
娎	0	安	0.9615
娫	1	诞	0.9762
媓	6	煌	0.9756
媿	1	魂	0.9685
孻	0	儘	0.9627
寚	2	韋	0.9726
屙	2	阿	0.9551
屛	0	屏	0.9828
屨	4	層	0.9599
崳	3	喻	0.9726
崶	3	韩	0.9679
嶦	7	擔	0.9572
嶴	2	奧	0.9605
巙	5	曖	0.9614
帡	5	帳	0.9620
幵	0	于	0.9635
廒	2	威	0.9659
弳	4	懸	0.9505
慬	4	僅	0.9741
戗	2	轮	0.9547
抻	1	抽	0.9834
拺	2	疎	0.9691
挼	1	授	0.9724
掤	2	拥	0.9669
揈	8	擔	0.9630
揾	1	塩	0.9700
擻	1	數	0.9697
攖	0	接	0.9704
敔	0	敌	0.9799
昍	0	旧	0.9667
曧	2	霸	0.9641
枌	0	粉	0.9778
栜	4	林	0.9712
梂	2	标	0.9817
棆	2	槍	0.9736
棓	4	梓	0.9803
楦	3	桓	0.9780
樝	6	植	0.9789
樴	5	橙	0.9713
橓	13	礙	0.9753
檠	3	築	0.9754
櫧	2	儲	0.9780
欷	1	欲	0.9709
汏	1	汰	0.9894
泃	3	狗	0.9720
泇	0	洲	0.9651
洟	1	漢	0.9675
洿	0	夸	0.9677
浟	1	倣	0.9734
湞	3	潰	0.9802
溦	2	微	0.9830
滻	1	產	0.9659
炑	0	休	0.9757
焄	1	煮	0.9632
熳	6	慢	0.9806
牤	0	忙	0.9715
犇	6	辖	0.9633
狲	3	你	0.9528
猺	4	猿	0.9665
獯	1	簿	0.9577
玃	2	獲	0.9709
玅	2	妙	0.9691
珹	6	城	0.9892
琭	6	祿	0.9788
瑮	1	粟	0.9770
璸	11	璋	0.9784
甎	3	擲	0.9666
甝	2	起	0.9579
甭	5	庵	0.9663
畵	1	畫	0.9696
瘖	4	潰	0.9695
皦	4	艘	0.9614
皲	2	被	0.9709
眘	3	香	0.9690
硨	4	碑	0.9797
碆	2	婆	0.9658
祊	1	祈	0.9746
禚	5	樣	0.9736
簔	9	等	0.9638
簱	14	礙	0.9721
糭	4	磯	0.9665
絇	0	购	0.9588
絰	7	緯	0.9725
緼	14	編	0.9715
縭	15	礙	0.9660
纟	1	红	0.9347
绺	1	级	0.9753
罒	0	宀	0.8840
翈	3	曜	0.9623
翛	3	僑	0.9588
聨	2	聯	0.9733
聱	9	擎	0.9728
腙	4	腺	0.9721
舋	0	疊	0.9742
艨	6	翔	0.9687
艽	1	沈	0.9584
芚	1	屯	0.9650
芴	5	妨	0.9569
莳	8	摘	0.9745
萡	0	消	0.9691
葸	7	蘋	0.9653
蒌	2	装	0.9592
蓨	3	藩	0.9603
蕋	5	詩	0.9609
藨	2	薦	0.9681
虗	1	虐	0.9756
蝈	6	噸	0.9655
蝼	5	裝	0.9657
蟈	2	闽	0.9615
蟛	1	澎	0.9620
蟪	9	塘	0.9643
褰	2	赛	0.9814
詿	6	詩	0.9772
誆	2	割	0.9648
誚	1	請	0.9715
謜	9	顯	0.9643
譌	1	隱	0.9546
诮	0	请	0.9775
豋	0	登	0.9748
賔	2	厚	0.9639
赑	6	曖	0.9518
踫	4	碰	0.9665
蹀	8	蝶	0.9720
蹜	7	酷	0.9660
轔	2	麟	0.9559
釶	3	釧	0.9551
鋗	6	銷	0.9818
鍳	0	緊	0.9678
鏓	8	錫	0.9687
鏥	7	銷	0.9753
鐏	16	鎮	0.9780
钅	4	针	0.9557
钎	5	针	0.9707
铹	9	锁	0.9560
閙	3	開	0.9735
閪	1	閒	0.9759
閰	1	間	0.9867
靦	2	胴	0.9584
頏	0	頑	0.9814
饐	17	鎮	0.9646
饞	18	縛	0.9643
馐	3	維	0.9643
馺	6	駿	0.9613
駹	1	膨	0.9393
髕	10	贈	0.9702
魩	4	鮑	0.9544
鮡	2	跳	0.9576
鮰	6	銅	0.9605
鰒	5	鮑	0.9539
鱖	0	歌	0.9499
鲮	2	徴	0.9614
鳂	7	樋	0.9611
鳆	7	编	0.9565
鳓	1	勸	0.9587
鷚	1	懿	0.9609
龌	1	匯	0.9566
㖼	1	堺	0.9710
㚟	1	侵	0.9605
㚻	1	要	0.9733
㦃	7	握	0.9596
㫒	1	昇	0.9686
㫤	2	泉	0.9657
㮚	3	奧	0.9570
䗴	3	麟	0.9553
䱱	5	鲜	0.9544
䱵	3	纏	0.9579
䲢	4	騰	0.9721
丅	0	丁	0.9656
乀	0	久	0.9260
亍	1	于	0.9628
仉	0	仍	0.9572
仚	1	企	0.9480
仭	4	郑	0.9673
俍	1	很	0.9724
倀	2	俱	0.9740
倞	2	惊	0.9794
偰	16	礙	0.9652
僇	3	修	0.9628
僎	19	縛	0.9722
儅	1	僧	0.9730
儞	5	彌	0.9688
冃	0	貝	0.9452
冮	0	江	0.9800
剴	2	剖	0.9699
匭	1	腫	0.9616
卋	0	甘	0.9689
吥	1	怀	0.9718
哱	4	悼	0.9671
嗬	0	荷	0.9635
嘚	6	喉	0.9690
嘵	5	曉	0.9803
圫	2	托	0.9815
圴	2	均	0.9807
坫	2	苦	0.9566
垜	3	採	0.9761
埑	3	哲	0.9708
埦	9	婉	0.9793
埫	4	墙	0.9649
埰	4	採	0.9896
奼	0	妊	0.9761
娈	1	安	0.9820
娵	2	姻	0.9712
婓	0	斐	0.9654
嫈	3	姿	0.9680
嫰	6	嫩	0.9905
嫽	2	媒	0.9721
孊	2	納	0.9700
孬	4	嫁	0.9673
宬	1	成	0.9720
寉	2	崔	0.9687
尟	0	逻	0.9572
屇	0	届	0.9863
屘	1	濁	0.9555
屻	1	帆	0.9653
岕	1	芥	0.9783
崍	2	峽	0.9656
崕	8	峙	0.9588
嵖	4	崎	0.9666
嵭	6	幌	0.9649
嶅	3	啓	0.9720
巓	4	噂	0.9691
帗	2	拔	0.9692
帢	3	恰	0.9735
彍	6	擴	0.9836
忰	1	砕	0.9726
怍	0	作	0.9703
怤	0	悠	0.9697
怼	2	驱	0.9602
悾	4	懷	0.9663
愠	7	慢	0.9683
憒	0	憤	0.9828
戧	3	截	0.9710
扢	0	孝	0.9638
扥	3	托	0.9771
抌	2	枕	0.9724
抠	1	枢	0.9810
捔	3	确	0.9689
捽	0	蒋	0.9727
揜	3	捨	0.9739
搨	2	搞	0.9657
搽	0	搭	0.9790
摀	2	揚	0.9736
擐	3	環	0.9750
敫	3	敦	0.9806
敭	4	敦	0.9764
斁	0	散	0.9649
斅	4	鼓	0.9670
斲	5	潤	0.9630
斿	3	族	0.9774
旴	1	押	0.9694
昬	0	昏	0.9770
曀	6	晴	0.9660
曵	1	更	0.9679
枬	7	梯	0.9731
柗	5	検	0.9729
栿	2	株	0.9794
桲	5	梓	0.9804
梈	4	桓	0.9662
梺	1	森	0.9638
棼	0	焚	0.9725
楎	1	槽	0.9837
楬	2	揭	0.9754
檟	5	顆	0.9701
櫫	3	渠	0.9721
氆	1	違	0.9476
汯	4	法	0.9730
泜	2	纸	0.9756
洊	1	佑	0.9687
涬	2	注	0.9736
淍	10	调	0.9773
渰	10	涂	0.9688
溁	1	深	0.9761
漶	3	潟	0.9676
潩	3	澤	0.9784
澌	3	斯	0.9704
澙	4	潟	0.9857
澫	2	溥	0.9830
澭	3	淮	0.9582
瀠	2	潔	0.9790
灋	5	濃	0.9761
烋	1	体	0.9772
焏	1	緊	0.9625
焐	1	语	0.9710
焮	2	欣	0.9718
焴	1	剤	0.9680
煢	2	勞	0.9755
熞	3	煙	0.9779
燶	6	濃	0.9793
爀	10	碳	0.9640
爟	7	輝	0.9759
牸	4	苻	0.9751
猘	2	獅	0.9758
玚	0	场	0.9822
玡	0	芽	0.9640
玭	1	批	0.9843
玶	6	坪	0.9853
珖	3	张	0.9693
珤	2	牲	0.9698
琀	1	拾	0.9763
琄	4	捐	0.9713
瑇	12	璋	0.9695
瑲	2	搶	0.9822
瑺	7	蹄	0.9742
璙	9	棋	0.9686
瘘	2	殘	0.9602
癋	3	癖	0.9518
癭	2	嬰	0.9544
皕	6	暗	0.9608
皥	0	撮	0.9630
眕	1	診	0.9529
睎	4	賭	0.9650
矱	7	漫	0.9747
砑	1	研	0.9743
硴	5	碰	0.9709
碙	4	鋼	0.9732
碶	17	礙	0.9783
碹	3	檀	0.9691
磜	0	際	0.9691
禃	7	植	0.9763
秾	2	称	0.9763
穨	4	瀬	0.9720
窅	0	慣	0.9561
筢	0	範	0.9698
筭	10	等	0.9710
篊	2	簿	0.9789
籩	1	邊	0.9578
籹	3	效	0.9747
糁	3	慘	0.9587
糄	2	精	0.9701
糢	11	模	0.9879
紕	1	糾	0.9634
綖	2	诞	0.9677
緙	8	緯	0.9743
繮	4	纏	0.9566
纁	9	緯	0.9604
羓	3	把	0.9701
羼	1	廉	0.9633
胗	4	珍	0.9598
脁	0	胁	0.9601
脢	1	腾	0.9725
脧	1	胺	0.9698
膋	3	脅	0.9581
臠	7	變	0.9592
芰	2	安	0.9626
荜	2	毕	0.9664
荬	0	卖	0.9848
蓦	4	墓	0.9835
蓪	0	蓮	0.9654
蓺	1	藝	0.9613
蘘	2	襄	0.9778
虀	1	誓	0.9560
虿	3	蛋	0.9779
蛃	2	炳	0.9703
蜮	7	域	0.9770
蝤	7	酢	0.9671
螉	6	撥	0.9512
蠎	9	蝶	0.9634
袐	1	秘	0.9764
袾	3	株	0.9834
裄	8	桁	0.9789
裥	4	祠	0.9795
裿	3	椅	0.9804
褎	0	衰	0.9721
訄	4	鳩	0.9541
諟	4	誤	0.9686
諼	5	暖	0.9673
譭	0	識	0.9660
谳	2	献	0.9655
貙	1	號	0.9380
趖	1	遵	0.9638
踎	5	踏	0.9699
踟	3	聯	0.9690
踣	8	蹄	0.9722
踽	7	踊	0.9716
躂	6	键	0.9670
躒	6	樂	0.9677
軑	3	駄	0.9606
軺	2	甜	0.9622
輭	3	鞭	0.9700
轜	2	講	0.9673
轳	0	轨	0.9651
逦	0	廻	0.9467
遫	1	邀	0.9772
鈤	19	錦	0.9682
銍	18	鎮	0.9686
錻	3	硫	0.9622
鎅	3	鍛	0.9721
鎡	6	繊	0.9593
鏦	4	縦	0.9787
铓	8	错	0.9668
铩	3	孫	0.9699
镄	8	鎌	0.9647
閟	1	關	0.9791
閽	12	闇	0.9742
隑	1	障	0.9594
隺	4	奮	0.9630
雊	6	唯	0.9619
颃	2	颜	0.9742
颡	6	额	0.9770
颮	1	陶	0.9542
飮	3	飲	0.9791
饜	4	餐	0.9731
饣	0	让	0.9473
駃	3	駛	0.9776
騊	6	騎	0.9696
騠	3	疆	0.9546
骹	3	毀	0.9720
鬊	1	籌	0.9501
鬶	3	響	0.9530
鬷	7	撥	0.9644
魞	6	鮑	0.9346
鰼	9	網	0.9719
鱥	7	繊	0.9678
鲦	8	録	0.9723
鲬	8	踊	0.9754
鲴	12	騙	0.9604
鵒	7	鉛	0.9634
鵾	11	贈	0.9693
黈	9	摘	0.9687
黡	1	廃	0.9488
齁	11	駒	0.9547
齑	0	斎	0.9748
鿕	2	囗	0.9176
㖇	1	師	0.9673
㮙	8	檔	0.9698
㰒	9	檔	0.9687
㷧	5	腺	0.9629
䏟	6	胎	0.9613
䓛	1	曹	0.9600
䕶	3	裏	0.9594
䗛	2	峰	0.9626
䱷	3	慮	0.9547
丄	0	上	0.9634
丌	1	万	0.9476
丷	0	丶	0.9638
乇	1	氏	0.9523
乚	0	匕	0.9287
伲	4	妮	0.9672
佋	1	诏	0.9661
佷	2	很	0.9877
侌	1	会	0.9652
侫	2	俘	0.9624
僐	5	偉	0.9773
冓	2	曹	0.9676
冩	4	寫	0.9889
凊	2	清	0.9898
凩	1	风	0.9600
凴	3	究	0.9496
凼	0	函	0.9555
刧	2	劫	0.9785
剅	0	則	0.9606
匦	2	陶	0.9525
呣	2	野	0.9654
哟	1	购	0.9619
哧	0	协	0.9679
唦	2	抄	0.9614
啭	1	灌	0.9730
嗧	0	盜	0.9506
噉	1	敢	0.9681
噦	3	歲	0.9652
噼	13	艦	0.9698
圬	3	填	0.9653
垆	2	坊	0.9757
垿	2	粮	0.9717
埻	4	填	0.9759
夀	6	囊	0.9624
夋	3	竣	0.9721
奡	0	晨	0.9557
娖	7	娛	0.9726
娳	3	炳	0.9731
婤	3	腰	0.9739
媟	3	媒	0.9900
嬃	1	瓊	0.9575
嬭	3	稱	0.9595
嬾	2	賴	0.9779
宂	1	児	0.9468
尒	0	公	0.9450
尠	3	抄	0.9572
岏	1	听	0.9440
嵵	4	韩	0.9715
嶔	8	鉛	0.9633
嶬	3	割	0.9553
嶰	1	畔	0.9498
巃	10	龍	0.9854
巜	0	巛	0.9592
彚	0	彙	0.9792
彣	1	义	0.9554
徃	1	往	0.9725
徸	1	催	0.9718
怃	1	抚	0.9641
怔	0	征	0.9694
怫	1	佛	0.9762
恝	0	恐	0.9631
悋	1	喀	0.9689
惛	4	婚	0.9720
慼	4	感	0.9748
戫	4	碱	0.9719
抦	4	柄	0.9756
拕	0	花	0.9728
挍	1	校	0.9760
揵	0	建	0.9681
搋	8	握	0.9646
摅	7	據	0.9723
擣	5	攜	0.9571
擸	5	擬	0.9729
敳	5	敦	0.9721
斮	4	斯	0.9651
旹	1	昔	0.9811
暟	7	暗	0.9546
曅	2	畢	0.9581
曚	7	場	0.9605
曡	1	疊	0.9673
曮	1	嚴	0.9589
杧	1	村	0.9813
杻	8	桿	0.9744
枟	6	梓	0.9778
枴	4	杭	0.9711
枿	10	棋	0.9684
栊	2	械	0.9703
桛	5	杆	0.9772
桮	9	桁	0.9672
梉	8	梯	0.9736
梫	12	榎	0.9728
梲	2	稅	0.9846
椡	0	倒	0.9685
楜	0	糊	0.9813
榚	2	样	0.9744
榰	0	稽	0.9735
榼	4	椅	0.9700
槫	0	樽	0.9764
樔	10	棒	0.9740
樧	3	梭	0.9740
橖	6	樣	0.9790
橤	1	榮	0.9460
檡	3	構	0.9807
櫳	12	鹤	0.9707
歬	0	舟	0.9629
氅	10	擎	0.9537
氇	3	遣	0.9428
汦	3	纸	0.9732
沕	4	汤	0.9566
泒	0	狐	0.9767
泿	2	浪	0.9896
洳	0	如	0.9746
浥	4	涅	0.9668
涢	12	淀	0.9732
湑	4	婿	0.9789
湴	0	並	0.9671
滈	4	滴	0.9779
滟	2	挽	0.9641
潖	3	滝	0.9655
潚	0	肅	0.9702
潡	8	激	0.9848
潲	2	稍	0.9803
濍	3	潔	0.9600
灠	5	潟	0.9664
烉	2	饮	0.9563
烚	4	恰	0.9727
焲	0	液	0.9753
燋	7	煌	0.9648
爼	2	矩	0.9516
狝	4	你	0.9672
猄	0	涼	0.9764
猓	6	猴	0.9710
獃	0	獣	0.9696
獦	5	猿	0.9774
獳	7	漂	0.9612
玀	4	獨	0.9623
玝	7	许	0.9738
珫	0	莽	0.9685
琠	7	増	0.9696
琱	11	调	0.9720
瑴	4	設	0.9732
璂	2	壌	0.9730
璛	8	擇	0.9683
瓖	6	壤	0.9847
甓	2	壁	0.9671
疬	1	烷	0.9571
痀	4	殉	0.9761
瘐	3	就	0.9609
瘵	2	察	0.9788
癔	4	湯	0.9600
皁	0	卓	0.9776
皤	4	播	0.9629
盌	1	盈	0.9574
盨	2	監	0.9509
盻	7	跨	0.9596
眴	2	詢	0.9631
睒	1	聡	0.9470
瞟	3	聽	0.9597
矞	1	裔	0.9707
矻	1	优	0.9528
硎	3	刷	0.9676
礀	7	铜	0.9563
礌	5	衛	0.9647
礑	6	衛	0.9713
礻	1	补	0.9561
祤	7	翔	0.9632
祫	5	恰	0.9764
祾	10	稜	0.9834
秌	4	秩	0.9741
穝	2	稲	0.9723
竉	2	寵	0.9917
竰	12	駒	0.9612
竴	0	爵	0.9681
笤	3	潜	0.9634
笩	1	代	0.9540
笯	1	发	0.9699
筡	1	答	0.9741
簌	15	鉄	0.9681
簝	2	滾	0.9666
籜	7	犠	0.9734
籣	1	簡	0.9766
粔	3	粮	0.9830
粜	2	莱	0.9754
粭	4	叙	0.9674
糘	7	稼	0.9868
糹	1	紅	0.9530
絙	15	編	0.9665
綀	4	練	0.9864
緃	7	絞	0.9712
縚	6	綬	0.9761
繅	11	發	0.9667
繦	13	鹤	0.9735
纇	5	額	0.9763
绡	4	缩	0.9699
缒	5	綻	0.9503
羝	5	抵	0.9602
耑	2	端	0.9629
耠	2	拾	0.9758
胅	1	肢	0.9717
脔	3	擦	0.9698
腠	2	胺	0.9738
舡	5	琉	0.9574
茝	3	苦	0.9523
荈	0	舛	0.9713
荌	3	安	0.9714
荛	1	葬	0.9630
莩	1	著	0.9684
菎	5	葛	0.9673
菿	1	制	0.9688
萆	2	革	0.9705
萓	1	直	0.9644
葇	0	柔	0.9709
蒓	4	純	0.9601
蓐	3	辱	0.9704
蓚	4	修	0.9643
蓢	3	萌	0.9675
蔿	3	薦	0.9557
蕕	1	樽	0.9724
薅	3	渡	0.9658
藴	8	綿	0.9696
螵	4	聽	0.9697
螾	10	塘	0.9708
蟊	2	濁	0.9628
蟶	2	畔	0.9531
蠋	7	擴	0.9602
蠐	1	劑	0.9651
褞	4	榴	0.9739
襃	1	褒	0.9673
襍	6	傑	0.9712
觌	4	舰	0.9665
訒	3	凱	0.9488
詖	0	披	0.9593
諠	2	請	0.9772
讋	2	誓	0.9647
讠	1	让	0.9558
诌	6	得	0.9656
诓	2	到	0.9708
谰	5	祠	0.9732
賙	12	调	0.9602
跅	4	谓	0.9665
跴	9	踊	0.9653
踘	4	赖	0.9663
踮	4	堤	0.9677
踯	8	樋	0.9698
踼	8	場	0.9685
蹛	4	醒	0.9712
躔	13	騙	0.9585
輙	0	諏	0.9582
逈	1	迴	0.9744
逭	1	追	0.9818
郚	5	郭	0.9733
郠	1	那	0.9602
鄎	7	鄂	0.9677
鄡	6	郭	0.9739
鄤	8	鄂	0.9740
鄪	3	鄭	0.9671
酓	4	禽	0.9685
酴	6	瑜	0.9653
釬	8	針	0.9738
鍜	4	鍛	0.9803
鍝	20	錦	0.9797
鎕	11	鋳	0.9721
鏱	19	鎮	0.9806
鏳	17	鑑	0.9754
鐄	6	鐘	0.9749
鐇	7	鐘	0.9695
鐦	5	鋼	0.9767
鑵	21	錦	0.9760
钂	18	鑑	0.9670
钘	6	铁	0.9608
钲	0	证	0.9689
铫	1	銚	0.9745
锘	9	错	0.9753
锳	2	缺	0.9621
锸	9	锦	0.9797
镴	3	獵	0.9666
閫	2	岡	0.9652
霬	7	翼	0.9686
鞁	7	糖	0.9639
鞥	0	輪	0.9651
韐	2	論	0.9615
頀	6	護	0.9791
頇	0	預	0.9768
頦	3	頻	0.9730
餻	20	鎮	0.9633
饔	5	餐	0.9700
饢	3	儀	0.9619
駼	3	験	0.9802
騞	7	静	0.9646
骺	4	配	0.9599
髞	4	操	0.9516
鬰	2	鬱	0.9763
魒	14	艦	0.9536
魓	7	觀	0.9452
鮄	4	駛	0.9535
鮋	0	触	0.9653
鯆	6	舗	0.9715
鯈	5	像	0.9706
鯏	9	樋	0.9646
鯗	11	驚	0.9605
鰆	2	確	0.9714
鰣	15	艦	0.9579
鰽	10	礦	0.9623
鱓	7	縄	0.9618
鲔	3	確	0.9692
鳘	11	擎	0.9680
鳛	3	躍	0.9699
鳫	1	扉	0.9583
鷈	2	隱	0.9453
鷭	2	鶏	0.9691
鸐	4	鶴	0.9724
鸑	11	鷲	0.9637
鹾	4	課	0.9614
麃	1	塵	0.9634
麤	4	廳	0.9550
黿	12	鳴	0.9581
鼗	5	設	0.9606
鼙	6	撃	0.9716
㑹	2	會	0.9611
㣚	1	但	0.9679
㥄	0	歧	0.9566
㥽	4	慎	0.9802
㩦	2	博	0.9685
㰘	11	棒	0.9653
㺑	5	修	0.9520
㻗	4	輩	0.9509
䏡	5	既	0.9520
䏲	3	期	0.9669
䐶	5	騰	0.9599
䡄	1	動	0.9562
䧺	2	雄	0.9763
䰢	3	砲	0.9509
䳏	1	臼	0.9614
䴈	10	顯	0.9674
䴘	4	尉	0.9565
䴙	14	鹤	0.9672
丠	2	北	0.9802
亼	0	人	0.9628
仛	2	任	0.9672
伥	6	依	0.9781
伬	0	沢	0.9689
伱	0	伦	0.9569
佂	1	征	0.9720
佮	6	恰	0.9775
倛	2	傳	0.9721
偆	0	佈	0.9745
偬	3	隧	0.9617
偾	6	傍	0.9787
傔	9	鎌	0.9711
傴	2	僧	0.9618
僡	3	傳	0.9668
儛	0	舞	0.9648
儵	4	僑	0.9600
兟	6	勝	0.9585
冝	0	宜	0.9786
冦	1	寇	0.9833
凾	1	函	0.9531
刓	1	灯	0.9640
刭	2	剤	0.9724
刲	1	卦	0.9639
剗	1	裴	0.9534
勠	1	廖	0.9388
卄	1	廿	0.9742
卆	0	杂	0.9670
卺	1	紀	0.9488
厎	0	底	0.9805
厯	0	歴	0.9787
呇	0	否	0.9629
呍	4	坛	0.9663
咼	0	晶	0.9535
唻	2	权	0.9683
喏	3	端	0.9657
喞	2	啡	0.9539
嗮	2	岬	0.9627
嘁	5	碱	0.9715
嘡	2	常	0.9621
嘥	1	蹤	0.9601
噥	0	農	0.9653
嚓	4	擦	0.9756
嚗	3	爆	0.9718
嚧	4	爐	0.9602
囵	4	國	0.9632
垾	2	埠	0.9839
埆	1	触	0.9686
埌	3	良	0.9618
堨	3	揭	0.9826
堮	13	璋	0.9681
塅	2	搜	0.9781
塰	12	擎	0.9556
墎	8	都	0.9665
墦	5	播	0.9899
墹	5	距	0.9465
墼	1	舉	0.9632
壄	6	橙	0.9639
夐	4	复	0.9635
奀	1	奕	0.9638
奰	2	喫	0.9571
妘	3	好	0.9778
婻	9	嫡	0.9733
嫑	7	撃	0.9649
嫠	3	婆	0.9714
孆	0	櫻	0.9796
岠	3	印	0.9531
岹	0	昭	0.9678
峧	1	歧	0.9601
崈	0	守	0.9553
崦	2	掩	0.9698
崿	7	噸	0.9643
嶁	4	哺	0.9399
嶕	7	唯	0.9576
巎	7	曖	0.9584
巠	0	率	0.9536
幬	7	幌	0.9579
弆	0	弃	0.9681
弶	2	踪	0.9671
徛	7	骑	0.9706
忄	1	忙	0.9337
悺	3	惜	0.9722
惪	1	惠	0.9552
愰	5	惯	0.9738
慆	3	憶	0.9651
慙	2	暫	0.9636
懴	4	聯	0.9621
戋	0	戈	0.9546
戽	2	扉	0.9675
扽	3	持	0.9700
抆	0	技	0.9759
挻	2	艇	0.9738
捥	10	婉	0.9817
揠	1	堰	0.9812
擞	1	数	0.9756
擤	6	攜	0.9633
擵	8	據	0.9703
擿	10	樋	0.9705
敶	0	陳	0.9677
斈	1	孝	0.9696
斠	9	擇	0.9660
昄	1	坂	0.9827
昛	6	距	0.9751
昢	9	蹄	0.9559
昷	3	置	0.9502
晫	3	埠	0.9626
暭	5	賭	0.9685
曕	13	鳴	0.9600
朅	4	揭	0.9801
杅	6	杆	0.9934
杇	2	朽	0.9885
杋	3	机	0.9864
枧	5	视	0.9847
柧	0	抓	0.9655
栘	2	移	0.9796
栧	9	梯	0.9750
桾	10	梯	0.9773
梮	3	楊	0.9610
梴	6	椒	0.9676
棁	0	税	0.9877
椗	12	模	0.9769
椨	0	府	0.9726
楒	5	標	0.9785
楧	11	梯	0.9706
榍	13	榎	0.9738
榥	13	模	0.9763
榲	5	榴	0.9776
榿	10	檔	0.9767
櫔	11	礦	0.9623
櫤	4	橋	0.9676
櫶	11	檔	0.9704
欬	4	恢	0.9454
欻	3	款	0.9576
歘	4	款	0.9647
歜	3	歇	0.9742
殹	6	設	0.9614
毦	6	抵	0.9611
氊	6	擅	0.9399
汸	2	沪	0.9713
泔	1	湛	0.9748
泙	3	汗	0.9753
浕	0	泥	0.9589
涘	1	矣	0.9695
滍	2	演	0.9724
漙	3	溥	0.9785
漭	4	湊	0.9785
潋	9	激	0.9686
潏	2	涌	0.9731
澋	8	漂	0.9797
澴	5	湿	0.9817
灩	8	縄	0.9471
焠	8	烯	0.9774
焢	2	焼	0.9672
煑	2	象	0.9527
熤	11	燈	0.9570
爇	0	熱	0.9658
爫	5	減	0.9318
狖	0	狄	0.9602
狫	3	猪	0.9787
狺	4	猜	0.9628
猡	4	狼	0.9546
玜	4	訟	0.9692
琁	6	裝	0.9680
琑	9	销	0.9741
瑎	0	瑠	0.9721
瑸	14	璋	0.9804
璚	10	踊	0.9734
璺	4	疆	0.9615
甃	1	瓷	0.9670
畄	4	泊	0.9507
痎	0	该	0.9697
痷	6	庵	0.9806
瘣	3	蔵	0.9708
瘳	2	廖	0.9784
瘼	2	遵	0.9616
癃	4	隧	0.9628
皀	0	尾	0.9373
睃	2	唆	0.9726
睟	0	醉	0.9720
瞅	6	腺	0.9665
瞫	0	聞	0.9662
砩	1	牌	0.9690
硗	2	烧	0.9662
硭	5	碟	0.9735
碪	4	確	0.9693
磈	2	魂	0.9709
磵	8	铜	0.9515
磹	2	醇	0.9679
礜	0	譽	0.9775
稡	6	粹	0.9911
稭	2	程	0.9754
窊	0	孕	0.9538
窬	4	綱	0.9618
箅	1	算	0.9696
箨	6	锋	0.9817
簏	1	麓	0.9689
簹	5	管	0.9821
粃	4	粮	0.9722
粝	2	栃	0.9716
粩	1	粒	0.9783
糈	1	稽	0.9768
糨	7	橙	0.9691
絷	3	繋	0.9657
絺	5	縦	0.9724
緈	10	緯	0.9692
緍	5	婚	0.9717
緗	1	細	0.9776
縕	0	紹	0.9662
縡	11	緯	0.9780
繐	20	縛	0.9693
繢	2	續	0.9843
缊	5	缩	0.9694
缾	3	缺	0.9730
罝	1	宜	0.9640
罣	1	聖	0.9537
罸	5	謂	0.9691
翆	8	學	0.9534
胊	3	胞	0.9742
胲	4	刻	0.9661
脒	7	煤	0.9662
脗	1	腹	0.9663
脤	2	脈	0.9693
脰	7	腺	0.9693
腖	2	勅	0.9721
膥	1	窗	0.9604
臶	2	诺	0.9669
舥	0	肥	0.9714
舭	8	臟	0.9606
舻	5	航	0.9785
芐	1	守	0.9682
芠	4	安	0.9658
苝	1	花	0.9636
茇	3	英	0.9716
茖	0	茎	0.9639
茷	1	奸	0.9693
荗	3	茂	0.9855
莋	1	在	0.9693
莕	2	吞	0.9758
莙	0	碁	0.9735
莛	1	莲	0.9711
莸	1	获	0.9766
葂	0	勉	0.9627
葅	8	植	0.9669
蒈	6	菩	0.9680
蒧	4	蔵	0.9739
蒾	1	速	0.9695
蓏	6	弧	0.9445
蓰	4	纬	0.9670
蔲	2	寇	0.9615
蕒	1	實	0.9801
藳	3	掌	0.9622
藾	3	賴	0.9764
蘰	4	綜	0.9656
虖	2	虐	0.9636
虩	2	號	0.9634
虮	2	旭	0.9626
虷	2	扣	0.9682
蚳	1	低	0.9589
蜋	8	域	0.9700
蜺	5	駛	0.9573
蝳	7	攜	0.9649
螄	2	帽	0.9534
螘	3	蹟	0.9598
螜	4	蜜	0.9747
蠓	5	製	0.9601
蠙	4	蹟	0.9743
衤	2	补	0.9525
褭	3	募	0.9662
襜	14	榎	0.9594
觕	4	确	0.9783
觖	2	猟	0.9638
觱	4	脅	0.9593
觳	3	厳	0.9687
訚	0	司	0.9554
訞	0	妖	0.9644
誧	3	講	0.9578
誶	2	碎	0.9652
謅	5	證	0.9536
謤	7	譜	0.9652
謦	1	警	0.9697
诎	1	础	0.9675
诶	1	埃	0.9686
谂	5	验	0.9610
貐	0	逾	0.9547
賕	6	賭	0.9693
賫	0	賛	0.9775
贶	1	呪	0.9701
趫	0	超	0.9778
跂	5	鼓	0.9719
跼	4	顕	0.9550
跽	2	熙	0.9527
踔	7	距	0.9688
蹿	11	踊	0.9652
躭	1	抗	0.9658
躼	1	联	0.9724
軏	1	軌	0.9772
軕	0	軸	0.9585
軿	0	耕	0.9605
辠	0	皇	0.9688
邆	12	發	0.9687
邐	0	邏	0.9543
鄋	9	鄂	0.9654
鄑	10	鄂	0.9749
鄬	0	郁	0.9502
酏	4	牠	0.9680
酖	1	规	0.9569
釪	9	針	0.9723
鈡	5	錬	0.9701
鈵	9	録	0.9728
錍	22	錦	0.9788
錥	8	銷	0.9759
錱	8	鐘	0.9485
鍉	9	鉛	0.9701
鎷	4	鑼	0.9688
鎺	11	樋	0.9656
鑴	23	錦	0.9671
钁	6	鎖	0.9691
闚	9	闘	0.9773
陴	0	隅	0.9745
隟	3	醸	0.9609
隩	4	奧	0.9660
霤	4	霍	0.9659
靆	8	撥	0.9697
鞔	8	静	0.9735
韉	4	體	0.9491
韺	1	辯	0.9659
頞	0	類	0.9776
顢	2	醍	0.9695
餍	4	辱	0.9586
餜	9	裸	0.9782
餠	3	餅	0.9841
餢	5	館	0.9745
馛	11	稜	0.9694
騃	7	駿	0.9713
髳	1	髮	0.9722
鮞	2	緬	0.9577
鯭	8	鯨	0.9578
鯿	12	礦	0.9658
鰮	19	鑑	0.9554
鱄	0	衝	0.9613
鱆	9	鯨	0.9733
鱊	10	鯨	0.9631
鱏	4	觸	0.9728
鱻	0	篇	0.9469
鲃	2	鲍	0.9631
鲋	5	谢	0.9610
鲐	1	渔	0.9665
鲕	3	緬	0.9625
鲩	3	魂	0.9611
鳒	10	鎌	0.9811
鵂	6	像	0.9711
鵆	3	億	0.9638
鵓	4	憩	0.9671
鶍	14	鳴	0.9606
鶤	10	鴨	0.9696
鶸	3	寵	0.9628
鶹	10	網	0.9666
鷳	6	鵬	0.9535
鷿	12	鷲	0.9691
鸏	2	翡	0.9581
鹖	11	網	0.9607
鹴	15	鹤	0.9687
麰	4	綾	0.9513
黾	1	骨	0.9618
鼊	4	寵	0.9690
㕎	5	層	0.9551
㝉	1	宀	0.9450
㞎	1	届	0.9503
㞞	3	履	0.9717
㠯	0	曰	0.9776
㧑	2	动	0.9695
㮵	4	雅	0.9628
㺭	4	打	0.9567
㼅	7	壤	0.9717
䆀	0	糧	0.9663
䇹	7	得	0.9621
䗉	6	唱	0.9653
䗩	3	闽	0.9583
䰟	0	冕	0.9540
䴥	6	層	0.9621
丩	1	叫	0.9554
亖	0	三	0.9529
亷	2	廉	0.9898
亸	0	弹	0.9710
伹	2	但	0.9637
佀	1	倡	0.9759
佹	1	危	0.9635
侉	3	僚	0.9809
俢	6	修	0.9780
俰	3	和	0.9707
偀	3	猎	0.9695
偘	1	侶	0.9666
傃	1	係	0.9661
傛	3	裕	0.9721
僄	6	標	0.9694
僨	0	債	0.9838
僾	0	優	0.9665
僿	4	儀	0.9677
儐	1	債	0.9686
冎	4	垣	0.9461
刵	0	抑	0.9699
剀	3	到	0.9620
剞	3	剖	0.9736
剺	12	燈	0.9617
劁	3	應	0.9640
勑	3	勅	0.9700
勼	3	欣	0.9591
匤	1	匡	0.9877
厾	0	承	0.9641
叺	2	呎	0.9514
呄	0	爭	0.9588
呒	0	玩	0.9649
呓	0	挖	0.9604
呖	2	励	0.9665
呙	1	吊	0.9615
呬	0	四	0.9609
咈	0	胡	0.9629
咊	3	桥	0.9723
咜	9	蛇	0.9691
咟	7	唱	0.9770
咣	3	咲	0.9651
哞	3	搖	0.9643
唓	5	哺	0.9727
唫	4	喻	0.9620
啚	1	高	0.9546
嗖	5	顕	0.9624
嗛	5	嫌	0.9755
嗳	6	暖	0.9764
噐	1	需	0.9642
噙	7	瑜	0.9674
噚	1	譚	0.9652
嚅	2	需	0.9738
嚚	3	需	0.9643
嚜	3	墨	0.9629
嚞	2	嘉	0.9583
嚡	1	鞋	0.9671
嚩	21	縛	0.9637
嚻	1	臨	0.9540
囔	2	嘆	0.9692
圇	3	岡	0.9424
圡	0	士	0.9663
坋	4	扮	0.9739
坮	1	怡	0.9663
坰	7	响	0.9682
垙	4	张	0.9668
垳	8	许	0.9724
埖	7	坪	0.9712
堧	2	堺	0.9630
堽	8	増	0.9750
塝	6	琉	0.9724
塨	0	恭	0.9723
墥	11	撞	0.9862
壪	2	頸	0.9499
夆	0	圣	0.9598
夑	4	婆	0.9636
奤	2	裔	0.9607
奯	8	繊	0.9608
奵	4	好	0.9812
妸	2	柯	0.9746
姧	2	奸	0.9714
娙	8	漫	0.9664
娬	3	賦	0.9684
媠	14	婦	0.9787
媮	8	瑜	0.9763
媸	1	蛍	0.9637
嫃	15	婦	0.9772
嫒	7	媛	0.9866
嬟	6	嫌	0.9780
孭	1	預	0.9798
宷	1	菜	0.9808
寁	7	囊	0.9602
寕	2	寓	0.9576
寜	1	寧	0.9754
岧	2	岩	0.9685
岼	8	坪	0.9718
峐	5	刻	0.9733
崌	8	幅	0.9650
崒	1	卒	0.9718
嵂	4	搖	0.9631
嶓	0	幡	0.9804
嶟	5	噂	0.9758
巄	4	剖	0.9532
巗	1	蝦	0.9584
巤	4	獵	0.9629
帋	1	昏	0.9657
帻	8	幌	0.9712
庱	0	废	0.9573
庳	2	庫	0.9750
庼	1	顾	0.9689
廎	1	順	0.9704
廧	2	磨	0.9632
弎	2	式	0.9400
彄	2	區	0.9646
恮	5	座	0.9646
悢	6	恨	0.9848
悭	1	坚	0.9628
慓	7	標	0.9705
憘	5	情	0.9767
憟	0	懐	0.9750
憯	5	潛	0.9631
憼	2	豫	0.9664
懨	3	臓	0.9552
戠	3	战	0.9729
戭	5	戦	0.9762
戱	3	戲	0.9805
扌	2	扑	0.9608
扐	2	功	0.9717
扙	1	技	0.9783
扤	2	抗	0.9711
抳	6	既	0.9713
挊	4	持	0.9737
挐	8	撃	0.9694
掫	1	撮	0.9671
揷	0	插	0.9868
搯	3	揺	0.9821
搳	2	推	0.9795
搿	3	摇	0.9730
摳	10	摘	0.9658
撟	5	橋	0.9747
擏	2	撤	0.9814
擳	3	推	0.9681
攰	0	边	0.9559
昡	6	弦	0.9773
昽	4	賊	0.9742
晬	3	碎	0.9728
暍	5	喝	0.9886
暤	7	賭	0.9723
曛	5	聽	0.9602
朳	4	机	0.9647
杍	7	杆	0.9816
杘	1	床	0.9759
枛	1	抓	0.9673
柅	7	恨	0.9709
柍	2	枝	0.9818
桭	5	粮	0.9730
梀	3	棟	0.9894
梜	6	俠	0.9738
棅	4	棟	0.9775
棖	5	椿	0.9733
棯	1	检	0.9792
棳	8	橙	0.9668
椐	12	梯	0.9719
椬	9	植	0.9869
楇	0	禍	0.9782
榅	10	植	0.9773
榣	12	棒	0.9725
槏	13	梯	0.9751
槔	13	棒	0.9789
槜	2	権	0.9711
樖	2	愈	0.9668
橒	8	標	0.9724
檃	4	渠	0.9697
檋	1	横	0.9784
檝	6	榴	0.9749
檦	2	劑	0.9637
櫑	2	横	0.9699
櫡	3	権	0.9802
欈	12	檔	0.9766
欵	4	歇	0.9659
欶	8	煤	0.9725
歅	0	歡	0.9709
殑	2	烷	0.9662
沋	2	犹	0.9695
沺	6	畑	0.9723
泑	2	幼	0.9728
泩	3	注	0.9819
洈	0	泡	0.9621
洐	1	行	0.9742
洢	0	伊	0.9667
洴	3	洋	0.9745
浰	3	称	0.9733
涴	11	婉	0.9752
淰	1	念	0.9580
湠	1	渉	0.9671
溂	1	渕	0.9716
滊	1	氣	0.9773
滠	9	漫	0.9768
漊	4	棲	0.9651
潆	9	漂	0.9729
濋	4	潜	0.9706
濔	6	彌	0.9622
瀜	5	瀬	0.9715
灧	9	縄	0.9450
灱	1	历	0.9611
炌	0	阶	0.9647
炗	4	英	0.9614
炡	2	灯	0.9670
煆	3	胺	0.9714
煓	4	端	0.9731
煝	1	腊	0.9732
熛	4	煙	0.9705
燀	8	輝	0.9701
燆	18	礙	0.9691
燚	5	談	0.9611
爁	5	濫	0.9696
牱	3	柯	0.9765
牿	3	牲	0.9731
犟	5	蜜	0.9679
犮	0	友	0.9825
犵	3	犹	0.9596
狦	1	猫	0.9584
狯	11	涂	0.9700
猋	3	袭	0.9773
猔	1	狩	0.9824
獚	3	獲	0.9692
獢	7	猴	0.9632
獮	7	彌	0.9624
玍	0	午	0.9759
玵	1	珀	0.9810
玿	0	招	0.9807
珌	2	泌	0.9691
琓	2	境	0.9665
瑃	6	椿	0.9729
瑥	5	垣	0.9723
瑹	6	碟	0.9647
瓉	15	璋	0.9780
瓞	3	脈	0.9580
瓲	2	她	0.9627
畓	0	备	0.9638
疢	0	灾	0.9706
疪	5	庇	0.9804
疿	3	廉	0.9742
瘥	3	摩	0.9705
癀	1	廣	0.9773
癿	1	乱	0.9579
盋	2	盗	0.9638
眊	3	拥	0.9527
睄	8	暗	0.9759
睆	1	暁	0.9681
睔	3	論	0.9664
睩	5	揭	0.9695
矔	4	瞳	0.9777
矰	1	短	0.9778
矴	3	碩	0.9561
矺	4	硫	0.9579
砗	5	苻	0.9693
硜	1	徑	0.9595
硦	5	雅	0.9634
硪	1	俄	0.9681
碯	1	腦	0.9726
磎	8	媛	0.9723
磤	19	礙	0.9778
磪	5	確	0.9775
磽	7	衛	0.9624
磿	3	曆	0.9870
礿	0	构	0.9707
祲	15	榎	0.9720
祳	7	禄	0.9741
禌	1	磁	0.9742
禘	7	棉	0.9742
秊	0	季	0.9782
秔	5	杭	0.9785
穚	6	橋	0.9869
穭	5	穫	0.9710
窆	1	穷	0.9603
窭	4	義	0.9510
笀	1	笠	0.9623
笱	3	简	0.9617
筜	2	怎	0.9566
筳	3	錢	0.9658
筼	1	负	0.9634
篢	0	貸	0.9738
篸	1	參	0.9628
簦	5	澄	0.9680
籘	20	礙	0.9644
籵	8	杆	0.9767
粇	6	杭	0.9789
粬	1	粗	0.9686
紩	7	铁	0.9718
絖	8	絞	0.9683
絚	1	總	0.9560
綧	5	綜	0.9758
緁	4	繞	0.9613
緌	4	倭	0.9665
繄	8	繫	0.9765
纊	5	纏	0.9737
绁	5	纯	0.9642
绋	6	纯	0.9646
绨	9	綿	0.9727
绲	6	缩	0.9685
绻	6	统	0.9554
缍	3	鍾	0.9585
缡	13	發	0.9588
缱	6	綻	0.9705
缳	3	縣	0.9660
罎	3	儒	0.9600
羃	3	覆	0.9687
翖	7	銅	0.9646
翜	4	葵	0.9670
耉	1	省	0.9599
聦	2	聡	0.9743
肭	7	脑	0.9711
胐	2	础	0.9641
脎	1	胶	0.9693
脞	2	胜	0.9730
腍	1	殿	0.9637
臝	4	贏	0.9704
臞	6	騰	0.9644
舣	2	成	0.9656
艭	9	臟	0.9622
芺	2	芙	0.9626
苁	2	汰	0.9432
苙	2	守	0.9559
荂	3	拳	0.9658
莰	0	茨	0.9579
萮	4	输	0.9647
萴	6	谢	0.9655
葴	5	蔵	0.9796
葹	1	施	0.9648
蒄	0	冠	0.9565
蒉	2	贵	0.9662
蒮	1	幕	0.9685
蓧	2	條	0.9666
蓯	2	萩	0.9546
蔄	5	韩	0.9594
蔪	1	蒲	0.9774
蔯	1	陳	0.9720
薆	1	愛	0.9619
薝	3	詹	0.9693
藂	2	栽	0.9715
虭	2	切	0.9667
虵	1	地	0.9743
蚑	2	歧	0.9771
蚰	2	帕	0.9686
蛥	2	够	0.9440
蛲	2	晓	0.9706
蛴	0	谋	0.9698
蝂	6	卿	0.9650
蝃	5	裁	0.9631
蝚	0	隸	0.9730
蝜	4	埠	0.9682
蝝	9	據	0.9717
蝯	4	援	0.9734
蟧	5	聯	0.9598
蠏	5	難	0.9548
蠽	4	騒	0.9606
衁	1	孟	0.9630
袮	4	称	0.9754
裀	4	烟	0.9743
裇	10	桁	0.9642
裪	7	拘	0.9642
裭	10	據	0.9635
裯	8	翔	0.9615
褀	11	棋	0.9807
褉	3	豫	0.9742
褕	5	输	0.9777
覔	0	貿	0.9583
觏	8	觀	0.9600
觽	7	騰	0.9614
訬	2	紗	0.9653
詇	3	映	0.9634
詟	5	塾	0.9596
誎	3	辣	0.9795
諑	3	家	0.9448
譼	0	豊	0.9558
讘	6	謂	0.9633
诐	2	波	0.9824
豀	9	絞	0.9694
豅	12	網	0.9669
貎	3	貌	0.9758
貤	5	牠	0.9668
貭	1	盾	0.9685
贠	2	负	0.9635
赙	8	擴	0.9682
赬	6	瀬	0.9751
趌	4	趙	0.9760
趍	1	逻	0.9552
趩	2	遇	0.9672
趯	3	逼	0.9693
趲	3	遺	0.9577
跍	2	貼	0.9731
跞	3	踪	0.9629
踈	3	疎	0.9773
踕	1	捷	0.9678
踠	3	腕	0.9739
踭	12	踊	0.9731
踺	7	键	0.9673
蹏	2	瞬	0.9635
蹰	10	闘	0.9595
躕	16	艦	0.9632
躥	12	贈	0.9639
輄	2	甥	0.9633
輈	8	駐	0.9689
輥	0	輯	0.9747
轪	3	妹	0.9760
辌	5	掠	0.9696
辧	1	辦	0.9896
迕	1	迁	0.9634
迵	2	迴	0.9790
逨	0	迷	0.9769
逴	2	違	0.9796
邅	4	遣	0.9675
邔	0	陀	0.9604
邟	2	廊	0.9670
郲	5	柄	0.9640
鄅	13	郡	0.9784
鄛	4	鄭	0.9719
鄷	11	鄂	0.9622
鄹	9	都	0.9661
酼	5	硫	0.9776
醄	5	酶	0.9734
醊	6	裁	0.9603
醎	6	碱	0.9733
醘	1	酔	0.9583
醾	4	醸	0.9722
釖	4	釧	0.9652
釚	5	釧	0.9654
釡	2	釜	0.9733
釻	2	執	0.9605
鈜	2	鉱	0.9762
鈩	3	鉱	0.9574
鉁	2	診	0.9540
鉌	0	稣	0.9676
鉶	6	釧	0.9661
鉽	3	试	0.9593
銒	20	銃	0.9647
銤	7	樂	0.9652
鋈	3	釜	0.9555
錁	6	錬	0.9761
錏	20	鑑	0.9648
鏆	7	鎖	0.9754
鏣	21	鑑	0.9589
鏧	1	盛	0.9568
鏼	5	鍛	0.9668
鐍	12	舒	0.9737
鑈	8	彌	0.9647
鑕	8	鎖	0.9813
鑱	3	鏡	0.9662
钔	2	傾	0.9730
钖	10	锁	0.9679
铗	8	铁	0.9733
铦	10	错	0.9730
锓	5	镇	0.9734
锱	10	锦	0.9704
锽	6	镇	0.9808
镋	3	镜	0.9800
镦	3	徴	0.9794
镪	1	彈	0.9611
閈	8	閉	0.9837
閿	4	閣	0.9725
阽	1	陆	0.9534
陦	11	據	0.9711
陼	0	豬	0.9677
隝	2	隐	0.9771
雚	2	灌	0.9738
霪	3	窪	0.9582
鞀	9	静	0.9643
鞗	2	催	0.9634
韴	2	師	0.9716
頖	1	頑	0.9760
顉	21	鎮	0.9833
顜	13	購	0.9716
颩	0	彫	0.9635
飠	1	餌	0.9340
餹	6	館	0.9696
饀	2	飾	0.9702
饩	0	汽	0.9593
饫	1	妖	0.9722
駔	14	騙	0.9570
騂	9	駐	0.9777
騉	6	調	0.9664
騑	6	駛	0.9521
驘	0	赢	0.9697
驵	0	组	0.9681
髈	1	譲	0.9573
髌	2	撰	0.9708
髢	1	冕	0.9342
髧	7	髪	0.9615
鬿	2	娜	0.9575
魠	3	魚	0.9534
鮗	1	終	0.9585
鰄	13	礦	0.9619
鰝	11	鯨	0.9614
鰡	12	樋	0.9686
鰶	1	際	0.9597
鱣	6	纏	0.9520
鲒	2	塩	0.9685
鲙	7	玲	0.9605
鲞	0	奪	0.9660
鳡	16	編	0.9622
鴜	13	鷲	0.9554
鴡	0	黽	0.9597
鵀	1	鷹	0.9627
鵃	5	艘	0.9719
鵕	2	续	0.9680
鹔	8	鴉	0.9675
鹣	7	瀬	0.9654
麀	2	塵	0.9547
麄	1	篇	0.9585
麌	3	遵	0.9494
黚	13	踊	0.9661
鼢	1	歌	0.9505
齗	3	斬	0.9576
龰	0	定	0.9437
㐀	0	止	0.9665
㑚	3	娜	0.9611
㑷	7	纯	0.9632
㒟	0	倶	0.9617
㙔	9	増	0.9721
㚒	0	状	0.9525
㚖	0	臭	0.9636
㝢	3	寓	0.9649
㞢	0	吐	0.9567
㟖	0	弄	0.9541
㟢	0	寄	0.9646
㩒	5	評	0.9579
㪨	6	鼓	0.9706
㭽	7	杭	0.9610
㮣	2	梨	0.9656
㯮	2	槽	0.9673
㳥	0	津	0.9628
㴶	3	雄	0.9683
㷖	6	頗	0.9581
㼆	2	臼	0.9625
䁔	7	暖	0.9704
䃟	0	撒	0.9679
䄂	3	袖	0.9832
䄔	2	祖	0.9691
䆁	3	程	0.9760
䌷	1	组	0.9634
䓣	0	菌	0.9628
䘆	4	割	0.9578
䣕	12	鄂	0.9413
䦖	13	闇	0.9674
䮀	7	跑	0.9625
䱗	12	驚	0.9641
䱽	4	験	0.9603
䲗	13	網	0.9622
䴓	5	配	0.9640
䶄	6	評	0.9629
丱	0	帅	0.9519
乛	0	冖	0.9568
乣	3	幼	0.9561
亊	0	事	0.9755
亐	0	巧	0.9520
仈	0	穴	0.9489
仐	0	个	0.9630
仱	6	冷	0.9739
仴	1	伊	0.9578
伇	0	役	0.9809
佁	2	怡	0.9744
佪	2	何	0.9765
佴	3	俱	0.9726
侒	0	使	0.9683
俋	1	促	0.9627
俌	1	伟	0.9626
俻	1	备	0.9765
倗	2	棚	0.9659
倽	0	合	0.9602
偭	1	個	0.9695
偱	3	循	0.9819
傎	1	偵	0.9789
傺	2	際	0.9757
僜	5	僑	0.9662
僬	7	礁	0.9696
儃	3	僧	0.9663
儍	5	缓	0.9595
儗	21	礙	0.9751
儦	1	衝	0.9589
儬	9	觀	0.9683
兛	3	挽	0.9521
兝	1	勉	0.9577
兞	3	連	0.9592
兿	2	藝	0.9659
冋	1	回	0.9777
凔	3	倉	0.9736
刔	2	刺	0.9693
刜	1	荆	0.9733
刦	0	却	0.9772
刱	0	挪	0.9675
剏	3	瓶	0.9719
劂	5	舰	0.9610
劖	2	創	0.9501
劙	3	創	0.9501
卥	2	窗	0.9665
厣	7	庵	0.9693
厤	4	桥	0.9688
厷	0	広	0.9712
厹	1	広	0.9580
叇	8	糖	0.9670
叧	1	另	0.9834
呿	1	却	0.9685
咍	7	胎	0.9648
哃	8	响	0.9744
哐	8	距	0.9634
哓	3	晓	0.9740
哕	5	暢	0.9459
哷	3	将	0.9696
唂	2	卻	0.9653
唅	4	哈	0.9783
唡	5	栖	0.9658
啇	1	商	0.9650
啐	4	碎	0.9770
啑	2	捷	0.9612
啘	4	腕	0.9777
喤	3	望	0.9535
喭	1	彥	0.9655
嗏	1	搭	0.9572
嗵	2	通	0.9671
嘂	9	幅	0.9367
嘒	5	瞳	0.9642
噈	2	蹴	0.9737
噭	10	激	0.9696
嚫	2	晩	0.9664
囇	15	騙	0.9685
囌	0	蘇	0.9686
囏	2	諱	0.9710
囦	1	团	0.9734
圞	1	圏	0.9666
圦	2	坎	0.9580
坣	1	堂	0.9591
埮	5	谈	0.9765
堋	3	棚	0.9740
堎	7	裝	0.9756
堩	0	细	0.9612
塈	0	塁	0.9639
塿	2	要	0.9512
墇	16	璋	0.9780
墌	11	塘	0.9564
墕	4	環	0.9699
墛	7	谢	0.9729
墠	5	禪	0.9738
墣	8	撲	0.9826
墪	6	塾	0.9617
墯	1	童	0.9600
墱	8	跨	0.9702
墲	2	撫	0.9716
壗	8	攜	0.9651
壡	2	穀	0.9581
壾	9	距	0.9694
妌	4	姊	0.9629
妏	2	奴	0.9828
妟	1	宴	0.9722
妧	3	烷	0.9682
妱	5	婿	0.9753
姖	7	姫	0.9836
娭	3	挨	0.9616
婞	3	奸	0.9729
婯	3	嬰	0.9620
媋	6	婚	0.9738
媜	0	妇	0.9737
媢	16	婦	0.9759
媫	6	葛	0.9654
嫏	1	鄉	0.9716
嫐	7	嫩	0.9643
嫕	5	辱	0.9700
嬁	6	澄	0.9738
嬇	5	潰	0.9741
嬫	4	媒	0.9709
孋	2	麗	0.9704
孴	1	善	0.9714
宭	3	着	0.9687
宼	3	寇	0.9710
寋	3	赛	0.9730
寗	6	蜜	0.9741
尃	0	専	0.9851
尥	1	构	0.9498
屚	0	漏	0.9717
屦	4	履	0.9752
岽	3	若	0.9674
峕	2	昔	0.9714
崝	7	晴	0.9693
崬	1	菓	0.9697
崾	4	闽	0.9637
嵚	5	锡	0.9630
嵰	2	剰	0.9665
嵿	6	噴	0.9721
嶶	1	薇	0.9753
巹	0	马	0.9444
帉	5	扮	0.9524
帟	2	离	0.9713
幋	4	橘	0.9644
幨	9	擔	0.9601
庢	2	屋	0.9641
廮	4	嬰	0.9606
弅	3	盆	0.9596
彑	1	互	0.9554
彶	0	汲	0.9750
徯	2	溪	0.9767
忎	3	怎	0.9546
忪	3	松	0.9794
忳	6	牠	0.9693
忼	4	坑	0.9700
怑	1	伴	0.9748
怗	2	站	0.9717
怚	1	旧	0.9668
恓	6	栖	0.9757
恧	0	思	0.9618
恹	3	栃	0.9654
悮	0	误	0.9806
惄	7	裁	0.9655
惎	2	惠	0.9602
惗	2	除	0.9604
惸	5	慎	0.9634
愓	9	場	0.9758
愭	3	嗜	0.9703
慭	9	橙	0.9627
慺	1	樓	0.9661
慿	10	漂	0.9744
憓	6	慎	0.9686
憝	3	熟	0.9644
憻	4	檀	0.9643
懁	8	慢	0.9765
懮	1	優	0.9733
戤	2	胶	0.9654
扠	1	投	0.9668
扨	3	拆	0.9700
扻	3	坎	0.9791
拲	1	莽	0.9608
拹	2	協	0.9849
挀	0	派	0.9692
挒	3	动	0.9677
掦	3	揚	0.9888
掹	3	塩	0.9622
揅	2	硬	0.9583
揬	3	探	0.9679
搉	4	推	0.9847
搤	2	搭	0.9669
搫	13	擎	0.9739
摉	9	撥	0.9599
摏	8	捧	0.9812
摐	9	烯	0.9650
摡	5	概	0.9777
摱	1	摄	0.9720
撦	16	榎	0.9714
撺	11	摘	0.9769
擗	12	摘	0.9740
擭	6	穫	0.9724
擼	4	揺	0.9673
擽	8	樂	0.9704
攉	12	撞	0.9766
攋	4	賴	0.9745
攎	5	爐	0.9773
攛	9	擴	0.9700
攡	4	離	0.9617
攧	10	擇	0.9722
敇	5	救	0.9834
敧	2	投	0.9671
斢	3	撰	0.9686
斸	2	勵	0.9498
旐	4	旋	0.9749
旟	7	旗	0.9703
旲	1	吴	0.9812
昳	4	映	0.9827
昹	4	脉	0.9704
昿	0	拡	0.9759
晜	0	暴	0.9706
暀	8	措	0.9598
暆	2	蹤	0.9591
曣	5	環	0.9598
曯	16	騙	0.9697
朁	6	潛	0.9765
朌	1	脫	0.9712
朘	4	胺	0.9698
朞	1	碁	0.9737
朣	2	腫	0.9768
杝	7	牠	0.9677
杦	0	枚	0.9728
枒	4	杯	0.9817
枨	4	株	0.9750
枲	5	桌	0.9681
枼	0	某	0.9693
柂	2	拖	0.9740
柈	3	样	0.9882
柎	11	桁	0.9792
柶	7	栖	0.9844
栐	5	称	0.9657
栔	3	梨	0.9769
桵	2	桜	0.9717
桹	3	根	0.9877
梾	5	株	0.9819
棃	8	染	0.9833
棑	2	排	0.9556
棔	4	稚	0.9767
棷	4	根	0.9740
椈	4	梭	0.9762
椟	4	棕	0.9810
椧	2	檢	0.9831
椵	8	棉	0.9746
椼	12	桁	0.9756
楃	17	榎	0.9771
楻	11	植	0.9812
榁	12	植	0.9759
榬	5	棕	0.9809
槅	5	橘	0.9829
槧	7	穫	0.9683
槴	1	櫃	0.9665
樮	4	颗	0.9717
橂	2	樽	0.9777
橑	7	椿	0.9787
橥	5	渠	0.9692
橪	1	燃	0.9684
檁	7	橋	0.9715
檑	4	構	0.9821
檛	1	禍	0.9559
檽	13	檔	0.9802
櫜	5	義	0.9684
櫱	2	粟	0.9695
欂	5	構	0.9798
欑	8	穫	0.9678
歂	5	歇	0.9714
歊	2	歌	0.9768
歺	0	夕	0.9553
殀	2	妖	0.9773
殕	1	殆	0.9707
殟	6	殖	0.9768
殢	2	嚴	0.9599
殱	7	濃	0.9618
毇	4	毀	0.9729
毈	5	柳	0.9538
毑	8	牠	0.9766
毱	0	翅	0.9491
毴	0	腓	0.9255
氜	9	氧	0.9781
氶	0	水	0.9643
汋	2	沟	0.9633
汍	2	仇	0.9642
汔	0	乞	0.9560
汳	1	汲	0.9743
沴	5	珍	0.9624
泲	3	浙	0.9717
洇	5	烟	0.9788
洝	5	湊	0.9707
洰	3	浪	0.9743
浧	5	涅	0.9807
浼	13	淀	0.9743
涒	1	瀑	0.9737
淂	2	濱	0.9795
淐	4	混	0.9786
淔	3	清	0.9685
淜	2	脚	0.9655
渘	2	深	0.9718
渶	2	漢	0.9819
渽	6	戦	0.9741
湥	3	深	0.9785
湦	6	涅	0.9774
湩	2	焦	0.9603
溎	4	样	0.9694
溒	6	猿	0.9731
溓	7	嫌	0.9839
溙	1	泰	0.9801
溮	3	獅	0.9790
溵	1	殷	0.9741
漋	1	降	0.9666
漒	0	強	0.9718
漦	2	殺	0.9712
漴	11	漂	0.9705
潈	1	聚	0.9745
潵	4	徴	0.9659
潶	6	潟	0.9763
濇	5	滴	0.9663
濈	5	混	0.9717
濜	6	濫	0.9640
瀌	0	漁	0.9663
瀙	8	瀬	0.9684
瀶	5	揺	0.9715
瀷	3	濁	0.9674
灆	7	濫	0.9656
灈	5	潭	0.9781
灙	3	瀧	0.9681
灥	4	憶	0.9446
灬	1	涉	0.8683
灮	3	炎	0.9598
炣	2	河	0.9697
炥	2	沸	0.9744
炰	3	负	0.9541
烕	3	威	0.9759
焍	0	煉	0.9742
焵	6	祠	0.9674
煟	5	煙	0.9761
煱	1	渦	0.9710
煺	1	颇	0.9695
熁	5	脅	0.9696
熇	6	滴	0.9542
熯	14	模	0.9697
燡	9	輝	0.9738
燫	4	廉	0.9718
爊	8	濃	0.9639
爋	3	勳	0.9669
爯	1	爭	0.9615
牐	6	膳	0.9715
牕	8	腺	0.9624
牗	3	腫	0.9660
牼	1	密	0.9590
犋	2	惧	0.9730
犘	3	磨	0.9794
犱	4	犹	0.9605
狪	7	洞	0.9753
狶	10	烯	0.9781
猚	0	准	0.9715
猰	4	獲	0.9661
獂	1	源	0.9705
獈	3	殺	0.9681
獍	5	猜	0.9695
獛	0	僕	0.9617
獞	5	獲	0.9695
玊	0	玉	0.9853
玒	2	虹	0.9566
玓	3	均	0.9762
珒	3	埔	0.9723
珔	3	诺	0.9700
珡	0	契	0.9552
琈	7	積	0.9670
琕	3	理	0.9713
琩	2	珀	0.9694
瑅	5	堤	0.9857
瑌	0	壊	0.9610
璊	1	插	0.9663
璌	17	璋	0.9729
瓟	2	购	0.9598
瓡	7	弧	0.9627
瓬	4	瓶	0.9744
瓱	2	昏	0.9508
瓹	1	闻	0.9576
甅	17	騙	0.9527
甤	2	麥	0.9610
甿	6	毗	0.9701
畞	7	城	0.9600
畟	5	嬰	0.9684
畡	1	骸	0.9675
畾	14	踊	0.9637
疁	3	膠	0.9623
痃	4	宏	0.9731
痆	1	泥	0.9784
瘅	2	痛	0.9735
瘝	1	懐	0.9710
瘺	1	漏	0.9589
癉	8	壤	0.9636
癍	2	辉	0.9712
癦	9	濃	0.9539
皛	0	畠	0.9641
皜	3	搞	0.9650
皶	3	破	0.9753
盭	2	整	0.9702
眚	0	青	0.9735
眡	7	抵	0.9716
眧	1	昭	0.9925
睌	3	晚	0.9903
睘	2	累	0.9660
睠	1	職	0.9613
睼	3	醍	0.9610
瞏	2	署	0.9700
瞢	3	菅	0.9680
瞹	8	曖	0.9908
矅	4	曜	0.9875
矓	5	驅	0.9597
矟	3	稍	0.9800
矠	3	精	0.9738
矦	1	侯	0.9729
矬	8	猴	0.9650
砢	3	何	0.9691
砳	2	研	0.9630
硈	1	结	0.9713
硓	4	雄	0.9694
硘	4	何	0.9656
硷	6	验	0.9647
碜	2	縁	0.9696
碝	3	硕	0.9647
碡	7	禧	0.9615
磌	8	禧	0.9776
礄	8	橋	0.9723
礉	11	激	0.9744
礖	9	標	0.9669
礟	22	礙	0.9626
礵	0	霜	0.9626
祃	0	知	0.9692
祄	2	价	0.9656
祦	15	模	0.9683
禇	4	诸	0.9777
禒	7	祿	0.9806
禝	7	褐	0.9749
禬	9	瑜	0.9637
禴	6	输	0.9638
禼	3	离	0.9715
秞	1	种	0.9810
秺	0	稀	0.9744
稂	6	粮	0.9895
稌	1	稀	0.9715
稛	6	柄	0.9833
稝	4	棚	0.9898
稾	6	豪	0.9563
穈	4	磨	0.9653
穋	1	穆	0.9671
穧	2	稽	0.9691
窻	18	榎	0.9614
竓	3	逮	0.9612
竕	0	紛	0.9685
竫	4	稱	0.9730
笂	5	笑	0.9635
笶	6	笑	0.9854
笾	3	逸	0.9663
筘	1	箱	0.9799
筩	3	第	0.9662
箎	6	筋	0.9561
箘	1	菌	0.9586
箞	1	卷	0.9644
箠	3	籍	0.9552
箤	4	殺	0.9646
篈	5	籃	0.9649
篘	0	懲	0.9584
篚	22	鎮	0.9596
篰	14	發	0.9599
簎	4	籍	0.9811
簜	2	纂	0.9668
籑	3	濱	0.9701
籧	5	綾	0.9422
粊	1	柴	0.9832
粡	1	桐	0.9841
粨	4	稍	0.9800
紃	3	购	0.9566
紑	2	秘	0.9652
紝	2	紅	0.9767
紼	6	擬	0.9683
綈	10	綿	0.9745
綟	3	縁	0.9738
綶	1	繰	0.9698
縧	1	綠	0.9702
繸	5	隧	0.9641
绖	0	经	0.9661
绠	3	硬	0.9609
缋	2	绩	0.9843
缌	11	顯	0.9622
缞	3	续	0.9775
缧	4	潔	0.9603
罇	22	縛	0.9671
罥	1	胃	0.9709
罧	10	裸	0.9733
羍	1	茎	0.9601
翂	4	礎	0.9619
耂	2	老	0.9488
耖	2	秒	0.9764
聸	10	擔	0.9702
肹	2	腹	0.9621
胋	2	腊	0.9712
胨	1	渐	0.9637
脋	6	脅	0.9821
脮	5	胺	0.9783
脽	1	雁	0.9768
脿	2	联	0.9653
腄	4	腫	0.9750
腒	4	腸	0.9676
腚	8	膜	0.9797
腢	4	腰	0.9644
腯	3	腊	0.9668
膃	2	臘	0.9655
膅	3	勵	0.9633
膎	3	腹	0.9585
膴	8	騰	0.9663
膶	5	腰	0.9540
臛	3	耀	0.9725
臽	8	得	0.9638
舃	5	寫	0.9627
舲	3	胶	0.9699
艅	1	船	0.9702
艑	10	麺	0.9661
芇	1	节	0.9684
苊	1	范	0.9597
苖	0	苗	0.9874
苶	4	茶	0.9789
茑	0	空	0.9547
茙	4	茂	0.9695
茺	3	宪	0.9605
莾	2	莽	0.9783
菂	3	齿	0.9641
菢	3	拖	0.9684
萭	4	萬	0.9831
萳	1	蒂	0.9718
萹	0	蘆	0.9564
葍	0	富	0.9771
蒢	1	蔭	0.9694
蓠	4	离	0.9701
蔈	1	黃	0.9617
蔌	3	萩	0.9743
蔎	7	鼓	0.9664
蕆	6	蔵	0.9758
蕑	2	蘭	0.9653
蕣	3	嘉	0.9564
薷	2	蕾	0.9659
薾	0	爾	0.9539
薿	7	擬	0.9607
藇	18	璋	0.9649
藋	2	著	0.9750
藙	4	萩	0.9614
藶	3	歷	0.9626
蘓	1	蘇	0.9753
虌	5	繞	0.9451
虙	2	虑	0.9817
虼	10	蛇	0.9700
蚠	4	盆	0.9726
蚿	5	坛	0.9734
蛦	3	捜	0.9676
蜣	3	焼	0.9614
蜧	5	斯	0.9628
蜯	3	蜂	0.9716
蜼	2	堆	0.9700
蜾	3	堺	0.9787
蝒	7	毗	0.9604
蝻	13	摘	0.9618
螇	9	媛	0.9564
螓	8	裝	0.9708
螬	3	槽	0.9668
螰	12	塘	0.9709
蟂	6	堤	0.9623
蟙	2	職	0.9787
蟟	4	蜂	0.9660
蟮	10	増	0.9767
蟴	3	蛮	0.9692
蟺	7	擅	0.9751
蠇	6	聘	0.9733
蠧	1	舊	0.9538
蠭	3	聲	0.9419
蠮	5	綱	0.9617
衵	3	祖	0.9746
袙	4	袖	0.9783
袟	5	秩	0.9818
袼	4	裕	0.9759
裛	1	衰	0.9673
裰	1	隊	0.9590
裼	8	褐	0.9787
褅	3	辩	0.9707
褟	6	綱	0.9646
褦	2	滩	0.9687
褵	5	离	0.9660
襕	8	欄	0.9628
覉	4	歸	0.9683
覌	5	視	0.9804
觧	3	解	0.9653
觫	9	煤	0.9718
觭	6	硫	0.9622
觶	5	觸	0.9694
觻	3	矮	0.9623
訁	4	嵩	0.9332
訷	3	時	0.9668
詅	1	龄	0.9676
誗	2	剩	0.9682
諐	2	警	0.9624
諕	3	號	0.9481
謟	0	謡	0.9830
譕	1	無	0.9554
诖	0	详	0.9724
谝	5	确	0.9664
豲	2	源	0.9597
豽	3	納	0.9618
貜	13	驚	0.9444
賧	2	賜	0.9530
賰	8	賭	0.9807
賻	10	觀	0.9710
贑	1	韻	0.9794
贙	5	贊	0.9768
贜	10	臟	0.9774
赪	4	频	0.9685
趞	5	趙	0.9846
跢	3	跳	0.9503
跬	1	封	0.9662
跶	5	跌	0.9705
跿	3	搜	0.9653
踅	7	殖	0.9607
踦	9	跨	0.9741
蹐	6	踏	0.9717
蹔	3	暫	0.9700
蹯	6	播	0.9762
躘	2	臨	0.9678
躚	0	遷	0.9643
躝	11	闘	0.9648
躞	6	製	0.9686
軁	10	擴	0.9703
軆	14	購	0.9673
輗	6	曉	0.9648
輨	1	輯	0.9770
轁	1	掘	0.9683
轑	6	酶	0.9629
轓	1	軽	0.9631
轝	1	譽	0.9703
轺	1	招	0.9768
辀	7	辖	0.9683
辒	3	础	0.9726
迆	1	池	0.9575
迚	4	迪	0.9710
迮	4	道	0.9668
迯	1	迹	0.9600
迻	1	多	0.9547
逎	0	頒	0.9613
逤	1	逃	0.9559
逰	4	逮	0.9653
逷	6	遊	0.9549
遬	2	邀	0.9705
邌	15	發	0.9617
邿	7	郭	0.9761
郔	2	鄧	0.9653
郘	10	部	0.9743
郙	0	邮	0.9648
郰	10	都	0.9617
鄌	3	哪	0.9554
鄨	11	龍	0.9418
酀	13	鄂	0.9536
酡	6	配	0.9691
醓	2	酔	0.9596
醭	9	撲	0.9691
醻	5	割	0.9563
釃	18	騙	0.9612
釒	10	針	0.9347
釛	12	鋳	0.9602
鈄	0	斜	0.9823
鈢	6	検	0.9681
鉖	7	络	0.9699
鉟	10	録	0.9634
銌	11	録	0.9722
銎	1	鉴	0.9665
銝	4	琳	0.9660
鋀	10	鉛	0.9747
鋃	12	銀	0.9898
鋊	1	銘	0.9740
鋋	9	錫	0.9638
鋙	5	錯	0.9739
鋧	4	鋭	0.9628
錂	16	鉄	0.9721
錊	12	録	0.9686
錟	6	谈	0.9541
錵	21	銃	0.9706
鍌	4	釜	0.9607
鍑	13	鋳	0.9699
鍧	14	鋳	0.9685
鎪	6	鍛	0.9767
鐈	22	鑑	0.9669
鐓	2	徵	0.9698
鐬	9	繊	0.9778
鐰	2	繰	0.9760
鑉	6	錯	0.9677
鑯	7	鐵	0.9763
鑻	2	攀	0.9654
钶	3	傾	0.9738
铔	6	碰	0.9684
锃	11	锦	0.9773
锼	5	毀	0.9710
閌	2	閒	0.9837
闃	3	閒	0.9726
闗	2	關	0.9790
阌	9	慢	0.9597
阍	5	阔	0.9667
阒	4	閒	0.9591
阰	0	叱	0.9596
隇	4	威	0.9633
隤	2	障	0.9721
雝	5	離	0.9624
雧	0	集	0.9708
霩	4	覆	0.9579
霶	2	震	0.9542
靇	5	寵	0.9729
靍	3	霸	0.9593
靗	4	就	0.9661
靝	5	磨	0.9645
靥	7	層	0.9721
靰	4	斬	0.9513
鞐	1	軒	0.9694
鞕	3	甥	0.9643
鞚	1	輕	0.9629
鞡	1	鞍	0.9624
韂	7	纏	0.9545
韈	4	講	0.9587
韗	5	講	0.9717
韛	2	輻	0.9719
韱	8	鐵	0.9702
頍	7	頗	0.9757
頙	0	頂	0.9765
頪	1	頼	0.9844
颋	4	硕	0.9695
颕	4	领	0.9703
颥	4	需	0.9559
颷	2	厥	0.9475
颸	13	駒	0.9604
飃	14	駒	0.9553
飑	4	购	0.9591
飕	0	戚	0.9623
飰	1	乐	0.9575
飳	3	蝕	0.9721
餄	7	鈴	0.9699
饊	3	徵	0.9730
饻	7	依	0.9822
馉	1	馆	0.9812
馊	0	毁	0.9679
馣	13	舒	0.9668
馯	10	駐	0.9776
馿	0	駅	0.9680
駉	19	騙	0.9711
駖	5	験	0.9727
駞	15	駒	0.9627
駴	5	賊	0.9698
駻	11	駐	0.9644
騋	1	稣	0.9614
騜	12	駐	0.9776
騺	14	驚	0.9724
驲	5	谓	0.9682
骾	6	腰	0.9685
髽	2	髮	0.9587
鬂	3	髮	0.9558
鬈	8	髪	0.9631
鬦	4	開	0.9635
鬹	4	響	0.9637
魖	5	魁	0.9453
魵	1	紛	0.9536
魾	2	稣	0.9670
鮐	8	编	0.9582
鮚	1	徳	0.9587
鮻	8	駿	0.9611
鯒	7	舗	0.9673
鯕	9	瀬	0.9664
鯝	20	騙	0.9632
鯻	13	樋	0.9640
鰃	14	礦	0.9683
鰙	23	縛	0.9685
鰛	17	艦	0.9603
鰷	5	絡	0.9527
鱅	2	働	0.9667
鱋	18	艦	0.9646
鱩	2	靜	0.9563
鱭	2	齋	0.9585
鱰	10	縄	0.9666
鲗	4	創	0.9528
鲝	4	拳	0.9658
鲯	6	鲜	0.9688
鲿	7	街	0.9649
鳑	12	鯨	0.9657
鳣	13	贈	0.9551
鳲	5	鳩	0.9776
鴅	9	鴉	0.9830
鴔	7	潟	0.9714
鴠	15	鳴	0.9630
鴾	5	鶴	0.9728
鵖	16	鳴	0.9691
鶄	12	龍	0.9702
鶠	14	網	0.9643
鶮	6	寵	0.9542
鷁	7	额	0.9550
鷃	6	寫	0.9613
鷤	13	駐	0.9600
鷰	14	鷲	0.9841
鸜	11	鴨	0.9678
鹍	14	贈	0.9750
麔	7	脅	0.9645
麞	3	虐	0.9685
黕	4	勳	0.9638
黮	11	縄	0.9676
鼏	0	鼎	0.9637
齔	2	靴	0.9598
齜	2	剛	0.9235
齰	1	崗	0.9516
齾	2	篇	0.9428
龀	8	城	0.9605
龂	0	断	0.9769
龖	4	讓	0.9544
龞	6	證	0.9602
鿭	3	囗	0.9176
㓤	4	到	0.9637
㔟	2	势	0.9718
㕘	1	继	0.9558
㖭	2	細	0.9555
㗂	9	暗	0.9613
㘵	2	怖	0.9723
㙺	2	堰	0.9601
㛹	1	姐	0.9703
㜢	5	棲	0.9658
㝎	0	芝	0.9581
㠀	1	島	0.9604
㤿	2	俺	0.9679
㥠	0	留	0.9630
㦕	9	握	0.9542
㧗	2	批	0.9691
㧸	0	担	0.9659
㧾	4	揚	0.9558
㫖	3	昔	0.9643
㬙	10	握	0.9583
㬶	4	腊	0.9735
㬹	5	腫	0.9679
㭿	5	桓	0.9776
㮮	14	檔	0.9666
㯖	10	標	0.9676
㲀	8	頗	0.9656
㶟	7	禮	0.9579
㶲	7	畑	0.9701
㶿	7	慎	0.9676
㷫	7	設	0.9558
㽏	9	得	0.9625
㿱	8	殖	0.9602
䀹	5	映	0.9644
䁐	3	嘆	0.9536
䁥	6	瞳	0.9605
䂺	3	课	0.9677
䃅	7	禅	0.9720
䃮	8	键	0.9649
䃯	7	碟	0.9621
䇿	0	巣	0.9624
䉼	6	析	0.9693
䍧	4	拝	0.9679
䐁	0	豚	0.9705
䕒	8	囊	0.9637
䗃	1	践	0.9593
䚡	9	騰	0.9643
䛒	4	鲁	0.9637
䞀	3	細	0.9699
䣓	11	部	0.9594
䦉	3	惧	0.9610
䨇	0	雙	0.9678
䬅	5	陽	0.9536
䭔	7	館	0.9604
䭕	2	组	0.9616
䰾	1	肥	0.9518
䵍	9	壤	0.9627
䵺	4	堀	0.9641
丮	0	訊	0.9619
丯	0	丰	0.9467
丳	1	弗	0.9646
乁	0	厂	0.9579
乆	0	失	0.9624
乪	3	旭	0.9300
乽	1	考	0.9620
亽	0	火	0.9450
仜	3	任	0.9512
仼	4	任	0.9798
伈	0	応	0.9502
伛	2	枢	0.9767
伡	2	件	0.9838
伭	0	伝	0.9792
伵	1	価	0.9681
伻	4	将	0.9707
佫	4	格	0.9710
侀	2	伽	0.9717
侅	1	该	0.9746
侐	0	仙	0.9547
侓	1	律	0.9817
侞	1	如	0.9724
侻	1	悦	0.9735
侼	4	侍	0.9745
俆	0	徐	0.9817
俇	4	併	0.9516
俈	1	倍	0.9800
俉	2	侶	0.9769
俧	1	停	0.9564
俽	0	伤	0.9664
倄	4	僚	0.9697
倇	12	婉	0.9676
倎	3	傅	0.9713
倝	1	軟	0.9527
倯	4	松	0.9641
倰	7	像	0.9644
倸	5	採	0.9718
倿	3	俘	0.9660
偅	5	僅	0.9726
偍	2	促	0.9811
偒	2	傷	0.9796
偖	4	储	0.9808
偠	2	便	0.9764
偡	2	湛	0.9682
偹	2	备	0.9676
傧	4	俘	0.9745
傱	0	從	0.9645
僃	2	備	0.9750
僓	2	債	0.9807
僝	17	編	0.9634
僲	15	礦	0.9674
僽	5	磯	0.9514
儌	12	激	0.9745
儤	8	像	0.9691
儥	0	價	0.9645
儫	2	優	0.9681
儴	5	儀	0.9690
儹	1	價	0.9690
儾	6	儀	0.9726
兙	2	屯	0.9564
冔	19	璋	0.9661
冘	0	尢	0.9733
凂	1	净	0.9733
凅	8	洞	0.9662
凕	1	倶	0.9757
凢	1	几	0.9731
凨	1	凤	0.9761
凬	1	凰	0.9606
刌	0	刊	0.9682
刬	0	划	0.9650
刿	6	航	0.9652
剚	6	割	0.9655
剢	2	泰	0.9524
剼	4	慘	0.9533
剾	3	區	0.9481
劗	6	噂	0.9619
劘	5	廳	0.9481
劺	5	渤	0.9638
勀	10	勃	0.9772
勄	1	轨	0.9598
勌	7	勝	0.9630
勩	1	勤	0.9692
勫	4	破	0.9567
勮	1	劇	0.9693
匇	3	质	0.9457
匳	0	阁	0.9514
卂	1	讯	0.9577
卛	3	戀	0.9418
卝	1	壮	0.9634
卾	13	调	0.9600
厏	1	屏	0.9622
厐	2	庞	0.9827
厫	5	威	0.9644
叕	5	殺	0.9730
叚	2	暇	0.9662
叾	1	亨	0.9415
吚	1	明	0.9582
吜	4	埋	0.9692
吤	4	吟	0.9587
吺	1	股	0.9747
呅	2	政	0.9742
呡	1	眠	0.9737
呶	1	吸	0.9661
咑	1	刊	0.9646
咘	3	怖	0.9762
咛	7	祠	0.9733
咦	4	嘆	0.9710
咷	3	挑	0.9671
哢	7	喷	0.9606
哣	1	晶	0.9543
哶	9	措	0.9658
唊	3	峽	0.9751
唒	2	襾	0.9643
唞	1	醉	0.9625
唥	5	吟	0.9773
唩	2	授	0.9681
唰	4	刷	0.9740
唲	2	脱	0.9650
唶	8	酷	0.9710
唿	0	認	0.9511
啀	11	握	0.9653
啌	0	控	0.9542
啒	5	堀	0.9740
啗	7	喉	0.9662
啝	4	和	0.9712
啢	3	酬	0.9492
啨	8	晴	0.9835
啴	8	唯	0.9739
喗	7	瞳	0.9694
喠	2	厘	0.9638
喨	0	亮	0.9601
喿	5	操	0.9651
嗀	8	設	0.9809
嗂	5	搖	0.9648
嗍	1	溯	0.9620
嗗	8	噸	0.9714
嗙	8	喷	0.9749
嗫	4	頻	0.9718
嗻	17	鳴	0.9537
嘠	4	噶	0.9657
嘣	14	调	0.9621
嘨	0	粛	0.9700
嘪	1	唄	0.9749
嘽	15	購	0.9653
噀	4	撰	0.9678
噃	7	播	0.9734
噞	3	劍	0.9746
噡	18	編	0.9583
噵	1	導	0.9779
嚄	7	護	0.9695
嚝	11	擴	0.9719
嚬	5	頻	0.9711
嚱	2	戯	0.9634
嚸	21	騙	0.9720
嚹	9	噸	0.9637
囐	2	獻	0.9507
囙	1	曰	0.9583
囬	0	面	0.9758
囶	2	国	0.9703
圐	3	圆	0.9513
圔	4	岡	0.9700
圗	1	圖	0.9632
圙	5	岡	0.9663
坁	8	抵	0.9658
坃	1	玩	0.9738
坈	5	坑	0.9822
坶	2	軒	0.9589
坽	8	玲	0.9833
坿	0	祉	0.9653
垇	3	扣	0.9577
垐	3	盗	0.9704
垥	3	拾	0.9866
垧	9	响	0.9781
垬	2	拱	0.9796
垷	5	現	0.9882
垺	5	俘	0.9653
埛	9	铜	0.9631
埞	7	堤	0.9741
埯	3	掩	0.9862
埱	7	椒	0.9748
堄	1	塊	0.9739
堗	2	棠	0.9618
堘	9	捧	0.9708
堟	5	塚	0.9723
堭	5	埠	0.9696
堹	4	理	0.9745
堾	8	椿	0.9739
塠	8	堤	0.9620
塥	14	摘	0.9735
塯	1	瑠	0.9830
塸	4	區	0.9621
墐	13	撞	0.9758
墒	15	摘	0.9822
墫	1	墳	0.9767
壂	0	疑	0.9491
壉	12	據	0.9832
壋	11	増	0.9741
壔	9	攜	0.9572
夌	2	凌	0.9718
夗	1	犯	0.9551
夼	2	芥	0.9638
奊	1	実	0.9653
妀	0	改	0.9667
妋	4	妹	0.9758
妭	3	奴	0.9687
妵	4	娃	0.9800
姎	5	姊	0.9720
姯	1	姚	0.9750
姰	1	娘	0.9708
姱	5	媒	0.9713
姺	6	姊	0.9747
娋	8	姫	0.9768
娗	3	挺	0.9754
娞	10	媛	0.9791
婍	5	嫁	0.9725
婑	4	矮	0.9817
婣	0	淵	0.9606
婸	10	場	0.9671
媁	17	婦	0.9799
媊	10	嫡	0.9785
媏	18	婦	0.9848
媱	5	教	0.9715
嫀	6	媒	0.9766
嫊	6	嫁	0.9746
嫙	13	婉	0.9664
嫜	19	婦	0.9758
嫟	20	婦	0.9762
嫷	21	婦	0.9693
嫹	3	姆	0.9668
嬄	22	婦	0.9666
嬑	1	意	0.9686
嬕	10	輝	0.9784
嬜	5	婆	0.9659
嬝	7	葛	0.9651
嬞	6	棲	0.9692
嬣	11	嫡	0.9751
嬨	7	嫁	0.9705
孅	4	鑽	0.9689
孏	12	嫡	0.9727
孹	8	臂	0.9701
孼	2	尋	0.9597
宻	2	密	0.9690
寏	10	赞	0.9643
寑	2	侵	0.9800
寙	8	弧	0.9653
尐	0	允	0.9565
尜	1	奨	0.9558
尨	0	必	0.9531
尫	4	旭	0.9415
屒	0	屍	0.9661
屝	3	扉	0.9714
屩	8	層	0.9718
屲	0	佔	0.9277
屴	0	爿	0.9568
屾	1	仙	0.9552
岅	3	版	0.9664
岉	0	吻	0.9717
岊	2	闻	0.9485
岍	0	刑	0.9639
岎	6	扮	0.9491
岒	1	岭	0.9902
岤	6	坑	0.9571
岦	1	空	0.9523
岪	2	弗	0.9561
岺	5	茶	0.9574
岾	6	帖	0.9750
峀	0	甫	0.9648
峗	1	嶋	0.9499
峫	4	娜	0.9579
峸	9	城	0.9669
峹	1	舍	0.9676
崄	0	剑	0.9592
崵	11	場	0.9674
嵧	10	幅	0.9671
嵱	2	喀	0.9583
嵲	9	峙	0.9699
嵶	5	剖	0.9504
嵻	1	康	0.9624
嶆	6	哺	0.9630
嶚	3	寮	0.9800
嶨	9	學	0.9643
嶭	1	薛	0.9680
巇	4	臓	0.9524
巏	11	幅	0.9691
巪	0	昌	0.9738
帀	3	襾	0.9752
帊	9	幌	0.9620
帒	0	笹	0.9654
帞	3	帕	0.9831
帨	2	悦	0.9781
幈	10	幌	0.9714
幙	16	模	0.9674
幤	1	幣	0.9844
幰	10	攜	0.9576
庀	1	尼	0.9742
庛	6	庇	0.9840
庪	6	胺	0.9687
庬	3	颜	0.9576
廘	5	廉	0.9691
廥	1	蒼	0.9514
廵	0	巡	0.9844
廽	1	廻	0.9652
弜	1	鼎	0.9397
弣	2	附	0.9612
弻	6	聯	0.9606
彃	2	彈	0.9794
徏	0	徙	0.9728
徔	2	穷	0.9574
徝	0	值	0.9813
徤	0	健	0.9830
徫	6	偉	0.9834
徲	4	循	0.9684
忢	1	恶	0.9703
忦	3	价	0.9757
忺	0	吹	0.9758
怊	2	诏	0.9684
怘	0	忠	0.9668
怳	2	呪	0.9694
恇	5	到	0.9676
恉	1	指	0.9623
恌	4	挑	0.9683
恖	2	恩	0.9678
恡	1	练	0.9650
悤	3	恩	0.9659
惈	11	裸	0.9828
惙	2	綴	0.9601
惝	1	临	0.9507
惢	2	総	0.9473
惷	1	奪	0.9670
惽	3	稽	0.9664
惿	10	慢	0.9714
愊	4	惜	0.9693
愡	6	隧	0.9535
愻	6	綜	0.9706
慠	8	嫩	0.9747
慪	5	區	0.9564
慱	4	傳	0.9838
憇	8	蘋	0.9666
憏	5	擦	0.9734
憖	12	稜	0.9688
憭	5	僚	0.9764
憰	6	橘	0.9745
懆	1	燥	0.9750
懛	8	慎	0.9628
懬	3	慶	0.9711
懻	8	禮	0.9656
戅	1	惡	0.9619
戓	0	或	0.9843
戝	4	战	0.9723
戨	7	戦	0.9681
戹	7	庇	0.9575
戺	2	肥	0.9577
扅	0	彦	0.9595
扊	2	厦	0.9476
扏	3	抗	0.9728
扲	9	玲	0.9772
抅	2	构	0.9718
抝	1	拡	0.9681
抰	1	扶	0.9821
拀	1	祝	0.9631
拃	0	者	0.9716
拻	5	恢	0.9704
挕	3	珀	0.9744
挦	5	拝	0.9770
挵	11	擇	0.9674
捦	4	捨	0.9754
捴	4	续	0.9645
捸	5	持	0.9757
捼	13	稜	0.9708
掁	6	拝	0.9744
掅	10	措	0.9804
掔	0	腎	0.9748
掗	1	控	0.9679
掭	2	搬	0.9687
掯	11	措	0.9781
掼	4	甥	0.9731
揇	16	摘	0.9778
揊	1	描	0.9747
揔	4	熟	0.9551
揞	2	培	0.9803
揤	1	抑	0.9711
揥	17	摘	0.9756
揫	14	擎	0.9653
揳	17	模	0.9711
揿	3	欺	0.9751
搇	5	換	0.9661
搊	7	製	0.9573
搛	8	嫌	0.9792
搝	1	护	0.9653
搩	10	捧	0.9743
搰	2	掃	0.9794
搲	9	廠	0.9654
摌	3	壌	0.9746
摜	3	損	0.9832
摣	11	擔	0.9744
摮	15	擎	0.9832
摴	3	尋	0.9674
摵	10	城	0.9770
摷	2	摄	0.9750
撀	2	擊	0.9723
撖	2	敢	0.9668
撗	14	撞	0.9765
撛	4	挟	0.9608
撢	12	擇	0.9771
擆	7	挥	0.9766
擖	6	揭	0.9802
擪	2	壓	0.9697
攑	8	挥	0.9753
攕	10	壤	0.9621
攗	9	糖	0.9719
攟	12	擴	0.9747
敃	3	政	0.9714
敐	0	啟	0.9779
敡	2	跋	0.9681
敤	4	课	0.9759
敨	6	敦	0.9801
敩	7	敦	0.9723
敾	0	敷	0.9812
斆	1	敷	0.9734
斻	5	旋	0.9752
斾	3	饰	0.9718
旜	2	簡	0.9661
旤	4	晚	0.9626
昒	1	吻	0.9821
昣	6	珍	0.9638
晀	4	跳	0.9736
晅	6	垣	0.9653
晘	8	唱	0.9675
晥	2	暁	0.9661
晻	4	掩	0.9684
晼	5	腕	0.9823
暋	4	啓	0.9675
暏	9	賭	0.9830
暚	2	瑠	0.9511
暶	3	蹤	0.9665
暺	16	購	0.9753
曋	9	晴	0.9702
曑	3	診	0.9307
曨	13	龍	0.9671
曶	0	氯	0.9560
朹	3	枕	0.9772
朾	2	村	0.9807
朿	0	束	0.9714
枅	5	桥	0.9752
枆	3	耗	0.9714
枊	6	柳	0.9738
枔	7	検	0.9745
枺	5	林	0.9840
枾	4	柿	0.9791
柆	2	粒	0.9727
柣	6	秩	0.9852
柦	6	桓	0.9842
柹	0	材	0.9734
栛	3	協	0.9781
栨	5	梭	0.9713
栬	2	梅	0.9645
栭	8	栖	0.9806
栰	7	粹	0.9728
桋	14	梯	0.9772
梄	9	栖	0.9917
梇	9	棉	0.9777
梍	9	桿	0.9852
梚	15	梯	0.9757
梡	0	榜	0.9732
梥	1	梁	0.9727
棌	6	採	0.9768
棢	0	楠	0.9765
棬	5	楼	0.9752
椆	1	糊	0.9699
椇	5	根	0.9769
椑	16	梯	0.9762
椠	4	袭	0.9630
椲	10	棉	0.9833
椶	6	梭	0.9838
楆	2	樓	0.9697
楉	11	棉	0.9799
楋	2	种	0.9703
楑	8	粹	0.9746
楘	1	桑	0.9694
楲	3	械	0.9750
榃	2	杏	0.9646
榐	4	梗	0.9785
榞	6	概	0.9705
榩	14	稜	0.9754
榪	3	穂	0.9720
榱	9	椿	0.9791
榽	8	稼	0.9692
槀	6	桌	0.9670
槒	15	檔	0.9759
槖	0	袁	0.9620
槚	11	標	0.9760
槢	16	檔	0.9716
槮	5	慘	0.9672
槰	10	橙	0.9685
槵	3	横	0.9821
槷	4	梨	0.9716
槼	6	架	0.9751
槾	17	檔	0.9739
樍	8	積	0.9857
樠	1	楠	0.9747
樢	4	楊	0.9764
樿	6	禪	0.9802
橁	7	榴	0.9708
橉	6	楼	0.9761
橊	4	權	0.9809
橕	18	檔	0.9767
橜	2	梁	0.9747
橳	3	搬	0.9674
橺	0	樞	0.9678
檊	7	橘	0.9655
檌	2	框	0.9643
檪	7	梭	0.9705
檷	9	彌	0.9602
檺	7	樣	0.9752
檾	2	榮	0.9637
檿	5	梨	0.9732
櫉	9	欄	0.9778
櫌	19	榎	0.9741
櫼	10	繊	0.9646
欃	9	穫	0.9624
欓	5	檀	0.9666
欗	10	欄	0.9847
欥	1	吹	0.9865
欿	23	礙	0.9681
歀	5	款	0.9718
歈	4	飲	0.9630
歭	10	峙	0.9679
殙	7	婚	0.9651
殩	3	殘	0.9656
毚	3	急	0.9563
毨	2	选	0.9524
毹	7	输	0.9635
毺	5	喻	0.9484
毼	7	揭	0.9685
氄	4	摇	0.9715
氉	6	操	0.9734
氍	15	撞	0.9674
氝	2	氣	0.9783
氞	10	氧	0.9723
氠	11	氧	0.9731
氥	12	氧	0.9802
氭	13	氧	0.9747
氱	2	氫	0.9635
氺	0	长	0.9589
汈	2	尔	0.9684
汖	1	状	0.9634
汘	4	汗	0.9876
汻	5	汗	0.9743
沊	3	砂	0.9521
沍	4	浪	0.9489
沲	1	泡	0.9767
沶	1	涼	0.9662
洀	1	舟	0.9684
洅	1	浦	0.9747
洘	2	考	0.9763
洚	0	泽	0.9823
洤	1	泽	0.9697
洦	5	泊	0.9858
洬	4	列	0.9541
浭	0	湧	0.9659
浱	0	振	0.9676
浲	2	泽	0.9816
浵	1	從	0.9644
涍	8	淳	0.9726
涫	6	泊	0.9770
涳	2	湾	0.9723
淊	6	浩	0.9724
淢	0	浜	0.9740
淽	4	滨	0.9712
渞	1	消	0.9812
渧	2	滞	0.9786
渳	1	潮	0.9690
渻	3	湾	0.9669
渿	12	涂	0.9690
湅	1	煉	0.9799
湋	4	漳	0.9777
湌	7	冷	0.9753
湡	3	涌	0.9697
湨	10	漫	0.9648
湭	1	猶	0.9833
溚	2	浴	0.9695
溠	1	津	0.9734
溰	4	湾	0.9740
溿	3	畔	0.9651
滗	0	浅	0.9619
滜	6	混	0.9746
滪	2	预	0.9764
滫	6	僚	0.9606
滶	13	激	0.9832
滽	4	涯	0.9654
漅	5	潜	0.9753
漎	2	從	0.9701
漧	3	滿	0.9671
漨	2	逢	0.9707
漹	8	潟	0.9745
潄	14	激	0.9743
潕	1	漁	0.9707
潝	8	鈴	0.9670
澅	4	窪	0.9633
澒	3	演	0.9750
澓	1	復	0.9761
澨	7	澄	0.9706
澬	4	濱	0.9817
澰	2	險	0.9685
澻	2	遂	0.9709
澼	5	赖	0.9729
澾	3	漢	0.9721
濓	9	嫌	0.9669
濲	3	穀	0.9750
濳	7	潛	0.9883
濴	5	潔	0.9707
瀈	6	潭	0.9652
瀡	6	縦	0.9652
瀵	3	簿	0.9682
瀼	3	灌	0.9735
灁	6	潤	0.9753
灅	3	彈	0.9507
灉	5	灘	0.9707
灐	16	發	0.9611
灨	4	瀧	0.9677
灺	3	她	0.9763
炏	0	炒	0.9735
炓	0	刘	0.9699
炱	4	负	0.9539
炴	2	煉	0.9741
烀	3	秘	0.9732
烓	5	娃	0.9696
烞	1	利	0.9681
烡	2	净	0.9575
烰	3	浮	0.9699
烲	2	灵	0.9523
烳	2	浦	0.9745
焑	6	烟	0.9927
焝	8	婚	0.9844
焫	3	剤	0.9707
煀	6	堀	0.9710
煋	8	煌	0.9734
煡	4	焼	0.9620
煪	2	猶	0.9754
煳	1	湖	0.9816
煶	9	煌	0.9678
煻	6	廉	0.9690
熖	3	稲	0.9658
熚	11	輝	0.9768
熷	7	赠	0.9704
熸	8	潛	0.9768
熼	12	輝	0.9696
熽	1	肅	0.9727
燂	6	煙	0.9759
燑	7	煙	0.9691
燨	4	爆	0.9669
燱	6	鳩	0.9634
爈	6	爐	0.9822
爔	6	渤	0.9682
爕	6	談	0.9538
牅	4	勵	0.9600
牑	6	肺	0.9678
牚	4	掌	0.9801
牜	1	牡	0.9664
牣	8	彻	0.9715
牥	3	坊	0.9742
牶	5	拳	0.9851
牷	10	玲	0.9703
犎	9	挥	0.9637
犦	8	犠	0.9701
犩	16	擎	0.9595
犫	11	壤	0.9570
犲	5	犹	0.9679
狉	0	还	0.9601
狔	2	泥	0.9771
狕	4	効	0.9616
狚	1	狙	0.9759
狟	4	猎	0.9730
猂	6	獲	0.9688
猍	4	狭	0.9705
猸	5	循	0.9708
猼	7	獲	0.9708
獑	0	漸	0.9676
獘	7	獎	0.9730
獡	9	潟	0.9692
獧	7	猿	0.9799
獶	8	猿	0.9669
獽	8	獲	0.9578
玏	3	功	0.9748
玔	2	圳	0.9869
玪	11	玲	0.9880
珃	4	埔	0.9787
珆	0	始	0.9695
珕	4	協	0.9771
珱	3	桜	0.9696
珳	0	纹	0.9684
琂	4	裏	0.9611
琌	10	跨	0.9708
琟	3	堆	0.9831
琣	3	培	0.9812
琸	1	掉	0.9767
瑉	3	瑠	0.9694
璄	3	境	0.9843
璅	8	擬	0.9690
璒	4	壌	0.9686
璓	2	速	0.9636
璔	1	增	0.9796
璱	1	瑟	0.9767
璻	0	斑	0.9712
瓅	9	樂	0.9732
瓕	10	彌	0.9253
瓗	11	攜	0.9837
瓙	3	壽	0.9562
瓧	6	到	0.9483
瓫	2	瓷	0.9621
瓰	5	訟	0.9453
瓸	7	到	0.9481
甀	2	郵	0.9638
甁	5	瓶	0.9845
甏	3	警	0.9559
甛	3	甜	0.9753
甠	3	旺	0.9633
畇	2	抱	0.9586
畉	6	映	0.9783
畐	0	冨	0.9793
畨	1	谋	0.9646
畩	1	壊	0.9563
畽	4	睡	0.9580
疐	1	蓮	0.9642
痄	1	养	0.9672
痌	9	洞	0.9713
痟	8	滑	0.9767
痡	3	痛	0.9741
瘆	2	参	0.9622
瘈	4	慶	0.9618
瘊	4	療	0.9721
瘨	6	潰	0.9743
瘹	8	澳	0.9612
癊	3	察	0.9725
癐	1	癒	0.9675
癓	6	潔	0.9616
癛	3	症	0.9591
癠	1	濟	0.9776
癨	5	霍	0.9556
皊	12	玲	0.9761
皘	10	晴	0.9902
皫	22	騙	0.9600
皭	19	艦	0.9634
盠	4	急	0.9457
盬	0	鹽	0.9662
盷	8	揭	0.9675
眅	2	販	0.9815
眎	2	时	0.9619
眏	7	映	0.9927
眗	8	跑	0.9661
眪	2	撮	0.9652
眬	6	賊	0.9733
睮	6	喻	0.9858
睴	8	瞳	0.9733
睸	2	眠	0.9655
瞂	4	腹	0.9695
瞍	3	暇	0.9675
瞣	7	曉	0.9660
瞤	4	閏	0.9523
瞲	15	踊	0.9695
瞵	4	麟	0.9697
瞶	11	晴	0.9733
矹	3	研	0.9583
砄	18	模	0.9726
砊	7	航	0.9715
砘	4	础	0.9698
硔	1	供	0.9739
硠	3	很	0.9784
硩	4	哲	0.9824
硾	4	鍾	0.9614
碄	5	琳	0.9768
碊	4	殘	0.9715
碥	4	偏	0.9723
碨	4	硬	0.9713
磆	9	臂	0.9731
磉	7	傑	0.9668
磙	11	橙	0.9696
磞	3	蹴	0.9618
磱	11	赞	0.9647
礇	10	廠	0.9653
礛	20	艦	0.9743
礨	11	觀	0.9483
礭	4	耀	0.9631
礶	5	權	0.9760
礸	5	鑽	0.9735
祋	1	役	0.9724
祑	7	秩	0.9839
祬	8	禅	0.9648
祰	2	祐	0.9700
禐	11	媛	0.9811
禓	9	褐	0.9780
禫	1	福	0.9772
禭	3	遂	0.9667
禯	10	濃	0.9632
禶	9	潛	0.9686
秖	7	祇	0.9810
秠	5	杯	0.9767
秥	0	粘	0.9695
秪	8	祇	0.9818
秱	4	柯	0.9879
秼	6	株	0.9868
稊	17	梯	0.9850
稐	3	槍	0.9746
稘	12	棋	0.9824
稧	15	稜	0.9738
稯	16	稜	0.9780
稸	4	稽	0.9733
稺	5	稚	0.9724
穃	0	释	0.9708
穅	6	稚	0.9692
穟	17	稜	0.9666
穪	11	彌	0.9662
穬	4	穂	0.9762
穵	1	挖	0.9584
穸	2	逻	0.9585
窂	1	牢	0.9816
窐	1	窒	0.9597
窞	5	醫	0.9665
窫	1	勢	0.9531
窼	0	棄	0.9636
窾	6	款	0.9682
竁	4	壽	0.9279
竍	1	计	0.9712
竎	1	弃	0.9669
竏	9	许	0.9770
竗	3	紗	0.9705
竡	6	谓	0.9691
竧	1	射	0.9626
竻	7	笑	0.9569
笽	2	笛	0.9608
筎	1	節	0.9695
筫	1	貸	0.9803
筻	4	遵	0.9558
箣	1	稻	0.9695
箮	6	管	0.9692
篏	22	銃	0.9681
篽	6	鋼	0.9633
簁	1	僕	0.9625
簓	2	凝	0.9539
簨	4	第	0.9639
簰	8	衛	0.9682
簳	14	舒	0.9642
籇	7	豪	0.9603
籒	9	犠	0.9633
籕	5	籍	0.9703
籗	5	奮	0.9650
籞	1	禦	0.9665
籨	0	簽	0.9632
籺	9	染	0.9631
粞	10	栖	0.9879
粯	6	視	0.9821
粰	9	粹	0.9738
粺	9	禅	0.9744
粻	7	粮	0.9800
糂	18	梯	0.9793
糵	1	藥	0.9761
紏	5	续	0.9624
紖	2	線	0.9697
紲	5	純	0.9681
絈	4	紳	0.9732
絎	0	縱	0.9650
絏	4	駁	0.9678
絧	8	銅	0.9698
絭	2	慈	0.9672
絿	2	綠	0.9791
綂	3	線	0.9630
綅	5	急	0.9742
綕	0	続	0.9709
綘	1	鋒	0.9696
綛	3	総	0.9751
綞	5	鍾	0.9719
綳	0	繩	0.9695
緉	19	編	0.9625
緦	12	顯	0.9670
緧	4	納	0.9689
緭	4	絹	0.9778
緺	2	鍋	0.9684
縔	4	縁	0.9662
縗	9	像	0.9762
縶	1	繁	0.9625
繈	11	繊	0.9707
繗	6	磯	0.9732
繟	12	縄	0.9836
繵	8	纏	0.9621
繶	4	戀	0.9771
纎	12	繊	0.9841
纑	20	編	0.9746
纕	9	纏	0.9779
纩	1	矿	0.9550
纼	7	缩	0.9663
绗	2	省	0.9622
缲	3	繰	0.9795
缷	1	卸	0.9781
罉	9	衛	0.9603
罊	4	聲	0.9690
罏	21	艦	0.9512
罦	3	署	0.9695
罻	5	尉	0.9635
羠	4	缺	0.9615
羢	4	辩	0.9636
羾	1	呼	0.9626
翣	2	瓊	0.9566
翧	6	剖	0.9609
翾	6	環	0.9670
耏	2	形	0.9345
耞	3	脚	0.9550
耥	6	赖	0.9688
耪	10	糖	0.9695
耵	3	町	0.9758
耺	2	射	0.9662
聝	9	域	0.9805
聢	4	醍	0.9722
聬	7	聯	0.9632
聮	3	聡	0.9750
聹	16	踊	0.9690
肀	0	車	0.9630
肈	3	肇	0.9854
肎	2	骨	0.9683
肦	2	脫	0.9662
胈	4	胶	0.9763
胏	3	劫	0.9699
胔	10	褐	0.9700
胻	4	饰	0.9704
胾	8	裁	0.9762
脟	9	腺	0.9748
脺	5	胶	0.9706
腘	3	胴	0.9683
腲	7	腰	0.9687
腶	2	股	0.9721
腽	0	胆	0.9761
膁	2	牌	0.9668
膆	3	藤	0.9835
膕	2	腿	0.9616
膪	7	膳	0.9738
膯	10	騰	0.9711
膰	8	播	0.9622
膸	3	腿	0.9723
臁	7	廉	0.9682
臇	8	膳	0.9692
臒	5	腹	0.9744
臩	1	穿	0.9580
臮	2	衰	0.9581
臿	0	币	0.9570
舦	3	煉	0.9630
舴	3	撤	0.9572
艎	5	耀	0.9706
艔	6	艘	0.9719
艜	6	耀	0.9663
艧	9	擬	0.9688
艻	2	芳	0.9697
艼	2	节	0.9583
芛	1	芽	0.9665
芢	6	苻	0.9610
芤	0	孔	0.9670
芧	1	茅	0.9681
芲	3	芥	0.9552
苆	11	勃	0.9648
苈	1	劳	0.9588
苤	0	辛	0.9667
苪	0	满	0.9610
苰	0	弘	0.9585
苲	4	若	0.9660
苼	0	生	0.9734
苽	5	茂	0.9449
茐	6	妨	0.9479
茢	12	勃	0.9676
茦	3	萊	0.9729
茳	5	若	0.9668
茻	2	韓	0.9492
茿	2	茅	0.9671
荄	0	亥	0.9656
荍	2	技	0.9641
荎	0	室	0.9694
荙	2	送	0.9623
荝	3	顿	0.9672
荵	3	虑	0.9431
莂	2	慌	0.9624
莈	3	莽	0.9686
莍	0	求	0.9749
莑	0	峯	0.9789
莗	4	董	0.9730
莝	2	卒	0.9670
莤	5	萬	0.9663
莬	1	费	0.9582
菐	0	業	0.9727
菕	2	崙	0.9702
菤	2	卷	0.9729
菶	0	奉	0.9765
菺	2	膚	0.9768
菾	1	蒸	0.9656
萈	1	寛	0.9762
萫	0	蕃	0.9832
萻	7	菩	0.9799
萿	7	浩	0.9708
葀	3	特	0.9750
葈	1	棄	0.9607
葊	2	蒼	0.9734
葒	5	惹	0.9613
葓	4	灌	0.9740
葟	1	皇	0.9576
葠	3	侵	0.9678
蒇	4	歲	0.9686
蒒	6	瑞	0.9673
蒚	4	嘉	0.9696
蒣	6	茶	0.9626
蒩	0	拍	0.9735
蓗	0	徒	0.9730
蓘	1	卖	0.9679
蓛	5	萩	0.9738
蓶	5	推	0.9627
蔂	2	幕	0.9711
蔃	1	強	0.9646
蔆	3	凌	0.9670
蔇	2	蒲	0.9694
蔊	4	清	0.9694
蔙	6	旋	0.9768
蔠	2	終	0.9681
蔸	0	癌	0.9510
蕌	8	菩	0.9664
蕐	0	齒	0.9588
蕝	11	綿	0.9650
蕢	2	貴	0.9838
蕫	5	董	0.9657
蕬	3	慈	0.9660
薉	5	歲	0.9664
薘	2	達	0.9753
薚	3	绩	0.9629
薢	4	解	0.9718
薲	0	責	0.9659
薶	3	貓	0.9599
薸	12	漂	0.9755
薼	3	塵	0.9811
蘞	4	效	0.9551
蘤	6	繞	0.9551
蘥	8	输	0.9500
蘺	11	糖	0.9576
虅	4	藤	0.9779
虆	4	藻	0.9522
虉	0	誌	0.9535
虘	3	膚	0.9760
虠	4	察	0.9621
虡	4	慮	0.9741
虣	8	聯	0.9701
虦	4	貌	0.9432
虰	3	虹	0.9781
虶	4	虹	0.9662
蚈	5	斬	0.9574
蚍	8	毗	0.9797
蚒	4	堺	0.9678
蚚	7	坑	0.9636
蚦	2	珊	0.9646
蚸	2	诉	0.9712
蚻	4	蛮	0.9609
蚼	8	拘	0.9653
蛁	2	昭	0.9719
蛂	1	坡	0.9757
蛚	0	迦	0.9532
蛬	7	棲	0.9596
蜄	1	振	0.9681
蜅	5	埔	0.9790
蜎	4	帕	0.9594
蜦	10	瑜	0.9597
蝍	7	卿	0.9719
蝐	12	増	0.9729
蝥	5	蛮	0.9746
蝭	9	堤	0.9752
螀	6	蛮	0.9683
螆	2	糾	0.9516
螏	2	坡	0.9682
螔	2	墟	0.9434
螧	8	酢	0.9654
螱	7	蜜	0.9618
螶	0	蟲	0.9597
螿	8	蜜	0.9763
蟁	5	騒	0.9674
蟉	4	膠	0.9585
蟐	10	蹄	0.9743
蟔	4	點	0.9645
蟗	1	事	0.9614
蟣	7	磯	0.9667
蟫	9	禮	0.9652
蠄	5	蜂	0.9611
蠘	6	難	0.9649
蠛	13	塘	0.9665
蠦	2	副	0.9521
蠬	12	鴨	0.9619
蠰	12	壤	0.9792
蠷	16	撞	0.9664
蠺	13	縄	0.9546
衑	5	你	0.9697
衺	3	衰	0.9707
袃	3	装	0.9721
袌	1	痕	0.9648
袑	0	報	0.9678
袚	2	夜	0.9685
袠	2	表	0.9666
袥	8	禄	0.9656
袬	4	衰	0.9684
袵	6	神	0.9689
裌	7	俠	0.9659
裎	4	程	0.9787
裠	1	養	0.9766
裩	2	福	0.9744
裮	2	智	0.9714
褁	2	裴	0.9644
褍	5	端	0.9771
褝	10	禅	0.9886
褳	12	糖	0.9684
褷	8	傑	0.9682
褺	1	熱	0.9655
褾	12	標	0.9798
襆	2	糕	0.9727
襉	11	欄	0.9724
襏	5	察	0.9695
襒	9	嫩	0.9589
襘	1	繪	0.9683
襙	4	繰	0.9669
襚	7	隧	0.9587
襝	3	檢	0.9755
襧	12	彌	0.9596
襫	3	献	0.9691
覅	5	勳	0.9527
覑	0	規	0.9672
覕	6	腕	0.9648
覙	7	腕	0.9602
覥	12	觀	0.9646
覵	2	間	0.9382
覼	13	彌	0.9576
觍	0	嶼	0.9513
觟	2	触	0.9735
觪	5	解	0.9728
觮	6	解	0.9761
觯	3	観	0.9673
觲	7	解	0.9701
觷	8	脅	0.9662
觹	8	礁	0.9620
觾	11	碳	0.9666
訑	2	地	0.9585
訔	1	喜	0.9641
訧	5	就	0.9696
詃	7	弦	0.9680
詄	9	铁	0.9709
詙	8	敦	0.9709
詨	8	较	0.9656
詶	1	訓	0.9649
誖	7	詩	0.9756
誜	9	設	0.9678
誩	8	譜	0.9746
諹	7	寵	0.9619
諻	3	諱	0.9784
謭	1	剪	0.9546
謮	0	讀	0.9793
謰	2	譲	0.9575
謱	6	講	0.9570
譅	2	露	0.9553
譋	12	闘	0.9689
譒	1	謡	0.9621
譠	9	譜	0.9648
譧	2	謙	0.9761
譪	4	諱	0.9651
譮	0	諭	0.9665
譶	4	臺	0.9396
譾	10	譜	0.9555
讑	1	諭	0.9576
讔	7	證	0.9454
诪	2	读	0.9736
谇	3	卒	0.9739
谫	2	剪	0.9694
谹	8	络	0.9617
谼	3	搭	0.9704
豄	3	續	0.9822
豏	3	謙	0.9785
豘	4	莉	0.9697
豛	0	毅	0.9706
豦	6	威	0.9661
豭	4	穀	0.9667
豰	5	穀	0.9620
豱	1	豬	0.9636
豼	5	貌	0.9537
貆	6	貌	0.9618
貛	4	貓	0.9636
貹	10	賭	0.9674
贐	14	駐	0.9696
贕	10	噸	0.9653
赇	3	叔	0.9711
赥	7	款	0.9688
赨	13	植	0.9718
赯	3	勒	0.9647
赸	3	起	0.9624
趉	6	趙	0.9791
趒	2	逃	0.9688
趿	3	跋	0.9670
跁	10	距	0.9638
跐	9	毗	0.9817
跕	3	貼	0.9766
跘	10	挥	0.9681
跦	4	珠	0.9761
跰	6	跌	0.9655
跱	2	插	0.9718
跲	5	哈	0.9756
跹	3	蹈	0.9590
踧	9	聯	0.9674
踨	4	蹤	0.9704
踲	5	醍	0.9723
踳	3	插	0.9756
踿	10	腺	0.9573
蹁	23	騙	0.9763
蹚	5	歸	0.9732
蹝	5	蹤	0.9709
蹢	11	蹄	0.9732
蹧	17	購	0.9707
蹮	3	野	0.9668
蹷	5	慶	0.9610
躗	1	蟹	0.9547
躦	2	賢	0.9704
躶	6	顆	0.9744
躹	10	擬	0.9698
軎	1	害	0.9778
軙	4	搜	0.9716
軰	5	輩	0.9748
軲	4	甜	0.9679
軵	5	輌	0.9606
輇	2	軽	0.9749
輏	6	輌	0.9726
輣	4	醐	0.9565
轇	10	撥	0.9433
轈	15	駐	0.9628
轒	2	轉	0.9654
轕	14	塘	0.9661
轣	6	離	0.9652
轾	8	辖	0.9690
辥	2	辯	0.9716
迍	4	連	0.9760
迖	1	迷	0.9707
逧	3	逢	0.9568
邧	3	邪	0.9677
郍	11	都	0.9670
郱	5	郑	0.9690
郹	8	郭	0.9739
郻	6	陽	0.9525
鄃	2	邨	0.9406
鄍	9	郭	0.9711
鄐	12	都	0.9704
鄟	14	郡	0.9662
鄳	16	駒	0.9492
鄵	13	都	0.9595
酙	2	醉	0.9720
酲	9	酷	0.9749
酽	6	醍	0.9680
酾	4	酬	0.9594
醁	8	喉	0.9688
醆	1	酸	0.9675
醑	7	醍	0.9742
醡	5	醒	0.9780
醧	1	嗣	0.9603
醩	7	輌	0.9685
醶	11	瑜	0.9718
醿	10	聯	0.9549
釢	5	欽	0.9666
釨	15	舒	0.9710
釺	11	針	0.9715
釽	9	弧	0.9486
鈅	13	銀	0.9624
鈖	6	欽	0.9595
鈗	23	銃	0.9750
鈛	5	叙	0.9750
鈪	14	銀	0.9637
鉐	9	鈴	0.9731
鉥	15	鋳	0.9720
鉮	12	針	0.9705
鉰	9	銅	0.9755
鉼	16	鋳	0.9695
銄	10	銅	0.9804
銔	1	斜	0.9691
銙	10	鈴	0.9766
銧	17	鉄	0.9630
銰	18	鉄	0.9732
鋍	23	鎮	0.9722
鋑	10	錫	0.9648
鋖	12	媛	0.9654
鋞	23	鑑	0.9694
鋟	13	録	0.9739
鋠	15	銀	0.9758
鋡	11	鈴	0.9798
鋥	7	錯	0.9695
鋻	2	緊	0.9674
鋿	3	鍋	0.9719
錉	14	録	0.9708
錧	9	銷	0.9837
錴	6	錐	0.9581
錷	3	働	0.9641
鍐	7	鍛	0.9705
鍒	6	叙	0.9675
鍗	8	錯	0.9723
鍭	4	錄	0.9719
鍯	2	緩	0.9586
鍲	10	銷	0.9759
鍻	9	鎖	0.9708
鎃	6	缓	0.9572
鎜	2	盛	0.9533
鎯	16	銀	0.9709
鎴	10	鎖	0.9694
鎸	17	鋳	0.9668
鎻	11	鎖	0.9824
鏄	5	稱	0.9639
鏚	4	鉱	0.9672
鏠	8	縫	0.9850
鏭	7	綬	0.9646
鏴	8	鍛	0.9708
鏺	11	錫	0.9667
鐎	7	錐	0.9661
鐩	9	縫	0.9627
鐪	6	験	0.9574
鐭	9	鍛	0.9663
鐱	12	鈴	0.9687
鐻	17	銀	0.9707
鐾	17	發	0.9570
鑂	4	鏡	0.9617
鑐	9	鐘	0.9631
鑳	7	鍵	0.9740
钭	6	针	0.9756
钸	5	饰	0.9841
铇	4	砲	0.9769
铘	5	娜	0.9746
铞	12	锦	0.9868
锊	15	録	0.9788
锖	7	镇	0.9826
锞	5	课	0.9726
锠	10	销	0.9850
锧	6	锡	0.9719
锬	7	谈	0.9730
锾	3	緩	0.9690
镃	2	磁	0.9832
镘	13	锦	0.9712
镟	7	锡	0.9689
镢	3	厥	0.9603
镩	4	铺	0.9676
镵	7	繞	0.9673
闉	13	闘	0.9709
闑	14	闇	0.9754
闒	14	闘	0.9618
闠	15	闇	0.9798
闤	16	闇	0.9697
闬	3	掃	0.9669
阓	4	圆	0.9591
阘	2	詞	0.9521
阛	8	赠	0.9587
阥	3	秒	0.9567
阦	0	队	0.9676
阫	2	怀	0.9663
阭	4	砂	0.9515
阸	1	陀	0.9596
陃	4	炳	0.9685
陏	2	阵	0.9665
陑	1	师	0.9558
陖	8	隧	0.9703
陹	3	阵	0.9627
陿	0	阪	0.9646
隌	1	陪	0.9909
雃	6	雅	0.9798
雈	3	崔	0.9823
雔	7	難	0.9670
霒	2	龄	0.9670
霛	2	靈	0.9548
霣	1	賞	0.9588
靁	4	霸	0.9699
靸	4	鞭	0.9623
鞈	1	輪	0.9634
鞒	5	缺	0.9583
鞢	2	鞍	0.9681
鞧	7	離	0.9719
鞲	7	講	0.9643
鞳	4	搭	0.9486
鞶	4	肇	0.9723
鞹	13	觀	0.9608
鞺	8	講	0.9641
鞼	3	韓	0.9672
韎	4	辣	0.9645
韲	2	暂	0.9497
韾	5	聲	0.9698
頋	2	順	0.9713
頝	9	頗	0.9752
頯	10	頗	0.9773
顅	1	顧	0.9797
顸	3	预	0.9794
颟	11	聯	0.9700
颭	8	腕	0.9540
飂	5	膠	0.9659
飇	5	麟	0.9631
飊	9	曖	0.9541
飌	14	觀	0.9705
飣	2	餌	0.9706
飤	5	飲	0.9640
飬	2	養	0.9766
飱	9	猴	0.9581
飵	3	飾	0.9738
飶	6	飲	0.9650
飿	8	館	0.9705
餋	6	餐	0.9711
餎	9	络	0.9749
餔	8	舗	0.9768
餖	5	领	0.9650
餟	10	鍛	0.9691
餤	6	领	0.9639
餧	16	録	0.9777
餫	11	禅	0.9658
餶	1	飼	0.9730
饆	5	偶	0.9620
饎	9	館	0.9729
饙	10	館	0.9758
饠	5	鑼	0.9831
饳	5	础	0.9740
馝	6	淑	0.9640
馞	0	辞	0.9744
馪	6	額	0.9749
馲	7	駛	0.9583
馵	9	脅	0.9625
駜	9	駿	0.9568
駩	7	験	0.9713
駪	8	駛	0.9761
騘	4	聡	0.9554
騚	22	艦	0.9690
騛	11	騰	0.9471
騟	5	驗	0.9765
騱	10	駿	0.9589
騵	6	顕	0.9643
驆	18	購	0.9638
驏	5	疆	0.9456
驖	9	駛	0.9534
驨	13	鴨	0.9636
骉	0	憂	0.9409
骟	9	赠	0.9630
骿	16	駐	0.9597
髇	3	臨	0.9526
髗	17	駒	0.9425
髤	0	案	0.9705
髨	9	髪	0.9431
髱	10	髪	0.9425
髼	5	肇	0.9327
髾	5	鲁	0.9615
鬅	1	易	0.9496
鬌	4	着	0.9544
鬕	11	髪	0.9411
鬭	15	闘	0.9649
鬴	3	輻	0.9593
魆	1	越	0.9659
魌	6	魁	0.9745
魕	6	麟	0.9519
魛	7	鮑	0.9568
魤	3	靴	0.9633
魬	18	銀	0.9573
魸	8	鮑	0.9654
魽	5	碑	0.9603
鮊	4	舶	0.9654
鮌	6	訟	0.9565
鮍	8	験	0.9639
鮏	5	鮮	0.9623
鮖	9	礁	0.9611
鮦	11	銅	0.9698
鯑	10	礁	0.9658
鯣	12	錫	0.9586
鯥	6	鮮	0.9673
鯯	8	難	0.9582
鯲	21	編	0.9555
鯺	3	儲	0.9682
鰀	4	緩	0.9670
鰋	6	鍾	0.9555
鰗	5	醐	0.9672
鰞	22	編	0.9576
鰧	12	騰	0.9818
鰨	13	鯨	0.9603
鰵	2	繁	0.9687
鱁	10	縫	0.9603
鱍	9	鐵	0.9581
鱢	5	繰	0.9699
鱤	23	編	0.9565
鱪	14	縄	0.9691
鱬	23	艦	0.9587
鱾	3	记	0.9567
鲏	5	破	0.9789
鲪	2	裡	0.9637
鲺	2	顧	0.9610
鲾	17	踊	0.9677
鳁	3	監	0.9554
鳈	14	樋	0.9677
鳠	10	穫	0.9628
鳤	4	蹈	0.9697
鳦	1	宽	0.9430
鳱	10	鴉	0.9727
鴋	7	鳩	0.9746
鴘	11	鴉	0.9768
鴮	2	誇	0.9631
鴰	6	聽	0.9643
鴱	0	嶺	0.9680
鴲	5	絹	0.9632
鴳	10	潟	0.9670
鵁	6	湿	0.9762
鵭	12	鎖	0.9689
鵵	12	鴉	0.9743
鵶	14	龍	0.9627
鵹	15	鷲	0.9717
鵽	9	繫	0.9677
鶊	10	赠	0.9656
鶖	16	鷲	0.9782
鶙	5	憩	0.9598
鶝	6	疆	0.9622
鶱	15	驚	0.9677
鶷	5	需	0.9634
鷌	7	調	0.9651
鷞	12	擔	0.9476
鷧	8	寵	0.9729
鷫	6	鶴	0.9597
鷾	3	翡	0.9595
鸁	5	贏	0.9876
鸅	14	鴨	0.9637
鸓	6	驅	0.9606
鸙	6	驗	0.9574
鸤	8	航	0.9569
鸴	0	翌	0.9507
鹯	0	記	0.9455
鹻	13	糖	0.9665
麚	10	臂	0.9657
麧	1	毅	0.9565
麨	3	逃	0.9540
麫	4	陵	0.9622
麬	3	被	0.9541
麳	18	稜	0.9600
黆	4	勒	0.9622
黓	4	戲	0.9431
黗	5	點	0.9686
黢	11	駿	0.9685
黭	7	驗	0.9771
鼌	5	毫	0.9666
鼔	8	鼓	0.9872
鼖	2	蒂	0.9565
鼛	6	聲	0.9708
鼥	8	製	0.9680
鼲	10	駛	0.9546
鼶	10	曖	0.9510
鼽	11	臟	0.9580
齇	15	鴨	0.9634
齠	4	韶	0.9625
齼	11	撥	0.9633
龎	2	龐	0.9852
龘	9	寵	0.9465
龱	0	冈	0.9726
龴	0	立	0.9319
龻	4	墨	0.9242
鿃	4	囗	0.9176
鿠	5	囗	0.9176
㐅	1	长	0.9409
㐧	0	牙	0.9611
㐲	1	伏	0.9753
㑳	3	優	0.9541
㒰	2	令	0.9570
㒷	2	兵	0.9508
㕑	1	屈	0.9580
㕓	5	墨	0.9526
㕷	6	坦	0.9664
㖟	10	堤	0.9589
㖡	3	夜	0.9636
㖿	15	郡	0.9612
㗁	6	喝	0.9566
㗊	2	吊	0.9490
㗚	0	栗	0.9670
㗰	6	蹤	0.9730
㗳	3	喀	0.9595
㗾	4	靴	0.9538
㘧	9	坪	0.9674
㘭	1	幻	0.9558
㙎	11	城	0.9653
㙻	13	擴	0.9600
㚇	2	変	0.9573
㚫	2	坂	0.9645
㛄	0	伐	0.9669
㛐	5	硬	0.9701
㛧	23	婦	0.9698
㜅	0	畜	0.9680
㜑	0	賽	0.9648
㜪	1	奠	0.9558
㜲	4	應	0.9584
㜺	6	贊	0.9632
㝏	4	芥	0.9677
㝡	0	取	0.9604
㞒	2	盾	0.9722
㞧	1	爿	0.9589
㟓	2	临	0.9579
㟧	5	嵩	0.9481
㟶	9	慎	0.9618
㠜	12	握	0.9533
㡠	3	峰	0.9543
㡣	15	龍	0.9732
㡳	1	底	0.9673
㢉	4	剤	0.9626
㢸	5	逮	0.9569
㣺	2	忙	0.9456
㤝	2	剂	0.9621
㤧	0	店	0.9558
㦂	13	顯	0.9531
㦤	1	認	0.9528
㦮	0	麦	0.9490
㧍	2	护	0.9712
㧎	3	拓	0.9678
㧓	2	抓	0.9680
㧟	6	坛	0.9586
㧯	9	裝	0.9618
㨂	14	植	0.9674
㨘	0	堵	0.9688
㩉	5	捨	0.9571
㩗	12	攜	0.9697
㩧	13	擇	0.9698
㩪	2	擾	0.9602
㩲	1	摧	0.9710
㪷	8	到	0.9648
㫕	0	見	0.9613
㫛	2	明	0.9559
㬅	4	晃	0.9633
㭗	3	杏	0.9678
㯋	7	桓	0.9739
㯓	4	槍	0.9599
㰖	2	櫃	0.9661
㱐	2	証	0.9581
㳄	0	次	0.9671
㳇	0	汶	0.9655
㳉	4	惧	0.9653
㳚	2	聚	0.9664
㳬	2	復	0.9655
㴠	2	涵	0.9666
㵐	4	厥	0.9580
㵮	5	灌	0.9642
㵸	16	舒	0.9567
㵼	7	湿	0.9720
㶏	4	優	0.9567
㶚	4	槽	0.9654
㶣	3	灵	0.9559
㷇	6	恢	0.9537
㷍	6	吟	0.9526
㷏	6	胶	0.9639
㷛	20	榎	0.9680
㷿	4	劍	0.9667
㸃	6	點	0.9635
㸆	10	煌	0.9577
㸺	1	塁	0.9622
㹭	3	独	0.9674
㺄	2	剣	0.9658
㺪	7	坛	0.9674
㺴	2	块	0.9637
㻂	3	拼	0.9695
㻐	10	裝	0.9611
㻑	3	吞	0.9638
㽦	1	冨	0.9537
㾪	4	窄	0.9615
㿭	6	破	0.9639
䀉	2	冨	0.9565
䀏	4	俱	0.9557
䀝	10	毗	0.9621
䀭	2	骸	0.9476
䁪	2	雖	0.9521
䁱	3	暁	0.9672
䂻	7	雅	0.9669
䃌	6	醒	0.9648
䃺	3	裔	0.9607
䄙	3	福	0.9651
䄷	4	拓	0.9671
䅣	5	程	0.9733
䅲	5	稽	0.9752
䅴	21	榎	0.9719
䅿	6	構	0.9723
䆃	6	渠	0.9613
䆅	22	榎	0.9682
䆡	1	長	0.9633
䆲	4	赛	0.9643
䇂	1	辛	0.9678
䇮	2	往	0.9596
䇶	4	魚	0.9627
䊦	4	精	0.9614
䌫	14	顯	0.9552
䏣	1	胆	0.9760
䏭	4	勅	0.9653
䏰	4	腿	0.9614
䐃	8	脑	0.9617
䐗	3	胜	0.9702
䑏	2	屈	0.9652
䑞	6	醫	0.9595
䒑	0	亠	0.9552
䓫	1	寄	0.9744
䓲	4	埼	0.9569
䓶	3	剰	0.9657
䔃	15	植	0.9681
䔖	3	擾	0.9443
䔲	6	替	0.9658
䕃	2	蔭	0.9740
䕷	0	腐	0.9598
䖏	5	慮	0.9601
䖑	3	肥	0.9539
䖔	13	擔	0.9596
䖙	10	學	0.9535
䖝	0	虽	0.9642
䗁	5	埼	0.9707
䗧	5	壌	0.9645
䗪	4	塵	0.9581
䗫	10	椿	0.9630
䘃	6	墨	0.9614
䘎	6	霍	0.9492
䘏	1	邱	0.9621
䘙	6	僅	0.9586
䘰	1	誕	0.9634
䛆	0	由	0.9601
䜩	4	擾	0.9524
䝺	1	賛	0.9704
䟔	3	时	0.9602
䟴	5	跟	0.9678
䠷	5	挑	0.9597
䢂	8	湿	0.9524
䢘	6	逮	0.9591
䢵	1	郎	0.9679
䢼	16	郡	0.9669
䣅	1	限	0.9640
䤡	6	壌	0.9638
䤸	17	録	0.9726
䤼	19	銀	0.9662
䥲	2	歐	0.9623
䥵	9	難	0.9617
䦕	5	開	0.9720
䦧	1	閲	0.9700
䦰	17	闇	0.9597
䧑	2	陪	0.9590
䧳	4	堆	0.9626
䨒	1	霜	0.9685
䨓	3	詞	0.9469
䨺	5	雪	0.9450
䨻	3	靈	0.9505
䩞	12	措	0.9612
䪸	1	眼	0.9626
䫆	2	暦	0.9619
䫦	8	桓	0.9647
䫶	1	類	0.9644
䫻	4	肥	0.9607
䭏	2	飼	0.9741
䭣	11	館	0.9577
䭱	8	橘	0.9631
䭾	4	駄	0.9655
䯁	6	廳	0.9588
䯰	4	髮	0.9546
䰖	7	贊	0.9610
䰗	18	闇	0.9556
䱸	5	颗	0.9530
䲁	13	騰	0.9615
䲅	15	觀	0.9599
䲟	2	卸	0.9648
䲠	8	雅	0.9615
䲡	12	館	0.9622
䲳	8	鳩	0.9685
䲹	23	榎	0.9618
䳑	10	慎	0.9608
䳗	3	擊	0.9528
䳘	1	載	0.9588
䴇	3	露	0.9600
䴗	1	思	0.9618
䶎	4	論	0.9511
丆	2	万	0.9404
丒	0	丞	0.9547
丣	2	頑	0.9563
丬	0	卜	0.9698
丵	2	辛	0.9713
乄	1	戈	0.9357
乊	3	尔	0.9356
乑	0	禾	0.9653
乤	0	艺	0.9618
乥	1	乞	0.9647
乧	3	老	0.9633
乨	3	吃	0.9575
乫	1	乳	0.9531
乬	2	尼	0.9422
乮	3	泥	0.9469
乯	3	兵	0.9423
乲	2	资	0.9604
乴	0	贯	0.9501
乵	8	坑	0.9566
乶	3	專	0.9409
乷	0	劣	0.9496
乹	2	乱	0.9566
乺	1	丞	0.9550
乻	2	乳	0.9501
乼	3	考	0.9621
乿	0	亂	0.9575
亃	3	鄰	0.9666
亄	4	凱	0.9542
亇	0	竹	0.9506
亗	0	些	0.9299
亝	1	经	0.9551
亣	1	方	0.9564
亪	2	奕	0.9567
亯	1	盲	0.9837
亱	5	恒	0.9770
亴	0	壳	0.9476
亾	0	达	0.9308
仌	0	众	0.9611
仒	1	公	0.9517
仠	2	仔	0.9770
仢	6	你	0.9663
仦	0	小	0.9665
仧	0	夫	0.9859
仩	0	仕	0.9722
仯	0	少	0.9687
仸	0	沃	0.9724
仹	0	住	0.9750
仺	1	合	0.9770
仾	0	伍	0.9694
伀	5	松	0.9657
伂	1	仲	0.9736
伄	6	偶	0.9753
伅	0	値	0.9677
伆	2	吻	0.9633
伌	2	犯	0.9597
伒	1	所	0.9664
伔	3	沉	0.9582
伖	3	伎	0.9788
伣	6	视	0.9763
伨	1	伤	0.9672
伩	0	仪	0.9778
伮	1	仮	0.9742
伳	6	础	0.9603
伿	2	乐	0.9645
佄	1	伸	0.9663
佅	1	休	0.9765
佊	1	彼	0.9801
佌	1	仰	0.9613
佒	6	侠	0.9748
佡	1	倫	0.9615
佦	2	佑	0.9590
佨	5	砲	0.9700
佭	0	径	0.9717
佱	2	舍	0.9761
佲	1	名	0.9664
佸	1	估	0.9703
侇	1	使	0.9762
侎	1	米	0.9670
侕	2	価	0.9786
侙	4	试	0.9769
侜	5	併	0.9690
侟	1	佈	0.9852
侢	7	偶	0.9753
侤	2	传	0.9735
侰	4	傾	0.9714
侱	2	倡	0.9721
侳	2	挫	0.9690
侴	9	输	0.9646
侸	2	倍	0.9737
侺	12	橙	0.9601
侽	8	偶	0.9662
侾	5	储	0.9744
俒	7	傍	0.9710
俕	2	保	0.9814
俖	3	倍	0.9637
俙	7	僚	0.9726
俜	4	傅	0.9726
俫	7	侠	0.9865
俲	5	効	0.9659
俴	10	像	0.9609
俷	3	側	0.9630
俹	8	街	0.9625
俼	2	借	0.9703
俿	7	渤	0.9620
倁	1	知	0.9769
倃	0	俗	0.9684
倊	7	縦	0.9614
倐	4	俊	0.9670
倠	2	惟	0.9730
倱	2	倶	0.9758
倲	4	煉	0.9775
倳	5	傳	0.9689
倴	8	僚	0.9661
倵	2	低	0.9644
偂	4	側	0.9632
偄	2	假	0.9650
偊	9	偶	0.9805
偋	5	偏	0.9645
偑	3	佩	0.9748
偔	4	僧	0.9631
偗	6	储	0.9689
偙	4	倍	0.9736
偛	13	館	0.9647
偝	2	停	0.9735
偞	3	保	0.9743
偟	7	偉	0.9736
偢	4	秋	0.9695
偣	5	倍	0.9876
偤	3	価	0.9667
偦	10	得	0.9700
偧	7	修	0.9641
偨	9	傑	0.9817
偩	2	偵	0.9757
偫	7	储	0.9768
偮	5	俱	0.9682
偯	2	懐	0.9711
偳	4	儲	0.9722
偺	5	啓	0.9660
偼	3	偵	0.9711
傁	3	假	0.9714
傂	4	佩	0.9477
傄	9	僚	0.9795
傆	5	傾	0.9642
傇	8	偉	0.9637
傊	6	俱	0.9798
傋	7	構	0.9684
傏	3	備	0.9690
傐	6	倍	0.9576
傓	7	倍	0.9613
傗	1	畜	0.9636
傝	4	儒	0.9615
傞	9	偉	0.9661
傟	1	翁	0.9608
傠	5	儲	0.9677
傡	1	倾	0.9652
傤	4	截	0.9722
傦	5	僧	0.9732
傫	18	録	0.9668
傮	10	偶	0.9640
傰	4	備	0.9709
傶	7	碱	0.9706
傸	8	俠	0.9547
傹	8	傍	0.9614
傼	7	僅	0.9678
傽	10	偉	0.9817
傿	4	億	0.9797
僀	5	儒	0.9666
僁	11	像	0.9683
僆	1	健	0.9790
僈	11	慢	0.9739
僋	0	貪	0.9723
僌	1	做	0.9693
僒	11	偉	0.9765
僗	9	傍	0.9599
僘	2	做	0.9763
僛	4	欺	0.9653
僟	0	幾	0.9786
僠	4	潘	0.9718
僢	12	像	0.9597
僤	7	禪	0.9715
僪	6	僑	0.9691
僫	6	儒	0.9643
僯	10	傑	0.9704
僶	1	繩	0.9644
僷	11	鎌	0.9614
僸	13	橙	0.9728
僺	6	繰	0.9707
僼	10	禮	0.9706
儊	5	礎	0.9673
儎	10	鐵	0.9674
儏	11	傑	0.9709
儑	5	優	0.9659
儓	0	信	0.9549
儖	7	儒	0.9759
儙	12	偉	0.9641
儜	8	儒	0.9693
儝	12	傑	0.9686
儠	5	獵	0.9740
儢	5	備	0.9591
儣	11	偶	0.9661
儧	2	價	0.9703
儨	3	質	0.9712
儩	7	鋼	0.9567
儭	15	樋	0.9675
儮	1	歴	0.9624
儯	5	億	0.9719
儰	6	億	0.9760
儱	9	儒	0.9667
儳	1	偽	0.9653
儶	3	催	0.9649
儽	10	儒	0.9470
兂	0	先	0.9661
兏	1	尻	0.9656
兓	2	穿	0.9575
兘	2	施	0.9461
兠	9	坑	0.9561
兡	4	起	0.9554
兣	18	駒	0.9507
兤	1	魔	0.9612
兦	0	込	0.9503
兯	1	並	0.9475
兲	1	穴	0.9449
兺	2	贫	0.9686
兾	1	異	0.9621
冁	5	鞭	0.9727
冞	2	宋	0.9796
冟	1	昆	0.9626
冣	1	取	0.9743
冭	1	农	0.9568
冱	1	纽	0.9556
冸	4	洋	0.9707
冹	1	汶	0.9666
冺	5	浪	0.9752
冾	2	合	0.9750
冿	2	津	0.9880
凁	2	凍	0.9867
凎	13	涂	0.9697
凐	8	煙	0.9698
凒	9	湿	0.9646
凓	6	课	0.9726
凗	1	准	0.9704
凘	6	斯	0.9647
凙	4	澤	0.9884
凚	1	禁	0.9680
凟	7	潰	0.9775
凣	2	几	0.9736
凥	2	尻	0.9699
凲	8	廉	0.9567
凷	1	吐	0.9585
刅	1	刃	0.9685
刉	2	泡	0.9531
刏	9	彻	0.9440
刐	0	别	0.9791
刞	2	叫	0.9547
刟	3	邵	0.9622
刡	0	剧	0.9655
刢	4	诚	0.9599
刯	1	即	0.9602
刴	6	梨	0.9748
刾	3	刺	0.9741
剆	2	即	0.9782
剈	2	削	0.9679
剒	3	副	0.9722
剓	8	獎	0.9670
剘	2	制	0.9656
剙	7	概	0.9678
剟	4	膝	0.9605
剠	8	祠	0.9679
剦	4	飾	0.9641
剨	3	制	0.9768
剫	2	劇	0.9670
剬	4	副	0.9674
剭	1	剧	0.9678
剶	0	剥	0.9689
剸	3	博	0.9630
剹	4	颜	0.9502
剻	3	剛	0.9583
劀	6	阔	0.9720
劅	5	副	0.9650
劆	9	廉	0.9664
劋	7	操	0.9653
劎	5	劍	0.9712
劐	11	慎	0.9669
劕	5	創	0.9673
劚	5	勵	0.9634
劜	3	仇	0.9641
劤	4	仇	0.9603
劥	3	励	0.9648
劧	1	折	0.9663
劮	4	劫	0.9777
劯	4	动	0.9711
劰	2	助	0.9766
劶	4	励	0.9655
劷	13	勃	0.9586
劸	14	勃	0.9688
劽	3	勞	0.9558
勂	8	渤	0.9665
勆	5	动	0.9713
勈	2	動	0.9555
勊	2	勉	0.9706
勎	4	勘	0.9695
勏	15	勃	0.9775
勓	2	階	0.9658
勚	0	勋	0.9722
勜	0	勁	0.9577
勡	6	勳	0.9686
勥	3	麗	0.9545
勨	3	勉	0.9639
勪	6	礎	0.9611
勬	1	勁	0.9635
勭	3	動	0.9814
勯	7	勳	0.9495
勴	8	勳	0.9598
勶	13	燈	0.9596
勽	0	欠	0.9538
匃	0	匈	0.9820
匉	11	得	0.9640
匊	2	菊	0.9705
匌	3	蔭	0.9582
匎	14	騰	0.9537
匑	9	製	0.9668
匒	4	裔	0.9541
匓	2	倾	0.9564
匔	15	網	0.9598
匘	2	腦	0.9603
匛	0	医	0.9666
匞	2	匡	0.9660
匟	1	屍	0.9548
匢	7	陽	0.9491
匥	1	医	0.9591
匧	2	医	0.9402
匨	7	環	0.9607
匩	3	匡	0.9568
匫	1	显	0.9512
匬	7	喻	0.9595
匰	9	瞳	0.9649
匲	2	匯	0.9514
匴	4	置	0.9601
匵	0	圓	0.9503
匶	1	圍	0.9441
匷	2	圍	0.9522
匼	5	裔	0.9495
卙	2	封	0.9692
卪	0	丽	0.9340
卭	2	仰	0.9569
卶	1	夠	0.9522
卼	2	脆	0.9682
厀	3	剩	0.9655
厁	2	斜	0.9617
厃	0	斤	0.9516
厇	1	民	0.9601
厈	1	圧	0.9636
厊	1	辰	0.9728
厑	2	汎	0.9574
厒	1	席	0.9698
厗	2	圧	0.9714
厛	4	脈	0.9663
厜	3	厘	0.9707
厞	3	厚	0.9526
厡	2	原	0.9742
厧	4	厚	0.9786
厪	4	厘	0.9596
厬	1	晨	0.9664
厱	3	險	0.9702
厴	6	磨	0.9694
厵	3	龐	0.9365
厸	2	幻	0.9565
厺	1	杀	0.9560
厼	4	尔	0.9847
厽	1	兹	0.9633
叀	1	専	0.9683
叏	1	麦	0.9734
叐	1	友	0.9624
叒	0	没	0.9667
叓	2	麦	0.9678
叜	5	葵	0.9708
叝	0	报	0.9816
叞	3	戯	0.9666
叴	1	召	0.9540
叿	4	町	0.9712
吀	4	扣	0.9653
吂	1	普	0.9709
吅	0	叩	0.9677
吇	2	預	0.9592
吘	10	许	0.9580
吙	2	吹	0.9670
吢	1	总	0.9537
吣	0	恥	0.9594
吪	4	吃	0.9552
吰	5	宏	0.9647
吷	8	映	0.9749
呁	5	吃	0.9623
呌	1	祉	0.9645
呏	2	听	0.9665
呚	0	收	0.9768
呝	0	页	0.9633
呞	2	両	0.9584
呠	6	林	0.9613
呥	7	哺	0.9725
呧	4	纸	0.9644
呩	1	际	0.9645
呭	2	融	0.9563
呮	0	识	0.9671
呯	2	呼	0.9777
呹	4	咲	0.9770
呺	7	喝	0.9607
咃	9	牠	0.9621
咅	0	音	0.9758
咉	9	映	0.9720
咓	3	呼	0.9580
咞	0	开	0.9697
咠	0	貫	0.9632
咡	1	面	0.9638
咮	3	味	0.9860
咰	3	詢	0.9660
咴	7	恢	0.9750
咵	11	跨	0.9691
咶	3	话	0.9603
咹	11	裝	0.9711
哅	0	胸	0.9661
哊	9	唯	0.9650
哘	6	饰	0.9668
哛	1	贤	0.9608
哜	3	剂	0.9701
哠	10	酷	0.9646
哤	5	颜	0.9521
哫	11	堤	0.9682
哬	10	响	0.9635
哯	6	現	0.9681
哰	11	挥	0.9725
哳	7	斯	0.9701
哴	8	恨	0.9756
哵	5	刷	0.9632
哸	3	授	0.9643
哹	5	蹈	0.9639
哻	9	唱	0.9722
哾	3	悦	0.9771
唀	3	喚	0.9714
唈	0	吧	0.9766
唋	1	餘	0.9656
唌	2	誕	0.9786
唍	4	境	0.9645
唕	6	埠	0.9702
唗	0	走	0.9683
唘	6	潜	0.9714
唙	5	秋	0.9706
唚	5	惧	0.9560
唜	4	杏	0.9644
唝	9	喷	0.9678
唟	2	索	0.9604
唣	5	噶	0.9598
唨	2	阳	0.9609
唴	1	規	0.9632
唺	11	毗	0.9667
唼	1	接	0.9659
唽	7	析	0.9655
啂	3	乳	0.9572
啅	7	埠	0.9549
啈	11	酷	0.9696
啋	7	採	0.9791
啍	7	噴	0.9659
啎	11	错	0.9742
啔	6	啓	0.9761
啙	2	詣	0.9653
啛	8	噴	0.9551
啠	5	哲	0.9725
啩	1	掛	0.9745
啳	4	魂	0.9579
啺	12	場	0.9718
啽	6	艙	0.9617
啿	3	堪	0.9713
喅	7	顕	0.9635
喌	7	艘	0.9532
喍	7	课	0.9696
喐	3	邨	0.9574
喒	7	踏	0.9670
喓	3	要	0.9728
喕	11	噸	0.9639
喖	4	枯	0.9624
喛	8	暖	0.9837
喡	6	噶	0.9669
喢	4	插	0.9773
喣	12	綿	0.9632
喥	4	渡	0.9668
喯	6	裔	0.9701
喴	8	碱	0.9730
喸	2	恵	0.9655
嗁	11	曖	0.9431
嗃	4	搞	0.9534
嗈	16	鴨	0.9536
嗊	9	噴	0.9801
嗋	4	嗜	0.9745
嗐	12	酷	0.9648
嗕	2	麻	0.9612
嗘	12	曖	0.9625
嗞	3	磁	0.9687
嗠	6	絡	0.9747
嗭	5	墓	0.9684
嗴	5	晚	0.9584
嗸	7	啓	0.9789
嗺	2	摧	0.9708
嗼	12	堤	0.9710
嗿	1	貪	0.9715
嘃	6	腫	0.9564
嘄	18	鳴	0.9688
嘇	6	慘	0.9706
嘊	7	割	0.9582
嘋	6	教	0.9759
嘐	6	膠	0.9673
嘑	1	帰	0.9591
嘕	19	鳴	0.9745
嘙	4	喚	0.9662
嘝	6	确	0.9652
嘦	2	賓	0.9482
嘫	2	燃	0.9748
嘬	3	撮	0.9698
嘳	10	噴	0.9849
嘷	1	慣	0.9658
嘺	9	橋	0.9567
嘼	2	疊	0.9677
嘾	1	聞	0.9680
噄	10	繫	0.9657
噅	2	偽	0.9655
噆	5	嗜	0.9648
噇	10	瞳	0.9833
噊	7	阔	0.9710
噋	9	敦	0.9694
噑	20	鳴	0.9651
噒	1	隣	0.9682
噔	12	跨	0.9658
噕	2	爲	0.9633
噖	0	琴	0.9679
噘	5	厥	0.9735
噟	5	應	0.9835
噣	0	蜀	0.9723
噧	7	聘	0.9768
噮	8	環	0.9733
噰	0	擁	0.9773
噳	0	虞	0.9629
噷	3	歐	0.9719
噽	19	檔	0.9707
噾	6	嗜	0.9679
噿	4	喀	0.9629
嚁	5	曜	0.9793
嚂	4	監	0.9646
嚃	8	额	0.9649
嚉	1	對	0.9667
嚊	21	鳴	0.9635
嚋	8	割	0.9482
嚌	2	濟	0.9729
嚍	13	攜	0.9510
嚑	7	聽	0.9614
嚒	5	納	0.9587
嚔	5	嘆	0.9676
嚖	0	慧	0.9706
嚘	13	曖	0.9655
嚛	10	樂	0.9721
嚠	1	劉	0.9670
嚪	16	闘	0.9630
嚯	6	曜	0.9766
嚰	11	赠	0.9770
嚲	4	彈	0.9763
嚵	22	鳴	0.9535
嚺	9	暖	0.9647
嚽	3	賢	0.9775
嚾	7	曜	0.9712
囄	8	離	0.9488
囅	6	鞭	0.9540
囆	11	瞳	0.9628
囋	11	噴	0.9691
囕	4	覽	0.9643
囖	6	鑼	0.9685
囜	2	团	0.9487
囨	3	团	0.9666
囩	2	園	0.9703
囸	3	国	0.9694
囻	5	國	0.9699
囼	1	固	0.9608
圁	1	圓	0.9714
圂	2	函	0.9587
圅	3	暦	0.9581
圊	3	圍	0.9698
圎	2	圓	0.9680
圚	4	圍	0.9687
圛	4	围	0.9672
圝	2	圏	0.9436
圠	1	扎	0.9711
圢	5	打	0.9756
圤	3	扑	0.9793
圥	1	先	0.9738
圱	4	托	0.9664
圲	7	针	0.9691
圵	3	址	0.9793
圶	1	李	0.9607
圸	4	址	0.9711
圼	1	呈	0.9788
圽	0	物	0.9748
圿	13	玲	0.9658
坄	3	投	0.9876
坅	14	玲	0.9822
坆	2	攻	0.9919
坉	2	吨	0.9677
坒	3	毕	0.9654
坓	1	車	0.9595
坕	0	瓜	0.9413
坘	2	姐	0.9615
坙	1	率	0.9508
坜	2	师	0.9668
坢	10	坪	0.9698
坥	7	坦	0.9855
坬	3	抓	0.9705
坱	3	块	0.9869
坲	6	埔	0.9699
坴	1	毒	0.9624
坸	9	拘	0.9852
坹	1	庆	0.9532
坺	3	拔	0.9826
坾	8	坛	0.9607
垀	11	坪	0.9819
垁	12	裝	0.9658
垉	3	抱	0.9800
垊	8	埠	0.9639
垎	5	格	0.9737
垏	4	堪	0.9689
垑	3	移	0.9416
垔	2	聖	0.9542
垖	4	珀	0.9752
垗	6	挑	0.9793
垘	5	张	0.9651
垨	4	培	0.9713
垯	10	域	0.9655
垶	12	坪	0.9787
垹	1	挪	0.9723
垼	3	怪	0.9642
垽	3	暂	0.9681
埀	0	重	0.9560
埁	2	壊	0.9622
埄	2	择	0.9666
埅	5	陵	0.9556
埉	4	峽	0.9699
埊	4	荃	0.9684
埍	5	捐	0.9795
埐	2	長	0.9680
埘	8	谢	0.9659
埢	13	裝	0.9588
埥	13	増	0.9724
埨	2	倫	0.9570
埩	13	輝	0.9628
埪	2	控	0.9784
埬	5	棟	0.9714
埲	11	捧	0.9746
埳	4	塩	0.9698
埾	2	坚	0.9614
堁	5	堺	0.9821
堏	2	楚	0.9584
堐	15	塘	0.9800
堒	2	提	0.9725
堓	16	塘	0.9707
堔	4	探	0.9818
堖	5	喀	0.9618
堚	3	揮	0.9801
堛	14	増	0.9806
堜	0	柬	0.9768
堢	12	裸	0.9762
堣	2	押	0.9741
堥	0	務	0.9545
堫	14	裝	0.9717
堬	12	瑜	0.9737
堲	3	组	0.9630
堳	7	谓	0.9740
堶	6	搖	0.9693
堷	5	培	0.9924
堸	5	風	0.9632
堻	6	肇	0.9661
堼	0	幫	0.9638
塂	4	牲	0.9629
塃	5	撰	0.9731
塄	2	塊	0.9687
塇	7	垣	0.9749
塎	1	容	0.9705
塐	3	索	0.9749
塓	5	填	0.9839
塕	9	環	0.9659
塖	0	乘	0.9645
塛	6	堺	0.9747
塟	2	葬	0.9735
塣	7	肇	0.9585
塦	7	墨	0.9605
塧	5	碎	0.9517
塪	6	蹈	0.9747
塮	9	谢	0.9814
塳	3	緊	0.9661
塴	2	湖	0.9666
塶	17	塘	0.9759
塷	1	歯	0.9605
塺	7	磨	0.9666
塻	20	璋	0.9726
墂	10	環	0.9696
墄	12	城	0.9800
墆	7	瑞	0.9694
墋	7	慘	0.9715
墍	4	望	0.9696
墏	3	密	0.9544
墑	18	摘	0.9875
墔	3	摧	0.9841
墖	6	捨	0.9745
墚	10	染	0.9700
墝	5	境	0.9637
墢	12	撥	0.9820
墤	12	噴	0.9840
墧	10	橋	0.9728
墰	21	璋	0.9706
墴	1	黄	0.9739
墵	22	璋	0.9754
墶	7	壌	0.9727
墷	3	軒	0.9623
墸	23	璋	0.9745
墽	15	激	0.9707
墿	14	擇	0.9824
壀	19	摘	0.9720
壃	17	撞	0.9641
壈	0	喪	0.9546
壍	4	暫	0.9576
壏	20	摘	0.9664
壛	21	摘	0.9579
壣	12	聯	0.9805
壥	14	擴	0.9649
壦	18	撞	0.9781
壧	4	姆	0.9673
壨	0	壘	0.9490
壭	3	节	0.9596
壴	1	青	0.9664
壵	1	击	0.9592
壿	2	墳	0.9732
夁	3	蘭	0.9624
夃	1	奶	0.9655
夅	1	径	0.9692
夈	0	条	0.9828
夎	2	发	0.9716
夓	2	鼎	0.9528
夝	1	舛	0.9649
夞	0	织	0.9646
夡	4	绩	0.9565
夣	2	夢	0.9460
夦	3	够	0.9497
夰	0	乔	0.9700
夳	2	夺	0.9771
夵	0	氷	0.9566
夶	0	杖	0.9651
夻	4	吞	0.9720
夽	1	夸	0.9799
夿	4	色	0.9635
奃	2	夸	0.9643
奅	0	疏	0.9589
奆	1	查	0.9687
奌	3	贵	0.9624
奍	2	养	0.9691
奒	1	亥	0.9530
奓	2	多	0.9649
奙	2	奪	0.9604
奛	9	碱	0.9585
奜	1	斐	0.9725
奞	6	奮	0.9726
奟	7	确	0.9607
奦	9	獎	0.9759
奱	8	變	0.9695
奷	4	奸	0.9851
奺	3	妖	0.9639
奻	0	汝	0.9672
奾	1	姉	0.9806
奿	4	她	0.9634
妅	1	妇	0.9682
妉	7	妨	0.9696
妎	4	价	0.9574
妐	6	松	0.9662
妑	0	妃	0.9721
妔	5	妮	0.9713
妕	2	姉	0.9870
妚	6	杯	0.9664
妛	3	妾	0.9671
妜	7	姊	0.9753
妡	3	诉	0.9754
妢	7	扮	0.9675
妦	6	娃	0.9736
妰	1	妊	0.9687
妴	6	婆	0.9736
妶	5	好	0.9693
妷	4	妖	0.9778
妼	3	泌	0.9726
妽	3	姉	0.9784
妿	4	要	0.9597
姀	5	妖	0.9830
姂	2	泛	0.9712
姄	2	娘	0.9851
姅	4	转	0.9692
姇	3	货	0.9616
姌	4	姉	0.9756
姏	2	姑	0.9684
姕	2	宴	0.9598
姙	5	姉	0.9713
姛	10	洞	0.9684
姟	2	该	0.9780
姠	6	姉	0.9691
姡	2	妊	0.9737
姢	1	始	0.9728
姩	5	奸	0.9811
姭	7	婆	0.9656
姲	1	按	0.9722
姳	2	始	0.9675
姴	2	斐	0.9627
姷	7	姉	0.9753
姼	3	從	0.9479
姽	3	施	0.9698
姾	15	玲	0.9673
娂	7	娃	0.9713
娊	7	視	0.9676
娏	14	淀	0.9603
娐	4	浮	0.9714
娒	5	姆	0.9756
娔	8	娛	0.9700
娕	5	妹	0.9850
娝	7	媒	0.9730
娢	8	啓	0.9689
娤	4	妾	0.9712
娦	8	姊	0.9675
娧	9	娛	0.9676
娨	6	婿	0.9754
娪	7	婿	0.9774
娮	2	妇	0.9719
娰	4	秘	0.9636
娷	10	嫌	0.9675
娹	8	嫁	0.9717
娺	6	殺	0.9607
娻	8	媒	0.9856
娽	8	祿	0.9780
娾	13	握	0.9711
娿	6	嬰	0.9600
婂	8	姉	0.9753
婃	9	嫁	0.9714
婄	10	娛	0.9673
婅	10	嫁	0.9739
婇	8	採	0.9789
婈	19	稜	0.9759
婋	14	婉	0.9709
婌	8	椒	0.9758
婎	5	雄	0.9776
婏	10	嫩	0.9645
婐	13	裸	0.9778
婒	8	谈	0.9727
婔	15	裝	0.9635
婖	11	嫁	0.9766
婗	11	娛	0.9752
婘	6	姆	0.9665
婙	8	解	0.9737
婛	2	涼	0.9715
婜	0	娶	0.9640
婝	15	淀	0.9680
婟	0	姬	0.9760
婡	4	萊	0.9729
婨	3	倫	0.9603
婩	12	娛	0.9665
婫	8	婿	0.9769
婮	6	妮	0.9652
婰	11	嫩	0.9589
婱	5	妾	0.9737
婲	4	诺	0.9685
婳	10	铜	0.9597
婹	4	媽	0.9753
婽	7	姆	0.9714
婾	13	像	0.9573
媀	14	輝	0.9723
媂	13	嫡	0.9803
媃	9	媒	0.9801
媅	3	湛	0.9763
媆	19	模	0.9723
媇	10	媒	0.9788
媈	15	輝	0.9738
媉	14	握	0.9756
媌	9	姫	0.9729
媍	3	妇	0.9737
媎	5	诸	0.9760
媐	7	嬰	0.9583
媑	1	種	0.9696
媔	6	碑	0.9728
媕	5	槍	0.9598
媗	4	滝	0.9686
媘	9	婿	0.9707
媙	12	嫩	0.9714
媝	8	婆	0.9748
媡	5	煉	0.9856
媣	11	染	0.9776
媤	5	媽	0.9652
媥	8	确	0.9677
媦	6	媽	0.9775
媨	9	姉	0.9763
媩	3	湖	0.9728
媬	11	媒	0.9755
媰	13	媛	0.9639
媴	20	模	0.9727
媶	10	姫	0.9725
媷	2	奶	0.9677
媹	10	婿	0.9805
媻	1	努	0.9589
嫅	1	玻	0.9629
嫆	4	溶	0.9733
嫇	11	漫	0.9749
嫍	11	婿	0.9720
嫎	7	琉	0.9702
嫓	9	婚	0.9735
嫛	8	嬰	0.9659
嫝	11	嫌	0.9706
嫞	7	媽	0.9662
嫢	9	嬰	0.9749
嫤	8	媽	0.9684
嫥	12	嫌	0.9675
嫧	8	潰	0.9765
嫨	12	漫	0.9697
嫬	2	鴻	0.9623
嫭	13	嫩	0.9701
嫯	9	婆	0.9746
嫳	17	擎	0.9643
嫴	12	婿	0.9659
嫶	11	礁	0.9672
嫸	13	婿	0.9778
嫼	12	慢	0.9610
嫾	3	磷	0.9708
嫿	8	棲	0.9635
嬂	5	徴	0.9732
嬆	13	瑜	0.9661
嬊	6	妾	0.9643
嬍	4	徵	0.9759
嬎	11	擬	0.9581
嬏	5	潘	0.9778
嬐	4	檢	0.9730
嬒	3	搶	0.9608
嬓	16	激	0.9824
嬔	12	擬	0.9581
嬘	4	遂	0.9638
嬚	13	嫌	0.9843
嬠	2	燥	0.9801
嬥	11	穫	0.9723
嬦	0	蕭	0.9619
嬧	9	棲	0.9616
嬩	8	琉	0.9656
嬮	5	爆	0.9621
嬯	11	煌	0.9585
嬱	0	遭	0.9524
嬳	13	漫	0.9715
嬵	3	辉	0.9719
嬶	2	算	0.9647
嬹	14	嫡	0.9692
嬺	9	煙	0.9653
嬻	1	憤	0.9682
嬼	3	剣	0.9587
嬽	13	慢	0.9614
孂	10	婚	0.9669
孄	15	嫡	0.9794
孇	1	雙	0.9642
孈	16	輝	0.9671
孉	6	權	0.9733
孍	8	姆	0.9735
孎	9	媽	0.9710
孒	1	了	0.9651
孞	1	恋	0.9596
孠	0	享	0.9671
孡	0	冶	0.9609
孧	3	象	0.9604
孨	4	诗	0.9580
孯	1	腎	0.9720
孲	9	街	0.9589
孶	2	導	0.9663
孷	4	厳	0.9729
孾	2	接	0.9706
宆	2	亨	0.9637
宊	2	突	0.9823
宎	2	矢	0.9639
宐	0	岁	0.9411
宑	2	牢	0.9639
宒	1	宅	0.9633
宔	2	宝	0.9698
宖	8	弦	0.9747
宨	4	泥	0.9557
宩	3	宋	0.9792
宯	2	孝	0.9734
宱	5	窄	0.9743
宲	3	棠	0.9784
宺	2	完	0.9701
寈	2	喜	0.9708
寊	3	貴	0.9856
寍	4	密	0.9521
寎	2	病	0.9730
寠	1	寡	0.9625
寣	11	臂	0.9603
寪	1	為	0.9568
寭	3	惠	0.9716
寱	9	蘋	0.9693
寲	14	漫	0.9632
寴	1	競	0.9651
寷	0	豐	0.9739
寽	0	乎	0.9624
尀	4	时	0.9599
尌	3	封	0.9742
尗	3	乐	0.9665
尛	0	弥	0.9586
尡	9	滑	0.9708
尣	0	介	0.9460
尦	2	论	0.9376
尩	3	论	0.9535
尮	1	魅	0.9638
尯	4	勉	0.9492
尰	7	腫	0.9594
尲	7	魁	0.9680
尳	8	魁	0.9524
尵	9	鳩	0.9604
尶	19	駒	0.9459
屔	7	既	0.9692
屖	2	屏	0.9782
屗	3	遇	0.9589
屟	0	展	0.9719
屧	6	爆	0.9732
屪	0	屠	0.9669
屫	7	廳	0.9678
屰	0	逆	0.9639
屳	2	企	0.9493
屵	1	芦	0.9679
屶	2	爿	0.9606
屷	3	听	0.9646
屸	5	町	0.9530
屼	0	加	0.9563
屽	2	峠	0.9726
岃	2	劳	0.9619
岄	0	朋	0.9496
岆	3	快	0.9638
岇	3	即	0.9626
岋	2	吸	0.9704
岓	0	屿	0.9615
岝	3	岩	0.9633
岟	2	峡	0.9718
岥	2	岐	0.9760
岮	11	蛇	0.9643
岯	3	怀	0.9696
岰	3	侧	0.9562
岲	3	呪	0.9783
岴	3	卸	0.9435
岶	5	帕	0.9813
峂	2	岭	0.9584
峆	6	哈	0.9722
峈	4	峰	0.9716
峉	4	客	0.9726
峊	1	畠	0.9725
峌	9	到	0.9736
峍	11	峙	0.9596
峎	4	良	0.9727
峏	6	帕	0.9555
峑	5	荃	0.9802
峓	10	映	0.9611
峔	13	城	0.9656
峖	14	城	0.9692
峚	6	荃	0.9672
峛	15	婉	0.9629
峜	7	荃	0.9591
峝	2	间	0.9486
峞	2	萄	0.9497
峟	4	岩	0.9668
峢	2	帆	0.9651
峬	8	哺	0.9816
峱	5	猎	0.9777
峲	5	莉	0.9806
峳	3	懐	0.9574
峵	15	城	0.9668
峷	2	幸	0.9773
峺	3	闻	0.9582
峾	4	暂	0.9566
峿	0	悟	0.9709
崅	4	峨	0.9538
崉	8	踏	0.9712
崊	6	琳	0.9733
崏	9	酢	0.9627
崓	12	幅	0.9520
崜	5	睡	0.9547
崡	3	函	0.9621
崣	5	衰	0.9538
崥	3	岬	0.9721
崨	3	捷	0.9610
崪	6	碎	0.9643
崫	0	窟	0.9621
崯	8	喻	0.9582
崰	13	幅	0.9552
崲	2	嶋	0.9565
崷	7	帕	0.9635
崸	1	頂	0.9739
崹	5	崎	0.9715
崺	4	施	0.9654
崻	3	临	0.9614
崼	3	嶋	0.9648
嵀	2	柱	0.9747
嵁	12	峙	0.9638
嵃	2	彥	0.9465
嵄	13	峙	0.9624
嵅	7	蔵	0.9679
嵈	10	暖	0.9727
嵉	14	峙	0.9701
嵍	3	轻	0.9644
嵏	4	凌	0.9606
嵑	8	喝	0.9711
嵔	2	黃	0.9650
嵞	10	输	0.9613
嵟	0	雇	0.9654
嵠	10	獎	0.9544
嵡	1	嶺	0.9583
嵢	4	搶	0.9596
嵣	18	塘	0.9623
嵤	5	營	0.9527
嵥	3	峡	0.9650
嵦	4	嶋	0.9552
嵨	5	嶋	0.9873
嵪	6	崎	0.9558
嵮	12	慎	0.9727
嵳	6	墓	0.9526
嵷	7	蹤	0.9597
嵸	7	胶	0.9621
嵹	1	强	0.9582
嵺	7	膠	0.9585
嵼	5	峰	0.9535
嵽	14	幅	0.9683
嵾	8	修	0.9541
嶀	1	嶼	0.9619
嶃	12	毗	0.9577
嶈	1	蔣	0.9820
嶉	10	唯	0.9686
嶊	4	摧	0.9749
嶎	6	尉	0.9771
嶏	8	廳	0.9548
嶑	5	峨	0.9661
嶒	3	憎	0.9714
嶖	9	喻	0.9529
嶘	4	藩	0.9629
嶛	5	剤	0.9625
嶜	1	蓄	0.9650
嶞	3	障	0.9609
嶡	6	厥	0.9601
嶣	0	蕉	0.9852
嶤	2	憲	0.9393
嶥	12	臟	0.9534
嶩	7	噂	0.9559
嶪	1	業	0.9667
嶫	4	峡	0.9650
嶯	3	摄	0.9628
嶱	7	噶	0.9775
嶳	5	覆	0.9487
嶵	12	噸	0.9513
嶻	5	截	0.9720
嶾	3	隱	0.9646
嶿	9	割	0.9572
巀	6	截	0.9659
巁	6	勵	0.9647
巆	7	剖	0.9551
巈	7	騎	0.9577
巊	17	鴨	0.9670
巐	5	諱	0.9604
巑	2	慣	0.9570
巕	15	擴	0.9608
巚	3	獻	0.9739
巟	3	完	0.9605
巬	3	突	0.9664
巭	2	奠	0.9658
巶	4	邵	0.9719
巸	1	吧	0.9535
巺	0	呉	0.9741
巼	9	喝	0.9635
帄	2	刊	0.9722
帇	1	审	0.9694
帍	4	痛	0.9710
帎	4	枕	0.9508
帓	2	抹	0.9715
帠	3	吊	0.9705
帣	2	稀	0.9645
帤	3	智	0.9693
帩	8	帕	0.9774
帪	6	帳	0.9702
帬	1	爵	0.9679
帱	7	帳	0.9707
帲	4	耐	0.9544
帴	8	帳	0.9638
帵	11	幌	0.9719
帹	9	帳	0.9712
帺	3	挿	0.9697
帾	10	帳	0.9650
帿	11	帳	0.9677
幁	3	順	0.9739
幆	12	幌	0.9698
幉	10	蝶	0.9718
幊	5	頓	0.9714
幍	1	幡	0.9690
幎	13	噸	0.9711
幏	6	峻	0.9621
幐	2	腾	0.9773
幑	3	微	0.9847
幒	2	聰	0.9531
幓	8	慘	0.9655
幖	14	噸	0.9686
幚	1	幫	0.9722
幜	13	幌	0.9647
幝	15	幅	0.9676
幠	3	撫	0.9525
幥	3	帽	0.9717
幦	3	壁	0.9716
幧	14	幌	0.9517
幩	2	憤	0.9758
幭	15	幌	0.9680
幮	5	臓	0.9546
幯	8	卿	0.9584
幱	16	幅	0.9609
庂	2	庆	0.9742
庅	2	広	0.9818
庈	0	奈	0.9636
庉	2	唐	0.9656
庌	0	序	0.9715
庍	2	所	0.9634
庎	3	庆	0.9617
庘	0	庙	0.9765
庝	2	冬	0.9593
庡	2	农	0.9738
庣	1	戚	0.9630
庤	3	唐	0.9687
庨	2	康	0.9714
庩	7	叙	0.9653
庮	3	盾	0.9606
庰	3	庞	0.9716
庴	4	唐	0.9728
庺	12	染	0.9619
庻	5	度	0.9656
庽	3	庫	0.9767
庿	1	庙	0.9772
廀	1	废	0.9667
廅	8	庵	0.9548
廇	4	曆	0.9680
廏	1	廢	0.9773
廔	1	廈	0.9592
廗	2	席	0.9667
廜	9	層	0.9705
廤	2	庸	0.9735
廦	4	癖	0.9822
廫	8	膠	0.9651
廭	3	顧	0.9691
廯	10	廉	0.9585
廱	6	觸	0.9560
廲	1	屬	0.9665
廹	0	迫	0.9829
弙	12	挥	0.9605
弚	1	争	0.9585
弝	5	肥	0.9627
弞	3	饮	0.9652
弡	8	垣	0.9635
弤	5	纸	0.9701
弪	13	跨	0.9628
弫	2	强	0.9532
弬	3	鼎	0.9487
弮	6	拳	0.9782
弰	11	销	0.9719
弲	8	醍	0.9594
弸	6	醐	0.9524
弿	5	赛	0.9679
彁	0	哥	0.9610
彂	3	殼	0.9517
彇	2	掘	0.9551
彉	2	弾	0.9746
彋	11	環	0.9803
彏	3	頸	0.9650
彛	18	擎	0.9561
彟	8	護	0.9781
彨	6	惯	0.9443
彮	3	资	0.9613
彯	0	影	0.9626
彲	11	鐵	0.9361
彴	7	你	0.9597
彵	0	他	0.9832
彸	7	松	0.9570
彺	3	往	0.9838
彽	3	低	0.9846
彾	8	冷	0.9779
徆	6	傾	0.9695
徍	0	佳	0.9816
徎	12	得	0.9733
徖	1	待	0.9670
徚	2	谋	0.9752
徟	15	调	0.9642
徢	1	徒	0.9744
徣	3	借	0.9818
徥	13	得	0.9754
徦	4	假	0.9851
徰	12	緯	0.9576
徱	0	德	0.9697
徶	4	微	0.9617
徺	8	繞	0.9671
徻	2	繪	0.9715
徾	5	徵	0.9853
徿	5	瀧	0.9648
忀	10	犠	0.9690
忁	14	得	0.9673
忂	19	撞	0.9642
忇	4	功	0.9670
忈	2	恶	0.9507
忊	4	怀	0.9696
忋	4	记	0.9721
忓	3	刊	0.9643
忔	1	忆	0.9597
忕	4	快	0.9587
忚	10	牠	0.9817
忛	3	帆	0.9729
忟	1	杖	0.9728
忣	2	极	0.9821
忥	0	氮	0.9600
忨	3	灯	0.9560
忲	5	快	0.9709
忴	9	冷	0.9677
忶	6	宏	0.9694
忷	2	悩	0.9688
忹	0	性	0.9712
怄	3	枢	0.9794
怇	6	恒	0.9758
怈	0	世	0.9599
怉	6	砲	0.9718
怋	9	恨	0.9809
怌	5	怀	0.9818
怐	4	抱	0.9705
怓	1	板	0.9725
怞	9	帕	0.9678
怟	9	祇	0.9687
怢	6	快	0.9782
怣	0	态	0.9731
怬	7	柳	0.9659
怭	1	炒	0.9656
怮	1	物	0.9607
怰	0	符	0.9655
怲	5	炳	0.9832
怴	1	划	0.9696
怶	1	披	0.9764
怷	9	琉	0.9694
怸	0	杰	0.9712
怹	6	純	0.9623
怺	0	泳	0.9706
怽	3	抹	0.9844
怾	1	识	0.9696
恀	4	移	0.9459
恄	5	惜	0.9744
恅	3	射	0.9645
恈	2	待	0.9668
恎	0	至	0.9601
恏	12	嫁	0.9676
恑	5	施	0.9605
恔	2	校	0.9812
恗	4	剂	0.9660
恘	2	休	0.9600
恛	11	响	0.9729
恜	5	试	0.9766
恞	2	玻	0.9688
恟	3	构	0.9674
恦	12	响	0.9660
恱	4	悦	0.9525
恲	6	併	0.9781
恴	1	息	0.9795
恷	2	体	0.9703
恾	5	悼	0.9613
悀	4	涌	0.9683
悁	6	惧	0.9677
悂	6	悼	0.9658
悇	8	検	0.9719
悈	4	械	0.9753
悎	7	悼	0.9668
悏	5	峽	0.9821
悐	3	淡	0.9588
悑	2	捕	0.9598
悓	7	現	0.9642
悕	11	烯	0.9679
悗	4	挽	0.9669
悘	4	恩	0.9690
悙	6	情	0.9730
悜	1	悟	0.9598
悞	13	娛	0.9760
悡	1	想	0.9801
悥	2	意	0.9625
悷	2	涙	0.9699
悹	2	息	0.9724
悿	6	納	0.9617
惀	4	倫	0.9758
惁	6	桥	0.9664
惂	4	临	0.9702
惃	7	混	0.9787
惉	10	湿	0.9685
惌	3	憑	0.9611
惍	7	恰	0.9696
惏	7	琳	0.9695
惐	11	域	0.9785
惒	2	想	0.9845
惖	1	愿	0.9383
惞	4	欣	0.9632
惤	4	懐	0.9653
惥	0	惑	0.9575
惵	3	谋	0.9762
惼	6	偏	0.9744
惾	8	梭	0.9640
愂	1	恐	0.9664
愄	3	隈	0.9732
愅	12	禅	0.9702
愇	7	情	0.9733
愋	14	媛	0.9770
愌	8	侠	0.9689
愑	7	惯	0.9667
愒	11	褐	0.9727
愖	13	慎	0.9664
愗	0	怒	0.9660
愘	6	喀	0.9778
愙	1	斎	0.9696
愝	14	慢	0.9690
愞	10	碱	0.9653
愢	8	惯	0.9672
愥	21	模	0.9747
愩	14	慎	0.9804
愪	3	慣	0.9832
愮	7	搖	0.9676
愯	0	携	0.9700
愱	3	读	0.9702
愲	8	情	0.9721
愳	2	思	0.9727
愵	5	懷	0.9585
愶	10	脅	0.9614
愸	20	稜	0.9658
愹	0	熔	0.9749
愺	8	悼	0.9793
愽	4	博	0.9754
慀	3	溪	0.9680
慁	5	恩	0.9801
慃	6	懷	0.9598
慅	4	怪	0.9690
慉	2	畜	0.9677
慏	15	慎	0.9730
慐	1	憂	0.9531
慒	5	槽	0.9689
慔	5	渡	0.9687
慖	3	阿	0.9637
慗	1	隸	0.9714
慛	5	摧	0.9711
慞	9	情	0.9764
慡	6	峽	0.9492
慦	1	怒	0.9716
慩	5	連	0.9698
慯	3	傷	0.9727
慲	4	滿	0.9635
慴	4	憎	0.9672
慸	10	蘋	0.9578
慹	2	熱	0.9865
慻	8	储	0.9770
慽	11	碱	0.9777
憀	1	惨	0.9571
憁	4	線	0.9581
憃	3	奪	0.9641
憄	3	績	0.9634
憅	2	勲	0.9792
憆	5	憎	0.9720
憈	4	虚	0.9596
憉	2	澎	0.9682
憌	11	鍛	0.9609
憗	2	怒	0.9644
憛	11	禮	0.9740
憜	3	附	0.9659
憞	17	激	0.9705
憠	4	総	0.9535
憡	10	煤	0.9688
憢	3	燒	0.9704
憣	9	播	0.9767
憥	0	忍	0.9594
憦	4	虑	0.9535
憪	15	噸	0.9625
憱	6	就	0.9600
憳	7	懷	0.9694
憴	18	鴨	0.9647
憵	1	辟	0.9582
憷	7	礎	0.9760
憸	6	劍	0.9759
憹	9	惯	0.9646
憽	5	憶	0.9547
憿	18	激	0.9755
懀	3	繪	0.9727
懄	2	勸	0.9736
懅	13	據	0.9625
懎	6	憎	0.9683
懏	3	惟	0.9624
懓	14	曖	0.9710
懕	6	题	0.9521
懖	6	憩	0.9637
懗	1	赫	0.9670
懘	6	瀧	0.9614
懙	2	禦	0.9615
懚	4	隱	0.9681
懜	3	夢	0.9642
懝	13	擬	0.9726
懞	6	塚	0.9618
懠	3	濟	0.9735
懡	1	液	0.9676
懢	7	憎	0.9692
懤	5	壽	0.9531
懥	15	慢	0.9664
懧	3	慌	0.9702
懩	7	潜	0.9757
懪	7	爆	0.9807
懫	4	慣	0.9828
懭	16	礦	0.9770
懯	5	熟	0.9725
懰	2	劉	0.9733
懱	10	惯	0.9661
懳	1	慧	0.9654
懹	8	懷	0.9663
戁	15	縄	0.9643
戂	6	憶	0.9565
戃	8	憎	0.9646
戄	6	覆	0.9639
戙	5	战	0.9628
戜	1	或	0.9731
戞	1	夏	0.9524
戣	8	叙	0.9609
戵	7	截	0.9673
戼	1	词	0.9546
扂	0	居	0.9741
扄	3	句	0.9504
扖	0	赴	0.9572
扗	2	牡	0.9824
扚	4	均	0.9693
扜	7	拝	0.9741
扝	6	打	0.9636
扟	2	讯	0.9756
扡	11	牠	0.9875
扴	5	价	0.9645
扷	6	妖	0.9730
扸	2	折	0.9688
抁	0	弁	0.9654
抂	8	拝	0.9716
抇	1	拍	0.9809
抈	4	拥	0.9665
抋	1	恥	0.9702
抍	4	拼	0.9693
抎	9	坛	0.9797
抏	2	抚	0.9787
抐	5	拓	0.9756
抙	9	拝	0.9737
抣	5	均	0.9760
抧	2	职	0.9758
抩	2	抽	0.9844
抪	4	怖	0.9820
抭	4	抗	0.9850
抮	7	珍	0.9798
抯	5	珀	0.9694
抲	5	柯	0.9764
抴	1	世	0.9700
抶	2	扶	0.9833
抷	13	坪	0.9711
抸	3	泛	0.9568
抾	6	持	0.9715
拁	2	咖	0.9640
拞	3	拒	0.9737
拤	4	扑	0.9778
拪	11	栖	0.9803
拫	1	报	0.9752
拰	6	推	0.9747
拸	5	移	0.9535
挃	3	牢	0.9656
挄	5	拼	0.9741
挅	9	採	0.9820
挆	10	採	0.9744
挋	4	拒	0.9828
挏	11	铜	0.9721
挓	2	按	0.9685
挔	1	球	0.9661
挗	4	捜	0.9751
挘	4	挨	0.9702
挜	2	征	0.9600
挢	11	採	0.9742
挧	13	挥	0.9703
挩	3	稅	0.9710
挬	2	掉	0.9801
挭	5	捜	0.9668
挮	19	梯	0.9741
挰	1	担	0.9688
挱	4	抄	0.9708
挳	3	控	0.9721
挴	3	梅	0.9748
挶	4	据	0.9622
挷	2	挪	0.9737
挸	8	現	0.9829
捀	3	择	0.9760
捁	2	括	0.9721
捇	5	挟	0.9688
捈	9	検	0.9794
捊	4	辉	0.9699
捑	13	堤	0.9757
捓	3	挪	0.9796
捖	3	抚	0.9704
捘	9	梭	0.9687
捙	4	揮	0.9773
捚	5	埋	0.9794
捛	13	措	0.9716
捝	5	挽	0.9715
捠	2	指	0.9725
捤	5	据	0.9711
捪	2	招	0.9747
捬	6	拓	0.9734
捯	22	摘	0.9674
捰	6	捜	0.9736
捳	14	措	0.9704
捵	2	掛	0.9759
捹	12	捧	0.9716
捾	5	拒	0.9783
捿	10	棲	0.9689
掆	23	摘	0.9728
掋	3	坂	0.9633
掍	3	提	0.9725
掑	8	琪	0.9891
掓	4	搬	0.9731
掕	16	裝	0.9732
掚	0	辆	0.9631
掜	6	挽	0.9670
掝	12	域	0.9852
掱	9	撃	0.9619
掵	7	捨	0.9770
掶	0	换	0.9594
掽	3	拉	0.9715
掿	5	插	0.9743
揁	6	填	0.9829
揂	7	拓	0.9723
揋	3	壊	0.9713
揌	5	搜	0.9689
揎	4	菅	0.9669
揓	8	蹤	0.9599
揕	5	堪	0.9833
揗	6	据	0.9781
揘	5	菅	0.9715
揙	7	据	0.9741
揝	2	豬	0.9749
揟	3	招	0.9720
揢	7	喀	0.9706
揦	4	剰	0.9751
揧	10	撃	0.9706
揨	5	诗	0.9689
揯	8	拓	0.9643
揰	4	挿	0.9723
揱	4	遺	0.9577
揻	16	城	0.9748
搃	5	藻	0.9583
搄	3	职	0.9702
搈	8	喀	0.9708
搌	5	拥	0.9633
搎	3	醉	0.9699
搑	2	辑	0.9715
搒	10	撲	0.9706
搕	6	埼	0.9620
搘	1	堵	0.9724
搙	5	辉	0.9752
搚	6	辉	0.9723
搟	4	軒	0.9724
搮	3	粟	0.9732
搱	15	握	0.9828
搷	7	填	0.9798
搸	13	捧	0.9825
搹	15	擇	0.9708
搻	5	禽	0.9690
搼	14	捧	0.9810
摋	6	擦	0.9737
摍	7	推	0.9734
摓	14	擬	0.9723
摕	4	掃	0.9706
摖	7	擦	0.9819
摗	5	搬	0.9662
摙	1	弹	0.9677
摚	4	控	0.9769
摝	19	塘	0.9691
摢	14	據	0.9769
摤	1	爽	0.9552
摥	5	揚	0.9672
摦	3	艇	0.9460
摨	16	握	0.9793
摪	6	搬	0.9732
摫	6	拥	0.9658
摬	6	境	0.9819
摲	6	斬	0.9690
摼	16	擇	0.9702
摾	6	撰	0.9757
摿	8	捨	0.9808
撁	7	辉	0.9766
撆	19	擎	0.9657
撉	20	擎	0.9669
撊	7	堀	0.9633
撋	17	擇	0.9669
撌	5	蹟	0.9822
撍	8	辉	0.9682
撎	18	擇	0.9610
撏	14	挥	0.9790
撔	4	踪	0.9726
撜	14	橙	0.9759
撠	7	撰	0.9754
撡	8	擦	0.9694
撧	13	聯	0.9696
撨	4	撫	0.9722
撪	8	搖	0.9691
撯	8	推	0.9752
撱	17	握	0.9613
撴	6	徴	0.9764
撶	19	擇	0.9746
撽	19	激	0.9679
擃	16	擴	0.9773
擈	3	栽	0.9791
擉	17	擴	0.9707
擌	6	換	0.9735
擑	4	撮	0.9717
擓	3	擺	0.9722
擙	9	澳	0.9682
擛	8	操	0.9698
擜	7	搬	0.9622
擝	20	擇	0.9623
擟	14	彌	0.9828
擥	2	碧	0.9624
擨	4	獻	0.9601
擩	21	擇	0.9688
擫	13	臟	0.9632
擮	8	截	0.9770
擹	2	軟	0.9579
攁	8	壌	0.9742
攂	18	踊	0.9628
攃	9	擦	0.9911
攅	2	賛	0.9714
攇	3	憲	0.9703
攈	4	摄	0.9711
攊	10	播	0.9681
攌	12	欄	0.9592
攍	1	蕭	0.9620
攐	9	壌	0.9779
攓	18	擴	0.9721
攚	5	控	0.9649
攠	10	製	0.9567
攦	19	擴	0.9645
攨	5	聡	0.9493
攩	0	黨	0.9646
攭	6	蜂	0.9680
攮	13	壤	0.9631
攱	17	裝	0.9696
攲	4	栽	0.9712
攳	3	違	0.9540
攺	1	改	0.9845
攼	2	牧	0.9784
敀	1	故	0.9830
敁	3	歧	0.9688
敂	1	敬	0.9778
敄	1	枚	0.9746
敆	4	敘	0.9694
敊	4	叔	0.9763
敋	5	敘	0.9706
敒	3	做	0.9767
敓	2	敬	0.9642
敚	20	激	0.9691
敜	1	徽	0.9622
敟	2	敷	0.9635
敠	9	裁	0.9671
敥	2	毅	0.9707
敪	2	数	0.9707
敮	4	跋	0.9721
敯	3	般	0.9698
敱	9	鼓	0.9797
敹	6	救	0.9744
敺	6	毀	0.9653
敼	10	鼓	0.9816
敽	4	般	0.9708
敿	3	敬	0.9785
斀	16	樋	0.9644
斊	0	斉	0.9624
斍	0	資	0.9650
斏	8	粮	0.9841
斒	5	痛	0.9653
斔	6	颗	0.9627
斖	1	讃	0.9415
斘	2	舛	0.9749
斚	7	统	0.9507
斞	1	將	0.9696
斣	3	弾	0.9658
斦	3	所	0.9746
斨	4	浙	0.9684
斪	12	碱	0.9554
斱	3	银	0.9722
斳	7	斬	0.9624
斴	1	新	0.9584
斵	14	鯨	0.9521
斶	7	觸	0.9676
斺	6	价	0.9714
旀	5	秘	0.9732
旇	7	旋	0.9744
旈	7	硫	0.9819
旊	8	旗	0.9699
旍	4	族	0.9800
旑	8	骑	0.9642
旓	8	旋	0.9768
旔	9	键	0.9658
旕	8	澄	0.9672
旘	11	廠	0.9649
旙	4	歷	0.9655
旚	9	旗	0.9778
旝	3	齋	0.9502
旞	0	遼	0.9594
旪	1	叶	0.9774
旫	3	肌	0.9640
旾	2	青	0.9653
昁	0	帥	0.9767
昅	3	吸	0.9879
昈	4	听	0.9732
昋	4	香	0.9774
昗	0	冥	0.9802
昘	0	男	0.9654
昦	7	桌	0.9588
昮	5	晃	0.9632
昲	1	胡	0.9622
昸	4	晓	0.9659
晆	2	睦	0.9674
晇	14	跨	0.9699
晍	4	胴	0.9668
晎	3	拱	0.9661
晐	6	刻	0.9657
晑	2	高	0.9700
晠	17	城	0.9784
晣	8	斯	0.9618
晱	9	谈	0.9606
晲	3	脱	0.9629
晵	9	啓	0.9820
晹	3	賜	0.9784
晽	8	琳	0.9828
晿	10	唱	0.9897
暃	0	罪	0.9619
暒	12	瞳	0.9689
暓	10	啓	0.9704
暔	2	崗	0.9618
暙	16	植	0.9705
暛	1	擁	0.9605
暜	2	普	0.9686
暞	22	模	0.9669
暡	15	贈	0.9520
暣	5	曆	0.9682
暥	6	蹟	0.9653
暩	3	際	0.9729
暬	7	塾	0.9690
暯	14	堤	0.9738
暰	9	蹤	0.9835
暳	13	瞳	0.9640
暵	6	嘆	0.9883
暷	3	轉	0.9669
暼	7	替	0.9689
暽	7	麟	0.9756
暿	12	晴	0.9807
曂	19	購	0.9765
曃	2	擁	0.9634
曊	5	慣	0.9696
曍	3	碧	0.9649
曎	8	聘	0.9696
曏	12	褐	0.9651
曐	0	畳	0.9625
曒	14	臟	0.9640
曓	3	暑	0.9613
曗	7	評	0.9623
曘	4	臨	0.9648
曞	14	瞳	0.9605
曟	2	晨	0.9742
曢	10	壌	0.9599
曤	8	曜	0.9812
曥	20	駒	0.9596
曪	3	匯	0.9578
曫	3	灣	0.9647
曭	16	贈	0.9603
朂	1	最	0.9630
朄	4	疎	0.9688
朆	2	勁	0.9533
朇	9	離	0.9643
朎	1	頒	0.9622
朑	3	肝	0.9661
朙	3	明	0.9665
朚	1	请	0.9584
朜	9	膜	0.9720
朠	8	勝	0.9701
朡	7	胺	0.9716
朢	5	望	0.9754
朤	5	腸	0.9611
朩	2	东	0.9665
朰	2	李	0.9638
朲	2	伏	0.9664
朷	5	机	0.9749
朸	5	枕	0.9717
朻	0	朴	0.9753
朼	1	札	0.9733
杄	9	杆	0.9877
杊	8	柳	0.9683
杒	8	杭	0.9688
杔	10	杆	0.9663
杗	4	宋	0.9716
杚	2	彬	0.9609
杛	3	朽	0.9806
杫	2	祉	0.9785
杴	6	秋	0.9753
杶	13	棋	0.9744
杸	3	权	0.9757
杹	13	桁	0.9685
杺	3	标	0.9564
杽	3	种	0.9725
枀	13	染	0.9755
枂	2	相	0.9707
枃	4	构	0.9750
枈	2	柴	0.9853
枍	8	松	0.9790
枑	9	桓	0.9690
枖	7	桥	0.9808
枙	7	视	0.9642
枤	7	株	0.9740
枮	5	枯	0.9897
枽	2	菓	0.9810
柀	2	板	0.9780
柇	8	桥	0.9820
柉	2	菜	0.9649
柋	14	染	0.9730
柌	2	桐	0.9849
柕	10	粹	0.9747
柖	4	招	0.9719
柛	7	神	0.9871
柡	4	标	0.9828
柨	5	怖	0.9838
柪	5	构	0.9733
柫	20	梯	0.9840
柭	3	校	0.9720
柮	12	棉	0.9761
柲	6	秘	0.9844
柼	9	杭	0.9768
栆	18	裝	0.9587
栍	3	柱	0.9807
栕	17	植	0.9797
栙	6	格	0.9787
栚	8	株	0.9780
栠	1	集	0.9714
栣	14	桁	0.9819
栤	1	桃	0.9670
栥	15	染	0.9755
栦	9	柳	0.9623
栮	3	相	0.9771
栯	4	椎	0.9837
栵	0	例	0.9685
栶	7	柄	0.9826
栺	3	指	0.9738
桇	7	架	0.9812
桊	2	秦	0.9797
桍	1	枠	0.9756
桏	6	根	0.9751
桖	5	柿	0.9695
桗	9	株	0.9709
桘	2	柏	0.9851
桚	10	梭	0.9635
桞	7	秋	0.9562
桪	10	桿	0.9773
桬	16	染	0.9752
桰	7	稚	0.9774
桳	11	粹	0.9797
桸	3	稀	0.9831
桺	12	栖	0.9787
桻	7	格	0.9735
桼	0	黍	0.9727
桽	2	查	0.9571
梊	7	梨	0.9753
梋	2	棺	0.9828
梌	10	検	0.9842
梎	11	桿	0.9746
梐	12	桿	0.9723
梑	1	欧	0.9698
梒	2	检	0.9761
梕	5	楊	0.9586
梖	10	桓	0.9775
梙	13	棉	0.9759
梞	6	楊	0.9739
梤	14	棒	0.9693
梩	3	裡	0.9789
梪	11	桓	0.9761
梬	4	横	0.9799
梷	8	梨	0.9733
梸	2	利	0.9764
梹	3	积	0.9731
梻	21	梯	0.9816
梽	6	棕	0.9699
棇	11	梭	0.9725
棎	10	株	0.9691
棏	13	桿	0.9862
棙	6	煉	0.9751
棛	18	植	0.9730
棜	8	樣	0.9740
棝	3	桐	0.9761
棞	8	柄	0.9800
棤	3	棺	0.9762
棥	12	梭	0.9618
棦	6	稱	0.9783
棴	5	棚	0.9723
棶	11	株	0.9816
棸	3	聚	0.9701
棽	2	禁	0.9664
棾	0	梵	0.9724
棿	1	榜	0.9738
椂	9	祿	0.9784
椃	5	勅	0.9661
椄	9	樣	0.9752
椉	7	渠	0.9699
椊	12	粹	0.9881
椌	5	椅	0.9689
椔	8	榴	0.9808
椕	12	株	0.9649
椖	4	栃	0.9765
椘	3	禁	0.9706
椞	1	柔	0.9738
椢	4	桐	0.9776
椣	14	棋	0.9757
椦	7	楼	0.9800
椩	14	糖	0.9743
椫	5	样	0.9795
椮	13	梭	0.9671
椯	14	棉	0.9755
椱	14	梭	0.9725
椳	5	横	0.9704
椷	5	械	0.9797
椸	2	術	0.9670
椺	14	裸	0.9697
椻	2	極	0.9735
椾	2	楠	0.9742
楀	1	桶	0.9759
楁	8	格	0.9842
楄	7	偏	0.9731
楅	4	福	0.9810
楈	9	禄	0.9737
楌	9	俠	0.9507
楍	5	論	0.9452
楏	15	橙	0.9779
楐	15	裸	0.9771
楖	13	栖	0.9726
楟	7	棕	0.9706
楥	15	媛	0.9744
楰	6	棟	0.9718
楱	15	棒	0.9736
楴	15	棉	0.9837
楺	13	粹	0.9795
楾	10	樣	0.9827
楿	9	桥	0.9756
榋	11	橋	0.9696
榌	6	械	0.9681
榏	6	椅	0.9749
榒	9	橘	0.9673
榓	3	粒	0.9650
榗	3	極	0.9736
榙	5	搭	0.9756
榝	15	梭	0.9733
榟	7	梓	0.9875
榡	11	樣	0.9847
榢	9	稼	0.9832
榤	13	傑	0.9761
榯	3	框	0.9666
榳	7	破	0.9719
榵	7	權	0.9793
榶	15	糖	0.9822
榸	6	槽	0.9716
榹	7	楊	0.9576
榺	5	膝	0.9742
榾	20	檔	0.9824
槂	10	稼	0.9761
槄	2	稻	0.9865
槆	16	棉	0.9803
槈	10	禄	0.9788
槉	11	稼	0.9675
槑	1	释	0.9612
槕	16	棒	0.9785
槗	12	橋	0.9787
槝	13	橋	0.9710
槞	21	檔	0.9727
槡	14	粹	0.9680
槣	7	椅	0.9815
槥	8	構	0.9769
槦	16	糖	0.9688
槬	9	椒	0.9586
槯	9	榴	0.9778
槶	4	極	0.9794
槸	6	横	0.9652
槹	14	桿	0.9770
樀	3	楠	0.9814
樃	6	棚	0.9812
樄	10	椒	0.9714
樆	10	橘	0.9763
樇	15	桁	0.9705
樈	8	視	0.9695
樌	9	積	0.9735
樎	17	棉	0.9820
樏	13	標	0.9766
樐	4	楠	0.9604
樕	8	概	0.9732
樚	2	桶	0.9703
樜	3	糕	0.9639
樤	15	粹	0.9725
樥	12	穫	0.9744
樦	16	粹	0.9699
樬	12	樣	0.9726
樭	15	棋	0.9782
樰	6	檀	0.9753
樲	3	麻	0.9584
樳	22	檔	0.9818
樶	10	榴	0.9709
樷	3	楚	0.9734
樻	10	積	0.9747
樼	9	喉	0.9668
橀	14	橋	0.9736
橃	16	橙	0.9794
橆	7	謀	0.9559
橌	13	欄	0.9827
橍	14	欄	0.9832
橎	11	播	0.9830
橔	4	做	0.9750
橗	2	糊	0.9767
橝	1	橫	0.9804
橠	12	稼	0.9625
橣	11	橘	0.9825
橧	23	檔	0.9797
橨	11	積	0.9796
橩	8	礎	0.9682
橬	2	霜	0.9660
橭	18	棉	0.9765
橮	11	頗	0.9693
橯	4	豫	0.9639
橰	15	桿	0.9741
橲	9	禧	0.9806
橴	16	梭	0.9653
橵	3	徹	0.9714
橶	8	權	0.9756
橷	9	概	0.9674
橸	19	棉	0.9734
橻	2	橫	0.9742
橽	17	糖	0.9731
橾	8	碟	0.9737
檂	3	樽	0.9656
檅	8	楊	0.9649
檆	17	梭	0.9593
檈	12	橘	0.9696
檏	17	橙	0.9784
檒	2	麓	0.9695
檓	17	樋	0.9755
檕	4	粟	0.9737
檖	4	機	0.9686
檘	13	橘	0.9755
檙	9	懷	0.9658
檚	18	橙	0.9750
檤	18	樋	0.9751
檥	17	棒	0.9754
檧	9	楊	0.9710
檭	11	椒	0.9765
檰	14	橘	0.9645
檱	13	穫	0.9768
檲	15	欄	0.9738
檴	14	穫	0.9895
檵	19	橙	0.9656
檶	8	椅	0.9758
檹	3	術	0.9730
檼	0	穩	0.9813
櫀	15	穫	0.9722
櫁	1	糧	0.9699
櫄	2	種	0.9693
櫅	3	齊	0.9683
櫇	10	瀬	0.9777
櫊	16	欄	0.9791
櫋	10	楊	0.9714
櫍	12	積	0.9819
櫎	3	橫	0.9784
櫏	19	樋	0.9671
櫐	5	課	0.9584
櫒	10	擦	0.9799
櫕	16	穫	0.9703
櫖	5	穂	0.9683
櫗	9	構	0.9751
櫘	14	標	0.9692
櫙	1	樞	0.9776
櫠	20	橙	0.9622
櫢	2	數	0.9679
櫣	14	壤	0.9753
櫦	1	櫻	0.9646
櫩	17	欄	0.9830
櫭	3	櫃	0.9750
櫮	17	駐	0.9479
櫯	0	穌	0.9608
櫰	10	懷	0.9761
櫴	10	構	0.9745
櫵	17	穫	0.9728
櫷	7	檀	0.9604
櫹	11	構	0.9700
櫽	11	獎	0.9596
櫾	21	橙	0.9616
櫿	22	橙	0.9745
欀	15	標	0.9736
欁	16	標	0.9629
欆	17	標	0.9597
欇	4	攝	0.9749
欋	2	糧	0.9770
欌	15	臟	0.9705
欍	18	穫	0.9720
欎	1	箭	0.9626
欐	12	構	0.9669
欔	19	穫	0.9725
欕	10	概	0.9664
欘	4	櫃	0.9642
欙	18	欄	0.9607
欚	15	橘	0.9648
欛	19	欄	0.9696
欜	2	樹	0.9677
欟	16	觀	0.9741
欦	5	钦	0.9745
欨	4	饮	0.9734
欩	6	歇	0.9593
欪	5	欺	0.9654
欫	1	软	0.9780
欭	9	脑	0.9737
欮	6	钦	0.9680
欯	14	娛	0.9667
欰	4	坎	0.9617
欱	7	飲	0.9744
欳	5	喚	0.9527
欴	2	痕	0.9727
欼	14	燈	0.9652
歁	6	欺	0.9796
歄	4	歐	0.9724
歋	0	處	0.9606
歍	8	款	0.9663
歏	1	歡	0.9654
歑	7	歇	0.9626
歒	4	献	0.9713
歕	7	欺	0.9813
歖	9	款	0.9767
歗	2	歡	0.9645
歚	3	歡	0.9642
歝	4	歡	0.9669
歞	10	款	0.9619
歠	5	歡	0.9612
歨	1	走	0.9838
歫	8	坦	0.9715
歮	0	盐	0.9507
歰	4	露	0.9564
歱	5	理	0.9609
歵	13	噴	0.9752
歶	4	冀	0.9640
歽	4	所	0.9725
歾	3	吻	0.9584
殅	3	舛	0.9690
殈	9	殖	0.9656
殌	12	廠	0.9587
殎	0	殊	0.9695
殏	1	様	0.9681
殐	11	煤	0.9816
殔	14	嫌	0.9673
殗	9	庵	0.9737
殜	12	煤	0.9753
殝	5	矮	0.9750
殠	4	烷	0.9637
殣	10	殖	0.9704
殥	11	殖	0.9683
殦	5	湯	0.9665
殧	12	碳	0.9598
殨	12	殖	0.9761
殬	9	膳	0.9664
殰	13	殖	0.9631
殶	4	投	0.9760
殸	3	股	0.9764
殾	5	般	0.9805
毃	10	設	0.9637
毄	7	毀	0.9806
毉	3	窗	0.9650
毊	0	辭	0.9506
毜	2	池	0.9609
毝	1	髟	0.9344
毞	1	些	0.9610
毠	6	望	0.9499
毢	1	龜	0.9453
毣	2	笔	0.9523
毤	1	延	0.9517
毥	9	跑	0.9591
毧	3	选	0.9555
毩	2	迷	0.9536
毪	4	拖	0.9491
毭	1	託	0.9614
毮	11	撃	0.9559
毰	0	趋	0.9423
毲	1	我	0.9647
毵	4	怎	0.9562
毶	1	趁	0.9449
毷	8	据	0.9620
毸	4	號	0.9482
毻	8	镇	0.9669
毾	6	揺	0.9657
毿	1	线	0.9460
氀	10	難	0.9574
氁	1	趋	0.9593
氃	7	鍾	0.9645
氋	7	逮	0.9649
氌	0	遥	0.9420
氎	18	駐	0.9578
氒	3	昏	0.9580
氻	2	沈	0.9728
氼	0	尖	0.9712
汃	2	穴	0.9527
汄	0	认	0.9705
汅	1	汚	0.9798
汌	1	洲	0.9724
汑	6	汗	0.9689
汒	1	江	0.9639
汓	7	汗	0.9800
汢	0	汁	0.9829
汣	1	次	0.9642
汥	2	汶	0.9782
汬	2	卖	0.9692
汮	9	淳	0.9630
汱	3	汰	0.9852
汵	10	冷	0.9799
汷	1	汉	0.9709
汼	8	汗	0.9748
汿	9	汗	0.9660
沀	3	钢	0.9669
沎	2	化	0.9592
沑	0	汪	0.9705
沗	4	聚	0.9670
沝	2	桃	0.9583
沞	5	涌	0.9665
沠	1	狐	0.9683
沯	6	座	0.9589
沰	6	浪	0.9642
沵	8	你	0.9707
沷	5	效	0.9683
泀	10	滑	0.9793
泈	3	冬	0.9727
泋	4	莽	0.9649
泍	3	休	0.9699
泎	4	注	0.9659
泏	15	措	0.9633
泘	5	浮	0.9770
泟	1	证	0.9692
泤	0	似	0.9784
泦	4	沉	0.9710
泧	5	诚	0.9726
泬	1	沃	0.9606
泭	1	付	0.9709
泴	1	盃	0.9612
泶	4	突	0.9529
泹	2	担	0.9645
洂	0	亦	0.9676
洃	8	恢	0.9665
洆	1	泳	0.9720
洉	3	涙	0.9627
洍	2	馆	0.9668
洏	6	涌	0.9671
洓	0	漆	0.9725
洔	5	注	0.9770
洕	0	沿	0.9607
洖	1	误	0.9649
洜	4	象	0.9637
洠	6	注	0.9714
洡	3	凍	0.9701
洯	5	粟	0.9653
洷	7	注	0.9625
浀	2	油	0.9837
浂	2	济	0.9746
浌	1	伐	0.9810
浖	6	浮	0.9827
浗	0	渋	0.9676
浘	1	尾	0.9713
浝	5	汤	0.9615
浢	1	浜	0.9707
浨	4	深	0.9779
浫	5	澤	0.9672
浳	10	淳	0.9791
浶	8	注	0.9742
浺	2	沖	0.9685
浻	3	润	0.9681
浽	0	妥	0.9769
浾	0	赤	0.9676
涀	9	視	0.9572
涁	1	杉	0.9702
涃	3	姻	0.9728
涄	5	滝	0.9700
涆	7	涌	0.9677
涊	1	忍	0.9656
涋	3	疾	0.9694
涏	4	挺	0.9703
涐	5	钱	0.9744
涖	0	位	0.9698
涗	4	稅	0.9619
涚	2	说	0.9669
涥	11	淳	0.9895
涭	1	沒	0.9735
涰	7	殺	0.9657
涱	7	浪	0.9742
涶	1	汪	0.9652
涹	5	倭	0.9764
涺	9	据	0.9684
涻	14	涂	0.9757
涽	11	婚	0.9811
涾	2	治	0.9688
淁	5	濱	0.9660
淃	3	卷	0.9684
淈	5	涯	0.9685
淉	8	课	0.9771
淎	6	湊	0.9698
淗	10	猴	0.9686
淟	4	演	0.9699
淣	16	淀	0.9686
淧	3	沟	0.9668
淭	4	涙	0.9793
淴	2	忽	0.9629
淾	3	余	0.9673
淿	8	混	0.9804
渀	3	滾	0.9737
渁	2	泳	0.9662
渂	15	漫	0.9715
渄	2	俳	0.9693
渆	2	渕	0.9786
渏	8	潜	0.9665
渒	3	溝	0.9734
渖	4	溝	0.9810
渜	2	误	0.9659
渨	1	浄	0.9687
渪	2	淨	0.9690
渮	5	演	0.9712
渱	4	撤	0.9547
渵	5	溝	0.9751
渷	2	流	0.9659
渹	1	淘	0.9601
湀	2	沒	0.9750
湁	4	拾	0.9806
湂	5	湾	0.9811
湆	12	淳	0.9790
湇	13	淳	0.9798
湈	4	谋	0.9786
湏	0	須	0.9750
湐	1	湘	0.9860
湒	2	浄	0.9745
湕	6	溝	0.9687
湗	10	街	0.9632
湙	2	液	0.9697
湚	0	胤	0.9612
湢	11	滑	0.9761
湤	1	游	0.9603
湪	1	缘	0.9784
湬	3	梁	0.9742
湰	4	逢	0.9684
湱	3	津	0.9753
湵	17	淀	0.9624
湷	4	湛	0.9724
湸	18	淀	0.9630
湹	6	涯	0.9567
湺	4	保	0.9758
湻	2	消	0.9784
湽	3	治	0.9674
溄	3	泽	0.9716
溊	11	湿	0.9703
溑	9	潰	0.9828
溔	5	洋	0.9616
溕	13	嫁	0.9718
溗	1	漆	0.9704
溛	2	添	0.9610
溞	4	泽	0.9692
溡	11	瀬	0.9705
溣	5	倫	0.9623
溤	0	馮	0.9836
溨	5	滿	0.9752
溩	3	鴻	0.9727
溬	7	湊	0.9720
溭	12	湿	0.9728
溳	10	潰	0.9817
溸	4	滾	0.9710
溹	5	滾	0.9733
溻	13	湿	0.9765
溾	3	沸	0.9674
滀	3	畜	0.9682
滐	5	深	0.9796
滒	12	滑	0.9722
滖	3	浄	0.9736
滛	0	淫	0.9721
滣	9	潜	0.9712
滧	6	效	0.9773
滭	7	溝	0.9737
滮	0	彪	0.9666
滰	5	烷	0.9616
滱	4	逸	0.9658
滳	7	滴	0.9875
滵	6	滾	0.9731
滺	1	悠	0.9650
滼	7	淑	0.9734
漀	5	豫	0.9644
漃	8	淑	0.9823
漄	7	涯	0.9758
漇	9	猿	0.9738
漌	5	窪	0.9735
漍	3	涵	0.9628
漐	3	熱	0.9680
漗	10	澳	0.9767
漘	3	源	0.9641
漛	6	深	0.9718
漜	18	棒	0.9668
漝	14	湿	0.9727
漞	4	質	0.9593
漟	6	灌	0.9722
漡	6	湯	0.9703
漤	7	滾	0.9717
漮	3	康	0.9763
漰	1	淵	0.9720
漺	2	爽	0.9461
漻	7	湯	0.9567
漽	8	涯	0.9732
潀	1	眾	0.9758
潂	2	溜	0.9672
潃	6	洛	0.9675
潉	11	潰	0.9811
潊	6	敘	0.9767
潌	9	澄	0.9658
潎	9	淑	0.9692
潐	4	淮	0.9756
潒	5	象	0.9738
潓	4	簿	0.9659
潗	5	淮	0.9723
潠	6	澤	0.9695
潣	9	粮	0.9714
潥	10	潜	0.9736
潧	15	湿	0.9735
潨	0	衆	0.9688
潪	11	潜	0.9837
潫	7	潔	0.9790
潬	7	澤	0.9715
潱	5	清	0.9703
潳	9	混	0.9755
潷	5	簿	0.9756
潹	7	深	0.9687
潻	2	漆	0.9841
澃	8	渠	0.9713
澊	4	溥	0.9796
澏	1	癌	0.9543
澑	17	輝	0.9738
澕	8	溝	0.9816
澖	10	粮	0.9686
澘	12	潜	0.9821
澛	15	得	0.9719
澝	10	潛	0.9718
澞	1	虞	0.9644
澟	16	湿	0.9657
澢	13	滑	0.9799
澦	12	瀬	0.9757
澩	11	澳	0.9631
澲	8	深	0.9711
澵	2	新	0.9797
澷	16	漫	0.9721
澸	0	烈	0.9646
澺	11	潟	0.9742
澽	15	據	0.9642
澿	17	粹	0.9738
濄	0	過	0.9663
濅	6	濱	0.9712
濌	5	醸	0.9677
濎	4	鼎	0.9647
濏	12	潟	0.9751
濐	7	濱	0.9752
濖	8	澤	0.9803
濗	2	瀑	0.9753
濚	9	深	0.9761
濝	4	鴻	0.9607
濢	7	洛	0.9740
濣	7	锋	0.9691
濥	3	淨	0.9686
濦	1	穩	0.9663
濧	2	對	0.9647
濨	4	慈	0.9712
濪	7	瀧	0.9762
濭	8	濫	0.9558
濷	10	絞	0.9602
濸	13	潜	0.9695
濻	5	鴻	0.9616
濽	8	濱	0.9825
濿	11	濃	0.9703
瀀	8	湯	0.9708
瀂	14	潜	0.9705
瀃	4	賜	0.9711
瀄	2	節	0.9735
瀇	20	擴	0.9762
瀊	9	濫	0.9571
瀎	15	嫌	0.9678
瀐	6	灘	0.9665
瀒	8	洛	0.9668
瀓	6	徵	0.9732
瀔	6	穀	0.9756
瀖	9	澤	0.9710
瀗	8	瀧	0.9671
瀢	13	潟	0.9683
瀤	17	漫	0.9737
瀥	9	瀧	0.9768
瀩	13	瀬	0.9797
瀪	3	繁	0.9698
瀫	8	潔	0.9702
瀭	14	瑜	0.9735
瀮	13	稼	0.9710
瀯	6	湾	0.9742
瀱	0	隠	0.9571
瀳	4	薦	0.9707
瀴	9	濱	0.9734
瀸	14	潟	0.9639
瀺	15	潟	0.9699
瀻	0	戴	0.9559
瀽	12	濃	0.9651
瀿	4	繁	0.9766
灀	7	揺	0.9670
灂	4	淨	0.9677
灄	10	澤	0.9646
灇	3	瀑	0.9714
灍	13	濃	0.9659
灎	10	衛	0.9577
灒	8	贊	0.9722
灓	5	戀	0.9647
灔	16	縄	0.9538
灖	10	瀧	0.9565
灗	8	檀	0.9602
灚	16	潟	0.9613
灛	7	潤	0.9723
灜	1	赢	0.9634
灟	2	屬	0.9739
灡	8	潤	0.9716
灢	11	瀧	0.9698
灦	12	瀧	0.9715
灪	4	灣	0.9632
灲	4	灯	0.9729
灳	7	钦	0.9611
灷	1	沿	0.9547
灹	10	祇	0.9767
灻	1	夷	0.9633
炂	7	訟	0.9627
炃	4	炎	0.9702
炄	2	知	0.9711
炇	0	败	0.9762
炈	2	役	0.9727
炋	5	灯	0.9734
炍	0	叛	0.9782
炐	3	沖	0.9652
炚	11	映	0.9588
炛	4	论	0.9648
炞	1	刘	0.9724
炠	8	畑	0.9891
炢	7	煉	0.9725
炦	0	抜	0.9735
炧	6	施	0.9801
炨	7	妮	0.9704
炩	0	欢	0.9657
炪	7	础	0.9601
炲	2	殆	0.9751
炵	12	烯	0.9644
炶	3	站	0.9675
炾	2	祝	0.9759
炿	2	舟	0.9667
烄	8	胶	0.9739
烅	3	伽	0.9590
烆	13	烯	0.9749
烌	4	休	0.9667
烍	3	烧	0.9704
烎	1	灾	0.9570
烐	5	焼	0.9705
烑	3	桃	0.9755
烒	6	试	0.9732
烖	10	裁	0.9784
烗	3	该	0.9806
烠	5	炸	0.9712
烢	6	炸	0.9777
烣	9	恢	0.9782
烥	11	姫	0.9794
烪	4	烧	0.9745
烮	4	灵	0.9515
烵	18	城	0.9701
烶	4	艇	0.9713
烸	3	悔	0.9711
烻	3	诞	0.9778
烼	0	豕	0.9679
烾	5	釜	0.9513
烿	2	於	0.9632
焀	1	熔	0.9718
焁	4	淡	0.9500
焂	10	谈	0.9576
焃	19	城	0.9693
焅	7	炸	0.9730
焆	9	畑	0.9720
焇	3	消	0.9706
焈	2	殷	0.9482
焋	1	步	0.9585
焎	0	热	0.9713
焒	8	妮	0.9700
焛	2	閲	0.9602
焣	5	聚	0.9719
焤	10	恢	0.9513
焥	16	婉	0.9855
焧	9	隧	0.9655
焨	7	惧	0.9749
焩	4	脚	0.9798
焪	12	煌	0.9633
焬	13	場	0.9725
焭	4	勞	0.9670
焳	6	雄	0.9680
焷	2	如	0.9741
焸	1	吳	0.9351
焹	13	廠	0.9676
焺	8	胺	0.9762
焻	13	煌	0.9731
焽	3	逻	0.9441
焾	15	燈	0.9593
煁	5	湛	0.9735
煂	20	塘	0.9707
煄	8	腫	0.9680
煈	6	風	0.9689
煍	8	秋	0.9713
煏	10	煙	0.9664
煔	6	陵	0.9596
煗	13	碱	0.9686
煘	2	减	0.9798
煛	3	剪	0.9418
煫	14	嫁	0.9708
煭	1	烈	0.9573
煯	15	娛	0.9704
煰	3	燥	0.9632
煵	8	煉	0.9685
煷	9	航	0.9555
煹	18	輝	0.9743
煼	0	趨	0.9594
煾	0	歳	0.9678
煿	19	輝	0.9732
熀	6	焼	0.9750
熂	3	氣	0.9650
熃	12	獎	0.9616
熆	2	荀	0.9585
熉	8	惧	0.9736
熋	5	涙	0.9520
熌	6	炳	0.9791
熍	9	妮	0.9703
熎	1	紙	0.9622
熐	11	煙	0.9774
熑	16	嫌	0.9757
熓	14	煌	0.9780
熝	20	輝	0.9727
熡	3	數	0.9665
熢	16	燈	0.9694
熣	10	媽	0.9689
熦	14	烯	0.9685
熧	5	炎	0.9609
熩	7	爐	0.9686
熪	2	隊	0.9635
熫	1	庶	0.9707
熭	2	慧	0.9518
熮	9	膠	0.9627
熰	12	铜	0.9603
熴	15	煌	0.9706
熶	8	爆	0.9697
熻	7	劍	0.9623
燅	6	綾	0.9556
燇	12	煙	0.9752
燌	3	憤	0.9750
燍	9	斯	0.9776
燓	0	梦	0.9622
燖	9	爆	0.9727
燘	7	炳	0.9713
燛	5	誤	0.9333
燞	3	凝	0.9643
燢	5	勞	0.9436
燣	4	简	0.9552
燤	21	輝	0.9794
燩	21	激	0.9829
燪	5	虑	0.9544
燯	12	頗	0.9652
燰	15	曖	0.9625
燲	11	脅	0.9618
燳	1	照	0.9709
燷	7	憶	0.9533
燸	7	耀	0.9742
燺	4	燥	0.9608
燽	16	煌	0.9641
爂	4	剪	0.9466
爃	6	豫	0.9656
爄	7	勵	0.9694
爅	4	燒	0.9678
爉	6	獵	0.9663
爎	5	療	0.9795
爏	5	歷	0.9743
爑	10	爆	0.9759
爒	9	礎	0.9710
爓	3	劑	0.9658
爖	4	慌	0.9658
爗	22	輝	0.9665
爘	17	燈	0.9669
爙	14	濃	0.9655
爜	11	爆	0.9712
爞	23	輝	0.9647
爠	8	耀	0.9689
爡	1	遭	0.9621
爢	4	摩	0.9514
爣	5	燒	0.9501
爤	11	麺	0.9615
爥	8	腰	0.9663
爦	6	燒	0.9645
爧	2	癌	0.9664
爩	18	燈	0.9549
爮	0	爬	0.9630
爳	3	爲	0.9497
爴	10	弧	0.9546
牃	11	蝶	0.9798
牄	7	艙	0.9844
牉	5	藤	0.9721
牊	2	船	0.9702
牎	5	购	0.9565
牏	15	瑜	0.9726
牔	4	弾	0.9713
牞	5	劫	0.9789
牨	5	抗	0.9756
牪	5	牲	0.9764
牫	2	找	0.9905
牬	9	姊	0.9748
牭	10	酢	0.9639
牮	2	袋	0.9673
牰	1	轴	0.9873
牳	2	群	0.9668
犃	6	培	0.9739
犅	8	鋼	0.9778
犆	19	植	0.9743
犈	11	裁	0.9675
犉	5	滨	0.9704
犌	22	擇	0.9704
犐	6	莉	0.9648
犑	4	提	0.9721
犓	13	綿	0.9583
犔	3	菊	0.9654
犕	13	構	0.9711
犗	9	辖	0.9764
犙	9	慘	0.9763
犚	0	慰	0.9578
犜	7	徴	0.9773
犝	20	撞	0.9853
犞	15	橋	0.9777
犡	21	擴	0.9681
犣	15	擬	0.9692
犤	4	擺	0.9902
犥	6	醸	0.9627
犪	11	製	0.9672
犳	4	狗	0.9535
犺	5	狗	0.9703
犻	3	待	0.9661
犾	5	狭	0.9701
犿	5	尔	0.9614
狅	4	狂	0.9861
狇	5	休	0.9686
狊	1	臭	0.9733
狋	2	狩	0.9701
狏	6	狗	0.9684
狑	1	狄	0.9585
狘	4	猪	0.9675
狜	6	猎	0.9643
狣	2	姚	0.9737
狤	2	徒	0.9676
狥	7	狗	0.9909
狧	0	活	0.9689
狵	6	犹	0.9637
狾	2	渐	0.9794
狿	10	猿	0.9705
猀	4	沟	0.9543
猅	3	俳	0.9662
猆	1	买	0.9668
猈	2	猫	0.9741
猉	6	湛	0.9733
猌	8	秩	0.9724
猏	6	循	0.9696
猐	7	犹	0.9635
猑	7	猎	0.9753
猒	1	獣	0.9659
猠	4	独	0.9699
猣	6	狭	0.9615
猤	11	猴	0.9653
猦	7	風	0.9625
猧	2	渦	0.9655
猭	12	猴	0.9717
猲	11	猿	0.9703
猳	12	猿	0.9700
猵	7	循	0.9720
猹	2	答	0.9595
猽	9	獲	0.9745
獀	5	狼	0.9742
獆	13	猿	0.9815
獉	7	狭	0.9742
獊	5	搶	0.9665
獋	6	猜	0.9711
獌	10	獲	0.9747
獓	22	激	0.9817
獔	7	猜	0.9791
獕	3	猫	0.9720
獖	8	猜	0.9758
獙	14	嫩	0.9678
獜	4	磷	0.9581
獝	14	猿	0.9692
獟	9	猜	0.9614
獤	23	激	0.9834
獥	15	猿	0.9715
獩	16	猿	0.9687
獱	10	濱	0.9729
獹	8	爐	0.9640
獿	17	猿	0.9610
玂	4	働	0.9491
玈	1	私	0.9672
玌	2	扎	0.9639
玐	5	庚	0.9417
玞	3	扶	0.9793
玣	2	球	0.9673
玤	9	琪	0.9661
玬	9	辉	0.9720
玱	2	枪	0.9634
玴	2	世	0.9693
玸	10	跑	0.9756
玽	10	拘	0.9828
玾	3	押	0.9817
珁	2	畏	0.9585
珄	6	牲	0.9798
珇	9	坦	0.9746
珋	4	順	0.9689
珗	7	挽	0.9760
珘	1	斑	0.9689
珚	1	租	0.9702
珛	9	推	0.9755
珜	10	拝	0.9722
珟	2	尿	0.9576
珢	10	恨	0.9654
珨	5	拾	0.9849
珬	3	联	0.9720
珯	19	裝	0.9702
珴	2	我	0.9750
珶	21	塘	0.9695
珻	1	辞	0.9676
珼	2	唄	0.9715
珿	0	捉	0.9819
琋	4	希	0.9712
琒	4	择	0.9748
琔	15	堤	0.9713
琖	3	我	0.9680
琗	4	卒	0.9705
琘	4	瑠	0.9699
琙	13	域	0.9907
琝	20	裝	0.9716
琞	0	盟	0.9688
琧	6	雪	0.9666
琷	11	撲	0.9681
琻	9	捨	0.9735
琽	6	诸	0.9792
琾	7	堺	0.9905
瑏	10	辉	0.9742
瑐	1	揃	0.9867
瑓	5	疎	0.9779
瑖	5	摄	0.9713
瑘	17	郡	0.9710
瑡	3	師	0.9598
瑦	6	揚	0.9655
瑬	5	绩	0.9500
瑵	6	騒	0.9639
瑻	4	損	0.9747
瑼	3	墳	0.9745
瑽	10	蹤	0.9825
瑿	8	墨	0.9698
璍	2	樺	0.9676
璏	11	辉	0.9678
璑	2	無	0.9669
璕	4	尋	0.9666
璖	5	探	0.9735
璗	5	響	0.9591
璢	6	理	0.9717
璤	22	塘	0.9661
璭	3	運	0.9794
璳	3	賛	0.9713
璴	4	楚	0.9745
璶	14	攜	0.9595
璼	19	駐	0.9677
璾	4	齊	0.9716
瓀	8	瑞	0.9674
瓁	11	壌	0.9715
瓂	2	諾	0.9510
瓃	19	踊	0.9687
瓄	7	蹟	0.9733
瓆	4	墳	0.9701
瓇	5	擾	0.9757
瓋	0	適	0.9696
瓍	6	聡	0.9639
瓎	5	賴	0.9752
瓑	6	歷	0.9656
瓓	20	欄	0.9713
瓝	6	购	0.9628
瓥	9	験	0.9488
瓨	1	瓦	0.9642
瓪	6	辱	0.9469
瓭	6	瓶	0.9741
瓳	9	拓	0.9654
瓵	3	節	0.9673
瓺	7	瓶	0.9650
瓻	4	稀	0.9703
瓼	4	遇	0.9498
瓽	3	意	0.9563
瓾	8	瓶	0.9706
甆	5	慈	0.9656
甇	3	瓷	0.9632
甈	5	碍	0.9707
甉	9	瓶	0.9701
甊	4	擲	0.9623
甋	10	瓶	0.9608
甐	3	新	0.9651
甒	6	應	0.9608
甔	4	詹	0.9583
甖	10	嬰	0.9523
甧	12	臂	0.9710
甮	1	窟	0.9624
甶	1	由	0.9803
甹	0	兽	0.9581
甼	3	畏	0.9642
畁	4	贵	0.9578
畂	3	吹	0.9527
畃	11	拘	0.9658
畆	1	弘	0.9437
畍	7	吟	0.9628
畒	1	认	0.9479
畕	3	冨	0.9627
畖	11	弧	0.9700
畗	1	富	0.9749
畘	9	哺	0.9732
畣	3	會	0.9748
畭	16	瑜	0.9663
畱	7	醒	0.9589
畻	3	擁	0.9574
畼	6	暢	0.9676
疀	11	難	0.9604
疂	5	置	0.9566
疄	8	麟	0.9758
疅	7	疆	0.9664
疈	21	駒	0.9465
疉	3	疊	0.9670
疌	2	走	0.9788
疓	5	列	0.9605
疕	1	必	0.9662
疘	4	症	0.9663
疛	1	疗	0.9669
疜	2	疗	0.9689
疞	3	疗	0.9582
疦	4	疾	0.9706
疧	3	痕	0.9752
疨	3	茅	0.9721
疩	10	姊	0.9666
疭	2	汲	0.9612
疰	5	唐	0.9679
疶	23	塘	0.9635
疷	4	痕	0.9699
疺	4	泛	0.9671
疻	1	织	0.9639
痁	8	浪	0.9698
痋	5	独	0.9677
痏	3	春	0.9670
痐	11	洞	0.9665
痑	3	多	0.9539
痓	2	褒	0.9581
痖	3	减	0.9645
痗	6	渡	0.9644
痚	3	養	0.9705
痜	5	疾	0.9664
痝	6	颜	0.9605
痥	4	究	0.9592
痦	15	濃	0.9689
痬	9	湯	0.9657
痭	1	崩	0.9630
痮	5	痕	0.9810
痯	6	唐	0.9699
痵	6	療	0.9644
痶	6	演	0.9729
痸	16	濃	0.9633
痻	6	痛	0.9700
痽	6	淮	0.9651
瘃	6	疾	0.9517
瘄	7	潭	0.9708
瘇	5	摩	0.9515
瘌	16	嫡	0.9642
瘎	6	滝	0.9680
瘏	5	厳	0.9709
瘑	3	渦	0.9678
瘒	4	庫	0.9748
瘔	7	演	0.9726
瘚	7	厥	0.9653
瘛	4	憑	0.9641
瘬	3	誠	0.9647
瘭	17	濃	0.9567
瘮	10	慘	0.9694
瘯	13	碳	0.9655
瘱	7	陵	0.9458
瘲	3	液	0.9759
瘶	14	廠	0.9650
瘷	7	渡	0.9717
瘽	4	運	0.9564
癁	18	漫	0.9649
癄	7	應	0.9688
癅	22	擴	0.9649
癎	9	潤	0.9624
癏	18	濃	0.9654
癑	19	濃	0.9645
癕	2	雍	0.9623
癗	3	癌	0.9686
癙	20	濃	0.9632
癚	6	摩	0.9655
癝	8	憶	0.9553
癳	4	癌	0.9604
癴	5	灣	0.9515
癵	12	赞	0.9614
癷	4	翠	0.9685
癹	18	發	0.9660
皃	1	見	0.9682
皅	2	吧	0.9755
皉	13	毗	0.9794
皌	6	昧	0.9904
皍	2	昆	0.9681
皏	6	拼	0.9765
皒	7	捜	0.9664
皔	8	谓	0.9716
皗	8	調	0.9765
皟	14	噴	0.9770
皠	6	摧	0.9753
皡	5	撮	0.9691
皢	8	曉	0.9869
皣	6	睡	0.9667
皧	16	曖	0.9876
皨	6	輩	0.9530
皩	6	誤	0.9582
皪	11	樂	0.9670
皬	9	曜	0.9852
皯	13	頗	0.9689
皳	4	被	0.9789
皵	1	報	0.9717
皸	7	鞭	0.9643
皹	3	牌	0.9673
皻	6	腹	0.9680
皼	8	艘	0.9477
皽	9	艘	0.9547
皾	2	蝦	0.9532
盀	1	盐	0.9517
盁	2	盈	0.9760
盄	0	里	0.9457
盇	2	盃	0.9526
盓	1	紐	0.9555
盕	0	絕	0.9553
盙	2	盡	0.9476
盚	4	索	0.9601
盢	5	監	0.9602
盫	4	會	0.9520
盰	4	旺	0.9701
盳	3	担	0.9533
盵	6	吃	0.9655
盶	9	現	0.9600
盺	5	听	0.9652
盽	3	捕	0.9662
盿	6	战	0.9703
眂	3	眠	0.9715
眃	3	転	0.9664
眆	4	坊	0.9699
眍	0	駆	0.9711
眐	11	距	0.9604
眑	2	拠	0.9603
眒	10	哺	0.9645
眓	5	晓	0.9650
眔	1	衆	0.9538
眖	4	呪	0.9710
眝	0	貯	0.9774
眢	12	脅	0.9559
眣	12	映	0.9797
眤	7	配	0.9564
眫	4	畔	0.9714
眮	5	胴	0.9625
眰	4	野	0.9672
眱	13	映	0.9624
眲	4	眠	0.9640
眳	9	搖	0.9610
眵	4	够	0.9391
眹	4	联	0.9701
眻	23	擇	0.9674
眽	5	脈	0.9765
眿	5	脉	0.9783
睂	3	省	0.9671
睅	5	眠	0.9584
睈	12	距	0.9658
睉	3	挫	0.9677
睊	11	唱	0.9588
睋	3	職	0.9627
睓	3	融	0.9640
睕	9	腕	0.9728
睖	6	搜	0.9638
睙	10	膜	0.9620
睝	6	督	0.9759
睤	6	眠	0.9742
睧	20	踊	0.9653
睯	7	督	0.9724
睰	7	摧	0.9673
睱	4	暇	0.9916
睲	15	瞳	0.9691
睳	3	睦	0.9561
睵	4	職	0.9774
睶	6	撮	0.9688
睷	10	键	0.9630
睻	13	晴	0.9659
瞁	7	眠	0.9730
瞃	8	眠	0.9702
瞆	4	暁	0.9696
瞈	17	贈	0.9566
瞉	7	穀	0.9731
瞊	16	瞳	0.9676
瞐	23	鳴	0.9541
瞔	8	蹟	0.9772
瞕	14	晴	0.9711
瞖	7	醫	0.9731
瞗	19	鴨	0.9697
瞘	7	驅	0.9753
瞙	16	堤	0.9692
瞚	17	瞳	0.9712
瞛	11	蹤	0.9794
瞜	7	睡	0.9615
瞝	10	離	0.9680
瞡	7	醐	0.9581
瞦	15	晴	0.9756
瞨	12	撲	0.9639
瞮	5	撤	0.9705
瞯	3	間	0.9353
瞱	8	睡	0.9719
瞴	12	難	0.9625
瞷	8	驅	0.9443
瞸	12	蹄	0.9586
瞺	0	輸	0.9568
矀	5	微	0.9676
矁	7	聡	0.9682
矂	9	操	0.9729
矃	18	瞳	0.9609
矄	19	瞳	0.9620
矆	8	顕	0.9647
矈	9	曉	0.9664
矉	9	蹟	0.9656
矊	5	擺	0.9649
矋	20	購	0.9519
矌	23	擴	0.9657
矎	3	瓊	0.9685
矏	10	曉	0.9675
矐	10	曜	0.9833
矑	20	鴨	0.9594
矒	16	晴	0.9777
矕	4	警	0.9637
矖	20	瞳	0.9579
矘	21	瞳	0.9578
矙	9	眠	0.9543
矝	1	矛	0.9696
矡	20	穫	0.9700
矤	3	送	0.9630
矨	7	妖	0.9766
矪	6	缺	0.9712
矲	16	擬	0.9675
矵	11	恨	0.9632
矷	3	仔	0.9739
砃	6	碍	0.9723
砅	6	脉	0.9663
砆	10	铁	0.9741
砇	0	这	0.9670
砉	2	差	0.9698
砋	3	祉	0.9640
砎	7	价	0.9700
砏	3	份	0.9714
砐	4	吸	0.9776
砓	6	般	0.9754
砙	11	瓶	0.9641
砛	11	冷	0.9649
砞	13	株	0.9778
砠	2	面	0.9694
砡	7	碑	0.9689
砤	7	砲	0.9796
砨	14	碱	0.9595
砪	2	辟	0.9598
砯	4	秒	0.9703
砱	12	冷	0.9734
砶	12	姫	0.9680
砽	4	期	0.9681
硁	4	轻	0.9713
硂	17	舒	0.9628
硄	1	税	0.9689
硆	8	恰	0.9652
硉	2	肅	0.9677
硊	8	砲	0.9658
硋	1	孩	0.9715
硍	12	恨	0.9756
硑	2	榜	0.9717
硙	2	温	0.9563
硛	0	跡	0.9625
硞	3	硝	0.9754
硟	3	誕	0.9763
硡	4	磁	0.9715
硢	1	徐	0.9745
硣	4	徹	0.9716
硥	11	锁	0.9632
硧	8	碑	0.9775
硰	4	省	0.9556
硱	9	柄	0.9684
硳	13	樣	0.9665
硵	4	钢	0.9745
硶	23	橙	0.9630
硸	7	碍	0.9777
硹	5	極	0.9631
硺	13	猴	0.9651
硻	2	腎	0.9768
硽	5	掩	0.9736
碀	7	稱	0.9771
碂	1	综	0.9683
碃	10	禧	0.9759
碅	7	烟	0.9717
碈	12	婚	0.9769
碋	9	祠	0.9696
碐	14	碳	0.9679
碒	18	舒	0.9645
碔	4	賦	0.9689
碖	6	倫	0.9823
碠	8	碍	0.9717
碢	13	铜	0.9704
碤	9	碟	0.9802
碦	9	喀	0.9722
碫	7	般	0.9670
碬	3	辟	0.9694
碮	9	碍	0.9694
碵	4	碩	0.9775
碷	8	循	0.9758
碿	9	鋼	0.9712
磀	15	碳	0.9736
磂	6	確	0.9745
磃	1	碼	0.9544
磄	17	礦	0.9742
磇	10	碍	0.9638
磍	8	揺	0.9750
磏	17	嫌	0.9810
磒	5	碩	0.9789
磓	4	鍋	0.9584
磖	11	禧	0.9677
磗	9	碑	0.9741
磛	5	暫	0.9802
磟	8	磯	0.9588
磠	7	納	0.9533
磢	10	俠	0.9580
磣	9	修	0.9550
磥	18	標	0.9702
磦	19	標	0.9700
磩	15	碱	0.9864
磫	12	蹤	0.9768
磭	11	碍	0.9737
磮	11	输	0.9658
磰	12	禧	0.9738
磳	13	禧	0.9725
磶	7	鶴	0.9707
磸	4	齋	0.9696
磼	21	穫	0.9774
礂	14	禧	0.9818
礃	13	臂	0.9690
礆	4	險	0.9721
礈	9	磯	0.9689
礊	12	撃	0.9697
礋	11	衛	0.9677
礍	14	綿	0.9710
礏	5	磷	0.9694
礔	12	衛	0.9683
礕	14	臂	0.9765
礗	4	領	0.9772
礘	15	顯	0.9635
礚	6	儲	0.9471
礝	13	衛	0.9672
礞	16	碳	0.9638
礠	5	磁	0.9708
礢	19	録	0.9701
礣	18	礦	0.9753
礥	6	碩	0.9736
礧	19	礦	0.9583
礩	12	碍	0.9727
礯	10	磯	0.9677
礰	2	歴	0.9720
礲	8	鶴	0.9699
礳	6	稽	0.9622
礷	14	衛	0.9693
礹	4	衡	0.9690
祌	8	神	0.9886
祍	2	科	0.9683
祒	11	禄	0.9706
祙	14	株	0.9841
祡	2	尝	0.9627
祣	8	依	0.9693
祪	7	豫	0.9656
祮	6	枯	0.9693
祱	2	税	0.9814
祴	7	械	0.9788
祵	10	柄	0.9768
祶	22	梯	0.9843
祻	5	桐	0.9708
祽	18	粹	0.9832
禂	10	祠	0.9651
禆	13	禅	0.9823
禈	14	禅	0.9868
禉	4	樽	0.9677
禗	20	標	0.9766
禙	5	精	0.9701
禜	6	營	0.9554
禞	2	稿	0.9794
禢	2	禍	0.9634
禣	3	醇	0.9729
禲	20	礦	0.9685
禷	2	類	0.9727
秂	0	关	0.9644
秄	11	杆	0.9732
秅	5	托	0.9678
秇	10	桥	0.9743
秎	1	粉	0.9795
秐	6	称	0.9789
秓	9	秩	0.9790
秗	11	桥	0.9783
秙	7	枯	0.9796
秚	5	稍	0.9795
秛	3	板	0.9809
秜	4	积	0.9714
秝	12	桥	0.9789
秡	7	救	0.9775
秢	2	私	0.9646
秨	3	科	0.9750
秮	3	私	0.9686
秲	4	种	0.9776
秳	6	稍	0.9745
秴	11	検	0.9724
秵	11	柄	0.9844
秶	4	築	0.9718
秷	5	稀	0.9760
秹	8	稚	0.9784
秿	3	桶	0.9833
稁	8	桌	0.9746
稄	18	梭	0.9850
稆	6	程	0.9790
稇	12	柄	0.9826
稏	20	棉	0.9724
稑	0	雑	0.9707
稒	6	柯	0.9729
稓	7	稍	0.9751
稕	12	禄	0.9767
稖	8	稍	0.9788
稢	7	秘	0.9797
稤	4	稲	0.9739
稥	5	香	0.9621
稦	22	穫	0.9807
稨	12	瓶	0.9686
稩	7	程	0.9781
稪	21	稜	0.9788
稫	5	福	0.9832
稬	5	稲	0.9762
稰	7	稽	0.9829
稴	18	嫌	0.9826
稵	6	磁	0.9730
稶	22	稜	0.9710
穁	8	程	0.9730
穇	11	慘	0.9648
穊	11	概	0.9928
穒	16	驚	0.9561
穓	14	構	0.9747
穔	4	橫	0.9901
穕	6	稀	0.9768
穖	5	機	0.9889
穘	15	構	0.9632
穙	23	稜	0.9761
穛	9	稚	0.9787
穜	23	穫	0.9776
穞	8	稽	0.9789
穤	16	橋	0.9757
穥	5	橫	0.9747
穦	13	積	0.9833
穮	6	穂	0.9795
穯	3	稿	0.9718
穱	8	稱	0.9790
穲	16	構	0.9643
穳	14	積	0.9745
穻	2	罕	0.9675
穼	5	宋	0.9843
穾	5	突	0.9708
窀	1	琵	0.9646
窇	1	码	0.9521
窉	3	穿	0.9636
窌	17	婉	0.9630
窎	0	鸟	0.9584
窏	12	辉	0.9685
窔	3	変	0.9770
窙	3	導	0.9629
窚	7	威	0.9736
窛	4	寇	0.9722
窡	6	葵	0.9592
窢	1	哉	0.9647
窤	5	質	0.9646
窧	1	章	0.9738
窱	14	傑	0.9703
窲	0	料	0.9677
窵	17	鷲	0.9714
窷	14	聯	0.9767
窸	4	繋	0.9657
窹	9	耀	0.9658
窽	19	漫	0.9596
竀	11	蘋	0.9685
竆	4	窮	0.9684
竌	6	机	0.9607
竐	0	设	0.9788
竔	20	城	0.9682
竘	12	拘	0.9697
竚	4	润	0.9669
竛	3	绘	0.9691
竤	9	弦	0.9727
竨	2	靖	0.9710
竬	13	瓶	0.9698
竮	18	糖	0.9698
竱	11	媽	0.9652
竲	12	赠	0.9703
竳	19	發	0.9725
竵	10	耀	0.9657
竷	20	發	0.9647
竸	2	競	0.9867
竼	3	贫	0.9566
竾	5	拖	0.9591
笁	2	笠	0.9713
笅	2	淺	0.9597
笇	3	笠	0.9647
笉	3	褒	0.9588
笌	11	等	0.9684
笍	3	筑	0.9709
笎	5	究	0.9579
笐	6	究	0.9527
笒	1	签	0.9669
笓	3	轮	0.9659
笖	8	统	0.9553
笗	4	冬	0.9645
笚	3	笛	0.9779
笜	1	笹	0.9584
笝	1	匈	0.9601
笟	3	於	0.9574
笡	1	值	0.9548
笢	16	得	0.9619
笣	1	绝	0.9606
笧	5	第	0.9610
笰	6	第	0.9698
笲	0	筹	0.9643
笴	2	箭	0.9706
笷	9	骑	0.9579
笸	1	筒	0.9669
笻	4	節	0.9714
笿	5	客	0.9717
筀	2	筆	0.9706
筁	4	笛	0.9713
筂	6	拖	0.9568
筃	7	裔	0.9573
筄	2	悠	0.9563
筓	4	筑	0.9695
筕	17	得	0.9569
筗	4	待	0.9660
筙	5	築	0.9721
筞	3	榮	0.9708
筟	12	等	0.9685
筣	19	粹	0.9793
筤	4	養	0.9657
筨	3	答	0.9713
筪	2	箇	0.9721
筶	13	等	0.9711
筽	8	笑	0.9579
筿	6	築	0.9701
箁	1	登	0.9663
箂	0	策	0.9741
箃	0	致	0.9664
箄	14	等	0.9662
箈	6	滨	0.9692
箉	18	鋳	0.9590
箊	3	添	0.9653
箌	19	舒	0.9632
箑	3	笔	0.9584
箖	1	篠	0.9645
箛	8	钦	0.9594
箢	3	箭	0.9640
箥	11	絞	0.9617
箯	6	俘	0.9687
箰	4	導	0.9636
箲	19	淀	0.9574
箳	3	篇	0.9643
箵	5	省	0.9636
箶	11	銷	0.9649
箷	7	施	0.9690
箹	5	総	0.9576
箺	7	拳	0.9664
箻	13	緯	0.9651
箼	4	篇	0.9712
箽	3	筆	0.9730
箾	15	綿	0.9660
箿	6	鲁	0.9616
篂	0	魯	0.9627
篃	5	詹	0.9695
篅	4	箭	0.9650
篍	7	築	0.9678
篎	2	遜	0.9634
篐	2	箱	0.9730
篒	1	資	0.9696
篕	3	整	0.9609
篖	5	篤	0.9651
篗	1	隻	0.9670
篛	7	第	0.9617
篜	12	絞	0.9514
篞	17	潟	0.9635
篟	18	得	0.9644
篣	15	等	0.9626
篧	8	拳	0.9705
篨	1	簽	0.9573
篫	16	等	0.9736
篬	3	蒼	0.9779
篲	6	窪	0.9581
篴	13	絞	0.9586
篵	4	從	0.9668
篹	3	纂	0.9717
篺	11	犠	0.9734
篻	11	繫	0.9629
篼	5	鋭	0.9693
篿	17	等	0.9604
簂	2	筒	0.9611
簄	6	篤	0.9634
簅	2	產	0.9700
簆	5	鏡	0.9589
簈	5	魚	0.9620
簉	1	造	0.9596
簊	7	篤	0.9568
簐	6	鋭	0.9631
簖	3	遜	0.9539
簘	20	録	0.9665
簚	6	籍	0.9700
簛	21	録	0.9727
簢	3	簡	0.9752
簤	1	賀	0.9710
簥	6	急	0.9672
簩	6	勞	0.9629
簬	12	鍛	0.9690
簭	3	箱	0.9601
簮	15	潜	0.9695
簯	7	稀	0.9681
簲	3	麓	0.9661
簴	8	篤	0.9703
簵	7	籍	0.9684
簶	3	綠	0.9769
簻	1	適	0.9506
簼	8	籍	0.9688
籂	5	飾	0.9755
籄	8	僅	0.9533
籅	6	籃	0.9577
籆	2	誉	0.9599
籈	12	鐵	0.9666
籉	2	籌	0.9784
籊	18	等	0.9649
籋	1	爾	0.9500
籎	4	凝	0.9628
籚	1	蘆	0.9616
籝	17	驚	0.9637
籡	13	鍛	0.9680
籢	2	簽	0.9749
籦	10	鐘	0.9755
籪	0	斷	0.9740
籫	9	贊	0.9708
籭	7	籃	0.9623
籯	7	急	0.9592
籰	2	隻	0.9531
籱	5	篇	0.9608
籶	3	初	0.9728
籷	4	科	0.9677
籸	11	祇	0.9596
籿	1	料	0.9794
粀	2	杖	0.9777
粅	2	物	0.9662
粆	5	秒	0.9787
粈	9	稍	0.9739
粌	20	粹	0.9692
粎	0	釈	0.9840
粏	0	粋	0.9708
粐	0	粧	0.9716
粓	3	柏	0.9715
粖	15	株	0.9834
粙	5	袖	0.9828
粚	8	豫	0.9668
粠	5	谋	0.9732
粣	2	柵	0.9835
粫	13	柄	0.9715
粴	4	裡	0.9830
粶	13	禄	0.9834
粷	4	粒	0.9643
粸	16	棋	0.9806
糃	9	豫	0.9736
糆	14	栖	0.9735
糇	10	稍	0.9715
糋	6	精	0.9683
糏	10	豫	0.9713
糐	6	橫	0.9719
糑	4	糕	0.9620
糓	8	穀	0.9884
糔	2	释	0.9682
糚	23	梯	0.9727
糛	5	糕	0.9706
糡	7	精	0.9637
糣	5	辩	0.9658
糤	15	嫩	0.9743
糥	2	釋	0.9785
糦	8	精	0.9857
糩	6	槍	0.9670
糪	2	藥	0.9680
糫	6	賴	0.9708
糮	3	釋	0.9790
糱	3	藥	0.9744
糳	1	謎	0.9639
糷	21	欄	0.9773
糼	2	紡	0.9663
糽	3	紅	0.9786
糿	7	购	0.9546
紁	3	紋	0.9717
紌	3	紡	0.9693
紎	13	獎	0.9585
紒	2	紛	0.9594
紟	2	絵	0.9794
紣	2	砕	0.9627
紤	2	紙	0.9716
紦	3	絶	0.9691
紨	4	附	0.9725
紪	6	創	0.9508
紭	8	縦	0.9667
紴	7	綾	0.9633
紶	5	待	0.9664
紷	3	絵	0.9792
紸	4	往	0.9612
紻	8	破	0.9707
紽	2	紀	0.9731
紾	2	參	0.9587
絉	5	線	0.9679
絊	12	樂	0.9501
絍	5	紳	0.9726
絑	13	樂	0.9652
絒	3	燃	0.9565
絔	8	缩	0.9793
絗	1	卵	0.9559
絘	0	級	0.9633
絟	4	絵	0.9749
絠	6	紳	0.9692
絤	8	納	0.9699
絥	3	隊	0.9668
絩	2	銚	0.9683
絬	16	綿	0.9718
絯	6	续	0.9568
絴	3	斜	0.9645
絸	6	腸	0.9620
絻	5	逸	0.9738
絼	2	約	0.9413
絾	9	縦	0.9710
綄	4	紡	0.9677
綇	9	納	0.9635
綊	14	獎	0.9592
綌	0	給	0.9697
綍	7	綜	0.9703
綐	7	鋭	0.9721
綒	8	綬	0.9731
綔	8	綜	0.9630
綗	7	綱	0.9759
綡	9	綜	0.9808
綤	4	緊	0.9710
綥	17	縄	0.9652
綨	7	紳	0.9665
綩	5	紡	0.9741
綪	4	績	0.9851
綼	14	緯	0.9680
緀	1	懲	0.9616
緂	11	谈	0.9569
緅	0	叡	0.9679
緆	2	緣	0.9590
緎	4	織	0.9673
緐	10	綜	0.9554
緓	7	繰	0.9633
緔	10	縦	0.9658
緕	7	絡	0.9660
緛	9	綬	0.9737
緟	8	鍾	0.9748
緢	5	摇	0.9690
緥	5	練	0.9680
緪	13	褐	0.9611
緫	6	総	0.9769
緮	6	紡	0.9653
緰	10	喻	0.9730
緳	2	废	0.9513
緵	7	缓	0.9648
緶	4	維	0.9626
緷	18	縄	0.9748
緸	15	緯	0.9699
緽	5	績	0.9778
緾	19	縄	0.9627
緿	10	綬	0.9523
縀	14	鍛	0.9698
縃	1	紹	0.9675
縆	4	緬	0.9607
縇	7	綻	0.9696
縌	11	磯	0.9589
縍	1	続	0.9653
縎	6	絹	0.9804
縏	0	稳	0.9613
縓	4	源	0.9698
縖	16	緯	0.9764
縘	5	緩	0.9724
縙	17	緯	0.9698
縜	7	絹	0.9724
縤	11	綜	0.9703
縥	14	像	0.9700
縨	8	綻	0.9688
縩	4	際	0.9737
縪	20	縄	0.9803
縬	13	繊	0.9677
縰	11	縦	0.9797
縲	18	緯	0.9649
縸	9	綻	0.9776
縼	12	縦	0.9733
縿	3	參	0.9600
繀	5	維	0.9737
繂	5	縁	0.9705
繉	3	隐	0.9612
繌	3	綴	0.9747
繎	4	燃	0.9571
繏	7	鑼	0.9690
繑	7	僑	0.9704
繓	14	褐	0.9705
繘	2	紹	0.9692
繛	8	撰	0.9641
繜	6	績	0.9700
繠	2	懿	0.9386
繣	9	繞	0.9698
繤	2	慕	0.9708
繥	19	緯	0.9848
繨	11	縫	0.9752
繬	7	締	0.9653
繱	7	総	0.9553
繲	12	縫	0.9521
繴	12	繫	0.9758
繷	14	繊	0.9653
繺	0	綫	0.9671
繿	20	緯	0.9717
纀	13	縫	0.9750
纃	6	縁	0.9672
纄	14	縫	0.9814
纅	14	樂	0.9687
纆	1	經	0.9537
纉	4	續	0.9735
纋	6	戀	0.9709
纗	9	编	0.9630
纙	8	鑼	0.9774
纚	21	縄	0.9604
纝	5	懸	0.9492
纞	7	戀	0.9718
纴	2	红	0.9729
绤	2	给	0.9700
绬	19	鉄	0.9641
绱	6	绩	0.9601
缏	0	雞	0.9637
缹	6	魚	0.9666
缻	13	碍	0.9593
缼	9	钦	0.9751
缿	5	简	0.9618
罀	5	跳	0.9735
罁	10	鋼	0.9772
罆	12	禮	0.9633
罋	7	奮	0.9685
罓	3	驱	0.9554
罖	0	界	0.9559
罛	5	所	0.9495
罜	3	聖	0.9570
罞	2	眾	0.9709
罤	4	聖	0.9632
罬	9	穀	0.9564
罭	5	跋	0.9652
罯	4	署	0.9827
罱	8	醒	0.9633
罳	9	腰	0.9617
罶	1	留	0.9672
罺	0	巢	0.9556
罼	3	畢	0.9680
罿	6	置	0.9616
羀	2	雷	0.9654
羄	16	顯	0.9724
羉	1	羅	0.9564
羏	0	汐	0.9417
羐	3	劳	0.9522
羒	4	份	0.9596
羘	4	肝	0.9736
羙	0	美	0.9708
羛	9	囊	0.9604
羜	3	舟	0.9640
羦	7	焼	0.9555
羪	2	振	0.9705
羫	9	较	0.9665
羬	4	减	0.9645
羭	12	输	0.9801
羳	12	播	0.9713
羴	6	義	0.9538
羵	9	溝	0.9640
羷	8	劍	0.9659
羺	3	辯	0.9682
羻	11	廉	0.9392
翄	2	报	0.9740
翇	4	変	0.9736
翉	3	树	0.9669
翋	5	粒	0.9673
翍	2	報	0.9712
翏	4	診	0.9491
翐	5	栽	0.9757
翑	13	蹤	0.9699
翓	8	剖	0.9629
翗	6	郷	0.9577
翝	8	綱	0.9590
翞	7	賴	0.9667
翢	1	雕	0.9601
翤	2	嗣	0.9696
翨	0	覧	0.9643
翪	12	裁	0.9688
翭	10	喉	0.9671
翯	7	營	0.9521
翲	15	聯	0.9649
翴	11	键	0.9644
翵	13	鴉	0.9746
翶	5	翻	0.9650
翷	6	磷	0.9618
翸	8	噂	0.9635
翿	10	割	0.9585
耈	5	着	0.9613
耊	9	拳	0.9617
耎	1	契	0.9624
耓	7	莉	0.9698
耔	4	祥	0.9747
耚	5	被	0.9719
耛	11	稍	0.9744
耝	2	粗	0.9873
耟	2	租	0.9730
耡	7	棚	0.9670
耢	3	鞍	0.9637
耣	7	槍	0.9737
耤	8	賴	0.9691
耩	17	構	0.9851
耫	15	積	0.9790
耬	3	樓	0.9722
耭	12	磯	0.9740
耮	11	豫	0.9658
耯	9	賴	0.9675
耰	6	擾	0.9659
耱	19	糖	0.9680
耲	6	栽	0.9698
耴	0	耶	0.9598
耹	16	玲	0.9673
耼	7	拥	0.9614
耾	0	払	0.9653
聀	4	我	0.9729
聁	8	扮	0.9615
聄	8	珍	0.9574
聅	5	联	0.9864
聇	4	師	0.9586
聈	3	拠	0.9628
聉	5	甜	0.9644
聍	5	掃	0.9718
聎	7	挑	0.9721
聏	6	町	0.9612
聐	16	措	0.9713
聑	2	再	0.9544
聓	9	蜜	0.9661
聕	13	酷	0.9822
聗	7	峽	0.9660
聙	9	聘	0.9742
聛	10	聘	0.9800
聜	6	控	0.9696
聠	6	联	0.9761
聣	2	規	0.9688
聤	6	頓	0.9692
聥	5	挿	0.9701
聧	6	聚	0.9700
聫	2	酸	0.9691
聭	11	聘	0.9780
聺	8	聡	0.9730
聻	6	暫	0.9597
肁	3	庸	0.9652
肂	3	肅	0.9629
肊	8	庇	0.9547
肍	2	肪	0.9743
肐	4	於	0.9531
肑	7	脉	0.9564
肒	7	机	0.9623
肔	4	胞	0.9746
肕	4	肌	0.9687
肗	9	胺	0.9740
肙	0	肩	0.9676
肞	4	股	0.9617
肣	8	吟	0.9646
肧	1	胚	0.9865
肨	5	肝	0.9703
肬	2	规	0.9657
肰	1	狀	0.9741
肳	4	吻	0.9689
肵	6	听	0.9768
肶	5	脚	0.9728
肷	5	欣	0.9774
肻	0	肯	0.9831
胇	8	拥	0.9626
胉	5	腊	0.9702
胑	5	順	0.9666
胒	7	腸	0.9624
胓	6	肝	0.9692
胕	10	脑	0.9686
胘	10	弦	0.9652
胟	3	腾	0.9734
胢	6	胴	0.9753
胣	8	施	0.9805
胦	2	肢	0.9762
胩	7	肝	0.9682
胮	6	膝	0.9659
胵	1	腔	0.9698
胷	7	鲁	0.9737
胹	6	刷	0.9692
胿	5	期	0.9651
脀	0	晉	0.9667
脃	5	胞	0.9718
脄	11	恢	0.9691
脌	4	胜	0.9728
脕	7	腹	0.9788
脙	10	拓	0.9699
脜	2	胆	0.9701
脝	11	膜	0.9742
脠	10	腕	0.9704
脡	5	艇	0.9826
脥	4	版	0.9682
脦	16	臟	0.9615
脨	6	勅	0.9783
脪	15	烯	0.9664
脭	6	腊	0.9622
脴	11	脑	0.9708
脵	12	膜	0.9733
脶	1	服	0.9662
脻	6	期	0.9676
脼	2	雁	0.9431
腀	7	倫	0.9600
腁	10	膳	0.9596
腂	7	顆	0.9648
腃	4	腾	0.9789
腅	3	殷	0.9619
腇	6	矮	0.9718
腉	4	脱	0.9850
腏	7	膝	0.9704
腗	13	膜	0.9649
腛	8	腸	0.9650
腜	13	煤	0.9759
腝	14	膜	0.9755
腞	7	教	0.9671
腡	16	调	0.9615
腣	11	膳	0.9710
腤	7	腊	0.9806
腨	7	肺	0.9697
腪	9	腫	0.9766
腬	8	膝	0.9670
腵	5	腿	0.9652
腷	8	腊	0.9709
膄	5	股	0.9746
膇	6	腿	0.9744
膉	3	船	0.9731
膌	9	膝	0.9737
膍	3	臘	0.9721
膐	22	録	0.9617
膒	21	鴨	0.9552
膓	8	腹	0.9829
膔	10	腰	0.9702
膖	15	騰	0.9742
膗	3	雁	0.9671
膙	1	趣	0.9662
膞	3	触	0.9638
膟	6	藤	0.9647
膡	5	腾	0.9765
膢	11	腰	0.9738
膤	2	腔	0.9693
膧	10	腫	0.9691
膫	12	脑	0.9652
膬	11	腫	0.9604
膭	15	膜	0.9722
膮	11	曉	0.9713
膱	9	勝	0.9685
膲	12	礁	0.9697
膷	7	郷	0.9679
膹	16	膜	0.9735
膼	7	腿	0.9588
臄	6	脈	0.9624
臅	12	腰	0.9712
臋	1	辭	0.9597
臌	17	臟	0.9754
臎	6	腾	0.9707
臐	9	廳	0.9706
臔	3	腎	0.9676
臕	16	騰	0.9649
臖	2	譽	0.9579
臗	9	腸	0.9731
臜	17	騰	0.9734
臡	17	擬	0.9674
臢	1	嘴	0.9641
臤	2	取	0.9589
臦	6	甜	0.9614
臫	3	乱	0.9583
臰	2	鳥	0.9668
臱	3	鳥	0.9628
臲	7	憩	0.9607
臵	8	路	0.9770
臷	0	载	0.9781
臸	6	离	0.9586
臹	6	诚	0.9714
舏	10	帕	0.9619
舑	7	甜	0.9807
舓	9	揭	0.9577
舕	7	談	0.9592
舙	6	諱	0.9565
舚	8	絹	0.9698
舝	3	韋	0.9631
舠	10	航	0.9626
舤	6	舰	0.9659
舧	11	航	0.9684
舼	7	換	0.9692
舽	10	膝	0.9685
舿	7	藤	0.9647
艁	7	赖	0.9704
艂	8	锋	0.9715
艃	5	裡	0.9651
艄	5	舶	0.9762
艆	11	腺	0.9776
艈	8	硫	0.9716
艊	10	艘	0.9606
艌	8	驗	0.9577
艍	11	艘	0.9610
艐	8	般	0.9695
艒	3	霜	0.9638
艓	10	碟	0.9758
艕	10	勝	0.9616
艖	18	擬	0.9664
艗	4	船	0.9701
艝	15	臂	0.9691
艞	13	磯	0.9666
艠	10	礎	0.9633
艡	18	贈	0.9698
艢	0	牆	0.9794
艣	18	臟	0.9568
艥	12	艘	0.9625
艩	5	齋	0.9590
艬	19	擬	0.9691
艴	6	晚	0.9674
艵	8	挽	0.9622
芀	2	方	0.9690
芁	1	丸	0.9581
芄	6	茂	0.9782
芅	2	戈	0.9525
芆	0	艾	0.9727
芉	3	芋	0.9889
芌	0	芸	0.9688
芏	3	芒	0.9592
芓	0	字	0.9677
芔	6	韩	0.9510
芕	1	岁	0.9671
芖	3	芙	0.9810
芞	2	芦	0.9569
芣	4	茅	0.9689
芵	5	英	0.9875
苀	1	壳	0.9592
苂	2	灾	0.9727
苃	3	发	0.9670
苉	3	恵	0.9540
苐	2	芽	0.9683
苘	2	尚	0.9546
苚	6	萬	0.9651
苠	2	民	0.9554
苢	4	昔	0.9704
苨	10	妮	0.9592
苩	6	菅	0.9653
苬	0	茵	0.9770
苭	0	荻	0.9645
苮	1	荷	0.9603
苵	4	芙	0.9773
苸	4	芋	0.9705
苿	2	荣	0.9815
茊	1	卓	0.9603
茋	0	巷	0.9582
茒	7	茂	0.9634
茓	3	穴	0.9469
茞	0	宦	0.9806
茟	2	畫	0.9623
茠	6	妹	0.9725
茡	1	学	0.9758
茤	3	彥	0.9425
茥	0	圭	0.9620
茩	3	荀	0.9669
茪	4	宪	0.9684
茮	3	东	0.9725
茰	1	吏	0.9669
茽	0	莊	0.9653
茾	3	芽	0.9684
荁	1	宣	0.9707
荋	0	带	0.9640
荓	1	并	0.9655
荕	5	功	0.9459
荢	0	宇	0.9660
荭	3	著	0.9638
荮	6	惹	0.9629
荰	4	柱	0.9651
荱	2	尾	0.9656
荲	6	董	0.9634
荴	7	拼	0.9616
荶	2	枠	0.9603
荹	2	歩	0.9582
荺	6	若	0.9667
荾	1	药	0.9613
荿	3	成	0.9715
莀	6	度	0.9659
莁	4	齿	0.9659
莃	1	蕃	0.9690
莄	0	竜	0.9670
莌	1	芬	0.9509
莏	0	莎	0.9644
莐	1	莎	0.9681
莔	2	商	0.9577
莡	2	莲	0.9654
莣	7	惹	0.9684
莥	1	巷	0.9593
莦	3	普	0.9682
莭	9	悼	0.9629
莮	0	虍	0.9653
莯	7	妹	0.9728
莶	2	签	0.9594
莻	3	葬	0.9521
菃	6	清	0.9702
菄	3	菓	0.9813
菆	3	敢	0.9776
菋	8	莉	0.9759
菍	2	蔡	0.9668
菒	9	桌	0.9815
菗	2	轴	0.9678
菙	2	華	0.9663
菚	0	姜	0.9464
菛	2	请	0.9630
菞	6	萩	0.9790
菣	1	载	0.9643
菥	1	薪	0.9757
菦	0	逝	0.9556
菧	7	度	0.9705
菨	7	妾	0.9773
菬	16	潜	0.9730
菭	8	浩	0.9611
菮	6	庚	0.9825
菳	8	荃	0.9748
菵	3	商	0.9704
菷	6	壽	0.9655
萀	1	虎	0.9644
萂	9	莉	0.9811
萅	7	菅	0.9650
萉	6	肥	0.9643
萐	10	囊	0.9590
萒	2	蒸	0.9574
萔	6	插	0.9663
萕	1	斉	0.9698
萖	0	克	0.9657
萗	3	崇	0.9851
萙	6	枕	0.9657
萚	5	藩	0.9724
萛	0	鼻	0.9686
萞	8	葛	0.9560
萟	7	萩	0.9784
萪	1	蒋	0.9777
萯	3	賓	0.9701
萰	1	柬	0.9687
萲	1	爱	0.9654
萶	3	暮	0.9829
萷	9	剖	0.9682
萺	0	冒	0.9638
萾	3	盈	0.9519
葁	1	姜	0.9826
葃	7	插	0.9582
葄	5	诺	0.9699
葋	9	施	0.9612
葌	8	妾	0.9629
葏	1	薄	0.9822
葐	5	盆	0.9513
葔	2	侯	0.9744
葕	7	苻	0.9706
葘	2	蓄	0.9615
葙	4	柏	0.9735
葝	16	勃	0.9602
葞	5	弾	0.9736
葤	8	惹	0.9680
葥	3	蒂	0.9582
葧	17	勃	0.9621
葨	3	黃	0.9746
葪	14	殖	0.9616
葮	11	鼓	0.9648
葲	1	袁	0.9708
葻	1	嵐	0.9800
葼	5	凌	0.9646
葽	5	要	0.9702
葾	3	蒸	0.9618
葿	7	唐	0.9700
蒀	2	孟	0.9496
蒁	1	薬	0.9659
蒃	6	象	0.9612
蒅	3	秦	0.9723
蒊	8	換	0.9661
蒏	7	萬	0.9661
蒑	8	藤	0.9696
蒕	1	盘	0.9519
蒖	1	責	0.9818
蒘	0	葉	0.9656
蒛	7	缺	0.9747
蒝	3	原	0.9683
蒠	12	潰	0.9688
蒤	0	译	0.9715
蒥	2	留	0.9634
蒦	3	隻	0.9750
蒪	4	黃	0.9645
蒫	3	差	0.9586
蒬	7	燒	0.9666
蒰	9	藤	0.9678
蒱	7	韩	0.9694
蒳	8	萩	0.9696
蒵	4	募	0.9490
蒶	0	統	0.9511
蒷	4	貴	0.9764
蓃	2	蓮	0.9563
蓅	9	惹	0.9671
蓈	2	郎	0.9686
蓌	5	莽	0.9622
蓎	8	唐	0.9784
蓒	8	韩	0.9756
蓔	1	薫	0.9555
蓕	1	莊	0.9650
蓞	3	蓄	0.9692
蓡	3	浸	0.9751
蓤	6	凌	0.9686
蓩	21	粹	0.9654
蓫	7	凌	0.9621
蓭	10	庵	0.9756
蓱	7	灌	0.9709
蓲	6	區	0.9506
蓳	7	董	0.9689
蓵	4	捷	0.9700
蓷	10	推	0.9769
蓸	3	曹	0.9811
蓹	1	御	0.9685
蓻	2	薪	0.9630
蓾	0	鹵	0.9679
蔁	2	章	0.9748
蔅	16	慎	0.9647
蔉	3	累	0.9701
蔋	6	滿	0.9744
蔍	1	鹿	0.9791
蔏	4	商	0.9720
蔐	4	蒂	0.9658
蔒	4	暮	0.9691
蔖	4	虐	0.9744
蔛	9	姆	0.9650
蔜	10	敦	0.9673
蔝	6	挟	0.9713
蔢	10	婆	0.9726
蔤	5	密	0.9695
蔧	0	彗	0.9790
蔨	5	商	0.9623
蔩	5	黃	0.9714
蔮	2	菌	0.9693
蔰	2	虞	0.9561
蔱	7	栽	0.9723
蔳	7	清	0.9809
蔶	2	責	0.9839
蔹	0	蔽	0.9455
蔾	17	染	0.9743
蕀	2	隸	0.9681
蕂	11	勝	0.9792
蕄	4	蘭	0.9580
蕇	3	蕾	0.9632
蕍	20	舒	0.9601
蕏	6	藩	0.9758
蕔	1	藉	0.9717
蕚	6	嵩	0.9489
蕛	2	藉	0.9733
蕜	0	悲	0.9680
蕟	21	發	0.9693
蕠	10	惹	0.9653
蕥	6	掩	0.9697
蕦	13	潰	0.9606
蕧	9	葛	0.9754
蕮	7	寫	0.9652
蕱	10	莉	0.9793
蕳	5	蘭	0.9735
蕵	6	潘	0.9642
蕶	0	菱	0.9607
蕼	10	溝	0.9646
蕽	1	農	0.9646
蕿	9	渤	0.9632
薂	11	敦	0.9726
薃	11	惹	0.9699
薋	4	賛	0.9784
薍	1	亂	0.9485
薎	4	葬	0.9664
薒	7	葵	0.9736
薓	4	浸	0.9636
薕	12	廉	0.9809
薖	2	適	0.9585
薞	6	剤	0.9685
薟	3	簽	0.9654
薠	7	滝	0.9758
薡	5	鼎	0.9617
薣	12	鼓	0.9674
薥	1	蟲	0.9669
薧	3	慧	0.9597
薱	3	對	0.9718
薴	2	寧	0.9673
薵	7	壽	0.9731
薻	17	潜	0.9763
薽	1	藍	0.9618
藀	11	款	0.9458
藃	1	藏	0.9598
藄	1	素	0.9569
藅	4	蕾	0.9691
藆	4	擊	0.9685
藈	8	栽	0.9707
藊	7	藩	0.9691
藌	10	蜜	0.9770
藑	4	賓	0.9573
藒	8	藩	0.9751
藖	5	賛	0.9779
藗	13	赞	0.9621
藘	5	薦	0.9711
藚	1	賣	0.9736
藛	8	寫	0.9736
藞	12	惹	0.9694
藟	2	藍	0.9638
藡	3	適	0.9760
藢	7	徵	0.9717
藣	1	罷	0.9631
藧	4	蒸	0.9665
藫	2	薄	0.9816
藬	17	慎	0.9710
藭	11	囊	0.9713
藮	2	蘇	0.9660
藯	1	慰	0.9709
藰	3	劉	0.9630
藱	8	燒	0.9638
藲	2	樞	0.9645
藵	13	惹	0.9697
藸	5	葬	0.9623
藼	12	囊	0.9727
藽	0	親	0.9678
蘀	5	揮	0.9656
蘁	1	謹	0.9404
蘃	8	謀	0.9643
蘈	10	賴	0.9711
蘉	1	寝	0.9611
蘌	3	禦	0.9735
蘍	9	勳	0.9664
蘎	4	憲	0.9566
蘏	12	蘋	0.9734
蘒	9	藩	0.9697
蘔	3	靖	0.9685
蘕	10	繞	0.9510
蘙	10	藤	0.9614
蘛	5	蒂	0.9701
蘜	11	藤	0.9699
蘝	3	蔡	0.9570
蘟	5	隱	0.9478
蘠	1	牆	0.9670
蘡	11	嬰	0.9663
蘣	3	藉	0.9669
蘦	7	諱	0.9640
蘨	6	熟	0.9555
蘪	11	溝	0.9620
蘫	12	犠	0.9689
蘬	6	歸	0.9711
蘮	9	憶	0.9491
蘯	7	墓	0.9644
蘱	13	蘋	0.9723
蘲	1	壘	0.9553
蘳	2	轄	0.9584
蘴	1	豊	0.9561
蘶	12	藤	0.9616
蘷	1	菱	0.9583
蘹	11	懷	0.9721
蘻	5	繋	0.9719
蘽	1	葉	0.9564
蘾	6	摄	0.9622
虁	2	菱	0.9651
虂	5	蕾	0.9693
虃	22	發	0.9562
虄	3	藝	0.9617
虇	8	諱	0.9658
虈	9	講	0.9536
虊	4	藥	0.9605
虋	5	剪	0.9525
虝	1	處	0.9570
虤	7	尉	0.9571
虥	12	爆	0.9627
虪	9	綱	0.9468
虲	5	址	0.9624
虳	5	她	0.9658
虴	6	托	0.9699
虸	14	域	0.9632
蚃	0	雀	0.9641
蚄	5	坊	0.9592
蚅	2	坝	0.9554
蚆	3	吧	0.9694
蚇	2	択	0.9660
蚉	7	蛮	0.9629
蚎	4	岬	0.9681
蚏	2	胡	0.9694
蚐	6	均	0.9730
蚔	9	抵	0.9602
蚗	4	块	0.9808
蚘	1	扰	0.9557
蚙	17	玲	0.9733
蚛	6	坤	0.9639
蚞	4	味	0.9655
蚟	5	虹	0.9767
蚢	10	坑	0.9742
蚥	7	战	0.9602
蚫	11	跑	0.9721
蚭	11	妮	0.9673
蚮	7	试	0.9525
蚲	14	坪	0.9788
蚷	9	垣	0.9710
蚹	10	谢	0.9653
蚽	0	环	0.9728
蚾	3	坡	0.9800
蛅	7	帖	0.9736
蛈	5	块	0.9752
蛌	12	弧	0.9698
蛑	10	搖	0.9662
蛒	9	路	0.9777
蛓	2	载	0.9794
蛕	11	推	0.9672
蛖	2	越	0.9502
蛗	0	阜	0.9592
蛘	3	掛	0.9718
蛜	6	峨	0.9605
蛝	13	恨	0.9667
蛠	0	脇	0.9634
蛡	11	祠	0.9663
蛢	8	拼	0.9704
蛣	8	帖	0.9653
蛧	10	柳	0.9560
蛨	10	垣	0.9714
蛪	2	螢	0.9660
蛫	7	暢	0.9616
蛵	1	螺	0.9614
蛶	6	摇	0.9683
蛷	3	球	0.9673
蛼	4	轉	0.9704
蛽	3	唄	0.9734
蛿	7	蜂	0.9688
蜁	6	她	0.9617
蜌	12	蛇	0.9649
蜏	6	艇	0.9710
蜐	5	勘	0.9583
蜔	5	闽	0.9592
蜖	14	毗	0.9668
蜙	12	概	0.9617
蜛	10	据	0.9738
蜝	2	碁	0.9748
蜟	4	憤	0.9661
蜠	8	烟	0.9673
蜤	8	蛮	0.9646
蜨	5	捷	0.9729
蜪	3	墟	0.9668
蜫	3	蝦	0.9702
蜬	4	醉	0.9640
蜭	8	蜂	0.9748
蜰	1	蜀	0.9677
蜲	5	挺	0.9660
蜳	8	填	0.9717
蜵	4	蝦	0.9664
蜶	7	碎	0.9736
蜸	2	堅	0.9703
蜹	12	蝶	0.9689
蜽	5	酬	0.9537
蝁	1	彗	0.9640
蝄	8	堀	0.9730
蝅	9	蛮	0.9626
蝆	13	蝶	0.9566
蝊	17	堤	0.9617
蝏	6	诗	0.9637
蝑	9	醍	0.9709
蝔	10	悼	0.9699
蝖	15	噴	0.9617
蝛	21	城	0.9655
蝞	12	麺	0.9683
蝡	3	喫	0.9659
蝢	1	頃	0.9767
蝧	14	蝶	0.9744
蝩	13	難	0.9568
蝪	14	場	0.9798
蝫	2	堵	0.9758
蝬	3	唆	0.9664
蝱	2	蟲	0.9630
蝵	10	蛮	0.9634
蝷	10	喷	0.9617
蝹	17	幅	0.9641
蝺	6	挿	0.9669
螁	2	螺	0.9601
螊	19	嫌	0.9752
螌	7	聲	0.9680
螎	4	融	0.9713
螐	6	嶋	0.9641
螑	18	堤	0.9625
螒	2	幹	0.9718
螕	5	蝦	0.9663
螖	15	増	0.9705
螙	7	掩	0.9564
螚	3	螢	0.9602
螛	16	増	0.9710
螝	3	塊	0.9729
螡	3	备	0.9615
螤	7	錬	0.9635
螥	8	艙	0.9738
螦	3	螺	0.9692
螩	9	蜂	0.9657
螪	2	增	0.9672
螮	9	醒	0.9631
螲	10	蜂	0.9626
螴	12	壌	0.9609
螷	2	蟹	0.9697
螸	11	蜜	0.9648
螹	8	斬	0.9608
螼	21	撞	0.9755
蟃	6	蝦	0.9656
蟅	4	墟	0.9582
蟍	15	蝶	0.9742
蟏	3	掘	0.9622
蟓	11	蜂	0.9683
蟕	2	嘴	0.9741
蟖	15	毗	0.9615
蟘	6	慣	0.9692
蟚	8	鲁	0.9607
蟝	9	课	0.9744
蟞	4	整	0.9722
蟡	14	擔	0.9571
蟢	15	禧	0.9636
蟤	9	撰	0.9742
蟦	16	噴	0.9761
蟨	4	螢	0.9591
蟩	19	臟	0.9581
蟭	14	難	0.9710
蟰	4	掘	0.9601
蟱	5	撫	0.9642
蟵	6	臓	0.9597
蟸	7	醸	0.9595
蟼	11	蛮	0.9697
蟽	12	键	0.9674
蟿	12	蜜	0.9725
蠀	1	貿	0.9674
蠁	13	蜜	0.9702
蠂	16	蝶	0.9768
蠈	14	蜜	0.9727
蠉	12	環	0.9711
蠌	10	醒	0.9709
蠒	15	彌	0.9121
蠗	4	躍	0.9641
蠚	4	蓄	0.9647
蠜	3	攀	0.9760
蠝	3	嗣	0.9576
蠞	3	蟹	0.9566
蠠	3	蟲	0.9583
蠤	4	蟲	0.9592
蠥	2	彗	0.9641
蠨	5	掘	0.9657
蠩	2	酵	0.9639
蠪	8	翼	0.9588
蠫	3	嘴	0.9472
蠯	13	廉	0.9590
蠳	4	螺	0.9606
蠴	7	槽	0.9662
蠸	22	撞	0.9700
蠾	9	堀	0.9557
蠿	6	鑽	0.9416
衃	6	怀	0.9633
衇	7	脈	0.9581
衈	4	卸	0.9600
衉	10	路	0.9603
衋	0	轟	0.9605
衏	4	術	0.9764
衐	3	征	0.9703
衘	1	衔	0.9746
衟	5	衡	0.9661
衠	6	衡	0.9766
衦	12	杆	0.9762
衧	13	杆	0.9750
衭	10	秩	0.9748
衯	2	粉	0.9801
衱	3	极	0.9767
衳	9	松	0.9649
衴	7	枕	0.9733
衶	9	神	0.9857
衸	3	粉	0.9638
衻	4	桶	0.9664
衼	8	救	0.9693
袀	16	烯	0.9595
袇	14	禄	0.9673
袉	3	狩	0.9611
袊	10	松	0.9642
袎	3	物	0.9641
袏	3	祐	0.9618
袔	7	柯	0.9827
袕	1	殊	0.9631
袗	10	修	0.9677
袘	10	施	0.9650
袡	10	神	0.9828
袣	17	棋	0.9628
袦	8	础	0.9665
袧	13	拘	0.9730
袨	9	依	0.9676
袩	4	站	0.9694
袯	3	毅	0.9625
袲	8	豪	0.9548
袳	6	移	0.9694
袶	1	译	0.9653
袸	4	祐	0.9757
袹	6	福	0.9702
袺	8	枯	0.9718
袻	15	禄	0.9660
袽	2	纳	0.9653
裈	13	辉	0.9719
裉	16	禄	0.9819
裋	17	禄	0.9659
裍	14	柄	0.9718
裐	4	祖	0.9652
裑	18	禄	0.9742
裓	8	械	0.9744
裖	11	粮	0.9636
裗	9	硫	0.9691
裚	21	裝	0.9796
裞	3	税	0.9794
裣	5	絵	0.9678
裦	1	哀	0.9683
裧	12	谈	0.9661
裫	9	精	0.9617
裬	12	豫	0.9643
裶	4	俳	0.9554
裷	4	卷	0.9640
裺	8	掩	0.9691
裻	13	裁	0.9724
褃	10	精	0.9755
褆	15	褐	0.9809
褈	3	種	0.9840
褋	16	裸	0.9789
褏	2	哀	0.9719
褑	16	媛	0.9745
褖	10	祿	0.9760
褗	19	禄	0.9662
褜	1	绍	0.9621
褠	18	構	0.9850
褢	6	衰	0.9621
褣	5	裕	0.9714
褤	20	禄	0.9695
褨	15	傑	0.9621
褩	8	殺	0.9705
褬	11	祿	0.9703
褮	3	裂	0.9715
褯	20	糖	0.9739
褱	2	薬	0.9686
褼	9	權	0.9667
褽	12	製	0.9673
褿	8	槽	0.9866
襂	12	慘	0.9727
襅	6	裡	0.9777
襇	3	禍	0.9686
襈	21	標	0.9718
襊	21	禄	0.9679
襋	3	隸	0.9690
襎	13	播	0.9778
襐	13	豫	0.9715
襑	15	禅	0.9723
襓	3	榜	0.9589
襔	7	滿	0.9692
襗	4	釋	0.9779
襛	3	嚴	0.9608
襡	20	樋	0.9712
襢	9	檀	0.9878
襣	2	櫻	0.9640
襥	6	辩	0.9689
襨	4	對	0.9647
襩	16	積	0.9723
襭	14	瀬	0.9771
襮	13	爆	0.9735
襰	22	禄	0.9726
襱	9	鶴	0.9708
襳	15	繊	0.9658
襵	5	攝	0.9726
襶	6	歡	0.9597
襸	11	潛	0.9715
襹	4	麗	0.9678
襺	5	耐	0.9553
襻	4	攀	0.9698
襼	11	棲	0.9605
襽	22	欄	0.9779
覀	4	襾	0.9743
覂	3	是	0.9516
覄	6	粟	0.9723
覍	0	覚	0.9662
覎	10	視	0.9593
覐	5	駁	0.9477
覒	3	規	0.9656
覛	12	腺	0.9715
覜	6	頻	0.9586
覝	4	規	0.9738
覞	10	現	0.9602
覟	5	暁	0.9641
覠	7	期	0.9659
覢	0	殻	0.9632
覣	1	親	0.9748
覤	10	腸	0.9700
覨	12	曉	0.9533
覫	2	親	0.9679
覭	17	觀	0.9654
覮	0	覺	0.9722
覰	11	腸	0.9662
覱	10	贊	0.9645
覴	14	鴉	0.9637
覶	3	親	0.9564
覸	13	曉	0.9396
覹	20	臟	0.9651
覻	12	腸	0.9664
覾	4	親	0.9731
觃	8	视	0.9606
觓	4	触	0.9739
觗	3	紙	0.9611
觘	5	砂	0.9584
觙	2	飯	0.9624
觛	5	触	0.9706
觠	1	筹	0.9608
觡	9	解	0.9618
觢	13	脅	0.9641
觤	3	脆	0.9635
觨	7	矮	0.9689
觩	5	樽	0.9729
觬	5	脱	0.9648
觰	9	确	0.9694
觵	21	礦	0.9724
觺	14	脅	0.9741
觼	10	确	0.9618
訅	0	訪	0.9602
訆	4	時	0.9624
訉	0	訳	0.9645
訋	4	遠	0.9546
訍	1	叡	0.9471
訙	3	护	0.9679
訜	2	說	0.9556
訠	1	記	0.9649
訡	3	龄	0.9669
訤	4	送	0.9504
訦	6	抗	0.9558
訨	3	証	0.9628
訩	3	悩	0.9616
訫	2	恥	0.9520
訮	4	謙	0.9581
訯	2	级	0.9599
訰	3	吨	0.9610
訲	1	計	0.9604
訵	3	削	0.9480
訸	13	桥	0.9638
訹	4	誠	0.9661
訽	4	詢	0.9862
訿	16	毗	0.9603
詀	4	詰	0.9842
詂	11	谢	0.9652
詉	5	誠	0.9534
詊	2	詳	0.9822
詋	0	説	0.9607
詌	8	甜	0.9729
詍	8	詩	0.9632
詏	18	勃	0.9592
詑	2	記	0.9677
詓	2	許	0.9665
詗	13	响	0.9741
詚	4	証	0.9635
詜	3	速	0.9680
詤	6	誠	0.9640
詪	3	振	0.9641
詯	2	誰	0.9626
詴	3	誰	0.9743
詷	14	铜	0.9614
詸	3	迷	0.9602
詺	2	銘	0.9559
詻	11	路	0.9679
詽	5	謙	0.9597
詾	1	陷	0.9632
誀	2	审	0.9584
誁	9	拼	0.9624
誃	5	够	0.9522
誈	8	評	0.9704
誋	2	認	0.9624
誏	7	誠	0.9644
誙	8	證	0.9682
誛	9	護	0.9636
誝	0	諡	0.9574
誟	1	諸	0.9729
誢	11	現	0.9582
誫	8	誠	0.9739
誮	3	諾	0.9725
誯	7	謂	0.9684
誱	1	謝	0.9598
誳	8	謂	0.9705
誵	3	緒	0.9659
誷	9	調	0.9724
誸	3	許	0.9608
誺	5	萊	0.9633
誻	9	踏	0.9756
誽	1	説	0.9758
諀	10	静	0.9702
諁	9	證	0.9607
諃	9	琳	0.9848
諅	3	碁	0.9772
諆	0	患	0.9625
諈	0	議	0.9587
諊	10	證	0.9643
諎	1	語	0.9754
諓	4	錢	0.9594
諔	1	諏	0.9722
諘	3	隷	0.9721
諙	5	韶	0.9710
諞	11	醒	0.9611
諣	4	詞	0.9579
諥	10	講	0.9589
諨	9	謂	0.9747
諩	7	碰	0.9647
諪	9	諱	0.9778
諬	5	警	0.9680
諯	6	需	0.9693
諰	10	謂	0.9689
諵	3	崗	0.9651
諽	10	諱	0.9829
諿	11	謂	0.9670
謃	12	謂	0.9664
謆	4	翡	0.9551
謈	9	鲁	0.9584
謉	1	魏	0.9643
謋	9	謀	0.9657
謍	6	警	0.9653
謑	15	獎	0.9591
謒	9	艙	0.9665
謓	1	讀	0.9710
謕	6	隱	0.9451
謘	13	謂	0.9668
謞	11	譜	0.9586
謣	11	諱	0.9716
謥	5	翡	0.9576
謧	3	譲	0.9710
謪	8	騎	0.9592
謯	2	韻	0.9617
謲	4	參	0.9537
謴	0	讚	0.9762
謵	2	語	0.9652
謶	13	瀧	0.9528
謷	7	警	0.9842
謸	3	敷	0.9592
謺	8	塾	0.9616
謻	4	毅	0.9543
謼	7	頻	0.9590
謽	3	譽	0.9654
謿	11	講	0.9558
譀	4	敢	0.9609
譂	12	講	0.9737
譃	8	聽	0.9641
譄	12	譜	0.9805
譆	13	譜	0.9834
譇	2	諸	0.9693
譈	1	韵	0.9546
譊	5	讓	0.9624
譍	2	鷹	0.9783
譐	2	讀	0.9691
譑	2	謡	0.9687
譗	3	誇	0.9620
譛	11	證	0.9644
譝	10	調	0.9536
譡	14	譜	0.9714
譢	2	謎	0.9694
譣	9	驗	0.9654
譤	3	敵	0.9534
譥	8	警	0.9719
譨	11	調	0.9645
譩	15	譜	0.9731
譱	7	雪	0.9282
譳	4	靈	0.9708
譵	6	讓	0.9674
譸	16	譜	0.9590
譹	17	譜	0.9588
譺	20	擬	0.9671
譻	9	警	0.9463
譿	4	慧	0.9660
讁	4	適	0.9517
讂	4	瓊	0.9681
讄	13	講	0.9617
讅	2	幣	0.9571
讆	10	警	0.9726
讇	5	詞	0.9638
讈	7	歷	0.9559
讍	2	謹	0.9434
讏	3	誓	0.9629
讕	6	詞	0.9676
讗	10	護	0.9635
讛	4	藝	0.9710
讝	2	謝	0.9565
讟	3	謹	0.9555
讱	1	顶	0.9648
讻	1	凶	0.9679
诇	12	洞	0.9735
诼	7	塚	0.9710
谉	16	禅	0.9711
谖	8	缓	0.9713
谸	14	煤	0.9719
谻	5	船	0.9651
谽	11	鉛	0.9694
谾	12	鉛	0.9629
豂	15	縫	0.9561
豃	5	徹	0.9676
豍	19	贈	0.9657
豑	20	駐	0.9608
豒	20	贈	0.9595
豓	5	鍋	0.9465
豖	1	豕	0.9711
豗	1	豚	0.9485
豙	4	家	0.9682
豜	8	搬	0.9478
豝	8	配	0.9596
豞	3	豬	0.9677
豟	1	阪	0.9409
豠	3	粗	0.9638
豣	9	搬	0.9616
豤	2	限	0.9666
豥	4	该	0.9555
豧	0	補	0.9608
豩	14	猴	0.9595
豮	14	豫	0.9692
豯	10	隧	0.9554
豴	21	樋	0.9655
豵	1	縱	0.9690
豶	18	慎	0.9655
豻	7	象	0.9480
豾	8	象	0.9471
豿	0	豹	0.9647
貀	5	貓	0.9620
貁	0	须	0.9515
貃	6	貓	0.9607
貄	7	貓	0.9557
貇	7	貌	0.9681
貈	8	貌	0.9633
貋	9	貌	0.9597
貏	8	貓	0.9668
貑	10	貌	0.9602
貕	9	缓	0.9518
貖	3	誘	0.9393
貗	9	貓	0.9431
貚	22	縄	0.9612
貟	0	負	0.9769
貣	2	貸	0.9858
貥	7	賊	0.9688
貦	6	脱	0.9606
貱	9	破	0.9691
貵	3	貸	0.9720
貾	5	賦	0.9703
賆	4	餅	0.9692
賉	17	毗	0.9658
賋	8	戦	0.9674
賌	4	貸	0.9667
賍	12	谢	0.9650
賏	4	唄	0.9646
賐	4	唆	0.9701
賖	17	瑜	0.9674
賗	12	聘	0.9634
賘	13	谢	0.9690
賝	0	霖	0.9658
賟	5	融	0.9653
賥	11	賭	0.9690
賩	5	踪	0.9856
賮	5	貴	0.9763
賯	9	顕	0.9681
賱	8	禪	0.9695
賲	6	賛	0.9709
賳	5	職	0.9781
賵	21	贈	0.9728
賶	10	験	0.9725
賷	2	賀	0.9672
賹	22	贈	0.9734
賿	10	膠	0.9619
贀	4	賢	0.9840
贁	1	敗	0.9742
贂	16	縫	0.9540
贃	21	購	0.9662
贆	14	裁	0.9710
贉	10	顕	0.9673
贎	22	購	0.9805
贒	1	寶	0.9816
贘	10	蹟	0.9618
贚	23	贈	0.9589
贳	5	贵	0.9701
赆	0	赐	0.9644
赒	17	调	0.9673
赗	13	赠	0.9539
赩	15	鴉	0.9672
赮	13	艘	0.9683
赱	4	老	0.9536
赲	19	勃	0.9670
赹	2	趋	0.9712
赺	5	戲	0.9522
赻	3	越	0.9639
赼	4	越	0.9652
赽	8	缺	0.9679
赾	1	逝	0.9730
赿	2	趣	0.9624
趀	2	逝	0.9697
趂	5	越	0.9719
趃	8	逮	0.9693
趄	5	起	0.9760
趆	3	趣	0.9644
趇	6	越	0.9711
趈	7	趙	0.9756
趎	0	赵	0.9679
趏	1	超	0.9755
趐	8	腿	0.9653
趑	7	越	0.9593
趓	5	楚	0.9637
趔	8	越	0.9692
趗	6	起	0.9798
趘	7	起	0.9608
趚	4	速	0.9691
趛	11	験	0.9681
趜	9	越	0.9706
趝	1	趨	0.9640
趠	1	趕	0.9824
趡	8	趙	0.9701
趢	21	擬	0.9704
趤	9	趙	0.9771
趥	10	趙	0.9835
趦	2	超	0.9767
趧	11	趙	0.9666
趪	1	邁	0.9680
趬	12	趙	0.9604
趭	13	趙	0.9647
趮	0	递	0.9635
趰	11	駛	0.9486
趱	14	赞	0.9576
趶	13	距	0.9653
趷	6	乾	0.9734
趹	7	跌	0.9856
趻	18	玲	0.9673
趽	8	暢	0.9566
跀	4	明	0.9786
跇	5	旺	0.9638
跈	9	珍	0.9687
跉	19	玲	0.9733
跊	7	昧	0.9833
跒	15	铜	0.9658
跓	3	增	0.9640
跔	12	跑	0.9661
跙	14	距	0.9793
跜	6	跟	0.9613
跠	7	搜	0.9713
跥	6	探	0.9686
跧	15	跨	0.9693
跭	12	路	0.9802
跮	15	距	0.9620
跾	5	逢	0.9609
踀	1	捉	0.9756
踁	7	控	0.9595
踂	18	毗	0.9637
踃	16	距	0.9679
踄	5	频	0.9546
踆	5	唆	0.9777
踇	13	蹄	0.9672
踋	6	脚	0.9676
踍	3	酵	0.9731
踑	11	蹟	0.9676
踒	16	跨	0.9741
踓	11	唯	0.9699
踖	14	蹄	0.9694
踗	4	龄	0.9661
踙	7	跟	0.9728
踚	6	論	0.9716
踛	4	睦	0.9662
踜	8	毀	0.9679
踡	13	環	0.9616
踤	8	碎	0.9662
踥	3	接	0.9719
踷	12	賭	0.9772
踸	21	踊	0.9722
踻	15	蹄	0.9617
踾	22	踊	0.9753
蹃	16	蹄	0.9687
蹅	17	跨	0.9783
蹆	9	腿	0.9735
蹍	13	聘	0.9689
蹎	12	蹟	0.9834
蹓	5	瑠	0.9729
蹖	18	跨	0.9718
蹗	14	聘	0.9729
蹘	11	膠	0.9617
蹞	11	顕	0.9771
蹡	16	聯	0.9731
蹥	5	遇	0.9698
蹨	17	碳	0.9614
蹪	13	蹟	0.9879
蹫	7	蹈	0.9686
蹱	22	瞳	0.9756
蹳	13	撥	0.9781
蹵	4	穿	0.9592
蹸	9	麟	0.9745
蹹	10	驗	0.9709
蹽	19	跨	0.9786
蹾	4	敵	0.9627
躀	14	蹟	0.9738
躃	17	蹄	0.9725
躆	9	暢	0.9656
躈	21	臟	0.9566
躌	15	難	0.9612
躎	16	彌	0.9715
躐	4	臘	0.9633
躖	10	綱	0.9543
躛	0	選	0.9641
躜	14	撥	0.9587
躟	15	壤	0.9771
躠	4	違	0.9684
躢	17	闘	0.9652
躣	5	躍	0.9786
躤	4	藉	0.9636
躧	23	購	0.9704
躨	1	毁	0.9531
躩	5	賢	0.9553
躮	9	扮	0.9633
躳	2	頼	0.9606
躴	12	粮	0.9722
躵	3	認	0.9678
躷	7	摄	0.9684
躸	10	骑	0.9786
躻	13	賭	0.9625
躽	7	撮	0.9635
躿	21	糖	0.9658
軂	22	擬	0.9692
軃	9	禪	0.9770
軄	6	職	0.9707
軅	13	麺	0.9559
軇	11	割	0.9635
軈	3	雍	0.9588
軉	13	禮	0.9638
軐	2	軌	0.9585
軓	3	軌	0.9648
軖	5	軒	0.9637
軗	9	毀	0.9731
軘	9	韩	0.9704
軜	0	輛	0.9672
軝	9	斬	0.9714
軞	1	拜	0.9605
軠	6	軒	0.9778
軡	9	截	0.9617
軣	0	摂	0.9627
軤	3	謝	0.9584
軥	8	鞭	0.9622
軦	5	甥	0.9629
軧	10	斬	0.9727
軩	5	塩	0.9601
軪	4	物	0.9561
軬	1	牟	0.9591
軭	23	踊	0.9623
軮	14	映	0.9677
軯	7	軒	0.9687
軱	13	弧	0.9494
軳	13	跑	0.9631
軴	2	鞋	0.9613
軶	12	駛	0.9560
軷	8	捜	0.9679
輀	8	輌	0.9840
輁	8	軒	0.9676
輂	4	著	0.9682
輆	3	骸	0.9672
輍	3	軽	0.9653
輎	2	輯	0.9661
輐	6	暁	0.9657
輑	3	輯	0.9705
輖	12	調	0.9446
輘	4	較	0.9610
輚	4	鞍	0.9549
輠	8	顆	0.9653
輡	10	韩	0.9623
輢	9	騎	0.9689
輤	11	韩	0.9704
輧	21	駐	0.9577
輫	4	捕	0.9571
輬	12	韩	0.9669
輮	5	較	0.9688
輰	10	暢	0.9724
輱	8	賊	0.9653
輲	4	輻	0.9680
輴	9	輌	0.9710
輵	10	揭	0.9690
輷	2	勤	0.9585
輹	8	搜	0.9640
輺	5	輻	0.9719
輼	6	輻	0.9714
輽	4	軽	0.9627
轃	6	較	0.9699
轊	3	轄	0.9687
轋	5	鞍	0.9514
轌	4	韓	0.9721
轏	9	鞭	0.9635
轐	6	鞍	0.9642
轖	5	藉	0.9527
轗	7	職	0.9618
轙	4	轄	0.9759
轚	5	擊	0.9794
轛	22	駐	0.9545
轞	23	駐	0.9600
轠	7	輻	0.9686
轥	4	輯	0.9549
轷	5	转	0.9699
轹	6	转	0.9746
辁	3	幹	0.9725
辚	7	磷	0.9733
辝	4	箱	0.9730
辡	7	辩	0.9765
辢	11	賴	0.9712
辤	4	縣	0.9670
辪	2	辞	0.9717
辬	8	辩	0.9804
辳	7	辱	0.9681
辴	5	彈	0.9604
辸	0	辺	0.9545
迀	2	迁	0.9760
迃	2	造	0.9622
迉	2	近	0.9647
迊	3	通	0.9756
迋	0	廷	0.9688
迌	8	起	0.9647
迏	5	送	0.9750
迒	4	选	0.9618
迗	4	迷	0.9601
迠	3	造	0.9721
迡	0	贸	0.9508
迣	2	強	0.9584
迧	6	連	0.9845
迬	1	连	0.9726
迱	2	迄	0.9621
迲	0	运	0.9751
迶	5	道	0.9716
迼	4	造	0.9843
迾	4	逃	0.9599
迿	2	廻	0.9570
逇	7	她	0.9630
逘	0	逐	0.9624
逜	6	道	0.9750
逥	3	迴	0.9647
逩	3	透	0.9680
逪	5	遣	0.9827
逫	4	綴	0.9607
逬	1	逆	0.9780
逳	7	道	0.9795
逽	5	造	0.9739
逿	7	遊	0.9491
遀	6	遣	0.9814
遃	5	遂	0.9614
遆	3	避	0.9729
遈	2	逗	0.9702
遉	5	遺	0.9821
遌	2	還	0.9728
遖	5	適	0.9771
遚	3	逗	0.9634
遟	1	遅	0.9850
遤	2	趨	0.9634
遦	6	遺	0.9746
遧	5	違	0.9767
遪	3	参	0.9566
遰	4	避	0.9743
遱	7	遺	0.9731
遳	6	逢	0.9670
遻	1	递	0.9734
遾	4	透	0.9639
邍	1	遙	0.9450
邎	2	遙	0.9544
邒	4	邪	0.9444
邖	4	邨	0.9582
邚	3	如	0.9666
邜	1	死	0.9528
邞	6	郑	0.9833
邤	5	邵	0.9540
邥	5	邪	0.9620
邩	3	汎	0.9613
邫	9	起	0.9663
邭	3	廊	0.9673
邷	2	邱	0.9518
邼	14	鄂	0.9527
郀	3	鄧	0.9755
郂	5	郊	0.9660
郆	5	邨	0.9724
郉	2	那	0.9772
郋	1	耶	0.9654
郌	6	甥	0.9502
郒	4	把	0.9566
郖	15	鄂	0.9741
郣	10	郭	0.9851
郥	3	郎	0.9693
郩	1	郁	0.9712
郬	11	郭	0.9736
郮	4	哪	0.9585
郶	7	誤	0.9598
郺	23	發	0.9576
郼	16	鄂	0.9655
鄁	17	鄂	0.9715
鄇	2	候	0.9649
鄈	6	郊	0.9713
鄊	8	郷	0.9852
鄏	4	廊	0.9663
鄓	12	郭	0.9727
鄝	9	郷	0.9475
鄥	18	鄂	0.9628
鄦	4	鄰	0.9407
鄸	19	鄂	0.9552
鄻	14	都	0.9616
鄼	4	鄧	0.9706
鄽	5	擲	0.9473
鄿	18	觀	0.9563
酁	5	鄰	0.9516
酄	3	勸	0.9648
酑	6	掃	0.9758
酕	11	据	0.9651
酜	7	勅	0.9756
酟	4	貼	0.9670
酠	3	両	0.9671
酦	3	酸	0.9819
酧	4	醇	0.9735
酨	2	載	0.9786
酫	18	瑜	0.9698
酭	14	酷	0.9735
酳	15	酷	0.9685
酻	5	醇	0.9754
醀	11	酢	0.9770
醈	9	聡	0.9625
醏	4	酵	0.9778
醔	8	醫	0.9769
醕	6	醇	0.9787
醙	14	艘	0.9744
醝	12	醒	0.9727
醟	9	醫	0.9742
醠	7	酶	0.9611
醥	13	醒	0.9689
醦	4	酸	0.9567
醨	8	酶	0.9719
醰	14	醒	0.9820
醲	10	醍	0.9594
醳	15	醒	0.9776
醷	17	顯	0.9629
醹	7	需	0.9718
醼	17	聯	0.9576
醽	0	譯	0.9548
釂	8	醸	0.9590
釄	9	酶	0.9623
釅	4	嚴	0.9576
釞	7	欽	0.9745
釠	7	釧	0.9738
釥	5	鉱	0.9605
釫	23	録	0.9681
釮	8	錬	0.9684
釯	2	笹	0.9587
釰	8	欽	0.9643
釱	20	鉄	0.9849
釲	3	紀	0.9588
釳	3	釣	0.9576
釸	9	欽	0.9644
釾	19	鋳	0.9739
鈂	3	銚	0.9578
鈆	13	鈴	0.9706
鈋	6	鉱	0.9612
鈌	21	鉄	0.9844
鈏	13	錫	0.9717
鈒	1	級	0.9683
鈓	13	針	0.9720
鈘	22	鉄	0.9749
鈙	23	鉄	0.9738
鈚	20	銀	0.9669
鈝	4	斜	0.9754
鈟	8	錐	0.9749
鈠	15	鍛	0.9738
鈨	8	鋭	0.9723
鈫	5	錢	0.9613
鈬	21	銀	0.9680
鈭	2	鉴	0.9697
鈯	6	鍋	0.9687
鈱	22	銀	0.9814
鈲	14	弧	0.9555
鈶	14	鈴	0.9661
鈻	12	銷	0.9777
鈼	14	針	0.9608
鉂	9	錬	0.9720
鉇	4	絶	0.9669
鉊	13	鉛	0.9802
鉒	15	針	0.9727
鉓	6	飾	0.9703
鉔	0	缅	0.9742
鉘	20	鋳	0.9658
鉙	2	织	0.9686
鉜	21	舒	0.9677
鉠	10	錬	0.9781
鉡	5	斜	0.9718
鉣	5	餅	0.9689
鉩	15	鈴	0.9736
鉪	11	街	0.9658
鉫	8	釧	0.9737
鉯	4	銚	0.9562
鉵	4	蝕	0.9797
鉹	6	够	0.9531
銁	12	銅	0.9661
銂	9	釧	0.9781
銆	13	銷	0.9796
銇	11	錬	0.9783
銉	9	錐	0.9690
銊	7	鉱	0.9674
銋	16	針	0.9741
銏	9	舗	0.9593
銐	2	墾	0.9529
銗	23	銀	0.9664
銞	13	鎖	0.9595
銟	9	錯	0.9754
銡	10	錯	0.9739
銢	15	像	0.9709
銯	5	錄	0.9786
銱	11	錯	0.9658
銴	3	鉴	0.9536
銵	14	鎖	0.9674
銸	10	艙	0.9626
銺	4	鉴	0.9734
銽	22	舒	0.9700
銿	10	錐	0.9680
鋄	16	鍛	0.9768
鋎	21	鋳	0.9685
鋓	3	卻	0.9609
鋔	9	鋭	0.9753
鋘	17	鍛	0.9711
鋚	5	鉴	0.9648
鋛	10	舗	0.9727
鋜	10	鋭	0.9671
鋝	16	鈴	0.9697
鋢	6	錄	0.9660
鋣	5	鄧	0.9574
鋫	6	繋	0.9674
鋴	11	鋭	0.9813
鋵	4	簽	0.9636
鋶	23	舒	0.9698
鋷	11	艙	0.9615
鋽	5	領	0.9703
鋾	4	釣	0.9673
錃	3	墾	0.9550
錅	4	黎	0.9701
錈	14	銷	0.9581
錋	11	鋼	0.9528
錌	15	銷	0.9790
錎	11	錐	0.9733
錑	18	鍛	0.9705
錓	22	鋳	0.9787
錔	17	鈴	0.9784
錖	2	経	0.9588
錗	6	錢	0.9734
錜	18	鈴	0.9612
錝	2	综	0.9708
錤	15	鎖	0.9656
錪	16	鎖	0.9649
錭	12	鋼	0.9617
錰	3	检	0.9621
錹	16	銷	0.9835
錽	19	鍛	0.9710
錿	14	錫	0.9645
鍁	10	欽	0.9608
鍂	19	鈴	0.9681
鍃	15	錫	0.9551
鍄	15	鯨	0.9668
鍎	12	錐	0.9672
鍏	11	鐘	0.9785
鍓	17	銷	0.9768
鍕	9	鍾	0.9776
鍖	13	錐	0.9729
鍞	17	鎖	0.9867
鍟	14	錐	0.9666
鍡	12	験	0.9710
鍢	12	錯	0.9753
鍣	13	錯	0.9847
鍤	14	錯	0.9719
鍦	13	縦	0.9680
鍨	9	叙	0.9707
鍫	4	墾	0.9618
鍴	15	錯	0.9719
鍷	2	鋒	0.9706
鍸	7	甥	0.9629
鍹	18	鎖	0.9716
鍽	19	瑜	0.9668
鍿	16	錯	0.9737
鎀	17	縫	0.9598
鎁	6	娜	0.9559
鎄	20	鍛	0.9735
鎆	13	输	0.9719
鎈	23	鋳	0.9745
鎉	16	鹤	0.9667
鎋	17	錯	0.9712
鎍	7	錄	0.9721
鎎	4	氣	0.9673
鎐	3	銘	0.9810
鎑	18	錯	0.9689
鎒	19	鎖	0.9651
鎙	2	溯	0.9690
鎞	20	鎖	0.9687
鎟	3	鋒	0.9686
鎠	7	鍋	0.9651
鎤	16	錫	0.9744
鎥	16	像	0.9594
鎨	15	錐	0.9821
鎫	17	錫	0.9696
鎱	19	錯	0.9651
鎲	12	鋭	0.9785
鎼	21	鎖	0.9675
鎽	4	鋒	0.9704
鎾	8	鍋	0.9672
鏀	3	齡	0.9625
鏁	12	鐘	0.9648
鏂	9	鍋	0.9659
鏅	16	錐	0.9564
鏉	12	鎌	0.9601
鏋	20	錯	0.9732
鏍	8	錄	0.9681
鏎	11	舗	0.9638
鏏	13	鐘	0.9652
鏒	5	參	0.9544
鏔	14	鐘	0.9801
鏕	13	鎌	0.9682
鏙	17	錐	0.9828
鏛	18	銷	0.9649
鏩	14	鎌	0.9704
鏪	21	錯	0.9724
鏫	21	鍛	0.9773
鏬	22	鎖	0.9686
鏮	15	鎌	0.9786
鏯	12	錬	0.9439
鏰	13	鋼	0.9663
鏲	18	錐	0.9735
鏶	13	錬	0.9800
鏾	8	徵	0.9722
鏿	8	繰	0.9712
鐀	23	鎖	0.9785
鐁	16	鎌	0.9615
鐂	12	舗	0.9708
鐅	18	縫	0.9607
鐆	1	墜	0.9725
鐉	9	籍	0.9668
鐊	18	錫	0.9655
鐋	19	錫	0.9787
鐌	22	鍛	0.9715
鐑	14	鉛	0.9734
鐕	10	鶴	0.9627
鐖	14	磯	0.9695
鐗	10	鍋	0.9700
鐛	6	鏡	0.9736
鐜	5	墾	0.9512
鐝	20	錫	0.9557
鐞	15	鐘	0.9693
鐟	22	錯	0.9713
鐢	5	攀	0.9670
鐣	10	籍	0.9678
鐤	9	鑼	0.9561
鐥	8	締	0.9660
鐯	11	籍	0.9768
鐴	23	鍛	0.9692
鐷	12	籍	0.9710
鐹	11	鍋	0.9513
鐼	9	镇	0.9718
鑆	5	對	0.9643
鑇	7	鏡	0.9700
鑋	2	舉	0.9637
鑍	5	露	0.9374
鑎	10	鑼	0.9518
鑏	8	鏡	0.9684
鑔	21	錫	0.9600
鑖	13	鐵	0.9698
鑗	9	錄	0.9657
鑘	12	鍋	0.9632
鑙	9	鏡	0.9640
鑜	7	鑽	0.9633
鑝	19	縫	0.9733
鑟	5	續	0.9683
鑡	19	銷	0.9630
鑤	7	摇	0.9678
鑦	14	鐵	0.9620
鑧	10	鏡	0.9838
鑩	13	鍋	0.9437
鑬	11	鏡	0.9730
鑮	15	鐵	0.9674
鑶	16	鐵	0.9763
鑸	5	體	0.9364
鑹	17	鐵	0.9658
鑺	19	錐	0.9720
钀	16	繊	0.9600
钃	11	鑼	0.9639
钄	15	衛	0.9645
钑	10	钦	0.9680
铏	7	脚	0.9612
铴	12	锁	0.9641
铻	12	错	0.9834
锨	11	钦	0.9709
锩	12	街	0.9567
锪	8	綾	0.9609
镙	17	綿	0.9664
镚	9	础	0.9557
镮	10	濫	0.9654
镸	0	县	0.9686
镹	6	痕	0.9587
镺	8	妖	0.9706
镻	11	铁	0.9767
镼	6	掘	0.9756
镽	15	裁	0.9696
镾	17	彌	0.9788
閁	1	閃	0.9713
閄	9	賊	0.9507
閊	6	岡	0.9732
閍	5	閒	0.9829
閐	19	闇	0.9684
閕	6	開	0.9833
閗	9	閉	0.9808
閚	2	関	0.9794
閛	10	閉	0.9743
閜	4	間	0.9799
閝	5	閣	0.9691
閠	5	閏	0.9840
閮	1	闊	0.9746
閯	3	閲	0.9645
閳	2	聞	0.9777
閴	6	閒	0.9747
閵	7	開	0.9732
閷	5	钢	0.9684
閸	18	闘	0.9731
閺	20	闇	0.9776
闀	8	開	0.9783
闁	5	間	0.9685
闂	3	閱	0.9719
闄	1	閩	0.9685
闅	21	闇	0.9777
闎	22	闇	0.9711
闏	4	閲	0.9627
闙	4	閱	0.9733
闛	5	閱	0.9717
闝	3	関	0.9750
闟	23	闇	0.9580
闣	19	闘	0.9687
闦	5	圍	0.9634
闧	2	闊	0.9712
闶	3	阅	0.9738
阞	1	防	0.9708
阠	3	讯	0.9593
阢	0	匹	0.9583
阣	3	犯	0.9519
阤	1	他	0.9521
阧	4	阵	0.9617
阩	0	邸	0.9595
阷	0	阻	0.9529
阹	0	陈	0.9652
阺	4	紙	0.9638
阾	2	邻	0.9742
陊	7	够	0.9507
陎	1	陕	0.9720
陒	3	陶	0.9581
陓	19	燈	0.9655
陗	3	階	0.9701
陙	3	限	0.9718
陚	6	鄧	0.9550
陠	0	陣	0.9690
陧	1	阻	0.9660
陫	5	俳	0.9598
陭	11	骑	0.9699
陮	0	陥	0.9523
陯	7	論	0.9607
陱	4	陶	0.9532
陻	18	握	0.9650
陾	4	喫	0.9584
隀	12	腫	0.9580
隁	4	隈	0.9649
隉	2	陷	0.9599
隒	22	糖	0.9726
隓	1	隋	0.9656
隖	4	隐	0.9701
隚	4	障	0.9674
隡	1	薩	0.9598
隢	9	燒	0.9633
隥	5	險	0.9650
隦	4	辟	0.9604
隫	5	憤	0.9680
隬	18	彌	0.9755
隭	1	隔	0.9749
隮	4	濟	0.9583
隯	2	蘆	0.9433
隵	4	戯	0.9653
隿	0	進	0.9384
雂	3	维	0.9683
雐	1	雇	0.9693
雓	20	錐	0.9859
雗	11	離	0.9684
雘	21	濃	0.9704
雡	6	維	0.9606
雤	5	蓄	0.9580
雥	8	應	0.9516
雦	16	難	0.9517
雬	7	粟	0.9631
雭	3	震	0.9687
雮	6	毫	0.9529
雴	1	霊	0.9639
雵	2	霞	0.9553
雸	7	霍	0.9726
雺	2	雲	0.9521
雼	8	霍	0.9733
雽	9	霍	0.9698
雿	5	窮	0.9495
霂	1	霖	0.9764
霃	2	惡	0.9521
霋	13	囊	0.9332
霌	4	震	0.9618
霐	3	雲	0.9608
霔	7	窪	0.9728
霕	6	弾	0.9701
霗	0	零	0.9709
霘	7	詞	0.9647
霚	0	霧	0.9700
霝	8	需	0.9731
霟	10	撰	0.9660
霠	12	證	0.9593
霡	6	窮	0.9609
霢	1	霧	0.9555
霥	9	豪	0.9553
霦	2	霖	0.9693
霮	10	霍	0.9656
霯	15	蜜	0.9613
霱	7	覆	0.9588
霳	2	隨	0.9508
霴	4	隷	0.9768
霵	11	霍	0.9552
霷	8	雪	0.9653
霺	2	霧	0.9606
霻	9	雪	0.9508
霼	8	磨	0.9628
霿	4	霜	0.9639
靀	10	豪	0.9605
靃	12	霍	0.9511
靅	23	縄	0.9574
靊	1	電	0.9506
靋	6	露	0.9629
靌	5	尋	0.9484
靎	3	霞	0.9558
靐	5	靈	0.9507
靔	2	韵	0.9580
靕	4	靖	0.9728
靘	11	静	0.9685
靟	7	毫	0.9630
靣	2	回	0.9720
靤	14	跑	0.9772
靧	16	噸	0.9759
靪	9	軒	0.9601
靮	7	較	0.9611
靯	3	鞋	0.9628
靲	20	瑜	0.9648
靵	5	輯	0.9695
靷	5	韓	0.9601
靹	1	補	0.9637
靻	6	輯	0.9717
靽	3	辞	0.9721
靾	7	輯	0.9660
靿	4	勸	0.9609
鞂	3	蘇	0.9585
鞃	5	勸	0.9513
鞇	3	糊	0.9598
鞉	6	跳	0.9613
鞊	13	韩	0.9758
鞎	10	堀	0.9700
鞓	6	韓	0.9693
鞖	5	援	0.9656
鞙	8	輯	0.9742
鞛	7	歸	0.9650
鞝	8	歸	0.9610
鞟	7	鞍	0.9734
鞤	2	幫	0.9697
鞩	5	臨	0.9460
鞪	21	擎	0.9727
鞯	8	鞍	0.9641
鞰	8	輻	0.9642
鞱	3	靜	0.9687
鞵	23	擬	0.9519
鞷	7	輩	0.9622
鞸	14	講	0.9600
鞻	9	鞍	0.9542
鞽	4	靜	0.9597
鞾	15	講	0.9567
鞿	10	麟	0.9588
韀	10	鞭	0.9527
韄	11	鞭	0.9661
韅	2	愚	0.9505
韇	3	讀	0.9641
韊	6	體	0.9501
韍	10	毀	0.9681
韏	10	拳	0.9763
韑	2	邁	0.9607
韒	14	謂	0.9690
韔	10	鞍	0.9617
韕	7	韓	0.9724
韖	6	課	0.9639
韘	7	課	0.9720
韚	8	韓	0.9710
韝	16	講	0.9805
韟	12	静	0.9661
韠	17	講	0.9566
韢	13	静	0.9646
韣	14	静	0.9539
韤	4	譲	0.9599
韥	9	歸	0.9621
韨	4	拔	0.9668
韯	3	載	0.9768
韰	3	堡	0.9498
韷	18	蹄	0.9668
韸	5	鋒	0.9654
韹	12	諱	0.9784
韼	20	縫	0.9686
韽	13	證	0.9589
頄	3	頑	0.9796
頉	2	頃	0.9834
頕	7	頓	0.9746
頛	3	頼	0.9899
頟	7	額	0.9821
頢	8	頓	0.9776
頣	17	距	0.9718
頥	12	顕	0.9674
頧	9	頓	0.9680
頨	11	閉	0.9697
頩	14	瓶	0.9752
頮	14	頗	0.9800
頱	3	鶏	0.9690
頳	8	頻	0.9816
頶	10	頓	0.9764
頺	8	額	0.9837
頾	4	逗	0.9579
頿	11	頓	0.9625
顀	4	観	0.9679
顁	9	頻	0.9741
顂	10	稚	0.9781
顃	0	顔	0.9712
顄	4	頼	0.9742
顇	12	稍	0.9703
顈	9	額	0.9751
顊	12	頓	0.9837
顋	13	顕	0.9774
顐	14	顕	0.9671
顑	3	願	0.9739
顖	18	顯	0.9794
顝	15	顕	0.9805
顟	1	顔	0.9668
顠	2	頭	0.9755
顡	3	類	0.9734
顣	4	願	0.9744
顤	14	蘋	0.9694
顦	11	鶴	0.9670
顨	11	學	0.9634
顩	10	額	0.9635
顪	10	頻	0.9766
顭	15	蘋	0.9721
顮	11	額	0.9721
顲	12	額	0.9738
颒	9	额	0.9803
颣	7	颜	0.9685
颫	3	规	0.9677
颬	10	腿	0.9623
颰	5	戯	0.9604
颲	1	爬	0.9517
颴	5	陶	0.9540
颵	6	陶	0.9614
颹	22	駒	0.9613
颻	14	赠	0.9574
颽	5	凱	0.9720
颾	5	歐	0.9595
颿	1	駅	0.9651
飀	23	駒	0.9503
飁	22	臟	0.9580
飅	2	駅	0.9603
飉	23	臟	0.9679
飋	2	魔	0.9541
飍	4	龐	0.9295
飐	5	抱	0.9506
飔	11	腿	0.9594
飖	4	鶏	0.9510
飗	5	吸	0.9565
飝	8	磷	0.9289
飦	3	餌	0.9706
飷	4	餌	0.9781
飸	2	餘	0.9647
飹	9	卿	0.9633
飺	6	鉴	0.9586
飻	5	診	0.9610
餀	20	玲	0.9603
餁	7	飾	0.9739
餂	14	館	0.9773
餆	5	銚	0.9727
餇	3	飼	0.9809
餏	3	餘	0.9649
餕	4	餘	0.9691
餙	8	飾	0.9760
餣	8	裔	0.9698
餥	7	餐	0.9590
餦	6	領	0.9736
餩	8	飲	0.9597
餪	21	瑜	0.9698
餭	15	館	0.9809
餯	10	錄	0.9758
餰	5	餘	0.9676
餱	9	飾	0.9719
餲	15	頗	0.9705
餴	6	餘	0.9756
餷	7	餘	0.9619
饁	10	飾	0.9630
饄	13	街	0.9700
饇	4	飼	0.9651
饏	5	養	0.9656
饓	6	練	0.9615
饖	17	繊	0.9704
饘	16	館	0.9652
饚	23	錯	0.9536
饛	8	餘	0.9658
饝	9	裔	0.9615
饡	8	鑽	0.9767
饤	1	订	0.9812
饦	6	纸	0.9674
饾	5	節	0.9675
馂	5	俊	0.9764
馌	10	硫	0.9682
馎	5	傅	0.9690
馚	5	稅	0.9666
馜	7	颗	0.9606
馟	3	稻	0.9709
馠	15	鉛	0.9729
馡	12	離	0.9559
馢	7	錢	0.9636
馤	13	額	0.9767
馦	6	謙	0.9702
馧	14	額	0.9648
馩	15	額	0.9757
馫	8	肇	0.9500
馰	9	魁	0.9610
馶	9	搜	0.9716
馷	14	谢	0.9677
馸	13	駛	0.9602
馹	10	眠	0.9640
馻	2	膨	0.9588
馽	8	覆	0.9602
馾	4	軌	0.9543
駀	14	駛	0.9607
駂	7	腾	0.9659
駇	6	駁	0.9683
駊	15	駛	0.9705
駋	8	颗	0.9701
駌	3	駕	0.9740
駍	10	潤	0.9666
駎	15	聘	0.9617
駏	16	顕	0.9658
駓	1	駆	0.9671
駗	6	診	0.9573
駚	16	駛	0.9775
駠	7	舰	0.9509
駣	7	跳	0.9679
駤	4	匯	0.9587
駥	17	駛	0.9738
駦	4	奪	0.9714
駧	20	闘	0.9578
駨	18	调	0.9662
駫	18	駛	0.9641
駬	11	眠	0.9650
駯	10	课	0.9666
駲	10	勳	0.9545
駳	4	誕	0.9718
駵	3	駅	0.9555
駶	13	調	0.9585
駷	10	操	0.9674
駺	8	跟	0.9706
駽	9	開	0.9619
駾	10	騎	0.9614
騀	19	駛	0.9743
騆	4	駅	0.9618
騇	13	験	0.9861
騈	20	駛	0.9671
騌	6	踪	0.9714
騍	8	課	0.9695
騐	11	驗	0.9765
騔	6	閱	0.9645
騕	21	駛	0.9573
騗	13	腫	0.9632
騝	3	邁	0.9580
騡	16	鴉	0.9651
騢	5	暇	0.9618
騣	12	駿	0.9837
騥	9	栽	0.9690
騦	22	鴨	0.9527
騩	2	魏	0.9617
騪	15	艘	0.9650
騬	9	颗	0.9668
騯	14	曉	0.9503
騲	19	觀	0.9680
騳	9	驅	0.9592
騴	11	騎	0.9528
騹	18	講	0.9637
騻	3	爽	0.9473
騼	22	駛	0.9529
騽	8	疆	0.9588
騿	20	觀	0.9666
驇	18	驚	0.9712
驈	12	騎	0.9720
驉	23	鴨	0.9672
驋	13	駿	0.9700
驐	23	駛	0.9688
驑	9	輻	0.9608
驓	1	鹽	0.9634
驔	6	彈	0.9637
驙	10	驅	0.9658
驜	9	課	0.9666
驝	5	癖	0.9587
驞	19	顯	0.9615
驠	13	騎	0.9607
驡	1	讚	0.9474
驣	18	騰	0.9683
驦	5	霸	0.9595
驧	6	勸	0.9567
骍	14	辉	0.9725
骒	11	课	0.9662
骔	3	综	0.9787
骣	9	絹	0.9572
骦	2	譚	0.9655
骩	5	軌	0.9598
骪	5	哪	0.9694
骫	3	執	0.9656
骬	6	旺	0.9683
骭	10	軒	0.9758
骮	10	賊	0.9655
骱	14	験	0.9540
骲	15	跑	0.9676
骳	16	艘	0.9652
骴	19	毗	0.9628
骵	8	昧	0.9577
骻	20	跨	0.9780
骽	11	暖	0.9680
髉	3	髄	0.9645
髊	5	譲	0.9680
髍	6	耐	0.9555
髐	15	曉	0.9733
髚	12	航	0.9485
髛	19	调	0.9501
髜	10	歸	0.9591
髝	14	證	0.9547
髥	2	費	0.9451
髩	12	髪	0.9533
髬	5	髮	0.9653
髰	6	蓄	0.9557
髲	6	髮	0.9631
髵	1	鬆	0.9429
髶	4	嘗	0.9541
髸	7	髮	0.9686
髺	5	掌	0.9576
髿	13	髪	0.9550
鬀	2	鬆	0.9606
鬁	3	鬆	0.9442
鬄	14	髪	0.9481
鬇	13	撃	0.9435
鬉	8	髮	0.9489
鬋	4	誓	0.9533
鬎	7	暫	0.9442
鬏	4	鬆	0.9661
鬑	6	擊	0.9625
鬒	2	賞	0.9576
鬔	9	髮	0.9495
鬖	6	參	0.9371
鬗	5	鬆	0.9427
鬙	10	鲁	0.9656
鬜	6	贏	0.9473
鬝	6	蘭	0.9427
鬞	3	晨	0.9442
鬠	2	貪	0.9313
鬡	8	壽	0.9403
鬤	3	籌	0.9412
鬫	10	開	0.9699
鬳	5	虚	0.9723
鬵	6	響	0.9624
鬸	14	騎	0.9520
鬺	10	絹	0.9582
鬽	1	赴	0.9509
鬾	2	魅	0.9645
魀	15	験	0.9571
魊	10	魁	0.9594
魐	11	魁	0.9675
魗	3	魏	0.9562
魙	4	邁	0.9524
魜	5	駄	0.9468
魝	13	礁	0.9604
魡	9	鮑	0.9556
魢	1	範	0.9599
魥	14	駿	0.9552
魦	10	鮑	0.9560
魧	22	礦	0.9533
魪	16	験	0.9551
魫	11	鮑	0.9571
魭	5	観	0.9606
魰	7	駁	0.9626
魱	10	鍾	0.9565
魲	23	礦	0.9604
魳	5	緬	0.9603
魶	22	樋	0.9647
魺	6	緬	0.9513
魻	12	鞭	0.9602
魼	17	禅	0.9634
魿	20	鈴	0.9672
鮁	8	駁	0.9656
鮂	23	樋	0.9616
鮅	2	漁	0.9487
鮆	11	濱	0.9604
鮇	1	穌	0.9765
鮉	10	颗	0.9579
鮔	2	範	0.9524
鮕	10	础	0.9597
鮘	9	應	0.9496
鮙	6	翻	0.9740
鮛	7	純	0.9622
鮝	2	黛	0.9623
鮢	2	穌	0.9801
鮤	19	驚	0.9651
鮥	8	絡	0.9576
鮧	17	鎌	0.9592
鮩	7	鮮	0.9679
鮬	11	礎	0.9635
鮯	17	験	0.9669
鮱	11	濫	0.9644
鮲	3	穌	0.9644
鮳	7	維	0.9642
鮴	3	稣	0.9704
鮵	13	鋭	0.9748
鮶	9	醸	0.9647
鮷	16	鯨	0.9721
鮺	20	驚	0.9622
鮼	17	鯨	0.9626
鮽	9	餘	0.9714
鮾	17	媛	0.9597
鮿	8	觸	0.9550
鯂	10	醸	0.9628
鯃	18	鯨	0.9628
鯄	22	標	0.9652
鯅	18	鐵	0.9579
鯋	12	鮑	0.9455
鯌	18	綿	0.9732
鯍	11	硫	0.9606
鯎	18	繊	0.9640
鯐	7	灘	0.9603
鯘	4	穌	0.9708
鯚	5	穌	0.9657
鯜	8	鮮	0.9569
鯞	10	酶	0.9581
鯟	14	錬	0.9742
鯠	7	練	0.9674
鯦	12	礎	0.9637
鯩	8	論	0.9719
鯫	12	艙	0.9551
鯬	21	驚	0.9651
鯮	19	鯨	0.9887
鯳	7	臓	0.9526
鯴	9	觸	0.9711
鯶	10	觸	0.9652
鯸	11	颗	0.9588
鯹	12	鑼	0.9717
鯼	21	縫	0.9688
鯾	13	鞭	0.9665
鰁	20	鯨	0.9701
鰅	11	觸	0.9667
鰇	6	穌	0.9707
鰎	8	鍵	0.9721
鰏	12	觸	0.9587
鰑	22	錫	0.9625
鰖	4	簡	0.9667
鰘	8	籃	0.9646
鰚	3	範	0.9617
鰜	18	鎌	0.9818
鰟	21	鯨	0.9650
鰠	7	騒	0.9695
鰢	13	鑼	0.9629
鰦	7	磁	0.9627
鰪	16	鐘	0.9510
鰫	4	齡	0.9633
鰬	15	駿	0.9593
鰳	7	勸	0.9500
鰴	9	徵	0.9801
鰸	11	驅	0.9573
鰿	6	續	0.9720
鱃	19	騰	0.9582
鱌	17	像	0.9572
鱎	22	鯨	0.9555
鱐	23	鯨	0.9519
鱑	13	觸	0.9570
鱕	11	醸	0.9522
鱙	15	騎	0.9521
鱛	16	網	0.9637
鱜	19	繊	0.9534
鱞	14	鑼	0.9594
鱡	19	鐵	0.9666
鱦	2	繩	0.9577
鱫	11	綬	0.9599
鱮	16	騎	0.9565
鱯	15	鑼	0.9592
鱱	14	觸	0.9502
鱳	15	樂	0.9612
鱴	15	觸	0.9608
鱹	16	鑼	0.9588
鱽	1	甸	0.9599
鲄	5	何	0.9647
鲓	7	鲜	0.9653
鲖	16	铜	0.9794
鲰	11	确	0.9606
鳋	8	騒	0.9691
鳨	20	勃	0.9591
鳪	10	鳩	0.9616
鳬	4	鳥	0.9518
鳭	11	鳩	0.9761
鳮	0	鸡	0.9736
鳵	17	鴉	0.9652
鳷	7	揚	0.9678
鳸	4	扉	0.9675
鳹	7	领	0.9677
鳺	15	擔	0.9677
鳻	18	鴉	0.9686
鳼	1	鸡	0.9717
鳿	8	揚	0.9664
鴀	19	鴉	0.9693
鴁	23	模	0.9702
鴄	1	赐	0.9462
鴊	17	噸	0.9655
鴌	22	驚	0.9623
鴍	3	誉	0.9588
鴏	6	戲	0.9540
鴐	18	鷲	0.9700
鴑	23	驚	0.9677
鴓	4	傷	0.9555
鴖	11	頻	0.9664
鴙	20	漫	0.9748
鴚	4	剛	0.9649
鴢	14	縦	0.9601
鴤	5	緊	0.9603
鴥	12	款	0.9568
鴧	12	鳩	0.9758
鴩	20	鴉	0.9790
鴪	13	鳩	0.9659
鴭	16	龍	0.9713
鴵	16	據	0.9612
鴶	11	暢	0.9622
鴸	6	糕	0.9711
鴹	7	窮	0.9627
鴺	16	蘋	0.9734
鴼	10	络	0.9711
鵅	10	额	0.9673
鵇	12	鶴	0.9682
鵈	16	聘	0.9656
鵉	19	鷲	0.9803
鵊	18	碳	0.9722
鵋	3	懿	0.9480
鵌	10	餘	0.9767
鵍	21	鴉	0.9703
鵏	14	調	0.9502
鵔	16	駿	0.9712
鵗	19	綿	0.9625
鵘	22	鴉	0.9812
鵚	23	鴉	0.9804
鵛	20	顯	0.9615
鵢	17	顕	0.9661
鵣	12	賴	0.9672
鵥	20	鷲	0.9617
鵦	11	絹	0.9694
鵧	10	琉	0.9669
鵨	4	繪	0.9640
鵫	17	鹤	0.9630
鵮	18	鹤	0.9640
鵱	19	鹤	0.9675
鵳	0	扇	0.9622
鵴	20	繊	0.9653
鵸	12	骑	0.9661
鵻	17	難	0.9646
鵿	8	窮	0.9605
鶀	12	頻	0.9647
鶁	8	憩	0.9724
鶂	15	赠	0.9546
鶃	2	説	0.9611
鶅	17	網	0.9634
鶈	17	蘋	0.9612
鶋	13	腸	0.9650
鶌	7	鵬	0.9521
鶎	6	翡	0.9654
鶐	21	繊	0.9627
鶑	7	響	0.9735
鶔	3	想	0.9678
鶕	10	寵	0.9684
鶗	1	題	0.9662
鶛	12	絹	0.9736
鶜	15	豫	0.9659
鶞	5	願	0.9604
鶟	4	殼	0.9700
鶢	1	隠	0.9627
鶣	2	碼	0.9558
鶦	21	鷲	0.9673
鶧	9	憩	0.9678
鶨	20	綿	0.9671
鶪	5	賜	0.9654
鶬	7	創	0.9684
鶭	22	鷲	0.9771
鶰	17	龍	0.9647
鶳	5	剛	0.9554
鶶	13	鶴	0.9683
鶽	14	鶴	0.9692
鶾	10	憩	0.9627
鷅	9	聽	0.9737
鷇	5	殼	0.9797
鷊	10	聽	0.9553
鷋	16	鉛	0.9608
鷍	11	憩	0.9722
鷏	21	顯	0.9673
鷐	22	顯	0.9611
鷑	5	箭	0.9666
鷒	18	難	0.9593
鷔	22	擎	0.9669
鷕	23	鷲	0.9627
鷖	4	譽	0.9618
鷘	11	警	0.9679
鷛	10	廳	0.9603
鷜	18	蘋	0.9609
鷝	15	静	0.9615
鷠	10	纏	0.9533
鷡	3	無	0.9534
鷢	8	響	0.9565
鷣	11	聽	0.9692
鷨	16	静	0.9628
鷩	12	警	0.9721
鷪	1	覧	0.9526
鷬	19	蘋	0.9680
鷮	15	鶴	0.9647
鷱	12	憩	0.9646
鷵	20	騰	0.9698
鷶	12	聽	0.9616
鷷	23	顯	0.9686
鷻	17	艘	0.9599
鷼	12	驅	0.9548
鸀	3	繩	0.9608
鸃	6	譲	0.9696
鸄	13	警	0.9652
鸆	5	龐	0.9665
鸈	5	鶏	0.9697
鸉	14	警	0.9693
鸋	20	鹤	0.9560
鸍	19	彌	0.9617
鸎	2	覧	0.9449
鸒	5	譽	0.9777
鸔	2	羅	0.9637
鸖	16	鶴	0.9734
鸗	15	警	0.9470
鸘	18	網	0.9620
鸧	23	錫	0.9503
鸼	18	艘	0.9641
鹐	21	鹤	0.9691
鹒	13	腺	0.9667
鹓	18	婉	0.9732
鹙	2	翁	0.9595
鹝	9	疆	0.9427
鹢	11	额	0.9556
鹥	9	寫	0.9473
鹶	5	龄	0.9728
鹷	6	龄	0.9757
鹺	6	癖	0.9566
麅	22	濃	0.9563
麆	2	窟	0.9624
麉	5	麗	0.9740
麍	23	濃	0.9643
麎	6	慶	0.9694
麏	7	摩	0.9645
麘	13	煙	0.9658
麙	14	爆	0.9671
麜	5	塵	0.9632
麠	3	量	0.9590
麡	5	虐	0.9635
麢	6	龐	0.9564
麣	21	觀	0.9535
麮	12	铁	0.9550
麱	23	糖	0.9681
麲	12	勝	0.9612
麶	2	递	0.9611
麷	5	邁	0.9547
黀	9	磨	0.9733
黂	2	廣	0.9719
黅	18	験	0.9698
黊	9	韓	0.9692
黋	12	魁	0.9633
黖	0	默	0.9593
黣	17	騎	0.9655
黤	9	騒	0.9537
黦	17	駿	0.9566
黪	22	縫	0.9444
黫	6	監	0.9595
黬	8	臓	0.9585
黰	18	顕	0.9663
黱	21	騰	0.9873
黲	23	縫	0.9559
黳	0	磐	0.9604
黵	19	網	0.9637
黸	11	廳	0.9464
黺	3	說	0.9522
鼀	7	嵩	0.9547
鼁	1	蓋	0.9221
鼃	3	畫	0.9578
鼄	11	護	0.9445
鼅	18	龍	0.9602
鼆	21	闘	0.9624
鼑	6	鼎	0.9766
鼘	8	聲	0.9708
鼚	5	導	0.9677
鼜	7	擊	0.9526
鼝	1	選	0.9615
鼞	8	墓	0.9640
鼟	15	脅	0.9612
鼣	5	喫	0.9670
鼤	0	寂	0.9637
鼦	6	韶	0.9701
鼧	3	記	0.9627
鼨	17	曖	0.9661
鼪	19	艘	0.9602
鼭	7	暁	0.9568
鼮	18	曖	0.9656
鼰	7	题	0.9550
鼳	15	調	0.9526
鼵	1	識	0.9553
鼸	11	麟	0.9561
鼺	18	騎	0.9472
鼼	7	慣	0.9537
鼿	6	哪	0.9471
齀	15	瓶	0.9573
齂	5	隷	0.9680
齃	22	觀	0.9619
齄	2	牆	0.9600
齅	5	親	0.9558
齆	16	曉	0.9546
齈	17	曉	0.9391
齉	19	講	0.9450
齌	6	齋	0.9739
齍	7	齋	0.9660
齓	2	宽	0.9355
齖	3	幣	0.9546
齘	5	齡	0.9566
齙	16	跑	0.9577
齚	4	悔	0.9531
齛	6	融	0.9575
齝	7	儲	0.9597
齞	0	賠	0.9623
齤	5	整	0.9473
齥	5	轉	0.9639
齨	13	驅	0.9415
齩	4	幣	0.9591
齫	23	欄	0.9509
齭	11	勳	0.9380
齯	23	觀	0.9618
齱	2	諏	0.9634
齳	10	輻	0.9564
齴	12	護	0.9368
齵	11	輻	0.9543
齸	19	騎	0.9476
齹	6	着	0.9517
齺	3	鬱	0.9478
齻	16	壤	0.9636
齽	15	證	0.9595
龅	17	跑	0.9766
龆	7	韶	0.9690
龇	20	毗	0.9518
龏	13	護	0.9549
龒	2	襲	0.9576
龓	17	鶴	0.9585
龡	6	歐	0.9601
龣	6	齡	0.9623
龤	1	翰	0.9628
龥	22	瑜	0.9683
龦	11	耀	0.9621
龧	4	冨	0.9613
龨	6	囗	0.9176
龩	3	蒲	0.9677
龪	7	庚	0.9487
龫	4	幹	0.9650
龬	14	鋼	0.9625
龭	3	覇	0.9664
龮	6	霸	0.9502
龯	6	餅	0.9599
龲	8	灘	0.9617
龳	6	對	0.9363
龵	0	勇	0.9362
龶	0	主	0.9437
龷	3	宝	0.9562
龸	2	宀	0.9555
龹	1	券	0.9524
龺	2	吐	0.9480
龼	7	囗	0.9176
龽	8	囗	0.9176
龾	9	囗	0.9176
龿	10	囗	0.9176
鿀	11	囗	0.9176
鿁	12	囗	0.9176
鿂	13	囗	0.9176
鿄	14	囗	0.9176
鿅	15	囗	0.9176
鿆	16	囗	0.9176
鿇	17	囗	0.9176
鿈	18	囗	0.9176
鿉	19	囗	0.9176
鿊	20	囗	0.9176
鿋	21	囗	0.9176
鿌	22	囗	0.9176
鿍	23	囗	0.9176
鿎	0	口	0.9092
鿏	1	口	0.9092
鿐	2	口	0.9092
鿑	3	口	0.9092
鿒	4	口	0.9092
鿓	5	口	0.9092
鿔	6	口	0.9092
鿖	7	口	0.9092
鿗	8	口	0.9092
鿘	9	口	0.9092
鿙	10	口	0.9092
鿚	11	口	0.9092
鿛	12	口	0.9092
鿜	13	口	0.9092
鿝	14	口	0.9092
鿞	15	口	0.9092
鿟	16	口	0.9092
鿡	17	口	0.9092
鿢	18	口	0.9092
鿣	19	口	0.9092
鿤	20	口	0.9092
鿥	21	口	0.9092
鿦	22	口	0.9092
鿧	23	口	0.9092
鿨	2	固	0.9077
鿩	3	固	0.9077
鿪	4	固	0.9077
鿮	5	固	0.9077
鿯	6	固	0.9077
鿰	7	固	0.9077
鿱	8	固	0.9077
鿲	9	固	0.9077
鿳	10	固	0.9077
鿴	11	固	0.9077
鿵	12	固	0.9077
鿶	13	固	0.9077
鿷	14	固	0.9077
鿸	15	固	0.9077
鿹	16	固	0.9077
鿺	17	固	0.9077
鿻	18	固	0.9077
鿼	19	固	0.9077
鿽	20	固	0.9077
鿾	21	固	0.9077
鿿	22	固	0.9077
㐁	0	丙	0.9689
㐃	3	但	0.9219
㐄	0	牛	0.9632
㐆	0	月	0.9662
㐇	0	龙	0.9581
㐈	2	乞	0.9528
㐉	4	兵	0.9504
㐊	1	艺	0.9511
㐋	2	艺	0.9453
㐍	3	乞	0.9442
㐎	3	穷	0.9567
㐏	0	写	0.9499
㐐	7	座	0.9579
㐑	4	考	0.9552
㐒	1	昼	0.9507
㐓	1	冥	0.9488
㐔	5	兵	0.9505
㐕	3	民	0.9431
㐖	4	乱	0.9721
㐗	5	考	0.9547
㐘	2	买	0.9476
㐙	1	层	0.9485
㐚	4	是	0.9556
㐛	2	亿	0.9528
㐜	8	勅	0.9568
㐝	2	挖	0.9481
㐞	3	長	0.9635
㐟	5	是	0.9442
㐠	4	乳	0.9520
㐡	5	旭	0.9552
㐢	19	得	0.9553
㐣	5	厚	0.9557
㐤	19	慎	0.9541
㐥	10	應	0.9451
㐦	9	翼	0.9516
㐨	6	闭	0.9636
㐩	1	耕	0.9544
㐪	1	央	0.9591
㐫	1	図	0.9605
㐬	3	流	0.9623
㐭	3	回	0.9633
㐮	5	裏	0.9728
㐯	7	着	0.9632
㐰	4	但	0.9604
㐱	10	珍	0.9511
㐳	1	仍	0.9522
㐴	0	伪	0.9462
㐵	4	仔	0.9685
㐶	5	但	0.9578
㐷	6	但	0.9653
㐸	3	伏	0.9623
㐹	4	讯	0.9506
㐺	8	机	0.9512
㐻	3	纳	0.9639
㐼	7	併	0.9659
㐽	4	暦	0.9496
㐾	2	伊	0.9511
㐿	2	伟	0.9706
㑀	4	伏	0.9737
㑁	11	础	0.9567
㑂	12	桓	0.9619
㑃	6	动	0.9608
㑄	0	母	0.9634
㑅	1	作	0.9758
㑆	3	祝	0.9527
㑇	3	倡	0.9649
㑈	3	佑	0.9659
㑉	3	尿	0.9554
㑊	9	你	0.9620
㑋	2	伸	0.9570
㑌	7	但	0.9692
㑍	9	侠	0.9640
㑎	8	倍	0.9556
㑏	2	付	0.9619
㑐	3	付	0.9663
㑑	1	伯	0.9750
㑒	3	舍	0.9611
㑓	6	俊	0.9650
㑔	3	促	0.9699
㑕	1	徙	0.9462
㑖	11	神	0.9618
㑗	7	俱	0.9741
㑘	16	碱	0.9634
㑙	8	俱	0.9678
㑛	5	柏	0.9674
㑜	8	併	0.9642
㑝	6	傅	0.9564
㑞	8	座	0.9617
㑟	3	倶	0.9701
㑠	9	座	0.9602
㑡	2	却	0.9654
㑢	3	却	0.9704
㑣	11	椿	0.9663
㑤	8	但	0.9627
㑥	6	優	0.9591
㑦	9	併	0.9613
㑧	6	倭	0.9699
㑨	1	俣	0.9641
㑩	5	假	0.9539
㑪	0	済	0.9648
㑫	7	優	0.9569
㑬	3	姑	0.9665
㑭	9	但	0.9686
㑮	12	偶	0.9613
㑯	10	但	0.9802
㑰	18	像	0.9750
㑱	5	保	0.9659
㑲	1	南	0.9593
㑴	4	侵	0.9671
㑵	10	侠	0.9641
㑶	5	氣	0.9612
㑸	10	情	0.9663
㑺	3	焦	0.9531
㑻	8	儲	0.9598
㑼	6	峰	0.9595
㑽	6	僧	0.9672
㑾	11	鲁	0.9491
㑿	10	裔	0.9656
㒀	2	個	0.9639
㒁	3	個	0.9680
㒂	17	館	0.9657
㒃	9	俱	0.9503
㒄	10	納	0.9515
㒅	5	侵	0.9564
㒆	8	僑	0.9585
㒇	4	無	0.9649
㒈	12	确	0.9639
㒉	6	保	0.9629
㒊	11	綱	0.9543
㒋	7	傅	0.9663
㒌	8	優	0.9508
㒍	9	優	0.9590
㒎	4	堡	0.9597
㒏	13	壌	0.9600
㒐	6	简	0.9688
㒑	5	匯	0.9559
㒒	2	僕	0.9647
㒓	2	健	0.9749
㒔	13	偶	0.9684
㒕	4	擁	0.9549
㒖	8	傅	0.9750
㒗	9	僅	0.9653
㒘	5	堡	0.9600
㒙	1	倒	0.9614
㒚	10	優	0.9670
㒛	4	催	0.9583
㒜	9	傅	0.9667
㒝	10	傅	0.9630
㒞	5	催	0.9615
㒠	6	堡	0.9639
㒡	9	僑	0.9613
㒢	1	輸	0.9534
㒣	11	應	0.9549
㒤	6	攝	0.9589
㒥	14	禮	0.9560
㒦	7	體	0.9429
㒧	5	擁	0.9501
㒨	2	倒	0.9643
㒩	11	優	0.9524
㒪	3	愈	0.9564
㒫	6	晃	0.9590
㒬	10	起	0.9444
㒭	5	呪	0.9496
㒮	3	医	0.9526
㒯	19	難	0.9665
㒱	0	仑	0.9414
㒲	10	俱	0.9441
㒳	1	网	0.9713
㒴	3	盃	0.9533
㒵	0	宾	0.9639
㒶	2	昼	0.9480
㒸	2	豕	0.9500
㒹	3	臼	0.9660
㒺	3	団	0.9611
㒻	0	寬	0.9525
㒼	6	商	0.9507
㒽	0	匿	0.9497
㒾	3	糧	0.9560
㒿	6	匯	0.9553
㓀	3	忙	0.9572
㓁	0	卫	0.9192
㓂	5	寇	0.9608
㓃	0	訂	0.9587
㓄	5	选	0.9403
㓅	2	订	0.9719
㓆	5	论	0.9700
㓇	2	沃	0.9708
㓈	0	石	0.9601
㓉	1	活	0.9734
㓊	13	洞	0.9805
㓋	0	洪	0.9716
㓌	1	全	0.9620
㓍	0	充	0.9636
㓎	5	浸	0.9704
㓏	5	飼	0.9583
㓐	9	浩	0.9586
㓑	6	待	0.9658
㓒	7	鉴	0.9543
㓓	2	南	0.9608
㓔	15	谢	0.9776
㓕	2	滅	0.9749
㓖	0	卑	0.9590
㓗	13	繫	0.9658
㓘	2	凰	0.9586
㓙	4	纳	0.9543
㓚	3	叫	0.9596
㓜	4	初	0.9586
㓝	5	扣	0.9677
㓞	6	勘	0.9500
㓟	10	破	0.9584
㓠	5	貼	0.9550
㓡	4	制	0.9693
㓢	13	脑	0.9683
㓣	4	剣	0.9615
㓥	4	削	0.9618
㓦	1	則	0.9634
㓧	10	剖	0.9560
㓨	7	动	0.9636
㓩	2	剧	0.9619
㓪	9	惧	0.9620
㓫	7	剤	0.9629
㓬	1	判	0.9634
㓭	10	喝	0.9562
㓮	0	別	0.9597
㓯	6	闽	0.9631
㓰	6	副	0.9566
㓱	5	側	0.9541
㓲	3	剧	0.9632
㓳	11	起	0.9626
㓴	2	則	0.9674
㓵	10	到	0.9639
㓶	2	判	0.9585
㓷	13	桓	0.9687
㓸	6	閏	0.9584
㓹	8	尉	0.9416
㓺	3	劇	0.9702
㓻	7	副	0.9688
㓼	4	剩	0.9632
㓽	12	割	0.9658
㓾	4	剧	0.9665
㓿	5	剩	0.9748
㔀	13	割	0.9613
㔁	11	到	0.9589
㔂	9	翔	0.9567
㔃	7	慶	0.9513
㔄	5	剰	0.9773
㔅	14	割	0.9656
㔆	12	到	0.9546
㔇	11	剖	0.9467
㔈	15	割	0.9614
㔉	5	剧	0.9700
㔊	8	副	0.9515
㔋	7	岡	0.9619
㔌	6	剩	0.9633
㔍	20	慎	0.9647
㔎	4	逼	0.9532
㔏	13	到	0.9687
㔐	16	割	0.9616
㔑	20	蘋	0.9636
㔒	17	割	0.9665
㔓	6	功	0.9649
㔔	4	鬼	0.9079
㔕	21	勃	0.9562
㔖	0	匠	0.9482
㔗	7	勘	0.9659
㔘	8	勘	0.9526
㔙	8	动	0.9684
㔚	7	抗	0.9572
㔛	6	贵	0.9594
㔜	22	勃	0.9682
㔝	5	励	0.9480
㔞	1	肃	0.9510
㔠	23	勃	0.9519
㔡	9	尉	0.9539
㔢	8	慶	0.9521
㔣	17	聘	0.9574
㔤	9	勅	0.9613
㔥	10	尉	0.9481
㔦	9	动	0.9585
㔧	8	勵	0.9624
㔩	1	組	0.9548
㔪	3	筒	0.9458
㔫	2	丸	0.9603
㔬	0	旱	0.9632
㔭	19	堤	0.9729
㔮	17	壤	0.9674
㔯	4	臼	0.9483
㔰	4	团	0.9581
㔱	3	園	0.9615
㔲	1	图	0.9524
㔳	6	國	0.9512
㔴	7	匯	0.9595
㔵	8	匯	0.9561
㔶	9	匯	0.9561
㔷	7	國	0.9685
㔸	2	图	0.9306
㔹	7	功	0.9577
㔺	3	屯	0.9619
㔻	1	否	0.9561
㔼	0	隼	0.9617
㔽	1	向	0.9582
㔾	0	己	0.9504
㔿	1	耳	0.9505
㕀	0	巴	0.9389
㕁	4	却	0.9588
㕂	10	座	0.9565
㕃	3	屏	0.9700
㕄	3	広	0.9637
㕅	2	届	0.9644
㕆	3	届	0.9613
㕇	0	压	0.9559
㕈	2	胚	0.9656
㕉	5	暦	0.9667
㕊	4	届	0.9752
㕋	6	暦	0.9619
㕌	6	厚	0.9722
㕍	2	雇	0.9646
㕏	11	尉	0.9556
㕐	3	魔	0.9508
㕒	19	握	0.9657
㕔	12	廳	0.9731
㕕	0	玄	0.9735
㕖	1	条	0.9636
㕗	5	遵	0.9557
㕙	6	援	0.9547
㕚	0	叉	0.9696
㕛	0	受	0.9545
㕜	0	史	0.9541
㕝	2	莫	0.9577
㕞	7	暦	0.9600
㕟	11	賊	0.9501
㕠	4	隻	0.9614
㕡	2	叡	0.9751
㕢	3	諏	0.9607
㕣	3	合	0.9444
㕤	3	助	0.9577
㕥	2	认	0.9424
㕦	2	吴	0.9632
㕧	7	听	0.9583
㕨	5	肌	0.9609
㕩	6	扣	0.9680
㕪	8	抗	0.9597
㕫	6	坊	0.9634
㕬	9	吟	0.9495
㕭	5	咲	0.9590
㕮	9	胶	0.9561
㕯	3	南	0.9485
㕰	5	把	0.9479
㕱	11	坑	0.9614
㕲	5	味	0.9646
㕳	2	凶	0.9529
㕴	2	閃	0.9526
㕵	7	旺	0.9736
㕶	10	坦	0.9595
㕸	2	显	0.9474
㕹	6	跋	0.9566
㕺	3	号	0.9618
㕻	2	否	0.9687
㕼	10	喀	0.9616
㕽	0	拟	0.9667
㕾	0	过	0.9544
㕿	6	香	0.9800
㖀	0	軍	0.9547
㖁	7	宏	0.9582
㖂	11	坦	0.9639
㖃	10	惧	0.9546
㖄	3	咖	0.9658
㖅	14	桓	0.9618
㖆	11	哺	0.9717
㖈	4	暑	0.9634
㖉	7	哈	0.9582
㖊	11	惧	0.9621
㖋	3	企	0.9585
㖌	8	纯	0.9626
㖍	1	宾	0.9587
㖎	3	柴	0.9540
㖏	12	坦	0.9634
㖐	7	晃	0.9496
㖑	12	賊	0.9703
㖒	9	谓	0.9638
㖓	7	峰	0.9639
㖔	3	租	0.9643
㖕	12	祠	0.9576
㖖	2	善	0.9609
㖗	10	踏	0.9500
㖘	14	恨	0.9666
㖙	5	辟	0.9556
㖚	9	纯	0.9559
㖛	2	盐	0.9596
㖜	2	宾	0.9547
㖝	3	查	0.9571
㖞	5	招	0.9603
㖠	21	跨	0.9613
㖢	4	印	0.9664
㖣	10	暗	0.9714
㖤	4	函	0.9560
㖥	5	祖	0.9616
㖦	6	剰	0.9618
㖧	1	细	0.9644
㖨	15	桓	0.9660
㖩	4	諏	0.9665
㖪	15	域	0.9626
㖫	20	堤	0.9600
㖬	21	堤	0.9628
㖮	8	哈	0.9578
㖯	22	堤	0.9567
㖰	2	組	0.9533
㖱	11	裔	0.9592
㖲	4	細	0.9631
㖳	11	啓	0.9574
㖴	12	惧	0.9570
㖵	5	唄	0.9738
㖶	6	埋	0.9603
㖷	23	堤	0.9685
㖸	13	惧	0.9541
㖹	3	組	0.9481
㖺	20	植	0.9623
㖻	4	想	0.9661
㖽	6	唄	0.9746
㖾	5	逼	0.9536
㗀	0	幽	0.9394
㗃	11	暗	0.9627
㗄	12	眠	0.9552
㗅	3	胡	0.9639
㗆	7	埋	0.9606
㗇	6	暇	0.9736
㗈	5	厘	0.9604
㗉	14	惧	0.9587
㗋	11	喉	0.9669
㗌	14	到	0.9601
㗍	8	暦	0.9586
㗏	12	暗	0.9570
㗐	9	哈	0.9470
㗑	2	拜	0.9492
㗒	16	桓	0.9602
㗓	18	距	0.9514
㗔	15	惧	0.9625
㗕	12	哺	0.9632
㗖	8	蹈	0.9648
㗗	4	牌	0.9596
㗘	5	博	0.9639
㗙	19	曖	0.9601
㗛	6	喚	0.9678
㗜	4	組	0.9619
㗝	7	擾	0.9528
㗞	9	雅	0.9608
㗟	8	窪	0.9608
㗠	4	智	0.9700
㗡	13	藤	0.9559
㗢	4	動	0.9626
㗣	16	醒	0.9618
㗤	11	座	0.9630
㗥	16	惧	0.9621
㗦	10	卿	0.9581
㗧	5	臼	0.9548
㗨	4	窗	0.9626
㗩	13	暗	0.9737
㗪	10	聡	0.9505
㗫	3	图	0.9578
㗬	11	豪	0.9296
㗭	0	雨	0.9505
㗮	5	細	0.9585
㗯	21	慎	0.9606
㗱	10	雅	0.9602
㗲	18	割	0.9633
㗴	6	間	0.9670
㗵	8	厥	0.9577
㗶	15	撥	0.9579
㗷	7	嘆	0.9593
㗸	13	祠	0.9598
㗹	12	唯	0.9579
㗺	6	臼	0.9518
㗻	1	過	0.9500
㗼	13	撲	0.9563
㗽	10	醫	0.9630
㗿	7	間	0.9650
㘀	4	関	0.9608
㘁	17	醒	0.9594
㘂	5	組	0.9453
㘃	1	匿	0.9566
㘄	5	隈	0.9570
㘅	9	儲	0.9571
㘆	2	富	0.9511
㘇	12	喉	0.9647
㘈	15	爆	0.9613
㘉	11	飾	0.9656
㘊	13	霍	0.9617
㘋	4	腎	0.9650
㘌	4	劇	0.9569
㘍	13	賊	0.9638
㘎	7	闽	0.9579
㘏	3	温	0.9595
㘐	18	壤	0.9593
㘑	20	握	0.9657
㘒	14	霍	0.9607
㘓	22	闘	0.9663
㘔	1	賽	0.9643
㘕	23	瞳	0.9615
㘖	8	阔	0.9555
㘗	11	曜	0.9650
㘘	1	曾	0.9515
㘙	10	谓	0.9596
㘚	2	閥	0.9596
㘛	11	喻	0.9387
㘜	15	禮	0.9496
㘝	5	团	0.9655
㘞	6	团	0.9595
㘟	0	囲	0.9703
㘠	8	國	0.9566
㘡	5	围	0.9719
㘢	0	圈	0.9600
㘣	3	圓	0.9663
㘤	3	圏	0.9697
㘥	1	圈	0.9616
㘦	8	功	0.9734
㘨	7	扣	0.9646
㘩	3	批	0.9745
㘪	10	琪	0.9586
㘫	7	持	0.9633
㘬	7	均	0.9660
㘮	3	択	0.9694
㘯	6	劫	0.9685
㘰	10	坛	0.9671
㘱	7	坤	0.9677
㘲	8	既	0.9617
㘳	4	毕	0.9512
㘴	6	組	0.9524
㘶	4	雍	0.9531
㘷	6	块	0.9547
㘸	12	座	0.9523
㘹	2	些	0.9581
㘺	5	堆	0.9619
㘻	6	祖	0.9677
㘼	9	填	0.9627
㘽	16	裁	0.9569
㘾	8	扣	0.9606
㘿	13	坦	0.9685
㙀	1	压	0.9614
㙁	8	鲜	0.9581
㙂	12	坑	0.9597
㙃	11	琪	0.9694
㙄	12	琪	0.9655
㙅	8	堺	0.9685
㙆	11	坛	0.9624
㙇	8	塚	0.9629
㙈	5	墟	0.9634
㙉	0	典	0.9696
㙊	4	長	0.9699
㙋	13	琪	0.9838
㙌	2	肃	0.9672
㙍	10	栽	0.9628
㙏	22	裝	0.9623
㙐	9	瑞	0.9717
㙑	5	聖	0.9599
㙒	0	單	0.9533
㙓	3	幸	0.9625
㙕	11	谓	0.9763
㙖	7	挿	0.9740
㙗	9	跟	0.9681
㙘	1	卑	0.9572
㙙	13	座	0.9600
㙚	14	壌	0.9639
㙛	6	博	0.9693
㙜	3	富	0.9590
㙝	6	憤	0.9620
㙞	21	植	0.9654
㙠	3	堅	0.9610
㙡	14	蹤	0.9671
㙢	4	辞	0.9570
㙣	4	壊	0.9581
㙤	22	慎	0.9690
㙥	15	壌	0.9678
㙦	8	控	0.9505
㙧	7	理	0.9729
㙨	8	擾	0.9541
㙩	18	棋	0.9644
㙪	2	害	0.9563
㙫	16	壌	0.9697
㙬	6	楚	0.9581
㙭	14	賊	0.9565
㙮	21	玲	0.9615
㙯	5	藝	0.9629
㙰	4	蟹	0.9639
㙱	9	墨	0.9426
㙲	6	擁	0.9717
㙳	14	座	0.9528
㙴	16	擔	0.9653
㙵	7	臼	0.9596
㙶	4	富	0.9627
㙷	4	累	0.9589
㙸	17	壌	0.9708
㙹	8	嘆	0.9593
㙼	11	堀	0.9677
㙽	12	堀	0.9584
㙾	8	臼	0.9637
㙿	9	擾	0.9640
㚀	15	賊	0.9621
㚁	21	蘋	0.9503
㚂	19	壤	0.9645
㚃	4	南	0.9456
㚄	2	毒	0.9582
㚅	2	茎	0.9583
㚆	2	夏	0.9659
㚈	4	舛	0.9585
㚉	2	憂	0.9299
㚊	0	該	0.9555
㚋	16	調	0.9543
㚌	12	课	0.9638
㚍	6	遵	0.9596
㚎	3	农	0.9487
㚏	1	奔	0.9720
㚐	5	伏	0.9632
㚑	3	吴	0.9670
㚓	3	朱	0.9735
㚔	15	座	0.9540
㚕	11	庵	0.9636
㚗	0	査	0.9509
㚘	4	扶	0.9719
㚙	2	契	0.9569
㚚	5	翠	0.9617
㚛	3	昼	0.9608
㚜	4	裂	0.9493
㚝	3	滩	0.9559
㚞	2	森	0.9723
㚠	1	奎	0.9652
㚡	13	骑	0.9651
㚢	2	佐	0.9641
㚣	9	妾	0.9602
㚤	2	代	0.9692
㚥	6	奸	0.9834
㚦	4	如	0.9620
㚧	2	扩	0.9546
㚨	5	讯	0.9681
㚩	3	姐	0.9657
㚪	4	妇	0.9633
㚬	5	妇	0.9639
㚭	8	妨	0.9617
㚮	13	坑	0.9549
㚯	9	烟	0.9650
㚰	6	妇	0.9630
㚱	4	姐	0.9752
㚲	4	姑	0.9800
㚳	4	伽	0.9628
㚴	10	姉	0.9747
㚵	2	伐	0.9635
㚶	5	姐	0.9760
㚷	22	玲	0.9619
㚸	5	如	0.9666
㚹	11	柳	0.9700
㚺	14	婿	0.9675
㚼	6	姐	0.9754
㚽	10	妾	0.9625
㚾	4	祝	0.9608
㚿	8	她	0.9663
㛀	7	妇	0.9789
㛁	23	禄	0.9682
㛂	12	妮	0.9659
㛃	14	撃	0.9540
㛅	7	姐	0.9805
㛆	15	煤	0.9669
㛇	23	慎	0.9626
㛈	8	妇	0.9640
㛉	4	姻	0.9696
㛊	16	煤	0.9696
㛋	17	烯	0.9567
㛌	6	好	0.9640
㛍	11	俠	0.9662
㛎	9	妇	0.9661
㛏	7	聚	0.9653
㛑	1	娶	0.9625
㛒	7	組	0.9615
㛓	18	烯	0.9713
㛔	10	妇	0.9635
㛕	1	妃	0.9609
㛖	15	嫁	0.9619
㛗	4	挫	0.9716
㛘	6	诺	0.9675
㛙	7	奸	0.9673
㛚	13	姫	0.9710
㛛	6	如	0.9765
㛜	5	安	0.9557
㛝	8	姐	0.9773
㛞	3	辑	0.9610
㛟	16	娛	0.9645
㛠	14	祠	0.9643
㛡	6	烷	0.9625
㛢	8	矮	0.9625
㛣	4	温	0.9634
㛤	7	傾	0.9612
㛥	13	婚	0.9663
㛦	12	椿	0.9670
㛨	0	弟	0.9635
㛩	7	如	0.9673
㛪	12	庵	0.9606
㛫	9	揚	0.9656
㛬	18	壌	0.9666
㛭	14	姫	0.9692
㛮	12	啓	0.9617
㛯	5	勉	0.9593
㛰	14	婚	0.9706
㛱	10	姆	0.9628
㛲	9	姐	0.9729
㛳	6	要	0.9610
㛴	13	啓	0.9583
㛵	9	稱	0.9645
㛶	22	城	0.9569
㛷	9	逮	0.9568
㛸	8	娃	0.9620
㛺	11	妇	0.9693
㛻	19	壌	0.9639
㛼	3	矩	0.9644
㛽	8	楼	0.9673
㛾	17	碱	0.9664
㛿	3	滞	0.9648
㜀	10	畑	0.9716
㜁	4	查	0.9649
㜂	3	莲	0.9588
㜃	7	诸	0.9608
㜄	10	層	0.9624
㜆	6	翠	0.9591
㜇	12	棲	0.9584
㜈	11	拳	0.9565
㜉	21	漫	0.9607
㜊	6	硬	0.9679
㜋	3	溫	0.9592
㜌	0	段	0.9649
㜍	20	壌	0.9626
㜎	18	媛	0.9649
㜏	10	姐	0.9713
㜐	8	組	0.9585
㜒	17	嫡	0.9651
㜓	8	替	0.9653
㜔	5	遠	0.9578
㜕	11	姐	0.9601
㜖	12	媽	0.9636
㜗	11	隧	0.9526
㜘	7	憤	0.9679
㜙	13	媽	0.9659
㜚	17	桓	0.9702
㜛	4	樓	0.9603
㜜	16	嫩	0.9726
㜝	15	婚	0.9618
㜞	7	連	0.9590
㜟	20	嫌	0.9636
㜠	2	卑	0.9617
㜡	19	烯	0.9646
㜣	8	威	0.9572
㜤	14	媽	0.9686
㜥	4	组	0.9695
㜦	16	禮	0.9647
㜧	15	廠	0.9606
㜨	21	握	0.9721
㜩	7	喚	0.9588
㜫	15	婿	0.9638
㜬	23	擎	0.9628
㜭	18	嫡	0.9697
㜮	5	温	0.9652
㜯	9	組	0.9583
㜰	6	機	0.9610
㜱	8	憤	0.9695
㜳	21	壌	0.9584
㜴	16	禧	0.9665
㜵	6	侵	0.9601
㜶	22	漫	0.9562
㜷	17	惧	0.9374
㜸	4	莲	0.9599
㜹	15	媽	0.9642
㜻	6	灣	0.9526
㜼	17	禮	0.9603
㜽	1	箕	0.9573
㜾	8	价	0.9643
㜿	1	子	0.9648
㝀	1	母	0.9569
㝁	12	鲁	0.9606
㝂	1	断	0.9620
㝃	9	挽	0.9646
㝄	8	闽	0.9566
㝆	5	纬	0.9650
㝇	3	襄	0.9568
㝈	14	護	0.9492
㝊	1	文	0.9489
㝋	0	亡	0.9637
㝌	3	灾	0.9571
㝍	1	写	0.9589
㝐	8	宏	0.9661
㝑	2	旁	0.9677
㝒	0	吉	0.9600
㝓	2	容	0.9565
㝔	10	较	0.9510
㝕	5	変	0.9513
㝖	5	家	0.9448
㝗	5	良	0.9754
㝘	5	富	0.9611
㝙	6	裏	0.9634
㝚	3	退	0.9562
㝛	18	桓	0.9600
㝜	6	富	0.9716
㝝	3	霖	0.9594
㝞	4	宝	0.9493
㝟	2	寛	0.9613
㝠	3	宾	0.9755
㝣	3	契	0.9568
㝤	4	曹	0.9646
㝥	10	謀	0.9642
㝦	7	裏	0.9602
㝧	0	牽	0.9572
㝨	8	裏	0.9698
㝩	9	裏	0.9694
㝪	14	廉	0.9604
㝫	10	匯	0.9543
㝬	5	速	0.9606
㝭	22	握	0.9618
㝮	1	寂	0.9520
㝯	0	喬	0.9549
㝰	2	寡	0.9536
㝱	13	廳	0.9552
㝲	1	訂	0.9564
㝳	4	拉	0.9521
㝴	3	胚	0.9484
㝵	1	旱	0.9682
㝶	3	卑	0.9538
㝷	10	裏	0.9619
㝸	3	免	0.9585
㝹	9	宏	0.9576
㝺	4	載	0.9554
㝻	3	勤	0.9459
㝼	1	孔	0.9521
㝽	1	财	0.9466
㝾	7	劫	0.9495
㝿	8	劫	0.9591
㞀	9	劫	0.9497
㞁	6	抱	0.9534
㞂	16	座	0.9487
㞃	6	斜	0.9598
㞄	13	庵	0.9522
㞅	3	魅	0.9546
㞆	7	埼	0.9467
㞇	5	魂	0.9528
㞈	6	旭	0.9516
㞉	10	动	0.9478
㞊	7	就	0.9515
㞋	1	反	0.9581
㞌	2	层	0.9686
㞍	1	展	0.9631
㞏	3	层	0.9587
㞐	2	压	0.9551
㞑	12	起	0.9459
㞓	1	屠	0.9648
㞔	3	厦	0.9420
㞕	9	暦	0.9658
㞖	10	暦	0.9651
㞘	5	履	0.9592
㞙	6	履	0.9595
㞚	11	層	0.9666
㞛	12	層	0.9654
㞜	2	屠	0.9640
㞝	10	磨	0.9598
㞟	13	層	0.9574
㞠	3	屠	0.9659
㞡	3	屈	0.9544
㞣	0	述	0.9473
㞤	0	大	0.9526
㞥	0	尤	0.9388
㞦	1	卯	0.9616
㞨	5	却	0.9642
㞩	14	坑	0.9536
㞪	5	冨	0.9590
㞫	1	芝	0.9556
㞬	4	卑	0.9506
㞭	3	否	0.9555
㞮	10	宏	0.9557
㞯	0	星	0.9431
㞰	3	峠	0.9618
㞱	2	曰	0.9658
㞲	11	帕	0.9675
㞳	6	址	0.9605
㞴	6	却	0.9578
㞵	0	攴	0.9514
㞶	3	岐	0.9616
㞷	5	宝	0.9541
㞸	4	乐	0.9621
㞹	14	响	0.9647
㞺	1	定	0.9563
㞻	4	号	0.9616
㞼	7	堡	0.9534
㞽	12	帳	0.9625
㞾	4	即	0.9599
㞿	2	吏	0.9546
㟀	7	香	0.9588
㟁	7	却	0.9616
㟂	5	时	0.9543
㟃	3	间	0.9672
㟄	9	扣	0.9604
㟅	5	剂	0.9575
㟆	4	峠	0.9603
㟇	5	挫	0.9606
㟈	7	闭	0.9608
㟉	15	到	0.9548
㟊	15	祠	0.9580
㟋	5	悦	0.9641
㟌	23	城	0.9487
㟍	5	印	0.9649
㟎	13	喉	0.9552
㟏	3	岭	0.9542
㟐	16	到	0.9577
㟑	11	悼	0.9634
㟒	4	韋	0.9601
㟔	9	荃	0.9510
㟕	6	时	0.9661
㟗	1	幽	0.9558
㟘	20	调	0.9574
㟙	6	惜	0.9656
㟚	9	椅	0.9627
㟛	2	拍	0.9696
㟜	17	湿	0.9610
㟝	2	悟	0.9560
㟞	23	裝	0.9503
㟟	5	卑	0.9566
㟠	6	剛	0.9654
㟡	5	卷	0.9597
㟣	5	纳	0.9599
㟤	10	填	0.9625
㟥	3	显	0.9374
㟦	1	軍	0.9584
㟨	18	幅	0.9606
㟩	11	喀	0.9560
㟪	9	闽	0.9669
㟫	9	既	0.9592
㟬	9	嘆	0.9579
㟭	3	阳	0.9616
㟮	12	懷	0.9573
㟯	5	岩	0.9574
㟰	17	到	0.9609
㟱	19	割	0.9537
㟲	6	順	0.9608
㟳	19	桓	0.9567
㟴	7	晚	0.9598
㟵	0	當	0.9541
㟷	3	塔	0.9612
㟸	18	到	0.9587
㟹	6	酬	0.9461
㟺	4	妻	0.9590
㟻	7	博	0.9648
㟼	2	嵌	0.9604
㟽	9	副	0.9517
㟾	10	闽	0.9516
㟿	11	雅	0.9575
㠁	13	慘	0.9491
㠂	11	惯	0.9573
㠃	7	崎	0.9602
㠄	1	兽	0.9656
㠅	10	葛	0.9567
㠆	13	哺	0.9608
㠇	8	就	0.9544
㠈	13	堀	0.9596
㠉	10	副	0.9560
㠊	13	帳	0.9562
㠋	8	嵩	0.9617
㠌	3	嵌	0.9611
㠍	11	裏	0.9627
㠎	12	雅	0.9535
㠏	20	割	0.9535
㠐	5	韋	0.9588
㠑	21	割	0.9553
㠒	11	副	0.9537
㠓	19	到	0.9539
㠔	6	辟	0.9598
㠕	16	慢	0.9556
㠖	8	擊	0.9588
㠗	8	喚	0.9574
㠘	1	與	0.9639
㠙	20	到	0.9520
㠚	7	對	0.9602
㠛	23	握	0.9619
㠝	9	噂	0.9634
㠞	8	堡	0.9601
㠟	11	膝	0.9572
㠠	12	副	0.9642
㠡	10	噂	0.9572
㠢	17	擔	0.9542
㠣	11	暦	0.9545
㠤	11	噂	0.9555
㠥	12	輻	0.9516
㠦	22	割	0.9532
㠧	12	暦	0.9502
㠨	20	壤	0.9536
㠩	9	庇	0.9537
㠪	0	匚	0.9577
㠫	4	吴	0.9573
㠬	5	吴	0.9601
㠭	9	埠	0.9548
㠮	9	臼	0.9662
㠰	5	鬼	0.9508
㠱	1	貫	0.9684
㠲	1	叱	0.9675
㠳	4	価	0.9554
㠴	4	帆	0.9560
㠵	1	市	0.9526
㠶	5	帆	0.9674
㠷	6	吸	0.9601
㠸	7	快	0.9650
㠹	4	岭	0.9387
㠺	5	抄	0.9566
㠻	22	植	0.9640
㠼	14	帳	0.9561
㠽	15	帳	0.9635
㠾	3	留	0.9600
㠿	3	詣	0.9650
㡀	8	闭	0.9528
㡁	8	剤	0.9619
㡂	4	糧	0.9607
㡃	10	彻	0.9561
㡄	12	帕	0.9614
㡅	4	拠	0.9245
㡆	16	幌	0.9612
㡇	2	抑	0.9669
㡈	16	帳	0.9601
㡉	16	祠	0.9549
㡊	4	帽	0.9687
㡋	13	雅	0.9565
㡌	5	帽	0.9801
㡍	3	幕	0.9658
㡎	7	峻	0.9569
㡏	5	岭	0.9483
㡐	6	帽	0.9636
㡑	12	裔	0.9601
㡒	7	帽	0.9558
㡓	6	揮	0.9674
㡔	12	喀	0.9661
㡕	9	堺	0.9592
㡖	14	哺	0.9523
㡗	17	幌	0.9365
㡘	14	雅	0.9644
㡙	8	峰	0.9547
㡚	15	哺	0.9605
㡛	18	幌	0.9602
㡜	11	納	0.9608
㡝	9	峰	0.9575
㡞	8	博	0.9585
㡟	9	槽	0.9630
㡡	7	剛	0.9485
㡢	19	幌	0.9690
㡤	7	剩	0.9548
㡥	7	隱	0.9461
㡦	17	禧	0.9607
㡧	10	峰	0.9497
㡨	12	耀	0.9540
㡩	22	鹤	0.9468
㡪	17	慢	0.9542
㡫	16	褐	0.9634
㡬	1	畿	0.9650
㡭	2	圈	0.9394
㡮	6	鄰	0.9498
㡯	2	定	0.9576
㡰	1	庁	0.9651
㡱	4	庆	0.9609
㡲	3	戎	0.9479
㡴	17	座	0.9480
㡵	18	座	0.9606
㡶	0	県	0.9558
㡷	2	床	0.9718
㡸	1	库	0.9597
㡹	3	曰	0.9563
㡺	7	恒	0.9560
㡻	13	航	0.9592
㡼	9	唐	0.9655
㡽	10	唐	0.9723
㡾	7	痕	0.9744
㡿	4	庞	0.9631
㢀	9	煉	0.9567
㢁	6	家	0.9365
㢂	11	唐	0.9672
㢃	1	店	0.9690
㢄	3	屋	0.9603
㢅	5	庫	0.9693
㢆	6	厘	0.9752
㢇	6	虐	0.9610
㢈	3	雇	0.9626
㢊	13	暦	0.9620
㢋	19	座	0.9554
㢌	4	阿	0.9639
㢍	8	庚	0.9584
㢎	2	庙	0.9611
㢏	3	歴	0.9693
㢐	4	屈	0.9556
㢑	6	庫	0.9612
㢒	7	虐	0.9607
㢓	12	唐	0.9623
㢔	20	座	0.9673
㢕	5	雍	0.9613
㢖	14	庵	0.9649
㢗	1	喬	0.9577
㢘	15	廉	0.9639
㢙	16	廉	0.9551
㢚	4	庸	0.9608
㢛	4	歴	0.9697
㢜	14	層	0.9628
㢝	15	庵	0.9582
㢞	3	廣	0.9540
㢟	4	退	0.9563
㢠	3	廻	0.9705
㢡	15	辉	0.9596
㢢	2	弊	0.9721
㢣	16	辉	0.9611
㢤	1	龙	0.9612
㢥	3	压	0.9553
㢦	4	压	0.9590
㢧	2	写	0.9534
㢨	15	挥	0.9536
㢩	3	的	0.9608
㢪	2	玛	0.9504
㢫	1	帥	0.9574
㢬	1	冯	0.9628
㢭	7	跋	0.9584
㢮	7	拖	0.9620
㢯	1	張	0.9650
㢰	13	鼓	0.9579
㢱	11	弦	0.9582
㢲	0	宗	0.9574
㢳	3	织	0.9616
㢴	0	鬲	0.9450
㢵	10	哈	0.9659
㢶	10	臼	0.9591
㢷	4	記	0.9477
㢹	9	評	0.9605
㢺	4	接	0.9623
㢻	10	逮	0.9590
㢼	12	剖	0.9584
㢽	14	堀	0.9656
㢾	8	理	0.9638
㢿	14	喉	0.9718
㣀	5	靖	0.9659
㣁	5	屈	0.9629
㣂	1	賠	0.9565
㣃	11	歸	0.9601
㣄	2	張	0.9618
㣅	16	臂	0.9602
㣆	11	匯	0.9384
㣇	4	幕	0.9609
㣈	15	蹤	0.9602
㣉	0	以	0.9476
㣊	11	珍	0.9486
㣋	5	舛	0.9550
㣌	4	货	0.9520
㣍	0	従	0.9577
㣎	3	夏	0.9536
㣏	1	従	0.9623
㣐	4	织	0.9697
㣑	5	庸	0.9498
㣒	0	彰	0.9485
㣓	14	絞	0.9553
㣔	2	行	0.9621
㣕	6	伏	0.9704
㣖	7	伏	0.9673
㣗	4	护	0.9609
㣘	4	句	0.9621
㣙	3	油	0.9703
㣛	9	恰	0.9710
㣜	8	却	0.9635
㣝	3	伐	0.9656
㣞	10	併	0.9549
㣟	2	估	0.9712
㣠	6	纳	0.9600
㣡	12	神	0.9621
㣢	18	禅	0.9658
㣣	12	俠	0.9726
㣤	14	啓	0.9561
㣥	5	侍	0.9651
㣦	7	倭	0.9794
㣧	8	創	0.9489
㣨	5	姑	0.9692
㣩	13	椿	0.9668
㣪	2	徑	0.9669
㣫	14	偶	0.9568
㣬	4	昏	0.9600
㣭	9	堡	0.9639
㣮	5	南	0.9661
㣯	5	櫃	0.9664
㣰	10	堡	0.9653
㣱	3	債	0.9758
㣲	8	徴	0.9672
㣳	5	無	0.9572
㣴	19	禅	0.9641
㣵	3	健	0.9677
㣶	10	檀	0.9720
㣷	11	堡	0.9567
㣸	14	撲	0.9564
㣹	12	應	0.9566
㣻	1	交	0.9509
㣼	3	切	0.9576
㣽	2	率	0.9600
㣾	5	叔	0.9559
㣿	4	忙	0.9592
㤀	1	述	0.9442
㤁	4	医	0.9608
㤂	21	座	0.9595
㤃	7	坊	0.9643
㤄	2	市	0.9664
㤅	2	忍	0.9518
㤆	4	坂	0.9721
㤇	8	析	0.9623
㤈	3	恥	0.9469
㤉	9	闭	0.9684
㤊	4	农	0.9507
㤋	10	扮	0.9648
㤌	10	扣	0.9710
㤍	5	累	0.9499
㤎	5	想	0.9559
㤏	6	剂	0.9554
㤐	3	息	0.9546
㤑	5	祐	0.9659
㤒	19	棒	0.9667
㤓	1	材	0.9617
㤔	5	忙	0.9632
㤕	2	出	0.9523
㤖	6	忙	0.9640
㤗	3	泰	0.9622
㤘	3	悟	0.9502
㤙	3	思	0.9610
㤚	10	闭	0.9621
㤛	4	惟	0.9619
㤜	7	纳	0.9629
㤞	12	悼	0.9593
㤟	8	甥	0.9471
㤠	2	烈	0.9600
㤡	1	例	0.9620
㤢	1	怕	0.9666
㤣	4	焦	0.9533
㤤	2	使	0.9631
㤥	7	刻	0.9579
㤦	3	使	0.9702
㤨	2	供	0.9624
㤩	10	澄	0.9643
㤪	6	恩	0.9564
㤫	5	怎	0.9644
㤬	1	性	0.9521
㤭	3	知	0.9656
㤮	6	怎	0.9596
㤯	17	铜	0.9599
㤰	7	怎	0.9594
㤱	8	恒	0.9687
㤲	22	座	0.9464
㤳	13	喀	0.9636
㤴	18	惧	0.9637
㤵	7	翠	0.9603
㤶	11	动	0.9575
㤷	10	恰	0.9558
㤸	1	协	0.9666
㤹	4	树	0.9695
㤺	7	烷	0.9565
㤻	7	恩	0.9534
㤼	10	劫	0.9643
㤽	12	动	0.9646
㤾	7	探	0.9589
㥀	19	惧	0.9585
㥁	4	思	0.9553
㥂	20	惧	0.9691
㥃	0	門	0.9619
㥅	4	授	0.9631
㥆	13	神	0.9671
㥇	2	母	0.9490
㥈	1	忠	0.9678
㥉	4	悟	0.9692
㥊	8	脚	0.9588
㥋	12	堡	0.9620
㥌	1	杨	0.9564
㥍	9	博	0.9611
㥎	6	叔	0.9706
㥏	11	扣	0.9665
㥐	4	愈	0.9638
㥑	3	憂	0.9572
㥒	7	保	0.9722
㥓	8	埼	0.9632
㥔	21	惧	0.9636
㥕	13	谈	0.9457
㥖	11	聡	0.9610
㥗	18	慢	0.9639
㥘	17	祠	0.9562
㥙	2	忠	0.9628
㥚	6	貼	0.9557
㥛	18	祠	0.9522
㥜	12	谓	0.9695
㥝	8	撮	0.9600
㥞	7	剂	0.9581
㥟	19	像	0.9641
㥡	15	喉	0.9543
㥢	2	酒	0.9604
㥣	5	奪	0.9599
㥤	13	堡	0.9641
㥥	15	偶	0.9651
㥦	8	恩	0.9481
㥧	22	惧	0.9789
㥨	3	载	0.9626
㥩	8	诸	0.9678
㥪	9	楼	0.9582
㥫	4	倡	0.9634
㥬	10	傍	0.9585
㥭	5	齿	0.9625
㥮	19	慢	0.9484
㥯	4	息	0.9628
㥰	10	搜	0.9608
㥱	21	到	0.9564
㥲	5	息	0.9509
㥳	5	悟	0.9617
㥴	6	虚	0.9431
㥵	4	阳	0.9573
㥶	2	塞	0.9519
㥷	8	陵	0.9429
㥸	18	聘	0.9538
㥹	2	隣	0.9537
㥺	7	惜	0.9553
㥻	5	感	0.9599
㥼	10	憶	0.9558
㥾	2	匿	0.9580
㥿	16	豫	0.9608
㦀	2	遅	0.9570
㦁	4	惠	0.9559
㦄	5	歴	0.9715
㦅	18	醒	0.9608
㦆	23	惧	0.9624
㦇	2	鹿	0.9581
㦈	11	情	0.9639
㦉	12	情	0.9604
㦊	23	割	0.9523
㦋	14	喀	0.9641
㦌	15	護	0.9350
㦍	22	蘋	0.9509
㦎	0	劃	0.9547
㦏	18	禮	0.9645
㦐	2	訂	0.9511
㦑	11	畑	0.9588
㦒	2	胃	0.9576
㦓	12	隧	0.9505
㦔	10	組	0.9545
㦖	12	閉	0.9591
㦗	6	極	0.9591
㦘	17	豫	0.9559
㦙	20	慢	0.9588
㦚	9	辩	0.9579
㦛	3	舉	0.9513
㦜	22	壌	0.9634
㦝	5	隐	0.9530
㦞	9	壽	0.9639
㦟	3	愚	0.9607
㦠	8	對	0.9721
㦡	16	傑	0.9637
㦢	12	飾	0.9707
㦣	4	舉	0.9519
㦥	7	蘭	0.9543
㦦	23	闘	0.9599
㦧	7	嗜	0.9581
㦨	8	蘭	0.9534
㦩	12	優	0.9478
㦪	13	優	0.9524
㦫	9	憤	0.9663
㦬	12	匯	0.9685
㦭	6	靈	0.9570
㦯	7	叔	0.9548
㦰	0	变	0.9488
㦱	3	母	0.9573
㦲	16	賊	0.9620
㦳	17	裁	0.9569
㦴	8	叔	0.9636
㦵	10	楼	0.9690
㦶	5	載	0.9571
㦷	17	賊	0.9643
㦸	8	战	0.9725
㦹	18	賊	0.9610
㦺	6	曆	0.9644
㦻	4	载	0.9616
㦼	23	壌	0.9662
㦽	11	琉	0.9604
㦾	7	旭	0.9555
㦿	10	桌	0.9627
㧀	0	庭	0.9589
㧁	5	長	0.9671
㧂	3	庙	0.9742
㧃	12	扣	0.9701
㧄	13	扣	0.9709
㧅	9	抗	0.9596
㧆	14	扣	0.9801
㧇	15	扣	0.9737
㧈	4	担	0.9688
㧉	8	试	0.9599
㧊	16	扣	0.9755
㧋	5	扶	0.9697
㧌	7	托	0.9617
㧏	11	闭	0.9732
㧐	1	扱	0.9622
㧒	10	抗	0.9637
㧔	4	戎	0.9653
㧕	3	抑	0.9728
㧖	11	抗	0.9593
㧘	6	掌	0.9600
㧙	0	扬	0.9598
㧚	11	拓	0.9669
㧛	15	撃	0.9563
㧜	5	師	0.9649
㧝	16	撃	0.9541
㧞	1	抜	0.9692
㧠	5	拉	0.9707
㧡	2	孩	0.9654
㧢	5	和	0.9694
㧣	9	昧	0.9758
㧤	19	棋	0.9628
㧥	10	拼	0.9690
㧦	14	拘	0.9769
㧧	12	琉	0.9754
㧨	12	据	0.9584
㧩	9	脚	0.9583
㧪	10	挽	0.9580
㧫	7	掃	0.9781
㧬	4	昼	0.9585
㧭	17	撃	0.9627
㧮	17	扣	0.9716
㧰	5	乐	0.9671
㧱	7	餅	0.9571
㧲	10	昧	0.9732
㧳	9	擊	0.9660
㧴	11	拝	0.9690
㧵	6	招	0.9667
㧶	4	射	0.9705
㧷	14	播	0.9700
㧹	10	博	0.9680
㧺	11	踏	0.9700
㧻	9	塚	0.9595
㧼	12	拝	0.9734
㧽	15	堀	0.9632
㧿	5	從	0.9597
㨀	13	拝	0.9667
㨁	6	拒	0.9643
㨃	11	填	0.9653
㨄	21	调	0.9638
㨅	16	挥	0.9650
㨆	10	琳	0.9675
㨇	10	擊	0.9606
㨈	9	剤	0.9598
㨉	6	瑠	0.9692
㨊	23	植	0.9658
㨋	3	堵	0.9736
㨌	10	穀	0.9633
㨍	11	擊	0.9639
㨎	6	喫	0.9595
㨏	5	壊	0.9547
㨐	13	课	0.9708
㨑	8	摄	0.9611
㨒	9	掩	0.9613
㨓	17	挥	0.9722
㨔	16	域	0.9656
㨕	6	細	0.9623
㨖	9	摄	0.9692
㨗	13	据	0.9631
㨙	7	援	0.9709
㨚	6	壊	0.9657
㨛	18	扣	0.9724
㨜	3	玻	0.9643
㨝	14	据	0.9610
㨞	15	捧	0.9711
㨟	7	培	0.9572
㨠	12	填	0.9635
㨡	12	拓	0.9611
㨢	15	雅	0.9623
㨣	16	捧	0.9625
㨤	9	理	0.9627
㨥	8	紳	0.9671
㨦	1	携	0.9728
㨧	20	棋	0.9629
㨨	7	瑠	0.9675
㨩	7	擁	0.9576
㨪	18	挥	0.9590
㨫	17	措	0.9624
㨬	18	措	0.9677
㨭	11	臼	0.9542
㨮	11	搜	0.9619
㨯	10	摄	0.9648
㨰	10	擾	0.9632
㨱	8	着	0.9579
㨲	11	操	0.9693
㨳	9	埼	0.9612
㨴	2	弹	0.9614
㨵	7	掘	0.9615
㨶	10	揚	0.9661
㨷	23	撞	0.9700
㨸	9	控	0.9654
㨹	11	博	0.9659
㨺	5	辞	0.9634
㨻	18	撃	0.9673
㨼	4	碧	0.9679
㨽	16	堀	0.9712
㨾	11	擾	0.9619
㨿	17	據	0.9586
㩀	18	據	0.9681
㩁	12	推	0.9666
㩂	2	荆	0.9640
㩃	21	壤	0.9668
㩄	8	掘	0.9662
㩅	7	揮	0.9724
㩆	4	蹴	0.9601
㩇	1	轟	0.9637
㩈	19	挥	0.9679
㩊	19	構	0.9679
㩋	8	揮	0.9618
㩌	6	卑	0.9643
㩍	9	換	0.9716
㩎	17	堀	0.9643
㩏	9	掘	0.9613
㩐	17	辉	0.9671
㩑	17	捧	0.9646
㩓	12	擊	0.9632
㩔	20	艘	0.9612
㩕	14	環	0.9607
㩖	19	禮	0.9625
㩘	22	壤	0.9647
㩙	3	塞	0.9654
㩚	18	辉	0.9640
㩛	1	囲	0.9634
㩜	6	擺	0.9638
㩝	12	擾	0.9669
㩞	8	探	0.9704
㩟	18	捧	0.9606
㩠	20	難	0.9567
㩡	7	擺	0.9659
㩢	9	捜	0.9649
㩣	23	壤	0.9615
㩤	9	灘	0.9632
㩥	8	擁	0.9594
㩨	23	蘋	0.9536
㩩	11	摄	0.9728
㩫	10	憤	0.9702
㩬	19	賊	0.9604
㩭	20	挥	0.9674
㩮	19	捧	0.9660
㩯	7	繋	0.9606
㩰	12	操	0.9715
㩱	10	槽	0.9664
㩳	21	難	0.9603
㩴	7	攝	0.9696
㩵	5	獻	0.9547
㩶	15	播	0.9528
㩷	15	攜	0.9561
㩸	10	韓	0.9507
㩹	8	擅	0.9621
㩺	4	歧	0.9699
㩻	2	颇	0.9654
㩼	1	段	0.9609
㩽	11	昧	0.9668
㩾	10	捜	0.9517
㩿	2	改	0.9561
㪀	5	敢	0.9638
㪁	10	胶	0.9649
㪂	2	徙	0.9494
㪃	20	桓	0.9616
㪄	11	劫	0.9579
㪅	6	累	0.9491
㪆	8	跋	0.9571
㪇	3	牧	0.9643
㪈	14	鼓	0.9620
㪉	1	敌	0.9645
㪊	3	报	0.9610
㪋	9	跋	0.9639
㪌	7	細	0.9579
㪍	2	敌	0.9710
㪎	9	叔	0.9750
㪏	14	课	0.9615
㪐	11	破	0.9697
㪑	16	雅	0.9622
㪒	5	祝	0.9625
㪓	8	剩	0.9658
㪔	14	椿	0.9714
㪕	15	鼓	0.9691
㪖	10	叔	0.9695
㪗	16	鼓	0.9678
㪘	7	敘	0.9592
㪙	2	敗	0.9682
㪚	1	散	0.9790
㪛	12	摄	0.9611
㪜	10	跋	0.9702
㪝	1	粘	0.9683
㪞	12	臼	0.9562
㪟	6	敢	0.9681
㪠	5	载	0.9628
㪡	17	鼓	0.9684
㪢	11	跋	0.9681
㪣	5	敵	0.9569
㪤	4	數	0.9588
㪥	5	退	0.9600
㪦	3	敗	0.9773
㪧	18	鼓	0.9551
㪩	6	載	0.9614
㪪	2	寂	0.9611
㪫	3	叡	0.9713
㪬	10	截	0.9615
㪭	21	慢	0.9586
㪮	10	評	0.9533
㪯	0	羊	0.9563
㪰	2	柔	0.9647
㪱	15	猴	0.9655
㪲	0	斗	0.9621
㪳	4	屯	0.8960
㪴	5	射	0.9651
㪵	3	判	0.9657
㪶	13	臼	0.9593
㪸	14	琪	0.9660
㪹	9	對	0.9559
㪺	11	闽	0.9609
㪻	15	霍	0.9580
㪼	2	词	0.9590
㪽	1	匠	0.9620
㪾	6	節	0.9658
㪿	13	頻	0.9602
㫀	13	谓	0.9679
㫁	1	斷	0.9663
㫂	9	臓	0.9536
㫃	0	为	0.9622
㫄	2	匠	0.9597
㫅	5	份	0.9549
㫆	5	於	0.9617
㫇	8	辱	0.9594
㫈	5	负	0.9128
㫉	4	脆	0.9639
㫊	8	胎	0.9645
㫋	17	雅	0.9626
㫌	10	旗	0.9614
㫍	20	烯	0.9684
㫎	0	勧	0.9638
㫏	11	旗	0.9629
㫐	3	昆	0.9567
㫑	4	助	0.9649
㫓	7	吃	0.9572
㫔	1	旦	0.9588
㫗	2	旱	0.9644
㫘	4	否	0.9704
㫙	15	映	0.9695
㫚	2	唇	0.9602
㫜	14	坦	0.9719
㫝	13	眠	0.9628
㫞	16	映	0.9593
㫟	3	昭	0.9654
㫠	5	時	0.9609
㫡	7	累	0.9554
㫢	19	扣	0.9632
㫣	3	胃	0.9584
㫥	8	細	0.9514
㫦	15	喀	0.9609
㫧	11	桌	0.9634
㫨	14	臼	0.9581
㫩	3	毒	0.9624
㫪	4	春	0.9709
㫫	4	显	0.9744
㫬	12	闽	0.9634
㫭	4	胃	0.9661
㫮	2	皆	0.9672
㫯	1	鼻	0.9635
㫰	2	眼	0.9737
㫱	5	显	0.9599
㫲	10	埠	0.9666
㫳	3	唇	0.9745
㫴	14	賭	0.9649
㫵	6	時	0.9500
㫶	14	暗	0.9684
㫷	4	碁	0.9712
㫸	6	捷	0.9530
㫹	2	昇	0.9679
㫺	15	啓	0.9561
㫻	2	輪	0.9545
㫼	16	哺	0.9637
㫽	7	祖	0.9640
㫾	15	暗	0.9515
㫿	13	唯	0.9722
㬀	15	臼	0.9683
㬁	14	暦	0.9610
㬂	14	眠	0.9653
㬃	2	易	0.9626
㬄	5	扉	0.9644
㬆	16	暗	0.9689
㬇	8	晚	0.9700
㬈	17	暗	0.9654
㬉	7	喫	0.9616
㬊	4	晨	0.9590
㬍	12	博	0.9625
㬏	18	暗	0.9673
㬐	19	暗	0.9743
㬑	5	関	0.9577
㬒	20	捧	0.9545
㬓	17	晴	0.9592
㬔	11	喝	0.9491
㬕	7	时	0.9565
㬖	11	組	0.9601
㬗	12	暖	0.9525
㬘	10	掘	0.9547
㬚	6	撤	0.9685
㬛	12	曜	0.9429
㬜	6	冨	0.9666
㬝	20	暗	0.9738
㬞	21	暗	0.9673
㬟	16	赠	0.9613
㬠	12	組	0.9610
㬡	22	暗	0.9582
㬢	16	臼	0.9605
㬣	10	對	0.9594
㬤	12	喝	0.9559
㬥	1	暴	0.9564
㬦	13	組	0.9601
㬧	2	暴	0.9534
㬨	2	赫	0.9505
㬩	7	閏	0.9552
㬪	6	显	0.9605
㬫	6	靖	0.9605
㬬	13	曜	0.9680
㬭	14	曜	0.9593
㬮	7	冨	0.9532
㬯	11	開	0.9538
㬰	2	央	0.9660
㬱	5	昏	0.9544
㬲	4	通	0.9505
㬳	5	胜	0.9675
㬴	8	肝	0.9668
㬵	11	胶	0.9837
㬷	10	烟	0.9632
㬸	18	雅	0.9679
㬺	8	腾	0.9664
㬻	3	腔	0.9606
㬼	7	雄	0.9687
㬽	23	固	0.9077
㬾	5	腎	0.9683
㬿	9	腹	0.9750
㭀	14	藤	0.9620
㭁	4	极	0.9614
㭂	2	材	0.9655
㭃	4	私	0.9696
㭄	6	讯	0.9628
㭅	3	村	0.9530
㭆	0	果	0.9635
㭇	10	杭	0.9670
㭈	3	枝	0.9727
㭉	6	宋	0.9786
㭊	9	析	0.9695
㭋	5	柱	0.9718
㭌	0	杜	0.9719
㭍	4	朱	0.9756
㭏	1	桂	0.9712
㭐	5	朱	0.9688
㭑	12	昧	0.9731
㭒	4	相	0.9719
㭓	8	梓	0.9632
㭔	7	杯	0.9714
㭕	1	杜	0.9725
㭖	4	胚	0.9627
㭘	11	恰	0.9694
㭙	4	村	0.9734
㭚	11	松	0.9681
㭛	7	根	0.9674
㭜	9	械	0.9737
㭝	1	梵	0.9614
㭞	4	桜	0.9626
㭟	1	隶	0.9585
㭠	21	棋	0.9633
㭡	15	椿	0.9648
㭢	15	栖	0.9681
㭣	6	桐	0.9798
㭤	6	想	0.9650
㭥	2	杨	0.9673
㭦	16	桿	0.9672
㭧	9	梨	0.9683
㭨	13	概	0.9627
㭩	9	梓	0.9689
㭪	5	桶	0.9723
㭫	6	挫	0.9659
㭬	8	剂	0.9643
㭭	7	桐	0.9609
㭮	11	楼	0.9609
㭯	16	栖	0.9681
㭰	15	课	0.9630
㭱	21	桓	0.9678
㭲	9	格	0.9626
㭳	10	梓	0.9766
㭴	17	桿	0.9630
㭵	15	拘	0.9712
㭶	4	榜	0.9632
㭷	19	雅	0.9639
㭸	22	棋	0.9627
㭹	7	極	0.9684
㭺	10	掩	0.9689
㭻	10	椅	0.9666
㭼	22	桓	0.9612
㭾	18	堀	0.9692
㮀	17	栖	0.9643
㮁	4	権	0.9709
㮂	6	長	0.9541
㮃	12	楼	0.9638
㮄	23	桓	0.9598
㮅	1	査	0.9693
㮆	12	検	0.9693
㮇	17	橋	0.9604
㮈	20	棒	0.9722
㮉	11	叔	0.9691
㮊	5	树	0.9732
㮋	20	雅	0.9644
㮌	4	框	0.9713
㮍	8	粟	0.9590
㮎	18	橋	0.9720
㮏	21	棒	0.9678
㮐	5	椎	0.9661
㮑	4	棺	0.9717
㮒	11	槽	0.9699
㮓	8	極	0.9610
㮔	4	種	0.9630
㮕	7	想	0.9685
㮖	12	槽	0.9649
㮗	16	樂	0.9661
㮘	13	粮	0.9693
㮛	18	桿	0.9708
㮜	5	框	0.9679
㮝	4	卻	0.9673
㮞	16	喀	0.9668
㮟	3	枠	0.9677
㮠	7	棟	0.9675
㮡	9	渠	0.9649
㮢	8	根	0.9713
㮤	8	翠	0.9670
㮥	16	椿	0.9658
㮦	14	樣	0.9671
㮧	11	楊	0.9592
㮨	11	榴	0.9657
㮩	8	想	0.9604
㮪	4	朽	0.9660
㮫	6	椎	0.9638
㮬	22	棒	0.9639
㮭	5	棺	0.9667
㮯	12	闭	0.9630
㮰	9	想	0.9713
㮱	21	雅	0.9625
㮲	12	楊	0.9575
㮳	3	槻	0.9670
㮴	7	横	0.9643
㮶	4	糊	0.9662
㮷	9	稽	0.9706
㮸	22	雅	0.9629
㮹	6	徹	0.9661
㮺	13	裔	0.9603
㮻	12	榴	0.9632
㮼	10	想	0.9584
㮽	10	搬	0.9655
㮿	13	槽	0.9682
㯀	16	蹤	0.9622
㯁	13	榴	0.9623
㯂	20	構	0.9683
㯃	3	漆	0.9657
㯄	23	座	0.9552
㯅	23	雅	0.9616
㯆	6	棺	0.9638
㯇	6	框	0.9629
㯈	23	棒	0.9641
㯉	14	粮	0.9592
㯊	9	極	0.9605
㯌	3	杨	0.9651
㯍	10	極	0.9692
㯎	15	樣	0.9625
㯏	8	架	0.9659
㯐	10	渠	0.9647
㯑	11	極	0.9608
㯒	11	視	0.9691
㯔	0	叢	0.9314
㯕	23	棋	0.9671
㯗	0	閑	0.9678
㯘	13	楊	0.9578
㯙	7	徹	0.9731
㯚	10	格	0.9683
㯛	3	樹	0.9622
㯜	19	桿	0.9663
㯝	14	榴	0.9710
㯞	6	櫃	0.9639
㯟	4	禁	0.9638
㯠	20	桿	0.9651
㯡	12	膝	0.9605
㯢	23	標	0.9724
㯣	11	琳	0.9649
㯤	12	叔	0.9607
㯥	5	頼	0.9737
㯦	17	椿	0.9653
㯧	4	槻	0.9549
㯨	7	剰	0.9662
㯩	11	栽	0.9618
㯪	12	極	0.9626
㯫	10	勅	0.9658
㯬	7	楚	0.9551
㯭	2	梶	0.9611
㯯	17	積	0.9612
㯰	14	槽	0.9650
㯱	4	毒	0.9581
㯲	19	橋	0.9630
㯳	14	概	0.9684
㯴	17	喀	0.9665
㯵	15	槽	0.9643
㯶	19	梭	0.9583
㯷	20	橋	0.9661
㯸	16	槽	0.9494
㯹	4	樹	0.9662
㯺	9	粟	0.9648
㯻	12	裏	0.9516
㯼	8	横	0.9508
㯽	21	桿	0.9637
㯾	17	槽	0.9666
㯿	14	裔	0.9634
㰀	13	叔	0.9614
㰁	15	榴	0.9686
㰂	0	審	0.9662
㰃	21	橋	0.9625
㰄	9	細	0.9622
㰅	13	銅	0.9620
㰆	14	囊	0.9546
㰇	18	槽	0.9589
㰈	16	護	0.9553
㰉	1	雑	0.9587
㰊	19	碳	0.9534
㰋	8	剰	0.9626
㰌	5	糧	0.9658
㰍	10	粟	0.9631
㰎	10	權	0.9637
㰏	22	橋	0.9673
㰐	13	極	0.9656
㰑	17	傑	0.9646
㰓	7	櫃	0.9732
㰔	18	傑	0.9582
㰕	9	擁	0.9534
㰗	6	糧	0.9570
㰙	19	槽	0.9653
㰚	10	擁	0.9627
㰛	19	傑	0.9698
㰜	20	槽	0.9719
㰝	10	既	0.9632
㰞	4	吹	0.9617
㰟	5	饮	0.9562
㰠	12	胶	0.9598
㰡	6	於	0.9623
㰢	4	知	0.9613
㰣	6	岭	0.9579
㰤	5	吹	0.9589
㰥	8	欺	0.9564
㰦	13	胶	0.9657
㰧	16	啓	0.9613
㰨	14	胶	0.9587
㰩	5	坎	0.9563
㰪	9	欺	0.9547
㰫	2	软	0.9667
㰬	5	句	0.9630
㰭	20	燈	0.9702
㰮	14	腺	0.9625
㰯	3	泉	0.9552
㰰	6	効	0.9650
㰱	2	展	0.9583
㰲	12	恢	0.9667
㰳	10	欺	0.9591
㰴	4	泉	0.9614
㰵	2	欧	0.9681
㰶	21	燈	0.9712
㰷	9	威	0.9664
㰸	9	飲	0.9671
㰹	2	戚	0.9665
㰺	8	焼	0.9492
㰻	11	欺	0.9576
㰼	3	欧	0.9589
㰽	8	歇	0.9567
㰾	9	歇	0.9623
㰿	10	歇	0.9574
㱀	20	曖	0.9575
㱁	13	款	0.9590
㱂	16	庵	0.9583
㱃	22	燈	0.9613
㱄	7	歐	0.9674
㱅	12	欺	0.9565
㱆	6	獻	0.9647
㱇	5	献	0.9617
㱈	13	礎	0.9561
㱉	13	欺	0.9604
㱊	9	慶	0.9570
㱋	7	歡	0.9672
㱌	15	殖	0.9581
㱍	22	繊	0.9516
㱎	8	歐	0.9589
㱏	0	正	0.9653
㱑	3	歩	0.9566
㱒	4	间	0.9560
㱓	7	岭	0.9653
㱔	6	选	0.9528
㱕	12	唱	0.9627
㱖	15	坪	0.9564
㱗	6	良	0.9550
㱘	3	壓	0.9693
㱙	0	严	0.9492
㱚	0	朔	0.9576
㱛	0	歹	0.9466
㱜	13	动	0.9676
㱝	14	动	0.9641
㱞	18	湿	0.9569
㱟	12	破	0.9659
㱠	0	冲	0.9651
㱡	12	劫	0.9599
㱢	5	知	0.9678
㱣	19	媛	0.9556
㱤	5	栃	0.9634
㱥	16	殖	0.9634
㱦	17	殖	0.9669
㱧	19	婉	0.9708
㱨	18	殖	0.9583
㱩	19	殖	0.9617
㱪	20	殖	0.9703
㱫	10	煉	0.9799
㱬	7	硬	0.9636
㱭	16	頗	0.9685
㱮	6	赛	0.9606
㱯	21	殖	0.9649
㱰	19	辉	0.9600
㱱	6	鬼	0.9630
㱲	2	短	0.9609
㱳	5	募	0.9610
㱴	22	殖	0.9672
㱵	23	殖	0.9666
㱶	23	燈	0.9585
㱷	17	庵	0.9643
㱸	7	辟	0.9618
㱹	6	歴	0.9663
㱺	9	爐	0.9674
㱻	13	應	0.9619
㱼	11	既	0.9654
㱽	13	破	0.9678
㱾	5	毅	0.9643
㱿	5	投	0.9647
㲁	11	設	0.9604
㲂	1	翅	0.9600
㲃	2	最	0.9689
㲄	19	鼓	0.9650
㲅	12	設	0.9670
㲆	9	辱	0.9581
㲇	23	漫	0.9545
㲈	9	聲	0.9679
㲉	1	歳	0.9609
㲊	4	叡	0.9671
㲋	4	昆	0.9620
㲌	3	遅	0.9344
㲍	6	挺	0.9534
㲎	10	抵	0.9559
㲏	11	抵	0.9670
㲐	11	逮	0.9414
㲑	6	抄	0.9459
㲒	9	循	0.9543
㲓	2	翅	0.9470
㲔	12	逮	0.9609
㲕	8	摇	0.9588
㲖	4	硝	0.9611
㲗	11	傅	0.9600
㲘	6	屈	0.9580
㲙	7	选	0.9402
㲚	8	毫	0.9566
㲛	6	聖	0.9571
㲜	2	段	0.9580
㲝	2	龜	0.9443
㲞	8	稀	0.9640
㲟	7	挺	0.9642
㲠	13	擊	0.9574
㲡	8	楚	0.9638
㲢	16	偶	0.9565
㲣	13	摄	0.9601
㲤	14	摄	0.9657
㲥	17	偶	0.9585
㲦	5	幹	0.9659
㲧	4	遅	0.9501
㲨	8	挿	0.9634
㲩	19	龍	0.9299
㲪	8	挺	0.9615
㲫	15	撲	0.9622
㲬	6	無	0.9649
㲭	8	援	0.9581
㲮	5	避	0.9446
㲯	11	掘	0.9610
㲰	3	龜	0.9581
㲱	13	键	0.9385
㲲	3	弹	0.9571
㲳	8	跌	0.9582
㲴	14	氧	0.9702
㲵	15	氧	0.9755
㲶	3	氫	0.9580
㲷	2	氟	0.9692
㲸	3	亿	0.9636
㲹	4	汎	0.9643
㲺	0	比	0.9623
㲻	10	依	0.9574
㲼	2	汉	0.9714
㲽	4	切	0.9596
㲾	5	农	0.9618
㲿	3	沪	0.9580
㳀	4	伐	0.9696
㳁	0	灰	0.9575
㳂	2	公	0.9633
㳃	6	农	0.9578
㳅	6	乐	0.9649
㳆	1	斗	0.9612
㳈	12	抗	0.9590
㳊	3	汶	0.9627
㳋	0	汇	0.9599
㳌	2	湘	0.9666
㳍	2	布	0.9726
㳎	4	浄	0.9620
㳏	4	使	0.9667
㳐	2	札	0.9689
㳑	11	俱	0.9463
㳒	12	松	0.9634
㳓	4	佑	0.9678
㳔	6	钢	0.9683
㳕	14	淳	0.9536
㳖	2	浓	0.9734
㳗	5	泽	0.9697
㳘	8	滾	0.9607
㳙	4	治	0.9626
㳛	12	既	0.9615
㳜	6	休	0.9634
㳝	2	在	0.9651
㳞	11	姉	0.9679
㳟	2	隶	0.9660
㳠	7	农	0.9636
㳡	8	灌	0.9662
㳢	3	济	0.9705
㳣	6	考	0.9663
㳤	3	肃	0.9576
㳦	15	胶	0.9654
㳧	7	拒	0.9645
㳨	2	渉	0.9543
㳩	5	润	0.9667
㳪	3	溜	0.9672
㳫	12	踏	0.9536
㳭	7	联	0.9677
㳮	4	尿	0.9651
㳯	10	汗	0.9701
㳰	11	汗	0.9594
㳱	5	阳	0.9683
㳲	4	汰	0.9604
㳳	20	淀	0.9614
㳴	6	浸	0.9535
㳵	2	译	0.9680
㳶	5	乳	0.9627
㳷	4	溜	0.9578
㳸	9	注	0.9623
㳹	6	样	0.9666
㳺	5	法	0.9660
㳻	10	浩	0.9637
㳼	11	渠	0.9622
㳽	1	弥	0.9678
㳾	1	弟	0.9664
㳿	1	案	0.9647
㴀	15	淳	0.9668
㴁	9	程	0.9611
㴂	20	扣	0.9651
㴃	2	游	0.9617
㴄	6	润	0.9527
㴅	15	裔	0.9625
㴆	10	混	0.9656
㴇	2	例	0.9537
㴈	1	岳	0.9651
㴉	11	澄	0.9608
㴊	4	判	0.9679
㴋	4	肃	0.9698
㴌	11	浩	0.9660
㴍	10	淑	0.9533
㴎	15	涂	0.9616
㴏	18	潜	0.9612
㴐	14	麺	0.9684
㴑	9	涯	0.9549
㴒	9	灌	0.9597
㴓	5	思	0.9645
㴔	7	浸	0.9619
㴕	6	谋	0.9745
㴖	10	灌	0.9663
㴗	7	要	0.9689
㴘	11	混	0.9654
㴙	3	馆	0.9671
㴚	4	济	0.9517
㴛	1	致	0.9673
㴜	7	泊	0.9678
㴝	4	绿	0.9672
㴞	4	馆	0.9664
㴟	10	涯	0.9622
㴡	8	香	0.9698
㴢	5	伽	0.9550
㴣	11	涯	0.9646
㴤	7	样	0.9626
㴥	9	却	0.9644
㴦	5	馆	0.9705
㴧	6	息	0.9734
㴨	8	联	0.9667
㴩	6	温	0.9629
㴪	12	混	0.9670
㴫	18	郡	0.9739
㴬	16	谢	0.9757
㴭	19	潜	0.9653
㴮	7	履	0.9617
㴯	4	詣	0.9600
㴰	19	湿	0.9667
㴱	10	深	0.9606
㴲	8	履	0.9517
㴳	20	湿	0.9527
㴴	21	湿	0.9546
㴵	7	温	0.9607
㴷	8	雄	0.9621
㴸	13	闭	0.9756
㴹	9	翠	0.9641
㴺	4	液	0.9617
㴻	22	湿	0.9644
㴼	6	馆	0.9671
㴽	4	添	0.9645
㴾	9	徴	0.9668
㴿	13	混	0.9648
㵀	11	淑	0.9618
㵁	11	灌	0.9659
㵂	12	涯	0.9584
㵃	13	蛇	0.9611
㵄	20	潜	0.9675
㵅	20	得	0.9704
㵆	3	湘	0.9656
㵇	3	群	0.9623
㵈	12	灌	0.9565
㵉	12	琳	0.9537
㵊	14	混	0.9693
㵋	15	混	0.9738
㵌	10	循	0.9752
㵍	7	润	0.9671
㵎	8	润	0.9758
㵏	21	潜	0.9694
㵑	16	混	0.9712
㵒	2	賽	0.9668
㵓	7	涅	0.9657
㵔	22	潜	0.9587
㵕	4	漆	0.9584
㵖	23	湿	0.9685
㵗	5	泉	0.9638
㵘	1	継	0.9564
㵙	8	清	0.9735
㵚	12	澄	0.9542
㵛	4	津	0.9642
㵜	9	润	0.9667
㵝	16	裔	0.9732
㵞	5	添	0.9599
㵟	6	微	0.9685
㵠	13	涯	0.9584
㵡	8	温	0.9590
㵢	20	禅	0.9595
㵣	11	歇	0.9673
㵤	1	奥	0.9558
㵥	9	温	0.9580
㵦	8	道	0.9611
㵧	17	混	0.9711
㵨	15	赞	0.9581
㵩	13	灌	0.9656
㵪	4	读	0.9584
㵫	9	着	0.9642
㵬	22	騰	0.9602
㵭	2	煮	0.9721
㵯	7	龐	0.9439
㵰	10	润	0.9687
㵱	12	濫	0.9638
㵳	2	穆	0.9609
㵴	18	碱	0.9659
㵵	5	绿	0.9677
㵶	11	截	0.9717
㵷	10	辩	0.9714
㵹	0	測	0.9679
㵺	3	净	0.9680
㵻	15	摄	0.9636
㵽	20	禮	0.9673
㵾	4	湖	0.9643
㵿	18	混	0.9653
㶀	12	膠	0.9525
㶁	14	瀧	0.9603
㶂	14	灌	0.9657
㶃	3	漁	0.9453
㶄	11	潤	0.9695
㶅	19	混	0.9692
㶆	20	混	0.9697
㶇	21	禅	0.9684
㶈	5	螢	0.9697
㶉	17	褐	0.9622
㶊	15	瀬	0.9644
㶋	8	繋	0.9525
㶌	11	润	0.9602
㶍	10	灘	0.9686
㶎	3	還	0.9675
㶐	14	應	0.9577
㶑	5	凝	0.9597
㶒	12	潤	0.9670
㶓	8	演	0.9654
㶔	3	递	0.9534
㶕	8	滴	0.9695
㶖	4	溫	0.9609
㶗	14	優	0.9556
㶘	8	潭	0.9769
㶙	9	繋	0.9504
㶛	13	製	0.9595
㶜	3	荆	0.9470
㶝	14	涯	0.9513
㶠	11	灘	0.9594
㶡	2	凤	0.9544
㶢	4	灾	0.9538
㶤	15	动	0.9547
㶥	6	灯	0.9670
㶦	1	序	0.9697
㶧	8	纳	0.9712
㶨	7	乐	0.9585
㶩	9	功	0.9601
㶪	5	灾	0.9669
㶫	4	成	0.9492
㶬	6	味	0.9709
㶭	16	动	0.9656
㶮	5	奧	0.9391
㶯	12	柳	0.9710
㶰	21	扣	0.9663
㶱	7	休	0.9607
㶳	2	夷	0.9516
㶴	1	逐	0.9501
㶵	8	怎	0.9650
㶶	3	浓	0.9671
㶷	5	殉	0.9661
㶸	5	協	0.9637
㶹	11	煉	0.9675
㶺	15	暦	0.9643
㶻	4	筆	0.9617
㶼	21	烯	0.9624
㶽	14	脑	0.9665
㶾	1	贾	0.9588
㷀	1	鼠	0.9499
㷁	12	畑	0.9790
㷂	8	喫	0.9516
㷃	2	登	0.9597
㷄	16	课	0.9764
㷅	8	晃	0.9564
㷆	12	姐	0.9647
㷈	18	庵	0.9745
㷉	12	尉	0.9734
㷊	7	林	0.9725
㷋	8	談	0.9505
㷌	2	帰	0.9651
㷎	13	喝	0.9693
㷐	20	辉	0.9588
㷑	2	全	0.9424
㷒	13	畑	0.9755
㷓	13	隧	0.9606
㷔	18	铜	0.9636
㷕	17	动	0.9581
㷗	7	鬼	0.9499
㷘	12	煉	0.9680
㷙	13	琉	0.9626
㷚	14	滑	0.9625
㷜	6	突	0.9566
㷝	2	熔	0.9611
㷞	13	既	0.9626
㷟	13	起	0.9577
㷠	6	釜	0.9509
㷡	5	記	0.9468
㷢	12	豪	0.9502
㷣	13	唐	0.9610
㷤	13	設	0.9693
㷥	14	隧	0.9615
㷦	3	戚	0.9575
㷨	17	煌	0.9618
㷪	2	携	0.9627
㷬	17	膜	0.9678
㷭	7	侵	0.9487
㷮	5	曹	0.9657
㷯	21	捧	0.9605
㷰	7	曆	0.9656
㷱	2	嶺	0.9585
㷲	5	動	0.9643
㷳	0	馬	0.9522
㷴	9	厥	0.9446
㷵	13	耀	0.9635
㷶	15	應	0.9642
㷷	14	耀	0.9665
㷸	4	雇	0.9630
㷹	9	潭	0.9588
㷺	5	透	0.9501
㷻	16	應	0.9549
㷼	7	贵	0.9522
㷽	18	煌	0.9660
㷾	2	歳	0.9608
㸀	19	煌	0.9607
㸁	16	爆	0.9632
㸂	6	遂	0.9546
㸄	20	婉	0.9629
㸅	13	飾	0.9679
㸇	8	曆	0.9639
㸈	2	雙	0.9551
㸉	21	曖	0.9466
㸊	6	頼	0.9741
㸋	8	歷	0.9618
㸌	15	耀	0.9651
㸍	7	戲	0.9648
㸎	8	攝	0.9663
㸏	8	龐	0.9465
㸐	22	難	0.9669
㸑	3	謎	0.9367
㸒	2	爭	0.9624
㸓	5	倡	0.9612
㸔	1	看	0.9635
㸕	9	履	0.9558
㸖	5	组	0.9628
㸗	4	筒	0.9602
㸘	2	渔	0.9536
㸙	5	暑	0.9574
㸚	0	爻	0.9412
㸛	4	昭	0.9709
㸜	8	辟	0.9645
㸝	6	坎	0.9651
㸞	5	湖	0.9627
㸟	1	脂	0.9683
㸠	8	跳	0.9626
㸡	17	煤	0.9684
㸢	5	牌	0.9622
㸣	16	撲	0.9588
㸤	11	辩	0.9654
㸥	11	磨	0.9574
㸦	7	長	0.9553
㸧	15	恨	0.9665
㸨	22	扣	0.9699
㸩	16	坪	0.9639
㸪	3	圳	0.9630
㸫	3	折	0.9701
㸬	23	扣	0.9704
㸭	6	把	0.9801
㸮	11	扮	0.9706
㸯	11	许	0.9631
㸰	7	抱	0.9565
㸱	8	拖	0.9796
㸲	4	堵	0.9685
㸳	23	玲	0.9748
㸴	5	昼	0.9582
㸵	19	措	0.9689
㸶	5	姻	0.9665
㸷	6	昼	0.9536
㸸	4	矩	0.9608
㸹	5	将	0.9730
㸻	5	挨	0.9736
㸼	5	择	0.9680
㸽	5	担	0.9748
㸾	18	褐	0.9604
㸿	9	焼	0.9620
㹀	4	特	0.9682
㹁	6	掠	0.9766
㹂	4	堅	0.9623
㹃	1	奉	0.9550
㹄	16	摄	0.9646
㹅	7	機	0.9527
㹆	9	揮	0.9772
㹇	11	揭	0.9759
㹈	10	翠	0.9580
㹉	15	賭	0.9645
㹊	6	堆	0.9678
㹋	7	挫	0.9548
㹌	22	禅	0.9623
㹍	14	街	0.9656
㹎	8	擺	0.9625
㹏	3	彗	0.9552
㹐	12	拳	0.9585
㹑	14	琉	0.9528
㹒	17	撲	0.9744
㹓	16	攜	0.9640
㹔	21	禮	0.9661
㹕	4	唇	0.9522
㹖	17	摄	0.9582
㹗	17	攜	0.9642
㹘	9	擺	0.9613
㹙	8	督	0.9622
㹚	4	諾	0.9634
㹛	1	壞	0.9587
㹜	2	状	0.9680
㹝	4	低	0.9720
㹞	6	狼	0.9602
㹟	8	狭	0.9639
㹠	6	独	0.9691
㹡	11	宏	0.9585
㹣	5	伐	0.9546
㹤	6	法	0.9677
㹥	5	狂	0.9612
㹦	0	沼	0.9599
㹧	5	使	0.9578
㹩	6	泽	0.9540
㹪	0	毋	0.9478
㹫	6	使	0.9574
㹬	7	使	0.9716
㹮	8	猎	0.9654
㹯	8	休	0.9707
㹰	8	犹	0.9697
㹱	4	促	0.9605
㹲	5	猪	0.9679
㹳	9	猎	0.9703
㹵	1	遼	0.9510
㹶	9	挺	0.9629
㹷	13	楼	0.9658
㹸	7	狼	0.9633
㹹	10	猎	0.9549
㹺	11	猎	0.9662
㹻	8	倭	0.9670
㹼	20	傑	0.9580
㹽	6	伐	0.9509
㹾	12	猎	0.9605
㹿	13	猎	0.9675
㺀	15	隧	0.9563
㺁	7	獵	0.9597
㺂	5	减	0.9672
㺃	14	猎	0.9538
㺅	16	猴	0.9668
㺆	18	猿	0.9642
㺇	1	獄	0.9625
㺈	2	准	0.9590
㺉	11	穀	0.9745
㺊	19	猿	0.9550
㺋	8	獵	0.9570
㺌	21	嫌	0.9666
㺍	15	猎	0.9675
㺎	6	傳	0.9508
㺏	11	獲	0.9625
㺐	12	灘	0.9618
㺒	8	选	0.9545
㺓	4	債	0.9652
㺔	1	猩	0.9546
㺕	7	潘	0.9647
㺖	13	确	0.9651
㺗	23	禅	0.9658
㺘	2	猩	0.9602
㺙	7	赛	0.9630
㺚	1	進	0.9610
㺛	8	赛	0.9588
㺜	5	獨	0.9586
㺝	6	獨	0.9599
㺞	20	賊	0.9589
㺟	6	雍	0.9581
㺠	20	像	0.9554
㺡	7	歴	0.9640
㺣	8	戲	0.9569
㺤	13	灘	0.9575
㺥	3	猩	0.9603
㺦	8	摩	0.9563
㺧	15	瀧	0.9572
㺨	1	払	0.9660
㺩	4	叫	0.9490
㺫	22	到	0.9680
㺬	5	现	0.9627
㺮	1	巧	0.9599
㺯	1	美	0.9630
㺰	5	襾	0.9688
㺱	7	雍	0.9455
㺲	15	坦	0.9586
㺳	3	技	0.9685
㺵	7	坎	0.9706
㺶	12	坛	0.9650
㺷	13	昧	0.9702
㺸	8	雍	0.9496
㺹	15	琉	0.9610
㺺	2	甲	0.9644
㺻	8	拒	0.9676
㺼	14	既	0.9627
㺽	1	环	0.9717
㺾	5	即	0.9676
㺿	19	距	0.9707
㻀	11	捜	0.9631
㻁	0	凹	0.9634
㻃	4	畢	0.9532
㻄	10	挺	0.9590
㻅	10	捨	0.9616
㻆	12	俱	0.9653
㻇	11	捨	0.9555
㻈	0	君	0.9564
㻉	13	擾	0.9561
㻊	11	挽	0.9670
㻌	12	捨	0.9664
㻍	13	裏	0.9566
㻎	8	贵	0.9523
㻏	9	晃	0.9510
㻒	4	租	0.9687
㻓	4	职	0.9614
㻔	10	理	0.9619
㻕	19	堀	0.9776
㻖	3	隶	0.9681
㻘	0	宙	0.9677
㻙	14	裏	0.9633
㻚	1	册	0.9641
㻛	15	場	0.9604
㻜	2	致	0.9586
㻝	9	剰	0.9762
㻞	13	闽	0.9632
㻟	9	诸	0.9630
㻠	18	撲	0.9554
㻡	17	蝶	0.9606
㻢	16	琉	0.9611
㻣	6	堪	0.9710
㻤	7	壊	0.9616
㻥	3	审	0.9626
㻦	11	理	0.9725
㻧	11	擁	0.9618
㻨	10	墨	0.9624
㻩	7	謙	0.9617
㻪	3	携	0.9646
㻫	12	理	0.9737
㻬	8	詞	0.9572
㻭	17	坪	0.9550
㻮	11	擦	0.9656
㻯	15	麺	0.9658
㻰	13	理	0.9567
㻱	6	组	0.9670
㻲	14	理	0.9573
㻳	10	剰	0.9745
㻴	7	组	0.9707
㻵	15	据	0.9594
㻶	15	裏	0.9608
㻷	11	剰	0.9674
㻸	17	臼	0.9651
㻹	14	堡	0.9519
㻺	9	曆	0.9654
㻻	7	撤	0.9598
㻼	14	谓	0.9668
㻽	18	臼	0.9617
㻾	2	童	0.9514
㻿	15	理	0.9650
㼀	14	键	0.9682
㼁	18	摄	0.9604
㼂	3	雷	0.9513
㼃	5	臘	0.9571
㼄	12	擁	0.9583
㼇	18	攜	0.9679
㼈	10	擺	0.9615
㼉	3	歳	0.9456
㼊	6	伽	0.9503
㼋	4	抓	0.9536
㼌	15	弧	0.9591
㼍	5	抓	0.9540
㼎	7	吸	0.9520
㼏	16	弧	0.9573
㼐	17	弧	0.9554
㼑	13	煉	0.9517
㼒	2	赐	0.9465
㼓	22	嫌	0.9623
㼔	18	弧	0.9541
㼕	13	尉	0.9406
㼖	17	應	0.9520
㼗	1	卫	0.9575
㼘	6	印	0.9605
㼙	7	印	0.9583
㼚	16	恨	0.9582
㼛	16	瓶	0.9707
㼜	17	啓	0.9538
㼝	4	瓷	0.9583
㼞	14	闭	0.9645
㼟	1	門	0.9557
㼠	9	配	0.9554
㼡	15	粮	0.9673
㼢	10	配	0.9638
㼣	2	門	0.9628
㼤	4	母	0.9522
㼥	10	細	0.9562
㼦	7	显	0.9596
㼧	4	闻	0.9594
㼨	3	陪	0.9566
㼩	7	伽	0.9539
㼪	11	烟	0.9723
㼫	9	顆	0.9682
㼬	4	呼	0.9644
㼭	8	显	0.9549
㼮	8	硬	0.9595
㼯	7	頼	0.9697
㼰	10	碑	0.9644
㼱	3	最	0.9600
㼲	8	吸	0.9579
㼳	11	循	0.9606
㼴	16	麺	0.9617
㼵	2	題	0.9546
㼶	23	瑜	0.9586
㼷	11	配	0.9632
㼸	18	喀	0.9652
㼹	5	呼	0.9569
㼺	17	麺	0.9607
㼻	21	得	0.9580
㼼	12	噂	0.9561
㼽	1	粛	0.9475
㼾	4	顧	0.9589
㼿	5	闻	0.9595
㽀	9	硬	0.9638
㽁	10	曆	0.9639
㽂	14	銅	0.9539
㽃	9	阔	0.9606
㽄	14	擾	0.9587
㽅	7	鄧	0.9646
㽆	15	谓	0.9587
㽇	12	學	0.9590
㽈	11	醫	0.9562
㽉	13	匯	0.9619
㽊	5	窗	0.9503
㽋	15	優	0.9506
㽌	5	諏	0.9541
㽍	16	谓	0.9597
㽎	9	勘	0.9558
㽐	8	謙	0.9562
㽑	2	囲	0.9623
㽒	23	難	0.9598
㽓	10	僅	0.9507
㽔	13	逮	0.9506
㽕	1	曽	0.9635
㽖	5	助	0.9634
㽗	17	映	0.9406
㽙	1	祀	0.9525
㽚	7	卑	0.9701
㽛	5	詢	0.9626
㽜	4	留	0.9694
㽝	5	留	0.9634
㽞	19	臼	0.9537
㽟	15	環	0.9557
㽠	18	映	0.9579
㽡	9	攝	0.9594
㽢	11	掩	0.9607
㽣	21	賊	0.9647
㽤	4	禍	0.9552
㽥	11	想	0.9604
㽧	14	組	0.9435
㽨	7	時	0.9510
㽩	12	聡	0.9454
㽪	23	暗	0.9650
㽫	8	奮	0.9587
㽬	13	輻	0.9584
㽭	15	曜	0.9592
㽮	5	畢	0.9568
㽯	19	攜	0.9621
㽰	10	脚	0.9642
㽱	8	如	0.9618
㽲	10	庇	0.9583
㽳	1	牙	0.9612
㽴	5	戎	0.9641
㽵	1	庄	0.9664
㽶	5	记	0.9604
㽷	5	尿	0.9584
㽸	5	庞	0.9535
㽹	1	疲	0.9699
㽺	2	疫	0.9610
㽻	8	渡	0.9618
㽼	5	症	0.9651
㽽	8	泊	0.9683
㽾	20	堀	0.9599
㽿	13	恢	0.9531
㾀	2	弟	0.9666
㾁	3	状	0.9676
㾂	8	组	0.9577
㾃	13	妮	0.9628
㾄	4	庙	0.9679
㾅	3	弟	0.9623
㾆	13	姐	0.9606
㾇	4	曰	0.9566
㾈	1	府	0.9775
㾉	4	夜	0.9618
㾊	17	课	0.9580
㾋	14	桥	0.9655
㾌	5	宪	0.9643
㾍	6	症	0.9612
㾎	3	词	0.9676
㾏	2	崖	0.9597
㾐	9	视	0.9576
㾑	10	剤	0.9599
㾒	17	谓	0.9547
㾓	14	唐	0.9667
㾔	9	泊	0.9591
㾕	16	裏	0.9628
㾖	7	厘	0.9648
㾗	7	良	0.9743
㾘	7	庫	0.9597
㾙	2	府	0.9663
㾚	16	場	0.9589
㾛	2	寝	0.9625
㾜	14	恢	0.9536
㾝	8	庫	0.9793
㾞	3	酒	0.9663
㾟	4	递	0.9497
㾠	3	匠	0.9510
㾡	10	却	0.9672
㾢	6	萊	0.9620
㾣	17	裔	0.9626
㾤	13	懷	0.9563
㾥	12	淑	0.9622
㾦	10	泊	0.9617
㾧	18	课	0.9623
㾨	2	寄	0.9614
㾩	17	裏	0.9663
㾫	9	庫	0.9642
㾬	15	滑	0.9686
㾭	13	淑	0.9656
㾮	4	屋	0.9639
㾯	8	痕	0.9671
㾰	6	湖	0.9665
㾱	2	廃	0.9543
㾲	9	渡	0.9639
㾳	5	医	0.9553
㾴	5	查	0.9605
㾵	12	润	0.9599
㾶	16	滑	0.9688
㾷	4	厦	0.9474
㾸	18	裏	0.9539
㾹	3	寂	0.9636
㾺	1	馮	0.9596
㾻	12	納	0.9673
㾼	6	退	0.9671
㾽	6	逼	0.9665
㾾	17	廉	0.9728
㾿	5	廊	0.9740
㿀	4	襄	0.9546
㿁	19	裏	0.9630
㿂	7	逼	0.9606
㿃	21	構	0.9590
㿄	14	懷	0.9608
㿅	15	擾	0.9631
㿆	14	楼	0.9544
㿇	18	禧	0.9585
㿈	9	雍	0.9707
㿉	14	潰	0.9695
㿊	9	摩	0.9673
㿋	15	懷	0.9655
㿌	18	裔	0.9639
㿍	18	廉	0.9577
㿎	11	憤	0.9755
㿏	20	裏	0.9612
㿐	16	擾	0.9537
㿑	16	霍	0.9671
㿒	15	囊	0.9591
㿓	3	產	0.9503
㿔	7	屈	0.9598
㿕	13	潤	0.9550
㿖	6	庸	0.9622
㿗	13	噂	0.9625
㿘	12	磨	0.9535
㿙	10	嘆	0.9501
㿚	14	匯	0.9585
㿛	14	廳	0.9545
㿜	22	禮	0.9538
㿝	1	县	0.9611
㿞	7	把	0.9526
㿟	6	珀	0.9653
㿠	15	既	0.9527
㿡	7	息	0.9625
㿢	9	组	0.9613
㿣	14	喝	0.9632
㿤	7	堪	0.9598
㿥	20	臼	0.9567
㿦	10	聲	0.9695
㿧	8	時	0.9454
㿨	9	撮	0.9529
㿩	9	詞	0.9637
㿪	18	动	0.9639
㿫	12	妇	0.9589
㿬	12	配	0.9657
㿮	4	坡	0.9711
㿯	4	倉	0.9681
㿰	6	被	0.9691
㿲	6	速	0.9616
㿳	17	頗	0.9676
㿴	14	破	0.9626
㿵	18	頗	0.9720
㿶	21	艘	0.9578
㿷	5	递	0.9571
㿸	19	頗	0.9666
㿹	15	键	0.9533
㿺	9	援	0.9544
㿻	0	臣	0.9478
㿼	2	盘	0.9457
㿽	1	鱼	0.9450
㿾	3	孟	0.9587
㿿	2	鱼	0.9582
䀀	10	温	0.9584
䀁	3	鱼	0.9571
䀂	3	盘	0.9461
䀃	15	組	0.9446
䀄	6	密	0.9515
䀅	3	盐	0.9545
䀆	5	毒	0.9417
䀇	17	静	0.9571
䀈	16	組	0.9633
䀊	9	显	0.9379
䀋	4	增	0.9536
䀌	2	轟	0.9595
䀍	21	臼	0.9484
䀎	18	谓	0.9565
䀐	0	归	0.9506
䀑	3	眼	0.9470
䀒	8	旺	0.9701
䀓	19	映	0.9486
䀔	1	凯	0.9508
䀕	18	晴	0.9545
䀖	4	眼	0.9657
䀗	20	映	0.9746
䀘	2	册	0.9589
䀙	8	醐	0.9557
䀚	2	昂	0.9737
䀛	5	吻	0.9476
䀜	6	留	0.9563
䀞	8	时	0.9563
䀟	17	哺	0.9587
䀠	2	旧	0.9688
䀡	7	貼	0.9639
䀢	21	映	0.9644
䀣	22	賊	0.9548
䀤	6	省	0.9636
䀥	9	时	0.9636
䀦	8	貼	0.9622
䀧	10	时	0.9663
䀨	9	旺	0.9601
䀩	0	略	0.9610
䀪	8	掃	0.9655
䀫	11	哈	0.9666
䀬	17	組	0.9553
䀮	14	闽	0.9583
䀯	18	哺	0.9704
䀰	18	組	0.9575
䀱	11	細	0.9592
䀲	10	旺	0.9567
䀳	14	昧	0.9673
䀴	15	匯	0.9518
䀵	19	組	0.9545
䀶	5	眼	0.9753
䀷	10	勘	0.9586
䀸	6	哲	0.9620
䀺	9	督	0.9656
䀻	19	聘	0.9659
䀼	6	眼	0.9693
䀽	20	組	0.9575
䀾	10	督	0.9672
䀿	7	埔	0.9555
䁀	3	暴	0.9614
䁁	11	时	0.9596
䁂	6	腎	0.9715
䁃	9	联	0.9629
䁄	9	時	0.9627
䁅	11	旺	0.9572
䁆	8	屈	0.9557
䁇	1	晉	0.9609
䁈	18	啓	0.9690
䁉	6	昏	0.9717
䁊	4	粗	0.9547
䁋	8	職	0.9582
䁌	1	臣	0.9634
䁍	23	賊	0.9653
䁎	19	晴	0.9725
䁏	16	理	0.9600
䁑	15	喝	0.9627
䁒	2	臣	0.9607
䁓	21	組	0.9509
䁕	13	閉	0.9644
䁖	9	職	0.9505
䁗	20	晴	0.9529
䁘	19	醒	0.9596
䁙	3	臣	0.9557
䁚	0	日	0.9604
䁛	9	晚	0.9656
䁜	8	暁	0.9600
䁝	7	管	0.9584
䁞	22	得	0.9584
䁟	22	臼	0.9401
䁠	21	槽	0.9549
䁡	14	閉	0.9694
䁢	17	蹤	0.9576
䁣	13	博	0.9610
䁤	8	間	0.9587
䁦	13	副	0.9573
䁧	11	嘆	0.9588
䁨	15	闽	0.9585
䁩	7	裡	0.9468
䁫	8	閏	0.9568
䁬	16	曜	0.9552
䁭	6	晓	0.9564
䁮	17	曜	0.9625
䁯	23	臼	0.9447
䁰	7	眼	0.9623
䁲	19	顕	0.9616
䁳	22	捧	0.9551
䁴	9	擅	0.9618
䁵	15	閉	0.9643
䁶	10	晚	0.9571
䁷	8	冨	0.9648
䁸	2	團	0.9604
䁹	7	暇	0.9620
䁺	12	旺	0.9585
䁻	5	酸	0.9540
䁼	9	閏	0.9562
䁽	6	臘	0.9633
䁾	20	聘	0.9639
䁿	2	曾	0.9576
䂀	5	睦	0.9449
䂁	8	噶	0.9508
䂂	18	曜	0.9617
䂃	21	堀	0.9542
䂄	10	閏	0.9542
䂅	19	曜	0.9514
䂆	5	朽	0.9686
䂇	8	祖	0.9718
䂈	14	神	0.9702
䂉	18	豫	0.9682
䂊	19	豫	0.9743
䂋	12	栽	0.9643
䂌	7	糧	0.9681
䂍	10	翔	0.9643
䂎	12	潛	0.9590
䂏	6	知	0.9734
䂐	12	础	0.9669
䂑	9	如	0.9700
䂒	5	矩	0.9680
䂓	5	規	0.9706
䂔	4	梅	0.9640
䂕	16	嫁	0.9722
䂖	1	石	0.9690
䂗	2	孔	0.9614
䂘	14	叔	0.9593
䂙	4	郎	0.9695
䂚	7	伐	0.9565
䂛	5	仔	0.9660
䂜	14	拝	0.9660
䂝	9	战	0.9665
䂞	10	梨	0.9703
䂟	5	碧	0.9618
䂠	7	知	0.9658
䂡	7	碩	0.9597
䂢	6	绿	0.9619
䂣	21	毗	0.9612
䂤	15	闭	0.9698
䂥	10	硬	0.9694
䂦	11	修	0.9491
䂧	3	府	0.9661
䂨	8	知	0.9685
䂩	12	烟	0.9705
䂪	5	誕	0.9609
䂫	6	择	0.9649
䂬	12	醫	0.9617
䂭	11	较	0.9655
䂮	9	冨	0.9569
䂯	9	雄	0.9638
䂰	16	闭	0.9666
䂱	7	脱	0.9591
䂲	9	替	0.9591
䂳	7	確	0.9634
䂴	8	傾	0.9660
䂵	5	硕	0.9641
䂶	15	藤	0.9624
䂷	19	祠	0.9557
䂸	19	碱	0.9676
䂹	16	獎	0.9566
䂼	11	餘	0.9612
䂽	5	硝	0.9692
䂾	18	煤	0.9661
䂿	13	踏	0.9718
䃀	13	棲	0.9686
䃁	15	街	0.9562
䃂	8	碩	0.9636
䃃	20	祠	0.9731
䃄	16	懷	0.9603
䃆	15	琪	0.9650
䃇	11	碑	0.9652
䃈	6	硝	0.9743
䃉	12	細	0.9659
䃊	11	但	0.9586
䃋	14	输	0.9698
䃍	16	樣	0.9613
䃎	2	墜	0.9508
䃏	20	醒	0.9626
䃐	11	碟	0.9627
䃑	11	搬	0.9602
䃒	19	铜	0.9621
䃓	12	碑	0.9678
䃔	6	悟	0.9574
䃕	2	晉	0.9628
䃖	14	碍	0.9654
䃗	12	剰	0.9660
䃘	8	確	0.9697
䃙	11	硬	0.9672
䃚	20	碳	0.9645
䃛	8	裡	0.9625
䃜	13	醫	0.9651
䃝	17	嫩	0.9632
䃞	5	唇	0.9649
䃠	21	碳	0.9669
䃡	17	霍	0.9573
䃢	16	廠	0.9570
䃣	3	碼	0.9571
䃤	22	槽	0.9553
䃥	23	禮	0.9546
䃦	10	着	0.9651
䃧	14	醫	0.9555
䃨	22	堀	0.9576
䃩	4	碼	0.9660
䃪	11	檀	0.9690
䃫	22	組	0.9601
䃬	23	槽	0.9598
䃭	22	碳	0.9580
䃰	15	堡	0.9652
䃱	14	灘	0.9645
䃲	16	堡	0.9552
䃳	19	裔	0.9614
䃴	10	儲	0.9708
䃵	19	禧	0.9567
䃶	17	懷	0.9650
䃷	5	碼	0.9584
䃸	15	灘	0.9532
䃹	20	铜	0.9656
䃻	7	霸	0.9538
䃼	3	补	0.9843
䃽	2	料	0.9655
䃾	4	祉	0.9689
䃿	3	杖	0.9669
䄀	0	戏	0.9698
䄁	5	禍	0.9575
䄃	11	杭	0.9670
䄄	13	烟	0.9703
䄅	13	拳	0.9696
䄆	10	程	0.9680
䄇	9	祖	0.9655
䄈	7	福	0.9608
䄊	5	索	0.9632
䄋	12	掩	0.9701
䄌	18	裁	0.9574
䄍	7	棺	0.9689
䄎	11	椅	0.9705
䄏	7	谋	0.9661
䄐	6	記	0.9699
䄑	10	祖	0.9695
䄒	7	龄	0.9663
䄓	20	禧	0.9616
䄕	5	否	0.9617
䄖	8	槍	0.9647
䄗	21	祠	0.9649
䄘	5	榜	0.9684
䄚	9	裡	0.9670
䄛	5	樓	0.9713
䄜	7	离	0.9665
䄝	6	祐	0.9647
䄞	9	剂	0.9635
䄟	14	擊	0.9404
䄠	12	檀	0.9803
䄡	18	擔	0.9568
䄢	5	齊	0.9564
䄣	21	禧	0.9703
䄤	13	賴	0.9724
䄥	16	衛	0.9477
䄦	3	利	0.9711
䄧	5	极	0.9676
䄨	14	杆	0.9744
䄩	0	衣	0.9598
䄪	6	朽	0.9705
䄫	5	积	0.9615
䄬	17	闭	0.9654
䄭	15	杆	0.9720
䄮	4	抹	0.9700
䄯	5	梗	0.9648
䄰	16	粮	0.9690
䄱	10	析	0.9699
䄲	6	和	0.9755
䄳	5	祉	0.9716
䄴	14	畑	0.9647
䄵	9	香	0.9555
䄶	5	槻	0.9705
䄸	6	柏	0.9801
䄹	1	乘	0.9575
䄺	10	联	0.9670
䄻	4	桃	0.9672
䄼	7	和	0.9796
䄽	18	栖	0.9824
䄾	10	械	0.9714
䄿	6	梗	0.9745
䅀	3	例	0.9709
䅁	2	案	0.9712
䅂	11	格	0.9728
䅃	12	渠	0.9709
䅄	6	協	0.9660
䅅	6	柱	0.9699
䅆	15	叔	0.9691
䅇	11	粟	0.9766
䅈	4	秦	0.9697
䅉	6	稲	0.9611
䅊	11	析	0.9621
䅋	9	知	0.9724
䅌	5	租	0.9778
䅍	11	挺	0.9669
䅎	4	税	0.9611
䅏	3	梶	0.9794
䅐	12	視	0.9763
䅑	4	稻	0.9657
䅒	8	棺	0.9696
䅓	12	椒	0.9672
䅔	11	程	0.9707
䅕	16	据	0.9659
䅖	6	桶	0.9703
䅗	9	倭	0.9658
䅘	15	桥	0.9666
䅙	10	知	0.9699
䅚	15	楼	0.9615
䅛	12	程	0.9772
䅜	13	程	0.9624
䅝	5	箱	0.9626
䅞	14	程	0.9734
䅟	20	梭	0.9602
䅠	15	程	0.9727
䅡	6	租	0.9694
䅢	16	程	0.9740
䅤	7	租	0.9688
䅥	17	程	0.9675
䅦	7	桶	0.9694
䅧	18	程	0.9706
䅨	16	桥	0.9647
䅩	13	稍	0.9707
䅪	12	想	0.9704
䅫	6	积	0.9671
䅬	23	橋	0.9659
䅭	6	榜	0.9715
䅮	9	槍	0.9749
䅯	2	補	0.9584
䅰	8	租	0.9616
䅱	22	禧	0.9613
䅳	19	褐	0.9603
䅵	7	糕	0.9697
䅶	7	梗	0.9636
䅷	22	粹	0.9701
䅸	21	棉	0.9668
䅹	6	樓	0.9744
䅺	13	剰	0.9657
䅻	13	想	0.9635
䅼	19	程	0.9736
䅽	8	保	0.9597
䅾	8	福	0.9583
䆂	23	嫌	0.9716
䆄	13	檀	0.9807
䆆	12	碟	0.9685
䆇	4	麻	0.9528
䆈	8	櫃	0.9595
䆉	20	程	0.9642
䆊	22	構	0.9660
䆋	9	櫃	0.9636
䆌	10	稽	0.9634
䆍	8	糧	0.9674
䆎	16	灘	0.9647
䆏	5	種	0.9626
䆐	9	奮	0.9555
䆑	1	字	0.9566
䆒	4	穷	0.9689
䆓	5	穷	0.9503
䆔	4	审	0.9598
䆕	6	穷	0.9569
䆖	12	宏	0.9785
䆗	8	惜	0.9584
䆘	5	审	0.9633
䆙	1	習	0.9529
䆚	1	伺	0.9482
䆛	5	谱	0.9582
䆜	5	春	0.9670
䆝	4	盃	0.9528
䆞	5	昆	0.9691
䆟	3	容	0.9688
䆠	10	冨	0.9608
䆢	1	换	0.9639
䆣	10	辱	0.9626
䆤	5	貸	0.9644
䆥	7	家	0.9633
䆦	2	奥	0.9439
䆧	2	委	0.9592
䆨	5	隻	0.9574
䆩	21	裏	0.9575
䆪	3	趋	0.9521
䆫	3	忽	0.9481
䆬	2	貫	0.9696
䆭	14	博	0.9630
䆮	8	浸	0.9679
䆯	4	暴	0.9246
䆰	4	崗	0.9424
䆱	5	裂	0.9440
䆳	14	逮	0.9559
䆴	0	亀	0.9639
䆵	3	曾	0.9635
䆶	6	奪	0.9675
䆷	20	裔	0.9598
䆸	6	窗	0.9550
䆹	3	童	0.9660
䆺	1	審	0.9761
䆻	4	最	0.9573
䆼	8	逼	0.9575
䆽	10	履	0.9618
䆾	11	墨	0.9542
䆿	9	糧	0.9653
䇀	10	攝	0.9647
䇁	12	醸	0.9494
䇃	2	祀	0.9642
䇄	3	迄	0.9553
䇅	10	战	0.9646
䇆	23	到	0.9606
䇇	19	谓	0.9620
䇈	2	径	0.9649
䇉	10	组	0.9548
䇊	4	広	0.9658
䇋	4	竣	0.9514
䇌	7	靖	0.9708
䇍	11	组	0.9617
䇎	12	组	0.9658
䇏	8	累	0.9659
䇐	19	课	0.9671
䇑	8	卑	0.9685
䇒	3	匿	0.9536
䇓	10	显	0.9520
䇔	2	赢	0.9675
䇕	18	霍	0.9634
䇖	3	废	0.9563
䇗	0	系	0.9582
䇘	2	纽	0.9504
䇙	8	純	0.9523
䇚	1	符	0.9629
䇛	5	往	0.9521
䇜	9	笑	0.9661
䇝	4	发	0.9572
䇞	1	年	0.9678
䇟	7	筋	0.9525
䇠	2	奎	0.9477
䇡	13	學	0.9559
䇢	5	笛	0.9594
䇣	3	袋	0.9606
䇤	20	頗	0.9574
䇥	17	堡	0.9549
䇦	2	従	0.9586
䇧	7	窗	0.9617
䇨	11	翠	0.9626
䇩	1	廷	0.9551
䇪	1	至	0.9591
䇫	3	箇	0.9538
䇬	5	秦	0.9647
䇭	6	卷	0.9670
䇯	0	售	0.9523
䇰	15	絞	0.9553
䇱	8	窗	0.9665
䇲	10	笑	0.9631
䇳	4	笔	0.9549
䇴	5	智	0.9517
䇵	23	得	0.9652
䇷	5	簡	0.9617
䇸	9	肇	0.9558
䇺	8	管	0.9578
䇻	20	煌	0.9666
䇼	9	道	0.9514
䇽	8	第	0.9685
䇾	3	晉	0.9638
䈀	12	硫	0.9577
䈁	21	裔	0.9636
䈂	19	等	0.9643
䈃	23	潜	0.9700
䈄	9	窗	0.9552
䈅	9	统	0.9566
䈆	4	废	0.9582
䈇	2	箕	0.9583
䈈	7	節	0.9563
䈉	11	妾	0.9574
䈊	13	澄	0.9542
䈋	19	啓	0.9657
䈌	13	组	0.9648
䈍	13	鲁	0.9660
䈎	3	薬	0.9661
䈏	14	鲁	0.9642
䈐	23	碳	0.9579
䈑	6	簡	0.9589
䈒	22	裔	0.9615
䈓	11	葛	0.9559
䈔	9	第	0.9606
䈕	5	复	0.9650
䈖	6	箱	0.9681
䈗	16	優	0.9602
䈘	8	磁	0.9614
䈙	12	綜	0.9608
䈚	14	澄	0.9651
䈛	6	载	0.9664
䈜	8	侵	0.9686
䈝	6	智	0.9659
䈞	15	鲁	0.9619
䈟	8	節	0.9637
䈠	14	拳	0.9620
䈡	16	隧	0.9579
䈢	13	渠	0.9689
䈣	20	鼓	0.9584
䈤	0	雜	0.9683
䈥	14	确	0.9585
䈦	5	绕	0.9561
䈧	9	篤	0.9613
䈨	23	裔	0.9605
䈩	1	剑	0.9577
䈪	9	管	0.9558
䈫	18	堡	0.9641
䈬	15	灌	0.9665
䈭	2	兔	0.9696
䈮	4	紀	0.9530
䈯	3	箕	0.9712
䈰	13	错	0.9671
䈱	7	智	0.9653
䈲	7	艇	0.9614
䈳	10	管	0.9623
䈴	17	灘	0.9580
䈵	14	繫	0.9550
䈶	1	蓉	0.9632
䈷	7	箱	0.9675
䈸	14	棲	0.9624
䈹	8	智	0.9644
䈺	17	隧	0.9529
䈻	4	範	0.9575
䈼	19	堡	0.9582
䈽	10	肇	0.9552
䈾	8	箱	0.9709
䈿	4	箕	0.9652
䉀	10	篤	0.9627
䉁	20	堡	0.9655
䉂	10	繋	0.9628
䉃	21	堡	0.9612
䉄	17	優	0.9547
䉅	10	第	0.9632
䉆	8	急	0.9590
䉇	7	簡	0.9600
䉈	11	第	0.9628
䉉	13	硫	0.9508
䉊	11	肇	0.9643
䉋	7	硝	0.9590
䉌	21	像	0.9659
䉍	8	簡	0.9747
䉎	14	渠	0.9570
䉏	15	确	0.9595
䉐	10	辖	0.9622
䉑	7	無	0.9609
䉒	10	倭	0.9652
䉓	9	箱	0.9712
䉔	8	錢	0.9514
䉕	11	管	0.9682
䉖	22	堡	0.9662
䉗	10	镇	0.9670
䉘	8	糕	0.9718
䉙	4	雲	0.9574
䉚	4	驾	0.9590
䉛	3	奥	0.9519
䉜	12	第	0.9646
䉝	7	義	0.9648
䉞	23	堡	0.9598
䉟	19	摄	0.9601
䉠	2	薇	0.9642
䉡	12	管	0.9541
䉢	0	篮	0.9589
䉣	21	緯	0.9567
䉤	9	錢	0.9595
䉥	8	維	0.9545
䉦	5	運	0.9618
䉧	18	優	0.9590
䉨	9	磷	0.9557
䉩	10	箱	0.9613
䉪	11	儲	0.9580
䉫	5	黎	0.9663
䉬	2	廢	0.9680
䉭	9	侵	0.9501
䉮	9	簡	0.9669
䉯	7	賛	0.9651
䉰	4	誇	0.9561
䉱	23	鹤	0.9552
䉲	13	離	0.9498
䉳	18	灘	0.9638
䉴	5	襄	0.9555
䉵	8	餐	0.9633
䉶	7	奪	0.9553
䉷	18	應	0.9604
䉸	4	辯	0.9547
䉹	9	籃	0.9501
䉺	3	料	0.9626
䉻	12	祇	0.9753
䉽	4	料	0.9736
䉾	4	柴	0.9682
䉿	23	粹	0.9705
䊀	2	粘	0.9801
䊁	16	楼	0.9658
䊂	1	粋	0.9648
䊃	13	柳	0.9664
䊄	15	渠	0.9711
䊅	5	料	0.9658
䊆	12	粟	0.9712
䊇	5	粗	0.9738
䊈	13	栽	0.9633
䊉	5	珠	0.9649
䊊	4	梶	0.9800
䊋	5	糊	0.9641
䊌	1	粧	0.9676
䊍	11	梨	0.9704
䊎	14	栽	0.9588
䊏	4	寂	0.9551
䊐	8	頼	0.9684
䊑	3	粘	0.9645
䊒	6	粗	0.9690
䊓	5	最	0.9600
䊔	7	速	0.9647
䊕	13	擁	0.9559
䊖	5	楠	0.9734
䊗	22	桿	0.9660
䊘	11	精	0.9764
䊙	13	粟	0.9621
䊚	6	禍	0.9581
䊛	16	叔	0.9644
䊜	7	樓	0.9651
䊝	17	叔	0.9571
䊞	7	禍	0.9714
䊟	9	棺	0.9654
䊠	12	翠	0.9647
䊡	10	糧	0.9671
䊢	17	楼	0.9657
䊣	9	横	0.9689
䊤	11	糧	0.9668
䊥	4	謝	0.9587
䊧	6	樽	0.9664
䊨	3	赢	0.9654
䊩	16	播	0.9709
䊪	7	粗	0.9713
䊫	5	霜	0.9631
䊬	14	粟	0.9666
䊭	12	糧	0.9538
䊮	13	糧	0.9689
䊯	23	構	0.9588
䊰	14	糧	0.9652
䊱	15	糧	0.9646
䊲	7	譲	0.9598
䊳	9	剩	0.9601
䊴	2	継	0.9650
䊵	4	幼	0.9556
䊶	8	抱	0.9500
䊷	9	純	0.9536
䊸	5	紀	0.9599
䊹	4	紅	0.9655
䊺	23	組	0.9602
䊻	6	饮	0.9615
䊼	10	纯	0.9577
䊽	11	侠	0.9608
䊾	7	味	0.9467
䊿	13	铁	0.9591
䋀	11	履	0.9529
䋁	6	紀	0.9621
䋂	6	绕	0.9598
䋃	9	怎	0.9545
䋄	2	网	0.9767
䋅	4	牢	0.9653
䋆	7	紀	0.9509
䋇	9	吸	0.9581
䋈	11	繋	0.9676
䋉	5	废	0.9589
䋊	5	紅	0.9583
䋋	13	細	0.9617
䋌	14	组	0.9617
䋍	5	阿	0.9558
䋎	15	组	0.9633
䋏	9	維	0.9548
䋐	13	納	0.9642
䋑	14	納	0.9680
䋒	3	継	0.9635
䋓	13	絹	0.9537
䋔	1	巫	0.9625
䋕	9	累	0.9595
䋖	2	律	0.9631
䋗	16	组	0.9639
䋘	8	練	0.9630
䋙	17	组	0.9699
䋚	12	綱	0.9631
䋛	4	継	0.9605
䋜	0	紧	0.9615
䋝	16	絞	0.9563
䋞	3	网	0.9583
䋟	6	隐	0.9579
䋠	13	舗	0.9514
䋡	3	除	0.9653
䋢	10	累	0.9616
䋣	10	純	0.9622
䋤	20	褐	0.9593
䋥	10	裡	0.9589
䋦	5	悔	0.9560
䋧	9	缩	0.9651
䋨	2	縮	0.9672
䋩	9	就	0.9551
䋪	6	阿	0.9546
䋫	10	維	0.9611
䋬	7	縁	0.9650
䋭	3	縮	0.9587
䋮	1	給	0.9558
䋯	12	繋	0.9656
䋰	8	息	0.9553
䋱	9	練	0.9644
䋲	3	羅	0.9590
䋳	14	絹	0.9631
䋴	5	継	0.9645
䋵	21	褐	0.9593
䋶	7	領	0.9652
䋷	15	繫	0.9643
䋸	18	组	0.9631
䋹	10	缩	0.9611
䋺	6	戯	0.9560
䋻	9	憎	0.9585
䋼	3	紹	0.9571
䋽	5	樹	0.9617
䋾	18	隧	0.9563
䋿	4	羅	0.9656
䌀	15	納	0.9636
䌁	6	遇	0.9596
䌂	16	匯	0.9609
䌃	13	剖	0.9591
䌄	20	網	0.9549
䌅	14	擁	0.9598
䌆	23	騰	0.9622
䌇	22	緯	0.9650
䌈	13	綱	0.9553
䌉	7	監	0.9598
䌊	4	紹	0.9620
䌋	3	経	0.9615
䌌	21	網	0.9566
䌍	11	僅	0.9586
䌎	16	繫	0.9667
䌏	4	縮	0.9595
䌐	3	隨	0.9593
䌑	5	堅	0.9581
䌒	19	灘	0.9587
䌓	13	繋	0.9736
䌔	22	網	0.9585
䌕	21	傑	0.9599
䌖	11	維	0.9587
䌗	8	無	0.9521
䌘	17	繫	0.9642
䌙	17	匯	0.9554
䌚	8	龄	0.9565
䌛	19	優	0.9493
䌜	9	糕	0.9604
䌝	6	継	0.9645
䌞	6	險	0.9598
䌟	18	匯	0.9556
䌠	19	隧	0.9508
䌡	5	羅	0.9562
䌢	9	龄	0.9565
䌣	5	縮	0.9675
䌤	1	雨	0.9507
䌥	8	隱	0.9526
䌦	19	匯	0.9604
䌧	23	緯	0.9537
䌨	5	綴	0.9534
䌩	20	灘	0.9570
䌪	23	網	0.9658
䌬	1	籠	0.9571
䌭	12	維	0.9555
䌮	20	匯	0.9586
䌯	21	灘	0.9578
䌰	6	羅	0.9601
䌱	20	優	0.9517
䌲	11	纏	0.9542
䌳	1	儘	0.9334
䌴	21	優	0.9537
䌵	21	匯	0.9626
䌶	2	财	0.9556
䌸	6	纬	0.9639
䌹	1	凹	0.9625
䌺	19	组	0.9737
䌻	22	祠	0.9579
䌼	3	说	0.9598
䌽	2	继	0.9621
䌾	6	南	0.9639
䌿	20	组	0.9688
䍀	11	缩	0.9583
䍁	20	隧	0.9486
䍂	16	街	0.9647
䍃	4	鱼	0.9573
䍄	9	貼	0.9618
䍅	6	拾	0.9566
䍆	17	街	0.9664
䍇	3	兔	0.9554
䍈	18	街	0.9653
䍉	13	润	0.9613
䍊	12	较	0.9621
䍋	14	舗	0.9590
䍌	5	諾	0.9574
䍍	14	設	0.9628
䍎	15	舗	0.9547
䍏	0	円	0.9816
䍐	3	旱	0.9598
䍑	5	母	0.9525
䍒	1	果	0.9758
䍓	4	畏	0.9677
䍔	13	宏	0.9588
䍕	5	畏	0.9713
䍖	2	蜀	0.9603
䍗	11	累	0.9607
䍘	15	粟	0.9731
䍙	2	兽	0.9526
䍚	5	胃	0.9694
䍛	4	国	0.9656
䍜	1	罹	0.9565
䍝	21	组	0.9682
䍞	9	恩	0.9563
䍟	3	曼	0.9645
䍠	11	显	0.9583
䍡	3	鹿	0.9668
䍢	7	羅	0.9547
䍣	11	冨	0.9626
䍤	5	顧	0.9601
䍥	8	羅	0.9612
䍦	4	覇	0.9618
䍨	5	肃	0.9621
䍩	6	戎	0.9645
䍪	15	昧	0.9720
䍫	2	赴	0.9563
䍬	11	翔	0.9691
䍭	6	母	0.9567
䍮	8	挑	0.9588
䍯	8	鬼	0.9563
䍰	14	烟	0.9627
䍱	7	斜	0.9629
䍲	1	朔	0.9542
䍳	13	勝	0.9524
䍴	18	楼	0.9614
䍵	1	兼	0.9590
䍶	5	辣	0.9695
䍷	12	溝	0.9597
䍸	15	博	0.9615
䍹	4	趋	0.9569
䍺	1	患	0.9504
䍻	22	灘	0.9589
䍼	12	翔	0.9563
䍽	9	歷	0.9614
䍾	23	祠	0.9653
䍿	19	霍	0.9527
䎀	16	既	0.9633
䎁	12	时	0.9598
䎂	18	跑	0.9691
䎄	6	関	0.9595
䎅	3	閥	0.9652
䎆	13	翠	0.9554
䎇	13	翔	0.9651
䎈	10	撮	0.9645
䎉	6	最	0.9573
䎊	16	額	0.9655
䎋	7	翻	0.9584
䎌	14	翔	0.9586
䎍	19	哺	0.9624
䎎	3	門	0.9549
䎏	6	飼	0.9595
䎐	8	翻	0.9640
䎑	10	剩	0.9660
䎒	4	閥	0.9576
䎓	14	踏	0.9696
䎔	21	醒	0.9616
䎕	11	評	0.9581
䎖	9	翻	0.9646
䎗	10	翻	0.9602
䎘	11	翻	0.9639
䎙	20	霍	0.9590
䎚	21	霍	0.9592
䎛	6	暑	0.9631
䎜	2	巷	0.9620
䎝	10	诸	0.9620
䎞	11	着	0.9707
䎟	9	傾	0.9661
䎠	8	旭	0.9537
䎡	1	页	0.9517
䎢	10	換	0.9529
䎣	14	煉	0.9669
䎤	8	粗	0.9520
䎥	14	稍	0.9647
䎦	5	寂	0.9571
䎧	10	棺	0.9635
䎨	13	掩	0.9697
䎩	14	賴	0.9634
䎪	9	頼	0.9717
䎫	19	裁	0.9652
䎬	10	頼	0.9704
䎭	11	頼	0.9665
䎮	11	權	0.9653
䎯	4	群	0.9589
䎰	6	糊	0.9594
䎱	11	擺	0.9643
䎲	4	民	0.9610
䎳	2	朗	0.9658
䎴	3	抽	0.9649
䎵	17	既	0.9568
䎶	7	珀	0.9664
䎷	11	联	0.9663
䎸	16	坦	0.9638
䎹	10	香	0.9509
䎺	20	哺	0.9606
䎻	5	明	0.9658
䎼	11	祖	0.9628
䎽	2	细	0.9642
䎾	6	搶	0.9564
䎿	5	坂	0.9668
䏀	4	喇	0.9702
䏁	5	群	0.9651
䏂	22	组	0.9620
䏃	5	职	0.9678
䏄	13	旺	0.9570
䏅	14	細	0.9642
䏆	21	聘	0.9673
䏇	22	醒	0.9622
䏈	15	細	0.9591
䏉	17	擾	0.9572
䏊	12	掘	0.9634
䏋	15	逮	0.9480
䏌	13	俱	0.9471
䏍	0	育	0.9623
䏎	6	肌	0.9761
䏏	9	肝	0.9864
䏐	3	肢	0.9638
䏑	22	褐	0.9599
䏒	3	肪	0.9603
䏓	7	肌	0.9589
䏔	2	用	0.9614
䏕	10	肝	0.9692
䏖	11	腕	0.9625
䏗	6	所	0.9637
䏘	8	肌	0.9551
䏙	13	抗	0.9592
䏚	4	规	0.9601
䏛	19	动	0.9629
䏜	10	吸	0.9707
䏝	4	康	0.9660
䏞	16	昧	0.9685
䏠	9	胎	0.9529
䏢	4	肢	0.9711
䏤	3	胆	0.9708
䏥	8	期	0.9626
䏦	17	据	0.9676
䏧	10	腹	0.9541
䏨	9	腊	0.9674
䏩	12	哈	0.9655
䏪	4	胆	0.9648
䏫	5	胚	0.9665
䏬	10	胎	0.9626
䏮	11	知	0.9646
䏯	14	尉	0.9632
䏱	5	胆	0.9550
䏳	11	脚	0.9584
䏴	10	腊	0.9683
䏵	4	戚	0.9555
䏶	6	胜	0.9633
䏷	6	胆	0.9619
䏸	11	腊	0.9620
䏹	7	胆	0.9652
䏺	9	腾	0.9639
䏻	10	雄	0.9660
䏼	7	晓	0.9527
䏽	12	腊	0.9605
䏾	10	腾	0.9636
䏿	20	啓	0.9697
䐀	11	胎	0.9618
䐂	4	银	0.9690
䐄	9	屈	0.9624
䐅	7	関	0.9603
䐆	13	膝	0.9648
䐇	11	腹	0.9585
䐈	5	届	0.9598
䐉	13	腊	0.9642
䐊	7	肥	0.9632
䐋	15	尉	0.9592
䐌	9	卑	0.9698
䐍	14	腊	0.9654
䐎	8	関	0.9604
䐏	7	胜	0.9687
䐐	15	脑	0.9647
䐑	10	堺	0.9624
䐒	8	晓	0.9521
䐓	8	胆	0.9687
䐔	15	腊	0.9613
䐕	9	胆	0.9685
䐖	9	関	0.9611
䐘	13	暖	0.9637
䐙	10	屈	0.9644
䐚	12	脚	0.9794
䐛	16	暦	0.9610
䐜	18	膜	0.9633
䐝	7	順	0.9628
䐞	10	詞	0.9479
䐟	11	屈	0.9646
䐠	4	腔	0.9605
䐡	10	窗	0.9688
䐢	3	瞬	0.9631
䐣	10	胆	0.9694
䐤	14	勝	0.9532
䐥	16	尉	0.9609
䐦	12	胎	0.9562
䐧	17	尉	0.9544
䐨	15	設	0.9625
䐩	5	腔	0.9595
䐪	12	腹	0.9553
䐫	16	細	0.9639
䐬	12	屈	0.9672
䐭	9	醐	0.9609
䐮	11	腾	0.9616
䐯	10	関	0.9599
䐰	11	峰	0.9559
䐱	6	舶	0.9642
䐲	6	腔	0.9676
䐳	11	晚	0.9589
䐴	6	胃	0.9636
䐵	13	屈	0.9698
䐷	14	屈	0.9613
䐸	7	庸	0.9647
䐹	4	肅	0.9589
䐺	11	胆	0.9638
䐻	12	膳	0.9725
䐼	17	爆	0.9598
䐽	7	舶	0.9610
䐾	15	屈	0.9634
䐿	12	腿	0.9636
䑀	7	腔	0.9634
䑁	7	胃	0.9673
䑂	16	賭	0.9654
䑃	19	膜	0.9612
䑄	20	膜	0.9624
䑅	5	勒	0.9556
䑆	7	樽	0.9600
䑇	6	顧	0.9637
䑈	0	脳	0.9559
䑉	6	凱	0.9534
䑊	8	腔	0.9596
䑋	16	屈	0.9596
䑌	16	閉	0.9601
䑍	12	晚	0.9602
䑎	13	腿	0.9548
䑐	13	时	0.9539
䑑	8	誤	0.9502
䑒	12	履	0.9461
䑓	8	董	0.9544
䑔	11	却	0.9648
䑕	6	届	0.9587
䑖	7	捷	0.9526
䑗	16	喝	0.9563
䑘	15	擁	0.9533
䑙	9	甜	0.9601
䑚	4	胡	0.9692
䑛	12	抵	0.9567
䑜	11	謀	0.9627
䑝	5	舉	0.9539
䑟	4	瞬	0.9615
䑠	3	祀	0.9532
䑡	18	叔	0.9618
䑢	14	航	0.9581
䑣	1	迅	0.9508
䑤	11	曆	0.9596
䑥	11	吸	0.9695
䑦	15	銅	0.9664
䑧	18	闭	0.9680
䑨	11	純	0.9625
䑩	10	貼	0.9688
䑪	6	船	0.9707
䑫	4	舟	0.9614
䑬	9	跳	0.9621
䑭	8	艇	0.9561
䑮	9	般	0.9675
䑯	15	翔	0.9661
䑰	6	频	0.9547
䑱	12	腕	0.9646
䑲	17	谢	0.9659
䑳	13	艙	0.9651
䑴	18	谢	0.9648
䑵	17	閉	0.9657
䑶	20	谓	0.9599
䑷	21	铜	0.9623
䑸	16	翔	0.9592
䑹	6	寂	0.9608
䑺	22	调	0.9662
䑻	17	琉	0.9614
䑼	16	耀	0.9588
䑽	13	掘	0.9548
䑾	10	雍	0.9619
䑿	23	禧	0.9618
䒀	17	翔	0.9627
䒁	20	曜	0.9576
䒂	18	翔	0.9626
䒃	14	趙	0.9591
䒄	17	屈	0.9639
䒅	11	箱	0.9591
䒆	19	翔	0.9631
䒇	18	屈	0.9603
䒈	17	噴	0.9609
䒉	19	廉	0.9587
䒊	5	溫	0.9481
䒋	13	晚	0.9593
䒌	8	監	0.9604
䒍	7	記	0.9598
䒎	9	辟	0.9557
䒏	4	髄	0.9586
䒐	8	記	0.9580
䒒	1	习	0.9592
䒓	2	専	0.9571
䒔	1	尢	0.9560
䒕	2	花	0.9681
䒖	2	庄	0.9501
䒗	3	艺	0.9622
䒘	0	支	0.9664
䒙	0	卡	0.9524
䒚	3	花	0.9528
䒛	17	域	0.9555
䒜	5	牢	0.9715
䒝	1	姓	0.9557
䒞	2	扰	0.9573
䒟	5	舟	0.9628
䒠	1	丰	0.9694
䒡	3	忠	0.9549
䒢	12	却	0.9547
䒣	8	萬	0.9618
䒤	1	白	0.9582
䒥	0	靑	0.9622
䒦	6	兵	0.9562
䒧	0	去	0.9672
䒨	4	菓	0.9602
䒩	1	某	0.9732
䒪	2	弃	0.9720
䒫	8	苻	0.9542
䒬	1	芸	0.9666
䒭	3	専	0.9728
䒮	15	坑	0.9519
䒯	5	护	0.9613
䒰	4	匡	0.9584
䒱	2	袁	0.9562
䒲	9	娃	0.9632
䒳	6	朱	0.9605
䒴	7	若	0.9680
䒵	8	若	0.9670
䒶	3	吏	0.9601
䒷	1	吉	0.9607
䒸	1	苗	0.9525
䒹	3	表	0.9662
䒺	6	索	0.9611
䒻	0	问	0.9584
䒼	1	宙	0.9561
䒽	1	岗	0.9624
䒾	0	丧	0.9763
䒿	1	肯	0.9690
䓀	3	害	0.9714
䓁	5	芋	0.9653
䓂	3	喜	0.9623
䓃	1	竜	0.9524
䓄	5	阵	0.9572
䓅	9	浪	0.9653
䓆	4	折	0.9643
䓇	1	赤	0.9703
䓈	4	菊	0.9634
䓉	13	拓	0.9657
䓊	6	韋	0.9692
䓋	4	隶	0.9712
䓌	9	菩	0.9604
䓍	2	草	0.9731
䓎	13	劫	0.9665
䓏	5	著	0.9598
䓐	10	卑	0.9551
䓑	5	津	0.9683
䓒	4	荀	0.9717
䓓	1	寿	0.9748
䓔	2	素	0.9658
䓕	0	远	0.9618
䓖	6	宪	0.9618
䓗	15	澄	0.9518
䓘	15	煉	0.9550
䓙	6	审	0.9612
䓚	12	祖	0.9574
䓜	5	隶	0.9695
䓝	0	盖	0.9570
䓞	8	度	0.9637
䓟	10	庫	0.9685
䓠	10	替	0.9629
䓡	12	知	0.9668
䓢	5	间	0.9529
䓤	4	忽	0.9509
䓥	0	拿	0.9600
䓦	1	典	0.9751
䓧	5	帯	0.9532
䓨	6	曹	0.9628
䓩	17	昧	0.9637
䓭	8	斜	0.9675
䓮	8	谋	0.9620
䓯	6	毒	0.9692
䓰	3	華	0.9693
䓱	3	莱	0.9661
䓳	3	布	0.9663
䓴	12	嘆	0.9574
䓵	2	岳	0.9624
䓷	1	评	0.9656
䓸	4	芽	0.9551
䓹	6	養	0.9587
䓺	2	実	0.9626
䓻	8	連	0.9565
䓼	16	藤	0.9470
䓽	9	記	0.9593
䓾	12	妾	0.9600
䓿	7	曹	0.9622
䔀	7	纬	0.9603
䔁	5	菓	0.9717
䔂	4	幸	0.9702
䔄	7	韋	0.9659
䔅	16	博	0.9617
䔆	1	陣	0.9542
䔇	2	堂	0.9560
䔈	3	責	0.9767
䔉	9	谋	0.9704
䔊	23	捧	0.9537
䔋	2	莎	0.9433
䔌	5	幕	0.9718
䔍	4	恵	0.9631
䔎	8	速	0.9658
䔏	5	莲	0.9664
䔐	7	湛	0.9659
䔑	9	斜	0.9623
䔒	0	萨	0.9571
䔓	4	許	0.9688
䔔	7	境	0.9579
䔕	5	肅	0.9651
䔗	5	祥	0.9714
䔘	2	薛	0.9510
䔙	10	斜	0.9628
䔚	15	唐	0.9676
䔛	12	憤	0.9747
䔜	8	埔	0.9598
䔝	3	素	0.9625
䔞	3	率	0.9667
䔟	9	萩	0.9567
䔠	11	棺	0.9671
䔡	1	蕉	0.9744
䔢	8	鉴	0.9520
䔣	2	葉	0.9645
䔤	4	萌	0.9602
䔥	2	粛	0.9776
䔦	5	梅	0.9693
䔧	14	想	0.9671
䔨	8	纬	0.9563
䔩	2	抜	0.9647
䔪	4	爽	0.9634
䔫	6	疎	0.9614
䔬	6	黃	0.9739
䔭	6	帯	0.9569
䔮	7	诗	0.9670
䔯	20	措	0.9669
䔰	7	富	0.9702
䔱	8	堪	0.9658
䔳	1	荻	0.9431
䔴	21	鼓	0.9663
䔵	9	蘭	0.9627
䔶	5	提	0.9588
䔷	7	索	0.9581
䔸	5	袭	0.9645
䔹	17	藤	0.9555
䔺	2	隋	0.9545
䔻	1	蔽	0.9565
䔼	20	攜	0.9537
䔽	3	薄	0.9706
䔾	21	攜	0.9641
䔿	7	毒	0.9699
䕀	14	款	0.9528
䕁	2	業	0.9636
䕂	16	逮	0.9618
䕄	12	墨	0.9547
䕅	3	蓮	0.9581
䕆	12	椅	0.9724
䕇	6	薦	0.9576
䕈	3	葉	0.9625
䕉	8	曹	0.9553
䕊	9	董	0.9513
䕋	17	博	0.9606
䕌	7	柱	0.9698
䕍	1	齒	0.9642
䕎	21	晴	0.9636
䕏	8	毒	0.9650
䕐	9	掃	0.9678
䕑	8	索	0.9543
䕓	18	藤	0.9670
䕔	19	街	0.9598
䕕	4	薄	0.9689
䕖	2	遼	0.9544
䕗	2	鼻	0.9731
䕘	3	嶺	0.9680
䕙	16	灌	0.9620
䕚	5	匡	0.9572
䕛	2	蔽	0.9568
䕜	7	载	0.9579
䕝	10	藩	0.9641
䕞	10	蘭	0.9632
䕟	13	填	0.9640
䕠	19	藤	0.9614
䕡	11	蘭	0.9591
䕢	11	辖	0.9586
䕣	8	靖	0.9663
䕤	2	陣	0.9615
䕥	2	齒	0.9574
䕦	4	赢	0.9590
䕧	9	速	0.9568
䕨	20	藤	0.9633
䕩	18	椿	0.9722
䕪	17	灌	0.9755
䕫	3	菱	0.9578
䕬	6	蕾	0.9564
䕭	7	绩	0.9492
䕮	21	藤	0.9554
䕯	2	藏	0.9493
䕰	3	粛	0.9672
䕱	12	蘭	0.9600
䕲	10	摩	0.9560
䕳	3	補	0.9559
䕴	11	藩	0.9616
䕵	3	薛	0.9554
䕸	9	詩	0.9548
䕹	1	雜	0.9613
䕺	1	叢	0.9616
䕻	6	麗	0.9563
䕼	16	擁	0.9595
䕽	7	融	0.9625
䕾	13	磨	0.9585
䕿	17	護	0.9569
䖀	10	菩	0.9606
䖁	11	詞	0.9603
䖂	15	擊	0.9506
䖃	22	霍	0.9498
䖄	22	藤	0.9576
䖅	13	諱	0.9592
䖆	13	醸	0.9556
䖇	13	墨	0.9518
䖈	16	唐	0.9631
䖉	17	唐	0.9719
䖊	5	物	0.9583
䖋	7	虚	0.9435
䖌	18	尉	0.9614
䖍	1	虍	0.9590
䖎	8	虚	0.9578
䖐	9	虚	0.9641
䖒	8	虐	0.9604
䖓	6	墟	0.9511
䖕	2	阻	0.9524
䖖	14	腿	0.9579
䖗	10	虚	0.9639
䖘	19	尉	0.9593
䖚	20	尉	0.9699
䖛	21	尉	0.9532
䖜	15	醫	0.9595
䖞	14	时	0.9728
䖟	1	虽	0.9572
䖠	9	旭	0.9592
䖡	8	埋	0.9640
䖢	7	抄	0.9622
䖣	6	抓	0.9632
䖤	7	留	0.9601
䖥	4	蛋	0.9684
䖦	21	措	0.9629
䖧	17	坦	0.9734
䖨	13	祖	0.9559
䖩	18	域	0.9586
䖪	11	卑	0.9581
䖫	11	堺	0.9607
䖬	5	岬	0.9750
䖭	11	雄	0.9639
䖮	15	响	0.9649
䖯	2	事	0.9571
䖰	17	恨	0.9626
䖱	16	闽	0.9582
䖲	17	闽	0.9630
䖳	22	措	0.9650
䖴	9	挑	0.9631
䖵	0	虫	0.9614
䖶	10	塚	0.9584
䖷	8	壊	0.9579
䖸	12	蛮	0.9667
䖹	23	措	0.9647
䖺	5	溜	0.9640
䖻	18	琉	0.9658
䖼	13	却	0.9671
䖽	13	蛮	0.9638
䖾	10	記	0.9537
䖿	14	蛮	0.9680
䗀	5	歧	0.9594
䗂	7	墟	0.9581
䗄	12	蜂	0.9599
䗅	20	摄	0.9639
䗆	17	増	0.9726
䗇	16	拘	0.9545
䗈	18	増	0.9633
䗊	1	迦	0.9498
䗋	18	蝶	0.9751
䗌	6	提	0.9550
䗍	16	蜜	0.9620
䗎	17	理	0.9707
䗏	18	擾	0.9591
䗐	5	蟹	0.9604
䗑	5	增	0.9548
䗒	11	纯	0.9557
䗓	13	聡	0.9482
䗔	16	喉	0.9709
䗕	17	蜜	0.9749
䗖	12	歸	0.9556
䗗	21	摄	0.9574
䗘	10	埼	0.9547
䗙	12	卑	0.9595
䗚	18	博	0.9740
䗜	16	酷	0.9634
䗝	13	卑	0.9635
䗞	12	硬	0.9568
䗟	15	蛮	0.9613
䗠	18	蜜	0.9618
䗡	19	擾	0.9608
䗢	13	嘆	0.9522
䗣	0	基	0.9570
䗤	18	闽	0.9553
䗥	18	蹤	0.9673
䗦	6	運	0.9583
䗨	19	闽	0.9541
䗬	1	售	0.9581
䗭	8	融	0.9611
䗮	5	爽	0.9467
䗯	3	雖	0.9492
䗰	18	噴	0.9651
䗱	19	撲	0.9578
䗲	17	擁	0.9564
䗳	20	擾	0.9537
䗵	23	堀	0.9594
䗶	9	噶	0.9605
䗷	21	擾	0.9577
䗸	3	賽	0.9582
䗹	22	擾	0.9526
䗺	11	裡	0.9536
䗻	7	飼	0.9619
䗼	22	攜	0.9563
䗽	10	翼	0.9532
䗾	10	噶	0.9565
䗿	2	嶼	0.9533
䘀	2	宙	0.9521
䘁	19	蜜	0.9634
䘂	14	噂	0.9622
䘄	4	童	0.9539
䘅	22	匯	0.9540
䘇	6	種	0.9437
䘈	10	醐	0.9467
䘉	4	塞	0.9538
䘊	23	灘	0.9585
䘋	7	載	0.9528
䘌	12	冨	0.9517
䘍	3	轟	0.9522
䘐	4	侧	0.9655
䘑	18	恨	0.9585
䘒	8	峻	0.9601
䘓	5	卸	0.9543
䘔	19	喀	0.9597
䘕	6	窄	0.9621
䘖	20	街	0.9680
䘗	22	優	0.9617
䘘	21	街	0.9560
䘚	1	丧	0.9636
䘛	5	初	0.9668
䘜	19	闭	0.9664
䘝	3	代	0.9626
䘞	2	码	0.9623
䘟	14	祖	0.9700
䘠	12	侠	0.9657
䘡	4	装	0.9684
䘢	2	评	0.9602
䘣	6	祉	0.9634
䘤	4	杨	0.9646
䘥	15	祖	0.9754
䘦	18	既	0.9638
䘧	16	煉	0.9657
䘨	13	较	0.9677
䘩	17	拘	0.9704
䘪	5	夜	0.9598
䘫	14	翠	0.9639
䘬	6	夜	0.9640
䘭	16	祖	0.9555
䘮	2	丧	0.9705
䘯	17	祖	0.9608
䘱	23	组	0.9575
䘲	7	最	0.9615
䘳	10	槍	0.9613
䘴	14	極	0.9559
䘵	12	祿	0.9728
䘶	9	福	0.9610
䘷	4	涵	0.9609
䘸	7	夜	0.9753
䘹	8	夜	0.9694
䘺	8	最	0.9592
䘻	10	福	0.9555
䘼	21	婉	0.9604
䘽	6	祝	0.9698
䘾	12	棺	0.9666
䘿	14	掘	0.9578
䙀	8	棚	0.9699
䙁	15	翠	0.9574
䙂	21	隧	0.9593
䙃	11	诸	0.9642
䙄	11	福	0.9692
䙅	12	裡	0.9634
䙆	22	傑	0.9603
䙇	20	课	0.9639
䙈	17	粮	0.9660
䙉	18	祖	0.9604
䙊	12	權	0.9651
䙋	7	窄	0.9581
䙌	18	懷	0.9617
䙍	23	傑	0.9538
䙎	22	像	0.9590
䙏	12	傅	0.9714
䙐	12	福	0.9630
䙑	16	翠	0.9624
䙒	13	福	0.9630
䙓	21	程	0.9690
䙔	8	禍	0.9620
䙕	22	烯	0.9673
䙖	7	糊	0.9682
䙗	9	禍	0.9718
䙘	9	夜	0.9558
䙙	5	閥	0.9610
䙚	7	暑	0.9561
䙛	11	斜	0.9584
䙜	6	溜	0.9584
䙝	9	赛	0.9573
䙞	6	攀	0.9526
䙟	14	福	0.9625
䙠	17	廠	0.9560
䙡	13	憤	0.9655
䙢	12	評	0.9588
䙣	17	暦	0.9554
䙤	10	禍	0.9537
䙥	11	窗	0.9566
䙦	18	擁	0.9545
䙧	16	糧	0.9600
䙨	20	裁	0.9610
䙩	17	樣	0.9620
䙪	7	攀	0.9670
䙫	17	糧	0.9644
䙬	3	櫻	0.9590
䙭	11	雍	0.9533
䙮	13	權	0.9707
䙯	12	雍	0.9533
䙰	19	擁	0.9548
䙱	18	糧	0.9542
䙲	1	男	0.9529
䙳	2	贾	0.9578
䙴	5	暴	0.9537
䙵	6	匡	0.9604
䙶	18	拘	0.9630
䙷	3	昇	0.9579
䙸	10	旭	0.9580
䙹	6	規	0.9642
䙺	13	視	0.9625
䙻	7	規	0.9720
䙼	14	視	0.9605
䙽	11	辱	0.9536
䙾	14	起	0.9500
䙿	8	規	0.9720
䚀	9	規	0.9671
䚁	6	间	0.9569
䚂	10	規	0.9711
䚃	6	明	0.9584
䚄	18	閉	0.9686
䚅	15	想	0.9709
䚆	11	規	0.9688
䚇	9	期	0.9641
䚈	15	眠	0.9564
䚉	11	関	0.9620
䚊	6	親	0.9576
䚋	19	閉	0.9637
䚌	14	頻	0.9638
䚍	10	期	0.9608
䚎	12	規	0.9656
䚏	7	親	0.9572
䚐	20	閉	0.9594
䚑	1	貯	0.9606
䚒	2	閩	0.9605
䚓	5	覇	0.9574
䚔	15	頻	0.9606
䚕	17	調	0.9617
䚖	9	暁	0.9534
䚗	8	訟	0.9581
䚘	7	衡	0.9620
䚙	5	庙	0.9575
䚚	2	佛	0.9617
䚛	8	硝	0.9641
䚜	13	碑	0.9634
䚝	8	碰	0.9651
䚞	19	煤	0.9697
䚠	18	麺	0.9682
䚢	14	碑	0.9632
䚣	17	細	0.9595
䚤	19	麺	0.9659
䚥	18	鶴	0.9523
䚦	14	艙	0.9432
䚧	14	暖	0.9481
䚨	19	應	0.9532
䚩	10	僑	0.9551
䚪	12	颗	0.9605
䚫	16	脅	0.9676
䚬	10	磷	0.9607
䚭	14	醸	0.9564
䚮	1	訪	0.9654
䚯	5	証	0.9570
䚰	2	叱	0.9550
䚱	7	忙	0.9479
䚲	2	髟	0.9533
䚳	10	速	0.9574
䚴	7	明	0.9514
䚵	0	討	0.9631
䚶	16	粟	0.9489
䚷	18	護	0.9511
䚸	10	吟	0.9490
䚹	6	証	0.9538
䚺	3	改	0.9621
䚻	4	晉	0.9528
䚼	0	田	0.9516
䚽	2	託	0.9672
䚾	0	註	0.9614
䚿	6	泉	0.9565
䛀	2	訴	0.9543
䛁	14	旺	0.9563
䛂	6	肅	0.9536
䛃	2	玩	0.9565
䛄	6	詢	0.9523
䛅	6	襾	0.9628
䛇	2	詔	0.9736
䛈	3	訴	0.9562
䛉	21	谓	0.9551
䛊	6	职	0.9605
䛋	9	誠	0.9607
䛌	7	詢	0.9620
䛍	5	謝	0.9505
䛎	1	訳	0.9570
䛏	11	記	0.9553
䛐	1	冒	0.9558
䛑	10	誠	0.9512
䛓	12	着	0.9555
䛔	7	証	0.9652
䛕	5	迪	0.9531
䛖	14	卑	0.9539
䛗	15	謂	0.9514
䛘	1	仕	0.9558
䛙	8	味	0.9561
䛚	5	誓	0.9620
䛛	7	间	0.9626
䛜	12	窗	0.9540
䛝	16	謂	0.9659
䛞	8	証	0.9593
䛟	4	訴	0.9549
䛠	3	詔	0.9517
䛡	0	話	0.9590
䛢	4	誘	0.9659
䛣	12	記	0.9623
䛤	2	捉	0.9559
䛥	12	诸	0.9634
䛦	3	给	0.9515
䛧	12	謀	0.9555
䛨	13	評	0.9726
䛩	10	詩	0.9632
䛪	13	記	0.9569
䛫	3	張	0.9571
䛬	14	剖	0.9595
䛭	11	詩	0.9693
䛮	15	踏	0.9645
䛯	18	据	0.9561
䛰	3	韻	0.9606
䛱	2	患	0.9572
䛲	3	請	0.9643
䛳	14	掩	0.9619
䛴	5	誇	0.9594
䛵	19	護	0.9535
䛶	13	謀	0.9631
䛷	14	記	0.9580
䛸	9	証	0.9647
䛹	17	喉	0.9563
䛺	12	堺	0.9559
䛻	13	冨	0.9613
䛼	10	証	0.9590
䛽	3	岳	0.9604
䛾	14	評	0.9528
䛿	12	詞	0.9642
䜀	1	塑	0.9480
䜁	4	請	0.9568
䜂	6	諾	0.9606
䜃	8	厘	0.9514
䜄	11	証	0.9538
䜅	4	誰	0.9582
䜆	18	暦	0.9643
䜇	16	證	0.9536
䜈	9	謙	0.9664
䜉	9	楚	0.9484
䜊	4	雷	0.9619
䜋	4	讀	0.9662
䜌	8	戀	0.9543
䜍	6	誇	0.9615
䜎	11	誠	0.9519
䜏	7	露	0.9518
䜐	16	鲁	0.9607
䜑	7	讓	0.9616
䜒	13	詞	0.9530
䜓	8	譲	0.9622
䜔	20	護	0.9523
䜕	5	雷	0.9640
䜖	14	冨	0.9617
䜗	12	誠	0.9568
䜘	6	諏	0.9612
䜙	7	翡	0.9436
䜚	4	韻	0.9524
䜛	21	護	0.9475
䜜	3	諸	0.9605
䜝	18	譜	0.9462
䜞	13	誠	0.9532
䜟	8	載	0.9549
䜠	2	讃	0.9666
䜡	14	詞	0.9515
䜢	15	詞	0.9585
䜤	3	供	0.9686
䜥	7	退	0.9609
䜦	7	诺	0.9641
䜧	23	霍	0.9474
䜨	3	患	0.9607
䜪	5	卻	0.9604
䜫	6	否	0.9575
䜬	6	袖	0.9636
䜭	2	蓉	0.9622
䜮	9	硝	0.9587
䜯	1	阁	0.9589
䜰	10	辟	0.9604
䜱	17	鉛	0.9591
䜲	7	齡	0.9580
䜳	8	長	0.9565
䜴	22	鼓	0.9682
䜵	15	破	0.9563
䜶	20	喀	0.9590
䜷	15	記	0.9542
䜸	9	厘	0.9514
䜹	11	速	0.9629
䜺	17	酷	0.9611
䜻	16	記	0.9599
䜼	2	窒	0.9519
䜽	12	喻	0.9721
䜾	17	記	0.9586
䜿	12	显	0.9640
䝀	9	蹈	0.9563
䝁	13	管	0.9496
䝂	14	墨	0.9606
䝃	4	愚	0.9552
䝄	18	駿	0.9477
䝅	0	社	0.9589
䝆	8	家	0.9580
䝇	2	逐	0.9461
䝈	2	绍	0.9456
䝉	13	豪	0.9621
䝊	19	据	0.9508
䝋	17	翠	0.9588
䝌	3	隣	0.9498
䝍	7	種	0.9603
䝎	18	細	0.9621
䝏	20	擁	0.9526
䝐	19	細	0.9573
䝑	9	確	0.9544
䝒	6	黎	0.9581
䝓	12	曆	0.9613
䝔	20	細	0.9594
䝕	11	攝	0.9594
䝖	7	抓	0.9476
䝗	9	味	0.9525
䝘	6	毅	0.9552
䝙	2	纲	0.9573
䝚	11	貌	0.9420
䝛	3	波	0.9510
䝜	1	豹	0.9433
䝝	14	骑	0.9642
䝞	12	貌	0.9555
䝟	3	僕	0.9541
䝠	13	貌	0.9557
䝡	10	貓	0.9547
䝢	15	暖	0.9564
䝣	6	墾	0.9562
䝤	13	維	0.9506
䝥	10	侵	0.9537
䝦	23	像	0.9627
䝧	4	的	0.9656
䝨	6	賢	0.9714
䝩	2	趁	0.9494
䝪	13	配	0.9622
䝫	0	賄	0.9690
䝬	6	担	0.9698
䝭	8	飼	0.9663
䝮	17	賭	0.9632
䝯	1	賄	0.9641
䝰	10	時	0.9661
䝱	11	贊	0.9769
䝲	18	賭	0.9607
䝳	2	貿	0.9730
䝴	4	責	0.9735
䝵	12	攝	0.9636
䝶	7	掠	0.9636
䝷	3	賀	0.9772
䝸	19	賭	0.9602
䝹	6	思	0.9609
䝻	21	閉	0.9564
䝼	22	晴	0.9736
䝽	22	閉	0.9525
䝾	4	賽	0.9707
䝿	8	賛	0.9683
䞁	20	賭	0.9621
䞂	20	麺	0.9585
䞃	11	姆	0.9616
䞄	12	贊	0.9666
䞅	23	閉	0.9656
䞆	2	賠	0.9677
䞇	13	贊	0.9772
䞈	16	暖	0.9621
䞉	21	賭	0.9652
䞊	12	関	0.9666
䞋	8	岡	0.9509
䞌	7	悟	0.9604
䞍	9	靖	0.9567
䞎	13	唱	0.9631
䞏	7	思	0.9607
䞐	9	紳	0.9572
䞑	7	框	0.9554
䞒	22	铜	0.9593
䞓	23	擾	0.9558
䞔	20	据	0.9575
䞕	17	耀	0.9639
䞖	5	压	0.9516
䞗	14	劫	0.9605
䞘	9	选	0.9618
䞙	15	起	0.9676
䞚	17	逮	0.9670
䞛	16	起	0.9699
䞜	6	胚	0.9658
䞝	15	趙	0.9578
䞞	9	甥	0.9568
䞟	17	起	0.9637
䞠	18	逮	0.9569
䞡	18	起	0.9666
䞢	19	起	0.9599
䞣	20	动	0.9655
䞤	20	起	0.9666
䞥	9	連	0.9619
䞦	3	超	0.9630
䞧	21	起	0.9576
䞨	5	趋	0.9590
䞩	4	超	0.9617
䞪	22	起	0.9638
䞫	7	遇	0.9637
䞬	6	透	0.9604
䞭	19	逮	0.9567
䞮	12	斜	0.9502
䞯	7	運	0.9638
䞰	3	赫	0.9608
䞱	5	超	0.9658
䞲	8	遇	0.9636
䞳	16	趙	0.9641
䞴	0	週	0.9598
䞵	6	递	0.9496
䞶	3	趨	0.9534
䞷	17	趙	0.9610
䞸	18	趙	0.9653
䞹	6	趋	0.9628
䞺	23	起	0.9590
䞻	6	超	0.9533
䞼	20	逮	0.9582
䞽	23	藤	0.9517
䞾	0	遞	0.9516
䞿	5	塞	0.9579
䟀	9	遇	0.9572
䟁	10	遇	0.9624
䟂	11	遇	0.9708
䟃	3	趁	0.9562
䟄	7	趋	0.9614
䟅	8	運	0.9634
䟆	2	趕	0.9565
䟇	12	麟	0.9503
䟈	6	邁	0.9651
䟉	12	遇	0.9661
䟊	10	越	0.9533
䟋	5	遅	0.9467
䟌	13	遇	0.9642
䟍	7	递	0.9512
䟎	14	遇	0.9602
䟏	21	逮	0.9518
䟐	1	麵	0.9536
䟑	16	舗	0.9535
䟒	9	運	0.9655
䟓	20	闽	0.9548
䟕	12	跋	0.9553
䟖	2	叶	0.9593
䟗	16	眠	0.9631
䟘	18	記	0.9614
䟙	4	勤	0.9522
䟚	4	祀	0.9570
䟛	10	掃	0.9655
䟜	15	时	0.9581
䟝	2	毁	0.9627
䟞	3	坝	0.9547
䟟	15	腺	0.9590
䟠	19	域	0.9679
䟡	21	麺	0.9642
䟢	22	賭	0.9633
䟣	18	昧	0.9666
䟤	12	纯	0.9543
䟥	18	坪	0.9637
䟦	13	跋	0.9696
䟧	15	旺	0.9665
䟨	10	跟	0.9717
䟩	4	転	0.9661
䟪	1	过	0.9510
䟫	3	定	0.9643
䟬	20	距	0.9662
䟭	1	詐	0.9628
䟮	13	堺	0.9606
䟯	4	岳	0.9622
䟰	16	时	0.9613
䟱	7	疎	0.9621
䟲	11	禍	0.9595
䟳	3	翅	0.9562
䟵	23	賭	0.9634
䟶	8	挫	0.9663
䟷	19	谢	0.9594
䟸	22	跨	0.9592
䟹	16	環	0.9655
䟺	21	距	0.9714
䟻	23	跨	0.9643
䟼	6	賦	0.9713
䟽	19	琉	0.9709
䟾	21	喀	0.9513
䟿	9	壊	0.9622
䠀	5	墙	0.9642
䠁	6	增	0.9536
䠂	10	楚	0.9673
䠃	1	輛	0.9590
䠄	9	融	0.9650
䠅	9	粗	0.9658
䠆	11	撮	0.9694
䠇	15	掘	0.9640
䠈	14	堺	0.9699
䠉	19	増	0.9624
䠊	23	晴	0.9529
䠋	20	増	0.9649
䠌	16	踏	0.9793
䠍	8	暇	0.9713
䠎	6	閥	0.9605
䠏	17	踏	0.9595
䠐	11	跟	0.9631
䠑	6	堅	0.9518
䠒	11	醐	0.9642
䠓	21	増	0.9654
䠔	11	塚	0.9619
䠕	21	课	0.9718
䠖	18	踏	0.9706
䠗	11	揚	0.9630
䠘	7	增	0.9642
䠙	10	暁	0.9571
䠚	22	艘	0.9564
䠛	10	蹈	0.9735
䠜	16	旺	0.9698
䠝	11	垣	0.9658
䠞	12	撮	0.9664
䠟	15	遇	0.9597
䠠	10	運	0.9609
䠡	8	墟	0.9624
䠢	7	遣	0.9614
䠣	11	撰	0.9698
䠤	10	禪	0.9611
䠥	7	耐	0.9632
䠦	18	酷	0.9658
䠧	23	醒	0.9691
䠨	17	臂	0.9603
䠩	10	職	0.9562
䠪	3	圈	0.9576
䠫	22	课	0.9634
䠬	14	配	0.9621
䠭	15	賴	0.9709
䠮	21	曜	0.9601
䠯	3	輪	0.9639
䠰	6	躍	0.9665
䠱	3	闊	0.9594
䠲	5	银	0.9583
䠳	11	貼	0.9637
䠴	2	習	0.9565
䠵	20	闭	0.9655
䠶	12	联	0.9677
䠸	19	暦	0.9583
䠹	19	既	0.9598
䠺	23	铜	0.9698
䠻	9	窮	0.9622
䠼	13	喻	0.9648
䠽	5	韻	0.9561
䠾	13	関	0.9666
䠿	22	谓	0.9717
䡀	10	擅	0.9686
䡁	16	詞	0.9650
䡂	9	埔	0.9581
䡃	6	軌	0.9660
䡅	7	軌	0.9461
䡆	9	訟	0.9518
䡇	6	勒	0.9528
䡈	9	駁	0.9551
䡉	7	勒	0.9582
䡊	4	玻	0.9581
䡋	12	捜	0.9614
䡌	2	典	0.9532
䡍	22	映	0.9542
䡎	11	斬	0.9499
䡏	19	博	0.9553
䡐	14	蛇	0.9582
䡑	17	眠	0.9637
䡒	21	哺	0.9661
䡓	22	街	0.9618
䡔	10	連	0.9339
䡕	21	擁	0.9521
䡖	5	軽	0.9549
䡗	16	擊	0.9646
䡘	21	闽	0.9513
䡙	7	审	0.9608
䡚	10	甥	0.9611
䡛	10	揮	0.9650
䡜	14	韩	0.9629
䡝	11	暁	0.9576
䡞	4	量	0.9601
䡟	11	揮	0.9664
䡠	12	揮	0.9652
䡡	19	酷	0.9672
䡢	22	聘	0.9668
䡣	13	揮	0.9730
䡤	4	書	0.9616
䡥	20	酷	0.9519
䡦	14	權	0.9556
䡧	16	掘	0.9560
䡨	13	着	0.9550
䡩	20	博	0.9673
䡪	6	謝	0.9601
䡫	16	遇	0.9580
䡬	17	掘	0.9585
䡭	14	揮	0.9643
䡮	22	擁	0.9659
䡯	7	謝	0.9456
䡰	18	臂	0.9587
䡱	14	輻	0.9526
䡲	9	輯	0.9730
䡳	11	軒	0.9566
䡴	5	轄	0.9572
䡵	11	對	0.9577
䡶	15	輻	0.9538
䡷	10	融	0.9412
䡸	6	轉	0.9604
䡹	6	轄	0.9522
䡺	4	患	0.9555
䡻	12	對	0.9566
䡼	20	講	0.9640
䡽	9	曹	0.9559
䡾	18	調	0.9537
䡿	21	講	0.9576
䢀	7	乾	0.9624
䢁	11	期	0.9591
䢃	9	戦	0.9504
䢄	12	箱	0.9617
䢅	5	晨	0.9694
䢆	14	関	0.9585
䢇	16	頻	0.9592
䢈	6	唇	0.9605
䢉	2	農	0.9664
䢊	0	辽	0.9578
䢋	1	辺	0.9653
䢌	6	迪	0.9605
䢍	1	迈	0.9683
䢎	0	进	0.9514
䢏	2	连	0.9625
䢐	18	坦	0.9520
䢑	8	退	0.9734
䢒	1	这	0.9562
䢓	0	违	0.9683
䢔	0	适	0.9479
䢕	9	退	0.9653
䢖	1	违	0.9685
䢗	7	迪	0.9674
䢙	1	迫	0.9655
䢚	10	退	0.9600
䢛	1	週	0.9581
䢜	9	逼	0.9548
䢝	10	逼	0.9625
䢞	6	料	0.9603
䢟	11	退	0.9580
䢠	10	选	0.9541
䢡	12	速	0.9627
䢢	7	搶	0.9524
䢣	10	道	0.9625
䢤	19	楼	0.9597
䢥	11	道	0.9697
䢦	6	莲	0.9597
䢧	12	退	0.9588
䢨	3	従	0.9570
䢩	11	逼	0.9613
䢪	4	還	0.9545
䢫	6	遅	0.9575
䢬	11	運	0.9622
䢭	11	选	0.9447
䢮	12	逼	0.9755
䢯	12	选	0.9534
䢰	12	運	0.9589
䢱	8	慣	0.9585
䢲	8	遺	0.9575
䢳	3	邱	0.9596
䢴	1	邦	0.9644
䢶	9	根	0.9638
䢷	19	郡	0.9679
䢸	2	耶	0.9651
䢹	4	邱	0.9603
䢺	1	邮	0.9463
䢻	3	阻	0.9566
䢽	3	萄	0.9547
䢾	6	邪	0.9700
䢿	13	郭	0.9621
䣀	6	廊	0.9682
䣁	5	祀	0.9586
䣂	4	粛	0.9631
䣃	5	邱	0.9697
䣄	20	暦	0.9637
䣆	14	郭	0.9501
䣇	21	闭	0.9596
䣈	19	屈	0.9526
䣉	9	毫	0.9422
䣊	12	部	0.9568
䣋	9	保	0.9653
䣌	7	廊	0.9688
䣍	15	都	0.9656
䣎	13	部	0.9559
䣏	10	傾	0.9621
䣐	4	挪	0.9572
䣑	3	郵	0.9567
䣒	12	惯	0.9615
䣔	5	郎	0.9667
䣖	12	暁	0.9503
䣗	16	都	0.9609
䣘	14	部	0.9581
䣙	7	哪	0.9592
䣚	4	郵	0.9565
䣛	14	膝	0.9620
䣜	6	邱	0.9672
䣝	20	郡	0.9597
䣞	20	鄂	0.9570
䣟	2	鼠	0.9508
䣠	8	鄧	0.9623
䣡	1	訊	0.9492
䣢	5	挪	0.9616
䣣	15	部	0.9469
䣤	3	鼠	0.9568
䣥	3	叱	0.9606
䣦	11	勅	0.9574
䣧	6	压	0.9643
䣨	9	拒	0.9649
䣩	4	吨	0.9612
䣪	12	酢	0.9685
䣫	15	堺	0.9631
䣬	4	敗	0.9631
䣭	16	堺	0.9659
䣮	6	酸	0.9647
䣯	3	面	0.9621
䣰	6	師	0.9647
䣱	22	闽	0.9622
䣲	13	酢	0.9657
䣳	4	両	0.9649
䣴	21	細	0.9624
䣵	7	襾	0.9628
䣶	8	插	0.9686
䣷	2	雑	0.9670
䣸	17	鲁	0.9598
䣹	8	樽	0.9600
䣺	23	谓	0.9689
䣻	21	酷	0.9569
䣼	7	醇	0.9671
䣽	9	智	0.9681
䣾	8	襾	0.9615
䣿	11	掃	0.9634
䤀	5	酵	0.9688
䤁	22	酷	0.9649
䤂	6	酵	0.9702
䤃	23	酷	0.9717
䤄	10	輌	0.9604
䤅	14	喻	0.9714
䤆	7	酵	0.9604
䤇	22	摄	0.9605
䤈	22	細	0.9526
䤉	18	聯	0.9554
䤊	13	攝	0.9700
䤋	9	載	0.9653
䤌	8	搶	0.9692
䤍	11	酶	0.9628
䤎	12	翻	0.9638
䤏	11	醍	0.9608
䤐	6	雷	0.9573
䤑	14	攝	0.9614
䤒	15	磯	0.9518
䤓	12	醍	0.9583
䤔	19	糧	0.9580
䤕	7	酸	0.9613
䤖	15	醸	0.9626
䤗	15	冨	0.9551
䤘	16	醸	0.9656
䤙	12	酶	0.9605
䤚	3	用	0.9618
䤛	10	紳	0.9572
䤜	17	針	0.9589
䤝	8	印	0.9609
䤞	8	餅	0.9528
䤟	16	銅	0.9567
䤠	13	纯	0.9514
䤢	20	銷	0.9540
䤣	13	斜	0.9626
䤤	14	斜	0.9514
䤥	17	銅	0.9540
䤦	12	截	0.9604
䤧	18	銅	0.9695
䤨	8	鉱	0.9570
䤩	23	街	0.9591
䤪	10	叙	0.9615
䤫	18	鉛	0.9608
䤬	2	剑	0.9561
䤭	11	錄	0.9611
䤮	13	选	0.9514
䤯	19	鎌	0.9541
䤰	4	维	0.9490
䤱	21	銷	0.9610
䤲	15	斜	0.9617
䤳	1	統	0.9578
䤴	22	喀	0.9592
䤵	23	擁	0.9470
䤶	17	鐘	0.9616
䤷	14	維	0.9587
䤹	17	絞	0.9606
䤺	7	緬	0.9558
䤻	21	錐	0.9692
䤽	12	錄	0.9607
䤾	22	銷	0.9591
䤿	9	鑽	0.9546
䥀	9	鲜	0.9607
䥁	19	銅	0.9583
䥂	14	製	0.9557
䥃	10	確	0.9723
䥄	23	匯	0.9642
䥅	1	零	0.9370
䥆	22	裏	0.9417
䥇	20	銅	0.9622
䥈	16	斜	0.9636
䥉	18	鐘	0.9578
䥊	11	镇	0.9661
䥋	21	綿	0.9598
䥌	6	舉	0.9540
䥍	6	整	0.9610
䥎	21	銅	0.9665
䥏	6	卸	0.9603
䥐	18	繫	0.9527
䥒	3	窒	0.9532
䥓	23	銷	0.9524
䥔	13	籍	0.9609
䥕	20	應	0.9592
䥖	22	錐	0.9595
䥗	10	徵	0.9563
䥘	23	錐	0.9622
䥙	23	優	0.9572
䥚	3	凰	0.9538
䥛	19	繫	0.9528
䥜	10	粗	0.9665
䥝	17	醸	0.9566
䥞	11	徵	0.9639
䥟	15	維	0.9631
䥠	7	儀	0.9586
䥡	10	鲜	0.9578
䥢	7	整	0.9522
䥣	6	緊	0.9458
䥤	5	範	0.9499
䥥	20	鎌	0.9651
䥦	16	維	0.9548
䥧	19	鉛	0.9641
䥨	14	鍋	0.9676
䥩	12	徵	0.9612
䥪	2	籠	0.9466
䥫	13	截	0.9635
䥬	13	傅	0.9597
䥭	7	母	0.9459
䥮	17	舗	0.9715
䥯	17	鑼	0.9628
䥰	16	键	0.9588
䥱	10	籃	0.9545
䥳	16	赞	0.9508
䥴	23	攜	0.9625
䥶	10	歷	0.9663
䥷	11	摩	0.9577
䥸	10	阔	0.9381
䥹	19	鐘	0.9543
䥺	8	母	0.9597
䥻	4	兔	0.9573
䥼	6	物	0.9707
䥽	21	裁	0.9621
䥾	2	语	0.9641
䥿	12	循	0.9589
䦀	22	闭	0.9632
䦁	6	挪	0.9588
䦂	18	館	0.9577
䦃	5	転	0.9647
䦄	22	逮	0.9630
䦅	14	错	0.9665
䦆	11	翼	0.9565
䦇	10	訟	0.9641
䦈	15	卑	0.9606
䦊	6	転	0.9627
䦋	10	胺	0.9582
䦌	6	围	0.9633
䦍	15	関	0.9663
䦎	7	閒	0.9688
䦏	16	関	0.9726
䦐	12	開	0.9690
䦑	17	関	0.9773
䦒	18	関	0.9663
䦓	3	聞	0.9652
䦔	9	間	0.9669
䦗	10	間	0.9622
䦘	4	園	0.9632
䦙	13	開	0.9698
䦚	11	閏	0.9691
䦛	7	閱	0.9656
䦜	12	閏	0.9729
䦝	8	閱	0.9575
䦞	4	闊	0.9668
䦟	7	閥	0.9616
䦠	19	関	0.9649
䦡	4	聞	0.9739
䦢	20	関	0.9716
䦣	11	間	0.9693
䦤	6	閣	0.9603
䦥	8	閥	0.9733
䦦	7	閣	0.9631
䦨	7	围	0.9636
䦩	5	園	0.9572
䦪	9	閱	0.9597
䦫	21	関	0.9661
䦬	10	閱	0.9609
䦭	22	関	0.9692
䦮	23	関	0.9590
䦯	9	閥	0.9644
䦱	5	閲	0.9486
䦲	15	層	0.9486
䦳	3	關	0.9614
䦴	5	闊	0.9711
䦵	8	閣	0.9439
䦶	23	闽	0.9613
䦷	4	图	0.9515
䦸	4	寓	0.9566
䦹	6	阵	0.9450
䦺	2	卫	0.9594
䦻	6	郎	0.9510
䦼	2	陕	0.9562
䦽	23	闭	0.9603
䦾	20	既	0.9521
䦿	0	巾	0.9530
䧀	2	拡	0.9604
䧁	7	阿	0.9527
䧂	5	昭	0.9611
䧃	6	阳	0.9785
䧄	2	降	0.9646
䧅	2	陳	0.9621
䧆	4	供	0.9576
䧇	10	夜	0.9603
䧈	0	西	0.9595
䧉	4	阻	0.9698
䧊	4	陪	0.9668
䧋	0	阴	0.9634
䧌	10	援	0.9548
䧍	5	陪	0.9636
䧎	7	阳	0.9736
䧏	2	隆	0.9692
䧐	6	陪	0.9601
䧒	3	陕	0.9602
䧓	23	调	0.9560
䧔	1	陰	0.9587
䧕	5	戚	0.9640
䧖	4	隊	0.9479
䧗	7	陪	0.9512
䧘	5	隊	0.9638
䧙	8	陪	0.9544
䧚	9	陪	0.9621
䧛	10	陪	0.9651
䧜	3	陣	0.9637
䧝	4	陣	0.9576
䧞	1	隅	0.9542
䧟	11	陪	0.9691
䧠	5	陣	0.9629
䧡	6	陣	0.9564
䧢	2	隔	0.9550
䧣	5	障	0.9556
䧤	4	隣	0.9525
䧥	8	庸	0.9538
䧦	2	隠	0.9572
䧧	12	陪	0.9562
䧨	13	陪	0.9531
䧩	23	細	0.9579
䧪	2	阪	0.9466
䧫	14	陪	0.9520
䧬	15	陪	0.9648
䧭	1	鹵	0.9566
䧮	6	障	0.9488
䧯	4	隨	0.9506
䧰	21	應	0.9576
䧱	12	雄	0.9626
䧲	7	堆	0.9638
䧴	13	雄	0.9635
䧵	5	惟	0.9579
䧶	1	隼	0.9628
䧷	5	维	0.9614
䧸	8	堆	0.9661
䧹	4	雁	0.9699
䧻	19	館	0.9617
䧼	20	館	0.9649
䧽	11	粗	0.9671
䧾	18	舗	0.9619
䧿	14	唯	0.9613
䨀	3	雑	0.9630
䨁	11	稽	0.9536
䨂	16	蛮	0.9541
䨃	13	裡	0.9607
䨄	21	館	0.9655
䨅	11	確	0.9652
䨆	20	糧	0.9542
䨈	22	館	0.9686
䨉	4	雖	0.9537
䨊	5	焦	0.9598
䨋	2	竜	0.9513
䨌	10	晃	0.9515
䨍	6	襄	0.9588
䨎	5	雲	0.9515
䨏	6	医	0.9503
䨐	2	零	0.9545
䨑	2	電	0.9344
䨔	11	晃	0.9549
䨕	3	罕	0.9539
䨖	8	窄	0.9610
䨗	7	襄	0.9551
䨘	1	寬	0.9580
䨙	9	窪	0.9534
䨚	22	曖	0.9511
䨛	6	霜	0.9670
䨜	17	頻	0.9526
䨝	10	雪	0.9539
䨞	16	冨	0.9605
䨟	10	窪	0.9608
䨠	17	冨	0.9533
䨡	4	圏	0.9511
䨢	18	冨	0.9531
䨣	11	雪	0.9584
䨤	13	逼	0.9500
䨥	9	覆	0.9597
䨦	3	電	0.9547
䨧	8	露	0.9504
䨨	4	電	0.9570
䨩	7	霜	0.9764
䨪	7	雷	0.9678
䨫	6	暴	0.9465
䨬	4	霖	0.9699
䨭	8	霜	0.9626
䨮	12	雪	0.9608
䨯	9	霜	0.9598
䨰	8	雷	0.9527
䨱	10	覆	0.9638
䨲	18	耀	0.9579
䨳	17	詞	0.9545
䨴	8	霸	0.9692
䨵	11	覆	0.9517
䨶	18	詞	0.9416
䨷	10	霜	0.9657
䨸	13	雪	0.9494
䨹	4	曾	0.9488
䨼	22	護	0.9677
䨽	1	邑	0.9491
䨾	0	非	0.9548
䨿	12	肇	0.9563
䩀	0	員	0.9710
䩁	4	畫	0.9335
䩂	1	缅	0.9671
䩃	22	毗	0.9757
䩄	6	现	0.9602
䩅	22	麺	0.9587
䩆	14	酢	0.9772
䩇	13	帕	0.9682
䩈	13	酶	0.9695
䩉	22	哺	0.9694
䩊	15	配	0.9653
䩋	19	椿	0.9605
䩌	14	礁	0.9584
䩍	12	確	0.9632
䩎	9	劍	0.9639
䩏	14	酶	0.9617
䩐	8	乾	0.9653
䩑	13	暁	0.9562
䩒	12	軒	0.9772
䩓	5	髄	0.9535
䩔	11	毀	0.9594
䩕	7	卸	0.9627
䩖	5	靴	0.9516
䩗	9	拥	0.9583
䩘	7	転	0.9708
䩙	8	転	0.9743
䩚	11	職	0.9531
䩛	6	靴	0.9551
䩜	10	甜	0.9700
䩝	12	斬	0.9428
䩟	18	掘	0.9518
䩠	12	挺	0.9565
䩡	12	職	0.9541
䩢	8	勒	0.9510
䩣	6	幹	0.9656
䩤	14	暁	0.9616
䩥	9	艇	0.9559
䩦	13	肇	0.9704
䩧	1	註	0.9592
䩨	23	摄	0.9540
䩩	19	聯	0.9591
䩪	17	旺	0.9630
䩫	2	輛	0.9595
䩬	15	權	0.9521
䩭	20	騎	0.9624
䩮	6	群	0.9620
䩯	17	環	0.9550
䩰	10	輯	0.9681
䩱	2	輸	0.9746
䩲	13	職	0.9561
䩳	8	較	0.9562
䩴	12	醐	0.9563
䩵	11	輯	0.9629
䩶	18	理	0.9510
䩷	9	譲	0.9543
䩸	12	輯	0.9674
䩹	13	歸	0.9595
䩺	21	騎	0.9548
䩻	6	覇	0.9676
䩼	6	髄	0.9557
䩽	16	輻	0.9553
䩾	15	暁	0.9452
䩿	13	對	0.9540
䪀	16	暁	0.9556
䪁	10	譲	0.9579
䪂	14	職	0.9519
䪃	15	職	0.9533
䪄	11	鞍	0.9550
䪅	7	覇	0.9633
䪆	22	講	0.9644
䪇	7	轉	0.9515
䪈	14	歸	0.9531
䪉	11	融	0.9553
䪊	4	謹	0.9683
䪋	15	歸	0.9524
䪌	18	静	0.9573
䪍	13	輯	0.9477
䪎	19	舗	0.9481
䪏	4	補	0.9582
䪐	22	慢	0.9572
䪑	14	纯	0.9596
䪒	2	註	0.9695
䪓	12	貼	0.9632
䪔	14	輯	0.9632
䪕	21	糧	0.9591
䪖	12	毀	0.9586
䪗	16	歸	0.9558
䪘	9	誤	0.9572
䪙	15	輯	0.9604
䪚	17	歸	0.9641
䪛	13	翻	0.9619
䪜	3	籠	0.9515
䪝	13	運	0.9604
䪞	7	匡	0.9515
䪟	12	擺	0.9579
䪠	8	整	0.9500
䪡	2	塑	0.9516
䪢	22	糧	0.9635
䪣	23	糧	0.9611
䪤	3	细	0.9545
䪥	3	讃	0.9616
䪦	12	証	0.9628
䪧	5	制	0.9604
䪨	5	的	0.9632
䪩	10	龄	0.9692
䪪	3	兽	0.9622
䪫	17	證	0.9569
䪬	1	帝	0.9634
䪭	19	譜	0.9624
䪮	18	證	0.9493
䪯	3	善	0.9639
䪰	20	譜	0.9636
䪱	12	垣	0.9751
䪲	4	頑	0.9726
䪳	5	頑	0.9697
䪴	6	頑	0.9643
䪵	3	預	0.9695
䪶	19	坦	0.9749
䪷	9	碩	0.9720
䪹	4	預	0.9637
䪺	12	頼	0.9654
䪻	2	頒	0.9742
䪼	22	距	0.9644
䪽	3	頭	0.9731
䪾	11	温	0.9537
䪿	13	頼	0.9608
䫀	13	垣	0.9703
䫁	14	垣	0.9663
䫂	18	頻	0.9618
䫃	21	頗	0.9703
䫄	7	頑	0.9726
䫅	14	頼	0.9761
䫇	1	禹	0.9640
䫈	17	額	0.9699
䫉	14	肇	0.9516
䫊	18	額	0.9700
䫋	4	類	0.9675
䫌	10	顆	0.9696
䫍	11	時	0.9646
䫎	5	類	0.9694
䫏	15	頼	0.9617
䫐	16	頼	0.9708
䫑	19	額	0.9669
䫒	20	額	0.9657
䫓	6	韻	0.9652
䫔	21	額	0.9644
䫕	7	韻	0.9664
䫖	17	頼	0.9638
䫗	3	賠	0.9600
䫘	6	願	0.9685
䫙	18	頼	0.9731
䫚	20	顕	0.9581
䫛	6	假	0.9622
䫜	13	醍	0.9576
䫝	19	頼	0.9733
䫞	6	類	0.9587
䫟	4	頭	0.9596
䫠	22	額	0.9696
䫡	20	頼	0.9663
䫢	7	願	0.9727
䫣	22	頗	0.9641
䫤	5	頭	0.9673
䫥	3	題	0.9622
䫧	21	頼	0.9724
䫨	23	頗	0.9627
䫩	0	顏	0.9495
䫪	5	粛	0.9569
䫫	19	頻	0.9577
䫬	6	頭	0.9642
䫭	8	韻	0.9626
䫮	9	韻	0.9654
䫯	22	銅	0.9607
䫰	13	麟	0.9570
䫱	22	曜	0.9611
䫲	8	願	0.9554
䫳	21	顕	0.9645
䫴	15	評	0.9601
䫵	10	韻	0.9633
䫷	19	詞	0.9526
䫸	2	爬	0.9471
䫹	7	现	0.9552
䫺	23	麺	0.9598
䫼	21	既	0.9553
䫽	1	属	0.9543
䫾	8	购	0.9498
䫿	5	瞬	0.9561
䬀	11	越	0.9443
䬁	16	配	0.9509
䬂	12	越	0.9527
䬃	8	舰	0.9548
䬄	15	腿	0.9550
䬆	0	飢	0.9547
䬇	9	舰	0.9619
䬈	7	陶	0.9508
䬉	10	舰	0.9520
䬊	13	履	0.9521
䬋	17	暖	0.9527
䬌	16	腿	0.9544
䬍	23	曖	0.9510
䬎	8	陶	0.9537
䬏	7	凱	0.9543
䬐	14	麟	0.9522
䬑	19	調	0.9517
䬒	17	腿	0.9574
䬓	8	凱	0.9569
䬔	12	驗	0.9510
䬕	8	哪	0.9472
䬖	9	凱	0.9587
䬗	10	凱	0.9581
䬘	20	調	0.9510
䬙	6	瞬	0.9539
䬚	21	調	0.9570
䬛	13	腰	0.9540
䬜	22	調	0.9548
䬝	20	屈	0.9512
䬞	15	廳	0.9554
䬟	11	凱	0.9485
䬠	11	霜	0.9482
䬡	14	着	0.9592
䬢	1	飢	0.9736
䬣	3	勾	0.9552
䬤	4	屠	0.9677
䬥	6	貸	0.9556
䬦	6	溫	0.9611
䬧	9	餅	0.9618
䬨	3	飽	0.9588
䬩	7	昏	0.9636
䬪	1	伝	0.9580
䬫	10	餅	0.9627
䬬	5	剣	0.9622
䬭	3	貿	0.9607
䬮	2	飢	0.9607
䬯	23	館	0.9678
䬰	19	踏	0.9672
䬱	6	查	0.9565
䬲	9	飼	0.9785
䬳	11	餅	0.9630
䬴	19	昧	0.9596
䬵	5	织	0.9618
䬶	5	餌	0.9673
䬷	6	唆	0.9457
䬸	9	餐	0.9761
䬹	10	飼	0.9560
䬺	11	鲜	0.9588
䬻	14	雄	0.9610
䬼	6	餌	0.9675
䬽	7	假	0.9581
䬾	12	餅	0.9706
䬿	7	餌	0.9607
䭀	13	曆	0.9604
䭁	8	昏	0.9664
䭂	5	促	0.9534
䭃	11	龄	0.9620
䭄	14	傅	0.9607
䭅	11	飼	0.9766
䭆	4	貿	0.9609
䭇	12	飼	0.9711
䭈	17	键	0.9659
䭉	9	節	0.9689
䭊	13	餅	0.9646
䭋	8	假	0.9607
䭌	3	暨	0.9618
䭍	13	飼	0.9624
䭎	4	餓	0.9631
䭐	9	無	0.9585
䭑	14	餅	0.9594
䭒	15	製	0.9554
䭓	5	曾	0.9596
䭖	14	飼	0.9562
䭗	6	曾	0.9568
䭘	22	綿	0.9564
䭙	19	臂	0.9529
䭚	15	飼	0.9582
䭛	8	餌	0.9676
䭜	8	領	0.9599
䭝	16	飼	0.9605
䭞	14	裡	0.9595
䭟	12	鲜	0.9613
䭠	9	餌	0.9575
䭡	11	僑	0.9513
䭢	17	飼	0.9596
䭤	14	逼	0.9573
䭥	9	領	0.9608
䭦	18	飼	0.9612
䭧	21	暦	0.9497
䭨	19	飼	0.9589
䭩	19	懷	0.9605
䭪	3	價	0.9581
䭫	4	细	0.9602
䭬	8	嗜	0.9627
䭭	15	垣	0.9680
䭮	8	暑	0.9599
䭯	11	甜	0.9616
䭰	17	播	0.9665
䭲	15	骑	0.9633
䭳	7	暴	0.9491
䭴	15	墨	0.9525
䭵	12	凱	0.9553
䭶	23	調	0.9401
䭷	14	運	0.9583
䭸	10	駁	0.9666
䭹	7	町	0.9504
䭺	13	凱	0.9572
䭻	19	験	0.9471
䭼	17	暁	0.9478
䭽	5	野	0.9588
䭿	11	駁	0.9607
䮁	7	髄	0.9575
䮂	12	駁	0.9633
䮃	9	転	0.9610
䮄	7	舉	0.9640
䮅	10	載	0.9602
䮆	10	転	0.9546
䮇	9	睡	0.9591
䮈	4	逻	0.9444
䮉	22	既	0.9585
䮊	18	暁	0.9603
䮋	13	惯	0.9498
䮌	4	稣	0.9558
䮍	9	最	0.9585
䮎	13	確	0.9585
䮏	8	覇	0.9580
䮐	6	闊	0.9564
䮑	18	環	0.9611
䮒	9	覇	0.9594
䮓	7	弾	0.9663
䮔	10	睡	0.9651
䮕	15	麟	0.9498
䮖	17	謂	0.9563
䮗	19	暁	0.9570
䮘	20	暁	0.9530
䮙	11	載	0.9543
䮚	8	舉	0.9560
䮛	20	聯	0.9551
䮜	10	課	0.9606
䮝	10	覇	0.9558
䮞	21	屈	0.9602
䮟	9	舉	0.9648
䮠	11	覇	0.9579
䮡	15	運	0.9534
䮢	19	掘	0.9627
䮣	13	駁	0.9522
䮤	14	確	0.9642
䮥	20	詞	0.9586
䮦	18	歸	0.9534
䮧	11	鍾	0.9624
䮨	19	静	0.9605
䮩	12	覇	0.9605
䮪	16	麟	0.9616
䮫	16	運	0.9567
䮬	14	嘆	0.9679
䮭	7	瞬	0.9593
䮮	14	駁	0.9569
䮯	5	勤	0.9561
䮰	22	騎	0.9616
䮱	19	駿	0.9539
䮲	13	覇	0.9608
䮳	14	翻	0.9661
䮴	23	騎	0.9541
䮵	14	覇	0.9571
䮶	6	塞	0.9571
䮷	15	覇	0.9572
䮸	16	墨	0.9566
䮹	17	麟	0.9455
䮺	19	耀	0.9602
䮻	21	詞	0.9516
䮼	8	瞬	0.9513
䮽	11	睡	0.9447
䮾	20	龍	0.9579
䮿	7	邁	0.9494
䯀	16	覇	0.9618
䯂	23	護	0.9471
䯃	0	驻	0.9596
䯄	4	張	0.9630
䯅	18	暖	0.9533
䯆	5	乱	0.9536
䯇	11	勘	0.9549
䯈	3	訂	0.9497
䯉	14	欺	0.9560
䯊	4	嗣	0.9572
䯋	14	跋	0.9582
䯌	14	晚	0.9522
䯍	20	踏	0.9554
䯎	7	幹	0.9609
䯏	1	話	0.9607
䯐	11	阔	0.9604
䯑	21	暁	0.9549
䯒	2	賄	0.9598
䯓	15	韩	0.9626
䯔	2	琵	0.9654
䯕	13	挺	0.9605
䯖	12	跟	0.9684
䯗	23	曜	0.9614
䯘	22	暁	0.9568
䯙	18	旺	0.9578
䯚	9	嗜	0.9538
䯛	21	聯	0.9592
䯜	8	髄	0.9559
䯝	9	髄	0.9625
䯞	6	睦	0.9455
䯟	10	戦	0.9533
䯠	18	謂	0.9554
䯡	10	謙	0.9690
䯢	12	摩	0.9632
䯣	13	閏	0.9544
䯤	2	翰	0.9457
䯥	17	墨	0.9466
䯦	16	職	0.9476
䯧	3	高	0.9608
䯨	3	奠	0.9553
䯩	1	亀	0.9420
䯪	11	韻	0.9582
䯫	10	誤	0.9575
䯬	3	譚	0.9655
䯭	10	髮	0.9675
䯮	3	旁	0.9467
䯯	11	髮	0.9560
䯱	1	录	0.9588
䯲	2	冕	0.9549
䯳	4	褒	0.9575
䯴	12	髮	0.9589
䯵	19	撃	0.9581
䯶	18	鲁	0.9557
䯷	20	撃	0.9571
䯸	13	髮	0.9604
䯹	5	嘗	0.9426
䯺	8	暴	0.9521
䯻	15	着	0.9659
䯼	14	豪	0.9573
䯽	4	善	0.9581
䯾	4	膚	0.9516
䯿	18	翠	0.9644
䰀	3	寡	0.9373
䰁	16	着	0.9554
䰂	3	案	0.9615
䰃	17	着	0.9499
䰄	4	意	0.9535
䰅	3	賞	0.9620
䰆	15	肇	0.9474
䰇	16	肇	0.9573
䰈	4	籌	0.9490
䰉	6	鬆	0.9513
䰊	21	撃	0.9549
䰋	4	寡	0.9479
䰌	9	浸	0.9586
䰍	1	黍	0.9434
䰎	0	寻	0.9533
䰏	17	擊	0.9553
䰐	8	富	0.9472
䰑	10	壽	0.9354
䰒	15	豪	0.9553
䰓	4	憂	0.9433
䰔	4	龜	0.9515
䰕	3	蘆	0.9501
䰘	14	閏	0.9447
䰙	13	速	0.9594
䰚	7	寂	0.9619
䰛	17	配	0.9486
䰜	19	記	0.9519
䰝	19	謂	0.9573
䰞	22	詞	0.9545
䰠	13	魁	0.9578
䰡	4	趣	0.9586
䰣	18	腿	0.9496
䰤	22	頼	0.9665
䰥	1	馬	0.9560
䰦	17	遇	0.9578
䰧	19	腿	0.9397
䰨	18	遇	0.9527
䰩	6	魂	0.9668
䰪	15	晚	0.9582
䰫	14	魁	0.9497
䰬	15	魁	0.9639
䰭	11	甥	0.9549
䰮	16	魁	0.9465
䰯	7	遅	0.9469
䰰	12	甥	0.9568
䰱	23	暁	0.9459
䰲	6	乱	0.9351
䰳	18	偶	0.9400
䰴	4	免	0.9510
䰵	15	確	0.9469
䰶	13	鲜	0.9458
䰷	14	鲜	0.9653
䰸	11	訟	0.9587
䰹	11	戦	0.9654
䰺	15	礁	0.9572
䰻	15	駁	0.9611
䰼	20	験	0.9540
䰽	6	制	0.9599
䰿	3	鲍	0.9554
䱀	23	映	0.9538
䱁	5	稣	0.9590
䱂	22	應	0.9584
䱃	16	駁	0.9573
䱄	19	弧	0.9513
䱅	20	昧	0.9598
䱆	23	應	0.9577
䱇	22	屈	0.9428
䱈	9	滴	0.9574
䱉	20	舗	0.9487
䱊	10	練	0.9621
䱋	9	鮮	0.9664
䱌	12	融	0.9528
䱍	9	羅	0.9578
䱎	23	屈	0.9490
䱏	10	簡	0.9487
䱐	20	飼	0.9535
䱑	13	硬	0.9527
䱒	16	晚	0.9487
䱓	10	艇	0.9610
䱔	16	媽	0.9567
䱕	15	鲜	0.9590
䱖	6	碼	0.9467
䱘	17	蛮	0.9694
䱙	13	颗	0.9616
䱚	20	懷	0.9560
䱛	20	碱	0.9577
䱜	16	鲜	0.9599
䱝	17	鲜	0.9606
䱞	7	誇	0.9583
䱟	21	舗	0.9567
䱠	17	駁	0.9558
䱡	15	翻	0.9575
䱢	15	酶	0.9599
䱣	9	碰	0.9565
䱤	18	鲜	0.9572
䱥	17	媽	0.9625
䱦	19	偶	0.9560
䱧	18	键	0.9544
䱨	23	銅	0.9553
䱩	15	鋼	0.9568
䱪	21	鎌	0.9582
䱫	12	翼	0.9638
䱬	10	羅	0.9601
䱭	11	羅	0.9514
䱮	20	鐵	0.9512
䱯	13	潛	0.9585
䱰	12	鍾	0.9631
䱲	18	喉	0.9581
䱳	5	働	0.9507
䱴	8	緬	0.9568
䱶	14	硬	0.9585
䱹	19	键	0.9543
䱺	11	籃	0.9495
䱻	10	髄	0.9592
䱼	15	硬	0.9551
䱾	1	舞	0.9538
䱿	16	礁	0.9514
䲀	15	棲	0.9582
䲂	22	聯	0.9595
䲃	18	醸	0.9666
䲄	16	觸	0.9567
䲆	17	礁	0.9468
䲇	14	颗	0.9537
䲈	6	稣	0.9544
䲉	10	無	0.9475
䲊	12	羅	0.9608
䲋	19	醸	0.9575
䲌	14	磨	0.9577
䲍	20	耀	0.9549
䲎	16	硬	0.9611
䲏	4	魔	0.9502
䲐	16	廳	0.9627
䲑	20	醸	0.9562
䲒	21	醸	0.9507
䲓	13	驗	0.9730
䲔	17	廳	0.9523
䲕	7	曾	0.9537
䲖	5	龜	0.9500
䲘	13	羅	0.9583
䲙	21	飼	0.9632
䲚	22	醸	0.9651
䲛	12	僅	0.9548
䲜	12	纏	0.9415
䲝	6	範	0.9514
䲞	4	匿	0.9557
䲣	18	媽	0.9528
䲤	23	醸	0.9628
䲥	3	鷹	0.9577
䲦	6	駄	0.9543
䲧	7	担	0.9600
䲨	19	噴	0.9598
䲩	6	扉	0.9568
䲪	0	財	0.9581
䲫	14	鳩	0.9428
䲬	3	託	0.9513
䲭	20	頻	0.9566
䲮	8	頑	0.9705
䲯	0	頌	0.9626
䲰	4	暨	0.9615
䲱	2	訪	0.9554
䲲	5	隨	0.9619
䲴	21	煌	0.9684
䲵	7	省	0.9607
䲶	16	醫	0.9543
䲷	11	侵	0.9587
䲸	9	創	0.9584
䲺	8	担	0.9557
䲻	12	累	0.9590
䲼	6	碧	0.9600
䲽	15	碍	0.9652
䲾	5	意	0.9596
䲿	12	揚	0.9608
䳀	9	跌	0.9586
䳁	15	跋	0.9539
䳂	7	船	0.9594
䳃	5	鳥	0.9593
䳄	8	卸	0.9610
䳅	7	頭	0.9578
䳆	14	副	0.9520
䳇	23	詞	0.9568
䳈	19	跑	0.9576
䳉	12	缩	0.9568
䳊	18	爆	0.9660
䳋	11	噶	0.9623
䳌	23	慢	0.9611
䳎	12	間	0.9548
䳐	4	鷹	0.9549
䳒	14	誠	0.9604
䳓	21	辉	0.9583
䳔	13	显	0.9518
䳕	16	製	0.9637
䳖	6	闻	0.9552
䳙	5	愚	0.9596
䳚	22	顕	0.9645
䳛	6	愚	0.9632
䳜	11	簡	0.9596
䳝	21	龍	0.9617
䳞	19	鶴	0.9594
䳟	8	鵬	0.9645
䳠	19	理	0.9573
䳡	13	僅	0.9589
䳢	5	患	0.9604
䳣	16	警	0.9624
䳤	15	剖	0.9573
䳥	15	絹	0.9563
䳦	22	龍	0.9561
䳧	16	絹	0.9630
䳨	19	冨	0.9578
䳩	15	逼	0.9605
䳪	23	聯	0.9595
䳫	19	翠	0.9571
䳬	20	掘	0.9639
䳮	9	響	0.9582
䳯	14	羅	0.9547
䳰	9	假	0.9655
䳱	19	鲁	0.9570
䳲	10	響	0.9590
䳳	18	墨	0.9601
䳴	19	環	0.9576
䳵	11	剩	0.9640
䳶	19	暖	0.9674
䳷	17	肇	0.9574
䳸	5	屋	0.9554
䳹	20	記	0.9513
䳺	20	鶴	0.9621
䳻	22	撃	0.9595
䳼	20	謂	0.9504
䳽	21	鶴	0.9623
䳾	22	鶴	0.9616
䳿	6	隨	0.9585
䴀	23	鶴	0.9562
䴁	8	謝	0.9588
䴂	17	絹	0.9589
䴃	20	臂	0.9603
䴄	9	瞬	0.9617
䴅	15	噂	0.9634
䴆	3	塑	0.9618
䴊	21	謂	0.9560
䴋	9	露	0.9578
䴌	19	墨	0.9551
䴍	13	間	0.9557
䴎	1	畳	0.9615
䴏	20	墨	0.9550
䴐	2	讚	0.9593
䴑	4	讃	0.9559
䴒	7	靈	0.9557
䴔	12	辩	0.9550
䴖	21	記	0.9621
䴚	16	剖	0.9550
䴛	17	剖	0.9557
䴜	17	晚	0.9483
䴝	2	雨	0.9556
䴞	4	圈	0.9545
䴟	16	層	0.9623
䴠	9	庸	0.9602
䴡	4	鹿	0.9686
䴢	22	暦	0.9617
䴣	21	耀	0.9636
䴤	6	塵	0.9725
䴦	5	雇	0.9687
䴧	8	酸	0.9564
䴨	9	願	0.9632
䴩	10	庸	0.9650
䴪	19	爆	0.9679
䴫	22	耀	0.9570
䴬	16	胶	0.9574
䴭	3	材	0.9556
䴮	0	肉	0.9547
䴯	7	物	0.9560
䴰	20	楼	0.9611
䴱	23	逮	0.9568
䴲	21	楼	0.9589
䴳	17	胶	0.9545
䴴	14	速	0.9535
䴵	20	撲	0.9542
䴶	8	攀	0.9631
䴷	6	遠	0.9584
䴸	5	褒	0.9623
䴹	23	课	0.9683
䴺	22	裁	0.9554
䴻	7	黎	0.9565
䴼	5	藥	0.9430
䴽	7	群	0.9541
䴾	21	撲	0.9517
䴿	20	豫	0.9608
䵀	14	繋	0.9567
䵁	23	裁	0.9542
䵂	21	懷	0.9579
䵃	9	較	0.9616
䵄	10	舉	0.9597
䵅	3	裴	0.9522
䵆	20	繫	0.9655
䵇	4	板	0.9706
䵈	12	稽	0.9552
䵉	14	曆	0.9705
䵊	15	揮	0.9626
䵋	3	賄	0.9624
䵌	10	較	0.9611
䵎	19	歸	0.9578
䵏	16	撥	0.9474
䵐	17	輻	0.9592
䵑	6	初	0.9539
䵒	12	粗	0.9655
䵓	7	择	0.9616
䵔	12	剩	0.9652
䵕	14	離	0.9427
䵖	7	緊	0.9524
䵗	23	額	0.9578
䵘	12	额	0.9582
䵙	5	隣	0.9597
䵚	2	辭	0.9608
䵛	15	膝	0.9463
䵜	16	翻	0.9567
䵝	12	勳	0.9400
䵞	18	剖	0.9537
䵟	20	環	0.9535
䵠	11	髄	0.9524
䵡	8	奪	0.9506
䵢	21	昧	0.9565
䵣	23	顕	0.9545
䵤	7	塞	0.9555
䵥	7	點	0.9547
䵦	21	環	0.9643
䵧	23	鼓	0.9587
䵨	21	墨	0.9571
䵩	11	舉	0.9613
䵪	12	舉	0.9583
䵫	4	駕	0.9559
䵬	17	赠	0.9658
䵭	15	羅	0.9588
䵮	22	墨	0.9557
䵯	10	厘	0.9546
䵰	16	羅	0.9585
䵱	23	墨	0.9594
䵲	11	課	0.9606
䵳	5	繪	0.9536
䵴	15	閏	0.9626
䵵	18	着	0.9557
䵶	4	繩	0.9573
䵷	7	睦	0.9562
䵸	4	籠	0.9522
䵹	23	龍	0.9518
䵻	14	諱	0.9592
䵼	5	讃	0.9540
䵽	23	裏	0.9576
䵾	14	挺	0.9566
䵿	11	替	0.9598
䶀	12	替	0.9612
䶁	18	擊	0.9597
䶂	19	喉	0.9607
䶃	12	龄	0.9575
䶅	23	喀	0.9647
䶆	19	鲜	0.9603
䶇	14	開	0.9628
䶈	21	掘	0.9618
䶉	17	翻	0.9628
䶊	19	旺	0.9561
䶋	3	農	0.9520
䶌	6	胞	0.9544
䶍	21	臂	0.9652
䶏	12	霜	0.9623
䶐	4	輪	0.9495
䶑	17	運	0.9449
䶒	7	唇	0.9623
䶓	4	劑	0.9585
䶔	5	吨	0.9396
䶕	4	吧	0.9457
䶖	8	齡	0.9666
䶗	9	岡	0.9585
䶘	8	曾	0.9498
䶙	23	距	0.9436
䶚	13	融	0.9658
䶛	4	窒	0.9519
䶜	7	諾	0.9536
䶝	6	献	0.9577
䶞	14	融	0.9592
䶟	12	詩	0.9516
䶠	13	窗	0.9498
䶡	10	岡	0.9486
䶢	12	載	0.9572
䶣	1	譯	0.9476
䶤	22	謂	0.9502
䶥	15	副	0.9487
䶦	5	讀	0.9480
䶧	18	曉	0.9554
䶨	14	驗	0.9581
䶩	23	耀	0.9542
䶪	0	戰	0.9499
䶫	9	謝	0.9472
䶬	11	寵	0.9593
䶭	8	胜	0.9547
䶯	19	媽	0.9578
䶰	6	龜	0.9520
䶱	13	缩	0.9513
䶲	16	閏	0.9433
䶳	9	論	0.9485
䶴	18	翻	0.9496
䶵	15	驗	0.9427
䶶	1	同	0.8976
䶷	2	同	0.8976
䶸	3	同	0.8976
䶹	4	同	0.8976
䶺	5	同	0.8976
䶻	6	同	0.8976
䶼	7	同	0.8976
䶽	8	同	0.8976
䶾	9	同	0.8976
䶿	10	同	0.8976
