र	1854830	1
न	1227291	1
क	1158662	1
स	1158430	1
त	1005267	1
।	838491	1
म	817503	1
प	806006	1
व	781881	1
अ	780457	1
का	744209	2
ल	743593	1
य	621783	1
ग	575942	1
मा	542535	2
ह	534195	1
रा	524937	2
के	514470	2
ए	463036	1
आ	461293	1
ना	446665	2
वि	433585	2
को	432108	2
ज	426740	1
ने	403404	2
ता	383841	2
या	372008	2
ब	366465	1
उ	363230	1
द	361963	1
प्र	358468	3
इ	353070	1
ला	342346	2
वा	336058	2
ति	330488	2
नि	327737	2
सा	319400	2
ले	302942	2
श	301599	1
में	290957	3
भा	269209	2
है	258226	2
की	257798	2
से	257441	2
ण	255108	1
च	254899	1
पा	239292	2
१	233400	1
ट	232754	1
ती	230761	2
हा	223579	2
सं	222030	2
जा	219463	2
री	210952	2
रि	210824	2
भ	208743	1
ते	206919	2
रू	203491	2
ई	197621	1
कि	195265	2
-	189202	1
बा	187371	2
नी	183593	2
दे	183135	2
दि	180221	2
स्य	176054	3
हो	175399	2
०	171149	1
लि	170383	2
औ	164346	1
यो	150932	2
ली	150701	2
म्	149093	2
त्र	149022	3
दा	148045	2
पु	145690	2
हि	145168	2
हे	142997	2
चा	140826	2
रे	138489	2
२	138298	1
ख	133248	1
था	131824	2
मि	131100	2
मु	130981	2
शा	124071	2
ड	121817	1
९	119557	1
ध	118897	1
गा	116227	2
सि	112333	2
न्	109443	2
जि	105886	2
पू	104459	2
धा	102945	2
हु	102577	2
.	101665	1
मे	101544	2
त्	100605	2
ही	99105	2
शि	97281	2
सी	96670	2
नु	96532	2
ष	96195	1
वे	95790	2
च्या	95131	4
थ	93401	1
पि	90356	2
रो	88451	2
जी	88026	2
हैं	87382	3
छ	86852	1
सु	86618	2
स्था	84608	4
प्रा	84358	4
कु	84242	2
रु	81804	2
लो	81368	2
चे	80993	2
धि	80280	2
चि	79706	2
दी	78550	2
भी	78454	2
ची	78376	2
ये	76905	2
णि	76190	2
क्ष	75781	3
मी	73944	2
५	71795	1
णा	71556	2
८	71119	1
त्य	70332	3
र्व	69764	3
यु	69002	2
३	68406	1
४	66042	1
कृ	65930	2
घ	64912	1
६	64174	1
७	62802	1
सू	60240	2
भि	60047	2
खा	59226	2
व्य	57521	3
र्य	57497	3
तः	57168	2
षा	56888	2
त्या	56279	4
फ	55973	1
द्ध	55880	3
गु	55407	2
गो	52970	2
ळ	52560	1
तु	52547	2
स्व	51758	3
दु	51728	2
तो	50784	2
रं	50131	2
र्ण	50061	3
त्त	49896	3
ज्ञा	49388	4
जो	48948	2
क्षे	47787	4
न्त	47636	3
मो	47226	2
टा	45892	2
न्द	45263	3
वी	45191	2
श्व	45065	3
नं	44541	2
म्ब	44313	3
न्य	44181	3
ल्या	43792	4
स्ति	43790	4
डा	43436	2
भू	43214	2
मं	43106	2
गी	42996	2
शे	42910	2
शी	42621	2
ज्य	42383	3
थि	42376	2
वं	42170	2
न्ति	42131	4
स्त	41992	3
र्म	41853	3
डी	41827	2
द्वा	40883	4
ध्य	40616	3
धी	40437	2
क्त	39707	3
तं	39305	2
न्छ	38903	3
ठ	38792	1
स्थि	38745	4
गि	38260	2
बि	38180	2
थे	38133	2
डि	37984	2
टी	37677	2
र्थ	37326	3
ग्र	37149	3
यां	36842	3
पे	36825	2
खे	36566	2
णी	36293	2
अं	36288	2
दो	36038	2
व्या	35784	4
क्र	34925	3
गे	34873	2
ण्ड	34821	3
यों	34355	3
सो	34321	2
बे	34074	2
र्ष	33899	3
खि	33736	2
बी	33730	2
द्या	33694	4
मू	33610	2
जु	33497	2
न्न	33408	3
नां	33230	3
टे	32987	2
ध्ये	32944	4
क्रि	32699	4
जे	32607	2
दू	32387	2
ओ	32030	1
र्भ	31952	3
णे	31934	2
क्षा	31610	4
क्षि	30848	4
ठी	30806	2
नो	30511	2
फि	30349	2
र्ग	30335	3
क्ति	30173	4
पी	29853	2
टि	29825	2
ण्या	29616	4
वै	29539	2
प्त	29503	3
झा	29365	2
श्री	29016	4
शु	28031	2
यं	27904	2
यः	27899	2
हीं	27862	3
त्रा	27660	4
षु	27625	2
थी	27470	2
द्र	27358	3
ख्या	27200	4
स्ता	26660	4
र्मा	26653	4
स्कृ	26489	4
डे	26357	2
लं	26267	2
ओं	26203	2
इं	26135	2
न्या	26039	4
त्व	26015	3
न्म	25742	3
र्त	25662	3
ल्ला	25254	4
ऽ	25212	1
,	25195	1
ळा	25167	2
स्ट	24730	3
ऑ	24631	1
वृ	24599	2
बु	24569	2
कं	24551	2
ष्ट	24460	3
बो	24425	2
बं	24340	2
ड़	24293	2
मृ	23882	2
पो	23517	2
दृ	23488	2
श्य	23423	3
स्का	23181	4
र्श	23118	3
त्रि	22989	4
जू	22955	2
र्वे	22679	4
ख्य	22245	3
नों	22195	3
न्द्र	22004	5
सिं	21641	3
शो	21606	2
हाँ	21586	3
त्यां	21542	5
द्य	21434	3
श्चि	21384	4
नै	21177	2
ठा	21120	2
याः	20616	3
कां	20385	3
ऊ	20296	1
स्प	19766	3
स्थ	19646	3
म्प	19517	3
यि	19474	2
त्री	19453	4
ह्य	19394	3
सः	19351	2
लु	19276	2
ध्या	19122	4
पं	19116	2
ग्री	19116	4
याँ	19067	3
र्वा	19054	4
जै	19023	2
स्वा	18916	4
ञ्च	18665	3
ऐ	18366	1
ग्रे	18311	4
कै	18302	2
र्च	18210	3
ष्ट्र	18113	5
ङ्ग	18065	3
रों	18058	3
घा	18035	2
यी	17916	2
फा	17861	2
ल्म	17854	3
त्म	17801	3
नः	17378	2
स्त्र	17361	5
मै	17349	2
म्ह	17179	3
रः	17166	2
’	17091	1
र्षे	17040	4
धु	16979	2
ढ	16970	1
र्मि	16969	4
सै	16967	2
उँ	16963	2
स्मि	16612	4
द्धा	16438	4
न्दी	16415	4
त्वा	16252	4
कः	16217	2
षि	16203	2
बै	16095	2
र्या	15828	4
स्तु	15756	4
र्क	15688	3
मां	15553	3
ळे	15500	2
प्रे	15328	4
ड़ा	15228	3
छि	15079	2
द्धाः	14996	5
भे	14884	2
न्हें	14884	5
खाः	14851	3
स्या	14756	4
ग्रा	14662	4
ज्या	14602	4
हिं	14600	3
पृ	14553	2
र्ने	14453	4
क्स	14232	3
‘	14110	1
ष्ट्री	14007	6
स्	14000	2
ड़ी	13969	3
र्न	13910	3
छो	13902	2
ष्ठ	13871	3
श्र	13760	3
डू	13689	2
न्तु	13610	4
चु	13606	2
सां	13573	3
कों	13438	3
यू	13420	2
एँ	13391	2
श्च	13344	3
णं	13333	2
न्हों	13224	5
ब्र	13208	3
म्म	13199	3
र्द	13143	3
न्दि	13108	4
ष्ण	13087	3
ष्य	13085	3
टो	12961	2
भो	12932	2
त्ये	12724	4
न्ध	12668	3
ह्म	12534	3
ब्द	12435	3
प्रै	12312	4
फे	12093	2
ङ	12042	1
तू	12008	2
फ़ि	11907	3
॥	11897	1
खो	11870	2
र्ड	11816	3
त्प	11774	3
गं	11764	2
ळी	11711	2
स्म	11706	3
झ	11692	1
पै	11669	2
हां	11666	3
दै	11552	2
दं	11527	2
क्या	11471	4
णां	11444	3
ज़	11414	2
ऋ	11411	1
चौ	11384	2
खी	11361	2
गों	11273	3
छा	11273	2
ऱ्या	11249	4
मः	11213	2
म्रा	11203	4
त्ति	11191	4
किं	11171	3
धे	11128	2
तृ	11042	2
भु	11018	2
ड़ि	10954	3
द्वि	10946	4
प्रि	10936	4
न्त्र	10894	5
च्च	10892	3
कू	10887	2
ल्प	10793	3
रां	10789	3
न्दा	10699	4
स्वी	10625	4
फु	10602	2
आं	10592	2
त्स	10583	3
डो	10543	2
नाः	10500	3
च्छ	10441	3
त्ता	10436	4
खु	10352	2
त्त्व	10225	5
ङ्क	10195	3
मौ	10177	2
ताः	10174	3
गृ	10076	2
चं	10048	2
न्ते	10047	4
श्रे	9992	4
घो	9971	2
शं	9925	2
ल्ले	9863	4
ढ़	9831	2
घे	9748	2
त्रे	9748	4
णू	9741	2
र्ति	9684	4
ज्ञ	9630	3
ब्रा	9563	4
द्यो	9549	4
षे	9541	2
कॉ	9492	2
लों	9437	3
ब्रि	9428	4
र्नु	9383	4
शै	9235	2
द्धि	9223	4
र्	9104	2
लां	9038	3
रै	8986	2
गां	8955	3
ह्या	8937	4
वः	8918	2
दौ	8917	2
ष्टि	8810	4
ड़े	8785	3
त्यु	8770	4
ब्स्	8763	4
न्स	8737	3
षां	8699	3
कें	8564	3
एं	8555	2
काः	8474	3
ल्ली	8461	4
वो	8452	2
भौ	8429	2
घु	8422	2
सँ	8406	2
ञ्जू	8382	4
तां	8377	3
ढा	8346	2
स्मा	8343	4
त्पा	8318	4
द्रा	8291	4
शः	8280	2
हू	8268	2
सौ	8214	2
बौ	8174	2
र्ज	8099	3
र्ध	8094	3
खं	8052	2
गौ	8021	2
फी	7991	2
डॉ	7967	2
स्त्री	7963	6
र्था	7960	4
द्	7935	2
र्ट	7932	3
ङ्ख्या	7927	6
ठे	7924	2
म्भ	7819	3
प्रो	7818	4
)	7818	1
र्यं	7809	4
हं	7770	2
क्य	7730	3
त्रं	7566	4
र्णा	7560	4
ष्टा	7488	4
बॉ	7417	2
योः	7403	3
”	7395	1
ङ्गा	7393	4
न्तः	7348	4
स्क	7339	3
लू	7329	2
“	7327	1
बां	7284	3
गः	7215	2
त्यू	7103	4
/	7102	1
स्रो	7083	4
न्यू	7042	4
चो	7023	2
धू	7017	2
पौ	7001	2
ष्ट्रि	6999	6
न्ने	6988	4
श्वा	6980	4
ठि	6973	2
(	6946	1
नौ	6931	2
वीं	6853	3
ल्य	6787	3
तिः	6775	3
कौ	6774	2
न्दु	6756	4
नू	6739	2
पां	6734	3
तौ	6688	2
शां	6688	3
हुँ	6664	3
त्मा	6657	4
थ्वी	6646	4
लै	6611	2
णु	6571	2
प्य	6529	3
लिं	6489	3
न्ना	6488	4
फ्नो	6486	4
म्मा	6473	4
र्वी	6465	4
स्र	6455	3
र्स	6452	3
फो	6422	2
र्थि	6393	4
त्का	6367	4
मुं	6313	3
द्वी	6278	4
ज्यो	6252	4
गै	6247	2
ज़ि	6236	3
र्ता	6221	4
गू	6216	2
त्वे	6125	4
र्दे	6110	4
फ़	6105	2
त्ती	6044	4
र्षा	6015	4
ब्ध	5999	3
क्री	5998	4
1	5945	1
बू	5937	2
सें	5901	3
खें	5881	3
क्टू	5873	4
ढी	5859	2
ष्ट्रा	5836	6
भ्य	5802	3
ल्हा	5799	4
॰	5792	1
स्याः	5788	5
क्तू	5780	4
षः	5774	2
म्या	5772	4
श्लो	5763	4
तुं	5759	3
र्धा	5736	4
श्चा	5732	4
तों	5730	3
फू	5715	2
क्ता	5706	4
तै	5682	2
त्त्वा	5678	6
ण्य	5656	3
भ्यः	5626	4
जं	5601	2
ल्	5597	2
र्थं	5591	4
थो	5585	2
क्	5563	2
ग्य	5562	3
ञ्चा	5553	4
त्रों	5549	5
णः	5540	2
उं	5534	2
न्ता	5532	4
क्ट	5491	3
र्छ	5440	3
द्व	5425	3
स्टे	5419	4
डु	5410	2
त्सा	5368	4
ल्ल	5359	3
व्हा	5358	4
फै	5353	2
क्रा	5324	4
दः	5298	2
:	5278	1
वां	5272	3
ग्रं	5267	4
'	5198	1
गाँ	5192	3
च्छा	5134	4
थ्य	5107	3
र्गा	5095	4
न्त्री	5080	6
ञ्ज	5055	3
र्षि	5048	4
न्थ	5019	3
क्षी	4970	4
स्ट्रे	4966	6
न्धः	4948	4
नृ	4947	2
णों	4943	3
न्दू	4940	4
व्र	4938	3
ष्ठा	4928	4
ब्दी	4908	4
र्फ	4873	3
र्वो	4871	4
र्जा	4842	4
न्धि	4800	4
ङ्का	4796	4
र्थः	4772	4
र्ती	4752	4
क्ल	4745	3
विं	4738	3
ध्व	4693	3
हृ	4689	2
भ्या	4689	4
न्मा	4666	4
टु	4630	2
ल्ह्या	4620	6
ट्ट	4611	3
र्टी	4596	4
लौ	4591	2
लः	4587	2
जां	4568	3
शों	4552	3
र्प	4547	3
र्ना	4483	4
थै	4462	2
म्य	4424	3
क्यों	4417	5
र्णि	4416	4
द्यु	4402	4
ज्ये	4399	4
ष्क	4361	3
भिः	4359	3
रें	4355	3
स्ती	4346	4
ब्दा	4337	4
स्मृ	4335	4
न्तं	4312	4
प्या	4263	4
द्दे	4234	4
श्रा	4231	4
द्गी	4230	4
च्य	4222	3
ङ्गी	4215	4
रॉ	4213	2
स्ना	4198	4
त्न	4155	3
थु	4150	2
ज़ा	4149	3
ढे	4133	2
स्ते	4118	4
स्तो	4115	4
झी	4107	2
ष्णु	4083	4
सृ	4066	2
जॉ	4065	2
प्ता	4048	4
ण्डि	4040	4
क्ष्म	4021	5
च्चा	4011	4
लैं	3994	3
क्ती	3992	4
ल्स	3987	3
द्भ	3984	3
भ्र	3963	3
शू	3949	2
त्वं	3922	4
क्क	3911	3
राः	3902	3
चै	3894	2
स्पे	3891	4
न्दो	3874	4
क्रो	3862	4
बृ	3829	2
त्नी	3810	4
हों	3760	3
वू	3757	2
र्रा	3747	4
म्न	3723	3
र्जु	3722	4
त्यं	3709	4
र्षः	3695	4
ढ़ा	3671	3
म्बा	3666	4
र्शि	3649	4
धो	3639	2
ळ्या	3635	4
क्ष्मी	3633	6
म्पा	3629	4
स्ला	3621	4
–	3619	1
म्प्र	3612	5
ट्टी	3605	4
हः	3573	2
स्कू	3567	4
0	3555	1
ल्ड	3523	3
ळू	3517	2
कुं	3513	3
न्धाः	3504	5
न्ट	3492	3
व्ह	3490	3
क्टो	3481	4
ईं	3441	2
च्छे	3441	4
र्दा	3440	4
वों	3431	3
न्व	3415	3
ग्नि	3406	4
पाँ	3384	3
चू	3365	2
र्ब	3359	3
न्हा	3358	4
ठू	3315	2
कॅ	3312	2
प्तः	3309	4
ठो	3306	2
द्द	3293	3
खू	3282	2
मों	3279	3
ज़ी	3272	3
2	3260	1
ङ्के	3251	4
दों	3225	3
झे	3221	2
श्या	3213	4
षी	3208	2
ष्टी	3202	4
श्रु	3201	4
स्तै	3195	4
टू	3192	2
म्पू	3191	4
हॉ	3180	2
न्धी	3174	4
चां	3169	3
न्ड	3167	3
ट्य	3148	3
छे	3147	2
र्यः	3134	4
द्रो	3131	4
लॉ	3121	2
स्टा	3118	4
श्मी	3108	4
त्यो	3094	4
द्री	3081	4
ब्रु	3080	4
स्तू	3064	4
बाँ	3061	3
म्मे	3051	4
घि	3036	2
न्ती	3013	4
क्ष्य	2989	5
जिं	2987	3
लें	2984	3
मैं	2978	3
न्द्रि	2972	6
ट्	2967	2
जों	2966	3
‎	2964	1
न्त्रि	2961	6
द्धां	2955	5
त्कृ	2950	4
न्ये	2946	4
छु	2941	2
ट्टा	2934	4
ग्न	2930	3
प्ताः	2925	5
व्यं	2923	4
ण्डा	2906	4
म्स	2904	3
यौ	2897	2
त्ते	2872	4
व्हि	2859	4
द्म	2858	3
ड्या	2858	4
न्दे	2856	4
र्तुं	2852	5
ङ्ग्र	2846	5
वु	2844	2
ङ्ग्रे	2840	6
क्तं	2839	4
णो	2832	2
ट्स	2825	3
थीं	2818	3
वॉ	2809	2
प्प	2808	3
स्सा	2805	4
र्भा	2805	4
काँ	2804	3
स्को	2798	4
भं	2796	2
वें	2796	3
फ्रां	2772	5
र्मी	2760	4
म्र	2757	3
द्दी	2751	4
स्त्रा	2721	6
क्रां	2719	5
जः	2718	2
फ्रि	2707	4
मॉ	2692	2
र्गे	2686	4
ह्मा	2683	4
स्लि	2678	4
क्तः	2678	4
ख़	2667	2
र्दै	2667	4
बैं	2656	3
र्घ	2650	3
र्वि	2646	4
श्ले	2645	4
र्गी	2644	4
प्ती	2639	4
प्ले	2638	4
ङ्घ	2635	3
आँ	2627	2
श्वे	2627	4
माँ	2621	3
प्रां	2621	5
र्षी	2619	4
स्थ्य	2617	5
पॉ	2584	2
र्थी	2583	4
टै	2582	2
ष्का	2581	4
प्ति	2580	4
ब्या	2577	4
तुः	2574	3
ग्ने	2559	4
ल्वे	2558	4
ब्ब	2552	3
दुः	2547	3
9	2542	1
ख़ा	2533	3
प्री	2531	4
स्टि	2528	4
र्चा	2523	4
र्जि	2512	4
क्का	2499	4
न्तुः	2498	5
र्यो	2490	4
सुं	2484	3
ऊँ	2474	2
रौ	2472	2
न्थे	2449	4
न्धा	2433	4
ग्वे	2430	4
फ्री	2430	4
छै	2417	2
फॉ	2408	2
म्ना	2406	4
ल्ट	2404	3
फ्ट	2395	3
ण्डे	2377	4
स्तृ	2370	4
"	2365	1
नीं	2363	3
ल्पा	2360	4
द्रि	2359	4
र्जी	2351	4
त्रु	2348	4
क्सा	2337	4
हुं	2325	3
चिं	2325	3
भै	2325	2
नें	2323	3
ग्लि	2321	4
क्सि	2319	4
क्रे	2309	4
र्को	2300	4
प्रौ	2297	4
र्वं	2297	4
फ्रा	2295	4
ष्ठि	2294	4
न्मे	2293	4
पः	2289	2
पिं	2280	3
ष्णा	2269	4
ष्प	2266	3
सों	2266	3
डों	2242	3
टों	2238	3
र्तु	2238	4
ञ्चि	2235	4
र्ल	2233	3
तेः	2230	3
फ़े	2225	3
तीं	2220	3
तें	2210	3
डौँ	2195	3
झि	2192	2
त्थ	2188	3
दां	2188	3
ठ्या	2188	4
स्थे	2185	4
मॅ	2183	2
ष्या	2170	4
ऊं	2168	2
र्दि	2159	4
र्नि	2148	4
नॉ	2147	2
ल्मों	2145	5
र्श्व	2133	5
ल्ने	2124	4
सॉ	2108	2
पों	2105	3
टां	2100	3
द्धः	2092	4
र्षों	2087	5
ट्रो	2082	4
स्टी	2077	4
ष्ट्या	2072	6
म्रो	2071	4
ल्में	2070	5
ग्ला	2070	4
3	2067	1
ट्या	2062	4
स्वि	2058	4
वाः	2056	3
म्बि	2055	4
ज्वा	2055	4
न्त्रा	2054	6
च्चि	2053	4
म्बे	2050	4
स्त्रि	2044	6
झु	2034	2
श्न	2029	3
त्क	2029	3
ल्लो	2029	4
श्रि	2027	4
रिं	2025	3
ग्या	2014	4
न्द्री	2003	6
त्रै	1999	4
म्भा	1994	4
क्तिः	1992	5
ञ्जा	1985	4
फ़ा	1983	3
म्यु	1982	4
स्टो	1973	4
र्ये	1972	4
षाः	1971	3
द्धं	1971	4
ग्द	1970	3
स्रा	1964	4
ल्लि	1952	4
य्य	1945	3
र्गः	1940	4
र्की	1935	4
खों	1935	3
स्यो	1926	4
र्षां	1925	5
स्यां	1922	5
त्मि	1919	4
शृ	1913	2
श्	1911	2
थं	1905	2
टिं	1895	3
षो	1895	2
ड़ों	1894	4
र्हि	1893	4
क्षु	1889	4
क्सी	1883	4
धः	1879	2
क्षः	1877	4
त्र्य	1869	5
श्ट	1868	3
त्यि	1864	4
न्धु	1856	4
बिं	1845	3
ज्यों	1822	5
स्ने	1818	4
क्षां	1816	5
शौ	1807	2
क्ला	1796	4
खां	1790	3
निः	1782	3
त्तिः	1768	5
ट्रे	1764	4
प्नो	1756	4
ग्लं	1756	4
गें	1746	3
र्कि	1744	4
व्हें	1741	5
न्नि	1730	4
खः	1727	2
क्छ	1726	3
धों	1723	3
म्मि	1722	4
र्पि	1713	4
थ्या	1708	4
प्टें	1701	5
ग्लो	1699	4
ल्क	1692	3
स्यै	1691	4
म्भि	1690	4
र्मे	1677	4
र्धे	1676	4
लाः	1668	3
द्धे	1667	4
णाः	1654	3
ट्रि	1653	4
स्फो	1648	4
द्धिः	1637	5
च्चे	1632	4
त्रः	1626	4
ज्ज	1624	3
न्यां	1623	5
ग़	1621	2
भृ	1620	2
र्थे	1615	4
ख्ये	1615	4
न्था	1606	4
ब्दे	1604	4
ल्ब	1603	3
शिं	1601	3
झो	1600	2
ङ्ग्ल	1599	5
माः	1593	3
यें	1591	3
र्णी	1589	4
न्यु	1587	4
ष्म	1579	3
ष्ठे	1579	4
4	1576	1
थां	1575	3
ल्कि	1573	4
यै	1572	2
5	1570	1
क़	1569	2
व्यु	1567	4
थों	1567	3
श्वि	1563	4
र्सि	1562	4
ध्रु	1561	4
घू	1551	2
ल्मी	1551	4
त्रो	1549	4
क्ते	1548	4
श्रो	1545	4
न्हो	1544	4
हें	1538	3
ग्रि	1533	4
सौं	1527	3
फ्रें	1526	5
गुं	1521	3
ज्ञः	1519	4
र्दू	1518	4
न्द्रा	1512	6
व्ये	1509	4
ङ्गे	1508	4
8	1504	1
द्वै	1499	4
6	1495	1
न्ही	1489	4
ल्हे	1483	4
द्रु	1481	4
म्मू	1476	4
नैः	1471	3
ऱ्यां	1470	5
र्का	1467	4
ट्र	1465	3
टॉ	1465	2
ग्वा	1465	4
क्श	1464	3
तिं	1464	3
ट्यू	1458	4
ष्टं	1455	4
7	1449	1
म्हा	1447	4
न्थ्यो	1443	6
प्ला	1437	4
द्वे	1436	4
ग्लैं	1434	5
द्दा	1432	4
फ़ी	1425	3
म्पि	1422	4
जें	1417	3
क्ने	1417	4
स्जि	1415	4
ड्स	1410	3
प्पा	1405	4
च्छी	1400	4
स्त्रे	1399	6
ब्दों	1396	5
पुं	1394	3
युः	1392	3
न्तो	1388	4
हौ	1385	2
ढो	1382	2
क्लि	1379	4
र्मः	1379	4
ण्ट	1376	3
ट्रा	1376	4
र्यों	1375	5
ल्ता	1367	4
गाः	1366	3
ज्यं	1365	4
क्व	1362	3
स्तः	1360	4
ण्डी	1357	4
ड्	1355	2
प्	1355	2
भां	1354	3
त्रां	1354	5
र्गि	1352	4
शाः	1351	3
न्त्य	1349	5
र्ह	1347	3
क्ताः	1345	5
चें	1343	3
ॐ	1342	1
अँ	1330	2
मिं	1327	3
र्चि	1326	4
ष्टः	1323	4
थू	1322	2
क्लो	1318	4
ल्यां	1316	5
निं	1313	3
ष्ट्वा	1312	6
र्वां	1304	5
ब्रे	1296	4
स्के	1291	4
पें	1289	3
ठु	1281	2
त्था	1280	4
च्छि	1276	4
|	1276	1
धृ	1275	2
टं	1274	2
ल्ल्या	1273	6
स्तं	1272	4
ड्रो	1264	4
ढ़ी	1259	3
र्णं	1259	4
साँ	1257	3
धं	1254	2
बँ	1253	2
ब्लि	1253	4
ज्व	1252	3
स्मै	1249	4
म्बु	1248	4
ष्	1244	2
ट्टि	1242	4
र्टि	1241	4
ॲ	1241	1
क्के	1239	4
स्कॉ	1237	4
स्ट्रि	1234	6
क्नो	1234	4
टुं	1227	3
र्खा	1221	4
श्रृं	1218	5
धिः	1203	3
ष्ये	1201	4
र्शा	1195	4
र्दी	1189	4
पॅ	1187	2
क्नु	1186	4
न्ह	1184	3
ह्र	1183	3
डां	1181	3
य्या	1181	4
भ्यां	1180	5
हूँ	1176	3
जौ	1176	2
त्ना	1176	4
र्मो	1175	4
घं	1174	2
ल्पि	1174	4
ड्डा	1173	4
घां	1170	3
कैं	1169	3
ण्डु	1167	4
ज्यां	1165	5
त्तं	1165	4
न्टि	1162	4
र्घा	1160	4
चाँ	1159	3
थः	1159	2
व्हे	1155	4
ज्	1152	2
क्कि	1151	4
स्से	1150	4
न्ध्र	1148	5
ढु	1148	2
क्वा	1146	4
ङ्ख	1143	3
र्के	1142	4
दाः	1140	3
फ्रे	1135	4
न्वि	1129	4
म्बी	1124	4
द्यां	1123	5
छी	1120	2
ण्यां	1120	5
फ्ना	1116	4
त्याः	1112	5
यॉ	1109	2
न्थः	1109	4
ख्रि	1105	4
र्जे	1104	4
ह्न	1103	3
ख्ने	1103	4
बें	1096	3
ऍ	1093	1
न्हे	1088	4
तैः	1088	3
प्ट	1087	3
ध्र	1085	3
भ्रा	1082	4
त्सु	1077	4
स्पि	1074	4
म्ल	1073	3
च्	1073	2
श्ली	1068	4
ज्ञे	1066	4
प्स	1065	3
ग्ध	1059	3
ढि	1059	2
न्सि	1059	4
र्णः	1059	4
डाँ	1056	3
ङ्गि	1055	4
न्वे	1055	4
र्तृ	1055	4
र्क्स	1054	5
न्दः	1053	4
न्यो	1052	4
लाँ	1049	3
ठ्य	1049	3
र्ल्स	1043	5
द्धी	1042	4
राँ	1040	3
घ्र	1034	3
टें	1033	3
क्की	1033	4
च्चों	1030	5
म्बो	1028	4
त्युः	1022	5
ल्द	1021	3
जाँ	1021	3
व्	1019	2
कैः	1018	3
द्याः	1015	5
म्मी	1014	4
ङ्ग्ला	1013	6
न्द्रः	1012	6
क्त्वा	1008	6
ढं	1005	2
स्पृ	1005	4
षों	1002	3
र्लि	1001	4
र्शी	998	4
ग्	996	2
धौ	996	2
न्से	994	4
क्ले	991	4
ल्फ	989	3
औँ	988	2
र्द्ध	987	5
श्म	985	3
द्ग	984	3
न्हीं	979	5
ष्मा	977	4
प्यू	971	4
नैं	969	3
ख्न	966	3
ब्जा	965	4
रुं	965	3
घी	964	2
ङ्गु	963	4
व्याः	963	5
चों	961	3
द्यः	961	4
शृं	959	3
ल्का	959	4
द्रे	958	4
ध्द	955	3
दें	952	3
फ्	952	2
द्भा	947	4
न्थाः	946	5
ल्सि	941	4
र्णे	936	4
ब्दु	936	4
ह्यां	932	5
स्ट्री	929	6
व्ही	929	4
झौ	927	2
र्यु	926	4
ष्णू	925	4
र्थों	922	5
क्से	920	4
द्घा	920	4
स्पा	918	4
स्यों	917	5
ण्ठ	915	3
बॅ	913	2
स्की	910	4
डिं	910	3
फ्लो	908	4
विः	907	3
हॅ	906	2
न्यः	905	4
र्त्त	904	5
रुः	904	3
ष्ट्य	903	5
ट्री	903	4
खाँ	899	3
औं	898	2
ड़ो	896	3
न्नी	893	4
रैः	893	3
ख्री	892	4
जाः	892	3
ळां	892	3
र्ल्ड	889	5
फौ	887	2
द्दि	887	4
खै	885	2
त्वि	883	4
त्स्य	882	5
इँ	878	2
त्तः	878	4
त्प्र	871	5
ड्रा	869	4
•	869	1
प्न	868	3
स्वे	867	4
°	867	1
षं	866	2
वाँ	865	3
प्टे	863	4
स्त्रं	861	6
न्धिः	860	5
क्यू	859	4
त्त्वं	858	6
र्षं	858	4
ज्जा	857	4
ण्डः	855	4
थॉ	853	2
न्ज	852	3
ग्ना	852	4
ल्न	848	3
ण्टा	847	4
र्सा	847	4
+	846	1
ष्ठी	846	4
र्याः	844	5
द्भु	843	4
छू	839	2
ठं	836	2
ब्दि	835	4
र्ते	829	4
ज़ो	828	3
बों	826	3
न्नः	824	4
स्स	823	3
डै	823	2
स्टॉ	819	4
ब्बा	819	4
च्यु	818	4
ड्डी	816	4
र्थो	813	4
र्फे	813	4
ग्रो	812	4
ख्यि	811	4
म्व	809	3
श्चे	809	4
धै	808	2
ष्पा	805	4
भ्रं	802	4
ण्ड्	802	4
भाँ	801	3
स्ये	800	4
छं	798	2
न्यं	796	4
लीं	795	3
जीं	795	3
ण्व	792	3
श्रू	788	4
ट्टो	787	4
ऐं	786	2
नॅ	782	2
ड्यां	782	5
ड्रि	781	4
झ्या	779	4
म्भः	779	4
ळु	775	2
न्तौ	773	4
प्नु	772	4
फ्ता	771	4
ब्य	770	3
न्च	768	3
गॉ	767	2
ह्वा	766	4
द्वौ	766	4
द्मा	765	4
धाः	761	3
र्पा	760	4
ग्रां	759	5
म्यू	756	4
न्छे	756	4
ब्दः	755	4
शॉ	754	2
क्ट्रॉ	754	6
व्यां	753	5
व्यः	752	4
ब्	749	2
ट्टे	748	4
क्षं	747	4
न्मु	742	4
न्तुं	741	5
र्डि	739	4
—	736	1
र्गों	733	5
ष्टाः	728	5
ष्यः	728	4
हिः	725	3
क्यु	724	4
न्थो	723	4
ष्व	722	3
ङ्	720	2
ङ्गो	720	4
प्तुं	720	5
हँ	719	2
त्र्या	719	6
ग्स	717	3
न्जि	716	4
ष्टे	714	4
ल्टा	712	4
घ्या	710	4
र्णो	709	4
अा	709	2
फ्नै	709	4
स्थां	707	5
ब्धि	706	4
म्मु	706	4
ढू	704	2
झू	704	2
र्म्यु	704	6
ष्ठः	704	4
क़ा	702	3
न्सा	701	4
टः	699	2
डं	698	2
ज़े	698	3
क्रू	698	4
ल्व	696	3
स्फु	696	4
ग्छ	695	3
ग्यो	694	4
स्थू	691	4
म्भे	691	4
ङ्कः	690	4
र्र	688	3
र्भि	686	4
क्यो	684	4
यीं	683	3
ज्र	683	3
द्ये	681	4
ख्यः	678	4
ण्डो	676	4
ल्यो	675	4
ल्टी	674	4
त्तु	674	4
म्बं	673	4
त्यः	667	4
म्बू	664	4
ल्यू	663	4
स्तिः	663	5
त्रौ	662	4
न्द्रे	660	6
र्बो	658	4
लिः	658	3
क्रु	657	4
हाः	657	3
ल्यं	655	4
घाँ	654	3
फ़्री	653	5
फं	651	2
म्प्यु	651	6
र्बा	650	4
श्यां	650	5
न्नु	650	4
गॅ	650	2
ष्टिः	650	5
न्डि	648	4
ट्रॉ	648	4
ब्रू	647	4
स्लो	647	4
[	645	1
न्सी	645	4
र्ड्स	643	5
डें	642	3
त्तो	641	4
न्त्रे	640	6
दीं	640	3
ष्यं	640	4
द्धो	639	4
मिः	639	3
त्वों	636	5
ज्जै	636	4
र्गं	636	4
ल्ये	635	4
क्तुं	634	5
ल्जि	634	4
ज्ञां	634	5
स्थाः	633	5
ष्णः	632	4
ङ्गः	632	4
ष्कृ	631	4
स्थं	631	4
ल्छ	630	3
म्ला	628	4
र्से	627	4
घृ	627	2
र्बि	627	4
झं	626	2
द्रौ	626	4
ठ्ठ	626	3
सॅ	625	2
ल्लु	623	4
प्यु	621	4
र्ला	620	4
न्डो	619	4
ल्दी	618	4
ठः	617	2
साः	617	3
ल्लू	616	4
हूं	615	3
खीं	612	3
ग्ड	612	3
न्धे	611	4
म्प्यू	607	6
द्धृ	606	4
ब्धा	606	4
च्ची	605	4
ल्गु	605	4
क्यां	603	5
श्यं	603	4
स्न	602	3
प्ल	601	3
क्तो	601	4
ङ्म	600	3
न्दै	600	4
न्टी	596	4
न्स्	593	4
ळं	593	2
ल्त	592	3
र्मों	592	5
चुं	592	3
षिः	592	3
_	590	1
ड्य	589	3
न्टा	589	4
क्यं	589	4
स्कि	587	4
न्नं	587	4
ज्जि	586	4
र्तिः	586	5
धां	585	3
न्द्रं	585	6
म्भी	584	4
थौ	584	2
क्षों	583	5
लँ	583	2
झै	583	2
ग़ा	581	3
र्ट्स	581	5
स्कु	580	4
फ़ो	579	3
ढ्या	579	4
ङ्कि	577	4
ठ्यां	577	5
स्त्रों	576	7
त्रिं	576	5
ज्ञो	575	4
पूं	575	3
त्तौ	575	4
म्ति	574	4
लॅ	572	2
क्झां	572	5
ढ़े	570	3
क्टि	569	4
र्सी	569	4
रीं	567	3
ब्रो	565	4
ड्रे	565	4
न्नो	564	4
स्त्या	563	6
र्थाः	563	5
ज्ञी	562	4
न्याः	562	5
ष्टुं	562	5
न्त्र्य	560	7
त्यौ	560	4
फ्ला	560	4
र्भे	560	4
न्थि	559	4
ङ्ग्	559	4
लॅं	559	3
प्ते	558	4
ब्ज	556	3
प्तिः	554	5
ल्ह	553	3
य्यं	553	4
ष्टो	553	4
=	552	1
न्डे	551	4
ब्लॉ	550	4
क्तिं	550	5
ढ़ि	546	3
धीं	546	3
ख्	545	2
ड्र	544	3
ब्ल्यू	544	6
द्ध्य	543	5
व्यू	543	4
भ्यो	542	4
र्मु	541	4
ल्मो	541	4
प्रिं	539	5
भिं	539	3
र्यां	539	5
त्राः	538	5
बुं	537	3
णैः	537	3
स्ट्रो	536	6
क्ष्या	536	6
क्षाः	536	5
णै	535	2
भ्यु	532	4
ध्	532	2
ज़्या	531	5
क्त्या	531	6
ख़ि	530	3
ॅ	528	1
न्मि	527	4
हिँ	526	3
भः	526	2
न्जा	524	4
ग्ग	523	3
डौं	519	3
रूं	517	3
ळ्यां	517	5
ण्ये	516	4
र्डी	515	4
ज्यु	514	4
ल्हो	514	4
न्नौ	513	4
र्द्र	512	5
मीं	512	3
स्टु	511	4
त्पु	509	4
ख्यं	508	4
स्त्रो	507	6
ळि	507	2
दाँ	506	3
त्म्य	505	5
ग्म	502	3
रिः	502	3
ल्टि	500	4
ठों	499	3
स्यं	499	4
क्षो	498	4
ड्यू	498	4
र्दो	498	4
ण्	497	2
फें	496	3
ट्रां	495	5
न्त्रं	495	6
ष्यों	494	5
यैः	493	3
ल्यु	492	4
ट्रै	492	4
र्धां	492	5
ख्यां	491	5
स्सों	489	5
क्च	487	3
पाः	487	3
र्पो	486	4
टॅ	485	2
र्श्वे	483	6
क्तेः	483	5
प्तं	482	4
द्वां	482	5
डूं	480	3
र्धि	480	4
नेः	480	3
स्पी	479	4
र्चु	479	4
ख्त	478	3
य्ये	478	4
क्टे	477	4
ङ्गं	472	4
भ्रे	472	4
न्नाः	472	5
ष्ठं	468	4
ग्गा	467	4
न्नै	467	4
द्रां	467	5
ञ्चो	467	4
क्ख	466	3
टौ	466	2
कीं	465	3
झाँ	464	3
ङ्कु	464	4
ण्णा	463	4
ल्याः	463	5
ग्रु	462	4
र्लो	462	4
र्गाः	462	5
त्ख	461	3
क्वे	461	4
ढुं	461	3
र्थ्य	460	5
स्त्य	460	5
क्रॉ	458	4
स्सी	458	4
चिः	458	3
कुँ	456	3
ण्यं	455	4
ड्ने	455	4
फाँ	454	3
ट्टै	454	4
ल्वा	453	4
ऱ्हा	453	4
र्डे	452	4
त्ने	452	4
र्भु	451	4
ष्ट्रे	451	6
क्वि	451	4
स्थः	451	4
र्गु	450	4
द्भू	450	4
ल्को	450	4
ईँ	450	2
क्ये	450	4
शीं	449	3
झां	448	3
ब्दां	447	5
ल्के	446	4
त्त्वे	446	6
क्को	445	4
ब्ला	444	4
त्योः	444	5
भ्रू	443	4
ञ्चे	443	4
द्यं	441	4
श्रौ	441	4
ङ्ग्रा	441	6
ह्व	440	3
ष्टु	440	4
द्धिं	440	5
न्ग	439	3
ड्डे	439	4
स्ट्रा	439	6
णीं	438	3
श्रृ	438	4
न्टे	436	4
ब्यू	436	4
र्ध्व	435	5
स्ट्	435	4
र्गो	434	4
ध्वं	434	4
ब्ल	433	3
न्थों	432	5
ल्मा	432	4
र्ली	431	4
स्तां	430	5
ग्लै	430	4
थ्यो	429	4
ङ्जा	429	4
ह्यो	427	4
त्थं	427	4
भें	426	3
ख्नु	425	4
न्का	424	4
ग्रैं	423	5
ह्ला	422	4
ज़ु	422	3
घ्न	421	3
ह्मी	421	4
श्कि	421	4
ल्पे	421	4
ञ्जी	421	4
र्ट्	421	4
श्ये	420	4
र्ख	419	3
र्ले	418	4
र्लिं	416	5
श्मा	416	4
स्क्री	415	6
द्वं	415	4
ट्यु	415	4
ब्स	414	3
वेः	414	3
र्ड्	413	4
फ़ै	412	3
ज्यू	412	4
द्गु	411	4
ग्रॅ	411	4
छः	410	2
भों	409	3
क्कु	408	4
ग्ल	407	3
श्यों	407	5
त्त्या	407	6
ट्ठा	406	4
चॅ	406	2
रोः	406	3
स्वं	405	4
तोः	405	3
फ्या	404	4
ह्	403	2
स्पो	403	4
र्लं	403	4
क़ु	401	3
थाः	401	3
स्थी	400	4
जॅ	400	2
ख़ु	399	3
र्णां	399	5
श्मि	399	4
द्धों	398	5
ग्ट	398	3
डॅ	398	2
त्तेः	397	5
ल्डे	396	4
न्तिः	396	5
ब्लू	395	4
न्री	395	4
र्कः	395	4
फ्ले	394	4
र्नी	394	4
म्पु	394	4
ज्जी	394	4
स्पॅ	394	4
ट्टः	394	4
र्भाः	394	5
चः	393	2
ब्द्याः	391	7
ङ्घी	390	4
स्नि	390	4
फ्फ	389	3
न्ताः	387	5
ल्फा	386	4
ल्डो	386	4
ग्ले	385	4
ग्वि	385	4
व्यों	384	5
ब्वे	384	4
म्ही	384	4
ल्क्य	383	5
शिः	383	3
खिं	382	3
ङ्ख्य	382	5
त्सं	382	4
ष्ट्रां	382	7
म्झौ	381	4
र्णाः	380	5
क्ट्रो	379	6
…	376	1
ल्बा	376	4
त्प्रे	375	6
त्तू	375	4
दिं	375	3
ह्नि	374	4
न्स्टि	374	6
]	373	1
ड्ड	372	3
पूँ	371	3
य्	371	2
र्चे	370	4
ग्नी	370	4
नुः	370	3
स्टै	369	4
द्घो	368	4
न्द्रो	368	6
ङ्की	368	4
ण्ण	367	3
ह्यू	367	4
श्क	367	3
णिः	367	3
ध्दा	366	4
श्ते	363	4
र्षो	363	4
ञ्जि	363	4
श्ना	362	4
क्न	361	3
न्क	361	3
र्भू	361	4
ज्ञि	361	4
ल्दै	361	4
ॠ	360	1
ण्ट्	360	4
म्यां	359	5
प्टि	359	4
क्तीं	359	5
क्तों	358	5
त्त्वि	358	6
ढ्न	358	3
स्यः	357	4
त्तिं	356	5
सैं	355	3
म्ब्रि	355	6
प्ने	354	4
ष्क्रि	354	6
न्ध्या	353	6
ब्ले	353	4
च्ने	353	4
ज्यि	352	4
ल्स्	352	4
न्वा	351	4
प्लू	351	4
त्पू	351	4
म्भो	350	4
द्धेः	350	5
ब्रॉ	349	4
र्त्य	347	5
ज्ञों	344	5
स्त्व	344	5
ह्यु	344	4
गैं	344	3
रैं	344	3
ध्वा	344	4
स्ल	343	3
क्रै	343	4
र्थां	343	5
ल्चो	342	4
ष्ट्रों	341	7
ह्रा	341	4
क्ट्रि	341	6
ण्डं	341	4
व्यो	340	4
त्तां	340	5
ब्न	340	3
न्डा	340	4
र्खे	339	4
त्की	338	4
र्त्ति	338	6
स्बे	338	4
प्पु	338	4
ष्टां	338	5
डौ	338	2
श्ता	338	4
म्भू	338	4
म्पी	337	4
ॲं	337	2
स्क्रि	336	6
क्द	336	3
धिं	335	3
फॅ	335	2
रॅ	335	2
क्दै	335	4
क्वी	334	4
न्दां	334	5
न्धं	334	4
न्दौ	333	4
न्तों	333	5
म्प्रा	333	6
हीँ	332	3
न्ड्रे	332	6
व्वा	331	4
ल्कु	330	4
ढां	330	3
स्ली	330	4
ज्ञाः	330	5
त्यों	329	5
थें	328	3
शुं	328	3
ड्का	328	4
ल्लं	327	4
म्पे	327	4
ल्की	327	4
ब्जे	327	4
ढः	327	2
ड्न	327	3
र्फ़	326	4
चूं	326	3
प्लो	326	4
ग्यं	326	4
क़ि	325	3
न्तै	325	4
र्गां	324	5
त्यै	323	4
र्वैः	323	5
ढाँ	322	3
व्व	322	3
र्च्	322	4
फां	321	3
ल्दा	321	4
ब्दो	320	4
र्मां	319	5
न्मू	319	4
शें	318	3
त्स्या	318	6
ग्दा	318	4
क्ली	317	4
रौं	317	3
प्टो	316	4
ब्धः	316	4
ज्म	315	3
ल्पः	315	4
मेः	315	3
ल्पी	312	4
व्हॅ	312	4
र्मू	311	4
चैं	311	3
झुं	311	3
ट्न	311	3
न्दं	311	4
स्लै	310	4
स्ले	308	4
णौ	307	2
द्धौ	306	4
र्भः	306	4
त्रू	305	4
क्ष्यं	305	6
ष्णो	304	4
ठाँ	304	3
पिः	304	3
फ़ॉ	303	3
ष्टौ	303	4
ल्च	303	3
ख्वा	303	4
व्हो	303	4
प्पी	302	4
म्चा	302	4
फ्फु	302	4
ग्णा	302	4
ज़ों	301	4
म्पो	301	4
न्डी	301	4
ङ्ग्य	299	5
चौं	299	3
न्स्टा	299	6
न्स्ट	298	5
द्घ	297	3
र्वाः	297	5
ण्डौ	296	4
त्र्यं	296	6
न्थी	295	4
न्नू	295	4
ल्थ	294	3
र्टा	294	4
र्थ्यां	294	7
म्नः	294	4
र्मं	293	4
ढ्दै	293	4
ल्यै	293	4
ङ्कृ	292	4
प्तेः	292	5
यूं	290	3
स्कं	289	4
डाॅ	289	3
हुः	289	3
ळो	289	2
र्षिः	289	5
च्छु	288	4
ब्बे	287	4
ल्नु	287	4
क्तृ	287	4
र्स्	286	4
र्घ्य	285	5
ट्ने	285	4
ल्शि	284	4
म्ले	281	4
द्रों	281	5
प्ये	281	4
ल्फि	280	4
ङ्ग्ले	280	6
ल्फ्रे	279	6
ल्वि	279	4
क्टी	279	4
ड्ग	278	3
र्टे	278	4
थ्रा	278	4
ष्णुः	278	5
ह्णा	277	4
ण्डों	275	5
भैं	275	3
स्टिं	274	5
ग्नु	274	4
मुँ	273	3
ध्यं	273	4
फ़्रां	273	6
सिँ	273	3
स्तों	272	5
डः	272	2
ज्रा	272	4
ण्याः	272	5
र्ण्य	271	5
ष्याः	271	5
ल्ह्यां	271	7
ष्टीं	270	5
ज्ज्व	269	5
न्फो	269	4
ल्यों	268	5
ठिं	267	3
ण्वि	267	4
न्त्रः	267	6
वैः	267	3
च्न	267	3
न्थं	267	4
ठौ	266	2
त्कि	266	4
म्झ	266	3
न्द्व	265	5
फ्त	265	3
ञ्जु	265	4
र्बु	263	4
ङ्घा	263	4
ख्यो	263	4
स्नु	263	4
ब्यु	262	4
क्शा	261	4
ग्लू	261	4
त्नं	261	4
न्त्रो	260	6
ज्ज्ञा	260	6
र्स्ट	259	5
ऎ	259	1
ग्निः	259	5
सीं	258	3
र्नो	258	4
ब्लै	258	4
प्त्य	257	5
द्भिः	256	5
म्नि	254	4
क्ष्ण	253	5
घों	253	3
ब्जी	253	4
ढ्ने	253	4
लुं	252	3
यूँ	252	3
स्तौ	252	4
क्मि	252	4
र्रे	251	4
क्स्	251	4
त्झ	251	3
ब्बी	250	4
स्ख	250	3
ल्दो	249	4
स्फी	248	4
प्रू	247	4
क्ष्वा	247	6
द्भि	247	4
ळ्ळी	247	4
ब्दाः	246	5
प्लि	245	4
ल्गा	245	4
द्ध्या	245	6
न्धो	245	4
ङ्क्रा	245	6
र्त्यां	245	7
चूँ	244	3
ख्ति	244	4
ब्जि	244	4
काे	244	3
ताँ	243	3
ढूं	243	3
काॅ	243	3
र्विं	243	5
र्व्य	242	5
ण्डू	242	4
प्पो	242	4
ल्सी	242	4
म्ये	241	4
ष्णे	241	4
भ्यं	241	4
ख्ख	241	3
प्ना	240	4
ट्रॅ	240	4
जूं	240	3
ङ्गृ	240	4
स्फ	239	3
स्ट्र	239	5
त्नि	239	4
थ्री	239	4
र्तिं	239	5
ण्ड्य	238	5
व्रा	238	4
वौ	238	2
म्यं	238	4
द्रः	238	4
टाँ	237	3
त्त्य	236	5
स्री	236	4
न्टो	236	4
र्माः	236	5
ठां	236	3
ङ्गाः	236	5
वृं	235	3
म्मो	235	4
क्तां	235	5
त्ताः	235	5
र्तौ	235	4
क्यः	235	4
श्नः	235	4
र्बी	234	4
र्ज़ा	234	5
ल्डिं	234	5
ख्याः	234	5
ङ्क्र	234	5
म्स्	234	4
र्भी	233	4
र्डिं	232	5
र्तो	232	4
श्शा	232	4
द्दों	231	5
घ्रा	230	4
त्पी	230	4
स्टू	230	4
धुं	230	3
स्तूं	230	5
ळ्ना	230	4
म्भु	229	4
क्तु	229	4
तॄ	229	2
क्ट्रा	228	6
न्को	228	4
न्त्ये	228	6
स्फू	227	4
स्मिं	227	5
ण्ठा	227	4
दिः	227	3
रौँ	227	3
कॉं	226	3
क्स्ट	226	5
बूं	226	3
लैः	226	3
ट्वें	224	5
यौं	224	3
टीं	224	3
क्लै	224	4
ब्द्यां	224	7
प्स्य	223	5
स्टैं	223	5
र्दु	223	4
ल्जी	223	4
धेः	223	3
षीं	223	3
म्नी	222	4
खौ	222	2
न्त्या	222	6
ट्ट्या	222	6
ि	221	1
न्ध्य	221	5
प्रॉ	221	4
क्तौ	221	4
क्नि	220	4
र्जें	220	5
व्री	220	4
द्गा	219	4
क्ष्यां	219	7
त्से	218	4
न्जे	218	4
क्रं	218	4
र्ची	217	4
ब्री	217	4
र्शः	217	4
नोः	217	3
र्मिं	216	5
ब्रां	215	5
ळ्ळि	215	4
त्र्यां	215	7
ष्णोः	215	5
ग्ज	214	3
प्तु	214	4
डाः	214	3
ब्रै	213	4
न्त्राः	213	7
गीं	212	3
फ्टि	211	4
त्तों	211	5
श्ती	211	4
ळ्	211	2
त्न्याः	211	7
युं	210	3
क्सो	209	4
स्यु	209	4
ह्मां	209	5
प्तो	209	4
ग्लु	209	4
फ्रॅं	209	5
ळीं	209	3
द्यौ	208	4
ट्टु	208	4
ण्टि	208	4
र्फा	208	4
ग्मी	208	4
र्धी	207	4
र्त्ता	207	6
ड्डि	207	4
ङ्को	207	4
स्टॅ	207	4
त्रैः	207	5
ष्वे	207	4
र्णों	206	5
ब्ज़ा	206	5
फ़्ट	205	4
ड्री	205	4
ट्ज	205	3
र्वै	205	4
ट्ठी	205	4
रेः	205	3
ण्ठे	205	4
र्वः	205	4
र्कों	203	5
र्फी	203	4
णें	203	3
ण्यः	203	4
ष्णं	203	4
ढ्य	202	3
भ्स	202	3
ण्टी	201	4
र्षु	201	4
म्बः	201	4
ख्ता	200	4
न्मो	200	4
फ्रैं	200	5
प्वा	200	4
ल्टे	200	4
ड्रॉ	200	4
टैं	200	3
प्प्या	200	6
म्शे	200	4
थ्यों	199	5
द्रू	199	4
ह्रि	199	4
स्रः	199	4
क्षुः	199	5
ष्प्र	198	5
श्त	198	3
श्नो	198	4
स्बा	198	4
तूं	198	3
ज्ज्ञ	197	5
र्छि	197	4
म्रि	197	4
न्न्या	197	6
ग्दै	197	4
क्षै	196	4
स्युः	196	5
ख्द	196	3
ग्नः	195	4
न्यैः	195	5
ल्यः	195	4
ल्पं	194	4
यौँ	194	3
र्रो	193	4
म्दा	193	4
त्तै	193	4
फः	193	2
श्चै	192	4
स्मो	192	4
म्ने	192	4
स्मी	192	4
र्क्	192	4
स्छ	192	3
क्याः	192	5
श्रॉ	191	4
र्क्टि	191	6
ष्पी	190	4
त्कु	190	4
र्बे	190	4
झें	190	3
ष्ठो	190	4
न्छा	190	4
ल्ल्यां	190	7
न्त्र्या	190	8
न्धों	189	5
म्हें	189	5
ड्यु	189	4
श्ने	189	4
र्ज़	188	4
ह्यं	188	4
च्छं	188	4
फ्यू	188	4
स्सि	188	4
गुँ	187	3
प्लु	187	4
ल्मि	187	4
म्फा	187	4
न्यौ	187	4
त्वां	187	5
शैं	187	3
म्भं	187	4
घ्रं	187	4
च्यू	186	4
श्ला	186	4
त्सि	186	4
स्यौ	186	4
ष्टेः	186	5
र्तुः	186	5
स्वै	185	4
द्यू	185	4
च्यां	185	5
ध्दि	185	4
र्तेः	185	5
ष्ट्ये	185	6
पैं	184	3
ण्टे	184	4
म्यो	184	4
छ्या	183	4
क्षौ	182	4
र्डो	182	4
म्ली	182	4
ल्फे	182	4
स्फे	181	4
दूं	181	3
म्है	181	4
त्नों	180	5
क़ी	180	3
ङा	180	2
न्है	180	4
स्वो	180	4
र्त्या	180	6
ग्यः	180	4
पीं	179	3
ज़ू	179	3
र्टू	179	4
वॅ	179	2
श्वं	179	4
हेँ	179	3
र्षेः	179	5
न्थिः	179	5
ष्ठां	178	5
ण्डै	178	4
श्याः	178	5
फ़ु	177	3
र्स्था	177	6
ट्वा	177	4
म्प्रे	176	6
ड़ें	176	4
कौं	176	3
प्सि	176	4
ङ्क्	176	4
थ्रो	175	4
त्प्रा	175	6
ल्ती	175	4
स्ताः	175	5
र्यैः	175	5
तौँ	175	3
त्नः	175	4
र्ष्या	174	6
क्ष्मा	174	6
जैः	174	3
फ्नी	174	4
ङ्काः	174	5
ल्गो	173	4
स्पै	173	4
थ्रि	173	4
श्चं	173	4
र्पू	172	4
स्प्रिं	172	7
र्झ	172	3
र्शे	171	4
र्टो	171	4
ह्ना	170	4
क्स्प्रे	170	8
ल्टो	170	4
ष्यो	170	4
ट्यां	170	5
य्यः	170	4
ण्टु	168	4
ट्वे	168	4
प्तौ	168	4
ख्छ	168	3
ङ्ग्लाः	168	7
त्स्व	167	5
व्ला	167	4
स्नो	167	4
न्ट्	167	4
ग्धी	167	4
ङ्ल्या	167	6
स्थै	166	4
ग़ु	166	3
ल्गे	166	4
\	166	1
ब्धं	166	4
प्लॅ	166	4
झ्न	166	3
च्चो	165	4
ञ्ची	165	4
र्कं	165	4
ज्जु	165	4
थ्	164	2
प्लां	164	5
ज़िं	164	4
र्पे	164	4
ब्धाः	164	5
ट्ठ	163	3
न्मी	163	4
?	162	1
ञ	162	1
न्त्व	162	5
क्सू	162	4
य्स	162	3
ल्लों	162	5
सुः	162	3
ण्ड्दे	162	6
प्पे	161	4
न्चा	161	4
ग्दी	161	4
छौ	161	2
व्हॉ	161	4
णूं	161	3
ळ्ळा	161	4
न्त्रों	160	7
क्ष्यों	160	7
त्मी	160	4
ट्वि	160	4
ः	160	1
ङ्क्ति	160	6
शैः	160	3
%	159	1
फ्रो	159	4
क्जे	159	4
र्डा	159	4
त्क्रां	159	7
!	158	1
न्वी	158	4
षै	158	2
ष्ठु	158	4
र्चां	158	5
म्वा	158	4
स्ब	157	3
फ़ू	157	3
प्चा	157	4
त्के	157	4
ण्डाः	157	5
ठौँ	157	3
ह्ण	156	3
ह्वे	156	4
ज्यौ	156	4
स्कै	156	4
ख्खा	156	4
फ्र	156	3
थिं	156	3
ग्धं	156	4
य़ा	156	3
न्सू	156	4
ङ्ग्लै	156	6
त्र्याः	156	7
म्ब्य	155	5
प्सी	155	4
स्चि	155	4
ह्रो	155	4
न्छी	155	4
म्बै	154	4
न्सु	154	4
ड्वा	154	4
मँ	154	2
न्तिं	154	5
र्थ्या	154	6
लेः	154	3
णोः	154	3
त्सी	153	4
ष्णी	153	4
मूं	153	3
त्सां	153	5
क्कै	153	4
मॉं	153	3
ज्ञं	153	4
शौँ	153	3
क्कों	152	5
फ़्ते	152	5
ष्णि	152	4
टाः	152	3
झिं	152	3
म्ती	152	4
प्पि	151	4
ष्ठाः	151	5
डीं	151	3
षू	151	2
दैः	151	3
पेः	151	3
द्रं	150	4
फ्रं	150	4
र्किं	150	5
न्सो	150	4
झैं	150	3
ष्पि	149	4
स्क्वा	149	6
स्टं	149	4
न्जी	149	4
ष्कं	149	4
स्त्ये	149	6
णुः	149	3
क्जें	148	5
फैं	148	3
ल्डि	148	4
ग्रँ	148	4
र्थ्यं	148	6
शोः	148	3
भाः	148	3
झैँ	148	3
म्णा	148	4
न्शि	147	4
ल्बे	147	4
ह्ये	147	4
भोः	147	3
न्दुः	147	5
ष्टिं	147	5
ग्व	146	3
;	146	1
श्रं	146	4
ऱ	146	1
र्ध्या	146	6
र्नू	146	4
स्ट्रॉ	146	6
त्रिः	146	5
लुः	146	3
टिः	146	3
त्क्ष	145	5
न्वं	145	4
श्ची	145	4
त्रीं	145	5
ब्रॅ	145	4
सुँ	145	3
बॉं	145	3
र्युः	145	5
न्द्रों	144	7
क्ट्र	144	5
स्पं	144	4
चॉ	144	2
ग्रै	144	4
ऴ	144	1
स्मे	144	4
स्रं	144	4
द्राः	144	5
ब्बि	143	4
−	143	1
र्कु	143	4
क्लॉ	143	4
न्छु	143	4
ट्झ	143	3
घुः	143	3
क्त्य	142	5
स्रे	142	4
न्डै	142	4
ब्ल्या	142	6
ब्दं	142	4
श्रः	142	4
ल्तु	141	4
ग्भ	141	3
दुं	141	3
ट्टू	141	4
फ्लॉ	141	4
पुँ	141	3
र्काः	141	5
ल्सा	140	4
स्फ़ो	140	5
ट्ला	140	4
द्को	140	4
थिः	140	3
ओँ	139	2
चीं	139	3
स्सु	139	4
स्लॅ	139	4
ढ्दो	139	4
ख्दा	139	4
ड्व	138	3
ल्पो	138	4
ल्म्स	138	5
क्ट्री	138	6
ट्ल	138	3
द्दू	138	4
भुः	138	3
धैं	138	3
श्यः	138	4
क्म	137	3
र्म्य	137	5
क़े	137	3
प्श	137	3
व्द	137	3
दिँ	137	3
स्टें	136	5
श्नों	136	5
शुः	136	3
क्खी	136	4
ग्मा	136	4
रूँ	136	3
र्श्य	135	5
क्खा	135	4
ख्शी	135	4
ङ्ला	135	4
क्रॅ	135	4
न्द्राः	135	7
मॅं	135	3
ख्रा	134	4
डि़	133	3
र्में	133	5
गैः	133	3
र्शं	133	4
सैँ	133	3
ख्दै	133	4
ष्ट्यं	133	6
म्कि	132	4
क्वां	132	5
प्ली	132	4
ष्कि	132	4
ल्धु	132	4
ड्क	132	3
र्घ्यं	131	6
श्लि	131	4
डे़	131	3
ख़ाँ	131	4
फों	131	3
देः	131	3
ज्ने	131	4
त्नां	131	5
र्थ्यो	131	6
क्खि	130	4
ल्फो	130	4
फ्लै	130	4
न्जों	130	5
ल्पां	130	5
र्घः	130	4
ग्ण	129	3
र्तों	129	5
ल्मे	129	4
र्ब्स	129	5
ग्धा	129	4
किः	129	3
स्में	128	5
ष्फ	128	3
*	128	1
त्ला	128	4
षौ	128	2
ग्बी	127	4
गिं	127	3
फिं	127	3
क्पा	127	4
ठ्ठा	127	4
ष्मि	127	4
र्झा	127	4
ञ्छ	126	3
व्स	126	3
स्ड	126	3
श्र्व	126	5
न्तू	126	4
क्ष्मीः	126	7
न्त्यः	126	6
टौँ	126	3
ञ्ज्या	126	6
म्का	125	4
स्यू	125	4
डा़	125	3
स्त्रां	125	7
ळिं	125	3
म्की	125	4
त्वै	125	4
ग्नौ	125	4
षेः	125	3
न्हि	124	4
ज्जे	124	4
कँ	124	2
र्शों	124	5
ग्दे	124	4
श्वः	124	4
ध्यः	124	4
ब्द्या	124	6
धैः	124	3
श्वी	123	4
प्यं	123	4
द्मि	123	4
ऱ्हे	123	4
हैः	122	3
ल्श	122	3
श्तो	122	4
ल्ना	122	4
त्स्था	122	6
ग्नाः	122	5
म्सा	121	4
डुं	121	3
गौं	121	3
तीः	121	3
ट्नी	121	4
क्प	120	3
फ्रॉ	120	4
ज्मा	120	4
न्तां	120	5
ब्लॅ	120	4
ढ़ो	119	3
ट्क	119	3
ग्ली	119	4
क्ष्	119	4
ड्वि	119	4
फँ	119	2
द्दु	119	4
प्पू	119	4
ग्यां	119	5
त्त्वां	119	7
ङ्सि	119	4
ष्पं	118	4
ध्न	118	3
प्सा	118	4
ब्लो	118	4
र्जू	118	4
ध्यां	118	5
र्धं	118	4
चौँ	118	3
ळुं	118	3
स्मों	117	5
ह्मो	117	4
म्नां	117	5
ट्रें	117	5
द्दौ	117	4
ग्नो	117	4
र्हा	117	4
क्ट्स	117	5
च्चै	117	4
ट्स्	117	4
ल्व्हे	117	6
छँ	116	2
त्स्ये	116	6
घः	116	2
ङ्कं	116	4
न्त्याः	116	7
ढूँ	115	3
त्युं	115	5
र्सिं	115	5
छिं	115	3
ठ्ठी	115	4
त्वो	115	4
ल्प्स	115	5
म्याः	115	5
ल्द्वा	114	6
म्लि	114	4
लिँ	114	3
ढाः	114	3
र्व्ह	114	5
ग्रॅं	114	5
र्ल्या	114	6
ञ्च्	114	4
ग्ये	113	4
कॊ	113	2
क्शि	113	4
न्धुः	113	5
र्गौ	113	4
ण्णां	113	5
प्त्यै	113	6
गूं	112	3
न्श	112	3
ट्रं	112	4
क्रों	112	5
म्नो	112	4
स्नी	112	4
र्तीं	112	5
कॄ	112	2
ग्नं	112	4
टुः	112	3
धुः	112	3
त्रोः	112	5
त्स्न	111	5
प्लै	111	4
र्ध्वा	111	6
क्ष्ये	111	6
न्चे	111	4
थ्यां	111	5
च्छ्रे	111	6
ण्ठः	111	4
ढ्नु	111	4
ञ्	110	2
र्तं	110	4
ध्ना	110	4
दौं	110	3
स्वां	110	5
ध्वी	110	4
फैँ	110	3
न्फे	109	4
स्ट्स	109	5
श्यो	109	4
ल्ड्	109	4
ज्न	109	3
ट्टं	109	4
न्छि	109	4
स्त्यां	109	7
ङ्खा	109	4
रूः	109	3
म्भाः	109	5
र्रि	108	4
नौं	108	3
क्लिं	108	5
ड्रै	108	4
फ़ौ	108	3
न्ट्स	108	5
श्रां	108	5
ष्ट्रं	108	6
क्दा	108	4
ड्नु	108	4
न्नों	107	5
क्नॉ	107	4
क्टा	107	4
र्सो	107	4
बः	107	2
ह्ने	107	4
ष्ट्यां	107	7
स्रि	106	4
नाँ	106	3
ट्ज़	106	4
ा	106	1
ड्रु	106	4
ङ्ना	106	4
ब्धो	106	4
गैँ	106	3
स्पॉ	105	4
भँ	105	2
वैं	105	3
त्म्यं	105	6
स्द	105	3
र्ध्वं	105	6
बैँ	105	3
र्न्त	104	5
छाँ	104	3
्	104	1
स्तिं	104	5
ङ्क्षे	104	6
ज्यूं	104	5
त्म्या	104	6
ग्नेः	104	5
फ़्ग़ा	103	6
त्ल	103	3
थ्यू	103	4
र्निं	103	5
म्प्ले	103	6
ल्ट्रा	103	6
स़	103	2
स्त्वा	103	6
ण्मा	103	4
र्व्हि	103	6
त्तीं	103	5
ड्के	103	4
ङ्क्षि	103	6
सौँ	102	3
न्डु	102	4
ठें	102	3
ल्पाः	102	5
सूं	102	3
ल्ज	102	3
च्चैः	102	5
स्य्	102	4
ल्प्य	102	5
ख़ू	101	3
स्यी	101	4
क़्त	101	4
ध्यो	101	4
क्रः	101	4
त्त्यां	101	7
ड्दा	101	4
छ्न्	101	4
स्दै	101	4
ज्जः	101	4
ह्व्यः	101	6
ध्दं	101	4
ल्फ़	100	4
बीं	100	3
ग्गी	100	4
र्नां	100	5
घ्यू	100	4
स्थो	100	4
ड्विं	100	5
र्तां	100	5
श्नां	100	5
म्रे	100	4
ज्ञ्याः	100	7
ग्वै	99	4
स्कों	99	5
त्को	99	4
क्कां	99	5
ज्जू	99	4
न्तीं	99	5
कॅं	99	3
प्पः	99	4
र्भों	98	5
त्फ	98	3
ख्मे	98	4
म्फ	98	3
मूँ	98	3
ल्दि	98	4
ल्ति	98	4
डी़	98	3
न्यी	98	4
त्तुं	98	5
न्रि	98	4
स्सं	98	4
ड्द	98	3
र्तः	98	4
ग्दो	98	4
षैः	98	3
ह्मै	98	4
थ्यं	98	4
स्व्य	98	5
श्स्य	98	5
र्प्य	97	5
झों	97	3
न्शी	97	4
त्न्या	97	6
ड्दै	97	4
ड़ौ	96	3
त्थि	96	4
ऴ्	96	2
त्सू	96	4
म्प्स	96	5
च्छिं	96	5
त्नीं	96	5
ढ्छ	96	3
णीः	96	3
ण्णः	96	4
ज्यी	95	4
ट्रू	95	4
ख़्वा	95	5
ग्स्ट	95	5
त्स्ना	95	6
ब्ल्यु	95	6
ञ्जे	95	4
हॉं	95	3
म्जा	95	4
ल्म्	95	4
मैः	95	3
ख़्त	94	4
गँ	94	2
क्रौ	94	4
लौं	94	3
ङे	94	2
ज्नी	94	4
न्थौ	94	4
ट्ठे	93	4
फ्रै	93	4
न्ट्र	93	5
रुँ	93	3
ग़ै	93	3
यँ	93	2
धूं	93	3
ज़्	93	3
र्ग्यु	93	6
न्यै	93	4
प्यां	93	5
प्वाँ	93	5
र्पः	93	4
ट्प	92	3
ं	92	1
र्वों	92	5
भ्	92	2
ड्डू	92	4
म्स्ट	92	5
ण्ठी	92	4
ब्लु	92	4
ग्रू	92	4
त्वी	92	4
फ्यु	92	4
ण्ड्या	92	6
स्तैः	92	5
ट्दै	92	4
द्योः	92	5
य्याः	92	5
ङ्घः	92	4
ऴ्ना	92	4
शेः	92	3
त्क्र	91	5
²	91	1
ब्त	91	3
ल्पों	91	5
क्शे	91	4
भ्रां	91	5
ल्भ	91	3
क्ब	91	3
÷	91	1
ष्णां	91	5
कौँ	91	3
ड्ढा	90	4
क्सिं	90	5
द्बु	90	4
म्लों	90	5
ष्ष	90	3
य्यां	90	5
रिँ	90	3
क्तैः	90	5
ह्नों	89	5
न्फ	89	3
र्द्व	89	5
श्प	89	3
स्ट्रै	89	6
म्फि	89	4
म्हे	89	4
श्रीः	89	5
ष्वा	89	4
स्दा	89	4
पि्	89	3
द्ध्व	88	5
प्टी	88	4
च्चु	88	4
फ़्रो	88	5
प्रु	88	4
र्फि	88	4
संं	88	3
स्वः	88	4
स्त्रिं	88	7
र्ताः	88	5
ट्ये	88	4
ष्यां	88	5
ह्रै	88	4
ठुँ	88	3
र्दृ	87	4
बूँ	87	3
ल्बि	87	4
क्टु	87	4
ष्पो	87	4
स्बी	87	4
क्तै	87	4
च्छां	87	5
ञ्चै	87	4
ब्धिः	87	5
ध्दः	87	4
फ्ल	86	3
स्बों	86	5
ह्मे	86	4
फ़्	86	3
स्च	86	3
ग्याः	86	5
णेः	86	3
ड्छ	86	3
स्न्या	86	6
फ़्ता	85	5
द्ग्र	85	5
द्र्य	85	5
त्मे	85	4
र्न्स	85	5
फ़्फ़	85	5
क्खों	85	5
म्ड	85	3
ड्नी	85	4
ट्छ	85	3
र्ध्य	84	5
र्सं	84	4
भ्रु	84	4
र्टु	84	4
द्बा	84	4
लूं	84	3
त्सो	84	4
न्धेः	84	5
ष्के	84	4
द्व्य	83	5
र्शो	83	4
ष्टों	83	5
फ़्रा	83	5
ल्शे	83	4
न्सें	83	5
ख्यौ	83	4
कॉॅं	83	4
न्तेः	83	5
द्यों	82	5
त्त्वों	82	7
स्टों	82	5
ष्ठों	82	5
श्तू	82	4
ड्ज	82	3
ड्यं	82	4
र्मै	82	4
ष्को	82	4
ल्लै	82	4
छौं	82	3
च्यो	82	4
न्ड्रो	82	6
र्भां	82	5
व्दी	82	4
र्बं	82	4
प्तिं	82	5
श्श	82	3
ब्धे	82	4
स्मः	82	4
र्घं	82	4
र्शाः	82	5
पौं	81	3
स्सू	81	4
र्ज्ञा	81	6
ज़ै	81	3
जुः	81	3
क्सां	81	5
न्के	81	4
ग्न्या	81	6
फ्लू	81	4
ट्का	81	4
द्वृ	81	4
ङ्क्षी	81	6
र्ग्र	80	5
ष्की	80	4
न्में	80	5
पँ	80	2
श्नु	80	4
ङ्ख्यि	80	6
यॉं	80	3
श्चो	80	4
ल्कं	80	4
चॅं	80	3
ञ्चु	80	4
न्भे	80	4
त्र्यः	80	6
ह्नं	80	4
न्त्यु	80	6
त्क्रा	80	6
म्पूः	80	5
स्थ्यं	79	6
प्टा	79	4
नुं	79	3
म्सी	79	4
न्कि	79	4
च्नु	79	4
घुँ	79	3
´	79	1
न्चो	79	4
ट्यो	79	4
ह्रौँ	79	5
ब्ध्वा	79	6
धैँ	79	3
वौँ	79	3
फ़्रे	78	5
स्लॉ	78	4
प्लॉ	78	4
च्छू	78	4
प्यो	78	4
ट्रु	78	4
ग्से	78	4
धीः	78	3
ण्ठि	78	4
श्वो	78	4
सोः	78	3
ढ्यो	78	4
ष्मः	78	4
टुँ	78	3
छ्रे	78	4
श्नाः	78	5
क्त्याः	78	7
ढँ	77	2
र्वृ	77	4
झॉ	77	2
क्ना	77	4
न्स्टी	77	6
न्ड्स	77	5
रँ	77	2
जुं	77	3
श्तु	77	4
ष्यैः	77	5
ढ्यां	77	5
झ्टे	77	4
ह्यः	77	4
फ्लि	76	4
ल्जे	76	4
लॉं	76	3
स्सो	76	4
{	76	1
ऱ्हो	76	4
म्झा	76	4
ध्ने	76	4
ब्दैः	76	5
ज़ें	75	4
ल्ड्स	75	5
ज्ड	75	3
ड्ल	75	3
ढें	75	3
क्यूं	75	5
टूं	75	3
ङि	75	2
र्ढे	75	4
ङ्क्ते	75	6
 	75	1
ढ़ें	74	4
ठीं	74	3
चँ	74	2
ध्रा	74	4
श्मे	74	4
स्बि	74	4
खुं	74	3
स्प्रे	74	6
व्रि	74	4
न्ट्रो	74	6
च्छ्वा	74	6
र्न्	74	4
ङ्ल	74	3
प्त्या	74	6
त्मै	74	4
र्ल्स्	74	6
झॅ	74	2
र्यै	74	4
स्त्वं	74	6
सैः	74	3
द्बो	73	4
ड्डु	73	4
र्ख़ा	73	5
ल्से	73	4
क्रौं	73	5
म्को	73	4
ल्डी	73	4
र्ज्	73	4
खौं	73	3
द्धुं	73	5
ध्दे	73	4
ष्ट्रः	73	6
ग्धः	73	4
र्चों	72	5
र्व्या	72	6
न्ले	72	4
ज्दा	72	4
त्ले	72	4
दॉ	72	2
स्वाँ	72	5
शॅ	72	2
द्का	72	4
त्सृ	72	4
ठाः	72	3
क्प्र	71	5
ग्यु	71	4
स्विं	71	5
स्डे	71	4
म्से	71	4
स्पु	71	4
न्द्वी	71	6
न्जु	71	4
न्ट्री	71	6
ङ्गै	71	4
ट्नु	71	4
म्रै	71	4
न्त्र्यं	71	8
र्डों	70	5
क़ै	70	3
ड्यो	70	4
घौ	70	2
फ्ते	70	4
क्मा	70	4
ज़्म	70	4
हौं	70	3
ब्वा	70	4
द्यै	70	4
न्ची	70	4
ठौं	70	3
स्कः	70	4
ङ्मा	70	4
ग्ल्या	70	6
ग़ो	69	3
न्झ	69	3
ब्रें	69	5
क्विं	69	5
न्द्	69	4
ल्दे	69	4
ङी	69	2
घुं	69	3
ब्डे	69	4
पैः	69	3
प्सु	69	4
ङ्ग्या	69	6
त्व्हि	69	6
¥	69	1
ङ्खु	69	4
ञ्यो	69	4
त्रुः	69	5
ल्लिं	68	5
न्दों	68	5
न्द्य	68	5
ह्ल	68	3
न्मों	68	5
खूं	68	3
र्रु	68	4
ख्रु	68	4
फ्टी	68	4
र्नै	68	4
न्ली	68	4
ऑं	68	2
ळ्ळ	68	3
झ्ने	68	4
ङ्दी	68	4
न्छो	68	4
ङ्गू	68	4
स्तोः	68	5
ज्ञैः	68	5
ङ्क्ष	67	5
ण्टो	67	4
र्ल्	67	4
न्गा	67	4
भौं	67	3
बुँ	67	3
द्ह	67	3
ण्यो	67	4
ग्गो	67	4
ज्यः	67	4
ड्स्	67	4
खिँ	67	3
द्रिः	67	5
ष्क्र	66	5
र्ट्ज	66	5
भुं	66	3
ड्डों	66	5
झीं	66	3
न्ज़	66	4
ल्ही	66	4
न्तृ	66	4
तॆ	66	2
न्धू	66	4
ध्यै	66	4
च्चं	66	4
र्द्रा	66	6
पॉं	66	3
वुः	66	3
श्छ	65	3
र्यौ	65	4
न्फैं	65	5
प्तां	65	5
न्चि	65	4
न्थु	65	4
न्मः	65	4
र्थौ	65	4
त्सः	65	4
म्वी	65	4
किँ	65	3
द्भ्यः	65	6
ल्ट्	65	4
हॅं	65	3
ग्र्या	65	6
ञ्चः	65	4
ग्निं	65	5
ध्यु	64	4
हाॅ	64	3
ष्मी	64	4
र्तें	64	5
र्खि	64	4
न्ड्रि	64	6
र्छा	64	4
घ्ने	64	4
ड्मि	64	4
बॅं	64	3
ङ्क्षा	64	6
ण्डुः	64	5
ळ्भा	64	4
लृ	63	2
र्त्स	63	5
र्टिं	63	5
न्फा	63	4
थॅ	63	2
न्स्टे	63	6
प्रं	63	4
ख्श	63	3
कोे	63	3
म्लो	63	4
म्सि	63	4
न्धौ	63	4
म॑	63	2
न्धिं	63	5
रॅं	63	3
फ्ट्	63	4
पिँ	63	3
ज्दै	63	4
फूं	62	3
थ्रे	62	4
ह्री	62	4
ल्बी	62	4
पुः	62	3
त्ज़	62	4
ख़्शी	62	5
ख़ो	62	3
म्प्ट	62	5
ट्स्की	62	6
ज्जो	62	4
र्ग्	62	4
नँ	62	2
स्थ्या	62	6
ग्भा	62	4
न्द्या	62	6
त्पि	62	4
ग्याँ	62	5
त्साः	62	5
ष्यु	62	4
ध्दाः	62	5
ट्टिः	62	5
ङ्क्त	61	5
ञि	61	2
म्वि	61	4
स्मॉ	61	4
म्पै	61	4
न्त्रां	61	7
र्प्रा	61	6
ग्गु	61	4
थ्ये	61	4
न्स्क	61	5
व्स्की	61	6
ल्फी	61	4
न्जो	61	4
द्मे	61	4
म्रु	61	4
व्यि	61	4
सॅं	61	3
व्हं	61	4
ङ्घि	61	4
चेः	61	3
म्पः	61	4
गूँ	60	3
र्प्र	60	5
फ़्रें	60	6
र्ट्ज़	60	6
श्तों	60	5
न्फ्रा	60	6
क्क्या	60	6
·	60	1
द्स	60	3
द्धु	60	4
स्लिं	60	5
म्टी	60	4
ब्यां	60	5
भ्वा	60	4
र्भं	60	4
पॅं	60	3
द्ध्वा	60	6
ष्वि	60	4
न्पा	60	4
गोः	60	3
ङ्ग्लैः	60	7
क्त्र	59	5
ण्म	59	3
स्पें	59	5
त्मो	59	4
द्धू	59	4
फ्टिं	59	5
श्दी	59	4
ख्ला	59	4
रॉं	59	3
म्चे	59	4
र्जो	59	4
र्पु	59	4
र्हे	59	4
सॄ	59	2
न्ड्	59	4
घ्ना	59	4
खैः	59	3
घ्नः	59	4
भ्ये	59	4
ष्ठ्यां	59	7
र्थैः	59	5
ढ्दा	59	4
न्द्वः	59	6
ङ्गैः	59	5
ध्दिः	59	5
न्प्र	58	5
बृं	58	3
दूँ	58	3
न्वें	58	5
न्ला	58	4
य़	58	2
च्ये	58	4
ब्बु	58	4
ब्बू	58	4
स्फा	58	4
स्थौ	58	4
व्हिं	58	5
ङ्घे	58	4
क्यै	58	4
ट्सु	58	4
स्मिँ	58	5
ऌ	57	1
र्ग्य	57	5
र्ज्य	57	5
क्ड	57	3
क्कू	57	4
ष्पों	57	5
ग्मे	57	4
ट्ना	57	4
ल्थे	57	4
न्की	57	4
द्व्या	57	6
हाे	57	3
र्म्या	57	6
ल्फ्	57	4
ग्णां	57	5
न्ज्या	57	6
ल्क्यः	57	6
ग्धाः	57	5
च्छाः	57	5
त्स्वा	56	6
म्री	56	4
ख्रे	56	4
ब्धी	56	4
स्क्या	56	6
ग्रः	56	4
र्भिः	56	5
क्बा	56	4
छौँ	56	3
त्दै	56	4
ङ्घ्य	56	5
डिः	56	3
क्ष्णा	56	6
र्तॄ	56	4
ट्वी	55	4
त्त्वो	55	6
र्सु	55	4
वँ	55	2
कूं	55	3
स्क्वे	55	6
ल्मां	55	5
ड़ू	55	3
नूं	55	3
र्पी	55	4
र्रू	55	4
श्मों	55	5
ग्मि	55	4
ल्डा	55	4
ल्बो	55	4
स्तुं	55	5
र्त्री	55	6
क्ष्याः	55	7
दैं	55	3
र्स्या	55	6
णिं	55	3
न्छ्न्	55	6
ड्को	55	4
न्र्त	55	5
ञ्चं	55	4
च्याः	55	5
च्छ्र	54	5
क्कृ	54	4
₹	54	1
ल्बु	54	4
घै	54	2
म्भों	54	5
च्वा	54	4
प्फु	54	4
स्त्रै	54	6
ठ्ठे	54	4
आॅ	54	2
£	54	1
म्टा	54	4
ऱ्ह	54	3
प्नं	54	4
व्ध	54	3
न्योः	54	5
क्ष्म्याः	54	9
स्थिः	54	5
ग्न्य	53	5
द्ब	53	3
ण्यु	53	4
श्शू	53	4
क्ज	53	3
लाॅ	53	3
ज़ॉ	53	3
म्त	53	3
ड्म	53	3
म्ता	53	4
म्ची	53	4
त्थु	53	4
क्सै	53	4
स्पू	53	4
र्णैः	53	5
क्ष्मे	53	6
द्गृ	53	4
गुः	53	3
ल्व्हा	53	6
क्ष्म्या	53	8
फ्रँ	53	4
भुँ	53	3
क्थु	53	4
न्पु	52	4
र्जं	52	4
र्त्ती	52	6
न्ड्रा	52	6
ष्मां	52	5
र्क्यु	52	6
फुं	52	3
नॆ	52	2
ष्पे	52	4
ट्र्या	52	6
त्नु	52	4
क्छौं	52	5
ष्ण्यं	52	6
घ्नं	51	4
ष्ठ्य	51	5
घ्य	51	3
त्स्थ	51	5
न्प	51	3
क़ों	51	4
ढ़ों	51	4
लैँ	51	3
ब्ली	51	4
ब्यो	51	4
माॅ	51	3
ढीं	51	3
फ्लु	51	4
टि्	51	3
न्द्वा	51	6
ङ्स	51	3
द्र्ध	51	5
च्छ्रि	51	6
ङ्खे	51	4
त्नाः	51	5
ङ्कां	51	5
भूः	50	3
र्भो	50	4
क्लु	50	4
थ्यु	50	4
ल्वी	50	4
ग्यू	50	4
छीं	50	3
ज्वे	50	4
र्ग्या	50	6
म्ब्रो	50	6
ल्जा	50	4
ण्वा	50	4
र्कै	50	4
र्लु	50	4
न्त्र्यो	50	8
क्ल्या	50	6
न्स्पे	50	6
झ्	50	2
र्दः	50	4
क्क्यां	50	7
च्च्या	50	6
न्व्ह	50	5
ज्ञ्या	50	6
ङ्ग्रो	50	6
होः	50	3
गौः	50	3
क्षोः	50	5
र्यि	49	4
र्द्धा	49	6
न्हां	49	5
र्दों	49	5
ख्ती	49	4
ग्गू	49	4
म्वे	49	4
र्हो	49	4
श्टा	49	4
त्नो	49	4
ट्विं	49	5
खॉं	49	3
शीः	49	3
अॅ	49	2
न्त्रैः	49	7
र्घाः	49	5
छां	48	3
क्वीं	48	5
न्हू	48	4
ल्स्ट	48	5
ब्यौ	48	4
तौं	48	3
यिं	48	3
त्थे	48	4
क्जा	48	4
एे	48	2
ब्रों	48	5
क्सु	48	4
ण्मु	48	4
﻿	48	1
बाॅ	48	3
म्भ्रा	48	6
ळ्ळै	48	4
म्जे	48	4
ऐँ	48	2
ज्ज्ञां	48	7
ङ्मु	48	4
ङ्गां	48	5
छ्न	48	3
प्याः	48	5
घ्रः	48	4
म्बाः	48	5
नाःः	48	4
ष्पैः	47	5
र्श्वि	47	6
फूँ	47	3
ज़्बे	47	5
ऒ	47	1
म्फु	47	4
ण्स	47	3
द्दृ	47	4
ह्वी	47	4
क्त्यै	47	6
क्षू	47	4
गॄ	47	2
ल्लीं	47	5
र्ब्ल	47	5
ल्व्हि	47	6
म्त्या	47	6
न्छं	47	4
प्दा	47	4
ट्त्रिं	47	7
ङ्क्तिः	47	7
ल्ग	46	3
ष्ण्य	46	5
र्टों	46	5
म्पों	46	5
स्फि	46	4
मेंं	46	4
ब्सि	46	4
फ़्लो	46	5
द्दो	46	4
र्णौ	46	4
क्ट्	46	4
क्टिं	46	5
ल्फ्यू	46	6
र्द्धि	46	6
ठै	46	2
न्रा	46	4
क्षैः	46	5
ण्ड्रि	46	6
ळै	46	2
ण्ठं	46	4
मॉॅं	46	4
ष्णूं	46	5
म्झि	46	4
भैँ	46	3
दैँ	46	3
र्थ्ये	46	6
ग्धे	46	4
म्यः	46	4
फ्राँ	45	5
न्चु	45	4
ल्खा	45	4
र्न्स्ट	45	7
र्टें	45	5
र्म्स	45	5
य्यू	45	4
क्डो	45	4
न्सिं	45	5
न्त्यो	45	6
श्का	45	4
मॆ	45	2
यॊ	45	2
र्ट्रे	45	6
व्यै	45	4
घ्वा	45	4
म्वु	45	4
र्व्हा	45	6
ज्छ	45	3
ड्कि	45	4
स्ट्या	45	6
र्छु	45	4
झ्नु	45	4
केः	45	3
र्त्तुं	45	7
र्हः	45	4
क्रुः	45	5
द्गः	45	4
र्पाः	45	5
न्ब	44	3
स्रों	44	5
न्मां	44	5
त्क्षे	44	6
ड़ीं	44	4
ब्रौ	44	4
त्र्यो	44	6
र्री	44	4
ग्नू	44	4
क्यी	44	4
ज़ं	44	3
म्पृ	44	4
ख़ै	44	3
ढा़	44	3
ग़ौ	44	3
न्गे	44	4
व्लो	44	4
ल्लौ	44	4
न्हु	44	4
क्चा	44	4
ह्वि	44	4
ग्धो	44	4
फ्लॅ	44	4
म्हं	44	4
तँ	44	2
न्ह्या	44	6
ङ्खः	44	4
क्प्रा	44	6
क्यैः	44	5
च्यः	44	4
ष्ट्याः	44	7
घ्राः	44	5
श्नं	44	4
स्कैं	43	5
ह्द	43	3
स्क्वै	43	6
छें	43	3
स्ट्रिं	43	7
फ्स	43	3
}	43	1
क्नी	43	4
ब्ने	43	4
ष्मे	43	4
ष्प्रे	43	6
ण्वी	43	4
ट्यं	43	4
ल्भा	43	4
ळ्ळे	43	4
षिं	43	3
द्ध्यां	43	7
च्यं	43	4
त्दा	43	4
म्दै	43	4
म्झे	43	4
ङ्ख्याः	43	7
न्तैः	43	5
ड्ज्	43	4
ल्लः	43	4
प्नाः	43	5
श्ल	42	3
न्द्यो	42	6
फ्रु	42	4
ब्से	42	4
वॄ	42	2
न्क्रि	42	6
ल्हु	42	4
न्गु	42	4
म्हो	42	4
ग॒	42	2
ल्गि	42	4
ड्रू	42	4
थ्र	42	3
र्धाः	42	5
राॅ	42	3
त्शी	42	4
म्नै	42	4
र्ज्या	42	6
र्त्तृ	42	6
ट्टाः	42	5
ट्याः	42	5
न्त्	41	4
द्न	41	3
क्सं	41	4
फ़्रि	41	5
ल्चे	41	4
ल्लां	41	5
क्स्चें	41	7
क्स्ट्रा	41	8
च्छो	41	4
क्सौ	41	4
ढै	41	2
ण्ट्र	41	5
म्ट	41	3
ग्रें	41	5
′	41	1
म्क	41	3
रीः	41	3
आें	41	3
ग्घ	41	3
गॉं	41	3
न्द्रु	41	6
द्भे	41	4
ताे	41	3
ल्चु	41	4
प्स्या	41	6
च़ा	41	3
न्त्यं	41	6
स्त्रीं	41	7
ट्ट्यां	41	7
धौँ	41	3
द्यैः	41	5
न्नैः	41	5
द्ब्र	40	5
फ़्राँ	40	6
न्ज़ा	40	5
म्भौ	40	4
च्छों	40	5
त्यें	40	5
हैँ	40	3
ष्ट्रो	40	6
क्ष्मि	40	6
धें	40	3
त्वः	40	4
केे	40	3
त्स्नं	40	6
म्हीं	40	5
क्खू	40	4
स्कॅ	40	4
व्रे	40	4
न्टु	40	4
च्चू	40	4
र्च्छा	40	6
×	40	1
ट्को	40	4
हाँँ	40	4
न्दृ	40	4
ष्कु	40	4
र्यू	40	4
त्स्यो	40	6
र्बां	40	5
स्टॅं	40	5
ल्व्ह	40	5
त्भि	40	4
ज्नु	40	4
म्के	40	4
फ्याँ	40	5
च्दै	40	4
ब्दौ	40	4
ह्याः	40	5
ङ्ग्ट	40	5
प्त्वा	40	6
म्सु	39	4
न्फ्यू	39	6
ड्गु	39	4
र्क्रि	39	6
धुँ	39	3
खूँ	39	3
ऴु	39	2
ज्द	39	3
क्ट्रे	39	6
ब्लें	39	5
ढों	39	3
ग्गै	39	4
श्रीं	39	5
ष्ट्	39	4
योे	39	3
‚	39	1
स्टां	39	5
ध्मा	39	4
ण्णि	39	4
ज्रे	39	4
म्लु	39	4
क्त्रा	39	6
य॑	39	2
थ्थ	39	3
मॄ	39	2
ण्णु	39	4
ञ्छि	39	4
ब्रँ	39	4
उा	39	2
म्रं	39	4
ल्भि	39	4
ल्छी	39	4
क्वं	39	4
द्घु	39	4
ङ्ग्स्	39	6
न्युः	39	5
घोः	39	3
ग्मं	38	4
न्टिं	38	5
क्थ	38	3
त्त्र	38	5
ह्मि	38	4
ब्बों	38	5
ण्ड्रा	38	6
न्ट्रि	38	6
फ्तों	38	5
कृं	38	3
ब्ज़े	38	5
ख़्तू	38	5
म्फे	38	4
यॆ	38	2
ख्मी	38	4
त्थी	38	4
रॊ	38	2
ड्र्यू	38	6
ठ्यो	38	4
ण्टै	38	4
र्डु	38	4
स्त्	38	4
रेँ	38	3
घाः	38	3
प्लॅं	38	5
ष्ठौ	38	4
बाे	38	3
भ्यू	38	4
ण्टाः	38	5
र्गैः	38	5
म्णः	38	4
ङ्ख्ये	38	6
ष्णुं	37	5
न्भ	37	3
ड्यों	37	5
न्फ्रें	37	7
ख्स	37	3
न्फि	37	4
क्वें	37	5
म्फो	37	4
तैं	37	3
ग्वां	37	5
ङ्या	37	4
स्फ़	37	4
ञा	37	2
व्यौ	37	4
र्स्क	37	5
क्खु	37	4
क्ष्यी	37	6
न्भा	37	4
क्र्या	37	6
द्मः	37	4
ट्ले	37	4
म्जु	37	4
न्दाः	37	5
ध्याः	37	5
ळः	37	2
न्ग्लि	37	6
ण्डौं	37	5
ञ्जो	37	4
र्षाः	37	5
त्रेः	37	5
श्शु	37	4
षुः	37	3
स्यैः	37	5
ष्ठ्याः	37	7
न्त्र्ये	37	8
न्दूः	37	5
अः	36	2
न्न्य	36	5
र्ब्र	36	5
ग्गि	36	4
फ़ें	36	4
त्त्प	36	5
र्ट्रें	36	7
ल्ड्रे	36	6
ग़ी	36	3
स्थों	36	5
द्द्या	36	6
नीः	36	3
ल्पु	36	4
ड़ै	36	3
ल्यौ	36	4
म्तो	36	4
र्क्र	36	5
त्त्वी	36	6
र्धो	36	4
द्ध्यै	36	6
ष्टै	36	4
म्द	36	3
स्रु	36	4
न्नां	36	5
न्क्री	36	6
डीः	36	3
स्त्वे	36	6
ढ्वा	36	4
व्हां	36	5
ष्णीं	36	5
ङ्दे	36	4
म्जो	36	4
ङ्गौ	36	4
ञ्त	36	3
ब्धुं	36	5
क्लः	36	4
ज्जाः	36	5
द्कं	36	4
घ्	35	2
ण्ड्र	35	5
र्ङ्ग	35	5
न्धोः	35	5
ण्ड्रो	35	6
जँ	35	2
श्शे	35	4
प्सू	35	4
फ़्त	35	4
स्लों	35	5
ब्ज़ी	35	5
े	35	1
ब्लां	35	5
नूँ	35	3
द्धै	35	4
य्वा	35	4
त्त्रि	35	6
स्ट्रां	35	7
अ्	35	2
द्बि	35	4
श्कं	35	4
क्लॅ	35	4
थेः	35	3
च़	35	2
न्झा	35	4
प्प्यां	35	7
ज्यॉं	35	5
लॅा	35	3
न्सॅ	35	4
र्पं	35	4
न्त्वे	35	6
ज्यैः	35	5
ष्पः	35	4
श्त्व	35	5
त्त्याः	35	7
न्र	34	3
न्शू	34	4
प्से	34	4
लूँ	34	3
व्रो	34	4
ष्प्रा	34	6
ज़्ज़	34	5
ण्टू	34	4
जी़	34	3
थ्यः	34	4
चुँ	34	3
णुं	34	3
तॉ	34	2
त्क्रि	34	6
पॊ	34	2
ज्झि	34	4
प्छ	34	3
म्रौ	34	4
ग्गे	34	4
क्झि	34	4
व्रु	34	4
र्व्हे	34	6
ळूं	34	3
बाँँ	34	4
द्ले	34	4
ङ्ग्लो	34	6
ङ्वा	34	4
त्रौँ	34	5
ख्थे	34	4
च्दा	34	4
क्त्वे	34	6
त्यैः	34	5
स्थैः	34	5
स्त्यः	34	6
स्त्रैः	34	7
ष्कः	34	4
ङ्क्तौ	34	6
त्थः	34	4
म्लं	34	4
म्पं	34	4
फ़्गा	33	5
धँ	33	2
प्नि	33	4
हैंं	33	4
स्नू	33	4
मेँ	33	3
स्लु	33	4
ज्बे	33	4
क्वै	33	4
ष्टृ	33	4
―	33	1
श्यू	33	4
श्त्र	33	5
न्स्की	33	6
त्स्क	33	5
र्खी	33	4
द्द्वा	33	6
ष्ति	33	4
त्स्यः	33	6
न्गो	33	4
फ्फा	33	4
र्खु	33	4
फाॅ	33	3
फ्ट्वे	33	6
र्घो	33	4
क्यौं	33	5
√	33	1
हँु	33	3
न्शे	33	4
ग्लॅ	33	4
न्व्हे	33	6
क्झें	33	5
ह्रौ	33	4
न्छौ	33	4
नौँ	33	3
म्चो	33	4
म्चि	33	4
ञ्झा	33	4
ड्भा	33	4
द्युः	33	5
ल्क्ये	33	6
ञ्ज्	33	4
ष्ठ्या	33	6
श्वाः	33	5
ड्यः	33	4
च्छ्रु	33	6
ध्व्यः	33	6
ढ्	32	2
घ्व	32	3
त्त्यु	32	6
न्ट्रा	32	6
ल्कों	32	5
आा	32	2
भूं	32	3
क्ज़	32	4
न्कु	32	4
थ्रू	32	4
ह्वां	32	5
क्शं	32	4
ख्ते	32	4
ण्णी	32	4
थुं	32	3
ब्ये	32	4
द्ने	32	4
डँ	32	2
प्शि	32	4
दॄ	32	2
ह्रीं	32	5
स्तॉ	32	4
म्ब्रा	32	6
त्ज	32	3
र्थ्	32	4
य़ु	32	3
न्ः	32	3
छ्	32	2
व्यैः	32	5
द्भ्यां	32	7
न्त्यै	32	6
च्चां	32	5
ट्च	32	3
र्ल्ड्	32	6
ढ्द	32	3
म्घा	32	4
र्ी	32	3
ठ्म	32	3
प्यः	32	4
क्ष्मः	32	6
व्दा	31	4
जा़	31	3
ण्टों	31	5
प्ड	31	3
एँँ	31	3
ल्फ़ि	31	5
र्च्यू	31	6
ऩ	31	1
ज्झ	31	3
न्मुं	31	5
भृं	31	3
न्ड्र	31	5
दॆ	31	2
श्को	31	4
प्तै	31	4
न्द्वि	31	6
र्त्तु	31	6
प्का	31	4
र्ज़े	31	5
प्मा	31	4
प्च	31	3
स्प्रि	31	6
ग्रॉ	31	4
नाॅ	31	3
र्ध्द	31	5
शॆ	31	2
ऴि	31	2
द्मो	31	4
भॉ	31	2
ट्ट्	31	4
र्न्ले	31	6
ळ्ळु	31	4
जृ	31	2
श्र्च	31	5
म्हां	31	5
म्म्या	31	6
झ्यू	31	4
न्ड्या	31	6
ङ्ट	31	3
ट्दा	31	4
प्दै	31	4
म्ल्या	31	6
प्ठ्या	31	6
ङ्लो	31	4
च्द	31	3
ङ्ग्स	31	5
च्छः	31	4
र्चाः	31	5
भ्याः	31	5
र्म्यं	31	6
न्द्रैः	31	7
∫	31	1
द्ध्योः	31	7
र्ष्य	30	5
न्द्रू	30	6
ड्ढे	30	4
ख्तू	30	4
ढिं	30	3
त्च	30	3
●	30	1
निँ	30	3
घ्वी	30	4
म्जी	30	4
क्र्स	30	5
याे	30	3
युँ	30	3
न्ध्यो	30	6
न्न्	30	4
र्त्रा	30	6
श्नि	30	4
ड्भि	30	4
ठ्ठि	30	4
गौँ	30	3
र्मौ	30	4
व्ह्ज	30	5
श्चु	30	4
धोः	30	3
त्म्यां	30	7
ब्रॅं	30	5
त्रूं	30	5
ख्खी	30	4
त्म्ये	30	6
क्ष्मीं	30	7
ट्कि	30	4
ज्यै	30	4
क्थ्यो	30	6
ल्छि	30	4
र्ड्स्	30	6
ह्णी	30	4
द्धैः	30	5
र्हाः	30	5
ण्डैः	30	5
ष्ठैः	30	5
ध्द्य	30	5
ज्ज्य	29	5
र्त्म	29	5
ब्रैं	29	5
ल्मु	29	4
हैै	29	3
न्यि	29	4
ट्राँ	29	5
न्ट्रे	29	6
ज़ां	29	4
ण्द	29	3
थ्ले	29	4
ल्ते	29	4
अौ	29	2
ह्नु	29	4
याा	29	3
ह्रु	29	4
र्फ्यू	29	6
र्सू	29	4
ल्ड्र	29	5
¸	29	1
ब्बो	29	4
र्ग्यू	29	6
ब्लिं	29	5
ख्ना	29	4
ज्जुः	29	5
म्भ्र	29	5
ह्रे	29	4
स्काॅ	29	5
ल्झा	29	4
आः	29	2
य़ां	29	4
पॄ	29	2
थाँ	29	3
ट्द	29	3
स्त्वि	29	6
न्दोः	29	5
न्ध्रे	29	6
च़े	29	3
टॅं	29	3
ष्ठीं	29	5
ध्नु	29	4
खौँ	29	3
र्छौ	29	4
क्त्यु	29	6
च्चः	29	4
टैः	29	3
ङ्घाः	29	5
ष्शा	29	4
ञ्जः	29	4
ठ्	28	2
र्त्र	28	5
ट्जे	28	4
ख्म	28	3
ङो	28	2
ल्चा	28	4
र्यी	28	4
र्फो	28	4
ट्ठि	28	4
फ़्रैं	28	6
म्बों	28	5
क्लू	28	4
ण्वों	28	5
ज़्का	28	5
म्ब्रे	28	6
स्क्रू	28	6
ग्रौ	28	4
`	28	1
लीः	28	3
र्च्यु	28	6
ध्रि	28	4
ग्लॉ	28	4
ध्दो	28	4
र्जां	28	5
र्घि	28	4
ध॒	28	2
त्र्यौ	28	6
ल्क्या	28	6
⇨	28	1
न्छौं	28	5
क्दो	28	4
ब्वाँ	28	5
ङ्रे	28	4
स्काः	28	5
ष्ट्राः	28	7
र्धै	28	4
ग्र्यः	28	6
क्तुः	28	5
य्ड्	28	4
य़ू	27	3
त्रुं	27	5
बौं	27	3
छों	27	3
स़ा	27	3
र्म्प	27	5
क्टॉ	27	4
न्ख्या	27	6
म्फू	27	4
ख्ट	27	3
ह्ली	27	4
क्शी	27	4
म्ज़	27	4
घूं	27	3
स्सै	27	4
क्वो	27	4
र्घे	27	4
न्ध्री	27	6
स्क्यु	27	6
फ्रू	27	4
र्नॉ	27	4
दि्	27	3
श्यु	27	4
ठ्ये	27	4
ट्ली	27	4
र्थै	27	4
ग्को	27	4
ण्हि	27	4
म्दी	27	4
ष्फो	27	4
ड्ढ	27	3
श्छा	27	4
ष्णौ	27	4
द्र्या	27	6
द्द्यां	27	7
गॅं	27	3
त्न्यौ	27	6
ङ्क्स	27	5
खैँ	27	3
र्षै	27	4
र्ख्यौ	27	6
प्त्यु	27	6
प्नः	27	4
र्त्यै	27	6
न्ख	26	3
न्सं	26	4
ल्वो	26	4
श्ति	26	4
फ़्ला	26	5
त्तृ	26	4
त्त्	26	4
ष्किं	26	5
स्चा	26	4
त्स्की	26	6
द्द्यो	26	6
ड्वे	26	4
र्जिं	26	5
सेे	26	3
न्टै	26	4
ल्स्की	26	6
ज़्ज़ा	26	6
फ्टा	26	4
ल्ज़ा	26	5
र्कां	26	5
म्न्या	26	6
न्हं	26	4
टँ	26	2
खेँ	26	3
ध्यि	26	4
स्कौ	26	4
फ्लिं	26	5
वाॅ	26	3
फ्रॅ	26	4
न्दि्	26	5
स्क्र	26	5
ध्ध	26	3
गि्	26	3
म्नं	26	4
प्रॅ	26	4
″	26	1
ढौ	26	2
▪	26	1
रॆ	26	2
त्तीः	26	5
म्छ	26	3
र्द्वि	26	6
ळें	26	3
स्ट्रॅ	26	6
फ्तां	26	5
क्दि	26	4
च्टि	26	4
चैः	26	3
न्त्वा	26	6
क्थे	26	4
झिँ	26	3
ङ्ग्ली	26	6
त्त्यै	26	6
ळ्ळू	26	4
द्र्ष्टुं	26	9
च्छ्लो	26	6
क्ष्णः	26	6
ष्पां	25	5
ट्व	25	3
त्सिं	25	5
र्नें	25	5
ड़ु	25	3
ल्क्यो	25	6
क़्श	25	4
दीः	25	3
न्टू	25	4
न्ध्रा	25	6
ण्ढ	25	3
र्श्	25	4
द्घि	25	4
ह्त्व	25	5
राे	25	3
ल्ज़	25	4
सूँ	25	3
णॆ	25	2
त्त्त	25	5
स्क्वि	25	6
त्श	25	3
ो	25	1
ल्गी	25	4
म्मै	25	4
धौं	25	3
र्त्वा	25	6
र्लै	25	4
ष्क्रा	25	6
ग्वी	25	4
धाँ	25	3
त्कं	25	4
बॆ	25	2
पे्र	25	4
दॅ	25	2
ष्ट्वै	25	6
च्छृ	25	4
व्ह्यू	25	6
श्रूं	25	5
र्चं	25	4
भेः	25	3
थुः	25	3
न्स्टां	25	7
र्खौ	25	4
शैँ	25	3
द्ला	25	4
ङ्सी	25	4
ब्दै	25	4
न्सः	25	4
क्ष्णं	25	6
स्थ्ये	25	6
र्तोः	25	5
ङ्कुः	25	5
न्यों	24	5
म्पिं	24	5
कूँ	24	3
प्तों	24	5
नेे	24	3
न्क्ले	24	6
व्दि	24	4
फ्गा	24	4
क्सें	24	5
र्धः	24	4
ल्नि	24	4
ऍं	24	2
ढ़ं	24	3
म्सो	24	4
ट्टों	24	5
ज़्नी	24	5
ल्किं	24	5
क्स्ड	24	5
ड्गा	24	4
न्स्ट्र	24	7
न्नृ	24	4
�	24	1
श़	24	2
र्शु	24	4
फ्नु	24	4
श्छे	24	4
सॉं	24	3
ट्की	24	4
स्क्ले	24	6
ग्दि	24	4
र्त्रे	24	6
स्प्र	24	5
क्त्रे	24	6
म्प्	24	4
र्च्छि	24	6
ण्णे	24	4
ग्राः	24	5
प्रः	24	4
ऱ्यो	24	4
थ्र्यो	24	6
म्नु	24	4
ठ्न	24	3
ङ्लि	24	4
ग्थ्यो	24	6
श्यै	24	4
लुँ	24	3
प्राः	24	5
र्ट्स्	24	6
न्त्यां	24	7
ल्प्र	24	5
न्थैः	24	5
पोः	24	3
क्स्फ	24	5
द्ब्रा	24	6
थ्व्याः	24	7
ड्गं	24	4
त्नैः	24	5
म्रः	24	4
धूः	24	3
ख्व	23	3
फ्ली	23	4
फ्ट्स	23	5
ड्थ	23	3
शूं	23	3
क़ौ	23	3
ख़्शा	23	5
फ़्यू	23	5
ण्यों	23	5
द्गो	23	4
ड़ं	23	3
जौं	23	3
घूँ	23	3
फ़ां	23	4
क्जि	23	4
न्झो	23	4
स्क्यू	23	6
क़ो	23	3
न्शु	23	4
ल्ख	23	3
ष्यै	23	4
क्मे	23	4
य्यि	23	4
क्रैं	23	5
र्ज़ी	23	5
फ़्यो	23	5
न्फॉ	23	4
स्फिं	23	5
भेँ	23	3
म्ब्र	23	5
न्स्का	23	6
म्हि	23	4
श्वै	23	4
ज्याे	23	5
त्स्यें	23	7
ज्ञै	23	4
ग्भू	23	4
झँ	23	2
न्शा	23	4
৷	23	1
ण्ट्स्	23	6
र्घ्या	23	6
र्षौं	23	5
लोः	23	3
किा	23	3
र्धू	23	4
क्झे	23	4
स्टँ	23	4
नंं	23	3
ग्ग्र	23	5
न्न्री	23	6
र्छौं	23	5
त्छ	23	3
न्ं	23	3
क्ष्माः	23	7
र्त्ते	23	6
ज्रं	23	4
ष्ट्यै	23	6
ग्ध्य	22	5
थ्व	22	3
न्सॉ	22	4
ढ़ौ	22	3
त्र्ये	22	6
टौं	22	3
ल्हौ	22	4
क्छु	22	4
ख़्ता	22	5
ग्ज़	22	4
ह्त्या	22	6
ठ्ने	22	4
क्चु	22	4
फ़्र	22	4
श्टे	22	4
ी	22	1
घ्रि	22	4
श्की	22	4
ल्र्ड	22	5
न्क्स	22	5
क्वॉ	22	4
श्ड	22	3
ढ़ीं	22	4
य्यो	22	4
ल्फ़ा	22	5
ड्कु	22	4
न्मं	22	4
ड्ता	22	4
लाे	22	3
र्न्या	22	6
साे	22	3
ल्सिं	22	5
क्युँ	22	5
काै	22	3
थ्वि	22	4
त्प्ल	22	5
त्प्ला	22	6
क्कं	22	4
ट्म	22	3
द्श	22	3
ड्प	22	3
र्ण्या	22	6
म्यै	22	4
यॅ	22	2
प्पां	22	5
ड्रॅ	22	4
म्झी	22	4
जॉं	22	3
न्झी	22	4
न्बा	22	4
ङ्बा	22	4
भ्ला	22	4
ङ्ग्रि	22	6
ङ्ग्री	22	6
ङ्खि	22	4
छ्यौ	22	4
प्चे	22	4
ग्रीं	22	5
स्ट्मा	22	6
ग्मुः	22	5
न्द्याः	22	7
जिः	22	3
त्न्यः	22	6
थ्नो	21	4
ॡ	21	1
ङ्ङ	21	3
स्ठा	21	4
ड्ट	21	3
येँ	21	3
र्पों	21	5
र्जों	21	5
र्य्य	21	5
क्स्पो	21	6
र्णै	21	4
न्फ्रे	21	6
ग्मो	21	4
र्ही	21	4
खँ	21	2
न्फ्लू	21	6
स्चु	21	4
छ्त्र	21	5
त्र्	21	4
ब्ज़	21	4
ग्बा	21	4
ख़ी	21	3
ल्नी	21	4
व्वु	21	4
म्टे	21	4
स्ट्रु	21	6
विा	21	3
त्मं	21	4
थ्र्य	21	5
स्सां	21	5
थ्स	21	3
ब्नि	21	4
घ्नी	21	4
र्प्स	21	5
ग्जी	21	4
लॊ	21	2
घ्रे	21	4
ज्यॉ	21	4
ण्ड्स	21	5
फि्	21	3
ट्प्र	21	5
ध्री	21	4
ड्यौ	21	4
श्ग	21	3
न्त्वि	21	6
न्डौ	21	4
त्किं	21	5
र्छे	21	4
न्स्टै	21	6
ख्खु	21	4
व्रं	21	4
न्झि	21	4
फ्र्या	21	6
म्ब्या	21	6
डॆ	21	2
क्छौ	21	4
पैँ	21	3
ड्गी	21	4
ड्की	21	4
ल्लाः	21	5
ह्रू	21	4
र्योः	21	5
स्त्रीः	21	7
ष्टैः	21	5
ण्डोः	21	5
घ्नो	20	4
च्च्य	20	5
र्ह्य	20	5
ह्ते	20	4
त्र्यु	20	6
कि्	20	3
ल्रि	20	4
ज़्दा	20	5
र्फ़ी	20	5
स्थु	20	4
न्डिं	20	5
प्लैं	20	5
न्डू	20	4
र्गै	20	4
ज़्ड	20	4
ख़े	20	3
ट्लैं	20	5
ङु	20	2
स्कां	20	5
स्लें	20	5
म्ते	20	4
प्कि	20	4
मौं	20	3
ष्मो	20	4
क्ज़ें	20	6
न्टों	20	5
स्मु	20	4
￼	20	1
स्प्ले	20	6
गाॅ	20	3
क्यौ	20	4
ल्चि	20	4
र्नौ	20	4
ल्दु	20	4
न्ध्ये	20	6
पॆ	20	2
जो़	20	3
छ्छा	20	4
म्प्रि	20	6
न्द्रौ	20	6
न्रो	20	4
द्ग्रा	20	6
न्टौ	20	4
न्ग्	20	4
­	20	1
ज्वी	20	4
खुँ	20	3
त्प्रि	20	6
क्ष्यः	20	6
ड्गे	20	4
ण्यौ	20	4
ख्खे	20	4
र्षीं	20	5
र्ध्यां	20	7
ज्ञीं	20	5
ङ्खो	20	4
स्कँ	20	4
र्दं	20	4
ब्र्या	20	6
फ्ल्या	20	6
र्क्स्	20	6
र्ु	20	3
र्ूव	20	4
प्ठे	20	4
स्प्या	20	6
ट्बा	20	4
ङ्ड	20	3
ङ्क्रि	20	6
क्तीः	20	5
ब्धौ	20	4
र्षुः	20	5
ङ्ख्यां	20	7
स्लां	20	5
ष्टुः	20	5
ग्णः	20	4
द्भ्या	20	6
न्दुं	20	5
ळ्वा	20	4
ङ्गुः	20	5
೦	20	1
र्क्ष	19	5
स्चे	19	4
र्चें	19	5
स्नै	19	4
स्ट्रू	19	6
ज़ॅ	19	3
मेें	19	4
ज़्यू	19	5
क्ज़े	19	5
ढि़	19	3
र्गृ	19	4
र्स्की	19	6
न्गी	19	4
ै	19	1
फ़्लॉ	19	5
श्यी	19	4
ऱा	19	2
थ्वा	19	4
प्नी	19	4
ल्र्स	19	5
ग्ज्ञा	19	6
ह्त	19	3
ठ्मा	19	4
ज्मि	19	4
प़	19	2
&	19	1
र्ष्णे	19	6
नॊ	19	2
जैं	19	3
त्पृ	19	4
हॊ	19	2
ड्लि	19	4
क्लृ	19	4
र्ं	19	3
थ्वीं	19	5
म्श	19	3
ङ्खं	19	4
र्श्वा	19	6
श्छि	19	4
#	19	1
स़ु	19	3
प्स्	19	4
ग्स्	19	4
ज्याः	19	5
फॉं	19	3
चुः	19	3
झ्नी	19	4
ृ	19	1
न्भ्रा	19	6
त्स्फू	19	6
लॉॅं	19	4
र्ट्झ	19	5
र्खः	19	4
र्व्यां	19	7
श्टु	19	4
ङ्टा	19	4
स्ल्या	19	6
ङ्ले	19	4
डौंं	19	4
श्था	19	4
सिः	19	3
ग्रीः	19	5
चाः	19	3
ट्टौ	19	4
क्षिः	19	5
ण्ड्स्	19	6
द्रेः	19	5
त्सौ	19	4
क्ष्मं	19	6
न्त्योः	19	7
क्त्वं	19	6
त्य्वोः	19	7
ष्णाः	19	5
ह्निः	19	5
त्स्मे	19	6
फ़्घा	19	5
क्त्व	18	5
ग्र्य	18	5
त्स्म	18	5
न्घ	18	3
भ्व	18	3
र्च्य	18	5
स्म्य	18	5
य्यु	18	4
ट्यौ	18	4
ब्यं	18	4
र्चो	18	4
योँ	18	3
$	18	1
क़्क़ा	18	6
ऊॅं	18	3
न्बे	18	4
स्फ़े	18	5
क्पृ	18	4
क्त्	18	4
फ़्रं	18	5
ऋं	18	2
ब्ज़ि	18	5
न्फ़ो	18	5
फ्का	18	4
म्नॅ	18	4
ग्पा	18	4
न्सै	18	4
स्ट्रैं	18	7
र्सै	18	4
देे	18	3
प्चू	18	4
त्र्यै	18	6
लेे	18	3
टाॅ	18	3
म्प्लि	18	6
द्ध्	18	4
ईा	18	2
फौं	18	3
ष्चि	18	4
बि्	18	3
माै	18	3
स्ट्यू	18	6
स्ची	18	4
प्लिं	18	5
भीं	18	3
माे	18	3
ह्नः	18	4
र्क्वे	18	6
र्थु	18	4
र्म्	18	4
ल्स्क	18	5
ल्झे	18	4
श्यि	18	4
ट्ग	18	3
ड्मा	18	4
र्डू	18	4
र्ट्रा	18	6
भ्रो	18	4
ष्ले	18	4
यूॅं	18	4
ह्युं	18	5
ँ	18	1
स्स्	18	4
न्क्वि	18	6
ह्त्वा	18	6
र्च्या	18	6
ज्यॉॅं	18	6
थ्याः	18	5
द्द्	18	4
हुा	18	3
ध्वाँ	18	5
ङ्कू	18	4
बिँ	18	3
प्ल्या	18	6
स्याँ	18	5
ड्पे	18	4
न्क्	18	4
जेः	18	3
सीः	18	3
स्म्	18	4
ष्यौ	18	4
ड्जः	18	4
न्धैः	18	5
श्यैः	18	5
ङ्कैः	18	5
द्दुः	18	5
न्थिं	18	5
न्धुं	18	5
ल्योः	18	5
ज्ञ्यः	18	6
प्त्याः	18	7
वोः	18	3
र्ष्णि	18	6
ण्ठीं	18	5
क्फ	17	3
ट्श	17	3
द्द्र	17	5
ध्म	17	3
श्तै	17	4
ळ्ह	17	3
ढे़	17	3
फ्फे	17	4
स्खा	17	4
फ्ति	17	4
थुँ	17	3
द्त	17	3
ल्ड्रि	17	6
ण्ट्री	17	6
ह्लि	17	4
ह्ता	17	4
र्ग्रा	17	6
स्ट्राँ	17	7
त्थू	17	4
ब्रिं	17	5
ल्हू	17	4
ज्जों	17	5
र्तू	17	4
र्रों	17	5
जॊ	17	2
ल्था	17	4
कुः	17	3
ज्याँ	17	5
स्त्यु	17	6
त्रृ	17	4
च्ड	17	3
झ़ा	17	3
क्छि	17	4
क्झा	17	4
अॉ	17	2
खैं	17	3
श्टि	17	4
त्फु	17	4
न्कृ	17	4
ण्ढि	17	4
म्म्	17	4
न्वो	17	4
न्बी	17	4
द्वो	17	4
च्टे	17	4
ल्ब्रे	17	6
ल्स्टॉ	17	6
त्चा	17	4
र्हं	17	4
ण्यै	17	4
स्त्रः	17	6
छेँ	17	3
डॉं	17	3
कॆ	17	2
लॆ	17	2
ज्जौ	17	4
न्मृ	17	4
र्व्	17	4
ब्धिं	17	5
र्ः	17	3
म्कु	17	4
भ्रि	17	4
झ्दा	17	4
ब्लॅं	17	5
द्ध्ये	17	6
ढिँ	17	3
ङ्सा	17	4
भ्ने	17	4
ध्नि	17	4
क्ह्या	17	6
न्त्यौ	17	6
ठोँ	17	3
ङ्क्य	17	5
ङ्घं	17	4
व्रः	17	4
खुः	17	3
ङ्ग्लं	17	6
ध्देः	17	5
ष्ठिः	17	5
र्भ्यः	17	6
ण्टां	17	5
स्छ्वा	17	6
ड्त्रिं	17	7
त्स्मृ	17	6
ण्ड्स्टै	17	8
न्ग्र	16	5
र्च्छ	16	5
ण्ठो	16	4
श्चिं	16	5
ल्त्स	16	5
य्ड	16	3
शाँ	16	3
क्लौ	16	4
न्बो	16	4
ड्ली	16	4
ख़्श	16	4
ड्ला	16	4
न्लि	16	4
हॆ	16	2
ल्ट्स	16	5
न्गि	16	4
म्ज	16	3
पाॅ	16	3
ज़्द	16	4
द्घां	16	5
ण्ह	16	3
ड्से	16	4
ग्डे	16	4
प्नों	16	5
ख्सि	16	4
ल्र	16	3
ल्खु	16	4
म्मं	16	4
ख्र	16	3
म्भृ	16	4
न्ग्रे	16	6
जि़	16	3
त्गु	16	4
नॄ	16	2
ज़्ली	16	5
चॆ	16	2
स्क्वॉ	16	6
जाॅ	16	3
फ्यो	16	4
नेँ	16	3
माा	16	3
न्ट्रॉ	16	6
र्स्टे	16	6
क्छे	16	4
र्वु	16	4
फ़्रै	16	5
क्स्पी	16	6
च्यौ	16	4
ट्पु	16	4
च्छ्रा	16	6
येः	16	3
व्ल	16	3
क्लीं	16	5
स्मं	16	4
ग्ज्यो	16	6
ट्पा	16	4
ऴा	16	2
म्पॅ	16	4
ण्ड्री	16	6
ध्वः	16	4
स्ज	16	3
स्दी	16	4
क़्वां	16	6
बेँ	16	3
ढ्यं	16	4
ल्पै	16	4
र्हु	16	4
फ़्शा	16	5
र्न्तु	16	6
र्नृ	16	4
ड्ये	16	4
ऱ्य	16	3
अो	16	2
न्व्हें	16	7
र्षॆ	16	4
हूॅं	16	4
ध्रे	16	4
ट्स्थ	16	5
ज्ज्यो	16	6
न्ध्रौँ	16	7
ग्छि	16	4
न्छः	16	4
ङ्लु	16	4
म्स्था	16	6
ध्छ	16	3
ग्यौ	16	4
एि	16	2
प्यै	16	4
त्स्याः	16	7
टेः	16	3
ग्र्याः	16	7
ञ्ञि	16	4
ण्स्य	16	5
त्स्प	16	5
र्द्रं	16	6
ट्क्री	16	6
र्षैः	16	5
स्स्थ	16	5
न्द्वे	16	6
श्च्	16	4
म्णि	16	4
श्योः	16	5
ब्धेः	16	5
ड्याः	16	5
म्नीं	16	5
ड्भिः	16	5
थ्व्या	16	6
क्स्य	16	5
ढ्यः	16	4
र्त्याः	16	7
ण्ट्जे	16	6
ङ्क्ष्य	15	7
रोँ	15	3
ज़ैं	15	4
वुं	15	3
क्स्पि	15	6
ज्वै	15	4
ण्णू	15	4
र्द्वा	15	6
र्ट्रि	15	6
ण्ट्रो	15	6
प्फ	15	3
ल्थि	15	4
द्क	15	3
ऱु	15	2
द़	15	2
ईे	15	2
ष्त	15	3
ल्दू	15	4
~	15	1
म्प्टी	15	6
व्स्था	15	6
म्फी	15	4
श्क़	15	4
श्च्या	15	6
न्बु	15	4
स्क्रे	15	6
फ़्लै	15	5
र्म्म	15	5
र्त्मा	15	6
टृ	15	2
ज्मी	15	4
म्म्द	15	5
ल्मू	15	4
न्फं	15	4
र्थैं	15	5
म्प्रो	15	6
स्गो	15	4
छ्वा	15	4
स्बु	15	4
न्टॉ	15	4
फ्टे	15	4
गॊ	15	2
स्टि्	15	5
ऩि	15	2
व्ना	15	4
क्स्पे	15	6
ड्रिं	15	5
स्दे	15	4
ल्फ्यु	15	6
र्श्वी	15	6
>	15	1
क्स्प्लो	15	8
म्धी	15	4
ज्ज्वा	15	6
न्निः	15	5
म्प्से	15	6
ब्टा	15	4
न्क्रो	15	6
संा	15	3
वि़	15	3
ब्सो	15	4
र्षौ	15	4
र्बै	15	4
त्झा	15	4
वॉं	15	3
त्चु	15	4
ल्दौ	15	4
न्त्रै	15	6
ह्रौं	15	5
ु	15	1
र्व्यू	15	6
र्ड्यू	15	6
ल्जु	15	4
डेः	15	3
ग्गं	15	4
श्चां	15	5
र्मीं	15	5
र्घृ	15	4
झॉॅं	15	4
झ्वा	15	4
व्वी	15	4
द्द्ल	15	5
ळ्य	15	3
त्खा	15	4
र्ढा	15	4
खिा	15	3
स्र्था	15	6
ङ्कै	15	4
ल्टै	15	4
ज्रो	15	4
स्क्यो	15	6
ल्थ्यो	15	6
स्ि	15	3
र्ुप	15	4
ढ्यौ	15	4
ख्छि	15	4
त्ह	15	3
ङ्ग्लि	15	6
म्भुः	15	5
फ्र्यू	15	6
क्ष्मो	15	6
त्स्थि	15	6
ग्भ्यः	15	6
ण्योः	15	5
ह्स्ते	15	6
ष्ठ्यः	15	6
र्द्धे	15	6
त्न्यां	15	7
ख्यैः	15	5
ट्ष	15	3
द्विः	15	5
ध्दिं	15	5
क्कः	15	4
ङ्न	14	3
प्म	14	3
श्में	14	5
ल्हों	14	5
र्बू	14	4
ल्टें	14	5
ल्गू	14	4
टिँ	14	3
म्हू	14	4
ज़ौ	14	3
फ्थ	14	3
स्प्लि	14	6
फ़ॅ	14	3
फ़्लू	14	5
त्शे	14	4
क्शों	14	5
न्पो	14	4
र्ध्नि	14	6
ख़्ति	14	5
ग़ि	14	3
य़े	14	3
स्मू	14	4
क्ग्रा	14	6
र्चू	14	4
झ़	14	2
श्के	14	4
श्ब	14	3
स्त्रु	14	6
फ़ं	14	3
ल्हि	14	4
ध्रू	14	4
म्फ्री	14	6
ण्डिं	14	5
न्ग्रो	14	6
द्बी	14	4
ल्क्स	14	5
स्ट्रें	14	7
ज्यूँ	14	5
क्टों	14	5
ब्ड	14	3
र्द्धां	14	7
क्ष्यो	14	6
ज़्मी	14	5
ट्सा	14	4
र्त्	14	4
श्र्वा	14	6
म्च	14	3
न्स्टॉ	14	6
स्सृ	14	4
ध्र्व	14	5
सॊ	14	2
ब्यॉ	14	4
र्ध्रु	14	6
क्मी	14	4
र्ज्यो	14	6
र्थ्रो	14	6
फ्फी	14	4
र्दूं	14	5
ष्र्या	14	6
प्त्	14	4
स्क्रा	14	6
द्च	14	3
र्ज्ञे	14	6
न्फ्लु	14	6
ड्राॅ	14	5
ल्प्यं	14	6
म्था	14	4
ल्फ्स	14	5
स्म्ब	14	5
घ्नि	14	4
स्स्था	14	6
रें॒	14	4
कॢ	14	2
न्द्वो	14	6
त्त्रा	14	6
फॅं	14	3
स्क्वॅ	14	6
र्णीं	14	5
ल्त्सि	14	6
ऑॅं	14	3
क्खूं	14	5
प्नां	14	5
झ्द	14	3
ग्यॉ	14	4
झ्का	14	4
ञ्छा	14	4
डौँं	14	4
क्छौँ	14	5
लेँ	14	3
न्ठा	14	4
न्जै	14	4
न्छ्	14	4
ब्छ	14	3
प्के	14	4
गिः	14	3
ज्मो	14	4
टोः	14	3
इः	14	2
ल्जो	14	4
स्त्वां	14	7
ग्ण्य	14	5
स्तेः	14	5
ब्जं	14	4
घ्नाः	14	5
ष्ट्रैः	14	7
र्कैः	14	5
ञ्ग	14	3
न्ध्रं	14	6
न्च्	14	4
ङ्ग्यू	14	6
ष्ठीः	14	5
ड्गः	14	4
ल्पैः	14	5
व्योः	14	5
ण्वः	14	4
र्ण्यं	14	6
स्वौ	14	4
ब्द्य	14	5
ण्टुः	14	5
ल्कः	14	4
ल्स्य	14	5
ण्डुं	14	5
न्मै	14	4
क्त्ये	14	6
ङ्कौ	14	4
ष्ट्यु	14	6
ट्टेः	14	5
क्स्लि	14	6
ब्व	13	3
य्व	13	3
ठूँ	13	3
ल्यी	13	4
ह्मं	13	4
नोँ	13	3
स्लैं	13	5
स्प्रू	13	6
ल्ट्री	13	6
फ्था	13	4
म़	13	2
स्किं	13	5
क्सॉ	13	4
ट्गे	13	4
च्वां	13	5
श्ण	13	3
ग्जा	13	4
व्वे	13	4
ब़	13	2
न्स्टें	13	7
ब्लैं	13	5
म्स्की	13	6
जे़	13	3
ड्ढों	13	5
ड्ले	13	4
श्कु	13	4
भूँ	13	3
वीः	13	3
ग्मों	13	5
र्कू	13	4
क्क्यो	13	6
स्रां	13	5
ल्कॉ	13	4
ल्यॉ	13	4
व्ले	13	4
ड्ना	13	4
म्दे	13	4
क्लां	13	5
र्खो	13	4
त्शि	13	4
ध्दी	13	4
द्स्य	13	5
र्ण्	13	4
त्कें	13	5
र्फ़ो	13	5
रृ	13	2
आे	13	2
न्य़ू	13	5
र्स्व	13	5
ट्सू	13	4
प्थी	13	4
ट्के	13	4
ग्नै	13	4
र्षिं	13	5
राी	13	3
म्स्क	13	5
ल्ल्	13	4
जुँ	13	3
न्लो	13	4
र्घी	13	4
च्छ्	13	4
र्य्या	13	6
व्रू	13	4
स्त्यो	13	6
म्डे	13	4
क्ट्स्	13	6
ष्मं	13	4
श्चौ	13	4
ध्रं	13	4
र्घां	13	5
प्प्रा	13	6
ल्डीं	13	5
य्रा	13	4
ष्ठू	13	4
प्लँ	13	4
स्कॅं	13	5
ण्हे	13	4
न्स्ड	13	5
ड्स्स	13	5
स्क्	13	4
क्क्	13	4
ल्झ	13	3
क्दे	13	4
€	13	1
र्घ्ये	13	6
क्षीं	13	5
ल्भे	13	4
झ्वे	13	4
प्चो	13	4
ङ्किं	13	5
स्त्यौ	13	6
म्खा	13	4
र्न्द	13	5
त्यी	13	4
ङ्य	13	3
ङ्ग्ल्या	13	8
ण्डौँ	13	5
झ्दै	13	4
ब्यूँ	13	5
म्प्या	13	6
क्मु	13	4
ट्ति	13	4
ड्दि	13	4
भीः	13	3
म्खो	13	4
ङः	13	2
म्णो	13	4
त्तैः	13	5
थोः	13	3
र्ग्यः	13	6
व्स्	13	4
ह्नो	13	4
द्तः	13	4
न्स्य	13	5
ळाः	13	3
ब्देः	13	5
ब्धु	13	4
ष्काः	13	5
क्त्यो	13	6
क्वः	13	4
ञ्च्य	13	5
ट्न्	13	4
ञ्चू	13	4
र्श्वं	13	6
न्ध्यः	13	6
स्रैः	13	5
ऴे	13	2
द्गि	13	4
म्प्वाः	13	7
ण्यैः	13	5
न्न्यू	13	6
क्ष्णोः	13	7
द्ध्यु	13	6
क्स्मु	13	6
न्द्यं	13	6
र्ब्या	13	6
त्न्यै	13	6
च्व	12	3
त्क्व	12	5
द्द्व	12	5
न्स्व	12	5
स्स्व	12	5
ख्यु	12	4
फ्रिं	12	5
र्फिं	12	5
ढ़ू	12	3
य्र	12	3
ट्ठू	12	4
ज्रां	12	5
र्फ़्यू	12	7
ग्घी	12	4
ू	12	1
श्वों	12	5
ङ्कॉ	12	4
ट्ठो	12	4
प्याँ	12	5
फ्ती	12	4
ज्बा	12	4
ङ्गों	12	5
प्टिं	12	5
व्हू	12	4
तूँ	12	3
त्सों	12	5
ट्लि	12	4
ऩे	12	2
म्बौ	12	4
प्रें	12	5
ब्रं	12	4
स्कें	12	5
ट्से	12	4
ङ्पो	12	4
फ्लैं	12	5
त्त्था	12	6
ट्ठों	12	5
व्स्क	12	5
†	12	1
र्खों	12	5
ध्वि	12	4
ग्रिं	12	5
स्क्रै	12	6
फ़िं	12	4
च्ना	12	4
ज़्गा	12	5
च्छृं	12	5
वॆ	12	2
ढुँ	12	3
बाा	12	3
ड्श	12	3
नाे	12	3
स्टीं	12	5
व्लॉ	12	4
ईः	12	2
डैं	12	3
ख्शा	12	4
द्र्	12	4
च्चुं	12	5
र्डं	12	4
थ्वे	12	4
थ्रु	12	4
त्र्त	12	5
अै	12	2
ग्व्या	12	6
ण्दि	12	4
प्र्र	12	5
पै्र	12	4
ख्यै	12	4
न्मौ	12	4
म्ब्ली	12	6
न्ठ	12	3
ल्यि	12	4
न्ड्र्यू	12	8
साॅ	12	3
क्स्थ	12	5
ता्	12	3
न्ल	12	3
त्स्	12	4
न्जू	12	4
ज्ना	12	4
न्तीः	12	5
तॊ	12	2
डि्	12	3
स्क्रॉ	12	6
ने्ज	12	4
न्न्ता	12	6
ष्कां	12	5
र्त्यं	12	6
क्रें	12	5
ऱे	12	2
त्लु	12	4
नि॒	12	3
न्पि	12	4
क्किं	12	5
ऱ्हां	12	5
ड्ड्या	12	6
न्ह्यां	12	7
त्यांं	12	6
द्ऱ्य	12	5
न्स्फ	12	5
ऱ्ही	12	4
ल्ह्य़ा	12	7
न्द्रां	12	7
न्ट्रॅ	12	6
क्षूं	12	5
श्मां	12	5
च्ञा	12	4
घ्यो	12	4
ल्नू	12	4
ट्स्ब	12	5
ट्दे	12	4
ज्जां	12	5
र्है	12	4
ईंँ	12	3
स्छि	12	4
म्वो	12	4
ट्दो	12	4
भ्न	12	3
ज्रि	12	4
थ्ने	12	4
ग्द्या	12	6
न्छ्न	12	5
न्मँ	12	4
म्छा	12	4
ङ्चु	12	4
ङ्छा	12	4
ख्छु	12	4
ण्टौ	12	4
द्र्व	12	5
गाे	12	3
क्चे	12	4
र्चः	12	4
त्त्वः	12	6
ङ्घै	12	4
स्तुः	12	5
ल्यैः	12	5
र्मैः	12	5
क्त्योः	12	7
म्भूः	12	5
न्स्दे	12	6
न्तॄ	12	4
ल्त्	12	4
र्तीः	12	5
क्राः	12	5
र्खाः	12	5
न्प्रा	12	6
श्वैः	12	5
म्लः	12	4
श्वौ	12	4
न्थेः	12	5
र्द्धं	12	6
ध्दौ	12	4
ण्ट्वा	12	6
ण्टोः	12	5
ध्द्या	12	6
ब्जः	12	4
र्निः	12	5
घ्यं	12	4
ल्ट्न्	12	6
यिः	12	3
म्ब्याः	12	7
र्व्व	12	5
त्प्रो	12	6
ग्ब	11	3
दाे	11	3
ल्टिं	11	5
ग्सा	11	4
ण्ट्स	11	5
कोँ	11	3
क्स्टें	11	7
य्न	11	3
एः	11	2
प्वां	11	5
जूँ	11	3
द्दं	11	4
स्कॄ	11	4
च्ह	11	3
त्भ	11	3
ल्ख़	11	4
दँ	11	2
स्ट्मि	11	6
त्वृ	11	4
वौं	11	3
द्नु	11	4
ज़्र	11	4
ल्शा	11	4
र्न्ड	11	5
क्यूँ	11	5
ग्बो	11	4
न्द्र्	11	6
ञी	11	2
फ़्फ़ा	11	6
न्न्त	11	5
ब्डो	11	4
क्ज़ा	11	5
न्स्था	11	6
र्फ्	11	4
ल्सो	11	4
फ़्ले	11	5
स्ह	11	3
क्जैं	11	5
ष्च	11	3
ह्यी	11	4
क्थि	11	4
प्च्यू	11	6
प्सो	11	4
वंं	11	3
क्ष्णो	11	6
ल्फों	11	5
घ्री	11	4
क्ज़ां	11	6
फ़्टि	11	5
न्ग्वे	11	6
ब्नी	11	4
फ्न	11	3
डो़	11	3
व्यी	11	4
ब्लं	11	4
न्हौं	11	5
द्मं	11	4
ग्वं	11	4
ढ्ता	11	4
र्श्वों	11	7
ण्ढा	11	4
र्क़	11	4
चॉं	11	3
स्टाॅ	11	5
घँ	11	2
म्बां	11	5
स्यि	11	4
ण्ठ्य	11	5
ड्भु	11	4
स्त्यं	11	6
ट्टां	11	5
क्ष्यि	11	6
ष्न	11	3
ल्पू	11	4
थृ	11	2
क्पु	11	4
क्त्रं	11	6
स्थीं	11	5
स्पिं	11	5
च्कि	11	4
प्मे	11	4
ल्स्तो	11	6
न्क्वे	11	6
ख़्मी	11	5
प्को	11	4
स्जी	11	4
द्मी	11	4
स्भा	11	4
क्ट्रों	11	7
शँ	11	2
र्फु	11	4
गेँ	11	3
ग्लुं	11	5
ण्ट्रि	11	6
ल्ढा	11	4
प्ट्	11	4
त्रें	11	5
ण्णं	11	4
च्च्	11	4
रे॒	11	3
अाै	11	3
न्थै	11	4
कीः	11	3
रंं	11	3
श्र्लो	11	6
र्जीं	11	5
त्झे	11	4
पॉॅं	11	4
व्ह्स	11	5
व्हॅं	11	5
न्स्टॅ	11	6
ख्ख्या	11	6
बॊ	11	2
र्क्यां	11	7
ब्जां	11	5
न्च्या	11	6
ज्मे	11	4
चृ	11	2
क्झु	11	4
ल्कां	11	5
थ्र्	11	4
ङ्प	11	3
ठ्द	11	3
म्दु	11	4
ट्मा	11	4
ङ्बो	11	4
ख्र्यौ	11	6
ग्थे	11	4
ब्युँ	11	5
हौँ	11	3
तैँ	11	3
व्लि	11	4
ङ्ति	11	4
र्त्ये	11	6
द्रृ	11	4
ती्	11	3
ङ्ग्ये	11	6
ङ्हा	11	4
र्द्री	11	6
क्थ्य	11	5
ल्भ्य	11	5
ङ्ख्यं	11	6
श्ज	11	3
तृृ	11	3
र्मृ	11	4
ज्ञौ	11	4
र्ष्व	11	5
दोः	11	3
र्द्रः	11	6
ण्ड्वा	11	6
ण्टं	11	4
प्तैः	11	5
ऴ्भा	11	4
ण्ड्याः	11	7
त्त्वैः	11	7
ग्भिः	11	5
क्ष्यै	11	6
ह्वः	11	4
ग्णाः	11	5
द्ध्याः	11	7
ष्पु	11	4
ध्नः	11	4
डुः	11	3
र्ब्स्	11	6
ल्ल्याः	11	7
ध्वाः	11	5
ष्पू	11	4
य़ों	10	4
न्व्य	10	5
र्क्य	10	5
न्स्ले	10	6
खृ	10	2
र्चिं	10	5
ज्कि	10	4
ज्ज़	10	4
क्जो	10	4
र्ग्रे	10	6
लोँ	10	3
स्योँ	10	5
र्डें	10	5
ज़्मि	10	5
ग्घा	10	4
ल्फ़्रे	10	7
ढी़	10	3
कुु	10	3
ल्छा	10	4
ल़	10	2
न्स्क्रि	10	8
न्फ़्यू	10	7
ब्ते	10	4
न्बि	10	4
ख्तु	10	4
म्प्ली	10	6
ह्वै	10	4
ट्सी	10	4
क्प्रे	10	6
ल्फिं	10	5
श्गा	10	4
मंं	10	3
ग्लें	10	5
ल्सै	10	4
म्वै	10	4
ग्जि	10	4
ह्रृ	10	4
मु़	10	3
स्बो	10	4
स्ताँ	10	5
ख्तों	10	5
ल्फ्रि	10	6
र्लां	10	5
ल्टू	10	4
इ्	10	2
स्पां	10	5
य्ल	10	3
ख़ां	10	4
हैैं	10	4
फ़्स	10	4
म्गा	10	4
स्क्रो	10	6
च्क	10	3
→	10	1
ड़्	10	3
मेे	10	3
श्नौ	10	4
प्लं	10	4
खॉ	10	2
क्वाँ	10	5
द्रै	10	4
ल्फ़्यू	10	7
ल्कै	10	4
द्प	10	3
चाै	10	3
स्ट्यु	10	6
र्ल्ड्स	10	7
र्कौ	10	4
द्ज	10	3
पृ्थ्वी	10	7
ड्च	10	3
ब्राँ	10	5
स़ी	10	3
म्स्कृ	10	6
क्स्टे	10	6
ह्नी	10	4
ज़्न	10	4
र्रिं	10	5
त्बा	10	4
श्राः	10	5
कोः	10	3
न्स्पो	10	6
ङ्घ्रि	10	6
प्था	10	4
प्प्ले	10	6
र्प्रे	10	6
क्स्फो	10	6
ञ्चां	10	5
ग्न्यू	10	6
त्ष	10	3
छैं	10	3
न्ज़ि	10	5
ण्का	10	4
प्द	10	3
ण्मू	10	4
प्सै	10	4
र्दुः	10	5
द्र्यं	10	6
सॆ	10	2
र्श्च	10	5
र्स्य	10	5
र्लू	10	4
ध्यें	10	5
क्त्यां	10	7
व्ह्	10	4
झ्ना	10	4
न्व्हा	10	6
झ्मा	10	4
म्ह्ण	10	5
क्झ	10	3
र्गुं	10	5
झ्यु	10	4
ष्ठ्यं	10	6
क्था	10	4
घ्ये	10	4
लु्न	10	4
तॅं	10	3
झ्ण्डा	10	6
म्दि	10	4
फिँ	10	3
ङ्ग्ड	10	5
भिँ	10	3
र्म्ब	10	5
खोँ	10	3
ङै	10	2
म्मृ	10	4
भौँ	10	3
ल्टु	10	4
ङ्ह	10	3
ठ्छ	10	3
क्वाः	10	5
घैँ	10	3
ञ्जौ	10	4
ध्दै	10	4
ङ्त	10	3
ण्वु	10	4
ष्ह	10	3
ङ्र	10	3
¿	10	1
ल्मः	10	4
ग्व्य	10	5
स्त्यै	10	6
ट्स्व	10	5
ज्ज्ञाः	10	7
भ्राः	10	5
ल्क्यं	10	6
स्राः	10	5
स्थुः	10	5
च्यै	10	4
र्त्तुः	10	7
द्भो	10	4
ङ्ग्लः	10	6
र्द्धः	10	6
ह्य्य	10	5
ज्रः	10	4
ण्ड्ये	10	6
ग्ध्वा	10	6
त्न्योः	10	7
ञ्ग्	10	4
ख्युः	10	5
ध्मौ	10	4
र्तैः	10	5
ह्णे	10	4
ण्ठ्या	10	6
ण्ठ्याः	10	7
त्ख्या	10	6
ग्रुः	10	5
ल्स्म	10	5
र्ट्ज्	10	6
ड्शी	10	4
ड़	10	1
म्ण	9	3
म्भ्य	9	5
श्च्य	9	5
श्र्य	9	5
न्ध्यां	9	7
फ्फि	9	4
़	9	1
त्स्तु	9	6
ह्वृ	9	4
न्थ्रो	9	6
ख़्या	9	5
हेे	9	3
पुु	9	3
छ्त्ती	9	6
प्पिं	9	5
ल्ब्ध	9	5
हाा	9	3
ज्का	9	4
न्क्वा	9	6
र्धों	9	5
ौ	9	1
छ्ले	9	4
क्ची	9	4
फीं	9	3
र्सों	9	5
ह्ती	9	4
रेेेे	9	5
र्जै	9	4
ग्भ्र	9	5
ग्पो	9	4
म्दो	9	4
ग्डा	9	4
न्हौ	9	4
ना्	9	3
प्की	9	4
द्भी	9	4
र्क्यू	9	6
ज़्को	9	5
म्ब्स	9	5
न्फ़ि	9	5
रेे	9	3
हुु	9	3
एै	9	2
हुॅ	9	3
प्रीं	9	5
द्यौः	9	5
व़	9	2
क़्ल	9	4
ल्ट्ज	9	5
श्त्री	9	6
र्स्ड	9	5
श्रुं	9	5
क्सों	9	5
क्ट्राॅ	9	7
हैंः	9	4
व्वं	9	4
ण्ड्रे	9	6
ग्विं	9	5
स्ठ	9	3
श्वां	9	5
न्थ्रे	9	6
ढौं	9	3
मॊ	9	2
ठूं	9	3
ज़ाँ	9	4
श्ट्री	9	6
क्स्टा	9	6
यांं	9	4
प्ट्स	9	5
क्त्त	9	5
ज्री	9	4
न्ग्रा	9	6
र्त्यो	9	6
झ़ी	9	3
क्यॉ	9	4
स्कृृ	9	5
क्ग	9	3
द्गे	9	4
थ्यौ	9	4
ज्न्म	9	5
छ्य	9	3
स्स्वा	9	6
र्द्वं	9	6
काा	9	3
ज्ब	9	3
घ्रो	9	4
स्फ़ा	9	5
प्चु	9	4
र्रां	9	5
द्दै	9	4
पाै	9	3
छ्ने	9	4
चीः	9	3
ड्गो	9	4
ॱ	9	1
य़ः	9	3
ट्ज्	9	4
↵	9	1
म्ब्लि	9	6
व्ज	9	3
पेे	9	3
क्स्चे	9	6
ण्त	9	3
प्थे	9	4
🔹️	9	2
ण्ट्रॉ	9	6
त्द	9	3
ण्डां	9	5
गाें	9	4
थ्म	9	3
स्रै	9	4
ञे	9	2
स्तें	9	5
ह्स्त	9	5
न्ड्री	9	6
सेः	9	3
ल्ट्रो	9	6
च्छ्या	9	6
ॿो	9	2
श्ह	9	3
द्सं	9	4
क्ष्वे	9	6
क्वु	9	4
ठ्यं	9	4
भ्रौ	9	4
डुँ	9	3
ल्क्यु	9	6
उः	9	2
श्नी	9	4
म्मॅ	9	4
र्ल्स्ट	9	7
क्झो	9	4
न्स्कि	9	6
स्ट्रॉॅं	9	8
कृृ	9	3
ळ्व	9	3
झ्ट	9	3
थॅं	9	3
ब्झ	9	3
ए्	9	2
ग्ऱ्या	9	6
र्थीं	9	5
द्नं	9	4
ण्णै	9	4
त्त्ये	9	6
ऱ्हि	9	4
प्वि	9	4
त्झि	9	4
व्दं	9	4
ळ्क	9	3
ग्टे	9	4
हेः	9	3
सिॅं	9	4
क्तॄ	9	4
इँं	9	3
ख्स्ता	9	6
छौं्	9	4
ठ्दै	9	4
म्ख	9	3
न््	9	3
र्चै	9	4
ध्यौ	9	4
छुँ	9	3
न्क्या	9	6
स्थ्यो	9	6
ङ्ग्वे	9	6
ल्छे	9	4
जौँ	9	3
क्चि	9	4
क्स्या	9	6
ट्टॆ	9	4
ल्नै	9	4
थिा	9	3
ग्य्रा	9	6
निा	9	3
न्लु	9	4
ङ्क्ती	9	6
ड्भे	9	4
म्वृ	9	4
र्हौ	9	4
)ः	9	2
प्सः	9	4
ड्सु	9	4
गीः	9	3
म्व्य	9	5
ञ्ज्ञा	9	6
य्स्	9	4
षृ	9	2
ण्ड्प्र	9	7
स्स्य	9	5
च्छै	9	4
त्कौ	9	4
द्घाः	9	5
ञै	9	2
ग्धुं	9	5
ञ्छाः	9	5
स्वाः	9	5
ह्मः	9	4
ण्वे	9	4
थ्ना	9	4
ज्जुं	9	5
ष्णै	9	4
क्ष्णाः	9	7
ब्ध्य	9	5
ह्वोः	9	5
ग्णे	9	4
र्त्यः	9	6
ङ्ग्यो	9	6
भ्रूः	9	5
ङ्क्तिं	9	7
ट्यः	9	4
ग्धि	9	4
श्क्य	9	5
घ्न्यः	9	6
ळ्त	9	3
म्लाः	9	5
ध्वोः	9	5
च्छुः	9	5
ड्ड्यू	9	6
न्धृ	9	4
न्द्ये	9	6
ग्रोः	9	5
र्य्ये	9	6
श्रुः	9	5
स्वृ	9	4
ल्माः	9	5
र्षेे	9	5
न्क्सी	9	6
क्ष्व	8	5
ड्घ	8	3
त्न्य	8	5
त्स्त	8	5
ष्ट्व	8	5
र्थिं	8	5
ह्रों	8	5
क्ष्रे	8	6
ग्लिं	8	5
च्र	8	3
क्खे	8	4
च्का	8	4
ट्ख	8	3
ज़्रा	8	5
ल्बों	8	5
म्शा	8	4
क़ं	8	3
स्वीं	8	5
ल्वों	8	5
न्मीं	8	5
र्क्षे	8	6
र्सें	8	5
फ्लां	8	5
ग्लौ	8	4
न्द्र्ना	8	8
ग्यों	8	5
ट्रों	8	5
ढ़ै	8	3
न्फै	8	4
ज़्दे	8	5
ड़़	8	3
क़्शे	8	5
हो्	8	3
ल्गों	8	5
त्वू	8	4
ॾ	8	1
टूँ	8	3
ठ्यूँ	8	5
क्राँ	8	5
फुँ	8	3
स्ज़ि	8	5
ख़्	8	3
स्र्ट	8	5
य्मा	8	4
ग्बे	8	4
डूँ	8	3
क्युं	8	5
ढ्ढा	8	4
न्ज़ो	8	5
ज्को	8	4
ग्धों	8	5
ध्यी	8	4
य्ट	8	3
प्यौ	8	4
ष्त्री	8	6
श्ट्रि	8	6
ल्ठा	8	4
ग्नॉ	8	4
ण्ड़	8	4
ह्यौ	8	4
द्वों	8	5
अ़	8	2
च्मि	8	4
ल्जू	8	4
म्तु	8	4
साा	8	3
युु	8	3
फ्रों	8	5
फ़ैं	8	4
र्नं	8	4
थीँ	8	3
द्ना	8	4
ग्जें	8	5
च्हि	8	4
फ़्तों	8	6
र्द्	8	4
ऐे	8	2
प्राँ	8	5
त्कू	8	4
ल्ग्रि	8	6
ख्वां	8	5
र्गू	8	4
उॅ	8	2
क्छा	8	4
थॆ	8	2
छ्यो	8	4
याॅ	8	3
म्मां	8	5
त्रॉ	8	4
न्फ्यु	8	6
घें	8	3
ख्याँ	8	5
अु	8	2
त्लो	8	4
स्म्या	8	6
र्स्का	8	6
हैे	8	3
साै	8	3
ज़्मा	8	5
श्शी	8	4
थाॅ	8	3
ङ्सु	8	4
ल्थी	8	4
र्वें	8	5
गांं	8	4
स्टौ	8	4
ग्स्टे	8	6
ज्स	8	3
र्त्स्न्ये	8	10
ञः	8	2
स्टाँ	8	5
स्त्रॉ	8	6
होे	8	3
शाॅ	8	3
न्डॉ	8	4
न्नॉ	8	4
ह्लो	8	4
त्चि	8	4
नाा	8	3
ह्र्द	8	5
दॊ	8	2
त्ब	8	3
व्ल्यु	8	6
न्ध्	8	4
र्ंतु	8	5
त्वॉ	8	4
ऱी	8	2
ध्र्या	8	6
छिः	8	3
द्र्ष्ट	8	7
र्भ्रा	8	6
ह्रां	8	5
त्वाः	8	5
ग्न्यु	8	6
ब्सा	8	4
स्प्ला	8	6
क्शु	8	4
द्प्र	8	5
शॊ	8	2
न्द्यः	8	6
न्द्वं	8	6
त्प्री	8	6
फ्ज	8	3
ब्याँ	8	5
य्था	8	4
ल्गां	8	5
घ्वे	8	4
ह्नौ	8	4
ऱ्	8	2
न्वै	8	4
ल्मिं	8	5
न्स्ट्रु	8	8
र्क्से	8	6
द्जा	8	4
स्ंयु	8	5
प्राॅ	8	5
य्म	8	3
ल्थो	8	4
बंे	8	3
स्टॉं	8	5
र्ट्रां	8	7
थ्था	8	4
र्डां	8	5
ल्त्झ	8	5
घीं	8	3
र्मॅ	8	4
मि़	8	3
ल्ह्य	8	5
म्च्या	8	6
क्झॉ	8	4
श्कें	8	5
म्बॅ	8	4
ष्ट्यी	8	6
ग्ट्ला	8	6
ग्नां	8	5
द्झा	8	4
ङ्नि	8	4
र्ब्ज	8	5
ल्श्टा	8	6
ल्मं	8	4
ट्झा	8	4
न्म्यो	8	6
ड्लु	8	4
क्षुं	8	5
र्कँ	8	4
ङ्मो	8	4
न्ध्रौ	8	6
प्व	8	3
द्याे	8	5
न्थें	8	5
र्ण्रा	8	6
घ्यु	8	4
न्खा	8	4
ङ्द	8	3
गिँ	8	3
भ्ना	8	4
म्झँ	8	4
ङ्श	8	3
म्ग	8	3
न्त्ति	8	6
«	8	1
ल्ठू	8	4
झ्छ	8	3
ङौ	8	2
ल्झि	8	4
ख्रो	8	4
ष्टि्	8	5
ठ्युँ	8	5
त्भा	8	4
त्गृ	8	4
ङ्ग्मा	8	6
ङ्क्लि	8	6
ड्र्या	8	6
ड्पु	8	4
ध्नो	8	4
ह्म्या	8	6
त्क्रो	8	6
त्नौ	8	4
म्प्लु	8	6
ङ्किः	8	5
च्प्र	8	5
क्त्वै	8	6
द्र्ये	8	6
म्ब्यै	8	6
म्भ्व	8	5
भैः	8	3
फ्घा	8	4
ण्म्	8	4
भ्यै	8	4
कौः	8	3
ल्ञु	8	4
न्ध्राः	8	7
स्योः	8	5
म्भैः	8	5
ङ्ग्यः	8	6
ड्डिः	8	5
न्द्यां	8	7
र्नः	8	4
द्गाः	8	5
न्तोः	8	5
न्स्ड्	8	6
नाःःः	8	5
त्स्यं	8	6
डृ	8	2
त्स्वी	8	6
ल्तः	8	4
षोः	8	3
द्रैः	8	5
ज्जं	8	4
घ्यः	8	4
ट्टैः	8	5
ङ्ख्वा	8	6
ळ्वे	8	4
र्त्तः	8	6
र्तै	8	4
र्णिः	8	5
ट्कं	8	4
र्ब्रा	8	6
र्हृ	8	4
ग्रैः	8	5
र्ज्यं	8	6
ध्दृ	8	4
त्व्ं	8	5
म्ज़ा	8	5
ञ्झु	8	4
ळ्ली	8	4
ञ्जै	8	4
र्स्रा	8	6
ढ़	8	1
क्ष्म्य	7	7
ञ्ज्ञ	7	5
ञ्झ	7	3
ढ्र	7	3
र्त्व	7	5
ब्स्ट	7	5
त्वौ	7	4
य्त	7	3
गोँ	7	3
र्थें	7	5
न्फ़्रें	7	8
झूँ	7	3
क्स्ता	7	6
णृ	7	2
प्पॉ	7	4
न्ट्रै	7	6
न्टें	7	5
लाा	7	3
ल्मै	7	4
र्दां	7	5
र्स्टि	7	6
ड्डो	7	4
ब्ध्	7	4
ख्यी	7	4
फ्ल्यु	7	6
ढृ	7	2
द्यि	7	4
भ्रों	7	5
ग्ता	7	4
ग्शा	7	4
ल्तो	7	4
स्गे	7	4
ञ्या	7	4
ग्राँ	7	5
ॼ	7	1
ॿ	7	1
द्नी	7	4
ट्सि	7	4
खा़	7	3
ब्ती	7	4
र्न्में	7	7
श्रै	7	4
र्म्ड	7	5
स्खे	7	4
द्ज्ञा	7	6
हैा	7	3
ग्वॉ	7	4
ट्द्वा	7	6
ट्रैं	7	5
क्र्म	7	5
ब्वि	7	4
ग्त	7	3
ग्का	7	4
ख्य़ा	7	5
र्वाे	7	5
न्फी	7	4
फ़्ती	7	5
ग्सु	7	4
फ़्यु	7	5
न्कॉ	7	4
स्फ़ी	7	5
न्झु	7	4
ङं	7	2
अे	7	2
ड्क्लि	7	6
ह्वो	7	4
ख्यों	7	5
त्त्यो	7	6
ज़्गु	7	5
क्स्ल	7	5
श्प्र	7	5
जु़	7	3
फ्फो	7	4
ड्ब	7	3
र्धु	7	4
न्फें	7	5
त्चे	7	4
क्नौ	7	4
थॊ	7	2
र्क्यो	7	6
मुुु	7	4
स्मॄ	7	4
ल्है	7	4
थेे	7	3
त्रौं	7	5
य्क	7	3
श्स	7	3
फ्ल्यू	7	6
प्वे	7	4
क्स्ट्रो	7	8
च्छौ	7	4
र्फू	7	4
ख्लो	7	4
क्खो	7	4
म्फ़	7	4
व्न	7	3
र्न्ट	7	5
स्प्रा	7	6
र्ल्ट	7	5
र्ष्णा	7	6
र्द्द	7	5
डॉ़	7	3
ग्सी	7	4
श्शो	7	4
त्ग	7	3
ल्फ़े	7	5
ल्वें	7	5
छ्न्द	7	5
ग्त्सी	7	6
ण्क	7	3
णॉ	7	2
स्त्रें	7	7
र्ब्रू	7	6
ड़ां	7	4
ल्किः	7	5
ड्वें	7	5
ग्लां	7	5
र्हां	7	5
न्द्ध	7	5
ट्गा	7	4
-ं	7	2
ज्याें	7	6
सा्	7	3
ब्सी	7	4
व्ं	7	3
र्म्मा	7	6
थ्रॉ	7	4
न्भि	7	4
र्भौ	7	4
त्शा	7	4
व्स्का	7	6
ट्नि	7	4
ज्श	7	3
ग्सू	7	4
र्ग्यां	7	7
क़ू	7	3
ज्त	7	3
न्स्ता	7	6
याें	7	4
ष्ट्र्	7	6
र्वेः	7	5
र्दें	7	5
स्पों	7	5
ल्म्फे	7	6
य्ति	7	4
क्लं	7	4
न्धीं	7	5
भाा	7	3
य्ले	7	4
ब्रुं	7	5
सु्र	7	4
ध्दां	7	5
न्ध्वा	7	6
౹	7	1
च्स	7	3
ख्वो	7	4
द्ण्ड	7	5
स्टे्र	7	6
र्स्पे	7	6
त़	7	2
न्ट्या	7	6
ॻ	7	1
क्रीं	7	5
शॅं	7	3
ड्ढी	7	4
र्षीः	7	5
क्भा	7	4
शाे	7	3
त्पं	7	4
ट्रौ	7	4
म्टो	7	4
ड्दे	7	4
क्दु	7	4
हॄ	7	2
म्यॉ	7	4
य्यै	7	4
ध्नी	7	4
मृ्त्यु	7	7
द्वः	7	4
र्त्सि	7	6
ध्रां	7	5
रिे	7	3
ट्स्क	7	5
न्झॉॅं	7	6
ट्झे	7	4
ॅं	7	2
ष्पै	7	4
शॉं	7	3
थ्रॅ	7	4
हे़	7	3
र्शां	7	5
आ्	7	2
र्दीं	7	5
त्यूं	7	5
च्य़ा	7	5
एॅं	7	3
द्त्त	7	5
म्स्ति	7	6
स्ट्रॉं	7	7
जीः	7	3
फ्लॅं	7	5
हॉॅं	7	4
झ्नि	7	4
ष्ठ्ये	7	6
मीा	7	3
र्यॅं	7	5
प्यि	7	4
रा्	7	3
र्नॅ	7	4
ड्नि	7	4
मिे	7	3
न्थ्रा	7	6
र्झे	7	4
ष्ट्रौ	7	6
जा्	7	3
ड्वी	7	4
झ्वो	7	4
ख्वि	7	4
ग्धां	7	5
क्सः	7	4
क्स्का	7	6
ह्स्य	7	5
ङ्च	7	3
र्बौं	7	5
सँँ	7	3
दे्द	7	4
अौँ	7	3
न्फु	7	4
ख्वाः	7	5
ङ्सो	7	4
द्पा	7	4
ब्स्ट्र	7	7
ढ्थे	7	4
ज्युँ	7	5
ताै	7	3
ङ्रा	7	4
न्पे	7	4
ल्ठो	7	4
ल्घा	7	4
८ः	7	2
ध्याँ	7	5
न्भो	7	4
र्छं	7	4
स्तौं	7	5
प्च्यु	7	6
दिे	7	3
धु्र	7	4
२ः	7	2
छ्युँ	7	5
र्ा	7	3
ङ्खी	7	4
र्ष्	7	4
सेँ	7	3
द्ध्रि	7	6
स्ेर	7	4
९ौं	7	3
ङ्क्श	7	5
त्नै	7	4
न्धै	7	4
ण्ल	7	3
ञ्जं	7	4
ञ्ब	7	3
ञ्य	7	3
च्योः	7	5
ङ्घो	7	4
म्नाः	7	5
र्च्मा	7	6
त्र्योः	7	7
स्त्राः	7	7
ल्पौ	7	4
ट्लै	7	4
न्दिः	7	5
र्ढ्य	7	5
म्प्री	7	6
ह्स्तौ	7	6
ग्भ्रा	7	6
ण्डिः	7	5
ड्ख्य	7	5
ज्स्य	7	5
द्भ्यो	7	6
र्हिः	7	5
श्रूः	7	5
ध्वे	7	4
अां	7	3
क्त्यं	7	6
मूः	7	3
म्न्याः	7	7
स्म्प	7	5
त्पौ	7	4
म्पौ	7	4
ट्ट्ना	7	6
श्नैः	7	5
थ्व्यां	7	7
ल्काः	7	5
ङ्क्वा	7	6
र्जः	7	4
घ्नौ	7	4
ढ्ये	7	4
श्चू	7	4
श्शि	7	4
ङ्ग्वि	7	6
र्ध्यं	7	6
ग्गां	7	5
च्छ्य	7	5
द्धॄ	7	4
ष्षा	7	4
ण्मः	7	4
नौः	7	3
ण्ड्लु	7	6
ष्ट्वे	7	6
ङ्खौ	7	4
द्पि	7	4
द्गौ	7	4
र्थ्याः	7	7
प्स्ये	7	6
म्नौ	7	4
ध्युः	7	5
नूः	7	3
र्वॆ	7	4
खेः	7	3
न्दःः	7	5
श्किः	7	5
म्वः	7	4
ब्द्द्यां	7	9
फ़	7	1
क़्ता	6	5
थ़	6	2
त्स्र	6	5
द्भ्य	6	5
द्व्र	6	5
न्त्स	6	5
न्फ्र	6	5
न्ब्र	6	5
म्प्य	6	5
र्ज्व	6	5
र्द्य	6	5
र्ष्ट	6	5
स्त्र्य	6	7
ष्ता	6	4
द्धाँ	6	5
न्द्त	6	5
ल्ग्रा	6	6
ब्द्ध	6	5
ष़ि	6	3
बाः	6	3
येे	6	3
धाे	6	3
ब्ब्त	6	5
ज्क	6	3
ग्ङ	6	3
ल्ची	6	4
वेे	6	3
च्चौ	6	4
फ़्रॉ	6	5
न्सों	6	5
व्ड	6	3
म्बिं	6	5
चाॅ	6	3
ट्ट्न	6	5
ब्घ	6	3
थ्रै	6	4
प्वं	6	4
स्क्रु	6	6
ग्चु	6	4
ड्याँ	6	5
ल्ग्रे	6	6
ग्जो	6	4
म्जि	6	4
ड़ा़	6	4
म्ग्या	6	6
लिे	6	3
ग्जू	6	4
त्त्क्र	6	7
ल्स्का	6	6
व्ज़	6	4
म्षा	6	4
ङू	6	2
र्न्मे	6	6
र्फ्स	6	5
गॆ	6	2
ह्वं	6	4
फ्फ़	6	4
र्वू	6	4
म्पुं	6	5
【	6	1
पुुु	6	4
श्टी	6	4
ब्वॉ	6	4
र्थ्स	6	5
ट्रिं	6	5
स्त्वों	6	7
सांं	6	4
द्घृ	6	4
छ्ली	6	4
स्कीं	6	5
ज्झा	6	4
का्	6	3
ञो	6	2
घ्घ	6	3
तेे	6	3
ल्डू	6	4
ग्स्ट्रा	6	8
ज़्ज़ि	6	6
प्फे	6	4
का़	6	3
खीः	6	3
न्घा	6	4
यैं	6	3
व्स्कि	6	6
डू़	6	3
र्ज़ो	6	5
ह्ले	6	4
न्क्रे	6	6
ति़	6	3
पाा	6	3
म्ब्री	6	6
णॊ	6	2
खॆ	6	2
त्धा	6	4
न्गों	6	5
ल्तू	6	4
सोँ	6	3
क्गा	6	4
र्श्र्व	6	7
ष्ण्व	6	5
<	6	1
न्रु	6	4
णाँ	6	3
य़ो	6	3
फे़	6	3
क्ज़ैं	6	6
य्गें	6	5
शौं	6	3
स्नॉ	6	4
स्सिं	6	5
क्ज़ी	6	5
र्क्सि	6	6
ण्ड्र्यू	6	8
ट्मि	6	4
मैँ	6	3
न्स्टॅं	6	7
च्ट	6	3
क्ल्य	6	5
म्प्स्	6	6
स्ट्य	6	5
ट्मे	6	4
ब्डि	6	4
कॉँ	6	3
म्याँ	6	5
क्मां	6	5
ष्मों	6	5
ग्स्ट्रॉ	6	8
स्स्त	6	5
धॅ	6	2
श्न्	6	4
म्ण्ड	6	5
त्स्यों	6	7
र्घु	6	4
द्य्या	6	6
न्थ्	6	4
कृ्ष्ण	6	6
न्छू	6	4
स्रौ	6	4
र्श्या	6	6
वांं	6	4
श्थि	6	4
सृं	6	3
न्थां	6	5
म्पां	6	5
क्त्री	6	6
ण्ट्ग	6	5
ज्याॅ	6	5
ऱि	6	2
क्मो	6	4
छ्द	6	3
ब्क	6	3
णाा	6	3
लिंं	6	4
षें	6	3
ऱो	6	2
ल्स्टा	6	6
ग्त्से	6	6
क्गि	6	4
र्थ्रा	6	6
त्बु	6	4
ञॉ	6	2
क्श्न	6	5
च्छ्श्व	6	7
ल्ट्रि	6	6
ख़्ती	6	5
वूं	6	3
ल़्त	6	4
गुु	6	3
सिंं	6	4
धूँ	6	3
श्कृ	6	4
न्फ़्ला	6	7
स्प्रो	6	6
स्गा	6	4
क्हे	6	4
ल्सु	6	4
½	6	1
ष्ट्र्प	6	7
बॅा	6	3
क्र्ति	6	6
स्ग	6	3
ह्मु	6	4
ऩ्	6	2
न्फाॅ	6	5
ब्भ	6	3
र्घैं	6	5
ति्	6	3
आै	6	2
क़्स्ता	6	7
क्स्मा	6	6
सि्	6	3
भ्प	6	3
ह्जा	6	4
ज़्वा	6	5
म्युं	6	5
स्यूँ	6	5
स्त्ति	6	6
क्र्त	6	5
क्षॆ	6	4
र्न्यी	6	6
ल्बू	6	4
💥	6	1
स्त्रौ	6	6
ब्रॉं	6	5
क़्	6	3
च्तु	6	4
सुु	6	3
ह्नां	6	5
±	6	1
य्डे	6	4
त्वु	6	4
न्दें	6	5
अंं	6	3
त्थां	6	5
ह्तु	6	4
न्क्यु	6	6
झौं	6	3
स्लौ	6	4
ळ्ते	6	4
म्ध्ये	6	6
र्च्यां	6	7
श्र्यॉ	6	6
न्स्टं	6	6
च्न्या	6	6
ह्य़ा	6	5
र्न्सी	6	6
ग्नॅ	6	4
ट्झो	6	4
द्फा	6	4
झ्मि	6	4
श्र्चि	6	6
द्शी	6	4
र्गेः	6	5
र्ड्या	6	6
र्स्ट्	6	6
ग्शू	6	4
श्ऱ्यू	6	6
र्डीं	6	5
र्षू	6	4
द्र्व्ये	6	8
ड्स्टो	6	6
क्स्ट्रि	6	8
व्है	6	4
नॅं	6	3
फ्यां	6	5
म्ध	6	3
क्क्षि	6	6
स्नॅ	6	4
ठ्ठ्या	6	6
ष्क्री	6	6
त्बे	6	4
ड्जु	6	4
र्कीं	6	5
ठ्री	6	4
प्प्र	6	5
लॉँ	6	3
§	6	1
घ्यां	6	5
ढ्म	6	3
◦	6	1
ब्लॉं	6	5
न्जं	6	4
थँ	6	2
घॅ	6	2
ग्दु	6	4
ग्मु	6	4
अाे	6	3
ल्क्सो	6	6
ढॅ	6	2
द्विं	6	5
र्र्या	6	6
स्तीं	6	5
त्स्वे	6	6
ह्मौ	6	4
क्छं	6	4
न्ध्यं	6	6
र्र्	6	4
ङ्ने	6	4
थिो	6	3
ड्थे	6	4
ङ्पा	6	4
क्क्ष	6	5
म्चु	6	4
न्थेँ	6	5
ल्छु	6	4
ल्ट्या	6	6
र्घौ	6	4
३ः	6	2
भाे	6	3
नाै	6	3
टाे	6	3
भ्ल	6	3
किो	6	3
ख्दि	6	4
ल्होँ	6	5
र्खं	6	4
प्जि	6	4
थ्यौँ	6	5
भ्स्की	6	6
र्द्छ	6	5
त्याँ	6	5
थ्र्या	6	6
ख्नै	6	4
ज्वाँ	6	5
न्छौँ	6	5
र्ठा	6	4
त्त्वौ	6	6
श्थ	6	3
ढ्ना	6	4
ष्भ	6	3
मुः	6	3
ख्थ्यो	6	6
व्र्य	6	5
ङ्गे्र	6	6
फ्ने	6	4
चॊ	6	2
प्दु	6	4
प्खु	6	4
९ः	6	2
ड्जि	6	4
इे	6	2
न्ि	6	3
त्त्म	6	5
गे्र	6	4
तिा	6	3
ख्वै	6	4
क्ह	6	3
ट्जा	6	4
ख्मा	6	4
जो्	6	3
न्य्द	6	5
ह्ह्ह्ह्ह्ह	6	11
स्ंख्या	6	7
ओा	6	2
स्म्रि	6	6
ण्दी	6	4
ल्म्स्	6	6
न्नँ	6	4
स्त्रि्	6	7
प्डे	6	4
न्कौ	6	4
ड्ख	6	3
्ँ	6	2
ईँं	6	3
र्म्ये	6	6
ञ्ज्ञि	6	6
ह्स्ता	6	6
त्त्यः	6	6
न्सौ	6	4
न्लै	6	4
ल्थ्	6	4
त्ं	6	3
ङ्क्या	6	6
ळैः	6	3
ज्ज्ये	6	6
म्न्यां	6	7
त्मः	6	4
घैः	6	3
टीः	6	3
च्चाः	6	5
न्दीं	6	5
श्रोः	6	5
क्ष्णे	6	6
ढ्याः	6	5
ञ्चीं	6	5
द्र्याः	6	7
ब्यः	6	4
क्नृ	6	4
थ्न	6	3
ध्राः	6	5
ल्ड्स्	6	6
च्ब्ले	6	6
सूः	6	3
ष्ट्यैः	6	7
ष्ठै	6	4
र्ण्णां	6	7
ह्वीः	6	5
म्नोः	6	5
ङ्ग्यां	6	7
र्ङ्गा	6	6
श्मिः	6	5
थैः	6	3
ण्ड्रं	6	6
र्ध्दे	6	6
ठैः	6	3
ष्ण्वोः	6	7
घ्व्यः	6	6
गूः	6	3
ड्प्र	6	5
र्श्वः	6	6
ल्फः	6	4
ष्ठ्यै	6	6
ज्ज्ञे	6	6
ध्रौ	6	4
न्ट्स्	6	6
ळ्दि	6	4
ङ्घैः	6	5
र्ध्वे	6	6
त्घो	6	4
र्ज्यः	6	6
ण्णो	6	4
त्क्षा	6	6
म्लृ	6	4
द्ध्यः	6	6
त्त्वै	6	6
ङ्क्तेः	6	7
च्छैः	6	5
ग्भि	6	4
ट्ट्क	6	5
थ्यै	6	4
म्प्र्क	6	7
त्रीः	6	5
न्ध्रः	6	6
क्स्ट्	6	6
त्रॆ	6	4
ड्वै	6	4
श्च्यु	6	6
म्यौ	6	4
स्फॊ	6	4
न्साः	6	5
ञ्च्या	6	6
त्स्नः	6	6
ण्ण्मा	6	6
ॽ	6	1
ज़	6	1
ख़	6	1
य़	6	1
ग़	6	1
क़	6	1
क्ष्म्यै	5	8
ङ्क्ष्व	5	7
ड्भ	5	3
द्भ्र	5	5
र्त्स्न्य	5	9
र्त्स्य	5	7
र्भ्र	5	5
इ़	5	2
व्धा	5	4
नाें	5	4
व्सा	5	4
न्क्यू	5	6
मॆं	5	3
ग़ों	5	4
ज्लि	5	4
म्ब्ल	5	5
ल्क़	5	4
क्रुं	5	5
म्प्ला	5	6
र्सौ	5	4
न्फ़्लु	5	7
ट्गें	5	5
ग्ज़ा	5	5
क़्क़ी	5	6
छ्ल	5	3
न्चै	5	4
फ़ों	5	4
र्नों	5	5
सि़	5	3
ई्	5	2
ख़्सि	5	5
न्निं	5	5
स्बें	5	5
त्ची	5	4
स्प्रै	5	6
म्बॉ	5	4
ल्टं	5	4
झ्मी	5	4
छुं	5	3
बंं	5	3
र्ग़	5	4
म्फ़ी	5	5
बांं	5	4
प्यों	5	5
ष़	5	2
न्त्से	5	6
र्मॉ	5	4
ल्शिं	5	5
रि्	5	3
त्लां	5	5
ट्बॉ	5	4
ड्ढ़ों	5	6
घैं	5	3
च्के	5	4
स्न्नि	5	6
त्स्यि	5	6
ज्वि	5	4
न्फ्लि	5	6
न्ग्री	5	6
न्गॉ	5	4
केेे	5	4
ग्शी	5	4
र्पें	5	5
ल्दों	5	5
स्चो	5	4
र्पां	5	5
न्शो	5	4
न्फ़्रा	5	7
र्फ़ि	5	5
॰ं	5	2
न्हैं	5	5
छ्ह	5	3
न्ग्ला	5	6
ड्लिं	5	5
पू्र्व	5	6
न्ड्रू	5	6
हैें	5	4
ध्य्य	5	5
विँ	5	3
र्स्ले	5	6
म्ब्ले	5	6
र्ग्रं	5	6
हींं	5	4
टाा	5	3
○	5	1
ण्र्य	5	5
प्टु	5	4
ल्फ़ी	5	5
ल्फॉ	5	4
ग्र्यु	5	6
र्ड़	5	4
ग्डि	5	4
प्जे	5	4
ख़्तो	5	5
मैै	5	3
थैं	5	3
ट्थ	5	3
ट्टिं	5	5
च्त	5	3
ग्टा	5	4
म्प्रै	5	6
ल्वू	5	4
फ़़	5	3
खॅ	5	2
र्ग़ि	5	5
ब्लौ	5	4
र्मिः	5	5
च्रि	5	4
श्र्चा	5	6
ष्ण्या	5	6
मा्	5	3
गा्	5	3
ब्ट	5	3
र्थ्व्य	5	7
ट्नो	5	4
ह्सा	5	4
त्क्ले	5	6
जाा	5	3
ड्ती	5	4
त्रॊ	5	4
श्जू	5	4
खि्	5	3
ष्पें	5	5
ष्चा	5	4
ण्बा	5	4
स्यॉ	5	4
ट्फ्री	5	6
काें	5	4
ल्ड्ट	5	5
की़	5	3
ल्फ्रै	5	6
क्घ	5	3
दु्र	5	4
छ़	5	2
स्प्री	5	6
ल्फां	5	5
दॊं	5	3
त्ज़ि	5	5
क्राॅ	5	5
त्जा	5	4
🔺	5	1
फ़्टी	5	5
द्कि	5	4
बे्र	5	4
ग्जे	5	4
फ्रॉं	5	5
णॅ	5	2
त्थो	5	4
च्वि	5	4
द्नि	5	4
च्नि	5	4
क्यि	5	4
फ्नि	5	4
ब्ना	5	4
दाें	5	4
छाे	5	3
प्य्	5	4
न्क्रॉ	5	6
म्पें	5	5
ष्वं	5	4
न्ध्रों	5	7
च्च्प	5	5
ड्जे	5	4
त्सुं	5	5
हुँँ	5	4
ख्मों	5	5
प्र्यो	5	6
ऱू	5	2
ध्यों	5	5
स्फॉ	5	4
ध्र्य	5	5
म्मों	5	5
ल्फ्रा	5	6
म्थ	5	3
ठ्यों	5	5
स्जो	5	4
श्विं	5	5
ब्रिा	5	5
प्टै	5	4
र्ण्ण	5	5
म्स्टे	5	6
क्कॉ	5	4
म्प्रू	5	6
ग्थ	5	3
स्क्लो	5	6
ब्र्यु	5	6
ठ्ठो	5	4
ष्ट्मी	5	6
मेेे	5	4
मांं	5	4
क्क्ना	5	6
क्लुं	5	5
ड्स्ट	5	5
य्ने	5	4
क़्वी	5	5
शाा	5	3
त्क्षि	5	6
हाॅं	5	4
म्शो	5	4
हेा	5	3
ल्फ्री	5	6
ह्का	5	4
न्झे	5	4
ल्रे	5	4
स्त्त	5	5
न्रे	5	4
र्रै	5	4
क़्म	5	4
पु्स्त	5	6
र्बॉ	5	4
स्सें	5	5
ऩी	5	2
प्थ	5	3
त्नीः	5	5
पेँ	5	3
क्क्वी	5	6
न्घि	5	4
ह्स	5	3
‑	5	1
स्सॅ	5	4
क्ठ	5	3
℃	5	1
ख्नी	5	4
म्त्य	5	5
क्ल्यु	5	6
ख्क	5	3
ब्भु	5	4
प्रौं	5	5
र्धृ	5	4
ष्ठ्	5	4
म्घाँ	5	5
ल्खी	5	4
स्सौ	5	4
म्जुं	5	5
द्जी	5	4
श्ठा	5	4
क्नू	5	4
स्रृ	5	4
घिं	5	3
स्क्वी	5	6
क्रृ	5	4
च्ज	5	3
क्स्वे	5	6
स्डा	5	4
ढैः	5	3
क्थं	5	4
द्भ्रा	5	6
त्कै	5	4
न्त्त	5	5
ल्ब्यु	5	6
ज्ज्ञो	5	6
ब्जाः	5	5
थ़ी	5	3
न्स्टो	5	6
र्य़	5	4
न्कै	5	4
क्र्यो	5	6
ग्भे	5	4
र्दॆ	5	4
व्र्या	5	6
ल्धा	5	4
र्श्रे	5	6
षीः	5	3
ग्र्यं	5	6
न्धां	5	5
काि	5	3
ख्खि	5	4
म्फै	5	4
थौं	5	3
झ्र	5	3
स्स्म	5	5
शॄं	5	3
म्र्म	5	5
ष्यी	5	4
च्छें	5	5
न्क्तो	5	6
कंी	5	3
इृ	5	2
टॆ	5	2
कांं	5	4
हि्	5	3
ऱ्यू	5	4
ज्ञ्	5	4
र्वीं	5	5
श्त्या	5	6
द्ऱ्या	5	6
डॅं	5	3
ड्डॉ	5	4
न्झू	5	4
म्पॉ	5	4
र्स्स	5	5
ह्लु	5	4
ल्गॅ	5	4
मॉँ	5	3
नॉं	5	3
वॊ	5	2
श्श्यां	5	7
ताा	5	3
क्रांं	5	6
झ्झा	5	4
न्ग्रि	5	6
तांं	5	4
र्डः	5	4
क्यूॅं	5	6
कॉंं	5	4
क्सीं	5	5
तोे	5	3
स्ट्रॅं	5	7
स्व्हे	5	6
य्रि	5	4
प्यॉ	5	4
मु्श	5	4
◆	5	1
ईि	5	2
न्स्यो	5	6
यु्द्ध	5	6
क्झिं	5	5
र्ङ्	5	4
दॅं	5	3
ट्शा	5	4
ळ्ये	5	4
द्ध्वं	5	6
त्शो	5	4
न्यॉ	5	4
र्न्स्रु	5	8
ल्व्हॅ	5	6
^	5	1
र्ण्यां	5	7
ऱ्यं	5	4
य्गु	5	4
श्पी	5	4
त्पे	5	4
टा्	5	3
फॉॅं	5	4
ग्र्यां	5	7
ज्ञ्य	5	5
र्व्ही	5	6
ज्ज्या	5	6
झॉं	5	3
क्ष्मां	5	7
स्र्व	5	5
क्त्रि	5	6
ऱ्वां	5	5
र्णु	5	4
म्लां	5	5
क्स्ले	5	6
रु़	5	3
स्स्पे	5	6
क्स्प	5	5
ल्ट्ये	5	6
ट्झि	5	4
ल्नो	5	4
व्ते	5	4
हा्	5	3
घ्रु	5	4
स्व्यां	5	7
ळॆ	5	2
स्क्रॅ	5	6
न्स्को	5	6
व्दे	5	4
ट्सो	5	4
ट्ट्ण	5	5
र्न्बी	5	6
ल्फु	5	4
ळ्सा	5	4
ट्रॅं	5	5
स्खो	5	4
थाे	5	3
त्स्फु	5	6
व्रि्	5	5
ख्यौं	5	5
क्ज्या	5	6
ङ्डु	5	4
ज्दो	5	4
र्कृ	5	4
ङ्छु	5	4
ब्छो	5	4
र्हौं	5	5
र््र	5	4
टेँ	5	3
ट्खा	5	4
ल्स्टो	5	6
छ्यूँ	5	5
कुा	5	3
र्दौ	5	4
म्धि	5	4
थ्यौं	5	5
र््द	5	4
ज्र्या	5	6
ङ्रु	5	4
न्चौ	5	4
पाे	5	3
किी	5	3
झ्याँ	5	5
ङ्ग्रौ	5	6
म्टि	5	4
भू्र	5	4
डिँ	5	3
ईँँ	5	3
झोँ	5	3
विे	5	3
च्धा	5	4
फौँ	5	3
प्ठ	5	3
ष्ब	5	3
त्क्रौ	5	6
संँ	5	3
५ः	5	2
ण्को	5	4
र्द्दि	5	6
न्मिँ	5	5
ल्क्	5	4
ल्चौ	5	4
हुँं	5	4
हंे	5	3
ह्र्	5	4
ह्राः	5	5
स्छु	5	4
डे्र	5	4
छो्	5	3
रुे	5	3
˚	5	1
ठ्दा	5	4
ष्नु	5	4
ख्छौं	5	5
क्जु	5	4
थ्लो	5	4
डौँँ	5	4
माि	5	3
ब्नु	5	4
तो्	5	3
उू	5	2
ठॉ	5	2
क्प्या	5	6
ट्कौ	5	4
इा	5	2
त्लि	5	4
कृि	5	3
र्क्ले	5	6
ज्ग	5	3
लीे	5	3
टुा	5	3
ङ्बु	5	4
ङ्हि	5	4
३ौं	5	3
घो्	5	3
ड्बा	5	4
ज्नि	5	4
क्त्रो	5	6
त्र्ति	5	6
ठ्यु	5	4
भ्वे	5	4
ट्स्प	5	5
द्ध्यो	5	6
म्भोः	5	5
ञौ	5	2
ण्व्य	5	5
कॣ	5	2
र्त्स्न्यं	5	10
द्दः	5	4
ष्ठ्र	5	5
न्ध्याः	5	7
मीः	5	3
र्ध्वो	5	6
र्त्वि	5	6
र्त्र्यः	5	8
ज्जोः	5	5
न्त्रौ	5	6
ञ्जां	5	5
ङ्ग्प्र	5	7
ण्ट्न	5	5
ष्कौ	5	4
ल्प्स्	5	6
प्स्व	5	5
ड्ग्ल	5	5
य्ल्	5	4
र्क्मे	5	6
ण्ड्तः	5	6
ल्फै	5	4
ङ्ग्व	5	5
ङ्क्षो	5	6
स्त्र्या	5	8
प्सां	5	5
म्म्दी	5	6
ण्वं	5	4
ष्टॄ	5	4
ण्डेः	5	5
घ्नैः	5	5
स्वैः	5	5
ङ्ग्याः	5	7
ङ्क्री	5	6
क्योः	5	5
त्स्थः	5	6
र्व्ं	5	5
क्पि	5	4
श्यौ	5	4
त्स्नो	5	6
ञ्जाः	5	5
न्देः	5	5
ष्ठिं	5	5
ध्द्वा	5	6
ङ्ग्जे	5	6
ज्ज्ञः	5	6
प्ट्म्ब	5	7
न्षि	5	4
ट्ल्	5	4
ल्वः	5	4
ड्धा	5	4
व्क	5	3
न्स्या	5	6
ळिः	5	3
म्पाः	5	5
ब्द्द्याः	5	9
प्त्यो	5	6
म्भै	5	4
न्त्र्यः	5	8
र्द्धो	5	6
ञ्चाः	5	5
ल्रा	5	4
ङ्ख्यः	5	6
त्म्	5	4
द्र्ष्टा	5	8
ह्व्य	5	5
र्त्तिं	5	7
ढिः	5	3
य्य्	5	4
स्म्पू	5	6
ष्वै	5	4
ङ्खाः	5	5
न्पृ	5	4
द्ध्यौ	5	6
न्द्वैः	5	7
न्पुं	5	5
श्रैः	5	5
च्च्यु	5	6
ङ्ख्यैः	5	7
त्मौ	5	4
ड्ति	5	4
द्र्ष्टु	5	8
य्बे	5	4
र्चिः	5	5
ब्ध्या	5	6
स्प्त	5	5
ङ्ग्यं	5	6
र्दिः	5	5
क्कौ	5	4
न्त्रेः	5	7
स्ंहि	5	5
ञ्चूः	5	5
ज्जृ	5	4
म्भां	5	5
क्ष्यैः	5	7
ह्णः	5	4
स्स्या	5	6
त्प्रौ	5	6
श्र्चे	5	6
ट्टुः	5	5
त्यॆ	5	4
प्तृ	5	4
ज्नः	5	4
न्थ्याः	5	7
फ्ट्सं	5	6
ग्गुः	5	5
त्निः	5	5
ह्न्	5	4
ण्ठाः	5	5
झाः	5	3
प्श्लो	5	6
ज्सं	5	4
ण्टीं	5	5
स्पः	5	4
क़्या	4	5
ख़्म	4	4
च्छ्व	4	5
ण्ड्व	4	5
द्द्य	4	5
द्ध्र	4	5
र्क्ष्य	4	7
र्भ्य	4	5
र्ष्म	4	5
क्क्न	4	5
श्रिं	4	5
-ि	4	2
र्णू	4	4
ओंं	4	3
जैै	4	3
ग्वः	4	4
ग्ग्	4	4
श्बू	4	4
र्फ़िं	4	6
डोँ	4	3
योंं	4	4
श॔	4	2
ढ़ूं	4	4
खीँ	4	3
बोँ	4	3
र्डै	4	4
ग्ती	4	4
ज़्यो	4	5
र्ट्रू	4	6
व्वो	4	4
ईंं	4	3
न्खे	4	4
षॉ	4	2
र्षें	4	5
केँ	4	3
क्त्ति	4	6
र्ग़ी	4	5
न्ट्र्ल	4	7
स्थाि	4	5
श्लों	4	5
थ्थि	4	4
तंं	4	3
छ्मी	4	4
ब्खा	4	4
गुुु	4	4
च्हो	4	4
ड़ाँ	4	4
ज़्यु	4	5
न्जिं	4	5
क्जी	4	4
ग्सि	4	4
स्मां	4	5
ल्री	4	4
क्ष्णों	4	7
ज्दे	4	4
य़ाँ	4	4
ज़्ना	4	5
द्ज़	4	4
द्हू	4	4
क्स्स	4	5
र्स्ब	4	5
फ़्ना	4	5
च्चें	4	5
म्प्ड	4	5
फ्टों	4	5
म्प्लो	4	6
र्स्ते	4	6
प्फि	4	4
स्च्मि	4	6
तुँ	4	3
लांं	4	4
वीँ	4	3
ल्ल्य	4	5
स्थ्	4	4
र्लुं	4	5
येा	4	3
न्थौं	4	5
फ़्ल	4	4
प्र्थ	4	5
द्ल	4	3
ग्मां	4	5
न्चू	4	4
स्शि	4	4
न्स्फा	4	6
ट्ट्री	4	6
न्ग्लो	4	6
ब्को	4	4
ग्में	4	5
ज्धा	4	4
नेेे	4	4
ख़्स	4	4
ब्स्क	4	5
फ्ऱा	4	4
ब्लाॅ	4	5
व्ने	4	4
पंं	4	3
णाी	4	3
फ्नॉ	4	4
व्ता	4	4
थेँ	4	3
ज़्ब	4	4
क्स्टि	4	6
स्लं	4	4
ब्शी	4	4
क्लों	4	5
ञु	4	2
थु़	4	3
ज़्क	4	4
र्स्ली	4	6
फ़्लि	4	5
द्ज़ा	4	5
ल्फौ	4	4
ऽं	4	2
क्लाॅ	4	5
ष्यि	4	4
ज्वो	4	4
द्रूं	4	5
ज़्ग	4	4
ल्रो	4	4
ग़ू	4	3
क़्की	4	5
म्यि	4	4
ल्ड्री	4	6
क़्क़	4	5
ल्शी	4	4
फ्ऱी	4	4
फ़्रु	4	5
र्ज़ि	4	5
न्हॉ	4	4
ख़्य	4	4
क्ट्ट	4	5
क्न्या	4	6
क्स्त	4	5
हंी	4	3
च्ता	4	4
फ्य	4	3
न्फ़	4	4
र्स्च	4	5
य्ना	4	4
र्थ्नी	4	6
र्ड्वे	4	6
ह्चा	4	4
न्द्वै	4	6
दुु	4	3
फ़्लु	4	5
क्टै	4	4
ण्दा	4	4
ड्वो	4	4
तॉं	4	3
क्पी	4	4
व्वि	4	4
क्स्प्रै	4	8
न्हॆ	4	4
धॊ	4	2
कॊं	4	3
डॊ	4	2
ले़	4	3
लोंं	4	4
ण्ड्रू	4	6
ट्ठु	4	4
ग्त्ज़ी	4	7
हुुु	4	4
णौं	4	3
✓	4	1
ञू	4	2
ज़्ज़े	4	6
खॊ	4	2
क्सॅ	4	4
छ्ठे	4	4
स्ज़	4	4
य़ी	4	3
क्रिं	4	5
प्रों	4	5
न्होंं	4	6
नोंं	4	4
व्त	4	3
त्फ़	4	4
ड्रें	4	5
ढ्ढे	4	4
पॉँ	4	3
क्कुं	4	5
च्पु	4	4
ज्मों	4	5
स्स्त्र	4	7
न्द्वों	4	7
र्द्वी	4	6
आ़	4	2
ल्थु	4	4
छ्र	4	3
ध्धा	4	4
न्ज़ी	4	5
र्ज्ज	4	5
ल्गौ	4	4
त्ध	4	3
भॅ	4	2
रा़	4	3
भ्भ	4	3
खाे	4	3
त्य्	4	4
★	4	1
क्ग्रे	4	6
ऊॅ	4	2
ध्रों	4	5
ट्भु	4	4
वृ्त्त	4	6
ऩा	4	2
फ्क	4	3
क़्शा	4	5
बु्र	4	4
र्गें	4	5
ल्तै	4	4
मुु	4	3
ल्फ्र	4	5
‏	4	1
र्ज्ड	4	5
न्थ्रै	4	6
र्सॉ	4	4
ङ्यु	4	4
ह्व्रेाा	4	8
ड्यि	4	4
ज्ज़ा	4	5
ट्ज़े	4	5
ल्स्व	4	5
च्ते	4	4
त्त्पू	4	6
क्र्	4	4
न्फ़े	4	5
थे्र	4	4
नोा	4	3
क्ट्ठा	4	6
द्श्य	4	5
छ्छ	4	3
र्फॉ	4	4
न्क्व	4	5
ज़्में	4	6
त्गा	4	4
भ्री	4	4
र्ष्टा	4	6
हृा	4	3
ल्भु	4	4
त्पो	4	4
ड्स्की	4	6
स्लाॅ	4	5
ल्ज़ि	4	5
॰़	4	2
ह॒	4	2
च्छा्	4	5
न्स्लो	4	6
कु्मा	4	5
र्क्ली	4	6
ब्दू	4	4
छॅ	4	2
फ़्ति	4	5
स़्त	4	4
ठ्र	4	3
म्प्रु	4	6
टांं	4	4
श्ठी	4	4
देेे	4	4
ज़्बु	4	5
ग्नें	4	5
द्रुः	4	5
न्स्प	4	5
मु्ख्य	4	6
ख्शि	4	4
ल्फ़ो	4	5
ब्जो	4	4
स्रू	4	4
श्ठ	4	3
र्पौ	4	4
ल्प्	4	4
फ़्फ़ू	4	6
ज़़	4	3
य्नि	4	4
क़्वा	4	5
रे़	4	3
म्ब्व	4	5
ध्न्य	4	5
य्ज़ा	4	5
र्स्ति	4	6
य्सि	4	4
स्श	4	3
हंु	4	3
द्रें	4	5
र्ट्र	4	5
भ्रुः	4	5
क्षिं	4	5
शि़	4	3
द्ध्ती	4	6
ष्ष्टि	4	6
त्ज़ो	4	5
द्र्श्य	4	7
स्स्रा	4	6
ऋृ	4	2
ङों	4	3
म्ब्	4	4
आ॓	4	2
का॓	4	3
तेँ	4	3
प्ल्यू	4	6
र्कॉ	4	4
ख्बी	4	4
च्रा	4	4
ग्ति	4	4
श्य्क	4	5
द्ख्या	4	6
म्स्या	4	6
घ्नीं	4	5
न्स्थि	4	6
ल्याँ	4	5
द्शा	4	4
च्चॉ	4	4
क्याँ	4	5
फ्के	4	4
त्ज़े	4	5
ल्गै	4	4
न्स्पा	4	6
त्यृ	4	4
बॄ	4	2
न्चां	4	5
य्श	4	3
र्कें	4	5
ज्ला	4	4
मु्ख़्ता	4	8
फ्रौ	4	4
ठुं	4	3
ष्य़	4	4
स्पाॅ	4	5
क्स्ली	4	6
श्बी	4	4
क्लैं	4	5
ड़्डा	4	5
ल्शै	4	4
द्लि	4	4
ध़	4	2
ष्ट्र्र	4	7
य्रे	4	4
ष्ण्याः	4	7
फाः	4	3
र्प्त	4	5
स्ा	4	3
वृि	4	3
यु्क्त	4	6
ष्था	4	4
र्व्र	4	5
ग्वृ	4	4
ष्चे	4	4
व्रै	4	4
ल्ट्रे	4	6
र्हैं	4	5
स॓	4	2
च्रे	4	4
र्फ़े	4	5
न्यौं	4	5
द्स्की	4	6
ध्र्वं	4	6
द्धीं	4	5
थ्थ्या	4	6
स्म्भा	4	6
स्त्र्यां	4	9
झ्रा	4	4
ग्झि	4	4
सॉॅं	4	4
ण्य़ा	4	5
झ्को	4	4
र्गॉ	4	4
घॆ	4	2
द्य्र	4	5
त्नू	4	4
र्शू	4	4
र्व्हिं	4	7
स्ञ	4	3
त्त्त्वा	4	8
र्य्	4	4
थ्यॅ	4	4
न्व॔	4	4
यॅं	4	3
र्स्यु	4	6
ट्झिं	4	5
गॉॅं	4	4
य्प्रे	4	6
डॉॅं	4	4
ड्स्टे	4	6
र्ब्यॉ	4	6
र्बें	4	5
ॢ	4	1
ॣ	4	1
र्यें	4	5
प्त्यां	4	7
अाॅ	4	3
फ्श्टा	4	6
न्स्टँ	4	6
म्स्वा	4	6
थ्लिं	4	5
ग्चा	4	4
ल्ड्वि	4	6
झ्हें	4	5
न्ङ	4	3
खंं	4	3
र्स्ती	4	6
ग्ग्या	4	6
सोा	4	3
र्शीं	4	5
प्प्	4	4
ब्ब्	4	4
दूॅं	4	4
घ्नां	4	5
न्स्पि	4	6
नेेेे	4	5
ष्ट्र्रा	4	8
मु्द्रा	4	7
न्टां	4	5
न्व्हि	4	6
प्क	4	3
त्झी	4	4
प्फा	4	4
झ्झो	4	4
र्टं	4	4
श्र्न	4	5
लेेे	4	4
र्द्रां	4	7
छॉं	4	3
व्हँ	4	4
ल्ल्ला	4	6
त्कीं	4	5
ळ्णा	4	4
ज्य़ू	4	5
ठ्ठ्ल	4	5
ल्त्से	4	6
झ्क्वे	4	6
व्डी	4	4
श्णु	4	4
म्ब्ये	4	6
च्को	4	4
ब्का	4	4
र्त्सो	4	6
श्प्रिं	4	7
व्का	4	4
त्थ्य	4	5
र्जौ	4	4
ष्णांं	4	6
र्ुन	4	4
र्ूणा	4	5
र्ूय	4	4
म्ह्या	4	6
ङ्दु	4	4
ङ्वे	4	4
र्छौँ	4	5
व्जा	4	4
त्सँ	4	4
छैँ	4	3
ट्टिँ	4	5
ङ्ङ्ग	4	5
ञ्यु	4	4
ल्ड्रु	4	6
म्शु	4	4
ग्छे	4	4
त्ह्ये	4	6
ङ्ता	4	4
न्हूँ	4	5
ग्बि	4	4
वृृ	4	3
ङ्ग्म	4	5
ल्खे	4	4
ब्ल्याँ	4	7
न्पू	4	4
ल्ड्या	4	6
र्णिा	4	5
से्र	4	4
ग्यौँ	4	5
च्ला	4	4
उँँ	4	3
३ु	4	2
म्क्या	4	6
ठ्नु	4	4
च्री	4	4
ङ्ग्वा	4	6
ख्थि	4	4
ख्नू	4	4
ब्जु	4	4
म्धु	4	4
भ्दा	4	4
ल्मौ	4	4
भ्रै	4	4
ङ्ते	4	4
ल्ढुं	4	5
ञ्ञ	4	3
ण्ड्रु	4	6
सिा	4	3
न्ज्यां	4	7
ग्छु	4	4
व्जो	4	4
र्फ्यु	4	6
प्नै	4	4
च्याँ	4	5
रिू	4	3
ण्टौं	4	5
प्क्यो	4	6
स्किँ	4	5
न्नॊ	4	4
प्पै	4	4
र्ूण्ा	4	6
स्पि्	4	5
याँं	4	4
ज्न्या	4	6
ह्याँ	4	5
ञाँ	4	3
दौँ	4	3
छोँ	4	3
स्र्या	4	6
ट्यौँ	4	5
ङ्से	4	4
हु्न्छ	4	6
हिा	4	3
औंं	4	3
ले्दै	4	5
घ्नु	4	4
प्तौं	4	5
ड्छि	4	4
क्पे	4	4
ङ्दा	4	4
सीँ	4	3
ङ्चा	4	4
ट्ब	4	3
ऋि	4	2
ष्ट्बु	4	6
ण्दु	4	4
ध्मि	4	4
प्प्ल	4	5
_ि	4	2
त्यँ	4	4
ज्गु	4	4
र्ख्यो	4	6
क्सीे	4	5
औा	4	2
ह्ंग्रि	4	7
षाँ	4	3
श्चः	4	4
०ौं	4	3
डैँ	4	3
न्ड्स्	4	6
म्हः	4	4
ङ्स्ट	4	5
र्याा	4	5
च्ल	4	3
म्प्ल	4	5
न्क्लु	4	6
र्क्या	4	6
ब्वः	4	4
शिँ	4	3
ज्ले	4	4
ड्ग्रे	4	6
ङ्फि	4	4
ट्ल्या	4	6
छ्ड्के	4	6
र्ष्टि	4	6
ल्सं	4	4
ँ्	4	2
ङ्ख्रा	4	6
ज्लु	4	4
ग्ख्र	4	5
प्ग्रे	4	6
र्वौ	4	4
ण्प्र	4	5
ष्ट्वं	4	6
ण्भि	4	4
ङ्ग्डं	4	6
द्घः	4	4
ग्यैः	4	5
डॖ	4	2
शॄ	4	2
ज्म्	4	4
ल्जिः	4	5
त्दे	4	4
ग्झा	4	4
ञ्झी	4	4
ळ्दे	4	4
ळ्ग	4	3
ध्रः	4	4
स्स्थि	4	6
ग्ग्लि	4	6
ञ्प्र	4	5
स्तीः	4	5
ज़ः	4	3
श्र्वे	4	6
क्शाः	4	5
ड्क्रा	4	6
ल्ञुः	4	5
ग्च्छ	4	5
ङ्ग्का	4	6
ज्य्	4	4
ङ्ङा	4	4
ड्भ्यः	4	6
ञ्णि	4	4
ल्तृ	4	4
भ्यैः	4	5
बिः	4	3
स्य॑	4	4
म्म्रा	4	6
ङ्क्त्या	4	8
द्र्व्य	4	7
ग्र्ये	4	6
च्छ्तु	4	6
ध्न्यः	4	6
थ्क्क	4	5
र्व्वा	4	6
र्प्ने	4	6
न्द्रै	4	6
त्त्वाः	4	7
ल्प्ये	4	6
ण्णाः	4	5
र्क्ष्यो	4	8
ष्ट्यः	4	6
ञ्झि	4	4
ल्क्रि	4	6
ङ्मू	4	4
ग्णं	4	4
द्धुः	4	5
र्थँ	4	4
त्काः	4	5
त्सुः	4	5
र्त्योः	4	7
ङ्गीं	4	5
द्ध्ः	4	5
ध्यैः	4	5
र्पिः	4	5
र्टः	4	4
द्बृ	4	4
ङ्क्षाः	4	7
थ्योः	4	5
ण्ठां	4	5
च्छेः	4	5
पीः	4	3
ञ्ज्य	4	5
र्भृ	4	4
ध्दुं	4	5
ङ्ग्वी	4	6
ग्लाः	4	5
न्दैः	4	5
डोः	4	3
ण्टः	4	4
ळ्ळिः	4	5
ट्भिः	4	5
ण्मि	4	4
द्भृ	4	4
भ्योः	4	5
ण्वोः	4	5
ष्र	4	3
न्ट्स्वि	4	8
ष्ट्र्स्य	4	9
भॆ	4	2
ह्स्तः	4	6
ण्ग्र	4	5
ष्कैः	4	5
ङ्ग्गा	4	6
ह्नेः	4	5
न्वोः	4	5
ग्कां	4	5
ध्मुः	4	5
क्स्था	4	6
न्षु	4	4
ष्ट्वो	4	6
त्त्योः	4	7
ल्वं	4	4
र्पैः	4	5
ड्शा	4	4
ष्कै	4	4
त्वोः	4	5
त्प्लु	4	6
र्ष्णिः	4	7
ङ्घां	4	5
द्व्यु	4	6
त्कः	4	4
ङ्कुं	4	5
ष्ट्मा	4	6
र्घ्व	4	5
ज्दू	4	4
ण्ठेः	4	5
ग्स्था	4	6
म्राः	4	5
ङ्क्फ	4	5
र्म्स्	4	6
ञ्च्वा	4	6
ठृ	4	2
क्त्त्वा	4	8
ध्द्यु	4	6
जॆ	4	2
च्ञां	4	5
प्र्ति	4	6
ङ्प्र	4	5
स्क्ति	4	6
त्क्रु	4	6
स्ट्स्	4	6
यौः	4	3
ळ्ळ्य	4	5
ल्ड्फी	4	6
ण्ड्ग्रौ	4	8
ब्द्योः	4	7
य्ट्	4	4
म्भाे	4	5
ल्फ्रॆ	4	6
×ि	4	2
(ि	4	2
ट्क्याः	4	7
ज्मः	4	4
य्वोः	4	5
प्ट्स्	4	6
प्र्ये	4	6
ब्दीं	4	5
व्राः	4	5
न्म्ले	4	6
ब्याः	4	5
र्ताि	4	5
स्स्मृ	4	6
क्काः	4	5
न्द्झे	4	6
न्धिौ	4	5
स्लोः	4	5
च्स्ल	4	5
ल्व्	4	4
ळ्हु	4	4
ड़ँ	3	3
च्ञ	3	3
ञ्श	3	3
त्व्य	3	5
त्स्न्य	3	7
न्क्ष	3	5
न्घ्र	3	5
न्त्स्य	3	7
न्थ्र	3	5
प्त्व	3	5
र्ज्ञ	3	5
र्ध्र	3	5
र्न्य	3	5
र्ब्य	3	5
र्ष्ण	3	5
श्फ	3	3
र्त्यु	3	6
क्ष्म्यु	3	8
त्स्थै	3	6
क्डू	3	4
र्द्रि	3	6
तोँ	3	3
ते़	3	3
त्जी	3	4
ड़े़	3	4
चौ़	3	3
प्ची	3	4
मोँ	3	3
फ़्लैं	3	6
ड़़ा	3	4
एंँ	3	3
ल्कू	3	4
ण्ड्रॉ	3	6
क्स़	3	4
ल्ल्स्	3	6
त्त्स	3	5
ऴों	3	3
हांं	3	4
ग्मॉ	3	4
ड्मं	3	4
ज्पा	3	4
ह्में	3	5
ञ्चिं	3	5
द्क्षि	3	6
र्स्ला	3	6
ड़्क	3	4
म्फ़ा	3	5
प्शी	3	4
फ्लें	3	5
वैै	3	3
ड़़े	3	4
फ़़ा	3	4
स्लू	3	4
श़ी	3	3
ग्झो	3	4
ल्य्	3	4
न्त्सों	3	7
न्सुं	3	5
भि्	3	3
ङ्ह्वा	3	6
ग्शि	3	4
न्ज़े	3	5
न्य्	3	4
म्फ़ो	3	5
व़ा	3	3
र्सां	3	5
कुुु	3	4
ड्ढ़ा	3	5
ष्त्र	3	5
ज्हि	3	4
ज्यौं	3	5
ट्स्को	3	6
त्जे	3	4
क्टि्	3	5
ह्श	3	3
ठ्ता	3	4
ल्तां	3	5
र्डॉ	3	4
ग्लों	3	5
याँँ	3	4
त्ज़ी	3	5
ष्ट्यों	3	7
ट्राॅ	3	5
त्थों	3	5
ढ़़	3	3
हांँ	3	4
ल्स्थो	3	6
न्ग्ले	3	6
ज्वॉ	3	4
य्व्स्था	3	8
न्य़	3	4
ज्हा	3	4
प्जी	3	4
श्टो	3	4
ध्ह	3	3
औे	3	2
म्लैं	3	5
स्णु	3	4
दूू	3	3
मंू	3	3
त्द्वा	3	6
त्कां	3	5
र्शौ	3	4
क्क्क	3	5
टे्र	3	4
न्ग्ट	3	5
ब्राॅ	3	5
ल्य्क	3	5
श्हू	3	4
य्ता	3	4
ल्थॉ	3	4
क्फ्रोंं	3	8
क़्ह	3	4
ख़ु़	3	4
ब्शा	3	4
क्सैं	3	5
ट्लु	3	4
ट्लू	3	4
व्य्व	3	5
त्त्का	3	6
ज्ली	3	4
ग्र्यू	3	6
वाि	3	3
र्प्रि	3	6
को़	3	3
य्का	3	4
क़्व	3	4
ज़्वे	3	5
र्क्रा	3	6
प्लें	3	5
जू़	3	3
त्त्थ	3	5
छ़ो	3	3
सॅा	3	3
क्स्मू	3	6
ग़े	3	3
द्रीं	3	5
ह्त्त्व	3	7
टेे	3	3
त्म्क	3	5
प्ब	3	3
त्यौं	3	5
र्ज़्वा	3	7
जै़	3	3
ल्डुं	3	5
ल्वै	3	4
@	3	1
ड्ज़	3	4
ह्सू	3	4
ग्प	3	3
य्क्लो	3	6
क्षें	3	5
ख़्रु	3	5
ढ़ां	3	4
स्पैं	3	5
ज्ता	3	4
गाा	3	3
छॊ	3	2
र्क्क	3	5
स्व्र	3	5
त्तौं	3	5
ण्ड़ा	3	5
ट्बुं	3	5
एें	3	3
फॅा	3	3
ढॆ	3	2
षॆ	3	2
ऒं	3	2
ल्लॆ	3	4
गॊं	3	3
हंै	3	3
ब्जा़	3	5
द॔	3	2
स्ठी	3	4
म्न्लि	3	6
मृृ	3	3
एॅ	3	2
ग्कि	3	4
ध्रो	3	4
ण्वै	3	4
म़ि	3	3
ट्चे	3	4
ष्द	3	3
ल्क्ष्य	3	7
द्योँ	3	5
◾	3	1
श्लैं	3	5
ल्मोँ	3	5
द्सों	3	5
र्यॉ	3	4
र्घ्	3	4
घ्नों	3	5
धिा	3	3
उ्	3	2
क्ज़ो	3	5
मेेेेे	3	6
क्योँ	3	5
क्य़ा	3	5
ष्ना	3	4
स्ग्रे	3	6
त्स्कि	3	6
ल्ट्ज़	3	6
व़ो	3	3
म्लिं	3	5
ग्ज़ि	3	5
⟨	3	1
⟩	3	1
ब्म	3	3
स्प्रॉ	3	6
मंु	3	3
स्म्स	3	5
त्यूँ	3	5
न्ड़	3	4
ट्र्रें	3	7
ख़ं	3	3
स्थिा	3	5
र्व्रााि	3	8
प्र्व्रा	3	8
ण्च	3	3
य्को	3	4
🙏	3	1
ज़्टे	3	5
ह्ल्ला	3	6
फेे	3	3
ज्जिं	3	5
ऎं	3	2
हँा	3	3
न्फ्ले	3	6
त्ज्की	3	6
क्र्यू	3	6
¨	3	1
ल्क्ष्मी	3	8
पूू	3	3
श्र्या	3	6
ज़्ये	3	5
श्लै	3	4
प्टॉ	3	4
ख्श्	3	4
व्ह्या	3	6
ज्ञाँ	3	5
दुँ	3	3
या़	3	3
द्ग्रं	3	6
ष्भा	3	4
ऱ्न	3	3
ओ़	3	2
स्थ्ति	3	6
ख्ल	3	3
त्र्ता	3	6
र्न्हा	3	6
ज़्वि	3	5
ञ्ञा	3	4
ग्जु	3	4
तॊं	3	3
छो़	3	3
₂	3	1
₁	3	1
बृ्ह	3	4
प्स्का	3	6
स्प्यू	3	6
द्त्र	3	5
च्र्छि	3	6
त्रि्	3	5
द़ा	3	3
ब्ब्यि	3	6
फि़	3	3
क्स्क्ले	3	8
ष्टोंं	3	6
स्त्स	3	5
क्शः	3	4
न्डों	3	5
ग्मै	3	4
ड़्ह	3	4
द्दां	3	5
ठँ	3	2
⁰	3	1
स्क्स	3	5
रुा	3	3
न्क्रू	3	6
ट्टीं	3	5
ग्वें	3	5
फ़ाॅ	3	4
क्र्य	3	5
न्स्ब	3	5
आैं	3	3
न्ज़ों	3	6
ट्ज़्की	3	7
न्जें	3	5
पा़	3	3
न्हेँ	3	5
ल्वौ	3	4
र्व्स	3	5
क्ष्र	3	5
ध्क	3	3
क्कें	3	5
ग्जैं	3	5
रुों	3	4
री्	3	3
सैै	3	3
र्क़े	3	5
के़	3	3
टेंं	3	4
श्भा	3	4
कुुं	3	4
तुुु	3	4
त्सै	3	4
न्क्त	3	5
स्प्ष्ट	3	7
ष्णों	3	5
च्हा	3	4
त्बी	3	4
म्थु	3	4
ल्मॉ	3	4
ल्क्म	3	5
र्क्नि	3	6
ग्ते	3	4
क्ष्चि	3	6
ग्कु	3	4
त्फा	3	4
प्टॅ	3	4
क्स्ट्री	3	8
र्त्त्य	3	7
र्लैं	3	5
ब्चा	3	4
ाो	3	2
प्स्ट	3	5
ग्रों	3	5
त््र	3	4
फ्राॅ	3	5
न्ड्यू	3	6
क्जै	3	4
ह्सि	3	4
श्णा	3	4
त्छे	3	4
च्टी	3	4
ळॉ	3	2
ल्सॉ	3	4
र्त्से	3	6
५ं	3	2
ल्ठ	3	3
र्क़ी	3	5
ळ्ळं	3	4
जोँ	3	3
वृ़	3	3
】	3	1
र्द्यू	3	6
ह्ग	3	3
य्य्द	3	5
न्क़	3	4
त्टा	3	4
म्भ्रां	3	7
यॉँ	3	3
म्म्मे	3	6
रोंं	3	4
॑	3	1
ङ्क्ट	3	5
ज़्वो	3	5
च्लो	3	4
व्वै	3	4
ाी	3	2
वृ्त	3	4
ल्व्स	3	5
ल्स्कि	3	6
ड्ढो	3	4
न्न्द	3	5
ज़्बा	3	5
र्स्टिं	3	7
ड्नो	3	4
लेा	3	3
च्शा	3	4
ल्कौ	3	4
ड्रं	3	4
ज्टे	3	4
पू्र्वी	3	7
ज़़ी	3	4
म्स्टो	3	6
ख्त्य	3	5
ज़्मे	3	5
फ़्सा	3	5
फ्सा	3	4
र्क्षं	3	6
न्सां	3	5
अिं	3	3
स्प्स	3	5
म्सौ	3	4
श्बु	3	4
ज़्वी	3	5
ज्नू	3	4
त्ज़ा	3	5
ख़ुं	3	4
णॉं	3	3
ह्प	3	3
न्म्	3	4
त्कॄ	3	4
प्लाॅ	3	5
फ्लाॅ	3	5
¡	3	1
ब्बं	3	4
क्क्षा	3	6
द्य्म	3	5
म्जों	3	5
ध्य्	3	4
प्शं	3	4
च्च्मा	3	6
श्ब्द	3	5
न्गू	3	4
स्फ्ला	3	6
थीों	3	4
ड्रां	3	5
ग्णि	3	4
ख़ौ	3	3
ॿि	3	2
स्यूं	3	5
फ़्ली	3	5
फ्वा	3	4
छूँ	3	3
द्रिं	3	5
ण्जी	3	4
त्चुं	3	5
न्त्वों	3	7
र्र्श्तृ	3	8
म्न्ये	3	6
ल्क्ष	3	5
र्न्से	3	6
ल्डु	3	4
र्घ्यों	3	7
च्म	3	3
स्त्ता	3	6
ओें	3	3
गाि	3	3
कंु	3	3
भेे	3	3
श़ृं	3	4
च्टा	3	4
क्स्दा	3	6
तॅ	3	2
श्मो	3	4
क्ं	3	3
हाो	3	3
काो	3	3
होँ	3	3
छ्पा	3	4
केंं	3	4
फ़्न	3	4
ग्रुं	3	5
द्र्र	3	5
ल्चिं	3	5
र्ब्यु	3	6
ल्ट्यु	3	6
त्ट्स	3	5
व्यें	3	5
³	3	1
ड्रों	3	5
म्म्त	3	5
र्लॉ	3	4
धॉ	3	2
थूं	3	3
श्य्	3	4
ध्र्म	3	5
म्ब्डा	3	6
ल्धे	3	4
छॉ	3	2
ण्ट्रे	3	6
व्गे	3	4
न्स्कृ	3	6
ॺ्	3	2
र्बों	3	5
ब्ह	3	3
क्र्रि	3	6
ढ़ः	3	3
ल्प्रो	3	6
ग्श	3	3
ह्दे	3	4
स्भि	3	4
≈	3	1
न्स्टैं	3	7
व्श	3	3
य्कि	3	4
औ्	3	2
स्तॄ	3	4
ह्मू	3	4
र्भ्	3	4
घॊ	3	2
स्म्रु	3	6
द्चं	3	4
च्रो	3	4
क्ष्च	3	5
राि	3	3
क्म्प	3	5
गं॒	3	3
स्वॉ	3	4
श्र्	3	4
ूीं	3	3
नीे	3	3
ष॔	3	2
न्ज़ु	3	5
य्टी	3	4
न्घी	3	4
श्श्री	3	6
जि्	3	3
य्न्	3	4
व्बा	3	4
श्र्द्धा	3	8
ष्र्टी	3	6
म्रृ	3	4
टॊ	3	2
स्ट्म्स	3	7
ड़़ी	3	4
इंं	3	3
प्नू	3	4
म्फ्रे	3	6
फ्थे	3	4
र्रूँ	3	5
ह्कि	3	4
ाौ	3	2
ढाे	3	3
ठ्य्क्र	3	7
ण्सि	3	4
ट्स्के	3	6
न्नें	3	5
हांी	3	4
बंी	3	3
द्द्ध	3	5
रेेे	3	4
रांं	3	4
क्तींं	3	6
ॲा	3	2
ऄ	3	1
ग्मॅ	3	4
न्स्ल	3	5
ल्व्हो	3	6
ज्ण्बू	3	6
वॅं	3	3
क्झॅ	3	4
र्स्कि	3	6
ऱ्याा	3	5
ब्चे	3	4
रॉॅं	3	4
स्डॅ	3	4
न्ट्से	3	6
ग्क्सी	3	6
र्क्वि	3	6
जॉॅं	3	4
यॉॅं	3	4
ड्झ	3	3
ठ्ल	3	3
ह्दी	3	4
टॉॅं	3	4
ह्टे	3	4
ड्ड्यां	3	7
र्व्हं	3	6
छ्नु	3	4
हिंं	3	4
कुंं	3	4
श्श्या	3	6
र्लॅ	3	4
क्स्म	3	5
जी॔	3	3
दाै	3	3
क्षीः	3	5
ग्रॉं	3	5
ग्च	3	3
ट्रॊ	3	4
मे़	3	3
च्य्	3	4
ल्ट्झ	3	5
कृृृ	3	4
नूॅं	3	4
ज्ञें	3	5
थॉं	3	3
म्रू	3	4
मो्	3	3
द्य़ा	3	5
ह्त्त्वा	3	8
भा़	3	3
ळ्म	3	3
स्प्रॅ	3	6
व्ह्रे	3	6
र्द्या	3	6
सॆं	3	3
न्रॉ	3	4
ड्सी	3	4
द्ख	3	3
लेैं	3	4
र्शिं	3	5
म्ब्यां	3	7
क्ल्ब	3	5
म्हु	3	4
व्ह्का	3	6
व्ह्रि	3	6
व्को	3	4
सु्रु	3	5
य्सा	3	4
डॅा	3	3
न्ख्य	3	5
ण्प	3	3
क्वॅ	3	4
ग्वू	3	4
कृ्त	3	4
चॉॅं	3	4
मॅा	3	3
न्त्सु	3	6
मृ्त्यू	3	7
ज्के	3	4
ढ्व	3	3
च्च्चा	3	6
द्र्वा	3	6
ड्जा	3	4
ट्ची	3	4
न्स्ट्रू	3	8
य्ब्सि	3	6
य्द्ब्व्	3	8
स्व्ब्	3	6
ख्लि	3	4
न्ड्ज	3	5
स्ट्रॉँ	3	7
झ्झी	3	4
प्यॉं	3	5
ळ्वू	3	4
न्यॉॅं	3	6
सी॒	3	3
थ्नॅ	3	4
न्त्यृ	3	6
क्क्ड	3	5
ट्श्	3	4
ऱ्यॉ	3	4
स्म्रृ	3	6
व्त्सि	3	6
.े	3	2
ण्यू	3	4
त्स्ला	3	6
त्चै	3	4
ष्म्या	3	6
द्गं	3	4
म्ल्पे	3	6
क्रॅं	3	5
क्च्या	3	6
न्नौं	3	5
प्झि	3	4
ल्फ्थ	3	5
क्बू	3	4
झ्ड	3	3
क्स्टी	3	6
स्मॅ	3	4
र्मांं	3	6
न्डं	3	4
ढॉ	3	2
र्म्यू	3	6
ल्य़ा	3	5
दॉं	3	3
द्पू	3	4
ट्श्रु	3	6
शु्द्ध	3	6
ग्ट्न	3	5
न्ग्वा	3	6
क्वॉं	3	5
गूॅं	3	4
न्किं	3	5
ल्फ्रॅ	3	6
न्सीं	3	5
र्त्र्स	3	7
श्कॉ	3	4
झ्हां	3	5
क्ष्यु	3	6
क्स्पॅं	3	7
ष्ठ्वं	3	6
क्श्च	3	5
ड्चा	3	4
》	3	1
▪️	3	2
चेे	3	3
ल्टीं	3	5
ल्च्या	3	6
ण्ठ्यः	3	6
श्त्रा	3	6
ष्ठ्व	3	5
म्र्या	3	6
ल्सां	3	5
झॊ	3	2
व्व्या	3	6
न्न्न	3	5
न्मिं	3	5
स्ंके	3	5
ख्ग	3	3
स्त्र्	3	6
द्र्व्या	3	8
त़े	3	3
थ्लि	3	4
र्टां	3	5
ह्टी	3	4
म्ह्णू	3	6
ट्स्त	3	5
द्यॉ	3	4
शिे	3	3
ळ्च	3	3
त्त्ती	3	6
र्त्झ	3	5
क्गु	3	4
फ्फ्रॅ	3	6
श्स्ति	3	6
द्पु	3	4
ट्ट्म	3	5
र्ट्री	3	6
त्बि	3	4
ट्क्रि	3	6
र्टीं	3	5
🇳🇵	3	2
बौँ	3	3
र्ुग	3	4
र्ूर्ति	3	7
ख्वः	3	4
अाँ	3	3
व्दु	3	4
ङ्व	3	3
थ्बी	3	4
ब्रि्	3	5
न्छ्या	3	6
ब्हा	3	4
ग्वो	3	4
ब्सां	3	5
प्तौँ	3	5
र्र्ति	3	6
ड्गि	3	4
ल्ठी	3	4
भ्मे	3	4
र्ूर्वी	3	7
ङ्ली	3	4
यिो	3	3
प्त्से	3	6
र्क्यौ	3	6
द्सँ	3	4
द्छ	3	3
कोो	3	3
१ः	3	2
हीः	3	3
भ्स्	3	4
र्द्जो	3	6
र्र्रो	3	6
ाि	3	2
र्चौ	3	4
ङ्छ	3	3
कीँ	3	3
बौः	3	3
णँ	3	2
ट्ता	3	4
ट्तै	3	4
छ्छु	3	4
क्य्रा	3	6
ट्भि	3	4
न्स्ट्या	3	8
न्थ्याे	3	7
क्किँ	3	5
झ्ग	3	3
ल्किँ	3	5
श्च्हि	3	6
म्स्थ	3	5
ल्वाँ	3	5
ल्ठु	3	4
ल्छौ	3	4
ङ्हो	3	4
घ्दै	3	4
स्ठु	3	4
न्भु	3	4
डेँ	3	3
लाि	3	3
ल्छौं	3	5
क्र्यौ	3	6
सँै	3	3
र्ूया	3	5
न्क्रा	3	6
स्जा	3	4
रोे	3	3
ण्ङ	3	3
ड्ही	3	4
म्ङे	3	4
न्ड्यु	3	6
त्हा	3	4
ब्चु	3	4
य्रो	3	4
क्बे	3	4
०ं	3	2
रैँ	3	3
ण्डीं	3	5
स्थ्यः	3	6
ङ्फे	3	4
ड्ड्य	3	5
ड्नै	3	4
ख्छौ	3	4
ञ्स	3	3
थ्नु	3	4
न्थ्ये	3	6
र्ङ	3	3
झ्ै	3	3
घ्मा	3	4
झ्नै	3	4
स्म्प्र	3	7
ण्ध	3	3
गोे	3	3
ग्थि	3	4
त्गी	3	4
न्स्ि	3	5
क्डी	3	4
क्शो	3	4
च्हे	3	4
ट्नै	3	4
य्ब	3	3
र्नेः	3	5
क्छो	3	4
ण्ड्को	3	6
ण्ठै	3	4
त्छ्युँ	3	7
त्दु	3	4
त्ल्या	3	6
म्खु	3	4
र्छो	3	4
ञ्च्छि	3	6
घ्र्य	3	5
फ्र्यां	3	7
य्चा	3	4
न्हृ	3	4
छ्दै	3	4
भ्छ	3	3
छ्रु	3	4
र्न्यै	3	6
ख्तै	3	4
नि्	3	3
ज्ह	3	3
ह्यौं	3	5
स्दि	3	4
क्फे	3	4
न्छै	3	4
स्यौँ	3	5
ड्छौ	3	4
त्ज्यो	3	6
ठ्दो	3	4
न्भी	3	4
थ्थै	3	4
क्र्रा	3	6
क्रँ	3	4
व्व्त	3	5
ग्ग्ग्ग्ग्ग	3	11
फ्र्यु	3	6
रिा	3	3
बिा	3	3
लिा	3	3
ङ्नी	3	4
ल्भि्	3	5
र्षौँ	3	5
ङ्जु	3	4
गेेेे	3	5
द्जो	3	4
क्ष्मै	3	6
न्तें	3	5
देि	3	3
क्षाा	3	5
खा्	3	3
स्म्म	3	5
ङ्बे	3	4
डौा	3	3
दिा	3	3
म्घ	3	3
र्काे	3	5
ड्भो	3	4
म्बुं	3	5
ट्फ	3	3
ङ्ग्को	3	6
जी्	3	3
रांै	3	4
ख्ले	3	4
र्छ्न्	3	6
न्ठे	3	4
श्वाँ	3	5
ट्टे्र्र	3	8
डी्	3	3
म्धा	3	4
ङ्ि	3	3
ध्मे	3	4
ह्दै	3	4
ध्धि	3	4
फ्जो	3	4
न्थ्यों	3	7
म्प्टे	3	6
म्प्क	3	5
र्द्धिः	3	7
ज्ल	3	3
ल्ं	3	3
ङ्थु	3	4
ङ्भा	3	4
ङ्थे	3	4
म्ष	3	3
द्लिं	3	5
ध्वां	3	5
ज्पु	3	4
त्थ्या	3	6
द्वु	3	4
टु्ट्छ	3	6
ध्दाँ	3	5
ल्ढु	3	4
त्त्वू	3	6
क्धु	3	4
ङ्स्	3	4
ञ्जिँ	3	5
म्झिँ	3	5
न्ड्र्यु	3	8
न्थ्यौ	3	6
धृी	3	3
निु	3	3
क्थ्रु	3	6
थ्दा	3	4
ङृ	3	2
म्न्य	3	5
भ्ली	3	4
भ्ड	3	3
ल्भ्स	3	5
भ्लो	3	4
वा्	3	3
ट्ट्य	3	5
न्टे्र	3	6
भु्र	3	4
लोे	3	3
र्फः	3	4
न्फ्ला	3	6
ड्कृ	3	4
ञ्को	3	4
त्युु	3	5
र्न्यू	3	6
य्खि	3	4
न्दाे	3	5
छृ	3	2
यृ	3	2
म्ं	3	3
साैँ	3	4
फ्प	3	3
व्व्ती	3	6
मोः	3	3
क्हु	3	4
प्लूँ	3	5
ड्दो	3	4
न्वाः	3	5
द्स्	3	4
न्द्धा	3	6
र्भै	3	4
न्भ्या	3	6
प्ल्यां	3	7
भ्नै	3	4
ष्ख	3	3
च्घ	3	3
क्षिा	3	5
ग्दृ	3	4
ध्मः	3	4
क्ङि	3	4
प्श्य	3	5
त्ड	3	3
जोः	3	3
र्ग्याः	3	7
घ्ट	3	3
स्लीं	3	5
ह्नै	3	4
च्छ्त	3	5
ध्वो	3	4
त्तृृ	3	5
श्च्छा	3	6
र्त्तो	3	6
ग्भ्यो	3	6
क्र्यौः	3	7
म्बोः	3	5
ग्मैः	3	5
ब्न्	3	4
र्शैः	3	5
ल्ल्यः	3	6
क्षेः	3	5
ङ्क्चु	3	6
त्य्स्य	3	7
श्मः	3	4
म्फ्	3	4
ङ्ग्पा	3	6
ण्ड्यैः	3	7
त्वैः	3	5
त्स्मा	3	6
घ्न्याः	3	7
र्श्ये	3	6
ण्ं	3	3
र्त्ताः	3	7
द्द्वि	3	6
ट्ब्रि	3	6
क़ः	3	3
श्क्नु	3	6
क्भू	3	4
ञ्च्यां	3	7
फ्घ	3	3
र्ढ्यं	3	6
ण्ड्ल्	3	6
श्क्नो	3	6
व्वू	3	4
म्बैः	3	5
स्ध्वोः	3	7
नँः	3	3
ट्ट्णे	3	6
र्ङ्गी	3	6
ब्दिः	3	5
क्णा	3	4
ङ्गीः	3	5
म्णे	3	4
ज्ज्वां	3	7
ज्यॆ	3	4
द्ध्ं	3	5
द्गुः	3	5
ष्ण्ये	3	6
त्त्त्व	3	7
ध्न्ये	3	6
न्द्र्स्य	3	9
ष्णिः	3	5
ध्योः	3	5
यूः	3	3
र्ष्यां	3	7
ङ्ग्स्य	3	7
ष्त्सु	3	6
त्त्रे	3	6
म्डा	3	4
र्ट्न	3	5
स्मैः	3	5
त्पिः	3	5
प्ः	3	3
ब्च	3	3
र्छां	3	5
म्ः	3	3
च्छ्त्	3	6
ङ्ग्ल्	3	6
ट्स्म	3	5
ड्ज्वि	3	6
न्ष	3	3
व्मे	3	4
र्म्याः	3	7
प्सं	3	4
त्त्यैः	3	7
ल्भ्यं	3	6
ह्तः	3	4
ग्धौ	3	4
र्णॆ	3	4
ग्ध्यं	3	6
र्ध्दं	3	6
क्त्रः	3	6
च्छोः	3	5
ह्निं	3	5
र्ष्टु	3	6
स्श्रे	3	6
ङ्क्षां	3	7
त्श्रु	3	6
ङ्ग्लू	3	6
ख्यिा	3	5
ज्ञ्यै	3	6
ळ्गा	3	4
र्त्रोः	3	7
ट्शि	3	4
ण्ड्ल	3	5
ल्फ़्	3	5
ग्ं	3	3
ल्कैः	3	5
द्वॆ	3	4
ध्यॆ	3	4
र्ण्यो	3	6
च्ख	3	3
योा	3	3
र्भ्यो	3	6
म्गं	3	4
ण्ड्वि	3	6
ञ्च्छ	3	5
न्युं	3	5
स्स्थै	3	6
च्य्ते	3	6
लॄ	3	2
धॄ	3	2
डैः	3	3
र्ट्म	3	5
ञ्घ	3	3
ह्ः	3	3
ञ्छं	3	4
ग्पु	3	4
क्त्यः	3	6
ग्तः	3	4
स्मौ	3	4
र्जिः	3	5
त्स्मि	3	6
ल्मैः	3	5
ङ्मौ	3	4
ण्ड्ले	3	6
क्त्वो	3	6
जॄ	3	2
ट्षु	3	4
ष्ट्र्याः	3	9
प्तुः	3	5
र्म्यो	3	6
श्र्वाः	3	7
न्गृ	3	4
त्स्थं	3	6
क्भ्यः	3	6
ब्ळी	3	4
ङ्खां	3	5
ष्षु	3	4
न्व्या	3	6
स्त्रिः	3	7
थ्व्य	3	5
क्न्दु	3	6
न्त्ते	3	6
ळ्प	3	3
ञ्छे	3	4
ट्तः	3	4
ग्यै	3	4
र्त्र्याः	3	9
म्श्लो	3	6
षॊ	3	2
य्ः	3	3
ञ्ज्ञैः	3	7
प्त्वं	3	6
ह्रीः	3	5
ष्णैः	3	5
भॄ	3	2
ङ्गोः	3	5
प्सुः	3	5
स्त्वो	3	6
क्ष्म्यां	3	9
क्स्व	3	5
ण्ट्म	3	5
ङ्क्तः	3	6
क्स्लेः	3	7
ङ्क्स्	3	6
म्सं	3	4
क्ष्णां	3	7
तौः	3	3
क्त्ं	3	5
ञ्क	3	3
र्व्यु	3	6
थ्यैः	3	5
ष्ण्वा	3	6
स्त्त्री	3	8
द्द्वे	3	6
ल्प्या	3	6
म्मः	3	4
क्क्रि	3	6
खिः	3	3
भ्मा	3	4
स्ंस्कृ	3	7
म्स्य	3	5
र्ज्याः	3	7
र्भ्या	3	6
ञ्जीं	3	5
ङ्मे	3	4
म्फः	3	4
श्श्लो	3	6
ध्व्याः	3	7
ङ्ग्कि	3	6
श्त्रे	3	6
म्तौ	3	4
भ्यॊ	3	4
न्लौ	3	4
ङ्क्त्याः	3	9
र्प्स्	3	6
भ्यौ	3	4
न्तॆ	3	4
यॊः	3	3
ल्लेः	3	5
द्सी	3	4
न्चः	3	4
त्माः	3	5
ग्ग्डे	3	6
र्पै	3	4
ङ्ग्रः	3	6
य़ाः	3	4
त्भू	3	4
ग्णो	3	4
तृः	3	3
म्य्य	3	5
स्यॆ	3	4
भॊ	3	2
धॆ	3	2
प्क्री	3	6
ट्ब्यु	3	6
ज्ज्ञैः	3	7
क्थ्यः	3	6
च्छ्रः	3	6
र्जाः	3	5
च्छॆ	3	4
ध्व्य	3	5
न्च्छि	3	6
क्लॆ	3	4
ल्फ़्रॆ	3	7
त्ग्र	3	5
र्थॊ	3	4
ह्यै	3	4
र्वोः	3	5
ब्द्यं	3	6
र्सः	3	4
म्न्यः	3	6
ळ्लि	3	4
हु्ल	3	4
द्ध्री	3	6
न्त्वं	3	6
ट्त्वे	3	6
ञ्च्यो	3	6
श्केः	3	5
ष्टाे	3	5
ग्गृ	3	4
स्टाः	3	5
चोः	3	3
श्य़	3	4
र्घ्यै	3	6
क्निु	3	5
यीः	3	3
त्स्नी	3	6
र्यंः	3	5
तंः	3	3
ङ्क्त्वा	3	8
ज्र्यो	3	6
ण्र्या	3	6
ऋः	3	2
प्र्स्था	3	8
ठिः	3	3
फॊ	3	2
क्तिे	3	5
न्सैः	3	5
न्क्नि	3	6
त्ज्मे	3	6
र्ण्डा	3	6
त्श्मै	3	6
स्शे	3	4
फ्टः	3	4
ढ़ा	3	2
ज्दी	2	4
द्प्रे	2	6
ग्ध्व	2	5
ग्भ्य	2	5
ङ्घ्र	2	5
ञ्श्र	2	5
त्स्त्र	2	7
द्द्व्य	2	7
न्क्र	2	5
न्क्ल	2	5
न्ग्ल	2	5
न्म्य	2	5
न्स्थ	2	5
न्स्म	2	5
श्व्य	2	5
भूूूू	2	5
ढ़ूँ	2	4
न्फ़्लि	2	7
त्ि	2	3
ण्मे	2	4
राें	2	4
ण्र	2	3
ीा	2	2
त्रोँ	2	5
क्कुँ	2	5
थ्नि	2	4
ख़्ते	2	5
क्क्म	2	5
ह्र्म	2	5
ल्ल्त	2	5
स्त्रौं	2	7
ष़ा	2	3
म्प्लै	2	6
त्त्ता	2	6
ङ़ा	2	3
ड्डें	2	5
क्ष्नौ	2	6
ज्मु	2	4
णोँ	2	3
म्भोँ	2	5
चोँ	2	3
च्चोँ	2	5
धोँ	2	3
व़ि	2	3
क्भ	2	3
क्र्वा	2	6
،	2	1
क़्ति	2	5
ट्स्मै	2	6
म्फ़ि	2	5
श्र्यो	2	6
स्ट्रों	2	7
ण़्ड	2	4
श्द	2	3
श्व्था	2	6
ॠं	2	2
स्प्यु	2	6
ग्ध्री	2	6
ध्वु	2	4
ब्श	2	3
श्तां	2	5
हा़	2	3
ट्वै	2	4
ऩ्ऱु	2	4
व्स्थि	2	6
छ्ठ	2	3
दे्खें	2	6
ढ़ाँ	2	4
ग्तो	2	4
र्टै	2	4
त्लिं	2	5
ड्ब्ल्यू	2	8
त्पाो	2	5
स्कूि	2	5
त्प्श्चा	2	8
ड्े	2	3
ता़	2	3
म्बें	2	5
ग्स्टो	2	6
स्गि	2	4
ड़्ते	2	5
य्यी	2	4
ल्ड़	2	4
व्म	2	3
डेै	2	3
जैैै	2	4
ट्याँ	2	5
द्ली	2	4
न्च्वां	2	7
त्त्यि	2	6
होंं	2	4
य्ची	2	4
ख्यें	2	5
न्ग्सु	2	6
क्गुं	2	5
म्यों	2	5
ल्युं	2	5
म्गां	2	5
स्त्राी	2	7
ल्ल्व	2	5
ड्स्ट्री	2	8
न्त्सो	2	6
र्ध्यों	2	7
श़ि	2	3
ग्त्ज़े	2	7
ग्शु	2	4
क्झी	2	4
ग्स्या	2	6
ख्दू	2	4
र्ंग	2	4
थ़ि	2	3
ध्ग	2	3
र्त्तें	2	7
क्र्र	2	5
त्फी	2	4
र्ग्रि	2	6
द्मै	2	4
य्कु	2	4
ल्तें	2	5
न्डें	2	5
ब्हीं	2	5
र्ञ	2	3
ट्र्स्ट	2	7
छ्ठी	2	4
ल्ड्रें	2	7
प्ग	2	3
रुु	2	3
त्श्रे	2	6
र्स्के	2	6
त्स्का	2	6
श्क़ा	2	5
त्ज़ु	2	5
म्शी	2	4
न्त्ज़	2	6
ड्मै	2	4
श्रें	2	5
च्नो	2	4
ज्विं	2	5
श्व्या	2	6
फ्ज़ा	2	5
ों	2	2
ल्चों	2	5
कैे	2	3
वाा	2	3
न्झौ	2	4
र्घ्न	2	5
र्व्ड	2	5
ळों	2	3
हाँं	2	4
क्स्फ़	2	6
ल्डै	2	4
त्जू	2	4
त्सैं	2	5
ज्स्व	2	5
आंँ	2	3
दुा	2	3
प्स्नि	2	6
ल्स्ते	2	6
स्थ्रो	2	6
स्क्फ़	2	6
ब्ब्स	2	5
क्यें	2	5
न्फ़ा	2	5
र्स्त	2	5
न्स्ट्रे	2	8
खु़	2	3
य्क्ति	2	6
ऩ्डि	2	4
ब्ग	2	3
भुु	2	3
र्स्पो	2	6
स्प्लें	2	7
क्स्यू	2	6
¬	2	1
¹	2	1
न्कें	2	5
ण्रा	2	4
है़	2	3
फ़्ज़ों	2	7
छ्ता	2	4
धाा	2	3
ज्तो	2	4
र्थ्र	2	5
शंं	2	3
र्षोँ	2	5
क्ट्रौ	2	6
स्त्ले	2	6
र्त्ज़	2	6
र्ध्	2	4
ट्ट्टु	2	6
ज़्हा	2	5
नैै	2	3
ट्जि	2	4
काी	2	3
कऺ	2	2
श्पा	2	4
भ्यों	2	5
न्दीः	2	5
य्वी	2	4
व्खा	2	4
र्ज्ल	2	5
स्र्ण	2	5
क्जां	2	5
कंा	2	3
क्गो	2	4
छ्डी	2	4
ड्श्रे	2	6
श्क्ति	2	6
र्क्ट	2	5
व़्	2	3
पो्	2	3
पाॉ	2	3
र्ज़ु	2	5
ल्रॉ	2	4
क्दू	2	4
ख़्त्री	2	7
जिँ	2	3
फ़्टा	2	5
न्लैं	2	5
ब्स्ब	2	5
घौं	2	3
ण्द्र	2	5
ल्त्रा	2	6
ट्स्न	2	5
ल्म्टॉ	2	6
अंा	2	3
म्र्य	2	5
द़ृ	2	3
फ़्ट्वे	2	7
स्डै	2	4
ड्मो	2	4
फ्फ्री	2	6
स्था्	2	5
र्ष्टी	2	6
र्ख़े	2	5
श्मै	2	4
न्न्ध्यि	2	8
मंे	2	3
ग्ठ	2	3
र्छी	2	4
ड़्यां	2	6
रीँ	2	3
त्तॉ	2	4
श्पृ	2	4
ई़	2	2
श्हा	2	4
क्स्त्रा	2	8
1ः	2	2
ल्द्ने	2	6
व्घि	2	4
फ़्को	2	5
त्र्स	2	5
ब्स्ट्रै	2	8
येंं	2	4
स्चें	2	5
प्र्क	2	5
स्ट्में	2	7
द्द्ति	2	6
ज़्ने	2	5
स्फ़ि	2	5
द्व्रा	2	6
क्ष्त्रों	2	9
न्भू	2	4
ब्ति	2	4
ष्ण्न	2	5
क्क्ल	2	5
झ्से	2	4
ऊँँ	2	3
गेे	2	3
स्क्जों	2	7
अों	2	3
च्हैं	2	5
य्क्क	2	5
ह्मों	2	5
श्ब्दो	2	6
क्फा	2	4
ज़्जा	2	5
डे़ं	2	4
श्पु	2	4
स्व्तं	2	6
द्ध़	2	4
मॊं	2	3
लॆं	2	3
लॊं	2	3
न्ढौ	2	4
।ं	2	2
ढो़	2	3
प़े	2	3
स्र्ष	2	5
ण्ना	2	4
सुुं	2	4
व्था	2	4
खुुु	2	4
थ्द्य	2	5
फॉँ	2	3
शु्रि	2	5
ज्ज़ी	2	5
प्ला्	2	5
स्व्र्ण	2	7
म्मेे	2	5
यु़	2	3
थे़	2	3
℅	2	1
द्गै	2	4
ड्डं	2	4
म्र्	2	4
र्जा़	2	5
हूू	2	3
न्बू	2	4
व्ह्सु	2	6
ग॓	2	2
मे॓	2	3
भ्य्ता	2	6
की॑	2	3
व्जे	2	4
क्हा	2	4
ल्ब्र	2	5
र्क्ड्यू	2	8
स्वैं	2	5
ज्ा	2	3
ह़ा	2	3
भी़	2	3
भ़ा	2	3
पंा	2	3
न्ग्यू	2	6
ड्र्स	2	5
क्फ़	2	4
म्ज्य	2	5
हॉँ	2	3
स्त्राँ	2	7
ट्सों	2	5
न्द्ले	2	6
टॅॅ	2	3
श्चोः	2	5
ण्से	2	4
खि़	2	3
ड्ट्ल	2	5
ल्डॉ	2	4
तॖ	2	2
ष्ष्ण	2	5
ध्ब	2	3
पॆं	2	3
न्नॆ	2	4
द्फ्रे	2	6
त्त्फ़ा	2	7
ब्वाॅ	2	5
ह्ह	2	3
गोंं	2	4
ल्खि	2	4
ल्ख़ि	2	5
डाे	2	3
स्फाे	2	5
ल्तं	2	4
ट्क्क	2	5
ब्ब्ल	2	5
फ़्सो	2	5
न्द्ग्रे	2	8
र्ल्सो	2	6
न्ग्ह	2	5
ल्य्म्पि	2	8
र्क्तो	2	6
क्हो	2	4
द्याो	2	5
ग्ल्स	2	5
र्क्ड	2	5
घ्घा	2	4
क्म्यु	2	6
र्ग्ग	2	5
၊	2	1
द्ध्यं	2	6
स्त्वें	2	7
हेैं	2	4
रंि	2	3
ग॔	2	2
द्चु	2	4
कि़	2	3
स्क्लि	2	6
ज्ज्न	2	5
क्स्श	2	5
र्ख़ि	2	5
च्ा	2	3
व॑	2	2
🌺	2	1
प्टाॅ	2	5
र्लौ	2	4
व्स्क्य	2	7
क्याें	2	6
क्स्मि	2	6
ग्हो	2	4
ल्वैं	2	5
र्द्धी	2	6
र्ण्तः	2	6
ण्डें	2	5
प्दी	2	4
द्दॅ	2	4
से़	2	3
न्क्ति	2	6
ट्यों	2	5
गी़	2	3
च्र्छा	2	6
ग्स्ट्र	2	7
द्य़ो	2	5
उ़	2	2
र्ग्यो	2	6
र्षाें	2	6
र्ताें	2	6
त्ज्के	2	6
क्ष्रा	2	6
ब्ल्ड	2	5
न्घे	2	4
क्षेे	2	5
क्ष्वां	2	7
भ्मि	2	4
नींं	2	4
न्द्र्गु	2	8
क्स्ट्रै	2	8
व्चे	2	4
न्द्कु	2	6
क्ल्यू	2	6
गु़	2	3
₃	2	1
तृ्ती	2	5
कृ्ति	2	5
ग्यि	2	4
छूं	2	3
पूँँ	2	4
भ्भा	2	4
दु्ष्य	2	6
दे्श्य	2	6
स्त्र्यिों	2	10
ट्कों	2	5
ट्य़	2	4
त्स्ज़	2	6
र्न्ह	2	5
थ़ॉ	2	3
क्श्य	2	5
न्स्क्र्ति	2	10
छ्हि	2	4
फ्दो	2	4
र्वेे	2	5
भॉं	2	3
ल्जं	2	4
ग्स्टि	2	6
स़ि	2	3
स़ें	2	4
य्ड्स	2	5
क्व्लि	2	6
म्प्त	2	5
फ्ऱैि	2	5
ण्ग	2	3
ङ्ये	2	4
ङ्यो	2	4
र्ज्वा	2	6
र्लाॅ	2	5
व्रॉ	2	4
र्त्थ	2	5
द्द्ये	2	6
र्रें	2	5
द्राे	2	5
म्मिं	2	5
ल्ब्यू	2	6
लो्	2	3
की्	2	3
۔	2	1
ब्शि	2	4
ल्र्स्ट	2	7
त्पे्र	2	6
न्स्व्त	2	7
ज्टा	2	4
एा	2	2
रेाे	2	4
र्फ़ा	2	5
ट़	2	2
साां	2	4
हंं	2	3
पूूू	2	4
त्व्पू	2	6
द्से	2	4
छ्यु	2	4
र्त्रि	2	6
तुु	2	3
ग्डी	2	4
नीँ	2	3
सोे	2	3
ण्टिं	2	5
क्ष्ह	2	5
ड्र्यु	2	6
न्स्वि	2	6
र्फ्लॉ	2	6
र्ज़ू	2	5
च्छ्ता	2	6
त्ध्दृ	2	6
ग्बिं	2	5
स्च्यो	2	6
क्षुु	2	5
ग्लः	2	4
प्ं	2	3
फ़ाँ	2	4
.ा	2	2
द्मों	2	5
फ्ऱै	2	4
ट्किं	2	5
स्ब्रा	2	6
ज्बी	2	4
ह्वॉ	2	4
र्ल्ज़	2	6
स्वें	2	5
फ़्स्की	2	7
स्स्का	2	6
ट्वॉ	2	4
जोे	2	3
ढ़ँ	2	3
ब्सू	2	4
ध्नं	2	4
र्क्ला	2	6
स्त्तो	2	6
र्रं	2	4
र्क्का	2	6
न्र्स	2	5
ल्वु	2	4
झॅं	2	3
दे॒	2	3
र्स्ची	2	6
न्सैं	2	5
व्रां	2	5
प्थो	2	4
ड्फू	2	4
केि	2	3
र्म्मि	2	6
न्द्र्ज़े	2	9
ट्ते	2	4
साी	2	3
म्गी	2	4
र्पिं	2	5
ण्न	2	3
प्थॉ	2	4
द्र्त	2	5
स्थ्ता	2	6
ड़ॅ	2	3
शोँ	2	3
त्व्या	2	6
पू्	2	3
व्ब	2	3
ख़्दू	2	5
ष्र्णे	2	6
सूूू	2	4
ड़्कों	2	6
ह़	2	2
र्ख़	2	4
ब्ल्स	2	5
थ्मों	2	5
न्ट्ज	2	5
ब्यों	2	5
सेंं	2	4
घ्स	2	3
न्नैं	2	5
त्राँ	2	5
स्म्व	2	5
ट्पि	2	4
श्व्	2	4
म्ब्रां	2	7
फ़्या	2	5
त्हू	2	4
प्प्णी	2	6
मुुुु	2	5
त्युंं	2	6
ल्घ	2	3
फो़	2	3
स्र्टे	2	6
रोें	2	4
र्द्धों	2	7
व्में	2	5
च्क्स	2	5
र्त्शा	2	6
क़ाें	2	5
ल्याें	2	6
जाें	2	4
त्द्स्ज्य्कि	2	12
चुु	2	3
न्चिं	2	5
ल्फें	2	5
स्ज़े	2	5
क्डे	2	4
न्ट्यू	2	6
क्ष्णि	2	6
ट्र्क	2	5
त्रोंं	2	6
ज्ंय	2	4
ब्यें	2	5
दी्	2	3
क्ष्ल	2	5
स्थ्क	2	5
र्ड्र	2	5
ध्र्वा	2	6
मेंँ	2	4
लाी	2	3
सेें	2	4
स्खों	2	5
हूः	2	3
ट्र्ज	2	5
ह्यि	2	4
न्घु	2	4
‛	2	1
कुुुु	2	5
ख्त्री	2	6
य्ज़	2	4
ज़्ज	2	4
ग्के	2	4
ट्ट्म्	2	6
धि्	2	3
है्	2	3
च्च्त	2	5
क्त्म्	2	6
भ्र्र	2	5
हंू	2	3
प्र्रा	2	6
खिि	2	3
चुुु	2	4
केो	2	3
र्स्ट्रो	2	8
र्र्य	2	5
ख्वे	2	4
ध्य्म	2	5
म्थो	2	4
ग्स्बु	2	6
र्हिं	2	5
ग्गों	2	5
ह्क	2	3
व्बि	2	4
सु्न्द	2	6
ल्त्ता	2	6
ष्ठ्त	2	5
न्हीँ	2	5
，	2	1
न्स्पै	2	6
र्ल्द	2	5
न्ल्य	2	5
ष्ट्यि	2	6
स्थिी	2	5
कंं	2	3
ध्ति	2	4
ण्के	2	4
स्क्रौ	2	6
न्द्न	2	5
म्स्फो	2	6
क़ृ	2	3
श्युं	2	5
ड्लू	2	4
प्प्य	2	5
ष्ट्र्मं	2	8
कु्छ	2	4
त्घ	2	3
ष्टू	2	4
न्क्लो	2	6
न्वृ	2	4
गु्रु	2	5
च्च्ग	2	5
द्क्ष	2	5
व्नि	2	4
ब्मे	2	4
जा॓	2	3
हा॓	2	3
प्प्ला	2	6
व्स्ट	2	5
र्ज्यां	2	7
ह्ठ	2	3
ण्जि	2	4
ण्ट्वी	2	6
र्फ्लो	2	6
फ्को	2	4
ढ़्ती	2	5
त्ज्को	2	6
न्ड्रै	2	6
र्घ्यो	2	6
च्नी	2	4
ऱ्ऱ्	2	4
ऱिं	2	3
ड़िं	2	4
न्ह्	2	4
हेंं	2	4
त्ग्लि	2	6
ल्स्ति	2	6
क्स्रे	2	6
म्ल्ला	2	6
नुू	2	3
ह्णि	2	4
द्धॉ	2	4
फ्शा	2	4
क्ज़ि	2	5
।ी	2	2
रेा	2	3
वु्र	2	4
द्कु	2	4
र्भ्यां	2	7
द्भ्व	2	5
र्न्ति	2	6
र्घ्र	2	5
प्र्दे	2	6
ण्ता	2	4
एिं	2	3
श्लें	2	5
ल्कॅ	2	4
ग्श्या	2	6
श्विा	2	5
ध्पि	2	4
ट्जी	2	4
य्दि	2	4
च्वे	2	4
क्डॉ	2	4
र्न्हे	2	6
प्ट्रा	2	6
ण्गो	2	4
थ्गो	2	4
ग्घे	2	4
जु्द	2	4
र्थू	2	4
स्ल्त	2	5
श्लू	2	4
य्नै	2	4
र्व्श्रे	2	8
दृा	2	3
प॒	2	2
ल्ड्ग्रा	2	8
ज़्ह	2	4
ग्ङं	2	4
मंि	2	3
न्वॉ	2	4
त्राा	2	5
व्टा	2	4
वे़	2	3
ट्वां	2	5
न्ख्वा	2	6
स्त्था	2	6
व्स्को	2	6
ज्ऱ	2	3
फ्ज्ल	2	5
ल्ल्ल््ला	2	9
ल््य्ही	2	7
व्स्ल्ल्म	2	9
ढ़्	2	3
म़्	2	3
ब्ल्	2	4
ठ़	2	2
य्हु	2	4
म्म्म	2	5
म्ह्	2	4
ग्दू	2	4
ष़ु	2	3
म्भ्	2	4
श्ट्र	2	5
स्ट्रौं	2	7
ल्झी	2	4
थ्रां	2	5
ल्फू	2	4
व्जी	2	4
ड़्के	2	5
त्त्रु	2	6
स्ह्वा	2	6
द्ल्या	2	6
दृं	2	3
ब्स्क्यो	2	8
ह्य्पो	2	6
क्ष्ते	2	6
प्तें	2	5
ब्की	2	4
श्फा	2	4
प्पों	2	5
श्णि	2	4
ग्घू	2	4
ग्घु	2	4
आंं	2	3
ट्योः	2	5
र्ट्फो	2	6
स्व्यं	2	6
स्त्त्व	2	7
ड्ढ़े	2	5
ग्झू	2	4
गु्ण	2	4
त्र्व	2	5
य्त्ज़ा	2	7
थ्मो	2	4
क्स्फा	2	6
ड्लो	2	4
ज़्हि	2	5
ज्कु	2	4
म्माँ	2	5
प्त्यैः	2	7
स्जं	2	4
ज्ज्ा	2	5
र्ग्गा	2	6
ऱं	2	2
थ्ा	2	3
ध्न्या	2	6
र्त्तै	2	6
र्न्का	2	6
र्ण्व	2	5
ॐे	2	2
र्स्ने	2	6
र्ंसे	2	5
र्ंगि	2	5
र्स्थ्य	2	7
र्म्णे	2	6
न्त्सू	2	6
र्ध्ये	2	6
र्न्ते	2	6
ट्ष्प	2	5
त्र्याा	2	7
ल्लें	2	5
उि	2	2
ग्लैँ	2	5
क्श्रो	2	6
त्सीः	2	5
छ्म	2	3
स्वू	2	4
षाी	2	3
त॔	2	2
मिॅ	2	3
फ़्सी	2	5
ष्तु	2	4
थ॓	2	2
ल्स्पा	2	6
ड्वं	2	4
स्प्लां	2	7
श्शां	2	5
स्जे	2	4
च्ट्स	2	5
र्ड़े	2	5
र्हू	2	4
ग्यी	2	4
क्ध	2	3
क्खं	2	4
न्फ़ॉ	2	5
म्नॉ	2	4
स्र्	2	4
झ्झ	2	3
र्ंक	2	4
र्ंध	2	4
#ं	2	2
श्रेे	2	5
ब्स्ट्रे	2	8
न्स्फो	2	6
च्शे	2	4
र्युं	2	5
#े	2	2
घ्घी	2	4
झुँ	2	3
न्ध्रो	2	6
त्तें	2	5
फे्र	2	4
ज्बू	2	4
ब्सु	2	4
थोंी	2	4
खंी	2	3
र्श्वो	2	6
झींे	2	4
स्ट्टि	2	6
र्च्ड	2	5
·ा	2	2
ल्बं	2	4
च्चेः	2	5
ड़्ी	2	4
ञ़	2	2
त्य्य	2	5
ख्ख्न	2	5
र्न्न	2	5
श्स्त्र	2	7
ग्रंं	2	5
क्झॅं	2	5
ण्ग्म	2	5
हेेे	2	4
न्ट्जे	2	6
व्हाॅ	2	5
झ्हे	2	4
म्ह्ट	2	5
स्पॅं	2	5
ह्म्स	2	5
न्शिं	2	5
न्स्ट्	2	6
ग्झे	2	4
फ्फ्रो	2	6
न्लॉॅं	2	6
स्झ्को	2	6
ट्व्हि	2	6
ड्व्हे	2	6
जोॅं	2	4
ग्डु	2	4
र्झै	2	4
स्झि	2	4
व्ह्ना	2	6
झ्गे	2	4
ल्ब्ला	2	6
व्ह्रा	2	6
र्क्ने	2	6
त्सें	2	5
त्झो	2	4
र्स्वे	2	6
श्र्चं	2	6
ऱ्याी	2	5
ओॅं	2	3
द्दीं	2	5
रा़्	2	4
प़ौ	2	3
ळ्ल्या	2	6
यंं	2	3
न्त्ब	2	5
सु़	2	3
द्मां	2	5
र्द्यौ	2	6
त्त्यं	2	6
नेु	2	3
सू्र्य	2	6
र्यॊ	2	4
सू्र्या	2	7
मॅँ	2	3
स्ट्र्क्श	2	9
ह्ळू	2	4
र्फां	2	5
र्ऱ्हा	2	6
ळ्वं	2	4
व्ह्ज्	2	6
द्ती	2	4
त्त्कृ	2	6
श्ाी	2	4
व्ह्ंशी	2	7
ढ्वि	2	4
ख्मि	2	4
फ॔	2	2
द्यें	2	5
च्य्हा	2	6
स्कॉं	2	5
मुंं	2	4
व्ह्ला	2	6
र्लॅं	2	5
पूृ	2	3
भ्रूं	2	5
ग्नीं	2	5
ट्ट्ल	2	5
य्ज	2	3
र्ड्यां	2	7
ल्यॉॅं	2	6
श्पे	2	4
ल्ह्	2	4
जांं	2	4
भेा	2	3
धी़	2	3
न्शं	2	4
त्ब्लि	2	6
व्ह्सि	2	6
म्बॅं	2	5
व्तो	2	4
ट्ट्स	2	5
ख्से	2	4
न्क्षे	2	6
ॄ	2	1
ॉ	2	1
च्य्या	2	6
न्फ्ल्यु	2	8
ॲँ	2	2
न्डॅ	2	4
म्लें	2	5
म्रां	2	5
स्थ़	2	4
न्स्झू	2	6
र्न्डे	2	6
झ्के	2	4
ल्सू	2	4
तिी	2	3
क्क्य़ां	2	8
वॉॅं	2	4
ग्ग्ज	2	5
ऱ्यु	2	4
ब्लँ	2	4
स्मुं	2	5
द्स्यां	2	7
ळ्तो	2	4
म्ब्रॅ	2	6
न्ट्चा	2	6
त्क़्रु	2	7
द्चे	2	4
ल्ह्या्	2	7
चाे	2	3
भूू	2	3
र्ट्या	2	6
रू्द्ध	2	6
ट्ण	2	3
ह्ळु	2	4
म॔	2	2
बॉॅं	2	4
छ्छो	2	4
श्द्ब्चि	2	8
य्स्द्व्	2	8
य्व्बे	2	6
य्व्ब्	2	6
व्य्ब्व्यो	2	10
द्ब्	2	4
स्द्य्ब्	2	8
य्स्ब्द्यु	2	10
स्य्द्ब्स्यु	2	12
द्ब्यि	2	6
य्ब्स्ल्द्क्व्ब्स्	2	18
द्ब्य्स्ब्द्ब्स्द्य्	2	20
ब्य्स्द्ब्	2	10
य्स्ब्य्व्ब्	2	12
स्द्ब्वो	2	8
स्ब्	2	4
नॉॅं	2	4
प्र्मु	2	6
प्र्वा	2	6
ां	2	2
ळ्ख	2	3
स्फ़ु	2	5
मू्र्ति	2	7
ळ्सु	2	4
झ्वी	2	4
ह्व्या	2	6
पांं	2	4
सुंं	2	4
न्टीं	2	5
गीँ	2	3
म्यॉं	2	5
म्यूॅं	2	6
खेेेे	2	5
ळ्हा	2	4
धि़	2	3
त्त्त्वे	2	8
व्ज्ञा	2	6
रूॅं	2	4
न्कू	2	4
झ्य	2	3
फ्लँ	2	4
👇	2	1
ब्द्	2	4
र्ल्यां	2	7
स्यॉं	2	5
य्रां	2	5
ल्ग्री	2	6
ग्ब्ड	2	5
ट्यॉ	2	4
ट्टुं	2	5
ड्णा	2	4
णा्	2	3
स्पॉं	2	5
म्सः	2	4
द्न्त	2	5
फ्स्की	2	6
ऱ्ऱ्या	2	6
गाी	2	3
⟶	2	1
र्र्डि	2	6
ल्स्टी	2	6
र्सीं	2	5
ल्न्स	2	5
व्ह्ज़	2	6
न्न्स	2	5
र्शॅ	2	4
श्ट्यां	2	7
ज्च्या	2	6
स्वँ	2	4
क्नाॅ	2	5
न्हः	2	4
र्ह्ये	2	6
ल्याे	2	5
क्ल्स	2	5
ढ्ण्या	2	6
र्ट्स्म	2	7
णा़	2	3
स्बॉ	2	4
त्झु	2	4
ह्ल्या	2	6
ल्वां	2	5
च्क्या	2	6
०्	2	2
तृ्त्वा	2	7
ध्येे	2	5
क्स्च	2	5
न्टॅ	2	4
स्ड्र्रे	2	8
ष्ठ्भा	2	6
दृृ	2	3
श्मु	2	4
जऻ	2	2
क्स्पा	2	6
र्श्रुं	2	7
िं	2	2
ट्रेि	2	5
ख्खू	2	4
लूॅं	2	4
स्तॉं	2	5
पृु	2	3
झ्बे	2	4
स्र्र	2	5
व्य़ा	2	5
न्यॉं	2	5
शि्	2	3
ख्त्या	2	6
स्ग्रो	2	6
हीॅं	2	4
ह्र्स	2	5
ध्यू	2	4
न्व्हिं	2	7
ओो	2	2
म्स्टी	2	6
ह्ण्या	2	6
स्तॅं	2	5
ग्ऱ्यां	2	7
श्ट्या	2	6
किॅं	2	4
डिॅं	2	4
व्हॅा	2	5
न्स्वा	2	6
र्झो	2	4
ठ्ठ्प	2	5
श्ब्दा	2	6
स्रॉ	2	4
म्डो	2	4
स्डॉ	2	4
झ्वि	2	4
क्स्झां	2	7
व्दै	2	4
ट्रुं	2	5
ट्झी	2	4
झ्टा	2	4
व्ह्र	2	5
न्ट्झ	2	5
ल्च्यू	2	6
ळ्स	2	3
च्ति	2	4
क्दी	2	4
च्शि	2	4
उंं	2	3
छ्शि	2	4
ह्बं	2	4
द्र्सा	2	6
द्त्	2	4
ड्डिं	2	5
ट्ट्ली	2	6
स्ट्रं	2	6
प्ल्यु	2	6
न्थाॅ	2	5
स्ंद	2	4
फ्झा	2	4
र्षॅं	2	5
न्चॉ	2	4
र्त्कृ	2	6
र्णें	2	5
उु	2	2
प्य्या	2	6
त्त्री	2	6
य़ि	2	3
वि्	2	3
र्क्को	2	6
द्ज़े	2	5
द्झे	2	4
म्रिं	2	5
ऱ्या्	2	5
यु्क्त्या	2	9
इि	2	2
ल्ह्यं	2	6
थ्ला	2	4
न्ड्राॅ	2	7
मॅॅ	2	3
न्झ्यू	2	6
च्यि	2	4
ल्ल्क	2	5
ष्रु	2	4
घ्ला	2	4
पै़	2	3
क्लॅा	2	5
झ्ला	2	4
झ्यो	2	4
अी	2	2
व्ह्ट	2	5
ग्वु	2	4
दा़	2	3
न्साॅ	2	5
क्र्यु	2	6
स्न्स्ट	2	7
ध्वृ	2	4
प्टॅं	2	5
म्स्का	2	6
ॲे	2	2
ष्पौ	2	4
झ्रे	2	4
झा्	2	3
णांं	2	4
फ्लाँ	2	5
श्र्य्रॉ	2	8
र्लँ	2	4
र्ऱ्या	2	6
ड़्म	2	4
त्झिं	2	5
द्बै	2	4
त्य्व	2	5
ल्व्हें	2	7
र्वॊ	2	4
‒	2	1
आौ	2	2
	2	1
श्व्र	2	5
ग्मुं	2	5
नुा	2	3
च्श	2	3
योो	2	3
प्चि	2	4
ख्छौँ	2	5
र्यौं	2	5
च्थे	2	4
र्टीे	2	5
र्ूवा	2	5
र्ेक	2	4
क्थ्यौं	2	7
र्र्णो	2	6
ह्को	2	4
वेँ	2	3
ङ्झा	2	4
म्त्से	2	6
म्बृ	2	4
त्मां	2	5
ङ्चे	2	4
र्दैै	2	5
क्ष्य्य	2	7
म्झै	2	4
ल्खो	2	4
र्दिं	2	5
न्ड्रु	2	6
द्ड्रु	2	6
ब्प	2	3
म्छो	2	4
ठ्रि	2	4
ग्छो	2	4
ट्हो	2	4
म्हाँ	2	5
फेँ	2	3
कुँँ	2	4
त्हे	2	4
पीँ	2	3
च्तै	2	4
चाी	2	3
ढ्छु	2	4
गेेेेेेेे	2	9
रौँँ	2	4
ज्छु	2	4
प्बा	2	4
ङ्ब	2	3
ङ्किा	2	5
ष्लि	2	4
व्ङ्ग्य	2	7
ष्टिू	2	5
श्पो	2	4
स्फ्	2	4
र्स्रो	2	6
म्डी	2	4
च्य्ङ	2	5
ङ्ग्सिं	2	7
ग्सिं	2	5
त््	2	3
मी्	2	3
+ि	2	2
+ू	2	2
ल्टाँ	2	5
द्छे	2	4
च्छ्न	2	5
स्येँ	2	5
ल्यौँ	2	5
ङ्टि	2	4
र्ठ	2	3
र्द्घ	2	5
डाैं	2	4
भ्स्क	2	5
फ्नाे	2	5
ठाे	2	3
त्याे	2	5
स्काे	2	5
क्रिँ	2	5
व्धि	2	4
र्त्ज	2	5
द्लु	2	4
र्यौँ	2	5
ल्डां	2	5
र्ग्द	2	5
र्र्स	2	5
प्प्रे	2	6
ह्हा	2	4
ष्नी	2	4
ल्ह्वः	2	6
भ्नु	2	4
पिू	2	3
ण्िा	2	4
च्छ्यूँ	2	7
बैें	2	4
ण्डाँ	2	5
न्डौं	2	5
ने्	2	3
र्बौ	2	4
षौँ	2	3
त्तैँ	2	5
द्हा	2	4
र्द्छ्न	2	7
क्क्ति	2	6
ल्र्	2	4
न्डाँ	2	5
न्छ्नी	2	6
क्छ्	2	4
ल्ज्	2	4
र्ख्या	2	6
ण्धा	2	4
ङ्जी	2	4
यिा	2	3
फ्हि	2	4
त्थ्यो	2	6
र्दाः	2	5
स्ट्को	2	6
गु्र	2	4
न्थ्ली	2	6
ग्छौं	2	5
ष्टा्	2	5
र्नुृ	2	5
स्ः	2	3
र्र्छ	2	5
	2	1
ल्चू	2	4
ज्ही	2	4
ख्छे	2	4
क्क्रो	2	6
फ्रेँ	2	5
ङ्री	2	4
चैँ	2	3
त्त्व्पू	2	8
र्शा्	2	5
ल्स्था	2	6
ड्क्यौ	2	6
घँु	2	3
डौंँ	2	4
ध्नै	2	4
ङ्वो	2	4
क्कीं	2	5
०ः	2	2
क्यौँ	2	5
र्ब्बा	2	6
झ्छौं	2	5
·ो	2	2
ल्रि्	2	5
ल्ङी	2	4
ड्पि	2	4
र्ल्ही	2	6
न्पी	2	4
दु्वा	2	5
हाि	2	3
ढेँ	2	3
ह्रुँ	2	5
झ्े	2	3
ङ्ग्जा	2	6
प्ज	2	3
ज्रु	2	4
स्र्यु	2	6
ङ्रो	2	4
ढु्रै	2	5
निे	2	3
पौँ	2	3
च्वाँ	2	5
न्दँ	2	4
स्रँ	2	4
न्टौं	2	5
ल्ज्ञ	2	5
·ी	2	2
ङ्डो	2	4
न्ह्य	2	5
ष्र्णा	2	6
छ्न्दो	2	6
ण्डैं	2	5
क्नै	2	4
फ्ठ्या	2	6
न्ज्यु	2	6
औंँ	2	3
क्वँ	2	4
र्ङि	2	4
न्छ्यौ	2	6
द्द्द	2	5
ङ्शी	2	4
र्याँ	2	5
र्छू	2	4
ट्थे	2	4
च्नै	2	4
गाै	2	3
र्छ्न	2	5
क्छ्न्	2	6
ग्यँ	2	4
स््द	2	4
ईै	2	2
तिे	2	3
हृो	2	3
ष्ट्रीः	2	7
तिँ	2	3
स्गी	2	4
म्ा	2	3
न्ण	2	3
र्द्थे	2	6
न्ी	2	3
।ि	2	2
संै	2	3
र्स्टृ	2	6
ष्री	2	4
नेृ	2	3
य्ला	2	4
न्क्लि	2	6
न्द्धि	2	6
अैँ	2	3
त्श्र	2	5
ल्े	2	3
न्थ्यौं	2	7
ण्ब	2	3
प्रँ	2	4
म्रँ	2	4
क्ष्ा	2	5
ल्ग्या	2	6
इी	2	2
ष्ल	2	3
लँु	2	3
प्भो	2	4
स्न्था	2	6
ग्ग्रा	2	6
ठ्ब	2	3
ङ्ग्बा	2	6
द्ता	2	4
छ्याँ	2	5
ग्ा	2	3
ज्ख्ब्	2	6
टॅु	2	3
ठिँ	2	3
ल्म्ब	2	5
न्र्	2	4
च्छ्युँ	2	7
आैँ	2	3
ष्त्रि	2	6
ख्टा	2	4
ब्स्टि	2	6
ल्साँ	2	5
सिँँ	2	4
र्खौँ	2	5
र्फै	2	4
च्की	2	4
ङ्दि	2	4
५ۛ	2	2
मि्	2	3
ङ्ग्नि	2	6
क्षँे	2	5
न्ट्र्या	2	8
ट्फि	2	4
काँै	2	4
र्म्र	2	5
ड्ड्रे	2	6
ल्ल्यो	2	6
ख्थें	2	5
ङ्फु	2	4
ड्ह	2	3
२ू	2	2
ठुु	2	3
पु्र्या	2	7
ल्स्त्य	2	7
ण्ने	2	4
ट्मौ	2	4
त्व्	2	4
र््िा	2	5
ङ्क्ले	2	6
काु	2	3
म्रुँ	2	5
⁠	2	1
छ्थ्यो	2	6
न्ेको	2	5
धिँ	2	3
ब्य्रा	2	6
थिां	2	4
भ्दै	2	4
श्र्रृ	2	6
न्त्सा	2	6
ष्ट्द्यु	2	8
ल्न्जि	2	6
स्ंग्र	2	6
स्ंक्र	2	6
त्ज्या	2	6
प्खा	2	4
श्ा	2	3
र्गँ	2	4
ग्ी	2	3
त्घा	2	4
म्म्भि	2	6
र्खै	2	4
न्खें	2	5
ङ्ज	2	3
म्खि	2	4
ङ्च्या	2	6
ङ्धा	2	4
म्ब्यु	2	6
आंै	2	3
”े	2	2
र्घौं	2	5
ड्चि	2	4
ङ्डा	2	4
गैा	2	3
डै्श्व	2	6
भे्ने	2	5
र्घ्वा	2	6
२ौं	2	3
को्	2	3
न्ढा	2	4
ईी	2	2
छ्न्मा	2	6
म्निा	2	5
ड्फो	2	4
ढ्नै	2	4
र्सँ	2	4
फ्नू	2	4
न्नौँ	2	5
म्कँ	2	4
र्रि्	2	5
वृ्क्ष	2	6
स्ठि	2	4
दृे	2	3
प्ट्रो	2	6
र्किँ	2	5
क्ि	2	3
०ि	2	2
म्चौ	2	4
र्या्	2	5
ड्छु	2	4
र्फ्प्र	2	7
दे्दै	2	5
त्स्तो	2	6
क्डा	2	4
झौ्	2	3
थि्	2	3
ज्बि	2	4
र्च्न	2	5
ग्लिँ	2	5
न्क्ड	2	5
ल्क्षे	2	6
ल्स्बी	2	6
पी्	2	3
न्ड्से	2	6
ण्ठौ	2	4
सो्	2	3
ज्रँ	2	4
तोा	2	3
न्त्र्ग	2	7
र्द्छि	2	6
स्ट्र्या	2	8
न्ट्जि	2	6
स्ख्या	2	6
प्रैं	2	5
क्ट्या	2	6
र्भ्यू	2	6
त्भी	2	4
ल्ट्भा	2	6
न्ज्स	2	5
र्याि	2	5
द्न्द्व	2	7
ध्छि	2	4
न्यौँ	2	5
ठ्त	2	3
ऱ्यौ	2	4
झ्यौ	2	4
ल्प्यौ	2	6
स्छा	2	4
हिे	2	3
व्ली	2	4
प्प्रो	2	6
न्क्चु	2	6
ढीे	2	3
पुा	2	3
चिँ	2	3
ङ्शि	2	4
र्दँ	2	4
ङ्ती	2	4
श्चिा	2	5
क्फो	2	4
प्तिा	2	5
ङ्गिँ	2	5
ड्पा	2	4
म्झौं	2	5
ब्स्टे	2	6
दिृ	2	3
ट्चि	2	4
प्यूँ	2	5
स्दो	2	4
ण्ट्र्	2	6
र्र्मी	2	6
भाै	2	3
ड्जो	2	4
थाै	2	3
खाै	2	3
राैँ	2	4
र््ट	2	4
र्मीः	2	5
च्ब	2	3
ष्ग	2	3
ङ्चि	2	4
न्पौ	2	4
राा	2	3
ब्ज्या	2	6
न्र्दि	2	6
.ि	2	2
न्द्र्का	2	8
ङ्ज्ञा	2	6
ट्घा	2	4
घ्द	2	3
म्गु	2	4
अौं	2	3
ल्थ्पो	2	6
न्क्स्	2	6
छ्डि	2	4
∛	2	1
ल्छ्न्	2	6
र्ब्रु	2	6
ब्गे	2	4
टृै	2	3
क्थू	2	4
म्वू	2	4
टाै	2	3
ङ्ख्र	2	5
ल्यौं	2	5
जाृ	2	3
ट्गु	2	4
स्द्वा	2	6
र्याे	2	5
ृृ	2	2
ल्ल्ङ्घ	2	7
ट्बाँ	2	5
म्प्सा	2	6
ल्भो	2	4
थ्र्था	2	6
त्न्यु	2	6
क्वौ	2	4
य्योः	2	5
ण्कोः	2	5
ञ्क्व	2	5
ब्धां	2	5
ग्र्यो	2	6
त्थाः	2	5
ञ्चौ	2	4
त्फि	2	4
स्वोः	2	5
क्स्प्र	2	7
क्फ्	2	4
ट्बि	2	4
र्ग्स	2	5
य्य्ये	2	6
प्त्ः	2	5
ञ्धि	2	4
प्ख	2	3
क्खाः	2	5
द्ष्ट्वा	2	8
त्य़ा	2	5
ट्सं	2	4
त्कैः	2	5
ङ्क्यां	2	7
च्छ्री	2	6
जूः	2	3
बि़	2	3
ङ्ग्गी	2	6
घ्वु	2	4
ल्ल्म	2	5
र््	2	3
द्ष्ट्या	2	8
प्त्योः	2	7
र्नाः	2	5
ङ्क्वो	2	6
ञ्लि	2	4
ज्ज्	2	4
द्न्ते	2	6
ट्ट्ः	2	5
न्खि	2	4
ङ्ग्फो	2	6
ळ्ज	2	3
ण्पा	2	4
ट्नां	2	5
ल्जेः	2	5
श्वेः	2	5
मौः	2	3
ट्कै	2	4
र्न्बि	2	6
द्क्र	2	5
ण्नि	2	4
ङ्ग्स्ट	2	7
ड्तः	2	4
ड्कः	2	4
ड्ग्ला	2	6
ड्ग्ले	2	6
स्कूं	2	5
त्रौः	2	5
त्त्यौ	2	6
ल्स्द्वी	2	8
र्ण्का	2	6
ब्प्र	2	5
ब्बाः	2	5
ण्ड्मि	2	6
ण्ड्र्यां	2	9
श्लुः	2	5
ङ्गुं	2	5
ष्ठ्यु	2	6
ड्यैः	2	5
ण्क्य	2	5
ग्मः	2	4
स्न्	2	4
बेः	2	3
त॑	2	2
ह्व्यो	2	6
म्शः	2	4
ज्सा	2	4
श्सै	2	4
प्र्का	2	6
ङ्गिः	2	5
ङ्ञ	2	3
श्म्या	2	6
ह्नाः	2	5
ट्क्	2	4
ड्क्ते	2	6
ह्ल्	2	4
श्र्ना	2	6
द्मू	2	4
च्छ्रो	2	6
र्क्षा	2	6
ड्ड्	2	4
न्द्ं	2	5
स्थेः	2	5
ष्हा	2	4
षाे	2	3
न्षी	2	4
ग्र्न्थ	2	7
र्द्ध्व	2	7
न्ल्से	2	6
ङ्कोः	2	5
ल्भ्यः	2	6
ज्ञ्यां	2	7
ष्ट्ः	2	5
श्टं	2	4
ष्क्	2	4
ल्य्न्	2	6
ड्ळ्से	2	6
ट्र्	2	4
त्र्स्य	2	7
फेः	2	3
फ़्ट्	2	5
त्ज्ञ	2	5
न्त्र्म्	2	8
ह्न्या	2	6
ण्तः	2	4
ङ्क्ल	2	5
र्न्व	2	5
ट्क्षे	2	6
न्स्वु	2	6
ङ्ग्के	2	6
ब्ल्यै	2	6
क्ज्ञा	2	6
ग्च्छा	2	6
स्ङ्गी	2	6
द्ति	2	4
र्म्ल्य	2	7
ध्स्व	2	5
स्द्य	2	5
ह्क्रि	2	6
ध्ज्य	2	5
श्त्रं	2	6
क्त्तं	2	6
र्त्तौ	2	6
श्रॄ	2	4
श्मेः	2	5
र्ण्ये	2	6
सॄः	2	3
ण्ड्वे	2	6
ष्मःः	2	5
क्स्वा	2	6
त्क्षु	2	6
क्त्ता	2	6
द्ध्त्या	2	8
ङ्ग्चा	2	6
क्ष्ण्या	2	8
म्भुं	2	5
द्षु	2	4
र्त्रै	2	6
∙	2	1
श्ळै	2	4
त्तॄ	2	4
प्धा	2	4
प्योः	2	5
त्स्पृ	2	6
र्थिः	2	5
र्त्थं	2	6
ध्दु	2	4
त्न्त्र्य	2	9
ङ्ग्णे	2	6
य्म्	2	4
ङ्ख्यै	2	6
ग्धै	2	4
ण्ड्यो	2	6
म्पूं	2	5
म्प्वा	2	6
द्म्प्रा	2	8
त्त्रं	2	6
ळ्याः	2	5
र्श्यं	2	6
स्कैः	2	5
ष्योः	2	5
ष्ट्र्यः	2	8
म्योः	2	5
र्प्	2	4
ङ्घौ	2	4
ग्प्र	2	5
क्ष्णै	2	6
ल्स्क्	2	6
ध्दैः	2	5
क्ष्णी	2	6
द्द्स्र	2	7
ङ्ग्भ	2	5
ख्खाः	2	5
ज्भ	2	3
फ्मा	2	4
ळ्गो	2	4
ट्ट्द	2	5
ब्गु	2	4
द्त्तः	2	6
र्थ्यौ	2	6
न्तु्	2	5
र्ट्ज़्	2	7
ड्ज्स	2	5
द्र्शी	2	6
ऴ्स	2	3
ऴ्सं	2	4
ड्गाः	2	5
ण्रु	2	4
न्न्त्य	2	7
म्गो	2	4
ढ्यै	2	4
ण्ड्रः	2	6
ढ्की	2	4
प्नैः	2	5
ह्त्क	2	5
स्ष्टं	2	6
ञ्च्ज	2	5
दुुः	2	4
ग्ग्मी	2	6
णोी	2	3
युे	2	3
किाू	2	4
ष्य्यि	2	6
गेः	2	3
र्षिो	2	5
र्ण्णा	2	6
प्तीः	2	5
न्हिः	2	5
म्शि	2	4
ख्डू	2	4
न्लू	2	4
र्ट्फ़	2	6
ङ्ग्ते	2	6
ङ्ग्कु	2	6
ह्ं	2	3
न्न्त्यं	2	8
न्न्ड	2	5
ह्त्	2	4
ज्रैः	2	5
ङ्णे	2	4
ह्स्र	2	5
ज्जूः	2	5
र्प्पु	2	6
ल्व्य	2	5
ळ्ग्रा	2	6
ङ्ग्गै	2	6
न्द्यु	2	6
र्णॊ	2	4
ज्क्रा	2	6
म्कः	2	4
ष्ट्टु	2	6
न्ड्दे	2	6
न्स्ट्न्	2	8
र्च्छां	2	7
ष्प्य	2	5
र्ल्य	2	5
प्र्य	2	5
क्ज्वा	2	6
क्क्री	2	6
त्न्	2	4
र्ह्या	2	6
ष्ट्म्	2	6
ल्लिः	2	5
र्ह्	2	4
न्द्वाः	2	7
ष्पाः	2	5
त्य्वा	2	6
न्म्रि	2	6
र्भूः	2	5
स्त्व्ये	2	8
प्लृ	2	4
र्पृ	2	4
त्स्मै	2	6
ध्वीं	2	5
र्थ्थं	2	6
केा	2	3
रो्	2	3
क्र्मः	2	6
क्ल्प	2	5
ङ्क्षः	2	6
द्त्ता	2	6
र्ष्टुं	2	7
द्ऱु	2	4
द्ध्म	2	5
श्रेाः	2	6
त्ली	2	4
ण्लु	2	4
प्थं	2	4
त्त्ति	2	6
न्ज्ञा	2	6
श्त्त	2	5
श्क्ताः	2	7
र्बृ	2	4
ड्सं	2	4
ल्क्ष्म्या	2	10
द्य्रं	2	6
छ्रा	2	4
र्च्चा	2	6
क्लाः	2	5
ष्ट्योः	2	7
ग्ल्	2	4
न्ब्रा	2	6
क्पू	2	4
र्त्र्य	2	7
ह्स्तं	2	6
श्क्ती	2	6
ह्स्तो	2	6
क्र्ता	2	6
क्द्वी	2	6
त्क्री	2	6
स्न्ति	2	6
ड्य्	2	4
ट्द्व	2	5
ट्दू	2	4
ट्गृ	2	4
स्स्त्व	2	7
स्ड्	2	4
प्त्न्याः	2	9
र्य्यां	2	7
प्ट्दे	2	6
स्भू	2	4
द्र्ष्ट्या	2	10
ब्बः	2	4
ट्न्नि	2	6
न्न्नि	2	6
ण्ठैः	2	5
स्थ्नां	2	7
स्म्ये	2	6
त्त्पा	2	6
प्र्स्फो	2	8
र्थ्ं	2	5
र्भैः	2	5
ब्द्र	2	5
ग्र्न्थिः	2	9
र्च्यः	2	6
ग्र्न्था	2	8
ण्य्को	2	6
षुं	2	3
त्दि	2	4
ह्नैः	2	5
ड्षु	2	4
ड़ीः	2	4
थ्व्योः	2	7
स्प्ये	2	6
र्त्तां	2	7
ग्धु	2	4
न्द्ः	2	5
ज्ञ्यं	2	6
म्फ्य	2	5
ण्ठिः	2	5
स्त्याः	2	7
ग्ः	2	3
ल्भः	2	4
ट्र्स्	2	6
च्है	2	4
क्क्टा	2	6
क्क्टो	2	6
ञं	2	2
लृं	2	3
न्थोः	2	5
व्र्षे	2	6
स्य्य	2	5
प्स्यू	2	6
ङ्ध	2	3
ञ्न	2	3
ह्णं	2	4
स्त्र्यु	2	8
म्प्यो	2	6
ङ्घु	2	4
श्स्तीः	2	7
ण्ट्लू	2	6
ब्ल्ल	2	5
क्ष्स्य	2	7
न्द्र्य	2	7
स्ट्टा	2	6
ज्ज्ं	2	5
ड्च्	2	4
ण्ड्ढ	2	5
ग्ट्ट	2	5
म्य़ा	2	5
म्बूः	2	5
य्टि	2	4
ङ्ण	2	3
र्व्का	2	6
क्ष्म्यं	2	8
ण्ज्यो	2	6
म्पुः	2	5
ग्न्यो	2	6
ड्लॆ	2	4
ड्रॆ	2	4
ब्ळॆ	2	4
वॆं	2	3
ळ्यू	2	4
च्य़	2	4
त्यृः	2	5
ल्ङ्का	2	6
ब्द्यो	2	6
श्हु	2	4
न्त्वी	2	6
ङ्क्तुं	2	7
र्त्तिः	2	7
ञ्च्याः	2	7
र्णेः	2	5
ड्ख्या	2	6
त्स्ने	2	6
द्ष्टा	2	6
ह्रूं	2	5
ह्रैं	2	5
ह्रः	2	4
ष्णुि	2	5
क्त्वां	2	7
ष्टैं	2	5
ड्भी	2	4
प्तिां	2	6
ड्ब्ल्यु	2	8
स्ंस्का	2	7
द्ध्रु	2	6
म्बिः	2	5
ङ्ख्यो	2	6
ष्ट्स्य	2	7
श्श्र	2	5
त्स्फा	2	6
ष्ण्प	2	5
ग्ध्ये	2	6
फ्लं	2	4
ज्रौ	2	4
ष्द्वा	2	6
प्पं	2	4
न्दिं	2	5
थीः	2	3
त्वॆ	2	4
ट्न्दे	2	6
र्ट्वि	2	6
न्जिः	2	5
ल्ब्	2	4
फ्म	2	3
र्ष्वे	2	6
म्त्फ़्तु	2	9
र्त्त्वा	2	8
न्र्द्म	2	7
ड्ढ्	2	4
म्स्क्	2	6
ष्प्याः	2	7
ज्सौ	2	4
ण्ड्ति	2	6
द्र्ता	2	6
न्त्र्मा	2	8
त्तुः	2	5
ल्प्यो	2	6
भ्मौ	2	4
ल्प्स्प	2	7
ङ्ख्	2	4
द्द्यु	2	6
न्र्या	2	6
र्न्स्	2	6
द्दिः	2	5
ङ्क्वे	2	6
श्र्मिः	2	7
स्भौ	2	4
क्ष्म्योः	2	9
र्स्प	2	5
ण्ड्से	2	6
न्ल्	2	4
स्स्न्	2	6
स्ट्न्	2	6
म्प्बे	2	6
श्ट्	2	4
ष्तृ	2	4
ळ्यं	2	4
म्लू	2	4
ळ्ळ्	2	4
भ्य्ः	2	5
स्थिं	2	5
न्द्स	2	5
ध्धः	2	4
ल्गः	2	4
श्दे	2	4
ड्जं	2	4
र्म्स्ट्रॉ	2	10
स्क्वो	2	6
ज्हो	2	4
त्स्रु	2	6
क्ष्म्यौ	2	8
र्घ्याः	2	7
प्ड्	2	4
व्नी	2	4
द्धॆ	2	4
न्तॊ	2	4
ष्ठ्वा	2	6
र्यॆ	2	4
ण्ड्र्रे	2	8
ङ्ग्न	2	5
द्र्कां	2	7
ण्बे	2	4
क्ख्	2	4
ल्त्रो	2	6
ब्स्टै	2	6
ल्प्लो	2	6
णाो	2	3
य्वि	2	4
ष्ट्यो	2	6
ङ्न्त	2	5
र्थ्यः	2	6
म्य्	2	4
क्ताे	2	5
बाै	2	3
स्त्रॆ	2	6
ट्कू	2	4
न्डः	2	4
व्स्टा	2	6
घ्रृ	2	4
त्वंं	2	5
स्य्व	2	5
ञ्ता	2	4
र्गृीा	2	6
(ः	2	2
(ा	2	2
ण्ट्प्र	2	7
न्द्नी	2	6
ना़	2	3
थ्ः	2	3
त्ख्य	2	5
र्श्ः	2	5
ल्ल्यु	2	6
च्छ्र्तेः	2	9
ङ्ग्यि	2	6
ष्ड्	2	4
ष्छ	2	3
र्द्वो	2	6
घ्र्ष	2	5
द्तु	2	4
त्छृ	2	4
न्ज्	2	4
र्त्र्या	2	8
द्ध्त्यां	2	9
त्ः	2	3
ल्स्या	2	6
त्व्याः	2	7
ह्ज	2	3
स्य्स्	2	6
व्ति	2	4
ग्फा	2	4
ल्ञो	2	4
ङ्क्िं	2	6
ङ्क्ो	2	5
क्ष्ण्य	2	7
क्ष्ण्यं	2	8
म्न्ते	2	6
न्द्र्याः	2	9
स्थ्नि	2	6
म्ष्कि	2	6
ट्भा	2	4
ज्दि	2	4
र्ष्तो	2	6
घ्व्याः	2	7
र्थाै	2	5
क्ग्वा	2	6
म्ट्	2	4
ज़्स	2	4
र्स्बु	2	6
ञ्झिः	2	5
र्ध्यः	2	6
ष्टृृ	2	5
श्त्रः	2	6
र्त्तृृ	2	7
ह्खा	2	4
प्र्भा	2	6
ब्द्ये	2	6
১	2	1
बुः	2	3
ल्गुः	2	5
ओः	2	2
द्र्यो	2	6
ण्ड्यं	2	6
र्च्छं	2	6
ण्च्व	2	5
ल्ह्णे	2	6
र्क्त्या	2	8
ण्ड्यां	2	7
ङ्क्ष्	2	6
न्ड्न्	2	6
न्झ्	2	4
त्र्मा	2	6
तूः	2	3
प्त्री	2	6
घ्यैः	2	5
ङ्निा	2	5
ङिः	2	3
क्षॉ	2	4
ट्ढा	2	4
स्पाः	2	5
स्ंस्था	2	7
द्ब्य	2	5
ट्स्मा	2	6
ब्दॆ	2	4
न्त्स्व	2	7
ट्छु	2	4
त्खि	2	4
त्र्तृ	2	6
म्न्	2	4
ज्झ्य	2	5
त्थौ	2	4
क्शै	2	4
त्म्नः	2	6
न्क्श	2	5
तिौ	2	3
ञ्ज्याः	2	7
म्प्ट्	2	6
ञ्ज्म	2	5
युौ	2	3
क्स्ना	2	6
क्कैः	2	5
ग्माः	2	5
ब्तु	2	4
न्फ्	2	4
ल्ज्मै	2	6
झः	2	2
क्शैः	2	5
र्ल्स्रु	2	8
र्राः	2	5
न्षा	2	4
ळ्हाः	2	5
स्म्म्मा	2	8
नाां	2	4
जाे	2	3
ठॄ	2	2
घॉ	2	2
ऴॅ	2	2
झ्घ	2	3
ञ्ङ	2	3
ऻि	2	2
़ॉ	2	2
ज्ङ	2	3
ऻॉ	2	2
ऱॉ	2	2
ऩृ	2	2
ऻॆ	2	2
घ्ङ	2	3
झॆ	2	2
़ॅ	2	2
छ्ङ	2	3
चॄ	2	2
ऩॊ	2	2
क्ङ	2	3
िृ	2	2
ऺो	2	2
़ौ	2	2
िै	2	2
छ्घ	2	3
िॄ	2	2
ङॆ	2	2
ऺॉ	2	2
ऽॊ	2	2
िू	2	2
ऺृ	2	2
ऴॄ	2	2
फॄ	2	2
़ॊ	2	2
छ्ग	2	3
फॆ	2	2
ऱौ	2	2
ऺॅ	2	2
षॅ	2	2
ऻॅ	2	2
ऽू	2	2
ङॅ	2	2
ाॉ	2	2
घॄ	2	2
िे	2	2
ळॊ	2	2
ळौ	2	2
ऴॉ	2	2
ख्ङ	2	3
िा	2	2
च्ङ	2	3
ठॊ	2	2
़ी	2	2
थॄ	2	2
खॄ	2	2
ाु	2	2
ञृ	2	2
ज्ख	2	3
िि	2	2
ाे	2	2
ञॅ	2	2
ठॅ	2	2
ऩु	2	2
छॄ	2	2
ाॊ	2	2
ढॊ	2	2
झृ	2	2
छ्क	2	3
ऴै	2	2
ञॆ	2	2
़ा	2	2
ऻु	2	2
ऺू	2	2
िो	2	2
ऺॆ	2	2
ऱै	2	2
ऻू	2	2
ऱॅ	2	2
़ू	2	2
़ृ	2	2
ऺे	2	2
टॄ	2	2
ाा	2	2
़ै	2	2
िु	2	2
ऻॄ	2	2
ऻौ	2	2
ऴौ	2	2
ऺॊ	2	2
घ्क	2	3
ऩै	2	2
ळॄ	2	2
ऩो	2	2
रॄ	2	2
णॄ	2	2
फृ	2	2
ाै	2	2
ऴू	2	2
ऺॄ	2	2
ऽॄ	2	2
ङॊ	2	2
ग्क	2	3
ऻॊ	2	2
िौ	2	2
़े	2	2
झ्क	2	3
झ्ङ	2	3
ऴॊ	2	2
ऩौ	2	2
ऽौ	2	2
छॆ	2	2
झॄ	2	2
ऽॆ	2	2
ऽो	2	2
ऺै	2	2
ऽॅ	2	2
ऽे	2	2
ऽै	2	2
ऩॄ	2	2
़ॄ	2	2
ऩॉ	2	2
ऻे	2	2
डॄ	2	2
ाृ	2	2
ऻृ	2	2
ञ्ख	2	3
ऽृ	2	2
िॆ	2	2
ढॄ	2	2
ळॅ	2	2
़ो	2	2
ऻो	2	2
षॄ	2	2
ऻै	2	2
ऱॄ	2	2
़ि	2	2
िॉ	2	2
िी	2	2
ग्ख	2	3
िॅ	2	2
ऩॅ	2	2
ऽा	2	2
ळृ	2	2
ऺु	2	2
ऴॆ	2	2
ञॄ	2	2
यॄ	2	2
ाॆ	2	2
ाू	2	2
ऺि	2	2
ऱॆ	2	2
ऴो	2	2
ङॉ	2	2
ऴृ	2	2
घ्ग	2	3
ऩॆ	2	2
िॊ	2	2
ऱृ	2	2
ऽि	2	2
ज्घ	2	3
ऻी	2	2
ऴी	2	2
ऱॊ	2	2
ाॄ	2	2
झ्ख	2	3
छ्ख	2	3
ऺी	2	2
़ु	2	2
़ॆ	2	2
ङॄ	2	2
ऽी	2	2
ऺौ	2	2
ठॆ	2	2
ऽॉ	2	2
ऺा	2	2
ख्घ	2	3
ऩू	2	2
ञॊ	2	2
च्ग	2	3
ऻा	2	2
ाॅ	2	2
घ्ख	2	3
ऽु	2	2
ड़ी	2	2
ड़ा	2	2
क़े	2	2
ऱ्हें	2	5
थ़्रू	1	5
ग्ज्य	1	5
ग्ध्र	1	5
ञ्श्व	1	5
न्न्व	1	5
न्भ्र	1	5
न्म्र	1	5
ब्द्व	1	5
ब्ध्व	1	5
भ्ण	1	3
र्ङ्क	1	5
र्ङ्ख	1	5
र्ङ्ग्य	1	7
र्त्स्न	1	7
र्द्न	1	5
र्द्म	1	5
र्ध्न	1	5
र्ध्म	1	5
र्ह्र	1	5
ष्म्य	1	5
स्न्य	1	5
ल्ल्वों	1	7
त्स्नां	1	7
ऍँ	1	2
फा़	1	3
न्ड़ा	1	5
षीि	1	3
सिू	1	3
ड्ि	1	3
भूि	1	3
णि्	1	3
ट्य्रू	1	6
त्न्न	1	5
स्क्को	1	6
म्भ्की	1	6
त्त्प्रे	1	8
स्क्न्द	1	7
ग्टी	1	4
शृंं	1	4
क्क़ु	1	5
स्जू	1	4
ठ्सं	1	4
य्ल्स	1	5
स्ल्स	1	5
फ्फ्रे	1	6
ब्र्ट	1	5
न्क्षा	1	6
स्ट्र्ल	1	7
फ्स्वा	1	6
क्रौँ	1	5
द्व्त्ता	1	8
षि़	1	3
षा़	1	3
द्यी	1	4
क्फू	1	4
मुें	1	4
ह्ज्जा	1	6
चूॅं	1	4
क्कोँ	1	5
दोँ	1	3
त्ज़्ब	1	6
ल्योंं	1	6
लाें	1	4
ज़्ग़ा	1	6
ल्फ़्रॅ	1	7
क्शॉ	1	4
ण्त्र	1	5
न्स्प्ला	1	8
ल्ट्सि	1	6
ह्मा़	1	5
युू	1	3
र्ट्रैं	1	7
स्बौ	1	4
ष्ष्चै	1	6
य्न्न	1	5
ज़्यी	1	5
र्स्तें	1	7
र्णिं	1	5
छ्ब्बी	1	6
व्र्कों	1	7
स्त्ती	1	6
ज़ीे	1	4
रूूू	1	4
ख्याा	1	5
ड्वों	1	5
र्ट्लो	1	6
ज्स्ट	1	5
ष्तः	1	4
क्क़	1	4
स़ू	1	3
न्द्का	1	6
ख्ब	1	3
र्ष्गां	1	7
थो़	1	3
दु्र्गा	1	7
ऩ्गु	1	4
ऩ्प	1	3
क्ष्म्ण	1	7
द्वा्	1	5
न्स्फ़ॉ	1	7
म्प्लिं	1	7
ग्खो	1	4
ण्ड्ज़	1	6
ल्स्ता	1	6
ड्ड़ी	1	5
च्हु	1	4
म्लेा	1	5
ष्ट्पि	1	6
र्न्ेस	1	6
र्फ्ट	1	5
ह्न्न्मा	1	8
ण्ु	1	3
पंु	1	3
चँा	1	3
ख्सू	1	4
क्चुु	1	5
म्त्रे	1	6
ज्ती	1	4
म्श्नौं	1	7
ङ्ग्स्नि	1	8
ट्डू	1	4
म्ख्रा	1	6
ण्टें	1	5
रे्ड्स	1	6
क्श्झे	1	6
न्नॉं	1	5
फ़्लां	1	6
शुि	1	3
ठ्वी	1	4
ड़्ती	1	5
ड़ॊ	1	3
ङ्दो	1	4
प्प्त	1	5
लेी	1	3
दु्त	1	4
ढ्ढी	1	4
त्त्रो	1	6
स्त्क्षे	1	8
ल्ट्र	1	5
पुुुुु	1	6
ऩ्ऩै	1	4
म्ख्या	1	6
ब्सॉ	1	4
ट्लॉ	1	4
त्य्का	1	6
श़ू	1	3
न्वू	1	4
ग्पिं	1	5
क्श़ी	1	5
ग्किं	1	5
ज्र्र	1	5
व्ग्र	1	5
उूं	1	3
स्क्रें	1	7
व्ब्फ्ज्ग्	1	10
न्गां	1	5
ग्सं	1	4
ल्प्प	1	5
क्ट्ठे	1	6
स्पोा	1	5
र्भ्रां	1	7
नेां	1	4
त्र्ी	1	5
ञ्गा	1	4
र्ग्यें	1	7
छ्छे	1	4
षोंं	1	4
म्यूं	1	5
न्फू	1	4
ग्वौ	1	4
स्त्ली	1	6
र्ण्ट	1	5
：	1	1
खु्र्जा	1	7
व्डा	1	4
क्त्शो	1	6
च्च्चे	1	6
क्स्य्नो	1	8
क्लाँ	1	5
द्र्व्यों	1	9
ज़्लॉ	1	5
त्ताँ	1	5
वोंं	1	4
क्र्मा	1	6
फेेेे	1	5
दाॅॅॅ	1	5
ह्धु	1	4
फ़्रिं	1	6
स्द्हू	1	6
य्री	1	4
म्र्ल	1	5
क्चां	1	5
प्हा	1	4
ॾो	1	2
ॼि	1	2
फ्तो	1	4
ख्यूँ	1	5
व्हीं	1	5
ब्हाँ	1	5
र्सृ	1	4
स्जि़	1	5
घ्घि	1	4
र्ग्ज़	1	6
र्त्सा	1	6
थ॔	1	2
ख़्शू	1	5
ख्वॉ	1	4
त्ज़्कु	1	7
ज़्नो	1	5
प्ज़ि	1	5
श्ष्टि	1	6
स्फै	1	4
लेै	1	3
ण्ङी	1	4
ह्रें	1	5
ट्रो़	1	5
ब्राा	1	5
ब्लों	1	5
र्ड्रो	1	6
ज़्नि	1	5
प्फ्ले	1	6
र्क़ा	1	5
क्य्री	1	6
न्त्र्ता	1	8
ष्म्का	1	6
र्गाों	1	6
ष्ण्ब	1	5
फ्ऱां	1	5
ल्ढी	1	4
त्स्च्ह्ल	1	9
ग्डै	1	4
ब्स्टें	1	7
ूें	1	3
नीा	1	3
एां	1	3
क़्ते	1	5
म्बैं	1	5
पे॓	1	3
क्क्षां	1	7
ह्स्सिा	1	7
तृं	1	3
व्यँ	1	4
पांँ	1	4
यांँ	1	4
तांँ	1	4
गांँ	1	4
रांँ	1	4
न्छ्ला	1	6
न्द़	1	4
न्ग्खा	1	6
।ु	1	2
ब्दौं	1	5
क्फों	1	5
ज्ब्रे	1	6
ज्प्रो	1	6
ज्हे	1	4
न्ग्फ़ी	1	7
र्ढ़	1	4
ढूंं	1	4
श्ंसा	1	5
ह्स्यो	1	6
थ्राॉ	1	5
फ़्ल्गू	1	7
स्दु	1	4
ह्पौ	1	4
क्र्मि	1	6
ग्पों	1	5
झाँँ	1	4
ध्श	1	3
त्रीों	1	6
जिि	1	3
क्ट्रै	1	6
ळ्जी	1	4
र्थ्वे	1	6
श्मृ	1	4
र्षेां	1	6
क्धी	1	4
र्ष्ट्री	1	8
म्ल्य	1	5
र्स्कॉ	1	6
च्रु	1	4
छ्यां	1	5
त्गैं	1	5
ल्ग़ा	1	5
फ्त्वा	1	6
रेंं	1	4
वेेे	1	4
ब्ज़ों	1	6
न्ग्फे	1	6
ण्त्स	1	5
स्पौं	1	5
च्श्चि	1	6
र्य्ट	1	5
भूूू	1	4
द्लो	1	4
ल्प्ट	1	5
वुँ	1	3
ल्ल्यं	1	6
ट्मै	1	4
फ्यी	1	4
ज़्जु	1	5
र्ब्लो	1	6
स्र्ब्लो	1	8
प्र्प	1	5
र्ब्व	1	5
श्र्ध	1	5
ष्क्रां	1	7
र्श्त	1	5
क्ख्या	1	6
फ़्थि	1	5
र्ट्ट	1	5
ट्स़	1	4
न्दाँ	1	5
क्मः	1	4
व़ै	1	3
प्टों	1	5
पीि	1	3
ह्लाँ	1	5
र॑	1	2
भ्राँ	1	5
भ्र्रां	1	7
ज़िं्	1	5
ल्ल्रू	1	6
द्भां	1	5
फ़्थॉं	1	6
ज्टु	1	4
ल्खू	1	4
स़े	1	3
र्थ्यों	1	7
य्ह्व्ह्	1	8
हूॅ॑	1	4
व्य्व्य्व	1	9
ब़्री	1	5
द्ज़्	1	5
त्व्हा	1	6
णूँ	1	3
न्र्थ्र्द	1	9
न्क्यो	1	6
त्त्ठ्ठ	1	7
स्थ्रों	1	7
ख्राी	1	5
य्से	1	4
न्स्फ़ि	1	7
ख़ूं	1	4
छ्ठा	1	4
नुी	1	3
ल्ड्रं	1	6
8ा	1	2
ल्वॉ	1	4
स्ग्य	1	5
ख़ूँ	1	4
न्ंचु	1	5
क्क्ले	1	6
द़ि	1	3
ब्पे	1	4
ब्न्ध	1	5
फ्त़ा	1	5
ैं	1	2
शूू	1	3
ल्डों	1	5
म्फ़े	1	5
सिे	1	3
प्प्न	1	5
ल्पिं	1	5
प्स्टी	1	6
क्जि़	1	5
व्पि	1	4
स्त्रू	1	6
ज्स्का	1	6
क्स्बैं	1	7
बे़	1	3
ग़्द	1	4
खेेे	1	4
ख्व्वा	1	6
त्क्रौं	1	7
किं्	1	4
ल्ढ	1	3
र्ट्स्मा	1	8
है॑	1	3
फ़्रॅ	1	5
प्ष्ट	1	5
स्ट्र्क्स	1	9
च्ह्र	1	5
प्मि	1	4
स्र्को	1	6
स्म्यू	1	6
ट््यूा	1	6
ट््य	1	4
नूी	1	3
क्ट्यू	1	6
ड्मे	1	4
क्ष्ं	1	5
र्त्तों	1	7
त्त्द	1	5
कु़	1	3
द्र्धा	1	6
र्य्यु	1	6
र्प्रां	1	7
ड़ैं	1	4
स्ख्मि	1	6
ज्सि	1	4
ख़्टो	1	5
ड्सें	1	5
ड्बैं	1	5
ट्व्यू	1	6
र्ट्मू	1	6
क्बो	1	4
क्य्म्रू	1	8
क्क्नी	1	6
र्म्ले	1	6
म्पैं	1	5
द्ज़ो	1	5
क्चो	1	4
य्ं	1	3
हांे	1	4
ह्य्द्र	1	7
डोिं	1	4
न्त्र्स	1	7
त्राों	1	6
ब्यूं	1	5
मूू	1	3
स्ल्ली	1	6
ख्पा	1	4
¾	1	1
ल्ख्न	1	5
ठ्वां	1	5
न्ग्दो	1	6
म्प्लें	1	7
फ्ह	1	3
5ः	1	2
2ः	1	2
7ः	1	2
ड्र्ग	1	5
द्य्स	1	5
थींं	1	4
क़्ला	1	5
ल्फ़्गां	1	8
न्बौ	1	4
क्त्रां	1	7
र्गौि	1	5
त्थ्ं	1	5
र्काि	1	5
ल्टों	1	5
ड्रेि	1	5
र्शै	1	4
र्स्फे	1	6
ल्ल्हि	1	6
गि़	1	3
तेें	1	4
डे्स	1	4
र्न्गी	1	6
स्पॆ	1	4
न्प्लु	1	6
प्र्य्ट्क	1	9
स्ट्रीं	1	7
प्मी	1	4
फ्दि	1	4
र्ठि	1	4
न्ख़्वा	1	7
ज़्यों	1	6
र्नि्	1	5
च्लं	1	4
द्य्च	1	5
द्ज्का	1	6
न्फ्रॅ	1	6
भााा	1	4
ल्भू	1	4
ढ्ती	1	4
य्दा	1	4
र्म्चा	1	6
र्म्च	1	5
त्भो	1	4
र्क्ल	1	5
क्डों	1	5
न्ड्वा	1	6
द्जॉ	1	4
ब्ढ़ो	1	5
स्व्मी	1	6
द्घी	1	4
ष्त्रों	1	7
प्प्प	1	5
वाँँ	1	4
री़	1	3
■	1	1
च्छ्वी	1	6
श्व्ना	1	6
ल्फ़्स	1	6
म्ट्रे	1	6
त्लुं	1	5
न्चं	1	4
डोॆ	1	3
त॓	1	2
ही़ं	1	4
य॔	1	2
भ्न्व	1	5
र्जुं	1	5
र्माे	1	5
˜ु	1	2
त्सुा	1	5
त्याि	1	5
स्न्रो	1	6
स्र्ता	1	6
न्थॊ	1	4
श्रॊ	1	4
श्रॆ	1	4
क्छॊं	1	5
ड़ॆ	1	3
खॊं	1	3
न्द्र्ब	1	7
ऋ़	1	2
क्स्बा	1	6
लाौ	1	3
घुुुु	1	5
र्ग्ङि	1	6
व्किं	1	5
ब्ल्ले	1	6
गे़	1	3
न्द्की	1	6
स्द्रा	1	6
घ्ष	1	3
ख्क्य	1	5
ऊंं	1	3
भेें	1	4
क्ेस	1	4
याँः	1	4
हुंँ	1	4
म्मौ	1	4
स्टे्त्त	1	8
🌏	1	1
य़ॅ	1	3
सांः	1	4
क्च्ह	1	5
ल्हाै	1	5
हेेै	1	4
हूॅ	1	3
रूॅ	1	3
आॉ	1	2
ल्त्रू	1	6
त्तंु	1	5
र््व	1	4
त्त्बी	1	6
द्नॉ	1	4
त्यॉ	1	4
द्स्यों	1	7
ज़्हौ	1	5
घ्लु	1	4
जाो	1	3
छाी	1	3
क्क्लिं	1	7
य्स्शी	1	6
ब्ज़ु	1	5
म्हौं	1	5
ह्यों	1	5
ाँ	1	2
फ्ज़ों	1	6
म्प्रिं	1	7
ब्बै	1	4
जूूू	1	4
शुु	1	3
फाें	1	4
हीे	1	3
ज्बु	1	4
ग़्री	1	5
ट़्यू	1	5
घ्त	1	3
नॊं	1	3
ब्य्ते	1	6
द्द्दे	1	6
स्य्स्ते	1	8
प्प्ली	1	6
ः्	1	2
ह्र्लि	1	6
च्ह्यां	1	7
ड़्न	1	4
द्च्यु	1	6
म्ंत्री	1	7
त्त्यिं	1	7
क्जे़	1	5
सौा	1	3
स्चू	1	4
ष्र्व	1	5
ऊ्	1	2
थॖ	1	2
स्क्र्या	1	8
ِ	1	1
ए़	1	2
ला़	1	3
श्ज़	1	4
ग्स्पो	1	6
ज़ौं	1	4
ग्द्र्ग्ग्थ्व्॑व्॑वे	1	20
च्ठ	1	3
त्शं	1	4
म्द्वा	1	6
श्बे	1	4
च्चॆ	1	4
म्मॆ	1	4
व्वॆ	1	4
न्नॆं	1	5
त्जु	1	4
ल्म्वा	1	6
न्द्र्हु	1	8
फ़्फ़ी	1	6
ल््मी	1	5
न््दी	1	5
न््हों	1	6
ल््ड	1	4
स््टे	1	5
ल््की	1	5
क््या	1	5
फ्तु	1	4
૪	1	1
ज्ज़ो	1	5
ग़्मों	1	6
फ्यों	1	5
मौै	1	3
ट्टेे	1	5
मेंे	1	4
ग्ग्लुं	1	7
व्स्बु	1	6
थ्रिं	1	5
च्ज़े	1	5
र्क्ख	1	5
ब्ट्रे	1	6
ग्रे़	1	5
ढ्क	1	3
म्प्स्न	1	7
घ्ग्न	1	5
म्प्सं	1	6
लीो	1	3
स्ब्से	1	6
च्थू	1	4
न्द्द	1	5
च्वांं	1	6
र्ज्जु	1	6
२ा	1	2
द्क्क	1	5
ण्ड्यों	1	7
कींं	1	4
न्त्फ़	1	6
र्श्क्र	1	7
प्प्णि	1	6
तेै	1	3
म्पूूू	1	6
म्रें	1	5
व्धः	1	4
द़े	1	3
फ्फ्म	1	5
त्य्पो	1	6
म्क्कां	1	7
क्ष्त्र्जु	1	10
र्फ्फ़	1	6
ल्य्वा	1	6
ह्च्य्फ्क्ष्य्म्ह्	1	18
काों	1	4
र्र्हि	1	6
ष्ट्ह्राि	1	9
स्त्व्क	1	7
ड्वॅ	1	4
ड्वॉ	1	4
र्र्यों	1	7
भाँं	1	4
ह्ज़ा	1	5
त्क्त	1	5
घं्	1	3
स्ट्ट्रे	1	8
ग़्ा	1	4
ब्रौं	1	5
र्न्स्टॅ	1	8
श्श्चि	1	6
स्ख़े	1	5
स्त्दा	1	6
र्ंथाा	1	6
ये़	1	3
ष्ठ्जी	1	6
स्स्कि	1	6
श्व्ले	1	6
ल्प्गों	1	7
म्प्श	1	5
क्दों	1	5
स्र्ख़	1	6
ध्रुि	1	5
ब्स्ती	1	6
श्ल्यू	1	6
ह्रुं	1	5
ल्त्रौ	1	6
ड्स्तो	1	6
य्ते	1	4
शेेेे	1	5
स्यें	1	5
ङ्घ्री	1	6
स्प्लिं	1	7
र्म्स्की	1	8
ल्काॅ	1	5
ख़्मे	1	5
प्नॉ	1	4
ल्स्टि	1	6
ट्ठं	1	4
र्ग्ना	1	6
म्प्फ़	1	6
प़ो	1	3
व्यिं	1	5
पेा	1	3
ब्पु	1	4
ण्ट्रें	1	7
म्प्रां	1	7
ल्बां	1	5
पैैै	1	4
हंः	1	3
ट्खं	1	4
ज्ं	1	3
च्क्ष	1	5
ग्र्क़	1	6
त्श्ले	1	6
कीी	1	3
ग्न्याँ	1	7
ख़्क्त	1	6
फ्की	1	4
ग्ट्रॉ	1	6
एैं	1	3
ब्डें	1	5
स्प्ता	1	6
ज्ह्ने	1	6
स्व्रो	1	6
हैैै	1	4
स्म्मो	1	6
मु्द्र	1	6
द़्यू	1	5
च्छ्प	1	5
ड्बु	1	4
द्र्लो	1	6
श्रंृ	1	5
न्दुों	1	6
गॅू	1	3
प्ऱ	1	3
र््ी	1	4
इै	1	2
’ः	1	2
ग्रं्न्थ	1	8
च्ंत	1	4
भ़ं	1	3
ग्र्ह	1	5
षाें	1	4
साें	1	4
मु्स	1	4
त्ज़्वा	1	7
त्ज़्के	1	7
ह्र्स्ग	1	7
स्च्रि	1	6
र्ज्ब	1	5
ग्त्रु	1	6
प्ट्रॉ	1	6
शांि	1	4
ग्हु	1	4
ल्क्यों	1	7
क्ज्ञ	1	5
लुुु	1	4
र्ब्यां	1	7
शा्	1	3
नु्र्वि	1	7
क्क्त	1	5
लूूू	1	4
नृृृृृृ	1	7
तुुुु	1	5
चूू	1	3
ल्ले़	1	5
ख्शाँ	1	5
ब्जों	1	5
छ्ल्ले	1	6
श्यें	1	5
द़ॅ	1	3
दॅ़	1	3
ल्त्ज़	1	6
ण्ण्ड	1	5
मृ्त	1	4
तृ्त्व	1	6
मृ्द्धि	1	7
भ्रीं	1	5
भ्रौं	1	5
स्च्वा	1	6
हूंँ	1	4
दे्र	1	4
न्ष्ठ	1	5
के्र	1	4
स्ट्र्ो	1	7
र्थ़	1	4
द़्ध	1	4
ष़्य	1	4
च्यों	1	5
ष्क़	1	4
स्न्गि्	1	7
ग्द्र	1	5
न्थ्य	1	5
नोंः	1	4
स्कुँ	1	5
प्मुं	1	5
त्वाँ	1	5
ट्र्रॉ	1	6
फ्त्ल्ला	1	8
फ्जा	1	4
ज्ज्नों	1	7
ख़्शाँ	1	6
ख़्ल	1	4
द्दे्श्य	1	8
स्त्तु	1	6
स्त्र्यिां	1	10
स्ड्ड	1	5
म्ेज	1	4
त्र्ह	1	5
̧	1	1
म़ु	1	3
स्क्ली	1	6
फ़्व	1	4
ट्टें	1	5
द्ष्टि	1	6
त्र्सा	1	6
ल्द्स	1	5
य्खं	1	4
ल्ल्मे	1	6
ट्स्बी	1	6
व्त्ची	1	6
ग़्ले	1	5
र्बिं	1	5
णि्ं	1	4
सीे	1	3
कॆं	1	3
छ्छ्ही	1	6
छ्रै	1	4
ग्वेे	1	5
देेेे	1	5
स्चं	1	4
ह्श्तृ	1	6
ल्प्का	1	6
क्फ़ा	1	5
क्ष्क्ष्	1	8
फ्रुैं	1	6
म़ैं	1	4
त्मों	1	5
क्ट्बू	1	6
ल्क्वि	1	6
र्स्लोि	1	7
क्त्रॉ	1	6
प्टू	1	4
ग्हा	1	4
स़ो	1	3
स़ों	1	4
स़ै	1	3
क्क्रॉ	1	6
ट्ट्यु	1	6
स्ट्यै	1	6
न्स्में	1	7
क़्रां	1	6
ख्टे	1	4
र्ब्स्त	1	7
ल्य्चि	1	6
म्प्रें	1	7
न्क्जी	1	6
र्ड्स्व	1	7
न्स्फ़्ला	1	9
ब्बॊ	1	4
स्क़ॉ	1	5
ए॑	1	2
ल्याॅ	1	5
ग्हाॅ	1	5
क्स्प्लाॅ	1	9
क्ट्कि	1	6
र्ज़िं	1	6
र्ल्ज	1	5
ख़ें	1	4
ग्स्ती	1	6
ह्नीं	1	5
ण्दों	1	5
लाेे	1	4
था़	1	3
क़्वे	1	5
प्प्म	1	5
रेि	1	3
ज़्य	1	4
ल्स्ट्री	1	8
ण्ट्रा	1	6
न्स्क्लि	1	8
र्न्ये	1	6
धूंं	1	4
देंं	1	4
ध्धां	1	5
र्स़	1	4
््	1	2
व्य़	1	4
फ्ते़	1	5
र्म्ज	1	5
स्त्ते	1	6
क्टैं	1	5
र्क्लो	1	6
न्क्फ	1	5
म्प्य्लो	1	8
ड्स्ट्रि	1	8
बुुुु	1	5
न्ज्यू	1	6
न्श्ठा	1	6
च्च्हे	1	6
छेेे	1	4
दाेेे	1	5
श्रों	1	5
ज्झों	1	5
क़्क़ि	1	6
नोाे	1	4
आी	1	2
ख़ांं	1	5
ज्राँ	1	5
य्पि	1	4
त्न्त्र	1	7
घ्ध्	1	4
ग्रौं	1	5
फ़्वे	1	5
स्पाि	1	5
मैैै	1	4
हैु	1	3
ध्व्ज	1	5
ओेै	1	3
ड़्र	1	4
क्षेेे	1	6
‪	1	1
‬	1	1
र्शें	1	5
प्स्त	1	5
श्ट्ऱी	1	6
म्र्त्यु	1	8
व्शा	1	4
न्ग्ग्रे	1	8
ज़्ज़ो	1	6
मी॔	1	3
म्न्व	1	5
ड़़ि	1	4
र्र्ल	1	5
द्र्गु	1	6
सिऺ	1	3
मेऺ	1	3
ग्ंगा	1	5
च्न्द्र	1	7
न्ड्य	1	5
आंे	1	3
त्सुु	1	5
लीँ	1	3
ब्स्या	1	6
फ़्फ़्री	1	8
ट्ज़्रा	1	7
ज़्रै	1	5
म्ज़ी	1	5
ट्तं	1	4
ल्यूं	1	5
र्मैं	1	5
ग्स्टॉ	1	6
स्व्यँ	1	6
श्र्यु	1	6
र्लों	1	5
ड्र्म्मो	1	8
र्त्रु	1	6
ज्य़ा	1	5
म्र्भि	1	6
र्क्नी	1	6
ग्म्न	1	5
त्ंब	1	4
ट्न्स	1	5
ब्र्ह	1	5
र्क्षी	1	6
द्फ	1	3
ग्ज्यू	1	6
फ्ल़े	1	5
श्ष्क्रि	1	8
क्क्ठी	1	6
ल्य्हि	1	6
न्हींं	1	6
ह्ल्ले	1	6
फ़ुं	1	4
घ्वि	1	4
ड्मू	1	4
ड्ः	1	3
द्व्वा	1	6
शं्कु	1	5
ण्ड्न	1	5
श़ं	1	3
र्ष्भा	1	6
श्ंड	1	4
स्ता्	1	5
र्चँ	1	4
ष्क्रे	1	6
ह्वैं	1	5
.ाो	1	3
ट्बौ	1	4
र्ग्री	1	6
व्थ्राॉिं	1	9
र्र्ड	1	5
फ्ऱें	1	5
प्किं	1	5
टॉॅ	1	3
फ्राेे	1	6
ग्ज़्	1	5
ल्थ्रोाॉ	1	8
नोे	1	3
ह्रूा	1	5
ट्ज्बी	1	6
थ्राी	1	5
र्न्ज़	1	6
न्क्ला	1	6
ख्राो	1	5
ड्न्ली	1	6
ज्मं	1	4
न्फ्री	1	6
फ़्का	1	5
ट्ज़ी	1	5
क्भे	1	4
स्स्लि	1	6
कि़ं	1	4
ल्बै	1	4
ल्जी़	1	5
न्रिं	1	5
फ्रूॉ	1	5
ब्जॅ	1	4
ल्ब्स	1	5
हु्सै	1	5
काैं	1	4
ध्त्त	1	5
ध्म्	1	4
य्दो	1	4
त्टी	1	4
झ़िं	1	4
गिि	1	3
ल्गाँ	1	5
न्द्पु	1	6
स्ंकि	1	5
क्ष्ड	1	5
दि़ो	1	4
श्स्स्स्श्श्स	1	13
न्चें	1	5
पो॑	1	3
द्बृ॑	1	5
श्वं॒	1	5
य॒	1	2
र्भं॒	1	5
धा॑	1	3
ज॒	1	2
र॒	1	2
तो॑	1	3
नां॒	1	4
अ॑	1	2
र्त॒	1	4
सु॒	1	3
कः॒	1	3
स्मै॑	1	5
षा॑	1	3
ग्न्	1	4
क्क़ी	1	5
ग्फ्ज्	1	6
ह्स्ग्द्ज्द्घ्ज्द्ग्ज्॑व्द्गे	1	29
स्च्ह्वु	1	8
र्स्दू	1	6
़़़़़़	1	6
पिं्	1	4
च्चिं	1	5
र्मुं	1	5
न्ज़ें	1	6
न्यूिं	1	6
फ़़्	1	4
क्ष्श्ंफ्	1	9
ड्फ्	1	4
र्ट्यू	1	6
च्व्ब्च्व्	1	10
णंं	1	3
ज़ाॅ	1	4
ल्म्बा	1	6
क्स्पैं	1	7
क़्क़ो	1	6
क़्शी	1	5
ख़ों	1	4
कैि	1	3
स्यँ	1	4
च्चोंं	1	6
प्ता्	1	5
स्का्	1	5
स्काा	1	5
न्श़ी	1	5
त्ताा	1	5
र्त्स्	1	6
त्सुे	1	5
स्त़	1	4
न्धॉ	1	4
ळ्लं	1	4
ख़ि़	1	4
ष्ट्धा	1	6
द्यूं	1	5
ड्फ	1	3
क्त्याेिं	1	9
फ्र्रि	1	6
न्हिं	1	5
र्ष्ट्या	1	8
फ़्ण्डा	1	7
शॊं	1	3
ज़ीं	1	4
ल्फ़ों	1	6
ज़्दि	1	5
एंं	1	3
फा॔	1	3
ल्ब्रि	1	6
च्ृ	1	3
प्तिी	1	5
क़्सा	1	5
र्र्खा	1	6
ह्गी	1	4
छोे	1	3
छ्प	1	3
ड़्ता	1	5
त्चौ	1	4
ल्ज्या	1	6
द्श्री	1	6
स्माः	1	5
र्ञि	1	4
म्ब्न्धी	1	8
ष्टी्	1	5
लु़	1	3
व्ह्य	1	5
ह्न्स	1	5
स्च्वि	1	6
र्बैं	1	5
च्चॊ	1	4
व्न्ब्म्म्म्न्	1	14
ज्ज्ज्	1	6
होाा	1	4
त्राु	1	5
ब़ी	1	3
ऩ़	1	2
ड़्वा	1	5
य्ष्टि	1	6
घुु	1	3
☆	1	1
ल्स्लि	1	6
क्ट्रु	1	6
फ्तें	1	5
‡	1	1
श्टॉ	1	4
तूू	1	3
व्स्ग्य	1	7
य्य्ज्ब्द	1	9
ज्ब्न्द्जु	1	10
स्ब्नु	1	6
न्स्द	1	5
द्भ्द्ब्ब	1	9
न्ज्फ्ज्ब्स्ब	1	13
ह्ब्द्ब्फ्ब	1	11
ख्क्ख	1	5
ल्स्फ्ब्न	1	9
ह्ह्न	1	5
ख्कु	1	4
क्क्स	1	5
स्क्फ्ज्क	1	9
द्ज्ज	1	5
ज्स्ज	1	5
ब्न्स्द्ज	1	9
प्य्ज्	1	6
घ़ै	1	3
ब्सें	1	5
र्द़ो	1	5
न्न्तें	1	7
स्टा्	1	5
द्ज़ी	1	5
पु्र	1	4
न्जॉ	1	4
ठ्वीं	1	5
ग्स्पॉ	1	6
र्द्मे	1	6
गंं	1	3
घ्घु	1	4
द्याा	1	5
जोेे	1	4
न्वेै	1	5
ह्क़ा	1	5
ोँ	1	2
माॅं	1	4
फ़्हाँ	1	6
ब्न्हा	1	6
वृ्ता	1	5
म्णों	1	5
चाा	1	3
ट््या	1	5
टंे	1	3
ज्स्क	1	5
ल्ड़े	1	5
र्फों	1	5
द्ज़ि	1	5
ज्ज्रा	1	6
न्च्ह्ने	1	8
न्क्ल्य्	1	8
नौ्	1	3
स्स्टे	1	6
मृि	1	3
९़	1	2
स्क़	1	4
ल़ा	1	3
द्तो	1	4
न्चों	1	5
न्गिं	1	5
ट्चं	1	4
हॅु	1	3
अि	1	2
ग्राा	1	5
ब्च्ब्व	1	7
फ्द्व्च	1	7
फ्ग्द्फ्द्स	1	11
स्र्फे	1	6
र्स्फ्स	1	7
व्व्य	1	5
क्भो	1	4
म्य्स	1	5
न्च्ना	1	6
प्र्स्तु	1	8
ख़्र	1	4
ड़्ढा	1	5
न्हेें	1	6
क्षाँ	1	5
द्स्र	1	5
ष्ट्प	1	5
स्र्त्सा	1	8
य्हि	1	4
व्ट	1	3
ल्ल्चे	1	6
व्के	1	4
स्र्त्जु	1	8
च्फ्य्जु	1	8
क्र्त्यु	1	8
रीे	1	3
स्टॉे	1	5
ह्से	1	4
ग़्लि	1	5
ह्न्वी	1	6
ग्स्रो	1	6
स्र्की	1	6
र्र्श्या	1	8
ज़्ज़ें	1	7
ख्लौ	1	4
स्तोा	1	5
द्धें	1	5
ड़्डी	1	5
त्चं	1	4
ल्कुं	1	5
च्क्षि	1	6
ट्य़ू	1	5
शृँ	1	3
ल्ट्म	1	5
न्य्क	1	5
क्क्वे	1	6
म्प्नी	1	6
र््जी	1	5
फ़्ट्वै	1	7
श्तें	1	5
स्र्क्त	1	7
श्च्चि	1	6
र्ट्जा	1	6
न्ठि	1	4
ल्ज़ी	1	5
रेॆ	1	3
न्होॆ	1	5
मेॆ	1	3
न्ग्ल्भा	1	8
र्ख्वा	1	6
ट््टा	1	5
लीी	1	3
न्य्य	1	5
मेंेंें	1	7
केेेेे	1	6
तूूू	1	4
र्द्कु	1	6
न्स्रॉ	1	6
स्त्त्त	1	7
ज़ीः	1	4
ज्म़ी	1	5
कॉॅ	1	3
क्ति़	1	5
ह्ल्की	1	6
ल्मॅ	1	4
ठ्ण्डी	1	6
म्ब्के	1	6
क्ष्र्पि	1	8
ग़ॉ	1	3
ड़ोँ	1	4
हुी	1	3
क्ठा	1	4
ढैं	1	3
ब्ध्ता	1	6
ध्ब्बा	1	6
क्खीः	1	5
थै्र	1	4
ड़़ो	1	4
द्र्धे	1	6
स्प्रं	1	6
त्प्न्न	1	7
च्चेि	1	5
न्होंी	1	6
ह्म्पु	1	6
छ्द्म	1	5
ख़्टूं	1	6
जोंं	1	4
थ्ली	1	4
टी॑	1	3
3ः	1	2
थ्से	1	4
ज्तु	1	4
प्म्पा	1	6
स्र्ज्जी	1	8
थ्सि	1	4
क्र्स्नु	1	8
र्ल्मै	1	6
म्ब्रू	1	6
त्फो	1	4
त्विं	1	5
ज़ॉं	1	4
क़्बा	1	5
लेि	1	3
ल्ड़ि	1	5
स्च्व	1	5
फ्टीं	1	5
क्जाँ	1	5
प्र्वे	1	6
म्यिं	1	5
च्क्र	1	5
क़्स	1	4
श्त्र्दि	1	8
स्र्श	1	5
ध्ध्य	1	5
प्र्त्सा	1	8
म्त्का	1	6
क्क्वू	1	6
ध्र्ब	1	5
च्क्वा	1	6
म्ल्यो	1	6
न्ड्व	1	5
न्न्ल	1	5
॑॑	1	2
ट्ध्रु	1	6
ग्जां	1	5
स्न्न	1	5
प्त्गि	1	6
न्स्क्रु	1	8
ण्ठों	1	5
द्न्दि	1	6
ज्व्ल	1	5
ष्त्व	1	5
ख़ुँ	1	4
थाा	1	3
थीी	1	3
गीी	1	3
👥	1	1
4़	1	2
न्त्तु	1	6
भॆं	1	3
यूू	1	3
ह्र्मि	1	6
ह्र्पि	1	6
चेँ	1	3
ष्ट्त	1	5
थ्मि	1	4
ऩ्म	1	3
ऴ्क्कै	1	6
ऩ्ऩं	1	4
ल्ल्ली	1	6
ंि	1	2
तािा	1	4
ल्क़े	1	5
ग़्त	1	4
द्गॄ	1	4
ध्कि	1	4
भाॅं	1	4
म्पॄ	1	4
ताॅ	1	3
अͬ	1	2
र्ण्बे	1	6
ठ्क	1	3
बु़	1	3
आि	1	2
ष्दों	1	5
डा्	1	3
न्स्ट्र्क्श	1	11
ह्स्थि	1	6
क्ज्यू	1	6
पॊं	1	3
द्ध्स्थि	1	8
प्रीँ	1	5
प्रौँ	1	5
स्यॊं	1	5
त्त्स्मा	1	8
ब्र्ह्मा	1	8
ग़्मा	1	5
थ्बि	1	4
ष्पिं	1	5
प्ट्रि	1	6
र्व्वौ	1	6
ह्राँ	1	5
ह्रीँ	1	5
व्क्त	1	5
द्य्क्क्ग्द्क	1	13
ग्द्	1	4
ज्ंग	1	4
र्टुं	1	5
न्थॉ	1	4
म्क़	1	4
प्लों	1	5
न्ग्लू	1	6
ख़्तों	1	6
म्वाः	1	5
फिि	1	3
हैि	1	3
सेृृृृ	1	6
ज्त्	1	4
ज्प्व्छ	1	7
एँः	1	3
म्ब्न्ध	1	7
भ्प्र	1	5
म्न्ल	1	5
च्ले	1	4
द्र्श	1	5
बाॅं	1	4
गु्न्दा	1	7
ड़ौं	1	4
यांॅ	1	4
छ्ड़ा	1	5
क्श्रे	1	6
क्ख़	1	4
क्स्टैं	1	7
न्क्शे	1	6
ड्रो़	1	5
क्न्स	1	5
ज्वू	1	4
ख़्रा	1	5
य्की	1	4
क्लाॉ	1	5
य्ख़्	1	5
क़्तों	1	6
य्ख़्स्ता	1	9
क्क्ये	1	6
ब्र्स्क	1	7
फ़्ज़	1	5
ब्ध्द	1	5
स्व्बा	1	6
ज्फ़	1	4
स्कैँ	1	5
न्प्डो	1	6
न्ड्स्ट्री	1	10
श्व्स्थ	1	7
थ्ड	1	3
हु्वि	1	5
थ्ग	1	3
शु्रू	1	5
ज्य्य्या	1	8
न्यूँ	1	5
ड्म़ु	1	5
ण्ड्म	1	5
डॉॅॅ	1	4
म्ब्लिं	1	7
स्स्लिं	1	7
स्त्गी	1	6
स्स्स	1	5
भंं	1	3
मेऺं	1	4
त़ो	1	3
पी़	1	3
स्ट्यो	1	6
ग्द्य	1	5
द्धौं	1	5
ॻी	1	2
ॻि	1	2
ग़ं	1	3
फ्यूं	1	5
न्ट्ज़	1	6
क्शैं	1	5
ड्वां	1	5
ण्द्वं	1	6
न्ड्रिं	1	7
न्य्ता	1	6
य्स्ते	1	6
फ्द	1	3
क्ठ्ठा	1	6
स्कू्ल	1	6
भ्क्त	1	5
स्शो	1	4
थ्क	1	3
ध्ज्र्यो	1	8
स्श्वि	1	6
त्य़	1	4
ट्तिं्	1	6
डे्श	1	4
र्वांं	1	6
ल्घे	1	4
त्त्नों	1	7
ल़ो़ं	1	5
श्क्त	1	5
र्र्घ	1	5
ल्ड़िं	1	6
ला॓	1	3
गा॓	1	3
रा॓	1	3
ग्ला॓	1	5
त़ौ	1	3
यॆं	1	3
ष्धि	1	4
ष्धी	1	4
व्की	1	4
त्व्रीा	1	7
र्ल्ड्वा	1	8
ण्याँ	1	5
ह्ठा	1	4
म्हूँ	1	5
स्यँू	1	5
त्यैा	1	5
	1	1
न्मिा	1	5
र्द्यौः	1	7
ठ्टी	1	4
न्हेः	1	5
मि॑	1	3
य्मै	1	4
ल्क्रो	1	6
म्प्लां	1	7
नुु	1	3
प्रेे	1	5
र्ग्का	1	6
स्त्र्वा	1	8
त्म्स	1	5
है़ं	1	4
वृ्ति	1	5
स्टे्रे	1	7
च्च्हि	1	6
म्स्कि	1	6
ल्त्ज	1	5
न्क्लू	1	6
स्ड्यू	1	6
र्र्मि	1	6
ब्ह्रा	1	6
व्पू	1	4
क्त्य्व	1	7
त्म्सा	1	6
व्र्त्या	1	8
त्त्त्ति	1	8
पृ्ष्ठ	1	6
ल्फ्वे	1	6
पाँँ	1	4
क्यिं	1	5
मे्	1	3
र्त्था	1	6
क्म्प्यू	1	8
रंे	1	3
योंें	1	5
गाँँ	1	4
ब॑	1	2
णेेे	1	4
ह्सी	1	4
गे्	1	3
ज़्ज़्जो	1	8
त्ग्लै	1	6
ग्स्म	1	5
म्न्द	1	5
स्म्री	1	6
ल्ट्टू	1	6
ल्स्ती	1	6
थ्यॉ	1	4
प्मैं	1	5
ल्ू	1	3
हांि	1	4
क्थी	1	4
वाें	1	4
ऩॅे	1	3
छ्तें	1	5
न्च्ले	1	6
4़़	1	3
य़ूं	1	4
र्ऱा	1	4
र्र्ऱा	1	6
ज्यू़	1	5
द्द्वै	1	6
र्र्ध	1	5
त्राें	1	6
सऺ	1	2
ढंं	1	3
ल्स्कू	1	6
म्ख़्रे	1	7
ग्लैंे	1	6
स्ट्रेा	1	7
ल्लीा	1	5
व्याि	1	5
ज़ोँ	1	4
क़्वीं	1	6
स्तु्क	1	6
क्काि	1	5
ख्त्यः	1	6
क्ष््ण	1	6
ब्दाें	1	6
न्ड्रॉ	1	6
ष्ट्चा	1	6
ड्ते	1	4
ब्लाॉ	1	5
ह्लॉ	1	4
श्ट्र्	1	6
क़ॆ	1	3
न्हॅ	1	4
ज्य़ो	1	5
ज्य़ों	1	6
ष्ट्रॉ	1	6
क्णी	1	4
श्यॉ	1	4
ख्य्कॉ	1	6
प्क्ष	1	5
श्श्यी	1	6
क्ल्हं	1	6
व्श्व	1	5
न्यू़	1	5
ल्द्वे	1	6
फ्ट्रा	1	6
जॅा	1	3
ल्ट्से	1	6
ग्ग्स	1	5
र्फौ	1	4
पु्त्र	1	6
छ्त	1	3
फ्ज़ु	1	5
ढ्ढ	1	3
द्चिं	1	5
र्च्नो	1	6
त्टि	1	4
ग्फु	1	4
ण्द्लु	1	6
यो़	1	3
न्द्धी	1	6
क्स्फ़ो	1	7
स्म्भ्व	1	7
ज़्ज़ु	1	6
र्ग़ं	1	5
ख्य्तः	1	6
त्नोँ	1	5
ल्स्थ	1	5
य्फे	1	4
ॹा	1	2
स्य्म	1	5
ल्क्स्सी	1	8
ष्ट्रौं	1	7
ल्म्फ	1	5
स्न्टे	1	6
त्स्ब	1	5
ति॔	1	3
णि॔	1	3
ऌी	1	2
च्चा्	1	5
न्डैं	1	5
ल्हां	1	5
ल्मेँ	1	5
ब्जी़	1	5
थ्ती	1	4
श्पां	1	5
र्क्ष्मी	1	8
ह्र्दे	1	6
ग्ह्र्म	1	7
खोि	1	3
र्षो्ं	1	6
क्ड्स	1	5
प्स्फ्स्	1	8
ल्व्ड	1	5
र्श्स्टे	1	8
ब्ट्यू	1	6
ब्च्चो	1	6
ल्ंकृ	1	5
ण्ढें	1	5
न्द्र्व	1	7
छंं	1	3
टेेे	1	4
प्लः	1	4
र्क्य्	1	6
च्चेँ	1	5
व्न्दी	1	6
प्सॉ	1	4
स्थ्ला	1	6
छ्न्दों	1	7
फ्घ्ग्फ्ह	1	9
द्घ्द्फ्ह	1	9
ग्फ्ह्ग्फ्ह	1	11
ग्फ्ह्	1	6
ज्पो	1	4
ल्ल्वे	1	6
च़ि	1	3
च़ु	1	3
र््षा	1	5
ड़ूँ	1	4
ज़्दी	1	5
थ्थो	1	4
दूा	1	3
र्र्तों	1	7
ज्व्रा	1	6
क्लें	1	5
ब्गां	1	5
ज्री़	1	5
क़्सू	1	5
ड़्ड	1	4
ख्चा	1	4
ग़्	1	3
ङ़्	1	3
झ़्	1	3
ञ़्	1	3
ण़्	1	3
त़्	1	3
थ़्	1	3
द़्	1	3
ध़्	1	3
ब़्	1	3
य़्	1	3
ल़्	1	3
श़्	1	3
स़्	1	3
ह़्	1	3
ॹ्	1	2
ॻ्	1	2
ॼ्	1	2
ॾ्	1	2
ॿ्	1	2
तू्फा	1	5
फ़्फ़ि	1	6
स्धि	1	4
छ्लि	1	4
डी़ं	1	4
दु्स्था	1	7
द्यू्त	1	6
ड्स्के	1	6
क्स्मी	1	6
र््णा	1	5
प्र्कि	1	6
म्म्च	1	5
क्ख़ा	1	5
भि़	1	3
न॑	1	2
श्नू	1	4
स््मा	1	5
ण्धी	1	4
नैैै	1	4
ऑ़	1	2
श़्म	1	4
≤	1	1
ह्ह्ह्ह्ह्ह्ह्फ्द्ग्	1	20
र्माॅ	1	5
ब्र्ह्ष्ट	1	9
र्ज़ों	1	6
र्हँ	1	4
प़ी	1	3
प्त्सा	1	6
म्स्डे	1	6
न्न्सा	1	6
ग्जों	1	5
क्डि़	1	5
ग्ज़ी	1	5
त्र्का	1	6
छ्पे	1	4
त्ह़	1	4
स्ख़	1	4
ट्ट़	1	4
न्ढ	1	3
ट्र्स	1	5
।ां	1	3
प्शे	1	4
न्गुु	1	5
न्ड़ी	1	5
ग्ड़े	1	5
ग़ुं	1	4
ेो	1	2
व्तु	1	4
ल्भ्रा	1	6
ह्क्षि	1	6
ष्नो	1	4
ष्नौ	1	4
र्त्ने	1	6
अ़्	1	3
ल्य्सु	1	6
द्य़	1	4
श्ंब	1	4
पु्का	1	5
ग्स्की	1	6
फ़्त्स	1	6
र्ख़ी	1	5
ज़्व्या	1	7
ल्हें	1	5
ज्प्क	1	5
ग्ल्य्स	1	7
ल्दें	1	5
फ्ल्क्स	1	7
अँँ	1	3
ज़्व्र	1	6
झ्र्श	1	5
य़ॊ	1	3
थ़िं	1	4
~ं	1	2
र्म्तु	1	6
क्ट्रॊ	1	6
र्क्सै	1	6
ण्तां	1	5
छृं	1	3
हििं	1	4
छ्लाँ	1	5
कोॉ	1	3
न्द्य्	1	6
त॒	1	2
स्र्टी	1	6
ब्र्ह्स्प्ते	1	12
य्ह	1	3
जोँं	1	4
ध्न्यं	1	6
च्टो	1	4
ख़्टे	1	5
द्ल्ते	1	6
ह्न्य	1	5
द्र्रं	1	6
ज्र्य	1	5
औै	1	2
भ्व्य	1	5
।ै	1	2
खाें	1	4
णाें	1	4
ख़्मों	1	6
त्रा़	1	5
र्य़ि	1	5
ताेंे	1	5
ग्डू	1	4
प्फ्ट	1	5
ख्ण्ड	1	5
त्ज्हा	1	6
ह्त्ज़्बा	1	9
म्म्य	1	5
घ्ण्टे	1	6
ब्स्मे	1	6
न्ढी	1	4
बूंं	1	4
ट़ी	1	3
ज़्हु	1	5
र्गॊ	1	4
स्फें	1	5
ब्ता	1	4
श्द्र	1	5
क्ति्	1	5
ब्स्टैं	1	7
त्त्िा	1	6
फ़्श	1	4
ज़्गों	1	6
ल्द्रा	1	6
ल्स्क्यी	1	8
थ्रों	1	5
न्द्ग्लो	1	8
ल्फ़्रि	1	7
त्माँ	1	5
र्द्द्यु	1	8
र्ट्टि	1	6
य्क्कु	1	6
ङ्ङो	1	4
र्व्यों	1	7
श्ो	1	3
र्ुख	1	4
ज़्च	1	4
फ़ः	1	3
ज़ुं	1	4
क्स्पें	1	7
त्मू	1	4
र्न्तं	1	6
र्ष्टं	1	6
र्ह्म	1	5
ष्ठँ	1	4
वै्ञा	1	5
ढ़्ता	1	5
लििंं	1	5
न्त्नै	1	6
हो़	1	3
घेो	1	3
वृि़	1	4
तीे	1	3
ग्डों	1	5
क्रूू	1	5
हुंं	1	4
ब्दाा	1	5
क्गं	1	4
मं॑	1	3
म्कॉ	1	4
ण्ढो	1	4
श्यूं	1	5
ख्खो	1	4
;ंि	1	3
ढूॅ	1	3
ट्रॅा	1	5
टिे	1	3
स्ैप्ब्	1	7
।े	1	2
न्शों	1	5
च्क्षु	1	6
)ि	1	2
मँु	1	3
ण्बॉ	1	4
फी़	1	3
घ़ू	1	3
र्ज्जे	1	6
यॊं	1	3
ल॓	1	2
त़़	1	3
ब्कि	1	4
र्य्थ्रो	1	8
शोंं	1	4
ञ्ञ्वा	1	6
न्त्सां	1	7
अैा	1	3
ज़्बो	1	5
त्व्चा	1	6
कांे	1	4
श्शॉ	1	4
ह्द्र्थ	1	7
श्वाा	1	5
स्तेै	1	5
य्थि	1	4
ढ़्ने	1	5
वॊं	1	3
ड़ॊं	1	4
म्प्थि	1	6
र्स्सी	1	6
का़े	1	4
धू्र	1	4
र्क्वा	1	6
स्थुं	1	5
न्तौं	1	5
ड़्ड़ू	1	6
स्ष्ति	1	6
फ्सं	1	4
र्स्में	1	7
श्शौ	1	4
धुु	1	3
श्श्रृं	1	7
श्श्रे	1	6
त्साँ	1	5
ण्कि	1	4
र्ळा	1	4
र्ङ्ध	1	5
म्य्ला	1	6
त्ज्ह	1	5
र्म्मं	1	6
ज़्मों	1	6
प्थै	1	4
ब्लीं	1	5
स्खी	1	4
म्फ़ै	1	5
म्वं	1	4
र्ें	1	4
द्र्क	1	5
ज्झ्झि	1	6
र्स्टै	1	6
स्खं	1	4
ड््यो	1	5
च्में	1	5
स्म्क्र	1	7
र्थॊं	1	5
म्म्यु	1	6
र्ट्ले	1	6
छ्ड़ी	1	5
फोे	1	3
क्ल्श	1	5
र्व्राि	1	7
म्स्ट्रो	1	8
ल्फ़्ट	1	6
म्प्टो	1	6
स्म्र	1	5
निी	1	3
स्ज्दि	1	6
क़ें	1	4
क्स्से	1	6
लेो	1	3
कु्म्भ	1	6
गे्श्री	1	7
र्स्थ	1	5
स्द्ग	1	5
न्धें	1	5
म्त्स्य	1	7
ध्ब्बे	1	6
ढ़़ेे	1	5
ढ़़ी	1	4
हैैँँ	1	5
स्कृं	1	5
ॿं	1	2
ण्स्र	1	5
ग्य्	1	4
ण्ण्ती	1	6
बेै	1	3
घेे	1	3
ल्यूू	1	5
ग्नैं	1	5
ग्गिं	1	5
द्थों	1	5
भ्ङा	1	4
हूँं	1	4
ट्वो	1	4
ग्ल्ये	1	6
स्काँ	1	5
क्ज़ै	1	5
च्चंु	1	5
हु़	1	3
फ्ैंक	1	5
झूं	1	3
ढ्ँक	1	4
र्ध्र्या	1	8
ठैं	1	3
द्वेै	1	5
न्फ़्रे	1	7
नि़	1	3
प्र्ाा	1	6
ज्म़ा	1	5
ढँू	1	3
ज््ञ	1	4
घ्राा	1	5
द्वृं	1	5
फ्रेो	1	5
ध्राें	1	6
न्ह्नों	1	7
ब़ा	1	3
ष्क्यि	1	6
र्थ्रेाा	1	8
र्डॆ	1	4
क्ल्फि	1	6
हैंा	1	4
न्स्ड्यू	1	8
म्नें	1	5
न्त्य्न्य्स	1	11
ब्र्य्द	1	7
म्य्थ	1	5
गा़	1	3
ड्सा	1	4
त्त्त्त्मा	1	10
ह्बी	1	4
द्श्या	1	6
प्में	1	5
थ्ज्ञा	1	6
र्कि्	1	5
ड़्स	1	4
श्ग्न	1	5
ड़्की	1	5
व्श्य	1	5
ष्ट्ता	1	6
ट्प्प	1	5
ल्फ़्रै	1	7
ज़्याँ	1	6
क्स्क	1	5
र्ब्श्रे	1	8
थ्म्स	1	5
स्ट्रिी	1	7
घोंे	1	4
ठोंी	1	4
ध्त्रा	1	6
न्थू	1	4
ब्जें	1	5
बंें	1	4
पंी	1	3
घ्ड	1	3
घ्ंसी	1	5
वांी	1	4
खूंी	1	4
घोंी	1	4
मंै	1	3
न्थ्स	1	5
ख्त्रि	1	6
ण्ड़ो	1	5
ट्ैंक	1	5
द्दुृ	1	5
·ाा	1	3
शाी	1	3
ष्प्त	1	5
य्क्लि	1	6
र्ंच	1	4
शैै	1	3
न्देा	1	5
र्स्न	1	5
द़ो	1	3
ग्य्पी	1	6
फ्रुं	1	5
ड्थ्रैाी	1	8
र्स्त्वे	1	8
प्स्नो	1	6
द्ल्ला	1	6
ह्पा	1	4
त्य़े	1	5
‹	1	1
ळ्य़ां	1	6
व्यांं	1	6
ब्राॅॅ	1	6
णींं	1	4
च़ौ	1	3
च़ं	1	3
क्र्ध	1	5
शेे	1	3
व्च्या	1	6
क्श्म	1	5
क्क्का	1	6
द्र्य्	1	6
किे	1	3
र्क्रे	1	6
म्ह्गु	1	6
आॕ	1	2
क्क्य	1	5
स्स्तू	1	6
त्क्या	1	6
ठ्यू	1	4
छ्टां	1	5
व्य्र	1	5
ठोें	1	4
तेी	1	3
म्हींं	1	6
खुॅं	1	4
न्हा्	1	5
वृ्ष	1	4
सू़	1	3
ष्णूुा	1	6
क्षीिा	1	6
ऱ्याां	1	6
ट्शे	1	4
त्रॉं	1	5
र्मॉॅं	1	6
मॉॅ	1	3
तीिो	1	4
ड्हॅ	1	4
म्ब्वे	1	6
ड्ऱ्यू	1	6
ग्झों	1	5
द्र्नो	1	6
व्से	1	4
स्त्रोे	1	7
फ्वु	1	4
र्ग्स्या	1	8
न्ट्वा	1	6
न्ड्ऱ्यू	1	8
तीिा	1	4
त्व्ही	1	6
न्क्स्वी	1	8
ठ्नो	1	4
र्सि॑	1	5
ल्ल्ह्य	1	7
ऐै	1	2
ॲॅं	1	3
र्मुी	1	5
स्थाू	1	5
ले्ल्या	1	7
ल्हैा	1	5
ग्रृ	1	4
सु्ल	1	4
त्थ्ल्रा	1	8
चूुो	1	4
रु़ा	1	4
किंं	1	4
ड्ड्म	1	5
शु्क्रा	1	7
स्कृृृृ	1	7
जेे	1	3
च़ू	1	3
ह्स्स	1	5
र्बॅं	1	5
र्ड्श्ट्रॉ	1	10
कृ़	1	3
श्मं	1	4
ड्ल्या	1	6
शेंं	1	4
ठाि	1	3
ग्क्रा	1	6
क्ट्रिी	1	7
ह्क्कां	1	7
ढ्ळ	1	3
ट्शी	1	4
ळीे	1	3
पाी	1	3
य्लु	1	4
मि॔	1	3
प्रांं	1	6
ष्णूु	1	5
ठ्ल्या	1	6
स्र्का	1	6
शैैैैैै	1	7
क्स्ट्ला	1	8
बे॒	1	3
ठा़	1	3
त्म्स्व	1	7
वुु	1	3
स्व्त	1	5
त्ख्श	1	5
ह्ब	1	3
ज्याा	1	5
ऱ्य़ा	1	5
मृु	1	3
किीं	1	4
खांं	1	4
न्व्ही	1	6
रॅा	1	3
क्नॅा	1	5
च्र्या	1	6
वृृृ	1	4
धृृृृ	1	5
धृृृ	1	4
नु़्ष्ये	1	8
त्ही	1	4
कु्र्हा	1	7
बृु	1	3
ताॆ	1	3
डूूू	1	4
स्ष्ट	1	5
🚩	1	1
व्व्ह्ज	1	7
शु्श्रू	1	7
त्वेः	1	5
ड॔	1	2
प्प्दु	1	6
स्स्ख	1	5
र्गाौ	1	5
पु़्ष्य	1	7
श्ले़	1	5
प्टेें	1	6
र्षांं	1	6
न्दूं	1	5
ळ्भ	1	3
हुॅं	1	4
पूॅं	1	4
र्फ़्व	1	6
मू्हां	1	6
ल्ंट	1	4
फ्क्त	1	5
क्ऱ्यू	1	6
स्फ्हॉ	1	6
स्स्सा	1	6
डूॅं	1	4
थेेे	1	4
ल्ह्ट	1	5
मेि	1	3
सेेेें	1	6
ब्धीं	1	5
ख्ख्ती	1	6
र्च्च	1	5
क्कूं	1	5
धींं	1	4
ष्ट्ती	1	6
नेेंे	1	5
⛳	1	1
नॅे	1	3
घ्रू	1	4
खे़	1	3
कुेु	1	4
णाां	1	4
द्या्	1	5
र्लें	1	5
दी़	1	3
प्रे़	1	5
सौंं	1	4
ऱ्याि	1	5
श्चिृ	1	5
झ्हॉं	1	5
र्धॅ	1	4
रोी	1	3
ल्व्ही	1	6
चॅा	1	3
न्स्क्यू	1	8
झ्पी	1	4
त्त्स्ना	1	8
प्त्ती	1	6
क्च्यु	1	6
व्ह्व	1	5
ज्जृं	1	5
झ़ु	1	3
न्स्ति	1	6
द्धा्	1	5
स्थेेे	1	6
याी	1	3
ण्ड्र्यु	1	8
नॉ़	1	3
हॆे	1	3
ग्श्वा	1	6
टंा	1	3
र्क्ि	1	5
ज्ञ्ल्त्	1	8
;ा	1	2
द्र्प	1	5
बेेे	1	4
झ़ो	1	3
बि॑	1	3
ला॑	1	3
ड्डां	1	5
क्थॉ	1	4
र्माा	1	5
सि॓	1	3
हि॓	1	3
ल्य्स	1	5
द्त्रो	1	6
व्छ	1	3
मिि	1	3
चंं	1	3
र्तंं	1	5
त्ठी	1	4
र्ड्स्ली	1	8
द्झ	1	3
ल्म्नो	1	6
द्जे	1	4
कॅा	1	3
ख्चि	1	4
न्क्ने	1	6
ग्झें	1	5
ल्हा्	1	5
दु्का	1	5
त्झ्रा	1	6
म्ब्रॉ	1	6
ल्ड्ज	1	5
ल्फँ	1	4
ग्न्ये	1	6
ल्यें	1	5
पु्न्हा	1	7
त्यूः	1	5
द्वॉॅं	1	6
ष्रे	1	4
ल्पॉ	1	4
त्य्पा	1	6
न्ड्सि	1	6
णु्की	1	5
न्झिं	1	5
ध्य्क्ष	1	7
झ्लॅा	1	5
☪︎	1	2
व्ह्की	1	6
र्धांं	1	6
त्त्व्वे	1	8
क्वू	1	4
य्जे	1	4
ग्व्र	1	5
ड्रँ	1	4
झ्बि	1	4
ध्ती	1	4
झ्विं	1	5
मूुी	1	4
टूुा	1	4
गृृ	1	3
ष्ट्र्कू	1	8
डु्	1	3
र्व्हॉ	1	6
मोॅं	1	4
र्खां	1	5
य्स्क	1	5
च्सा	1	4
ऱ्हु	1	4
ब्लॆ	1	4
ब्रुू	1	5
डोंं	1	4
दूूू	1	4
ष्ट्कू	1	6
रिी	1	3
हेी	1	3
च्ंया	1	5
१ू	1	2
डुूं	1	4
ळेेेे	1	5
व़े	1	3
त्स्यॊ	1	6
दुू	1	3
क्तॆ	1	4
द्सौ	1	4
क़ां	1	4
खॉॅं	1	4
या्	1	3
र्पॉ	1	4
गू्ढ	1	4
म्हैै	1	5
मॢ	1	2
मॣ	1	2
म॒	1	2
म॓	1	2
घ्नें	1	5
रोि	1	3
ह्मीं	1	5
ल्स्पू	1	6
़़	1	2
म्र्बि	1	6
ख्य्चे	1	6
सुृ	1	3
द्र्प्र	1	7
डुि	1	3
प्यॉॅं	1	6
ऱाॅ	1	3
बॉंं	1	4
टुंं	1	4
न्ऱी	1	4
र्ल्गीं	1	7
ळ्ण्या	1	6
ग्त्झी	1	6
ग्ज्	1	4
न्क्ट	1	5
ह्फ़ु	1	5
क्य्ना	1	6
लंं	1	3
स्स्टं	1	6
पु्ढे	1	5
र्फ्चे	1	6
न्द्स्भि	1	8
न्द्स्व	1	7
व्ग्री	1	6
क्रॉं	1	5
झाॅ	1	3
लु्स	1	4
त्त्र्यं	1	8
षीँ	1	3
ऱ्य़ां	1	6
ट्टॅ	1	4
त्त्चा	1	6
छ्ळ	1	3
मा॓	1	3
ना॓	1	3
अ॓	1	2
ब॓	1	2
धा॓	1	3
न्श्लु	1	6
क्वों	1	5
व्ह्रां	1	7
.्	1	2
ड्र्ल	1	5
ग्क्सु	1	6
पु्ण्या	1	7
स॑	1	2
दा॑	1	3
त्त॒	1	4
नीं॒	1	4
जो॒	1	3
व्यो॑	1	5
वः॒	1	3
स्य॒	1	4
र्म॒	1	4
म्भः॒	1	5
मा॑	1	3
ह॑	1	2
भी॒	1	3
लाो	1	3
द्र्यां	1	7
तैैै	1	4
व्ष्ट्रा	1	8
न्त्यी	1	6
ऱ्ह्स्व	1	7
ग्वों	1	5
न्म्स	1	5
णु्का	1	5
च्डू	1	4
थ्नॉ	1	4
न्नीं	1	5
द्घिं	1	5
न्श्यु	1	6
क्साॅ	1	5
द्वॉँ	1	5
ञ्ष्ट्रा	1	8
हैॅं	1	4
सु्खा	1	5
थूः	1	3
त्र्यृ	1	6
द्यॢ	1	4
ऀ	1	1
त्क्	1	4
क्प्	1	4
त्प्	1	4
ग्व्	1	4
ठ्स	1	3
र्सॅं	1	5
ध्रृ	1	4
न्सॉं	1	5
झ्थां	1	5
द्ग्या	1	6
ल्गॉ	1	4
पृ़	1	3
श्ब्दां	1	7
त्झॉ	1	4
र्ग्ल	1	5
ङ्न्या	1	6
ङ्ग्न्या	1	8
न्शॉ	1	4
र्चॉ	1	4
ग्चौ	1	4
नॅॅ	1	3
ब्रॉॅं	1	6
ढू्न	1	4
प्लेे	1	5
त्त्म्या	1	8
क्क्ती	1	6
स्फॉॅं	1	6
त्त्स्ता	1	8
स्ट्न	1	5
ळ्पा	1	4
ड्ण्या	1	6
स्प्रें	1	7
ग्रांं	1	6
कुॅं	1	4
मूॅं	1	4
सू्र्यो	1	7
ळ्जा	1	4
धु्मा	1	5
बूॅं	1	4
मैंं	1	4
फ़्थ	1	4
र्ल्स्टे	1	8
थ्थु	1	4
स्ट्रँ	1	6
घांं	1	4
ल्ल्स	1	5
न्क्ल्यू	1	8
↑	1	1
श्डे	1	4
ढ्ढो	1	4
ख्रां	1	5
न्ब्रे	1	6
व्छि	1	4
.ौ	1	2
चा्	1	3
पोंं	1	4
टीि	1	3
झ्ये	1	4
व्ह्स्क	1	7
स्ग्रु	1	6
ट्व्हे	1	6
क्रीी	1	5
ग्ण्या	1	6
श्गु	1	4
⅔	1	1
त्स्झ	1	5
तू़	1	3
र्ल्डं	1	6
द्रॉ	1	4
ग्च्ह	1	5
स्वॉं	1	5
द्धि्	1	5
ड्यॉ	1	4
ष्ट्र्प्र्मु	1	12
शोि	1	3
ल्व्यू	1	6
स्च्या	1	6
सीॅ	1	3
न्व्हं	1	6
ल्हॅ	1	4
सॅॅं	1	4
म्स्ली	1	6
ख्झ	1	3
र्व्चे	1	6
४ा	1	2
फ्ये	1	4
हाी	1	3
ष्प्शी	1	6
स्थॉ	1	4
ज्यु्लि	1	7
स्त्त्या	1	8
ग्त्झे	1	6
व्ह्यां	1	7
क्टं	1	4
›	1	1
मेॅं	1	4
ळ्च्या	1	6
ह्गि	1	4
घ्रां	1	5
क्क्वा	1	6
ऱ्री	1	4
ल्ट्न	1	5
ड्च्या	1	6
ण्जे	1	4
स्ळू	1	4
ब्डॉ	1	4
बॅँ	1	3
न्थॉं	1	5
न्ट्सा	1	6
ब्झो	1	4
झ्ग्वा	1	6
स्ट्ये	1	6
पेंं	1	4
ल्प्ने	1	6
न्यूं	1	5
ळ्क्या	1	6
व्हि्	1	5
स्ट्ने	1	6
न्स्त्रु	1	8
च्छ्क	1	5
स्प्ती	1	6
ज्य्या	1	6
ळ्णे	1	4
ग्झु	1	4
लोो	1	3
स्क्रॅं	1	7
दॅा	1	3
श्स्वी	1	6
म्ब्तू	1	6
ह्य़ु	1	5
न्जॅ	1	4
व्ंश	1	4
म्व्रो	1	6
य्त्	1	4
र्ऱ्यां	1	7
त्च्ते	1	6
र्ल्यू	1	6
बा़ं	1	4
ण़ि	1	3
ट्रेे	1	5
ल्ह्य़ां	1	8
भाो	1	3
द्द्न	1	5
लि्	1	3
न्प्से	1	6
स्ड्रि	1	6
न्स्ब्रे	1	8
ल्य्या	1	6
ध्हा	1	4
र्थ्यांं	1	8
लुि	1	3
रॅॅं	1	4
न्न्पू	1	6
त्र्य़ं	1	7
र्हू्ू	1	6
द्ष्टी	1	6
स्झें	1	5
तुि	1	3
ष्ट्म	1	5
स्त्रीे	1	7
व़ृ	1	3
श्मिे	1	5
ऑंॅं	1	4
व्रॅ	1	4
प्टीं	1	5
त्स्यु	1	6
म्लॉ	1	4
ऩि॒	1	3
मौौ	1	3
लुू	1	3
रे्श	1	4
वि़्	1	4
सं़	1	3
र्क्सा	1	6
ध्य॓	1	4
य्गू	1	4
त्य़ु	1	5
न्झॉ	1	4
ण्या़	1	5
ब्र्ये	1	6
र्थॅ	1	4
र्क्ट्ल	1	7
कोॅं	1	4
ध्फि	1	4
ढ्मि	1	4
र्झि	1	4
स्वॅ	1	4
ध्व्या	1	6
षे़	1	3
स्मृ्ति	1	7
फेि	1	3
क्यूु	1	5
फींं	1	4
ख्हे	1	4
क्स्ट्रॉ	1	8
ठ्ठ्ती	1	6
न्स्बी	1	6
न्झों	1	5
त्गे	1	4
प्र्स	1	5
स्पीं	1	5
ष्ष्ट्य	1	7
झ्लि	1	4
व्ह्स्का	1	8
ब्र्ह्म	1	7
ल्येः	1	5
र्न्ड्र्यू	1	10
येॅं	1	4
श्र्रा	1	6
श्त्यां	1	7
}ं	1	2
र्त्यू	1	6
गॉँ	1	3
र्ट्रं	1	6
द्दूं	1	5
क्स्र	1	5
टॅा	1	3
द्र्र्या	1	8
न्होीं	1	6
ट्लां	1	5
ड्य़ां	1	6
झ्झ्या	1	6
जिॅं	1	4
र्भॅं	1	5
द्न्य	1	5
द्दिॅं	1	6
विॅं	1	4
ईॅं	1	3
र्केॅं	1	6
तोॅं	1	4
खॅं	1	3
ल्क्ष्म	1	7
भ्युं	1	5
रि़	1	3
न्स्चे	1	6
ल्पॅ	1	4
फ्फु्स	1	6
तीॅं	1	4
श्र्ले	1	6
ग्नीि	1	5
कॉ्	1	3
स्थें	1	5
ष्ण्का	1	6
च्घ्या	1	6
क्क्कु	1	6
र्ड्रे	1	6
स्ह्ट्री	1	8
ख्तीं	1	5
ड्स्ना	1	6
न्स्तां	1	7
क्क्यू	1	6
स्र्टॅ	1	6
प्प्स	1	5
स्ऱ्या	1	6
र्न्सा	1	6
चेा	1	3
र्झॉ	1	4
ग्स्टी	1	6
न्लॅ	1	4
र्व्हो	1	6
दु्र्गे	1	7
तीि	1	3
झ्हा	1	4
हाेेे	1	5
च्ह्या	1	6
ख्खूं	1	5
ल्च्यु	1	6
ट्झ्ना	1	6
क्र्मे	1	6
ळ्लो	1	4
ध्स्थि	1	6
क्ब्या	1	6
ज्जूं	1	5
च्बा	1	4
म्म्यो	1	6
झ्त	1	3
न्त्झ	1	5
च्छ्ति	1	6
र्श्व्स	1	7
ब्डा	1	4
ॲु	1	2
द्ध्धां	1	7
येृ	1	3
म्ल्	1	4
मृ्द्ध	1	6
ण्य़ां	1	6
क्ट्झि	1	6
ख्बे	1	4
क्स्यु	1	6
थ्रॉं	1	5
सेेे	1	4
त्त्नी	1	6
व्ड़ी	1	5
लौॅं	1	4
न्न्हा	1	6
-्	1	2
र्श्भू	1	6
य्लि	1	4
ट्र्ंपे	1	7
৳	1	1
न्च्क्यां	1	9
ठिा	1	3
श्व़	1	4
घुुु	1	4
ढेेे	1	4
बु्द्रु	1	7
णिि	1	3
य्ग्ग्वा	1	8
क्षे़	1	5
प़ा	1	3
र्चुं	1	5
डोॅं	1	4
भेाै	1	4
र्ळे	1	4
निंं	1	4
दांं	1	4
खु्र्द	1	6
कोंं	1	4
मी़	1	3
]ा	1	2
श्ष्ट	1	5
र्थंीं	1	6
त्फे	1	4
दिी	1	3
र्धें	1	5
झ्ते	1	4
म्ब्वा	1	6
ड्ब्लु	1	6
ष्ट्र्म	1	7
केें	1	4
प्र्धे	1	6
स्ट्डि	1	6
ट्च्या	1	6
ण्ण्या	1	6
र्टांं	1	6
डॅॅं	1	4
स्मृ्ती	1	7
ग्ग्द	1	5
चेेें	1	5
द्र्का	1	6
र्य़ं	1	5
ण्टॅ	1	4
ड्याॅ	1	5
ज्ञृ	1	4
युॅं	1	4
ष्ट्र्त	1	7
द्ऱ्यं	1	6
ळा्	1	3
ट्क्ष	1	5
ब्धै	1	4
ड्भ्यां	1	7
ल्कीं	1	5
दॉॅं	1	4
न्स्लँ	1	6
ताृे	1	4
त्झ्नि	1	6
ळीिं	1	4
क्नॉं	1	5
ध्य्भा	1	6
ग्री़	1	5
व्हंे	1	5
प््र	1	4
ख्खा्	1	5
.ी	1	2
स्माॅ	1	5
ल्कॅं	1	5
ज्जीं	1	5
प्रेेे	1	6
णूूू	1	4
व्ह्यु	1	6
स्पाँ	1	5
र्व्हां	1	7
ळ्यांं	1	6
बॅॅं	1	4
दु्ल	1	4
झ्डा	1	4
हॅा	1	3
ग्तों	1	5
र्ब्रँ	1	6
शेा	1	3
डांं	1	4
स्ट्टु	1	6
प्रॅा	1	5
ट्रा्	1	5
न्ड्जे	1	6
बँँ	1	3
त्स्फ़ू	1	7
होॅं	1	4
र्नीं	1	5
न्व्हॅ	1	6
र्न्ली	1	6
ल्बँ	1	4
ह्ल्स्च्रे	1	10
द्स्सो	1	6
व्ह्ते	1	6
क्ष्णु	1	6
ग्च्या	1	6
त्य्पू	1	6
ड्वाॅ	1	5
ग्टू	1	4
स्गँ	1	4
स्गां	1	5
नांे	1	4
स्र्क	1	5
श्णां	1	5
ज्याी	1	5
व्ह्ळे	1	6
व्ह्में	1	7
ही़	1	3
याां	1	4
ल्ग्वा	1	6
न्डाॅ	1	5
येू	1	3
स्ट्ले	1	6
न्क्रु	1	6
च्र्यु	1	6
फ्ट्रो	1	6
थ्ल	1	3
द्ध्चा	1	6
ल्डॅ	1	4
ख्रू	1	4
फाॅॅ	1	4
कॉ्ं	1	4
त्र्त्वा	1	8
ष्ट्नी	1	6
ब्युं	1	5
श्यांं	1	6
लु्क्या	1	7
नंी	1	3
जु्न्या	1	7
श्च्क्री	1	8
श्फि	1	4
य्रु	1	4
म्गि	1	4
य्व्ह	1	5
अँं	1	3
ल्मॉं	1	5
ट्त्सं	1	6
ग्ल्यु	1	6
न्झं	1	4
हेू	1	3
स्त्के	1	6
ण्त्या	1	6
ठ्ठ्यां	1	7
ल्खं	1	4
म्ह्सो	1	6
क्स्च्या	1	8
लीू	1	3
ल्थॅ	1	4
झोंं	1	4
स्ट्भा	1	6
ळ्बु	1	4
न्लें	1	5
ल्ल्य्री	1	8
स्क्रूं	1	7
ट्युु	1	5
क्ट्म	1	5
पॅॅ	1	3
ब्क्ने	1	6
डॊं	1	3
ड्झु	1	4
र्स्ट्रे	1	8
ज्यॅं	1	5
र्शृं	1	5
ड़ाॅ	1	4
झ्डे	1	4
व्स्त	1	5
न्ख्ये	1	6
र्व्ह्ज	1	7
ष़ां	1	4
ंं	1	2
न्शीं	1	5
व्हॉं	1	5
न्कों	1	5
ग्ही	1	4
व्त्सी	1	6
ज्शे	1	4
क्र्मां	1	7
ज्ञु	1	4
णैं	1	3
प्तीं	1	5
मे्हं	1	5
पे़	1	3
ढ्ळू	1	4
कूू	1	3
क्ल्ये	1	6
म्विं	1	5
न्क्वो	1	6
सु्शी	1	5
श्लं	1	4
व्हु	1	4
मेेेे	1	5
ब्झा	1	4
ल्ट्स्यो	1	8
पे्क्षि	1	7
ळेें	1	4
)ा	1	2
र्वॉ	1	4
म्ह्ता	1	6
ठ्ला	1	4
ठ्ठ्ला	1	6
त्म्य्य	1	7
ठ्ठ्लू	1	6
र्ण्प	1	5
भॅं	1	3
ॲंे	1	3
ॲो	1	2
र्फीं	1	5
ठ्जी	1	4
क्खुं	1	5
व्त्से	1	6
द्न्या	1	6
व्य़ु	1	5
रुंं	1	4
त्नें	1	5
जीे	1	3
६ा	1	2
ण्ि	1	3
हु्ल्या	1	7
ट्ल्यु	1	6
ह्रिं	1	5
स्लॅं	1	5
ब्लिी	1	5
आु	1	2
त्झ्र	1	5
सुुुुुुुुुुुुुुु	1	16
च्या़	1	5
र्ल्यु	1	6
व्ह्ल	1	5
छ्म्	1	4
फ्शि	1	4
य्क्त्त	1	7
द्द्ष्टी	1	8
स्न्तो	1	6
र्लॉं	1	5
ही्	1	3
द्रांं	1	6
त्रांं	1	6
ण्डॉ	1	4
ण्ंद	1	4
व्पा	1	4
र्शांं	1	6
श्ट्यॉ	1	6
त्वा़	1	5
ख्ष	1	3
न्बें	1	5
ष्ष्णू	1	6
वीे	1	3
कॆे	1	3
णिे	1	3
च़्या	1	5
झ्यां	1	5
बॉों	1	4
म्प्लॉ	1	6
क्स्ची	1	6
धु्न	1	4
डोा	1	3
न्कॅ	1	4
र्ट्यि	1	6
बूृ	1	3
ड्र्न	1	5
न्ग्डॉ	1	6
र्स्यू	1	6
ह्त्त्या	1	8
ब्द्को	1	6
तंी	1	3
म्त्रि	1	6
त्डे	1	4
ज्वीं	1	5
प्नीं	1	5
न्द्रें	1	7
ष्टें	1	5
र्वीः	1	5
र्गीं	1	5
ट्र्रे	1	6
ड्क्या	1	6
र्ष्टां	1	7
र्े	1	3
ल्फ़्रॉ	1	7
स्न्मा	1	6
ल्ल्फ़ी	1	7
ये्स	1	4
ह्चे	1	4
दे्णे	1	5
ळ्यु	1	4
फ्तॅ	1	4
र्य्की	1	6
र्स्ड्	1	6
घ्वां	1	5
शाै	1	3
व्ह्री	1	6
र्ट्लि	1	6
णेा	1	3
पोा	1	3
त्र्प	1	5
न्न्प	1	5
त्र्भा	1	6
त्शृं	1	5
व्य्क्ती	1	8
ह्र्षि	1	6
ठेेेे	1	5
मॕ	1	2
म्झ्न्थे	1	8
र्नु्	1	5
ट्नेे	1	5
केेेे	1	5
ल॒	1	2
च्यौं	1	5
र्ूख	1	4
र्र्छौं	1	7
र्टीा	1	5
र्द्छ्न्	1	8
म्द्र	1	5
ञ्चाे	1	5
थ्वं	1	4
श्ौा	1	4
फ्ठा	1	4
ब्ड्रु	1	6
म्द्रू	1	6
श्क्षि	1	6
क्रोँ	1	5
ग्ज्द्	1	6
ग्भ्	1	4
र्स्युँ	1	7
स्न्यु	1	6
न्स्नि	1	6
स्व्च्छ	1	7
य्हा	1	4
त्ज्	1	4
लीा	1	3
ज्ल्या	1	6
यीँ	1	3
स्प्रीं	1	7
ग्गिँ	1	5
वोे	1	3
स्क्यी	1	6
ङ्थो	1	4
ल्ठ्री	1	6
ग्ड्रु	1	6
ब्ज्यु	1	6
द्शु	1	4
ङ्तो	1	4
་	1	1
म्छ्य	1	5
न्ध्रौं	1	7
न्नेे	1	5
प्ही	1	4
त्हेँ	1	5
क्ह्वो	1	6
न्दैै	1	5
म्श्रि	1	6
कुंँ	1	4
ठ्रि्	1	5
क्षे॑	1	5
ञ्च्ल	1	5
न्न्ती	1	6
.ः	1	2
छौ्	1	3
म्चिँ	1	5
छि्	1	3
स्टुं	1	5
र्ेप	1	4
ग्ंया	1	5
ध्द्ध	1	5
स्श्रि	1	6
र्द्यो	1	6
पु्च्छ्रे	1	9
भं्र	1	4
न्हुँ	1	5
चु्दी	1	5
प्डी	1	4
थ्र्ये	1	6
व्याँ	1	5
झाै	1	3
ठ्चा	1	4
ब्टो	1	4
स्श्रो	1	6
डौंः	1	4
क्स्टु	1	6
ड़्ग	1	4
झ्थे	1	4
ट्दि	1	4
झ्छु	1	4
न्थ्योे	1	7
र्षृ	1	4
र्र्त्ति	1	8
र्ङ्की	1	6
पुृ	1	3
ङ्किे	1	5
ड्हा	1	4
त्क्यौ	1	6
खोै	1	3
टे्ट	1	4
क्ट्र्रो	1	8
र्लूं	1	5
म्भिी	1	5
श्ुभ	1	4
ल्ल्हा	1	6
प्ह	1	3
म्जै	1	4
ज्गो	1	4
फ्ह्द्फ्क्ल्सि	1	14
ट्क्स्ट	1	7
र्ूर्ती	1	7
झ्व	1	3
न्ह्व	1	5
अेा	1	3
ड्किँ	1	5
ग्द्वा	1	6
कैँ	1	3
ङ्न्ट	1	5
ङ्ल्हो	1	6
+ा	1	2
+ी	1	2
+ु	1	2
+े	1	2
+ै	1	2
+ो	1	2
+ौ	1	2
+ं	1	2
+ः	1	2
द्सो	1	4
डे्वे	1	5
नेै	1	3
पेै	1	3
न्शें	1	5
ङ्कोा	1	5
ध्ली	1	4
ब्भ्क्ष्द्घ्	1	12
स्घ्फ्	1	6
न्ग्ब्व	1	7
ब्ः	1	3
व्ट्	1	4
ल्भां	1	5
ष्ते	1	4
र्षाै	1	5
ल्ल्ले	1	6
ङ्ड्रो	1	6
स्टृ	1	4
म्सै	1	4
ड्तो	1	4
म्डु	1	4
ज्नै	1	4
गिँं	1	4
थिि	1	3
र्ुमा	1	5
र्ुभा	1	5
र्ण्र्ो	1	7
र्ेर्सि	1	7
व्धी	1	4
ण्डाै	1	5
हींँ	1	4
क्थ्	1	4
ल्क्भि	1	6
न्स्भि	1	6
र्न्हि	1	6
न्द्सै	1	6
ल्फ्ग	1	5
तौैँ	1	4
नु्भ	1	4
र्ैैेखि	1	7
फ्सो	1	4
६ु	1	2
२ु	1	2
भ्याँ	1	5
फँा	1	3
र्ुे	1	4
ध्किां	1	6
र्ुगा	1	5
थ्वु	1	4
काुे	1	4
ण्यी	1	4
पु्र्ण	1	6
न्त्ले	1	6
श्पि	1	4
काँैं	1	5
छ्ट्टा	1	6
क्वोँ	1	5
ल्ह्व	1	5
इू	1	2
कृ्षि	1	5
क्स्यो	1	6
क्ष्नी	1	6
लेेेे	1	5
ढेेेे	1	5
न्ध्न	1	5
स्छौं	1	5
ढ्छौं	1	5
फ्व	1	3
म्झ्ि	1	5
गूू	1	3
औँँ	1	3
म्माा	1	5
क्सिो	1	5
श्व्वा	1	6
म्त्ति	1	6
म्त्री	1	6
द््	1	3
न्छ्नः	1	6
म्स्त	1	5
भ्क्सी	1	6
भ्स्का	1	6
ब्य्रो	1	6
स्क्ये	1	6
ख्स्टा	1	6
त्भे	1	4
ख॑	1	2
ल्क्स्टा	1	8
म्प्टि	1	6
भोे	1	3
र्प्पा	1	6
भ्लि	1	4
ङ्ग्स्को	1	8
प्सुं	1	5
ङ्ह्य	1	5
न्छें	1	5
म्ब्रु	1	6
ज्छौ	1	4
श्याँ	1	5
फ्नों	1	5
त्त्नि	1	6
र्द्ध्वा	1	8
छ्र्यौ	1	6
हाु	1	3
ध्धे	1	4
ङ्ख्रु	1	6
ल्भी	1	4
ल्फ्को	1	6
र्फ्याँ	1	7
याै	1	3
श्न्चि	1	6
ण्की	1	4
र्र्दा	1	6
द्जि	1	4
प्थ्यो	1	6
ट्थ्यौँ	1	7
खिु	1	3
न्र्थे	1	6
र्जूृ	1	5
न्द्दा	1	6
ब्ख	1	3
ब्ङ	1	3
न्ग्द	1	5
न्च्ह	1	5
न्च्छ	1	5
क्क्रा	1	6
श्क्ता	1	6
ढ््न	1	4
न्ग्गो	1	6
ठ्मु	1	4
त्श्य	1	5
ण्ण्ण्मा	1	8
छ्वी	1	4
म्दों	1	5
ल्स्बा	1	6
ढ्न्	1	4
ज्रिँ	1	5
ष्किो	1	5
साैं	1	4
र्नु्को	1	7
रेेेेेेेे	1	9
ड्फ्ड्फ्	1	8
म्झ्यो	1	6
स्स्सि	1	6
र्छः	1	4
ख्नुे	1	5
चुि	1	3
स्छे	1	4
ट्छे	1	4
त्र्चा	1	6
ष्टे्लि	1	7
श्बै	1	4
ग्डें	1	5
अ्ँ	1	3
अ्ं	1	3
ग्ग्गा	1	6
त्क्यै	1	6
न्ढो	1	4
र्न्द्री	1	8
ढ्ला	1	4
न्ह्यु	1	6
ङ्नु	1	4
बंै	1	3
म्बि्	1	5
य्क्त	1	5
मे्र	1	4
न्श्टा	1	6
न्क्ट्	1	6
क्थो	1	4
प्मु	1	4
ष्टे्र	1	6
दु्चे	1	5
ल्टीा	1	5
न्स्र	1	5
र्याो	1	5
योाँ	1	4
ऊँं	1	3
द्य्पि	1	6
ल्न्ट	1	5
८ं	1	2
ज्स्त	1	5
ढिे	1	3
म्झि्	1	5
ज्योँ	1	5
न्याँ	1	5
प्न्या	1	6
षिॅ	1	3
षीॅ	1	3
कँु	1	3
च्छ्नू	1	6
न्कोः	1	5
स्र्र्रो	1	8
ञ्छू	1	4
ढ्रं	1	4
ङ्स्या	1	6
विृ	1	3
ईँँँँ	1	5
क्ल्यो	1	6
आँँ	1	3
रूो	1	3
घु्	1	3
छ्छि	1	4
छ्रि	1	4
न्डेेेेे	1	8
जुुु	1	4
ब्त्सु	1	6
न्ग्पा	1	6
टोे	1	3
क्लिँ	1	5
म्पू्र्ण	1	8
७ः	1	2
प्रौे	1	5
म्सृ	1	4
प्ऩ	1	3
भ्ेटि	1	5
थ्दै	1	4
छिँ	1	3
क्डि	1	4
ग्खा	1	4
षाा	1	3
च्युा	1	5
ज्रि्	1	5
स्व्स्थ्य	1	9
ल़ी	1	3
ह्च	1	3
ख्दो	1	4
छेै	1	3
द्येः	1	5
हु्ँ	1	4
पु्र्णि	1	7
बा्	1	3
सु्न्ना	1	7
ब्ष्ट्रे	1	8
ण्ह्	1	4
झँै	1	3
ह्प्ता	1	6
ट्थ्यो	1	6
क्थ्यौँ	1	7
म्लाँ	1	5
ढेंँ	1	4
हुँ्र	1	5
त्धि	1	4
म्ह्न्सा	1	8
त्न्ये	1	6
झ्ैँ	1	4
झ्म्ट	1	5
क्छ्या	1	6
र्ुर्के	1	7
र्व्ये	1	6
र्र्गु	1	6
र्दैं	1	5
र्माो	1	5
म्ल्बे	1	6
थाू	1	3
ल्ड्चा	1	6
स्र्युँ	1	7
स्र्यू	1	6
त्र्याँ	1	7
झ्ुक्क	1	6
ट्छ्न	1	5
ष्ट्रि्	1	7
ड्प्पा	1	6
र्र्ज	1	5
म्भ्या	1	6
डौैं	1	4
र्स्यूँ	1	7
स्र्यूं	1	7
र्छ्र	1	5
र्भेः	1	5
झ्ा	1	3
झ्ण्डै	1	6
ब्क्ष्	1	6
र्ेर्ने	1	7
प्स्ट्र	1	7
श्र्ण	1	5
ङ्ग्राे	1	7
रेै	1	3
न्त्नु	1	6
णोे	1	3
डाी	1	3
छ्य्	1	4
ज्गा	1	4
ण्ङ्को	1	6
ब्ल्यां	1	7
न्ड्ले	1	6
ल्म्या	1	6
न्क्ि	1	5
प्वः	1	4
ह्रौँँ	1	6
ह्रांँ	1	6
ण्नु	1	4
म्र्रा	1	6
छिे	1	3
षौं	1	3
त्प्प	1	5
ठीः	1	3
ड्क्यो	1	6
ब्यँु	1	5
न्न्टे	1	6
क्न्छ	1	5
ङ्पु	1	4
ख्था	1	4
छ्व	1	3
न्डे्र	1	6
न्डि्	1	5
ष्क्रू	1	6
बिु	1	3
ल्न्या	1	6
ख्छू	1	4
हुि	1	3
ग्ट्छ	1	5
न्सँ	1	4
भ्ते	1	4
स्ुत	1	4
ङ्था	1	4
घ्ही	1	4
म्वाँ	1	5
न्स्ला	1	6
न्र्यू	1	6
द््भ	1	4
न्दे्र	1	6
ह्य्रा	1	6
चाि	1	3
मािा	1	4
ण्ड्दै	1	6
सिृ	1	3
ग्ल्यिा	1	7
ह्डा	1	4
न्डां	1	5
य्के	1	4
क्ष्भ	1	5
हु्न्	1	5
उँी	1	3
ब्द्वा	1	6
स्फ्री	1	6
र्ष्को	1	6
प्थ्या	1	6
भ्ुा	1	4
एु	1	2
पु्	1	3
मु्र	1	4
पं्र	1	4
हु्ँदा	1	6
न्दोो	1	5
च्छौं	1	5
प्रा्	1	5
म्ट्या	1	6
ष्ट्र्यि	1	8
र्रोे	1	5
र्था्	1	5
प्रिा	1	5
फुु	1	3
न्न्को	1	6
।ू	1	2
अैां	1	4
ञ्चों	1	5
र््नु	1	5
छोै	1	3
ङ्ग्ने	1	6
भ्वाँ	1	5
ञ्ज्यां	1	7
शोे	1	3
ज्वां	1	5
क्ेर	1	4
त्र्द	1	5
टोा	1	3
ह्दा	1	4
र्र्श्व	1	7
बांँ	1	4
हंँ	1	3
न्र्द	1	5
ल्ल्ंघ	1	6
ढ्यौँ	1	5
ण्वाः	1	5
ल्स्यौं	1	7
म्ो	1	3
रू्ले	1	5
क्च्छि	1	6
पाो	1	3
यांै	1	4
व्ल्याँ	1	7
ल्ल्ाा	1	6
गंै	1	3
ल्कँ	1	4
हीा	1	3
ध्बा	1	4
ह्र्य	1	5
र््प	1	4
त्श्रा	1	6
वैँ	1	3
श्च्व	1	5
स्रँे	1	5
क्ष्ँेप	1	7
धुौं	1	4
ध्रौं	1	5
म्य्को	1	6
पा्	1	3
ष्णु्का	1	7
नु्दे	1	5
पिा	1	3
स्ं	1	3
डेेे	1	4
नेेेेेेेे	1	9
ण्ड्ह	1	5
प्रै्र	1	6
ब्डी	1	4
फोँ	1	3
श्बि	1	4
ठाा	1	3
धंै	1	3
श्व्वी	1	6
र्नेु	1	5
र्स्यौं	1	7
भृ्ङ्ग	1	6
थ्द्व	1	5
ल्गें	1	5
छ्र्रिं	1	7
अंाै	1	4
ज्र्	1	4
ल्नुं	1	5
झ्र्च्र्ण्	1	10
र्न्र्स	1	7
श्रि्	1	5
उै	1	2
बिी	1	3
जोि	1	3
धाि	1	3
नैि	1	3
न्च्यु	1	6
ङ्र्घ	1	5
र्र्थी	1	6
ज्क्ष्ख्क्ष्ब्क्ष्म्क्	1	22
९ी	1	2
प्वँ	1	4
क्ष्ाि	1	6
र्र्यो	1	6
च्ब्ी	1	5
क्ष्ी	1	5
भ्थ्	1	4
त्ग्च्ल्भ्च्को	1	14
ब्च्ब्त्क्ष्ख्भ्	1	16
ब्ल्म्	1	6
भ्त्थ्ः	1	7
न्क्ष्ब्ी	1	9
म्क्ष्	1	6
त्क्ष्	1	6
ल्ब्च्थ्	1	8
भ्ह	1	3
न्ग्चु	1	6
ब्द्रुं	1	7
भैु	1	3
उाँ	1	3
च्छ्बी	1	6
फ्न्	1	4
स्न्क्री	1	8
ल्म्बु	1	6
ल्ल्को	1	6
ख्व्यं	1	6
ट्ख्वा	1	6
फ्वं	1	4
म्ब्न्धि	1	8
एो	1	2
च्मा	1	4
ब्तो	1	4
क्ष्बा	1	6
ट्ट्र	1	5
घोँ	1	3
प्क्षि	1	6
र्र्ने	1	6
ड्गौ	1	4
ढ्यौं	1	5
ङ्ग्र्री	1	8
ख्र्यौै	1	7
स्र्यौं	1	7
ढ््य्यौ	1	7
र्ङा	1	4
न्रि्	1	5
ख्योँ	1	5
ङ्ट्या	1	6
ल्छौा	1	5
डुा	1	3
ख्लै	1	4
छाैँ	1	4
न्वाँ	1	5
म्राे	1	5
स्ताे	1	5
न्काँ	1	5
छौा	1	3
पूा	1	3
दँै	1	3
ध्भु	1	4
छांै	1	4
स्ट्र्ेल	1	8
र्ताी	1	5
स्निं	1	5
ज्क्स	1	5
र्क्च	1	5
पाू	1	3
ङ्हु	1	4
ट्जू	1	4
जँे	1	3
प्छौँ	1	5
रंौ	1	3
पँा	1	3
टु्र	1	4
प्ि	1	3
ल्नेेेे	1	7
खु्ट्टा	1	7
पेेेेेेे	1	8
र्द्थ्यो	1	8
र्स्र्यु	1	8
ल्ल्ज	1	5
धेु	1	3
र्स्सँ	1	6
ध्व्जे	1	6
म्म्ना	1	6
े्	1	2
फु्ल्पि	1	7
क्ज्क्	1	6
ङ्गंं	1	5
र्चेे	1	5
खे्र	1	4
ल्छ्	1	4
झंै	1	3
ष्फु	1	4
न्ट्ल	1	5
ग्र्र	1	5
प्क्र	1	5
झ्ल्या	1	6
७ۛ	1	2
३ۛ	1	2
व्यूँ	1	5
हृे	1	3
क्क्नु	1	6
ल्ल्ो	1	5
र्षाा	1	5
क्ढ	1	3
भे्र	1	4
ङ्य्या	1	6
पाि	1	3
￶	1	1
+ृ	1	2
म्म्लि	1	6
दु॒	1	3
ट्ट्यो	1	6
फ्ल्भ	1	5
प्र्या	1	6
आँैं	1	4
⁄	1	1
ढ्गा	1	4
ङ्स्टो	1	6
न्क्षी	1	6
दु्र्	1	5
स्प्ली	1	6
न्ङ्क्टा	1	8
कोि	1	3
स्खौ	1	4
च्कै	1	4
श्सि	1	4
न्घ्खो	1	6
मीृ	1	3
स्क्ट्या	1	8
दीँ	1	3
षाॅ	1	3
यांँै	1	5
च्थि	1	4
ब्स्टे्र	1	8
ल्झिँ	1	5
न्योँ	1	5
ध्व्जा	1	6
मिृ	1	3
र्झ्नु	1	6
र्झ्दै	1	6
झ्रि	1	4
नुुु	1	4
म्स्चि	1	6
त्ऱी	1	4
८ु	1	2
९ु	1	2
३ू	1	2
ल्पुं	1	5
थेै	1	3
र्थ्यौं	1	7
र्रा्	1	5
न्ट्र्यु	1	8
ढै्या	1	5
छ्मु	1	4
र्म्ला	1	6
व्मी	1	4
ब्स्थि	1	6
ब्र्ती	1	6
ब्थो	1	4
क्जुं	1	5
म्खे	1	4
स्न्गी	1	6
ग्त्स्क	1	7
फ््नो	1	5
न्खु	1	4
स्श्त	1	5
न्छ्स्	1	6
भिा	1	3
दे्खि	1	5
प्रुा	1	5
~ा	1	2
७्	1	2
दैै्र्र	1	7
र्स्तु	1	6
ह्न्कु	1	6
ङ्त्यी	1	6
ङ्र्	1	4
मु्रँ	1	5
रीु	1	3
ढंु	1	3
स्ट्स्जे	1	8
क्व्या	1	6
ङ्क्सी	1	6
कु्कु	1	5
टो्	1	3
न्स्मा	1	6
व्नु	1	4
ड्थ्यो	1	6
च्थ्यो	1	6
कुे	1	3
त्तीे	1	5
ज्छि	1	4
क्श्जे	1	6
क्षांं	1	6
मीू	1	3
ध्धु	1	4
हौंँ	1	4
ैै	1	2
नेेेेेेे	1	8
टाु	1	3
झिा	1	3
औंा	1	3
साँै	1	4
म्प्ि	1	5
भ्ट्टा	1	6
स्ंवा	1	5
त््सिं	1	6
ट्छौ	1	4
ज्थे	1	4
ढ्थ्यो	1	6
न्त्त्र	1	7
ग्ंगो	1	5
ब्ंगा	1	5
स्युं	1	5
ड्कौँ	1	5
म्र्स	1	5
ख्र्या	1	6
डे्ग	1	4
ठ्थ्यो	1	6
ढोि	1	3
याो	1	3
लौँ	1	3
ढ्ह	1	3
क्शिा	1	5
षाि	1	3
ौं	1	2
र्ौं	1	4
क्न्थे	1	6
ल्झ्यौं	1	7
त्रृृ	1	5
ट्ज्जे	1	6
ट्टीँ	1	5
ङ्खृ	1	4
ल्लाो	1	5
चौे	1	3
र्खौै	1	5
गााो	1	4
बाो	1	3
न्ग्या	1	6
ण्डौै	1	5
ङ्डे	1	4
ङ्झो	1	4
ङ्मी	1	4
खाो	1	3
क्छ्न	1	5
हुौं	1	4
होौं	1	4
स्ज्यी	1	6
र्ूर्छि	1	7
र्ेन	1	4
र्ण्राा	1	7
र्ेर्नु	1	7
छ्त्रे	1	6
भैैै	1	4
षि्	1	3
ग्छ्न	1	5
ठा्	1	3
८ौं	1	3
५ौं	1	3
ली्	1	3
छ्दे	1	4
म्कं	1	4
र्ठ्ठ	1	5
षांं	1	4
थु्प्रै	1	7
त्राो	1	5
ट्ड	1	3
हेि	1	3
र्यॅ	1	4
ड्ची	1	4
बैैै	1	4
म्लेि	1	5
न्ताे	1	5
हुृँ	1	4
ङ्र्दी	1	6
उंँ	1	3
म्ल्सि	1	6
र््ा	1	4
माो	1	3
ण्झ	1	3
स्र्र्वि	1	8
थ्विी	1	5
उे	1	2
र्वा्	1	5
बैै	1	3
म्ह्ँग्नी	1	9
त्त्मा	1	6
)ं	1	2
,ं	1	2
डिे	1	3
म्ंि	1	4
स्वााँ	1	6
चेै	1	3
दौः	1	3
ट्ब्या	1	6
म्प्पु	1	6
म्जू	1	4
च्क्	1	4
ल्ङ	1	3
न्य्दै	1	6
हे्द	1	4
रिो	1	3
फूी	1	3
र्फ्बि	1	6
ग्र्ही	1	6
ऩ्य	1	3
न्ग्जे	1	6
वाौं	1	4
दाौं	1	4
रैे	1	3
ग्रोा	1	5
न्ष्टि	1	6
हु्न	1	4
र्ड्ट	1	5
च्र्चि	1	6
म्म्री	1	6
छू्द	1	4
ईौं	1	3
म्ठा	1	4
ड्दाँ	1	5
ड्कू	1	4
फ्न्त	1	5
त्य्हाँ	1	7
ह्ज्ज्ज्ज्क्द्क्द्क्द्	1	22
ट्ह	1	3
खिे	1	3
फ्ठे	1	4
फ्थ्	1	4
र्ण्र्ब	1	7
र्जँ	1	4
ह्यूँ	1	5
ह्वाँ	1	5
ढ्ति	1	4
ध्धैँ	1	5
ड्षो	1	4
कृ्पा	1	5
ब्ह्र	1	5
ब्ल्ता	1	6
ग्चे	1	4
द्क्ष्य	1	7
दू्र	1	4
ल्ब्धि	1	6
र्द्छ्	1	6
र्बाैं	1	6
जु्र	1	4
न्युँ	1	5
ष्ण्र	1	5
म्किं	1	5
छ्ट	1	3
प्भे	1	4
र्कौं	1	5
द्ल्यो	1	6
©	1	1
त्यौँ	1	5
म्किँ	1	5
म्मिँ	1	5
श्त्रि	1	6
न्डिा	1	5
क्च्यो	1	6
ब्द्यौ	1	6
ड्क्स	1	5
राँै	1	4
९ँ	1	2
ज्ँत्	1	5
क्स्हे	1	6
थिँ	1	3
न्स्द्वा	1	8
त्क्ष्य	1	7
ग्स्ले	1	6
स्नां	1	5
र्ठु	1	4
भ्ट	1	3
बु्झि	1	5
ज्ज्फ्द्क्	1	10
स्रौं	1	5
ट्ट्रिे	1	7
ग्लाँ	1	5
च्चैं	1	5
हिै	1	3
र्खँ	1	4
फँै	1	3
ज्रू	1	4
वृै	1	3
द्सु	1	4
स्ग्थ	1	5
म्प्दि	1	6
ह्थ्के	1	6
य्द्र	1	5
ब्भी	1	4
ज्ञा्	1	5
ज्झै	1	4
द्नो	1	4
ङं्त	1	4
न्न्ने	1	6
र्र्षी	1	6
नें्य	1	5
चु्ना	1	5
न्ग्र्हा	1	8
न्ग्ति	1	6
त्रे्क	1	6
ग्छी	1	4
ल्पँ	1	4
र्खें	1	5
र्केँ	1	5
झेँ	1	3
स्केँ	1	5
त्य्स्म	1	7
म्ट्यो	1	6
स्तोे	1	5
मिँ	1	3
भैंँ	1	4
ट्स्ड्या	1	8
स्भी	1	4
ष्र्णी	1	6
ज्ज्र	1	5
त््दै	1	5
द्र्धि	1	6
क्स्ब	1	5
र्य्दै	1	6
ष्ंि	1	4
ज्फ्फ	1	5
त्भ्य	1	5
ह्न्थे	1	6
न्ग्क	1	5
लिो	1	3
र्श्रो	1	6
राँँ	1	4
तौँँ	1	4
थ्र्यौं	1	7
र्ण्र्ाा	1	8
र्त्प	1	5
क्स्न	1	5
र्न्च	1	5
चिं्	1	4
म्प्ा	1	5
म्प्ने	1	6
ङ्ञा	1	4
ग्र्द	1	5
क्भि	1	4
क्स्लो	1	6
स्जु	1	4
ट्तो	1	4
ह्य्स	1	5
म्न्ड	1	5
म्त्र	1	5
ज्म्स	1	5
डु्द	1	4
धु्व्र	1	6
म्कृ	1	4
प्स्टि	1	6
स्तैं	1	5
न्स्ट्रो	1	8
र्न्थ्यो	1	8
र्योि	1	5
र्म्र्पू	1	8
ह्टा	1	4
ङ्लिँ	1	5
फ्रिँ	1	5
र्स्टो	1	6
ड्स्मे	1	6
न्ट्मे	1	6
ब्स्पि	1	6
ल्स्टे	1	6
ट्स्यु	1	6
च््	1	3
पेि	1	3
नाु	1	3
र्छों	1	5
स्ट्कि	1	6
स्ट्श	1	5
ङ्द्वा	1	6
ध्ज	1	3
ट़ा	1	3
ट्टृ	1	4
यौ्ँ	1	4
र्न्जी	1	6
त्य्स	1	5
झ्वाँ	1	5
धेँ	1	3
प्छि	1	4
भ्र्वा	1	6
खु्र	1	4
ष्त्रि्	1	7
स्ट्रि्	1	7
ब्ज्ाी	1	6
ढ्गे	1	4
«ो	1	2
प्ट्या	1	6
र्ल्हे	1	6
प्पिँ	1	5
ल्लिँ	1	5
ल्ल्नो	1	6
द्व्न्द्व	1	9
ञुँ	1	3
न्झ्या	1	6
च्दि	1	4
म्ल्यौ	1	6
दौंँ	1	4
ज्थ्यो	1	6
न्थ्ो	1	5
रौंँ	1	4
त्तैु	1	5
द्युँ	1	5
थ्र्यौँ	1	7
ल्द्यौ	1	6
थ्र्यौ	1	6
म्झ्यौ	1	6
स्थेँ	1	5
र्सुँ	1	5
म्झूँ	1	5
स्छ्यौ	1	6
ठ्ठु	1	4
स्छौँ	1	5
ट्छौँ	1	5
ध्छे	1	4
म्झुँ	1	5
ठ्ति	1	4
ब्छि	1	4
र्छ्यौ	1	6
हिँं	1	4
पू्र्ण	1	6
छ्स्	1	4
क्क्को	1	6
गु्म्ने	1	7
न्ङ्ग्	1	6
त्न्तै	1	6
स्सिँ	1	5
श्भ	1	3
जँा	1	3
च्छ्यौ	1	6
प्ट्रे	1	6
न्छ्यो	1	6
न्ङा	1	4
स्हा	1	4
ङ्ग्यु	1	6
मृृृ	1	4
श्व्वि	1	6
ट्प्वा	1	6
रूू	1	3
म्ष्क	1	5
र्ाा	1	4
ण्र्ड	1	5
भ्ाि	1	4
ल्त्री	1	6
ठ्क्र	1	5
न्त्ती	1	6
त्कँ	1	4
झ्बा	1	4
श्रृँ	1	5
स्म्ृति	1	7
रू्ग्र	1	6
थ्यँ	1	4
द्द्रि	1	6
न्त्ता	1	6
नुँ	1	3
र्धाी	1	5
कोा	1	3
ङ्ं	1	3
र्धाि	1	5
ठ्ठै	1	4
ध्किा	1	5
मिा	1	3
श्चिी	1	5
नुृ	1	3
काृ	1	3
स्वाी	1	5
न्ड्र्य	1	7
रू्	1	3
पु्र्वी	1	7
च्र्छ	1	5
म्यिु	1	5
म्श्री	1	6
झ्थ्यो	1	6
प्छे	1	4
ङ्रि	1	4
̩̩	1	2
न्प्ला	1	6
न्दुँ	1	5
ह्न्स्नो	1	8
न्र्टा	1	6
न्त्व्य	1	7
ख्न्नु	1	6
ओैं	1	3
स्ट्लि	1	6
ल्स्मा	1	6
द्रोे	1	5
ह्द्दा	1	6
ङ्ट्र	1	5
हँे	1	3
र्व्ल	1	5
फ्चा	1	4
ब्टे	1	4
ङ्क्ड	1	5
ड्चू	1	4
ल्चौं	1	5
क्स्वि	1	6
स्ल्न्ड	1	7
भ्भि	1	4
क्ल्न	1	5
ब्ब्रा	1	6
न्घो	1	4
जुु	1	3
म्भ्त	1	5
ड्कौं	1	5
ढ्टा	1	4
छ्छ्या	1	6
थौँ	1	3
ह्ड्डी	1	6
प्कँ	1	4
किँँ	1	4
ह्राै	1	5
क्छाैँ	1	6
घ्द्ध	1	5
त्रैं	1	5
प्राे	1	5
ङ्गाे	1	5
त्छा	1	4
स्कृि	1	5
ड्छे	1	4
रँि	1	3
र्ट्नी	1	6
मेै	1	3
द्क्षे	1	6
ङ्ग्ह्या	1	8
ह्ल्ब	1	5
क्लिी	1	5
य्सै	1	4
ट्बु	1	4
६ः	1	2
न्र्ड	1	5
ल्र्बे	1	6
न्स्ल्या	1	8
ब्त्सी	1	6
झ्दि	1	4
द्स्त्र	1	7
श्र्वि	1	6
ङ्ग्ह	1	5
ङ्बि	1	4
ल्हँ	1	4
ध्घ	1	3
ज्र्गा	1	6
ध्जु	1	4
ठ्खा	1	4
ब्के	1	4
ख्का	1	4
थ्यैं	1	5
थ्जि	1	4
त्निी	1	5
र्झी	1	4
पिे	1	3
ट्ङ्ना	1	6
प्ठा	1	4
म्कौ	1	4
ठ्थेँ	1	5
ल्ब्ले	1	6
ङ्हे	1	4
व्र्स	1	5
र्क़ु	1	5
ण्टौँ	1	5
च्छ््रे	1	7
ल्म्प्ट्र	1	9
न्ज्लि	1	6
ब्स्बा	1	6
न्स्बो	1	6
र्ट्न्	1	6
र्ट्न्को	1	8
र्ट्ब्रे	1	8
ग्लँ	1	4
ट्ुब	1	4
क्स्जे	1	6
ध्ता	1	4
स्ह्य	1	5
ख्ली	1	4
ङ्छ्ङ	1	5
ङ्छि	1	4
त्म्ह	1	5
न्छां	1	5
ब्र्दी	1	6
स्भः	1	4
दॣ	1	2
च्छ्न्द	1	7
ष्स्प	1	5
छुॅ	1	3
द्घे	1	4
न्र्ध	1	5
घु्म्न	1	6
व्र्व	1	5
नीी	1	3
तेेेे	1	5
सेेेे	1	5
पेेे	1	4
न्नेेे	1	6
त्ञ्च	1	5
श्र्री	1	6
धैंं	1	4
ट्य्रा	1	6
र्स्यो	1	6
ग्छा	1	4
श्ब्या	1	6
र्त्धा	1	6
न्सेे	1	5
ङ्क्ष्या	1	8
स्स्रो	1	6
र्न्री	1	6
स्त्लिं	1	7
द्र्भि	1	6
नाि	1	3
न्छ्न््	1	7
छ्दैँ	1	5
ढ्छ्न्	1	6
क्ब्स	1	5
अृ	1	2
न्टृ	1	4
न्व्ह्ह	1	7
न्र्क्रि	1	8
प्प्टि	1	6
न्त्म	1	5
स्थ्मा	1	6
न्टुं	1	5
नेॅ	1	3
झ्रु	1	4
च्क्षे	1	6
ह्स्रो	1	6
झ्दो	1	4
≠	1	1
पै्	1	3
त्र्वां	1	7
त्या्ँ	1	6
त्र्वा	1	6
माृ	1	3
न्ध््र	1	6
द्द्स्य	1	7
र्ब्भु	1	6
र्मो्	1	5
फ्र्स्वा	1	8
र्ड्लो	1	6
ङ्ग्मो	1	6
ङ्क्च	1	5
र्सिंं	1	6
)े	1	2
ले्	1	3
म्फ्या	1	6
श्स्ता	1	6
ङ्भ	1	3
म्साि	1	5
र्र्नु	1	6
द्र्रा	1	6
ह्ङ्क्ङ	1	7
प्क्या	1	6
भ्झौ	1	4
स्लाः	1	5
यौँँ	1	4
व्य्ङ्ग्या	1	10
ह्म्म	1	5
क्न्ड	1	5
च्सं	1	4
क्लँ	1	4
व्थि	1	4
न्ह्यू	1	6
स्थाी	1	5
ड्दिु	1	5
र्ख्यूः	1	7
र्य्भ्या	1	8
स्गु	1	4
र्दे्न	1	6
न्न्म	1	5
र््न	1	4
फाै	1	3
⁮	1	1
न्ड्ली	1	6
र्दैे	1	5
न्स्ट्रा	1	8
य्च	1	3
व्कि	1	4
त्य्सै	1	6
ढुु्ङ्ग्गा्	1	11
च्छ्धी	1	6
ङ्झु	1	4
न्डौँ	1	5
न्ड्ट	1	5
च्च्रे	1	6
ङ्घ्या	1	6
प्छ्या	1	6
न्किी	1	5
स्मिृ	1	5
र्र्दै	1	6
फ्थां	1	5
ड्न्या	1	6
ट्न्या	1	6
र्खौं	1	5
फ्ट्या	1	6
ङ्स्टे	1	6
र्षौँँ	1	6
त्किँ	1	5
ढेः	1	3
ख्य्त्वा	1	8
द्द्भु	1	6
ष्ट्र्चि	1	8
च्छिा	1	5
श्त्य	1	5
च्मी	1	4
ञ्ज़ा	1	5
न्शै	1	4
णूि	1	3
त्स्नाः	1	7
ङ्ख्त	1	5
त्स्लं	1	6
ण्ढं	1	4
ज्योंः	1	6
म्व्यां	1	7
थ्थे	1	4
र्राि	1	5
श्रुि	1	5
ण्डेि	1	5
ख्थं	1	4
म्वोः	1	5
ष्क्रुि	1	7
न्नाा	1	5
ज्झिः	1	5
च्भा	1	4
ष्व॑	1	4
फ्रीि	1	5
लेंः	1	4
ष्टॉ	1	4
क्ख्य	1	5
व्दो	1	4
चंः	1	3
न्न्द्र	1	7
थेा	1	3
स्भृ	1	4
व्स्थां	1	7
द्य्रा	1	6
ञ्ग्ले	1	6
र्ड्शै	1	6
ट्स्दे	1	6
र्ड्वि	1	6
य्य्यं	1	6
प्ळु	1	4
ज्प्र	1	5
श्जा	1	4
ड्म्	1	4
र्जेः	1	5
न्रीे	1	5
ग्लैः	1	5
श्ट्य	1	5
ज्रा्	1	5
ण्स्था	1	6
द्लृ	1	4
ट्हि	1	4
दा्	1	3
ञ्जेः	1	5
द्ध्रे	1	6
न्च्य	1	5
घ्याः	1	5
न्न्मा	1	6
ष्ट्वी	1	6
द्राँ	1	5
येु	1	3
ड्भू	1	4
स्झ	1	3
ञ्चैः	1	5
क्त्रेः	1	7
ट्क्रै	1	6
स्हौ	1	4
श्षे	1	4
ण्ट्ल	1	5
प्णे	1	4
म्ख्रि	1	6
ण्ट्डु	1	6
ल्स्ने	1	6
ङ्ग्षि	1	6
म्स्सं	1	6
ण्पि	1	4
ग्ल्भ	1	5
श्त्को	1	6
ल्द्वि	1	6
र्थ्स्	1	6
न्स्टु	1	6
ण्नृ	1	4
र्थुं	1	5
म्कू	1	4
म््	1	3
ल्ल्लो	1	6
द्ध्ध	1	5
ङ्घ्पू	1	6
ढ्रा	1	4
ल्ड्लै	1	6
शू्द्रा	1	7
ब्ही	1	4
ष्बे	1	4
ङ्ग्मे	1	6
ङ्ग्रू	1	6
ञ्जृ	1	4
	1	1
त्स्वः	1	6
स्थ्त	1	5
ग्घं	1	4
ङ्ग्तो	1	6
ङ्ग्सा	1	6
द्र्ती	1	6
र्ट्मे	1	6
ळ्ब्ब्रा	1	8
ळ्भू	1	4
न्द्र्चो	1	8
ळ्प्र	1	5
न्स्लि	1	6
ञ्च्मि	1	6
ज्फे	1	4
ङ्ग्त्रो	1	8
ङ्ग्त	1	5
ङ्ग्स्ज	1	7
क्न्य्लु	1	8
ङ्ग्थ	1	5
द्जु	1	4
र्य्याः	1	7
स्प्ल्या	1	8
ल्स्भा	1	6
ड्नेः	1	5
क्टौ	1	4
ण्दो	1	4
म्स्प	1	5
ष्टोः	1	5
र्य्थ	1	5
न्धिी	1	5
क्ष्यें	1	7
त्न्त्याः	1	9
ठेः	1	3
क्ड्	1	4
य्स्मा	1	6
ध्नां	1	5
वी़	1	3
ल्ल्ये	1	6
ण्ट्पे	1	6
न्डृ	1	4
न्फे़	1	5
ट्र्ल्या	1	8
ञ्च्भा	1	6
र्स्वि	1	6
भ्भे	1	4
ण्ड्यु	1	6
ङ्ग्सू	1	6
ङ्ग्दो	1	6
ङ्ग्है	1	6
ङ्ग्क्षी	1	8
ङ्ग्प्रा	1	8
द्धीः	1	5
स्स्पृ	1	6
ष्ण्स्य	1	7
ट्ट्णं	1	6
ट्ट्णा	1	6
ल्स्ब	1	5
ल्ट्मो	1	6
ञ्हा	1	4
ङ्ग्पो	1	6
ण्ड्रेः	1	7
ल्क्री	1	6
ध्व्स्ती	1	8
प्ट्यु	1	6
न्नॅ	1	4
श्म्पा	1	6
ट्ठौ	1	4
ल्धुं	1	5
श्छो	1	4
ल्भ्यो	1	6
ड्डः	1	4
ञ्षा	1	4
च्ण्वु	1	6
श्नुः	1	5
प्यैः	1	5
ण्कृ	1	4
क्चः	1	4
र्भाि	1	5
ला्	1	3
स्त्कृ	1	6
प्रृ	1	4
मु्ख	1	4
स्म्भ	1	5
ण्ड्न्	1	6
र्ज़्	1	5
ण्ते	1	4
ल्ल्भी	1	6
पूः	1	3
स्भ	1	3
ग्नि॒	1	5
ई॑	1	2
रो॒	1	3
हि॑	1	3
ज्ञ॒	1	4
व॒	1	2
त्वि॒	1	5
ज॑	1	2
ता॑	1	3
धा॒	1	3
ह्वाः	1	5
स्स्पु	1	6
ग्घि	1	4
ख्योः	1	5
ण्वो	1	4
नुे	1	3
यांः	1	4
ड्ण	1	3
न्ध्योः	1	7
ट्धा	1	4
ण्ड्ना	1	6
र्द्र्	1	6
ल्ह्मै	1	6
न्त्थे	1	6
ध्प	1	3
नांं	1	4
र्र्थः	1	6
क्ष्क	1	5
प्प्दि	1	6
ब्ल्स्	1	6
स्त्यि	1	6
र्षेो	1	5
स्हि	1	4
स्ङे	1	4
र्ध्दिः	1	7
ण्ढः	1	4
ल्हं	1	4
ल्रू	1	4
श्कौ	1	4
र्द्वै	1	6
ण्गु	1	4
यु्क्ति	1	7
ञ्धा	1	4
म्णोः	1	5
च्छ्योः	1	7
श्र्ने	1	6
ष्ट्म्भः	1	8
प्ञ्चा	1	6
र्भ्याः	1	7
त्स्त्री	1	8
ष्स्ता	1	6
ग्म्य	1	5
क्थः	1	4
र्ज्ये	1	6
क्शू	1	4
भ्णी	1	4
ष्ट्र्श	1	7
र्क्ष्ये	1	8
घ्न्यां	1	7
म्नेः	1	5
ष्तं	1	4
प्त्ता	1	6
य्द्य	1	5
त्राे	1	5
क्राे	1	5
ष्टाै	1	5
भ्म	1	3
ङ्ग्ल्प	1	7
स्थ्थ	1	5
ष्ट्र्न्	1	8
स्म्पृ	1	6
त्त्म्	1	6
त्य्नी	1	6
र्च्चि	1	6
य्वां	1	5
क्न्यां	1	7
त्छ्रु	1	6
ज्ञ्यौ	1	6
र्घ्वो	1	6
च्ट्	1	4
स्ट्ल्	1	6
क्श्ह	1	5
ध्द्ं	1	5
थ्य़ु	1	5
ख्ह्त	1	5
न्ष्	1	4
य्बो	1	4
द्म्भू	1	6
म्थि	1	4
न्धी़	1	5
೨	1	1
प्गी	1	4
ङ्ग्दि	1	6
र्त्नं	1	6
र्झ्	1	4
भू्मि	1	5
र्द्दू	1	6
त्ब्रि	1	6
क्फी	1	4
ल्ल्च	1	5
स्ष	1	3
ङ्ग्ट्न्	1	8
ण्य्याः	1	7
क्पे्त	1	6
ह्वीं	1	5
ज्तः	1	4
क्श्ह्म	1	7
स्ट्रिे	1	7
ण्ट्गु	1	6
चि्	1	3
ज्य्म्	1	6
फ्ग	1	3
त्य्क्त्वा	1	10
स्ंहा	1	5
ध्नुं	1	5
र्त्थि	1	6
श्च्न	1	5
ङ्ग्द्व	1	7
न्न्पि	1	6
न्य्रु	1	6
ध्न्यो	1	6
ल्ज्जा	1	6
न्घिं	1	5
भ्दु	1	4
श्ऩः	1	4
भे्	1	3
र्द्स	1	5
ह्व्यीः	1	7
स्ट्क्री	1	8
र्ड्स्स्य	1	9
न्श्चि	1	6
क्स्ब्रि	1	8
स्ट्बे	1	6
ड्ज्म	1	5
न्स्कै	1	6
श्र्रो	1	6
प्प्ल्ट	1	7
ल्ड्न्	1	6
ट्क्यू	1	6
यं्म्	1	5
त्त्यू	1	6
प्शै	1	4
ड्ज्वु	1	6
र्ट्ट्	1	6
ष्म्	1	4
र्ह्यां	1	7
ष्वौ	1	4
क्त्य्ल	1	7
श्श्ले	1	6
र्चुः	1	5
त्त्णा	1	6
य़्य़ा	1	6
ह्स्दु	1	6
र्भ्न्ब्स्च्क्ष्द्ग्फ्क्ष	1	25
स्द्कि	1	6
स्य्दि	1	6
स्ध	1	3
स्ज्न्	1	6
क्ष्च्	1	6
र्ढ्या	1	6
घ्नेः	1	5
द्घ्रि	1	6
त्त्पि	1	6
ञ्ज्मे	1	6
म्फ्रि	1	6
ण्ट्स्पा	1	8
क्त्तिः	1	7
च्छ्ले	1	6
र्ध्य्ंज	1	8
श्रॄं	1	5
त्य़ाः	1	6
ज्य्प	1	5
द्र्भे	1	6
ल्प्यां	1	7
ष्ठ्रा	1	6
ब्दु्ल	1	6
म्नैः	1	5
द्ङ्गा	1	6
द्श्टो	1	6
र्द्वे	1	6
न्न्यं	1	6
ग्घुं	1	5
स्य़ां	1	6
र्ग्व	1	5
ङ्नाः	1	5
ग्तौ	1	4
ब्रुः	1	5
द्व्ये	1	6
स्ऱु	1	4
ड्ङ्गो	1	6
भ्ट्टे	1	6
”ो	1	2
त्स्ना्	1	7
स्ध्दा	1	6
ध्वौ	1	4
च्य्यां	1	7
त्षां	1	5
स्ट्वा	1	6
न्ङु	1	4
श्ळी	1	4
ङ्गे़	1	5
ग्धेः	1	5
र्प्ल	1	5
ण्ड्वाः	1	7
प्त्त	1	5
म्पिः	1	5
ण्ण्यः	1	6
ज्ज्यौ	1	6
ह्श्य	1	5
ल़्टे	1	5
ध्शा	1	4
ण्ड्प्प	1	7
ङ्ग्ळू	1	6
र्ट्र्	1	6
स्क्रृ	1	6
ड्ड्ग	1	5
र्गॆ	1	4
हॊः	1	3
ण्म्म	1	5
ट्षि	1	4
ख्य़	1	4
र्ध्नः	1	6
ण्येाः	1	6
ह्ण्न्तु	1	8
र्र्ग्यु	1	8
ड्ग्रा	1	6
न्न्हे	1	6
ह्न्म्	1	6
क्त्तः	1	6
श्टाः	1	5
द्ग्रे	1	6
ण्खा	1	4
ह्द्या	1	6
र्स्कु	1	6
र्ष्यं	1	6
त्ख्री	1	6
स्मेः	1	5
व्न्य	1	5
ड्टा	1	4
ड्ड्भ	1	5
ष्दां	1	5
द्त्वा	1	6
दृ्शाः	1	6
म्प्वः	1	6
म्प्व	1	5
न्ध्रीः	1	7
श्चेि	1	5
ञ्ञु	1	4
ऴ्य्	1	4
ग्पृ	1	4
श्माः	1	5
च्छ्श	1	5
म्भ्यः	1	6
ष्य्मा	1	6
क्ष्य्मा	1	8
न्द्र्क	1	7
ञ्डैः	1	5
र्ज्जि	1	6
ध्नीं	1	5
र्श्ति	1	6
ग्क्षु	1	6
य्यौ	1	4
घ्र्याः	1	7
श्र्वौ	1	6
द्हे	1	4
न्स्न	1	5
ङ्ग्स्ट्न्	1	10
ङि्	1	3
ट्ल्यः	1	6
न्स्जा	1	6
र्न्ना	1	6
य्क्का	1	6
र्प्पू	1	6
ङ्ङू	1	4
ल्घ्वा	1	6
ङ्ग्वै	1	6
ल्ः	1	3
नःः	1	3
ल्ध्य	1	5
य्टः	1	4
ड्ल्हौ	1	6
ण्ठ्यं	1	6
श्च्र्य	1	7
ङ्क्तीः	1	7
च्छ्न्	1	6
म्म्दौ	1	6
म्म्द्	1	6
त्क्था	1	6
ब्राः	1	5
ङ्ंग	1	4
म्प्वे	1	6
फ्बै	1	4
ज्पे	1	4
ण्ड्व्य	1	7
ण्ड्लं	1	6
य्ट्र	1	5
सिॆ	1	3
ङ्ग्गु	1	6
ङ्ग्नौ	1	6
त्र्रा	1	6
श्ं	1	3
र्ण्ं	1	5
ञ्मे	1	4
प्र्ण	1	5
न्ध्वोः	1	7
स्याःः	1	6
ह्व्यःः	1	7
क्स्मो	1	6
ञ्जिः	1	5
ऴ्दे	1	4
ऴ्ज	1	3
ऴ्प्र	1	5
च्चिः	1	5
ट्गि	1	4
तंि	1	3
ऴ्वे	1	4
ऴ्म	1	3
ज़्धा	1	5
ग्न्यूः	1	7
र्ण्याः	1	7
ञ्च्से	1	6
म्बुः	1	5
क्फ़ो	1	5
ऴ्वा	1	4
द्ध्रा	1	6
क्त्त्यु	1	8
ङ्ग्नो	1	6
य्ज़ि	1	5
ल्ट्पे	1	6
ड्वु	1	4
ङ्क्ना	1	6
ङ्ग्प	1	5
स्ट्ऱे	1	6
न्त्वः	1	6
कु्लः	1	5
षु्चि	1	5
ज्पॆ	1	4
ट्नू	1	4
घ्रुः	1	5
प्जा	1	4
ट्लः	1	4
स्य्यि	1	6
स्थ्यु	1	6
ण्ट्क	1	5
ण्ट्या	1	6
श्हे	1	4
ङ्क़ि	1	5
म्तः	1	4
त्क्त्वा	1	8
र्णंं	1	5
र्श्वौ	1	6
ष्ष्टिः	1	7
ड्ष	1	3
न्ध्व	1	5
न्त्र्याः	1	9
र्न्थ	1	5
र्म्मु	1	6
ग्ल्भा	1	6
प्ञ्चि	1	6
र्ण्स	1	5
स्पौ	1	4
स्धः	1	4
झ्च	1	3
स्प्स्ष्टं	1	10
र्त्य्	1	6
न्बं	1	4
य्यैः	1	5
ह्स्प	1	5
क्बु	1	4
ङ्सू	1	4
र्थ्थै	1	6
द््ग	1	4
द्ग्ले	1	6
ख्स्य	1	5
न्य्स्य	1	7
स्य्या	1	6
क्ष्त्का	1	8
स्तु्ताः	1	8
न्ङ्गो	1	6
द्ण्डः	1	6
ज़्पु	1	5
फ्स्मा	1	6
ज्गि	1	4
न्गं	1	4
ण्ट्गो	1	6
ट्ट्स्	1	6
च्मं	1	4
द्स्था	1	6
म्थ्लै	1	6
ह्दि	1	4
ङ्ग्त्ला	1	8
ङ्घ्म	1	5
य्पो	1	4
म्कै	1	4
त्लौ	1	4
ज्य्स्य	1	7
ज़्मै	1	5
ल्त्र	1	5
ळ्सं	1	4
ट्व्य	1	5
क्स्मिं	1	7
ट्कृ	1	4
घ्ण्टाः	1	7
न्त्र्प	1	7
ङ्ग्क	1	5
य्य्का	1	6
र्त्रैः	1	7
न्टाः	1	5
श्क्त्या	1	8
क्क्दे	1	6
ञ्जिं	1	5
द्र्वी	1	6
ल्लृ	1	4
ग्ज्यौ	1	6
ङ्भी	1	4
प्त्नो	1	6
स्ङ्गृ	1	6
ल्लैः	1	5
ट्कः	1	4
ण्पाः	1	5
ह्दू	1	4
रुोः	1	4
ल्ट्ट	1	5
ल्स्बो	1	6
क्ट्प्लो	1	8
ग्ङ्ग	1	5
ष्ठ्म्	1	6
ज्ञ्श्व	1	7
र्ज्ञैः	1	7
स्मँ	1	4
व्न्	1	4
न्त्य्जे	1	8
स्र्यां	1	7
म्क्ग्रे	1	8
त्यॊ	1	4
म्बीः	1	5
ट्लं	1	4
र्य्योः	1	7
त्य्ः	1	5
वृ्त्तः	1	7
ङ्क्तॆ	1	6
ल्ड्म	1	5
र्श्चा	1	6
क्प्रो	1	6
क्क्षु	1	6
ण्ट्य	1	5
म्णौ	1	4
ङ्घ्य्रः	1	8
र्क्षि	1	6
न्द्र्शा	1	8
स्ट्प	1	5
ङ्घ्ं	1	5
छ्देः	1	5
स्म्स्कृ	1	8
श्भिः	1	5
?ः	1	2
ष्ट्प्र	1	7
ल्ग्नो	1	6
त्य्यु	1	6
न्न्त्य्यु	1	10
र्घ्कू	1	6
ण्ड्स्य	1	7
ष्ट्न्	1	6
क्र्व	1	5
द्र्व्यं	1	8
ब्य्यः	1	6
स्व्का	1	6
क्ष्स्थ	1	7
य्ल्या	1	6
य्वो	1	4
नॊः	1	3
स्रा़	1	5
प्ष्य	1	5
स्ञ्ज	1	5
क्ष्णैः	1	7
स्पॄ	1	4
श्त्तः	1	6
व्यू्ढं	1	7
द्मौ	1	4
श्यिः	1	5
क्चै	1	4
र्य्यः	1	6
म्त्व	1	5
शृा	1	3
त्सोः	1	5
र्ड्ग	1	5
म्प्यः	1	6
र्र्त्र	1	7
न्ब्रू	1	6
द्च्छे	1	6
प्साः	1	5
त्व्योः	1	7
ल्भाः	1	5
त्प्रै	1	6
ज्ञाा	1	5
ष्छा	1	4
म्त्स्या	1	8
,ु	1	2
पुंं	1	4
त्स्न्र्ये	1	10
ह्म्यां	1	7
श्ब्दे	1	6
ण्सौ	1	4
ण्द्वा	1	6
स्त्र्व्य	1	9
भ्र्तु	1	6
क्र्तु	1	6
त्त्क	1	5
र्तुंं	1	6
द्भ्र्तु	1	8
व्स्स	1	5
न्य्था	1	6
भ्य्	1	4
न्ष्व	1	5
र्द्यु	1	6
ङ्म्य	1	5
म्स्तु	1	6
र्थ्य्	1	6
स्पे्ल	1	6
स्रे्ल	1	6
र्श्चे	1	6
न्त्न	1	5
क्ष्णौ	1	6
ङ्मि	1	4
द्ग्धः	1	6
र्ब्धा	1	6
द्ब्यः	1	6
श्ब्दाः	1	7
ट्र्स्ट्तः	1	10
प्तेःं	1	6
द्ढ्म	1	5
र्थ्म	1	5
ग्त्व	1	5
प्त्यौ	1	6
ज्नो	1	4
म्य्ते	1	6
ग्स्य	1	5
ग्त्वं	1	6
त्श्चै	1	6
त्न्तुः	1	7
द्द्ध्या	1	8
श्च्न्द्रा	1	10
त्मु	1	4
स्क्तिः	1	7
म्प्नि	1	6
ऩ्ति	1	4
श्त्रिं	1	7
ढ्पा	1	4
ट्स्प्रा	1	8
ड्ज्न	1	5
न्र्था	1	6
क्तंु	1	5
ज्ञःे	1	5
त्त्वंि	1	7
नं्सु	1	5
णंि	1	3
णंः	1	3
श्ण्ण	1	5
श्ठाः	1	5
प्भू	1	4
नंः	1	3
ब्ध्यु	1	6
ब्ध्यि	1	6
स्क्ठो	1	6
नःा	1	3
ष्त्प	1	5
म्श्च	1	5
ह्है	1	4
च्छ्र्त्वा	1	10
ड्ड्ब	1	5
ळ्सू	1	4
ण्नी	1	4
ल्ल्भा	1	6
ङ्ग्णं	1	6
ञ्ज्ने	1	6
र्ध्व्ं	1	7
ह्म्भू	1	6
क्ष्म्यः	1	8
ल्क्ष्म्याः	1	11
र्येे	1	5
क्ल्पं	1	6
न्ध्मा	1	6
त्रैा	1	5
ल्भ्ये	1	6
ज्ज्न्म	1	7
य़्या	1	5
ञ्च्च	1	5
द्ताः	1	5
क्स्मै	1	6
ह्स्था	1	6
त्त्व्ज्ञः	1	10
ह्न्तृ	1	6
त्त्व्	1	6
र्च्चां	1	7
ग्ध्रा	1	6
ड्ळु	1	4
ण्ड्ळु	1	6
न्थुः	1	5
त्र्यू	1	6
प्पोः	1	5
न्द्न्ति	1	8
त्र्म	1	5
क्ज्य	1	5
ह्स्या	1	6
ट्ट्को	1	6
ट्ट्कं	1	6
क्स्तु	1	6
त्वंु	1	5
ग्द्वे	1	6
गृा	1	3
न्वां	1	5
भ्यांा	1	6
न्स्पृ	1	6
ड्क्तिः	1	7
ङ्ध्या	1	6
ङ्घ्न	1	5
ङ्घ्ट्ट्य	1	9
र्द्ते	1	6
क्स्त्री	1	8
ण्चि	1	4
र्व्न्नु	1	8
ण्स्थि	1	6
च्च्कू	1	6
ण्स्यो	1	6
ण्ड्य्य	1	7
न्त्त्रः	1	8
म्ब्तो	1	6
ङ्न्	1	4
प्त्लु	1	6
ण्य़	1	4
ञ्श्लो	1	6
ण्ड्प्रे	1	8
ष्तौ	1	4
ण्श	1	3
ण्ङ्गु	1	6
ग्र्	1	4
श्क्ते	1	6
ष्ठ्श्च	1	7
ह्न्यो	1	6
ङ्ख्य़ा	1	7
ग्डाः	1	5
ङ्ग्ब्रा	1	8
तःः	1	3
ळ्ळ्यां	1	7
र्ध्वां	1	7
श्च्च	1	5
द्भः	1	4
स्प्र्ष्टुं	1	11
घ्लै	1	4
स्थ्नो	1	6
ट्त्सु	1	6
म्फ्यो	1	6
स्त्मु	1	6
म्प्याः	1	7
ल्ल्ल	1	5
य्भ	1	3
य्दु	1	4
ध्गा	1	4
न्फ़्ना	1	7
च्य्त	1	5
ज्ञ्का	1	6
ग्म्क	1	5
ङ्लै	1	4
श्व्प्र	1	7
ष्ठ्पी	1	6
ङ्ग्णा	1	6
क्र्यः	1	6
स्क्तृ	1	6
ध्खे	1	4
ञ्प	1	3
द्ध्प्र	1	7
स्म्यो	1	6
ड्यै	1	4
ष्ठ्स्यै	1	8
ख्ण्डे	1	6
त्त्र्यः	1	8
ङ्घ्स्य	1	7
न्न्धिः	1	7
ङ्घ्योः	1	7
थ्थ्यं	1	6
ण्कु	1	4
र्न्थे	1	6
ण्स्यै	1	6
ल्ल्क्री	1	8
ह्य्	1	4
द्श्यां	1	7
ऴः	1	2
स्त्र्दे	1	8
ल्फ्तः	1	6
ल्स्मि	1	6
न्क्लै	1	6
श्ब्त	1	5
क्स्ड्	1	6
ल्ड्यु	1	6
क्म्	1	4
क्ष्वोः	1	7
क्तिेः	1	6
दीि	1	3
¦	1	1
म्खं	1	4
क्त्रु	1	6
र्त्य्ह	1	7
र्म्ण	1	5
च्च्यः	1	6
र्म्प्र	1	7
स्न्ध	1	5
प्र्वृ	1	6
न्नुः	1	5
द्ध्नं	1	6
स्म्पा	1	6
ण्ः	1	3
स्त्वी	1	6
ङ्ळे	1	4
क्ले़	1	5
ष्ट्व्या	1	8
श्ह्ठ	1	5
तो॓	1	3
न्य़ै	1	5
स्थ्ना	1	6
र्स्त्रिं	1	9
म्स्थि	1	6
द्न्वी	1	6
स्प्रः	1	6
व्य्वा	1	6
म्स्थै	1	6
ल्ल्लि	1	6
जौै	1	3
र्तुु	1	5
व्रैः	1	5
म्प्यं	1	6
ड्स्था	1	6
न्त्य्र	1	7
न्स्त्र्ये	1	10
ग्र्न्थः	1	8
भ्ध्वा	1	6
द्र्थं	1	6
त्नेः	1	5
स्त्त्रि	1	8
त्न्त्र्या	1	10
न्न्न्य	1	7
ध्च्र	1	5
ङ्ग्यौ	1	6
त्य्प	1	5
श्ंक	1	4
ण्ट्ध	1	5
ष्ट्तु	1	6
र्त्तं	1	6
ष्टीः	1	5
न्त्स्वः	1	8
ष्ट्र्ः	1	7
र्ग्भ	1	5
ञ्व	1	3
श्थी	1	4
स्ट्सू	1	6
क्ः	1	3
स्र्ते	1	6
र्क्ष्यं	1	8
ग्धैः	1	5
त्शु	1	4
ण्कः	1	4
ट्ण्टि	1	6
ण्ड्भा	1	6
ञ्च्दे	1	6
ञ्ज्ञै	1	6
क्नं	1	4
स्त्त्ये	1	8
प्नौ	1	4
त्च्यु	1	6
ष्णेः	1	5
घ्निं	1	5
ल्विः	1	5
ङ्क्रु	1	6
स्स्थैः	1	7
ङ्ग्डा	1	6
ष्ठेः	1	5
ल्ह्मा	1	6
ञ्र्गे	1	6
ल्ब्ग्यु	1	8
क्श्यं	1	6
प्स्ति	1	6
तिो	1	3
र्ग्र्ह	1	7
ध्दू	1	4
ह्यैः	1	5
स्त्र्च	1	7
र्श्यो	1	6
त्त्मः	1	6
न्ग्यु	1	6
न्य्त	1	5
ङ्ङु	1	4
त्य्त्र	1	7
तु्ः	1	4
ङ्र्गि	1	6
प्र्रु	1	6
प्र्दु	1	6
ल्ध्वा	1	6
द्ग्ध	1	5
स्नं	1	4
क्त्त्या	1	8
न्त्त्त्र	1	9
म्र्पा	1	6
द्यॆ	1	4
ह्म्ण	1	5
व्य़ू	1	5
ङ्घ्ः	1	5
ल्ङ्काः	1	7
न्थीः	1	5
न्न्वा	1	6
घ्रोः	1	5
त्स्तौ	1	6
स्ट्से	1	6
र्ट्ब्ले	1	8
व्त्	1	4
ख्नो	1	4
द्स्त	1	5
ब्ध्वो	1	6
ल्बौ	1	4
ञ्रू	1	4
ह्त्त्वं	1	8
त्स्कौ	1	6
ट्स्था	1	6
द्न्	1	4
प्तःि	1	5
किंो	1	4
सःं	1	3
द्व्यू	1	6
क्ष्विं	1	7
च्गा	1	4
ण्ड्का	1	6
ब्बृ	1	4
क्छ्न्द	1	7
र्ग्ला	1	6
र्म्प्ला	1	8
ण्ट्जि	1	6
म्प्षै	1	6
र्य्ब्या	1	8
श्षु	1	4
स्त्वोः	1	7
ल्ड्स्ट्रि	1	10
ण्ट्म्या	1	8
म्षे	1	4
र्म्यः	1	6
क्स्टो	1	6
क्त्सा	1	6
ड्बे	1	4
ड्न्	1	4
ल्पेः	1	5
श्लॊ	1	4
ध्द्यो	1	6
ण्कं	1	4
ट्ट्प्र	1	7
ञ्चुः	1	5
ध्र्	1	4
र्न्ब्ले	1	8
र्स्णे	1	6
न्चूः	1	5
प्प्पू	1	6
प्र्श्नो	1	8
ग्रेः	1	5
म्प्को	1	6
श्च्छ	1	5
ड्न्क्ते	1	8
ह्य्र	1	5
ल्ड्स्पा	1	8
ट्ड्य	1	5
ह्म्याः	1	7
ल्ढ्या	1	6
व्ः	1	3
न्यंि	1	5
त्व्त	1	5
ङ्या्	1	5
ड्ळि	1	4
सू्फी	1	5
मो॓	1	3
त्स्वं	1	6
ष्ण्वी	1	6
ङ्घ्रा	1	6
दि़	1	3
न्व्यः	1	6
त्त्रै	1	6
भ्दि	1	4
ण्ड्ढे	1	6
ख्ठ	1	3
ड्क्वा	1	6
ग्त्तृ	1	6
ङ्ग्ल्भा	1	8
क्रिी	1	5
ट्म्ब	1	5
स्प्	1	4
कृ्था	1	5
युो	1	3
र्न्य्	1	6
ऴ्सा	1	4
ऴ्न्दू	1	6
झ्ज	1	3
ल्व्म्	1	6
क्श्मी	1	6
य्त्या	1	6
व्द्गी	1	6
म्म्बि	1	6
क्न्न	1	5
य्लिं	1	5
र्व्श्रो	1	8
त्द्वि	1	6
र्थ्ता	1	6
त्ष्वि	1	6
त्क्वि	1	6
स्र्दे	1	6
वः्	1	3
य्त्य	1	5
र्ध्न्या	1	8
र्स्पी	1	6
स्त्मा	1	6
न्द्ला	1	6
न्ध्य्क्ष	1	9
न्भौ	1	4
त्द्रा	1	6
र्न्मा	1	6
ह्शो	1	4
ष्ट्यौ	1	6
प्र्भृ	1	6
ष्ट्यू	1	6
ञ्ख्	1	4
ळ्कू	1	4
तॆं	1	3
ब्बॆ	1	4
रॆं	1	3
म्ब्ळे	1	6
त्य्स्मि	1	8
ङ्तौ	1	4
र्भीं	1	5
र्ङ्घ	1	5
य्टो	1	4
च्च्त्र	1	7
र्रेः	1	5
च्ष्टे	1	6
ज्झ्ति	1	6
र्ष्यूः	1	7
य्पा	1	4
ड्फ्रे	1	6
ब्ध्यै	1	6
ळ्ळ्या	1	6
ष्ने	1	4
ग्णी	1	4
न्घः	1	4
न्घ्यां	1	7
ग्न्यं	1	6
ङ्भु	1	4
ग्धृ	1	4
ङ्का्	1	5
न्कां	1	5
ट्ट्नी	1	6
ण्डुु	1	5
म्द्व	1	5
त्र्ं	1	5
ञ्ः	1	3
र्श्क	1	5
क्री़	1	5
सु्प्ता	1	7
र्त्यौ	1	6
स्त्र्ं	1	7
स्ल्यू	1	6
र्व्स्तु	1	8
म्ब्ब	1	5
ण्श्लो	1	6
म्वां	1	5
न्द्र्ली	1	8
ठुः	1	3
य्डि	1	4
ड्ग्य	1	5
ण्भ	1	3
व्य्म्	1	6
र्तु्मि	1	7
ङ्तः	1	4
श्स्था	1	6
भ्भो	1	4
स्ंक्षे	1	7
व्ंग	1	4
स्ंगृ	1	5
र्त्त्या	1	8
व्स्तु	1	6
स्त्ः	1	5
न्यृ	1	4
व्नं	1	4
प्र्श	1	5
ह्य्सू	1	6
द्भ्यु	1	6
ल्स्यो	1	6
न्ध्दु	1	6
ल्षि	1	4
ष्य्ते	1	6
र्यिं	1	5
न्ध्वि	1	6
ब्फ़्ब्ळि	1	9
र्र्हे	1	6
श्श्रि	1	6
र्व्यो	1	6
ण्सं	1	4
ण्धु	1	4
ड्दु	1	4
ढ्त	1	3
क्ुन्त	1	6
त्त्त्वि	1	8
क्ष्म्नोः	1	9
श्र्रु	1	6
ट्श्रे	1	6
ङ्यं	1	4
स्म्भो	1	6
द्ग्नि	1	6
श्णॊ	1	4
च्च्च	1	5
र्द्रुः	1	7
क्ळ	1	3
र्र्का	1	6
व्ल्यां	1	7
ड्ण्ट्	1	6
क्न्	1	4
र्म्भौ	1	6
द्द्धेः	1	7
श्स्त्रः	1	8
ड्वौ	1	4
म्र्थे	1	6
ग्घो	1	4
ळ्के	1	4
ट्न्तः	1	6
न्येः	1	5
ष्व्टा	1	6
द्ध्ग	1	5
ल्खै	1	4
प्टं	1	4
ठ्ठः	1	4
ड्ड्मा	1	6
क्ड्या	1	6
व्ल्	1	4
श्क्तेः	1	7
ख्ङ्ख्या	1	8
म्प्ट्रो	1	8
स्ूत्र	1	6
र्ट्फ	1	5
ण्ड्स्ट्री	1	10
ञ्च्र	1	5
न्त्रीः	1	7
ण्ट्जा	1	6
क्य्वा	1	6
न्विं	1	5
ल्यौः	1	5
र्ल्फा	1	6
स्ट्ग्र्या	1	10
पु्रा	1	5
ङ्गेः	1	5
ळ्रा	1	4
क्ट्ले	1	6
न्ल्या	1	6
ट्क्सि	1	6
स्टः	1	4
क्क्लु	1	6
त्क्ष्मा	1	8
र्म्नी	1	6
त्च्छी	1	6
र्म्सू	1	6
त्स्त्व	1	7
ण्ड्व्यो	1	8
न्ध्रि	1	6
ग्ळु	1	4
प्ड्य	1	5
ळ्गे	1	4
ग्ङ्श	1	5
ग्ङ्	1	4
त्प्र्मे	1	8
श्मीः	1	5
झ्ङ्का	1	6
न्वौ	1	4
ध्रै	1	4
र्द्राः	1	7
त्स्यौ	1	6
र्प्या	1	6
र्न्तीं	1	7
र्न्ती	1	6
त्स्दृ	1	6
ण्ट्ल्	1	6
र्तिँ	1	5
द्न्त्याः	1	9
भ्रः	1	4
क्णाः	1	5
ङ्ग्झे	1	6
ल्स्प	1	5
र्स्मि	1	6
र्ल्टि	1	6
ह्द्रो	1	6
र्क्त	1	5
स्स्ट्रि	1	8
फ्र्ट	1	5
ञ्त्नां	1	7
ञ्च्द	1	5
प्पाः	1	5
श्व्ता	1	6
ळ्गी	1	4
भ्गौ	1	4
म्र्क	1	5
ण्गि	1	4
ण्गी	1	4
ग्स्थ	1	5
ज्य्वि	1	6
ण्ढाः	1	5
च्छ्तू	1	6
य्डू	1	4
ळ्ळां	1	5
ण्ट्गा	1	6
प्र्त्ये	1	8
ष्टॆः	1	5
ञ्ज्प	1	5
र्ष्ट्र	1	7
स्क्त	1	5
ह्व्यु	1	6
ट्ट्स्य	1	7
ब्जेः	1	5
ण्ट्ब्ला	1	8
न्श्रे	1	6
ल्फ्स्	1	6
ड्न्दे	1	6
च्ञो	1	4
स्स्मा	1	6
ह्ति	1	4
ज्गौ	1	4
य्गौ	1	4
न्रेः	1	5
ञ्झे	1	4
ल्वृ	1	4
त्जौ	1	4
ज़्खा	1	5
द्र्काः	1	7
ल्फ्स्प	1	7
ज्ञोः	1	5
॑॑॑	1	3
सू्रु	1	5
ण्ण्स्य	1	7
न्प्रि	1	6
ज्डा	1	4
ख्पु	1	4
फ्ज्लि	1	6
ष्प्	1	4
ण्स्या	1	6
र्श्न	1	5
र्ध्दौ	1	6
ष्ठ्रि	1	6
प्शू	1	4
र्द्यां	1	7
र्तृः	1	5
र्थीः	1	5
ह्न्द्रो	1	8
ष्ट्राँ	1	7
ट्र्ंजि	1	7
न्ध्तिः	1	7
ण्डूः	1	5
ट्पी	1	4
क्त्रै	1	6
द्दाः	1	5
ग्न्पु	1	6
त्न्ङ्क	1	7
स्व्क्रि	1	8
न्य्या	1	6
ञ्ज्रु	1	6
क्क्लि	1	6
स्वों	1	5
ष्ट्मे	1	6
त्य्च्य	1	7
र्वूं	1	5
भ्र्ंशः	1	7
क्ष्प	1	5
ज्भौ	1	4
न्ध्रै	1	6
र्म्तौ	1	6
त्न्त्रा	1	8
भ्ज	1	3
च्छ्स	1	5
ङ्ग्स्ग	1	7
र्न्सौ	1	6
र्य्मौ	1	6
भ्लौ	1	4
ण्ट्मे	1	6
ल्प्रे	1	6
ह्द्ये	1	6
ण्ट्सि	1	6
स्व्	1	4
त्दी	1	4
द्मु	1	4
ट्ल्को	1	6
त्त्रिं	1	7
ग्ळी	1	4
म्भ्रे	1	6
ट्टि्	1	5
ख्शु	1	4
ल्पिः	1	5
र्ण्कु	1	6
ण्ट्र्ल्	1	8
म्तृ	1	4
ङ्प्त	1	5
ङ्च्छ	1	5
च्छ्ते	1	6
क्स्श्चे	1	8
ड्स्त	1	5
ल्म्ह	1	5
व्ळाः	1	5
मू्ला	1	5
ण्ड्ला	1	6
र्र्क	1	5
द्धाै	1	5
र्स्थि	1	6
क्स्फि	1	6
य्पू	1	4
र्प्ये	1	6
घ्र्	1	4
क्र्ष	1	5
ग्मिः	1	5
प्त्स्य	1	7
त्नुः	1	5
ह्फ़ू	1	5
न्त्म्	1	6
ग्णैः	1	5
द्ज़ु	1	5
प्गौ	1	4
न्प्र्य	1	7
स्थ्पू	1	6
ङ्लं	1	4
೯	1	1
ञ्च्प	1	5
ट्ऱा	1	4
ग्ङ्ल	1	5
ब्भू	1	4
क्त्तृ	1	6
ळ्खे	1	4
ळ्य़	1	4
ष्ट्ठि	1	6
ङ्मा्	1	5
न्द्रा्	1	7
स्स्प	1	5
न्द्के	1	6
व्गा	1	4
म्स्ते	1	6
प्त्य़	1	6
र्शिः	1	5
ड्क्	1	4
श्राे	1	5
र्ष्णो	1	6
फ्प्र	1	5
प्र्रि	1	6
द्रँ	1	4
ग्य्रैः	1	7
ध्का	1	4
ङ्क्ये	1	6
भ्ङ्गः	1	6
न्म्त्ता	1	8
ह्त्पा	1	6
भ्ग्न	1	5
न्प्लू	1	6
स्ट्तः	1	6
दु़	1	3
न्ङ्गु	1	6
ब्द्धाः	1	7
न्स्कः	1	6
ऴ्पे	1	4
ट्ट्रि	1	6
प्ट्क्रा	1	8
ल्प्ल	1	5
ङ्ग्स्था	1	8
र्ष्ट्यं	1	8
ह्द्	1	4
ड्वृ	1	4
य्डः	1	4
ख्ह्या	1	6
ड्शै	1	4
ळ्रू	1	4
ऴ्जै	1	4
ण्नां	1	5
न्स्स	1	5
र्कुः	1	5
ऴ्ग्र	1	5
ङ्क्राः	1	7
स्ट्लै	1	6
द्र्को	1	6
र्व्रं	1	6
ञ्ज्रं	1	6
म्व्	1	4
ड्स्प	1	5
स्न्षे	1	6
ष्ट्रु	1	6
ल्क्याः	1	7
क्नुः	1	5
ज्युः	1	5
न्न्नः	1	6
ङ्गिं	1	5
घ्वं	1	4
झ्ल	1	3
च्लि	1	4
श्म्	1	4
ड्घे	1	4
ल्क्ष्	1	6
ङ्ग्हे	1	6
ण्हः	1	4
त्म्ना	1	6
ष्याँ	1	5
ण्दुं	1	5
ल्निः	1	5
न्स्त्या	1	8
ल्न्	1	4
ल्ड्वे	1	6
च्चीं	1	5
प्युं	1	5
स्ङ्घ	1	5
ट्स्मे	1	6
र्ड्म	1	5
न्ड्रोः	1	7
ङ्तिः	1	5
ण्द्रा	1	6
ड्द्वा	1	6
र्ज्यौ	1	6
र्हीः	1	5
ह्य़ू	1	5
ङ्ग्जु	1	6
ञ्छ्म	1	5
द्शि	1	4
न्स्फॉ	1	6
श्ट्रे	1	6
ध्वै	1	4
ञ्च्पौ	1	6
ङ्लाः	1	5
श्वु	1	4
ष्ठ्तु	1	6
न्त्नि	1	6
श्र्वः	1	6
ष्य़ाः	1	6
न्ब्या	1	6
र्स्श	1	5
ल्म्बि	1	6
ङ्ष	1	3
ङ्ग्टा	1	6
ञ्ज्यः	1	6
क्शृ	1	4
ण्त्	1	4
ना़ं	1	4
र्ट्स्ग	1	7
ष्य़ः	1	5
ङ्ख्ज्या	1	8
र्य़ा	1	5
द्नू	1	4
ळ्ग्र	1	5
ल्ग्र	1	5
ल्ल्मु	1	6
त्कुं	1	5
ल्भं	1	4
घ्नै	1	4
ङ्ख्लैः	1	7
म्यृ	1	4
घ्न्ये	1	6
श्धा	1	4
स्त्वृ	1	6
र्ग्वे	1	6
ग्वॆ	1	4
र्द्धौ	1	6
र्द्धाः	1	7
र्तृं	1	5
ष्ठ्यो	1	6
क्माः	1	5
ग्न्योः	1	7
न्प्रौ	1	6
स्स्युः	1	7
न्स्सृ	1	6
व्सृ	1	4
प्फी	1	4
न्डिः	1	5
ल्यॆ	1	4
स्क्तः	1	6
म्य्यः	1	6
ष्ठॊ	1	4
त्न्तः	1	6
न्त्रिः	1	7
ण्ड्स्ला	1	8
म्क्री	1	6
र्श्लै	1	6
ब्ध्म्	1	6
य्त्त	1	5
क्स्क्री	1	8
र्ट्सं	1	6
द्सा	1	4
स्स्फी	1	6
ट्णा	1	4
ष्ण्	1	4
द्द्धा	1	6
न्ह्डे	1	6
द्र्सु	1	6
)ઃ	1	2
ण्ड्स्लां	1	9
क्बि	1	4
र्फॆ	1	4
र्सॆ	1	4
ञ्गि	1	4
ञ्ग्शि	1	6
ङ्खै	1	4
च्च्छ्लो	1	8
प्म्र	1	5
र्त्रीं	1	7
ण्ड्ड	1	5
ट्लो	1	4
न्ब्यो	1	6
न्द्तः	1	6
ड्ज्कि	1	6
त्ज्ञा	1	6
य्ट्जी	1	6
↓	1	1
म्ब्स्	1	6
ड्बी	1	4
ट्भ	1	3
श्फु	1	4
क्त्येः	1	7
ळ्पो	1	4
क्क्मी	1	6
ब्द्यी	1	6
ञ्पु	1	4
ण्ट्स्था	1	8
ङ्ग्रैः	1	7
क्क्ली	1	6
र्मोः	1	5
द्ब्भ्यां	1	9
प्दे	1	4
र्स्र	1	5
र्ज्जी	1	6
स्म्मि	1	6
ण्यॆ	1	4
द्वीं	1	5
र्ड्यु	1	6
क्स्फॉ	1	6
ल्म्ब्य	1	7
ड्कै	1	4
न्र्धे	1	6
त्य्बु	1	6
भ्द	1	3
श्श्ङ्खः	1	8
र्ध्दा	1	6
त्ज्य	1	5
र्ग्ं	1	5
स्ंवि	1	5
र्थ्यैः	1	7
ड्द्र	1	5
द्ग्ल	1	5
ण्स्ना	1	6
त्त्त्रि	1	8
द्द्क्षि	1	8
ख्श्य	1	5
म्ङ्गाः	1	7
म्यैः	1	5
ह्त्त	1	5
थां्	1	4
ङ्घ्वि	1	6
न्ट्तः	1	6
व्कै	1	4
ल्क्र	1	5
न्स्क्	1	6
द्ध्छौ	1	6
र्द्छु	1	6
च्ह्यो	1	6
क्लीः	1	5
र्ग्ब	1	5
च्छ्रं	1	6
ष्ट्र्प्र	1	9
ल्ब्धं	1	6
न्द्दि	1	6
क्र्त्य	1	7
म्र्गा	1	6
र्न्र	1	5
न्द्स्बो	1	8
म्षो	1	4
स्प्रु	1	6
ज्नं	1	4
स्ध्य	1	5
स्ंर	1	4
क्श्या	1	6
त्काे	1	5
स्याे	1	5
भ्धो	1	4
ग्नाे	1	5
र्याें	1	6
द्द्ः	1	5
द्धाे	1	5
वाे	1	3
न्याे	1	5
ङ्य्	1	4
#ा	1	2
स्ब्रि	1	6
न्क्य	1	5
न्फ़ी	1	5
ङ्डं	1	4
ड्ग्र	1	5
ग्न्याः	1	7
श्थू	1	4
क्क्ष्म	1	7
र्धॆ	1	4
क्रॆ	1	4
क्तॊ	1	4
क्स्ति	1	6
क्नॊ	1	4
श्चुः	1	5
छ्का	1	4
न्द्र्ः	1	7
र्तॆ	1	4
प्रॆ	1	4
य्यॆ	1	4
ष्यॆ	1	4
स्रॊ	1	4
क्न्य	1	5
ञ्ज्का	1	6
म्फ़्	1	5
म्ग्रा	1	6
ग्र्यॆ	1	6
क्रॊ	1	4
न्यॆ	1	4
प्टॆ	1	4
ट्नॆ	1	4
ध्र्ष्ट्वा	1	10
व्यॆ	1	4
ड्नॊ	1	4
न्न्हं	1	6
घ्दः	1	4
ष्र्ट	1	5
ण्दः	1	4
ष्क्र्य	1	7
ष्तो	1	4
स्व्या	1	6
त्ब्	1	4
ण्ड्म्	1	6
ष्ठुं	1	5
ह्ङ्ग्त्वा	1	10
त्य्ँ	1	5
श्ंश	1	4
ष्ऱो	1	4
झ्भा	1	4
ह्क्यं	1	6
ऋँ	1	2
च्जा	1	4
द्याँ	1	5
र्प्रै	1	6
श्हि	1	4
भू्त्	1	5
र॓	1	2
य्न्नै	1	6
ङ्ग्ना	1	6
ह्था	1	4
य्ल्लौ	1	6
न्न्स्	1	6
ङ्क्ता	1	6
र्द्र्प्रा	1	10
ञ्ज्पा	1	6
द्ध्प	1	5
ह्द्व	1	5
न्त्र्ौ	1	7
न्त्र्ो	1	7
त्र्ो	1	5
र्बीं	1	5
व्दृ	1	4
ड्मु	1	4
ग्षु	1	4
ध्रॄ	1	4
क्ञ्धा	1	6
ध्ः	1	3
ज़्ला	1	5
ङ्क्त्यां	1	9
न्त्यॆ	1	6
त्त्तं	1	6
न्ञ्ज	1	5
र्चाि	1	5
ङ्न्तं	1	6
ङ्वि	1	4
(ो	1	2
ड्ढां	1	5
ध्म्म	1	5
त्राीं	1	6
ड्सः	1	4
घ्म	1	3
म्द्ध	1	5
ङ्ग्ड्म्दे	1	10
ह्त्से	1	6
ट्क्या	1	6
न्न्म्पे	1	8
स्ट्सं	1	6
द्स्याः	1	7
य्न्य	1	5
ञ्छ्य	1	5
ग्य्रां	1	7
स्म्भृ	1	6
ष्स्पृ	1	6
ग्र्नि	1	6
त्स्ख्या	1	8
श्र्ला	1	6
द्य्व	1	5
र्ञ्च	1	5
ण्ज्यै	1	6
ध्द्	1	4
ज्त्वे	1	6
श्र्मा	1	6
स्र्त्री	1	8
त्पै	1	4
स्ङ्ग	1	5
ण्भू	1	4
त्य्सि	1	6
र्क्यं	1	6
च्छ्र्त्या	1	10
ड्ख्यं	1	6
द्दॆ	1	4
द्य्	1	4
द्र्ष्टृ	1	8
र्त्स्ने	1	8
न्त्त्य	1	7
ष्ट्रै	1	6
ड्क्य	1	5
र्त्रृ	1	6
ड्ख्यैः	1	7
त्स्नै	1	6
ध्द्ये	1	6
क्ष्यौ	1	6
र्थ्ः	1	5
द्घ्या	1	6
त्य्त्व	1	7
क्य्	1	4
त्क्र्मे	1	8
प्मॉ	1	4
द्धाा	1	5
न्मॆ	1	4
त्प्दा	1	6
म्भ्यु	1	6
त्तॊ	1	4
स्मॆ	1	4
प्ण्डि	1	6
द्धॊ	1	4
र्ढ्यॊ	1	6
क्यॆः	1	5
क्त्ते	1	6
र्ध्दी	1	6
न्ह्मि	1	6
र्घ्यें	1	7
ण्णिं	1	5
ण्सू	1	4
थ्त	1	3
ह्न्ं	1	5
स्ण्टी	1	6
ब्घ्य	1	5
म्ञ्च	1	5
र्त्यि	1	6
क्न्तु	1	6
प्कौ	1	4
स्र्थे	1	6
च्गे	1	4
ण्ञ्चा	1	6
श्ष्प	1	5
र्ध्व्वं	1	8
त्पः	1	4
द्दिं	1	5
ङ्च्	1	4
द्हो	1	4
स्ट्शि	1	6
ब्भा	1	4
ल्ल्भ	1	5
र्स्वा	1	6
ड्क्री	1	6
टे्ल	1	4
ष्ठ्री	1	6
ण्द्	1	4
स्मैे	1	5
श्स्तीं	1	7
व्रृ	1	4
च्छ्कुः	1	7
श्क्यः	1	6
ष्ष्ठ	1	5
ण्ट्टि	1	6
ञ्ज्ये	1	6
ष्ठ्मा	1	6
स्थ्तिं	1	7
स्त्थि	1	6
र्त्थः	1	6
स्म्मु	1	6
र्ष्ष	1	5
द्व्स्तु	1	8
कृः	1	3
ह्तिः	1	5
प्र्ष्ट	1	7
ख्षि	1	4
भ्जे	1	4
य्प्रु	1	6
स्व्की	1	6
र्द्ध्रे	1	8
र्द्ध्वे	1	8
म्ब्यः	1	6
र्ंवा	1	5
त्स्प्र	1	7
र्थ्थे	1	6
द्र्ष्टुः	1	9
झ्चि	1	4
ङ्काा	1	5
थूँ	1	3
त्याी	1	5
र्स्क्	1	6
ष्माः	1	5
द्व्यः	1	6
ण्ढू	1	4
द्जै	1	4
यैै	1	3
त्त्वंं	1	7
मु्ुत्सु	1	8
र्तु्ं	1	6
पू्ज्य	1	6
घ्र्यं	1	6
र्णँ	1	4
त्निं	1	5
ष्पृ	1	4
भाःं	1	4
ङ्द्र	1	5
ञ्द	1	3
न्न्त्या	1	8
ष्सा	1	4
ढ्जं	1	4
ण्ण्म्मा	1	8
ष्हे	1	4
रिै	1	3
ङ्क्ों	1	6
ग्य्रं	1	6
द्र्च	1	5
ङ्रू	1	4
र्हंः	1	5
द्धंः	1	5
न॓	1	2
क्नाः	1	5
ङ्र्ष	1	5
र्त्स्न्यो	1	10
क्ट्य	1	5
न्त्त्र्य	1	9
ग्र्री	1	6
स्ङ्ख्या	1	8
च्छ्न्तु	1	8
म्प्वां	1	7
स्राे	1	5
र्णााः	1	6
ष्स	1	3
र्ट्श	1	5
त्स्राे	1	7
ल्चाे	1	5
ड्भ्रा	1	6
न्त्ताः	1	7
ण्ड्ज्	1	6
त्स्रो	1	6
घ्न्या	1	6
द्घिः	1	5
क्ख्ड	1	5
तिुं	1	4
स्थीः	1	5
क्श्चि	1	6
क्श्च्यै	1	8
क्ष्तः	1	6
र्स्कः	1	6
ष्कू	1	4
र्ग्ज्दै	1	8
क्ष्ण्यै	1	8
र्ण्यै	1	6
न्कः	1	4
च्युः	1	5
ज्लू	1	4
ज्लूं	1	5
ल्ञोः	1	5
ल्ञ	1	3
र्य्स्य	1	7
ल्ञा	1	4
र्म्यैः	1	7
व्याे	1	5
श्लाे	1	5
षाै	1	3
ष्णॉः	1	5
पॉः	1	3
न्स्ल्ट	1	7
क्ष्ः	1	5
र्ट्टे	1	6
र्दॅ	1	4
न्त्ः	1	5
ळ्डो	1	4
ग्वॅ	1	4
व्मो	1	4
म्म्दे	1	6
न्न्ये	1	6
ल्जः	1	4
कूः	1	3
५्	1	2
ग्म्ये	1	6
ह्स्रा	1	6
व्तः	1	4
ष्य्ग	1	5
द्य्ः	1	5
द्य्क	1	5
त्र्ेय	1	6
न्य्ि	1	5
त्व्श	1	5
त्व्न	1	5
धीा	1	3
र्क्न	1	5
त्षी	1	4
र्ग्न	1	5
स्रिं	1	5
र्कीः	1	5
ब्त्सः	1	6
र्ष्टो	1	6
ल्ञौ	1	4
स्ट्मिं	1	7
द्ध्य्ये	1	8
र्णाे	1	5
न्थाे	1	5
ह्लिं	1	5
ल्क्ल	1	5
ङ्ग्ज	1	5
ङ्क्ष्याः	1	9
ज्षे	1	4
क्क्षी	1	6
ड्सि	1	4
न्झै	1	4
त्त्म्ये	1	8
ऋु	1	2
ज्वः	1	4
भू्त्वा	1	7
म्धः	1	4
न्द्सौ	1	6
आां	1	3
ग्काः	1	5
ण्ड्सी	1	6
क्स्हा	1	6
ल्ट्जा	1	6
स्शा	1	4
स्ब्ले	1	6
ग्स्ब	1	5
न्वु	1	4
र्स्हौ	1	6
न्फ़्ल्डे	1	9
ङ्ग्स्ले	1	8
व्टे	1	4
ङ्पू	1	4
र्ग्ध	1	5
स्त्त्रे	1	8
ष्ठ्यौ	1	6
ल्लुः	1	5
ड्गृ	1	4
र्तृृ	1	5
न्घ्या	1	6
ब्धैः	1	5
ध्जो	1	4
ब्रा्	1	5
द्बौ	1	4
गृ्य	1	4
र्त्तीं	1	7
ल्वीं	1	5
ण्टु्श	1	6
ण्ट्ड	1	5
र्ट्क्ला	1	8
र्ड्कि	1	6
त्त्यृ	1	6
र्धौ	1	4
ञ्चिः	1	5
न्वँ	1	4
पःं	1	3
ल्ल्यौ	1	6
प्त्ये	1	6
र्षेा	1	5
त्स्थौ	1	6
र्घ्यः	1	6
स्धा	1	4
त्य्स्था	1	8
ऩ्टा	1	4
ऩ्ड	1	3
न्थ्या	1	6
ङेः	1	3
मा़	1	3
र्घ्यंं	1	7
न्माः	1	5
र्श्वै	1	6
य्जा	1	4
ङां	1	3
ष्त्वा	1	6
क्ंतु	1	5
व्ल्यू	1	6
स्त्थ	1	5
ज्य़े	1	5
व्रि़	1	5
ठ्चे	1	4
व्लू	1	4
भ्ग्रे	1	6
न्थाा	1	5
ह्णिः	1	5
निो	1	3
द्दि्	1	5
ण्ड्लि	1	6
व्देः	1	5
न्न्फ	1	5
श्बा	1	4
स्य़ा	1	5
न्ड्प्रा	1	8
प्ल्व	1	5
प्य्का	1	6
र्स्षी	1	6
ञ्ज्रा	1	6
द्सि	1	4
त्माा	1	5
म्प्रौ	1	6
र्व्वे	1	6
र्म्मो	1	6
1्	1	2
स्य़	1	4
ष्ट्य़ा	1	7
र्ह्रा	1	6
त्स्त्रि	1	8
घ्नुः	1	5
द्व्यं	1	6
ह्रुः	1	5
ल्मिी	1	5
न्धुि	1	5
ज्ज्वाः	1	7
ज्जैः	1	5
ञ्छ्र	1	5
श्शै	1	4
ब्धीः	1	5
र्ख्यं	1	6
न्व्याः	1	7
र्ध्निं	1	7
ज्झो	1	4
त्स्त्य	1	7
श्च्यो	1	6
ठ्यैः	1	5
श्मौ	1	4
ञ्छ्रु	1	6
घ्यै	1	4
म्भेः	1	5
म्बीं	1	5
र्त्मे	1	6
ण्हं	1	4
ण्हा	1	4
र्त्स्या	1	8
भ्गा	1	4
ञ्शृ	1	4
ग्ज़ॉ	1	5
त्राां	1	6
र्क्यि	1	6
म्म्प्प	1	7
र्य्षि	1	6
त्षु	1	4
र्ग्यं	1	6
ङ्ख्व्या	1	8
न्त्ज	1	5
ढ्ज	1	3
ङ्ग्तः	1	6
श्फी	1	4
ल्डः	1	4
ड्रः	1	4
म्स्बा	1	6
थ्नी	1	4
ग्द्वाः	1	7
र्प्प	1	5
च्छ्रू	1	6
क्ट्बृ	1	6
त्क्षो	1	6
ह्मिं	1	5
स्खें	1	5
श्मिं	1	5
ण्ढे	1	4
र्ख्ये	1	6
च्छ्शु	1	6
र्तुँ	1	5
र्क्यै	1	6
द्द्वी	1	6
य्ल्मे	1	6
ञ्च्ले	1	6
ड्फ़ी	1	5
क्ष्पे	1	6
र्स्रि	1	6
ट्डी	1	4
द्द्ष्य	1	7
र्व्ति	1	6
त्खं	1	4
र्ल्ड्क	1	7
ङ्ग्स्थां	1	9
र्न्रू	1	6
क्स्म्यु	1	8
रंः	1	3
न्व्यो	1	6
ष्वें	1	5
प्त्रा	1	6
ङ्निी	1	5
ढ्ड	1	3
ह्भु	1	4
त्णा	1	4
व्र्यो	1	6
न्स्फु	1	6
ज्झे	1	4
ङ्ङ्क	1	5
ङ्क़	1	4
भ्यॆ	1	4
र्षाि	1	5
ङ्ङ्का	1	6
ल्लेि	1	5
णुि	1	3
व्दः	1	4
ष्नि	1	4
क्त्रिः	1	7
र्लाि	1	5
श्लु	1	4
ङ्ख्व्ये	1	8
श्लौ	1	4
स्म॒	1	4
ञ्च्वाः	1	7
ञ्चूं	1	5
ह्ल्यां	1	7
त्त्त्	1	6
न्त्स्	1	6
स्त्का	1	6
द्त्त्त	1	7
क्प्र्मु	1	8
क्ष्योः	1	7
म्स्क्रु	1	8
प्नेः	1	5
र्येः	1	5
क्त्यि	1	6
ञ्स्नी	1	6
क्ख्यु	1	6
त्श्वो	1	6
स्नुः	1	5
व्दाः	1	5
भ्नी	1	4
ल्भ्या	1	6
स्ग्र	1	5
ध्यंः	1	5
ट्टॉ	1	4
ज्त्वा	1	6
ज्स्तु	1	6
ह्त्यै	1	6
ष्फ्या	1	6
च्विः	1	5
च्म्या	1	6
ङ्क्तेि	1	7
प्त्यू	1	6
ध्यिा	1	5
न्थ्यां	1	7
द्रीः	1	5
ब्ध्र	1	5
व्ख्याः	1	7
ष्ट्ध	1	5
न्॔ति॔	1	6
ण्ड्बा	1	6
ड्ज्स्टो	1	8
क्थ्रू	1	6
र्ट्प	1	5
क्क्त्रं	1	8
ब्दोः	1	5
ण्ढिं	1	5
तांः	1	4
म्त्	1	4
ष्ट्यें	1	7
ग्दिी	1	5
ब्ध्वां	1	7
हिँः	1	4
स्फों	1	5
प्फ्ण्यः	1	8
ल्म्फ़े	1	7
र्फ़्स्टै	1	9
श्ट्वा	1	6
ङ्द्वि	1	6
नऀ	1	2
र्यऀ	1	4
द्त्क	1	5
ल्शां	1	5
ण्ढ्रः	1	6
स्त्म	1	5
कृ्त्ति	1	7
द्रोः	1	5
र्ल्ण	1	5
क्र्थ्व	1	7
स्थ्नः	1	6
न्द्ा	1	5
क्रूि	1	5
स्मैं	1	5
ष्फू	1	4
त्ो	1	3
ङ्ग्ज़े	1	7
ण्णीं	1	5
शौः	1	3
ट्ठः	1	4
ञ्क्रु	1	6
च्प	1	3
भ्द्यः	1	6
भ्द्य	1	5
ष्र्णो	1	6
ङ्तिो	1	5
योंः	1	4
ति॑	1	3
र्दैः	1	5
न्णो	1	4
चौः	1	3
प्त्यः	1	6
ख्च	1	3
र्घ्यैः	1	7
त्म्यो	1	6
ङ्ङ्गे	1	6
त्त्थः	1	6
प्य॒	1	4
स्त्व॒	1	6
क्स्न्यो	1	8
ङ्चो	1	4
स्रीं	1	5
श्र्वं	1	6
ज्शा	1	4
ण्य॑	1	4
ब्वृ	1	4
ज्ज्ञै	1	6
भ्रिा	1	5
ष्वृ	1	4
ब्दिाः	1	6
म्प्रं	1	6
ग्झं	1	4
व्णे	1	4
न्त्वो	1	6
रूि	1	3
द्ध्र्वं	1	8
ट्ङ्ग्र	1	7
न्श्लो	1	6
ङ्क्त्यं	1	8
ञ्छौ	1	4
ब्द्यु	1	6
ट्ग्र	1	5
धूि	1	3
द्धोः	1	5
न्द्र्गि	1	8
ष्ट्मू	1	6
ह्लूः	1	5
ट्यै	1	4
म्भ्र्मे	1	8
क्गी	1	4
ङ्क्ल्पे	1	8
र्थोिं	1	6
न्य॑	1	4
म्तीं	1	5
स्विः	1	5
र्मेः	1	5
ठीी	1	3
श्क़्	1	5
ब्दाौं	1	6
न्त्वौ	1	6
र्वैा	1	5
त्क्लि	1	6
त्व्म्	1	6
ष्गि	1	4
ऐः	1	2
औः	1	2
छुः	1	3
स्म्यु	1	6
ल्गाः	1	5
ङ्क्ण	1	5
क्क्नो	1	6
त्ंत्रा	1	7
ल्क्ष्या	1	8
स्ंचा	1	5
स्म्ना	1	6
त्सिा	1	5
ट्स्वे	1	6
द्वैः	1	5
भ्सु	1	4
ण्ठ्यां	1	7
क्त्त्य	1	7
बु्ि	1	4
दु्यां	1	6
म्ञ	1	3
ख्ि	1	3
स्तिा	1	5
म्न्यो	1	6
युा	1	3
त्खे	1	4
तेो	1	3
ट्त्व	1	5
र्किः	1	5
ड्स्ट्रा	1	8
र्न्ट्	1	6
ल्म्बो	1	6
ञ्र	1	3
र्ट्ने	1	6
स्स्वि	1	6
र्ट्रु	1	6
मिःिः	1	5
ञ्च्म	1	5
ध्ष	1	3
ह्श्यं	1	6
व्ब्दे	1	6
ल्कृ	1	4
छ्लो	1	4
द्न्म	1	5
फ्वें	1	5
ब्र्व	1	5
च्यैः	1	5
व्सै	1	4
ड्क्श	1	5
➡	1	1
ण्णिः	1	5
न्स्सं	1	6
न्थ्हो	1	6
न्व्री	1	6
ट्किः	1	5
ल्य्तु	1	6
र्ध्वः	1	6
ऊो	1	2
षुि	1	3
म्णां	1	5
ग्बु	1	4
न्भः	1	4
ट्क्कु	1	6
र्षॅ	1	4
र्त्त्ति	1	8
म्क्यू	1	6
ख्यॊ	1	4
धंं	1	3
(ाः	1	3
ज्योः	1	5
ष्वः	1	4
त्हो	1	4
लू्	1	3
नो᳚	1	3
भ॒	1	2
वि॒	1	3
ण्दे	1	4
न्रू	1	4
द्कृ	1	4
न्सृ	1	4
घ्व्यां	1	7
न्पै	1	4
य्स्क्	1	6
त्त्द्	1	6
ज्ज्म	1	5
श्श्वा	1	6
न्य्व	1	5
त्तिा	1	5
ल्पें	1	5
द्ध्वै	1	6
त्स्वै	1	6
भ्वु	1	4
व्धे	1	4
ण्टुं	1	5
त्य॑	1	4
क्ष्वि	1	6
द्धिा	1	5
म्न्यै	1	6
षिा	1	3
न्द्धु	1	6
स्षे	1	4
प्जो	1	4
बे्ग	1	4
ष्ट्दि	1	6
र्श्श	1	5
ण्पु	1	4
क्स्थि	1	6
क्भिः	1	5
म्प्यां	1	7
स्येः	1	5
ञ्जोः	1	5
णिै	1	3
।ः	1	2
णिैः	1	4
र्श्र	1	5
फ़्स्का	1	7
ङ्ग्ग्वो	1	8
र्कुं	1	5
ष्ग्व	1	5
व्रौ	1	4
प्त्वे	1	6
श्म्भुः	1	7
र्क्ट्	1	6
„	1	1
‟	1	1
र्क्सः	1	6
र्न्स्ट्	1	8
त्स्थू	1	6
ड्बै	1	4
प्ट्लो	1	6
घ्त्स्	1	6
घ्त्	1	4
क्त्स्	1	6
फ्मै	1	4
व्वः	1	4
ग्ज़ै	1	5
न्ज्स्	1	6
स्प्स्	1	6
ल्बः	1	4
म्फं	1	4
जुी	1	3
न्चीं	1	5
स्प्लै	1	6
छ्च्	1	4
र्कॅ	1	4
र्ष्णिं	1	7
न्ब्स्	1	6
न्श्कू	1	6
र्देः	1	5
म्गे	1	4
ग्नैः	1	5
क्क्षे	1	6
र्धैः	1	5
ल्लीः	1	5
न्जाः	1	5
क्त्स्व	1	7
द्डि	1	4
न्थ्योः	1	7
स्बै	1	4
त्श्म	1	5
र्न्स्टी	1	8
म्ग्न	1	5
ण्ट्बै	1	6
ड्ग्कि	1	6
न्त्ज़े	1	7
श्त्	1	4
ड्ज़े	1	5
त्च्	1	4
र्बीः	1	5
न्त्रीं	1	7
र्क्शॉ	1	6
ल्व्स्य	1	7
ड्ट्	1	4
स्ट्फे	1	6
र्ड्सः	1	6
ळ्टो	1	4
ण्ट्रू	1	6
न्ग्ये	1	6
च्स्	1	4
य्मॅ	1	4
फ़्कः	1	5
स्ङ्के	1	6
स्ट्ट्रा	1	8
च्छ्च	1	5
प्त्रु	1	6
ल्क्ना	1	6
र्ट्लै	1	6
स्तीे	1	5
ण्ट्ले	1	6
द्स्त्री	1	8
ल्सुः	1	5
स्त्स्या	1	8
ड़ाः	1	4
ड्ढि	1	4
ड्ढेः	1	5
म्णं	1	4
र्द्वौ	1	6
स्निः	1	5
बूः	1	3
र्क्कि	1	6
क्ण्णि	1	6
त्वें	1	5
म्॒॒र्र्ल	1	9
द्दॊ	1	4
न्ग़ा	1	5
ख्टें	1	5
सा़	1	3
राै	1	3
ब्त्सा	1	6
णिा	1	3
णाौ	1	3
ण्य्	1	4
ध्धो	1	4
ल्फ्मै	1	6
ल्दिं	1	5
प्थाँ	1	5
वी्	1	3
त्ज्श्न	1	7
ल्ल्कु	1	6
ल्ज्यो	1	6
ङ्ग्दु	1	6
ख़्ज़	1	5
झ़ं	1	3
झ़्दा	1	5
त्फ़ा	1	5
ग्झौ	1	4
ङ्क्डि	1	6
ड़ि	1	2
ढ़ें	1	3
ड़े	1	2
ढ़ो	1	2
ग़ा	1	2
ज़ा	1	2
फ़ा	1	2
द्घ्ती	1	6
च्त्लि	1	6
न्ग्कों	1	7
व्ह्झ	1	5
ळ्हो	1	4
क्स्ट्रू	1	8
न्स्कीं	1	7
डेू	1	3
तु्म्ही	1	7
म्बूं	1	5
ऱ्यांं	1	6
