ക	675298	1
ർ	537348	1
വ	505892	1
ൽ	494598	1
യ	408602	1
യി	388046	2
അ	386157	1
ര	352788	1
ന	338973	1
മാ	329907	2
ത്തി	312369	4
പ	309997	1
മ	307715	1
ൾ	293532	1
വി	280742	2
രു	280624	2
ല	276450	1
ന്ന	272628	3
ൻ	263985	1
ത	259492	1
തി	252682	2
ങ്ങ	244352	3
നി	243093	2
എ	226688	1
രി	226350	2
സ	197492	1
ക്കു	191747	4
ഇ	190874	1
ന്നു	190460	4
ട	184069	1
ണ്	179210	2
ആ	177101	1
ടെ	165626	2
പ്ര	160823	3
കാ	157948	2
യു	139826	2
യാ	136416	2
ന്റെ	135754	4
ളി	132303	2
നാ	130631	2
ണ	129754	1
ടു	127429	2
മു	123265	2
രാ	122491	2
ക്ക	121241	3
ഉ	121227	1
ള്ള	120981	3
ത്	120737	2
ലെ	119637	2
ഗ	119036	1
റ	116066	1
യും	114229	3
ഒ	111435	1
വാ	106451	2
റി	97635	2
സി	97488	2
ശ	96896	1
ള	95312	1
കു	94139	2
ടി	93782	2
ക്കാ	91719	4
നു	91333	2
ജ	88741	1
പ്പെ	88476	4
തു	85194	2
ലി	85001	2
സം	84542	2
താ	84108	2
മി	79932	2
ച്ച	78741	3
പു	77837	2
ത്ര	76095	3
ചെ	75757	2
ത്ത	74719	3
.	74682	1
സ്	74658	2
പി	73738	2
ഷ	73151	1
ലാ	72483	2
ഹ	69580	1
സാ	69410	2
ച്ചു	67710	4
പാ	66273	2
ഭാ	65701	2
ച	65572	1
ണ്ട്	65132	4
ക്ക്	64865	4
-	64286	1
ട്ട	63947	3
രം	62812	2
ദ	62737	1
ബ	62108	1
ഈ	61641	1
ളു	61161	2
ഭ	61115	1
ന്ന്	59691	4
യോ	59454	2
വും	56246	3
ട്ടി	55125	4
ലും	54430	3
നെ	54190	2
ണി	53733	2
ത്തു	53310	4
ചി	53169	2
ട്ടു	52474	4
1	52449	1
നം	51761	2
കൊ	50858	2
ത്തെ	50610	4
ക്കി	49715	4
ന്	49333	2
ന്നി	49174	4
പ്പി	48386	4
വേ	48060	2
ധാ	48053	2
ച്ചി	47966	4
റ്റ	45823	3
കി	45672	2
ലു	45299	2
ത്ത്	45017	4
കൂ	44769	2
ദേ	44754	2
ഏ	44750	1
കോ	43851	2
ഴി	43491	2
ല്ല	43208	3
ണ്ടാ	42375	4
ദി	41948	2
ധി	41629	2
ളും	41521	3
മേ	40292	2
സ്ഥാ	39914	4
കേ	39894	2
ൺ	38868	1
ച്ച്	38803	4
രെ	38684	2
ക്ഷ	38413	3
തെ	38355	2
ന്നാ	38080	4
ദ്ദേ	38012	4
ണം	37083	2
വെ	36732	2
ജി	36710	2
റു	36676	2
ലം	36426	2
ഹി	36365	2
പ്പ	36268	3
ഖ	35991	1
ശി	35906	2
ഗി	34616	2
മൂ	34583	2
പോ	34530	2
യെ	34426	2
ഡി	34110	2
നേ	33830	2
9	33823	1
മെ	33806	2
ന്നും	33592	5
ശാ	33302	2
ലേ	33096	2
ഭി	32827	2
ലോ	32586	2
ഓ	32413	1
ഹാ	31883	2
ധ	31866	1
ഴ	31854	1
ളാ	31565	2
ട്	31565	2
വു	30843	2
ങ്ങി	30461	4
ളെ	28748	2
പേ	28625	2
നും	28523	3
ബി	28326	2
ന്ത	28218	3
0	28121	1
റ്റി	27218	4
ബാ	27043	2
കൃ	26960	2
ത്താ	26887	4
നോ	26814	2
ഡ്	26263	2
യം	25616	2
ഘ	25500	1
രോ	25320	2
ഹം	25172	2
ശേ	25143	2
ദ്ധ	25024	3
സു	24884	2
ജീ	24602	2
ക്ഷേ	24564	4
ദ്യ	24115	3
മ്പ	24047	3
രീ	23784	2
2	23596	1
ങ്കി	23433	4
ന്നെ	23037	4
ഴു	22985	2
ണ്ടി	22933	4
ത്രം	22677	4
ന്ത്യ	22635	5
ര്യ	22396	3
റ്റ്	22389	4
ക്കും	22255	5
ണ്ടു	22161	4
ഥ	22143	1
വ്യ	21981	3
രൂ	21971	2
ഡ	21850	1
സ്വ	21317	3
പൂ	21245	2
ത്യ	21132	3
നീ	20934	2
ല്ലാ	20893	4
പ്പോ	20716	4
മീ	20633	2
ദാ	20441	2
ളം	20074	2
ഗ്ര	19837	3
തീ	19818	2
റാ	19808	2
ണു	19783	2
ഷി	19711	2
യ്യു	19657	4
വ്	19512	2
വീ	19427	2
സെ	19336	2
ക്ഷി	19258	4
ട്ട്	19187	4
ഷം	19079	2
പ്രാ	19034	4
ഞ്ചാ	18968	4
മ്മ	18940	3
ന്നീ	18900	4
സ്ഥ	18861	3
ചാ	18827	2
കം	18734	2
പ്പു	18665	4
മോ	18556	2
ഗാ	18318	2
റ്റു	18235	4
റോ	18170	2
കെ	18109	2
റെ	18044	2
ജാ	17527	2
തോ	17497	2
പെ	17474	2
ലൂ	17285	2
ബം	17173	2
ഷ്യ	16942	3
ണ്ട	16935	3
ക്	16764	2
ന്മാ	16677	4
ടാ	16370	2
ള്ളി	16136	4
8	15903	1
ജ്യ	15790	3
സ്ത	15739	3
ക്ര	15655	3
ഫ	15457	1
ചേ	15447	2
ഭൂ	15418	2
സൂ	15417	2
ഗ്രാ	15280	4
ഗോ	15257	2
വൈ	14315	2
യൂ	14280	2
ഗം	14277	2
മ്മി	14192	4
പൊ	14053	2
വം	14028	2
ന്ദ്ര	14000	5
സ്ഥി	13976	4
ഐ	13895	1
ക്രി	13881	4
രേ	13833	2
ശ്ര	13607	3
തം	13592	2
ഗു	13590	2
ണാ	13555	2
ഗീ	13427	2
ത്തോ	13416	4
ക്കോ	13406	4
ശം	13403	2
ങ്ക	13381	3
യ്തു	13335	4
ഫ്	13282	2
ത്തേ	13224	4
ണ്ണ	13170	3
പ്പാ	12967	4
യേ	12803	2
7	12561	1
5	12453	1
സോ	12428	2
രും	12421	3
തൃ	12379	2
ഷ്	12186	2
6	12113	1
ഞ്ഞ	11974	3
ണെ	11916	2
ചു	11863	2
തും	11849	3
ശ്രീ	11790	4
ജോ	11706	2
പ്പ്	11576	4
ന്ധ	11467	3
മം	11467	2
ശു	11426	2
സ്ത്ര	11414	5
റ്റാ	11412	4
സ്കാ	11323	4
ബോ	11233	2
3	11190	1
ഫി	10762	2
ക്തി	10746	4
സൈ	10712	2
ട്ടാ	10656	4
ന്റ്	10604	4
നൂ	10493	2
യ്ക്കു	10483	6
അം	10465	2
ബു	10446	2
ണ്ണി	10444	4
ഗ്	10441	2
വ്യാ	10423	4
4	10392	1
സ്വാ	10388	4
ന്ദ	10334	3
ക്ത	10307	3
ശീ	10305	2
ഡോ	10301	2
യ്	10225	2
ണ്ടെ	10202	4
ക്കെ	10191	4
ക്കേ	10087	4
ദ്	10012	2
സ്റ്റ്	9863	6
ടും	9848	3
ദ്യാ	9813	4
യ്ക്ക്	9810	6
കീ	9711	2
ശ്വ	9675	3
ന്ത്ര	9581	5
റേ	9537	2
ശ്യ	9510	3
ഹോ	9505	2
സ്തു	9481	4
കൈ	9419	2
മ്പോ	9413	4
സേ	9319	2
ഞ്ഞു	9245	4
ണ്ഡ	9188	3
സ്സി	9024	4
ത്രി	8919	4
ഖ്യ	8878	3
ലീ	8768	2
തൊ	8759	2
തേ	8732	2
മ്മാ	8722	4
,	8617	1
ന്ധി	8575	4
എം	8501	2
ധ്യ	8488	3
ത്സ	8468	3
ന്ത്രി	8274	6
ഞ്ഞാ	8151	4
ക്കൊ	8143	4
ത്യേ	8108	4
ച്ചാ	8087	4
ഥാ	8071	2
ന്യ	8053	3
ടേ	7942	2
യ്യ	7932	3
ന്തി	7867	4
ദ്ര	7806	3
ഫോ	7772	2
ഠ	7715	1
ഷ്ട	7490	3
സീ	7427	2
ഷാ	7303	2
ബ്	7295	2
വൃ	7183	2
ജ്	7140	2
പ്പം	7111	4
ഷ്ട്ര	7095	5
വ്വ	7049	3
ദീ	6955	2
ളേ	6929	2
ഷ്ണ	6890	3
ത്വ	6770	3
സ്റ്റ	6768	5
ദു	6716	2
ക്കം	6683	4
ഞ്ഞെ	6676	4
ദൈ	6655	2
ളോ	6650	2
ങ്ങു	6615	4
യ്യാ	6610	4
ദം	6587	2
ല്ലെ	6543	4
ഡെ	6533	2
ബ്രി	6529	4
ഞ്ച	6527	3
ലൈ	6518	2
റം	6491	2
സ്യ	6443	3
ദ്ധി	6438	4
യ്ത	6392	3
മൊ	6389	2
ന്തു	6352	4
ജൂ	6351	2
ശ്വാ	6318	4
(	6315	1
പീ	6277	2
ക്സ്	6256	4
പം	6161	2
ന്റ	6135	3
ഇം	6072	2
വോ	6024	2
ഹൈ	5964	2
ച്ചെ	5952	4
ഫെ	5933	2
ഔ	5876	1
സൗ	5809	2
മ്പി	5756	4
ല്ലി	5697	4
ല്ലാം	5693	5
റ്	5651	2
ഴ്	5623	2
ബ്ര	5574	3
ഖ്യാ	5544	4
മൈ	5465	2
ഞ്ഞി	5404	4
ന്റി	5398	4
ത്ഥ	5395	3
ബെ	5373	2
ട്ടം	5357	4
ധു	5346	2
സ്കൂ	5310	4
റും	5266	3
പ്രി	5264	4
ഡു	5263	2
പ്	5238	2
മ്പ്	5211	4
ടം	5208	2
ഭ്യാ	5193	4
മ്പു	5192	4
ത്തും	5179	5
സ്ത്രീ	5159	6
ജെ	5153	2
ക്കൂ	5113	4
ള്ളു	5097	4
ന്താ	5065	4
സ്താ	5048	4
ല്പ	5029	3
ജ്ഞ	4955	3
ഭ്യ	4953	3
ട്ടീ	4946	4
ഹു	4919	2
പ്രോ	4896	4
ല്യ	4856	3
റ്റൊ	4845	4
ഠി	4836	2
സ്റ്റി	4805	6
ങ്	4790	2
ബൈ	4764	2
ധീ	4713	2
ത്മ	4708	3
ര്	4692	2
ഷ്ടി	4673	4
ങ്ങാ	4670	4
ന്ഥ	4653	3
ഷ്ട്രീ	4621	6
ന്യൂ	4607	4
ഡാ	4605	2
ന്ദി	4563	4
ചോ	4536	2
ഹെ	4528	2
ക്സി	4484	4
ഊ	4480	1
ണ്ടും	4470	5
ദ്ധീ	4462	4
സ്വീ	4455	4
ദ്യോ	4418	4
മൃ	4408	2
ത്യാ	4398	4
ലൊ	4374	2
ദ്ധാ	4341	4
ന്റേ	4340	4
ക്യ	4309	3
ഖാ	4301	2
ന്നാം	4293	5
ലിം	4261	3
ആം	4245	2
ദ്ധ്യ	4216	5
ക്കാം	4208	5
ങ്ങ്	4189	4
ഴ്ച	4188	3
താം	4166	3
ദൂ	4145	2
ഹ്മ	4071	3
ച്ചേ	4066	4
സൃ	3997	2
ര്യം	3953	4
ഗ്ഗ	3941	3
ബ്രാ	3913	4
സ്റ്റേ	3902	6
ല്ലു	3900	4
ഫാ	3879	2
ഗ്ലീ	3834	4
ഞ്ചി	3827	4
ട്ടോ	3806	4
ത്തീ	3788	4
സ്ത്രം	3755	6
മ്രാ	3753	4
യൊ	3752	2
ജ്ഞാ	3731	4
ങ്കു	3692	4
സ്സ്	3690	4
ന്ദു	3688	4
മ്പാ	3678	4
ങ്കാ	3664	4
സിം	3648	3
ജു	3635	2
റ്റും	3621	5
ഴും	3616	3
റ്റം	3612	4
ഷ്ഠ	3610	3
ണ്ടാം	3601	5
ഹൃ	3584	2
കും	3572	3
ദ്യു	3552	4
ദ്യം	3542	4
യ്തി	3540	4
ഫീ	3521	2
ഗ്രീ	3518	4
ന്യാ	3505	4
ത്തം	3486	4
ഞ്ച്	3481	4
ത്രാ	3478	4
ട്ടെ	3444	4
ശ്ശേ	3437	4
ന്തം	3430	4
ശോ	3412	2
ടൊ	3350	2
ഭീ	3329	2
ബേ	3312	2
ന്നോ	3289	4
ബീ	3282	2
ക്ഷം	3267	4
ഗ്യ	3233	3
ടോ	3200	2
ങ്കേ	3147	4
ദ്രാ	3114	4
ഹ്യ	3113	3
ത്വം	3104	4
ണാം	3096	3
നൊ	3082	2
ടീ	3080	2
ഴെ	3080	2
സ്തീ	3063	4
ചീ	3049	2
ദൃ	3046	2
ചൂ	3020	2
ഫ്രാ	3016	4
ക്ട	2981	3
ന്യം	2974	4
ദ്ധ്യാ	2961	6
ണ്ണം	2959	4
യ്ക്ക	2948	5
ഞ്ഞ്	2947	4
ണ്ഡി	2936	4
ചൈ	2930	2
സ്പ	2930	3
ള്ളൂ	2926	4
ഖി	2907	2
പൗ	2898	2
ന്മ	2896	3
ശൈ	2888	2
ച്ചും	2881	5
ഞ്ചു	2873	4
യ്ക്കാ	2861	6
സ്റ്റാ	2837	6
ണ്യ	2818	3
പ്രേ	2814	4
ണ്ണാ	2800	4
ദ്വീ	2780	4
ങ്ക്	2771	4
ഷേ	2768	2
മ്പ്യൂ	2744	6
ല്	2736	2
ഡേ	2729	2
ഷു	2711	2
മ്പൂ	2709	4
ട്രോ	2702	4
ഫ്രി	2689	4
തൂ	2677	2
ധം	2670	2
നൈ	2666	2
പ്രൊ	2635	4
സാം	2615	3
ക്ഷ്യ	2610	5
ത്ത്വ	2607	5
ത്ഥി	2606	4
സ്സ	2597	3
ക്ടോ	2578	4
ഷ്ഠി	2561	4
ത്യം	2552	4
ഡീ	2546	2
ശ്ചാ	2531	4
സ്സു	2524	4
റ്റെ	2512	4
സ്കൃ	2502	4
ല്ലൂ	2493	4
ജ്യം	2491	4
ഘോ	2465	2
പ്പൂ	2457	4
ട്ടും	2449	5
ണ്ണൂ	2447	4
ദ്ധം	2442	4
)	2440	1
പ്ത	2439	3
ന്നേ	2437	4
ശ്ചി	2433	4
ട്ടേ	2402	4
ച്ഛ	2390	3
ഫ്ര	2389	3
ക്രോ	2369	4
ജ്ജ	2357	3
ഷ്ക	2352	3
ഭൗ	2340	2
സ്ക	2333	3
റീ	2331	2
സ്കോ	2313	4
ബ്ലി	2310	4
ഥി	2308	2
വൂ	2281	2
ത്തൂ	2280	4
ദോ	2279	2
ന്തോ	2268	4
ന്നൂ	2268	4
ബ്രു	2260	4
ലാം	2251	3
കൗ	2248	2
ക്യാ	2242	4
പ്ല	2225	3
മ്പ്ര	2223	5
ഴ്സ്	2216	4
സ്ലാ	2210	4
സ്മാ	2208	4
ഹൂ	2204	2
യ്ക്കും	2203	7
സ്തി	2192	4
ഭം	2183	2
ശ്	2180	2
പ്യ	2164	3
ക്ഷാ	2158	4
ന്ധം	2157	4
ബ്ദ	2157	3
ഷ്ണു	2154	4
ട്രാ	2143	4
ത്ഥം	2139	4
ജേ	2128	2
ല്ലം	2123	4
ഗ്രി	2111	4
പൈ	2108	2
ഖു	2102	2
ഫ്റ്റ്	2094	6
ഗ്നി	2093	4
ക്സ	2086	3
ജ്യോ	2082	4
സ്പെ	2054	4
സ്മ	2051	3
പ്ലാ	2009	4
ഫൈ	2005	2
ഴാ	2004	2
ഞാ	1999	2
ഞ്ജ	1990	3
സ്റ്റോ	1976	6
ശ്ന	1973	3
ങ്കെ	1970	4
ൻ്	1965	2
കാം	1951	3
ശ്ശൂ	1949	4
ല്യം	1946	4
ല്പി	1942	4
ന്ത്ര്യ	1941	7
ധ്യാ	1929	4
ടൂ	1921	2
മ്യൂ	1920	4
റാം	1919	3
വ്ര	1905	3
റൈ	1899	2
സ്റ്റു	1895	6
ട്ര	1892	3
റൂ	1891	2
ധേ	1878	2
ബ്ലോ	1874	4
റ്റേ	1873	4
പ്റ്റം	1869	6
‘	1863	1
:	1858	1
ഭേ	1852	2
ക്യൂ	1844	4
ത്പാ	1843	4
ര്യാ	1838	4
ട്രി	1823	4
ബൂ	1793	2
ക്ല	1786	3
ത്രീ	1777	4
ത്ക	1770	3
റ്റോ	1770	4
ണോ	1768	2
ഹീ	1761	2
ണ്ടോ	1750	4
ഷെ	1750	2
പ്തി	1749	4
ക്ട്രോ	1747	6
ഭു	1744	2
ശൂ	1735	2
ന്നൊ	1732	4
ണു്	1730	3
/	1729	1
ജൈ	1723	2
ഗേ	1717	2
ഹേ	1717	2
നൃ	1713	2
ഖ്	1708	2
ള്ളം	1707	4
ന്വേ	1704	4
ത്മാ	1704	4
ഫ്ഗാ	1704	4
ഗ്ല	1699	3
ക്താ	1692	4
മ്മ്യൂ	1674	6
ക്ലാ	1673	4
ഹ്	1660	2
ഴ്സി	1658	4
ഖം	1658	2
സും	1656	3
ഞ്ചേ	1653	4
ദ്ധേ	1647	4
മാം	1646	3
ദ്ദ	1634	3
“	1630	1
'	1629	1
ചൊ	1621	2
ണേ	1620	2
ന്റാ	1613	4
പ്പൊ	1608	4
ത്സ്യ	1597	5
മും	1593	3
ഫു	1593	2
ത്തൊ	1592	4
മൗ	1585	2
ണീ	1576	2
ക്സാ	1576	4
ദ്വാ	1572	4
സ്രാ	1571	4
ടൈ	1546	2
സ്ത്യ	1540	5
ക്രൈ	1533	4
ന്ത്യാ	1528	6
മ്മേ	1528	4
ളീ	1520	2
ഷോ	1507	2
ല്ല്	1490	4
ത്ഥാ	1483	4
ഷീ	1478	2
ത്പ	1475	3
ഗെ	1465	2
സൊ	1439	2
യ്യി	1419	4
ന്റു	1416	4
സ്ട്രേ	1416	6
ന്ദ്രം	1411	6
’	1401	1
ഗൂ	1399	2
ഗ്രാം	1399	5
ല്ലേ	1397	4
ങ്കോ	1387	4
യ്ത്	1386	4
ഗ്രൂ	1385	4
യ്മ	1384	3
-ാം	1384	3
യിം	1374	3
ഭോ	1370	2
പ്പേ	1361	4
ശ്ച	1359	3
ഉം	1358	2
പ്പും	1346	5
ഘം	1342	2
ബ്ദു	1337	4
മ്യ	1336	3
ഭാം	1325	3
ഘാ	1318	2
ഷ്യാ	1317	4
ഋ	1310	1
ത്സാ	1310	4
ള്ളാ	1309	4
ഥം	1301	2
ശ്യം	1297	4
പ്രീ	1275	4
സ്സാ	1265	4
ന്ത്	1259	4
തൈ	1254	2
വ്യൂ	1248	4
ഴേ	1241	2
മ്മീ	1241	4
ലൈം	1238	3
ജ്ജു	1228	4
ഗ്ഗം	1227	4
ത്രു	1224	4
ല്പം	1223	4
സ്നേ	1219	4
ക്ഷ്മ	1212	5
ന്ദ്രീ	1210	6
മ്മു	1206	4
ക്ലി	1205	4
ണ്ണു	1201	4
യാം	1183	3
ന്ത്രം	1183	6
സ്റ്റീ	1177	6
”	1172	1
ന്ദേ	1170	4
സ്രോ	1165	4
ഴം	1164	2
ഘു	1158	2
സ്ലിം	1156	5
ഭ്ര	1152	3
ഡ്ര	1145	3
റ്റ്യൂ	1142	6
ണ്ടേ	1141	4
ബോം	1134	3
ക്ഷ്യം	1124	6
നഃ	1121	2
ക്രാ	1118	4
ക്വാ	1115	4
ബ്ളോ	1115	4
ച്ചോ	1104	4
സ്ര	1086	3
ക്ലോ	1080	4
ളൊ	1075	2
ല്കി	1075	4
യ്യും	1073	5
ഴ്സ	1057	3
ത്യു	1055	4
ഷ്പ	1045	3
ത്ഭ	1042	3
സ്ത്യാ	1039	6
റ്റ്സ്	1031	6
ഡൈ	1031	2
റിം	1028	3
ട്ടൂ	1027	4
ഡ്രോ	1024	4
സ്ട്രി	1013	6
ജം	1011	2
ബാം	1011	3
ബ്ബ	1007	3
ന്ധു	1006	4
ഴ്നാ	1005	4
പ്ലി	1003	4
സ്പാ	998	4
ങ്ങോ	995	4
തു്	994	3
സ്ട്രോ	994	6
ഹ്ന	993	3
ഞ്ചാം	990	5
റൊ	985	2
ത്താം	984	5
റ്റീ	984	4
ഗ്രേ	980	4
സ്പി	980	4
ഹ്യം	977	4
ക്ഷ്മി	974	6
ഛാ	972	2
ങ്ങേ	966	4
ഹ്മാ	965	4
റ്റിം	963	5
ങ്കീ	954	4
ഗ്ലാ	954	4
ദ്ദി	953	4
സ്ജി	951	4
സ്തൃ	949	4
സ്റ്റം	946	6
ജ്ജ്	945	4
ശ്രേ	938	4
ഫേ	938	2
ന്നം	937	4
ല്പാ	932	4
സൌ	927	2
ഷ്ടാ	924	4
ണ്ണ്	923	4
പ്റ്റ	923	5
ഗ്ദ്ധ	920	5
ക്കീ	898	4
രാം	897	3
ഷ്ഠാ	884	4
ക്തം	880	4
ട്ടാം	878	5
ശൃം	877	3
ഗ്ന	874	3
ക്യം	873	4
ശ്ശി	872	4
ഢ	872	1
ണും	865	3
ഡ്രി	863	4
പ്യൂ	854	4
ക്ഷോ	854	4
ത്രേ	852	4
സ്പീ	851	4
ദ്ദീ	851	4
ല്ലോ	844	4
സ്മി	844	4
ഗൃ	843	2
സ്ഫോ	838	4
ഡും	837	3
ഴാം	832	3
ഗൗ	832	2
ങ്ങും	826	5
ധ്രു	825	4
ദ്രോ	824	4
പ്ലേ	824	4
ക്വ	823	3
ഞ	822	1
ന്റീ	813	4
ന്ത്ര്യം	805	8
സ്പോ	803	4
മ്യേ	800	4
ബ്യ	798	3
കോം	796	3
ജ്ജി	794	4
ണ്ഡം	792	4
ണൈ	791	2
സ്യം	786	4
പ്രൈ	785	4
ഗ്ലൂ	783	4
മിം	781	3
ട്ബോ	779	4
ക്യു	776	4
ഹാം	774	3
ന്ദ്	771	4
ക്വി	765	4
ഷ്കാ	762	4
വാം	759	3
ജ്യാ	757	4
ല്യാ	756	4
ണ്മെ	755	4
ദൗ	750	2
ക്സൈ	744	4
ന്നൈ	743	4
സ്വി	743	4
ദ്വി	741	4
ക്റ്റ	736	5
ബ്ദം	734	4
സ്ലീം	730	5
ട്യൂ	729	4
ക്രൂ	725	4
ബൊ	722	2
ന്ഥം	718	4
ൿ	712	1
ട്രെ	707	4
ല്കു	705	4
ഡൊ	705	2
സ്കി	704	4
റ്റൂ	702	4
ബ്രോ	702	4
ത്ന	699	3
ട്സ്	696	4
ന്യു	694	4
ബ്യൂ	693	4
പ്പീ	691	4
ശ്രി	689	4
ജ്ജം	687	4
ക്ഷെ	686	4
ണ്ടം	685	4
നാം	684	3
ളൂ	683	2
ധൂ	683	2
ഠം	676	2
ധ്യം	675	4
ഥ്	672	2
നു്	671	3
ത്നി	669	4
ഹൗ	666	2
ക്രീ	665	4
വ്വം	660	4
ശ്മീ	660	4
ബ്ലാ	658	4
കിം	658	3
സ്തോ	654	4
ക്റ്റ്	654	6
ദ്ഭ	653	3
ന്തെ	650	4
ശ്ലോ	643	4
മ്പ്യ	642	5
ബൗ	640	2
ത്മീ	639	4
"	637	1
ഖ്യം	637	4
ഫ്ലോ	637	4
ബ്നു	636	4
ഗ്ഗീ	636	4
ട്രേ	636	4
ഫ്രെ	636	4
ബ്ബാ	635	4
സ്റ്റെ	635	6
ത്ഭു	633	4
ഛ	630	1
ഴ്വ	629	3
യ്ക്കി	629	6
സ്ലാം	624	5
ടൈം	624	3
ന്റോ	619	4
ന്ദ്രി	619	6
ക്രം	617	4
ന്മു	614	4
ത്രെ	613	4
ങ്കം	608	4
ല്ക്കു	607	6
ക്ട്രി	607	6
പൃ	602	2
ദെ	598	2
ഗ്ലോ	597	4
ദുഃ	596	3
ത്രോ	595	4
ഷ്ടം	595	4
സ്ക്കാ	592	6
ശ്യാ	592	4
ഡ്സ്	591	4
ണ്ഠ	586	3
ഗൊ	586	2
ഡ്യൂ	585	4
ബ്സൈ	584	4
ഹ്യൂ	584	4
രൊ	582	2
യീ	579	2
കൌ	577	2
ഫ്രീ	576	4
പ്റ്റി	575	6
വ്യം	573	4
ക്ട്	572	4
മ്പ്യാ	571	6
മ്മം	570	4
ച്യു	569	4
ക്ഷീ	569	4
ടീം	567	3
ണ്ടു്	563	5
ഷ്മ	561	3
ഡം	559	2
ര്യോ	559	4
ന്വ	557	3
യ്ക	554	3
യ്യേ	552	4
ത്വാ	551	4
ഞ്ജി	548	4
സ്ലി	548	4
സ്തം	548	4
ച്	544	2
ഡ്രൈ	542	4
വ്വാ	541	4
മ്യം	541	4
ബൃ	541	2
ക്നോ	538	4
ക്ബ	531	3
ഗ്യം	526	4
ഥേ	525	2
ബ്രൗ	521	4
സ്റ്റൈ	520	6
ഗ്ദാ	517	4
ഫ്യൂ	512	4
യ്സ്	512	4
ന്ഥി	509	4
ഹ്രു	506	4
ദ്ദം	505	4
ദ്വ	505	3
മ്മൂ	502	4
ഭൌ	501	2
ന്നു്	497	5
സ്ലീ	496	4
വ്യോ	495	4
ട്യ	495	3
ഴ്ന്ന	493	5
ശ്രു	493	4
ഘ്യ	491	3
ഹോം	490	3
ഡ്രാ	489	4
ഫൗ	487	2
ന്മി	482	4
യ്ഡ്	481	4
ത്കാ	481	4
ക്ടീ	480	4
ദ്വൈ	479	4
മ്ല	479	3
ഗ്വേ	477	4
ദ്രു	477	4
ജ്വ	473	3
സ്യൂ	469	4
ഡ്മാ	469	4
മ്മോ	467	4
ന്ദാ	467	4
ശ്ശ	466	3
ബ്ബി	466	4
ഡിം	465	3
ജ്ഞി	463	4
ന്മൂ	463	4
ഹിം	462	3
ഡ്ജി	461	4
­	461	1
ച്ചം	460	4
ഷ്യം	459	4
പ്തം	459	4
ക്റ്റീ	459	6
സ്ക്കൂ	456	6
സ്വം	456	4
ഖീ	456	2
ഖേ	454	2
വ്വേ	452	4
ദ്മ	450	3
ന്ത്രാ	450	6
ല്ലും	449	5
ബിം	448	3
യ്താ	445	4
പ്രീം	445	5
ധ്വ	444	3
ബ്ബ്	443	4
റ്റ്സി	441	6
ണ്ഡാ	441	4
സ്ട്ര	440	5
ഗ്ലി	439	4
ക്കൈ	432	4
റൗ	430	2
|	430	1
സ്ക്	428	4
ദ്ദാ	426	4
പ്ന	425	3
ന്ധ്യ	423	5
ണ്യം	422	4
സ്സോ	422	4
ഓം	421	2
ല്യൂ	420	4
ശ്നം	416	4
ഷൂ	416	2
ഴ്ത്തി	415	6
നൗ	414	2
ഹ്ര	414	3
സ്നി	414	4
ണ്ണീ	413	4
ഘി	413	2
സ്വേ	412	4
സ്ഫ	409	3
ക്റ്റി	409	6
സ്തൂ	408	4
ശ്ലീ	407	4
ടൗ	404	2
സ്യാ	403	4
ന്ത്യം	402	6
ള്	397	2
യ്യം	394	4
ന്മേ	394	4
ഹ്വാ	393	4
ജ്ജീ	392	4
ഗ്വാ	390	4
ഘ്യം	387	4
ഡ്മി	386	4
ഴൂ	386	2
സ്നാ	385	4
ഡ്ജ്	384	4
ല്ലൊ	383	4
ശ്ശാ	383	4
പൌ	380	2
ദ്ഘാ	379	4
ദ്ധ്യം	378	6
ഞെ	378	2
ഗ്ഗാ	377	4
മൌ	377	2
ച്ഛാ	375	4
ഹ്നം	374	4
=	374	1
ഹൊ	374	2
ട്രൈ	374	4
മ്പും	372	5
ശ്ലേ	371	4
ണ്ടൂ	371	4
ണ്ഡ്യ	370	5
ച്ചൊ	370	4
ത്ത്വം	369	6
ദ്ധ്യേ	368	6
മ്പേ	368	4
ഭ്രാ	368	4
ഴ്ച്ച	367	5
സ്ത്	367	4
ക്കിം	366	5
റോം	362	3
ചം	361	2
ന്ധാ	361	4
ണ്മ	359	3
ഡ്യ	355	3
ബ്രൂ	355	4
സ്സും	352	5
ദ്രം	351	4
ക്ഷു	351	4
സ്മൃ	349	4
ച്ചീ	349	4
ഗൈ	345	2
ക്കു്	344	5
ക്കൗ	344	4
ല്ക്കാ	344	6
യ്ക്കെ	343	6
ഥ്വി	342	4
ങ	341	1
ജ്മെ	341	4
ഗാം	341	3
ന്ധ്ര	340	5
സ്പേ	340	4
ഗ്സ്	340	4
വ്വീ	336	4
ദ്രി	334	4
ഷ്മാ	334	4
ഞ്ചോ	333	4
ഗ്രോ	333	4
പ്സ്	333	4
ന്ധ്രാ	333	6
ത്സ്യം	332	6
ത്നം	332	4
സ്ത്രാ	331	6
ഖാം	328	3
റ്റ്സ	328	5
ക്സ്പ്ര	328	7
ശ്മി	328	4
ബ്ലെ	327	4
ട്ടിം	327	5
റ്റ്ല	327	5
ധോ	326	2
ച്ഛി	326	4
ക്രെ	325	4
ണ്ണും	322	5
ഗ്യാ	321	4
റ്റ്സ്മാ	321	8
ഫ്ലാ	320	4
ഛി	318	2
ച്വ	316	3
ഫ്രോ	316	4
ട്ടൊ	315	4
ക്ച	314	3
ട്രീ	314	4
ന്മം	313	4
സ്ത്രി	313	6
ണൂ	313	2
ടാം	312	3
ഞ്ഞൂ	311	4
ഷിം	311	3
റ്റ്ലാ	309	6
ജ്യേ	307	4
ജൊ	307	2
ശ്വേ	306	4
അ്	304	2
പ്രേം	304	5
രൈ	303	2
ക്ടി	303	4
ന്റും	303	5
ങി	302	2
ക്ട്ര	301	5
ഫ്ലൂ	300	4
ന്റ്സ്	300	6
ട്ട്സ്	300	6
ക്ഷാം	299	5
ളിം	298	3
ഠാ	298	2
ക്സ്പി	298	6
സ്ക്രി	297	6
നിം	296	3
ച്ചൂ	296	4
ഗ്വ	296	3
വൊ	295	2
ന്ദം	295	4
പ്രെ	294	4
ഷ്തൂ	294	4
മ്പെ	292	4
പ്റ്റ്	292	6
ക്സീ	292	4
പ്ലെ	290	4
ഗും	290	3
ഴ്സു	289	4
യ്ക്കൊ	289	6
ഥു	288	2
ശെ	288	2
‎	287	1
ഴോ	286	2
ക്വീ	286	4
ഢാ	285	2
ക്ലേ	285	4
പ്ലോ	285	4
ഥ്യ	284	3
സ്ട്രാ	280	6
ടോം	280	3
പ്സി	280	4
ധ്യേ	279	4
ള്ള്	277	4
യ്യാം	277	5
ദാം	277	3
ചൗ	276	2
ഡാം	275	3
ത്സി	273	4
ധൈ	273	2
ജിം	273	3
ഡൂ	272	2
ശ്രൂ	271	4
ത്യോ	270	4
ബ്ളി	269	4
ഗ്ഗി	268	4
ത്മി	267	4
ഫൊ	265	2
ഹ്മൂ	265	4
ധൃ	265	2
ത്തു്	264	5
സ്ട്രീ	264	6
ദ്ര്യ	263	5
ബ്ലൂ	263	4
ഷ്പി	262	4
യൗ	261	2
ബ്ദാ	261	4
മ്ലം	261	4
ഴീ	260	2
ബ്രെ	258	4
റ്റൈ	258	4
സ്സം	258	4
ബ്ല്യു	257	6
ഗ്ളീ	255	4
ഷ്വ	255	3
ന്തൂ	255	4
ഛേ	254	2
ഗ്നു	254	4
ഗ്മ	253	3
ലൗ	251	2
ന്തേ	249	4
ഞ്ചം	248	4
ഡൗ	248	2
ത്വി	246	4
ശ്മ	246	3
ക്പാ	246	4
ച്ചു്	245	5
ഡ്വ	245	3
ഫൂ	245	2
സ്ക്രീ	243	6
ന്നിം	243	5
ബ്രേ	241	4
സ്താം	241	5
കേം	241	3
ന്തഃ	240	4
പ്രം	240	4
ക്സോ	239	4
സ്ക്ക	239	5
ഖോ	238	2
ശ്രാ	237	4
പും	237	3
മ്	236	2
ല്കാ	235	4
സ്ബെ	235	4
ഫ്റ്റി	234	6
ബ്സ	232	3
യ്ല	232	3
-ം	232	2
ഹൌ	231	2
സ്ലോ	231	4
മ്ന	231	3
ല്പ്പ	230	5
ന്ത്യോ	230	6
യ്തെ	229	4
ഞ്ചെ	228	4
സ്റ്റ്യ	228	7
ഗ്നേ	228	4
ജും	226	3
യ്യോ	226	4
ട്രൂ	226	4
ന്ന്യാ	224	6
യ്പ	224	3
ണ്ഡു	224	4
ല്ല്യ	223	5
യ്യൂ	222	4
വിം	222	3
ങ്കും	222	5
ച്ഛേ	221	4
ഫ്റ്റ്വെ	221	8
ഴ്ത്ത	221	5
ക്ലീ	221	4
സ്ബ	219	3
സ്കെ	218	4
ല്പ്പി	218	6
മ്പം	217	4
ക്വേ	217	4
ണ്ഡ്	217	4
ഷ്കൃ	216	4
ധഃ	216	2
ഗ്വി	216	4
ന്ദ്വ	216	5
ങ്ട	215	3
–	214	1
ഥോ	214	2
ഴ്വാ	214	4
തോം	214	3
ഡ്ഡി	213	4
ഞ്ഞും	213	5
പ്ത്	213	4
ലോം	211	3
ഞ്ച്വ	210	5
ന്തീ	210	4
ത്യൂ	210	4
ധ്വാ	208	4
ഫോം	208	3
സ്സീ	208	4
ഷ്ട്രം	207	6
ട്വ	206	3
ഫ്ക	206	3
ക്റ്റോ	205	6
ബ്ബു	204	4
ത്ഥ്യ	203	5
+	202	1
പ്ഷ്യ	202	5
വ്മെ	202	4
സ്വെ	202	4
ട്ട്ഗാ	202	6
ഭൈ	201	2
ന്റൈ	201	4
ഴ്ത്തു	200	6
ലേം	200	3
ണ്ഡേ	200	4
ബ്ല	200	3
ഷ്ക്ക	199	5
പ്ലൂ	199	4
ല്ലീ	199	4
തഃ	199	2
ഫം	196	2
പ്ലൈ	196	4
ഫ്ല	195	3
ലീം	195	3
റ്റ്നാം	195	7
ഗ്രെ	194	4
ഷ്ടാം	194	5
ഷ്വാ	194	4
ക്ളാ	193	4
ഗ്ഷ	193	3
ഭ്രം	192	4
[	191	1
സ്റ്റും	191	7
മ്യാ	191	4
ജ്ര	191	3
മ്പൈ	190	4
ല്ക	190	3
വ്വി	189	4
യ്ഡ	189	3
പാം	189	3
ക്നി	188	4
ഗ്ദ	185	3
ഡ്വാ	184	4
ല്ഭ	183	3
ഞ്ഞോ	183	4
പ്ളാ	183	4
പ്മെ	181	4
സ്ഫി	180	4
സ്മോ	179	4
ക്ലെ	179	4
ക്സ്ചേ	179	6
ക്ഷ്മീ	179	6
ദും	179	3
യ്യ്	178	4
ഷ്ണം	178	4
ഫ്റ്റ	177	5
റ്റ്നാ	177	6
ക്രു	177	4
ല്മീ	176	4
ക്സ്ഫോ	175	6
ക്രേ	175	4
ഷാം	175	3
ഞ്ജീ	174	4
ന്ദോ	174	4
ഡ്രൂ	173	4
പ്നം	173	4
ബ്സ്	173	4
മ്മെ	173	4
ഫ്ലൈ	173	4
%	172	1
ഷൈ	172	2
റ്റ്വ	172	5
ഥീ	172	2
മ്പ്രാ	172	6
ഗ്ലൈ	172	4
ഗ്ഗ്	171	4
പ്റ്റോ	171	6
ഭൃ	170	2
മ്ര	170	3
സ്പൈ	170	4
ഞ്ജു	170	4
ക്ലൈ	170	4
ന്ദ്രാ	170	6
ക്യോ	170	4
ഹ്മി	169	4
യ്ക്കേ	169	6
ദൌ	169	2
ഗ്ട	169	3
ല്വാ	169	4
ണ്ട്രി	169	6
ചും	168	3
ജ്വാ	168	4
ണ്ണേ	168	4
ത്സം	168	4
പ്ള	167	3
ഗ്നീ	167	4
ഡ്സി	167	4
ക്ക്സ്	167	6
ഗ്സി	167	4
ക്സു	165	4
ങ്കൂ	164	4
സ്യോ	164	4
ഠ്യ	163	3
റൌ	163	2
ണ്യാ	162	4
ഡ്വേ	162	4
യ്ക്കോ	162	6
ഗൌ	161	2
യ്റോ	161	4
ഷൊ	160	2
സ്ഡ്	160	4
മ്പൊ	160	4
ജ്ജാ	160	4
യ്യെ	159	4
ക്സും	159	5
ഫ്ലെ	159	4
ബ്ദി	158	4
ക്സ്റ്റ്	158	8
ബൌ	158	2
പ്ഷ	158	3
സ്കൈ	157	4
പ്പൈ	157	4
ഞ്ചൈ	157	4
ങ്ങൂ	156	4
യ്സി	156	4
ത്കൃ	156	4
-ാ	156	2
പ്സ	156	3
സ്സെ	154	4
ഝാ	154	2
ണ്ടൊ	153	4
സ്കു	153	4
യ്മാ	153	4
ടൌ	151	2
ന്യേ	150	4
ഗ്രം	150	4
ഹ്ലാ	149	4
ഹ്യാ	149	4
ക്കൃ	149	4
മ്പീ	148	4
ഡ്യു	148	4
ക്തൃ	147	4
ഷ്പാ	147	4
ഞ്ചും	147	5
ഷ്ണാ	147	4
ല്ല്യാ	147	6
ശ്രോ	147	4
ഹ്റു	145	4
ശ്യാം	145	5
ഘൂ	145	2
റ്റ്ജ	145	5
ന്ഥാ	144	4
ക്ഷ്ണ	144	5
്	143	1
വ്യു	143	4
ച്യ	142	3
ശാം	142	3
ഗ്ള	142	3
ഷ്പീ	142	4
ല്പു	140	4
ത്മ്യം	140	6
ദ്രൗ	140	4
ഫ്ഘാ	140	4
_	140	1
ഢി	139	2
ത്ഫ	139	3
യ്ഖ്	139	4
ല്ല്യം	137	6
സ്ലേ	136	4
യ്പൂ	136	4
സ്ന	135	3
ഏം	134	2
സ്പൂ	134	4
ഘ്ന	134	3
റ്റ്യാ	133	6
ഷും	132	3
ന്യോ	132	4
ക്റ്റു	132	6
ഭ്രൂ	132	4
ഡ്രേ	132	4
പ്പിം	131	5
ഴ്പ്പെ	131	6
ക്മി	130	4
ബ്രീ	130	4
ട്യം	130	4
ഗ്രൗ	130	4
ള്ളോ	130	4
ന്തും	129	5
ങ്കൊ	129	4
ശും	129	3
ജ്റ	129	3
ഡ്വി	129	4
ന്തൊ	129	4
ഫൌ	128	2
ന്ദീ	128	4
ഴൊ	128	2
ട്ട്ല	128	5
സ്കൊ	127	4
റൂം	127	3
പ്യാ	127	4
ളൂം	127	3
സ്ഥം	127	4
ബ്സി	127	4
ഡ്നി	127	4
ത്സു	126	4
ക്ളി	125	4
യ്ക്	125	4
യ്ത്തു	124	6
ബ്രൌ	124	4
ക്റ്റ്സ്	123	8
സ്ബി	123	4
യ്പാ	123	4
ബ്ജ	122	3
ഷ്പം	122	4
ട്വി	122	4
ബ്ധി	122	4
ഡ്ജ	122	3
ണ്ടിം	122	5
യൌ	122	2
ദ്ഘ	121	3
ബ്ധ	121	3
ഢ്	121	2
ങ്സ്	121	4
ദ്വേ	120	4
ന്ധ്യാ	120	6
സ്സേ	120	4
ദ്ക	120	3
ണ്ണെ	119	4
പ്രൗ	119	4
ഗ്മാ	119	4
പ്ലീ	119	4
ക്നാ	119	4
തീം	119	3
യ്ക്കാം	118	7
ക്രൈം	118	5
ഗ്ധ	118	3
ങ്കിം	118	5
യ്പു	118	4
ട്ട്മെ	118	6
ണ്ട്രോ	117	6
ത്തൃ	116	4
ണിം	116	3
ഥ്യം	116	4
ൻെ	114	2
ന്ധൂ	114	4
ണ്ടീ	114	4
൪	113	1
ഖൈ	113	2
ഞ്ചീ	113	4
റ്റ്മാ	113	6
ഗ്നോം	113	5
൦	112	1
ടു്	112	3
യ്ക്കു്	112	7
ജ്ജ്വ	112	5
രിം	111	3
ഷ്കി	111	4
ട്സി	111	4
ട്ടൈ	111	4
ഴ്സിം	111	5
ദൊ	111	2
ങ്ഷ	110	3
ഡ്പ	110	3
ഫ്ത	110	3
ഭ്	110	2
ഹ്മം	109	4
ല്വ	109	3
സ്പ്രി	109	6
ചേം	109	3
ക്തേ	109	4
സോം	109	3
സ്റ്റിം	109	7
രൗ	108	2
ഥെ	108	2
യ്കു	107	4
ഡ്കാ	107	4
ശ്ളോ	107	4
ഷ്ക്രി	107	6
ബും	106	3
ദ്ഗ്ര	106	5
യ്ത്ത്	105	6
ബെം	105	3
സ്ഡി	104	4
സ്തേ	104	4
സ്കേ	104	4
ദ്ധ്വാ	104	6
ക്ടേ	104	4
ഗ്ദ്ധ്യം	103	8
ശ്ശീ	103	4
ഢ്യ	103	3
ക്വെ	103	4
ശ്ചീ	103	4
ഞ്ഞൊ	103	4
ക്രൊ	103	4
ഡ്പെ	103	4
സ്ക്വാ	102	6
ഭ്യം	102	4
;	102	1
വ്സ്	102	4
ല്പ്പെ	102	6
ണ്ട്സ്	101	6
വ്സ്കി	101	6
ന്ദ്രോ	101	6
ല്ക്ക	101	5
ഡ്ഡ	101	3
ഝ	101	1
ണ്ണോ	101	4
യ്പ്പോ	100	6
ള്ളും	100	5
സ്റ്റ്രേ	100	8
ച്യൂ	100	4
ങ്ങം	99	4
വു്	99	3
]	99	1
ദ്ഗീ	99	4
സ്ളീം	99	5
ക്ളോ	99	4
യ്ന്റ്	99	6
ജ്യൂ	99	4
ല്ലിം	99	5
യ്സ	99	3
ത്മ്യ	98	5
൧	97	1
ക്കൌ	97	4
ക്ലൗ	97	4
ച്ച്വ	97	5
സ്ക്വ	97	5
ഹെം	97	3
ഫ്ലി	97	4
മ്യു	97	4
ഗ്സ	97	3
ക്ക്യൂ	96	6
സ്മം	96	4
ഡ്യാ	96	4
ന്ധ്	96	4
സ്ത്വ	95	5
ന്ത്രോ	95	6
പ്ളേ	95	4
ങ്ഗ	95	3
യ്ഡി	95	4
സ്ഥൂ	94	4
ഡൌ	94	2
ഡ്രം	94	4
ക്മ	94	3
ധ്	94	2
ശ്വി	94	4
സ്ത്രേ	94	6
ഡ്രോം	94	5
ശ്ളേ	94	4
സ്വാം	93	5
ഗ്മി	93	4
ക്സെ	93	4
റ്റ്ഫോ	93	6
നൌ	93	2
യ്റ്റ്	93	6
ഫ്ളോ	93	4
സ്ഫു	93	4
ണ്ഡ്രി	93	6
മെം	93	3
ണ്ഡീ	93	4
സ്ലെ	93	4
ഫാം	92	3
ദ്ര്യം	92	6
ഖ്വാ	91	4
ഹ്യു	91	4
സ്നോ	91	4
സ്ല	91	3
സ്ട്രെ	91	6
ഫ്ലു	91	4
തിഃ	91	3
ം	90	1
ഞ്ഞം	90	4
തൗ	90	2
സ്ക്കോ	90	6
ക്സ്റ്റ	90	7
ഹീം	90	3
സ്ഖ	90	3
സ്ക്ടോ	89	6
സ്ഫേ	89	4
°	89	1
ഗ്നാ	88	4
സ്റ	88	3
ച്ച്ഡി	88	6
ലൌ	87	2
ന്ത്ര്യാ	87	8
ഷ്ടീ	87	4
ഷഃ	87	2
ഗ്പൂ	87	4
സ്സൈ	87	4
ന്റിം	87	5
ന്ദ്യ	86	5
സ്മേ	86	4
ങ്ഡം	86	4
ഡ്മ	86	3
ഷ്യോ	86	4
ഡ്ഢി	85	4
സ്ബു	85	4
പ്യം	85	4
ന്റം	85	4
ല്പ്പാ	85	6
ത്രൈ	84	4
ഗ്ളാ	84	4
ക്ബെ	84	4
ത്ക്ക	84	5
ട്രം	84	4
യ്ഡു	84	4
ഗ്ഗു	83	4
ഞ്ഞേ	83	4
ന്ത്വ	83	5
ണ്ണൊ	83	4
ഡ്സ	83	3
ഷ്പ്ര	83	5
ഫും	82	3
൯	82	1
വ്വ്	82	4
ച്ച്പി	82	6
സ്മെ	82	4
ത്സ്യാ	81	6
ചൌ	81	2
ജാം	81	3
ഫ്രം	81	4
ഡ്രീം	81	5
ക്രോം	81	5
ജ്മ	81	3
പ്പ്യ	80	5
ട്ട്പു	80	6
ച്ഛ്വാ	80	6
ത്ത്യാ	80	6
ള്ളീ	80	4
ക്സ്പ്ലോ	80	8
സ്സൂ	79	4
ഭീം	79	3
ഗ്നോ	79	4
ഡ്രെ	79	4
യ്പ്പ്	79	6
ണ്വ	78	3
ശ്വം	78	4
ഫ്സ്	78	4
സ്കീ	78	4
ജ്മീ	78	4
ക്വോ	78	4
ഷ്ട്	77	4
ഗ്ദ്ധ്യ	77	7
ഴ്സാ	77	4
യ്ന	77	3
ഹ്വ	77	3
ത്രാം	77	5
ബ്ദ്	77	4
പ്റ്റെ	77	6
ഷ്ഠം	76	4
ന്ദൂ	76	4
ധ്വം	76	4
ഘ്	76	2
ഴ്ഭാ	76	4
ട്രൊ	76	4
രു്	75	3
സ്സിം	75	5
ദ്ബ	75	3
ാം	75	2
ണ്ഠേ	75	4
ദ്ദു	75	4
ജ്പേ	75	4
ദ്ദാം	75	5
ന്റ്റ്	75	6
ന്പ	75	3
യൈ	75	2
ഫ്രൈ	75	4
റ്റ്ഫോം	75	7
ന്ധാം	74	5
ത്തൈ	74	4
ഗ്ലേ	74	4
ദ്ഹ	74	3
ക്ടു	73	4
പ്തു	73	4
ട്സ	73	3
ക്ള	73	3
ഥൈ	73	2
യ്തീ	73	4
റ്റ്സ്കേ	73	8
ത്ഥ്യം	73	6
സ്പ്	73	4
ട്യാ	72	4
ല്ലൈ	72	4
ത്ല	71	3
ങ്സ്റ്റ	71	7
ബ്രൈ	71	4
ത്ഖ	71	3
ഗ്ധം	71	4
ക്ട്രം	71	6
ഫ്മാ	71	4
പ്യു	70	4
പ്രൂ	70	4
ഡോം	70	3
ത്ത്യ	70	5
ബ്ല്യൂ	69	6
ക്ഷ്മാ	69	6
ങ്ങാം	69	5
ജ്ഞം	69	4
ക്രൗ	69	4
ഴ്സും	69	5
പ്ത്വ	69	5
മ്ള	69	3
ക്യാം	68	5
പ്പ്മെ	68	6
യ്നി	68	4
ദ്ധോ	68	4
ജ്ജോ	68	4
ക്ക്ബെ	68	6
പ്താ	67	4
യ്പ്	67	4
മഃ	67	2
യ്തും	67	5
ല്പ്	67	4
ഴ്ത്താ	67	6
ള്ളെ	67	4
ഴ്ന്നു	67	6
സ്റ്	67	4
ഫ്റ്റു	67	6
യ്സാ	67	4
ഞ്ജാ	67	4
ഖ്മ	66	3
ഞ്ചൊ	66	4
ന്ത്യ്ര	66	7
ഭ്യൂ	66	4
സ്ട്രു	66	6
രീം	66	3
ഡ്ബാ	66	4
ണ്ഠാ	66	4
ഞ്ചൂ	65	4
സ്കൗ	65	4
ഷ്കോ	64	4
ഷ്മി	64	4
ട്ട്സി	64	6
ളൈ	64	2
ത്നാ	64	4
ടിം	64	3
ങ്ക്ലി	64	6
സ്ദു	64	4
ഡ്ഡു	64	4
ബ്ലൂം	64	5
ഖ്താ	64	4
ഷ്ട്രാ	63	6
സ്പ്ലേ	63	6
ശൗ	63	2
വ്ലാ	63	4
ര്ത്തി	63	6
ണ്ഡോ	63	4
സ്ചാ	63	4
സ്ടി	63	4
ദ്മി	62	4
ഹ്റാ	62	4
യ്ലി	62	4
ജ്ഞേ	62	4
മ്പ്രം	62	6
യ്പി	61	4
ള്ളേ	61	4
ത്ച	61	3
ട്ടു്	61	5
യ്പ്പു	61	6
റ്റ്ന	61	5
ങ്ഡ	61	3
ണൊ	61	2
ജ്രം	61	4
റ്റ്ബോ	61	6
ക്റ്റാ	61	6
ഖൂ	61	2
ണ്ട്യ	61	5
ന്ദ്രേ	60	6
ത്സ്	60	4
ദ്ഗ	60	3
ഫ്സ	60	3
ഷ്ട്ട	60	5
സ്സാം	60	5
ള്ളൊ	60	4
പോം	60	3
ക്രീം	60	5
പ്റ്റ്യൂ	60	8
—	60	1
സ്പു	59	4
ഖും	59	3
ക്ഷ്ണം	59	6
വ്വോ	58	4
യ്ക്സ്പി	58	8
ഷ്ക്കാ	58	6
ക്ചേ	58	4
ഫിം	58	3
ത്രോം	58	5
ഴ്മ	57	3
ബ്രാം	57	5
സ്ഗ	57	3
ബ്ലേ	57	4
ത്ര്	57	4
!	57	1
ത്ത്വി	56	6
ജ്യു	56	4
ക്തീ	56	4
ക്ടാ	56	4
ന്ദ്രെ	56	6
ഫ്ളൂ	56	4
ഘാം	55	3
ന്മെ	55	4
ഷ്യേ	55	4
സ്റ്റ്യാ	55	8
ഥ്യാ	55	4
ഘ്ര	55	3
സ്തെ	55	4
സ്യു	55	4
ച്യാ	54	4
ന്ദ്യം	54	6
ങ്ഹാ	54	4
ഗ്വെ	54	4
ങ്ക്സ്	54	6
ഗ്ഭ	54	3
ച്ച്ബി	54	6
വ്വെ	53	4
ഷ്ട്രി	53	6
ഹ്ദി	53	4
ട്നി	52	4
ാ	52	1
യ്കാ	52	4
ഫ്ലേ	52	4
ഖെ	52	2
പ്ടോ	52	4
ശ്രം	52	4
ഷ്വൈ	52	4
ഞൊ	52	2
ദ്ന	52	3
ദ്ഗാ	52	4
ശിം	52	3
ട്ക	52	3
ടെം	51	3
സ്ലൊ	51	4
ക്ക്മെ	51	6
ഡ്ഫാ	51	4
ട്ന	51	3
ന്ന്യ	51	5
ക്ഷ്യാ	51	6
ഗ്ളോ	51	4
ഗ്ലു	51	4
ച്ചിം	51	5
ഗ്നൂ	50	4
യ്ഡ്സ്	50	6
ഗ്ളി	50	4
ക്ബാ	50	4
ഴ്ശാ	50	4
യ്പ്പാ	50	6
ളാം	50	3
ധാം	50	3
ഫ്രൂ	50	4
ഷ്ടു	50	4
ന്ദഃ	50	4
വെം	50	3
ക്വം	50	4
ദ്വ്യ	49	5
ചാം	49	3
ഛോ	49	2
ഴ്സ്ബ	49	5
ഞ്	49	2
ണ്മു	49	4
മ്ലാ	49	4
സ്ച	49	3
ക്സിം	49	5
ഡ്വെ	48	4
൨	48	1
ക്കീം	48	5
സീം	48	3
ഘ്നേ	48	4
ക്സേ	48	4
ന്രി	48	4
ദ്ബോ	48	4
ഷ്രോ	48	4
ട്രാം	48	5
ക്റ്റേ	48	6
൩	47	1
ക്സ്ട്രാ	47	8
സ്ബോ	47	4
ങ്കൈ	47	4
പ്ഡേ	47	4
ലൊം	47	3
ള്ളാം	47	5
ഗ്നെ	47	4
യ്നു	47	4
ഡ്ക	46	3
ണ്ട്ര	46	5
ട്ട്മാ	46	6
ഗ്ഗേ	46	4
ഗ്ലെ	46	4
ങ്ങ്ട	46	5
ട്രൗ	46	4
സ്റ്റൊ	46	6
ന്റ്സി	46	6
ു	46	1
&	45	1
ഖൊ	45	2
പ്രൌ	45	4
ബ്ളാ	45	4
ണ്ഡൂ	45	4
യ്നോ	45	4
ഷ്ല	45	3
ഘ്രാ	45	4
ദ്സ	44	3
സ്ട്രൈ	44	6
ഗ്ളൂ	44	4
നോം	44	3
ഡ്ഗാ	44	4
യ്ഞ്ച	44	5
ങ്ങീ	44	4
സ്റാ	44	4
ദ്പാ	44	4
ഗ്മെ	44	4
ക്ഷ്	44	4
ട്സ്കി	44	6
സെം	44	3
ജ്മാ	44	4
ഢോ	44	2
ഹ്യൂം	44	5
ഘൃ	44	2
ഷ്കം	44	4
ല്പെ	43	4
ത്സ്ഥാ	43	6
യ്ദ	43	3
ച്ച്ടി	43	6
മ്നാ	43	4
ഫ്താ	43	4
ശൃ	43	2
സ്റേ	43	4
പ്റ്റു	43	6
ള്യ	43	3
ക്ലം	43	4
സ്റി	43	4
?	43	1
സ്ഫാ	43	4
ഴോം	43	3
യ്മൊ	42	4
ദ്ദെ	42	4
ഫ്യു	42	4
മ്നോ	42	4
ണ്ടൈ	42	4
ണ്വാ	42	4
ങ്സി	42	4
ഴ്ന്നി	42	6
ഷ്ണോ	42	4
ബ്ലീ	42	4
ര്ഷം	42	4
ക്സ്സ	42	5
ല്ഭ്യം	42	6
ഗ്ഡ	42	3
യ്റ്റ	42	5
ജ്ഞോ	42	4
റ്റ്മെ	42	6
ജ്പ	41	3
പ്കി	41	4
സ്റ്റ്സ്	41	8
ങ്ങ്യാ	41	6
ങും	41	3
ല്കേ	41	4
ഹ്രാ	41	4
ത്ബ	41	3
ഗ്രൌ	41	4
പെം	41	3
ഫ്രേ	41	4
ഴ്ചാ	41	4
ങ്ങ്സ്	41	6
ഡ്സെ	41	4
ക്ഷൗ	41	4
ഡ്ജു	41	4
ഡ്ലി	41	4
സ്ഡ	41	3
സ്ദ	41	3
ണ്ഡെ	41	4
അഃ	41	2
ങ്ഗി	41	4
സ്ക്യു	41	6
സ്ഹ	40	3
സ്രു	40	4
ഫ്ദ	40	3
ദ്ഭാ	40	4
ട്ട്ബു	40	6
യ്റ	40	3
ക്സ്ഫ	40	5
ജൂം	40	3
ന്വി	40	4
പ്ട	40	3
ലൂം	40	3
വേം	40	3
യ്നാ	40	4
ത്മോ	39	4
ക്ത്യ	39	5
ക്ലൌ	39	4
ജ്ജും	39	5
ക്സം	39	4
സ്പ്ര	39	5
വ്രാ	39	4
സ്ട്രീം	39	7
ക്ക്മാ	39	6
സ്ത്രൈ	39	6
യ്കി	39	4
സ്റ്റു്	39	7
പ്ടി	39	4
ണ്റ്റെ	39	6
ത്സ്ന	39	5
ദ്മാ	38	4
ഹ്മോ	38	4
ക്നൗ	38	4
ഹും	38	3
റ്റാം	38	5
ത്ലാ	38	4
ട്യു	38	4
ഫ്ളാ	38	4
ങ്ങോം	38	5
ന്പ്	38	4
ഷ്യൂ	38	4
യ്പ്പി	38	6
ത്ക്കാ	38	6
തിം	38	3
ല്പോ	38	4
ഡ്രു	38	4
ഞ്ഛ	37	3
ഫ്ടി	37	4
ബ്യു	37	4
ജ്ജ്യ	37	5
സു്	37	3
ദ്സാ	37	4
ക്നീ	37	4
ര്യേ	37	4
ബ്ലൈ	37	4
ദ്ദ്	37	4
ജ്റാ	37	4
ഴ്പെ	37	4
ഹ്റ	37	3
ക്ത്യാ	37	6
ത്ര്യ	37	5
സ്റ്റ്മി	37	8
സ്ഥ്യ	37	5
ധ്ര	37	3
സ്ക്കു	37	6
ബ്നി	37	4
മേം	37	3
ഷൗ	36	2
പിം	36	3
സ്റ്റ്രി	36	8
റു്	36	3
ഷ്ടോ	36	4
സ്ക്യൂ	36	6
സൈം	36	3
സ്റ്റ്മാ	36	8
ഹ്സാ	36	4
ഡ്ന	36	3
സ്ക്കി	36	6
യ്ജി	36	4
ഖ്വി	36	4
സ്ക്രീം	36	7
ഫ്റ്റിം	36	7
സ്പ്രിം	36	7
ഗോം	36	3
സ്ഫൈ	36	4
ഷ്ഫ	36	3
റ്റ്കോ	36	6
ഭ്രു	36	4
ഷ്ലി	36	4
ഷ്തു	36	4
ഌ	35	1
ഫ്ട്	35	4
ത്പു	35	4
ത്രൂ	35	4
ശ്നി	35	4
സ്കീം	35	5
ഡ്രീ	35	4
ഷ്ട്ടി	35	6
റ്സ്	35	4
യ്ച്ചു	35	6
യ്റ്റി	35	6
ട്രു	35	4
പ്മാ	35	4
ഖ്ത	35	3
സ്ലൈ	35	4
പ്നാ	35	4
ജ്രാ	35	4
ഡ്വൈ	35	4
ഠോ	35	2
ര്യു	35	4
സ്ബ്	35	4
ഖ്യി	35	4
൮	34	1
പ്പു്	34	5
ഖ്സ്ഥാ	34	6
വ്ലി	34	4
ക്ക്ക്	34	6
ഖ്ദൂം	34	5
ഗ്യോ	34	4
ബ്ബിം	34	5
റ്റ്യു	34	6
മ്രി	34	4
ട്ണി	34	4
ഴ്സെ	34	4
റ്റ്സും	34	7
സ്പ്രേ	34	6
സ്വൈ	34	4
ഹ്റൈ	34	4
ന്റൗ	34	4
ത്ത്വാ	34	6
റ്റൈം	34	5
ക്സ്റേ	34	6
ദ്ഗു	33	4
യ്യൊ	33	4
വ്ന	33	3
റെം	33	3
ത്ബ്	33	4
ഷ്വി	33	4
ഫ്ഫാ	33	4
ട്ട്ലാ	33	6
പ്ട്യൂ	33	6
ഫ്ലാം	33	5
ഗ്രൈ	33	4
സ്ളാ	33	4
ബ്മ	33	3
സ്റ്റ്ര	32	7
ന്ത്യ്രം	32	8
ഫ്ള	32	3
ട്ടൗ	32	4
യ്ജാ	32	4
യ്ച്ച്	32	6
ള്യം	32	4
സ്മീ	32	4
ഡ്ല	32	3
ഗ്സു	32	4
ക്ക്ലി	32	6
സ്ത്രോ	32	6
വ്യേ	32	4
യ്പ്പ	32	5
ഹ്ദ്	32	4
ഷ്ചേ	31	4
ല്ക്കി	31	6
സ്ളി	31	4
ക്ഷ്യോ	31	6
സ്റ്റാം	31	7
ക്സ്പോ	31	6
ക്ലൂ	31	4
ല്യു	31	4
ശൌ	31	2
ഥാം	31	3
യെം	31	3
ഫേം	31	3
പ്സു	31	4
ന്സി	31	4
ഞ്ജ്	31	4
ത്പ്ര	31	5
ഡ്ഫു	31	4
ജെം	30	3
ബ്ഡി	30	4
ദ്ഘോ	30	4
ചോം	30	3
ഹേം	30	3
ണ്ഗ്ര	30	5
യ്ബ	30	3
ബീം	30	3
മ്മും	30	5
സ്രി	30	4
സ്പ്യൂ	30	6
സ്ളാം	30	5
റ്റ്സെ	30	6
വ്രീ	30	4
സ്റ്റ്രോ	30	8
ഡ്ഡിം	30	5
ച്ച്ഡീ	30	6
ട്രോം	30	5
ഹ്മെ	30	4
ഞ്ഞീ	30	4
ര്ണ്ണ	30	5
റ്റ്സു	30	6
ശ്ലി	30	4
ഖ്നാ	30	4
ക്ളേ	29	4
ഡ്ഗേ	29	4
ബ്ക	29	3
ട്ല	29	3
ശ്ശു	29	4
ക്മാ	29	4
ഗ്ഡം	29	4
ഹ്ദ	29	3
സ്ട	29	3
ഷ്ഠ്യ	29	5
സ്റ്റോം	29	7
ത്നീ	29	4
…	29	1
ഹ്നി	29	4
സ്ജെ	29	4
സ്ലം	29	4
റ്റ്ബു	29	6
ബ്ജി	29	4
൫	28	1
ത്സോ	28	4
സ്മൈ	28	4
ക്സ്റ്റൈ	28	8
സ്ഥ്യം	28	6
ന്റ്റെ	28	6
മ്മ്യു	28	6
ങു	28	2
ഡ്ജം	28	4
സ്ബാ	28	4
സ്ഹാ	28	4
രൌ	28	2
സ്റ്റ്യൂ	28	8
ണ്ണ്യ	28	5
യ്തേ	28	4
ക്ന	28	3
ഷ്യു	28	4
ഡ്ലെ	28	4
ത്കേ	28	4
ട്വെ	28	4
സ്ട്രിം	28	7
കഃ	28	2
ഴ്ക്കാ	28	6
ട്ട്യാ	28	6
ള്ക്ക്	28	6
ടൂം	28	3
യ്റൂ	28	4
യ്ത്ത	28	5
൬	27	1
യ്ക്കൂ	27	6
ത്കു	27	4
ത്കൊ	27	4
ദ്പ്ര	27	5
യ്ത്താ	27	6
ഭ്വി	27	4
സ്ളീ	27	4
പ്ലം	27	4
ണ്മാ	27	4
ട്ബാ	27	4
ക്ടിം	27	5
പ്രിം	27	5
ഡ്ബ	27	3
ള്ളൈ	27	4
ങ്ങൊ	27	4
ര്മ്മ	27	5
ഗ്സ്ബ	27	5
ഡ്ഗ	27	3
സ്ടെ	27	4
ങ്മൂ	27	4
ണ്ടൂം	27	5
മ്മ്യ	27	5
ഫ്രൊ	27	4
സ്റ്റൂ	27	6
ഹ്നാ	27	4
ട്ട്യൂ	27	6
ഹ്ലി	27	4
സ്റ്റ്ലി	27	8
ന്ന്യം	27	6
ഖ്ബാ	27	4
ക്ടെ	27	4
യഃ	27	2
ന്ടെ	27	4
ബ്സ്റ്റ	27	7
വ്വൂ	27	4
ബ്സ്ക്രൈ	27	8
ക്ഡൈ	27	4
ഠ്	26	2
ഗ്ബി	26	4
ഷ്ദി	26	4
മ്പ്രി	26	6
ബ്ള്യു	26	6
സ്റ്റീം	26	7
ത്ത്തി	26	6
ണ്ഢി	26	4
സ്രം	26	4
ഖ്വ	26	3
സ്രേ	26	4
ങ്ക്ഷ	26	5
ന്പു	26	4
ര്ഷ	26	3
തൌ	26	2
ര്മ	26	3
ഭ്യു	26	4
ഴ്ക	26	3
ത്രൊ	26	4
യ്ഗ	26	3
സ്ക്ക്	26	6
ബ്ലം	26	4
ദ്രേ	26	4
ഷ്മെ	26	4
ദ്ദ്യോ	26	6
ന്റൊ	26	4
ദ്കു	26	4
ട്ട്ഫോ	26	6
മ്ളം	26	4
സ്റൂ	26	4
ഹ്ത	26	3
സ്പൊ	26	4
ഗ്നൈ	25	4
ണ്ഠി	25	4
ക്ട്രേ	25	6
യ്മു	25	4
ജ്പു	25	4
ഥൂ	25	2
ക്ട്സ്	25	6
ഴൈ	25	2
ര്ത്ത	25	5
ര്വ്വ	25	5
ബ്ലു	25	4
ഴ്ന്ന്	25	6
ന്സ്	25	4
ക്തൂം	25	5
ഷ്ണി	25	4
ദിം	25	3
ബ്സെ	25	4
ക്പി	25	4
ല്യേ	25	4
ശ്നോ	25	4
യ്ത്തി	25	6
ബ്സ്റ്റേ	25	8
രഃ	25	2
രൃ	25	2
മ്പ്ലി	25	6
ക്സ്റ്റെ	25	8
ഫ്സെ	25	4
ഹ്ഫ	25	3
ങ്ക്സി	25	6
ണ്ഠം	24	4
ഡ്രൊ	24	4
ന്മോ	24	4
യൂം	24	3
യ്പും	24	5
ങ്മ	24	3
ഢം	24	2
ക്ക്ഷോ	24	6
സ്ക്രൂ	24	6
ലെം	24	3
ഞി	24	2
ഠ്മ	24	3
ദ്ദൂ	24	4
ഹ്രി	24	4
സ്ത്മ	24	5
ഷ്ത	24	3
യ്റ്റീ	24	6
സ്ചൈ	24	4
ദ്ദോ	24	4
ഢ്യം	24	4
റ്റ്കാ	24	6
ച്ച്മെ	24	6
ഡ്ഡ്	24	4
പ്കോ	24	4
സ്പ്രോ	24	6
സ്ക്റ്റോ	24	8
ഞു	23	2
ഗ്യു	23	4
സ്സ്വാ	23	6
ഫ്ട	23	3
യ്വാ	23	4
ക്ക്പ	23	5
ദോം	23	3
ഗ്യൂ	23	4
ഗ്ദ്ധാ	23	6
ബ്യാ	23	4
ഞ്ഞു്	23	5
ബ്ദോ	23	4
ഥും	23	3
ണ്ട്ഗോ	23	6
ഴ്സ്യ	23	5
യ്മെ	23	4
ങാ	23	2
ത്പ്പാ	23	6
മ്പ്ല	23	5
ക്സ്ലി	23	6
ഠൌ	23	2
ന്ഡ്	23	4
ത്ഥ്	23	4
ങ്ക്ളി	23	6
പ്ടെ	23	4
മ്നി	23	4
൭	22	1
പ്ളി	22	4
ഡ്സേ	22	4
ഷ്ട്യ	22	5
സ്ളിം	22	5
ശഃ	22	2
സ്ളേ	22	4
ന്വാ	22	4
ക്രൌ	22	4
ദ്ദ്യേ	22	6
ഡെം	22	3
ഡ്ഫോ	22	4
ബ്റാ	22	4
ക്ഷ്മം	22	6
ദ്യൂ	22	4
യ്ച്ച	22	5
ഫ്തി	22	4
ഘ്നം	22	4
ദ്യേ	22	4
യോം	22	3
ഗ്രിം	22	5
ണ്ഡും	22	5
ക്സ്വെ	22	6
സ്ദൂ	22	4
ഡ്ത്	22	4
സ്പ്രെ	22	6
ര്വ	22	3
സ്ടീ	22	4
യ്ലാ	22	4
ഹ്ല	22	3
ബ്ബും	22	5
ശ്മു	22	4
സ്ഫീ	22	4
പ്റ്റൈ	22	6
റ്റു്	21	5
ക്ട്രാ	21	6
{	21	1
ശ്ശെ	21	4
ഗിം	21	3
ട്ണ	21	3
ങ്ഗോ	21	4
ല്ല്ലാ	21	6
ര്ച്ച	21	5
യ്സു	21	4
സ്യേ	21	4
ന്ദ്നി	21	6
മീം	21	3
വ്വു	21	4
ശ്മാ	21	4
ഗ്രു	21	4
ല്യോ	21	4
ദ്നെ	21	4
യ്ദ്	21	4
ജൗ	21	2
സ്ഫെ	21	4
ട്സ്വാ	21	6
ണ്ഢ	21	3
ബ്ള	21	3
ണ്ട്വാ	21	6
സ്ക്വി	21	6
ഗ്മാം	21	5
ഖ്തി	21	4
ത്ക്ര	21	5
ക്സ്പെ	21	6
ത്പ്രേ	21	6
ക്ച്ച	21	5
ട്ട്സും	21	7
ട്ട്നി	21	6
ക്ഡ	21	3
ന്ത്റാ	21	6
ഇ്	21	2
ക്ബു	21	4
ദ്സ്	20	4
ഷ്ബാ	20	4
പ്യോ	20	4
ക്തോ	20	4
ക്ളൈ	20	4
ഷോം	20	3
ക്ക്കി	20	6
ങ്ക്ഫ	20	5
ഫ്സി	20	4
ൺ്	20	2
െ	20	1
ഡ്കി	20	4
ക്ഡൊ	20	4
മ്യോ	20	4
ക്ത്ര	20	5
സ്റ്റ്രാ	20	8
ക്ക്യ	20	5
സ്ടേ	20	4
ത്ത്സ്	20	6
ന്ദെ	20	4
പ്തും	20	5
ങ്വേ	20	4
ത്ഗ	20	3
ക്ത്	20	4
നീം	20	3
ബ്ഗ	20	3
സ്റ്റെം	20	7
സ്നെ	20	4
മ്പു്	20	5
ബ്ദീ	20	4
ട്ട്സ	20	5
ബ്സോ	20	4
ന്റ്സ്ലാം	20	9
യ്നെ	20	4
ജ്കു	20	4
ഡ്സ്മാ	20	6
തെം	20	3
ഗ്ന്യാ	20	6
ഫ്ളെ	20	4
ട്നാ	20	4
ഷ്ര	20	3
ക്ഫാ	20	4
ശ്തി	20	4
യ്തു്	19	5
ദ്രീ	19	4
ക്ളീ	19	4
ട്കൂ	19	4
ഹ്ത്	19	4
ഷ്ഠൂ	19	4
ങ്ക്വി	19	6
സൂം	19	3
ഡ്ബോ	19	4
ക്ലു	19	4
സ്ഥൈ	19	4
ട്ട്കി	19	6
ല്പൂ	19	4
ഖ്ബ	19	3
ഫ്ന	19	3
ലു്	19	3
സ്റ്റ്മോ	19	8
ര്ശി	19	4
ഭൃം	19	3
ഷ്ഗാ	19	4
ഖ്സ	19	3
ഡ്ക്രോ	19	6
ഢീ	19	2
വ്രി	19	4
ഷ്നി	19	4
പ്പ്ഡ്	19	6
ജ്ന	19	3
യ്പെ	19	4
ഷ്ക്	19	4
ധൂം	19	3
ഫ്ബി	19	4
ങ്ഗ്വേ	19	6
ഷ്ക്ര	19	5
ല്ക്കേ	19	6
റ്റ്ലെ	19	6
ക്റ്റൈ	19	6
ത്ത്പ	19	5
ച്ച്ട	19	5
ക്ടൈ	19	4
ഗ്സാ	19	4
ഗ്ഫി	19	4
ഡ്ക്ലി	19	6
ട്ട്മീ	19	6
ഹ്ളാ	18	4
സ്ത്മാ	18	6
ക്ഷ്വ	18	5
ഴ്പ്പ	18	5
ല്ഭ്യ	18	5
ക്സ്ബോ	18	6
ഡ്ഫീ	18	4
ഘെ	18	2
ക്ക്ഡ്	18	6
ച്ച്മ	18	5
യ്പോ	18	4
ഹ്ബൂ	18	4
ഡ്കോ	18	4
ന്റ്റ	18	5
ഡ്ജെ	18	4
ഡ്സ്ലാം	18	7
ല്ക്കും	18	7
ദ്ധ്വ	18	5
ട്സും	18	5
ശ്ചേ	18	4
ര്ശ	18	3
സ്പ്രൂ	18	6
ഗ്സ്റ്റ	18	7
ത്മം	18	4
പ്രോം	18	5
സ്ക്രാ	18	6
ധൗ	18	2
ഹ്സി	18	4
ര്ക്ക്	18	6
ദ്ഫ	18	3
മോം	18	3
ദ്ഭു	18	4
ക്നൌ	18	4
ട്ട്ലു	18	6
ഭ്യാം	18	5
ര്മാ	18	4
ട്ട്നെ	18	6
റ്റ്ലി	18	6
യ്ഫ	18	3
സ്റോ	18	4
ദ്ക്ക	18	5
സ്ത്വീ	18	6
ങ്ങ്ഡ	18	5
ങ്ങ്ഡം	18	6
ഷ്ഡ്	18	4
ഷ്നെ	18	4
@	18	1
ദ്ഷാ	18	4
പ്ച്ച	18	5
ഡ്സ്റ്റ	18	7
}	18	1
ത്പ്ളാ	18	6
ഝോ	18	2
ത്വീ	17	4
മ്പ്യു	17	6
സ്പൃ	17	4
ട്ട്ബോ	17	6
ഴ്ജാ	17	4
ഷ്ട്യാ	17	6
)ം	17	2
ക്സ്പ്രെ	17	8
ഹൂം	17	3
ക്മെ	17	4
ഞ്ച്ശീ	17	6
ദഃ	17	2
ജ്നാ	17	4
ന്പാ	17	4
പ്സം	17	4
ങ്ങെ	17	4
സ്ഖാ	17	4
റ്റ്സാ	17	6
പ്രൈം	17	5
പ്പ്സ്	17	6
ക്ക്ര	17	5
ണ്ട്ല	17	5
ണ്ണ്ണ	17	5
വ്ഗാ	17	4
`	17	1
ക്ത്രം	17	6
ഷ്മീ	17	4
ഡ്ഹാ	17	4
ര്ക്കും	17	7
സ്നു	17	4
ങ്ക്റ്റി	17	8
ക്ഷ്ട്രീ	17	8
ദ്റ	17	3
പ്രു	17	4
ക്നു	17	4
ര്മി	17	4
സ്തും	17	5
യ്ഹാ	17	4
യ്നും	17	5
ഞ്ജം	17	4
ഹ്നു	17	4
ക്ത്യു	17	6
മ്ത	17	3
ഞീ	17	2
ഽ	16	1
ന്തൈ	16	4
ഡ്ജാ	16	4
ഹ്താ	16	4
ന്ജി	16	4
യ്ദി	16	4
ക്തു	16	4
ഷ്റ	16	3
ഛ്	16	2
ക്സൊ	16	4
യ്ഹി	16	4
ഫ്സാ	16	4
ഖ്ശാ	16	4
വ്ലോ	16	4
പ്പ്ലൈ	16	6
ഷ്നാ	16	4
വ്ഡ്	16	4
റ്റ്ഹൗ	16	6
ര്സ്	16	4
സ്ദാ	16	4
സ്ടോ	16	4
ര്ജു	16	4
ബ്സും	16	5
സ്ക്വെ	16	6
ര്ബ	16	3
യ്ജ	16	3
ണ്ണാം	16	5
ന്റ്ര	16	5
നേം	16	3
സ്സൌ	16	4
ട്വീ	16	4
ഡ്ഹോ	16	4
ബ്ളൂ	16	4
ഡ്ലാ	16	4
ക്ക്സി	16	6
സ്റ്റ്മെ	16	8
സ്ബേ	16	4
ള്വാ	16	4
പ്റ്റിം	16	7
ദ്ശാ	16	4
ണ്ട്സി	16	6
ഡ്ത്ത്	15	6
ജ്കോ	15	4
ഘേ	15	2
യ്കൊ	15	4
ത്വേ	15	4
പ്ളീ	15	4
ബ്നീ	15	4
യ്പേ	15	4
ങ്ഹാം	15	5
ല്ക്യ	15	5
ബ്ളൈ	15	4
ക്ഷ്വാ	15	6
ത്പൂ	15	4
ഡ്റ്റ്	15	6
ബ്സ്ബ	15	5
ക്റ്റും	15	7
നെം	15	3
ക്ദ	15	3
ത്ര്യം	15	6
ര്ത്ഥ	15	5
ച്ച്യൂ	15	6
സ്റ്റ്ഗേ	15	8
ല്പ്പം	15	6
ര്ത്തു	15	6
സ്ത്യം	15	6
ഠ്യേ	15	4
ശ്ലാ	15	4
ണ്ണ്യം	15	6
ഗ്ദ്യം	15	6
രോം	15	3
ണ്കു	15	4
ച്ച്സി	15	6
ന്ഡ	15	3
ബ്രൊ	15	4
ഫ്റ്റും	15	7
ങ്ങ്ബേ	15	6
സ്സൗ	15	4
ഫ്റ്റ്സ്	15	8
ള്ള്യ	15	5
ക്റ്റെ	15	6
ട്പ	15	3
ന്റ്യ	15	5
ന്ത്രേ	15	6
ബ്ജെ	15	4
ഗ്ഗ്സ്	15	6
ഖ്ഹ്	15	4
സ്നൈ	15	4
ബ്കോ	15	4
ല്വി	15	4
ര്ഗ	15	3
ക്സ്ട്രീം	15	9
ക്ക്ബ	15	5
ഴ്തൃ	15	4
ഴ്സീ	15	4
സ്ഗോ	15	4
സ്ക്ക്ടോ	15	8
ഴ്സ്റ്റ	15	7
ണ്ടൗ	15	4
സ്സ്വ	15	5
വ്വൈ	14	4
റ്റ്ക	14	5
ക്നൊ	14	4
ട്ട്സോ	14	6
സ്ഷി	14	4
ഡ്ക്വാ	14	6
ല്പും	14	5
യ്ഗ്	14	4
ര്ഡ്	14	4
ട്ട്കാ	14	6
ട്കു	14	4
ന്പോ	14	4
പ്ഡ്	14	4
ഫ്രേം	14	5
ക്രാം	14	5
ഖ്റാ	14	4
റ്റ്നി	14	6
സ്റ്റ്ഫാ	14	8
പ്റ്റാ	14	6
ച്ച്യു	14	6
ച്ച്യ	14	5
ചെം	14	3
സ്മൂ	14	4
ബ്ലൗ	14	4
ജ്വേ	14	4
ന്റൂ	14	4
ജ്ദി	14	4
ന്ഗാ	14	4
ദ്ധ്	14	4
ബ്കാ	14	4
ക്ക്സ	14	5
ള്ക്കും	14	7
ത്തൗ	14	4
വ്സി	14	4
ഫ്ഹീ	14	4
ഖ്ദേ	14	4
ട്മ	14	3
ഒാ	14	2
ദ്രൌ	14	4
‏	14	1
സ്പേം	14	5
ന്ട	14	3
റ്റോം	14	5
ശ്ലേം	14	5
ഖ്നൗ	14	4
ഘൊ	14	2
ബ്രം	14	4
യ്കും	14	5
യ്ന്റെ	14	6
ട്ട്ക	14	5
ഗ്ലൗ	14	4
ക്സ്റ്റി	14	8
ന്ന്ത്	14	6
ക്സ്പീ	14	6
ത്റ്റി	14	6
ര്ന്നു	14	6
ങ്കൃ	14	4
ഴ്സോ	14	4
യ്നേ	14	4
ക്ഹോം	14	5
ധ്പൂ	14	4
ഫ്ലീ	14	4
ട്മെ	14	4
ത്തീം	14	5
പ്സാ	14	4
ഗ്ദി	14	4
ഷ്ന	14	3
ല്ഫാ	14	4
പ്തോ	14	4
ഡ്ജേ	14	4
പ്പ്റൈ	14	6
ങ്ങ്ഷ	14	5
ത്ചാ	14	4
￼	14	1
പ്ഗ്രേ	14	6
ഷ്ലീ	14	4
ഷ്ത്മ	14	5
−	14	1
ൠ	13	1
മൈം	13	3
സ്സൊ	13	4
*	13	1
ച്ചാം	13	5
സ്റ്റ്രെ	13	8
ണ്ട്ബാ	13	6
പ്റ്റും	13	7
ങ്ഗാ	13	4
ഴ്ന	13	3
ബൂം	13	3
5ാ	13	2
സ്റ്റൗ	13	6
സ്ഥീ	13	4
ജ്ലി	13	4
സ്ക്ലീ	13	6
മ്മൊ	13	4
റ്റ്ബ്യൂ	13	8
ഡ്റി	13	4
യ്റ്റ്സ്	13	8
^	13	1
ക്പ	13	3
ഡ്നാ	13	4
ല്കും	13	5
ക്ട്രീ	13	6
സ്ക്രൈ	13	6
ട്ട്സ്പോ	13	8
ഷ്ദ്	13	4
സ്ട്രൗ	13	6
യ്യ്തു	13	6
ല്നി	13	4
ബ്റ	13	3
ന്കു	13	4
ബ്ബോ	13	4
ല്പ്രേ	13	6
വഃ	13	2
ക്ടും	13	5
ങ്കു്	13	5
വ്ല	13	3
റ്റ്വി	13	6
പ്റ	13	3
ഡ്റോ	13	4
ഡ്ഢ	13	3
ക്കോം	13	5
ഖ്രു	13	4
ബ്ന	13	3
ഫ്റ്റ്വ	13	7
സ്ത്വാ	13	6
യ്തോ	13	4
മ്മിം	13	5
ങ്ജി	13	4
സ്റു	13	4
ഷ്ട്യം	13	6
ടേം	13	3
ച്ച്ഡ്	13	6
ത്സെ	13	4
ശൊ	13	2
ക്റ്റം	13	6
യ്ഡാ	13	4
സ്ക്ളീ	13	6
ച്യം	13	4
ന്മീ	13	4
പ്കെ	13	4
യീം	13	3
ളോം	13	3
ര്രി	13	4
´	13	1
വ്ഗ	13	3
ഗ്ളൈ	13	4
ങ്ക്വോ	13	6
ഗ്ഗോ	12	4
ദ്കോ	12	4
ഷ്മോ	12	4
ര്ണ	12	3
ഴ്ഘ	12	3
ദ്മം	12	4
സ്ല്യാ	12	6
ദ്പ	12	3
സ്ഡേ	12	4
മ്രം	12	4
ഡ്ഭു	12	4
ഫ്ത്	12	4
യ്മോ	12	4
ബ്സാ	12	4
ങ്ഷാ	12	4
ക്സ്പാ	12	6
ന്ടി	12	4
ഷ്ച	12	3
ച്ചൈ	12	4
യ്ത്തും	12	7
ഗ്ബ	12	3
റ്റ്സ്കി	12	8
സ്ടാ	12	4
യ്ഗോ	12	4
ക്മേ	12	4
വൗ	12	2
ഴ്വി	12	4
ക്ട്രൊ	12	6
ക്റ്റിം	12	7
ശ്മൂ	12	4
ന്ധ്രി	12	6
ഫ്ഫി	12	4
ക്ലാം	12	5
ര്ഭ	12	3
ത്പോ	12	4
മ്സ്	12	4
ബ്പേ	12	4
പ്റ്റീ	12	6
ശ്വോ	12	4
ഠ്യം	12	4
സഃ	12	2
ദ്ഖ	12	3
ന്റ്റി	12	6
സ്ബൈ	12	4
ഹ്ബാ	12	4
യ്ഞ്ച്	12	6
ർം	12	2
സ്വിം	12	5
സ്സെം	12	5
യ്പ്പും	12	7
ട്കോ	12	4
ക്നെ	12	4
ങ്ക്ര	12	5
കൊം	12	3
ഫ്ഫ	12	3
ണ്ട്രാ	12	6
റ്റ്മി	12	6
റ്റ്പാ	12	6
ഡ്നെ	12	4
ക്ചാ	12	4
ര്ജ്ജു	12	6
ണ്പ	12	3
പ്സ്യൂ	12	6
ല്ല്ല	12	5
ക്പൂ	12	4
യ്ലോ	12	4
യ്ഡും	12	5
പ്സോ	12	4
റ്റ്കി	12	6
ന്തിഃ	12	5
ച്വീ	12	4
ക്ക്ഷ	12	5
ഫ്ഫ്	12	4
ഷ്ട്ര്	12	6
സ്രീ	12	4
യ്ച	12	3
ഫ്നി	12	4
വ്വാം	12	5
ഖ്ത്	12	4
ഡ്സ്മി	12	6
ക്ലിം	12	5
പ്ശീ	12	4
ഫ്ളേ	12	4
ഡ്പ്ര	12	5
യ്ജിം	12	5
ത്ത്നി	12	6
ങ്ഗ്വി	12	6
പ്പ്സെ	12	6
ള്യേ	12	4
ട്ട്മു	11	6
ബ്സ്ട്രാ	11	8
റ്റ്സ്ബ	11	7
ണ്ഡ്ര	11	5
മ്ലേ	11	4
ന്റ്മെ	11	6
യ്ഥെ	11	4
യ്ം	11	3
ണ്യേ	11	4
ഗ്രൊ	11	4
യ്വു	11	4
ഗ്ലിം	11	5
ഷ്പോ	11	4
വ്കു	11	4
യ്വി	11	4
ര്ക്കാ	11	6
ദീം	11	3
ധ്യോ	11	4
ത്ത്വോ	11	6
ഡ്മോ	11	4
യ്ഥേ	11	4
ി	11	1
വ്നാ	11	4
സ്റ്റ്കാ	11	8
।	11	1
ജ്രി	11	4
ഖ്ദീ	11	4
ബ്ബൂ	11	4
കെം	11	3
ക്ടൊ	11	4
ഡ്നൈ	11	4
ൂ	11	1
ഠേ	11	2
ഴ്ന്നും	11	7
സ്കൌ	11	4
ഗ്ലൊ	11	4
വ്യ്വ	11	5
ഹൈം	11	3
ല്സ്	11	4
സ്തൊ	11	4
ഗ്ദ്യ	11	5
വ്ക	11	3
0ാം	11	3
റ്റ്നെ	11	6
ഞ്ചിം	11	5
ട്സു	11	4
ബ്മാ	11	4
പ്തേ	11	4
ക്ക്സ്റ്റേ	11	10
യേം	11	3
ന്ക	11	3
ഡ്ഗി	11	4
ദ്നാ	11	4
മ്പിം	11	5
ര്ന്ന	11	5
പ്ളൈ	11	4
വ്സ	11	3
പ്നോ	11	4
ഡ്ഡീ	11	4
ന്രെ	11	4
ർ്	11	2
ഫ്ളൈ	11	4
ത്ത്ക	11	5
സ്കും	11	5
ദ്നേ	11	4
ല്യാം	11	5
വ്ജി	11	4
ട്ട്മൗ	11	6
പ്റ്റേ	11	6
ശ്നാ	11	4
ക്ക്വാ	11	6
ന്സ	11	3
ന്ത്രീ	11	6
ഗ്ദ്ധോ	11	6
സ്ഷീ	11	4
ഹ്രീ	11	4
പ്പാം	11	5
ഡ്നോ	11	4
റ്റ്മോ	11	6
സ്ളോ	11	4
ങ്കോം	11	5
റീം	11	3
ഹ്രാം	11	5
ഡ്പൂ	11	4
ത്നാം	11	5
ബ്ബ്സൈ	11	6
പ്പ്ര	11	5
സ്ഗു	11	4
ന്ധ്രം	11	6
ഡ്റെ	11	4
വ്നി	11	4
ഷ്ജി	11	4
ട്പു	11	4
ക്ക്നി	11	6
സ്ം	11	3
മ്രോ	11	4
റ്റ്വാ	11	6
റ്റ്റി	11	6
പ്ലൊ	11	4
ശ്ബു	11	4
ണ്ണൗ	11	4
സ്വൂ	11	4
ത്ഖാ	11	4
ഫ്ളി	11	4
ത്ഗ്ര	11	5
¼	11	1
ഞ്ച്ത	11	5
ത്ഥ്യാ	11	6
ത്ത്ബ്	11	6
ത്പ്പ	11	5
ര്ത്ത്	11	6
സ്ട്രോം	11	7
ന്ദ്വാ	11	6
ര്ണ്ണം	11	6
ദ്വെ	11	4
യ്ബാ	10	4
ക്ഡോ	10	4
ജ്ഘ	10	3
ണീം	10	3
മ്ഡ്	10	4
സ്യാം	10	5
ല്ക്കെ	10	6
ജ്പാ	10	4
ശ്പാ	10	4
ഹ്മീ	10	4
ഖ്റ	10	3
ത്ഘ	10	3
റ്റ്വെ	10	6
3ാം	10	3
ര്ച്ച്	10	6
സ്ക്രോ	10	6
ഗ്ജ്യോ	10	6
ബൊം	10	3
ക്വിം	10	5
ഝം	10	2
ങ്ലെ	10	4
ധൌ	10	2
ശ്രിം	10	5
ച്ഛ്	10	4
റ്റ്മ	10	5
ന്ഡി	10	4
ച്ഛു	10	4
ബ്നെ	10	4
യ്വ	10	3
ധിം	10	3
മ്പൗ	10	4
ന്റ്വെ	10	6
യ്പ്പൂ	10	6
ഡ്സോ	10	4
ജ്ഗു	10	4
ഡ്ലൈ	10	4
ങ്ങ്സി	10	6
ട്വാ	10	4
ക്ക്വ	10	5
പ്പ്മാ	10	6
റ്ഡ്	10	4
സ്പ്പോ	10	6
മ്പ്ലേ	10	6
സ്സ്യ	10	5
ശ്ശാം	10	5
ഷ്കു	10	4
ഥ്വീ	10	4
²	10	1
ഷ്കെ	10	4
ര്യാം	10	5
ഴ്മാ	10	4
യ്ട	10	3
൹	10	1
ന്തോം	10	5
ഠൗ	10	2
ണ്ട്കാ	10	6
തേം	10	3
ത്ഥോ	10	4
പ്ലിം	10	5
ങ്ങ്ടോ	10	6
ഡ്ജും	10	5
ന്റ്രി	10	6
വ്ര്	10	4
ഴ്തി	10	4
ഞ്ഞാം	10	5
ല്സ	10	3
ന്താം	10	5
ദ്രെ	10	4
9ാം	10	3
ഴ്വേ	10	4
ജ്ജൈ	10	4
ങ്ക്രോ	10	6
സ്മു	10	4
ട്ട്കെ	10	6
ള്ക്കു	10	6
പ്റ്റ്സ്	10	8
ഹ്റാം	10	5
ബ്വേ	10	4
ഷ്മം	10	4
ല്പ്പു	10	6
ജ്ജെ	10	4
ങ്ടെ	10	4
ഴ്മേ	10	4
ക്ക്പോ	10	6
ഡ്ബെ	10	4
ങ്ഗു	10	4
ണ്ട്ലി	10	6
ജ്ക	10	3
ത്ഭൂ	10	4
മാാ	10	3
ത്ഹു	10	4
ഖ്സി	10	4
ഡ്ഷീ	10	4
ക്സ്ച	10	5
മ്മ്യം	10	6
ക്ലൊ	10	4
ധ്രൂ	10	4
ക്സ്റ്റേ	10	8
യ്മൂ	10	4
ക്നൂ	10	4
ഷ്ക്രാ	10	6
ക്ളെ	10	4
റ്യെ	10	4
>	10	1
ജ്മേ	10	4
ജ്സെ	10	4
ക്ക്സ്പേ	10	8
ജ്ഡ്	10	4
റ്റ്ടോ	10	6
ങ്ക്ഷാ	10	6
സ്ള്യാ	10	6
പ്നേ	9	4
ൡ	9	1
സ്കിം	9	5
ഴ്ക്കോ	9	6
ഗ്ഗിം	9	5
വ്ദാ	9	4
ശ്ളീ	9	4
ഹ്റി	9	4
ക്റി	9	4
ഗ്ദേ	9	4
ണൗ	9	2
റ്റ്സോ	9	6
സ്സ്റ്റാ	9	8
ക്ഹോ	9	4
ട്ടൌ	9	4
ല്ക്കോ	9	6
ച്ഛം	9	4
ജ്നു	9	4
5ാം	9	3
പ്ച	9	3
ങ്ചി	9	4
യുെ	9	3
ഴ്സൈ	9	4
ഛെ	9	2
ക്ചു	9	4
ഗ്ഗെ	9	4
പ്ഫ	9	3
ശ്ല	9	3
ഫ്ലൊ	9	4
ക്സ്മാ	9	6
ര്ട്ടി	9	6
യ്സെ	9	4
യ്ഡോ	9	4
ക്ക്കു	9	6
ദ്ഭൂ	9	4
ന്ന്നു	9	6
ത്യെ	9	4
ന്ത്യേ	9	6
ദ്പൂ	9	4
ഷ്താ	9	4
ന്റ്വാ	9	6
വ്ഘ	9	3
ഡ്ഡാ	9	4
ബ്സേ	9	4
യ്സോ	9	4
ദ്സം	9	4
റ്റ്രൂ	9	6
ഴ്ചെ	9	4
ഞ്ച്നാ	9	6
വെെ	9	3
ന്റ്ലി	9	6
റ്റ്സ്റോ	9	8
ങ്ഫീ	9	4
ത്മാം	9	5
റൈം	9	3
സ്റ്റ്കോ	9	8
മ്പ്രോ	9	6
യ്ച്ചി	9	6
ക്ക്രീ	9	6
3ാ	9	2
മ്പ്രേ	9	6
ട്ട്ഗ	9	5
ഭിഃ	9	3
ക്സ്ക്യൂ	9	8
ഖ്മാ	9	4
ന്സാ	9	4
ദ്റി	9	4
സ്ദി	9	4
ര്ഷി	9	4
ശ്യൂ	9	4
യ്ഫ്	9	4
ഈം	9	2
ട്കാ	9	4
ട്ചി	9	4
ബ്സ്ഫോ	9	6
ക്മോ	9	4
ട്ട്സു	9	6
ക്ക്ഭാ	9	6
സ്ന്റെ	9	6
റ്റ്സ്ഗെ	9	8
ന്ഗ	9	3
ഖൗ	9	2
ന്ധോ	9	4
സ്ഡോ	9	4
ങ്ഗേ	9	4
ങ്ക്യ	9	5
സ്വ്	9	4
സ്റ്റ്യു	9	8
ഖ്ദൂ	9	4
ഫ്സീ	9	4
ര്വ്വം	9	6
ണ്ട്സെ	9	6
ഡ്ലോ	9	4
ച്ച്കോ	9	6
ത്തിെ	9	5
ക്ക്ലെ	9	6
ട്ജ	9	3
ഗ്ഹാം	9	5
ഝി	9	2
ഡ്ഷ	9	3
ട്സ്മാ	9	6
ക്ക്ഫെ	9	6
	9	1
ന്ധേ	9	4
ട്സാ	9	4
ബ്ഷാ	9	4
ന്ഗീ	9	4
ട്ടീം	9	5
റ്റ്ഹെ	9	6
ശ്മം	9	4
ഊം	9	2
വൌ	9	2
ത്ലോ	9	4
ച്ചൗ	9	4
ന്ഫ്ലൂ	9	6
‑	9	1
ക്സ്ട്രി	9	8
ഃ	8	1
ട്ട്കു	8	6
ങ്മാ	8	4
ത്ഥീ	8	4
ഞ്ചു്	8	5
ക്ട്ട	8	5
ബ്ധാ	8	4
ഫ്ടു	8	4
സ്ഗാ	8	4
ശ്സ്ത	8	5
ഴ്സ്റ്റ്	8	8
ട്ട്യേ	8	6
ഡു്	8	3
ഒം	8	2
ത്സൂ	8	4
ര്കാ	8	4
സ്റ്റ്രീ	8	8
ക്സ്റ്റാ	8	8
ശ്ലൈ	8	4
ത്ലെ	8	4
ഡ്രാം	8	5
പ്ത്ത്	8	6
യ്കോ	8	4
ല്പ്പ്	8	6
ട്ട്കൊ	8	6
ധെ	8	2
ല്സി	8	4
ക്രെം	8	5
യ്ച്ചൂ	8	6
ല്ഫ്	8	4
വോം	8	3
വ്റ	8	3
ബ്ബെ	8	4
ര്ക്ക	8	5
ള്വ	8	3
ച്വാ	8	4
ന്വീ	8	4
ദ്കൃ	8	4
ഹ്യോ	8	4
ബ്റൂ	8	4
ഗ്സ്റ്റാ	8	8
ങെ	8	2
വീം	8	3
യ്തം	8	4
ല്കാം	8	5
സ്റ്റ്ക	8	7
മൊം	8	3
ഫ്യോ	8	4
ല്മാ	8	4
ന്ഷി	8	4
ശ്രൗ	8	4
ല്ലോം	8	5
ല്ല്യേ	8	6
ക്റോ	8	4
ണ്ക	8	3
വ്രെ	8	4
ഖ്പൂ	8	4
ത്ബു	8	4
ഖ്ഫ്	8	4
ഡ്സ്റ്റോ	8	8
ക്പ്ര	8	5
മ്മ്	8	4
ദ്വൃ	8	4
ന്പി	8	4
സ്റ്റ്റി	8	8
ത്ത്ര	8	5
ര്ട്ട്	8	6
ശ്ക	8	3
•	8	1
ദ്ദേഃ	8	5
ഹ്തി	8	4
ഷ്രൂ	8	4
യ്മി	8	4
ര്ന്ന്	8	6
വ്ബ	8	3
റ്റ്രോ	8	6
യ്ഭാ	8	4
ഗ്പ്പൂ	8	6
2ാ	8	2
ങോ	8	2
യ്പ്പെ	8	6
﻿	8	1
യ്ലെ	8	4
ക്ക്ലൈ	8	6
പ്സ്റ്റി	8	8
റ്റ്യേ	8	6
ഗ്ബോ	8	4
1ാം	8	3
പഃ	8	2
ഗ്യാം	8	5
റ്റ്ഡ്	8	6
ബ്ബൊ	8	4
ത്ത്കാ	8	6
ണ്ട്പോ	8	6
ല്ഫ	8	3
ദ്ബു	8	4
ഇൗ	8	2
ന്കാ	8	4
ര്ക	8	3
ദ്യ്ര	8	5
ത്ബോ	8	4
ന്ത്വാ	8	6
ദ്ധു	8	4
ക്തൂ	8	4
ഗ്ധ്യ	8	5
ബ്ദേ	8	4
ശ്റ	8	3
ദൂം	8	3
യ്ക്വാ	8	6
ര്ഭാ	8	4
ഗ്വോ	8	4
ഷ്പേ	8	4
സ്ടു	8	4
ക്ഷൌ	8	4
ജേം	8	3
പ്നി	8	4
റ്റ്യ	8	5
ങ്ജ	8	3
ഡ്ജ്മെ	8	6
ഡ്ബേ	8	4
ല്മ	8	3
ക്സൂ	8	4
റ്റ്സ്ബി	8	8
ഷൌ	8	2
ഘീ	8	2
സ്ഡെ	8	4
ങ്ത്	8	4
ത്രിം	8	5
ഴ്സ്മെ	8	6
ഗ്ദ്ധം	8	6
ര്തി	8	4
ച്ച്ല	8	5
ഹ്ലു	8	4
ട്കി	8	4
കുു	8	3
ബ്ളേ	8	4
ക്ര്	8	4
പ്ലു	8	4
ത്വൂ	8	4
വ്ക്	8	4
ബ്ടൈ	8	4
ത്ഫൈ	8	4
ജ്പൂ	8	4
ബൃം	8	3
മ്ളേ	8	4
ര്പ	8	3
ര്ക്കു	8	6
ത്സേ	8	4
ണ്ഡ്സെ	8	6
പ്മ	8	3
ും	8	2
ച്ച്ലി	8	6
ദ്ക്കാ	8	6
ബ്സ്ക്രി	8	8
ഖ്യോ	8	4
ട്പാ	8	4
ഹ്ജ	8	3
വ്പൂ	8	4
ഡ്ദ	8	3
സ്പാം	8	5
ദ്ദൗ	8	4
സ്ട്രൊ	8	6
ക്ക്ഫോ	8	6
ങ്ഫി	8	4
ങ്ച	8	3
യ്ഞ്ചൊ	8	6
ക്ക്ദാ	8	6
ഷ്ലോ	8	4
ഫ്പ്രോ	8	6
ത്സ്വാ	8	6
ന്ദ്സി	8	6
ത്തിം	8	5
ര്യൂ	8	4
ങ്ലോ	8	4
മ്ര്	8	4
ഹ്ഫൂ	8	4
മ്രേ	8	4
ഴ്ച്ചു	8	6
ക്ഷ്ബ	8	5
ഗ്സ്ബു	8	6
സ്റ്റ്ബോ	7	8
മ്പ്സ്	7	6
ബ്ദെ	7	4
സ്റ്റ്ട്രേ	7	10
ബ്ളെ	7	4
പ്ളോ	7	4
ബ്ലിം	7	5
ദ്യാം	7	5
ര്ര	7	3
ഗ്മോ	7	4
ണ്ട്മാ	7	6
ത്ത്യേ	7	6
ചിം	7	3
ല്ല്യൂ	7	6
ശ്കാ	7	4
ക്ക്മേ	7	6
ഷ്കും	7	5
ഗ്ജി	7	4
ജൌ	7	2
ക്ഫെ	7	4
ക്ക്പാ	7	6
ഡ്സ്വ	7	5
ക്ക്ഹോ	7	6
ഴ്കോ	7	4
ത്ത്ഡേ	7	6
ങ്ക്ഹാം	7	7
സ്നൂ	7	4
യ്ടെ	7	4
ദ്ഗ്ധ	7	5
ഡ്ടി	7	4
ര്ഥ	7	3
റ്റ്കോം	7	7
ര്പ്പ	7	5
.്	7	2
സ്ഥേ	7	4
സ്റ്റ്ന	7	7
ങ്ഗം	7	4
ക്ത്തി	7	6
ന്യെ	7	4
സ്സ്മാ	7	6
ട്ട്പാ	7	6
ക്ക്വേ	7	6
ട്ട്ലെ	7	6
ക്വു	7	4
റ്റ്ര	7	5
സ്റ്റ്സ്ക്രി	7	12
ഫ്റ്റ്വേ	7	8
ഡ്ശ്രു	7	6
ഴ്തു	7	4
ഷ്പ്പി	7	6
വ്റോ	7	4
ത്ത്ഖാ	7	6
ജ്നോ	7	4
പൂം	7	3
ഡ്ഷെ	7	4
ജോം	7	3
ബ്ലൊ	7	4
ഘ്രം	7	4
സ്റ്റ്ബാ	7	8
ഷ്തി	7	4
സ്ചെ	7	4
ത്യ്ര	7	5
ല്നോ	7	4
റ്യ	7	3
ഷ്വീ	7	4
ക്ക്ക	7	5
പ്പ്യൂ	7	6
റ്റ്രി	7	6
സ്സ്ക	7	5
ത്ത്മോ	7	6
ക്സ്ട്രീ	7	8
1ാ	7	2
7ാ	7	2
ച്ച്കൊ	7	6
ഗ്ഹാ	7	4
ട്രിം	7	5
ഷ്രൈ	7	4
റ്റ്വേ	7	6
ട്ട്പോ	7	6
ക്യേ	7	4
പ്പ്കാ	7	6
ക്താം	7	5
ങ്ക്വ	7	5
സ്സ്മെ	7	6
ഗ്ഡെ	7	4
സ്പ്ലി	7	6
2ാം	7	3
ക്പോ	7	4
ഖ്തു	7	4
സ്പ്പി	7	6
ന്കി	7	4
വ്ളാ	7	4
ത്ത്വീ	7	6
ഖ്സ്താ	7	6
ഡ്ഗം	7	4
ഷ്കീ	7	4
യ്ഷ	7	3
ത്വാം	7	5
ണഃ	7	2
ത്ക്ഷ	7	5
ക്ക്വെ	7	6
സ്റ്റ്നെ	7	8
ണ്ട്രേ	7	6
ല്പേ	7	4
ക്ഷ്മാം	7	7
സ്പ്ളേ	7	6
ഗ്ല്ലീ	7	6
ക്രിം	7	5
ബ്സ്ക്യൂ	7	8
ദ്ധ്യോ	7	6
ല്ലെം	7	5
സ്റ്റ്രൈ	7	8
പ്യേ	7	4
ദ്കാ	7	4
ന്റ്മാ	7	6
പ്ട്രോ	7	6
പ്ക	7	3
ജ്സ്	7	4
ന്റേം	7	5
ണ്ഹ	7	3
കു്	7	3
യ്റ്റ്ലി	7	8
സ്ബൊ	7	4
ത്കൂ	7	4
ട്ട്മ	7	5
ക്ഷ്ട്ര	7	7
സ്പ്ലാ	7	6
യ്ജ്	7	4
ലഃ	7	2
ന്റ്സും	7	7
ല്പ്ര	7	5
ദ്രൂ	7	4
മ്ഭ	7	3
സ്ഡാ	7	4
ശ്വീ	7	4
ന്ദും	7	5
പ്നെ	7	4
സ്ത്തി	7	6
ളൊം	7	3
യ്ന്റ	7	5
ധ്വി	7	4
ക്ച്വ	7	5
ഉ്	7	2
ഞ്ച്മാ	7	6
ഗ്ഹൗ	7	4
ന്വെ	7	4
ക്സ്ക്ലൂ	7	8
ദ്ബ്	7	4
ഫ്യാ	7	4
ണ്ട്ഗെ	7	6
ങ്സ്റ്റേ	7	8
വ്കാ	7	4
ത്നെ	7	4
ക്സ്തൂ	7	6
പ്റ്റൊ	7	6
ട്ട്പ്രി	7	8
ഷ്പ്പ	7	5
സ്സ്ലി	7	6
ന്ത്പൂ	7	6
യ്റ്റാ	7	6
ഡ്ഡും	7	5
ങ്ക്ഡ്	7	6
ഡ്ഗെ	7	4
യ്ദീ	7	4
ബ്റോ	7	4
ഡ്ഷി	7	4
സ്ക്വീ	7	6
ഡ്പാ	7	4
യ്ഘ	7	3
യ്ശ്	7	4
ര്മം	7	4
ബ്ഖാ	7	4
ത്കി	7	4
ങ്സ്ട്രോം	7	9
സ്റ്റ്കൊ	7	8
സ്തൈ	7	4
വ്പാ	7	4
ന്ഥെ	7	4
ച്ച്ന	7	5
൰	6	1
റ്റ്റൂ	6	6
ന്യ്	6	4
ശ്രെ	6	4
സ്ഷ	6	3
ഷ്ഠു	6	4
റ്റ്സ്വാ	6	8
ന്റു്	6	5
ന്ഫോ	6	4
ണ്ഡ്യാ	6	6
ഫ്റ്റാ	6	6
ഷ്തോ	6	4
ക്ക്കും	6	7
ക്ക്ല	6	5
ന്ന്പോ	6	6
ട്ട്സ്റ്റാ	6	10
7ാം	6	3
ശ്രൌ	6	4
സ്ടൌ	6	4
ച്ച്പാ	6	6
ഹ്കാ	6	4
ട്ട്ലോ	6	6
റ്റ്ലൈ	6	6
റ്റ്സിം	6	7
ഗ്ത	6	3
പ്ചാ	6	4
ട്ടൂം	6	5
സ്മൊ	6	4
മ്പ്ലെ	6	6
ഹ്മേ	6	4
ന്ദ്യാ	6	6
യ്തൂ	6	4
ക്ക്ലാ	6	6
ത്യൊ	6	4
യ്വ്	6	4
റ്റ്ഗ	6	5
ഴു്	6	3
ഞ്ച്കാ	6	6
ദ്ധൃ	6	4
ഫ്ത്ത്	6	6
ദ്ബി	6	4
ഝു	6	2
ണ്ഢീ	6	4
ട്ട്യ	6	5
ഷ്ലെ	6	4
മ്പ്ലോ	6	6
വ്നീ	6	4
കീം	6	3
ബ്ധം	6	4
പ്ത്യ	6	5
ത്തൂം	6	5
ഡ്ന്റ്	6	6
ങേ	6	2
ങ്ഫു	6	4
വ്രോ	6	4
ങ്ങ്സു	6	6
യ്ഗു	6	4
ഫ്ളീ	6	4
ത്ത്കു	6	6
ങ്ച്വു	6	6
ട്ട്യോ	6	6
പേം	6	3
ഹ്ജി	6	4
ഛൊ	6	2
ത്ത്പ്ര	6	7
ഷ്ക്കം	6	6
′	6	1
യ്റി	6	4
ഭ്യോ	6	4
ദെം	6	3
ക്സ്പ്ലൊ	6	8
പ്പ്ല	6	5
ക്മു	6	4
പ്ളെ	6	4
ക്വ്	6	4
ഗ്സേ	6	4
ക്സ്സി	6	6
ട്ജി	6	4
താാ	6	3
ഫ്വേ	6	4
ന്ധ്യം	6	6
റ്റ്ഫീ	6	6
ങ്വ	6	3
ല്മു	6	4
ങ്ങു്	6	5
ന്ര	6	3
ല്ല്വാ	6	6
ൻേ	6	2
ട്ട്ജെ	6	6
വ്രേ	6	4
4ാ	6	2
ഭെ	6	2
ക്ഗി	6	4
ഴ്ചി	6	4
ഷ്ഠീ	6	4
ര്ലാ	6	4
പ്കാ	6	4
ല്ഫി	6	4
ക്ലൈം	6	5
സ്പ്ലെ	6	6
ങ്ഹോ	6	4
റ്റ്രീ	6	6
ക്കൂം	6	5
ന്ദ്ജി	6	6
സ്ക്ര	6	5
6ാം	6	3
ര്വി	6	4
ണ്പാ	6	4
യ്ദാ	6	4
ഫ്മു	6	4
ന്ധീ	6	4
ല്പ്സ്	6	6
ര്വേ	6	4
ദ്ധൗ	6	4
ക്സ്പ്ളോ	6	8
ജ്പ്ഷ്യ	6	7
ട്റ്റ്	6	6
ട്ട്പ	6	5
ത്ഗു	6	4
ദ്യും	6	5
ധ്യു	6	4
ജ്ഞീ	6	4
ത്സ്ഥി	6	6
താഃ	6	3
മ്പ്ക	6	5
ഴ്സേ	6	4
ങ്സു	6	4
ജൃം	6	3
റ്മാ	6	4
ട്ട്സൈ	6	6
ഠു	6	2
ത്ത്ഡോ	6	6
ഹ്രീം	6	5
ത്ത്ത	6	5
ഡ്സ്കി	6	6
ട്ഫ	6	3
ണ്ണൈ	6	4
ഡൂം	6	3
ന്റ്വ	6	5
ട്ട്രെ	6	6
ട്മാ	6	4
ഗ്പ	6	3
ഹ്യേ	6	4
ഫ്കാ	6	4
ണ്ട്ഷി	6	6
ഗേം	6	3
ത്യൗ	6	4
ര്ഗാ	6	4
പ്ഞ്ചാ	6	6
ത്തി്	6	5
ക്ക്ടെ	6	6
യ്ഫ്ര	6	5
ഴ്പോ	6	4
പ്ചെ	6	4
ഡ്യം	6	4
ര്ഗ്ഗ	6	5
സ്ട്റേ	6	6
വ്സ്ക	6	5
ബ്നാ	6	4
സ്റ്റ്റോ	6	8
ത്ത്യു	6	6
ഴ്ക്ക	6	5
ഗ്ദം	6	4
ഡ്ഢീ	6	4
·	6	1
ജഃ	6	2
8ാം	6	3
ബ്കി	6	4
ള്വി	6	4
സ്ഷൂ	6	4
<	6	1
ൃ	6	1
യ്ഹ	6	3
ല്കം	6	4
പ്തെ	6	4
ര്ത	6	3
ഫ്ഡ	6	3
ങ്ങ്സ്റ്റ	6	9
ഫ്ലേം	6	5
ബ്രോം	6	5
ഞ്ച്പാ	6	6
പ്ബെ	6	4
ത്ത്നോ	6	6
ക്ത്യം	6	6
ല്പൊ	6	4
ത്ത്മ	6	5
ബ്വ	6	3
ഡ്ഫി	6	4
ത്തോം	6	5
ഗ്സും	6	5
ത്ത്കൂ	6	6
ത്ത്ണ്ഡ്	6	8
ഷ്വെ	6	4
ങ്ക്സും	6	7
ങ്ങ്ഹാ	6	6
ത്സ്യോ	6	6
ശ്യോ	6	4
ഷ്ബോ	6	4
ണ്ട്ക	6	5
ക്ഗ	6	3
ഡ്സു	6	4
ഩ	6	1
സ്ച്ച	6	5
ക്റ്റ്ജി	6	8
ഷ്റോ	6	4
ങ്ഷി	6	4
ന്ഡ്രോ	6	6
സ്ബീ	6	4
ര്ജ	6	3
ട്ര്വാ	6	6
റ്റ്ഷി	6	6
ണ്ണിം	6	5
സ്ട്രം	6	6
ഡ്സ്റ്റാ	6	8
ള്ള്യാ	6	6
ക്ഖി	6	4
ന്ദ്ക	6	5
ബ്താ	6	4
സ്റ്യാ	6	6
ഡ്ഡെ	6	4
ക്ച്ചു	6	6
ഫ്ഷാ	6	4
റ്റ്സ്റ്റീ	6	10
ഷ്സ്ട്രോ	6	8
ങ്ക്കെ	6	6
വൊം	6	3
ഷ്ഠ്യം	6	6
ച്ച്നി	6	6
വ്രം	6	4
യ്ഡീ	6	4
ഴ്മു	6	4
ഗ്ഖാ	6	4
സ്ഡ്യൂ	6	6
ക്ക്സ്ട്രീ	6	10
സ്റ്റ്ഫോ	6	8
പ്പ്റേ	6	6
ര്ബ്	6	4
ക്ക്പീ	6	6
സ്വ്യാ	6	6
ഹ്സ്റ്റോ	6	8
കൊ	6	3
ചൃ	5	2
ചഃ	5	2
ഺ	5	1
ല്ക്ക്	5	6
ഴ്പ	5	3
ട്ട്ണ	5	5
ഞ്ച്ഡ്	5	6
റ്റ്ബി	5	6
പ്കു	5	4
ജ്ഭ	5	3
ബ്പോ	5	4
സ്ഥാം	5	5
യ്തൊ	5	4
ഴ്ക്കാം	5	7
ട്സൈ	5	4
മ്മാം	5	5
ഗ്ക	5	3
ല്വേ	5	4
വ്മ	5	3
വ്ഹാ	5	4
ബ്ക്യാ	5	6
പ്പ്മ	5	5
റ്റ്ഫി	5	6
യ്ഗി	5	4
ത്മെ	5	4
ക്ക്നെ	5	6
ന്ഗ്	5	4
ഖിം	5	3
ച്ച്ഗീ	5	6
ല്മി	5	4
ച്റ്റ്	5	6
ഷ്രി	5	4
ക്ക്ഹോം	5	7
ന്ബ	5	3
ത്ബ്ദീ	5	6
ലെെ	5	3
റ്യോ	5	4
ബ്ന്	5	4
റ്റ്ഹൌ	5	6
ക്ക്വി	5	6
യ്ഫെ	5	4
േ	5	1
ക്ഖ	5	3
ല്ഫ്ര	5	5
ഡേം	5	3
ശ്ശഃ	5	4
ഷൃ	5	2
ച്ച്സ്	5	6
ങ്ഗെ	5	4
ത്സ്ഥ	5	5
,്	5	2
ജ്രേ	5	4
സ്മ്	5	4
യ്യിം	5	5
റഃ	5	2
യ്രാ	5	4
ജ്സ	5	3
ങ്നാ	5	4
ഷ്ണൂ	5	4
ന്ട്	5	4
ണൌ	5	2
ട്സ്റ്റാ	5	8
ഫ്റ്റ്വാ	5	8
ന്ഫ	5	3
ഗ്വീ	5	4
ത്സിം	5	5
ത്ഹ	5	3
ബ്ഹ	5	3
സ്നീ	5	4
റ്റ്ച	5	5
ക്യൊ	5	4
മാഃ	5	3
ഞോ	5	2
×	5	1
ഫ്രൗ	5	4
ൈ	5	1
മ്വാ	5	4
ത്മു	5	4
നാാ	5	3
ഫ്റെ	5	4
ശ്ശം	5	4
പ്പ്ലി	5	6
ച്കു	5	4
ഡ്ബു	5	4
ക്ദി	5	4
യ്ഹോ	5	4
ന്ത്രാം	5	7
ഗ്സെ	5	4
ങ്ഗ്ര	5	5
ക്ക്നോ	5	6
ഫ്വെ	5	4
ക്റ്റൊ	5	6
പ്ല്യൂ	5	6
പ്പ്ളി	5	6
ന്ത്നാ	5	6
ണൃ	5	2
ഗ്ഗും	5	5
റ്റ്ഷെ	5	6
ത്സും	5	5
ഗ്ലൌ	5	4
ക്ഗ്രാ	5	6
ഷ്നേ	5	4
ഞ്ജോ	5	4
ബ്ള്യൂ	5	6
യ്നീ	5	4
ന്ഡോ	5	4
ന്സ്റ്റി	5	8
ഴ്താ	5	4
ബ്ലോം	5	5
യുഃ	5	3
സ്സു്	5	5
ക്ഷ്ത്ര	5	7
6ാ	5	2
ക്ക്ബേ	5	6
ന്ന്യേ	5	6
ഞ്ജെ	5	4
ബ്യോ	5	4
ഡ്സും	5	5
ജ്ദാ	5	4
സ്റ്റ്നാ	5	8
ള്ല	5	3
മ്നേ	5	4
ര്മ്മി	5	6
ച്ച്ത്	5	6
ക്ക്യാ	5	6
യ്സ്റ്റി	5	8
പ്റാ	5	4
യ്ത്കൊ	5	6
ദ്നി	5	4
	5	1
ട്ട്ഡോ	5	6
യ്ഡ്സി	5	6
സ്ഷാ	5	4
ഷ്രീ	5	4
മ്പ്സി	5	6
ള്ള്തു	5	6
ന്യി	5	4
ര്ണാ	5	4
ന്റെ്	5	5
ഹ്ത്തി	5	6
ഡൊം	5	3
ങ്പോ	5	4
ഖ്നി	5	4
4ാം	5	3
സ്റ്റ്റേ	5	8
ര്ത്താ	5	6
്്്്്്്്്്്്്്്്്്	5	18
ങ്ക്ല	5	5
ന്വോ	5	4
ര്ഷ്യ	5	5
മ്രു	5	4
ന്ന്നി	5	6
ല്പീ	5	4
ഗ്ഡേ	5	4
ക്മീ	5	4
സ്റ്റ്ഗ്രാ	5	10
ണ്സി	5	4
ഷീം	5	3
ര്ഡി	5	4
ന്ടാ	5	4
ട്റ്റ	5	5
ന്ദ്സാ	5	6
സ്ജ	5	3
മ്മഃ	5	4
റ്യാ	5	4
തുഃ	5	3
യ്ഷു	5	4
യ്യ്ത	5	5
ഢേ	5	2
റ്റ്വീ	5	6
ത്ബാ	5	4
ക്സ്മി	5	6
ങ്ക്തി	5	6
രൂം	5	3
ക്ബീ	5	4
ഡ്ടെ	5	4
സ്റ്റ്റ	5	7
ഖ്സാ	5	4
ജ്ജ്യം	5	6
ര്ന	5	3
ദ്ദ്യാ	5	6
ത്വൈ	5	4
ഗ്റ	5	3
ദ്ലോ	5	4
വ്സ്ക്	5	6
റ്ബ	5	3
ച്കോ	5	4
ന്ഥീ	5	4
ക്ത്രി	5	6
ക്ക്ഡൗ	5	6
ഞ്ച്വേ	5	6
ച്മാ	5	4
മ്ബ	5	3
ങ്ഗ്ന	5	5
ല്വ്	5	4
ണ്ധ	5	3
ര്യഃ	5	4
ഷ്ക്കോ	5	6
ര്കു	5	4
ഖ്ലോ	5	4
റ്റ്രാ	5	6
പ്ഗ	5	3
ഠീ	5	2
ക്ക്ഡോ	5	6
റ്റ്ച്ച്	5	8
ല്വെ	5	4
ഞ്ച്ബാ	5	6
സ്പെം	5	5
മ്മൈ	5	4
ഫ്ഹൗ	5	4
ണ്ട്മു	5	6
ള്ളീം	5	5
ഴ്ത്ത്	5	6
ഞ്ജൈ	5	4
ഴ്സ്പെ	5	6
സ്ത്ഥ	5	5
ണ്യെ	5	4
സ്വോ	5	4
ഫ്ത്താ	5	6
ല്പ്പോ	5	6
ഴ്ഗ	5	3
ഖേം	5	3
ഖൃ	5	2
ഫ്റ്റ്ന	5	7
ഫ്റ്റ്സ്മാ	5	10
ഫ്ദാ	5	4
ക്ക്സ്റ്റാ	5	10
ള്ക്കൊ	5	6
ക്ക്സെ	5	6
ഭൂം	5	3
ത്ഥേ	5	4
ട്ക്ക	5	5
ക്ജ	5	3
ഷ്ട്വാ	5	6
ര്മ്മം	5	6
ക്ക്യു	5	6
ക്ക്ന	5	5
ണ്മി	5	4
ഡീം	5	3
ഹ്ണ്യ	5	5
ങം	5	2
ഡ്സ്കേ	5	6
ഥൊ	5	2
യ്സ്ബു	5	6
പ്പ്ബോ	5	6
ന്ജ	5	3
ര്ധ	5	3
ബ്ഗാ	5	4
വ്കോ	5	4
പ്പ്ക	5	5
ട്ഫോ	5	4
പ്ളൂ	5	4
ത്നോ	5	4
മൂം	5	3
ഴ്ഷ്യ	5	5
ഹ്രോ	5	4
സ്ജീ	5	4
ക്സ്ബ	5	5
ക്പു	5	4
ഹ്വാം	5	5
ന്ശേ	5	4
ഖ്വെ	5	4
ഷിഃ	5	3
യ്ക്കിം	5	7
ഴ്സ്സ്	5	6
ഖ്ഹു	5	4
യ്ബ്നി	5	6
ഡ്സ്പീ	5	6
ര്കി	5	4
വ്കി	5	4
സ്പ്രാ	5	6
ക്ക്ത	5	5
ന്റ്പീ	5	6
സ്ടൗ	5	4
ജ്ഭീ	5	4
റ്റ്ഫ്ലി	5	8
ല്ബ	5	3
ഡ്റ്റി	5	6
ന്ഭാ	5	4
ണ്ഠ്യം	5	6
യ്മ്	5	4
ശ്ളാ	5	4
ണ്ണ്യാ	5	6
പ്കേ	5	4
സ്ജാ	5	4
#	5	1
സ്സ്റ്റേ	5	8
ണ്യോ	5	4
ഹ്രെ	5	4
ക്യോം	5	5
യ്ഞ്ചി	5	6
റ്റ്ഷ	5	5
ഷ്രാ	5	4
ക്സ്കോ	5	6
±	5	1
ല്ജി	5	4
ക്ക്ട	5	5
ഫ്ളൊ	5	4
സ്രെ	5	4
ഡ്സ്റ്റീ	5	8
ക്സ്ഡ്	5	6
യ്സ്ലി	5	6
മ്പ്ട	5	5
ജ്ബ	5	3
ഗ്വൈ	5	4
യ്ഡേ	5	4
സ്സ്കി	5	6
കൈം	5	3
ന്ഫ്ലു	5	6
ഗ്രെം	5	5
ക്സ്വീ	5	6
ജ്റം	5	4
റ്റ്സ്ജെ	5	8
ശ്ച്യ	5	5
ഹ്വീ	5	4
ന്സു	5	4
യാാ	5	3
മ്നീ	5	4
സ്ക്കീ	5	6
ങ്മ്യൂ	5	6
ക്റ്റ്റോ	5	8
പ്റ്റ്ബാ	5	8
ഷ്വേ	5	4
ഢ്വാ	5	4
റ്റ്മൗ	5	6
ങ്ക്ള	5	5
ന്ത്ന	5	5
ഉാ	5	2
൱	4	1
൲	4	1
൳	4	1
൴	4	1
൵	4	1
0ാ	4	2
ഷ്ഭ	4	3
ന്ത്പു	4	6
ഞ്ജൂ	4	4
ഡ്ഷാ	4	4
സ്ക്ഫോ	4	6
ഗ്വാം	4	5
ഠൊ	4	2
ഷു്	4	3
ബ്വെ	4	4
കാാ	4	3
ല്ല്യാം	4	7
ര്ഗീ	4	4
ക്ക്മു	4	6
ങ്പാ	4	4
ക്ര്യൂ	4	6
ഡ്സാ	4	4
ഖ്ലാ	4	4
യ്റെ	4	4
ച്ന	4	3
മ്ന്ന	4	5
ക്യി	4	4
ല്പ്പും	4	7
ന്സോ	4	4
പ്റോ	4	4
ല്ഗ	4	3
സ്ദേ	4	4
ഞ്ച്മ	4	5
ഗ്ജീ	4	4
ഡൈം	4	3
ച്ബി	4	4
ഗ്സ്ബെ	4	6
സ്റ്റ്പോ	4	8
യ്സിം	4	5
ക്ത്വം	4	6
ദ്വോ	4	4
ങ്സോ	4	4
ന്സൈ	4	4
യ്ചൂ	4	4
ര്വാ	4	4
ര്ത്ഥി	4	6
ശ്ഹ	4	3
ഷ്ഹ	4	3
ന്ദ്ര്യാ	4	8
ന്ദ്രാം	4	7
യ്ഖ	4	3
പ്കൊ	4	4
ര്ദ്ധ	4	5
ഢൂ	4	2
സ്ത്തോ	4	6
ട്ലെ	4	4
ങ്ഹൗ	4	4
യ്ചെ	4	4
ങ്ഖ	4	3
ഖു്	4	3
ദ്ധൌ	4	4
ഷ്പു	4	4
ന്ദ്പൂ	4	6
ങ്സ	4	3
ഘ്യാ	4	4
ണ്വെ	4	4
ണ്സ	4	3
ഷ്ണും	4	5
ഡ്മേ	4	4
യ്ചു	4	4
ക്ക്കാ	4	6
സ്റ്റ്ക്ലാ	4	10
യ്ഡെ	4	4
ശ്ത	4	3
ജ്ബൂ	4	4
ന്തൃ	4	4
ര്ദേ	4	4
യ്സേ	4	4
ബ്ത	4	3
ങ്ക്ട	4	5
യ്റേ	4	4
ഴ്നി	4	4
രാാ	4	3
സ്ക്കൊ	4	6
ന്ഗോ	4	4
സ്രൂ	4	4
ട്ലി	4	4
ണ്കാ	4	4
സ്ട്രൂ	4	6
മ്പൃ	4	4
റ്റ്ന്റെ	4	8
ച്മി	4	4
ദ്ധ്മാ	4	6
ളുെ	4	3
യ്ത്തീ	4	6
ട്ള	4	3
ട്ട്കൂ	4	6
ന്ദ്വം	4	6
റ്ര	4	3
ന്മൊ	4	4
ൽം	4	2
ശ്ശോ	4	4
ക്ക്രി	4	6
ബ്റി	4	4
ര്യെ	4	4
ത്ഘാ	4	4
ഴ്ച്ചെ	4	6
യ്ലു	4	4
ഭഃ	4	2
ഫ്യൂം	4	5
ണ്ഡ്രോ	4	6
ഷ്ദ	4	3
ട്ട്ഫീ	4	6
റ്റ്ചെ	4	6
മ്പ്ഡ്	4	6
ട്വൈ	4	4
ത്യൈ	4	4
ക്ഗ്രോ	4	6
ഡ്ജ്വി	4	6
ത്ത്സോ	4	6
പ്ടീ	4	4
ക്ക്ബോ	4	6
യ്സ്ബോ	4	6
ല്ഫോ	4	4
ഗ്ഡോ	4	4
ക്ളൌ	4	4
ീ	4	1
ക്റ	4	3
ശ്സ്തി	4	6
ങ്ങ്മാ	4	6
ങ്ലേ	4	4
സ്ത്ഥി	4	6
ഴ്പ്പോ	4	6
ശ്ച്യാ	4	6
ന്ന്യോ	4	6
ശെം	4	3
ക്ക്പി	4	6
സ്ഡു	4	4
ഷ്ഠ്	4	4
റ്സ്ലാം	4	7
ഡ്ഡോ	4	4
ത്യാം	4	5
ക്സ്പേ	4	6
ൽ്	4	2
ന്തു്	4	5
ഹ്രൂ	4	4
ക്ബി	4	4
ഗ്ധ്യം	4	6
ത്ത്ന	4	5
ഭ്യഃ	4	4
ഷ്ട്ടം	4	6
ക്ക്പൂ	4	6
ബ്പൂ	4	4
ര്പ്പെ	4	6
ഫ്ടോ	4	4
ങ്ഗ്വ	4	5
ര്ണ്ണൂ	4	6
ങ്റ്റൈ	4	6
ങ്റ്റി	4	6
യ്റൊ	4	4
മ്ര്യാ	4	6
ജ്പ്ര	4	5
ട്മി	4	4
സ്റ്റ്ഫു	4	8
ങ്ങ്പോ	4	6
ബ്ഡേ	4	4
ച്ച്വാ	4	6
സ്ചു	4	4
റ്വാ	4	4
ത്ത്കോ	4	6
ട്ചേ	4	4
മ്സി	4	4
യ്ഹ്	4	4
ന്ന്ത	4	5
റ്റ്ബ	4	5
ര്ട്ടു	4	6
യൌം	4	3
ര്ത്ഥം	4	6
ഘ്പ	4	3
ക്സാം	4	5
ണ്ട്രെ	4	6
ഡ്ന്റെ	4	6
ങ്ങ്ഹാം	4	7
റ്ക്കും	4	7
ഗ്ദോ	4	4
റ്റ്സ്ഗ	4	7
ബ്ബീ	4	4
ന്ന്മു	4	6
ഴ്ത	4	3
ഛു	4	2
ര്ദ്ദേ	4	6
ജ്തി	4	4
യിി	4	3
ത്സൃ	4	4
യ്ദെ	4	4
റ്റ്ലേ	4	6
വ്മാ	4	4
ക്സ്ട്ര	4	7
ഹ്സ	4	3
ഴ്സ്കോ	4	6
ബ്ബേ	4	4
ത്സ്യേ	4	6
ര്മ്മാ	4	6
ര്ധി	4	4
ഷ്റ്റ്	4	6
ങ്ന	4	3
ങ്ബു	4	4
ഗ്ഫീ	4	4
സ്സ്റ്റോ	4	8
വ്ഗെ	4	4
ക്ളൂ	4	4
ബ്സ്ട്ര	4	7
ക്സ്ക	4	5
ട്സ്പ്ര	4	7
ര്ദി	4	4
ഖീം	4	3
ക്ക്ഗ്രൗ	4	8
$	4	1
ട്ട്വാ	4	6
ഫ്തീ	4	4
ക്ക്ലോ	4	6
ല്ക്കൂ	4	6
പ്ച്ചേ	4	6
ഴ്ച്	4	4
ഡ്മൂ	4	4
ഹ്യാം	4	5
രേം	4	3
പ്ഹോ	4	4
ജ്ഫോ	4	4
ണ്റ്റേ	4	6
ഗ്താ	4	4
വ്രു	4	4
ഴ്ച്ചാ	4	6
ക്സ്ഹോ	4	6
പ്പ്വി	4	6
സ്റെ	4	4
ലൃ	4	2
ങ്ജോ	4	4
ണ്ട്ലാ	4	6
ണ്ട്രീ	4	6
ക്ബൂ	4	4
സ്ഡം	4	4
ജ്നം	4	4
ഴ്ത്തും	4	7
സ്റ്റ്ചെ	4	8
ഹ്ന്ദി	4	6
സ്ഥു	4	4
ന്ത്യി	4	6
ഗ്നം	4	4
ത്ധാ	4	4
ന്ധ്യേ	4	6
സ്ദ്	4	4
ഖഃ	4	2
ന്റ്സ	4	5
ന്ദൊ	4	4
ത്റാ	4	4
ദ്ഖാ	4	4
ഷ്ടും	4	5
ത്ത്ക്ക	4	7
ഗ്ഗ്ര	4	5
വ്യൈ	4	4
ര്ദ്ദ	4	5
സ്റ്റ്ച	4	7
ഭിം	4	3
ത്ത്ലു	4	6
ണ്ണു്	4	5
ര്ണി	4	4
മ്ശം	4	4
ആഃ	4	2
ട്റി	4	4
ച്ടി	4	4
\	4	1
ഖ്വു	4	4
യ്ല്	4	4
ല്ക്കാം	4	7
ണ്ട്്	4	5
പ്ഡ	4	3
ഗ്ബാ	4	4
ബ്മെ	4	4
ഷ്ബ	4	3
ജ്മു	4	4
സ്റ്റ്റു	4	8
ജ്സി	4	4
ര്സ	4	3
ഥൃ	4	2
യ്ലും	4	5
യ്ഷ്	4	4
റ്റ്െ	4	5
ഫ്റോ	4	4
ദ്ബാ	4	4
ണാഃ	4	3
ണ്ത	4	3
ഫ്റ്റ്ബാ	4	8
ത്ഗോ	4	4
ഷൈം	4	3
ഹ്സീ	4	4
ഖ്ഹി	4	4
ജ്ത	4	3
ക്ട്ടോ	4	6
സ്കം	4	4
ഖ്നോ	4	4
മ്നെ	4	4
ഷ്ഠ്യാ	4	6
£	4	1
പ്സും	4	5
ഷ്റൂം	4	5
ര്ത്	4	4
ങ്ക്ജ	4	5
ഷ്ട്പ്പെ	4	8
ഞ്ജും	4	5
സ്ക്ക്ക്	4	8
ന്റ്കാ	4	6
ച്ലി	4	4
ഡ്സ്റ്റൈ	4	8
ക്ബോ	4	4
ട്ട്കേ	4	6
ക്ണോ	4	4
ഝെ	4	2
സ്ത്ത	4	5
യ്സും	4	5
സ്റ്റ്ഡീ	4	8
ണ്സ്	4	4
യ്ങ്കി	4	6
പ്സീ	4	4
ദ്ന്റെ	4	6
യ്യഃ	4	4
വ്ണി	4	4
ജെെ	4	3
ത്ജീ	4	4
ദ്യൊ	4	4
ജ്പെ	4	4
ത്ലു	4	4
ദ്പു	4	4
ത്ലീ	4	4
ക്സ്പൊ	4	6
സ്ര്ഹ്	4	6
പ്വ	4	3
ട്ട്ലി	4	6
ച്ച്മി	4	6
ഡ്ഗ്ര	4	5
ങ്ക്റ്റാ	4	8
ണ്യു	4	4
ഗ്മൊ	4	4
യ്ലീ	4	4
½	4	1
ട്ട്സാ	4	6
ങ്പ	4	3
ട്ട്ബ	4	5
ഢു	4	2
ശ്ളി	4	4
യ്ചി	4	4
ഴ്കൈ	4	4
ണ്ഠ്യ	4	5
ഢീം	4	3
യ്സ്റ്റ്	4	8
ധൊ	4	2
ഷ്വോ	4	4
ഹ്വി	4	4
ക്ക്ഫ്ലോ	4	8
പ്സ്ബ	4	5
ങ്മു	4	4
ക്ഷ്യേ	4	6
മ്മ്യാ	4	6
ക്വൈ	4	4
ള്ഫ്	4	4
മ്പൌ	4	4
റ്ഷ	4	3
റ്ത്ത	4	5
ഫ്സൈ	4	4
ഗ്ബെ	4	4
സ്റ്റ്വാ	4	8
ഷ്പാം	4	5
പ്സ്റ്റോ	4	8
ഡ്സ്ലാ	4	6
ട്ട്പേ	4	6
ക്ഷ്ന	4	5
വ്ദ	4	3
ഖൌ	4	2
യ്ന്	4	4
ിം	4	2
റ്റ്ഹാ	4	6
ര്മോ	4	4
ല്ലു്	4	5
ങ്ക്ഫു	4	6
ദ്യ്	4	4
ഖ്യാം	4	5
ബ്നം	4	4
ഡ്റാ	4	4
റ്റൗ	4	4
ഡ്ത്തു	4	6
പു്	4	3
ക്പേ	4	4
ബ്റ്റ	4	5
ക്സ്യൂ	4	6
ത്ത്ന്റെ	4	8
ച്ച്ലു	4	6
യ്ദു	4	4
സ്ളൈ	4	4
ഫ്രു	4	4
ഡ്ഹി	4	4
യ്രോ	4	4
വ്സും	4	5
ങ്സ്ഫോ	4	6
ക്സ്യ	4	5
ഫ്രൈം	4	5
ജ്മി	4	4
സ്രൊ	4	4
ഫ്ട്വെ	4	6
ണ്ട്സ്റ്റ്യു	4	12
ശ്കു	4	4
ഹ്തേ	4	4
ണ്ണ്ണം	4	6
ത്ത്കൊ	4	6
മ്പ്ഷ	4	5
ഗ്ഡി	4	4
ദ്ഗേ	4	4
ബ്രെം	4	5
ക്റാ	4	4
ഖ്ബൂ	4	4
ദ്റു	4	4
ഘ്ലാ	4	4
ഫെം	4	3
സൈ്	4	3
ങ്സീ	4	4
സ്ട്	4	4
യ്ഘൂ	4	4
മ്രൂ	4	4
സ്ക്ലെ	4	6
യ്ന്മെ	4	6
ഗ്ലാം	4	5
ങ്സ്റൊ	4	6
ങ്ഡു	4	4
ങ്ബേ	4	4
ജീം	4	3
യ്ഗീ	4	4
ട്ഠ	4	3
ല്വിം	4	5
ഖ്മി	4	4
ശ്സി	4	4
ച്ച്വി	4	6
ന്റ്ലേ	4	6
ഹ്യും	4	5
ത്ഥാം	4	5
സ്റ്റ്ലൈ	4	8
ഫ്ഫൊ	4	4
ഡ്ഷൈ	4	4
ഗ്പാ	4	4
റ്റ്ഡൗ	4	6
ര്ദ്	4	4
ത്ത്കെ	4	6
ക്സ്നെ	4	6
പ്രെം	4	5
ഘൈ	4	2
ക്ക്ബൂ	4	6
ങ്ഖേം	4	5
ച്ല	3	3
റൃ	3	2
എൈ	3	2
ക്ക്കൊ	3	6
ഴ്കാ	3	4
സ്വു	3	4
ത്ജി	3	4
ഷ്രു	3	4
ഡ്മെ	3	4
പ്ത്തി	3	6
ഗ്ദീ	3	4
യ്ക്സ്പീ	3	8
ഷെം	3	3
മ്ളാ	3	4
ഷ്ഭാ	3	4
ത്ഗീ	3	4
ന്ന്ക	3	5
പ്രാം	3	5
ർെ	3	2
ങ്ങ്ന	3	5
ക്ന്	3	4
സ്പ്ല	3	5
ല്ഫെ	3	4
ന്റ്തോ	3	6
ദ്ലി	3	4
ത്ഫ്ളി	3	6
ഷ്ഠ്മാ	3	6
ന്റ്റേ	3	6
ട്സെ	3	4
ഡ്റൈ	3	4
ദ്ജി	3	4
ഷ്പൂ	3	4
ങ്ചു	3	4
ക്ണി	3	4
ഞ്ജൊ	3	4
ന്റ്പ	3	5
ഡ്സീ	3	4
ജ്ഗ	3	3
ന്നൗ	3	4
ന്റ്രാ	3	6
യ്പ്പേ	3	6
ദ്ഗി	3	4
ദ്ധാം	3	5
ത്ത്മാ	3	6
റ്ഡി	3	4
ര്ഹി	3	4
സ്കാം	3	5
ദ്ധ്വം	3	6
ഗ്ര്യ	3	5
ജ്ജൂ	3	4
ണ്ഡ്യം	3	6
ച്റ്റ	3	5
സ്ബ്രൂ	3	6
ശ്സ	3	3
ഖ്ച	3	3
യ്ഹു	3	4
സ്ത്ര്ജ്ഞ	3	9
റ്യു	3	4
സ്ഫ്	3	4
ഫ്ഫോ	3	4
യ്ന്റ്സ്	3	8
ബ്ദ്രു	3	6
ഷ്ഫു	3	4
ട്ഗാ	3	4
ഝും	3	3
ച്ച്ഡ്യൂ	3	8
ച്ച്സ്റ്റാ	3	10
ട്ട്നൈ	3	6
പ്ഷി	3	4
റ്റ്സ്റ്റ	3	9
വ്ട	3	3
ന്ട്രോ	3	6
ജ്ദ്	3	4
ദ്നൈ	3	4
ഫ്സ്ക്	3	6
വ്ചെ	3	4
ഹ്രൈ	3	4
ന്പേ	3	4
ങ്തി	3	4
ഡ്ബൈ	3	4
മ്ക	3	3
സ്പ്രീ	3	6
ന്ജു	3	4
ത്ത്ബ	3	5
ത്ത്പാ	3	6
സ്ത്യു	3	6
ക്തൗ	3	4
ന്ദ്രൊ	3	6
ഗ്ഡ്	3	4
ള്സ്	3	4
ണ്ട്തു	3	6
ഗ്നൊ	3	4
ന്ട്ര	3	5
ശ്ഥി	3	4
ങ്ങ്സെ	3	6
റ്പീ	3	4
ത്തെി	3	5
ന്ദ്ബാ	3	6
ഗ്ക്കാ	3	6
ഗ്മൂ	3	4
ഗ്ധിഃ	3	5
ള്ഡ്	3	4
ര്ബൊ	3	4
ച്രി	3	4
ഢ്വ	3	3
ഞ്ച്കു	3	6
യ്യൂം	3	5
ണ്ട്രൂ	3	6
ന്സേ	3	4
ഹ്മഃ	3	4
ഡ്നീ	3	4
യ്റീ	3	4
ക്സ്സാ	3	6
യ്ഥ	3	3
ഴ്സ്ഡേ	3	6
ഹ്ലോ	3	4
ഡ്ബ്ലോ	3	6
ക്സ്ടെ	3	6
സേം	3	3
ക്ക്ബാ	3	6
ഫ്ടൈം	3	5
മ്പ്ലാ	3	6
ക്ളം	3	4
ബ്ളൗ	3	4
ഫ്റ	3	3
വ്ലീ	3	4
പ്പ്സി	3	6
ഗ്ശ	3	3
ന്സ്ടി	3	6
ണ്ട്ഫോ	3	6
ല്പ്പൊ	3	6
ത്രും	3	5
ക്ക്ലീ	3	6
ന്യൊ	3	4
സ്ജോ	3	4
സ്ബ്രാ	3	6
ള്ക്കാ	3	6
ഡ്മു	3	4
ന്ത്രെ	3	6
ത്ച്ഛ	3	5
ഫ്രോം	3	5
ധാാ	3	3
ഡ്നേ	3	4
ല്ല്യോ	3	6
ോ	3	1
കൊ്	3	3
ങ്ങ്സും	3	7
ച്ച്വീ	3	6
ടെു	3	3
ങ്ട്ട	3	5
ര്പി	3	4
8ാ	3	2
ബ്സൊ	3	4
ന്നാാ	3	5
ത്ത്ഭാ	3	6
പ്മു	3	4
ടെെ	3	3
ദ്മോ	3	4
ശ്ലൊ	3	4
ത്യ്രം	3	6
സ്ഫൂ	3	4
ത്തിഃ	3	5
ഷ്ണീ	3	4
സ്ക്കേ	3	6
മ്ഫ	3	3
ശ്ര്യം	3	6
യ്ല്പ്ലെ	3	8
ഫ്ഫു	3	4
യ്ഖോ	3	4
ര്യ്യ	3	5
ഗ്യേ	3	4
ഫഃ	3	2
വ്യാം	3	5
ധ്വാം	3	5
കെെ	3	3
ജ്യാം	3	5
യ്യ്ത്	3	6
ബ്സ്റ്റ്രാ	3	10
ത്ഗൌ	3	4
ച്ഛോ	3	4
എെ	3	2
ബൈം	3	3
ര്ന്നി	3	6
മ്രാം	3	5
ബ്ഷെ	3	4
↔	3	1
ത്ത്ത്	3	6
ഴ്പാ	3	4
വ്സാ	3	4
ദ്ദ്യ	3	5
ഗ്ധാ	3	4
വ്ടി	3	4
യ്ച്	3	4
ണ്ന	3	3
ച്ച്ചു	3	6
ഴ്ന്നാ	3	6
ന്സ്പേ	3	6
ജ്ജേ	3	4
ബ്ഭാ	3	4
ക്വൊ	3	4
ഖ്തും	3	5
ങ്ങ്ബോ	3	6
ര്താ	3	4
റ്സി	3	4
ക്വാം	3	5
ഗ്ഭ്രം	3	6
സ്ദ്ധീ	3	6
ഘ്ട	3	3
റ്സ്റ്റ്	3	8
ബ്സീ	3	4
ച്ച്ച്	3	6
മ്മ്ദ്	3	6
റ്റ്ഫ	3	5
റ്ട്ടി	3	6
ര്പ്പി	3	6
ണ്ട്രു	3	6
ശ്വാം	3	5
ത്ത്യം	3	6
ന്ന്്	3	5
പ്ണി	3	4
ഷ്ണേ	3	4
യ്ച്ചോ	3	6
ന്റാം	3	5
സ്റ്റ്വു	3	8
ത്മേ	3	4
ത്കൈ	3	4
ദാഃ	3	3
ണ്ടാാ	3	5
യ്ച്ചെ	3	6
ബ്ര്യൂ	3	6
മ്പ്രീ	3	6
സ്വൌം	3	5
ബു്	3	3
ക്ഡൗ	3	4
ങ്യാ	3	4
ണ്സ്റ്റ്	3	8
ത്ശ	3	3
വേി	3	3
വൂം	3	3
ച്ച്ചി	3	6
ഹ്യി	3	4
ദ്ധെ	3	4
സ്ത്രെ	3	6
ഹ്ദീ	3	4
സ്ഹൈ	3	4
ക്ദാ	3	4
ര്ക്കി	3	6
ന്ഷ്യ	3	5
റ്റൂം	3	5
യ്ഷ്യ	3	5
ദ്ഹി	3	4
വ്ഡി	3	4
ദ്സെ	3	4
ര്ഹ	3	3
ന്ധും	3	5
റ്വി	3	4
ങ്ങ്റ്റ	3	7
ഡ്ര്യൂ	3	6
ക്സ്ത്	3	6
ഡ്ഗ്രേ	3	6
ത്താാ	3	5
ണ്പു	3	4
ട്ട്ന്റെ	3	8
ക്റ്റ്സി	3	8
റ്റൌ	3	4
യ്സ്ന	3	5
വ്ക്ഷേ	3	6
ന്റ്റോ	3	6
ര്രു	3	4
ത്രീം	3	5
ഞ്ഞ്യോ	3	6
ബ്സ്റ്റാ	3	8
ന്റ്ഫോ	3	6
ഘൗ	3	2
ക്ട്റോ	3	6
ണ്െ	3	3
ന്ന്തി	3	6
സ്സ്സി	3	6
ജ്ജ്ടൗ	3	6
ഡ്ചെ	3	4
സ്ഷ്ഠ	3	5
ഡ്പോ	3	4
ന്ത്ലി	3	6
ത്ന്റെ	3	6
ണ്ഡ്വാ	3	6
ഷ്ന്മാ	3	6
ഡ്വോ	3	4
ക്നേ	3	4
യ്ഷെ	3	4
ബ്ല്	3	4
ഷ്റ്റോ	3	6
ഗ്സ്ല	3	5
ണ്ഠ്യേ	3	6
യ്ച്ചും	3	7
ല്ഗു	3	4
ത്വോ	3	4
സ്ഥ്യാ	3	6
ഷ്ടൂ	3	4
ട്രൌ	3	4
വ്റി	3	4
ങീ	3	2
ഡ്ലിം	3	5
നൂം	3	3
ണ്സൂ	3	4
ങ്നെ	3	4
ഹ്ഹി	3	4
ങ്ങ്മൂ	3	6
സ്ത്രൊ	3	6
യ്നൊ	3	4
ഥ്ഗു	3	4
ക്സ്മു	3	6
പ്താം	3	5
രെം	3	3
ഗ്വു	3	4
യ്ഹൂ	3	4
ഞ്ഞ്കാ	3	6
ഛം	3	2
ര്ച്ചി	3	6
യ്രൂ	3	4
സ്ക്ലോ	3	6
ക്സ്ചെ	3	6
ക്ഹെ	3	4
ന്പും	3	5
ത്ഛ	3	3
ഫ്റ്റെ	3	6
ഗ്തെ	3	4
ല്വം	3	4
വ്വും	3	5
പ്സൂ	3	4
ന്കൈ	3	4
ഷ്ഖി	3	4
ര്സി	3	4
ര്ഗം	3	4
ഹ്രൌം	3	5
ബ്ത്വി	3	6
ജ്റ്	3	4
ഡ്ഹാം	3	5
ന്നെ്	3	5
ണ്ട്രാം	3	7
ഗഃ	3	2
ങ്ങ്ളി	3	6
യ്യ്യു	3	6
ബ്റു	3	4
ട്ക്കാ	3	6
ധ്ന്യ	3	5
ങ്ഗ്നാ	3	6
ഖ്ലി	3	4
ഡ്ത്തി	3	6
ക്സ്മ	3	5
ു്	3	2
മ്ശീ	3	4
ല്ദാ	3	4
ഌം	3	2
ദ്ഭേ	3	4
ല്ജാ	3	4
ങ്ങ്സ്ലി	3	8
ങ്ങ്കോ	3	6
ഫ്ഫീ	3	4
ച്ക്	3	4
റ്റ്ബെ	3	6
ട്ട്ഗേ	3	6
ധ്മാ	3	4
ച്പി	3	4
യ്ദേ	3	4
ഖ്രി	3	4
മ്പ്രൂ	3	6
യ്സീ	3	4
ര്വീ	3	4
വാാ	3	3
ക്ക്ഹേ	3	6
ധ്ഗ	3	3
ഡ്രെൈ	3	5
ക്കുു	3	5
ല്ബു	3	4
ത്്	3	3
റ്യൂ	3	4
ന്സ്റ്റ	3	7
രാഃ	3	3
ദ്ബ്നു	3	6
ഖ്ദി	3	4
ങ്ഗ്	3	4
ണ്വി	3	4
ജ്വി	3	4
ട്ട്ഡൗ	3	6
ഭും	3	3
മ്ണ	3	3
ക്പീ	3	4
ക്ടൗ	3	4
ത്ക്തം	3	6
ന്ജ്	3	4
ത്ത്റ്റി	3	8
ഗ്വ്വാ	3	6
ത്ത്ലാ	3	6
സ്വൗ	3	4
ഗ്ന്യു	3	6
റ്കു	3	4
ജ്ജ്വാ	3	6
ദ്കേ	3	4
ഹ്ഡി	3	4
ക്ക്ഫീ	3	6
ത്രഃ	3	4
ഫ്രാം	3	5
ജ്ജിം	3	5
ശ്ചൈ	3	4
ത്ത്ഫ്ര	3	7
ക്ഭാ	3	4
ല്പൈ	3	4
ല്നീ	3	4
ര്ഗ്ഗം	3	6
ര്ദ്ധി	3	6
ണ്ട്ത	3	5
ല്ല്യു	3	6
മ്ഗ്യാ	3	6
ഗ്ഫോ	3	4
റ്റ്ഹ	3	5
പ്ക്ഷ	3	5
ക്ക്ഫാ	3	6
ല്ലൗ	3	4
ങ്ബാ	3	4
ഡ്ജ്ഫീ	3	6
ന്ദ്കോ	3	6
ന്ഥ്	3	4
യ്രു	3	4
ഗ്ളെ	3	4
റ്റ്സ്ക്രീ	3	10
ത്നു	3	4
ഥൌ	3	2
ഖ്ദാ	3	4
ങ്ക്ഹാ	3	6
യ്യീ	3	4
ഖ്യു	3	4
ഹ്റോ	3	4
ബ്സ്പീ	3	6
റ്റ്കീ	3	6
ങ്യു	3	4
സ്ക്കും	3	7
ദ്ധ്തി	3	6
ന്ന്കു	3	6
ന്കൂ	3	4
ഫ്ഗ	3	3
ക്ക്ടി	3	6
ഢ്യാ	3	4
ങ്ലി	3	4
ങ്ഷൊ	3	4
ച്ച്തി	3	6
സ്റ്റ്പാ	3	8
സ്ബൗ	3	4
ര്പാ	3	4
ച്ച്യാ	3	6
മ്രെ	3	4
ത്മ്യെ	3	6
ര്തു	3	4
ര്ഫ	3	3
ഭ്സി	3	4
ട്ഖ	3	3
ങ്ങൈ	3	4
ഘ്വ	3	3
ഗ്ന്യ	3	5
ഥ്ജി	3	4
ട്ട്ട്ര	3	7
പ്പ്യാ	3	6
�	3	1
ത്ത്സ	3	5
ദ്സി	3	4
ന്ന്കൊ	3	6
സ്യൈ	3	4
ഠൃ	3	2
ബ്രും	3	5
ര്ഥാ	3	4
ങ്ഹെ	3	4
ഡ്ലേ	3	4
ര്റ	3	3
സ്സ്പോ	3	6
ഴ്സം	3	4
ഴ്കൃ	3	4
	3	1
ഷ്ണ്യ	3	5
ണ്ഡ്രം	3	6
ന്ദ്ര്	3	6
യ്റ്റ്നേ	3	8
ഡ്പ്രോ	3	6
ങ്ഫെ	3	4
സ്റീ	3	4
ശ്ക്ര	3	5
സ്ട്റോ	3	6
റ്റ്ജി	3	6
ല്യെം	3	5
ടൃ	3	2
ഴ്സ്ഡ്	3	6
ങ്ഷു	3	4
സ്ഥ്തി	3	6
ക്സ്തി	3	6
ല്റ്റ്	3	6
വ്ഗൊ	3	4
ഡ്ഫൈ	3	4
പ്സാം	3	5
പ്ഷ്	3	4
ണ്ഢാ	3	4
സ്ത്തു	3	6
സ്സ്ദ	3	5
ബ്രൂം	3	5
ര്മേ	3	4
″	3	1
സ്സ്യൂ	3	6
ന്റ്രം	3	6
റ്റ്ഗാ	3	6
ര്നാ	3	4
ശ്ക്	3	4
ജ്കി	3	4
ണ്ട്വ	3	5
റ്വ	3	3
മ്പ്രെ	3	6
ഗ്ബ്ര	3	5
ഫ്ഫെ	3	4
റ്റ്ഗി	3	6
യ്ബോ	3	4
പ്സൊ	3	4
റ്റ്ച്ചി	3	8
ന്റ്മേ	3	6
ക്ച്ചേ	3	6
പ്ഡൈ	3	4
ക്ക്സും	3	7
ന്റ്പേ	3	6
ത്വെ	3	4
യ്ഡിം	3	5
ളൗ	3	2
സ്സ്സ്റ്റേ	3	10
റ്റ്യോ	3	6
പ്വി	3	4
യ്സ്മാ	3	6
മ്പാം	3	5
ല്ത	3	3
പൈം	3	3
ഫ്ഖാ	3	4
ശ്ബ	3	3
ബ്ക്യാം	3	7
പ്സെ	3	4
ഡ്പി	3	4
ഹ്ഷി	3	4
റ്റ്സേ	3	6
യ്ക്ക്ക്ക്	3	10
ക്ഷൃ	3	4
ഡ്ഹു	3	4
പ്സ്റ്റീ	3	8
ക്സ്റ്റ്ബു	3	10
ശ്ചിം	3	5
രുു	3	3
ഹ്ഗ	3	3
ഴ്ജ	3	3
ന്ചെ	3	4
മെെ	3	3
ര്ന്	3	4
ജൊം	3	3
ങൈ	3	2
റ്ക്ക്	3	6
യ്ഗൂ	3	4
ശ്ഗ	3	3
ഡ്ഫ്രൈ	3	6
പൊം	3	3
ഗ്മീ	3	4
ട്മൈ	3	4
ന്ഹോ	3	4
റ്റ്ലീ	3	6
സ്റ്റ്പെ	3	8
സ്ക്ക്ബാ	3	8
ശ്ഛി	3	4
ഝീ	3	2
പ്സൈ	3	4
ത്പി	3	4
ക്ക്യോ	3	6
ണ്നി	3	4
ള്പ്പെ	3	6
ഗ്റാ	3	4
വ്റെ	3	4
റ്റ്റ്റ്	3	8
പ്തീ	3	4
ച്ക	3	3
ഡ്ഗു	3	4
ച്ച്ദേ	3	6
പ്പ്നോ	3	6
ക്മൊ	3	4
ങ്ഝാ	3	4
ഹ്സൂ	3	4
സ്ചേം	3	5
സ്ല്ലാം	3	7
ന്ഹ	3	3
ക്സ്ച്ചേ	3	8
സ്ഫ്രാ	3	6
ഹ്ഗാ	3	4
ൎമ്മോ	3	5
റ്റ്ചാ	3	6
സേ്	3	3
ത്സ്നി	3	6
ങ്ച്വ	3	5
ക്ചി	3	4
ദ്ഗ്ദ	3	5
മ്ബ്ലി	3	6
ത്ത്പീ	3	6
ക്ക്ഡൌ	3	6
ബ്ജാ	3	4
സ്ഫിം	3	5
ദ്കി	3	4
സ്സ്യോ	3	6
വ്ധി	3	4
ബ്ഹി	3	4
സ്ഗി	3	4
ണ്വം	3	4
ഘ്റ്റി	3	6
ട്ട്സെ	3	6
മ്പ്ളി	3	6
ന്ത്ഡേ	3	6
ഫ്ട്ട	3	5
ഥ്ഗീ	3	4
വ്സ്ജാ	3	6
ല്പ്റ്റ്ജി	3	10
സ്ഥൗ	3	4
ഹ്ലീ	3	4
ക്ക്സോ	3	6
ച്ച്നീ	3	6
ഞ്ച്ദീ	3	6
സ്ക്സ്	3	6
ഡ്ഫ്രെ	3	6
സ്പൗ	3	4
മ്പ്സാ	3	6
ണ്ണീം	3	5
മ്മേം	3	5
ഷ്ഖു	3	4
ര്കെ	3	4
ൾെ	3	2
ക്റ്റൂ	3	6
ഫ്നെ	3	4
ഛൈ	3	2
ഴ്ന്ത	3	5
ണ്ട്സോ	3	6
ഗ്സ്റ്റ്	3	8
സ്റ്റ്യൂം	3	9
ഡൃ	3	2
ദ്ധ്ന	3	5
ദ്ധ്രം	3	6
ദ്ഭ്ര	3	5
സ്റ്റ്ബ	3	7
ല്താ	3	4
ത്റ	3	3
കൄ	3	2
ഹ്ഫീ	3	4
സ്റ്റ്രം	3	8
ക്സ്ഫെ	3	6
ഡ്റ്റ്ബാ	3	8
ട്ച	3	3
ഠൂ	3	2
ല്സ്ഥ	3	5
ച്വി	3	4
ര്ടോ	3	4
സ്ത്യൈ	3	6
ട്ട്ഹൈ	3	6
ജ്പി	3	4
ച്ഖ	3	3
ന്കോ	3	4
വൈൈ	3	3
ങ്ചൌ	3	4
ബ്ഡൊ	3	4
ന്ഫെ	3	4
ള്ള്യേ	3	6
ങ്ട്സി	3	6
ങ്റ്റീ	3	6
ഹ്ഷ്	3	4
ഖ്ത്താ	3	6
ദ്യ്യ	3	5
ന്സ്റ്റു	3	8
ക്ക്ഗ്രോ	3	8
ഷ്ര്ട	3	5
യ്റ്റ്മെ	3	8
ങ്ക്ടോ	3	6
ഥ്യൂ	3	4
ഡ്സ്ട്രീ	3	8
വ്ഡോ	3	4
ച്ച്തോ	3	6
കൢ	3	2
കൣ	3	2
ഫ്ഥാ	3	4
ദ്ലെ	3	4
ഗ്ഹോ	3	4
ഷ്ഫീ	3	4
ത്ത്കീ	3	6
സ്ട്ട	3	5
ക്സ്റെ	3	6
ഹ്ക	3	3
ഡ്ലം	3	4
൸	3	1
൶	3	1
ൔ	3	1
ൟ	3	1
൷	3	1
ൖ	3	1
ൕ	3	1
ചൄ	2	2
ങ്യ	2	3
ലൢ	2	2
ഴ്മൊ	2	4
ക്ക്പ്ര	2	7
ഗ്കാ	2	4
ത്റും	2	5
ണ്കേ	2	4
ച്ച്സ്ക്രീ	2	10
റ്സ്റ്റി	2	8
ണ്കൂ	2	4
ഹ്ട്ടി	2	6
പ്ടൈ	2	4
ങ്ങ്കാ	2	6
സ്ശി	2	4
ളൃ	2	2
ഷ്ചെ	2	4
സ്റ്റ്ട്രി	2	10
യു്	2	3
ഡ്ഹൌ	2	4
റ്ക്ട	2	5
യ്യ്ക്കു	2	8
ഫ്ളു	2	4
യ്ഴ്സ്	2	6
ണ്ട്തി	2	6
ണ്ട്യം	2	6
പ്പോം	2	5
പ്റ്റ്വാ	2	8
ഞ്ച്മെ	2	6
ക്സ്ല	2	5
ത്ത്കേ	2	6
ല്ക്കൈ	2	6
യ്ലേ	2	4
സ്റ്റ്ഹി	2	8
ഖ്ഷാ	2	4
ഷ്ക്വി	2	6
വ്ളോ	2	4
ഹ്വെ	2	4
ക്ന്ദ	2	5
ദ്നോ	2	4
ക്ക്മി	2	6
ബ്നോ	2	4
ബ്ദ്ത്തി	2	8
ക്ക്കെ	2	6
ഡ്റ	2	3
ങ്ലു	2	4
ർഃ	2	2
ഡോഃ	2	3
ഗ്തി	2	4
ന്ഗി	2	4
സ്റ്റ്ട്രാ	2	10
ണ്ട്ജ	2	5
യുു	2	3
ണ്സ്റ്റാ	2	8
ത്സീ	2	4
വ്ഗോ	2	4
ഞ്ഞ്പോ	2	6
ഹ്ത്ത	2	5
ട്സോ	2	4
ഷ്യൊ	2	4
ളെം	2	3
ക്ക്പു	2	6
ത്സ്മ	2	5
■	2	1
ച്ഛ്റെ	2	6
ക്ശി	2	4
ന്ബെ	2	4
ശ്കി	2	4
ന്ദ്ധ	2	5
ന്ന്റെ	2	6
ശ്റീ	2	4
റ്ക്കി	2	6
ത്റി	2	4
ദേ്	2	3
തേ്	2	3
ര്ലിം	2	5
ഗ്ഷോ	2	4
സ്രോം	2	5
യ്ബ്	2	4
ട്റോ	2	4
റ്റ്രെ	2	6
ര്റി	2	4
ത്ഭാ	2	4
തൊം	2	3
മ്ഭഃ	2	4
ര്ങ്ഗ	2	5
ഷ്ത്രോ	2	6
ത്തേം	2	5
ട്സ്സി	2	6
ഭ്ഭാ	2	4
റ്ക	2	3
ക്കുെ	2	5
ദ്ഹാ	2	4
ഡ്സ്ഡെ	2	6
ട്ട്മോ	2	6
ണ്ഡാം	2	5
ദ്രാം	2	5
ഷ്ണഃ	2	4
റ്റ്നേ	2	6
സ്ലു	2	4
ദ്ഹു	2	4
ക്സ്റ്റ്ബോ	2	10
ട്ങ്ങി	2	6
ണ്്	2	3
ഷ്മു	2	4
ന്ന്വ	2	5
ഛീ	2	2
ധ്ഖ	2	3
സ്റൈ	2	4
-ി	2	2
ക്തെ	2	4
ട്ട്റീ	2	6
ബ്ബ്സ്	2	6
ല്ഗൊ	2	4
ന്ദൃ	2	4
ങ്ങ്സ്ട	2	7
പ്വു	2	4
ന്രോ	2	4
യ്ല്യോ	2	6
ല്ഹോ	2	4
ബ്തു	2	4
സ്ക്റാ	2	6
ല്വൂ	2	4
ഷ്ദാ	2	4
ത്ത്ഫാ	2	6
ള്കൊ	2	4
യ്റ്റു	2	6
ഗ്സ്പോ	2	6
ഷ്ഠാം	2	5
ധീഃ	2	3
ക്ഷ്സ	2	5
ഢ്യാം	2	5
സ്മ്യൂ	2	6
ഹ്ഖോ	2	4
ങ്ങ്ഷോ	2	6
ട്റ്റു	2	6
സ്റ്റ്ബേ	2	8
ക്സ്നി	2	6
ക്ച്ച്വ	2	7
ള്ക്കെ	2	6
ഡ്ഫ്രി	2	6
ഫ്ന്	2	4
ണ്ണൌ	2	4
റ്ന്നു	2	6
ങ്ങ്നെ	2	6
സ്സ്യം	2	6
സ്മ്രു	2	6
ഡ്ദാ	2	4
ങ്ടോ	2	4
ണ്ട്ലൈ	2	6
ക്ഘ	2	3
ത്ത്രി	2	6
ട്ട്ണി	2	6
റ്ച്ചു	2	6
ണ്ഢ്	2	4
ധും	2	3
ന്ദ്ശ	2	5
ല്ത്	2	4
പ്പൂം	2	5
ണ്ഠീ	2	4
ട്ഗേ	2	4
ളിെ	2	3
ണ്ണൂം	2	5
ഗ്ഗ്ലൂ	2	6
മ്താ	2	4
ഹ്ഭൂ	2	4
ണ്ര	2	3
ഖ്ന	2	3
ഫ്ജി	2	4
റ്ടെ	2	4
ക്ജി	2	4
ഗ്യെ	2	4
യ്ക്ജെ	2	6
പ്യോം	2	5
ങ്യാം	2	5
ത്ത്ചാ	2	6
സ്ക്യ	2	5
വ്ഡ	2	3
ത്ഷ്യ	2	5
ന്ന്ന്	2	6
യ്ത്ക	2	5
ണ്ഡ്രൈ	2	6
ത്ത്ഫൈ	2	6
ഷ്ഡ്ഭു	2	6
ണ്ട്റം	2	6
ട്റം	2	4
സ്ങ്ക	2	5
ത്ത്നെ	2	6
ണ്ട്കു	2	6
ന്റ്ബോ	2	6
ധ്ഗം	2	4
ജ്യൊ	2	4
ന്പ്യ	2	5
വ്ലെ	2	4
ക്ന്റെ	2	6
ല്ക്കം	2	6
സ്മ്മേ	2	6
ന്ന്തും	2	7
ണ്ട്പേ	2	6
റ്റ്ചി	2	6
ട്ട്സ്വാ	2	8
വ്സ്ക്കി	2	8
ന്ന്പ	2	5
ക്ക്സ്മി	2	8
ക്ഫീ	2	4
ച്കെ	2	4
ഴ്സ്പ്ര	2	7
ങ്ങ്ച്റി	2	8
ക്ട്റി	2	6
ഗ്റ്റ	2	5
ഷ്ടഃ	2	4
യ്റ്റിം	2	7
ബ്ലും	2	5
ള്ക്കി	2	6
ഹഃ	2	2
ദ്ദഃ	2	4
ന്റ്സ്ഥാ	2	8
യ്ഞ്ചേ	2	6
ഗൂം	2	3
ക്സ്ബൊ	2	6
ക്ക്ഡാ	2	6
ഷ്റ്റി	2	6
സ്സ്വി	2	6
ഗ്ഗ്രാ	2	6
ന്ഡ്രി	2	6
സ്സ്നെ	2	6
പുഃ	2	3
യ്ളോ	2	4
ക്സ്പ	2	5
ഇാ	2	2
ശ്സ്ഥി	2	6
ന്ര്ങ്ങ	2	7
ച്ത	2	3
ക്നൈ	2	4
ഴ്പ്പാ	2	6
ന്ത്രൃ	2	6
ട്യേ	2	4
ഡ്സ്ട്രോം	2	9
ച്ഗീ	2	4
9ാ	2	2
സ്റ്റ്ല	2	7
ക്സ്ബി	2	6
ക്സ്ബാ	2	6
ത്ത്രോ	2	6
ന്രു	2	4
ഷ്ബെ	2	4
ര്ഘ	2	3
ട്ട്ഗ്യാ	2	8
ന്റ്റും	2	7
ഷ്ഭു	2	4
റ്റ്ഷ്	2	6
മ്പ്കൊ	2	6
ത്ധം	2	4
ഡ്ജിം	2	5
റ്ഫ്	2	4
യ്ത്തൂ	2	6
യ്സ്ക	2	5
ഷ്ട്രാം	2	7
ന്യഃ	2	4
ട്സ്ക്	2	6
ച്ച്ചാ	2	6
ക്സ്റ്റ്രി	2	10
വ്ശ	2	3
റ്റ്താ	2	6
ഖ്ദു	2	4
ലാാ	2	3
ഞ്ജേ	2	4
ജ്ജു്	2	5
സ്ഞ്ചാ	2	6
ട്പ്രി	2	6
ന്ദ്കു	2	6
ന്ത്കു	2	6
ക്ക്സു	2	6
ത്ത്നാ	2	6
ര്ജി	2	4
ഗ്ങ്ങ	2	5
ട്ഗോ	2	4
ഡ്ദ്വി	2	6
ത്ഭി	2	4
ങ്ചൂ	2	4
ഹെഃ	2	3
ര്യെഃ	2	5
ഖ്യേ	2	4
യോഃ	2	3
സെെ	2	3
റ്മേ	2	4
ത്ത്ബി	2	6
ഫ്റ്റ്സി	2	8
തൄ	2	2
ശൄ	2	2
ശ്ഗി	2	4
ഗ്കോ	2	4
ക്ക്ക്ക്	2	8
മ്പ്ര്	2	6
ന്മും	2	5
ക്ഷ്ഠ	2	5
ക്ക്ട്ര	2	7
ട്ലു	2	4
ഫ്ബാ	2	4
വ്പു	2	4
ഞ്ചി്	2	5
ഴ്വൈ	2	4
ട്ടൈം	2	5
ദ്യ്രം	2	6
യ്ക്കം	2	6
ഴ്പ്ര	2	5
ഷ്നോ	2	4
വ്റാ	2	4
സ്ഥ്യു	2	6
ഩ്ഩൈ	2	4
ഫ്തോ	2	4
ക്ഷ്കാ	2	6
ക്ഹ	2	3
ഫ്ഷി	2	4
യ്ത്തു്	2	7
ഴ്ത്തേ	2	6
പ്പ്ഷ	2	5
ര്ഖ	2	3
ധ്ധ	2	3
യ്ക്ക്കും	2	9
ന്ന്കേ	2	6
ഖ്തൂം	2	5
ച്നി	2	4
യ്നിം	2	5
ച്മ	2	3
ത്ദൂ	2	4
ജ്രെ	2	4
സ്റൊ	2	4
ര്വ്വീ	2	6
ഹ്ഫി	2	4
ഷ്ട്റീ	2	6
ച്ച്കാ	2	6
ഡ്സ്പാ	2	6
റ്ഗാ	2	4
ണ്മോ	2	4
ക്ല്ബ്	2	6
ഷ്ഹാ	2	4
നിേ	2	3
പ്ഫ്രൂ	2	6
ന്ത്രൊ	2	6
യ്ജോ	2	4
വ്ഹ്	2	4
ട്ലീ	2	4
വ്യൌ	2	4
ച്ച്മാ	2	6
ട്ട്ചി	2	6
ജ്പ്തി	2	6
ല്മം	2	4
ഗ്ഗ്ത്തി	2	8
ഷ്പ്പാ	2	6
ണ്യ്	2	4
ത്ഫി	2	4
റ്റ്മീ	2	6
ഹ്നോ	2	4
ത്ന്മാ	2	6
സ്റ്റ്്	2	7
പ്പുു	2	5
ത്തിി	2	5
വിി	2	3
ല്സാ	2	4
ത്തഃ	2	4
ധാഃ	2	3
ഹ്മൈ	2	4
സ്സ്യു	2	6
ഷ്ളോ	2	4
ക്തിം	2	5
ട്ട്ചാ	2	6
ത്യും	2	5
ഗ്ഷി	2	4
ക്സ്പ്ലാ	2	8
യ്പ്രെ	2	6
ക്ന്മാ	2	6
ഗ്ല്ലി	2	6
ന്നഃ	2	4
ക്ക്ലം	2	6
ണുാ	2	3
ട്ജു	2	4
ഗ്ഫ്രൈ	2	6
യ്പ്ര	2	5
ഥ്റ്റി	2	6
ക്ക്ന്റെ	2	8
ഷ്ഃ	2	3
ഗ്ജം	2	4
രൈഃ	2	3
ഖ്കാ	2	4
ന്റ്ജോ	2	6
ത്ത്വേ	2	6
ണ്ട്താ	2	6
ങ്ങ്നി	2	6
ത്ഹാ	2	4
ല്ല്ലാം	2	7
ട്ലാ	2	4
ണ്ശ്രീ	2	6
സ്ത്നോ	2	6
ക്മ്പോ	2	6
ദൄ	2	2
ന്മ്	2	4
പ്പ്മൂ	2	6
ക്സ്രാ	2	6
ര്പെ	2	4
യ്ല്സ്	2	6
സ്ചി	2	4
ങ്ക്സു	2	6
ല്ല്ലൂ	2	6
ല്ന	2	3
ജ്ഷോ	2	4
ങ്ങ്ങു	2	6
റ്റ്കെ	2	6
ജ്ന്റെ	2	6
ഴ്ജീ	2	4
സ്സ്റ്റ്	2	8
ക്ക്വീ	2	6
ഡ്ഡ്യാ	2	6
ബ്ലെം	2	5
ഹ്ലം	2	4
ങ്ഹൊ	2	4
ങ്പൊ	2	4
ഢ്ന	2	3
പ്റൈ	2	4
മ്യാം	2	5
ഞ്ച്ക	2	5
ന്റ്ന്	2	6
യൃ	2	2
സ്ഗെ	2	4
ന്സെ	2	4
ങ്ക്വേ	2	6
ക്ക്നൈ	2	6
ഡ്റൂം	2	5
സ്നൊ	2	4
സ്ക്കൈ	2	6
ന്നെെ	2	5
ട്ട്സ്സി	2	8
ഞ്യോ	2	4
ക്ക്ക്വി	2	8
ത്ത്ബേ	2	6
ട്ട്മി	2	6
ന്ദ്ബീ	2	6
ബ്യേ	2	4
ജ്ഞ്ന്മാ	2	8
പ്പ്രെ	2	6
ഗ്വൊ	2	4
ര്യ്	2	4
ര്കൊ	2	4
ന്ത്യൂ	2	6
ദ്ര്	2	4
ണ്ട്സ	2	5
ക്ക്ഹൗ	2	6
സ്റ്റ്ട്രീ	2	10
ക്സ്മൂ	2	6
ട്ക്ലി	2	6
പ്സ്റ്റൈ	2	8
ഷ്ക്രേ	2	6
റെ്	2	3
ന്റൊം	2	5
ഫ്ഗെ	2	4
ബ്ച	2	3
ക്ക്കൂ	2	6
യ്ന്റിം	2	7
ഷ്ലാ	2	4
ക്സ്ലെ	2	6
യ്സ്റ്റ	2	7
ന്ധ്രെ	2	6
വ്ലേ	2	4
ള്ള്വ	2	5
ക്ഥ്യം	2	6
ണ്ട്യോ	2	6
ങ്ഹ	2	3
ണ്ഡൈ	2	4
ണ്ഢ്യ	2	5
മൄ	2	2
റ്റ്സ്ക	2	7
യ്ക്സ്റ്റാ	2	10
ക്പെ	2	4
യ്ക്ളാ	2	6
ല്ത്ത	2	5
ഷ്പ്രാ	2	6
റ്യ്ക്കു	2	8
സിഃ	2	3
ഹ്ഹൊ	2	4
രു്ന	2	4
ഴ്കി	2	4
ക്ളൈം	2	5
ദ്വൗ	2	4
യ്ബ്ഫ്രെ	2	8
ട്ടുി	2	5
ല്തു	2	4
ണ്ട്നി	2	6
ഷ്പ്രേ	2	6
യ്പൊ	2	4
ര്ച്ഛ	2	5
ബ്കേ	2	4
ഴ്സൊ	2	4
ഹ്ഷാ	2	4
ജ്ജ്കു	2	6
റ്ഹി	2	4
സ്ത്വം	2	6
ല്പ്ന	2	5
ക്സ്താ	2	6
ന്രൈ	2	4
ഷ്ഗ	2	3
ഗ്ടി	2	4
ഹ്ബു	2	4
തൂം	2	3
റ്റ്ത	2	5
ട്സ്ക്കി	2	8
സ്പിം	2	5
മ്വ	2	3
വ്ശി	2	4
ല്ല്ലം	2	6
ണ്മേ	2	4
ക്സ്റ്റോ	2	8
ക്ഹാ	2	4
ക്മ്യൂ	2	6
ഫ്റ്റ്ക	2	7
ഡ്ഡേ	2	4
ത്ഛി	2	4
റ്ബാ	2	4
ട്ട്പ്ര	2	7
ന്സ്ക്രി	2	8
പ്സ്കോ	2	6
ഷ്ഖ്	2	4
സ്തോം	2	5
ഖ്റു	2	4
ഗി്	2	3
കൂൂ	2	3
ര്ക്കെ	2	6
ബ്ശാ	2	4
ക്ക്ബി	2	6
ണ്ചാ	2	4
സ്റ്റ്ന്സ്	2	10
ന്റ്ലീ	2	6
ട്ഗെ	2	4
സ്സ്താ	2	6
ദ്ദ്യം	2	6
ല്കൂ	2	4
ട്മൂ	2	4
സ്സ്സ്റ്റാ	2	10
ള്ലി	2	4
ത്ത്മു	2	6
ര്ഥി	2	4
ഡ്ഢാ	2	4
ക്ക്സം	2	6
പ്ഛ	2	3
ജ്ജ്ര	2	5
ജ്യെ	2	4
ന്ദ്രഃ	2	6
രുഃ	2	3
ഷ്ഫോ	2	4
ന്ഡ്യ	2	5
ഴ്ലോ	2	4
ദ്യ്മു	2	6
ശ്ക്ക്	2	6
ഷ്ച്ചേ	2	6
ണ്നോ	2	4
ഝേ	2	2
ട്ട്റേ	2	6
ഗ്റ്റ്	2	6
ണ്ഡ്സ	2	5
പ്ന്യൂ	2	6
ഡ്ഹൗ	2	4
ഥ്നോ	2	4
ര്ട്ട	2	5
ര്ണ്ണാ	2	6
മ്ബി	2	4
റ്മീ	2	4
പ്മി	2	4
ബ്ഡ	2	3
ക്ക്ശേ	2	6
ണ്സോ	2	4
ള്വ്	2	4
ബ്സൂ	2	4
ള്ള്വാ	2	6
ഷ്ക്കി	2	6
സ്സ്കോം	2	7
ഡ്ത്തും	2	7
സ്ക്കെ	2	6
ന്മ്പ	2	5
ജ്ഗീ	2	4
ബ്ഡെ	2	4
ക്ട്റ്റ്	2	8
റ്റ്സ്പെ	2	8
ങ്ക്സ്കേ	2	8
ക്കുാ	2	5
പ്സേ	2	4
വ്ഷാ	2	4
പ്വെ	2	4
ഫ്സ്ട്രീം	2	9
ഫ്സ്ട്രീ	2	8
ശ്റാ	2	4
ജ്ഘാ	2	4
സ്റ്റ്റ്	2	8
ഷ്കൊ	2	4
ര്ഡ	2	3
സ്ത്കി	2	6
ഹ്പു	2	4
യ്ന്ത	2	5
ര്ബോ	2	4
ര്ചി	2	4
ഗ്റോ	2	4
ര്ബി	2	4
ല്ഖ	2	3
ര്ളി	2	4
ണ്സു	2	4
ല്ട്ട	2	5
ഛൃ	2	2
ഐം	2	2
വ്ച്ചി	2	6
പ്ത്ര	2	5
ത്തെെ	2	5
റ്ട്ട്	2	6
കൊാ	2	3
ഘ്രു	2	4
സ്റ്റ്റെ	2	8
സാാ	2	3
ര്പ്ര	2	5
പ്റ്റ്കാ	2	8
നൊം	2	3
ല്ഹ	2	3
സ്യെ	2	4
ന്ഡ്ര	2	5
ന്ഡ്രം	2	6
സ്വൊ	2	4
ബ്റ്റ്യൂ	2	8
ന്ദ്ര്യ	2	7
ച്ച്ക്രാ	2	8
ക്ഗൊ	2	4
ട്ട്ഷി	2	6
റ്റ്ം	2	5
ന്ടു	2	4
ഞ്ന്മാ	2	6
ഴ്ച്ക	2	5
ണ്ട്ത്തി	2	8
ണ്ട്ങ്കി	2	8
ള്മാ	2	4
ന്റ്സ്റ്റോ	2	10
പ്ങ്കു	2	6
സ്റ്റ്വെ	2	8
പ്ടൗ	2	4
സ്ക്ളി	2	6
ഭോഃ	2	3
ങ്ക്ജെ	2	6
ക്സ്റ്റ്രാ	2	10
ഥ്പൂ	2	4
ജ്ഷാ	2	4
യ്രി	2	4
ഗ്കോം	2	5
സ്ല്ലാ	2	6
ജ്ഹ്	2	4
യ്ഹിം	2	5
ശു്	2	3
ട്ഠി	2	4
ട്രീം	2	5
ച്കാ	2	4
¬	2	1
ഷ്ലിം	2	5
പ്റ്റ്സാ	2	8
യ്ടു	2	4
ഡ്ബ്രേ	2	6
ച്ച്ഷൂ	2	6
പ്ഷെ	2	4
ഫ്റ്റ്കാ	2	8
ക്ക്മ	2	5
ൽി	2	2
ക്ഷഃ	2	4
ട്ട്ടൈം	2	7
ണ്ട്പി	2	6
ട്ട്സ്ട്രാ	2	10
ഡൈ്	2	3
ത്ത്മെ	2	6
ബ്ഡാ	2	4
ങ്ക്സ്റ്റ	2	9
ടൊം	2	3
ണ്ട്കോ	2	6
ദ്ര്യാ	2	6
ജ്ക്സ്ട്ര	2	9
ട്ട്ഡ്	2	6
ച്ച്ബോ	2	6
പ്പ്ഫേ	2	6
ട്വിം	2	5
ര്ങ്ങ	2	5
ന്സ്വ	2	5
ച്ച്ര	2	5
ങ്ളു	2	4
ക്ഫ്ലോ	2	6
ബ്ഹാ	2	4
ത്വു	2	4
ഖ്ഖാ	2	4
ങ്ഡ്	2	4
ള്ക്ക	2	5
ങ്സോം	2	5
ന്ധെ	2	4
ഞ്ച്പു	2	6
സ്ക്ലേ	2	6
സ്ത്രു	2	6
പ്പ്ലാ	2	6
ല്പ്പേ	2	6
പ്പ്ട്ടോ	2	8
ന്റ്സെ	2	6
ഗ്വൗ	2	4
മ്സ	2	3
വ്ല്ലി	2	6
ളീം	2	3
ങ്ടം	2	4
യ്റാ	2	4
ത്ഡ്രോ	2	6
ക്കു്ന	2	6
പ്റ്റൂ	2	6
ഖ്ഷു	2	4
ബ്ന്ധി	2	6
റ്റ്സ്റ്റി	2	10
സ്ജ്ഞ	2	5
ര്ക്കൊ	2	6
ഡ്യേ	2	4
ക്ഗാ	2	4
ണ്ട്ട്രാ	2	8
റ്റ്കൊ	2	6
ണ്ട്കൂ	2	6
യ്റ്റ്ന	2	7
യ്റു	2	4
ദ്സ്വ	2	5
ത്സ്വ	2	5
ഘ്രെ	2	4
ന്ഡീ	2	4
ഡ്സ്പോ	2	6
ജ്വെം	2	5
ദ്ദിം	2	5
ക്ശ്ദെ	2	6
ന്റ്സാ	2	6
ത്ത്വെ	2	6
ച്കി	2	4
ര്നെ	2	4
റ്റ്ഡി	2	6
ഖ്വേ	2	4
ട്ട്ഫ്രൈ	2	8
ഭ്യൈ	2	4
ക്തൈ	2	4
ങ്ക്നോ	2	6
ള്ളൂം	2	5
സ്പ്പ	2	5
ബ്സു	2	4
സ്ചീ	2	4
റ്രി	2	4
ട്ട്ട്	2	6
ണ്ന്റെ	2	6
ഷ്ചി	2	4
ന്സ്സി	2	6
ക്റു	2	4
ത്ദേ	2	4
സ്ക്യ്നെ	2	8
(ഃ	2	2
ഥ്ഗ	2	3
ത്സഃ	2	4
ഥാഃ	2	3
യാഃ	2	3
ല്ഫു	2	4
ക്ഗൗ	2	4
പ്ടം	2	4
ല്ത്താ	2	6
ക്സ്കാ	2	6
ത്സൊ	2	4
ങ്ഘാ	2	4
ള്ളു്	2	5
ഫ്ഡി	2	4
ചെ്	2	3
ഷ്ബേ	2	4
ഗ്കി	2	4
പ്സ്മി	2	6
സ്ബ്രോ	2	6
ട്ര്	2	4
വ്രൂ	2	4
ക്ജെ	2	4
ത്ചെ	2	4
യ്ഫൂ	2	4
റ്റ്ഫെ	2	6
ക്ഹീ	2	4
ങ്ഡേ	2	4
ശേം	2	3
ഢും	2	3
ഴ്നോ	2	4
ണ്ഡ്വ	2	5
ക്ഷ്ണു	2	6
ഷ്ണ്യം	2	6
സ്ഥ്മാ	2	6
ഝൂ	2	2
യ്റ്റ്നെ	2	8
ഡ്കോം	2	5
ന്റ്ലെ	2	6
യ്സ്റ്റ്ബോ	2	10
സ്റ്റ്ലാ	2	8
ക്ക്ര്	2	6
ല്ഖി	2	4
ദ്രുഃ	2	5
ഡ്ടൗ	2	4
വ്സ്റ്റോ	2	8
ക്ക്രെ	2	6
ദ്ദൌ	2	4
മ്ഷ	2	3
സ്ഭാ	2	4
ത്സ്ക്	2	6
ച്ച്നോ	2	6
റ്റ്ഷോ	2	6
യ്ബി	2	4
സ്ഗ്രോ	2	6
റ്റ്റാ	2	6
മ്രീ	2	4
ക്ക്സ്മാ	2	8
ജ്റൂ	2	4
ക്സ്യോ	2	6
ച്സ്	2	4
ള്ള്ത്	2	6
ട്ച്ചി	2	6
സ്്	2	3
ട്ട്സം	2	6
ഷ്റ്റാ	2	6
സ്സ്റ്റെ	2	8
യിു	2	3
ഷ്ബു	2	4
ഷ്ഖ	2	3
സ്ലോം	2	5
ഫ്ഹൂ	2	4
ക്സ്ടി	2	6
ക്ഷ്ര	2	5
ദ്സു	2	4
പ്ജി	2	4
ട്ട്ലൈ	2	6
ജ്നി	2	4
ഘോം	2	3
ഴ്സ്സെ	2	6
ര്ട്സി	2	6
ണ്ണ്കൊ	2	6
ക്ഡ്	2	4
ജ്ശ്രി	2	6
ന്ത്സി	2	6
പ്ട്	2	4
ഡ്ക്കോ	2	6
യൊം	2	3
യ്ത്ഫു	2	6
ല്ല്വ	2	5
സ്ഘ	2	3
റൊം	2	3
ട്ജെ	2	4
ഫ്ഡ്	2	4
ട്ടെം	2	5
ട്ട്നാ	2	6
ഡ്ജ്ബാ	2	6
ല്ലൊം	2	5
ഷ്ടൈ	2	4
ഡ്ഗ്	2	4
ത്ഝ	2	3
ക്സ്റ്റു	2	8
ല്ക്ട്രോ	2	8
ന്റ്ല	2	5
ക്ക്ഡ്രോ	2	8
പ്സ്ട്രീം	2	9
റ്റ്ല്	2	6
ഭൊ	2	2
ഹ്ബ	2	3
ന്റ്ട്ര	2	7
ക്ക്യം	2	6
ക്സൃ	2	4
ങ്ങ്ങ	2	5
ഫ്മ	2	3
ല്ജ	2	3
ങ്ങ്സ്റ്റോ	2	10
വ്ട്രെ	2	6
ദേം	2	3
ങ്ക്റ്റ	2	7
വാഃ	2	3
ഗ്ഡാ	2	4
ഫ്ത്തീ	2	6
ദ്ധ്യെ	2	6
മ്ബെ	2	4
ക്ത്ത	2	5
ന്റ്യാ	2	6
ത്തൌ	2	4
റ്റ്ട്	2	6
ഖ്ശ്ബ	2	5
ത്വ്	2	4
ജ്ദൂ	2	4
ഖ്ശ	2	3
ക്ഷ്യു	2	6
ത്ര്യു	2	6
ല്വോ	2	4
ക്ഷ്മ്യു	2	8
ട്ട്ഗോ	2	6
ന്ദ്രു	2	6
ച്ച്പോ	2	6
മ്യി	2	4
യ്മിം	2	5
സ്ള	2	3
ബ്കു	2	4
സ്ക്ലി	2	6
ഫ്ഷോ	2	4
ൻോ	2	2
ഖ്ദ	2	3
നിി	2	3
പ്ത്കാ	2	6
ളു്	2	3
ന്ന്യൂ	2	6
ഡ്കേ	2	4
ട്ട്റോ	2	6
ല്ത്ത്	2	6
ഗ്സ്ലി	2	6
ച്ച്മോ	2	6
ഝൊ	2	2
ണ്ട്ലേ	2	6
കൊി	2	3
ബ്ദൂ	2	4
റ്റ്ഷേ	2	6
ങ്ങ്ലി	2	6
ട്ട്പി	2	6
ട്ട്യം	2	6
ഫ്ത്ത	2	5
ധ്ന	2	3
മുാ	2	3
ഹ്തെ	2	4
ങ്ങ്ത്	2	6
ബ്ത്വാ	2	6
ച്ച്പ്പോ	2	8
ന്റ്പി	2	6
ജ്ലാ	2	4
ച്ഛഃ	2	4
യ്വോ	2	4
ന്ടോ	2	4
രി്	2	3
ശ്ഗാ	2	4
ന്സ്റ്റാ	2	8
ച്സി	2	4
ന്നോം	2	5
ട്ഷ്	2	4
ര്രാ	2	4
ഴ്സ്ഹെ	2	6
പ്ഡെ	2	4
റ്ച്ച്	2	6
ങ്ഫോ	2	4
ങ്ക്ഫി	2	6
ഡ്സ്കോ	2	6
വ്സ്കോ	2	6
ങ്ഗ്രി	2	6
യ്ഫു	2	4
ഫ്മീ	2	4
ധ്ച	2	3
ഗ്പു	2	4
സ്ലെം	2	5
ഷ്സും	2	5
പ്സ്കി	2	6
ക്റെ	2	4
യ്സ്കി	2	6
ഡ്മൊ	2	4
ത്റെ	2	4
ന്ം	2	3
ക്സ്വ	2	5
ന്ത്രൌ	2	6
സ്ന്ദേ	2	6
സ്ഥ്നി	2	6
ദ്ല	2	3
മ്യൊ	2	4
ഥ്പു	2	4
ങ്ജു	2	4
സ്ടൈ	2	4
ഷ്ടേ	2	4
ത്ഥഃ	2	4
ണ്ഡഃ	2	4
ക്ക്റ്റ്	2	8
ങ്സ്പോ	2	6
ഗ്സ്ഫോ	2	6
സ്ക്രു	2	6
ൻെ്	2	3
ഷ്റി	2	4
ഗ്യ്ര	2	5
ര്ശ്വ	2	5
വ്യെ	2	4
ട്ട്പ്ലെ	2	8
സ്സ്ന	2	5
ങ്ഡോ	2	4
പ്സ്റ്റ	2	7
ഫ്ബോ	2	4
പ്സിം	2	5
ബ്ക്ക	2	5
ട്ട്സ്മാ	2	8
ബ്ഖൈ	2	4
ഷ്ത്	2	4
ത്ഷ	2	3
ന്റ്സ്ലാ	2	8
ണ്ണോം	2	5
പ്പ്ടോ	2	6
ശ്ഗ്ത്തി	2	8
ക്ത്സ	2	5
ന്റൌ	2	4
ഖ്നു	2	4
ണ്ക്രീ	2	6
ഫ്റാ	2	4
യ്റ്റും	2	7
ഡ്ക്രെ	2	6
ക്ഷൈ	2	4
ഴ്സ്ഥാ	2	6
ഫ്ടും	2	5
ജാഃ	2	3
ങ്ല	2	3
ൎത്താ	2	5
ൎ	2	1
ഘ്മാ	2	4
ങ്ഹൈ	2	4
ക്ക്ച	2	5
നു്ശേ	2	5
മ്ജി	2	4
സ്ക്വേ	2	6
ഗൈം	2	3
ച്ച്പൊ	2	6
~	2	1
ന്ക്സ്	2	6
ഗ്ജ്ഞാ	2	6
ള്നി	2	4
ബ്വം	2	4
ഖ്ക	2	3
ക്സ്ബു	2	6
പ്ജാ	2	4
ഗ്റ്റി	2	6
സ്സ്ലെ	2	6
ഹ്മു	2	4
ത്മ്യേ	2	6
പ്പ്പ	2	5
പ്പ്നി	2	6
ജൈം	2	3
പ്പ്സ	2	5
ങ്വു	2	4
ശ്ശ്യാ	2	6
ട്ട്രൈ	2	6
സ്കോം	2	5
ട്ട്സ്പ	2	7
ശ്നു	2	4
സ്ത്ക	2	5
പ്ട്ട്മാ	2	8
ഴ്വു	2	4
ഗ്റ്റൈ	2	6
ഗ്മൈ	2	4
ര്ധാ	2	4
ദ്പ്രാ	2	6
ബ്തി	2	4
പ്ഫു	2	4
ബ്ളോം	2	5
റ്റ്വു	2	6
സ്ത്ത്ര	2	7
പ്പ്കേ	2	6
പ്ഫ്	2	4
ബ്ട്രാ	2	6
ത്ത്മൃ	2	6
റ്റ്പോ	2	6
ഗ്ര്യൂ	2	6
ബ്ഘു	2	4
ല്ല്ലു	2	6
ദ്ജ	2	3
സ്റ്റ്വി	2	8
മ്ലോ	2	4
ശ്ടാ	2	4
ഷ്മേ	2	4
ന്ന്ഹ്ദ	2	7
യ്വെ	2	4
ര്യ്ന	2	5
ബ്റ്റാ	2	6
ത്ത്സെ	2	6
ക്സ്ം	2	5
യൗം	2	3
ഗ്സ്റ്റോ	2	8
ബ്ബൈ	2	4
വ്ഫ	2	3
ജ്ജ്ഡ്	2	6
ജു്	2	3
ഹൃം	2	3
ര്ടി	2	4
മ്പ്ലിം	2	7
ബ്രിം	2	5
ത്ക്ഷേ	2	6
ന്ഖാ	2	4
ട്ട്സ്ബ	2	7
ട്ട്ഹൗ	2	6
റ്റ്ഷ്ലെ	2	8
സ്തു്	2	5
ത്ധി	2	4
ട്ട്സ്നൂ	2	8
ന്യാം	2	5
ന്ത്സോ	2	6
വ്രാം	2	5
റ്ദി	2	4
ഖ്ഖ	2	3
ന്ല	2	3
ഴ്ച്ചേ	2	6
ഡ്ലീ	2	4
ബ്ലൌ	2	4
ജ്ദ	2	3
ര്ട്സ്	2	6
ട്ട്യു	2	6
ഷ്ഗോ	2	4
ന്ഫ്ര	2	5
ബ്ടി	2	4
ബ്മി	2	4
ശ്ദ്	2	4
ച്ഛും	2	5
ല്കെ	2	4
ച്ചുെ	2	5
ഫ്സ്കി	2	6
ഫ്സ്ക്കി	2	8
ല്റ	2	3
ത്ം	2	3
ക്ക്പേ	2	6
ന്ഗം	2	4
ല്ടെ	2	4
ഷ്ഫാ	2	4
ദ്യാഃ	2	5
സ്ക്ത	2	5
ഘും	2	3
വ്സ്ഡ്രോ	2	8
ട്ട്ന	2	5
സ്പ്ളാ	2	6
ന്ത്യാം	2	7
മ്ദ	2	3
ശാഃ	2	3
ര്ഗേ	2	4
ര്നി	2	4
വൈഃ	2	3
ട്മേ	2	4
സ്ബ്രെ	2	6
ണ്കീ	2	4
‒	2	1
പ്രൊം	2	5
ബ്രൊം	2	5
ദ്ദ്ദേ	2	6
ഗ്ഹൈം	2	5
ബ്സ്ബു	2	6
ഗ്സ്ബാ	2	6
റ്റ്സ്ഗാ	2	8
ഖൈം	2	3
ട്ട്ലീ	2	6
ഫ്റ്റ്ബ്രോ	2	10
ട്ട്വ	2	5
ട്പ്ര	2	5
ട്ഷ	2	3
ഠെ	2	2
ഠൈ	2	2
ഡ്ഢ്യ	2	5
ഡ്ഢ്യാ	2	6
ഢൃ	2	2
ഢെ	2	2
ഢൈ	2	2
ഢൊ	2	2
ണ്ഢ്രം	2	6
ഥൗ	2	2
ഥ്വ	2	3
ക്ഥ	2	3
ക്ഥ്യ	2	5
ത്ഥ്വ	2	5
മ്സ്ഥ	2	5
ത്ഥ്വി	2	6
ഡ്സ്റ്റോം	2	9
പ്ഖാ	2	4
ധെെ	2	3
ഹ്റെെ	2	5
ഡ്ഹെ	2	4
ച്ര	2	3
പ്റ്റ്യു	2	8
ളൌ	2	2
ര്ടെ	2	4
ക്ഫ	2	3
ഞൂ	2	2
മ്പ്ബെ	2	6
ക്ളാം	2	5
ങ്ഗ്രേ	2	6
ന്ദ്പു	2	6
സ്പൌ	2	4
ത്ര്യാ	2	6
ട്ഫ്രീ	2	6
ശ്ശ്	2	4
സ്റ്റ്കേ	2	8
ഷ്മ്പ	2	5
ഹ്ണാ	2	4
സ്റ്റൌ	2	6
റ്മ്മ	2	5
ല്ബി	2	4
ക്സൈം	2	5
ഞൈ	2	2
റ്റ്ക്ലി	2	8
ശ്ശ്ട്സ്	2	8
സ്ഫ്രൂ	2	6
ഖ്മെ	2	4
ര്ട്ടാ	2	6
പ്ളം	2	4
തേൃ	2	3
ട്ട്കോ	2	6
സ്വ്യൂ	2	6
റ്റേം	2	5
ന്ച	2	3
ഗ്ഘ	2	3
ണ്ഡൂം	2	5
ക്ബേ	2	4
ക്ക്പ്പാ	2	8
ത്ത്വ്യ	2	7
ഗാാ	2	3
പ്യി	2	4
ള്പ	2	3
ക്പൊ	2	4
ഷ്ലേ	2	4
വ്വ്ക	2	5
ശ്ശ്വ	2	5
ഡ്പ്രി	2	6
യ്ദ്വാ	2	6
ണ്മൂ	2	4
ങ്ങ്ഗോ	2	6
സ്പ്രു	2	6
ക്ഷ്മോ	2	6
യ്ഖാ	2	4
സ്മൌ	2	4
ത്റു	2	4
ഴിി	2	3
ഞ്ഞ്ക	2	5
ക്ക്ഹാ	2	6
ഡ്സൂ	2	4
ഹ്പ്ര	2	5
ന്ച്ച	2	5
ഢിം	2	3
സ്റ്റ്ന്റ്	2	10
♦	2	1
ബ്റ്റൂ	2	6
സ്പ്ളി	2	6
ജ്ദെ	2	4
ഫ്റ്റ്സ്ബ	2	9
ത്ഭേ	2	4
ഫ്യ്സി	2	6
ത്പ്രാ	2	6
റ്ഗ്ഗ	2	5
റ്ക്കു	2	6
ന്ത്സ്	2	6
സ്ചേ	2	4
ത്ഥു	2	4
ന്ദ്വി	2	6
ഫ്ദ്	2	4
ക്ക്വു	2	6
ങ്താ	2	4
സ്ടൊ	2	4
യ്റും	2	5
നൗം	2	3
സ്ലൂ	2	4
യ്ന്സ്റ്റ്	2	10
റ്റ്ബാ	2	6
ഷ്സ്കി	2	6
റ്റ്സ്ജ	2	7
ങ്ഡെ	2	4
ഴ്സ്കി	2	6
ല്നൂ	2	4
ദ്വം	2	4
യ്മേ	2	4
ങ്ക്രെ	2	6
ഥ്ക്ഷേ	2	6
ന്റ്മോ	2	6
സ്സ്സ	2	5
ഫ്ജ	2	3
ല്ഗോ	2	4
ങ്ഘ	2	3
സ്റ്റ്ട്രോ	2	10
പ്പ്ന്റെ	2	8
ല്ല്സ്	2	6
ഴ്മി	2	4
ഴ്ക്കു	2	6
ത്രൃ	2	4
സ്സ്റ്റ	2	7
👉	2	1
ത്വഃ	2	4
സ്റ്റ്ഫേ	2	8
യ്കെ	2	4
ജ്ഹും	2	5
മ്ലീ	2	4
വ്ധ്	2	4
വ്ധു	2	4
റ്റ്നിം	2	7
മ്ദു	2	4
ക്ക്റെ	2	6
ഫ്നേ	2	4
ന്ബ്യൂ	2	6
ര്ബ്രൊ	2	6
റ്റ്ഹു	2	6
ങ്ങ്ഫീ	2	6
ഴ്സ്ഡി	2	6
ഗ്ങ	2	3
ബ്ളു	2	4
ച്ച്ഫ	2	5
പ്ബോ	2	4
ണ്ട്റീ	2	6
ണ്സ്റ്റു്	2	9
ഡ്സ്ലോ	2	6
ങ്ങ്യ	2	5
⁠	2	1
ന്ചീ	2	4
ത്രൗ	2	4
ത്ഖ്യാ	2	6
ക്ഗു	2	4
ഗ്ളു	2	4
ച്പു	2	4
കഁ	2	2
പോ	2	3
യൊ	2	3
ടോ	2	3
യോ	2	3
ചൢ	1	2
ചൣ	1	2
☜	1	1
📎	1	1
☞	1	1
യെ്	1	3
മ്പ്ഗ്രാ	1	8
ച്ച്റാ	1	6
ഴ്ച്ക്കാ	1	8
റ്രെ	1	4
വ്സ്ഥ	1	5
ന്ത്ര്യോ	1	8
ഗ്മെം	1	5
സ്പ്സ്	1	6
പ്ലൗ	1	4
ര്ത്ഡേ	1	6
റ്റ്ഷാ	1	6
ക്ക്ദി	1	6
ഴ്ശ്രീ	1	6
യ്ബ്രി	1	6
ബ്സ്റ്റ്	1	8
ഫ്കി	1	4
ദ്ചി	1	4
ഗ്ഗു്	1	5
ണ്ട്യേ	1	6
ണ്ണ്വി	1	6
ട്ഃ	1	3
ദ്സ്മ	1	5
ത്റ്റു	1	6
സ്ന്	1	4
തൃു	1	3
ര്ത്ഥാ	1	6
റ്മ	1	3
ണ്ഡ്രാ	1	6
സ്ക്രേ	1	6
ഞ്ച്ചാം	1	7
ഴ്കൂ	1	4
ദ്ദ്ര	1	5
യ്ദും	1	5
ല്യ്ക്കു	1	8
ത്യ്ല്പാ	1	8
പ്റ്റ്യ	1	7
ഡ്ഫ്ലെ	1	6
മ്ന്നോ	1	6
ക്ച്ചാ	1	6
ഞ്ച്ഷീ	1	6
ട്റാ	1	4
ക്വെം	1	5
ഷ്പ്താ	1	6
പ്മീ	1	4
ജ്കൊ	1	4
ഡ്ജ്ലെ	1	6
ഫ്സ്ബ	1	5
ഗ്ഗ്രോ	1	6
ട്ട്ഹോ	1	6
ര്ലി	1	4
ബ്വു	1	4
സ്ഖ്വെ	1	6
ക്ക്സ്ബ	1	7
ട്ട്വോ	1	6
ണ്ട്ഹോ	1	6
ക്ക്ഫി	1	6
സ്ക്നോ	1	6
ന്ഡ്നെ	1	6
ത്ത്തൂ	1	6
യ്ക്ക്പ്പെ	1	10
ങ്വാ	1	4
ഗ്ലോം	1	5
ല്കൃ	1	4
ത്വും	1	5
ങ്മെ	1	4
ന്റ്ലിം	1	7
ധ്റാ	1	4
യ്ച്ച്ലാ	1	8
യ്സ്ട്രി	1	8
ന്റ്പോ	1	6
ച്സ്റ്റാ	1	8
ക്സെം	1	5
ഗ്സ്പി	1	6
ഫ്രിം	1	5
ൽാ	1	2
ണ്ദി	1	4
ത്സ്കാ	1	6
ഖ്സ്	1	4
ച്ച്ജെ	1	6
ട്ട്ഗീ	1	6
ജ്ഞെ	1	4
ട്ട്സ്മി	1	8
ദ്റൗ	1	4
ഷ്ഖാ	1	4
ക്ജ്ഞാ	1	6
ഗ്സ്സ്	1	6
ക്ക്ല്സ്	1	8
മ്റ്റ്	1	6
മ്റ്റേ	1	6
യ്ഫ്ല	1	5
ങ്മി	1	4
ഫേ്	1	3
ഗ്രുഃ	1	5
ഡ്രൗ	1	4
സ്റ്റ്ന്റൈ	1	10
:്	1	2
സ്ഃ	1	3
6ഃ	1	2
ല്ജെ	1	4
,െ	1	2
ന്റ്കി	1	6
റ്നി	1	4
ക്ക്ഞ്ഞി	1	8
ഹ്ന്	1	4
ന്ഥോ	1	4
ല്വു	1	4
ട്റ	1	3
ന്ഡൊ	1	4
പ്ത്സ്	1	6
ങ്സ്റ്റൊ	1	8
ശ്ഛാ	1	4
ഹ്ശ	1	3
റ്കാ	1	4
ല്ഷെ	1	4
വെേ	1	3
മെ്	1	3
ഖ്ര	1	3
ഷ്ന്റെ	1	6
ണ്ള്ള	1	5
കാാം	1	4
ത്ത്യ്	1	6
കൃ്ണ	1	4
ര്ത്തീ	1	6
ര്ഗോ	1	4
ശേ്	1	3
ര്തൃ	1	4
ര്ഢ്യ	1	5
ള്നാ	1	4
ശ്മേ	1	4
ന്ധിം	1	5
ഗ്ഗ്ലോ	1	6
ഹ്ള	1	3
ഖൃാ	1	3
നുും	1	4
ബ്ര്യ	1	5
വ്ഹോ	1	4
ബ്കെ	1	4
സ്ബ്ജെ	1	6
ക്സ്ബെ	1	6
ഷ്ളി	1	4
2ം	1	2
1ം	1	2
ശ്പ്രേ	1	6
ഴ്ച്കൊ	1	6
ഷ്ളീ	1	4
ട്ട്കൃ	1	6
ത്ളാം	1	5
ട്യാം	1	5
ള്ക്ഷ്	1	6
പ്ത്വാ	1	6
റ്ത്ഥം	1	6
ചാാ	1	3
ഴ്സ്ന്റെ	1	8
ഭാാ	1	3
ന്ത്തി	1	6
ജ്ജ്ബു	1	6
വ്മ്പാ	1	6
ഫ്കൈ	1	4
റ്പ്പ്	1	6
യിേ	1	3
യ്ത്തം	1	6
സ്ത്ര്	1	6
ബ്ചി	1	4
ട്ട്കോം	1	7
യ്ന്റ്സും	1	9
ക്കൗം	1	5
പ്പ്ഫ	1	5
ത്ഷാം	1	5
ട്ട്ഷാം	1	7
ഗിഃ	1	3
ത്സ്യഃ	1	6
ദ്ഗോ	1	4
ജ്ട്	1	4
ത്ഥ്ഹ	1	5
ർു	1	2
ക്ണാ	1	4
ബ്ഭ	1	3
ങ്ങ്ഭൂ	1	6
മ്മ്മു	1	6
ഴ്ശ്ശി	1	6
ട്ട്ത്താ	1	8
ക്സ്ഹാം	1	7
സ്ഭേ	1	4
ണ്ട്സ്മെ	1	8
ദ്ഗ്ത്ത	1	7
മൃാ	1	3
സ്ഗ്ലി	1	6
റ്റ്സ്ബ്ലാ	1	10
ണെ്	1	3
ക്കിു	1	5
ച്ച്സ്രാ	1	8
റ്റ്സ്രാ	1	8
റ്റ്സ്റാ	1	8
ഷ്ഗൌ	1	4
ച്ച്സ്ഗൌ	1	8
ക്റ്റ്റേ	1	8
ഴ്ഴ്	1	4
പ്ടു	1	4
ഴ്സ്ത്രീ	1	8
യ്തు	1	4
യ്പ്നീ	1	6
സ്ല്ട്ട	1	7
ല്ളീ	1	4
ന്ങ്കി	1	6
ച്ട	1	3
ണ്സ്റ്റ്റ്	1	10
ന്ങ്കേ	1	6
ങ്ഹി	1	4
പ്റ്റ്കോ	1	8
ഷ്ഫ്	1	4
വ്യ്യാ	1	6
റ്ഞ്ഞ	1	5
ഗ്ത്തി	1	6
റ്റ്സ്ക്	1	8
വ്നു	1	4
ട്സ്യൂ	1	6
യ്ക്ലെ	1	6
സ്റ്റ്സ	1	7
💖	1	1
റ്റ്നൈ	1	6
നൃം	1	3
ഖ്യീം	1	5
ഖ്യിം	1	5
ഘ്ചാ	1	4
ഡ്ഗ്വാ	1	6
ഷുു	1	3
ഴാാ	1	3
സ്ലീ്	1	5
ക്റ്റ്നു	1	8
ജ്ക്റ്റി	1	8
യ്ഡ്ഡ്	1	6
ശ്രൊ	1	4
ജ്ദ്ര	1	5
പ്ഠ	1	3
ഖ്ചി	1	4
ണ്ടാാം	1	6
ഹ്ത്തു	1	6
ദ്രൊ	1	4
ഷ്ത്തി	1	6
പ്ത്ം	1	5
ങ്ങ്ലോ	1	6
ഫ്ഫ്ന	1	5
ന്ന്റ്റെ	1	8
ഥ്വാ	1	4
ഹാാ	1	3
റെെ	1	3
–ാം	1	3
വ്ദ്	1	4
ന്ഖേ	1	4
വ്സ്ഗോ	1	6
ക്ക്ക്കു	1	8
സ്റ്റ്രൗ	1	8
ര്ചാ	1	4
ണ്ണ്മാ	1	6
റ്ക്കേ	1	6
ഫ്ന്റെ	1	6
പ്ജ്ഞാ	1	6
ബ്നേ	1	4
ഖ്യൂ	1	4
ത്ത്ഗോ	1	6
ര്ച്ചിം	1	7
ച്ണ്ഡാ	1	6
ജ്യോം	1	5
പ്പ്ഡൌ	1	6
ഷ്ി	1	3
｣	1	1
ഗ്ഗ്സ	1	5
ദ്ജ്ഞാ	1	6
ണ്രി	1	4
ദ്തോ	1	4
ക്മ്മ്യൂ	1	8
സ്റ്റ്ഡോ	1	8
ട്ട്ജി	1	6
ശ്സ്ത്ര	1	7
ഹ്മ്പ്ര	1	7
പ്ബീ	1	4
ന്റ്സ്കേ	1	8
ഞ്ജ്ക	1	5
ക്ക്തോ	1	6
ക്സ്ലൈ	1	6
ല്ല്ലെ	1	6
ങ്ക്ലാ	1	6
താെ	1	3
ണുേ	1	3
യ്ഫീ	1	4
ന്വും	1	5
ച്രു	1	4
ജ്ഭാ	1	4
ന്ദ്ച	1	5
പ്സ്സ്പീ	1	8
ഷ്ര്യൂ	1	6
ക്രിൈ	1	5
ന്ഘ്വി	1	6
ന്പെ	1	4
ഗ്ദ്യ്തി	1	8
ന്ജ്വ	1	5
സ്ക്പോ	1	6
ധ്ഡ	1	3
യ്സ്ഹ	1	5
ദ്ഭി	1	4
ദ്ധിം	1	5
ങ്ക്രാ	1	6
മ്പ്ഫോ	1	6
മ്കാ	1	4
മ്ഡെ	1	4
ന്തൃം	1	5
ച്ച്സ്യം	1	8
ഞ്ജിം	1	5
ത്റോ	1	4
ട്ക്ക്	1	6
ത്ച്ചു	1	6
ങ്നു	1	4
ങ്ഡാ	1	4
ഡ്ന്ത്യ	1	7
മ്പ്രു	1	6
വ്ത്ി	1	5
ക്മം	1	4
റ്റ്ന്	1	6
ച്ഛ്ക്തി	1	8
വ്ത്യാ	1	6
ര്ത്രോ	1	6
സ്ത്രീ്	1	7
)ാം	1	3
യ്ത്കെ	1	6
ഡ്തു	1	4
ഡ്സിം	1	5
ശ്ഡ്ം	1	5
ണ്ന്നാ	1	6
ക്ക്ഷൊ	1	6
സ്ല്ലീ	1	6
†	1	1
യ്യ്തി	1	6
ഘ്നോ	1	4
ച്ച്കെ	1	6
പ്പ്റാ	1	6
ഫ്റ്റ്പീ	1	8
ക്ഫ്	1	4
ല്ബേ	1	4
ഗ്ഗ്ളി	1	6
ണ്ഡ്പോ	1	6
യ്ക്ക്ക്ക്ക്ക്	1	14
ഴ്യ	1	3
ല്വൊ	1	4
സ്ഷെ	1	4
ച്റ്റ്മാ	1	8
ബ്ദ്രം	1	6
ക്ദേ	1	4
ഴ്ചേ	1	4
സ്ഞ്ച	1	5
ഴ്പ്പ്പെ	1	8
ബ്ളൌ	1	4
ക്ഷ്സീ	1	6
റ്റ്സ്ന്മാ	1	10
ല്യൌ	1	4
ഴ്യ്ക്കൊ	1	8
ശ്ശ്ശൂ	1	6
സ്ത്ര്രീ	1	8
പ്സ്നേ	1	6
ഖ്ന്റെ	1	6
ഷ്യ്ന്മാ	1	8
ഗൊം	1	3
ഴ്കൊ	1	4
ബാേ	1	3
ണ്ഡ്റോ	1	6
ഡ്സ്ക്വ	1	7
പ്ട്സ്	1	6
വ്സെ	1	4
നെ്	1	3
സ്ത്കം	1	6
ന്ന്റ്	1	6
പ്പ്ള	1	5
ന്ഡെ	1	4
ങ്സ്ലി	1	6
ഫ്സ്റ്റാ	1	8
റ്റ്സ്റൊ	1	8
ക്ചൂ	1	4
ദ്റീ	1	4
യ്ട്ടു	1	6
ല്വൈ	1	4
ഫ്ഭ	1	3
ന്ന്ഖ	1	5
ത്മ്മാ	1	6
ള്ലുി	1	5
ണ്തു	1	4
ക്സ്ഷാ	1	6
ണ്ട്ജോ	1	6
ക്ക്ഫ്ര	1	7
ര്ത്ത്രോ	1	8
ന്സ്ട്രേ	1	8
ര്ടേ	1	4
ന്ഡ്രൂ	1	6
പ്ത്യേ	1	6
മ്ക്കു	1	6
ശ്മോ	1	4
സ്ഹോം	1	5
ദ്ധ്യു	1	6
ട്ക്കു	1	6
ന്റ്പൊ	1	6
ഴ്ന്നെ	1	6
ത്തെു	1	5
ന്ന്ന്നൊ	1	8
ക്ക്മോ	1	6
ങ്ങ്ന്റെ	1	8
ലേ്	1	3
ദ്ധേ്	1	5
0ം	1	2
ന്ത്ര്ങ്ങ	1	9
ന്ത്ര്ം	1	7
യ്ഞ്ഞ്	1	6
ടെേ	1	3
പെ്	1	3
സൂ്ഷ്മ	1	6
പ്പ്റ്റ	1	7
ക്ക്റ്റ്യൂ	1	10
ര്യും	1	5
ട്യി	1	4
മ്രൈ	1	4
ദ്ധാാ	1	5
ഷ്ട്യെ	1	6
മ്വേ	1	4
സ്ങ്കോ	1	6
ഴ്പീ	1	4
ന്നു്നു	1	7
2ി	1	2
ദ്പ്രീ	1	6
ജ്യ്പ്റ്റ്	1	10
സ്റ്റ്രീം	1	9
ഡ്ന്ജ്	1	6
പ്റ്റ്ചി	1	8
ങ്ളും	1	5
ഷ്ട്ഠ	1	5
7ി	1	2
ന്നുൊ	1	5
മ്പ്വ	1	5
ട്ത്തു	1	6
പ്പ്രം	1	6
ഷ്ഭൂ	1	4
ത്സ്റ്റെ	1	8
മ്പ്സ	1	5
ളുുംം	1	5
ല്഼	1	3
ട്ട്തൊ	1	6
ക്രൃ	1	4
ഥ്മേ	1	4
യ്ഞ്ചു	1	6
വ്ക്വി	1	6
ച്ഛൃം	1	5
ഷ്ട്രഃ	1	6
ങ്ക്ട്	1	6
ബ്ദ്മു	1	6
ന്റ്ലാ	1	6
ല്ത്തും	1	7
സ്ന്റ	1	5
യ്ച്ചാ	1	6
ല്പാം	1	5
പ്പ്സീ	1	6
ള്ള്ത്തി	1	8
ര്ഘ്യം	1	6
സ്യ്ക്ക്	1	8
മ്ര്രി	1	6
ല്പ്ധാ	1	6
ഴ്ക്കൊ	1	6
ങ്ത്ത്	1	6
ശ്രീ്	1	5
മ്മ്ശാ	1	6
ശ്സ്ഥ	1	5
ഫ്റ്റ്ബോ	1	8
പ്പ്പു	1	6
ബീ്	1	3
ശ്ച്ചാ	1	6
യ്ക്ര	1	5
മ്പ്ക്ഷേ	1	8
ദ്ധ്യാഃ	1	7
ദ്ചൈ	1	4
ഗ്മേ	1	4
ജ്ഞ്നി	1	6
ഗ്നിഃ	1	5
പ്യാം	1	5
ണ്ഡ്യേ	1	6
ല്മൂ	1	4
ണംം	1	3
ധ്ധി	1	4
ച്ഃ	1	3
ഛ്നെ	1	4
യ്ക്സ്	1	6
യ്ക്മാ	1	6
റ്റ്ബീ	1	6
ക്റ്റ്കോ	1	8
യ്ക്കീ	1	6
ണ്ട്കേ	1	6
ഡ്ജൂ	1	4
ട്രാാ	1	5
സ്റ്ത്	1	6
സ്റ്റ്റീ	1	8
ച്ഛ്നും	1	7
സ്ീോ	1	4
ഷ്ല്	1	4
തൃൄ	1	3
ങ്ങ്പ	1	5
ഡ്യെ	1	4
ടുു	1	3
റ്്	1	3
ട്ശേ	1	4
4ം	1	2
വ്റ്	1	4
ശ്ചോ	1	4
ണ്ജ	1	3
ങ്ക്റ്റൈ	1	8
ണ്പോ	1	4
ണ്ന്ഡി	1	6
ട്ഠെ	1	4
ള്ള്വും	1	7
ള്ഫേ	1	4
ന്ത്രീം	1	7
ബ്ബ്സും	1	7
ന്റോം	1	5
ഇംം	1	3
ക്ല്ബ്ബ്	1	8
ഗ്ര്ഡി	1	6
ക്ക്കോ	1	6
റ്റ്ബൊ	1	6
ക്ക്പെ	1	6
റ്റ്സ്ല	1	7
ഡ്ട്	1	4
ട്നാം	1	5
ന്രാം	1	5
ര്ണ്ടി	1	6
ത്തോാ	1	5
ർി	1	2
ശേൗേ	1	4
വൗൃ	1	3
ഫ്യൗ	1	4
ള്യൂ	1	4
ക്ക്റ്റാ	1	8
മ്സിം	1	5
ല്പു്	1	5
ച്പൂ	1	4
ട്ദാ	1	4
ബ്ത്	1	4
ന്ബാ	1	4
ഖ്വിം	1	5
ഞ്ഞ്ബ	1	5
മ്ലെ	1	4
ബ്ബ്ലം	1	6
ന്പ്ര	1	5
ബ്ല്വാ	1	6
സ്റ്റ്റാ	1	8
ന്ത്ഭൂ	1	6
ഡ്സ്നേ	1	6
സ്ധി	1	4
വ്രൃ	1	4
സ്ക്രാം	1	7
ഞ്ഞ്ജു	1	6
ക്ക്ടോ	1	6
വ്ജ	1	3
റ്ത്തി	1	6
റ്ച്ച	1	5
മ്ര്ത്ഥ്യ	1	9
ല്യ്മ്	1	6
യ്യു്ന്ന	1	8
ര്യ്സ്ഥ	1	7
ന്റ്ക്ല	1	7
ണ്ന്റ്	1	6
ല്ശാ	1	4
ന്ദ്മ	1	5
വ്ഡെ	1	4
ച്ഛ്രാ	1	6
ത്ത്ലോ	1	6
പ്യും	1	5
യ്കു്കു്	1	8
ബ്ധീ	1	4
സ്കാാ	1	5
ക്സ്തു	1	6
ര്ണ്ടു	1	6
ര്യ്മ	1	5
സ്ദ്രു	1	6
ഞ്ജ്പേ	1	6
ത്ത്തെ	1	6
ഡ്നൂ	1	4
ക്ക്യ്ശേ	1	8
ത്ര്ം	1	5
സ്ഫൊ	1	4
സ്ത്യൃ	1	6
ഹ്ഘ	1	3
ഢ്സം	1	4
ഹ്ഗം	1	4
ങ്ങ്വി	1	6
ണ്ഡ്ജേ	1	6
ഗ്മ്യോ	1	6
ന്ഹീ	1	4
ഹ്റ്റ്യ	1	7
ങ്സ്സെ	1	6
ങ്ചാ	1	4
ഴ്സ്റ്റെ	1	8
ണ്ണ്ടാ	1	6
ണ്ട്സ്സ്	1	8
ങ്ക്രേ	1	6
ന്റ്ഫ്രാ	1	8
ന്റെം	1	5
ല്ഡി	1	4
യ്ക്ത	1	5
ന്റ്ഡ്രൂ	1	8
ല്ടി	1	4
സ്റ്റ്യിൂ	1	9
ബ്യ്രൂ	1	6
ഞ്ച്നി	1	6
ച്ക്കു	1	6
ഞ്ച്ഫൈ	1	6
ഗ്ഗ്ഡ	1	5
പ്ഷ്യോ	1	6
സ്സ്ലാ	1	6
ത്ന്രി	1	6
ഥ്റ്റ്	1	6
ഹ്റ്റി	1	6
ഗ്റു	1	4
ല്ഴു	1	4
സ്ജു	1	4
പ്പ്ചെ	1	6
ക്ധോ	1	4
യ്യ്ണം	1	6
ച്ച്കേ	1	6
ജ്ണു	1	4
ജ്ഫ്ജ	1	5
ക്സ്ക്ലൊ	1	8
ജ്രാം	1	5
ച്ദ്യം	1	6
ഷ്യി	1	4
വ്വൈഃ	1	5
മൂഃ	1	3
ദിഃ	1	3
സ്ബിം	1	5
യ്സ്ടൗ	1	6
ഫ്റീ	1	4
നോ്	1	3
ഷ്ത്ര	1	5
ള്പ്പ	1	5
ട്ക്കാം	1	7
ജ്ന്മ	1	5
ശ്വ്വ	1	5
ഭൂഃ	1	3
ഗ്ഗഃ	1	4
ന്ധ്ധാ	1	6
യ്ത്രി	1	6
ര്ദ്ധ്ന്യാ	1	10
ധ്യൈ	1	4
ത്സ്നാ	1	6
ന്റ്റ്റ	1	7
ജ്നൂ	1	4
ണ്ട്രൊ	1	6
ഴ്േ	1	3
ന്ശ്രീ	1	6
വീീ	1	3
ല്ലാാ	1	5
ളുംം	1	4
നെെ	1	3
ന്തോഃ	1	5
സ്ഥൈഃ	1	5
ണ്ശി	1	4
ബ്കോം	1	5
ട്ട്ാവാ	1	7
ല്ടിം	1	5
ദൈം	1	3
ദ്ധ്ത്തി	1	8
ന്ത്യ്	1	6
ക്ഭോ	1	4
ക്ഷേി	1	5
ത്ത്പേ	1	6
ജ്ജ്സേ	1	6
വ്ശ്യം	1	6
ക്സ്ഷി	1	6
ന്ന്നെ	1	6
അി	1	2
റ്റ്ന്തെ	1	8
യ്ത്ഷി	1	6
ച്ച്യൊാ	1	7
പ്പ്പ്പ	1	7
ഗ്സ്ട	1	5
പ്വേ	1	4
ച്റ്റി	1	6
ക്ക്ഷി	1	6
യ്ള്ള	1	5
ശ്ശ്ചി	1	6
ത്പ്ന്ന	1	7
ന്ത്ര്	1	6
ങ്ഖെ	1	4
ശ്ക്തി	1	6
ക്സ്ടൈ	1	6
സ്ന്യൂ	1	6
ശ്ശ്ചാ	1	6
ങ്സാ	1	4
ത്കെ	1	4
വ്ക്ക	1	5
ഡ്ഡ്ലി	1	6
റ്ലി	1	4
റ്റ്റോ	1	6
യ്ന്ട്	1	6
ഷ്ട്ഗാ	1	6
ഫ്ക്ട്	1	6
ഡ്ക്സു	1	6
സ്റ്റ്ങ്ങ	1	9
ന്സ്പെ	1	6
സ്റ്റ്റ്റി	1	10
ഹ്കീ	1	4
മ്പ്ണ	1	5
ട്ടിി	1	5
ണ്പ്ര	1	5
ങ്ബീ	1	4
ക്ല്ലെ	1	6
ന്പൂ	1	4
റ്റ്ക്സ്	1	8
ത്ജാ	1	4
സ്ത്വി	1	6
ഞ്ച്ഭ	1	5
യ്ക്ക്ക്	1	8
ര്ക്സി	1	6
ട്ക്	1	4
ക്ഫേ	1	4
സ്പ്ബെ	1	6
ഡ്ഡ്ബേ	1	6
ക്ഷ്പ	1	5
ശ്ഴി	1	4
ശ്ച്ഛി	1	6
സ്ഫ്യൂ	1	6
ബുു	1	3
ണ്ടു്ള്ള	1	8
ട്ട്ക്കു	1	8
ഥ്രി	1	4
മ്ദ്	1	4
ഹ്യ്	1	4
സ്ഹ്	1	4
സ്ഹി	1	4
ഹ്ദ്മ	1	5
ജ്ഭൂ	1	4
ത്ഷാ	1	4
ല്ജീ	1	4
സ്ക്രിം	1	7
ശ്ച്ച	1	5
ല്ത്സ	1	5
ത്ത്ഞ്ചു	1	8
സ്റ്റ്ഫീ	1	8
ഹ്മ്ണ്യ	1	7
ക്ക്യ്ക	1	7
ത്സ്കി	1	6
ഴ്ഗോ	1	4
ബ്ബ്സ	1	5
സ്സ്ഡ്	1	6
ഘ്യൈ	1	4
ട്ട്പ്ലേ	1	8
വ്േ	1	3
ണ്ട്റ്റാ	1	8
ക്ഷ്ക	1	5
ന്റ്ത	1	5
ച്ലാ	1	4
ഷ്ട്ര്യ	1	7
ഫ്കു	1	4
യ്യ്ക്ക്	1	8
നേൃ	1	3
ല്പ്ലൈ	1	6
സ്ക്ക്ക	1	7
ശാാ	1	3
ത്ത്ല്	1	6
ഫ്റൈം	1	5
ശ്ഛേ	1	4
ഷ്രൗ	1	4
ച്ച്റോ	1	6
യ്ക്മ	1	5
യ്മ്യോ	1	6
ക്ാ	1	3
ണാാ	1	3
ല്ലുു	1	5
ണ്രോ	1	4
സ്ക്ജൂ	1	6
റ്റ്യ്ൂട്ട്	1	11
ങ്ള്ള്	1	6
ത്രം്	1	5
ങ്രോ	1	4
ഗ്ഡ്ബ	1	5
റ്റ്സ്ഗ്ഗെ	1	10
ങ്ങ്ങി	1	6
ജ്ഞ്ഞ	1	5
ണ്ടൌ	1	4
ഡ്ഫ്രൂ	1	6
ഞ്ച്ബ	1	5
ഞ്ഷേ	1	4
റ്റ്ബ്രെ	1	8
റ്യേ	1	4
ഴൂം	1	3
ശ്വൈ	1	4
ബ്ള്	1	4
ക്ടോ്	1	5
ക്ത്മ	1	5
ട്ഞാ	1	4
ബ്ര്യി	1	6
ല്യെ	1	4
ഗ്റ്റെ	1	6
ണ്വേ	1	4
ഞ്ഞീം	1	5
ഠ്സാ	1	4
ന്ണ്ടാ	1	6
റ്റ്ഹേ	1	6
ങ്ക്റ്റീ	1	8
സ്റ്റ്ലീ	1	8
ങ്ലീ	1	4
ങ്ദു	1	4
ട്ജൂ	1	4
ണ്ഡ്ല	1	5
ഝ്റ	1	3
ഞ്ച്റ	1	5
യ്ങ്ങാ	1	6
സ്പ്റ്റ്	1	8
'്	1	2
ക്ഷീം	1	5
സ്ത്രാം	1	7
ദ്മാം	1	5
ഗീം	1	3
സ്സ്ക്ല	1	7
ള്നൈ	1	4
ഞ്ച്ന്	1	6
പ്പ്ത	1	5
ക്ത്സി	1	6
ജ്വു	1	4
.ൊ	1	2
വ്ന്നു	1	6
ഗ്ഗ്മ	1	5
ന്ങ്	1	4
സ്റ്റ്രൊ	1	8
ന്റെേ	1	5
ണ്ട്വി	1	6
ഡ്രൂം	1	5
ഗ്ധ്ദ്യം	1	8
ട്മൊ	1	4
സ്ബ്ര	1	5
ബ്വൊ	1	4
ല്ച്ച	1	5
യ്സ്ഡ്	1	6
ല്യും	1	5
ഇു	1	2
ച്ച്പു	1	6
ബ്യീ	1	4
പ്പ്ച്ച	1	7
പ്ം	1	3
ഡ്റീ	1	4
ക്ജ്	1	4
ബ്ദ്ദം	1	6
ന്ദ്വോ	1	6
ക്ക്ക്കെ	1	8
സ്മ്ര	1	5
ങ്റ്റം	1	6
ഘ്നി	1	4
ശ്ത്ത്	1	6
ക്ക്ക്കി	1	8
ച്സ്പ	1	5
ഫ്സോ	1	4
ഫ്യ	1	3
ങ്ങ്സൈ	1	6
സ്ച്	1	4
യ്സ്പൃ	1	6
ര്ണ്ണോ	1	6
ന്റ്ഷ്യ	1	7
സ്റ്റ്ച്ച്	1	10
സ്റ്റ്ച്ചും	1	11
യ്സ്സു	1	6
ട്ട്ഹാ	1	6
ത്ത്പ്ലാ	1	8
ണ്ക്കു	1	6
ട്നം	1	4
ക്ക്ടൈം	1	7
പ്പ്റ്റെ	1	8
സ്സ്ബെ	1	6
ത്ത്ബ്ര	1	7
ങ്ക്ലെ	1	6
ഛ്കു	1	4
ട്ട്മൂ	1	6
സ്റ്റ്സെ	1	8
ന്നുും	1	6
ഴ്ഭു	1	4
സ്ക്വ്	1	6
ത്ര്ദാം	1	7
ത്ര്ദാ	1	6
ദ്ഗ്രേ	1	6
ങ്രേ	1	4
കൊു	1	3
നിു	1	3
ല്സ്കി	1	6
ള്ല്സ്	1	6
റ്റ്ഡോ	1	6
ത്പ്ല	1	5
ട്ട്ഫി	1	6
ക്ര്യ	1	5
പ്പ്ഗു	1	6
ഡ്സ്ഡ	1	5
നൃു	1	3
നൃൂ	1	3
യ്ഷ്മാ	1	6
ക്ക്സ്ബാ	1	8
ഞ്ഞ്മാ	1	6
ഷ്സ്വെ	1	6
ഗ്സ്മാ	1	6
പ്ദ	1	3
ണ്ട്ട്	1	6
ത്ഭം	1	4
ണ്റ്റി	1	6
പ്പെു	1	5
റ്പ്പി	1	6
ശ്ത്തി	1	6
ങ്ഹു	1	4
യ്വും	1	5
ക്ക്തൂ	1	6
പു്ലി	1	5
മ്മ്മ്മാ	1	8
ഋീ	1	2
ഗ്സ്ത	1	5
ഘ്ഭൂ	1	4
ശ്ം	1	3
ര്രം	1	4
ത്ത്രം	1	6
റ്റ്രു	1	6
ണ്ഠൈ	1	4
ന്റ്സ്ബ	1	7
ബ്ഖിം	1	5
യ്ക്ക്മാ	1	8
ഫ്ഡം	1	4
പ്ഷൈ	1	4
റ്റ്സ്മെ	1	8
ചൈം	1	3
യ്ഖൊ	1	4
ഞ്ച്ന	1	5
വ്ബി	1	4
ട്ട്ലേ	1	6
പ്ബു	1	4
ഡ്ക്കി	1	6
ങ്ഞം	1	4
ഷ്ക്ക്	1	6
സ്മ്യേ	1	6
ണ്ഠു	1	4
സ്രേം	1	5
ന്ഥൈ	1	4
ത്യ്യേ	1	6
ണ്ഡ്രോം	1	7
ദ്ദ്യൂ	1	6
സ്ത്രൃ	1	6
ഴ്ചൈ	1	4
ങ്ഖു	1	4
ട്ട്യി	1	6
ഴ്നെ	1	4
മ്പ്മു	1	6
ഫ്ന്യൂ	1	6
ന്ദ്നാ	1	6
സ്താാം	1	6
ശ്ശേേ	1	5
∙	1	1
ഴ്യി	1	4
യ്യ്ക്കു്	1	9
മ്പ്റ്റി	1	8
ര്ദീ	1	4
പ്ന്നാ	1	6
ട്ന്റെ	1	6
പാാം	1	4
മ്യ്യ്ല്യ	1	9
ത്മൈ	1	4
തേഃ	1	3
ഝ്ഞാ	1	4
തീഃ	1	3
യ്കൂ	1	4
സ്റ്റ്ലോ	1	8
ണ്റ്റ്	1	6
മ്ന്റി	1	6
ന്സ്വാ	1	6
ങ്കോേ	1	5
ന്ഡും	1	5
വ്സ്കാ	1	6
ണ്ട്കെ	1	6
യ്കേ	1	4
ശ്ശ്ച	1	5
ഞ്ച്ര	1	5
യ്ന്മാ	1	6
ശ്ബ്ബോ	1	6
ന്ഡ്സി	1	6
ബ്ബ്ഡ്	1	6
🅒︎	1	2
🅛︎	1	2
🅤︎	1	2
🅑︎	1	2
മ്നൈ	1	4
ഘ്ണ്ടു	1	6
ക്കാംഃ	1	6
ങ്ക്തു	1	6
മ്ഫ്	1	4
ക്ക്ല്	1	6
ഹ്ത്യം	1	6
ക്സ്ഥാ	1	6
ക്ക്റൂ	1	6
ങ്സിം	1	5
ദ്വ്	1	4
വ്ക്കും	1	7
ജ്ക്ക്	1	6
ബ്വ്യു	1	6
ച്ച്റി	1	6
ക്ക്തി	1	6
ക്കോഃ	1	5
ച്ചുു	1	5
യ്തുി	1	5
ഗ്സ്ക്വാ	1	8
ടാെ	1	3
റ്റ്സ്പാ	1	8
ഡ്ഃ	1	3
ര്ഫെ	1	4
ക്കഃ	1	4
ത്ത്ധ	1	5
ന്ന്ബേ	1	6
ണ്ട്മ	1	5
ന്നാാം	1	6
പ്പ്റ്റി	1	8
രു്ന്നു	1	7
ദ്യൈ	1	4
ഡ്ക്വോ	1	6
യ്രം	1	4
റ്ജി	1	4
ട്ട്സേ	1	6
മ്ഹൌ	1	4
വ്സ്ത	1	5
റ്റ്മേ	1	6
ന്റെെ	1	5
ജ്ഹ്ഗ	1	5
ഥ്ഥു	1	4
മ്ഗെ	1	4
വ്ം	1	3
പ്റ്റ്ജി	1	8
പ്പ്രി	1	6
റ്റ്നോ	1	6
ച്ച്ധ്രു	1	8
ക്ട്ടീ	1	6
ദ്ഭ്യാം	1	7
ര്ണ്ണി	1	6
ന്റ്റൈ	1	6
ദ്ഗ്	1	4
ങ്ങ്മി	1	6
ക്പ്രാ	1	6
ൌ	1	1
സ്വൈം	1	5
സ്ക്ന്ധ	1	7
ക്ഷൂം	1	5
ജ്മ്	1	4
ഹ്ഖാ	1	4
ജ്ഗോ	1	4
റ്റ്സ്റ്റോ	1	10
ഘ്ങ്ങ	1	5
ക്ട്ച്ച	1	7
ഡ്ന്യൂ	1	6
സ്ത്ത്	1	6
ഛ്വാ	1	4
�ു	1	2
ര്യ്ത്തു	1	8
ദ്ലാ	1	4
³	1	1
ഗ്സ്ഥാ	1	6
റ്റ്സ്രോ	1	8
ഷ്ജ	1	3
വ്ജ്യോ	1	6
ല്ല്ല്	1	6
ബ്രൃം	1	5
ട്ട്താ	1	6
ക്റൂ	1	4
ണ്രു	1	4
തുു	1	3
റാാ	1	3
ഹിി	1	3
ക്റ്റ്നി	1	8
ഥ്വീം	1	5
ഭുഃ	1	3
ര്യ്ര്യാ	1	8
ക്ഷ്മേ	1	6
ര്ഭി	1	4
ദ്ബ്രൂ	1	6
ക്ക്ഷ്ണ	1	7
ര്പോ	1	4
ട്ക്റ്റ്	1	8
ഗ്ത്ത്	1	6
ണ്ണെം	1	5
സ്ഷ്	1	4
ഞ്ഞിം	1	5
മ്നഃ	1	4
ന്ന്ത്തെ	1	8
ണ്ട്കൊ	1	6
ര്ശം	1	4
ലിഃ	1	3
വിഃ	1	3
ക്രഃ	1	4
പ്പഃ	1	4
ങ്കാം	1	5
ന്ഗ്ലാ	1	6
ഷ്പ്ങ്ങ	1	7
ണ്ണ്കി	1	6
പ്റ്റ്ഷ	1	7
ണ്ട്ഡ്സെ	1	8
ക്ക്ക്ക	1	7
മ്ഭാ	1	4
ക്ഷ്മീഃ	1	7
ഞ്ഞ്നീ	1	6
ര്ത്ത്യാ	1	8
വ്സ്ക്രി	1	8
പൣ	1	2
വ്സ്തു	1	6
ത്ഹി	1	4
ഷ്ണൈ	1	4
ങ്ങൗ	1	4
പ്സ്ബോ	1	6
ഡ്ജോ	1	4
ന്െ	1	3
ന്റ്വി	1	6
ന്ങ്ളു	1	6
ള്ള്കൊ	1	6
ന്ങ്ള	1	5
ഷ്യും	1	5
ദ്ദ്യൊ	1	6
ട്തീ	1	4
സ്സ്ന്റെ	1	8
ക്സ്ല്	1	6
ടിേ	1	3
വ്തീ	1	4
ഞ്ഞ്തു	1	6
ര്നോ	1	4
ന്ന്രു	1	6
മ്പുാ	1	5
ഗ്ഥ	1	3
ര്കീ	1	4
ല്നി്	1	5
ശി്	1	3
പെഃ	1	3
മ്സ്കൃ	1	6
മ്ശ	1	3
മ്സ്കാ	1	6
ങ്ഖം	1	4
ങ്ഘം	1	4
ശുഃ	1	3
ഐഃ	1	2
ഔഃ	1	2
യെഃ	1	3
വൊഃ	1	3
അഃം	1	3
ല്ളി	1	4
പ്പു്പെ	1	7
മ്പ്പ	1	5
ദ്ദ്മ	1	5
മ്ലാം	1	5
റ്നോ	1	4
ന്ദ്പാ	1	6
ദ്ട	1	3
ട്യ്യൂ	1	6
യ്റ്റ്ജി	1	8
ത്റ്	1	4
ച്െ	1	3
ഖ്വീ	1	4
സ്വ്ബ	1	5
’്	1	2
ഥ്വ്	1	4
ള്വീ	1	4
ഖ്രൂ	1	4
ക്ക്റോ	1	6
ഡ്ബ്ലം	1	6
സ്നും	1	5
യൗേ	1	3
ശ്ശ്ലീ	1	6
ന്ദ്രാേ	1	7
റ്റാെ	1	5
രു്ക	1	4
ന്നു്വ	1	6
സു്മാ	1	5
ഗ്യി	1	4
ങ്ക്ടൂ	1	6
ക്ക്സ്ലാ	1	8
ത്ബ്ബി	1	6
പ്സ്ട്രീ	1	8
ഞ്ഞാെ	1	5
ന്സ്റ്റ്	1	8
ണ്സെ	1	4
യ്ക്ക്ജ	1	7
ഥ്നി	1	4
സ്ഡീ	1	4
ന്റ്ബാ	1	6
ദ്ക്ഷി	1	6
സ്സ്രോ	1	6
ഞ്ച്ന്മീ	1	8
പ്ലാം	1	5
ങ്ങ്തും	1	7
ങ്ങ്വേ	1	6
ഫ്ഷൈം	1	5
ന്ഷ്	1	4
ക്സ്ഡാ	1	6
പ്മാം	1	5
ക്റ്റ്രോ	1	8
റ്റീം	1	5
ന്നൂം	1	5
ക്ശാ	1	4
ച്വു	1	4
പ്പ്ബ	1	5
സ്്റ്റേ	1	7
ര്ത്വം	1	6
ന്റ്ണ്ടി	1	8
ക്ക്രാ	1	6
തൈം	1	3
ഛ്ചേ	1	4
ണ്ടൂൂ	1	5
ക്കോോ	1	5
ള്റ	1	3
ഝേം	1	3
ബ്ളിം	1	5
യ്ഗ്സ്	1	6
ണ്ട്ഡ്	1	6
റ്റ്റു	1	6
ന്ന്ന	1	5
ജ്ഗി	1	4
ജ്ഗ്രി	1	6
ച്ച്ഫീ	1	6
സ്ത്ക്ക	1	7
പ്പ്പ്പം	1	8
യുംം	1	4
ഡ്ന്	1	4
യ്ല്യു	1	6
ക്ര്ണി	1	6
സ്സ്പേ	1	6
ങ്ങ്ലും	1	7
-േം	1	3
ഗ്തൗ	1	4
ഡ്ജ്വ	1	5
പ്ട്യ്യൂ	1	8
ന്ത്മാ	1	6
ബ്ശ്ലീ	1	6
വ്കെ	1	4
ട്ടി്	1	5
ട്ബേ	1	4
ദ്ച	1	3
പ്റേ	1	4
ൽേ	1	2
ഗ്പൈ	1	4
ട്സ്ഗാ	1	6
ഥ്നൊ	1	4
ങ്ങ്ജ	1	5
ഖ്ശി	1	4
ണ്ഗ്	1	4
സ്ലൂം	1	5
സ്ട്ടി	1	6
ബ്ഹു	1	4
സ്ലും	1	5
ന്ട്രീ	1	6
ര്ഗ്	1	4
ര്ട്	1	4
റ്ണ്ണ	1	5
ഷ്ശി	1	4
ജ്സൂ	1	4
വ്യ്ദ്യു	1	8
പ്പ്ം	1	5
ര്ത്തേ	1	6
ഖ്സൂം	1	5
പ്പ്നാ	1	6
ച്ഛ്രം	1	6
യ്യ്ചേ	1	6
ഷ്ട്രു	1	6
ത്മ്ലം	1	6
ഡ്ഗ്രെ	1	6
ച്ച്ബാ	1	6
ദ്മു	1	4
ണ്ധി	1	4
ണ്ധീ	1	4
ഛ്നാ	1	4
ഢ്യഃ	1	4
യ്ബെ	1	4
ഫ്റ്റ്മാ	1	8
ങ്യൂ	1	4
ല്വഃ	1	4
ഞ്ജഃ	1	4
ഭ്പൂ	1	4
ര്ം	1	3
ഗ്ഗ്യു	1	6
ൊ	1	1
സ്ി	1	3
ന്ദാം	1	5
ന്ദ്ഹീ	1	6
ന്ഫ്രാ	1	6
ക്ഷ്ത്രം	1	8
സ്വ്മാ	1	6
ശ്ബീ	1	4
ത്റേ	1	4
ഷ്ക്കൃ	1	6
ഥ്ല	1	3
ട്ടു്ക	1	6
ഹ്ദ്പ	1	5
ട്ഗ	1	3
ര്ഖി	1	4
ര്സേ	1	4
ന്കീ	1	4
യ്ട്യേ	1	6
വ്ണ്മെ	1	6
ദ്ഗഃ	1	4
ക്ളൗ	1	4
ബ്റ്റു	1	6
ടഃ	1	2
പ്ഞ്ച	1	5
ണ്ട്ലിം	1	7
റ്റ്കൗ	1	6
ഗ്ക്കു	1	6
സ്ഗ്രെ	1	6
സ്തഃ	1	4
ല്ഗെ	1	4
ല്ബെ	1	4
ത്സ്ഹി	1	6
റ്സ്ഫോ	1	6
ഡ്ഢു	1	4
ങ്സ്റോ	1	6
ഡ്സ്കാ	1	6
സ്സ്ത്രം	1	8
ച്ഛേഃ	1	5
യുാ	1	3
ഡ്ന്നി	1	6
ങ്കെി	1	5
ക്സ്ക്ളൂ	1	8
ങ്ദ്ര	1	5
ക്ക്രൂ	1	6
ദ്വും	1	5
ഹ്രം	1	4
ണ്ഡാാ	1	5
ന്ങ്ര	1	5
ത്ത്നീ	1	6
ത്ത്ട	1	5
ധ്ദാ	1	4
ല്ല്വേ	1	6
ര്ത്ത്നം	1	8
ള്ക്ക്്	1	7
ര്ക്കു്ള്ള	1	10
ള്ക്കു്മു	1	9
ക്കൊു	1	5
ണ്ചെ	1	4
ണ്ഡ്റു	1	6
ട്ട്വെ	1	6
ഴ്കു	1	4
ക്കു്ത	1	6
ട്ത്ത	1	5
യ്പ്പ്പ്പോ	1	10
ഘ്ടി	1	4
ച്ച്ബ്ലെ	1	8
ലിേ	1	3
ങ്ഷൌ	1	4
പ്ഘ	1	3
യ്ദൂ	1	4
ങ്ഖ്ല	1	5
ല്ട്ട്ട	1	7
ങ്ക്ഫോ	1	6
ള്ള്ക	1	5
ന്റ്ക	1	5
ഗ്ര്യം	1	6
ത്ര്യോ	1	6
ക്തഃ	1	4
ക്ഷുഃ	1	5
ക്ക്റ	1	5
ര്വ്വാ	1	6
ക്ണ്ടു	1	6
മ്ഫി	1	4
റ്റ്ഷൈ	1	6
ത്ഹ്ത്	1	6
സ്ക്മ	1	5
ള്ദി	1	4
ള്ദീ	1	4
ള്ദാ	1	4
ഗ്ള്ദൂ	1	6
ള്ദ്ദാ	1	6
ഹ്ഹ	1	3
ണ്താ	1	4
സ്്ഡി	1	5
ണ്ട്ടു	1	6
റ്ഫോ	1	4
ക്സ്ന്റെ	1	8
ബ്ബ്രി	1	6
ര്ച്ഛാ	1	6
ഗ്ഗ്വി	1	6
ക്ക്ല്ട്ട	1	9
ട്ട്രോ	1	6
ക്സ്കി	1	6
ഫ്ഫ്മെ	1	6
വ്ള	1	3
ങ്ദി	1	4
ക്യ്യൂ	1	6
ഗ്മൗ	1	4
ൾം	1	2
ത്ര്യൂ	1	6
യ്ച്ചീ	1	6
മ്ണ്മ്മ	1	7
പ്പ്ഫെ	1	6
ജ്ക്സ്ട്രാ	1	10
ഡ്സ്ക്കേ	1	8
സ്റ്റ്ഡ	1	7
ന്ക്കി	1	6
ന്ഗ്ലി	1	6
സ്പ്പ്ട്ട്	1	10
ക്സ്ജെ	1	6
റ്റ്ഡൈ	1	6
തൈഃ	1	3
ദ്നു	1	4
സ്ര്വ	1	5
ഞ്ഹ	1	3
ച്ച്ക്കോ	1	8
ര്രും	1	5
യ്്തു	1	5
ഡ്പു	1	4
സ്ക്പു	1	6
പ്ഫെ	1	4
ങ്ഗ്ഡി	1	6
ഞ്ഛി	1	4
ജ്ശാ	1	4
ഹ്ലൂ	1	4
ജ്ജാം	1	5
ഖ്തീ	1	4
ങ്ഭും	1	5
ഷ്ലം	1	4
ഡ്്ലി	1	5
ങ്ക്രി	1	6
ട്ട്ഷെ	1	6
ജ്ജ്സ്	1	6
റോി	1	3
ബ്സ്റ്റൈ	1	8
ഡ്ഡ്ഃ	1	5
ഴ്സ്ഡോ	1	6
ബ്സ്റ്റീ	1	8
സ്ഢി	1	4
ബ്ജ്ക്ട്	1	8
യ്ക്രോ	1	6
ക്സ്റ്റ്നെ	1	10
ക്ക്ഹീ	1	6
ന്സ്വീ	1	6
ണ്ബ്രി	1	6
ദ്കൂ	1	4
സ്ഖീ	1	4
റ്ദ്ദേ	1	6
സ്ട്ട്രാ	1	8
ച്യ്യു	1	6
ദ്ടു	1	4
ഷ്ബീ	1	4
ന്പെെ	1	5
ങ്സ്റ്റെ	1	8
കുാ	1	3
ബ്ശി	1	4
ന്ന്ദ്ദേ	1	8
സ്റ്റ്ജെ	1	8
ഫ്ഡോം	1	5
ക്ഷ്ങ്ങ	1	7
ദ്ഹ്	1	4
വ്ലു	1	4
ര്ദ	1	3
ശ്ഫു	1	4
പ്പ്സ്ലി	1	8
സ്സ്ബ	1	5
ഹ്ശ്	1	4
യ്ര്	1	4
ദ്ദൈ	1	4
റ്രൂ	1	4
ന്ഹ്	1	4
ട്ഫ്ല	1	5
ര്ത്തെ	1	6
റ്ണി	1	4
റ്റ്സ്ബെ	1	8
ര്ഗെ	1	4
ര്മീ	1	4
ള്ഫോ	1	4
ര്ജ്ജി	1	6
ഫ്ത്തി	1	6
ദ്ഷ	1	3
ഡ്ഗൗ	1	4
ഷ്റ്റൂ	1	6
കു്നോ	1	5
ബ്ബ്ലി	1	6
മ്റ്റ്സോ	1	8
പ്സ്കേ	1	6
പ്പ്കെ	1	6
ട്ട്ഫ്ര	1	7
സ്ഗീ	1	4
സ്റ്റ്രു	1	8
പ്പ്രാ	1	6
ന്റുി	1	5
ത്തുി	1	5
ദ്ക്ദ്ധ	1	7
ങ്ങ്ഹൗ	1	6
യാി	1	3
ത്തിാ	1	5
സ്റ്റ്ങ്കൗ	1	10
ക്പ്പ്	1	6
റ്റ്സ്ക്കി	1	10
ന്റേു	1	5
ത്തേു	1	5
ങ്കൗ	1	4
ങ്സ്റ്റ്രെ	1	10
ട്ട്ബാ	1	6
ഡ്ടാ	1	4
ന്റ്കോ	1	6
ക്ശ	1	3
ക്സ്ഗ്രേ	1	8
വ്ഴി	1	4
ക്സ്റു	1	6
ന്ക്കെ	1	6
ഴ്നു	1	4
ദ്മൂ	1	4
ശ്പ്പെ	1	6
പ്മ്യ	1	5
ണ്ട്ഗ	1	5
ണ്ട്മൂ	1	6
ഞ്ന	1	3
മ്മ്മാ	1	6
ര്ട്ട്മെ	1	8
ഞ്ജ്ദാ	1	6
ക്ല്മാ	1	6
യ്ന്സ്	1	6
പ്റ്റ്റു	1	8
ശ്ശ്യ	1	5
ഷ്ട്ടാ	1	6
ട്ഫ്രെ	1	6
ള്വു	1	4
ത്ത്റൂ	1	6
റ്ട്സു	1	6
ല്ച	1	3
ശേേ	1	3
സ്തൂൂ	1	5
ദ്വ്വൈ	1	6
ഷ്ഷ	1	3
യ്ടൊ	1	4
ഖൂം	1	3
സൗം	1	3
ജ്ബീ	1	4
ള്ഹാ	1	4
ഷ്റേ	1	4
ക്ലെം	1	5
ന്നേം	1	5
സ്സ്കാ	1	6
സ്ണി	1	4
സ്ഷ്ടി	1	6
ഗ്സ്ക	1	5
സ്ഗൊ	1	4
ന്യ്ക്ക്	1	8
ദ്ടൗ	1	4
സ്റ്റ്പ്ര	1	9
സ്റ്റ്നേ	1	8
സ്ട്റീ	1	6
6ം	1	2
ഫ്സ്ട്രോം	1	9
ല്ക്കീ	1	6
ഞ്ച്യ	1	5
ണ്ട്ക്ളെ	1	8
പ്പ്രൊ	1	6
ഫ്ബൊ	1	4
ന്ഗ്സ്	1	6
ദ്ഗെ	1	4
ല്യ്ഫ്	1	6
ര്ഗി	1	4
ത്യ്മ	1	5
വ്ദു	1	4
ധൊം	1	3
ജ്രൊ	1	4
വ്രൊ	1	4
ഗ്ന്	1	4
ഗ്സ്ദി	1	6
ഴ്സ്മും	1	7
ഗ്വ്യ	1	5
റ്റ്നൂ	1	6
വ്ദ്ച	1	5
ത്ന്ച	1	5
യ്ശ	1	3
ങ്സാം	1	5
ഗ്ബു	1	4
ച്യോ	1	4
ക്ദോ	1	4
ക്ച്ചെ	1	6
ങ്ഷൗ	1	4
ജ്പൊ	1	4
ര്ഥ്യ്	1	6
ര്ദു	1	4
ല്ജൊ	1	4
ഘ്ത്	1	4
ന്ജിം	1	5
ത്ത്രെ	1	6
ത്ബൊ	1	4
ന്ഗെ	1	4
ല്ദ്ത്	1	6
ര്ത്ജെ	1	6
ല്യ്	1	4
മ്പ്കെ	1	6
ബ്ജോ	1	4
ച്ഛ്വ	1	5
ബ്ലൊം	1	5
യേ്	1	3
സ്സ്റു	1	6
സ്ക്റ്റ	1	7
ഡ്ടൂ	1	4
ട്പോ	1	4
റ്റ്പി	1	6
ങ്സ്റ്റി	1	8
ഷ്പ്പെ	1	6
ര്ക്ലി	1	6
ര്സോ	1	4
ര്ദ്ധാ	1	6
ള്ഹ	1	3
റ്റ്ദേ	1	6
ണ്ട്ടാ	1	6
മ്പ്ത്തൂ	1	8
ത്കോ	1	4
ങ്തു	1	4
ട്ം	1	3
ഷ്ണ്യാ	1	6
ഡ്ദ്	1	4
പ്പ്പാ	1	6
ഖ്നീ	1	4
ങ്റ്റ്സെ	1	8
ടൃൂ	1	3
ക്ത്താ	1	6
ജ്ദീ	1	4
ത്ച്ചെ	1	6
ണേ്	1	3
ട്ട്ബ്ലെ	1	8
യ്ന്ത്രോ	1	8
ദ്വു	1	4
പ്പ്പ്പോ	1	8
ഴ്ട	1	3
ട്ടോം	1	5
ധ്വീ	1	4
ന്ണ്ട്	1	6
ഷ്്ഠി	1	5
മ്ന്ഡ്	1	6
ജ്ന്മി	1	6
ക്ക്പ്പെ	1	8
ന്ചാം	1	5
റ്ന്റ്	1	6
ച്ച്ച	1	5
ച്ച്വെ	1	6
സൈൈ	1	3
പെു	1	3
സ്യ്റ്റോ	1	8
യ്ഷി	1	4
ഫ്യ്	1	4
സ്യ്ഗം	1	6
ഴുു	1	3
യുംു	1	4
ധ്യ്	1	4
ന്യ്വു	1	6
സ്ക്യ്തി	1	8
ഞ്ച്കോ	1	6
ഷ്ട്രൈ	1	6
ല്ഹാ	1	4
ല്നെ	1	4
ര്ബ്ബാ	1	6
ഫ്ഫും	1	5
ല്ലൂം	1	5
ച്ച്ഗേ	1	6
ഞ്ജ്വ	1	5
നിഃ	1	3
ശീം	1	3
പീം	1	3
സീഃ	1	3
ദ്ഘൂ	1	4
ഷൃം	1	3
ന്ധുഃ	1	5
രീഃ	1	3
ദ്ബ്ര	1	5
ഹ്വം	1	4
ക്ഷ്ണാ	1	6
യ്ട്ട	1	5
ഡ്ട്രേ	1	6
ത്ത്ഗ്രീ	1	8
ണ്ട്സ്ഫീ	1	8
ങ്ഖാ	1	4
ഗ്ന്യൂ	1	6
ത്ലേ	1	4
ക്ബ്നു	1	6
ഴ്ക്	1	4
ഒൌ	1	2
ണ്സ്ഥാ	1	6
ഘ്രീ	1	4
ങ്ത്സെ	1	6
ശ്ട	1	3
സ്ത്യ്ര	1	7
ക്ഷ്മ്യ	1	7
സ്ന്യ	1	5
ണ്ട്ജി	1	6
ങ്സും	1	5
ണ്ട്സും	1	7
ർാ	1	2
ങ്ങ്ബ	1	5
ബ്ഫൌ	1	4
ട്റൊ	1	4
ബ്റോം	1	5
ട്റീ	1	4
വ്സം	1	4
ത്പ്പ്	1	6
റ്റ്വോ	1	6
ന്ഞ്ചാ	1	6
ത്ത്പോ	1	6
ഗ്ദെ	1	4
സ്ലൗ	1	4
ന്സ്ഡ്	1	6
ക്ക്ളി	1	6
ല്റെ	1	4
യ്ഡ്സ്നെ	1	8
ക്സ്കേ	1	6
ഊൂ	1	2
ട്ട്സ്ല	1	7
പ്പ്ഛ	1	5
ങ്ക്വാ	1	6
പ്റ്റോ്	1	7
പ്റ്ണി	1	6
ഹ്പൂ	1	4
ട്ചു	1	4
ഞ്ഞൈ	1	4
യ്കൈ	1	4
	1	1
യ്ത്തേ	1	6
ഴ്ഗ്ര	1	5
ഴ്ചു	1	4
ണ്ഭ	1	3
ക്ണ	1	3
ക്ഷ്ണ്യ	1	7
ഗ്ണ	1	3
ഷ്ണ്വ	1	5
ണ്ഡ്വം	1	6
ക്ണം	1	4
ക്ഷ്ണ്യം	1	8
ഗ്ണം	1	4
ഷ്ണ്വം	1	6
ക്ക്രം	1	6
ത്ച്ചാ	1	6
ത്മൂ	1	4
ക്സ്മൗ	1	6
ഡ്മൗ	1	4
ക്ദ്വീ	1	6
സ്റ്റ്സി	1	8
ഫ്കേ	1	4
യ്സ്ഫീ	1	6
യ്ഞ്ച്വെ	1	8
ന്തൃി	1	5
സ്സ്ഹെ	1	6
വ്യൗ	1	4
ജ്മോ	1	4
ക്സ്സൈ	1	6
ട്റ്റി	1	6
ല്ല്ല്ലാ	1	8
ട്ട്രൂ	1	6
ദ്ല്	1	4
അാ	1	2
ഷ്ഗി	1	4
നി്	1	3
സ്ഥ്ല	1	5
ച്നാ	1	4
ഴിെ	1	3
ല്പ്ക	1	5
ങ്ബ	1	3
ത്യ്സ്ത	1	7
ഷ്ടൗ	1	4
ഫ്ഹെ	1	4
ള്വേ	1	4
റ്റ്ബ്ലൂ	1	8
ധി്	1	3
വുൂം	1	4
ക്സ്പ്ളാ	1	8
വ്സ്കൂ	1	6
ഖ്ത്ക	1	5
വ്ദി	1	4
ഖ്ള	1	3
ഴ്ക്ക്	1	6
ഭ്ജാ	1	4
ശ്തോ	1	4
ഷ്സ്റ്റെ	1	8
പ്രാേ	1	5
സ്റ്റ്നോ	1	8
ണ്ട്ചാ	1	6
ക്ഷ്യാം	1	7
യ്ഡ്പ	1	5
ഫ്റ്റ്വു	1	8
ഫ്ളിം	1	5
ത്ബെ	1	4
ബ്സ്ക്	1	6
വ്ക്യ	1	5
ള്ളിു	1	5
റ്റ്ച്യൂ	1	8
ങ്ങ്ലു	1	6
ധ്പ	1	3
ക്ത്യോ	1	6
ട്ട്റാം	1	7
യ്ത്ബേ	1	6
ഷ്ട്ഭു	1	6
ന്ന്പ്യൂ	1	8
സ്ക്ലാ	1	6
യ്ന്വെ	1	6
ഴ്ദ്രാ	1	6
ട്സ്സ്	1	6
ഭൂൂ	1	3
പ്റ്റെം	1	7
ന്ലി	1	4
പ്ശ്യോ	1	6
ച്രാ	1	4
ഖ്ബു	1	4
ഷ്ചാ	1	4
മ്ഹോ	1	4
ട്ട്ഫെ	1	6
ഘ്ല	1	3
ബ്രാാ	1	5
യ്റ്റോ	1	6
ഗ്സോ	1	4
സ്പും	1	5
ട്ചോ	1	4
ക്ക്ഷ്	1	6
ത്ത്രീ	1	6
￰	1	1
ത്ബ്ബു	1	6
സ്ഥ്രീ	1	6
വ്റ്റെ	1	6
ങ്ങ്ല്ലൂ	1	8
ഞ്ഞ്ന്റെ	1	8
ണ്ഡ്ഢം	1	6
ണ്ഢം	1	4
സ്റ്റ്സ്പി	1	10
സ്ട്വെ	1	6
ക്റീ	1	4
ക്ക്ലേ	1	6
റ്റ്ജ്താ	1	8
മ്മാാ	1	5
ങ്ങ്ല	1	5
ക്മൈ	1	4
ഗ്്ലോ	1	5
ക്ടൊം	1	5
ക്ഡോം	1	5
ട്ഖാ	1	4
യ്ശു	1	4
ഢ്ഢി	1	4
ദ്ദ്ശി	1	6
ക്ബൊ	1	4
ങ്പി	1	4
റ്ഷം	1	4
ല്സിം	1	5
ല്ദി	1	4
ല്ഹു	1	4
ക്ക്റൈ	1	6
യ്പീ	1	4
ഴ്സ്മാ	1	6
ഹ്കു	1	4
ങ്സ്ട്രം	1	8
ഞ്യം	1	4
ക്ര്ടി	1	6
ക്രേം	1	5
ഘ്നാ	1	4
വ്യ്മാ	1	6
ജ്ഫാ	1	4
പ്പ്സ്കോ	1	8
ട്ണ്	1	4
ഞ്ഞ്കൊ	1	6
ഴ്കെ	1	4
ന്റ്റ്റ്	1	8
സ്കു്ള്	1	7
ട്സ്ഡാം	1	7
ഷ്ഡ്പ	1	5
ഹ്നെ	1	4
സ്റ്റ്ണും	1	9
ട്ട്ഫ്രെ	1	8
യ്ഞ	1	3
ന്ദ്ത്രി	1	8
ത്കീ	1	4
മ്പ്ചെ	1	6
ങ്ങ്ന്നൂ	1	8
പ്ല്രൈ	1	6
സ്ന്കാ	1	6
മ്മ്മ്മ്മ്മം	1	12
ക്സ്പ്ല	1	7
ബ്ബ്കി	1	6
യ്ഫി	1	4
നേേ	1	3
ര്ഗ്ഗി	1	6
ര്ഥ്യ	1	5
ട്സ്മൗ	1	6
ണ്ബീ	1	4
ഗ്ന്യീ	1	6
മുൂ	1	3
ഫ്വ	1	3
ജ്ശ്സ്	1	6
ക്റ്റ്മാ	1	8
ല്സ്ഥാ	1	6
ച്സെ	1	4
ച്യ്ന	1	5
ന്ബു	1	4
ഴ്ക്കൈ	1	6
ങ്ഗൈ	1	4
ബ്ക്കാ	1	6
ത്തിു	1	5
സ്യൂം	1	5
ഞ്ച്ബോ	1	6
ജ്രിം	1	5
ര്വൃ	1	4
യ്റ്റ്മാ	1	8
സ്ഥെ	1	4
സ്യ്	1	4
ഘ്മ	1	3
പ്ത്തു	1	6
ഫ്റ്റ്നെ	1	8
ദൊം	1	3
ട്സ്പോ	1	6
ഷ്നീ	1	4
ള്ള്മാ	1	6
ങ്ങ്യി	1	6
√	1	1
ട്ട്ണ്ട്	1	8
സ്റൗ	1	4
ന്ഡ്സ്	1	6
ട്ട്സ്റ്റേ	1	10
ന്സ്ക്ക്	1	8
വ്വൊ	1	4
ണ്മൈ	1	4
പ്മൈ	1	4
ഫ്സ്റ്റൈ	1	8
പ്സ്റ്റാ	1	8
യ്സം	1	4
ദ്സ്ഥാ	1	6
ബ്സ്റ്റ്യ	1	9
ന്സിെ	1	5
ക്ട്സി	1	6
ഗ്സ്ഡാ	1	6
ഡ്ഷ്മി	1	6
ത്ബ്ദ്ദീ	1	8
സ്സ്വേ	1	6
റേം	1	3
പ്ക്ലി	1	6
ഗ്സ്ഡെ	1	6
ഡ്ജ്ജ്	1	6
ഡ്ബ്രൂ	1	6
ഭ്യ്	1	4
ഴ്സ്സ	1	5
ഷ്ബൈ	1	4
ബ്രി്	1	5
ബൈ്	1	3
ഇി	1	2
കുേ	1	3
ശ്ചൗ	1	4
ഹ്മോം	1	5
ങ്ങ്കി	1	6
ഛ്സെ	1	4
യ്ത്രാ	1	6
ങ്ഡൊ	1	4
ക്ക്ട്രോ	1	8
ധ്ഷ	1	3
ക്സ്ക്ലേ	1	8
ഞ്ച്ഗാ	1	6
ണ്ട്ഹൈ	1	6
ശ്യേ	1	4
ത്രാഃ	1	5
ങ്ളി	1	4
പ്പ്കൃ	1	6
ന്ന്സ	1	5
സ്മ്പ്ര	1	7
ഫോീ	1	3
ഡ്തി	1	4
ണ്ട്ഞാ	1	6
ഡ്ട്ട്	1	6
ഡ്ട്ടി	1	6
ബ്സ്ചെ	1	6
ത്പേ	1	4
ൎത്ഥം	1	5
യ്ക്ക്ശേ	1	8
ബ്ധു	1	4
ച്ഛ്ന്ദോ	1	8
യ്സ്മെ	1	6
ഡ്ജ്ടൗ	1	6
ങ്സ്ടൗ	1	6
ത്സ്യ്ക്കാ	1	10
യ്യ്ന്ന	1	7
റ്സ	1	3
റ്ത	1	3
ബ്ദ്ങ്ങ	1	7
ജ്ബാ	1	4
മ്കി	1	4
ബ്ചെ	1	4
ബ്ബ്യു	1	6
ഫ്മെ	1	4
ഴ്പേ	1	4
റ്മു	1	4
വ്പ്ര	1	5
ങ്ധ	1	3
ങ്ങ്ക	1	5
ക്ക്ബ്രി	1	8
ഴ്ക്കേ	1	6
ദ്റ്റ	1	5
ക്യ്	1	4
ഴ്സ്റ്റൈ	1	8
ത്ത്മ്പോ	1	8
ഹ്ദു	1	4
വ്ത	1	3
ട്സ്വ	1	5
ജ്ങ്ങ	1	5
ല്ല്കേ	1	6
ല്ല്ക്കു	1	8
ജ്ബ്	1	4
ശ്ഫ്	1	4
ഖ്സ്വ്	1	6
ള്യു	1	4
ത്യ്പ	1	5
ഹ്വൃ	1	4
ന്ധ്യോ	1	6
ഷ്രെ	1	4
ടാാ	1	3
ഭ്രി	1	4
വ്യ്	1	4
ത്ശാ	1	4
ന്റ്ായി	1	7
ബ്ലേം	1	5
ബ്ക്വെ	1	6
സ്ത്ഫ	1	5
ഹ്ഷ	1	3
ഥ്ലോ	1	4
ട്ട്ഡൌ	1	6
ന്ഡാ	1	4
ക്സ്ട്രോം	1	9
ച്ഡി	1	4
കൂം	1	3
മ്ടി	1	4
ട്ട്ജു	1	6
സ്്മാ	1	5
റ്റുു	1	5
ക്റ്റ്രി	1	8
ള്യോ	1	4
സ്ട്ക	1	5
സ്യ്റ്റ്	1	8
ക്സ്സെ	1	6
സ്സ്ഫോ	1	6
ര്ണ്ക്ഷേ	1	8
ഴ്ദ്യോ	1	6
സെ്	1	3
റ്റ്സ്വ	1	7
ന്ന്ശാ	1	6
കൃം	1	3
ക്സ്സ്കേ	1	8
ഥ്മി	1	4
ത്ത്ഡ്രോ	1	8
യ്ജെ	1	4
ബ്ഡോ	1	4
ബ്ഗോ	1	4
ജ്ചി	1	4
യ്ഗാ	1	4
ള്റ്റ്	1	6
ഷ്വു	1	4
ഡ്ജ്ലേ	1	6
ഴ്സ്റ്റ്മാ	1	10
ണ്ജി	1	4
ദ്യ്മാ	1	6
ദ്നാം	1	5
സ്ദീ	1	4
റ്റ്ി	1	5
ഴ്ച്ക്ക്	1	8
യുും	1	4
യ്ച്ഛ	1	5
മ്പ്തൂ	1	6
ൾി	1	2
പ്നോം	1	5
ച്സേ	1	4
ഹ്നേ	1	4
ഴ്ച്ചി	1	6
ട്ട്ത്തു	1	8
ന്ട്രം	1	6
ഷ്റ്റ്മ	1	7
ഖ്മീ	1	4
ദ്ചു	1	4
ക്സ്ഹാ	1	6
ത്ൊ	1	3
മ്ത്സ	1	5
ത്ത്ശ്രീ	1	8
ണ്ട്റോ	1	6
ക്ക്തു	1	6
ദ്സേ	1	4
സ്യ്ര	1	5
ങ്ക്റ	1	5
ഭ്ഗ	1	3
ക്ക്സ്പി	1	8
വിെ	1	3
ങ്ക്സ്ഗി	1	8
ഖ്ചോ	1	4
ഗ്ത്	1	4
സ്ഭാം	1	5
ഗ്തേ	1	4
ണ്ഗ്രെ	1	6
ഴ്ഷെ	1	4
റ്റ്ദ്വീ	1	8
ത്ജ്ഞ	1	5
ഭിി	1	3
സ്്പ	1	4
ഗ്ഗ്ക്കാ	1	8
ട്ട്തു	1	6
ബ്ലാം	1	5
ട്ട്ണെ	1	6
സ്റ്റ്നും	1	9
ട്സ്മൌ	1	6
ര്രൂ	1	4
ച്ദേ	1	4
ല്ല്നു	1	6
ക്ഥാ	1	4
വ്റാം	1	5
ദ്സ്ലാ	1	6
ഴ്സ്നെ	1	6
യ്സ്ലീ	1	6
ക്ക്നേ	1	6
ണ്ട്സ്മാ	1	8
ല്യ്കോ	1	6
ഡ്ന്യു	1	6
ക്ട്ബു	1	6
ല്വ്വാ	1	6
സ്റ്റ്മ	1	7
ട്പ്പി	1	6
ര്ല	1	3
ഘുു	1	3
ഴുെം	1	4
മ്റാ	1	4
രു്നു	1	5
ജൂൂ	1	3
ഡ്ത	1	3
ന്ന്ജ	1	5
ത്പൊ	1	4
വ്യ്ത്യ	1	7
ജ്ഞ്	1	4
ക്ക്റാ	1	6
പ്ര്ത്യേ	1	8
യ്ഞ്ഞു	1	6
ഡ്ജ്വു	1	6
ല്ട	1	3
ട്സ്മ	1	5
ഷ്ടിം	1	5
ട്ട്ക്രാ	1	8
ത്ചി	1	4
ഞ്ച്രെ	1	6
ഡ്റ്റാ	1	6
ഡ്ബ്രൗ	1	6
നൃ്ത്ത	1	6
ജ്പ്രോ	1	6
വ്കൂ	1	4
ഗ്ഷ്	1	4
ഫ്ഗ്ര	1	5
⅔	1	1
ഷ്ന്	1	4
ഫ്തേ	1	4
ബംം	1	3
ഝ്കൊ	1	4
ച്ലെ	1	4
ധ്രാ	1	4
ഖോം	1	3
ര്റ്	1	4
ട്പ്പാ	1	6
ഗാഃ	1	3
ബ്ദ്ദ	1	5
ക്ദ്വ	1	5
ഞ്ച്ഭീ	1	6
ഷ്ലാം	1	5
പ്ജ്	1	4
(്	1	2
-്	1	2
ട്ഷും	1	5
ട്ഞ്ഞാ	1	6
ഡ്ഗ്ബ്സ്റ്റ	1	11
സ്സുി	1	5
ഴ്ന്നോ	1	6
ഴ്സ്ബെ	1	6
ര്ന്മാ	1	6
യ്സ്സാ	1	6
ഷ്ഷ്	1	4
ന്മൃ	1	4
ശ്കെ	1	4
ത്ഴെ	1	4
ഥ്രോ	1	4
ബ്സ്പി	1	6
ബ്ല്യെ	1	6
ഫ്ഡാ	1	4
യ്ഹേ	1	4
ര്ത്ത്ടാ	1	8
ഐെ	1	2
ശ്വ്ര	1	5
ന്റ്വു	1	6
ക്സ്ഡോ	1	6
ഗ്ഫാ	1	4
വ്ഗ്ലോ	1	6
ഛ്ഛ	1	3
ന്റ്റു	1	6
ട്ര്ന്ന്	1	8
ച്ക്ഷ	1	5
ച്റ്ച്ച	1	7
ണ്ഷ്ണ	1	5
മ്പ്നീ	1	6
ന്റ്റൊ	1	6
ങ്ലാ	1	4
ഗ്ടാ	1	4
ഗ്ര്യാ	1	6
റിെ	1	3
ട്ട്സ്കോ	1	8
മ്ലി	1	4
ക്ച്റ്റ്	1	8
യ്പൈ	1	4
പ്റു	1	4
സ്പ്ഷ്ട	1	7
യ്പ്സി	1	6
ജ്ബോ	1	4
ത്ത്ഗ	1	5
റ്റ്കൂ	1	6
ഴ്സ്യാ	1	6
സ്ഫ്ളാ	1	6
ഗ്ഗ്ലൈ	1	6
ങ്ഖ്യ	1	5
ക്ഷ്ട്രി	1	8
ക്ക്സൂ	1	6
ങ്പൂ	1	4
ച്വേ	1	4
ബ്ഹൈ	1	4
ന്ദ്ഘ	1	5
ട്ദ	1	3
പ്പ്മേ	1	6
ന്ഡ്യാ	1	6
ഹ്ളൂ	1	4
മാി	1	3
നാ്	1	3
റ്റ്സ്ക്വ	1	9
ട്ട്ഷ്	1	6
ശ്ശ്സ്ത്ര	1	9
നാഃ	1	3
ഖാഃ	1	3
ഭ്ജ	1	3
ജ്പ്രാ	1	6
ത്ദ	1	3
ന്പൈ	1	4
ഗ്ഭും	1	5
ഞ്ച്ഖ	1	5
ത്ത്ത്ത്	1	8
ത്ര്തി	1	6
ഫ്ഷ	1	3
ത്സൈ	1	4
ഗ്ഗ്ദ്ധ്യ	1	9
യ്ത്യ	1	5
റ്റ്ചീ	1	6
ഡ്സൈ	1	4
റ്റ്ച്ച	1	7
ബ്സ്ട്ട	1	7
പ്ലീം	1	5
സ്ക്ക്വി	1	8
ട്ശ്ലോ	1	6
ഡ്ഭിഃ	1	5
സ്രൈഃ	1	5
ക്ത്വാ	1	6
ഠ്പ്ര	1	5
ണ്ണൂൂ	1	5
ഞ്ച്ഭാ	1	6
ര്വും	1	5
യിെ	1	3
ക്െ	1	3
ജ്നെ	1	4
ഷ്ക്കൂ	1	6
ങ്ക്ലേ	1	6
യ്ര്ടി	1	6
ന്വു	1	4
ക്ക്സ്വീ	1	8
ങ്ഗ്പോ	1	6
ങ്സ്മൗ	1	6
യ്ക്ക്മേ	1	8
ജ്ഹി	1	4
ണ്ട്ഡി	1	6
ന്ത്പൊ	1	6
ച്ന്ദ്ര	1	7
തു്പ്ര	1	6
ക്യ്ട്ട്	1	8
പ്പ്റ്റ്	1	8
ഷ്ട്യോ	1	6
ല്ന്റെ	1	6
ര്സ്കാ	1	6
ഹ്ത്വ	1	5
ക്ക്ന്നു	1	8
ഫൃൂ	1	3
സ്ഥാാ	1	5
രൃാ	1	3
ന്ന്രാം	1	7
വ്വ്വാ	1	6
ന്ഥേ	1	4
ങ്ക്മെ	1	6
പ്പ്സ്ലീ	1	8
ബ്സ്ഥാ	1	6
മ്പ്തു	1	6
യ്ത്ത്ഫു	1	8
ഡ്ക്യൂ	1	6
ട്ഖെ	1	4
ങ്ങ്സേ	1	6
ധ്രോ	1	4
ഷ്ഠ്ട	1	5
ട്ട്ടം	1	6
ണ്കെ	1	4
ക്ക്ട്രാ	1	8
സ്്ത്ര	1	6
ങ്റൂ	1	4
ക്വ്മൊ	1	6
ന്റ്സ്റ്റി	1	10
ഗ്ഫൂ	1	4
യ്പ്യി	1	6
ങ്വെ	1	4
ക്ഡെ	1	4
ങ്ത്യാ	1	6
പ്പ്്	1	5
ള്ഴ	1	3
ട്ട്ദി	1	6
ജ്ഹാ	1	4
ഫൈ്	1	3
ദ്ദു്	1	5
ബ്ബു്	1	5
ക്റ്റ്രീ	1	8
ത്ബി	1	4
ന്റ്ലോ	1	6
ഗ്ബേ	1	4
ന്റ്റീ	1	6
ബ്ടെ	1	4
ഷ്യ്	1	4
സ്ഡൊ	1	4
ല്പ്പ്പ	1	7
ഗ്്മ	1	4
മ്മ്രി	1	6
ഫ്ബ്ലോ	1	6
ശ്ണു	1	4
ത്ത്ടൗ	1	6
ക്ക്സ്റ്റോ	1	10
ത്ത്ലേ	1	6
ഞ്ഞ്തി	1	6
ഡ്സ്തി	1	6
ത്ധ	1	3
ള്മു	1	4
ഗെം	1	3
ച്ക്ര	1	5
രെെ	1	3
കുി	1	3
ങ്ക്സാ	1	6
ത്ത്ഛ	1	5
ക്സൂം	1	5
ന്റ്സേ	1	6
ക്റ്റ്ട്രി	1	10
ഗ്ഗാം	1	5
ട്ട്സ്സാ	1	8
ക്ത്മാ	1	6
ര്ലു	1	4
ട്യ്ക്കി	1	8
ഞ്നു	1	4
വ്ഷി	1	4
സ്പ്റൈ	1	6
ക്ടോം	1	5
ച്യ്ത	1	5
മൃൂ	1	3
സ്ക്വൂ	1	6
ക്സ്രി	1	6
സ്ച്വ	1	5
ഡ്റൊ	1	4
ക്കുോ	1	5
യ്ത്തൊ	1	6
ഴ്ദ്സ്	1	6
ക്ഴി	1	4
പ്ള്യൂ	1	6
യോേ	1	3
ന്ന്സ്	1	6
സ്ഫ്ലൈ	1	6
യ്ഡ്മ്	1	6
ന്ന്വി	1	6
സ്റ്റ്ഗ്രെ	1	10
മ്പ്ളം	1	6
ജ്ബ്ര	1	5
പ്പ്നൌ	1	6
ഗ്രോം	1	5
ശ്തെ	1	4
ട്ഡ്രി	1	6
ക്ക്പ്ല	1	7
ങ്ക്വൃ	1	6
ക്ക്പ്ള	1	7
ത്ത്ത്വം	1	8
ദ്ഭ്യഃ	1	6
യ്ങ്ങ	1	5
ന്നാഃ	1	5
ജ്ഞഃ	1	4
ഴ്സ്റ്റി	1	8
ഷ്ക്കെ	1	6
ങ്ക്മീ	1	6
വ്ഫു	1	4
സ്സ്ത്രീ	1	8
ര്ഖാ	1	4
രൃം	1	3
ട്സ്ഫെ	1	6
മ്റോ	1	4
ട്ട്ബി	1	6
യ്കൃ	1	4
പ്പ്ഗാ	1	6
ക്പ്രോ	1	6
ഫ്യെ	1	4
ഗ്ഗ്ലീ	1	6
ണ്ട്കൃ	1	6
സ്ജ്ജീ	1	6
സ്ഡാം	1	5
സ്ഷോ	1	4
ന്റ്ഗെ	1	6
ക്കാാ	1	5
സ്പ്പീ	1	6
മ്പ്ഫെ	1	6
യ്ക്വ	1	5
ൎമ്മാ	1	5
ൎമ്മ	1	4
ങ്കുി	1	5
ന്നെു	1	5
ലുാ	1	3
യുെം	1	4
ഥ്കെ	1	4
ഹ്കേ	1	4
ഝ്യാ	1	4
ബ്ക്സ്	1	6
ല്തി്	1	5
ഷ്റ്റു	1	6
ന്റ്നേ	1	6
ഞ്ഞ്തും	1	7
പ്ത്ശ്രീ	1	8
റ്റ്സ്സ	1	7
പ്പ്ഫു	1	6
ക്ക്സ്ളാ	1	8
ഴ്ഫ	1	3
സ്ളൂ	1	4
റ്റ്ഗേ	1	6
ഘ്ദൂ	1	4
ഞ്ജ്പ	1	5
ച്യ്മെ	1	6
ഡ്ബ്യു	1	6
̃	1	1
ന്ത്വം	1	6
ഹംം	1	3
സ്വ്റി	1	6
റ്റ്പേ	1	6
ക്ക്ടൌ	1	6
ഡ്ട്രാ	1	6
ഗ്രൈം	1	5
ര്ട്ട്സി	1	8
ല്ഡിം	1	5
സ്ഠാ	1	4
¹	1	1
റ്റ്ഫ്രൈ	1	8
ക്ക്യ്യൂ	1	8
ക്ക്വം	1	6
റ്റ്യ്യൂ	1	8
സ്ക്ള	1	5
ഷ്ടാാം	1	6
റ്റ്ചേ	1	6
ഹ്ഫു	1	4
സ്രൈ	1	4
പ്ഞ്ച്	1	6
രംം	1	3
റ്റ്പു	1	6
ണ്ഗ്ക	1	5
ന്ട്രൈ	1	6
ട്സ്ഡാ	1	6
പ്ങ്ങിാ	1	7
ഖ്മു	1	4
സ്ഹീ	1	4
ഖ്സൈ	1	4
ഗു്	1	3
ച്ചെം	1	5
ച്ച്സ	1	5
ന്റ്സ്റ്റീ	1	10
ഹ്മ്കോ	1	6
ബ്ളം	1	4
ഗ്ഫ	1	3
ച്മോ	1	4
ണ്ക്രി	1	6
ക്സ്സോ	1	6
ക്ക്ഫു	1	6
ദ്ശേ	1	4
ക്സ്യു	1	6
ഷ്ശോ	1	4
ങ്റ്റ്	1	6
ِ	1	1
ഫ്ഹാ	1	4
ഞ്റാ	1	4
ന്ജെ	1	4
യ്ക്ഷേ	1	6
ക്സ്റ്റും	1	9
സ്്ത	1	4
ങ്ങ്ട്സി	1	8
ഡ്രിം	1	5
ഥ്ജെ	1	4
ങ്ങ്ഗ	1	5
ഷ്ത്യ	1	5
ഷ്ഠ്യ്യ	1	7
വ്യീ	1	4
ഗ്സം	1	4
ക്യീ	1	4
ല്മേ	1	4
ള്ക്ക്ണ	1	7
ന്മൂി	1	5
ള്തി	1	4
ന്റ്ത്രേ	1	8
ദ്ബെ	1	4
ബ്ശാം	1	5
ച്ച്ക	1	5
ദ്ധ്യാാ	1	7
ണ്സ്റ്റ	1	7
ഗ്ജാ	1	4
ക്ഡി	1	4
ബ്ചു	1	4
ഫ്യൊ	1	4
യ്ച്ചേ	1	6
ണ്ഡ്രു	1	6
ന്ഷ	1	3
ക്ട്റേ	1	6
ഷ്ട്ടിം	1	7
ധ്ധാ	1	4
റ്റ്പ്രൂ	1	8
ദ്റെ	1	4
ഷ്നു	1	4
ണ്ടൂ്സ്	1	7
ങ്ക്ഫെ	1	6
ബ്പ	1	3
സ്ക്ജോ	1	6
സ്ക്തു	1	6
ഫ്ണ്ട്	1	6
ന്റ്ചെ	1	6
ഴ്ച്പ്പാ	1	8
ഞ്ഞ്ഞു	1	6
ര്ന്നോ	1	6
ന്ത്ന്നാ	1	8
ന്ത്ന്ന്	1	8
ഷ്ട്കേ	1	6
ഗ്ധ്	1	4
ഴ്ക്കം	1	6
ജ്ജ്രം	1	6
ഡ്സ്ലി	1	6
റ്ണ	1	3
ത്തെ്	1	5
ത്ഷേ	1	4
ഷ്ഷ്യൂ	1	6
ഫ്ല്	1	4
റ്റ്മു	1	6
ത്ഭ്യം	1	6
മ്ലു	1	4
ഗ്സ്ക്വി	1	8
വ്ശേ	1	4
ഥ്റ്റു	1	6
ന്ട്രാ	1	6
ട്ട്ഫൈ	1	6
ന്റ്സ്റ്റ	1	9
ഗ്ക്	1	4
ന്ദ്ര്ര	1	7
യ്സ്ബെ	1	6
ര്ത്തോ	1	6
സ്റ്റേം	1	7
റ്റ്ഷും	1	7
ന്ത്പാ	1	6
ങ്ഗ്നു	1	6
സ്ഖൂ	1	4
ദ്ബ്ഹ	1	5
ബ്യം	1	4
ഫ്ഹ്ഗാ	1	6
ണ്ട്ട്രി	1	8
ക്സി്	1	5
വ്്	1	3
ഷ്ത്താ	1	6
ദ്യ്യോ	1	6
ദ്ഘി	1	4
ഡ്പ്പാ	1	6
പ്ട്ടോ	1	6
ഗ്ചേ	1	4
റ്റ്ബൂ	1	6
യ്ഞ്ജ	1	5
ത്വ്വ	1	5
ഗ്ണ്ടി	1	6
സ്റ്സു	1	6
ച്ച്ന്റെ	1	8
ല്ഭാം	1	5
ഴ്ത്തോ	1	6
ഫ്വാ	1	4
ള്ഫൈ	1	4
ത്യഃ	1	4
ത്മ്യഃ	1	6
ക്ഭ	1	3
ക്റ്റ്ബോ	1	8
ട്കൊ	1	4
ണ്റ	1	3
സ്പ്ലൈ	1	6
ന്ടം	1	4
സ്ക്റേ	1	6
യ്യ്യം	1	6
ര്നു	1	4
ജ്ടു	1	4
ര്ഖ്	1	4
ഴ്ച്പ്പ	1	7
പ്പ്യേ	1	6
ഹ്ര്ത്ത്	1	8
ബ്ടൂ	1	4
ണ്ന്ന്	1	6
ര്യ്പ്ര	1	7
ജ്ജ്വം	1	6
ള്ള്ന്നൂ	1	8
ങ്ക്രൊ	1	6
ത്സ്കെ	1	6
ക്റ്റ്കം	1	8
ദ്കെ	1	4
വ്ഗേ	1	4
സ്റ്റ്ഛീ	1	8
ണ്ബാ	1	4
ത്ത്ഷ	1	5
സ്ട്യൂ	1	6
ണ്ഡീം	1	5
ഴ്ഗാ	1	4
ട്ത്	1	4
റുംം	1	4
ക്ഡാ	1	4
ല്യ്ക്ക	1	7
ണ്ട്റെ	1	6
റ്റ്സം	1	6
ഖ്പോ	1	4
സ്്മ	1	4
ക്ര്തി	1	6
ഡ്സ്സ്	1	6
ര്ദം	1	4
ത്ത്ന്	1	6
പ്സ്റ്റെ	1	8
ത്ത്ര്	1	6
ങ്ക്വെ	1	6
പ്സ്ബെ	1	6
ട്ട്ബെ	1	6
ത്ത്തൈ	1	6
വ്ഫ്ര	1	5
ന്ത്രൈ	1	6
ത്യ്ക്കും	1	9
വ്ന്മാ	1	6
ഡ്സ്പൗ	1	6
യ്ഞ്ജ്	1	6
യ്ത്സ്	1	6
ട്വൊ	1	4
റ്റ്പ്രോ	1	8
ട്ര്ന്നു	1	8
ന്ട്ട്	1	6
ഴ്യാ	1	4
ശ്ച്	1	4
ഠേം	1	3
ത്ക്രി	1	6
ഘ്ജി	1	4
ഷ്ട്സി	1	6
ത്ത്പ്ലൊ	1	8
സ്ഗ്ര	1	5
ണ്സ്യ	1	5
ന്റ്ട	1	5
ഥ്ഖ	1	3
ന്്താ	1	5
ത്ഭ്യ	1	5
ഫ്ഖി	1	4
യ്സ്ബാ	1	6
ങ്ങ്ള	1	5
ങ്ക്സ്കെ	1	8
മ്റെ	1	4
സ്ല്	1	4
റ്റ്ലിം	1	7
ങ്ഷ്യ	1	5
ത്ദു	1	4
ല്നു	1	4
ത്റം	1	4
ടിി	1	3
സാംം	1	4
ബ്ഫൈ	1	4
ഭൃാ	1	3
ഞ്ച്ത്ത്	1	8
സ്റ്യ	1	5
ഴ്ഷ	1	3
ന്ജോ	1	4
ഹ്ഫ്	1	4
ശ്ട്ര	1	5
ന്റ്സു	1	6
റ്സ്വാ	1	6
ണ്റ്	1	4
ഗ്ടോ	1	4
ത്ഫ്	1	4
ഡ്സ്പൈ	1	6
സ്ഡ്രം	1	6
ഡ്നും	1	5
ഗ്ധി	1	4
ന്ഗ്ലീ	1	6
ത്ഗ്ജ	1	5
ഖ്മൂ	1	4
ഖ്ഖൂ	1	4
ദ്സ്ഥി	1	6
ശ്ഖാ	1	4
ങ്ങ്ഗ്	1	6
നേി	1	3
ന്സീ	1	4
ഢ്മ	1	3
ഷ്ടിഃ	1	5
സ്സ്വൗ	1	6
ര്റാ	1	4
ര്റു	1	4
ബ്സ്റ്റി	1	8
ഷ്്രീ	1	5
മ്പ്ലൊ	1	6
ർേ	1	2
യ്ജ്ക്	1	6
ന്ന്താ	1	6
ച്ച്ഫ്രെ	1	8
ക്ത്നാ	1	6
സ്സ്യാ	1	6
ണ്ങ്ങ	1	5
ത്ധിം	1	5
സ്ക്ക്റ്റ്ബോ	1	12
ഷ്ട്രേ	1	6
ഫ്സ്ദേ	1	6
ന്ത്രു	1	6
ഫ്ര്	1	4
ര്ജീ	1	4
ബ്ക്റ്റ്യ്	1	10
ഹ്ര്ദി	1	6
മ്ക്ര	1	5
ണ്ണ്ടു	1	6
മ്പ്പെ	1	6
ന്ക്ര	1	5
ക്ക്പൈ	1	6
ഥ്കി	1	4
ത്ത്ബ്രൂ	1	8
ഗ്ച	1	3
റ്റ്ട്രി	1	8
ന്ളി	1	4
ണ്പെ	1	4
ത്ദാ	1	4
ര്മെ	1	4
ര്ക്കിം	1	7
ര്ച്	1	4
ഴ്സൂ	1	4
ക്ണ്ടെ	1	6
സ്ക്ഷേ	1	6
ഴ്ഞ്ഞി	1	6
ക്ശൈ	1	4
വ്കൈ	1	4
ത്ഷൂ	1	4
റ്റ്പ്ര	1	7
പ്ഥ	1	3
ഞ്ജ്പെ	1	6
ണ്ഡ്പ	1	5
ല്പ്റ	1	5
ക്ഞാ	1	4
യ്സ്ച	1	5
ഫ്ക്	1	4
പ്ത്നി	1	6
ഖ്ലൈ	1	4
ന്ഖം	1	4
സ്സ്നാ	1	6
ജ്ഫി	1	4
ത്ത്പു	1	6
റ്മൊ	1	4
ദ്റ്ശ്യ	1	7
ക്ട്റൊ	1	6
ഞ്ജ്ജ	1	5
ണ്ണി്	1	5
റെേ	1	3
ന്റ്നോ	1	6
ഷംെ	1	3
ക്കി്	1	5
ദീി	1	3
ക്സ്മെ	1	6
സ്ച്ചി	1	6
ട്ട്ജോ	1	6
വ്ജ്നെ	1	6
ഷ്ബൂ	1	4
ജ്മൂ	1	4
ദ്ം	1	3
ച്ച്ചും	1	7
ബി്	1	3
ക്റ്റ്വ	1	7
ഞ്ച്ബേ	1	6
പ്പ്റെ	1	6
―	1	1
സ്റ്റ്ചി	1	8
ത്യി	1	4
ങ്ഗ്രീ	1	6
ഫ്ഹീം	1	5
യ്മ്മ	1	5
ന്ന്വ്	1	6
ജ്ജ്ജ	1	5
ഢാം	1	3
പൂൂ	1	3
ഹ്ലെ	1	4
ന്ന്നാ	1	6
ങ്ക്ഷെ	1	6
ഖ്രോ	1	4
ഗ്ം	1	3
പ്പ്ക്ക്കാ	1	10
വ്ടു	1	4
ക്ക്ഡ	1	5
ക്ക്ഗോ	1	6
ത്ത്ഭ	1	5
ല്ബോ	1	4
ജ്ം	1	3
സ്റും	1	5
ള്ന്ത	1	5
ഴ്ന്താ	1	6
ണ്ട്യാ	1	6
ട്ട്്	1	5
റ്റ്ഫു	1	6
ന്ന്തു	1	6
ദൂൂ	1	3
ബ്ബ്ക	1	5
പ്ബ്ലി	1	6
ടേു	1	3
ദ്ന്	1	4
ക്ത്ജി	1	6
ശ്ങ്ങ	1	5
ഗ്ദൃ	1	4
സ്ക്തി	1	6
ക്സ്മൃ	1	6
ഡ്ഡ്ക്വാ	1	8
ന്ന്നും	1	7
ണ്ഡ്തി	1	6
ശ്ത്	1	4
ര്ത്തൂ	1	6
ച്ച്സ്റ്റ	1	9
സ്റ്ക	1	5
സ്ഡ്രോ	1	6
ഡ്ഗ്രാ	1	6
ക്ബ്രൗ	1	6
ഫ്ള്യു	1	6
ങ്ഗ്ലി	1	6
വ്ക്ക്	1	6
ഡ്ജ്ഷ	1	5
റ്രം	1	4
ബ്ഡ്നം	1	6
റ്ക്	1	4
ര്വാു	1	5
ഉൗ	1	2
ഞ്ച്ജോ	1	6
സ്ദൃ	1	4
ച്ച്കൂ	1	6
ദ്ധ്നം	1	6
ദ്ധ്മ	1	5
ദ്ധ്മം	1	6
ദ്ദ്വ	1	5
ദ്ദ്വീ	1	6
ദ്ധ്ര	1	5
ണ്ണ്്	1	5
ജ്ഞ്ജാ	1	6
ഢ്യോ	1	4
ഞ്ഞ്കു	1	6
ന്ദ്രാഃ	1	7
ക്ത്രാ	1	6
ങ്ഘ്യ	1	5
സ്താഃ	1	5
ക്തിഃ	1	5
ഡ്ഗോ	1	4
ര്തിം	1	5
മ്ഭി	1	4
ര്തേ	1	4
മ്രാഃ	1	5
ദ്യഃ	1	4
ചുഃ	1	3
മ്ഭോ	1	4
സ്തൗ	1	4
ര്ത്യ	1	5
ഷ്ടേഃ	1	5
കൈഃ	1	3
ജ്ഖ്യേ	1	6
ര്ഥം	1	4
ണ്ടോം	1	5
ദ̅	1	2
ന̅	1	2
മ̅	1	2
ദ̆	1	2
ച̆	1	2
ഭ̌	1	2
ഭ̄	1	2
ന̌	1	2
ച̌	1	2
̌	1	1
ച̄	1	2
ഫ̄	1	2
ഡ̌	1	2
വ̌	1	2
സ̆	1	2
ണ്ച	1	3
ര്പ്പം	1	6
രുേ	1	3
ള്ളിേ	1	5
ല്ലേേ	1	5
ല്ല്കു	1	6
ര്ട്ടെ	1	6
ക്ത്പ്ര	1	7
ത്സ്യി	1	6
ആാ	1	2
യ്യൗ	1	4
ല്ണ്	1	4
ച്ച്ശ	1	5
ഴ്ഭ്ഭാ	1	6
ല്പ്പൂ	1	6
സ്സ്ട്രേ	1	8
ങ്ങ്മ	1	5
ന്റ്സ്സ്	1	8
ര്മി്	1	5
ക്ഗ്രെ	1	6
ന്സ്ക്	1	6
ഞ്ച്ശാ	1	6
ക്ല്ലോ	1	6
ഥൂം	1	3
ബ്ശ	1	3
ഥീം	1	3
ത്ഹ്	1	4
ക്സ്റ്റൊ	1	8
ഡ്സ്റ്റൊ	1	8
ഗ്ല്സ്	1	6
ല്ല്തെ	1	6
യ്ധു	1	4
ജ്ഞാം	1	5
നൂൂ	1	3
ങ്ചോ	1	4
ശ്ശ്രേ	1	6
ഴ്സ്ലി	1	6
സ്റ്റ്വൊ	1	8
ഗ്ലെം	1	5
സ്റ്റ്ഹൗ	1	8
ക്റ്റ്കാ	1	8
ബ്ക്രൈ	1	6
ഡ്റ്റു	1	6
ഗ്മ്യൂ	1	6
യ്ട്ട്ലി	1	8
ഗ്സ്ട്രാ	1	8
സ്സ്ഗാ	1	6
ട്ഹൈ	1	4
ലുെ	1	3
പ്പ്സം	1	6
റ്ടോ	1	4
ത്യ്യു	1	6
റ്റ്സൂ	1	6
റ്റ്വൈ	1	6
ക്ക്നം	1	6
ര്വ്യാ	1	6
സ്ക്റോ	1	6
ള്യാ	1	4
ക്ഗൈ	1	4
ക്സ്സ്	1	6
ട്ത	1	3
ട്ത്ര	1	5
ട്ത്വ	1	5
മ്ഷ്ട്ര	1	7
ഷ്ട്വ	1	5
ട്കം	1	4
ട്ട്വി	1	6
ട്താ	1	4
ട്ത്രിം	1	7
ട്ത്വം	1	6
പ്ടാ	1	4
ഷ്ട്വി	1	6
ഡ്ഭ	1	3
ണ്ഡ്റ	1	5
ഡ്ബി	1	4
ഡ്ഭാ	1	4
ഡ്വം	1	4
ഢൗ	1	2
ഢ്ര	1	3
മ്ഢ	1	3
ഢ്രം	1	4
മ്ഢി	1	4
ഥ്ന	1	3
ക്ഥി	1	4
സ്ഥ്ന	1	5
ധ്മ	1	3
ഘ്ന്യ	1	5
ത്ന്യ	1	5
മ്സ്ന	1	5
യ്ന്ദ	1	5
ത്സ്ന്യ	1	7
ന്ച്ചാ	1	6
ങ്ക്ഡി	1	6
യ്ത്ര	1	5
ട്നെ	1	4
ന്റ്ഹ	1	5
റ്പേ	1	4
ക്തൊ	1	4
ക്ഗ്രൗ	1	6
മ്പ്ഹൌ	1	6
പ്ടെം	1	5
മ്ശെം	1	5
ന്തൗ	1	4
ഴ്ഗു	1	4
ഷ്ഠോ	1	4
ഗ്ഖ്വാ	1	6
ക്ക്ഷാ	1	6
ല്ഭു	1	4
ങ്ഖ്ദ്വാ	1	8
പ്ഗ്ര	1	5
ഗ്ര്ക	1	5
ക്ക്ടൗ	1	6
വ്സു	1	4
ല്ല്ല്ലോ	1	8
വ്ലം	1	4
ബിൊ	1	3
ബെെ	1	3
സ്ട്ര്യൂ	1	8
ങ്ജാ	1	4
ത്സ്ചൈ	1	6
സ്സ്റ്റി	1	8
ര്ജ്ജം	1	6
ബ്മ്യൂ	1	6
ത്ത്നം	1	6
യ്ക്ക്ന്നു	1	10
ങ്ങ്ളും	1	7
ച്നം	1	4
ഡ്ക്വ	1	5
ക്സ്റ്റീ	1	8
ഗ്ഗ്ല	1	5
ള്ള്ളി	1	6
ശ്ച്വാ	1	6
ന്ന്തോ	1	6
ന്ന്ന്ന	1	7
യ്യു്ന്നു	1	9
ഞ്ച്കൂ	1	6
ഫ്തെ	1	4
ത്ര്സ്	1	6
ല്റ്വ	1	5
ഷ്തെ	1	4
ക്സ്ത്ഹൗ	1	8
വുും	1	4
ക്സ്ബ്രി	1	8
മ്പ്സ്റ്റീ	1	10
ഹ്ര്വ	1	5
സ്ത്ജ്ഞ	1	7
ട്ഘ	1	3
ന്റ്പു	1	6
ഗ്രൂം	1	5
ദ്ധ്യി	1	6
യ്ഡൈ	1	4
ല്കി്	1	5
റ്റ്ദ	1	5
യ്ത്തോ	1	6
ങ്സൈ	1	4
ല്ലൃ	1	4
ളാാ	1	3
സ്ത്ക്കെ	1	8
ങ്ഗൂ	1	4
ങ്ങ്ത	1	5
ണ്ഡ്ചാ	1	6
ഹ്ന്ന	1	5
റ്റ്സ്നാ	1	8
ന്ഥഃ	1	4
ബ്ക്ഷേ	1	6
ഫ്ഖ	1	3
വ്ധ	1	3
ഷ്സ	1	3
ട്സ്വീ	1	6
ന്ത്ഫ	1	5
ന്ക്ഷേ	1	6
ന്ത്ഹ	1	5
പ്പ്ഘ	1	5
ബ്ദ്ധ	1	5
ഗ്മ്ന	1	5
യ്ജു	1	4
പ്സ്യു	1	6
പ്ളൊ	1	4
ന്ഗൊ	1	4
ക്ട്ടെ	1	6
ട്ട്ര	1	5
ച്ച്പ്രി	1	8
സ്ങ്	1	4
ച്ചൂ്	1	5
പ്റ്റ്ലേ	1	8
ൺോ	1	2
ണ്ഡൗ	1	4
യ്റ്റ്സെ	1	8
ക്ഷ്ണോ	1	6
ട്മോ	1	4
സ്ക്ക്നോ	1	8
ഗ്ബൊ	1	4
സ്ത്യും	1	7
മ്മ്കെ	1	6
ഷ്ക്ലോ	1	6
ഷ്ട്ദ	1	5
ദ്ദ്ക	1	5
ല്യ്സി	1	6
ഴ്ല്	1	4
★	1	1
റ്റ്ക്യാം	1	9
നുു	1	3
ബ്സ്സ്റ്റ	1	9
ല്ഹെം	1	5
ണൈഃ	1	3
ക്പ്ത	1	5
,ു	1	2
പ്തഃ	1	4
ത്യൌ	1	4
ട്ഠു	1	4
ഗ്സ്മെ	1	6
ങ്തും	1	5
ങാം	1	3
ഷ്മ്സ്ത	1	7
ത്ഹീ	1	4
റ്റ്ബൈ	1	6
ഡ്മ്യൂ	1	6
മ്മ്പ	1	5
ക്സ്ളീ	1	6
സ്ക്മം	1	6
ത്ബീ	1	4
ങ്ക്രു	1	6
ഡ്ഫ്രോ	1	6
ഥ്ര	1	3
റ്ലെ	1	4
ങ്ങ്സ	1	5
ലൌെ	1	3
ങ്ങിം	1	5
മ്യെ	1	4
സ്റ്റെെ	1	7
ഗ്ലൂം	1	5
ഗ്ലും	1	5
യ്ക്സി	1	6
ഗ്റേ	1	4
ഠ്ന	1	3
ബ്വാ	1	4
യ്റ്റെ	1	6
റ്റ്സ്കീ	1	8
ഭ്യ്യ	1	5
ക്സ്യ്ട്	1	8
ക്ള്ള	1	5
റ്യ്ക്ക	1	7
റ്ബെ	1	4
റ്മി	1	4
ണൂ്	1	3
ങ്സ്കി	1	6
ക്ഫു	1	4
ങ്ഗ്ടി	1	6
ന്ീ	1	3
ഡ്ഹീ	1	4
ണെം	1	3
ദ്ദ്ധാ	1	6
സ്യൌ	1	4
പ്റ്	1	4
ഗ്സ്ട്രോം	1	9
ക്ക്ലിം	1	7
റ്പാ	1	4
ര്ച്ചീ	1	6
റ്റ്ഹൈ	1	6
5്	1	2
ക്സ്കെ	1	6
ഷ്റു	1	4
ക്ടൂ	1	4
ഡ്ശൃം	1	5
ല്പ്ബ	1	5
സ്ഹൗ	1	4
ങ്ക്ക്ളോ	1	8
ര്ര്	1	4
വ്ണ്ടാ	1	6
ച്ഖു	1	4
ദ്വ്വ	1	5
മ്റ്റു	1	6
ക്സ്ഫൊ	1	6
ല്പ്ശാ	1	6
രിഃ	1	3
ര്ന്മെ	1	6
ന്ട്യു	1	6
പ്പ്റി	1	6
ഡ്ക്ളി	1	6
ണ്ഡ്സ്	1	6
നാും	1	4
ച്ച്തെ	1	6
മ്പോെ	1	5
ര്യ്ം	1	5
ട്ത്ത്മ	1	7
ട്ട്ചെ	1	6
ഡ്ബ്രി	1	6
പ്പ്രൈ	1	6
ഗ്ജ	1	3
ത്ജോ	1	4
ദ്ധെഃ	1	5
ണ്ട്രൈ	1	6
സ്ട്യ	1	5
ഥിഃ	1	3
ശ്ത്ര	1	5
റ്റ്ക്	1	6
ന്ധ്പ്പെ	1	8
ന്മൈ	1	4
ഴ്സ്ഫോ	1	6
ങ്ക്യാ	1	6
ഴ്സ്നൈ	1	6
ടൈീ	1	3
ന്ധഃ	1	4
ഷ്ഠേ	1	4
ങ്ങ്ി	1	5
ഴ്ബ്രാ	1	6
ന്ഞൈ	1	4
ങ്ക്സ്റ്റി	1	10
ഥ്രാ	1	4
ഷ്മ്നെ	1	6
സ്ഡൈ	1	4
വ്യി	1	4
ല്മു്ക്ക്	1	9
ഴ്തോ	1	4
പ്റ്റ്ലെ	1	8
ക്ക്രോ	1	6
ഖൗം	1	3
ന്ബീ	1	4
ന്നുു	1	5
യ്കിം	1	5
സ്ഫൗ	1	4
ഞ്ഞ്യേ	1	6
ഞ്ച്ലി	1	6
ട്തെ	1	4
ട്ട്യ്ക്കാ	1	10
ത്ത്ചേ	1	6
ഡഃ	1	2
ട്ട്പ്പ	1	7
ട്ട്ത്ത	1	7
ണ്പ്പ്ള്ളി	1	10
സ്സ്നേ	1	6
തെെ	1	3
ന്റ്മു	1	6
ഗ്ട്ട	1	5
ഞ്ചാാ	1	5
ത്ത്കി	1	6
ത്ദ്വാ	1	6
ദ്റ്യാ	1	6
ണ്ഠ്യാ	1	6
പ്പ്ന്റ	1	7
മ്ദ്ര	1	5
ര്ക്ക്ഷോ	1	8
സ്ട്യാ	1	6
ഥ്ധാ	1	4
ധ്ധ്ന്മാ	1	8
ബ്ര്ധാ	1	6
ങ്ങ്വാ	1	6
പ്പൗ	1	4
വ്ച്ചാ	1	6
ന്കെ	1	4
മ്ബു	1	4
ഹ്യ്ടെ	1	6
ല്ള്	1	4
പ്പ്ഹോ	1	6
ര്ചോ	1	4
ല്സ്റ്റേ	1	8
ഗ്ബ്രൂ	1	6
റ്റ്പ	1	5
റംം	1	3
ദിി	1	3
ക്കു്കു	1	7
യ്യു്യു	1	7
യ്മ്പാ	1	6
മ്ഫാ	1	4
ഷ്ക്കു	1	6
ച്ച്ട്രി	1	8
ന്ക്രോ	1	6
സ്യ്ക്ലോ	1	8
യോും	1	4
മ്പ്യാം	1	7
ട്ങ്ങ	1	5
ള്ക	1	3
കൃാ	1	3
ര്തൊ	1	4
നൃാ	1	3
ന്മാാ	1	5
സ്രൃ	1	4
ഫ്ടു്വെ	1	7
ഹ്ണ്യം	1	6
ല്സ്യ	1	5
വ്ശാ	1	4
ന്ത്നൂ	1	6
ജിഃ	1	3
ണ്ണ്ടേ	1	6
ബ്സ്ക്രീ	1	8
ഡി്	1	3
ഹ്ലേം	1	5
ക്ഗീ	1	4
യ്ഫ്രെ	1	6
▪️	1	2
മാൌ	1	3
ച്ചൌ	1	4
ഗ്ല്ലൂ	1	6
ങ്ഭ	1	3
ത്ഥ്മാ	1	6
ദ്ദ്ചെ	1	6
രൂൂ	1	3
ക്ക്റ്റ	1	7
ങ്ഷൂ	1	4
ഹ്വോ	1	4
ഹ്നീ	1	4
മ്പ്റ്റ	1	7
ഗ്ഷു	1	4
റ്കോ	1	4
ന്റ്ബു	1	6
ണ്ഡ്മെ	1	6
പ്ദ്ര	1	5
ങ്ചൗ	1	4
ത്ത്ലി	1	6
ന്ന്പൊ	1	6
ന്മ്പ്	1	6
സ്സ്കൂ	1	6
ല്ത്ര	1	5
ജ്വോ	1	4
ശ്രും	1	5
പ്പ്ക്കു	1	8
ത്ര്വ	1	5
ട്ബ്ലോ	1	6
ശ്ഫീ	1	4
യ്ഫിം	1	5
യ്ഫോ	1	4
ക്ക്ക്ക്സ്റ്റോ	1	14
ക്സ്സേ	1	6
മ്ഫോ	1	4
ക്ഫൈ	1	4
ക്കൊം	1	5
ജ്ബ്രീ	1	6
മ്മൗ	1	4
സ്ങ്കേ	1	6
ച്ച്ന്റേ	1	8
ക്ഷ്ദ്വീ	1	8
ണ്ട്കി	1	6
ന്നൊാ	1	5
ന്ന്തെ	1	6
ത്ത്നൂ	1	6
യ്ല്സി	1	6
ച്ചു്കൊ	1	7
ല്ലൂൂ	1	5
ക്ക്കീ	1	6
പ്ളിം	1	5
സ്ക്ക്യൂ	1	8
ത്ത്ഹി	1	6
യ്യ്ക്ക	1	7
ഥ്നാ	1	4
ങ്ഘേ	1	4
റ്ജോ	1	4
സ്ക്സ്സ്	1	8
ങ്നി	1	4
വ്വ്ലെ	1	6
ങ്ങ്മു	1	6
ശ്യ്യാ	1	6
ക്ളും	1	5
ക്ഷൊ	1	4
ഫ്പെ	1	4
ണ്ണേം	1	5
ന്റ്മ	1	5
ച്പോ	1	4
ധ്യൗ	1	4
ഷ്പ്രി	1	6
ന്മ്ന്	1	6
ഫ്ള്	1	4
ഞ്ച്കി	1	6
ങ്ക്ബോ	1	6
ഫ്ഥ	1	3
ഫ്ഥൈ	1	4
ത്ത്പ്പി	1	8
ത്ക്കു	1	6
റ്ുംും	1	6
സ്ത്റം	1	6
ശ്റ്മി്	1	7
ര്ക്	1	4
ക്കാ്കാ	1	7
പ്റ്ര	1	5
രിി	1	3
സ്്വീ്	1	6
ക്റ്ര	1	5
ക്റ്ി്	1	6
ഫ്ക്രാ	1	6
ഫ്പി	1	4
ത്ഷ്ടി	1	6
ദ്ഗ്ദ്ധ	1	7
ബ്റ്റ്	1	6
ഷ്ക്കാം	1	7
ഡ്ഷോ	1	4
യ്ട്	1	4
ട്ട്യെ	1	6
ബ്ധ്ധ	1	5
ങ്റാ	1	4
സ്റ്റ്ക്ക്	1	10
ത്രേം	1	5
ഫ്സ്പ	1	5
ല്ചെ	1	4
ഗ്ഭാ	1	4
ത്ത്താ	1	6
ശ്യ്യ	1	5
ത്ത്ലെ	1	6
ജ്ജ്മാ	1	6
വ്ണ്ടി	1	6
റ്റ്ക്ല	1	7
യ്ഷൊ	1	4
ക്ക്മൂ	1	6
ഷ്ക്വോ	1	6
യ്ക്ക്മെ	1	8
മ്യ്യൂ	1	6
ഴ്ശൈ	1	4
യ്സു്	1	5
ത്ഷ്ഠി	1	6
ബ്ത്താ	1	6
റ്റ്ഫാ	1	6
ന്ദ്റാ	1	6
ക്ക്രേ	1	6
യ്യ്ത്താ	1	8
ഴ്സ്സി	1	6
ന്പീ	1	4
പ്പ്ചേം	1	7
ഡ്രൊം	1	5
ണ്ട്ക്ട്	1	8
ച്ഛ്ഭാ	1	6
പ്മൂ	1	4
ങ്ത്വാ	1	6
യ്ന്റി	1	6
ഠ്ഘ	1	3
ശ്ള	1	3
ശ്മെ	1	4
സ്ട്ട്ര	1	7
ഗ്ദ്ധാം	1	7
ഡ്ക്കാ	1	6
സ്റ്റ്ഫ	1	7
ഷ്സ്	1	4
ട്പ്പ്	1	6
ന്യ്ം	1	5
ന്വം	1	4
ഫ്ദെ	1	4
റ്റ്സ്യാ	1	8
ക്ഷ്ണ്യേ	1	8
പ്പ്ജ	1	5
റ്റ്പ്പെ	1	8
ങ്സ്ലീ	1	6
വ്സ്ത്ര	1	7
ഹ്ഹാ	1	4
ര്റം	1	4
ഹ്ധ	1	3
ത്റീ	1	4
ട്ക്കേ	1	6
മ്പ്ട്രോ	1	8
ത്ത്പെ	1	6
തോഃ	1	3
ധൂഃ	1	3
ങ്ക്റ്റോ	1	8
ന്ദീം	1	5
ത്ടീ	1	4
റ്ഘ	1	3
റ്മ്മാ	1	6
പ്റ്വ	1	5
ന്ത്റ്യാ	1	8
ന്ത്റി	1	6
സ്ത്റീ	1	6
റ്ഗ	1	3
റ്ചാ	1	4
ന്ന്ശ്ര	1	7
റ്ത്തെ	1	6
ശ്റേ	1	4
റ്ത്ത്യു	1	8
പ്പ്മു	1	6
ക്റ്ഷി	1	6
ത്റ്ശൂ	1	6
ന്ത്റ	1	5
റ്ത്ഥി	1	6
റ്ത്യു	1	6
റ്റൃ	1	4
ക്കോ്	1	5
ലൈഃ	1	3
ദ്ഭിഃ	1	5
ശ്ഹൂ	1	4
ന്ത്വി	1	6
ഖ്ത്വാ	1	6
സ്വ്ബാ	1	6
ഹ്ര്	1	4
പ്പ്കോ	1	6
യ്വേ	1	4
ക്ശേ	1	4
റ്ഫു	1	4
ത്ശൃം	1	5
ന്ദ്ലീ	1	6
ക്റ്റ്റി	1	8
റ്റ്ക്കേ	1	8
ദ്ജാ	1	4
ങ്ഗൊ	1	4
ങ്ക്പ	1	5
യ്ഗെ	1	4
സ്ട്ട്യൂ	1	8
ര്ഗം്	1	5
ങ്ത്സു	1	6
ക്യ്രൂ	1	6
മ്പ്നി	1	6
ക്ര്സ്തു	1	8
ക്ല്സി	1	6
ട്ട്രി	1	6
ങ്റ്റോ	1	6
ശ്ട്രീ	1	6
യ്മീ	1	4
ത്സ്തു	1	6
ട്യോ	1	4
8ഃ	1	2
ത്ത്സൂ	1	6
സ്ഥ്തൈ	1	6
റ്കി	1	4
മ്പ്കൃ	1	6
ക്ഖു	1	4
ലുഃ	1	3
ങ്ക്യ്ലോ	1	8
സ്സ്റൂം	1	7
ല്ണ്ടാ	1	6
ട്ട്ത	1	5
ല്ട്സ	1	5
വ്ത്സി	1	6
ഷ്സ്റ്റാ	1	8
ത്ത്ല	1	5
സ്ഥോ	1	4
ന്ധാഃ	1	5
ദ്സീ	1	4
ബ്ഷി	1	4
ബ്ളും	1	5
ങ്റ്റ	1	5
ക്സ്ലീ	1	6
ഹ്വേ	1	4
ജ്ലീ	1	4
ഞ്ച്പ്ര	1	7
യ്ങ്സ്നെ	1	8
ഷ്ട്ബു	1	6
ദ്മ്യം	1	6
സ്വ്ഭാ	1	6
ഖൃം	1	3
റ്സ്കേ	1	6
ണ്ട്ള്ള	1	7
റാേ	1	3
ആി	1	2
ദൈ്	1	3
ച്ഛ്റം	1	6
ഘ്നീ	1	4
വ്പ	1	3
രൌെ	1	3
ണൌെ	1	3
ത്ത്ജീ	1	6
നേ്	1	3
പ്വാ	1	4
ഠ്യാം	1	5
ക്മൂ	1	4
ത്ഫു	1	4
ബൗം	1	3
ശീിേ	1	4
ബ്ര്	1	4
യ്ഡ്രി	1	6
റ്റ്സ്ചെ	1	8
സ്ഷ്യ	1	5
യ്ക്ക്വാ	1	8
ഷ്ചു	1	4
ഷ്കൂ	1	4
ക്ക്ഫ്രൂ	1	8
പ്പ്സ്ഥാ	1	8
ണ്ട്ഹൗ	1	6
യ്ടി	1	4
റ്റ്ജെ	1	6
ത്പീ	1	4
ന്ക്ഷോ	1	6
ണ്തി	1	4
ണ്ബി	1	4
ഗ്ടെ	1	4
ഗ്ധോ	1	4
ജ്രീ	1	4
ത്കൗ	1	4
സ്റ്റ്ലു	1	8
ബ്സ്റ്റെ	1	8
റ്റ്വ്വ	1	7
ക്കെു	1	5
ന്്	1	3
സ്സ്രാ	1	6
ള്ക്കോ	1	6
ട്വോ	1	4
വ്റേ	1	4
ട്റ്റൂ	1	6
ത്ത്ജി	1	6
ന്ന്്പി	1	7
ഞ്യാ	1	4
ത്തേ്	1	5
ര്രീ	1	4
ദേി	1	3
രാു	1	3
ന്ത്ഷ	1	5
ക്ക്റ്റൈ	1	8
ഗ്ഷ്നൊ	1	6
സ്ബൂ	1	4
ബ്ഡ്	1	4
ര്ദ്ദി	1	6
സ്ല്റ്റി	1	8
വ്മോ	1	4
ങ്ക്റ്റ്	1	8
ച്കേ	1	4
ഹ്രൃ	1	4
റ്ത്രെ	1	6
ഗ്ളേ	1	4
വ്യൊ	1	4
ന്ന്വാ	1	6
ഡ്വ്വാ	1	6
സ്ഗ്രീ	1	6
സ്പ്ത	1	5
പ്മോ	1	4
ത്ഴ	1	3
ഴ്ജോ	1	4
റ്യി	1	4
സ്റ്റ്താ	1	8
വ്ഷ്ക	1	5
ണ്ടെം	1	5
ര്യ്ട്	1	6
ബ്ബൌ	1	4
യ്സ്യൂ	1	6
ക്ളീം	1	5
ക്ലീം	1	5
ഗ്നാം	1	5
ക്ഡു	1	4
സ്ന്ദ	1	5
ക്ഹൈ	1	4
ഡ്തോ	1	4
ണ്ഠ്നാ	1	6
ങ്ക്വൊ	1	6
മാാാ	1	4
ന്ട്രി	1	6
പ്ത്ത	1	5
ട്ട്സ്പ്പ്	1	10
പ്ന്നീ	1	6
ഫ്ടെ	1	4
സ്റ്റ്സോ	1	8
ത്ക്ലൈ	1	6
ശ്രൃം	1	5
ബ്ഫ	1	3
രോഃ	1	3
ജ്താ	1	4
ല്ര	1	3
ന്ഗു	1	4
തോോ	1	3
ക്മാം	1	5
ന്ത്യു	1	6
ശുു	1	3
ദ്ദ്യെ	1	6
ട്പെ	1	4
ന്ചോ	1	4
പ്റ്റ്രി	1	8
ഡ്തും	1	5
ഗ്മം	1	4
ത്ശീ	1	4
ദീീ	1	3
ങ്കൌ	1	4
ക്ന്യൂ	1	6
നു്കി	1	5
ഗ്മ്മ	1	5
ത്ചോ	1	4
സ്ജ്	1	4
ന്ഡ്ബു	1	6
ഷ്യെ	1	4
ഞ്ജ്ലി	1	6
ല്ക്കു്	1	7
ണ്ട്ഗ്രെ	1	8
ബ്മോ	1	4
മ്ഹാ	1	4
വ്ഴ	1	3
ത്ത്ലീ	1	6
യ്ക്ക്സ്പി	1	10
ശ്യു	1	4
സിി	1	3
ഗ്സ്ഥ	1	5
ഹീി	1	3
ലൌൃ	1	3
ഗ്ദ്ധ്ര	1	7
ഡ്ഫ്രേ	1	6
↑	1	1
ദ്രൃ	1	4
ണ്ബ	1	3
ജ്റി	1	4
ഷ്പ്പം	1	6
ധ്രി	1	4
ഘ്രി	1	4
ക്സ്ഗോ	1	6
ക്ടം	1	4
ളുാ	1	3
മ്ബേ	1	4
ഫ്റ്റം	1	6
ദ്രിം	1	5
ദ്പ്പാ	1	6
ല്ചൂ	1	4
റ്റ്രേ	1	6
ശ്റ്റ്ര	1	7
മ്പ്ര്യ	1	7
ശ്ക്കു	1	6
സ്ദോ	1	4
ഡ്ബ്ല്യു	1	8
സ്പ്സി	1	6
ക്ട്ടിം	1	7
സ്ടൃ	1	4
പ്റ്റ്ം	1	7
ന്ത്രൂ	1	6
ല്ല്ഡ്	1	6
ക്ക്ഗ	1	5
ഷ്ട്ദ്വി	1	8
ധ്നാ	1	4
ഗ്മ്നാ	1	6
ക്ഷ്നാ	1	6
ല്ചാ	1	4
ഴ്സ്റ	1	5
ഇീി	1	3
ശീൌി	1	4
ങ്ങ്സാ	1	6
വ്താ	1	4
ഘ്വാ	1	4
ന്ന്കി	1	6
ഫ്ത്ധാ	1	6
സ്റ്രി	1	6
റ്ഡു	1	4
ഠ്യാ	1	4
ന്മ്പോ	1	6
യ്ക്ക്കാ	1	8
യ്സ്രു	1	6
പ്വോ	1	4
ഗൌഃ	1	3
ക്സ്പ്ളൊ	1	8
റ്ജ്	1	4
ത്സാം	1	5
ങ്ബി	1	4
ണൃം	1	3
പ്ട്ടെ	1	6
വ്റ്റ്വി	1	8
ന്റ്ഗ്ണീ	1	8
ക്ഷ്പെ	1	6
ബ്യ്സ്സി	1	8
വ്യ്ക	1	5
ണ്ധൃ	1	4
അ്ഃ	1	3
ങ്ഗ്ളി	1	6
ക്യും	1	5
ട്ലൈ	1	4
ത്ചേ	1	4
വ്ഷോ	1	4
ത്ത്മൂ	1	6
ങ്ഷെ	1	4
സ്സ്ചെ	1	6
യ്ഖെ	1	4
ല്ല്ലോ	1	6
ശ്റ്	1	4
ഡ്വിം	1	5
ണി്	1	3
ഖ്രാ	1	4
പ്ഛാ	1	4
ക്ക്ക്കാ	1	8
ജ്ന്മാ	1	6
ള്സ്ഹ	1	5
ക്ത്ഃ	1	5
ങ്ക്സ്ഥാ	1	8
ഡ്സ്ലേ	1	6
സ്റ്റ്ബ്രൂ	1	10
ണ്ട്സ്റ്റ	1	9
ണ്ണ്പാ	1	6
റ്റ്സ്സാ	1	8
ഥ്ഷ്ടം	1	6
ഡ്ഖ	1	3
ര്ഥ്	1	4
ല്ല്പൊ	1	6
ഗ്ബ്രൊ	1	6
ണ്സ്റ്റോ	1	8
ഘ്തൊ	1	4
ക്ക്ഷെ	1	6
ഹ്യ്ദ്രൊ	1	8
വ്ന്	1	4
ക്ക്ചെ	1	6
ന്ഗ്ഫൊ	1	6
ച്ബെ	1	4
ങ്കോ്	1	5
സ്ത്സ്	1	6
ബ്ല്യ്തൊ	1	8
ര്ല്ജ്	1	6
ര്ല്ജെ	1	6
ല്കൊ	1	4
ര്പ്ലെ	1	6
ല്യ്സ്	1	6
ര്രൊ	1	4
ച്രൊ	1	4
വ്ഹി	1	4
ര്ന്ച്ര	1	7
ര്ലെ	1	4
ര്ഥ്വൈ	1	6
ത്ത്വൈ	1	6
പ്യ്നെ	1	6
ര്തെ	1	4
ല്രൊ	1	4
ര്ചൊ	1	4
മ്ച്ഗിം	1	7
ത്യ്	1	4
ഘ്തെ	1	4
ദ്ഗൊ	1	4
യ്ക്ക്യാ	1	8
ന്ന്ടി	1	6
വ്മു	1	4
ബ്നൂ	1	4
ന്ദ്യോ	1	6
പ്പ്ചീ	1	6
വ്ടെ	1	4
പ്പ്ചി	1	6
ല്കോ	1	4
ത്ക്യ	1	5
ങ്ങ്ഗ്രൂ	1	8
മ്പ്ക്കാ	1	8
ക്ഗ്ര	1	5
സ്സ്യൈ	1	6
ര്ടു	1	4
യ്ഖും	1	5
ബ്ജം	1	4
മിഃ	1	3
ച്ച്ചേ	1	6
ദ്ജ്	1	4
റ്റ്ബ്രി	1	8
ത്ത്മി	1	6
ക്ക്ഗ്രൂ	1	8
ണ്ട്ത്	1	6
ണുി	1	3
റ്റ്ന്റു	1	8
ങ്ങേി	1	5
സ്സ്മി	1	6
ഞ്ഛ്ത	1	5
റ്റ്ട്രേ	1	8
ത്ര്ങ്കി	1	8
വ്റ്റി	1	6
സ്റ്റു്ചെ	1	9
ഞ്ഞ്പു	1	6
വ്ഗ്രാ	1	6
ച്ചു്മെ	1	7
പ്ച്ചാ	1	6
പ്ച്ച്	1	6
വ്ചി	1	4
ഴ്്	1	3
ല്സെ	1	4
ന്യും	1	5
ല്ക്കൊ	1	6
സ്ക്ക്ര	1	7
ത്ത്യോ	1	6
ക്ക്സേ	1	6
പ്പ്ന	1	5
ക്ഡീ	1	4
ട്ചീ	1	4
ക്സ്ട്രോ	1	8
ങ്സ്ബി	1	6
ഥ്മ	1	3
സ്ബ്ലൂ	1	6
ഹ്ഡ്ജാ	1	6
ന്ചി	1	4
ക്ട്ട്യ്ലു	1	10
ത്ത്പി	1	6
ഹ്സ്രാ	1	6
യ്യോാാാാ	1	8
ഗ്ഡീ	1	4
മ്ാമ	1	4
ട്ട്സ്ബെ	1	8
ഷ്നൈ	1	4
ഡ്വ്ന	1	5
ഗ്ദ്	1	4
ന്റ്്	1	5
ഫ്വ്സ്റ്റി	1	10
പ്പ്കി	1	6
ക്ഴു	1	4
റ്റ്യ്ക്കൊ	1	10
വ്ധാ	1	4
റ്വേ	1	4
ച്ഖോ	1	4
ഖ്ല്വി	1	6
ങ്ഗീ	1	4
ഴ്വൂ	1	4
യ്ക്ക്പു	1	8
ഡ്പ്രീ	1	6
പ്പ്ക്കാ	1	8
ക്ക്ന്റ്	1	8
ഴ്സു്	1	5
പ്പ്ഷോ	1	6
ട്ട്സ്ഡാം	1	9
ന്ഷേ	1	4
മ്ളി	1	4
സ്ക്യാ	1	6
ങ്ബോ	1	4
ക്ഷ്സി	1	6
ഹ്ം	1	3
പ്പ്ടു	1	6
ത്സ്കോ	1	6
ത്സ്വോ	1	6
ങ്സ്റ്റാ	1	8
ക്ഫി	1	4
ബ്ല്യേ	1	6
ന്ത്രഃ	1	6
ല്ഡ	1	3
ഷ്ട്പെ	1	6
സ്റീം	1	5
ക്ഫ്ലെ	1	6
ന്ന്പേ	1	6
ര്ല́	1	4
ഛെം	1	3
ഭ്രീ	1	4
ട്യഃ	1	4
യ്ഷ്റ്റാ	1	8
ഡ്ലൂം	1	5
ത്ഗാ	1	4
ഡ്ഫെ	1	4
പ്ക്ഷി	1	6
ക്സ്വി	1	6
ണൄ	1	2
ൗ	1	1
ഘൌ	1	2
ഘ്ഗ	1	3
ബൄ	1	2
ഛ്ഗ	1	3
ഩൌ	1	2
ഗൄ	1	2
ഴൄ	1	2
ഡൄ	1	2
ഞ്ക	1	3
ലൄ	1	2
ഛ്ക	1	3
ൎഖ	1	2
ച്ങ	1	3
ഖ്ഘ	1	3
ഗ്ഖ	1	3
ഞ്ഗ	1	3
രൄ	1	2
ഞ്ഖ	1	3
ഩൊ	1	2
ജൄ	1	2
ഛൄ	1	2
വൄ	1	2
ച്ഘ	1	3
പൄ	1	2
ജൃ	1	2
ഩെ	1	2
ഩൃ	1	2
ഘ്ക	1	3
ഩൈ	1	2
ഝൄ	1	2
ങൂ	1	2
ഞൌ	1	2
ഩോ	1	2
ഖ്ങ	1	3
ങൃ	1	2
ഁ	1	1
ഘ്ഘ	1	3
ഩീ	1	2
സൄ	1	2
ഞൃ	1	2
ൢ	1	1
ളൄ	1	2
ഴൃ	1	2
ഩു	1	2
ഝ്ഗ	1	3
ൎക	1	2
ഴൌ	1	2
ഩേ	1	2
ഘ്ഖ	1	3
ഛൌ	1	2
ഹൄ	1	2
ഢൄ	1	2
ങൊ	1	2
ഩാ	1	2
റൄ	1	2
ഛ്ഘ	1	3
യൄ	1	2
ജ്ങ	1	3
ഖൄ	1	2
ഝ്ഘ	1	3
ഝൈ	1	2
ഞൄ	1	2
ഛ്ഖ	1	3
ക്ങ	1	3
ഫൃ	1	2
ഝ്ങ	1	3
ഛ്ങ	1	3
ടൄ	1	2
ൣ	1	1
ഝൃ	1	2
ഥൄ	1	2
ഞേ	1	2
ഢൌ	1	2
ഝ്ക	1	3
ഛൂ	1	2
നൄ	1	2
ഭൄ	1	2
ഘൄ	1	2
ഞ്ങ	1	3
ഩൄ	1	2
ഞ്ഘ	1	3
ഷൄ	1	2
ഫൄ	1	2
ങൌ	1	2
ഖ്ഗ	1	3
ഝൌ	1	2
ഝ്ഖ	1	3
ധൄ	1	2
ഩൂ	1	2
ങൄ	1	2
ച്ഗ	1	3
ഘ്ങ	1	3
ഠൄ	1	2
ജ്ഖ	1	3
ഩി	1	2
ഷ്ദീ	1	4
ക്കൊ	1	5
ഗോ	1	3
ദ്യോ	1	5
പൊ	1	3
ച്ചോ	1	5
ഗ്രോ	1	5
ജോ	1	3
വോ	1	3
തൊ	1	3
മൊ	1	3
ട്രോ	1	5
പ്രൊ	1	5
ഫെെ	1	3
റൊ	1	3
റ്സാ	1	4
ലോ	1	3
ല്ലോ	1	5
സോ	1	3
ഹോ	1	3
